=== poll 1790360633.099075080
8333333
0	0	0
0	0	0
0	0	0
0	0	0
0	0	0
0	0	0
0	0	0
0	0	0
0	0	0
0	0	0
0	0	0
0	0	0
0	0	0
0	0	0
0	0	0
0	0	0
0	0	0
0	0	0
0	0	0
0	0	0
0	0	0
0	0	0
0	0	0
0	0	0
0	0	0
0	0	0
0	0	0
0	0	0
0	0	0
0	0	0
0	0	0
0	0	0
0	0	0
0	0	0
0	0	0
0	0	0
0	0	0
0	0	0
0	0	0
0	0	0
0	0	0
0	0	0
0	0	0
0	0	0
0	0	0
0	0	0
0	0	0
0	0	0
0	0	0
0	0	0
0	0	0
0	0	0
0	0	0
0	0	0
0	0	0
0	0	0
0	0	0
0	0	0
0	0	0
0	0	0
0	0	0
0	0	0
0	0	0
0	0	0
0	0	0
0	0	0
0	0	0
0	0	0
0	0	0
0	0	0
0	0	0
0	0	0
0	0	0
0	0	0
0	0	0
0	0	0
0	0	0
0	0	0
0	0	0
0	0	0
0	0	0
0	0	0
0	0	0
0	0	0
0	0	0
0	0	0
0	0	0
0	0	0
0	0	0
0	0	0
0	0	0
0	0	0
0	0	0
0	0	0
0	0	0
0	0	0
0	0	0
0	0	0
0	0	0
0	0	0
0	0	0
0	0	0
0	0	0
0	0	0
0	0	0
0	0	0
0	0	0
0	0	0
0	0	0
0	0	0
0	0	0
0	0	0
0	0	0
0	0	0
0	0	0
0	0	0
0	0	0
0	0	0
0	0	0
0	0	0
0	0	0
0	0	0
0	0	0
0	0	0
0	0	0
0	0	0
116112613307789	116112629444403	116112612732789

=== poll 1790360635.528095912
8333333
0	0	0
0	0	0
0	0	0
0	0	0
0	0	0
0	0	0
0	0	0
0	0	0
0	0	0
0	0	0
0	0	0
0	0	0
0	0	0
0	0	0
0	0	0
0	0	0
0	0	0
0	0	0
0	0	0
0	0	0
0	0	0
0	0	0
0	0	0
0	0	0
0	0	0
0	0	0
0	0	0
0	0	0
0	0	0
0	0	0
0	0	0
0	0	0
0	0	0
0	0	0
0	0	0
0	0	0
0	0	0
0	0	0
0	0	0
0	0	0
0	0	0
0	0	0
0	0	0
0	0	0
0	0	0
0	0	0
0	0	0
0	0	0
0	0	0
0	0	0
0	0	0
0	0	0
0	0	0
0	0	0
0	0	0
0	0	0
0	0	0
0	0	0
0	0	0
0	0	0
0	0	0
0	0	0
0	0	0
0	0	0
0	0	0
0	0	0
0	0	0
0	0	0
0	0	0
0	0	0
0	0	0
0	0	0
0	0	0
0	0	0
0	0	0
0	0	0
0	0	0
0	0	0
0	0	0
0	0	0
0	0	0
0	0	0
0	0	0
0	0	0
0	0	0
0	0	0
0	0	0
0	0	0
0	0	0
0	0	0
0	0	0
0	0	0
0	0	0
0	0	0
0	0	0
0	0	0
0	0	0
0	0	0
0	0	0
0	0	0
0	0	0
0	0	0
0	0	0
0	0	0
0	0	0
0	0	0
0	0	0
0	0	0
0	0	0
0	0	0
0	0	0
0	0	0
0	0	0
0	0	0
0	0	0
0	0	0
0	0	0
0	0	0
0	0	0
0	0	0
0	0	0
0	0	0
0	0	0
0	0	0
0	0	0
0	0	0
116112613307789	116112629444403	116112612732789

=== poll 1790360637.795753620
8333333
0	0	0
0	0	0
0	0	0
0	0	0
0	0	0
0	0	0
0	0	0
0	0	0
0	0	0
0	0	0
0	0	0
0	0	0
0	0	0
0	0	0
0	0	0
0	0	0
0	0	0
0	0	0
0	0	0
0	0	0
0	0	0
0	0	0
0	0	0
0	0	0
0	0	0
0	0	0
0	0	0
0	0	0
0	0	0
0	0	0
0	0	0
0	0	0
0	0	0
0	0	0
0	0	0
0	0	0
0	0	0
0	0	0
0	0	0
0	0	0
0	0	0
0	0	0
0	0	0
0	0	0
0	0	0
0	0	0
0	0	0
0	0	0
0	0	0
0	0	0
0	0	0
0	0	0
0	0	0
0	0	0
0	0	0
0	0	0
0	0	0
0	0	0
0	0	0
0	0	0
0	0	0
0	0	0
0	0	0
0	0	0
0	0	0
0	0	0
0	0	0
0	0	0
0	0	0
0	0	0
0	0	0
0	0	0
0	0	0
0	0	0
0	0	0
0	0	0
0	0	0
0	0	0
0	0	0
0	0	0
0	0	0
0	0	0
0	0	0
0	0	0
0	0	0
0	0	0
0	0	0
0	0	0
0	0	0
0	0	0
0	0	0
0	0	0
0	0	0
0	0	0
0	0	0
0	0	0
0	0	0
0	0	0
0	0	0
0	0	0
0	0	0
0	0	0
0	0	0
0	0	0
0	0	0
0	0	0
0	0	0
0	0	0
0	0	0
0	0	0
116112613307789	116112629444403	116112612732789
116121708859608	116121726217420	116121708334452
116121810915390	116121826167525	116121810826119
116121820760025	116121834497628	116121820693671
116122127500389	116122142727785	116122127398150
116122999823983	116123017407160	116122999767160
116123081183618	116123092385910	116123081123306
116123089761327	116123100717420	116123089696900
116123095840806	116123109049191	116123095769712
116123112940181	116123125711378	116123112845181
116123147706222	116123159028826	116123147651639
116123262622160	116123275655389	116123262501743
116123287258827	116123300642888	116123287147264
116123295272837	116123308972941	116123295211274
116123303379347	116123317303514	116123303324504
116123675914816	116123692117055	116123675807524
116123678125389	116123700446169	116123678073149

=== poll 1790360640.044606640
8333333
0	0	0
0	0	0
0	0	0
0	0	0
0	0	0
0	0	0
0	0	0
0	0	0
0	0	0
0	0	0
0	0	0
0	0	0
0	0	0
0	0	0
0	0	0
0	0	0
0	0	0
0	0	0
0	0	0
0	0	0
0	0	0
0	0	0
0	0	0
0	0	0
0	0	0
0	0	0
0	0	0
0	0	0
0	0	0
0	0	0
0	0	0
0	0	0
0	0	0
0	0	0
0	0	0
0	0	0
0	0	0
0	0	0
0	0	0
0	0	0
0	0	0
0	0	0
0	0	0
0	0	0
0	0	0
0	0	0
0	0	0
0	0	0
0	0	0
0	0	0
0	0	0
0	0	0
0	0	0
0	0	0
0	0	0
0	0	0
0	0	0
0	0	0
0	0	0
0	0	0
0	0	0
0	0	0
0	0	0
0	0	0
0	0	0
0	0	0
0	0	0
0	0	0
0	0	0
0	0	0
0	0	0
0	0	0
0	0	0
0	0	0
0	0	0
0	0	0
0	0	0
0	0	0
0	0	0
0	0	0
0	0	0
0	0	0
0	0	0
0	0	0
0	0	0
116112613307789	116112629444403	116112612732789
116121708859608	116121726217420	116121708334452
116121810915390	116121826167525	116121810826119
116121820760025	116121834497628	116121820693671
116122127500389	116122142727785	116122127398150
116122999823983	116123017407160	116122999767160
116123081183618	116123092385910	116123081123306
116123089761327	116123100717420	116123089696900
116123095840806	116123109049191	116123095769712
116123112940181	116123125711378	116123112845181
116123147706222	116123159028826	116123147651639
116123262622160	116123275655389	116123262501743
116123287258827	116123300642888	116123287147264
116123295272837	116123308972941	116123295211274
116123303379347	116123317303514	116123303324504
116123675914816	116123692117055	116123675807524
116123678125389	116123700446169	116123678073149
116123793199920	116123808717888	116123793091483
116123800239139	116123817049660	116123800189451
116123802804347	116123825381430	116123802750181
116123817629087	116123833712107	116123817551222
116123819543514	116123842043045	116123819495389
116123836379347	116123850374138	116123836323618
116123847049555	116123858705389	116123846967628
116123852783878	116123867036326	116123852737628
116123867124347	116123883699346	116123867060180
116123869472837	116123892029607	116123869437368
116123886528930	116123900360336	116123886456847
116123905458774	116123917020753	116123905344191
116123913722785	116123925351743	116123913633826
116123932843201	116123950337159	116123932648930
116123941682628	116123958668149	116123941616430
116123946663358	116123966999347	116123946616326
116123957138514	116123975331013	116123957082055
116123961237628	116123983663148	116123961175493
116123972493826	116123991993670	116123972411118
116123983241430	116124000323617	116123983193670
116123990578462	116124008652784	116123990516430
116124004801483	116124016983305	116124004718983
116124014722524	116124033643617	116124014638253
116124019888774	116124041972888	116124019817889
116124692760389	116124708281638	116124692608097

=== poll 1790360642.310028827
8333333
0	0	0
0	0	0
0	0	0
0	0	0
0	0	0
0	0	0
0	0	0
0	0	0
0	0	0
0	0	0
0	0	0
0	0	0
0	0	0
0	0	0
0	0	0
0	0	0
0	0	0
0	0	0
0	0	0
0	0	0
0	0	0
0	0	0
0	0	0
0	0	0
0	0	0
0	0	0
0	0	0
0	0	0
0	0	0
0	0	0
0	0	0
0	0	0
0	0	0
0	0	0
0	0	0
0	0	0
0	0	0
0	0	0
0	0	0
0	0	0
0	0	0
0	0	0
0	0	0
0	0	0
0	0	0
0	0	0
0	0	0
0	0	0
0	0	0
0	0	0
0	0	0
0	0	0
0	0	0
0	0	0
0	0	0
0	0	0
0	0	0
0	0	0
0	0	0
0	0	0
0	0	0
0	0	0
0	0	0
0	0	0
0	0	0
0	0	0
0	0	0
0	0	0
0	0	0
0	0	0
0	0	0
0	0	0
0	0	0
0	0	0
0	0	0
0	0	0
0	0	0
0	0	0
0	0	0
0	0	0
0	0	0
0	0	0
0	0	0
0	0	0
116112613307789	116112629444403	116112612732789
116121708859608	116121726217420	116121708334452
116121810915390	116121826167525	116121810826119
116121820760025	116121834497628	116121820693671
116122127500389	116122142727785	116122127398150
116122999823983	116123017407160	116122999767160
116123081183618	116123092385910	116123081123306
116123089761327	116123100717420	116123089696900
116123095840806	116123109049191	116123095769712
116123112940181	116123125711378	116123112845181
116123147706222	116123159028826	116123147651639
116123262622160	116123275655389	116123262501743
116123287258827	116123300642888	116123287147264
116123295272837	116123308972941	116123295211274
116123303379347	116123317303514	116123303324504
116123675914816	116123692117055	116123675807524
116123678125389	116123700446169	116123678073149
116123793199920	116123808717888	116123793091483
116123800239139	116123817049660	116123800189451
116123802804347	116123825381430	116123802750181
116123817629087	116123833712107	116123817551222
116123819543514	116123842043045	116123819495389
116123836379347	116123850374138	116123836323618
116123847049555	116123858705389	116123846967628
116123852783878	116123867036326	116123852737628
116123867124347	116123883699346	116123867060180
116123869472837	116123892029607	116123869437368
116123886528930	116123900360336	116123886456847
116123905458774	116123917020753	116123905344191
116123913722785	116123925351743	116123913633826
116123932843201	116123950337159	116123932648930
116123941682628	116123958668149	116123941616430
116123946663358	116123966999347	116123946616326
116123957138514	116123975331013	116123957082055
116123961237628	116123983663148	116123961175493
116123972493826	116123991993670	116123972411118
116123983241430	116124000323617	116123983193670
116123990578462	116124008652784	116123990516430
116124004801483	116124016983305	116124004718983
116124014722524	116124033643617	116124014638253
116124019888774	116124041972888	116124019817889
116124692760389	116124708281638	116124692608097
116126409258982	116126424416533	116126409138148

=== poll 1790360644.577904607
8333333
0	0	0
0	0	0
0	0	0
0	0	0
0	0	0
0	0	0
0	0	0
0	0	0
0	0	0
0	0	0
0	0	0
0	0	0
0	0	0
0	0	0
0	0	0
0	0	0
0	0	0
0	0	0
0	0	0
0	0	0
0	0	0
0	0	0
0	0	0
0	0	0
0	0	0
0	0	0
0	0	0
0	0	0
0	0	0
0	0	0
0	0	0
0	0	0
0	0	0
0	0	0
0	0	0
0	0	0
0	0	0
0	0	0
0	0	0
0	0	0
0	0	0
0	0	0
0	0	0
0	0	0
0	0	0
0	0	0
0	0	0
0	0	0
0	0	0
0	0	0
0	0	0
0	0	0
0	0	0
0	0	0
0	0	0
0	0	0
0	0	0
0	0	0
0	0	0
0	0	0
0	0	0
0	0	0
0	0	0
0	0	0
0	0	0
0	0	0
0	0	0
0	0	0
0	0	0
0	0	0
0	0	0
0	0	0
0	0	0
0	0	0
0	0	0
0	0	0
0	0	0
0	0	0
0	0	0
0	0	0
0	0	0
0	0	0
0	0	0
0	0	0
116112613307789	116112629444403	116112612732789
116121708859608	116121726217420	116121708334452
116121810915390	116121826167525	116121810826119
116121820760025	116121834497628	116121820693671
116122127500389	116122142727785	116122127398150
116122999823983	116123017407160	116122999767160
116123081183618	116123092385910	116123081123306
116123089761327	116123100717420	116123089696900
116123095840806	116123109049191	116123095769712
116123112940181	116123125711378	116123112845181
116123147706222	116123159028826	116123147651639
116123262622160	116123275655389	116123262501743
116123287258827	116123300642888	116123287147264
116123295272837	116123308972941	116123295211274
116123303379347	116123317303514	116123303324504
116123675914816	116123692117055	116123675807524
116123678125389	116123700446169	116123678073149
116123793199920	116123808717888	116123793091483
116123800239139	116123817049660	116123800189451
116123802804347	116123825381430	116123802750181
116123817629087	116123833712107	116123817551222
116123819543514	116123842043045	116123819495389
116123836379347	116123850374138	116123836323618
116123847049555	116123858705389	116123846967628
116123852783878	116123867036326	116123852737628
116123867124347	116123883699346	116123867060180
116123869472837	116123892029607	116123869437368
116123886528930	116123900360336	116123886456847
116123905458774	116123917020753	116123905344191
116123913722785	116123925351743	116123913633826
116123932843201	116123950337159	116123932648930
116123941682628	116123958668149	116123941616430
116123946663358	116123966999347	116123946616326
116123957138514	116123975331013	116123957082055
116123961237628	116123983663148	116123961175493
116123972493826	116123991993670	116123972411118
116123983241430	116124000323617	116123983193670
116123990578462	116124008652784	116123990516430
116124004801483	116124016983305	116124004718983
116124014722524	116124033643617	116124014638253
116124019888774	116124041972888	116124019817889
116124692760389	116124708281638	116124692608097
116126409258982	116126424416533	116126409138148

=== poll 1790360646.830850856
8333333
0	0	0
0	0	0
0	0	0
0	0	0
0	0	0
0	0	0
0	0	0
0	0	0
0	0	0
0	0	0
0	0	0
0	0	0
0	0	0
0	0	0
0	0	0
0	0	0
0	0	0
0	0	0
0	0	0
0	0	0
0	0	0
0	0	0
0	0	0
0	0	0
0	0	0
0	0	0
0	0	0
0	0	0
0	0	0
0	0	0
0	0	0
0	0	0
0	0	0
0	0	0
0	0	0
0	0	0
0	0	0
0	0	0
0	0	0
0	0	0
0	0	0
0	0	0
0	0	0
0	0	0
0	0	0
0	0	0
0	0	0
0	0	0
0	0	0
0	0	0
0	0	0
0	0	0
0	0	0
0	0	0
0	0	0
0	0	0
0	0	0
0	0	0
0	0	0
0	0	0
0	0	0
0	0	0
0	0	0
0	0	0
0	0	0
0	0	0
0	0	0
0	0	0
0	0	0
0	0	0
0	0	0
0	0	0
0	0	0
0	0	0
0	0	0
0	0	0
0	0	0
0	0	0
0	0	0
0	0	0
0	0	0
0	0	0
0	0	0
0	0	0
116112613307789	116112629444403	116112612732789
116121708859608	116121726217420	116121708334452
116121810915390	116121826167525	116121810826119
116121820760025	116121834497628	116121820693671
116122127500389	116122142727785	116122127398150
116122999823983	116123017407160	116122999767160
116123081183618	116123092385910	116123081123306
116123089761327	116123100717420	116123089696900
116123095840806	116123109049191	116123095769712
116123112940181	116123125711378	116123112845181
116123147706222	116123159028826	116123147651639
116123262622160	116123275655389	116123262501743
116123287258827	116123300642888	116123287147264
116123295272837	116123308972941	116123295211274
116123303379347	116123317303514	116123303324504
116123675914816	116123692117055	116123675807524
116123678125389	116123700446169	116123678073149
116123793199920	116123808717888	116123793091483
116123800239139	116123817049660	116123800189451
116123802804347	116123825381430	116123802750181
116123817629087	116123833712107	116123817551222
116123819543514	116123842043045	116123819495389
116123836379347	116123850374138	116123836323618
116123847049555	116123858705389	116123846967628
116123852783878	116123867036326	116123852737628
116123867124347	116123883699346	116123867060180
116123869472837	116123892029607	116123869437368
116123886528930	116123900360336	116123886456847
116123905458774	116123917020753	116123905344191
116123913722785	116123925351743	116123913633826
116123932843201	116123950337159	116123932648930
116123941682628	116123958668149	116123941616430
116123946663358	116123966999347	116123946616326
116123957138514	116123975331013	116123957082055
116123961237628	116123983663148	116123961175493
116123972493826	116123991993670	116123972411118
116123983241430	116124000323617	116123983193670
116123990578462	116124008652784	116123990516430
116124004801483	116124016983305	116124004718983
116124014722524	116124033643617	116124014638253
116124019888774	116124041972888	116124019817889
116124692760389	116124708281638	116124692608097
116126409258982	116126424416533	116126409138148

=== poll 1790360649.090520751
8333333
0	0	0
0	0	0
0	0	0
0	0	0
0	0	0
0	0	0
0	0	0
0	0	0
0	0	0
0	0	0
0	0	0
0	0	0
0	0	0
0	0	0
0	0	0
0	0	0
0	0	0
0	0	0
0	0	0
0	0	0
0	0	0
0	0	0
0	0	0
0	0	0
0	0	0
0	0	0
0	0	0
0	0	0
0	0	0
0	0	0
0	0	0
0	0	0
0	0	0
0	0	0
0	0	0
0	0	0
0	0	0
0	0	0
0	0	0
0	0	0
0	0	0
0	0	0
0	0	0
0	0	0
0	0	0
0	0	0
0	0	0
0	0	0
0	0	0
0	0	0
0	0	0
0	0	0
0	0	0
0	0	0
0	0	0
0	0	0
0	0	0
0	0	0
0	0	0
0	0	0
0	0	0
0	0	0
0	0	0
0	0	0
0	0	0
0	0	0
0	0	0
0	0	0
0	0	0
0	0	0
0	0	0
0	0	0
0	0	0
0	0	0
0	0	0
0	0	0
0	0	0
0	0	0
0	0	0
0	0	0
0	0	0
0	0	0
0	0	0
0	0	0
116112613307789	116112629444403	116112612732789
116121708859608	116121726217420	116121708334452
116121810915390	116121826167525	116121810826119
116121820760025	116121834497628	116121820693671
116122127500389	116122142727785	116122127398150
116122999823983	116123017407160	116122999767160
116123081183618	116123092385910	116123081123306
116123089761327	116123100717420	116123089696900
116123095840806	116123109049191	116123095769712
116123112940181	116123125711378	116123112845181
116123147706222	116123159028826	116123147651639
116123262622160	116123275655389	116123262501743
116123287258827	116123300642888	116123287147264
116123295272837	116123308972941	116123295211274
116123303379347	116123317303514	116123303324504
116123675914816	116123692117055	116123675807524
116123678125389	116123700446169	116123678073149
116123793199920	116123808717888	116123793091483
116123800239139	116123817049660	116123800189451
116123802804347	116123825381430	116123802750181
116123817629087	116123833712107	116123817551222
116123819543514	116123842043045	116123819495389
116123836379347	116123850374138	116123836323618
116123847049555	116123858705389	116123846967628
116123852783878	116123867036326	116123852737628
116123867124347	116123883699346	116123867060180
116123869472837	116123892029607	116123869437368
116123886528930	116123900360336	116123886456847
116123905458774	116123917020753	116123905344191
116123913722785	116123925351743	116123913633826
116123932843201	116123950337159	116123932648930
116123941682628	116123958668149	116123941616430
116123946663358	116123966999347	116123946616326
116123957138514	116123975331013	116123957082055
116123961237628	116123983663148	116123961175493
116123972493826	116123991993670	116123972411118
116123983241430	116124000323617	116123983193670
116123990578462	116124008652784	116123990516430
116124004801483	116124016983305	116124004718983
116124014722524	116124033643617	116124014638253
116124019888774	116124041972888	116124019817889
116124692760389	116124708281638	116124692608097
116126409258982	116126424416533	116126409138148

=== poll 1790360651.369325646
8333333
0	0	0
0	0	0
0	0	0
0	0	0
0	0	0
0	0	0
0	0	0
0	0	0
0	0	0
0	0	0
0	0	0
0	0	0
0	0	0
0	0	0
0	0	0
0	0	0
0	0	0
0	0	0
0	0	0
0	0	0
0	0	0
0	0	0
0	0	0
0	0	0
0	0	0
0	0	0
0	0	0
0	0	0
0	0	0
0	0	0
0	0	0
0	0	0
0	0	0
0	0	0
0	0	0
0	0	0
0	0	0
0	0	0
0	0	0
0	0	0
0	0	0
0	0	0
0	0	0
0	0	0
0	0	0
0	0	0
0	0	0
0	0	0
0	0	0
0	0	0
0	0	0
0	0	0
0	0	0
0	0	0
0	0	0
0	0	0
0	0	0
0	0	0
0	0	0
0	0	0
0	0	0
0	0	0
0	0	0
0	0	0
0	0	0
0	0	0
0	0	0
0	0	0
0	0	0
0	0	0
0	0	0
0	0	0
0	0	0
0	0	0
0	0	0
0	0	0
0	0	0
0	0	0
0	0	0
0	0	0
0	0	0
0	0	0
0	0	0
0	0	0
116112613307789	116112629444403	116112612732789
116121708859608	116121726217420	116121708334452
116121810915390	116121826167525	116121810826119
116121820760025	116121834497628	116121820693671
116122127500389	116122142727785	116122127398150
116122999823983	116123017407160	116122999767160
116123081183618	116123092385910	116123081123306
116123089761327	116123100717420	116123089696900
116123095840806	116123109049191	116123095769712
116123112940181	116123125711378	116123112845181
116123147706222	116123159028826	116123147651639
116123262622160	116123275655389	116123262501743
116123287258827	116123300642888	116123287147264
116123295272837	116123308972941	116123295211274
116123303379347	116123317303514	116123303324504
116123675914816	116123692117055	116123675807524
116123678125389	116123700446169	116123678073149
116123793199920	116123808717888	116123793091483
116123800239139	116123817049660	116123800189451
116123802804347	116123825381430	116123802750181
116123817629087	116123833712107	116123817551222
116123819543514	116123842043045	116123819495389
116123836379347	116123850374138	116123836323618
116123847049555	116123858705389	116123846967628
116123852783878	116123867036326	116123852737628
116123867124347	116123883699346	116123867060180
116123869472837	116123892029607	116123869437368
116123886528930	116123900360336	116123886456847
116123905458774	116123917020753	116123905344191
116123913722785	116123925351743	116123913633826
116123932843201	116123950337159	116123932648930
116123941682628	116123958668149	116123941616430
116123946663358	116123966999347	116123946616326
116123957138514	116123975331013	116123957082055
116123961237628	116123983663148	116123961175493
116123972493826	116123991993670	116123972411118
116123983241430	116124000323617	116123983193670
116123990578462	116124008652784	116123990516430
116124004801483	116124016983305	116124004718983
116124014722524	116124033643617	116124014638253
116124019888774	116124041972888	116124019817889
116124692760389	116124708281638	116124692608097
116126409258982	116126424416533	116126409138148

=== poll 1790360653.616213926
8333333
0	0	0
0	0	0
0	0	0
0	0	0
0	0	0
0	0	0
0	0	0
0	0	0
0	0	0
0	0	0
0	0	0
0	0	0
0	0	0
0	0	0
0	0	0
0	0	0
0	0	0
0	0	0
0	0	0
0	0	0
0	0	0
0	0	0
0	0	0
0	0	0
0	0	0
0	0	0
0	0	0
0	0	0
0	0	0
0	0	0
0	0	0
0	0	0
0	0	0
0	0	0
0	0	0
0	0	0
0	0	0
0	0	0
0	0	0
0	0	0
0	0	0
0	0	0
0	0	0
0	0	0
0	0	0
0	0	0
0	0	0
0	0	0
0	0	0
0	0	0
0	0	0
0	0	0
0	0	0
0	0	0
0	0	0
0	0	0
0	0	0
0	0	0
0	0	0
0	0	0
0	0	0
0	0	0
0	0	0
0	0	0
0	0	0
0	0	0
0	0	0
0	0	0
0	0	0
0	0	0
0	0	0
0	0	0
0	0	0
0	0	0
0	0	0
0	0	0
0	0	0
0	0	0
0	0	0
0	0	0
0	0	0
0	0	0
0	0	0
0	0	0
116112613307789	116112629444403	116112612732789
116121708859608	116121726217420	116121708334452
116121810915390	116121826167525	116121810826119
116121820760025	116121834497628	116121820693671
116122127500389	116122142727785	116122127398150
116122999823983	116123017407160	116122999767160
116123081183618	116123092385910	116123081123306
116123089761327	116123100717420	116123089696900
116123095840806	116123109049191	116123095769712
116123112940181	116123125711378	116123112845181
116123147706222	116123159028826	116123147651639
116123262622160	116123275655389	116123262501743
116123287258827	116123300642888	116123287147264
116123295272837	116123308972941	116123295211274
116123303379347	116123317303514	116123303324504
116123675914816	116123692117055	116123675807524
116123678125389	116123700446169	116123678073149
116123793199920	116123808717888	116123793091483
116123800239139	116123817049660	116123800189451
116123802804347	116123825381430	116123802750181
116123817629087	116123833712107	116123817551222
116123819543514	116123842043045	116123819495389
116123836379347	116123850374138	116123836323618
116123847049555	116123858705389	116123846967628
116123852783878	116123867036326	116123852737628
116123867124347	116123883699346	116123867060180
116123869472837	116123892029607	116123869437368
116123886528930	116123900360336	116123886456847
116123905458774	116123917020753	116123905344191
116123913722785	116123925351743	116123913633826
116123932843201	116123950337159	116123932648930
116123941682628	116123958668149	116123941616430
116123946663358	116123966999347	116123946616326
116123957138514	116123975331013	116123957082055
116123961237628	116123983663148	116123961175493
116123972493826	116123991993670	116123972411118
116123983241430	116124000323617	116123983193670
116123990578462	116124008652784	116123990516430
116124004801483	116124016983305	116124004718983
116124014722524	116124033643617	116124014638253
116124019888774	116124041972888	116124019817889
116124692760389	116124708281638	116124692608097
116126409258982	116126424416533	116126409138148

=== poll 1790360655.871460176
8333333
0	0	0
0	0	0
0	0	0
0	0	0
0	0	0
0	0	0
0	0	0
0	0	0
0	0	0
0	0	0
0	0	0
0	0	0
0	0	0
0	0	0
0	0	0
0	0	0
0	0	0
0	0	0
0	0	0
0	0	0
0	0	0
0	0	0
0	0	0
0	0	0
0	0	0
0	0	0
0	0	0
0	0	0
0	0	0
0	0	0
0	0	0
0	0	0
0	0	0
0	0	0
0	0	0
0	0	0
0	0	0
0	0	0
0	0	0
0	0	0
0	0	0
0	0	0
0	0	0
0	0	0
0	0	0
0	0	0
0	0	0
0	0	0
0	0	0
0	0	0
0	0	0
0	0	0
0	0	0
0	0	0
0	0	0
0	0	0
0	0	0
0	0	0
0	0	0
0	0	0
0	0	0
0	0	0
0	0	0
0	0	0
0	0	0
0	0	0
0	0	0
0	0	0
0	0	0
0	0	0
0	0	0
0	0	0
0	0	0
0	0	0
0	0	0
0	0	0
0	0	0
0	0	0
0	0	0
0	0	0
0	0	0
0	0	0
0	0	0
0	0	0
116112613307789	116112629444403	116112612732789
116121708859608	116121726217420	116121708334452
116121810915390	116121826167525	116121810826119
116121820760025	116121834497628	116121820693671
116122127500389	116122142727785	116122127398150
116122999823983	116123017407160	116122999767160
116123081183618	116123092385910	116123081123306
116123089761327	116123100717420	116123089696900
116123095840806	116123109049191	116123095769712
116123112940181	116123125711378	116123112845181
116123147706222	116123159028826	116123147651639
116123262622160	116123275655389	116123262501743
116123287258827	116123300642888	116123287147264
116123295272837	116123308972941	116123295211274
116123303379347	116123317303514	116123303324504
116123675914816	116123692117055	116123675807524
116123678125389	116123700446169	116123678073149
116123793199920	116123808717888	116123793091483
116123800239139	116123817049660	116123800189451
116123802804347	116123825381430	116123802750181
116123817629087	116123833712107	116123817551222
116123819543514	116123842043045	116123819495389
116123836379347	116123850374138	116123836323618
116123847049555	116123858705389	116123846967628
116123852783878	116123867036326	116123852737628
116123867124347	116123883699346	116123867060180
116123869472837	116123892029607	116123869437368
116123886528930	116123900360336	116123886456847
116123905458774	116123917020753	116123905344191
116123913722785	116123925351743	116123913633826
116123932843201	116123950337159	116123932648930
116123941682628	116123958668149	116123941616430
116123946663358	116123966999347	116123946616326
116123957138514	116123975331013	116123957082055
116123961237628	116123983663148	116123961175493
116123972493826	116123991993670	116123972411118
116123983241430	116124000323617	116123983193670
116123990578462	116124008652784	116123990516430
116124004801483	116124016983305	116124004718983
116124014722524	116124033643617	116124014638253
116124019888774	116124041972888	116124019817889
116124692760389	116124708281638	116124692608097
116126409258982	116126424416533	116126409138148

=== poll 1790360658.147290331
8333333
0	0	0
0	0	0
0	0	0
0	0	0
0	0	0
0	0	0
0	0	0
0	0	0
0	0	0
0	0	0
0	0	0
0	0	0
0	0	0
0	0	0
0	0	0
0	0	0
0	0	0
0	0	0
0	0	0
0	0	0
0	0	0
0	0	0
0	0	0
0	0	0
0	0	0
0	0	0
0	0	0
0	0	0
0	0	0
0	0	0
0	0	0
0	0	0
0	0	0
0	0	0
0	0	0
0	0	0
0	0	0
0	0	0
0	0	0
0	0	0
0	0	0
0	0	0
0	0	0
0	0	0
0	0	0
0	0	0
0	0	0
0	0	0
0	0	0
0	0	0
0	0	0
0	0	0
0	0	0
0	0	0
0	0	0
0	0	0
0	0	0
0	0	0
0	0	0
0	0	0
0	0	0
0	0	0
0	0	0
0	0	0
0	0	0
0	0	0
0	0	0
0	0	0
0	0	0
0	0	0
0	0	0
0	0	0
0	0	0
0	0	0
0	0	0
0	0	0
0	0	0
0	0	0
0	0	0
0	0	0
0	0	0
0	0	0
0	0	0
0	0	0
116112613307789	116112629444403	116112612732789
116121708859608	116121726217420	116121708334452
116121810915390	116121826167525	116121810826119
116121820760025	116121834497628	116121820693671
116122127500389	116122142727785	116122127398150
116122999823983	116123017407160	116122999767160
116123081183618	116123092385910	116123081123306
116123089761327	116123100717420	116123089696900
116123095840806	116123109049191	116123095769712
116123112940181	116123125711378	116123112845181
116123147706222	116123159028826	116123147651639
116123262622160	116123275655389	116123262501743
116123287258827	116123300642888	116123287147264
116123295272837	116123308972941	116123295211274
116123303379347	116123317303514	116123303324504
116123675914816	116123692117055	116123675807524
116123678125389	116123700446169	116123678073149
116123793199920	116123808717888	116123793091483
116123800239139	116123817049660	116123800189451
116123802804347	116123825381430	116123802750181
116123817629087	116123833712107	116123817551222
116123819543514	116123842043045	116123819495389
116123836379347	116123850374138	116123836323618
116123847049555	116123858705389	116123846967628
116123852783878	116123867036326	116123852737628
116123867124347	116123883699346	116123867060180
116123869472837	116123892029607	116123869437368
116123886528930	116123900360336	116123886456847
116123905458774	116123917020753	116123905344191
116123913722785	116123925351743	116123913633826
116123932843201	116123950337159	116123932648930
116123941682628	116123958668149	116123941616430
116123946663358	116123966999347	116123946616326
116123957138514	116123975331013	116123957082055
116123961237628	116123983663148	116123961175493
116123972493826	116123991993670	116123972411118
116123983241430	116124000323617	116123983193670
116123990578462	116124008652784	116123990516430
116124004801483	116124016983305	116124004718983
116124014722524	116124033643617	116124014638253
116124019888774	116124041972888	116124019817889
116124692760389	116124708281638	116124692608097
116126409258982	116126424416533	116126409138148

=== poll 1790360660.449293872
8333333
0	0	0
0	0	0
0	0	0
0	0	0
0	0	0
0	0	0
0	0	0
0	0	0
0	0	0
0	0	0
0	0	0
0	0	0
0	0	0
0	0	0
0	0	0
0	0	0
0	0	0
0	0	0
0	0	0
0	0	0
0	0	0
0	0	0
0	0	0
0	0	0
0	0	0
0	0	0
0	0	0
0	0	0
0	0	0
0	0	0
0	0	0
0	0	0
0	0	0
0	0	0
0	0	0
0	0	0
0	0	0
0	0	0
0	0	0
0	0	0
0	0	0
0	0	0
0	0	0
0	0	0
0	0	0
0	0	0
0	0	0
0	0	0
0	0	0
0	0	0
0	0	0
0	0	0
0	0	0
0	0	0
0	0	0
0	0	0
0	0	0
0	0	0
0	0	0
0	0	0
0	0	0
0	0	0
0	0	0
0	0	0
0	0	0
0	0	0
0	0	0
0	0	0
0	0	0
0	0	0
116112613307789	116112629444403	116112612732789
116121708859608	116121726217420	116121708334452
116121810915390	116121826167525	116121810826119
116121820760025	116121834497628	116121820693671
116122127500389	116122142727785	116122127398150
116122999823983	116123017407160	116122999767160
116123081183618	116123092385910	116123081123306
116123089761327	116123100717420	116123089696900
116123095840806	116123109049191	116123095769712
116123112940181	116123125711378	116123112845181
116123147706222	116123159028826	116123147651639
116123262622160	116123275655389	116123262501743
116123287258827	116123300642888	116123287147264
116123295272837	116123308972941	116123295211274
116123303379347	116123317303514	116123303324504
116123675914816	116123692117055	116123675807524
116123678125389	116123700446169	116123678073149
116123793199920	116123808717888	116123793091483
116123800239139	116123817049660	116123800189451
116123802804347	116123825381430	116123802750181
116123817629087	116123833712107	116123817551222
116123819543514	116123842043045	116123819495389
116123836379347	116123850374138	116123836323618
116123847049555	116123858705389	116123846967628
116123852783878	116123867036326	116123852737628
116123867124347	116123883699346	116123867060180
116123869472837	116123892029607	116123869437368
116123886528930	116123900360336	116123886456847
116123905458774	116123917020753	116123905344191
116123913722785	116123925351743	116123913633826
116123932843201	116123950337159	116123932648930
116123941682628	116123958668149	116123941616430
116123946663358	116123966999347	116123946616326
116123957138514	116123975331013	116123957082055
116123961237628	116123983663148	116123961175493
116123972493826	116123991993670	116123972411118
116123983241430	116124000323617	116123983193670
116123990578462	116124008652784	116123990516430
116124004801483	116124016983305	116124004718983
116124014722524	116124033643617	116124014638253
116124019888774	116124041972888	116124019817889
116124692760389	116124708281638	116124692608097
116126409258982	116126424416533	116126409138148
116145439458610	116145453038506	116145439339287
116145441347829	116145461372880	116145441302516
116145449124964	116145469706265	116145449003297
116145455512360	116145478039860	116145455467099
116145463721995	116145486374494	116145463660849
116145530964183	116145544709807	116145530864443
116145649356370	116145669722671	116145649156683
116145754963401	116145769728869	116145754693349
116145855083297	116145869705015	116145854995641
116145962811682	116145978037203	116145962350537
116146071428193	116146086371370	116146071331787
116146178382099	116146194699442	116146178261370
116146289498349	116146303011578	116146289409078
116146395125068	9223372036854775807	116146395011786

=== poll 1790360662.710377725
8333333
0	0	0
0	0	0
0	0	0
0	0	0
0	0	0
0	0	0
0	0	0
0	0	0
0	0	0
0	0	0
0	0	0
0	0	0
0	0	0
0	0	0
0	0	0
0	0	0
0	0	0
0	0	0
0	0	0
0	0	0
0	0	0
0	0	0
0	0	0
0	0	0
0	0	0
0	0	0
0	0	0
0	0	0
0	0	0
0	0	0
0	0	0
0	0	0
0	0	0
0	0	0
0	0	0
0	0	0
0	0	0
0	0	0
0	0	0
0	0	0
0	0	0
0	0	0
0	0	0
0	0	0
0	0	0
0	0	0
0	0	0
0	0	0
0	0	0
0	0	0
116112613307789	116112629444403	116112612732789
116121708859608	116121726217420	116121708334452
116121810915390	116121826167525	116121810826119
116121820760025	116121834497628	116121820693671
116122127500389	116122142727785	116122127398150
116122999823983	116123017407160	116122999767160
116123081183618	116123092385910	116123081123306
116123089761327	116123100717420	116123089696900
116123095840806	116123109049191	116123095769712
116123112940181	116123125711378	116123112845181
116123147706222	116123159028826	116123147651639
116123262622160	116123275655389	116123262501743
116123287258827	116123300642888	116123287147264
116123295272837	116123308972941	116123295211274
116123303379347	116123317303514	116123303324504
116123675914816	116123692117055	116123675807524
116123678125389	116123700446169	116123678073149
116123793199920	116123808717888	116123793091483
116123800239139	116123817049660	116123800189451
116123802804347	116123825381430	116123802750181
116123817629087	116123833712107	116123817551222
116123819543514	116123842043045	116123819495389
116123836379347	116123850374138	116123836323618
116123847049555	116123858705389	116123846967628
116123852783878	116123867036326	116123852737628
116123867124347	116123883699346	116123867060180
116123869472837	116123892029607	116123869437368
116123886528930	116123900360336	116123886456847
116123905458774	116123917020753	116123905344191
116123913722785	116123925351743	116123913633826
116123932843201	116123950337159	116123932648930
116123941682628	116123958668149	116123941616430
116123946663358	116123966999347	116123946616326
116123957138514	116123975331013	116123957082055
116123961237628	116123983663148	116123961175493
116123972493826	116123991993670	116123972411118
116123983241430	116124000323617	116123983193670
116123990578462	116124008652784	116123990516430
116124004801483	116124016983305	116124004718983
116124014722524	116124033643617	116124014638253
116124019888774	116124041972888	116124019817889
116124692760389	116124708281638	116124692608097
116126409258982	116126424416533	116126409138148
116145439458610	116145453038506	116145439339287
116145441347829	116145461372880	116145441302516
116145449124964	116145469706265	116145449003297
116145455512360	116145478039860	116145455467099
116145463721995	116145486374494	116145463660849
116145530964183	116145544709807	116145530864443
116145649356370	116145669722671	116145649156683
116145754963401	116145769728869	116145754693349
116145855083297	116145869705015	116145854995641
116145962811682	116145978037203	116145962350537
116146071428193	116146086371370	116146071331787
116146178382099	116146194699442	116146178261370
116146289498349	116146303011578	116146289409078
116146395125068	116146411323974	116146395011786
116146504697307	116146519633296	116146504417984
116146620288557	116146636261734	116146620190484
116146731236578	116146744576577	116146730344911
116146847176422	116146861199494	116146846982411
116146955093974	116146969510431	116146954996578
116147072814703	116147086159233	116147072677515
116147187569963	116147202803869	116147187487463
116147295413557	116147311123140	116147295306942
116147406692932	116147419449702	116147406609859
116147511567567	116147527789181	116147511478244
116147630974026	116147644448661	116147630816630
116147736517463	116147752777619	116147736335901
116147858998713	116147877773296	116147858838713
116147963606734	116147977754546	116147963484755
116148083204078	116148102748660	116148082802723
116148185976473	116148202714546	116148185871786
116148304302880	116148319342410	116148304207567
116148413174234	116148427650014	116148413003869
116148524170848	116148535962098	116148523975900
116148630154911	116148644287619	116148630018244

=== poll 1790360664.984129651
8333333
0	0	0
0	0	0
0	0	0
0	0	0
0	0	0
0	0	0
0	0	0
0	0	0
0	0	0
0	0	0
0	0	0
0	0	0
116112613307789	116112629444403	116112612732789
116121708859608	116121726217420	116121708334452
116121810915390	116121826167525	116121810826119
116121820760025	116121834497628	116121820693671
116122127500389	116122142727785	116122127398150
116122999823983	116123017407160	116122999767160
116123081183618	116123092385910	116123081123306
116123089761327	116123100717420	116123089696900
116123095840806	116123109049191	116123095769712
116123112940181	116123125711378	116123112845181
116123147706222	116123159028826	116123147651639
116123262622160	116123275655389	116123262501743
116123287258827	116123300642888	116123287147264
116123295272837	116123308972941	116123295211274
116123303379347	116123317303514	116123303324504
116123675914816	116123692117055	116123675807524
116123678125389	116123700446169	116123678073149
116123793199920	116123808717888	116123793091483
116123800239139	116123817049660	116123800189451
116123802804347	116123825381430	116123802750181
116123817629087	116123833712107	116123817551222
116123819543514	116123842043045	116123819495389
116123836379347	116123850374138	116123836323618
116123847049555	116123858705389	116123846967628
116123852783878	116123867036326	116123852737628
116123867124347	116123883699346	116123867060180
116123869472837	116123892029607	116123869437368
116123886528930	116123900360336	116123886456847
116123905458774	116123917020753	116123905344191
116123913722785	116123925351743	116123913633826
116123932843201	116123950337159	116123932648930
116123941682628	116123958668149	116123941616430
116123946663358	116123966999347	116123946616326
116123957138514	116123975331013	116123957082055
116123961237628	116123983663148	116123961175493
116123972493826	116123991993670	116123972411118
116123983241430	116124000323617	116123983193670
116123990578462	116124008652784	116123990516430
116124004801483	116124016983305	116124004718983
116124014722524	116124033643617	116124014638253
116124019888774	116124041972888	116124019817889
116124692760389	116124708281638	116124692608097
116126409258982	116126424416533	116126409138148
116145439458610	116145453038506	116145439339287
116145441347829	116145461372880	116145441302516
116145449124964	116145469706265	116145449003297
116145455512360	116145478039860	116145455467099
116145463721995	116145486374494	116145463660849
116145530964183	116145544709807	116145530864443
116145649356370	116145669722671	116145649156683
116145754963401	116145769728869	116145754693349
116145855083297	116145869705015	116145854995641
116145962811682	116145978037203	116145962350537
116146071428193	116146086371370	116146071331787
116146178382099	116146194699442	116146178261370
116146289498349	116146303011578	116146289409078
116146395125068	116146411323974	116146395011786
116146504697307	116146519633296	116146504417984
116146620288557	116146636261734	116146620190484
116146731236578	116146744576577	116146730344911
116146847176422	116146861199494	116146846982411
116146955093974	116146969510431	116146954996578
116147072814703	116147086159233	116147072677515
116147187569963	116147202803869	116147187487463
116147295413557	116147311123140	116147295306942
116147406692932	116147419449702	116147406609859
116147511567567	116147527789181	116147511478244
116147630974026	116147644448661	116147630816630
116147736517463	116147752777619	116147736335901
116147858998713	116147877773296	116147858838713
116147963606734	116147977754546	116147963484755
116148083204078	116148102748660	116148082802723
116148185976473	116148202714546	116148185871786
116148304302880	116148319342410	116148304207567
116148413174234	116148427650014	116148413003869
116148524170848	116148535962098	116148523975900
116148630154911	116148644287619	116148630018244
116148748476265	116148760924337	116148748361369
116148831123713	116148844241576	116148831036890
116148957907463	116148969219702	116148957716213
116149069832150	116149085883087	116149069734806
116149178988765	116149194213348	116149178889858
116149286818296	116149302552775	116149286727931
116149396626056	116149410886889	116149396449181
116149516858504	116149535882461	116149516659389
116149623592723	116149644213920	116149623448816
116149736849546	116149752558816	116149736696473
116149846069181	116149860891628	116149845974598
116149954332150	116149969236524	116149954143921
116150066018035	116150085892097	116150065830483
116150155552931	116150169199753	116150155485014
116150271140952	116150285830795	116150271014389
116150376758400	116150394156420	116150376651681
116150447213504	116150460795066	116150447076733
116150455367566	116150469125483	116150455261837
116150463310118	116150477455431	116150463267254
116150476924962	116150494113295	116150476848295
116150492342202	116150510774389	116150492255379
116150501421524	116150519105013	116150501323139
116150505453972	116150527435326	116150505367462
116150535797306	116150552423399	116150535743139
116150551231629	116150569080847	116150551179129
116150568058087	116150585740222	116150567994441
116150581275795	116150594070899	116150581226629
116150588246420	116150602401211	116150588215587
116150620052670	116150635721576	116150619941316
116150635040118	116150652384076	116150634984181
116150647854649	116150660717826	116150647816004
116150663401837	116150677385014	116150663360170
116150680186524	116150694053503	116150680131889
116150696822618	116150710720378	116150696776212
116150764274597	116150777379649	116150764184181
116150805458972	116150819044388	116150805382254
116150880109858	116150894042982	116150880030899
116150930292254	116150944035378	116150930194545

=== poll 1790360667.262407202
8333333
116123913722785	116123925351743	116123913633826
116123932843201	116123950337159	116123932648930
116123941682628	116123958668149	116123941616430
116123946663358	116123966999347	116123946616326
116123957138514	116123975331013	116123957082055
116123961237628	116123983663148	116123961175493
116123972493826	116123991993670	116123972411118
116123983241430	116124000323617	116123983193670
116123990578462	116124008652784	116123990516430
116124004801483	116124016983305	116124004718983
116124014722524	116124033643617	116124014638253
116124019888774	116124041972888	116124019817889
116124692760389	116124708281638	116124692608097
116126409258982	116126424416533	116126409138148
116145439458610	116145453038506	116145439339287
116145441347829	116145461372880	116145441302516
116145449124964	116145469706265	116145449003297
116145455512360	116145478039860	116145455467099
116145463721995	116145486374494	116145463660849
116145530964183	116145544709807	116145530864443
116145649356370	116145669722671	116145649156683
116145754963401	116145769728869	116145754693349
116145855083297	116145869705015	116145854995641
116145962811682	116145978037203	116145962350537
116146071428193	116146086371370	116146071331787
116146178382099	116146194699442	116146178261370
116146289498349	116146303011578	116146289409078
116146395125068	116146411323974	116146395011786
116146504697307	116146519633296	116146504417984
116146620288557	116146636261734	116146620190484
116146731236578	116146744576577	116146730344911
116146847176422	116146861199494	116146846982411
116146955093974	116146969510431	116146954996578
116147072814703	116147086159233	116147072677515
116147187569963	116147202803869	116147187487463
116147295413557	116147311123140	116147295306942
116147406692932	116147419449702	116147406609859
116147511567567	116147527789181	116147511478244
116147630974026	116147644448661	116147630816630
116147736517463	116147752777619	116147736335901
116147858998713	116147877773296	116147858838713
116147963606734	116147977754546	116147963484755
116148083204078	116148102748660	116148082802723
116148185976473	116148202714546	116148185871786
116148304302880	116148319342410	116148304207567
116148413174234	116148427650014	116148413003869
116148524170848	116148535962098	116148523975900
116148630154911	116148644287619	116148630018244
116148748476265	116148760924337	116148748361369
116148831123713	116148844241576	116148831036890
116148957907463	116148969219702	116148957716213
116149069832150	116149085883087	116149069734806
116149178988765	116149194213348	116149178889858
116149286818296	116149302552775	116149286727931
116149396626056	116149410886889	116149396449181
116149516858504	116149535882461	116149516659389
116149623592723	116149644213920	116149623448816
116149736849546	116149752558816	116149736696473
116149846069181	116149860891628	116149845974598
116149954332150	116149969236524	116149954143921
116150066018035	116150085892097	116150065830483
116150155552931	116150169199753	116150155485014
116150271140952	116150285830795	116150271014389
116150376758400	116150394156420	116150376651681
116150447213504	116150460795066	116150447076733
116150455367566	116150469125483	116150455261837
116150463310118	116150477455431	116150463267254
116150476924962	116150494113295	116150476848295
116150492342202	116150510774389	116150492255379
116150501421524	116150519105013	116150501323139
116150505453972	116150527435326	116150505367462
116150535797306	116150552423399	116150535743139
116150551231629	116150569080847	116150551179129
116150568058087	116150585740222	116150567994441
116150581275795	116150594070899	116150581226629
116150588246420	116150602401211	116150588215587
116150620052670	116150635721576	116150619941316
116150635040118	116150652384076	116150634984181
116150647854649	116150660717826	116150647816004
116150663401837	116150677385014	116150663360170
116150680186524	116150694053503	116150680131889
116150696822618	116150710720378	116150696776212
116150764274597	116150777379649	116150764184181
116150805458972	116150819044388	116150805382254
116150880109858	116150894042982	116150880030899
116150930292254	116150944035378	116150930194545
116150991443920	116151002380430	116150991375795
116151025681941	116151044054493	116151025620378
116151099745795	116151110727565	116151099681420
116151133204233	116151144061732	116151133122149
116151208326941	116151219073764	116151208248243
116151240837878	116151252411316	116151240757826
116151316063555	116151327405586	116151315999597
116151357695118	116151369072670	116151357611055
116151421871055	116151435735899	116151421790743
116151455512670	116151469065951	116151455419441
116151550701837	116151569062357	116151550604024
116151563228503	116151577395898	116151563171160
116151654437878	116151669057253	116151654322409
116151671883659	116151685724544	116151671804649
116151765571316	116151777378399	116151765487097
116151779884337	116151794040951	116151779817514
116151872847149	116151885698450	116151872756628
116151888388764	116151902366524	116151888312670
116151980719493	116151994040691	116151980623816
116151996553555	116152010707669	116151996492722
116152086863763	116152102370690	116152086777045
116152105276211	116152119036211	116152105169597
116152198251836	116152210705325	116152198164024
116152204704701	116152219040794	116152204657149
116152319431784	116152335708346	116152319314076
116152322288399	116152344039544	116152322189857
116152414024649	116152427351628	116152413942982
116152421597930	116152435684336	116152421549805
116152529749440	116152543966992	116152529585274
116152539259388	116152552298450	116152539188555
116152650122305	116152668929127	116152650047305
116152651587201	116152677257877	116152651556888
116152764744961	116152777218919	116152764604805
116152767334649	116152785549179	116152767209232
116152871938972	116152885519179	116152871753607
116152875530274	116152893849908	116152875450482
116152982274805	116152993833606	116152982144857
116152984574492	116153002165273	116152984445169
116153092114596	116153110478607	116153091936888
116153094359076	116153118811210	116153094264180
116153206555482	9223372036854775807	116153206427096

=== poll 1790360669.654520066
8333333
116147406692932	116147419449702	116147406609859
116147511567567	116147527789181	116147511478244
116147630974026	116147644448661	116147630816630
116147736517463	116147752777619	116147736335901
116147858998713	116147877773296	116147858838713
116147963606734	116147977754546	116147963484755
116148083204078	116148102748660	116148082802723
116148185976473	116148202714546	116148185871786
116148304302880	116148319342410	116148304207567
116148413174234	116148427650014	116148413003869
116148524170848	116148535962098	116148523975900
116148630154911	116148644287619	116148630018244
116148748476265	116148760924337	116148748361369
116148831123713	116148844241576	116148831036890
116148957907463	116148969219702	116148957716213
116149069832150	116149085883087	116149069734806
116149178988765	116149194213348	116149178889858
116149286818296	116149302552775	116149286727931
116149396626056	116149410886889	116149396449181
116149516858504	116149535882461	116149516659389
116149623592723	116149644213920	116149623448816
116149736849546	116149752558816	116149736696473
116149846069181	116149860891628	116149845974598
116149954332150	116149969236524	116149954143921
116150066018035	116150085892097	116150065830483
116150155552931	116150169199753	116150155485014
116150271140952	116150285830795	116150271014389
116150376758400	116150394156420	116150376651681
116150447213504	116150460795066	116150447076733
116150455367566	116150469125483	116150455261837
116150463310118	116150477455431	116150463267254
116150476924962	116150494113295	116150476848295
116150492342202	116150510774389	116150492255379
116150501421524	116150519105013	116150501323139
116150505453972	116150527435326	116150505367462
116150535797306	116150552423399	116150535743139
116150551231629	116150569080847	116150551179129
116150568058087	116150585740222	116150567994441
116150581275795	116150594070899	116150581226629
116150588246420	116150602401211	116150588215587
116150620052670	116150635721576	116150619941316
116150635040118	116150652384076	116150634984181
116150647854649	116150660717826	116150647816004
116150663401837	116150677385014	116150663360170
116150680186524	116150694053503	116150680131889
116150696822618	116150710720378	116150696776212
116150764274597	116150777379649	116150764184181
116150805458972	116150819044388	116150805382254
116150880109858	116150894042982	116150880030899
116150930292254	116150944035378	116150930194545
116150991443920	116151002380430	116150991375795
116151025681941	116151044054493	116151025620378
116151099745795	116151110727565	116151099681420
116151133204233	116151144061732	116151133122149
116151208326941	116151219073764	116151208248243
116151240837878	116151252411316	116151240757826
116151316063555	116151327405586	116151315999597
116151357695118	116151369072670	116151357611055
116151421871055	116151435735899	116151421790743
116151455512670	116151469065951	116151455419441
116151550701837	116151569062357	116151550604024
116151563228503	116151577395898	116151563171160
116151654437878	116151669057253	116151654322409
116151671883659	116151685724544	116151671804649
116151765571316	116151777378399	116151765487097
116151779884337	116151794040951	116151779817514
116151872847149	116151885698450	116151872756628
116151888388764	116151902366524	116151888312670
116151980719493	116151994040691	116151980623816
116151996553555	116152010707669	116151996492722
116152086863763	116152102370690	116152086777045
116152105276211	116152119036211	116152105169597
116152198251836	116152210705325	116152198164024
116152204704701	116152219040794	116152204657149
116152319431784	116152335708346	116152319314076
116152322288399	116152344039544	116152322189857
116152414024649	116152427351628	116152413942982
116152421597930	116152435684336	116152421549805
116152529749440	116152543966992	116152529585274
116152539259388	116152552298450	116152539188555
116152650122305	116152668929127	116152650047305
116152651587201	116152677257877	116152651556888
116152764744961	116152777218919	116152764604805
116152767334649	116152785549179	116152767209232
116152871938972	116152885519179	116152871753607
116152875530274	116152893849908	116152875450482
116152982274805	116152993833606	116152982144857
116152984574492	116153002165273	116152984445169
116153092114596	116153110478607	116153091936888
116153094359076	116153118811210	116153094264180
116153206555482	116153218781471	116153206427096
116153208137357	116153227113658	116153208099648
116153323055482	116153335434023	116153322945742
116153329484440	116153343769492	116153329439023
116153439197982	116153452080898	116153439035273
116153537158346	116153552064648	116153537035534
116153636602982	116153652044856	116153636511784
116153638123971	116153660379648	116153638086107
116153762435846	116153777019179	116153762300013
116153764359596	116153785350012	116153764271367
116153873137617	116153885312720	116153872960690
116153974271627	116153985283971	116153974202461
116154082749440	116154093594960	116154082616992
116154198328502	116154210227252	116154198265794
116154305297513	116154318539543	116154305209023
116154434616731	116154451860793	116154434150585
116154522051315	116154535201314	116154521969648
116154637774440	116154651887148	116154637655846
116154745879960	116154760228398	116154745688762
116154851576731	116154868542616	116154851432721
116154972817356	116154985215636	116154972622825
116155078776835	116155093563502	116155078689700
116155186708814	116155201912668	116155186623085
116155302246887	116155318594231	116155302155533
116155411981627	116155426929075	116155411856366
116155446913241	116155460263606	116155446835898
116155456728398	116155468598137	116155456622721
116155463361262	116155476933136	116155463266262
116155481848346	116155493600845	116155481773606
116155490160950	116155501935273	116155490112616
116155500228502	116155518600949	116155500109856
116155506703554	116155526935116	116155506654283
116155513405846	116155535269804	116155513362043
116155529883606	116155543605324	116155529816314
116155546199127	116155560274334	116155546129700
116155562972043	116155576942980	116155562911523
116155581980845	116155593614804	116155581912095

=== poll 1790360671.919365638
8333333
116151099745795	116151110727565	116151099681420
116151133204233	116151144061732	116151133122149
116151208326941	116151219073764	116151208248243
116151240837878	116151252411316	116151240757826
116151316063555	116151327405586	116151315999597
116151357695118	116151369072670	116151357611055
116151421871055	116151435735899	116151421790743
116151455512670	116151469065951	116151455419441
116151550701837	116151569062357	116151550604024
116151563228503	116151577395898	116151563171160
116151654437878	116151669057253	116151654322409
116151671883659	116151685724544	116151671804649
116151765571316	116151777378399	116151765487097
116151779884337	116151794040951	116151779817514
116151872847149	116151885698450	116151872756628
116151888388764	116151902366524	116151888312670
116151980719493	116151994040691	116151980623816
116151996553555	116152010707669	116151996492722
116152086863763	116152102370690	116152086777045
116152105276211	116152119036211	116152105169597
116152198251836	116152210705325	116152198164024
116152204704701	116152219040794	116152204657149
116152319431784	116152335708346	116152319314076
116152322288399	116152344039544	116152322189857
116152414024649	116152427351628	116152413942982
116152421597930	116152435684336	116152421549805
116152529749440	116152543966992	116152529585274
116152539259388	116152552298450	116152539188555
116152650122305	116152668929127	116152650047305
116152651587201	116152677257877	116152651556888
116152764744961	116152777218919	116152764604805
116152767334649	116152785549179	116152767209232
116152871938972	116152885519179	116152871753607
116152875530274	116152893849908	116152875450482
116152982274805	116152993833606	116152982144857
116152984574492	116153002165273	116152984445169
116153092114596	116153110478607	116153091936888
116153094359076	116153118811210	116153094264180
116153206555482	116153218781471	116153206427096
116153208137357	116153227113658	116153208099648
116153323055482	116153335434023	116153322945742
116153329484440	116153343769492	116153329439023
116153439197982	116153452080898	116153439035273
116153537158346	116153552064648	116153537035534
116153636602982	116153652044856	116153636511784
116153638123971	116153660379648	116153638086107
116153762435846	116153777019179	116153762300013
116153764359596	116153785350012	116153764271367
116153873137617	116153885312720	116153872960690
116153974271627	116153985283971	116153974202461
116154082749440	116154093594960	116154082616992
116154198328502	116154210227252	116154198265794
116154305297513	116154318539543	116154305209023
116154434616731	116154451860793	116154434150585
116154522051315	116154535201314	116154521969648
116154637774440	116154651887148	116154637655846
116154745879960	116154760228398	116154745688762
116154851576731	116154868542616	116154851432721
116154972817356	116154985215636	116154972622825
116155078776835	116155093563502	116155078689700
116155186708814	116155201912668	116155186623085
116155302246887	116155318594231	116155302155533
116155411981627	116155426929075	116155411856366
116155446913241	116155460263606	116155446835898
116155456728398	116155468598137	116155456622721
116155463361262	116155476933136	116155463266262
116155481848346	116155493600845	116155481773606
116155490160950	116155501935273	116155490112616
116155500228502	116155518600949	116155500109856
116155506703554	116155526935116	116155506654283
116155513405846	116155535269804	116155513362043
116155529883606	116155543605324	116155529816314
116155546199127	116155560274334	116155546129700
116155562972043	116155576942980	116155562911523
116155581980845	116155593614804	116155581912095
116155596954179	116155610282563	116155596878502
116155630110012	116155643618085	116155630002981
116155640363450	116155651952043	116155640256783
116155646725481	116155660285377	116155646624543
116155665512356	116155676953709	116155665456470
116155675555481	116155693620793	116155675476470
116155679804648	116155701955480	116155679733866
116155754984127	116155768606574	116155754864491
116155766469647	116155785267512	116155766402200
116155860080741	116155876910689	116155859775116
116155873249387	116155885239542	116155873190220
116155970862981	116155985188449	116155970693189
116155987813554	116156001848605	116155987746835
116156056250533	116156076826574	116156056109960
116156063299543	116156085158761	116156063226158
116156097650585	116156110148241	116156097591939
116156171416887	116156185126470	116156171337564
116156212998658	116156226778032	116156212918501
116156279857460	116156293427720	116156279763814
116156329600533	116156343411210	116156329530168
116156379979856	116156393402772	116156379895324
116156388148710	116156401733970	116156387995064
116156438132043	116156451720845	116156438066210
116156497419439	116156510036314	116156497331522
116156504417356	116156518366314	116156504369439
116156546218970	116156560019022	116156546154387
116156605431835	116156618327772	116156605291678
116156654545585	116156668312980	116156654469543
116156724614908	116156751623397	116156724455012
116156778858501	116156793281313	116156731183501
116156829037199	116156843280584	116156781454855
116156878812876	116156893278397	116156832341053
116156928792303	116156943273449	116156880677460
116156978806887	116156993258240	116156940851678
116157028780428	116157043235949	116156980693085
116157078851366	116157093215168	116157030625220
116157128856991	116157143196313	116157082268137
116157178844907	116157193176001	116157131933814
116157228765637	116157243160897	116157181918293
116157278948814	116157293154334	116157230791470
116157282339230	116157301487407	116157282267616
116157321449491	116157334820845	116157321336939
116157387981209	116157409796209	116157387893032
116157437612147	116157451455376	116157437526939
116157488651470	116157501426886	116157488478449
116157546092616	116157559729282	116157546019491
116157604563241	116157618056209	116157604468241
116157663040949	116157676363188	116157662891522
116157705952303	116157718008240	116157705802772
116157713697147	116157726337406	116157713607407
116157770760897	116157784654751	116157770686678
116157821047772	116157834646053	116157820951626

=== poll 1790360674.183881575
8333333
116153762435846	116153777019179	116153762300013
116153764359596	116153785350012	116153764271367
116153873137617	116153885312720	116153872960690
116153974271627	116153985283971	116153974202461
116154082749440	116154093594960	116154082616992
116154198328502	116154210227252	116154198265794
116154305297513	116154318539543	116154305209023
116154434616731	116154451860793	116154434150585
116154522051315	116154535201314	116154521969648
116154637774440	116154651887148	116154637655846
116154745879960	116154760228398	116154745688762
116154851576731	116154868542616	116154851432721
116154972817356	116154985215636	116154972622825
116155078776835	116155093563502	116155078689700
116155186708814	116155201912668	116155186623085
116155302246887	116155318594231	116155302155533
116155411981627	116155426929075	116155411856366
116155446913241	116155460263606	116155446835898
116155456728398	116155468598137	116155456622721
116155463361262	116155476933136	116155463266262
116155481848346	116155493600845	116155481773606
116155490160950	116155501935273	116155490112616
116155500228502	116155518600949	116155500109856
116155506703554	116155526935116	116155506654283
116155513405846	116155535269804	116155513362043
116155529883606	116155543605324	116155529816314
116155546199127	116155560274334	116155546129700
116155562972043	116155576942980	116155562911523
116155581980845	116155593614804	116155581912095
116155596954179	116155610282563	116155596878502
116155630110012	116155643618085	116155630002981
116155640363450	116155651952043	116155640256783
116155646725481	116155660285377	116155646624543
116155665512356	116155676953709	116155665456470
116155675555481	116155693620793	116155675476470
116155679804648	116155701955480	116155679733866
116155754984127	116155768606574	116155754864491
116155766469647	116155785267512	116155766402200
116155860080741	116155876910689	116155859775116
116155873249387	116155885239542	116155873190220
116155970862981	116155985188449	116155970693189
116155987813554	116156001848605	116155987746835
116156056250533	116156076826574	116156056109960
116156063299543	116156085158761	116156063226158
116156097650585	116156110148241	116156097591939
116156171416887	116156185126470	116156171337564
116156212998658	116156226778032	116156212918501
116156279857460	116156293427720	116156279763814
116156329600533	116156343411210	116156329530168
116156379979856	116156393402772	116156379895324
116156388148710	116156401733970	116156387995064
116156438132043	116156451720845	116156438066210
116156497419439	116156510036314	116156497331522
116156504417356	116156518366314	116156504369439
116156546218970	116156560019022	116156546154387
116156605431835	116156618327772	116156605291678
116156654545585	116156668312980	116156654469543
116156724614908	116156751623397	116156724455012
116156778858501	116156793281313	116156731183501
116156829037199	116156843280584	116156781454855
116156878812876	116156893278397	116156832341053
116156928792303	116156943273449	116156880677460
116156978806887	116156993258240	116156940851678
116157028780428	116157043235949	116156980693085
116157078851366	116157093215168	116157030625220
116157128856991	116157143196313	116157082268137
116157178844907	116157193176001	116157131933814
116157228765637	116157243160897	116157181918293
116157278948814	116157293154334	116157230791470
116157282339230	116157301487407	116157282267616
116157321449491	116157334820845	116157321336939
116157387981209	116157409796209	116157387893032
116157437612147	116157451455376	116157437526939
116157488651470	116157501426886	116157488478449
116157546092616	116157559729282	116157546019491
116157604563241	116157618056209	116157604468241
116157663040949	116157676363188	116157662891522
116157705952303	116157718008240	116157705802772
116157713697147	116157726337406	116157713607407
116157770760897	116157784654751	116157770686678
116157821047772	116157834646053	116157820951626
116157887487043	116157909615063	116157887396418
116157936895688	116157951256730	116157929537980
116157995852511	116158009561105	116157995751626
116158045194595	116158059550376	116158037379178
116158104068084	116158117880167	116158103926365
116158153490792	116158167873604	116158139063865
116158157236209	116158176205584	116158157121313
116158212560584	116158226199594	116158212481469
116158261775740	116158276191000	116158254454178
116158321059803	116158334520844	116158320950897
116158370021521	116158384525011	116158362527980
116158428991053	116158442842562	116158428918136
116158478383084	116158492825427	116158470762824
116158537661365	116158551138865	116158537572771
116158586745480	116158601125739	116158572431521
116158590963501	116158609457979	116158590877980
116158645715948	116158659449386	116158645645011
116158695166730	116158709441937	116158687410636
116158697897719	116158717774125	116158697798709
116158754044126	116158767760375	116158753966782
116158803354125	116158817734177	116158796636626
116158805735219	116158826062302	116158805674803
116158862398813	116158876037667	116158862327615
116158911738136	116158926019541	116158904334803
116158970743969	116158984334854	116158970667250
116159021697563	116159034310479	116159021536417
116159079102198	116159100951521	116159079015792
116159129207563	116159142591105	116159129049021
116159187170844	116159209213447	116159187103084
116159237441938	116159250857719	116159237386417
116159307487563	116159325821937	116159307318604
116159345324646	116159359134906	116159345239802
116159403930636	116159425758447	116159403838188
116159462227979	116159475731781	116159462150375
116159511878969	116159525719906	116159511783136
116159570578709	116159592378344	116159570486886
116159620265427	116159634043604	116159620189438
116159679543761	116159692374853	116159679422771
116159728594698	116159742368448	116159728521365
116159787031729	116159809029073	116159786948708
116159836874229	116159850689229	116159836798240
116159895772667	116159909011208	116159895614490
116159953922875	116159967320062	116159953830740
116159995181573	116160008977562	116159995105167
116160062601052	116160083947093	116160062458031
116160120411990	116160133930218	116160120327302

=== poll 1790360676.431697928
8333333
116156279857460	116156293427720	116156279763814
116156329600533	116156343411210	116156329530168
116156379979856	116156393402772	116156379895324
116156388148710	116156401733970	116156387995064
116156438132043	116156451720845	116156438066210
116156497419439	116156510036314	116156497331522
116156504417356	116156518366314	116156504369439
116156546218970	116156560019022	116156546154387
116156605431835	116156618327772	116156605291678
116156654545585	116156668312980	116156654469543
116156724614908	116156751623397	116156724455012
116156778858501	116156793281313	116156731183501
116156829037199	116156843280584	116156781454855
116156878812876	116156893278397	116156832341053
116156928792303	116156943273449	116156880677460
116156978806887	116156993258240	116156940851678
116157028780428	116157043235949	116156980693085
116157078851366	116157093215168	116157030625220
116157128856991	116157143196313	116157082268137
116157178844907	116157193176001	116157131933814
116157228765637	116157243160897	116157181918293
116157278948814	116157293154334	116157230791470
116157282339230	116157301487407	116157282267616
116157321449491	116157334820845	116157321336939
116157387981209	116157409796209	116157387893032
116157437612147	116157451455376	116157437526939
116157488651470	116157501426886	116157488478449
116157546092616	116157559729282	116157546019491
116157604563241	116157618056209	116157604468241
116157663040949	116157676363188	116157662891522
116157705952303	116157718008240	116157705802772
116157713697147	116157726337406	116157713607407
116157770760897	116157784654751	116157770686678
116157821047772	116157834646053	116157820951626
116157887487043	116157909615063	116157887396418
116157936895688	116157951256730	116157929537980
116157995852511	116158009561105	116157995751626
116158045194595	116158059550376	116158037379178
116158104068084	116158117880167	116158103926365
116158153490792	116158167873604	116158139063865
116158157236209	116158176205584	116158157121313
116158212560584	116158226199594	116158212481469
116158261775740	116158276191000	116158254454178
116158321059803	116158334520844	116158320950897
116158370021521	116158384525011	116158362527980
116158428991053	116158442842562	116158428918136
116158478383084	116158492825427	116158470762824
116158537661365	116158551138865	116158537572771
116158586745480	116158601125739	116158572431521
116158590963501	116158609457979	116158590877980
116158645715948	116158659449386	116158645645011
116158695166730	116158709441937	116158687410636
116158697897719	116158717774125	116158697798709
116158754044126	116158767760375	116158753966782
116158803354125	116158817734177	116158796636626
116158805735219	116158826062302	116158805674803
116158862398813	116158876037667	116158862327615
116158911738136	116158926019541	116158904334803
116158970743969	116158984334854	116158970667250
116159021697563	116159034310479	116159021536417
116159079102198	116159100951521	116159079015792
116159129207563	116159142591105	116159129049021
116159187170844	116159209213447	116159187103084
116159237441938	116159250857719	116159237386417
116159307487563	116159325821937	116159307318604
116159345324646	116159359134906	116159345239802
116159403930636	116159425758447	116159403838188
116159462227979	116159475731781	116159462150375
116159511878969	116159525719906	116159511783136
116159570578709	116159592378344	116159570486886
116159620265427	116159634043604	116159620189438
116159679543761	116159692374853	116159679422771
116159728594698	116159742368448	116159728521365
116159787031729	116159809029073	116159786948708
116159836874229	116159850689229	116159836798240
116159895772667	116159909011208	116159895614490
116159953922875	116159967320062	116159953830740
116159995181573	116160008977562	116159995105167
116160062601052	116160083947093	116160062458031
116160120411990	116160133930218	116160120327302
116160170016885	116160183909593	116160169928760
116160238578396	116160250542353	116160238491312
116160278466000	116160292196833	116160278358708
116160337676781	116160350505479	116160337492354
116160386733917	116160400481937	116160386643708
116160445417198	116160467125114	116160445329073
116160497416677	116160508774906	116160497263292
116160553962771	116160567097926	116160553857666
116160603357406	116160617084176	116160603283656
116160661686312	116160683733291	116160661605166
116160711942406	116160725384281	116160711843448
116160770780010	116160792046207	116160770641833
116160819974541	116160833706676	116160819889854
116160878404281	116160900367561	116160878299593
116160928113343	116160942028083	116160928030323
116160982104646	116161000348187	116160981981729
116160986490062	116161008678655	116160986458916
116161044796312	116161058667770	116161044722041
116161096528916	116161108667249	116161096199281
116161153568239	116161167000999	116161153488760
116161212567927	116161233677509	116161212406520
116161220566260	116161242011884	116161220503083
116161263947458	116161275350374	116161263808031
116161320316677	116161333690687	116161320222666
116161369726208	116161383701572	116161369653968
116161422530270	116161433714228	116161422423343
116161428990583	116161442050895	116161428945531
116161486623291	116161508727406	116161486544437
116161537050322	116161550402510	116161536894281
116161595294906	116161608748551	116161595207927
116161654625635	116161667094228	116161654327926
116161703381781	116161717107926	116161703297562
116161754151520	116161767108083	116161754082406
116161811662145	116161825436416	116161811580010
116161872209437	116161883773395	116161872130739
116161878035270	116161892109853	116161877997301
116161920077145	116161933782457	116161919958447
116161970074801	116161983778811	116161969980635
116162030703551	116162050446311	116162030622197
116162087212874	116162100449540	116162087120530
116162137235530	116162150448290	116162137167301
116162196106312	116162217125791	116162195997041
116162203321468	116162225461520	116162203282926
116162245114593	116162258799280	116162245057666
116162313413603	116162333813707	116162313248760
116162320391051	116162342149385	116162320300166
116162369907510	116162383827405	116162369843395

=== poll 1790360678.705468396
8333333
116158428991053	116158442842562	116158428918136
116158478383084	116158492825427	116158470762824
116158537661365	116158551138865	116158537572771
116158586745480	116158601125739	116158572431521
116158590963501	116158609457979	116158590877980
116158645715948	116158659449386	116158645645011
116158695166730	116158709441937	116158687410636
116158697897719	116158717774125	116158697798709
116158754044126	116158767760375	116158753966782
116158803354125	116158817734177	116158796636626
116158805735219	116158826062302	116158805674803
116158862398813	116158876037667	116158862327615
116158911738136	116158926019541	116158904334803
116158970743969	116158984334854	116158970667250
116159021697563	116159034310479	116159021536417
116159079102198	116159100951521	116159079015792
116159129207563	116159142591105	116159129049021
116159187170844	116159209213447	116159187103084
116159237441938	116159250857719	116159237386417
116159307487563	116159325821937	116159307318604
116159345324646	116159359134906	116159345239802
116159403930636	116159425758447	116159403838188
116159462227979	116159475731781	116159462150375
116159511878969	116159525719906	116159511783136
116159570578709	116159592378344	116159570486886
116159620265427	116159634043604	116159620189438
116159679543761	116159692374853	116159679422771
116159728594698	116159742368448	116159728521365
116159787031729	116159809029073	116159786948708
116159836874229	116159850689229	116159836798240
116159895772667	116159909011208	116159895614490
116159953922875	116159967320062	116159953830740
116159995181573	116160008977562	116159995105167
116160062601052	116160083947093	116160062458031
116160120411990	116160133930218	116160120327302
116160170016885	116160183909593	116160169928760
116160238578396	116160250542353	116160238491312
116160278466000	116160292196833	116160278358708
116160337676781	116160350505479	116160337492354
116160386733917	116160400481937	116160386643708
116160445417198	116160467125114	116160445329073
116160497416677	116160508774906	116160497263292
116160553962771	116160567097926	116160553857666
116160603357406	116160617084176	116160603283656
116160661686312	116160683733291	116160661605166
116160711942406	116160725384281	116160711843448
116160770780010	116160792046207	116160770641833
116160819974541	116160833706676	116160819889854
116160878404281	116160900367561	116160878299593
116160928113343	116160942028083	116160928030323
116160982104646	116161000348187	116160981981729
116160986490062	116161008678655	116160986458916
116161044796312	116161058667770	116161044722041
116161096528916	116161108667249	116161096199281
116161153568239	116161167000999	116161153488760
116161212567927	116161233677509	116161212406520
116161220566260	116161242011884	116161220503083
116161263947458	116161275350374	116161263808031
116161320316677	116161333690687	116161320222666
116161369726208	116161383701572	116161369653968
116161422530270	116161433714228	116161422423343
116161428990583	116161442050895	116161428945531
116161486623291	116161508727406	116161486544437
116161537050322	116161550402510	116161536894281
116161595294906	116161608748551	116161595207927
116161654625635	116161667094228	116161654327926
116161703381781	116161717107926	116161703297562
116161754151520	116161767108083	116161754082406
116161811662145	116161825436416	116161811580010
116161872209437	116161883773395	116161872130739
116161878035270	116161892109853	116161877997301
116161920077145	116161933782457	116161919958447
116161970074801	116161983778811	116161969980635
116162030703551	116162050446311	116162030622197
116162087212874	116162100449540	116162087120530
116162137235530	116162150448290	116162137167301
116162196106312	116162217125791	116162195997041
116162203321468	116162225461520	116162203282926
116162245114593	116162258799280	116162245057666
116162313413603	116162333813707	116162313248760
116162320391051	116162342149385	116162320300166
116162369907510	116162383827405	116162369843395
116162420406468	116162433844957	116162420277874
116162478514905	116162500517873	116162478426155
116162537106937	116162550523342	116162537014280
116162570279541	116162583860946	116162570168707
116162637471676	116162650535895	116162637317770
116162686709124	116162700544436	116162686638707
116162745761572	116162758880374	116162745668707
116162795632249	116162808888238	116162795522978
116162854154593	116162875564957	116162854023134
116162903587614	116162917236519	116162903511780
116162963000686	116162975573967	116162962908343
116163011712978	116163025569749	116163011634020
116163087067093	116163100569384	116163086989541
116163128798447	116163142235478	116163128664072
116163179207770	116163192239697	116163179085582
116163228733082	116163242242665	116163228647613
116163295465790	116163308904592	116163295322457
116163305283186	116163317238446	116163305219020
116163336945322	116163350571831	116163336867718
116163413803395	116163425572092	116163413689957
116163419921051	116163433908654	116163419877613
116163445101311	116163458912769	116163445034436
116163520322092	116163533920060	116163520235165
116163553592978	116163567251050	116163553510895
116163615974905	116163642253914	116163615890217
116163619824697	116163650587040	116163619793447
116163661805999	116163675583290	116163661732769
116163738001728	116163758910269	116163737761988
116163770261936	116163783911311	116163770187353
116163845940321	116163867230165	116163845841519
116163878609644	116163892231727	116163878533342
116163954099957	116163975563967	116163953819644
116163962822301	116163983897248	116163962757509
116163986591571	116164000566728	116163986520842
116164070313915	116164083900842	116164070219801
116164095554071	116164108900113	116164095435269
116164188574592	116164200569123	116164188477248
116164203498030	116164217234539	116164203440478
116164295729280	116164308897664	116164295604957
116164313694853	116164325568498	116164313572405
116164405497665	116164417246623	116164405405478
116164420978186	116164433916102	116164420878030
116164518828238	116164533927665	116164518709488
116164528641415	116164542263706	116164528551936
116164661082144	9223372036854775807	116164660970894

=== poll 1790360680.963085114
8333333
116160928113343	116160942028083	116160928030323
116160982104646	116161000348187	116160981981729
116160986490062	116161008678655	116160986458916
116161044796312	116161058667770	116161044722041
116161096528916	116161108667249	116161096199281
116161153568239	116161167000999	116161153488760
116161212567927	116161233677509	116161212406520
116161220566260	116161242011884	116161220503083
116161263947458	116161275350374	116161263808031
116161320316677	116161333690687	116161320222666
116161369726208	116161383701572	116161369653968
116161422530270	116161433714228	116161422423343
116161428990583	116161442050895	116161428945531
116161486623291	116161508727406	116161486544437
116161537050322	116161550402510	116161536894281
116161595294906	116161608748551	116161595207927
116161654625635	116161667094228	116161654327926
116161703381781	116161717107926	116161703297562
116161754151520	116161767108083	116161754082406
116161811662145	116161825436416	116161811580010
116161872209437	116161883773395	116161872130739
116161878035270	116161892109853	116161877997301
116161920077145	116161933782457	116161919958447
116161970074801	116161983778811	116161969980635
116162030703551	116162050446311	116162030622197
116162087212874	116162100449540	116162087120530
116162137235530	116162150448290	116162137167301
116162196106312	116162217125791	116162195997041
116162203321468	116162225461520	116162203282926
116162245114593	116162258799280	116162245057666
116162313413603	116162333813707	116162313248760
116162320391051	116162342149385	116162320300166
116162369907510	116162383827405	116162369843395
116162420406468	116162433844957	116162420277874
116162478514905	116162500517873	116162478426155
116162537106937	116162550523342	116162537014280
116162570279541	116162583860946	116162570168707
116162637471676	116162650535895	116162637317770
116162686709124	116162700544436	116162686638707
116162745761572	116162758880374	116162745668707
116162795632249	116162808888238	116162795522978
116162854154593	116162875564957	116162854023134
116162903587614	116162917236519	116162903511780
116162963000686	116162975573967	116162962908343
116163011712978	116163025569749	116163011634020
116163087067093	116163100569384	116163086989541
116163128798447	116163142235478	116163128664072
116163179207770	116163192239697	116163179085582
116163228733082	116163242242665	116163228647613
116163295465790	116163308904592	116163295322457
116163305283186	116163317238446	116163305219020
116163336945322	116163350571831	116163336867718
116163413803395	116163425572092	116163413689957
116163419921051	116163433908654	116163419877613
116163445101311	116163458912769	116163445034436
116163520322092	116163533920060	116163520235165
116163553592978	116163567251050	116163553510895
116163615974905	116163642253914	116163615890217
116163619824697	116163650587040	116163619793447
116163661805999	116163675583290	116163661732769
116163738001728	116163758910269	116163737761988
116163770261936	116163783911311	116163770187353
116163845940321	116163867230165	116163845841519
116163878609644	116163892231727	116163878533342
116163954099957	116163975563967	116163953819644
116163962822301	116163983897248	116163962757509
116163986591571	116164000566728	116163986520842
116164070313915	116164083900842	116164070219801
116164095554071	116164108900113	116164095435269
116164188574592	116164200569123	116164188477248
116164203498030	116164217234539	116164203440478
116164295729280	116164308897664	116164295604957
116164313694853	116164325568498	116164313572405
116164405497665	116164417246623	116164405405478
116164420978186	116164433916102	116164420878030
116164518828238	116164533927665	116164518709488
116164528641415	116164542263706	116164528551936
116164661082144	116164675627404	116164660970894
116164662650269	116164683960060	116164662606519
116164759694696	116164775620790	116164759613498
116164761255634	116164783953811	116164761194904
116164851524696	116164867288445	116164851414488
116164853123863	116164875623342	116164853081363
116164952861050	116164967287924	116164952717873
116164955062352	116164975621050	116164954938706
116165070868602	116165083933497	116165070702977
116165079492300	116165092266467	116165079391154
116165184754696	116165200576258	116165184676936
116165186847040	116165208907196	116165186799123
116165205531102	116165217241414	116165205487248
116165212753186	116165225576414	116165212724696
116165220940477	116165233910164	116165220862040
116165237389696	116165250574122	116165237314488
116165253572717	116165267233497	116165253516571
116165279423706	116165292222924	116165279314071
116165288184071	116165300553550	116165288099279
116165296250165	116165308885061	116165296178915
116165303444123	116165317217560	116165303407144
116165320569592	116165333882352	116165320523706
116165336635894	116165350547456	116165336592508
116165362235217	116165375541883	116165362165321
116165387446102	116165400540060	116165387376102
116165397269488	116165408871362	116165397235581
116165403367300	116165417202612	116165403329279
116165493909540	116165508855580	116165493824071
116165495396467	116165517189695	116165495355581
116165504162873	116165525524592	116165503981467
116165604786571	116165617188497	116165604647196
116165606636258	116165625524799	116165606577248
116165612379748	116165633860268	116165612295737
116165720104331	116165733843915	116165719896154
116165840722560	116165858844070	116165840522821
116165939332873	116165950555216	116165939231102
116165941385789	116165958892404	116165941335217
116166051259279	116166067238185	116166051115216
116166148282716	116166158925320	116166148188446
116166156258185	116166167259955	116166156204800
116166258333289	116166275601466	116166258272873
116166272910893	116166283936882	116166272822404
116166381035841	116166392285684	116166380970216
116166493293862	116166508954331	116166493152195
116166496133654	116166517287351	116166496031362
116166615553133	116166633957508	116166615357352
116166706185060	116166717301986	116166706049591
116166712255633	116166725635737	116166712154018
116166827512091	116166842304434	116166827367039
116166829903289	116166850639487	116166829836154

=== poll 1790360683.238852457
8333333
116163305283186	116163317238446	116163305219020
116163336945322	116163350571831	116163336867718
116163413803395	116163425572092	116163413689957
116163419921051	116163433908654	116163419877613
116163445101311	116163458912769	116163445034436
116163520322092	116163533920060	116163520235165
116163553592978	116163567251050	116163553510895
116163615974905	116163642253914	116163615890217
116163619824697	116163650587040	116163619793447
116163661805999	116163675583290	116163661732769
116163738001728	116163758910269	116163737761988
116163770261936	116163783911311	116163770187353
116163845940321	116163867230165	116163845841519
116163878609644	116163892231727	116163878533342
116163954099957	116163975563967	116163953819644
116163962822301	116163983897248	116163962757509
116163986591571	116164000566728	116163986520842
116164070313915	116164083900842	116164070219801
116164095554071	116164108900113	116164095435269
116164188574592	116164200569123	116164188477248
116164203498030	116164217234539	116164203440478
116164295729280	116164308897664	116164295604957
116164313694853	116164325568498	116164313572405
116164405497665	116164417246623	116164405405478
116164420978186	116164433916102	116164420878030
116164518828238	116164533927665	116164518709488
116164528641415	116164542263706	116164528551936
116164661082144	116164675627404	116164660970894
116164662650269	116164683960060	116164662606519
116164759694696	116164775620790	116164759613498
116164761255634	116164783953811	116164761194904
116164851524696	116164867288445	116164851414488
116164853123863	116164875623342	116164853081363
116164952861050	116164967287924	116164952717873
116164955062352	116164975621050	116164954938706
116165070868602	116165083933497	116165070702977
116165079492300	116165092266467	116165079391154
116165184754696	116165200576258	116165184676936
116165186847040	116165208907196	116165186799123
116165205531102	116165217241414	116165205487248
116165212753186	116165225576414	116165212724696
116165220940477	116165233910164	116165220862040
116165237389696	116165250574122	116165237314488
116165253572717	116165267233497	116165253516571
116165279423706	116165292222924	116165279314071
116165288184071	116165300553550	116165288099279
116165296250165	116165308885061	116165296178915
116165303444123	116165317217560	116165303407144
116165320569592	116165333882352	116165320523706
116165336635894	116165350547456	116165336592508
116165362235217	116165375541883	116165362165321
116165387446102	116165400540060	116165387376102
116165397269488	116165408871362	116165397235581
116165403367300	116165417202612	116165403329279
116165493909540	116165508855580	116165493824071
116165495396467	116165517189695	116165495355581
116165504162873	116165525524592	116165503981467
116165604786571	116165617188497	116165604647196
116165606636258	116165625524799	116165606577248
116165612379748	116165633860268	116165612295737
116165720104331	116165733843915	116165719896154
116165840722560	116165858844070	116165840522821
116165939332873	116165950555216	116165939231102
116165941385789	116165958892404	116165941335217
116166051259279	116166067238185	116166051115216
116166148282716	116166158925320	116166148188446
116166156258185	116166167259955	116166156204800
116166258333289	116166275601466	116166258272873
116166272910893	116166283936882	116166272822404
116166381035841	116166392285684	116166380970216
116166493293862	116166508954331	116166493152195
116166496133654	116166517287351	116166496031362
116166615553133	116166633957508	116166615357352
116166706185060	116166717301986	116166706049591
116166712255633	116166725635737	116166712154018
116166827512091	116166842304434	116166827367039
116166829903289	116166850639487	116166829836154
116166952215997	116166967316049	116166952109227
116167042971518	116167058977352	116167042864956
116167155018758	116167167287715	116167154864695
116167178512143	116167192278601	116167178430424
116167195744539	116167208939486	116167195622351
116167204436466	116167217270372	116167204391831
116167212274435	116167225601622	116167212233862
116167220442976	116167233934539	116167220351831
116167248151674	116167258933913	116167248090997
116167254938029	116167267267403	116167254897299
116167262696258	116167275602195	116167262653654
116167270124851	116167283935111	116167270038810
116167296355581	116167308937507	116167296306674
116167303284018	116167317269591	116167303241466
116167320054122	116167333936986	116167319985841
116167349261987	116167367262403	116167349190008
116167355821101	116167375594330	116167355740424
116167373116414	116167383926726	116167373028758
116167382629383	116167400594226	116167382532247
116167387017716	116167408927924	116167386940737
116167480620997	116167492255007	116167480488237
116167483284747	116167500588392	116167483220789
116167588222768	116167600585476	116167588060685
116167596087195	116167608917976	116167595965320
116167695682664	116167708930111	116167695542508
116167697607716	116167717262820	116167697514487
116167703940841	116167725594799	116167703856466
116167820364539	116167833910684	116167820219903
116167822195893	116167842241934	116167822105424
116167920895580	116167933894851	116167920754174
116167922609487	116167942229121	116167922555216
116167928713185	116167950563132	116167928618653
116168018637716	116168033906986	116168018548705
116168020103080	116168042243184	116168020067820
116168128351414	116168142257142	116168128287299
116168236037872	116168250603132	116168235912507
116168286324747	116168300607507	116168244538653
116168353779226	116168367278497	116168353703497
116168467756153	116168483970216	116168467613288
116168584385841	116168600672663	116168584258445
116168688703809	116168700691882	116168688497143
116168736203601	116168750706204	116168695309486
116168813910007	116168834064746	116168813767455
116168821081153	116168842400580	116168820986830
116168929587924	116168942427715	116168929326882
116169020476153	116169034115996	116169020429695
116169028400267	116169042450944	116169029771205
116169163745372	116169175829017	116169163665319
116169170611882	116169184165944	116169170546674
116169179172663	116169192502194	116169179102351

=== poll 1790360685.504165320
8333333
116166258333289	116166275601466	116166258272873
116166272910893	116166283936882	116166272822404
116166381035841	116166392285684	116166380970216
116166493293862	116166508954331	116166493152195
116166496133654	116166517287351	116166496031362
116166615553133	116166633957508	116166615357352
116166706185060	116166717301986	116166706049591
116166712255633	116166725635737	116166712154018
116166827512091	116166842304434	116166827367039
116166829903289	116166850639487	116166829836154
116166952215997	116166967316049	116166952109227
116167042971518	116167058977352	116167042864956
116167155018758	116167167287715	116167154864695
116167178512143	116167192278601	116167178430424
116167195744539	116167208939486	116167195622351
116167204436466	116167217270372	116167204391831
116167212274435	116167225601622	116167212233862
116167220442976	116167233934539	116167220351831
116167248151674	116167258933913	116167248090997
116167254938029	116167267267403	116167254897299
116167262696258	116167275602195	116167262653654
116167270124851	116167283935111	116167270038810
116167296355581	116167308937507	116167296306674
116167303284018	116167317269591	116167303241466
116167320054122	116167333936986	116167319985841
116167349261987	116167367262403	116167349190008
116167355821101	116167375594330	116167355740424
116167373116414	116167383926726	116167373028758
116167382629383	116167400594226	116167382532247
116167387017716	116167408927924	116167386940737
116167480620997	116167492255007	116167480488237
116167483284747	116167500588392	116167483220789
116167588222768	116167600585476	116167588060685
116167596087195	116167608917976	116167595965320
116167695682664	116167708930111	116167695542508
116167697607716	116167717262820	116167697514487
116167703940841	116167725594799	116167703856466
116167820364539	116167833910684	116167820219903
116167822195893	116167842241934	116167822105424
116167920895580	116167933894851	116167920754174
116167922609487	116167942229121	116167922555216
116167928713185	116167950563132	116167928618653
116168018637716	116168033906986	116168018548705
116168020103080	116168042243184	116168020067820
116168128351414	116168142257142	116168128287299
116168236037872	116168250603132	116168235912507
116168286324747	116168300607507	116168244538653
116168353779226	116168367278497	116168353703497
116168467756153	116168483970216	116168467613288
116168584385841	116168600672663	116168584258445
116168688703809	116168700691882	116168688497143
116168736203601	116168750706204	116168695309486
116168813910007	116168834064746	116168813767455
116168821081153	116168842400580	116168820986830
116168929587924	116168942427715	116168929326882
116169020476153	116169034115996	116169020429695
116169028400267	116169042450944	116169029771205
116169163745372	116169175829017	116169163665319
116169170611882	116169184165944	116169170546674
116169179172663	116169192502194	116169179102351
116169192000007	116169209171153	116169191935580
116169206494330	116169217504173	116169206430476
116169213991986	116169225837246	116169213916934
116169222123705	116169234171100	116169222078184
116169240294434	116169250838392	116169240191361
116169255139434	116169267504642	116169255043705
116169265444017	116169275835371	116169265393965
116169272271622	116169284166413	116169272216830
116169289356778	116169300831465	116169289309955
116169315195215	116169325832715	116169315141934
116169320374538	116169334164225	116169320326309
116169345588913	116169359157454	116169345501413
116169365643601	116169384154694	116169365532038
116169371806569	116169392487507	116169370556153
116169399226830	116169417486881	116169399148705
116169403774851	116169425820110	116169403730996
116169464897455	116169475812767	116169464800424
116169471094121	116169484144954	116169471042871
116169478660528	116169492477871	116169478572976
116169580706934	116169592470944	116169580566934
116169582920580	116169600804694	116169582825684
116169596249382	116169609138704	116169596140528
116169688594955	116169700794381	116169688453080
116169690632976	116169709127506	116169690465476
116169703598705	116169717461152	116169703517246
116169802073600	116169817487298	116169801984278
116169803552350	116169825823965	116169803517715
116169918497403	116169934179798	116169918336361
116170036357038	116170050873235	116170036209121
116170131643027	116170142548392	116170131545684
116170161446465	116170175881777	116170137307975
116170194714434	116170209217038	116170164195423
116170231027871	116170242549329	116170230906934
116170261490736	116170275879486	116170237672715
116170362334746	116170375853756	116170362198548
116170394852611	116170409180891	116170364646829
116170456340059	116170467486516	116170456204225
116170486597350	116170500819225	116170461963861
116170561979486	116170575808495	116170561907715
116170687498340	116170700801829	116170687358444
116170787326361	116170800790474	116170787244798
116170788719694	116170809125839	116170788681308
116170795695319	116170817461777	116170795598861
116170901332715	116170917466255	116170901252246
116171017492871	116171034144120	116171017393392
116171019932715	116171042477350	116171019906777
116171128424433	116171142479381	116171128279902
116171137524225	116171150812922	116171137426204
116171191695579	116171209142193	116171191616152
116171203451673	116171217472506	116171203394225
116171211515110	116171225804173	116171211464590
116171221841881	116171234137558	116171221664329
116171231595058	116171242471256	116171231551725
116171236670475	116171250804485	116171236633652
116171245017142	116171259139173	116171244983444
116171262076100	116171275807870	116171261988079
116171290799329	116171309142767	116171290739225
116171295293756	116171317477662	116171295263287
116171315519069	116171334144433	116171315458339
116171330714902	116171342478704	116171330621777
116171340130319	116171350811412	116171340093600
116171345413131	116171359144537	116171345287142
116171362391048	116171375810318	116171362333444
116171378903496	116171392475996	116171378853808
116171395020527	116171409141620	116171394980735
116171445770996	116171459137454	116171445687246
116171455502194	9223372036854775807	116171455451621

=== poll 1790360687.773927038
8333333
116168688703809	116168700691882	116168688497143
116168736203601	116168750706204	116168695309486
116168813910007	116168834064746	116168813767455
116168821081153	116168842400580	116168820986830
116168929587924	116168942427715	116168929326882
116169020476153	116169034115996	116169020429695
116169028400267	116169042450944	116169029771205
116169163745372	116169175829017	116169163665319
116169170611882	116169184165944	116169170546674
116169179172663	116169192502194	116169179102351
116169192000007	116169209171153	116169191935580
116169206494330	116169217504173	116169206430476
116169213991986	116169225837246	116169213916934
116169222123705	116169234171100	116169222078184
116169240294434	116169250838392	116169240191361
116169255139434	116169267504642	116169255043705
116169265444017	116169275835371	116169265393965
116169272271622	116169284166413	116169272216830
116169289356778	116169300831465	116169289309955
116169315195215	116169325832715	116169315141934
116169320374538	116169334164225	116169320326309
116169345588913	116169359157454	116169345501413
116169365643601	116169384154694	116169365532038
116169371806569	116169392487507	116169370556153
116169399226830	116169417486881	116169399148705
116169403774851	116169425820110	116169403730996
116169464897455	116169475812767	116169464800424
116169471094121	116169484144954	116169471042871
116169478660528	116169492477871	116169478572976
116169580706934	116169592470944	116169580566934
116169582920580	116169600804694	116169582825684
116169596249382	116169609138704	116169596140528
116169688594955	116169700794381	116169688453080
116169690632976	116169709127506	116169690465476
116169703598705	116169717461152	116169703517246
116169802073600	116169817487298	116169801984278
116169803552350	116169825823965	116169803517715
116169918497403	116169934179798	116169918336361
116170036357038	116170050873235	116170036209121
116170131643027	116170142548392	116170131545684
116170161446465	116170175881777	116170137307975
116170194714434	116170209217038	116170164195423
116170231027871	116170242549329	116170230906934
116170261490736	116170275879486	116170237672715
116170362334746	116170375853756	116170362198548
116170394852611	116170409180891	116170364646829
116170456340059	116170467486516	116170456204225
116170486597350	116170500819225	116170461963861
116170561979486	116170575808495	116170561907715
116170687498340	116170700801829	116170687358444
116170787326361	116170800790474	116170787244798
116170788719694	116170809125839	116170788681308
116170795695319	116170817461777	116170795598861
116170901332715	116170917466255	116170901252246
116171017492871	116171034144120	116171017393392
116171019932715	116171042477350	116171019906777
116171128424433	116171142479381	116171128279902
116171137524225	116171150812922	116171137426204
116171191695579	116171209142193	116171191616152
116171203451673	116171217472506	116171203394225
116171211515110	116171225804173	116171211464590
116171221841881	116171234137558	116171221664329
116171231595058	116171242471256	116171231551725
116171236670475	116171250804485	116171236633652
116171245017142	116171259139173	116171244983444
116171262076100	116171275807870	116171261988079
116171290799329	116171309142767	116171290739225
116171295293756	116171317477662	116171295263287
116171315519069	116171334144433	116171315458339
116171330714902	116171342478704	116171330621777
116171340130319	116171350811412	116171340093600
116171345413131	116171359144537	116171345287142
116171362391048	116171375810318	116171362333444
116171378903496	116171392475996	116171378853808
116171395020527	116171409141620	116171394980735
116171445770996	116171459137454	116171445687246
116171455502194	116171467469537	116171455451621
116171462109017	116171475802245	116171462061256
116171570684485	116171584097246	116171570469589
116171572748600	116171592426933	116171572651152
116171676467350	116171692401516	116171676362610
116171777466308	116171792384641	116171777321464
116171779227402	116171800714589	116171779187975
116171786944693	116171809045318	116171786897089
116171887902089	116171900672193	116171887827975
116171889370423	116171909003495	116171889333964
116171894649589	116171917334433	116171894618496
116171997247558	116172009000734	116171997102662
116171999659277	116172017334745	116171999411777
116172005191985	116172025670579	116172005147037
116172118563495	116172134001152	116172118464329
116172228056360	116172242338026	116172227926725
116172237157089	116172250673130	116172237024277
116172335144693	116172350689536	116172335054589
116172336634225	116172359025006	116172336587662
116172452661099	116172467396672	116172452552245
116172462519329	116172475733131	116172462435631
116172560151516	116172575741776	116172560060839
116172561743391	116172584076776	116172561705058
116172677271412	116172692408026	116172677040735
116172792852714	116172809085994	116172792709849
116172904445422	116172917443183	116172904267453
116172912758339	116172925777713	116172912649745
116173022967297	116173042440213	116173022757349
116173141166933	116173159119901	116173141019172
116173143532974	116173167454068	116173143439172
116173152064693	116173175788755	116173145058651
116173180662401	116173192454641	116173180585110
116173189558183	116173200786984	116173189492349
116173203737401	116173217450162	116173203673287
116173216746412	116173234118391	116173216669432
116173232342922	116173250788234	116173232101776
116173236999849	116173259123078	116173236939068
116173246205630	116173267458494	116173246122141
116173262914797	116173275793130	116173262819901
116173279043651	116173292458651	116173278967714
116173295611203	116173309126775	116173295512662
116173311977870	116173325794276	116173311924380
116173350027922	116173367465161	116173349904328
116173354608599	116173375800682	116173354510943
116173362931151	116173384136203	116173362827089
116173379034537	116173392470734	116173378933547
116173403972662	116173417475370	116173403748287
116173456488026	116173467487973	116173456340943
116173463090266	116173475823234	116173463020474
116173576219276	116173592509588	116173576133755
116173700457766	116173717516776	116173700359120

=== poll 1790360690.046911881
8333333
116170787326361	116170800790474	116170787244798
116170788719694	116170809125839	116170788681308
116170795695319	116170817461777	116170795598861
116170901332715	116170917466255	116170901252246
116171017492871	116171034144120	116171017393392
116171019932715	116171042477350	116171019906777
116171128424433	116171142479381	116171128279902
116171137524225	116171150812922	116171137426204
116171191695579	116171209142193	116171191616152
116171203451673	116171217472506	116171203394225
116171211515110	116171225804173	116171211464590
116171221841881	116171234137558	116171221664329
116171231595058	116171242471256	116171231551725
116171236670475	116171250804485	116171236633652
116171245017142	116171259139173	116171244983444
116171262076100	116171275807870	116171261988079
116171290799329	116171309142767	116171290739225
116171295293756	116171317477662	116171295263287
116171315519069	116171334144433	116171315458339
116171330714902	116171342478704	116171330621777
116171340130319	116171350811412	116171340093600
116171345413131	116171359144537	116171345287142
116171362391048	116171375810318	116171362333444
116171378903496	116171392475996	116171378853808
116171395020527	116171409141620	116171394980735
116171445770996	116171459137454	116171445687246
116171455502194	116171467469537	116171455451621
116171462109017	116171475802245	116171462061256
116171570684485	116171584097246	116171570469589
116171572748600	116171592426933	116171572651152
116171676467350	116171692401516	116171676362610
116171777466308	116171792384641	116171777321464
116171779227402	116171800714589	116171779187975
116171786944693	116171809045318	116171786897089
116171887902089	116171900672193	116171887827975
116171889370423	116171909003495	116171889333964
116171894649589	116171917334433	116171894618496
116171997247558	116172009000734	116171997102662
116171999659277	116172017334745	116171999411777
116172005191985	116172025670579	116172005147037
116172118563495	116172134001152	116172118464329
116172228056360	116172242338026	116172227926725
116172237157089	116172250673130	116172237024277
116172335144693	116172350689536	116172335054589
116172336634225	116172359025006	116172336587662
116172452661099	116172467396672	116172452552245
116172462519329	116172475733131	116172462435631
116172560151516	116172575741776	116172560060839
116172561743391	116172584076776	116172561705058
116172677271412	116172692408026	116172677040735
116172792852714	116172809085994	116172792709849
116172904445422	116172917443183	116172904267453
116172912758339	116172925777713	116172912649745
116173022967297	116173042440213	116173022757349
116173141166933	116173159119901	116173141019172
116173143532974	116173167454068	116173143439172
116173152064693	116173175788755	116173145058651
116173180662401	116173192454641	116173180585110
116173189558183	116173200786984	116173189492349
116173203737401	116173217450162	116173203673287
116173216746412	116173234118391	116173216669432
116173232342922	116173250788234	116173232101776
116173236999849	116173259123078	116173236939068
116173246205630	116173267458494	116173246122141
116173262914797	116173275793130	116173262819901
116173279043651	116173292458651	116173278967714
116173295611203	116173309126775	116173295512662
116173311977870	116173325794276	116173311924380
116173350027922	116173367465161	116173349904328
116173354608599	116173375800682	116173354510943
116173362931151	116173384136203	116173362827089
116173379034537	116173392470734	116173378933547
116173403972662	116173417475370	116173403748287
116173456488026	116173467487973	116173456340943
116173463090266	116173475823234	116173463020474
116173576219276	116173592509588	116173576133755
116173700457766	116173717516776	116173700359120
116173771746880	116173784179849	116173771608495
116173786708391	116173800847661	116173786633130
116173887245578	116173900843390	116173887104953
116173988721203	116174000857557	116173988616307
116173996030526	116174009194432	116173995927349
116174003231672	116174017529848	116174003193338
116174112079328	116174125861619	116174111917557
116174217716203	116174234175629	116174217626099
116174219923963	116174242507296	116174219863338
116174324349432	116174342486411	116174324278703
116174328282922	116174350819067	116174328233130
116174443549849	116174459138703	116174443398703
116174550532140	116174567463650	116174550435161
116174670426567	116174684133442	116174670302974
116174759925057	116174775811983	116174759820317
116174762229432	116174784147088	116174762204015
116174770286619	116174792480525	116174770198338
116174876008234	116174892455213	116174875926515
116174878075317	116174900787244	116174878042609
116174978598651	116174992424484	116174978514276
116174987601307	116175000756306	116174987553182
116175102648494	116175117402869	116175102489015
116175191686463	116175209049275	116175191575057
116175206030734	116175217382348	116175205890682
116175212406567	116175225713285	116175212317921
116175222579536	116175234044222	116175222498859
116175232493546	116175250705264	116175232401984
116175236739588	116175259037191	116175236674328
116175270653078	116175284035941	116175270592661
116175278408963	116175292370421	116175278345161
116175286792192	116175300703807	116175286750890
116175305335109	116175317373442	116175305275942
116175320635890	116175334039744	116175320531098
116175329033234	116175342374014	116175328941619
116175346355213	116175359039796	116175346255578
116175371782661	116175384035213	116175371681411
116175378962557	116175392366931	116175378931984
116175395354275	116175409031723	116175395286515
116175421653338	116175434022660	116175421582505
116175428309484	116175442354275	116175428270161
116175537558442	116175550688077	116175537469900
116175539015630	116175559023494	116175538982036
116175656628911	116175675692816	116175656488025
116175659253286	116175684025577	116175659178129
116175763481098	116175775703598	116175763393390
116175765113650	116175784037035	116175765060629
116175769698182	116175792371202	116175769669119
116175878853963	116175892364744	116175878713442
116175964729379	116175975699119	116175964642504
116175979058754	116175992363024	116175978979275

=== poll 1790360692.306544953
8333333
116172792852714	116172809085994	116172792709849
116172904445422	116172917443183	116172904267453
116172912758339	116172925777713	116172912649745
116173022967297	116173042440213	116173022757349
116173141166933	116173159119901	116173141019172
116173143532974	116173167454068	116173143439172
116173152064693	116173175788755	116173145058651
116173180662401	116173192454641	116173180585110
116173189558183	116173200786984	116173189492349
116173203737401	116173217450162	116173203673287
116173216746412	116173234118391	116173216669432
116173232342922	116173250788234	116173232101776
116173236999849	116173259123078	116173236939068
116173246205630	116173267458494	116173246122141
116173262914797	116173275793130	116173262819901
116173279043651	116173292458651	116173278967714
116173295611203	116173309126775	116173295512662
116173311977870	116173325794276	116173311924380
116173350027922	116173367465161	116173349904328
116173354608599	116173375800682	116173354510943
116173362931151	116173384136203	116173362827089
116173379034537	116173392470734	116173378933547
116173403972662	116173417475370	116173403748287
116173456488026	116173467487973	116173456340943
116173463090266	116173475823234	116173463020474
116173576219276	116173592509588	116173576133755
116173700457766	116173717516776	116173700359120
116173771746880	116173784179849	116173771608495
116173786708391	116173800847661	116173786633130
116173887245578	116173900843390	116173887104953
116173988721203	116174000857557	116173988616307
116173996030526	116174009194432	116173995927349
116174003231672	116174017529848	116174003193338
116174112079328	116174125861619	116174111917557
116174217716203	116174234175629	116174217626099
116174219923963	116174242507296	116174219863338
116174324349432	116174342486411	116174324278703
116174328282922	116174350819067	116174328233130
116174443549849	116174459138703	116174443398703
116174550532140	116174567463650	116174550435161
116174670426567	116174684133442	116174670302974
116174759925057	116174775811983	116174759820317
116174762229432	116174784147088	116174762204015
116174770286619	116174792480525	116174770198338
116174876008234	116174892455213	116174875926515
116174878075317	116174900787244	116174878042609
116174978598651	116174992424484	116174978514276
116174987601307	116175000756306	116174987553182
116175102648494	116175117402869	116175102489015
116175191686463	116175209049275	116175191575057
116175206030734	116175217382348	116175205890682
116175212406567	116175225713285	116175212317921
116175222579536	116175234044222	116175222498859
116175232493546	116175250705264	116175232401984
116175236739588	116175259037191	116175236674328
116175270653078	116175284035941	116175270592661
116175278408963	116175292370421	116175278345161
116175286792192	116175300703807	116175286750890
116175305335109	116175317373442	116175305275942
116175320635890	116175334039744	116175320531098
116175329033234	116175342374014	116175328941619
116175346355213	116175359039796	116175346255578
116175371782661	116175384035213	116175371681411
116175378962557	116175392366931	116175378931984
116175395354275	116175409031723	116175395286515
116175421653338	116175434022660	116175421582505
116175428309484	116175442354275	116175428270161
116175537558442	116175550688077	116175537469900
116175539015630	116175559023494	116175538982036
116175656628911	116175675692816	116175656488025
116175659253286	116175684025577	116175659178129
116175763481098	116175775703598	116175763393390
116175765113650	116175784037035	116175765060629
116175769698182	116175792371202	116175769669119
116175878853963	116175892364744	116175878713442
116175964729379	116175975699119	116175964642504
116175979058754	116175992363024	116175978979275
116176110597140	116176125674900	116176110496567
116176112168442	116176134008441	116176112130577
116176120113754	116176142342088	116176120060056
116176188041879	116176200678233	116176187944692
116176204370004	116176217342920	116176204279900
116176211692036	116176225675472	116176211650629
116176320191150	116176334022452	116176319895421
116176439476723	116176459018233	116176439289327
116176543322400	116176559021149	116176543180212
116176653367660	116176667366045	116176653219796
116176661686879	116176675700837	116176661621150
116176771568546	116176784043857	116176771362087
116176876711671	116176892392399	116176876593962
116176992297608	116177009081149	116176992147921
116177102171671	116177117440264	116177102090108
116177103684066	116177125776514	116177103656254
116177196556254	116177209118858	116177196433233
116177198435525	116177217453180	116177198386046
116177211743598	116177225787191	116177211698650
116177221215681	116177234120681	116177221173858
116177229531618	116177242453285	116177229463546
116177236872504	116177250787451	116177236792400
116177253818702	116177267454743	116177253735212
116177278478910	116177292457139	116177278423650
116177296727348	116177309124951	116177296649535
116177306417868	116177317459170	116177306377556
116177316396306	116177334126045	116177316326723
116177321349483	116177342460055	116177321317660
116177328535577	116177350792555	116177328477556
116177337131046	116177359124326	116177337048493
116177353726827	116177367458493	116177353655785
116177390084795	116177400790420	116177390028181
116177403867452	116177417457503	116177403824691
116177417152191	116177434123440	116177417012608
116177422080733	116177442457868	116177422017556
116177431871670	116177450792764	116177431830368
116177548377608	116177559126983	116177548292139
116177549896202	116177567461931	116177549855941
116177561786775	116177575798389	116177561713441
116177659267764	116177675813441	116177659179014
116177770745629	116177784154743	116177770643493
116177773004743	116177792490680	116177772939900
116177778087243	116177800825003	116177778053597
116177856986306	116177875827868	116177856900108
116177869963129	116177884162139	116177869918754
116177987517243	116178000820836	116177987430993
116177989669118	116178009153336	116177989639587
116177995929847	116178017486305	116177995878754
116178114170524	116178134136669	116178113972399
116178244500837	9223372036854775807	116178244385472

=== poll 1790360694.575274484
8333333
116174987601307	116175000756306	116174987553182
116175102648494	116175117402869	116175102489015
116175191686463	116175209049275	116175191575057
116175206030734	116175217382348	116175205890682
116175212406567	116175225713285	116175212317921
116175222579536	116175234044222	116175222498859
116175232493546	116175250705264	116175232401984
116175236739588	116175259037191	116175236674328
116175270653078	116175284035941	116175270592661
116175278408963	116175292370421	116175278345161
116175286792192	116175300703807	116175286750890
116175305335109	116175317373442	116175305275942
116175320635890	116175334039744	116175320531098
116175329033234	116175342374014	116175328941619
116175346355213	116175359039796	116175346255578
116175371782661	116175384035213	116175371681411
116175378962557	116175392366931	116175378931984
116175395354275	116175409031723	116175395286515
116175421653338	116175434022660	116175421582505
116175428309484	116175442354275	116175428270161
116175537558442	116175550688077	116175537469900
116175539015630	116175559023494	116175538982036
116175656628911	116175675692816	116175656488025
116175659253286	116175684025577	116175659178129
116175763481098	116175775703598	116175763393390
116175765113650	116175784037035	116175765060629
116175769698182	116175792371202	116175769669119
116175878853963	116175892364744	116175878713442
116175964729379	116175975699119	116175964642504
116175979058754	116175992363024	116175978979275
116176110597140	116176125674900	116176110496567
116176112168442	116176134008441	116176112130577
116176120113754	116176142342088	116176120060056
116176188041879	116176200678233	116176187944692
116176204370004	116176217342920	116176204279900
116176211692036	116176225675472	116176211650629
116176320191150	116176334022452	116176319895421
116176439476723	116176459018233	116176439289327
116176543322400	116176559021149	116176543180212
116176653367660	116176667366045	116176653219796
116176661686879	116176675700837	116176661621150
116176771568546	116176784043857	116176771362087
116176876711671	116176892392399	116176876593962
116176992297608	116177009081149	116176992147921
116177102171671	116177117440264	116177102090108
116177103684066	116177125776514	116177103656254
116177196556254	116177209118858	116177196433233
116177198435525	116177217453180	116177198386046
116177211743598	116177225787191	116177211698650
116177221215681	116177234120681	116177221173858
116177229531618	116177242453285	116177229463546
116177236872504	116177250787451	116177236792400
116177253818702	116177267454743	116177253735212
116177278478910	116177292457139	116177278423650
116177296727348	116177309124951	116177296649535
116177306417868	116177317459170	116177306377556
116177316396306	116177334126045	116177316326723
116177321349483	116177342460055	116177321317660
116177328535577	116177350792555	116177328477556
116177337131046	116177359124326	116177337048493
116177353726827	116177367458493	116177353655785
116177390084795	116177400790420	116177390028181
116177403867452	116177417457503	116177403824691
116177417152191	116177434123440	116177417012608
116177422080733	116177442457868	116177422017556
116177431871670	116177450792764	116177431830368
116177548377608	116177559126983	116177548292139
116177549896202	116177567461931	116177549855941
116177561786775	116177575798389	116177561713441
116177659267764	116177675813441	116177659179014
116177770745629	116177784154743	116177770643493
116177773004743	116177792490680	116177772939900
116177778087243	116177800825003	116177778053597
116177856986306	116177875827868	116177856900108
116177869963129	116177884162139	116177869918754
116177987517243	116178000820836	116177987430993
116177989669118	116178009153336	116177989639587
116177995929847	116178017486305	116177995878754
116178114170524	116178134136669	116178113972399
116178244500837	116178259124378	116178244385472
116178321244483	116178342437920	116178321102087
116178328658337	116178350769638	116178328573128
116178427979691	116178442407347	116178427867295
116178437287920	116178450739378	116178437152243
116178527463753	116178542375992	116178527375680
116178529362608	116178550707086	116178529270680
116178538785264	116178559036826	116178538690212
116178643148753	116178658977243	116178643051774
116178644720055	116178667309170	116178644684483
116178760266045	116178775615211	116178760121930
116178868481774	116178883908753	116178868310212
116178870722868	116178892239795	116178870681514
116178985329274	116179000540315	116178985082034
116178987506722	116179008871149	116178987369222
116179095439014	116179108833232	116179095281566
116179104088857	116179117163909	116179103960212
116179219167816	116179233805367	116179219031982
116179221574014	116179242136044	116179221491982
116179228130159	116179250466149	116179228082086
116179246014534	116179258796305	116179245966878
116179252790941	116179267126305	116179252755211
116179270045420	116179283787659	116179269954639
116179295563597	116179308780524	116179295493753
116179316266201	116179333779274	116179316172920
116179320648128	116179342111253	116179320557972
116179331392711	116179350443701	116179331308076
116179337419274	116179358777971	116179337312347
116179353591774	116179367111930	116179353548076
116179371912086	116179383778908	116179371810836
116179397834482	116179408777659	116179397769430
116179422779326	116179433779638	116179422703076
116179431745368	116179450444950	116179431700680
116179436349743	116179458776669	116179436311826
116179529537399	116179542101096	116179529364222
116179539119534	116179550433075	116179539026722
116179646556774	116179658764533	116179646416878
116179654736357	116179667098700	116179654635784
116179752609586	116179767109377	116179752467607
116179755050628	116179775442502	116179754941774
116179871249534	116179883784846	116179871119795
116179977245472	116179992134899	116179977116982
116180027686722	116180042141044	116179979201774
116180086323544	116180108802919	116180086259638
116180191785992	116180208789898	116180191697972
116180244535471	116180258776356	116180194433284
116180303253492	116180317103700	116180303074221
116180426952138	116180442088909	116180426810107

=== poll 1790360696.841493233
8333333
116177221215681	116177234120681	116177221173858
116177229531618	116177242453285	116177229463546
116177236872504	116177250787451	116177236792400
116177253818702	116177267454743	116177253735212
116177278478910	116177292457139	116177278423650
116177296727348	116177309124951	116177296649535
116177306417868	116177317459170	116177306377556
116177316396306	116177334126045	116177316326723
116177321349483	116177342460055	116177321317660
116177328535577	116177350792555	116177328477556
116177337131046	116177359124326	116177337048493
116177353726827	116177367458493	116177353655785
116177390084795	116177400790420	116177390028181
116177403867452	116177417457503	116177403824691
116177417152191	116177434123440	116177417012608
116177422080733	116177442457868	116177422017556
116177431871670	116177450792764	116177431830368
116177548377608	116177559126983	116177548292139
116177549896202	116177567461931	116177549855941
116177561786775	116177575798389	116177561713441
116177659267764	116177675813441	116177659179014
116177770745629	116177784154743	116177770643493
116177773004743	116177792490680	116177772939900
116177778087243	116177800825003	116177778053597
116177856986306	116177875827868	116177856900108
116177869963129	116177884162139	116177869918754
116177987517243	116178000820836	116177987430993
116177989669118	116178009153336	116177989639587
116177995929847	116178017486305	116177995878754
116178114170524	116178134136669	116178113972399
116178244500837	116178259124378	116178244385472
116178321244483	116178342437920	116178321102087
116178328658337	116178350769638	116178328573128
116178427979691	116178442407347	116178427867295
116178437287920	116178450739378	116178437152243
116178527463753	116178542375992	116178527375680
116178529362608	116178550707086	116178529270680
116178538785264	116178559036826	116178538690212
116178643148753	116178658977243	116178643051774
116178644720055	116178667309170	116178644684483
116178760266045	116178775615211	116178760121930
116178868481774	116178883908753	116178868310212
116178870722868	116178892239795	116178870681514
116178985329274	116179000540315	116178985082034
116178987506722	116179008871149	116178987369222
116179095439014	116179108833232	116179095281566
116179104088857	116179117163909	116179103960212
116179219167816	116179233805367	116179219031982
116179221574014	116179242136044	116179221491982
116179228130159	116179250466149	116179228082086
116179246014534	116179258796305	116179245966878
116179252790941	116179267126305	116179252755211
116179270045420	116179283787659	116179269954639
116179295563597	116179308780524	116179295493753
116179316266201	116179333779274	116179316172920
116179320648128	116179342111253	116179320557972
116179331392711	116179350443701	116179331308076
116179337419274	116179358777971	116179337312347
116179353591774	116179367111930	116179353548076
116179371912086	116179383778908	116179371810836
116179397834482	116179408777659	116179397769430
116179422779326	116179433779638	116179422703076
116179431745368	116179450444950	116179431700680
116179436349743	116179458776669	116179436311826
116179529537399	116179542101096	116179529364222
116179539119534	116179550433075	116179539026722
116179646556774	116179658764533	116179646416878
116179654736357	116179667098700	116179654635784
116179752609586	116179767109377	116179752467607
116179755050628	116179775442502	116179754941774
116179871249534	116179883784846	116179871119795
116179977245472	116179992134899	116179977116982
116180027686722	116180042141044	116179979201774
116180086323544	116180108802919	116180086259638
116180191785992	116180208789898	116180191697972
116180244535471	116180258776356	116180194433284
116180303253492	116180317103700	116180303074221
116180426952138	116180442088909	116180426810107
116180553563180	116180567102710	116180553425159
116180661031930	116180675460055	116180660919690
116180662749273	116180683795836	116180662682971
116180669580419	116180692131617	116180669528909
116180745683388	116180758813804	116180745550992
116180753678128	116180767149064	116180753633857
116180856832971	116180875506252	116180856707086
116180861104586	116180883842398	116180861070315
116180986386409	116181000518596	116180986194273
116181086613492	116181100536669	116181086548752
116181207026148	116181225537398	116181206854377
116181209604846	116181233870366	116181209504794
116181216832763	116181242202658	116181211949169
116181225404482	116181250534429	116181219546617
116181233737450	116181258865836	116181228042815
116181241841357	116181267197970	116181238994534
116181250978075	116181275529221	116181244671565
116181271448752	116181283861460	116181271377554
116181287648492	116181300525939	116181287582138
116181297395471	116181308858960	116181297323648
116181303379325	116181317191877	116181303328909
116181311953440	116181325524950	116181311867711
116181328898127	116181342193283	116181328806981
116181355403231	116181367192450	116181355349638
116181362270940	116181375524533	116181362207502
116181378292763	116181392189845	116181378242763
116181405465211	116181417190367	116181405386773
116181420623492	116181433858595	116181420525940
116181430285263	116181442191147	116181430246773
116181440757086	116181458857242	116181440720419
116181444991565	116181467190575	116181444959794
116181546299794	116181558853803	116181546149742
116181548867086	116181567186356	116181548796981
116181644475054	116181658867293	116181644394429
116181645953023	116181667202606	116181645920992
116181763429273	116181775572345	116181763164846
116181869942658	116181883921981	116181869792085
116181879319742	116181892254897	116181879215835
116181986205887	116182000589480	116181986119690
116182088980262	116182100624168	116182088925054
116182097100367	116182108961616	116182097024742
116182206523908	116182217326460	116182206465627
116182314319377	116182325696668	116182314259742
116182322117137	116182334031877	116182322034742
116182429259325	116182442377866	116182429144325
116182546513439	116182559035366	116182546327814
116182554317085	116182567366564	116182554215419
116182655081460	116182667337761	116182654985783
116182662712346	116182675670835	116182662543179

=== poll 1790360699.098791982
8333333
116179246014534	116179258796305	116179245966878
116179252790941	116179267126305	116179252755211
116179270045420	116179283787659	116179269954639
116179295563597	116179308780524	116179295493753
116179316266201	116179333779274	116179316172920
116179320648128	116179342111253	116179320557972
116179331392711	116179350443701	116179331308076
116179337419274	116179358777971	116179337312347
116179353591774	116179367111930	116179353548076
116179371912086	116179383778908	116179371810836
116179397834482	116179408777659	116179397769430
116179422779326	116179433779638	116179422703076
116179431745368	116179450444950	116179431700680
116179436349743	116179458776669	116179436311826
116179529537399	116179542101096	116179529364222
116179539119534	116179550433075	116179539026722
116179646556774	116179658764533	116179646416878
116179654736357	116179667098700	116179654635784
116179752609586	116179767109377	116179752467607
116179755050628	116179775442502	116179754941774
116179871249534	116179883784846	116179871119795
116179977245472	116179992134899	116179977116982
116180027686722	116180042141044	116179979201774
116180086323544	116180108802919	116180086259638
116180191785992	116180208789898	116180191697972
116180244535471	116180258776356	116180194433284
116180303253492	116180317103700	116180303074221
116180426952138	116180442088909	116180426810107
116180553563180	116180567102710	116180553425159
116180661031930	116180675460055	116180660919690
116180662749273	116180683795836	116180662682971
116180669580419	116180692131617	116180669528909
116180745683388	116180758813804	116180745550992
116180753678128	116180767149064	116180753633857
116180856832971	116180875506252	116180856707086
116180861104586	116180883842398	116180861070315
116180986386409	116181000518596	116180986194273
116181086613492	116181100536669	116181086548752
116181207026148	116181225537398	116181206854377
116181209604846	116181233870366	116181209504794
116181216832763	116181242202658	116181211949169
116181225404482	116181250534429	116181219546617
116181233737450	116181258865836	116181228042815
116181241841357	116181267197970	116181238994534
116181250978075	116181275529221	116181244671565
116181271448752	116181283861460	116181271377554
116181287648492	116181300525939	116181287582138
116181297395471	116181308858960	116181297323648
116181303379325	116181317191877	116181303328909
116181311953440	116181325524950	116181311867711
116181328898127	116181342193283	116181328806981
116181355403231	116181367192450	116181355349638
116181362270940	116181375524533	116181362207502
116181378292763	116181392189845	116181378242763
116181405465211	116181417190367	116181405386773
116181420623492	116181433858595	116181420525940
116181430285263	116181442191147	116181430246773
116181440757086	116181458857242	116181440720419
116181444991565	116181467190575	116181444959794
116181546299794	116181558853803	116181546149742
116181548867086	116181567186356	116181548796981
116181644475054	116181658867293	116181644394429
116181645953023	116181667202606	116181645920992
116181763429273	116181775572345	116181763164846
116181869942658	116181883921981	116181869792085
116181879319742	116181892254897	116181879215835
116181986205887	116182000589480	116181986119690
116182088980262	116182100624168	116182088925054
116182097100367	116182108961616	116182097024742
116182206523908	116182217326460	116182206465627
116182314319377	116182325696668	116182314259742
116182322117137	116182334031877	116182322034742
116182429259325	116182442377866	116182429144325
116182546513439	116182559035366	116182546327814
116182554317085	116182567366564	116182554215419
116182655081460	116182667337761	116182654985783
116182662712346	116182675670835	116182662543179
116182794218491	116182809002136	116182794110314
116182855182189	116182867346928	116182855090002
116182864757398	116182875682658	116182864681616
116182870171356	116182884018074	116182870086304
116182987167606	116183000712918	116182987005835
116183100849377	116183117409324	116183100756408
116183179014429	116183192409845	116183178921668
116183205766772	116183217406720	116183205694377
116183212921616	116183225739064	116183212863127
116183220648283	116183234071147	116183220578752
116183230916147	116183242403178	116183230833075
116183241162085	116183259069949	116183241068231
116183245644689	116183267404949	116183245550314
116183262500887	116183275739428	116183262414012
116183289694272	116183300742761	116183289650210
116183299650106	116183317411095	116183299586304
116183313999220	116183325745261	116183313963439
116183320783804	116183334077918	116183320741772
116183328701460	116183342411355	116183328624949
116183354389481	116183367414428	116183354345002
116183363897033	116183375748438	116183363832397
116183379015106	116183392411615	116183378962449
116183404058127	116183417409845	116183403986981
116183414266720	116183425741199	116183414213543
116183428387918	116183442403699	116183428349064
116183543226304	116183559047293	116183543140158
116183545345470	116183567380938	116183545276720
116183651783491	116183667362501	116183651683960
116183653371095	116183675694740	116183653344689
116183661544689	116183684027501	116183661504637
116183771760262	116183784032501	116183771568283
116183872203126	116183884030209	116183871969793
116183879026512	116183892364688	116183878928074
116183973494064	116183992371147	116183973346772
116183975728855	116184000706303	116183975633751
116183987539845	116184009039689	116183987434480
116184104378022	116184117368907	116184104105314
116184208991043	116184225689376	116184208911407
116184321297710	116184334019272	116184321158178
116184324326095	116184342351980	116184324232866
116184426661459	116184442350313	116184426514480
116184535957084	116184550687292	116184535784376
116184644629741	116184659008906	116184644524220
116184654497293	116184667341199	116184654428595
116184765283803	116184783974219	116184765130209
116184767825522	116184792306980	116184767731511
116184861762188	116184875630678	116184861553282
116184977942136	116184992303229	116184977842501
116184979679741	116185000637188	116184979644636
116184986458230	116185008969948	116184986403334

=== poll 1790360701.365729794
8333333
116181444991565	116181467190575	116181444959794
116181546299794	116181558853803	116181546149742
116181548867086	116181567186356	116181548796981
116181644475054	116181658867293	116181644394429
116181645953023	116181667202606	116181645920992
116181763429273	116181775572345	116181763164846
116181869942658	116181883921981	116181869792085
116181879319742	116181892254897	116181879215835
116181986205887	116182000589480	116181986119690
116182088980262	116182100624168	116182088925054
116182097100367	116182108961616	116182097024742
116182206523908	116182217326460	116182206465627
116182314319377	116182325696668	116182314259742
116182322117137	116182334031877	116182322034742
116182429259325	116182442377866	116182429144325
116182546513439	116182559035366	116182546327814
116182554317085	116182567366564	116182554215419
116182655081460	116182667337761	116182654985783
116182662712346	116182675670835	116182662543179
116182794218491	116182809002136	116182794110314
116182855182189	116182867346928	116182855090002
116182864757398	116182875682658	116182864681616
116182870171356	116182884018074	116182870086304
116182987167606	116183000712918	116182987005835
116183100849377	116183117409324	116183100756408
116183179014429	116183192409845	116183178921668
116183205766772	116183217406720	116183205694377
116183212921616	116183225739064	116183212863127
116183220648283	116183234071147	116183220578752
116183230916147	116183242403178	116183230833075
116183241162085	116183259069949	116183241068231
116183245644689	116183267404949	116183245550314
116183262500887	116183275739428	116183262414012
116183289694272	116183300742761	116183289650210
116183299650106	116183317411095	116183299586304
116183313999220	116183325745261	116183313963439
116183320783804	116183334077918	116183320741772
116183328701460	116183342411355	116183328624949
116183354389481	116183367414428	116183354345002
116183363897033	116183375748438	116183363832397
116183379015106	116183392411615	116183378962449
116183404058127	116183417409845	116183403986981
116183414266720	116183425741199	116183414213543
116183428387918	116183442403699	116183428349064
116183543226304	116183559047293	116183543140158
116183545345470	116183567380938	116183545276720
116183651783491	116183667362501	116183651683960
116183653371095	116183675694740	116183653344689
116183661544689	116183684027501	116183661504637
116183771760262	116183784032501	116183771568283
116183872203126	116183884030209	116183871969793
116183879026512	116183892364688	116183878928074
116183973494064	116183992371147	116183973346772
116183975728855	116184000706303	116183975633751
116183987539845	116184009039689	116183987434480
116184104378022	116184117368907	116184104105314
116184208991043	116184225689376	116184208911407
116184321297710	116184334019272	116184321158178
116184324326095	116184342351980	116184324232866
116184426661459	116184442350313	116184426514480
116184535957084	116184550687292	116184535784376
116184644629741	116184659008906	116184644524220
116184654497293	116184667341199	116184654428595
116184765283803	116184783974219	116184765130209
116184767825522	116184792306980	116184767731511
116184861762188	116184875630678	116184861553282
116184977942136	116184992303229	116184977842501
116184979679741	116185000637188	116184979644636
116184986458230	116185008969948	116184986403334
116185074887605	116185092299896	116185074822345
116185080323334	116185100634219	116185080252918
116185196268022	116185208956042	116185196207240
116185205353126	116185217287865	116185205304688
116185225345209	116185242282969	116185224854480
116185230565157	116185250614792	116185230490001
116185248093595	116185258947969	116185248029949
116185264309220	116185275612657	116185264215522
116185299009532	116185317272032	116185298957917
116185305976251	116185325604844	116185305869063
116185314062240	116185333938333	116185313988438
116185329029480	116185342273542	116185328873438
116185357864532	116185375602917	116185357797084
116185361805157	116185383934376	116185361772657
116185389936303	116185408927656	116185389831824
116185403584532	116185417260053	116185403520574
116185411937292	116185425592500	116185411838647
116185428844740	116185442258021	116185428791251
116185491909272	116185508926042	116185491805105
116185503270730	116185517261458	116185503222553
116185622025001	116185633915104	116185621903438
116185624476667	116185642246146	116185624379376
116185726071407	116185742217605	116185725985053
116185727718803	116185750548542	116185727664480
116185835128959	116185850540104	116185835016355
116185836639584	116185858871928	116185836607501
116185944618959	116185958880886	116185944398334
116185947025157	116185967213750	116185946990365
116185952952084	116185975548854	116185952917709
116186069620678	116186083899428	116186069486563
116186176900573	116186192229948	116186176773073
116186292631875	116186308868438	116186292528959
116186402189375	116186417178542	116186402078646
116186411708490	116186425510312	116186411625782
116186518168073	116186533826510	116186518065573
116186519814271	116186542158958	116186519778646
116186638104167	116186650484166	116186637900313
116186687700729	116186700474531	116186687550365
116186737054167	116186750459114	116186736904948
116186745136511	116186758791354	116186745025521
116186851468125	116186867109583	116186851384167
116186852999792	116186875442396	116186852966511
116186969118334	116186983742291	116186968974636
116186971591823	116186992075989	116186971486354
116187077054375	116187092064947	116187076824740
116187079715000	116187100398229	116187079623958
116187186523073	116187200377082	116187186380781
116187188848386	116187208708333	116187188702761
116187196524896	116187217038854	116187196450313
116187219452865	116187233701823	116187219403698
116187229201771	116187242035573	116187229124688
116187236228177	116187250370104	116187236190313
116187253272031	116187267042031	116187253181146
116187279430000	116187292044374	116187279355104
116187299596823	116187317041041	116187299489427
116187303897188	116187325375104	116187303820417
116187314345625	9223372036854775807	116187314252448
116187319887135	9223372036854775807	116187319841510

=== poll 1790360703.788631459
8333333
116184208991043	116184225689376	116184208911407
116184321297710	116184334019272	116184321158178
116184324326095	116184342351980	116184324232866
116184426661459	116184442350313	116184426514480
116184535957084	116184550687292	116184535784376
116184644629741	116184659008906	116184644524220
116184654497293	116184667341199	116184654428595
116184765283803	116184783974219	116184765130209
116184767825522	116184792306980	116184767731511
116184861762188	116184875630678	116184861553282
116184977942136	116184992303229	116184977842501
116184979679741	116185000637188	116184979644636
116184986458230	116185008969948	116184986403334
116185074887605	116185092299896	116185074822345
116185080323334	116185100634219	116185080252918
116185196268022	116185208956042	116185196207240
116185205353126	116185217287865	116185205304688
116185225345209	116185242282969	116185224854480
116185230565157	116185250614792	116185230490001
116185248093595	116185258947969	116185248029949
116185264309220	116185275612657	116185264215522
116185299009532	116185317272032	116185298957917
116185305976251	116185325604844	116185305869063
116185314062240	116185333938333	116185313988438
116185329029480	116185342273542	116185328873438
116185357864532	116185375602917	116185357797084
116185361805157	116185383934376	116185361772657
116185389936303	116185408927656	116185389831824
116185403584532	116185417260053	116185403520574
116185411937292	116185425592500	116185411838647
116185428844740	116185442258021	116185428791251
116185491909272	116185508926042	116185491805105
116185503270730	116185517261458	116185503222553
116185622025001	116185633915104	116185621903438
116185624476667	116185642246146	116185624379376
116185726071407	116185742217605	116185725985053
116185727718803	116185750548542	116185727664480
116185835128959	116185850540104	116185835016355
116185836639584	116185858871928	116185836607501
116185944618959	116185958880886	116185944398334
116185947025157	116185967213750	116185946990365
116185952952084	116185975548854	116185952917709
116186069620678	116186083899428	116186069486563
116186176900573	116186192229948	116186176773073
116186292631875	116186308868438	116186292528959
116186402189375	116186417178542	116186402078646
116186411708490	116186425510312	116186411625782
116186518168073	116186533826510	116186518065573
116186519814271	116186542158958	116186519778646
116186638104167	116186650484166	116186637900313
116186687700729	116186700474531	116186687550365
116186737054167	116186750459114	116186736904948
116186745136511	116186758791354	116186745025521
116186851468125	116186867109583	116186851384167
116186852999792	116186875442396	116186852966511
116186969118334	116186983742291	116186968974636
116186971591823	116186992075989	116186971486354
116187077054375	116187092064947	116187076824740
116187079715000	116187100398229	116187079623958
116187186523073	116187200377082	116187186380781
116187188848386	116187208708333	116187188702761
116187196524896	116187217038854	116187196450313
116187219452865	116187233701823	116187219403698
116187229201771	116187242035573	116187229124688
116187236228177	116187250370104	116187236190313
116187253272031	116187267042031	116187253181146
116187279430000	116187292044374	116187279355104
116187299596823	116187317041041	116187299489427
116187303897188	116187325375104	116187303820417
116187314345625	116187333710260	116187314252448
116187319887135	116187342045833	116187319841510
116187336555990	116187350381406	116187336492865
116187353052083	116187367049635	116187352988750
116187370210573	116187383715729	116187370095990
116187395405313	116187408715416	116187395290990
116187405381302	116187417048333	116187405299635
116187412134948	116187425381718	116187412044583
116187420086458	116187433716614	116187419963958
116187495219115	116187508712082	116187495121354
116187511292292	116187525377395	116187511243958
116187627189792	116187642043385	116187627093177
116187637532083	116187650375416	116187637464792
116187742447656	116187758703437	116187742359167
116187744589271	116187767035364	116187744491354
116187855019479	116187867041510	116187854887500
116187857656458	116187875373957	116187857559375
116187970294635	116187983706613	116187970137187
116188070835052	116188083705520	116188070750000
116188072539896	116188092038905	116188072449271
116188077759062	116188100373958	116188077731041
116188192564896	116188208685051	116188192420208
116188294750625	116188308671509	116188294685937
116188418691875	116188433650311	116188418480677
116188520695312	116188533640311	116188520600520
116188527832812	116188541972811	116188527752552
116188643996197	116188658601979	116188643814895
116188653317031	116188666931301	116188653249270
116188760207083	116188775222551	116188760135208
116188769737552	116188783553437	116188769680260
116188880220260	116188900200676	116188879998385
116188975033697	116188991865051	116188974951197
116188977654114	116189000197499	116188977627760
116189087624062	116189100179634	116189087476718
116189095067187	116189108511821	116189094969010
116189203592343	116189216835520	116189203494947
116189205410103	116189225167551	116189205378124
116189211730208	116189233499843	116189211668228
116189240700520	116189258494166	116189240643228
116189261926926	116189275155416	116189261886249
116189270548176	116189283485415	116189270508645
116189294987864	116189308478333	116189294941666
116189306421458	116189325141613	116189306331718
116189316776666	116189333472655	116189316679166
116189320080572	116189341803697	116189319994583
116189349705937	116189366798957	116189349641353
116189366653281	116189383463384	116189366585885
116189383251041	116189400127915	116189383203280
116189395541926	116189408460728	116189395496197
116189403026874	116189416792342	116189402994791
116189413007187	116189425125155	116189412979687
116189420283905	116189433458228	116189420209530
116189445222499	116189458458124	116189445168072
116189523936770	116189550122655	116189523790989
116189528299426	116189558454999	116189528207030
116189536414635	116189566788957	116189536339635
116189634789374	116189650099113	116189634696093
116189744420885	9223372036854775807	116189744319270

=== poll 1790360706.059284271
8333333
116186737054167	116186750459114	116186736904948
116186745136511	116186758791354	116186745025521
116186851468125	116186867109583	116186851384167
116186852999792	116186875442396	116186852966511
116186969118334	116186983742291	116186968974636
116186971591823	116186992075989	116186971486354
116187077054375	116187092064947	116187076824740
116187079715000	116187100398229	116187079623958
116187186523073	116187200377082	116187186380781
116187188848386	116187208708333	116187188702761
116187196524896	116187217038854	116187196450313
116187219452865	116187233701823	116187219403698
116187229201771	116187242035573	116187229124688
116187236228177	116187250370104	116187236190313
116187253272031	116187267042031	116187253181146
116187279430000	116187292044374	116187279355104
116187299596823	116187317041041	116187299489427
116187303897188	116187325375104	116187303820417
116187314345625	116187333710260	116187314252448
116187319887135	116187342045833	116187319841510
116187336555990	116187350381406	116187336492865
116187353052083	116187367049635	116187352988750
116187370210573	116187383715729	116187370095990
116187395405313	116187408715416	116187395290990
116187405381302	116187417048333	116187405299635
116187412134948	116187425381718	116187412044583
116187420086458	116187433716614	116187419963958
116187495219115	116187508712082	116187495121354
116187511292292	116187525377395	116187511243958
116187627189792	116187642043385	116187627093177
116187637532083	116187650375416	116187637464792
116187742447656	116187758703437	116187742359167
116187744589271	116187767035364	116187744491354
116187855019479	116187867041510	116187854887500
116187857656458	116187875373957	116187857559375
116187970294635	116187983706613	116187970137187
116188070835052	116188083705520	116188070750000
116188072539896	116188092038905	116188072449271
116188077759062	116188100373958	116188077731041
116188192564896	116188208685051	116188192420208
116188294750625	116188308671509	116188294685937
116188418691875	116188433650311	116188418480677
116188520695312	116188533640311	116188520600520
116188527832812	116188541972811	116188527752552
116188643996197	116188658601979	116188643814895
116188653317031	116188666931301	116188653249270
116188760207083	116188775222551	116188760135208
116188769737552	116188783553437	116188769680260
116188880220260	116188900200676	116188879998385
116188975033697	116188991865051	116188974951197
116188977654114	116189000197499	116188977627760
116189087624062	116189100179634	116189087476718
116189095067187	116189108511821	116189094969010
116189203592343	116189216835520	116189203494947
116189205410103	116189225167551	116189205378124
116189211730208	116189233499843	116189211668228
116189240700520	116189258494166	116189240643228
116189261926926	116189275155416	116189261886249
116189270548176	116189283485415	116189270508645
116189294987864	116189308478333	116189294941666
116189306421458	116189325141613	116189306331718
116189316776666	116189333472655	116189316679166
116189320080572	116189341803697	116189319994583
116189349705937	116189366798957	116189349641353
116189366653281	116189383463384	116189366585885
116189383251041	116189400127915	116189383203280
116189395541926	116189408460728	116189395496197
116189403026874	116189416792342	116189402994791
116189413007187	116189425125155	116189412979687
116189420283905	116189433458228	116189420209530
116189445222499	116189458458124	116189445168072
116189523936770	116189550122655	116189523790989
116189528299426	116189558454999	116189528207030
116189536414635	116189566788957	116189536339635
116189634789374	116189650099113	116189634696093
116189744420885	116189758413020	116189744319270
116189746087655	116189766745363	116189746039322
116189877716457	116189891748123	116189877614114
116189886759582	116189900082915	116189886702082
116189961516249	116189975076353	116189961400155
116190068626822	116190083389843	116190068463749
116190071073176	116190091720832	116190070979270
116190077968853	116190100053227	116190077884634
116190184959686	116190200031196	116190184779061
116190292214009	116190308359269	116190292089843
116190294456145	116190316690571	116190294422395
116190409934895	116190425016457	116190409761405
116190517130988	116190533352551	116190516987238
116190519527968	116190541684842	116190519448072
116190626869686	116190641681665	116190626650728
116190629867030	116190650017030	116190629783488
116190638870363	116190658352133	116190638733540
116190747169634	116190758354790	116190746979790
116190851575259	116190866691717	116190851431092
116190959181040	116190975033540	116190959042394
116191069287551	116191083381301	116191069072186
116191071784426	116191091718175	116191071730467
116191175286353	116191191722811	116191175196040
116191178531821	116191200056300	116191178471978
116191186464634	116191208391196	116191186378696
116191213281509	116191225056977	116191213200988
116191221890936	116191233389842	116191221789530
116191227762863	116191241722758	116191227728280
116191254151040	116191266718956	116191254093749
116191273686665	116191291717550	116191273624894
116191289833488	116191308387290	116191289732342
116191294886405	116191316721873	116191294788749
116191312071092	116191325056925	116191311990571
116191339035571	116191350060363	116191338970259
116191344874374	116191358392915	116191344822603
116191361509686	116191375064529	116191361444946
116191396529269	116191408402237	116191396403384
116191407916248	116191425067810	116191407829269
116191411255832	116191433401404	116191411189269
116191504760988	116191516726716	116191504599790
116191507275363	116191525060988	116191507188644
116191519984113	116191533396717	116191519824790
116191619817394	116191633407967	116191619729790
116191621358436	116191641740935	116191621326769
116191733183540	116191750078747	116191733043853
116191735327342	116191758412758	116191735243071
116191745271092	116191766748331	116191745174373
116191837049269	116191850070102	116191836944165
116191845022602	116191858399997	116191844927446
116191946467550	116191958393747	116191946340415
116191949010988	116191966727967	116191948935467
116191952761977	116191975060987	116191952666196

=== poll 1790360708.352807187
8333333
116189203592343	116189216835520	116189203494947
116189205410103	116189225167551	116189205378124
116189211730208	116189233499843	116189211668228
116189240700520	116189258494166	116189240643228
116189261926926	116189275155416	116189261886249
116189270548176	116189283485415	116189270508645
116189294987864	116189308478333	116189294941666
116189306421458	116189325141613	116189306331718
116189316776666	116189333472655	116189316679166
116189320080572	116189341803697	116189319994583
116189349705937	116189366798957	116189349641353
116189366653281	116189383463384	116189366585885
116189383251041	116189400127915	116189383203280
116189395541926	116189408460728	116189395496197
116189403026874	116189416792342	116189402994791
116189413007187	116189425125155	116189412979687
116189420283905	116189433458228	116189420209530
116189445222499	116189458458124	116189445168072
116189523936770	116189550122655	116189523790989
116189528299426	116189558454999	116189528207030
116189536414635	116189566788957	116189536339635
116189634789374	116189650099113	116189634696093
116189744420885	116189758413020	116189744319270
116189746087655	116189766745363	116189746039322
116189877716457	116189891748123	116189877614114
116189886759582	116189900082915	116189886702082
116189961516249	116189975076353	116189961400155
116190068626822	116190083389843	116190068463749
116190071073176	116190091720832	116190070979270
116190077968853	116190100053227	116190077884634
116190184959686	116190200031196	116190184779061
116190292214009	116190308359269	116190292089843
116190294456145	116190316690571	116190294422395
116190409934895	116190425016457	116190409761405
116190517130988	116190533352551	116190516987238
116190519527968	116190541684842	116190519448072
116190626869686	116190641681665	116190626650728
116190629867030	116190650017030	116190629783488
116190638870363	116190658352133	116190638733540
116190747169634	116190758354790	116190746979790
116190851575259	116190866691717	116190851431092
116190959181040	116190975033540	116190959042394
116191069287551	116191083381301	116191069072186
116191071784426	116191091718175	116191071730467
116191175286353	116191191722811	116191175196040
116191178531821	116191200056300	116191178471978
116191186464634	116191208391196	116191186378696
116191213281509	116191225056977	116191213200988
116191221890936	116191233389842	116191221789530
116191227762863	116191241722758	116191227728280
116191254151040	116191266718956	116191254093749
116191273686665	116191291717550	116191273624894
116191289833488	116191308387290	116191289732342
116191294886405	116191316721873	116191294788749
116191312071092	116191325056925	116191311990571
116191339035571	116191350060363	116191338970259
116191344874374	116191358392915	116191344822603
116191361509686	116191375064529	116191361444946
116191396529269	116191408402237	116191396403384
116191407916248	116191425067810	116191407829269
116191411255832	116191433401404	116191411189269
116191504760988	116191516726716	116191504599790
116191507275363	116191525060988	116191507188644
116191519984113	116191533396717	116191519824790
116191619817394	116191633407967	116191619729790
116191621358436	116191641740935	116191621326769
116191733183540	116191750078747	116191733043853
116191735327342	116191758412758	116191735243071
116191745271092	116191766748331	116191745174373
116191837049269	116191850070102	116191836944165
116191845022602	116191858399997	116191844927446
116191946467550	116191958393747	116191946340415
116191949010988	116191966727967	116191948935467
116191952761977	116191975060987	116191952666196
116192051589946	116192066724112	116192051407029
116192054809113	116192075058643	116192054728644
116192061802029	116192083392654	116192061716300
116192193422498	116192208403539	116192193261248
116192270584998	116192291763904	116192270515936
116192278193800	116192300100675	116192278091144
116192398219894	116192416813435	116192398144113
116192399714686	116192425150206	116192399680363
116192408069634	116192433488904	116192402297029
116192509964477	116192525172133	116192509869269
116192620391665	116192633522915	116192620282133
116192628358696	116192641857133	116192628302654
116192719011248	116192733523122	116192718891821
116192721475883	116192741857185	116192721398696
116192842409894	116192858531091	116192842288175
116192943931925	116192958541612	116192943851456
116192945432967	116192966876508	116192945408071
116193061505154	116193083563279	116193061410050
116193071036456	116193091899165	116193070910935
116193168200727	116193183605675	116193168130310
116193169778487	116193191942549	116193169737289
116193177686977	116193200278799	116193177641092
116193197847602	116193208615101	116193197752446
116193205357810	116193216951507	116193205302602
116193215957862	116193233622966	116193215864477
116193219892289	116193241958278	116193219827706
116193248255310	116193266962029	116193248187498
116193273492289	116193291964633	116193273437706
116193282855935	116193300298956	116193282816248
116193286880467	116193308632341	116193286846352
116193316726977	116193333631352	116193316666612
116193328071716	116193341966143	116193328025727
116193349870310	116193366967549	116193349815258
116193363530206	116193375300934	116193363482341
116193372150727	116193383633382	116193372076248
116193381815883	116193400296039	116193381773696
116193386553435	116193408627654	116193386526925
116193395097654	116193416958018	116193394990883
116193501907966	116193516944008	116193501658748
116193503854737	116193525277133	116193503825727
116193579853643	116193591938747	116193579761352
116193594514633	116193608604268	116193594460206
116193709529998	116193725262653	116193709432498
116193812591612	116193825266403	116193812507029
116193819329320	116193833599476	116193819276039
116193944395466	116193958613122	116193944300623
116194045862706	116194058627028	116194045779060
116194047351716	116194066961820	116194047316768
116194053397445	116194075297133	116194053312341
116194177250831	116194191986090	116194177133383
116194187110206	116194200319945	116194187028122
116194305094216	9223372036854775807	116194304959633
116194306785831	9223372036854775807	116194306746768

=== poll 1790360710.623316821
8333333
116191069287551	116191083381301	116191069072186
116191071784426	116191091718175	116191071730467
116191175286353	116191191722811	116191175196040
116191178531821	116191200056300	116191178471978
116191186464634	116191208391196	116191186378696
116191213281509	116191225056977	116191213200988
116191221890936	116191233389842	116191221789530
116191227762863	116191241722758	116191227728280
116191254151040	116191266718956	116191254093749
116191273686665	116191291717550	116191273624894
116191289833488	116191308387290	116191289732342
116191294886405	116191316721873	116191294788749
116191312071092	116191325056925	116191311990571
116191339035571	116191350060363	116191338970259
116191344874374	116191358392915	116191344822603
116191361509686	116191375064529	116191361444946
116191396529269	116191408402237	116191396403384
116191407916248	116191425067810	116191407829269
116191411255832	116191433401404	116191411189269
116191504760988	116191516726716	116191504599790
116191507275363	116191525060988	116191507188644
116191519984113	116191533396717	116191519824790
116191619817394	116191633407967	116191619729790
116191621358436	116191641740935	116191621326769
116191733183540	116191750078747	116191733043853
116191735327342	116191758412758	116191735243071
116191745271092	116191766748331	116191745174373
116191837049269	116191850070102	116191836944165
116191845022602	116191858399997	116191844927446
116191946467550	116191958393747	116191946340415
116191949010988	116191966727967	116191948935467
116191952761977	116191975060987	116191952666196
116192051589946	116192066724112	116192051407029
116192054809113	116192075058643	116192054728644
116192061802029	116192083392654	116192061716300
116192193422498	116192208403539	116192193261248
116192270584998	116192291763904	116192270515936
116192278193800	116192300100675	116192278091144
116192398219894	116192416813435	116192398144113
116192399714686	116192425150206	116192399680363
116192408069634	116192433488904	116192402297029
116192509964477	116192525172133	116192509869269
116192620391665	116192633522915	116192620282133
116192628358696	116192641857133	116192628302654
116192719011248	116192733523122	116192718891821
116192721475883	116192741857185	116192721398696
116192842409894	116192858531091	116192842288175
116192943931925	116192958541612	116192943851456
116192945432967	116192966876508	116192945408071
116193061505154	116193083563279	116193061410050
116193071036456	116193091899165	116193070910935
116193168200727	116193183605675	116193168130310
116193169778487	116193191942549	116193169737289
116193177686977	116193200278799	116193177641092
116193197847602	116193208615101	116193197752446
116193205357810	116193216951507	116193205302602
116193215957862	116193233622966	116193215864477
116193219892289	116193241958278	116193219827706
116193248255310	116193266962029	116193248187498
116193273492289	116193291964633	116193273437706
116193282855935	116193300298956	116193282816248
116193286880467	116193308632341	116193286846352
116193316726977	116193333631352	116193316666612
116193328071716	116193341966143	116193328025727
116193349870310	116193366967549	116193349815258
116193363530206	116193375300934	116193363482341
116193372150727	116193383633382	116193372076248
116193381815883	116193400296039	116193381773696
116193386553435	116193408627654	116193386526925
116193395097654	116193416958018	116193394990883
116193501907966	116193516944008	116193501658748
116193503854737	116193525277133	116193503825727
116193579853643	116193591938747	116193579761352
116193594514633	116193608604268	116193594460206
116193709529998	116193725262653	116193709432498
116193812591612	116193825266403	116193812507029
116193819329320	116193833599476	116193819276039
116193944395466	116193958613122	116193944300623
116194045862706	116194058627028	116194045779060
116194047351716	116194066961820	116194047316768
116194053397445	116194075297133	116194053312341
116194177250831	116194191986090	116194177133383
116194187110206	116194200319945	116194187028122
116194305094216	116194316996976	116194304959633
116194306785831	116194325331351	116194306746768
116194311108956	116194333665413	116194311061299
116194410372654	116194425336820	116194410226351
116194487335831	116194508689684	116194487183799
116194601886195	116194617044996	116194601665779
116194712798591	116194725389632	116194712509737
116194829617758	116194842067444	116194829430622
116194837020258	116194850401872	116194836965206
116194916256560	116194942074007	116194916172862
116194919477289	116194950408173	116194919435935
116195035189320	116195050389424	116195034646039
116195038432914	116195058724476	116195038360258
116195045584580	116195067061039	116195045480830
116195155978122	116195167070622	116195155836716
116195175071039	116195192076195	116195174999893
116195178450570	116195200410570	116195178410987
116195186149216	116195208746090	116195186104060
116195240915518	116195258750934	116195240827497
116195261370622	116195275420622	116195261295882
116195353148747	116195367108903	116195353045622
116195354745882	116195375442861	116195354711455
116195361134997	116195383777184	116195361085309
116195464297497	116195483806767	116195464134007
116195467483330	116195492142601	116195467381143
116195470590518	116195500478434	116195470355101
116195588202914	116195600505309	116195588082601
116195693824528	116195708852028	116195693720726
116195802144841	116195817184579	116195801954684
116195919914163	116195933844059	116195919780778
116196023110205	116196042185100	116196022961507
116196052827445	116196067190569	116196028315257
116196086181351	116196100534163	116196055043695
116196140104372	116196158888017	116196139991768
116196169439163	116196183896038	116196144738643
116196202850830	116196217237860	116196175901872
116196208898330	116196225571975	116196208797184
116196212403590	116196233906923	116196212310570
116196241283122	116196258908798	116196241172340
116196245689111	116196267244736	116196245616767
116196253190517	116196275580152	116196253150413
116196370608486	116196383924006	116196370464632
116196467496924	116196483929475	116196467404215
116196469601038	116196492262861	116196469549215

=== poll 1790360712.893299164
8333333
116192509964477	116192525172133	116192509869269
116192620391665	116192633522915	116192620282133
116192628358696	116192641857133	116192628302654
116192719011248	116192733523122	116192718891821
116192721475883	116192741857185	116192721398696
116192842409894	116192858531091	116192842288175
116192943931925	116192958541612	116192943851456
116192945432967	116192966876508	116192945408071
116193061505154	116193083563279	116193061410050
116193071036456	116193091899165	116193070910935
116193168200727	116193183605675	116193168130310
116193169778487	116193191942549	116193169737289
116193177686977	116193200278799	116193177641092
116193197847602	116193208615101	116193197752446
116193205357810	116193216951507	116193205302602
116193215957862	116193233622966	116193215864477
116193219892289	116193241958278	116193219827706
116193248255310	116193266962029	116193248187498
116193273492289	116193291964633	116193273437706
116193282855935	116193300298956	116193282816248
116193286880467	116193308632341	116193286846352
116193316726977	116193333631352	116193316666612
116193328071716	116193341966143	116193328025727
116193349870310	116193366967549	116193349815258
116193363530206	116193375300934	116193363482341
116193372150727	116193383633382	116193372076248
116193381815883	116193400296039	116193381773696
116193386553435	116193408627654	116193386526925
116193395097654	116193416958018	116193394990883
116193501907966	116193516944008	116193501658748
116193503854737	116193525277133	116193503825727
116193579853643	116193591938747	116193579761352
116193594514633	116193608604268	116193594460206
116193709529998	116193725262653	116193709432498
116193812591612	116193825266403	116193812507029
116193819329320	116193833599476	116193819276039
116193944395466	116193958613122	116193944300623
116194045862706	116194058627028	116194045779060
116194047351716	116194066961820	116194047316768
116194053397445	116194075297133	116194053312341
116194177250831	116194191986090	116194177133383
116194187110206	116194200319945	116194187028122
116194305094216	116194316996976	116194304959633
116194306785831	116194325331351	116194306746768
116194311108956	116194333665413	116194311061299
116194410372654	116194425336820	116194410226351
116194487335831	116194508689684	116194487183799
116194601886195	116194617044996	116194601665779
116194712798591	116194725389632	116194712509737
116194829617758	116194842067444	116194829430622
116194837020258	116194850401872	116194836965206
116194916256560	116194942074007	116194916172862
116194919477289	116194950408173	116194919435935
116195035189320	116195050389424	116195034646039
116195038432914	116195058724476	116195038360258
116195045584580	116195067061039	116195045480830
116195155978122	116195167070622	116195155836716
116195175071039	116195192076195	116195174999893
116195178450570	116195200410570	116195178410987
116195186149216	116195208746090	116195186104060
116195240915518	116195258750934	116195240827497
116195261370622	116195275420622	116195261295882
116195353148747	116195367108903	116195353045622
116195354745882	116195375442861	116195354711455
116195361134997	116195383777184	116195361085309
116195464297497	116195483806767	116195464134007
116195467483330	116195492142601	116195467381143
116195470590518	116195500478434	116195470355101
116195588202914	116195600505309	116195588082601
116195693824528	116195708852028	116195693720726
116195802144841	116195817184579	116195801954684
116195919914163	116195933844059	116195919780778
116196023110205	116196042185100	116196022961507
116196052827445	116196067190569	116196028315257
116196086181351	116196100534163	116196055043695
116196140104372	116196158888017	116196139991768
116196169439163	116196183896038	116196144738643
116196202850830	116196217237860	116196175901872
116196208898330	116196225571975	116196208797184
116196212403590	116196233906923	116196212310570
116196241283122	116196258908798	116196241172340
116196245689111	116196267244736	116196245616767
116196253190517	116196275580152	116196253150413
116196370608486	116196383924006	116196370464632
116196467496924	116196483929475	116196467404215
116196469601038	116196492262861	116196469549215
116196592524476	116196608934475	116196592428955
116196718987757	116196733940777	116196718870830
116196814660153	116196825599006	116196814567809
116196819730882	116196833930933	116196819677184
116196918354632	116196933909475	116196918267392
116196920361142	116196942240361	116196920320726
116196928160882	116196950572548	116196928122444
116197027517392	116197042219632	116197027388850
116197029663069	116197050554267	116197029517184
116197143430621	116197158864580	116197143347184
116197181246611	116197192189475	116197181161350
116197184290830	116197200521454	116197184247809
116197186405048	116197208851350	116197186376246
116197245832340	116197258829423	116197245715777
116197253192080	116197267159267	116197253142080
116197368349527	116197383814370	116197368255986
116197370137496	116197392147392	116197370088225
116197470231559	116197483788433	116197470132079
116197478031975	116197492118538	116197477978798
116197589190048	116197600417391	116197589106871
116197590704788	116197608749371	116197590668277
116197594613382	116197617082444	116197594567757
116197714587288	116197733715777	116197714349840
116197807094475	116197825361141	116197807011506
116197811581402	116197833693590	116197811518642
116197929634631	116197941991090	116197929442079
116198023112913	116198033784267	116198023027652
116198038769111	116198050290100	116198038704475
116198146295829	116198158626662	116198146207600
116198156946975	116198175292964	116198156880360
116198182085517	116198200296297	116198182025360
116198184911715	116198208628328	116198184840465
116198192848590	116198216960985	116198190567756
116198273029006	116198283638642	116198272898017
116198362340569	116198375315047	116198362298642
116198371899944	116198383648433	116198371856871
116198486684944	116198500342652	116198486607912
116198600858902	116198617009526	116198600780152
116198719609892	116198733679058	116198719487652
116198828157860	116198842023693	116198828062756
116198830104371	116198850358276	116198830050777

=== poll 1790360715.149291820
8333333
116194410372654	116194425336820	116194410226351
116194487335831	116194508689684	116194487183799
116194601886195	116194617044996	116194601665779
116194712798591	116194725389632	116194712509737
116194829617758	116194842067444	116194829430622
116194837020258	116194850401872	116194836965206
116194916256560	116194942074007	116194916172862
116194919477289	116194950408173	116194919435935
116195035189320	116195050389424	116195034646039
116195038432914	116195058724476	116195038360258
116195045584580	116195067061039	116195045480830
116195155978122	116195167070622	116195155836716
116195175071039	116195192076195	116195174999893
116195178450570	116195200410570	116195178410987
116195186149216	116195208746090	116195186104060
116195240915518	116195258750934	116195240827497
116195261370622	116195275420622	116195261295882
116195353148747	116195367108903	116195353045622
116195354745882	116195375442861	116195354711455
116195361134997	116195383777184	116195361085309
116195464297497	116195483806767	116195464134007
116195467483330	116195492142601	116195467381143
116195470590518	116195500478434	116195470355101
116195588202914	116195600505309	116195588082601
116195693824528	116195708852028	116195693720726
116195802144841	116195817184579	116195801954684
116195919914163	116195933844059	116195919780778
116196023110205	116196042185100	116196022961507
116196052827445	116196067190569	116196028315257
116196086181351	116196100534163	116196055043695
116196140104372	116196158888017	116196139991768
116196169439163	116196183896038	116196144738643
116196202850830	116196217237860	116196175901872
116196208898330	116196225571975	116196208797184
116196212403590	116196233906923	116196212310570
116196241283122	116196258908798	116196241172340
116196245689111	116196267244736	116196245616767
116196253190517	116196275580152	116196253150413
116196370608486	116196383924006	116196370464632
116196467496924	116196483929475	116196467404215
116196469601038	116196492262861	116196469549215
116196592524476	116196608934475	116196592428955
116196718987757	116196733940777	116196718870830
116196814660153	116196825599006	116196814567809
116196819730882	116196833930933	116196819677184
116196918354632	116196933909475	116196918267392
116196920361142	116196942240361	116196920320726
116196928160882	116196950572548	116196928122444
116197027517392	116197042219632	116197027388850
116197029663069	116197050554267	116197029517184
116197143430621	116197158864580	116197143347184
116197181246611	116197192189475	116197181161350
116197184290830	116197200521454	116197184247809
116197186405048	116197208851350	116197186376246
116197245832340	116197258829423	116197245715777
116197253192080	116197267159267	116197253142080
116197368349527	116197383814370	116197368255986
116197370137496	116197392147392	116197370088225
116197470231559	116197483788433	116197470132079
116197478031975	116197492118538	116197477978798
116197589190048	116197600417391	116197589106871
116197590704788	116197608749371	116197590668277
116197594613382	116197617082444	116197594567757
116197714587288	116197733715777	116197714349840
116197807094475	116197825361141	116197807011506
116197811581402	116197833693590	116197811518642
116197929634631	116197941991090	116197929442079
116198023112913	116198033784267	116198023027652
116198038769111	116198050290100	116198038704475
116198146295829	116198158626662	116198146207600
116198156946975	116198175292964	116198156880360
116198182085517	116198200296297	116198182025360
116198184911715	116198208628328	116198184840465
116198192848590	116198216960985	116198190567756
116198273029006	116198283638642	116198272898017
116198362340569	116198375315047	116198362298642
116198371899944	116198383648433	116198371856871
116198486684944	116198500342652	116198486607912
116198600858902	116198617009526	116198600780152
116198719609892	116198733679058	116198719487652
116198828157860	116198842023693	116198828062756
116198830104371	116198850358276	116198830050777
116198943134214	116198958686349	116198942985360
116198944680100	116198967019370	116198944642391
116199023139214	116199050338433	116199022963850
116199036673693	116199058670255	116199036579527
116199152904631	116199166996193	116199152727235
116199179444475	116199192003433	116199179352235
116199182038798	116199200338954	116199181991662
116199186197131	116199208674735	116199186142652
116199253582860	116199267018224	116199253511141
116199261864787	116199275353693	116199261818537
116199370633485	116199383718432	116199370491975
116199373116766	116199392053120	116199373020048
116199486983485	116199500401401	116199486891714
116199495538277	116199508737183	116199495249318
116199594005256	116199608764578	116199593832287
116199701223329	116199717131193	116199701028381
116199811106193	116199825479370	116199810979370
116199813713068	116199833813276	116199813615516
116199914464995	116199925500203	116199914368433
116199921990881	116199933836349	116199921940204
116199928217339	116199942171661	116199928118276
116200047708016	116200067218276	116200047511193
116200141717808	116200158904213	116200141625203
116200147003276	116200167240724	116200146901766
116200153689370	116200175577078	116200153593641
116200180543537	116200192250099	116200180408068
116200183103641	116200200587234	116200183066193
116200186379787	116200208923745	116200186347808
116200246040568	116200258934005	116200245980828
116200253546870	116200267268901	116200253504110
116200369299266	116200383945359	116200369135724
116200371947703	116200392279057	116200371878485
116200379553224	116200400612859	116200379453328
116200473102078	116200483950098	116200472971818
116200477909995	116200492284161	116200477878380
116200593473120	116200608934109	116200593243380
116200595843068	116200617264474	116200595764995
116200704639266	116200717248171	116200704485880
116200707291766	116200725580724	116200707217182
116200821493745	116200833904213	116200821384891
116200829002755	116200842235828	116200828952755
116200926931714	116200942212234	116200926855047
116200977970307	116200992207963	116200928608380
116201030281609	116201042209265	116201030175880
116201077792443	116201092213119	116201037516401

=== poll 1790360717.432996037
8333333
116196370608486	116196383924006	116196370464632
116196467496924	116196483929475	116196467404215
116196469601038	116196492262861	116196469549215
116196592524476	116196608934475	116196592428955
116196718987757	116196733940777	116196718870830
116196814660153	116196825599006	116196814567809
116196819730882	116196833930933	116196819677184
116196918354632	116196933909475	116196918267392
116196920361142	116196942240361	116196920320726
116196928160882	116196950572548	116196928122444
116197027517392	116197042219632	116197027388850
116197029663069	116197050554267	116197029517184
116197143430621	116197158864580	116197143347184
116197181246611	116197192189475	116197181161350
116197184290830	116197200521454	116197184247809
116197186405048	116197208851350	116197186376246
116197245832340	116197258829423	116197245715777
116197253192080	116197267159267	116197253142080
116197368349527	116197383814370	116197368255986
116197370137496	116197392147392	116197370088225
116197470231559	116197483788433	116197470132079
116197478031975	116197492118538	116197477978798
116197589190048	116197600417391	116197589106871
116197590704788	116197608749371	116197590668277
116197594613382	116197617082444	116197594567757
116197714587288	116197733715777	116197714349840
116197807094475	116197825361141	116197807011506
116197811581402	116197833693590	116197811518642
116197929634631	116197941991090	116197929442079
116198023112913	116198033784267	116198023027652
116198038769111	116198050290100	116198038704475
116198146295829	116198158626662	116198146207600
116198156946975	116198175292964	116198156880360
116198182085517	116198200296297	116198182025360
116198184911715	116198208628328	116198184840465
116198192848590	116198216960985	116198190567756
116198273029006	116198283638642	116198272898017
116198362340569	116198375315047	116198362298642
116198371899944	116198383648433	116198371856871
116198486684944	116198500342652	116198486607912
116198600858902	116198617009526	116198600780152
116198719609892	116198733679058	116198719487652
116198828157860	116198842023693	116198828062756
116198830104371	116198850358276	116198830050777
116198943134214	116198958686349	116198942985360
116198944680100	116198967019370	116198944642391
116199023139214	116199050338433	116199022963850
116199036673693	116199058670255	116199036579527
116199152904631	116199166996193	116199152727235
116199179444475	116199192003433	116199179352235
116199182038798	116199200338954	116199181991662
116199186197131	116199208674735	116199186142652
116199253582860	116199267018224	116199253511141
116199261864787	116199275353693	116199261818537
116199370633485	116199383718432	116199370491975
116199373116766	116199392053120	116199373020048
116199486983485	116199500401401	116199486891714
116199495538277	116199508737183	116199495249318
116199594005256	116199608764578	116199593832287
116199701223329	116199717131193	116199701028381
116199811106193	116199825479370	116199810979370
116199813713068	116199833813276	116199813615516
116199914464995	116199925500203	116199914368433
116199921990881	116199933836349	116199921940204
116199928217339	116199942171661	116199928118276
116200047708016	116200067218276	116200047511193
116200141717808	116200158904213	116200141625203
116200147003276	116200167240724	116200146901766
116200153689370	116200175577078	116200153593641
116200180543537	116200192250099	116200180408068
116200183103641	116200200587234	116200183066193
116200186379787	116200208923745	116200186347808
116200246040568	116200258934005	116200245980828
116200253546870	116200267268901	116200253504110
116200369299266	116200383945359	116200369135724
116200371947703	116200392279057	116200371878485
116200379553224	116200400612859	116200379453328
116200473102078	116200483950098	116200472971818
116200477909995	116200492284161	116200477878380
116200593473120	116200608934109	116200593243380
116200595843068	116200617264474	116200595764995
116200704639266	116200717248171	116200704485880
116200707291766	116200725580724	116200707217182
116200821493745	116200833904213	116200821384891
116200829002755	116200842235828	116200828952755
116200926931714	116200942212234	116200926855047
116200977970307	116200992207963	116200928608380
116201030281609	116201042209265	116201030175880
116201077792443	116201092213119	116201037516401
116201147493641	116201158878588	116201147395099
116201194414995	116201208871400	116201189633901
116201244428276	116201258866557	116201198061141
116201294428068	116201308871974	116201255942911
116201344431609	116201358876817	116201297228588
116201394538432	116201408869629	116201364854422
116201462823797	116201475534265	116201462719474
116201471089682	116201483869161	116201471022234
116201577865828	116201592198796	116201577705672
116201586585672	116201600532390	116201586539786
116201701761453	116201717183744	116201701646036
116201822730099	116201833863328	116201822540567
116201927187755	116201942183848	116201926873744
116202046634317	116202058830255	116202046543744
116202054336192	116202067161244	116202054239994
116202154727599	116202167138484	116202154523588
116202174559526	116202192131661	116202174492234
116202177897130	116202200461244	116202177863380
116202270220203	116202283789369	116202270069630
116202272860098	116202292123066	116202272820619
116202277859838	116202300455723	116202277821713
116202378221661	116202392112754	116202378030307
116202484064473	116202500424890	116202483852286
116202601931817	116202617080358	116202601805671
116202700927025	116202717067181	116202700792755
116202703322546	116202725397024	116202703234942
116202819873119	116202833718640	116202819736452
116202822471557	116202842050202	116202822404577
116202929350827	116202942035827	116202929207025
116202932645879	116202950369056	116202932546348
116203029631713	116203042032182	116203029454004
116203037563796	116203050366452	116203037391452
116203144501036	116203158681868	116203144359369
116203146994838	116203167014629	116203146889942
116203153102286	116203175347025	116203153068327
116203181974265	116203200345671	116203181916400
116203186518640	116203208679473	116203186458275
116203263131973	116203275336347	116203263046973

=== poll 1790360719.707091818
8333333
116198600858902	116198617009526	116198600780152
116198719609892	116198733679058	116198719487652
116198828157860	116198842023693	116198828062756
116198830104371	116198850358276	116198830050777
116198943134214	116198958686349	116198942985360
116198944680100	116198967019370	116198944642391
116199023139214	116199050338433	116199022963850
116199036673693	116199058670255	116199036579527
116199152904631	116199166996193	116199152727235
116199179444475	116199192003433	116199179352235
116199182038798	116199200338954	116199181991662
116199186197131	116199208674735	116199186142652
116199253582860	116199267018224	116199253511141
116199261864787	116199275353693	116199261818537
116199370633485	116199383718432	116199370491975
116199373116766	116199392053120	116199373020048
116199486983485	116199500401401	116199486891714
116199495538277	116199508737183	116199495249318
116199594005256	116199608764578	116199593832287
116199701223329	116199717131193	116199701028381
116199811106193	116199825479370	116199810979370
116199813713068	116199833813276	116199813615516
116199914464995	116199925500203	116199914368433
116199921990881	116199933836349	116199921940204
116199928217339	116199942171661	116199928118276
116200047708016	116200067218276	116200047511193
116200141717808	116200158904213	116200141625203
116200147003276	116200167240724	116200146901766
116200153689370	116200175577078	116200153593641
116200180543537	116200192250099	116200180408068
116200183103641	116200200587234	116200183066193
116200186379787	116200208923745	116200186347808
116200246040568	116200258934005	116200245980828
116200253546870	116200267268901	116200253504110
116200369299266	116200383945359	116200369135724
116200371947703	116200392279057	116200371878485
116200379553224	116200400612859	116200379453328
116200473102078	116200483950098	116200472971818
116200477909995	116200492284161	116200477878380
116200593473120	116200608934109	116200593243380
116200595843068	116200617264474	116200595764995
116200704639266	116200717248171	116200704485880
116200707291766	116200725580724	116200707217182
116200821493745	116200833904213	116200821384891
116200829002755	116200842235828	116200828952755
116200926931714	116200942212234	116200926855047
116200977970307	116200992207963	116200928608380
116201030281609	116201042209265	116201030175880
116201077792443	116201092213119	116201037516401
116201147493641	116201158878588	116201147395099
116201194414995	116201208871400	116201189633901
116201244428276	116201258866557	116201198061141
116201294428068	116201308871974	116201255942911
116201344431609	116201358876817	116201297228588
116201394538432	116201408869629	116201364854422
116201462823797	116201475534265	116201462719474
116201471089682	116201483869161	116201471022234
116201577865828	116201592198796	116201577705672
116201586585672	116201600532390	116201586539786
116201701761453	116201717183744	116201701646036
116201822730099	116201833863328	116201822540567
116201927187755	116201942183848	116201926873744
116202046634317	116202058830255	116202046543744
116202054336192	116202067161244	116202054239994
116202154727599	116202167138484	116202154523588
116202174559526	116202192131661	116202174492234
116202177897130	116202200461244	116202177863380
116202270220203	116202283789369	116202270069630
116202272860098	116202292123066	116202272820619
116202277859838	116202300455723	116202277821713
116202378221661	116202392112754	116202378030307
116202484064473	116202500424890	116202483852286
116202601931817	116202617080358	116202601805671
116202700927025	116202717067181	116202700792755
116202703322546	116202725397024	116202703234942
116202819873119	116202833718640	116202819736452
116202822471557	116202842050202	116202822404577
116202929350827	116202942035827	116202929207025
116202932645879	116202950369056	116202932546348
116203029631713	116203042032182	116203029454004
116203037563796	116203050366452	116203037391452
116203144501036	116203158681868	116203144359369
116203146994838	116203167014629	116203146889942
116203153102286	116203175347025	116203153068327
116203181974265	116203200345671	116203181916400
116203186518640	116203208679473	116203186458275
116203263131973	116203275336347	116203263046973
116203400751765	116203416988430	116203400640306
116203492591713	116203508654473	116203492438536
116203579004004	116203591990983	116203578916088
116203694161400	116203708648066	116203694026660
116203808469056	116203825274576	116203808314108
116203928972077	116203941940671	116203928826660
116203931851608	116203950275722	116203931617702
116204044296400	116204058611243	116204044087910
116204149314837	116204166924524	116204149171712
116204151941921	116204175257076	116204151866817
116204175491712	116204191917701	116204175437337
116204177496087	116204200247858	116204177470046
116204186318952	116204208577441	116204186267077
116204237579160	116204250230462	116204237507546
116204247164577	116204258562753	116204247121087
116204253356244	116204266895097	116204253273900
116204382714629	116204400223378	116204382579941
116204384904369	116204408557180	116204384809473
116204462349941	116204475233535	116204462240410
116204472315775	116204483569680	116204472258379
116204577805775	116204591924629	116204577732962
116204585876296	116204600259681	116204585828223
116204695250879	116204708584368	116204695121556
116204802237754	116204816896295	116204802046191
116204920443795	116204933552857	116204920361972
116204921905097	116204941886034	116204921881139
116205035871035	116205058529784	116205035733847
116205134819629	116205150173430	116205134736504
116205136274004	116205158505826	116205136249056
116205144422233	116205166838482	116205144384056
116205178587858	116205191831815	116205178517754
116205186529004	116205200161972	116205186464108
116205237590670	116205250152076	116205237530045
116205244586556	116205258485149	116205244542962
116205353681504	116205366792389	116205353596243
116205355190826	116205375123899	116205355150514
116205361088431	116205383456294	116205361034108
116205475606243	116205491779263	116205475474160
116205553047545	116205566754524	116205552960097
116205569309420	116205583415566	116205569258274

=== poll 1790360721.973323432
8333333
116200707291766	116200725580724	116200707217182
116200821493745	116200833904213	116200821384891
116200829002755	116200842235828	116200828952755
116200926931714	116200942212234	116200926855047
116200977970307	116200992207963	116200928608380
116201030281609	116201042209265	116201030175880
116201077792443	116201092213119	116201037516401
116201147493641	116201158878588	116201147395099
116201194414995	116201208871400	116201189633901
116201244428276	116201258866557	116201198061141
116201294428068	116201308871974	116201255942911
116201344431609	116201358876817	116201297228588
116201394538432	116201408869629	116201364854422
116201462823797	116201475534265	116201462719474
116201471089682	116201483869161	116201471022234
116201577865828	116201592198796	116201577705672
116201586585672	116201600532390	116201586539786
116201701761453	116201717183744	116201701646036
116201822730099	116201833863328	116201822540567
116201927187755	116201942183848	116201926873744
116202046634317	116202058830255	116202046543744
116202054336192	116202067161244	116202054239994
116202154727599	116202167138484	116202154523588
116202174559526	116202192131661	116202174492234
116202177897130	116202200461244	116202177863380
116202270220203	116202283789369	116202270069630
116202272860098	116202292123066	116202272820619
116202277859838	116202300455723	116202277821713
116202378221661	116202392112754	116202378030307
116202484064473	116202500424890	116202483852286
116202601931817	116202617080358	116202601805671
116202700927025	116202717067181	116202700792755
116202703322546	116202725397024	116202703234942
116202819873119	116202833718640	116202819736452
116202822471557	116202842050202	116202822404577
116202929350827	116202942035827	116202929207025
116202932645879	116202950369056	116202932546348
116203029631713	116203042032182	116203029454004
116203037563796	116203050366452	116203037391452
116203144501036	116203158681868	116203144359369
116203146994838	116203167014629	116203146889942
116203153102286	116203175347025	116203153068327
116203181974265	116203200345671	116203181916400
116203186518640	116203208679473	116203186458275
116203263131973	116203275336347	116203263046973
116203400751765	116203416988430	116203400640306
116203492591713	116203508654473	116203492438536
116203579004004	116203591990983	116203578916088
116203694161400	116203708648066	116203694026660
116203808469056	116203825274576	116203808314108
116203928972077	116203941940671	116203928826660
116203931851608	116203950275722	116203931617702
116204044296400	116204058611243	116204044087910
116204149314837	116204166924524	116204149171712
116204151941921	116204175257076	116204151866817
116204175491712	116204191917701	116204175437337
116204177496087	116204200247858	116204177470046
116204186318952	116204208577441	116204186267077
116204237579160	116204250230462	116204237507546
116204247164577	116204258562753	116204247121087
116204253356244	116204266895097	116204253273900
116204382714629	116204400223378	116204382579941
116204384904369	116204408557180	116204384809473
116204462349941	116204475233535	116204462240410
116204472315775	116204483569680	116204472258379
116204577805775	116204591924629	116204577732962
116204585876296	116204600259681	116204585828223
116204695250879	116204708584368	116204695121556
116204802237754	116204816896295	116204802046191
116204920443795	116204933552857	116204920361972
116204921905097	116204941886034	116204921881139
116205035871035	116205058529784	116205035733847
116205134819629	116205150173430	116205134736504
116205136274004	116205158505826	116205136249056
116205144422233	116205166838482	116205144384056
116205178587858	116205191831815	116205178517754
116205186529004	116205200161972	116205186464108
116205237590670	116205250152076	116205237530045
116205244586556	116205258485149	116205244542962
116205353681504	116205366792389	116205353596243
116205355190826	116205375123899	116205355150514
116205361088431	116205383456294	116205361034108
116205475606243	116205491779263	116205475474160
116205553047545	116205566754524	116205552960097
116205569309420	116205583415566	116205569258274
116205678312128	116205691724263	116205678222701
116205686062858	116205700054420	116205685982701
116205802399993	116205816687232	116205802294368
116205894735149	116205908328586	116205894669212
116206009233326	116206024968899	116206009131399
116206010809785	116206033302805	116206010763378
116206126458482	116206141628430	116206126267649
116206178391451	116206191622596	116206178306295
116206186419732	116206199954784	116206186333743
116206244850097	116206258283325	116206244717545
116206351528639	116206366613794	116206351389420
116206353668691	116206374948377	116206353572076
116206460697493	116206474921243	116206460613639
116206462191139	116206483254316	116206462160305
116206469521816	116206491586763	116206469442336
116206571461555	116206583254992	116206571304316
116206574353274	116206591589575	116206574264211
116206578083951	116206599924680	116206577956139
116206684134263	116206699932544	116206683952076
116206686776243	116206708266607	116206686706607
116206792862232	116206808265305	116206792783847
116206843842388	116206858252596	116206794299524
116206893805045	116206908248950	116206848156763
116206943875618	116206958241503	116206902749055
116207002723222	116207016575460	116207002620201
116207052200722	116207066581971	116207012984263
116207128338586	116207149937597	116207128205878
116207177844628	116207191616763	116207177757909
116207237235409	116207249973117	116207237124732
116207285612076	116207299995461	116207247509628
116207353024628	116207366681346	116207352956086
116207467464732	116207483369939	116207467380253
116207468993742	116207491702700	116207468966555
116207576709888	116207591707491	116207576577284
116207578686346	116207600041398	116207578652961
116207685038534	116207700053377	116207684936711
116207695465878	116207708388690	116207695383742
116207793446763	116207808409263	116207793325617
116207795873794	116207816745461	116207795759263
116207897593273	116207908444315	116207897505409
116207904088326	116207916781555	116207904027388
116207911045930	116207925117961	116207910995617

=== poll 1790360724.229599993
8333333
116203029631713	116203042032182	116203029454004
116203037563796	116203050366452	116203037391452
116203144501036	116203158681868	116203144359369
116203146994838	116203167014629	116203146889942
116203153102286	116203175347025	116203153068327
116203181974265	116203200345671	116203181916400
116203186518640	116203208679473	116203186458275
116203263131973	116203275336347	116203263046973
116203400751765	116203416988430	116203400640306
116203492591713	116203508654473	116203492438536
116203579004004	116203591990983	116203578916088
116203694161400	116203708648066	116203694026660
116203808469056	116203825274576	116203808314108
116203928972077	116203941940671	116203928826660
116203931851608	116203950275722	116203931617702
116204044296400	116204058611243	116204044087910
116204149314837	116204166924524	116204149171712
116204151941921	116204175257076	116204151866817
116204175491712	116204191917701	116204175437337
116204177496087	116204200247858	116204177470046
116204186318952	116204208577441	116204186267077
116204237579160	116204250230462	116204237507546
116204247164577	116204258562753	116204247121087
116204253356244	116204266895097	116204253273900
116204382714629	116204400223378	116204382579941
116204384904369	116204408557180	116204384809473
116204462349941	116204475233535	116204462240410
116204472315775	116204483569680	116204472258379
116204577805775	116204591924629	116204577732962
116204585876296	116204600259681	116204585828223
116204695250879	116204708584368	116204695121556
116204802237754	116204816896295	116204802046191
116204920443795	116204933552857	116204920361972
116204921905097	116204941886034	116204921881139
116205035871035	116205058529784	116205035733847
116205134819629	116205150173430	116205134736504
116205136274004	116205158505826	116205136249056
116205144422233	116205166838482	116205144384056
116205178587858	116205191831815	116205178517754
116205186529004	116205200161972	116205186464108
116205237590670	116205250152076	116205237530045
116205244586556	116205258485149	116205244542962
116205353681504	116205366792389	116205353596243
116205355190826	116205375123899	116205355150514
116205361088431	116205383456294	116205361034108
116205475606243	116205491779263	116205475474160
116205553047545	116205566754524	116205552960097
116205569309420	116205583415566	116205569258274
116205678312128	116205691724263	116205678222701
116205686062858	116205700054420	116205685982701
116205802399993	116205816687232	116205802294368
116205894735149	116205908328586	116205894669212
116206009233326	116206024968899	116206009131399
116206010809785	116206033302805	116206010763378
116206126458482	116206141628430	116206126267649
116206178391451	116206191622596	116206178306295
116206186419732	116206199954784	116206186333743
116206244850097	116206258283325	116206244717545
116206351528639	116206366613794	116206351389420
116206353668691	116206374948377	116206353572076
116206460697493	116206474921243	116206460613639
116206462191139	116206483254316	116206462160305
116206469521816	116206491586763	116206469442336
116206571461555	116206583254992	116206571304316
116206574353274	116206591589575	116206574264211
116206578083951	116206599924680	116206577956139
116206684134263	116206699932544	116206683952076
116206686776243	116206708266607	116206686706607
116206792862232	116206808265305	116206792783847
116206843842388	116206858252596	116206794299524
116206893805045	116206908248950	116206848156763
116206943875618	116206958241503	116206902749055
116207002723222	116207016575460	116207002620201
116207052200722	116207066581971	116207012984263
116207128338586	116207149937597	116207128205878
116207177844628	116207191616763	116207177757909
116207237235409	116207249973117	116207237124732
116207285612076	116207299995461	116207247509628
116207353024628	116207366681346	116207352956086
116207467464732	116207483369939	116207467380253
116207468993742	116207491702700	116207468966555
116207576709888	116207591707491	116207576577284
116207578686346	116207600041398	116207578652961
116207685038534	116207700053377	116207684936711
116207695465878	116207708388690	116207695383742
116207793446763	116207808409263	116207793325617
116207795873794	116207816745461	116207795759263
116207897593273	116207908444315	116207897505409
116207904088326	116207916781555	116207904027388
116207911045930	116207925117961	116207910995617
116208025373013	116208041796762	116208025263846
116208119459419	116208133476450	116208119363378
116208121164732	116208141811138	116208121098898
116208127565148	116208150144523	116208127514732
116208176510773	116208191814940	116208176440357
116208179118377	116208200149054	116208179081242
116208186467492	116208208483377	116208186375200
116208211582023	116208225153793	116208211514732
116208228306763	116208241825356	116208228219627
116208330513169	116208341838741	116208330375982
116208336926450	116208350175617	116208338530044
116208461524107	116208475197960	116208461327440
116208561390461	116208575208013	116208561320096
116208684952700	116208700224783	116208684756919
116208786591190	116208800232908	116208786503950
116208901897856	116208916911763	116208901785617
116209011834731	116209025238116	116209011728481
116209119077075	116209133589366	116209118848742
116209177385460	116209191936658	116209177321867
116209227621867	116209241937908	116209179449783
116209277548429	116209291939522	116209231218794
116209328595200	116209341937908	116209328480721
116209442810981	116209458611085	116209442663012
116209445297648	116209466944262	116209445208377
116209562442283	116209575259210	116209562219679
116209668832752	116209683587491	116209668652648
116209776381398	116209791925668	116209776239106
116209883676919	116209900265095	116209883536554
116209886835669	116209908599053	116209886690669
116209996588325	116210008600616	116209996470200
116209999088012	116210016933793	116209999025668
116210003170043	116210025266605	116210003129366
116210136130981	116210150257074	116210135904210
116210138617908	116210158592074	116210138519106
116210180409887	116210191932908	116210180290512
116210182719731	116210200266970	116210182675720
116210186795668	116210208599991	116210186753220

=== poll 1790360726.525462388
8333333
116205361088431	116205383456294	116205361034108
116205475606243	116205491779263	116205475474160
116205553047545	116205566754524	116205552960097
116205569309420	116205583415566	116205569258274
116205678312128	116205691724263	116205678222701
116205686062858	116205700054420	116205685982701
116205802399993	116205816687232	116205802294368
116205894735149	116205908328586	116205894669212
116206009233326	116206024968899	116206009131399
116206010809785	116206033302805	116206010763378
116206126458482	116206141628430	116206126267649
116206178391451	116206191622596	116206178306295
116206186419732	116206199954784	116206186333743
116206244850097	116206258283325	116206244717545
116206351528639	116206366613794	116206351389420
116206353668691	116206374948377	116206353572076
116206460697493	116206474921243	116206460613639
116206462191139	116206483254316	116206462160305
116206469521816	116206491586763	116206469442336
116206571461555	116206583254992	116206571304316
116206574353274	116206591589575	116206574264211
116206578083951	116206599924680	116206577956139
116206684134263	116206699932544	116206683952076
116206686776243	116206708266607	116206686706607
116206792862232	116206808265305	116206792783847
116206843842388	116206858252596	116206794299524
116206893805045	116206908248950	116206848156763
116206943875618	116206958241503	116206902749055
116207002723222	116207016575460	116207002620201
116207052200722	116207066581971	116207012984263
116207128338586	116207149937597	116207128205878
116207177844628	116207191616763	116207177757909
116207237235409	116207249973117	116207237124732
116207285612076	116207299995461	116207247509628
116207353024628	116207366681346	116207352956086
116207467464732	116207483369939	116207467380253
116207468993742	116207491702700	116207468966555
116207576709888	116207591707491	116207576577284
116207578686346	116207600041398	116207578652961
116207685038534	116207700053377	116207684936711
116207695465878	116207708388690	116207695383742
116207793446763	116207808409263	116207793325617
116207795873794	116207816745461	116207795759263
116207897593273	116207908444315	116207897505409
116207904088326	116207916781555	116207904027388
116207911045930	116207925117961	116207910995617
116208025373013	116208041796762	116208025263846
116208119459419	116208133476450	116208119363378
116208121164732	116208141811138	116208121098898
116208127565148	116208150144523	116208127514732
116208176510773	116208191814940	116208176440357
116208179118377	116208200149054	116208179081242
116208186467492	116208208483377	116208186375200
116208211582023	116208225153793	116208211514732
116208228306763	116208241825356	116208228219627
116208330513169	116208341838741	116208330375982
116208336926450	116208350175617	116208338530044
116208461524107	116208475197960	116208461327440
116208561390461	116208575208013	116208561320096
116208684952700	116208700224783	116208684756919
116208786591190	116208800232908	116208786503950
116208901897856	116208916911763	116208901785617
116209011834731	116209025238116	116209011728481
116209119077075	116209133589366	116209118848742
116209177385460	116209191936658	116209177321867
116209227621867	116209241937908	116209179449783
116209277548429	116209291939522	116209231218794
116209328595200	116209341937908	116209328480721
116209442810981	116209458611085	116209442663012
116209445297648	116209466944262	116209445208377
116209562442283	116209575259210	116209562219679
116209668832752	116209683587491	116209668652648
116209776381398	116209791925668	116209776239106
116209883676919	116209900265095	116209883536554
116209886835669	116209908599053	116209886690669
116209996588325	116210008600616	116209996470200
116209999088012	116210016933793	116209999025668
116210003170043	116210025266605	116210003129366
116210136130981	116210150257074	116210135904210
116210138617908	116210158592074	116210138519106
116210180409887	116210191932908	116210180290512
116210182719731	116210200266970	116210182675720
116210186795668	116210208599991	116210186753220
116210219817648	116210233600407	116210219735356
116210227925929	116210241936397	116210227868325
116210351166241	116210366945408	116210351054575
116210353104210	116210375279418	116210353063429
116210361156241	116210383613689	116210361114366
116210452853689	116210466954522	116210452758637
116210559755772	116210575310615	116210559591502
116210669034106	116210683650460	116210668878585
116210671525356	116210691985720	116210671450824
116210790122804	116210808642438	116210789934366
116210874275095	116210891955147	116210874166397
116210886546085	116210900290460	116210886503376
116210894557231	116210908625095	116210894526189
116210997430564	116211008628897	116210997242231
116211001013585	116211016960407	116211000927647
116211003173689	116211025291761	116211003017751
116211129737960	116211141956866	116211129560616
116211178948793	116211191954782	116211178846449
116211186321814	116211200287282	116211186261137
116211221094574	116211233620198	116211221015095
116211228156293	116211241954730	116211228113793
116211344169887	116211358613220	116211344033741
116211346290460	116211366944365	116211346217491
116211451142439	116211466932699	116211450943376
116211561987803	116211575283428	116211561757178
116211564276449	116211583619261	116211564206814
116211571726762	116211591954678	116211571608168
116211685899105	116211700269261	116211685774001
116211784930459	116211800263479	116211784467855
116211789669626	116211808595615	116211789592022
116211797716501	116211816928272	116211797614105
116211902477803	116211916919522	116211902362907
116212010417803	116212025271032	116212010273480
116212013568897	116212033609574	116212013495772
116212119003272	116212133637491	116212118861188
116212121515668	116212141973376	116212121417803
116212177855824	116212191988688	116212177753532
116212179760824	116212200323897	116212179729730
116212186126188	116212208660354	116212186073741
116212222263324	116212233672178	116212222152438
116212230579157	116212242010511	116212230492178
116212355041970	116212367060406	116212354868897
116212462332386	116212475438167	116212462185251
116212464801918	116212483775094	116212464768584

=== poll 1790360728.807314054
8333333
116207468993742	116207491702700	116207468966555
116207576709888	116207591707491	116207576577284
116207578686346	116207600041398	116207578652961
116207685038534	116207700053377	116207684936711
116207695465878	116207708388690	116207695383742
116207793446763	116207808409263	116207793325617
116207795873794	116207816745461	116207795759263
116207897593273	116207908444315	116207897505409
116207904088326	116207916781555	116207904027388
116207911045930	116207925117961	116207910995617
116208025373013	116208041796762	116208025263846
116208119459419	116208133476450	116208119363378
116208121164732	116208141811138	116208121098898
116208127565148	116208150144523	116208127514732
116208176510773	116208191814940	116208176440357
116208179118377	116208200149054	116208179081242
116208186467492	116208208483377	116208186375200
116208211582023	116208225153793	116208211514732
116208228306763	116208241825356	116208228219627
116208330513169	116208341838741	116208330375982
116208336926450	116208350175617	116208338530044
116208461524107	116208475197960	116208461327440
116208561390461	116208575208013	116208561320096
116208684952700	116208700224783	116208684756919
116208786591190	116208800232908	116208786503950
116208901897856	116208916911763	116208901785617
116209011834731	116209025238116	116209011728481
116209119077075	116209133589366	116209118848742
116209177385460	116209191936658	116209177321867
116209227621867	116209241937908	116209179449783
116209277548429	116209291939522	116209231218794
116209328595200	116209341937908	116209328480721
116209442810981	116209458611085	116209442663012
116209445297648	116209466944262	116209445208377
116209562442283	116209575259210	116209562219679
116209668832752	116209683587491	116209668652648
116209776381398	116209791925668	116209776239106
116209883676919	116209900265095	116209883536554
116209886835669	116209908599053	116209886690669
116209996588325	116210008600616	116209996470200
116209999088012	116210016933793	116209999025668
116210003170043	116210025266605	116210003129366
116210136130981	116210150257074	116210135904210
116210138617908	116210158592074	116210138519106
116210180409887	116210191932908	116210180290512
116210182719731	116210200266970	116210182675720
116210186795668	116210208599991	116210186753220
116210219817648	116210233600407	116210219735356
116210227925929	116210241936397	116210227868325
116210351166241	116210366945408	116210351054575
116210353104210	116210375279418	116210353063429
116210361156241	116210383613689	116210361114366
116210452853689	116210466954522	116210452758637
116210559755772	116210575310615	116210559591502
116210669034106	116210683650460	116210668878585
116210671525356	116210691985720	116210671450824
116210790122804	116210808642438	116210789934366
116210874275095	116210891955147	116210874166397
116210886546085	116210900290460	116210886503376
116210894557231	116210908625095	116210894526189
116210997430564	116211008628897	116210997242231
116211001013585	116211016960407	116211000927647
116211003173689	116211025291761	116211003017751
116211129737960	116211141956866	116211129560616
116211178948793	116211191954782	116211178846449
116211186321814	116211200287282	116211186261137
116211221094574	116211233620198	116211221015095
116211228156293	116211241954730	116211228113793
116211344169887	116211358613220	116211344033741
116211346290460	116211366944365	116211346217491
116211451142439	116211466932699	116211450943376
116211561987803	116211575283428	116211561757178
116211564276449	116211583619261	116211564206814
116211571726762	116211591954678	116211571608168
116211685899105	116211700269261	116211685774001
116211784930459	116211800263479	116211784467855
116211789669626	116211808595615	116211789592022
116211797716501	116211816928272	116211797614105
116211902477803	116211916919522	116211902362907
116212010417803	116212025271032	116212010273480
116212013568897	116212033609574	116212013495772
116212119003272	116212133637491	116212118861188
116212121515668	116212141973376	116212121417803
116212177855824	116212191988688	116212177753532
116212179760824	116212200323897	116212179729730
116212186126188	116212208660354	116212186073741
116212222263324	116212233672178	116212222152438
116212230579157	116212242010511	116212230492178
116212355041970	116212367060406	116212354868897
116212462332386	116212475438167	116212462185251
116212464801918	116212483775094	116212464768584
116212545165199	116212558801865	116212545048897
116212570252751	116212583817438	116212570110928
116212677412022	116212692176605	116212677226032
116212687405720	116212700514313	116212687318376
116212781363636	116212792209937	116212781259365
116212783189209	116212800545771	116212783104626
116212786560511	116212808879313	116212786479626
116212904067282	116212917240355	116212903809261
116213022370511	116213033930146	116213022177438
116213128176136	116213142282646	116213127931605
116213179669053	116213192293896	116213179606761
116213181903584	116213200629990	116213181866136
116213186632074	116213208965615	116213186586813
116213237820980	116213250643844	116213237702021
116213354515563	116213367320459	116213354347334
116213461055980	116213475661812	116213460881553
116213570336917	116213584005303	116213570206292
116213671228063	116213684032125	116213671109157
116213673286396	116213692366552	116213673148584
116213686525771	116213700700771	116213686485980
116213785316240	116213800694677	116213785239000
116213786901032	116213809027907	116213786861188
116213894515354	116213909028063	116213894377125
116214002410407	116214017359521	116214002302959
116214012331188	116214025694000	116214012254157
116214115269417	116214125723948	116214115139365
116214180850563	116214192409156	116214180796084
116214183540302	116214200744208	116214183494000
116214186957750	116214209078895	116214186910875
116214214801136	116214225744781	116214214724365
116214221033063	116214234077906	116214220980875
116214331735615	116214342456136	116214331608011
116214440111500	116214450831604	116214439943479
116214554972281	116214567520250	116214554760198
116214654258219	116214667528635	116214654139208
116214656298115	116214675864312	116214656199990

=== poll 1790360731.068603272
8333333
116210180409887	116210191932908	116210180290512
116210182719731	116210200266970	116210182675720
116210186795668	116210208599991	116210186753220
116210219817648	116210233600407	116210219735356
116210227925929	116210241936397	116210227868325
116210351166241	116210366945408	116210351054575
116210353104210	116210375279418	116210353063429
116210361156241	116210383613689	116210361114366
116210452853689	116210466954522	116210452758637
116210559755772	116210575310615	116210559591502
116210669034106	116210683650460	116210668878585
116210671525356	116210691985720	116210671450824
116210790122804	116210808642438	116210789934366
116210874275095	116210891955147	116210874166397
116210886546085	116210900290460	116210886503376
116210894557231	116210908625095	116210894526189
116210997430564	116211008628897	116210997242231
116211001013585	116211016960407	116211000927647
116211003173689	116211025291761	116211003017751
116211129737960	116211141956866	116211129560616
116211178948793	116211191954782	116211178846449
116211186321814	116211200287282	116211186261137
116211221094574	116211233620198	116211221015095
116211228156293	116211241954730	116211228113793
116211344169887	116211358613220	116211344033741
116211346290460	116211366944365	116211346217491
116211451142439	116211466932699	116211450943376
116211561987803	116211575283428	116211561757178
116211564276449	116211583619261	116211564206814
116211571726762	116211591954678	116211571608168
116211685899105	116211700269261	116211685774001
116211784930459	116211800263479	116211784467855
116211789669626	116211808595615	116211789592022
116211797716501	116211816928272	116211797614105
116211902477803	116211916919522	116211902362907
116212010417803	116212025271032	116212010273480
116212013568897	116212033609574	116212013495772
116212119003272	116212133637491	116212118861188
116212121515668	116212141973376	116212121417803
116212177855824	116212191988688	116212177753532
116212179760824	116212200323897	116212179729730
116212186126188	116212208660354	116212186073741
116212222263324	116212233672178	116212222152438
116212230579157	116212242010511	116212230492178
116212355041970	116212367060406	116212354868897
116212462332386	116212475438167	116212462185251
116212464801918	116212483775094	116212464768584
116212545165199	116212558801865	116212545048897
116212570252751	116212583817438	116212570110928
116212677412022	116212692176605	116212677226032
116212687405720	116212700514313	116212687318376
116212781363636	116212792209937	116212781259365
116212783189209	116212800545771	116212783104626
116212786560511	116212808879313	116212786479626
116212904067282	116212917240355	116212903809261
116213022370511	116213033930146	116213022177438
116213128176136	116213142282646	116213127931605
116213179669053	116213192293896	116213179606761
116213181903584	116213200629990	116213181866136
116213186632074	116213208965615	116213186586813
116213237820980	116213250643844	116213237702021
116213354515563	116213367320459	116213354347334
116213461055980	116213475661812	116213460881553
116213570336917	116213584005303	116213570206292
116213671228063	116213684032125	116213671109157
116213673286396	116213692366552	116213673148584
116213686525771	116213700700771	116213686485980
116213785316240	116213800694677	116213785239000
116213786901032	116213809027907	116213786861188
116213894515354	116213909028063	116213894377125
116214002410407	116214017359521	116214002302959
116214012331188	116214025694000	116214012254157
116214115269417	116214125723948	116214115139365
116214180850563	116214192409156	116214180796084
116214183540302	116214200744208	116214183494000
116214186957750	116214209078895	116214186910875
116214214801136	116214225744781	116214214724365
116214221033063	116214234077906	116214220980875
116214331735615	116214342456136	116214331608011
116214440111500	116214450831604	116214439943479
116214554972281	116214567520250	116214554760198
116214654258219	116214667528635	116214654139208
116214656298115	116214675864312	116214656199990
116214777044469	116214792563479	116214776940875
116214878482594	116214892576604	116214878387802
116214887265979	116214900910666	116214887189677
116214985037906	116215000926811	116214984875771
116214988312958	116215009259989	116214988201396
116215103398531	116215117606812	116215103272750
116215185750510	116215200968166	116215185667073
116215204839364	116215217644364	116215204790041
116215216139052	116215234319103	116215216055250
116215223872333	116215242656291	116215223749052
116215237686448	116215250993479	116215237570719
116215312764416	116215326024729	116215312632802
116215321120666	116215334359312	116215321046291
116215328898531	116215342695301	116215328812125
116215436213635	116215451071812	116215436122021
116215437763739	116215459407645	116215437717854
116215445186448	116215467743947	116215445139625
116215536144521	116215551105197	116215535968271
116215545946812	116215559443322	116215545895406
116215661781968	116215676157958	116215661589364
116215769094416	116215784506134	116215768954677
116215854700406	116215876178583	116215854599208
116215864305406	116215884512854	116215864244781
116215870682750	116215892848582	116215870629833
116215986110145	116216001202853	116215986015822
116215987674000	116216009539103	116215987634781
116216085787020	116216101221343	116216085703895
116216095255197	116216109555040	116216095214885
116216210504156	116216226233270	116216210379833
116216213438166	116216234567280	116216213347177
116216328522593	116216342891864	116216328385979
116216331093739	116216351222749	116216330993999
116216447600301	116216459578061	116216447407958
116216546418062	116216559591290	116216546277020
116216554420197	116216567927280	116216554324572
116216653585666	116216667935353	116216653444572
116216656038426	116216676267853	116216655984103
116216777891864	116216792922593	116216777753947
116216886535874	116216901271239	116216886460197
116216888102020	116216909607384	116216888066708
116216896089468	116216917944415	116216895860666
116216995008218	116217009646863	116216994870926
116216997145978	116217017983165	116216997083843
116217004396135	116217026320405	116217004311551

=== poll 1790360733.339521708
8333333
116212230579157	116212242010511	116212230492178
116212355041970	116212367060406	116212354868897
116212462332386	116212475438167	116212462185251
116212464801918	116212483775094	116212464768584
116212545165199	116212558801865	116212545048897
116212570252751	116212583817438	116212570110928
116212677412022	116212692176605	116212677226032
116212687405720	116212700514313	116212687318376
116212781363636	116212792209937	116212781259365
116212783189209	116212800545771	116212783104626
116212786560511	116212808879313	116212786479626
116212904067282	116212917240355	116212903809261
116213022370511	116213033930146	116213022177438
116213128176136	116213142282646	116213127931605
116213179669053	116213192293896	116213179606761
116213181903584	116213200629990	116213181866136
116213186632074	116213208965615	116213186586813
116213237820980	116213250643844	116213237702021
116213354515563	116213367320459	116213354347334
116213461055980	116213475661812	116213460881553
116213570336917	116213584005303	116213570206292
116213671228063	116213684032125	116213671109157
116213673286396	116213692366552	116213673148584
116213686525771	116213700700771	116213686485980
116213785316240	116213800694677	116213785239000
116213786901032	116213809027907	116213786861188
116213894515354	116213909028063	116213894377125
116214002410407	116214017359521	116214002302959
116214012331188	116214025694000	116214012254157
116214115269417	116214125723948	116214115139365
116214180850563	116214192409156	116214180796084
116214183540302	116214200744208	116214183494000
116214186957750	116214209078895	116214186910875
116214214801136	116214225744781	116214214724365
116214221033063	116214234077906	116214220980875
116214331735615	116214342456136	116214331608011
116214440111500	116214450831604	116214439943479
116214554972281	116214567520250	116214554760198
116214654258219	116214667528635	116214654139208
116214656298115	116214675864312	116214656199990
116214777044469	116214792563479	116214776940875
116214878482594	116214892576604	116214878387802
116214887265979	116214900910666	116214887189677
116214985037906	116215000926811	116214984875771
116214988312958	116215009259989	116214988201396
116215103398531	116215117606812	116215103272750
116215185750510	116215200968166	116215185667073
116215204839364	116215217644364	116215204790041
116215216139052	116215234319103	116215216055250
116215223872333	116215242656291	116215223749052
116215237686448	116215250993479	116215237570719
116215312764416	116215326024729	116215312632802
116215321120666	116215334359312	116215321046291
116215328898531	116215342695301	116215328812125
116215436213635	116215451071812	116215436122021
116215437763739	116215459407645	116215437717854
116215445186448	116215467743947	116215445139625
116215536144521	116215551105197	116215535968271
116215545946812	116215559443322	116215545895406
116215661781968	116215676157958	116215661589364
116215769094416	116215784506134	116215768954677
116215854700406	116215876178583	116215854599208
116215864305406	116215884512854	116215864244781
116215870682750	116215892848582	116215870629833
116215986110145	116216001202853	116215986015822
116215987674000	116216009539103	116215987634781
116216085787020	116216101221343	116216085703895
116216095255197	116216109555040	116216095214885
116216210504156	116216226233270	116216210379833
116216213438166	116216234567280	116216213347177
116216328522593	116216342891864	116216328385979
116216331093739	116216351222749	116216330993999
116216447600301	116216459578061	116216447407958
116216546418062	116216559591290	116216546277020
116216554420197	116216567927280	116216554324572
116216653585666	116216667935353	116216653444572
116216656038426	116216676267853	116216655984103
116216777891864	116216792922593	116216777753947
116216886535874	116216901271239	116216886460197
116216888102020	116216909607384	116216888066708
116216896089468	116216917944415	116216895860666
116216995008218	116217009646863	116216994870926
116216997145978	116217017983165	116216997083843
116217004396135	116217026320405	116217004311551
116217108744676	116217126341186	116217108635666
116217161891291	116217176349050	116217113873635
116217212130874	116217226354728	116217207074051
116217308164832	116217326373530	116217308047853
116217361978114	116217376395666	116217315312072
116217411945405	116217426413113	116217365696968
116217462143843	116217476417436	116217416651707
116217512028530	116217526420718	116217465901447
116217562067749	116217576422905	116217533289728
116217612082280	116217626420041	116217565112957
116217637724311	116217651416134	116217637660093
116217646267645	116217659747175	116217646168218
116217680252749	116217693077488	116217680170145
116217690960822	116217709743165	116217690894051
116217704192905	116217718076029	116217704142541
116217706940249	116217726408634	116217706909207
116217712346343	116217734741811	116217712303009
116217741572072	116217759740352	116217741506343
116217755473895	116217768073894	116217755413686
116217864184936	116217876425457	116217863948634
116217871482645	116217884758165	116217871375040
116217979480613	116217993094207	116217979299207
116218085323530	116218101439259	116218085230092
116218086860770	116218109773217	116218086833947
116218196782436	116218209781186	116218196642124
116218199603895	116218218114832	116218199383999
116218312461082	116218326449206	116218312360769
116218421571134	116218434797800	116218421462332
116218430154415	116218443132383	116218431884259
116218528399728	116218543134155	116218528143946
116218530502644	116218551468582	116218530431134
116218538285821	116218559803008	116218538203738
116218644916915	116218659808529	116218644646238
116218747055509	116218759835196	116218746918686
116218749555717	116218768171498	116218749492696
116218862455457	116218876534415	116218862319988
116218864875926	116218884871081	116218864783686
116218974997175	116218993247383	116218974843946
116218977429467	116219001584519	116218977336186
116218986564988	116219009922383	116218979531759
116219095805196	116219109935977	116219095657019
116219098799259	116219118270300	116219098684884
116219227063998	116219243249154	116219226942019

=== poll 1790360735.597726916
8333333
116215223872333	116215242656291	116215223749052
116215237686448	116215250993479	116215237570719
116215312764416	116215326024729	116215312632802
116215321120666	116215334359312	116215321046291
116215328898531	116215342695301	116215328812125
116215436213635	116215451071812	116215436122021
116215437763739	116215459407645	116215437717854
116215445186448	116215467743947	116215445139625
116215536144521	116215551105197	116215535968271
116215545946812	116215559443322	116215545895406
116215661781968	116215676157958	116215661589364
116215769094416	116215784506134	116215768954677
116215854700406	116215876178583	116215854599208
116215864305406	116215884512854	116215864244781
116215870682750	116215892848582	116215870629833
116215986110145	116216001202853	116215986015822
116215987674000	116216009539103	116215987634781
116216085787020	116216101221343	116216085703895
116216095255197	116216109555040	116216095214885
116216210504156	116216226233270	116216210379833
116216213438166	116216234567280	116216213347177
116216328522593	116216342891864	116216328385979
116216331093739	116216351222749	116216330993999
116216447600301	116216459578061	116216447407958
116216546418062	116216559591290	116216546277020
116216554420197	116216567927280	116216554324572
116216653585666	116216667935353	116216653444572
116216656038426	116216676267853	116216655984103
116216777891864	116216792922593	116216777753947
116216886535874	116216901271239	116216886460197
116216888102020	116216909607384	116216888066708
116216896089468	116216917944415	116216895860666
116216995008218	116217009646863	116216994870926
116216997145978	116217017983165	116216997083843
116217004396135	116217026320405	116217004311551
116217108744676	116217126341186	116217108635666
116217161891291	116217176349050	116217113873635
116217212130874	116217226354728	116217207074051
116217308164832	116217326373530	116217308047853
116217361978114	116217376395666	116217315312072
116217411945405	116217426413113	116217365696968
116217462143843	116217476417436	116217416651707
116217512028530	116217526420718	116217465901447
116217562067749	116217576422905	116217533289728
116217612082280	116217626420041	116217565112957
116217637724311	116217651416134	116217637660093
116217646267645	116217659747175	116217646168218
116217680252749	116217693077488	116217680170145
116217690960822	116217709743165	116217690894051
116217704192905	116217718076029	116217704142541
116217706940249	116217726408634	116217706909207
116217712346343	116217734741811	116217712303009
116217741572072	116217759740352	116217741506343
116217755473895	116217768073894	116217755413686
116217864184936	116217876425457	116217863948634
116217871482645	116217884758165	116217871375040
116217979480613	116217993094207	116217979299207
116218085323530	116218101439259	116218085230092
116218086860770	116218109773217	116218086833947
116218196782436	116218209781186	116218196642124
116218199603895	116218218114832	116218199383999
116218312461082	116218326449206	116218312360769
116218421571134	116218434797800	116218421462332
116218430154415	116218443132383	116218431884259
116218528399728	116218543134155	116218528143946
116218530502644	116218551468582	116218530431134
116218538285821	116218559803008	116218538203738
116218644916915	116218659808529	116218644646238
116218747055509	116218759835196	116218746918686
116218749555717	116218768171498	116218749492696
116218862455457	116218876534415	116218862319988
116218864875926	116218884871081	116218864783686
116218974997175	116218993247383	116218974843946
116218977429467	116219001584519	116218977336186
116218986564988	116219009922383	116218979531759
116219095805196	116219109935977	116219095657019
116219098799259	116219118270300	116219098684884
116219227063998	116219243249154	116219226942019
116219296198061	116219309908425	116219296107175
116219304051082	116219318240976	116219303988634
116219414572436	116219426587383	116219414475717
116219420920509	116219434921550	116219420869988
116219520414259	116219534928581	116219520150769
116219615911186	116219626610821	116219615796602
116219622342904	116219634945768	116219622287748
116219629069415	116219643280092	116219629031915
116219729485925	116219743276029	116219729342227
116219732081081	116219751608945	116219731965873
116219857048738	116219868279675	116219856888008
116219957127852	116219976637852	116219956869258
116219963805769	116219984973060	116219963721863
116220061182279	116220076644102	116220060958373
116220064151185	116220084978945	116220064063425
116220071892592	116220093314518	116220071410925
116220181380248	116220193312904	116220181283529
116220183835821	116220201646341	116220183759519
116220190455352	116220209979675	116220190354571
116220197821810	116220218312539	116220197775300
116220212443737	116220226645247	116220212396133
116220276073165	116220301643216	116220275931706
116220280433998	116220309977852	116220280378685
116220289216758	116220318311758	116220289122696
116220398086758	116220409987383	116220397941498
116220400639467	116220418321549	116220400605665
116220503573112	116220518332174	116220503424623
116220506511758	116220526666498	116220506434831
116220513066029	116220534999623	116220512967383
116220611137331	116220626677279	116220610907696
116220614584883	116220635011706	116220614511967
116220621824727	116220643346185	116220621734779
116220719900560	116220735028007	116220719816394
116220721476341	116220743366706	116220721440456
116220729194310	116220751704154	116220729154258
116220839497279	116220860066393	116220839337487
116220847335039	116220868401498	116220847215612
116220946809987	116220960079465	116220946632175
116220954631602	116220968417227	116220954521862
116221065875873	116221085101393	116221065724727
116221069883633	116221093434883	116221069780091
116221147906654	116221168449206	116221147779831
116221162830768	116221176785873	116221162766185
116221270017018	116221285134778	116221269930560
116221271558789	116221293469622	116221271522487
116221280216914	116221301804361	116221280132070
116221378429987	116221393459622	116221378339466
116221396284570	116221410119310	116221396178997
116221512293216	116221526787278	116221512134362

=== poll 1790360738.022383478
8333333
116217704192905	116217718076029	116217704142541
116217706940249	116217726408634	116217706909207
116217712346343	116217734741811	116217712303009
116217741572072	116217759740352	116217741506343
116217755473895	116217768073894	116217755413686
116217864184936	116217876425457	116217863948634
116217871482645	116217884758165	116217871375040
116217979480613	116217993094207	116217979299207
116218085323530	116218101439259	116218085230092
116218086860770	116218109773217	116218086833947
116218196782436	116218209781186	116218196642124
116218199603895	116218218114832	116218199383999
116218312461082	116218326449206	116218312360769
116218421571134	116218434797800	116218421462332
116218430154415	116218443132383	116218431884259
116218528399728	116218543134155	116218528143946
116218530502644	116218551468582	116218530431134
116218538285821	116218559803008	116218538203738
116218644916915	116218659808529	116218644646238
116218747055509	116218759835196	116218746918686
116218749555717	116218768171498	116218749492696
116218862455457	116218876534415	116218862319988
116218864875926	116218884871081	116218864783686
116218974997175	116218993247383	116218974843946
116218977429467	116219001584519	116218977336186
116218986564988	116219009922383	116218979531759
116219095805196	116219109935977	116219095657019
116219098799259	116219118270300	116219098684884
116219227063998	116219243249154	116219226942019
116219296198061	116219309908425	116219296107175
116219304051082	116219318240976	116219303988634
116219414572436	116219426587383	116219414475717
116219420920509	116219434921550	116219420869988
116219520414259	116219534928581	116219520150769
116219615911186	116219626610821	116219615796602
116219622342904	116219634945768	116219622287748
116219629069415	116219643280092	116219629031915
116219729485925	116219743276029	116219729342227
116219732081081	116219751608945	116219731965873
116219857048738	116219868279675	116219856888008
116219957127852	116219976637852	116219956869258
116219963805769	116219984973060	116219963721863
116220061182279	116220076644102	116220060958373
116220064151185	116220084978945	116220064063425
116220071892592	116220093314518	116220071410925
116220181380248	116220193312904	116220181283529
116220183835821	116220201646341	116220183759519
116220190455352	116220209979675	116220190354571
116220197821810	116220218312539	116220197775300
116220212443737	116220226645247	116220212396133
116220276073165	116220301643216	116220275931706
116220280433998	116220309977852	116220280378685
116220289216758	116220318311758	116220289122696
116220398086758	116220409987383	116220397941498
116220400639467	116220418321549	116220400605665
116220503573112	116220518332174	116220503424623
116220506511758	116220526666498	116220506434831
116220513066029	116220534999623	116220512967383
116220611137331	116220626677279	116220610907696
116220614584883	116220635011706	116220614511967
116220621824727	116220643346185	116220621734779
116220719900560	116220735028007	116220719816394
116220721476341	116220743366706	116220721440456
116220729194310	116220751704154	116220729154258
116220839497279	116220860066393	116220839337487
116220847335039	116220868401498	116220847215612
116220946809987	116220960079465	116220946632175
116220954631602	116220968417227	116220954521862
116221065875873	116221085101393	116221065724727
116221069883633	116221093434883	116221069780091
116221147906654	116221168449206	116221147779831
116221162830768	116221176785873	116221162766185
116221270017018	116221285134778	116221269930560
116221271558789	116221293469622	116221271522487
116221280216914	116221301804361	116221280132070
116221378429987	116221393459622	116221378339466
116221396284570	116221410119310	116221396178997
116221512293216	116221526787278	116221512134362
116221614036966	116221626790924	116221613932539
116221621620508	116221635123944	116221621528737
116221728394674	116221743482018	116221728273789
116221729911289	116221751816601	116221729882643
116221858129518	116221876828528	116221857993112
116221860414101	116221885162017	116221860348112
116221870871810	116221893496966	116221870830404
116221941918216	116221968482747	116221941835872
116221946516028	116221976816132	116221946431966
116222055215143	116222068475351	116222055126653
116222057161966	116222076808528	116222057102695
116222064382278	116222085143163	116222064315820
116222169570091	116222185160403	116222169457747
116222171041028	116222193495351	116222171017383
116222279645299	116222293507382	116222279559414
116222281167330	116222301840247	116222281141601
116222296208060	116222310173007	116222296135560
116222407164830	116222426824257	116222406978997
116222489681132	116222501819309	116222489566028
116222499282122	116222510152069	116222499189518
116222504593580	116222518485403	116222504510560
116222619946862	116222635131027	116222619799674
116222622537174	116222643464726	116222622446757
116222681809414	116222693468007	116222681737018
116222685053216	116222701801913	116222685007330
116222687751028	116222710134987	116222687714987
116222696845664	116222718468684	116222696770559
116222704586028	116222726801184	116222704550143
116222716230924	116222735134257	116222716191914
116222721456497	116222743467382	116222721411914
116222729552487	116222751801132	116222729466809
116222838389674	116222851791028	116222838226393
116222946581549	116222960115559	116222946346653
116223046114205	116223060108319	116223045980559
116223048730716	116223068443580	116223048614778
116223156858111	116223168451496	116223156774049
116223158379882	116223176787069	116223158350872
116223162648320	116223185122591	116223162591497
116223272550090	116223285121913	116223272378893
116223376478580	116223393466287	116223376391757
116223379137590	116223401800403	116223379100611
116223489249257	116223501818319	116223489105299
116223496972695	116223510152590	116223496888632
116223614706601	116223626844621	116223614470767
116223721408476	116223735205558	116223721249622
116223730545924	116223743541704	116223730436392
116223828232799	116223843548996	116223828095872
116223830723319	116223851883371	116223830654882
116223953574049	116223968534725	116223953404674

=== poll 1790360740.293799935
8333333
116220061182279	116220076644102	116220060958373
116220064151185	116220084978945	116220064063425
116220071892592	116220093314518	116220071410925
116220181380248	116220193312904	116220181283529
116220183835821	116220201646341	116220183759519
116220190455352	116220209979675	116220190354571
116220197821810	116220218312539	116220197775300
116220212443737	116220226645247	116220212396133
116220276073165	116220301643216	116220275931706
116220280433998	116220309977852	116220280378685
116220289216758	116220318311758	116220289122696
116220398086758	116220409987383	116220397941498
116220400639467	116220418321549	116220400605665
116220503573112	116220518332174	116220503424623
116220506511758	116220526666498	116220506434831
116220513066029	116220534999623	116220512967383
116220611137331	116220626677279	116220610907696
116220614584883	116220635011706	116220614511967
116220621824727	116220643346185	116220621734779
116220719900560	116220735028007	116220719816394
116220721476341	116220743366706	116220721440456
116220729194310	116220751704154	116220729154258
116220839497279	116220860066393	116220839337487
116220847335039	116220868401498	116220847215612
116220946809987	116220960079465	116220946632175
116220954631602	116220968417227	116220954521862
116221065875873	116221085101393	116221065724727
116221069883633	116221093434883	116221069780091
116221147906654	116221168449206	116221147779831
116221162830768	116221176785873	116221162766185
116221270017018	116221285134778	116221269930560
116221271558789	116221293469622	116221271522487
116221280216914	116221301804361	116221280132070
116221378429987	116221393459622	116221378339466
116221396284570	116221410119310	116221396178997
116221512293216	116221526787278	116221512134362
116221614036966	116221626790924	116221613932539
116221621620508	116221635123944	116221621528737
116221728394674	116221743482018	116221728273789
116221729911289	116221751816601	116221729882643
116221858129518	116221876828528	116221857993112
116221860414101	116221885162017	116221860348112
116221870871810	116221893496966	116221870830404
116221941918216	116221968482747	116221941835872
116221946516028	116221976816132	116221946431966
116222055215143	116222068475351	116222055126653
116222057161966	116222076808528	116222057102695
116222064382278	116222085143163	116222064315820
116222169570091	116222185160403	116222169457747
116222171041028	116222193495351	116222171017383
116222279645299	116222293507382	116222279559414
116222281167330	116222301840247	116222281141601
116222296208060	116222310173007	116222296135560
116222407164830	116222426824257	116222406978997
116222489681132	116222501819309	116222489566028
116222499282122	116222510152069	116222499189518
116222504593580	116222518485403	116222504510560
116222619946862	116222635131027	116222619799674
116222622537174	116222643464726	116222622446757
116222681809414	116222693468007	116222681737018
116222685053216	116222701801913	116222685007330
116222687751028	116222710134987	116222687714987
116222696845664	116222718468684	116222696770559
116222704586028	116222726801184	116222704550143
116222716230924	116222735134257	116222716191914
116222721456497	116222743467382	116222721411914
116222729552487	116222751801132	116222729466809
116222838389674	116222851791028	116222838226393
116222946581549	116222960115559	116222946346653
116223046114205	116223060108319	116223045980559
116223048730716	116223068443580	116223048614778
116223156858111	116223168451496	116223156774049
116223158379882	116223176787069	116223158350872
116223162648320	116223185122591	116223162591497
116223272550090	116223285121913	116223272378893
116223376478580	116223393466287	116223376391757
116223379137590	116223401800403	116223379100611
116223489249257	116223501818319	116223489105299
116223496972695	116223510152590	116223496888632
116223614706601	116223626844621	116223614470767
116223721408476	116223735205558	116223721249622
116223730545924	116223743541704	116223730436392
116223828232799	116223843548996	116223828095872
116223830723319	116223851883371	116223830654882
116223953574049	116223968534725	116223953404674
116224060515246	116224076877589	116224060353163
116224169278632	116224185232955	116224169118423
116224171432746	116224193566861	116224171318007
116224289253423	116224301884048	116224289051965
116224397608163	116224410192590	116224397409778
116224502342955	116224518512590	116224502198840
116224506930246	116224526845298	116224506844778
116224513437798	116224535179829	116224513270090
116224611202902	116224626848266	116224611063684
116224614058163	116224635182642	116224613947902
116224730152955	116224743520923	116224729948007
116224836634204	116224851850402	116224836458944
116224939365611	116224951849412	116224939231652
116224942470715	116224960182433	116224942392277
116225064452694	116225085169777	116225064188319
116225147155402	116225160155453	116225147082381
116225154890923	116225168489152	116225154802173
116225183478006	116225201817797	116225183390611
116225192158527	116225210149151	116225192052486
116225197186965	116225218480193	116225197154569
116225209330871	116225226812485	116225209239621
116225213031236	116225235144568	116225212970819
116225265344933	116225276806131	116225265219881
116225271959569	116225285140818	116225271876236
116225372269308	116225385133891	116225372198423
116225379561183	116225393465402	116225379474048
116225480080298	116225493453943	116225479972121
116225488710454	116225501786339	116225488642225
116225496180715	116225510120298	116225496059985
116225603285558	116225618454308	116225603184777
116225604805663	116225626789151	116225604769621
116225711511912	116225726798631	116225711446131
116225721980090	116225735131235	116225721894048
116225835798215	116225851811651	116225835629152
116225837816340	116225860146235	116225837778162
116225948616131	116225960139724	116225948435871
116225951246756	116225968474256	116225951144308
116226060741912	116226076807328	116226060630194
116226062316600	116226085140454	116226062278058
116226149889933	116226168455193	116226149751235
116226164185298	116226176787068	116226164104516
116226171260610	116226185119516	116226171188527

=== poll 1790360742.557597174
8333333
116222296208060	116222310173007	116222296135560
116222407164830	116222426824257	116222406978997
116222489681132	116222501819309	116222489566028
116222499282122	116222510152069	116222499189518
116222504593580	116222518485403	116222504510560
116222619946862	116222635131027	116222619799674
116222622537174	116222643464726	116222622446757
116222681809414	116222693468007	116222681737018
116222685053216	116222701801913	116222685007330
116222687751028	116222710134987	116222687714987
116222696845664	116222718468684	116222696770559
116222704586028	116222726801184	116222704550143
116222716230924	116222735134257	116222716191914
116222721456497	116222743467382	116222721411914
116222729552487	116222751801132	116222729466809
116222838389674	116222851791028	116222838226393
116222946581549	116222960115559	116222946346653
116223046114205	116223060108319	116223045980559
116223048730716	116223068443580	116223048614778
116223156858111	116223168451496	116223156774049
116223158379882	116223176787069	116223158350872
116223162648320	116223185122591	116223162591497
116223272550090	116223285121913	116223272378893
116223376478580	116223393466287	116223376391757
116223379137590	116223401800403	116223379100611
116223489249257	116223501818319	116223489105299
116223496972695	116223510152590	116223496888632
116223614706601	116223626844621	116223614470767
116223721408476	116223735205558	116223721249622
116223730545924	116223743541704	116223730436392
116223828232799	116223843548996	116223828095872
116223830723319	116223851883371	116223830654882
116223953574049	116223968534725	116223953404674
116224060515246	116224076877589	116224060353163
116224169278632	116224185232955	116224169118423
116224171432746	116224193566861	116224171318007
116224289253423	116224301884048	116224289051965
116224397608163	116224410192590	116224397409778
116224502342955	116224518512590	116224502198840
116224506930246	116224526845298	116224506844778
116224513437798	116224535179829	116224513270090
116224611202902	116224626848266	116224611063684
116224614058163	116224635182642	116224613947902
116224730152955	116224743520923	116224729948007
116224836634204	116224851850402	116224836458944
116224939365611	116224951849412	116224939231652
116224942470715	116224960182433	116224942392277
116225064452694	116225085169777	116225064188319
116225147155402	116225160155453	116225147082381
116225154890923	116225168489152	116225154802173
116225183478006	116225201817797	116225183390611
116225192158527	116225210149151	116225192052486
116225197186965	116225218480193	116225197154569
116225209330871	116225226812485	116225209239621
116225213031236	116225235144568	116225212970819
116225265344933	116225276806131	116225265219881
116225271959569	116225285140818	116225271876236
116225372269308	116225385133891	116225372198423
116225379561183	116225393465402	116225379474048
116225480080298	116225493453943	116225479972121
116225488710454	116225501786339	116225488642225
116225496180715	116225510120298	116225496059985
116225603285558	116225618454308	116225603184777
116225604805663	116225626789151	116225604769621
116225711511912	116225726798631	116225711446131
116225721980090	116225735131235	116225721894048
116225835798215	116225851811651	116225835629152
116225837816340	116225860146235	116225837778162
116225948616131	116225960139724	116225948435871
116225951246756	116225968474256	116225951144308
116226060741912	116226076807328	116226060630194
116226062316600	116226085140454	116226062278058
116226149889933	116226168455193	116226149751235
116226164185298	116226176787068	116226164104516
116226171260610	116226185119516	116226171188527
116226280489621	116226293424620	116226280366808
116226281997381	116226301756599	116226281968006
116226396526704	116226410045402	116226396432381
116226398054048	116226418375714	116226398015454
116226404165818	116226426704412	116226404126339
116226480526183	116226493354932	116226480380766
116226490469360	116226501687329	116226490364777
116226495981391	116226510019568	116226495878996
116226599054620	116226610016756	116226598956495
116226606120975	116226618347953	116226606082173
116226612483735	116226626678631	116226612438787
116226725422120	116226743341338	116226725289568
116226727554100	116226751675036	116226727517745
116226737518579	116226760008266	116226737479672
116226837405141	116226851658578	116226837307433
116226838973527	116226859992068	116226838925610
116226948857329	116226959982276	116226948764204
116226956504412	116226968313161	116226956469308
116227048994308	116227059979099	116227048884933
116227056810297	116227068311287	116227056717693
116227165497433	116227176667641	116227165214620
116227173866860	116227185000765	116227173829829
116227179268006	116227193332641	116227179232276
116227278762954	116227293351338	116227278673006
116227287557172	116227301686026	116227287510818
116227404858370	116227418334412	116227404703110
116227407021287	116227426665192	116227406904985
116227504750818	116227518305192	116227504611026
116227507201183	116227526637016	116227507079568
116227512394828	116227534969099	116227512344203
116227622456964	116227634956703	116227622345349
116227624018891	116227643287640	116227623972016
116227690422693	116227701616755	116227690293578
116227695818162	116227709948213	116227695730089
116227697870037	116227718280869	116227697831391
116227705531130	116227726613161	116227705494620
116227712754516	116227734945401	116227712702485
116227723582485	116227743279411	116227723527641
116227734502849	116227751612120	116227734416912
116227737842901	116227759945974	116227737763839
116227746523266	116227768281026	116227746438318
116227844393370	116227859943317	116227844215089
116227954233370	116227968257693	116227954092328
116227962580349	116227976590296	116227962513422
116228068819151	116228084881755	116228068644307
116228172625505	116228184860974	116228172538370
116228174093995	116228193193474	116228174070974
116228178863943	116228201525244	116228178828839
116228297359568	116228309819255	116228297162120
116228395592693	116228409791130	116228395503630
116228397134151	116228418122536	116228397099359
116228403898370	116228426455140	116228403858943

=== poll 1790360744.832870298
8333333
116224397608163	116224410192590	116224397409778
116224502342955	116224518512590	116224502198840
116224506930246	116224526845298	116224506844778
116224513437798	116224535179829	116224513270090
116224611202902	116224626848266	116224611063684
116224614058163	116224635182642	116224613947902
116224730152955	116224743520923	116224729948007
116224836634204	116224851850402	116224836458944
116224939365611	116224951849412	116224939231652
116224942470715	116224960182433	116224942392277
116225064452694	116225085169777	116225064188319
116225147155402	116225160155453	116225147082381
116225154890923	116225168489152	116225154802173
116225183478006	116225201817797	116225183390611
116225192158527	116225210149151	116225192052486
116225197186965	116225218480193	116225197154569
116225209330871	116225226812485	116225209239621
116225213031236	116225235144568	116225212970819
116225265344933	116225276806131	116225265219881
116225271959569	116225285140818	116225271876236
116225372269308	116225385133891	116225372198423
116225379561183	116225393465402	116225379474048
116225480080298	116225493453943	116225479972121
116225488710454	116225501786339	116225488642225
116225496180715	116225510120298	116225496059985
116225603285558	116225618454308	116225603184777
116225604805663	116225626789151	116225604769621
116225711511912	116225726798631	116225711446131
116225721980090	116225735131235	116225721894048
116225835798215	116225851811651	116225835629152
116225837816340	116225860146235	116225837778162
116225948616131	116225960139724	116225948435871
116225951246756	116225968474256	116225951144308
116226060741912	116226076807328	116226060630194
116226062316600	116226085140454	116226062278058
116226149889933	116226168455193	116226149751235
116226164185298	116226176787068	116226164104516
116226171260610	116226185119516	116226171188527
116226280489621	116226293424620	116226280366808
116226281997381	116226301756599	116226281968006
116226396526704	116226410045402	116226396432381
116226398054048	116226418375714	116226398015454
116226404165818	116226426704412	116226404126339
116226480526183	116226493354932	116226480380766
116226490469360	116226501687329	116226490364777
116226495981391	116226510019568	116226495878996
116226599054620	116226610016756	116226598956495
116226606120975	116226618347953	116226606082173
116226612483735	116226626678631	116226612438787
116226725422120	116226743341338	116226725289568
116226727554100	116226751675036	116226727517745
116226737518579	116226760008266	116226737479672
116226837405141	116226851658578	116226837307433
116226838973527	116226859992068	116226838925610
116226948857329	116226959982276	116226948764204
116226956504412	116226968313161	116226956469308
116227048994308	116227059979099	116227048884933
116227056810297	116227068311287	116227056717693
116227165497433	116227176667641	116227165214620
116227173866860	116227185000765	116227173829829
116227179268006	116227193332641	116227179232276
116227278762954	116227293351338	116227278673006
116227287557172	116227301686026	116227287510818
116227404858370	116227418334412	116227404703110
116227407021287	116227426665192	116227406904985
116227504750818	116227518305192	116227504611026
116227507201183	116227526637016	116227507079568
116227512394828	116227534969099	116227512344203
116227622456964	116227634956703	116227622345349
116227624018891	116227643287640	116227623972016
116227690422693	116227701616755	116227690293578
116227695818162	116227709948213	116227695730089
116227697870037	116227718280869	116227697831391
116227705531130	116227726613161	116227705494620
116227712754516	116227734945401	116227712702485
116227723582485	116227743279411	116227723527641
116227734502849	116227751612120	116227734416912
116227737842901	116227759945974	116227737763839
116227746523266	116227768281026	116227746438318
116227844393370	116227859943317	116227844215089
116227954233370	116227968257693	116227954092328
116227962580349	116227976590296	116227962513422
116228068819151	116228084881755	116228068644307
116228172625505	116228184860974	116228172538370
116228174093995	116228193193474	116228174070974
116228178863943	116228201525244	116228178828839
116228297359568	116228309819255	116228297162120
116228395592693	116228409791130	116228395503630
116228397134151	116228418122536	116228397099359
116228403898370	116228426455140	116228403858943
116228527893318	116228543081234	116228527786495
116228663140141	116228676372328	116228663038057
116228670989307	116228684704411	116228670905922
116228731223057	116228743011755	116228731128265
116228737382849	116228751341338	116228737340922
116228852237588	116228867986598	116228852168265
116228962542380	116228976305088	116228962413630
116229070063109	116229084623942	116229069943786
116229071592849	116229092955869	116229071560140
116229193972015	116229209610401	116229193830088
116229196620974	116229217945608	116229196575088
116229311498838	116229326300869	116229311379099
116229397431442	116229409638578	116229397294671
116229404929880	116229417971859	116229404817119
116229513023109	116229526320244	116229512828474
116229619213890	116229634683317	116229619055557
116229621183005	116229643018057	116229621143265
116229728927588	116229743011390	116229728836442
116229839161338	116229851310400	116229839019671
116229841353734	116229859644983	116229841258369
116229966722900	116229984630817	116229966519046
116230054846598	116230067953889	116230054724827
116230169569723	116230184622796	116230169485713
116230171137796	116230192958317	116230171099619
116230181442067	116230201292119	116230181404202
116230191348369	116230209627067	116230191306598
116230204382900	116230217963004	116230204293525
116230271519984	116230284663108	116230271441286
116230279203577	116230293000973	116230279130244
116230385389671	116230401366181	116230385258369
116230387342327	116230409703160	116230387247223
116230501827379	116230518051911	116230501670556
116230504652588	116230526388837	116230504555244
116230610818994	116230626403577	116230610558265
116230746319567	116230759739358	116230746132379
116230749610452	116230768073889	116230749512119
116230754055348	116230776407275	116230754020036

=== poll 1790360747.117481495
8333333
116226948857329	116226959982276	116226948764204
116226956504412	116226968313161	116226956469308
116227048994308	116227059979099	116227048884933
116227056810297	116227068311287	116227056717693
116227165497433	116227176667641	116227165214620
116227173866860	116227185000765	116227173829829
116227179268006	116227193332641	116227179232276
116227278762954	116227293351338	116227278673006
116227287557172	116227301686026	116227287510818
116227404858370	116227418334412	116227404703110
116227407021287	116227426665192	116227406904985
116227504750818	116227518305192	116227504611026
116227507201183	116227526637016	116227507079568
116227512394828	116227534969099	116227512344203
116227622456964	116227634956703	116227622345349
116227624018891	116227643287640	116227623972016
116227690422693	116227701616755	116227690293578
116227695818162	116227709948213	116227695730089
116227697870037	116227718280869	116227697831391
116227705531130	116227726613161	116227705494620
116227712754516	116227734945401	116227712702485
116227723582485	116227743279411	116227723527641
116227734502849	116227751612120	116227734416912
116227737842901	116227759945974	116227737763839
116227746523266	116227768281026	116227746438318
116227844393370	116227859943317	116227844215089
116227954233370	116227968257693	116227954092328
116227962580349	116227976590296	116227962513422
116228068819151	116228084881755	116228068644307
116228172625505	116228184860974	116228172538370
116228174093995	116228193193474	116228174070974
116228178863943	116228201525244	116228178828839
116228297359568	116228309819255	116228297162120
116228395592693	116228409791130	116228395503630
116228397134151	116228418122536	116228397099359
116228403898370	116228426455140	116228403858943
116228527893318	116228543081234	116228527786495
116228663140141	116228676372328	116228663038057
116228670989307	116228684704411	116228670905922
116228731223057	116228743011755	116228731128265
116228737382849	116228751341338	116228737340922
116228852237588	116228867986598	116228852168265
116228962542380	116228976305088	116228962413630
116229070063109	116229084623942	116229069943786
116229071592849	116229092955869	116229071560140
116229193972015	116229209610401	116229193830088
116229196620974	116229217945608	116229196575088
116229311498838	116229326300869	116229311379099
116229397431442	116229409638578	116229397294671
116229404929880	116229417971859	116229404817119
116229513023109	116229526320244	116229512828474
116229619213890	116229634683317	116229619055557
116229621183005	116229643018057	116229621143265
116229728927588	116229743011390	116229728836442
116229839161338	116229851310400	116229839019671
116229841353734	116229859644983	116229841258369
116229966722900	116229984630817	116229966519046
116230054846598	116230067953889	116230054724827
116230169569723	116230184622796	116230169485713
116230171137796	116230192958317	116230171099619
116230181442067	116230201292119	116230181404202
116230191348369	116230209627067	116230191306598
116230204382900	116230217963004	116230204293525
116230271519984	116230284663108	116230271441286
116230279203577	116230293000973	116230279130244
116230385389671	116230401366181	116230385258369
116230387342327	116230409703160	116230387247223
116230501827379	116230518051911	116230501670556
116230504652588	116230526388837	116230504555244
116230610818994	116230626403577	116230610558265
116230746319567	116230759739358	116230746132379
116230749610452	116230768073889	116230749512119
116230754055348	116230776407275	116230754020036
116230821999358	116230834732119	116230821917119
116230829160400	116230843065868	116230829074723
116230952204671	116230968056181	116230952035765
116230954419983	116230976389097	116230954379098
116231032309619	116231043050139	116231032212015
116231045619150	116231059713837	116231045559463
116231154583473	116231168048941	116231154436650
116231156454254	116231176382431	116231156415035
116231162913942	116231184717900	116231162824254
116231272096494	116231284731493	116231271927744
116231274843681	116231293067118	116231274751337
116231368965608	116231384737379	116231368873525
116231372981650	116231393070868	116231372932067
116231388621181	116231401406649	116231388537796
116231479945608	116231493055035	116231479829775
116231481790087	116231501387014	116231481746650
116231497434567	116231509718159	116231497354150
116231593785296	116231609708837	116231593643941
116231596424098	116231618042691	116231596349671
116231717105712	116231734694462	116231716906702
116231721684775	116231743027326	116231721578629
116231798964983	116231818029722	116231798681858
116231813409046	116231826365035	116231813333785
116231820873681	116231834698316	116231820792848
116231930049254	116231943035295	116231929900764
116231932857691	116231951370399	116231932788993
116232036525868	116232051383264	116232036380295
116232039122587	116232059717170	116232039025400
116232047911233	116232068050972	116232047847327
116232139525764	116232151391076	116232139390868
116232149209306	116232168057638	116232149139983
116232154360191	116232176392378	116232154296181
116232252209306	116232268062483	116232252065347
116232254678264	116232276395659	116232254592222
116232369973577	116232384734618	116232369865608
116232371548733	116232393068368	116232371510139
116232470243472	116232484716545	116232470087483
116232472753577	116232493049618	116232472613733
116232586500556	116232601375868	116232586348993
116232588628577	116232609709826	116232588558212
116232680701493	116232693040086	116232680563576
116232682631441	116232701370190	116232682537066
116232694755399	116232709700139	116232694686701
116232697933056	116232718032483	116232697885243
116232708906701	116232726366388	116232708866649
116232712044879	116232734701233	116232712015556
116232720578681	116232743034253	116232720507170
116232780164826	116232793036284	116232779937691
116232796142222	116232809709930	116232796092222
116232905675920	116232918066701	116232905571181
116232907520868	116232926400816	116232907459931
116233014780764	116233026415555	116233014526597
116233017342378	116233034752430	116233017231649
116233021224201	116233043087586	116233021135816

=== poll 1790360749.411450504
8333333
116228852237588	116228867986598	116228852168265
116228962542380	116228976305088	116228962413630
116229070063109	116229084623942	116229069943786
116229071592849	116229092955869	116229071560140
116229193972015	116229209610401	116229193830088
116229196620974	116229217945608	116229196575088
116229311498838	116229326300869	116229311379099
116229397431442	116229409638578	116229397294671
116229404929880	116229417971859	116229404817119
116229513023109	116229526320244	116229512828474
116229619213890	116229634683317	116229619055557
116229621183005	116229643018057	116229621143265
116229728927588	116229743011390	116229728836442
116229839161338	116229851310400	116229839019671
116229841353734	116229859644983	116229841258369
116229966722900	116229984630817	116229966519046
116230054846598	116230067953889	116230054724827
116230169569723	116230184622796	116230169485713
116230171137796	116230192958317	116230171099619
116230181442067	116230201292119	116230181404202
116230191348369	116230209627067	116230191306598
116230204382900	116230217963004	116230204293525
116230271519984	116230284663108	116230271441286
116230279203577	116230293000973	116230279130244
116230385389671	116230401366181	116230385258369
116230387342327	116230409703160	116230387247223
116230501827379	116230518051911	116230501670556
116230504652588	116230526388837	116230504555244
116230610818994	116230626403577	116230610558265
116230746319567	116230759739358	116230746132379
116230749610452	116230768073889	116230749512119
116230754055348	116230776407275	116230754020036
116230821999358	116230834732119	116230821917119
116230829160400	116230843065868	116230829074723
116230952204671	116230968056181	116230952035765
116230954419983	116230976389097	116230954379098
116231032309619	116231043050139	116231032212015
116231045619150	116231059713837	116231045559463
116231154583473	116231168048941	116231154436650
116231156454254	116231176382431	116231156415035
116231162913942	116231184717900	116231162824254
116231272096494	116231284731493	116231271927744
116231274843681	116231293067118	116231274751337
116231368965608	116231384737379	116231368873525
116231372981650	116231393070868	116231372932067
116231388621181	116231401406649	116231388537796
116231479945608	116231493055035	116231479829775
116231481790087	116231501387014	116231481746650
116231497434567	116231509718159	116231497354150
116231593785296	116231609708837	116231593643941
116231596424098	116231618042691	116231596349671
116231717105712	116231734694462	116231716906702
116231721684775	116231743027326	116231721578629
116231798964983	116231818029722	116231798681858
116231813409046	116231826365035	116231813333785
116231820873681	116231834698316	116231820792848
116231930049254	116231943035295	116231929900764
116231932857691	116231951370399	116231932788993
116232036525868	116232051383264	116232036380295
116232039122587	116232059717170	116232039025400
116232047911233	116232068050972	116232047847327
116232139525764	116232151391076	116232139390868
116232149209306	116232168057638	116232149139983
116232154360191	116232176392378	116232154296181
116232252209306	116232268062483	116232252065347
116232254678264	116232276395659	116232254592222
116232369973577	116232384734618	116232369865608
116232371548733	116232393068368	116232371510139
116232470243472	116232484716545	116232470087483
116232472753577	116232493049618	116232472613733
116232586500556	116232601375868	116232586348993
116232588628577	116232609709826	116232588558212
116232680701493	116232693040086	116232680563576
116232682631441	116232701370190	116232682537066
116232694755399	116232709700139	116232694686701
116232697933056	116232718032483	116232697885243
116232708906701	116232726366388	116232708866649
116232712044879	116232734701233	116232712015556
116232720578681	116232743034253	116232720507170
116232780164826	116232793036284	116232779937691
116232796142222	116232809709930	116232796092222
116232905675920	116232918066701	116232905571181
116232907520868	116232926400816	116232907459931
116233014780764	116233026415555	116233014526597
116233017342378	116233034752430	116233017231649
116233021224201	116233043087586	116233021135816
116233114810972	116233126439513	116233114687847
116233145327743	116233159782742	116233121340139
116233223888212	116233234797795	116233223782274
116233253857378	116233268133784	116233238642847
116233287012951	116233301465711	116233257076545
116233347959514	116233368141441	116233347813316
116233378906493	116233393148212	116233358004722
116233454717222	116233476497273	116233454520920
116233563843993	116233576498993	116233563699201
116233595447899	116233609835972	116233565882378
116233628746597	116233643168993	116233597812743
116233678842482	116233693170764	116233671162430
116233728793836	116233743176076	116233681927066
116233780455034	116233793189565	116233780318420
116233828822222	116233843208263	116233789293472
116233889250816	116233901566284	116233889168055
116233937127743	116233951590138	116233895939618
116234013239670	116234026599877	116234013113316
116234138301024	116234151592690	116234138127899
116234229722586	116234243266284	116234229645920
116234231200034	116234251599461	116234231172482
116234237839357	116234259933993	116234237783055
116234368748003	116234384949773	116234368673003
116234468603732	116234484965815	116234468480555
116234575891805	116234593326023	116234575767534
116234695902586	116234710002065	116234695809513
116234697440347	116234718336700	116234697411544
116234812332430	116234826670502	116234812202065
116234929921284	116234943342221	116234929804305
116235027647899	116235043361284	116235027457951
116235029982274	116235051695241	116235029919201
116235137237534	116235151728367	116235137094826
116235139900867	116235160063940	116235139816440
116235146407898	116235168398419	116235146304669
116235184740138	116235201737377	116235184642378
116235193123263	116235210072012	116235193027326
116235198014878	116235218408211	116235197965971
116235207583107	116235226743263	116235207537898
116235237733003	116235251749929	116235237683940
116235247450398	116235260086596	116235247415659
116235254294044	116235268424147	116235254263732

=== poll 1790360751.672380816
8333333
116231272096494	116231284731493	116231271927744
116231274843681	116231293067118	116231274751337
116231368965608	116231384737379	116231368873525
116231372981650	116231393070868	116231372932067
116231388621181	116231401406649	116231388537796
116231479945608	116231493055035	116231479829775
116231481790087	116231501387014	116231481746650
116231497434567	116231509718159	116231497354150
116231593785296	116231609708837	116231593643941
116231596424098	116231618042691	116231596349671
116231717105712	116231734694462	116231716906702
116231721684775	116231743027326	116231721578629
116231798964983	116231818029722	116231798681858
116231813409046	116231826365035	116231813333785
116231820873681	116231834698316	116231820792848
116231930049254	116231943035295	116231929900764
116231932857691	116231951370399	116231932788993
116232036525868	116232051383264	116232036380295
116232039122587	116232059717170	116232039025400
116232047911233	116232068050972	116232047847327
116232139525764	116232151391076	116232139390868
116232149209306	116232168057638	116232149139983
116232154360191	116232176392378	116232154296181
116232252209306	116232268062483	116232252065347
116232254678264	116232276395659	116232254592222
116232369973577	116232384734618	116232369865608
116232371548733	116232393068368	116232371510139
116232470243472	116232484716545	116232470087483
116232472753577	116232493049618	116232472613733
116232586500556	116232601375868	116232586348993
116232588628577	116232609709826	116232588558212
116232680701493	116232693040086	116232680563576
116232682631441	116232701370190	116232682537066
116232694755399	116232709700139	116232694686701
116232697933056	116232718032483	116232697885243
116232708906701	116232726366388	116232708866649
116232712044879	116232734701233	116232712015556
116232720578681	116232743034253	116232720507170
116232780164826	116232793036284	116232779937691
116232796142222	116232809709930	116232796092222
116232905675920	116232918066701	116232905571181
116232907520868	116232926400816	116232907459931
116233014780764	116233026415555	116233014526597
116233017342378	116233034752430	116233017231649
116233021224201	116233043087586	116233021135816
116233114810972	116233126439513	116233114687847
116233145327743	116233159782742	116233121340139
116233223888212	116233234797795	116233223782274
116233253857378	116233268133784	116233238642847
116233287012951	116233301465711	116233257076545
116233347959514	116233368141441	116233347813316
116233378906493	116233393148212	116233358004722
116233454717222	116233476497273	116233454520920
116233563843993	116233576498993	116233563699201
116233595447899	116233609835972	116233565882378
116233628746597	116233643168993	116233597812743
116233678842482	116233693170764	116233671162430
116233728793836	116233743176076	116233681927066
116233780455034	116233793189565	116233780318420
116233828822222	116233843208263	116233789293472
116233889250816	116233901566284	116233889168055
116233937127743	116233951590138	116233895939618
116234013239670	116234026599877	116234013113316
116234138301024	116234151592690	116234138127899
116234229722586	116234243266284	116234229645920
116234231200034	116234251599461	116234231172482
116234237839357	116234259933993	116234237783055
116234368748003	116234384949773	116234368673003
116234468603732	116234484965815	116234468480555
116234575891805	116234593326023	116234575767534
116234695902586	116234710002065	116234695809513
116234697440347	116234718336700	116234697411544
116234812332430	116234826670502	116234812202065
116234929921284	116234943342221	116234929804305
116235027647899	116235043361284	116235027457951
116235029982274	116235051695241	116235029919201
116235137237534	116235151728367	116235137094826
116235139900867	116235160063940	116235139816440
116235146407898	116235168398419	116235146304669
116235184740138	116235201737377	116235184642378
116235193123263	116235210072012	116235193027326
116235198014878	116235218408211	116235197965971
116235207583107	116235226743263	116235207537898
116235237733003	116235251749929	116235237683940
116235247450398	116235260086596	116235247415659
116235254294044	116235268424147	116235254263732
116235376991128	116235393480762	116235376910086
116235476929513	116235493525606	116235476804773
116235479071909	116235501863627	116235479028836
116235580266700	116235593566908	116235580108836
116235582992950	116235601902533	116235582905190
116235588625294	116235610238054	116235588531700
116235696547065	116235710251595	116235696394982
116235705614565	116235718584409	116235705496075
116235806506857	116235818599721	116235806360502
116235809290502	116235826934043	116235809195346
116235920849981	116235935267117	116235920712794
116235930749148	116235943601908	116235930648106
116236044351388	116236060282221	116236044243784
116236144458940	116236160306023	116236144323054
116236195978471	116236210315398	116236146981752
116236247878106	116236260320294	116236247762638
116236295965086	116236310326960	116236257218888
116236363616231	116236385322638	116236363499304
116236474748992	116236493661960	116236474569252
116236521071388	116236535338678	116236477154669
116236570929304	116236585345398	116236524764929
116236620975606	116236635345501	116236582249825
116236670911648	116236685345085	116236623278367
116236691219981	116236702010293	116236691093158
116236696416544	116236710343574	116236696382846
116236807499825	116236818687012	116236807361804
116236810612742	116236827022950	116236810502585
116236814098367	116236835358627	116236813958887
116236913640450	116236927038366	116236913484512
116236922024460	116236935370710	116236921920606
116237030257169	116237043712376	116237030119981
116237131850346	116237143722793	116237131710137
116237134705710	116237152054720	116237134598627
116237146496804	116237160386335	116237146428158
116237238994616	116237252050918	116237238894564
116237287618835	116237302043939	116237247023783
116237355008991	116237377028783	116237354883054
116237462729616	116237477018157	116237462593835
116237512692377	116237527016491	116237466056127
116237562640658	116237577021127	116237515507637
116237612610866	116237627034824	116237596771595

=== poll 1790360753.919449461
8333333
116232796142222	116232809709930	116232796092222
116232905675920	116232918066701	116232905571181
116232907520868	116232926400816	116232907459931
116233014780764	116233026415555	116233014526597
116233017342378	116233034752430	116233017231649
116233021224201	116233043087586	116233021135816
116233114810972	116233126439513	116233114687847
116233145327743	116233159782742	116233121340139
116233223888212	116233234797795	116233223782274
116233253857378	116233268133784	116233238642847
116233287012951	116233301465711	116233257076545
116233347959514	116233368141441	116233347813316
116233378906493	116233393148212	116233358004722
116233454717222	116233476497273	116233454520920
116233563843993	116233576498993	116233563699201
116233595447899	116233609835972	116233565882378
116233628746597	116233643168993	116233597812743
116233678842482	116233693170764	116233671162430
116233728793836	116233743176076	116233681927066
116233780455034	116233793189565	116233780318420
116233828822222	116233843208263	116233789293472
116233889250816	116233901566284	116233889168055
116233937127743	116233951590138	116233895939618
116234013239670	116234026599877	116234013113316
116234138301024	116234151592690	116234138127899
116234229722586	116234243266284	116234229645920
116234231200034	116234251599461	116234231172482
116234237839357	116234259933993	116234237783055
116234368748003	116234384949773	116234368673003
116234468603732	116234484965815	116234468480555
116234575891805	116234593326023	116234575767534
116234695902586	116234710002065	116234695809513
116234697440347	116234718336700	116234697411544
116234812332430	116234826670502	116234812202065
116234929921284	116234943342221	116234929804305
116235027647899	116235043361284	116235027457951
116235029982274	116235051695241	116235029919201
116235137237534	116235151728367	116235137094826
116235139900867	116235160063940	116235139816440
116235146407898	116235168398419	116235146304669
116235184740138	116235201737377	116235184642378
116235193123263	116235210072012	116235193027326
116235198014878	116235218408211	116235197965971
116235207583107	116235226743263	116235207537898
116235237733003	116235251749929	116235237683940
116235247450398	116235260086596	116235247415659
116235254294044	116235268424147	116235254263732
116235376991128	116235393480762	116235376910086
116235476929513	116235493525606	116235476804773
116235479071909	116235501863627	116235479028836
116235580266700	116235593566908	116235580108836
116235582992950	116235601902533	116235582905190
116235588625294	116235610238054	116235588531700
116235696547065	116235710251595	116235696394982
116235705614565	116235718584409	116235705496075
116235806506857	116235818599721	116235806360502
116235809290502	116235826934043	116235809195346
116235920849981	116235935267117	116235920712794
116235930749148	116235943601908	116235930648106
116236044351388	116236060282221	116236044243784
116236144458940	116236160306023	116236144323054
116236195978471	116236210315398	116236146981752
116236247878106	116236260320294	116236247762638
116236295965086	116236310326960	116236257218888
116236363616231	116236385322638	116236363499304
116236474748992	116236493661960	116236474569252
116236521071388	116236535338678	116236477154669
116236570929304	116236585345398	116236524764929
116236620975606	116236635345501	116236582249825
116236670911648	116236685345085	116236623278367
116236691219981	116236702010293	116236691093158
116236696416544	116236710343574	116236696382846
116236807499825	116236818687012	116236807361804
116236810612742	116236827022950	116236810502585
116236814098367	116236835358627	116236813958887
116236913640450	116236927038366	116236913484512
116236922024460	116236935370710	116236921920606
116237030257169	116237043712376	116237030119981
116237131850346	116237143722793	116237131710137
116237134705710	116237152054720	116237134598627
116237146496804	116237160386335	116237146428158
116237238994616	116237252050918	116237238894564
116237287618835	116237302043939	116237247023783
116237355008991	116237377028783	116237354883054
116237462729616	116237477018157	116237462593835
116237512692377	116237527016491	116237466056127
116237562640658	116237577021127	116237515507637
116237612610866	116237627034824	116237596771595
116237713551856	116237727071959	116237713430189
116237762736075	116237777076803	116237722010710
116237768323679	116237785410605	116237768228314
116237771958522	116237793743522	116237771881387
116237783971647	116237802075502	116237783921231
116237809335710	116237827071908	116237809240502
116237813161543	116237835403627	116237813105293
116237912220449	116237927048835	116237912073574
116238032290449	116238043716126	116238032088002
116238126878314	116238143731334	116238126793574
116238129563835	116238152065501	116238129519720
116238247431126	116238260396595	116238247236387
116238351894303	116238368720865	116238351766960
116238460893783	116238477068990	116238460755814
116238463108210	116238485404876	116238463039668
116238579930033	116238593755240	116238579703314
116238678690605	116238693752272	116238678576595
116238680564512	116238702084667	116238680464408
116238690305710	116238710416751	116238690223366
116238796347637	116238810425032	116238796197428
116238798543574	116238818758626	116238798471595
116238804523314	116238827091907	116238804489043
116238912518574	116238927102271	116238912383574
116238921612793	116238935438573	116238921564199
116239019744095	116239035451855	116239019600814
116239022299876	116239043785240	116239022180345
116239141522689	116239160458365	116239141330709
116239225247636	116239243807063	116239225162532
116239238351959	116239252143990	116239238274824
116239356279147	116239368846646	116239356186386
116239357897845	116239377182375	116239357848105
116239363600918	116239385520188	116239363541334
116239462505293	116239477224563	116239462359616
116239464775761	116239485560032	116239464744668
116239472315293	116239493897583	116239472257324
116239580623105	116239593950292	116239580401334
116239695742376	116239710659563	116239695352272
116239813168157	116239827347271	116239812870449
116239899398105	9223372036854775807	116239899320657

=== poll 1790360756.217870033
8333333
116235146407898	116235168398419	116235146304669
116235184740138	116235201737377	116235184642378
116235193123263	116235210072012	116235193027326
116235198014878	116235218408211	116235197965971
116235207583107	116235226743263	116235207537898
116235237733003	116235251749929	116235237683940
116235247450398	116235260086596	116235247415659
116235254294044	116235268424147	116235254263732
116235376991128	116235393480762	116235376910086
116235476929513	116235493525606	116235476804773
116235479071909	116235501863627	116235479028836
116235580266700	116235593566908	116235580108836
116235582992950	116235601902533	116235582905190
116235588625294	116235610238054	116235588531700
116235696547065	116235710251595	116235696394982
116235705614565	116235718584409	116235705496075
116235806506857	116235818599721	116235806360502
116235809290502	116235826934043	116235809195346
116235920849981	116235935267117	116235920712794
116235930749148	116235943601908	116235930648106
116236044351388	116236060282221	116236044243784
116236144458940	116236160306023	116236144323054
116236195978471	116236210315398	116236146981752
116236247878106	116236260320294	116236247762638
116236295965086	116236310326960	116236257218888
116236363616231	116236385322638	116236363499304
116236474748992	116236493661960	116236474569252
116236521071388	116236535338678	116236477154669
116236570929304	116236585345398	116236524764929
116236620975606	116236635345501	116236582249825
116236670911648	116236685345085	116236623278367
116236691219981	116236702010293	116236691093158
116236696416544	116236710343574	116236696382846
116236807499825	116236818687012	116236807361804
116236810612742	116236827022950	116236810502585
116236814098367	116236835358627	116236813958887
116236913640450	116236927038366	116236913484512
116236922024460	116236935370710	116236921920606
116237030257169	116237043712376	116237030119981
116237131850346	116237143722793	116237131710137
116237134705710	116237152054720	116237134598627
116237146496804	116237160386335	116237146428158
116237238994616	116237252050918	116237238894564
116237287618835	116237302043939	116237247023783
116237355008991	116237377028783	116237354883054
116237462729616	116237477018157	116237462593835
116237512692377	116237527016491	116237466056127
116237562640658	116237577021127	116237515507637
116237612610866	116237627034824	116237596771595
116237713551856	116237727071959	116237713430189
116237762736075	116237777076803	116237722010710
116237768323679	116237785410605	116237768228314
116237771958522	116237793743522	116237771881387
116237783971647	116237802075502	116237783921231
116237809335710	116237827071908	116237809240502
116237813161543	116237835403627	116237813105293
116237912220449	116237927048835	116237912073574
116238032290449	116238043716126	116238032088002
116238126878314	116238143731334	116238126793574
116238129563835	116238152065501	116238129519720
116238247431126	116238260396595	116238247236387
116238351894303	116238368720865	116238351766960
116238460893783	116238477068990	116238460755814
116238463108210	116238485404876	116238463039668
116238579930033	116238593755240	116238579703314
116238678690605	116238693752272	116238678576595
116238680564512	116238702084667	116238680464408
116238690305710	116238710416751	116238690223366
116238796347637	116238810425032	116238796197428
116238798543574	116238818758626	116238798471595
116238804523314	116238827091907	116238804489043
116238912518574	116238927102271	116238912383574
116238921612793	116238935438573	116238921564199
116239019744095	116239035451855	116239019600814
116239022299876	116239043785240	116239022180345
116239141522689	116239160458365	116239141330709
116239225247636	116239243807063	116239225162532
116239238351959	116239252143990	116239238274824
116239356279147	116239368846646	116239356186386
116239357897845	116239377182375	116239357848105
116239363600918	116239385520188	116239363541334
116239462505293	116239477224563	116239462359616
116239464775761	116239485560032	116239464744668
116239472315293	116239493897583	116239472257324
116239580623105	116239593950292	116239580401334
116239695742376	116239710659563	116239695352272
116239813168157	116239827347271	116239812870449
116239899398105	116239910700240	116239899320657
116239946304199	116239960723261	116239913272532
116240047404928	116240060733521	116240047313313
116240096355397	116240110740136	116240055855865
116240146421803	116240160754562	116240132211490
116240196365553	116240210769406	116240150512480
116240239021282	116240252441542	116240238897740
116240353887324	116240369156854	116240353673938
116240356574928	116240377493781	116240356505449
116240456996803	116240469200448	116240456857219
116240459191594	116240477538105	116240459156074
116240571051959	116240585914771	116240570921594
116240580288053	116240594251541	116240580230136
116240672467376	116240685944614	116240672362688
116240674261698	116240694282271	116240674197532
116240680238730	116240702619770	116240680157948
116240788699042	116240802666958	116240788621855
116240790171646	116240811005188	116240790134094
116240796768313	116240819343312	116240796728053
116240905015969	116240919391802	116240904875136
116240954906490	116240969418313	116240914480344
116241004947427	116241019442427	116241002140657
116241055045396	116241069458260	116241006591177
116241105013782	116241119481177	116241058917792
116241155080917	116241169498625	116241114837480
116241205051646	116241219523625	116241158509979
116241255091594	116241269555396	116241223505969
116241305113886	116241319583468	116241258182896
116241355154250	116241369598677	116241324106177
116241405194302	116241419616281	116241357482063
116241455192584	116241469630135	116241448105761
116241564088261	116241577983052	116241563955709
116241572123521	116241586321906	116241572065552
116241679018208	116241694683625	116241678920865
116241787507427	116241803059041	116241787412427
116241789108000	116241811393677	116241789074511
116241913132948	116241928082687	116241912975552
116242021526490	116242036418521	116242021400760
116242119619562	116242136453312	116242119547583
116242122197948	116242144789927	116242122152427

=== poll 1790360758.489880501
8333333
116236696416544	116236710343574	116236696382846
116236807499825	116236818687012	116236807361804
116236810612742	116236827022950	116236810502585
116236814098367	116236835358627	116236813958887
116236913640450	116236927038366	116236913484512
116236922024460	116236935370710	116236921920606
116237030257169	116237043712376	116237030119981
116237131850346	116237143722793	116237131710137
116237134705710	116237152054720	116237134598627
116237146496804	116237160386335	116237146428158
116237238994616	116237252050918	116237238894564
116237287618835	116237302043939	116237247023783
116237355008991	116237377028783	116237354883054
116237462729616	116237477018157	116237462593835
116237512692377	116237527016491	116237466056127
116237562640658	116237577021127	116237515507637
116237612610866	116237627034824	116237596771595
116237713551856	116237727071959	116237713430189
116237762736075	116237777076803	116237722010710
116237768323679	116237785410605	116237768228314
116237771958522	116237793743522	116237771881387
116237783971647	116237802075502	116237783921231
116237809335710	116237827071908	116237809240502
116237813161543	116237835403627	116237813105293
116237912220449	116237927048835	116237912073574
116238032290449	116238043716126	116238032088002
116238126878314	116238143731334	116238126793574
116238129563835	116238152065501	116238129519720
116238247431126	116238260396595	116238247236387
116238351894303	116238368720865	116238351766960
116238460893783	116238477068990	116238460755814
116238463108210	116238485404876	116238463039668
116238579930033	116238593755240	116238579703314
116238678690605	116238693752272	116238678576595
116238680564512	116238702084667	116238680464408
116238690305710	116238710416751	116238690223366
116238796347637	116238810425032	116238796197428
116238798543574	116238818758626	116238798471595
116238804523314	116238827091907	116238804489043
116238912518574	116238927102271	116238912383574
116238921612793	116238935438573	116238921564199
116239019744095	116239035451855	116239019600814
116239022299876	116239043785240	116239022180345
116239141522689	116239160458365	116239141330709
116239225247636	116239243807063	116239225162532
116239238351959	116239252143990	116239238274824
116239356279147	116239368846646	116239356186386
116239357897845	116239377182375	116239357848105
116239363600918	116239385520188	116239363541334
116239462505293	116239477224563	116239462359616
116239464775761	116239485560032	116239464744668
116239472315293	116239493897583	116239472257324
116239580623105	116239593950292	116239580401334
116239695742376	116239710659563	116239695352272
116239813168157	116239827347271	116239812870449
116239899398105	116239910700240	116239899320657
116239946304199	116239960723261	116239913272532
116240047404928	116240060733521	116240047313313
116240096355397	116240110740136	116240055855865
116240146421803	116240160754562	116240132211490
116240196365553	116240210769406	116240150512480
116240239021282	116240252441542	116240238897740
116240353887324	116240369156854	116240353673938
116240356574928	116240377493781	116240356505449
116240456996803	116240469200448	116240456857219
116240459191594	116240477538105	116240459156074
116240571051959	116240585914771	116240570921594
116240580288053	116240594251541	116240580230136
116240672467376	116240685944614	116240672362688
116240674261698	116240694282271	116240674197532
116240680238730	116240702619770	116240680157948
116240788699042	116240802666958	116240788621855
116240790171646	116240811005188	116240790134094
116240796768313	116240819343312	116240796728053
116240905015969	116240919391802	116240904875136
116240954906490	116240969418313	116240914480344
116241004947427	116241019442427	116241002140657
116241055045396	116241069458260	116241006591177
116241105013782	116241119481177	116241058917792
116241155080917	116241169498625	116241114837480
116241205051646	116241219523625	116241158509979
116241255091594	116241269555396	116241223505969
116241305113886	116241319583468	116241258182896
116241355154250	116241369598677	116241324106177
116241405194302	116241419616281	116241357482063
116241455192584	116241469630135	116241448105761
116241564088261	116241577983052	116241563955709
116241572123521	116241586321906	116241572065552
116241679018208	116241694683625	116241678920865
116241787507427	116241803059041	116241787412427
116241789108000	116241811393677	116241789074511
116241913132948	116241928082687	116241912975552
116242021526490	116242036418521	116242021400760
116242119619562	116242136453312	116242119547583
116242122197948	116242144789927	116242122152427
116242254014042	116242269831697	116242253928521
116242348204719	116242361542426	116242348114823
116242355656385	116242369878052	116242355604614
116242462204042	116242478225603	116242462099771
116242581351646	116242594916853	116242581266854
116242692130187	116242711602061	116242691888000
116242789617791	116242803300135	116242789534406
116242904831489	116242919986801	116242904755135
116242914211020	116242928322374	116242914154406
116243012314406	116243028349249	116243012179666
116243014277479	116243036684093	116243014223364
116243136076802	116243153391229	116243135832687
116243236605864	116243253434145	116243236352062
116243348650187	116243361786072	116243348540187
116243356584354	116243370122010	116243356496697
116243455400552	116243470143624	116243455267531
116243458039197	116243478478207	116243457967895
116243464953520	116243486814509	116243464889510
116243564568624	116243578504249	116243564476124
116243566155812	116243586842530	116243566103156
116243572966489	116243595179457	116243572900187
116243681493416	116243695201645	116243681360604
116243788814822	116243803577270	116243788704406
116243798301801	116243811914613	116243798215499
116243904947583	116243920282530	116243904812218
116244013470603	116244028640655	116244013280187
116244120222999	116244136991071	116244120097947
116244172615968	116244187004145	116244122841853
116244224478468	116244237026020	116244224333885
116244272691332	116244287038051	116244232556905
116244339970603	116244353713363	116244339902062
116244389304874	116244403718989	116244351171541

=== poll 1790360760.762020552
8333333
116238690305710	116238710416751	116238690223366
116238796347637	116238810425032	116238796197428
116238798543574	116238818758626	116238798471595
116238804523314	116238827091907	116238804489043
116238912518574	116238927102271	116238912383574
116238921612793	116238935438573	116238921564199
116239019744095	116239035451855	116239019600814
116239022299876	116239043785240	116239022180345
116239141522689	116239160458365	116239141330709
116239225247636	116239243807063	116239225162532
116239238351959	116239252143990	116239238274824
116239356279147	116239368846646	116239356186386
116239357897845	116239377182375	116239357848105
116239363600918	116239385520188	116239363541334
116239462505293	116239477224563	116239462359616
116239464775761	116239485560032	116239464744668
116239472315293	116239493897583	116239472257324
116239580623105	116239593950292	116239580401334
116239695742376	116239710659563	116239695352272
116239813168157	116239827347271	116239812870449
116239899398105	116239910700240	116239899320657
116239946304199	116239960723261	116239913272532
116240047404928	116240060733521	116240047313313
116240096355397	116240110740136	116240055855865
116240146421803	116240160754562	116240132211490
116240196365553	116240210769406	116240150512480
116240239021282	116240252441542	116240238897740
116240353887324	116240369156854	116240353673938
116240356574928	116240377493781	116240356505449
116240456996803	116240469200448	116240456857219
116240459191594	116240477538105	116240459156074
116240571051959	116240585914771	116240570921594
116240580288053	116240594251541	116240580230136
116240672467376	116240685944614	116240672362688
116240674261698	116240694282271	116240674197532
116240680238730	116240702619770	116240680157948
116240788699042	116240802666958	116240788621855
116240790171646	116240811005188	116240790134094
116240796768313	116240819343312	116240796728053
116240905015969	116240919391802	116240904875136
116240954906490	116240969418313	116240914480344
116241004947427	116241019442427	116241002140657
116241055045396	116241069458260	116241006591177
116241105013782	116241119481177	116241058917792
116241155080917	116241169498625	116241114837480
116241205051646	116241219523625	116241158509979
116241255091594	116241269555396	116241223505969
116241305113886	116241319583468	116241258182896
116241355154250	116241369598677	116241324106177
116241405194302	116241419616281	116241357482063
116241455192584	116241469630135	116241448105761
116241564088261	116241577983052	116241563955709
116241572123521	116241586321906	116241572065552
116241679018208	116241694683625	116241678920865
116241787507427	116241803059041	116241787412427
116241789108000	116241811393677	116241789074511
116241913132948	116241928082687	116241912975552
116242021526490	116242036418521	116242021400760
116242119619562	116242136453312	116242119547583
116242122197948	116242144789927	116242122152427
116242254014042	116242269831697	116242253928521
116242348204719	116242361542426	116242348114823
116242355656385	116242369878052	116242355604614
116242462204042	116242478225603	116242462099771
116242581351646	116242594916853	116242581266854
116242692130187	116242711602061	116242691888000
116242789617791	116242803300135	116242789534406
116242904831489	116242919986801	116242904755135
116242914211020	116242928322374	116242914154406
116243012314406	116243028349249	116243012179666
116243014277479	116243036684093	116243014223364
116243136076802	116243153391229	116243135832687
116243236605864	116243253434145	116243236352062
116243348650187	116243361786072	116243348540187
116243356584354	116243370122010	116243356496697
116243455400552	116243470143624	116243455267531
116243458039197	116243478478207	116243457967895
116243464953520	116243486814509	116243464889510
116243564568624	116243578504249	116243564476124
116243566155812	116243586842530	116243566103156
116243572966489	116243595179457	116243572900187
116243681493416	116243695201645	116243681360604
116243788814822	116243803577270	116243788704406
116243798301801	116243811914613	116243798215499
116243904947583	116243920282530	116243904812218
116244013470603	116244028640655	116244013280187
116244120222999	116244136991071	116244120097947
116244172615968	116244187004145	116244122841853
116244224478468	116244237026020	116244224333885
116244272691332	116244287038051	116244232556905
116244339970603	116244353713363	116244339902062
116244389304874	116244403718989	116244351171541
116244465167270	116244478738467	116244465077999
116244514376957	116244528751696	116244473221749
116244574126124	116244587098364	116244574004041
116244582405551	116244595434405	116244582337218
116244683714093	116244695451332	116244683478676
116244781433572	116244795458311	116244781108103
116244783934770	116244803792686	116244783847999
116244907738207	116244920469352	116244907455655
116245002957478	116245020485863	116245002861488
116245006406541	116245028821280	116245006360603
116245106991228	116245120477998	116245106902478
116245115431801	116245128810706	116245115329978
116245219344665	116245237141384	116245219256957
116245223079093	116245245473415	116245223031540
116245231303155	116245253805029	116245231258936
116245240238780	116245262137112	116245240185499
116245248498520	116245270471384	116245248460603
116245349504197	116245362131852	116245349340030
116245457105967	116245470462060	116245456955186
116245572439197	116245587140603	116245572318884
116245669415811	116245687153154	116245669352738
116245672791176	116245695488571	116245672756176
116245800915863	116245812185915	116245800792634
116245899163467	116245912194248	116245899059874
116246013230290	116246028848936	116246013124040
116246014950655	116246037180967	116246014889457
116246136865551	116246153840446	116246136677842
116246240239925	116246253830966	116246240110967
116246347841644	116246362175081	116246347734978
116246357563884	116246370508154	116246357501123
116246468752477	116246487149092	116246468541384
116246567698988	116246578801592	116246567595186
116246696031748	116246712107790	116246695946904
116246699637738	116246720439561	116246699592269
116246706203311	9223372036854775807	116246706166852

=== poll 1790360763.020064145
8333333
116240047404928	116240060733521	116240047313313
116240096355397	116240110740136	116240055855865
116240146421803	116240160754562	116240132211490
116240196365553	116240210769406	116240150512480
116240239021282	116240252441542	116240238897740
116240353887324	116240369156854	116240353673938
116240356574928	116240377493781	116240356505449
116240456996803	116240469200448	116240456857219
116240459191594	116240477538105	116240459156074
116240571051959	116240585914771	116240570921594
116240580288053	116240594251541	116240580230136
116240672467376	116240685944614	116240672362688
116240674261698	116240694282271	116240674197532
116240680238730	116240702619770	116240680157948
116240788699042	116240802666958	116240788621855
116240790171646	116240811005188	116240790134094
116240796768313	116240819343312	116240796728053
116240905015969	116240919391802	116240904875136
116240954906490	116240969418313	116240914480344
116241004947427	116241019442427	116241002140657
116241055045396	116241069458260	116241006591177
116241105013782	116241119481177	116241058917792
116241155080917	116241169498625	116241114837480
116241205051646	116241219523625	116241158509979
116241255091594	116241269555396	116241223505969
116241305113886	116241319583468	116241258182896
116241355154250	116241369598677	116241324106177
116241405194302	116241419616281	116241357482063
116241455192584	116241469630135	116241448105761
116241564088261	116241577983052	116241563955709
116241572123521	116241586321906	116241572065552
116241679018208	116241694683625	116241678920865
116241787507427	116241803059041	116241787412427
116241789108000	116241811393677	116241789074511
116241913132948	116241928082687	116241912975552
116242021526490	116242036418521	116242021400760
116242119619562	116242136453312	116242119547583
116242122197948	116242144789927	116242122152427
116242254014042	116242269831697	116242253928521
116242348204719	116242361542426	116242348114823
116242355656385	116242369878052	116242355604614
116242462204042	116242478225603	116242462099771
116242581351646	116242594916853	116242581266854
116242692130187	116242711602061	116242691888000
116242789617791	116242803300135	116242789534406
116242904831489	116242919986801	116242904755135
116242914211020	116242928322374	116242914154406
116243012314406	116243028349249	116243012179666
116243014277479	116243036684093	116243014223364
116243136076802	116243153391229	116243135832687
116243236605864	116243253434145	116243236352062
116243348650187	116243361786072	116243348540187
116243356584354	116243370122010	116243356496697
116243455400552	116243470143624	116243455267531
116243458039197	116243478478207	116243457967895
116243464953520	116243486814509	116243464889510
116243564568624	116243578504249	116243564476124
116243566155812	116243586842530	116243566103156
116243572966489	116243595179457	116243572900187
116243681493416	116243695201645	116243681360604
116243788814822	116243803577270	116243788704406
116243798301801	116243811914613	116243798215499
116243904947583	116243920282530	116243904812218
116244013470603	116244028640655	116244013280187
116244120222999	116244136991071	116244120097947
116244172615968	116244187004145	116244122841853
116244224478468	116244237026020	116244224333885
116244272691332	116244287038051	116244232556905
116244339970603	116244353713363	116244339902062
116244389304874	116244403718989	116244351171541
116244465167270	116244478738467	116244465077999
116244514376957	116244528751696	116244473221749
116244574126124	116244587098364	116244574004041
116244582405551	116244595434405	116244582337218
116244683714093	116244695451332	116244683478676
116244781433572	116244795458311	116244781108103
116244783934770	116244803792686	116244783847999
116244907738207	116244920469352	116244907455655
116245002957478	116245020485863	116245002861488
116245006406541	116245028821280	116245006360603
116245106991228	116245120477998	116245106902478
116245115431801	116245128810706	116245115329978
116245219344665	116245237141384	116245219256957
116245223079093	116245245473415	116245223031540
116245231303155	116245253805029	116245231258936
116245240238780	116245262137112	116245240185499
116245248498520	116245270471384	116245248460603
116245349504197	116245362131852	116245349340030
116245457105967	116245470462060	116245456955186
116245572439197	116245587140603	116245572318884
116245669415811	116245687153154	116245669352738
116245672791176	116245695488571	116245672756176
116245800915863	116245812185915	116245800792634
116245899163467	116245912194248	116245899059874
116246013230290	116246028848936	116246013124040
116246014950655	116246037180967	116246014889457
116246136865551	116246153840446	116246136677842
116246240239925	116246253830966	116246240110967
116246347841644	116246362175081	116246347734978
116246357563884	116246370508154	116246357501123
116246468752477	116246487149092	116246468541384
116246567698988	116246578801592	116246567595186
116246696031748	116246712107790	116246695946904
116246699637738	116246720439561	116246699592269
116246706203311	116246728772321	116246706166852
116246814619404	116246828756747	116246814514457
116246898950498	116246912080185	116246898860811
116247024378467	116247037065133	116247024194613
116247129266852	116247145374352	116247129127113
116247238563571	116247253721851	116247238469404
116247355750706	116247370393831	116247355636696
116247463163883	116247478739143	116247463078935
116247581000029	116247595408206	116247580898050
116247687090342	116247703719560	116247686989196
116247809231071	116247828697685	116247809034925
116247907206956	116247920351539	116247907116956
116248014130810	116248028664508	116248013985394
116248016544404	116248036998727	116248016504873
116248123498362	116248136983518	116248123433050
116248251373779	116248278617476	116248251174664
116248348234404	116248361929924	116248348152998
116248474658727	116248486914977	116248474525914
116248574360341	116248586902424	116248574208883
116248693400758	116248711868466	116248693247841
116248698576956	116248720200810	116248698491487
116248809809039	116248828495757	116248809606591
116248914801591	116248928448987	116248914694195

=== poll 1790360765.289525082
8333333
116243012314406	116243028349249	116243012179666
116243014277479	116243036684093	116243014223364
116243136076802	116243153391229	116243135832687
116243236605864	116243253434145	116243236352062
116243348650187	116243361786072	116243348540187
116243356584354	116243370122010	116243356496697
116243455400552	116243470143624	116243455267531
116243458039197	116243478478207	116243457967895
116243464953520	116243486814509	116243464889510
116243564568624	116243578504249	116243564476124
116243566155812	116243586842530	116243566103156
116243572966489	116243595179457	116243572900187
116243681493416	116243695201645	116243681360604
116243788814822	116243803577270	116243788704406
116243798301801	116243811914613	116243798215499
116243904947583	116243920282530	116243904812218
116244013470603	116244028640655	116244013280187
116244120222999	116244136991071	116244120097947
116244172615968	116244187004145	116244122841853
116244224478468	116244237026020	116244224333885
116244272691332	116244287038051	116244232556905
116244339970603	116244353713363	116244339902062
116244389304874	116244403718989	116244351171541
116244465167270	116244478738467	116244465077999
116244514376957	116244528751696	116244473221749
116244574126124	116244587098364	116244574004041
116244582405551	116244595434405	116244582337218
116244683714093	116244695451332	116244683478676
116244781433572	116244795458311	116244781108103
116244783934770	116244803792686	116244783847999
116244907738207	116244920469352	116244907455655
116245002957478	116245020485863	116245002861488
116245006406541	116245028821280	116245006360603
116245106991228	116245120477998	116245106902478
116245115431801	116245128810706	116245115329978
116245219344665	116245237141384	116245219256957
116245223079093	116245245473415	116245223031540
116245231303155	116245253805029	116245231258936
116245240238780	116245262137112	116245240185499
116245248498520	116245270471384	116245248460603
116245349504197	116245362131852	116245349340030
116245457105967	116245470462060	116245456955186
116245572439197	116245587140603	116245572318884
116245669415811	116245687153154	116245669352738
116245672791176	116245695488571	116245672756176
116245800915863	116245812185915	116245800792634
116245899163467	116245912194248	116245899059874
116246013230290	116246028848936	116246013124040
116246014950655	116246037180967	116246014889457
116246136865551	116246153840446	116246136677842
116246240239925	116246253830966	116246240110967
116246347841644	116246362175081	116246347734978
116246357563884	116246370508154	116246357501123
116246468752477	116246487149092	116246468541384
116246567698988	116246578801592	116246567595186
116246696031748	116246712107790	116246695946904
116246699637738	116246720439561	116246699592269
116246706203311	116246728772321	116246706166852
116246814619404	116246828756747	116246814514457
116246898950498	116246912080185	116246898860811
116247024378467	116247037065133	116247024194613
116247129266852	116247145374352	116247129127113
116247238563571	116247253721851	116247238469404
116247355750706	116247370393831	116247355636696
116247463163883	116247478739143	116247463078935
116247581000029	116247595408206	116247580898050
116247687090342	116247703719560	116247686989196
116247809231071	116247828697685	116247809034925
116247907206956	116247920351539	116247907116956
116248014130810	116248028664508	116248013985394
116248016544404	116248036998727	116248016504873
116248123498362	116248136983518	116248123433050
116248251373779	116248278617476	116248251174664
116248348234404	116248361929924	116248348152998
116248474658727	116248486914977	116248474525914
116248574360341	116248586902424	116248574208883
116248693400758	116248711868466	116248693247841
116248698576956	116248720200810	116248698491487
116248809809039	116248828495757	116248809606591
116248914801591	116248928448987	116248914694195
116249014007268	116249028405289	116249013884977
116249015858206	116249036735497	116249015760914
116249122684247	116249136688258	116249122588726
116249124215289	116249145017944	116249124184404
116249238628258	116249253314403	116249238515081
116249360557424	116249378249612	116249360358778
116249462643622	116249478231330	116249462555653
116249584418466	116249603177476	116249584223570
116249681084195	116249694826226	116249680995914
116249804615237	116249819783726	116249804500757
116249912120757	116249928079663	116249911972789
116250025099299	116250044730549	116250024906747
116250130202216	116250144732944	116250130021018
116250133130914	116250153066225	116250133050028
116250238966070	116250253075913	116250238870809
116250248082268	116250261406850	116250248021903
116250340628934	116250353060183	116250340494038
116250343169559	116250361392371	116250343069820
116250461884768	116250478052215	116250461778622
116250490393101	116250503052423	116250490299299
116250499296903	116250511385392	116250499240809
116250505478361	116250519719871	116250505432320
116250523846330	116250536385705	116250523683622
116250531458830	116250544718466	116250531376903
116250543217788	116250561382527	116250543163309
116250564884820	116250578045288	116250564825497
116250577468570	116250594706174	116250577428986
116250592889247	116250611371381	116250592831226
116250597704611	116250619704611	116250597659768
116250628213465	116250644694819	116250628152528
116250644194299	116250661353934	116250644106486
116250647478726	116250669683726	116250647442893
116250684120497	116250703006069	116250683938049
116250689407424	116250711337632	116250689364715
116250700383674	116250719669090	116250700337632
116250710741122	116250727999611	116250710700913
116250722237163	116250736332372	116250722206226
116250789842580	116250811325079	116250789720809
116250806119195	116250819659715	116250806012736
116250905428153	116250919659455	116250905333049
116250914052007	116250927994402	116250913992528
116251012905497	116251027979246	116251012768101
116251022110028	116251036310549	116251022058153
116251130383674	116251144606017	116251130270549
116251132047892	116251152935496	116251132016486
116251228653778	116251244565861	116251228548101
116251239265496	9223372036854775807	116251239196851

=== poll 1790360767.558466487
8333333
116245572439197	116245587140603	116245572318884
116245669415811	116245687153154	116245669352738
116245672791176	116245695488571	116245672756176
116245800915863	116245812185915	116245800792634
116245899163467	116245912194248	116245899059874
116246013230290	116246028848936	116246013124040
116246014950655	116246037180967	116246014889457
116246136865551	116246153840446	116246136677842
116246240239925	116246253830966	116246240110967
116246347841644	116246362175081	116246347734978
116246357563884	116246370508154	116246357501123
116246468752477	116246487149092	116246468541384
116246567698988	116246578801592	116246567595186
116246696031748	116246712107790	116246695946904
116246699637738	116246720439561	116246699592269
116246706203311	116246728772321	116246706166852
116246814619404	116246828756747	116246814514457
116246898950498	116246912080185	116246898860811
116247024378467	116247037065133	116247024194613
116247129266852	116247145374352	116247129127113
116247238563571	116247253721851	116247238469404
116247355750706	116247370393831	116247355636696
116247463163883	116247478739143	116247463078935
116247581000029	116247595408206	116247580898050
116247687090342	116247703719560	116247686989196
116247809231071	116247828697685	116247809034925
116247907206956	116247920351539	116247907116956
116248014130810	116248028664508	116248013985394
116248016544404	116248036998727	116248016504873
116248123498362	116248136983518	116248123433050
116248251373779	116248278617476	116248251174664
116248348234404	116248361929924	116248348152998
116248474658727	116248486914977	116248474525914
116248574360341	116248586902424	116248574208883
116248693400758	116248711868466	116248693247841
116248698576956	116248720200810	116248698491487
116248809809039	116248828495757	116248809606591
116248914801591	116248928448987	116248914694195
116249014007268	116249028405289	116249013884977
116249015858206	116249036735497	116249015760914
116249122684247	116249136688258	116249122588726
116249124215289	116249145017944	116249124184404
116249238628258	116249253314403	116249238515081
116249360557424	116249378249612	116249360358778
116249462643622	116249478231330	116249462555653
116249584418466	116249603177476	116249584223570
116249681084195	116249694826226	116249680995914
116249804615237	116249819783726	116249804500757
116249912120757	116249928079663	116249911972789
116250025099299	116250044730549	116250024906747
116250130202216	116250144732944	116250130021018
116250133130914	116250153066225	116250133050028
116250238966070	116250253075913	116250238870809
116250248082268	116250261406850	116250248021903
116250340628934	116250353060183	116250340494038
116250343169559	116250361392371	116250343069820
116250461884768	116250478052215	116250461778622
116250490393101	116250503052423	116250490299299
116250499296903	116250511385392	116250499240809
116250505478361	116250519719871	116250505432320
116250523846330	116250536385705	116250523683622
116250531458830	116250544718466	116250531376903
116250543217788	116250561382527	116250543163309
116250564884820	116250578045288	116250564825497
116250577468570	116250594706174	116250577428986
116250592889247	116250611371381	116250592831226
116250597704611	116250619704611	116250597659768
116250628213465	116250644694819	116250628152528
116250644194299	116250661353934	116250644106486
116250647478726	116250669683726	116250647442893
116250684120497	116250703006069	116250683938049
116250689407424	116250711337632	116250689364715
116250700383674	116250719669090	116250700337632
116250710741122	116250727999611	116250710700913
116250722237163	116250736332372	116250722206226
116250789842580	116250811325079	116250789720809
116250806119195	116250819659715	116250806012736
116250905428153	116250919659455	116250905333049
116250914052007	116250927994402	116250913992528
116251012905497	116251027979246	116251012768101
116251022110028	116251036310549	116251022058153
116251130383674	116251144606017	116251130270549
116251132047892	116251152935496	116251132016486
116251228653778	116251244565861	116251228548101
116251239265496	116251252897058	116251239196851
116251347649819	116251361188361	116251347487319
116251349849090	116251369518830	116251349747632
116251356174611	116251377848048	116251356056278
116251453188569	116251469474715	116251453081590
116251455502476	116251477809038	116251455451642
116251554041486	116251569473360	116251553789767
116251555642059	116251577804142	116251555605184
116251563993934	116251586135079	116251563942892
116251679355132	116251694432006	116251679227215
116251799440913	116251811078778	116251799297371
116251801414611	116251819411121	116251801339403
116251903401642	116251919401017	116251903282788
116252011447267	116252027729818	116252011313569
116252122713465	116252136063620	116252122605652
116252171670392	116252186070392	116252130807111
116252223387996	116252236068465	116252223308309
116252271618673	116252286056693	116252230100132
116252331487423	116252344373777	116252331351746
116252379933673	116252394357162	116252347423413
116252448836902	116252469330288	116252448728100
116252496671173	116252510972527	116252457047163
116252546591069	116252560947839	116252501406173
116252566662475	116252577612995	116252566600183
116252572364506	116252585947996	116252572142527
116252683309923	116252694252840	116252683230027
116252684800079	116252702581485	116252684771277
116252697256746	116252710911173	116252697168986
116252792960965	116252810877527	116252792820704
116252797077996	116252819210912	116252796990808
116252904084454	116252919192266	116252903917371
116252906216485	116252927523620	116252906071485
116253012992371	116253027495808	116253012842996
116253015950287	116253035827267	116253015860704
116253121711746	116253135805027	116253121537579
116253171401798	116253185789610	116253124168569
116253221378673	116253235777319	116253174955287
116253271331746	116253285765860	116253225034923
116253321312371	116253335759870	116253273223569
116253371355131	116253385751433	116253329941069
116253421322683	116253435749193	116253374438673
116253471322110	116253485737734	116253464464194
116253521276954	9223372036854775807	116253474354923

=== poll 1790360769.831184507
8333333
116248698576956	116248720200810	116248698491487
116248809809039	116248828495757	116248809606591
116248914801591	116248928448987	116248914694195
116249014007268	116249028405289	116249013884977
116249015858206	116249036735497	116249015760914
116249122684247	116249136688258	116249122588726
116249124215289	116249145017944	116249124184404
116249238628258	116249253314403	116249238515081
116249360557424	116249378249612	116249360358778
116249462643622	116249478231330	116249462555653
116249584418466	116249603177476	116249584223570
116249681084195	116249694826226	116249680995914
116249804615237	116249819783726	116249804500757
116249912120757	116249928079663	116249911972789
116250025099299	116250044730549	116250024906747
116250130202216	116250144732944	116250130021018
116250133130914	116250153066225	116250133050028
116250238966070	116250253075913	116250238870809
116250248082268	116250261406850	116250248021903
116250340628934	116250353060183	116250340494038
116250343169559	116250361392371	116250343069820
116250461884768	116250478052215	116250461778622
116250490393101	116250503052423	116250490299299
116250499296903	116250511385392	116250499240809
116250505478361	116250519719871	116250505432320
116250523846330	116250536385705	116250523683622
116250531458830	116250544718466	116250531376903
116250543217788	116250561382527	116250543163309
116250564884820	116250578045288	116250564825497
116250577468570	116250594706174	116250577428986
116250592889247	116250611371381	116250592831226
116250597704611	116250619704611	116250597659768
116250628213465	116250644694819	116250628152528
116250644194299	116250661353934	116250644106486
116250647478726	116250669683726	116250647442893
116250684120497	116250703006069	116250683938049
116250689407424	116250711337632	116250689364715
116250700383674	116250719669090	116250700337632
116250710741122	116250727999611	116250710700913
116250722237163	116250736332372	116250722206226
116250789842580	116250811325079	116250789720809
116250806119195	116250819659715	116250806012736
116250905428153	116250919659455	116250905333049
116250914052007	116250927994402	116250913992528
116251012905497	116251027979246	116251012768101
116251022110028	116251036310549	116251022058153
116251130383674	116251144606017	116251130270549
116251132047892	116251152935496	116251132016486
116251228653778	116251244565861	116251228548101
116251239265496	116251252897058	116251239196851
116251347649819	116251361188361	116251347487319
116251349849090	116251369518830	116251349747632
116251356174611	116251377848048	116251356056278
116251453188569	116251469474715	116251453081590
116251455502476	116251477809038	116251455451642
116251554041486	116251569473360	116251553789767
116251555642059	116251577804142	116251555605184
116251563993934	116251586135079	116251563942892
116251679355132	116251694432006	116251679227215
116251799440913	116251811078778	116251799297371
116251801414611	116251819411121	116251801339403
116251903401642	116251919401017	116251903282788
116252011447267	116252027729818	116252011313569
116252122713465	116252136063620	116252122605652
116252171670392	116252186070392	116252130807111
116252223387996	116252236068465	116252223308309
116252271618673	116252286056693	116252230100132
116252331487423	116252344373777	116252331351746
116252379933673	116252394357162	116252347423413
116252448836902	116252469330288	116252448728100
116252496671173	116252510972527	116252457047163
116252546591069	116252560947839	116252501406173
116252566662475	116252577612995	116252566600183
116252572364506	116252585947996	116252572142527
116252683309923	116252694252840	116252683230027
116252684800079	116252702581485	116252684771277
116252697256746	116252710911173	116252697168986
116252792960965	116252810877527	116252792820704
116252797077996	116252819210912	116252796990808
116252904084454	116252919192266	116252903917371
116252906216485	116252927523620	116252906071485
116253012992371	116253027495808	116253012842996
116253015950287	116253035827267	116253015860704
116253121711746	116253135805027	116253121537579
116253171401798	116253185789610	116253124168569
116253221378673	116253235777319	116253174955287
116253271331746	116253285765860	116253225034923
116253321312371	116253335759870	116253273223569
116253371355131	116253385751433	116253329941069
116253421322683	116253435749193	116253374438673
116253471322110	116253485737734	116253464464194
116253521276954	116253535741381	116253474354923
116253571344350	116253585745235	116253555619975
116253621354610	116253635749714	116253573568100
116253671291381	116253685742682	116253665056798
116253674314766	116253694077161	116253674224923
116253680808516	116253702410079	116253680718829
116253787288516	116253802397214	116253787144246
116253896903308	116253910685964	116253896750704
116253898899141	116253919015338	116253898828881
116253999433308	116254018972839	116253999274506
116254001964350	116254027301536	116254001876225
116254005158985	116254035630026	116254005125443
116254104147370	116254118912266	116254103929141
116254106344089	116254127240235	116254106252110
116254231282995	116254252191328	116254231073568
116254328866120	116254343849036	116254328595756
116254331820912	116254352181276	116254331615391
116254448096849	116254468838047	116254447837839
116254545557162	116254560494609	116254545411954
116254652914454	116254668816849	116254652818776
116254654638360	116254677152162	116254654594766
116254755439037	116254768826849	116254755279141
116254764042266	116254777161640	116254763974037
116254879784766	116254893833567	116254879689714
116254887892162	116254902169661	116254887828360
116254994403776	116255010500651	116254994213308
116255101627318	116255118805703	116255101499349
116255220578620	116255235451171	116255220439974
116255223021328	116255243786379	116255222930651
116255329541016	116255343761171	116255329374870
116255439589609	116255452071015	116255439454193
116255442480495	116255460405442	116255442387318
116255555632422	116255568727213	116255555505443
116255563423724	116255577057317	116255563355651
116255660579089	116255677022630	116255660499922
116255662649297	116255685353775	116255662613047

=== poll 1790360772.215915808
8333333
116250700383674	116250719669090	116250700337632
116250710741122	116250727999611	116250710700913
116250722237163	116250736332372	116250722206226
116250789842580	116250811325079	116250789720809
116250806119195	116250819659715	116250806012736
116250905428153	116250919659455	116250905333049
116250914052007	116250927994402	116250913992528
116251012905497	116251027979246	116251012768101
116251022110028	116251036310549	116251022058153
116251130383674	116251144606017	116251130270549
116251132047892	116251152935496	116251132016486
116251228653778	116251244565861	116251228548101
116251239265496	116251252897058	116251239196851
116251347649819	116251361188361	116251347487319
116251349849090	116251369518830	116251349747632
116251356174611	116251377848048	116251356056278
116251453188569	116251469474715	116251453081590
116251455502476	116251477809038	116251455451642
116251554041486	116251569473360	116251553789767
116251555642059	116251577804142	116251555605184
116251563993934	116251586135079	116251563942892
116251679355132	116251694432006	116251679227215
116251799440913	116251811078778	116251799297371
116251801414611	116251819411121	116251801339403
116251903401642	116251919401017	116251903282788
116252011447267	116252027729818	116252011313569
116252122713465	116252136063620	116252122605652
116252171670392	116252186070392	116252130807111
116252223387996	116252236068465	116252223308309
116252271618673	116252286056693	116252230100132
116252331487423	116252344373777	116252331351746
116252379933673	116252394357162	116252347423413
116252448836902	116252469330288	116252448728100
116252496671173	116252510972527	116252457047163
116252546591069	116252560947839	116252501406173
116252566662475	116252577612995	116252566600183
116252572364506	116252585947996	116252572142527
116252683309923	116252694252840	116252683230027
116252684800079	116252702581485	116252684771277
116252697256746	116252710911173	116252697168986
116252792960965	116252810877527	116252792820704
116252797077996	116252819210912	116252796990808
116252904084454	116252919192266	116252903917371
116252906216485	116252927523620	116252906071485
116253012992371	116253027495808	116253012842996
116253015950287	116253035827267	116253015860704
116253121711746	116253135805027	116253121537579
116253171401798	116253185789610	116253124168569
116253221378673	116253235777319	116253174955287
116253271331746	116253285765860	116253225034923
116253321312371	116253335759870	116253273223569
116253371355131	116253385751433	116253329941069
116253421322683	116253435749193	116253374438673
116253471322110	116253485737734	116253464464194
116253521276954	116253535741381	116253474354923
116253571344350	116253585745235	116253555619975
116253621354610	116253635749714	116253573568100
116253671291381	116253685742682	116253665056798
116253674314766	116253694077161	116253674224923
116253680808516	116253702410079	116253680718829
116253787288516	116253802397214	116253787144246
116253896903308	116253910685964	116253896750704
116253898899141	116253919015338	116253898828881
116253999433308	116254018972839	116253999274506
116254001964350	116254027301536	116254001876225
116254005158985	116254035630026	116254005125443
116254104147370	116254118912266	116254103929141
116254106344089	116254127240235	116254106252110
116254231282995	116254252191328	116254231073568
116254328866120	116254343849036	116254328595756
116254331820912	116254352181276	116254331615391
116254448096849	116254468838047	116254447837839
116254545557162	116254560494609	116254545411954
116254652914454	116254668816849	116254652818776
116254654638360	116254677152162	116254654594766
116254755439037	116254768826849	116254755279141
116254764042266	116254777161640	116254763974037
116254879784766	116254893833567	116254879689714
116254887892162	116254902169661	116254887828360
116254994403776	116255010500651	116254994213308
116255101627318	116255118805703	116255101499349
116255220578620	116255235451171	116255220439974
116255223021328	116255243786379	116255222930651
116255329541016	116255343761171	116255329374870
116255439589609	116255452071015	116255439454193
116255442480495	116255460405442	116255442387318
116255555632422	116255568727213	116255555505443
116255563423724	116255577057317	116255563355651
116255660579089	116255677022630	116255660499922
116255662649297	116255685353775	116255662613047
116255802441693	116255818632890	116255802347838
116255903943411	116255918601275	116255903823151
116255905737318	116255926929713	116255905670599
116255912909870	116255935257630	116255912866797
116256016737213	116256035224140	116256016637213
116256021109245	116256043555234	116256021061380
116256096162630	116256110203619	116256096064349
116256212150547	116256226834401	116256212060338
116256213654713	116256235165442	116256213619453
116256328996276	116256343428723	116256328841692
116256428258151	116256443403150	116256428115495
116256430638515	116256451733254	116256430508776
116256547321328	116256560010182	116256547205963
116256653577734	116256668291588	116256653490599
116256655126692	116256676620651	116256655092005
116256754019088	116256768235025	116256753886744
116256756285130	116256776561536	116256756215182
116256762944349	116256784889296	116256762856640
116256878998515	116256893171327	116256878868151
116256964023359	116256984794973	116256963890755
116256971111223	116256993125546	116256971055703
116257090561901	116257109750285	116257090105703
116257194103515	116257209717993	116257193912005
116257313365755	116257326372837	116257313193203
116257420261327	116257434694296	116257420094140
116257529539765	116257543048931	116257529398984
116257531664557	116257551383515	116257531550598
116257637452109	116257651380285	116257637308098
116257640392004	116257659714296	116257640297161
116257743791119	116257759716900	116257743687213
116257745374869	116257768051431	116257745346119
116257871874088	116257884738879	116257871651900
116257964458254	116257976400390	116257964318775
116257967386379	116257984732421	116257967308306
116258078278515	116258093058306	116258078155025
116258080285025	116258101389868	116258080176483
116258088114452	116258109721899	116258088030286

=== poll 1790360774.493823984
8333333
116252904084454	116252919192266	116252903917371
116252906216485	116252927523620	116252906071485
116253012992371	116253027495808	116253012842996
116253015950287	116253035827267	116253015860704
116253121711746	116253135805027	116253121537579
116253171401798	116253185789610	116253124168569
116253221378673	116253235777319	116253174955287
116253271331746	116253285765860	116253225034923
116253321312371	116253335759870	116253273223569
116253371355131	116253385751433	116253329941069
116253421322683	116253435749193	116253374438673
116253471322110	116253485737734	116253464464194
116253521276954	116253535741381	116253474354923
116253571344350	116253585745235	116253555619975
116253621354610	116253635749714	116253573568100
116253671291381	116253685742682	116253665056798
116253674314766	116253694077161	116253674224923
116253680808516	116253702410079	116253680718829
116253787288516	116253802397214	116253787144246
116253896903308	116253910685964	116253896750704
116253898899141	116253919015338	116253898828881
116253999433308	116254018972839	116253999274506
116254001964350	116254027301536	116254001876225
116254005158985	116254035630026	116254005125443
116254104147370	116254118912266	116254103929141
116254106344089	116254127240235	116254106252110
116254231282995	116254252191328	116254231073568
116254328866120	116254343849036	116254328595756
116254331820912	116254352181276	116254331615391
116254448096849	116254468838047	116254447837839
116254545557162	116254560494609	116254545411954
116254652914454	116254668816849	116254652818776
116254654638360	116254677152162	116254654594766
116254755439037	116254768826849	116254755279141
116254764042266	116254777161640	116254763974037
116254879784766	116254893833567	116254879689714
116254887892162	116254902169661	116254887828360
116254994403776	116255010500651	116254994213308
116255101627318	116255118805703	116255101499349
116255220578620	116255235451171	116255220439974
116255223021328	116255243786379	116255222930651
116255329541016	116255343761171	116255329374870
116255439589609	116255452071015	116255439454193
116255442480495	116255460405442	116255442387318
116255555632422	116255568727213	116255555505443
116255563423724	116255577057317	116255563355651
116255660579089	116255677022630	116255660499922
116255662649297	116255685353775	116255662613047
116255802441693	116255818632890	116255802347838
116255903943411	116255918601275	116255903823151
116255905737318	116255926929713	116255905670599
116255912909870	116255935257630	116255912866797
116256016737213	116256035224140	116256016637213
116256021109245	116256043555234	116256021061380
116256096162630	116256110203619	116256096064349
116256212150547	116256226834401	116256212060338
116256213654713	116256235165442	116256213619453
116256328996276	116256343428723	116256328841692
116256428258151	116256443403150	116256428115495
116256430638515	116256451733254	116256430508776
116256547321328	116256560010182	116256547205963
116256653577734	116256668291588	116256653490599
116256655126692	116256676620651	116256655092005
116256754019088	116256768235025	116256753886744
116256756285130	116256776561536	116256756215182
116256762944349	116256784889296	116256762856640
116256878998515	116256893171327	116256878868151
116256964023359	116256984794973	116256963890755
116256971111223	116256993125546	116256971055703
116257090561901	116257109750285	116257090105703
116257194103515	116257209717993	116257193912005
116257313365755	116257326372837	116257313193203
116257420261327	116257434694296	116257420094140
116257529539765	116257543048931	116257529398984
116257531664557	116257551383515	116257531550598
116257637452109	116257651380285	116257637308098
116257640392004	116257659714296	116257640297161
116257743791119	116257759716900	116257743687213
116257745374869	116257768051431	116257745346119
116257871874088	116257884738879	116257871651900
116257964458254	116257976400390	116257964318775
116257967386379	116257984732421	116257967308306
116258078278515	116258093058306	116258078155025
116258080285025	116258101389868	116258080176483
116258088114452	116258109721899	116258088030286
116258193116848	116258209718983	116258192994817
116258321222942	116258334717628	116258321112785
116258322908463	116258343049504	116258322867681
116258420231119	116258434702264	116258420093567
116258522920598	116258534671483	116258522798931
116258525023410	116258543002942	116258524972369
116258528923410	116258551334087	116258528863358
116258637002681	116258651324504	116258636795025
116258743529087	116258759650389	116258743411014
116258861458671	116258876298514	116258861310962
116258863608879	116258884629139	116258863524087
116258871593358	116258892962160	116258871526431
116258948376066	116258967962784	116258948237941
116258954580441	116258976297837	116258954447525
116259079096587	116259092962629	116259078952837
116259082005181	116259101296900	116259081920285
116259179948879	116259192980389	116259179848931
116259181873098	116259201315597	116259181812629
116259306794139	116259317982889	116259306653670
116259382008775	116259401292680	116259381925285
116259387457264	116259409626274	116259387360441
116259510998358	116259526272263	116259510842525
116259614935389	116259626269764	116259614839712
116259628886170	116259642937576	116259628838931
116259746553774	116259759584607	116259746440806
116259755967472	116259767918670	116259755882316
116259849253618	116259867920597	116259849147524
116259850954035	116259876253774	116259850919035
116259862050337	116259884585076	116259862012837
116259974177681	116259992902680	116259973809295
116260078790233	116260092895545	116260078606222
116260088317056	116260101228357	116260088198306
116260179813514	116260192883722	116260179682003
116260187414608	116260201218148	116260187372056
116260288462733	116260301213722	116260288373878
116260302381535	116260317878670	116260302327003
116260304803878	116260326211482	116260304769399
116260312892628	116260334545649	116260312836899
116260321704347	116260342879034	116260321665649
116260328629191	116260351213097	116260328587212
116260428769972	116260442889087	116260428672837
116260430375545	9223372036854775807	116260430336951

=== poll 1790360776.749546327
8333333
116254231282995	116254252191328	116254231073568
116254328866120	116254343849036	116254328595756
116254331820912	116254352181276	116254331615391
116254448096849	116254468838047	116254447837839
116254545557162	116254560494609	116254545411954
116254652914454	116254668816849	116254652818776
116254654638360	116254677152162	116254654594766
116254755439037	116254768826849	116254755279141
116254764042266	116254777161640	116254763974037
116254879784766	116254893833567	116254879689714
116254887892162	116254902169661	116254887828360
116254994403776	116255010500651	116254994213308
116255101627318	116255118805703	116255101499349
116255220578620	116255235451171	116255220439974
116255223021328	116255243786379	116255222930651
116255329541016	116255343761171	116255329374870
116255439589609	116255452071015	116255439454193
116255442480495	116255460405442	116255442387318
116255555632422	116255568727213	116255555505443
116255563423724	116255577057317	116255563355651
116255660579089	116255677022630	116255660499922
116255662649297	116255685353775	116255662613047
116255802441693	116255818632890	116255802347838
116255903943411	116255918601275	116255903823151
116255905737318	116255926929713	116255905670599
116255912909870	116255935257630	116255912866797
116256016737213	116256035224140	116256016637213
116256021109245	116256043555234	116256021061380
116256096162630	116256110203619	116256096064349
116256212150547	116256226834401	116256212060338
116256213654713	116256235165442	116256213619453
116256328996276	116256343428723	116256328841692
116256428258151	116256443403150	116256428115495
116256430638515	116256451733254	116256430508776
116256547321328	116256560010182	116256547205963
116256653577734	116256668291588	116256653490599
116256655126692	116256676620651	116256655092005
116256754019088	116256768235025	116256753886744
116256756285130	116256776561536	116256756215182
116256762944349	116256784889296	116256762856640
116256878998515	116256893171327	116256878868151
116256964023359	116256984794973	116256963890755
116256971111223	116256993125546	116256971055703
116257090561901	116257109750285	116257090105703
116257194103515	116257209717993	116257193912005
116257313365755	116257326372837	116257313193203
116257420261327	116257434694296	116257420094140
116257529539765	116257543048931	116257529398984
116257531664557	116257551383515	116257531550598
116257637452109	116257651380285	116257637308098
116257640392004	116257659714296	116257640297161
116257743791119	116257759716900	116257743687213
116257745374869	116257768051431	116257745346119
116257871874088	116257884738879	116257871651900
116257964458254	116257976400390	116257964318775
116257967386379	116257984732421	116257967308306
116258078278515	116258093058306	116258078155025
116258080285025	116258101389868	116258080176483
116258088114452	116258109721899	116258088030286
116258193116848	116258209718983	116258192994817
116258321222942	116258334717628	116258321112785
116258322908463	116258343049504	116258322867681
116258420231119	116258434702264	116258420093567
116258522920598	116258534671483	116258522798931
116258525023410	116258543002942	116258524972369
116258528923410	116258551334087	116258528863358
116258637002681	116258651324504	116258636795025
116258743529087	116258759650389	116258743411014
116258861458671	116258876298514	116258861310962
116258863608879	116258884629139	116258863524087
116258871593358	116258892962160	116258871526431
116258948376066	116258967962784	116258948237941
116258954580441	116258976297837	116258954447525
116259079096587	116259092962629	116259078952837
116259082005181	116259101296900	116259081920285
116259179948879	116259192980389	116259179848931
116259181873098	116259201315597	116259181812629
116259306794139	116259317982889	116259306653670
116259382008775	116259401292680	116259381925285
116259387457264	116259409626274	116259387360441
116259510998358	116259526272263	116259510842525
116259614935389	116259626269764	116259614839712
116259628886170	116259642937576	116259628838931
116259746553774	116259759584607	116259746440806
116259755967472	116259767918670	116259755882316
116259849253618	116259867920597	116259849147524
116259850954035	116259876253774	116259850919035
116259862050337	116259884585076	116259862012837
116259974177681	116259992902680	116259973809295
116260078790233	116260092895545	116260078606222
116260088317056	116260101228357	116260088198306
116260179813514	116260192883722	116260179682003
116260187414608	116260201218148	116260187372056
116260288462733	116260301213722	116260288373878
116260302381535	116260317878670	116260302327003
116260304803878	116260326211482	116260304769399
116260312892628	116260334545649	116260312836899
116260321704347	116260342879034	116260321665649
116260328629191	116260351213097	116260328587212
116260428769972	116260442889087	116260428672837
116260430375545	116260451222055	116260430336951
116260539121222	116260551204399	116260538969920
116260545709660	116260559536222	116260545621118
116260622950805	116260642880440	116260622737837
116260629350857	116260651217003	116260629297264
116260729531951	116260742897159	116260729382993
116260853735232	116260867915753	116260853588149
116260961177889	116260976263461	116260960883149
116261068722211	116261084604294	116261068579555
116261185039503	116261201297836	116261184908566
116261296539191	116261309665805	116261296401899
116261304293149	116261318003201	116261304195336
116261412669868	116261426357315	116261412441013
116261524354243	116261543032367	116261524189920
116261636501222	116261651353565	116261636311274
116261737993513	116261751344659	116261737851951
116261843649034	116261859698357	116261843487211
116261964951899	116261976394659	116261964824919
116262071570128	116262084751065	116262071356794
116262171768149	116262184769242	116262171612680
116262173994242	116262193104710	116262173903357
116262288487628	116262301453304	116262288279138
116262394816586	116262409807263	116262394567888
116262397246273	116262418144607	116262397191117
116262503084346	116262518153408	116262502964294
116262504813201	116262526488512	116262504771534
116262635669450	116262651487158	116262635536273

=== poll 1790360779.019605649
8333333
116255802441693	116255818632890	116255802347838
116255903943411	116255918601275	116255903823151
116255905737318	116255926929713	116255905670599
116255912909870	116255935257630	116255912866797
116256016737213	116256035224140	116256016637213
116256021109245	116256043555234	116256021061380
116256096162630	116256110203619	116256096064349
116256212150547	116256226834401	116256212060338
116256213654713	116256235165442	116256213619453
116256328996276	116256343428723	116256328841692
116256428258151	116256443403150	116256428115495
116256430638515	116256451733254	116256430508776
116256547321328	116256560010182	116256547205963
116256653577734	116256668291588	116256653490599
116256655126692	116256676620651	116256655092005
116256754019088	116256768235025	116256753886744
116256756285130	116256776561536	116256756215182
116256762944349	116256784889296	116256762856640
116256878998515	116256893171327	116256878868151
116256964023359	116256984794973	116256963890755
116256971111223	116256993125546	116256971055703
116257090561901	116257109750285	116257090105703
116257194103515	116257209717993	116257193912005
116257313365755	116257326372837	116257313193203
116257420261327	116257434694296	116257420094140
116257529539765	116257543048931	116257529398984
116257531664557	116257551383515	116257531550598
116257637452109	116257651380285	116257637308098
116257640392004	116257659714296	116257640297161
116257743791119	116257759716900	116257743687213
116257745374869	116257768051431	116257745346119
116257871874088	116257884738879	116257871651900
116257964458254	116257976400390	116257964318775
116257967386379	116257984732421	116257967308306
116258078278515	116258093058306	116258078155025
116258080285025	116258101389868	116258080176483
116258088114452	116258109721899	116258088030286
116258193116848	116258209718983	116258192994817
116258321222942	116258334717628	116258321112785
116258322908463	116258343049504	116258322867681
116258420231119	116258434702264	116258420093567
116258522920598	116258534671483	116258522798931
116258525023410	116258543002942	116258524972369
116258528923410	116258551334087	116258528863358
116258637002681	116258651324504	116258636795025
116258743529087	116258759650389	116258743411014
116258861458671	116258876298514	116258861310962
116258863608879	116258884629139	116258863524087
116258871593358	116258892962160	116258871526431
116258948376066	116258967962784	116258948237941
116258954580441	116258976297837	116258954447525
116259079096587	116259092962629	116259078952837
116259082005181	116259101296900	116259081920285
116259179948879	116259192980389	116259179848931
116259181873098	116259201315597	116259181812629
116259306794139	116259317982889	116259306653670
116259382008775	116259401292680	116259381925285
116259387457264	116259409626274	116259387360441
116259510998358	116259526272263	116259510842525
116259614935389	116259626269764	116259614839712
116259628886170	116259642937576	116259628838931
116259746553774	116259759584607	116259746440806
116259755967472	116259767918670	116259755882316
116259849253618	116259867920597	116259849147524
116259850954035	116259876253774	116259850919035
116259862050337	116259884585076	116259862012837
116259974177681	116259992902680	116259973809295
116260078790233	116260092895545	116260078606222
116260088317056	116260101228357	116260088198306
116260179813514	116260192883722	116260179682003
116260187414608	116260201218148	116260187372056
116260288462733	116260301213722	116260288373878
116260302381535	116260317878670	116260302327003
116260304803878	116260326211482	116260304769399
116260312892628	116260334545649	116260312836899
116260321704347	116260342879034	116260321665649
116260328629191	116260351213097	116260328587212
116260428769972	116260442889087	116260428672837
116260430375545	116260451222055	116260430336951
116260539121222	116260551204399	116260538969920
116260545709660	116260559536222	116260545621118
116260622950805	116260642880440	116260622737837
116260629350857	116260651217003	116260629297264
116260729531951	116260742897159	116260729382993
116260853735232	116260867915753	116260853588149
116260961177889	116260976263461	116260960883149
116261068722211	116261084604294	116261068579555
116261185039503	116261201297836	116261184908566
116261296539191	116261309665805	116261296401899
116261304293149	116261318003201	116261304195336
116261412669868	116261426357315	116261412441013
116261524354243	116261543032367	116261524189920
116261636501222	116261651353565	116261636311274
116261737993513	116261751344659	116261737851951
116261843649034	116261859698357	116261843487211
116261964951899	116261976394659	116261964824919
116262071570128	116262084751065	116262071356794
116262171768149	116262184769242	116262171612680
116262173994242	116262193104710	116262173903357
116262288487628	116262301453304	116262288279138
116262394816586	116262409807263	116262394567888
116262397246273	116262418144607	116262397191117
116262503084346	116262518153408	116262502964294
116262504813201	116262526488512	116262504771534
116262635669450	116262651487158	116262635536273
116262735181950	116262751523929	116262735084294
116262854027732	116262868231846	116262853932992
116262862959346	116262876567627	116262862856534
116262963493669	116262976596013	116262963299919
116263071229919	116263084954554	116263071036534
116263169536169	116263184998617	116263169415440
116263288384034	116263301702210	116263288146950
116263403402784	116263418395179	116263403214034
116263515138513	116263526741012	116263514998356
116263617903565	116263635084293	116263617830440
116263741654138	116263760094710	116263741451169
116263848089763	116263860121533	116263847917367
116263966813929	116263985152053	116263966669294
116264071145856	116264085152731	116264071050804
116264191408512	116264210161689	116264191222158
116264288185648	116264301837835	116264288094814
116264414435960	116264426818877	116264414252679
116264518856429	116264535161220	116264518761533
116264631681429	116264643518928	116264631555700
116264748578148	116264760214553	116264748388616
116264858315127	116264876882106	116264858212887
116264961086741	116264976905751	116264960999189

=== poll 1790360781.285422367
8333333
116259306794139	116259317982889	116259306653670
116259382008775	116259401292680	116259381925285
116259387457264	116259409626274	116259387360441
116259510998358	116259526272263	116259510842525
116259614935389	116259626269764	116259614839712
116259628886170	116259642937576	116259628838931
116259746553774	116259759584607	116259746440806
116259755967472	116259767918670	116259755882316
116259849253618	116259867920597	116259849147524
116259850954035	116259876253774	116259850919035
116259862050337	116259884585076	116259862012837
116259974177681	116259992902680	116259973809295
116260078790233	116260092895545	116260078606222
116260088317056	116260101228357	116260088198306
116260179813514	116260192883722	116260179682003
116260187414608	116260201218148	116260187372056
116260288462733	116260301213722	116260288373878
116260302381535	116260317878670	116260302327003
116260304803878	116260326211482	116260304769399
116260312892628	116260334545649	116260312836899
116260321704347	116260342879034	116260321665649
116260328629191	116260351213097	116260328587212
116260428769972	116260442889087	116260428672837
116260430375545	116260451222055	116260430336951
116260539121222	116260551204399	116260538969920
116260545709660	116260559536222	116260545621118
116260622950805	116260642880440	116260622737837
116260629350857	116260651217003	116260629297264
116260729531951	116260742897159	116260729382993
116260853735232	116260867915753	116260853588149
116260961177889	116260976263461	116260960883149
116261068722211	116261084604294	116261068579555
116261185039503	116261201297836	116261184908566
116261296539191	116261309665805	116261296401899
116261304293149	116261318003201	116261304195336
116261412669868	116261426357315	116261412441013
116261524354243	116261543032367	116261524189920
116261636501222	116261651353565	116261636311274
116261737993513	116261751344659	116261737851951
116261843649034	116261859698357	116261843487211
116261964951899	116261976394659	116261964824919
116262071570128	116262084751065	116262071356794
116262171768149	116262184769242	116262171612680
116262173994242	116262193104710	116262173903357
116262288487628	116262301453304	116262288279138
116262394816586	116262409807263	116262394567888
116262397246273	116262418144607	116262397191117
116262503084346	116262518153408	116262502964294
116262504813201	116262526488512	116262504771534
116262635669450	116262651487158	116262635536273
116262735181950	116262751523929	116262735084294
116262854027732	116262868231846	116262853932992
116262862959346	116262876567627	116262862856534
116262963493669	116262976596013	116262963299919
116263071229919	116263084954554	116263071036534
116263169536169	116263184998617	116263169415440
116263288384034	116263301702210	116263288146950
116263403402784	116263418395179	116263403214034
116263515138513	116263526741012	116263514998356
116263617903565	116263635084293	116263617830440
116263741654138	116263760094710	116263741451169
116263848089763	116263860121533	116263847917367
116263966813929	116263985152053	116263966669294
116264071145856	116264085152731	116264071050804
116264191408512	116264210161689	116264191222158
116264288185648	116264301837835	116264288094814
116264414435960	116264426818877	116264414252679
116264518856429	116264535161220	116264518761533
116264631681429	116264643518928	116264631555700
116264748578148	116264760214553	116264748388616
116264858315127	116264876882106	116264858212887
116264961086741	116264976905751	116264960999189
116265069031533	116265085266377	116265068924762
116265168295127	116265185291949	116265168208043
116265286667366	116265302001793	116265286554449
116265406497001	116265418721637	116265406379710
116265408233460	116265427061481	116265408193981
116265463126949	116265477086429	116265463027158
116265471311064	116265485426064	116265471233147
116265479495543	116265493764865	116265479431897
116265496326585	116265510439085	116265496270126
116265507905387	116265518776480	116265507820491
116265515792991	116265527111793	116265515684658
116265521488720	116265535447470	116265521453095
116265529496012	116265543784397	116265529459293
116265555574710	116265568784605	116265555517366
116265571839606	116265585451897	116265571803512
116265580394293	116265593787782	116265580306324
116265605977679	116265618791533	116265605861064
116265614757210	116265627126324	116265614657679
116265622252887	116265635460855	116265622172626
116265646953720	116265660462366	116265646893408
116265654762991	116265668795282	116265654714189
116265664262262	116265677127990	116265664218928
116265671394501	116265685461689	116265671354397
116265696529085	116265710459605	116265696462887
116265717531481	116265735455803	116265717466949
116265721524762	116265743788564	116265721486689
116265771696220	116265785451376	116265771627001
116265830275335	116265843789709	116265830193772
116265880361897	116265893806740	116265880155335
116265934336480	116265952156845	116265934203199
116265938147366	116265960489136	116265938123095
116265989009293	116266002156740	116265988906897
116266046634189	116266060503303	116266046527991
116266096860126	116266110517886	116266096748251
116266155438460	116266168884553	116266155359137
116266205243876	116266218908824	116266205163460
116266272399189	116266293943563	116266272150751
116266313540178	116266327289084	116266313450491
116266380332626	116266402309136	116266380273251
116266430686324	116266443985595	116266430597053
116266489705230	116266502317157	116266489546793
116266537890491	116266552322365	116266497519397
116266587888511	116266602336220	116266546762730
116266638095334	116266652357886	116266605732366
116266687957574	116266702370178	116266654965439
116266738038720	116266752376948	116266722495855
116266788081532	116266802386011	116266771868355
116266838038824	116266852400177	116266832754918
116266887982730	116266902413980	116266880318772
116266939219345	116266952428251	116266939136480
116266988603615	116267002443459	116266988518772
116267048061324	116267069126584	116267047877209
116267097418876	116267110801897	116267097324605
116267163590647	116267185823719	116267163500907
116267213708407	116267227502730	116267213639292

=== poll 1790360783.545055231
8333333
116262862959346	116262876567627	116262862856534
116262963493669	116262976596013	116262963299919
116263071229919	116263084954554	116263071036534
116263169536169	116263184998617	116263169415440
116263288384034	116263301702210	116263288146950
116263403402784	116263418395179	116263403214034
116263515138513	116263526741012	116263514998356
116263617903565	116263635084293	116263617830440
116263741654138	116263760094710	116263741451169
116263848089763	116263860121533	116263847917367
116263966813929	116263985152053	116263966669294
116264071145856	116264085152731	116264071050804
116264191408512	116264210161689	116264191222158
116264288185648	116264301837835	116264288094814
116264414435960	116264426818877	116264414252679
116264518856429	116264535161220	116264518761533
116264631681429	116264643518928	116264631555700
116264748578148	116264760214553	116264748388616
116264858315127	116264876882106	116264858212887
116264961086741	116264976905751	116264960999189
116265069031533	116265085266377	116265068924762
116265168295127	116265185291949	116265168208043
116265286667366	116265302001793	116265286554449
116265406497001	116265418721637	116265406379710
116265408233460	116265427061481	116265408193981
116265463126949	116265477086429	116265463027158
116265471311064	116265485426064	116265471233147
116265479495543	116265493764865	116265479431897
116265496326585	116265510439085	116265496270126
116265507905387	116265518776480	116265507820491
116265515792991	116265527111793	116265515684658
116265521488720	116265535447470	116265521453095
116265529496012	116265543784397	116265529459293
116265555574710	116265568784605	116265555517366
116265571839606	116265585451897	116265571803512
116265580394293	116265593787782	116265580306324
116265605977679	116265618791533	116265605861064
116265614757210	116265627126324	116265614657679
116265622252887	116265635460855	116265622172626
116265646953720	116265660462366	116265646893408
116265654762991	116265668795282	116265654714189
116265664262262	116265677127990	116265664218928
116265671394501	116265685461689	116265671354397
116265696529085	116265710459605	116265696462887
116265717531481	116265735455803	116265717466949
116265721524762	116265743788564	116265721486689
116265771696220	116265785451376	116265771627001
116265830275335	116265843789709	116265830193772
116265880361897	116265893806740	116265880155335
116265934336480	116265952156845	116265934203199
116265938147366	116265960489136	116265938123095
116265989009293	116266002156740	116265988906897
116266046634189	116266060503303	116266046527991
116266096860126	116266110517886	116266096748251
116266155438460	116266168884553	116266155359137
116266205243876	116266218908824	116266205163460
116266272399189	116266293943563	116266272150751
116266313540178	116266327289084	116266313450491
116266380332626	116266402309136	116266380273251
116266430686324	116266443985595	116266430597053
116266489705230	116266502317157	116266489546793
116266537890491	116266552322365	116266497519397
116266587888511	116266602336220	116266546762730
116266638095334	116266652357886	116266605732366
116266687957574	116266702370178	116266654965439
116266738038720	116266752376948	116266722495855
116266788081532	116266802386011	116266771868355
116266838038824	116266852400177	116266832754918
116266887982730	116266902413980	116266880318772
116266939219345	116266952428251	116266939136480
116266988603615	116267002443459	116266988518772
116267048061324	116267069126584	116267047877209
116267097418876	116267110801897	116267097324605
116267163590647	116267185823719	116267163500907
116267213708407	116267227502730	116267213639292
116267272280230	116267285850438	116267272194084
116267321400751	116267335866375	116267280594865
116267371478719	116267385876948	116267323198407
116267421447990	116267435890177	116267380329344
116267471479501	116267485908094	116267430183147
116267521516272	116267535930386	116267488983355
116267571504188	116267585953511	116267539036480
116267621596636	116267635968407	116267588761271
116267671520646	116267685980958	116267625172938
116267721712417	116267735993771	116267673629396
116267771590907	116267786003458	116267725036063
116267821568719	116267836015959	116267774332938
116267871614969	116267886035125	116267824111323
116267921845959	116267936044813	116267882294240
116267971676844	116267986050125	116267925000386
116268021647157	116268036062886	116267989031323
116268071736375	116268086085750	116268039261584
116268121676584	116268136113145	116268097370594
116268171750178	116268186128198	116268147912000
116268206097678	116268219476792	116268206026011
116268249405073	116268261159916	116268249318302
116268257669761	116268269496531	116268257597157
116268322534396	116268336192781	116268322440230
116268353173146	116268369547260	116268353026740
116268356704969	116268377885802	116268356617573
116268430802313	116268444569292	116268430723615
116268473100125	116268486235490	116268472988042
116268540168511	116268552900594	116268540080750
116268572688719	116268586230281	116268572570438
116268647625021	116268661227052	116268647540698
116268673767938	116268686230697	116268673694552
116268680720177	116268694564865	116268680646479
116268772590542	116268786242052	116268772489448
116268797606271	116268811249031	116268797500334
116268872558667	116268886260697	116268872458406
116268890841948	116268902928979	116268890789188
116268897540125	116268911263145	116268897493875
116268988163615	116269002936947	116268988058354
116269008491583	116269019604656	116269007997469
116269014429708	116269027937728	116269014350802
116269089244969	116269102949083	116269089150646
116269108565281	116269119616427	116269108061219
116269113958771	116269127950593	116269113919448
116269211310750	116269227976114	116269211180229
116269216279188	116269236313354	116269216210281
116269222256896	116269244649135	116269222188302
116269323534292	116269336343719	116269323396688
116269325847000	116269344680437	116269325775281
116269331231010	116269353015749	116269331193406
116269429391062	116269444708875	116269429300437
116269440407417	116269453044343	116269440326323
116269447262625	116269461380333	116269447192312

=== poll 1790360785.830117470
8333333
116265622252887	116265635460855	116265622172626
116265646953720	116265660462366	116265646893408
116265654762991	116265668795282	116265654714189
116265664262262	116265677127990	116265664218928
116265671394501	116265685461689	116265671354397
116265696529085	116265710459605	116265696462887
116265717531481	116265735455803	116265717466949
116265721524762	116265743788564	116265721486689
116265771696220	116265785451376	116265771627001
116265830275335	116265843789709	116265830193772
116265880361897	116265893806740	116265880155335
116265934336480	116265952156845	116265934203199
116265938147366	116265960489136	116265938123095
116265989009293	116266002156740	116265988906897
116266046634189	116266060503303	116266046527991
116266096860126	116266110517886	116266096748251
116266155438460	116266168884553	116266155359137
116266205243876	116266218908824	116266205163460
116266272399189	116266293943563	116266272150751
116266313540178	116266327289084	116266313450491
116266380332626	116266402309136	116266380273251
116266430686324	116266443985595	116266430597053
116266489705230	116266502317157	116266489546793
116266537890491	116266552322365	116266497519397
116266587888511	116266602336220	116266546762730
116266638095334	116266652357886	116266605732366
116266687957574	116266702370178	116266654965439
116266738038720	116266752376948	116266722495855
116266788081532	116266802386011	116266771868355
116266838038824	116266852400177	116266832754918
116266887982730	116266902413980	116266880318772
116266939219345	116266952428251	116266939136480
116266988603615	116267002443459	116266988518772
116267048061324	116267069126584	116267047877209
116267097418876	116267110801897	116267097324605
116267163590647	116267185823719	116267163500907
116267213708407	116267227502730	116267213639292
116267272280230	116267285850438	116267272194084
116267321400751	116267335866375	116267280594865
116267371478719	116267385876948	116267323198407
116267421447990	116267435890177	116267380329344
116267471479501	116267485908094	116267430183147
116267521516272	116267535930386	116267488983355
116267571504188	116267585953511	116267539036480
116267621596636	116267635968407	116267588761271
116267671520646	116267685980958	116267625172938
116267721712417	116267735993771	116267673629396
116267771590907	116267786003458	116267725036063
116267821568719	116267836015959	116267774332938
116267871614969	116267886035125	116267824111323
116267921845959	116267936044813	116267882294240
116267971676844	116267986050125	116267925000386
116268021647157	116268036062886	116267989031323
116268071736375	116268086085750	116268039261584
116268121676584	116268136113145	116268097370594
116268171750178	116268186128198	116268147912000
116268206097678	116268219476792	116268206026011
116268249405073	116268261159916	116268249318302
116268257669761	116268269496531	116268257597157
116268322534396	116268336192781	116268322440230
116268353173146	116268369547260	116268353026740
116268356704969	116268377885802	116268356617573
116268430802313	116268444569292	116268430723615
116268473100125	116268486235490	116268472988042
116268540168511	116268552900594	116268540080750
116268572688719	116268586230281	116268572570438
116268647625021	116268661227052	116268647540698
116268673767938	116268686230697	116268673694552
116268680720177	116268694564865	116268680646479
116268772590542	116268786242052	116268772489448
116268797606271	116268811249031	116268797500334
116268872558667	116268886260697	116268872458406
116268890841948	116268902928979	116268890789188
116268897540125	116268911263145	116268897493875
116268988163615	116269002936947	116268988058354
116269008491583	116269019604656	116269007997469
116269014429708	116269027937728	116269014350802
116269089244969	116269102949083	116269089150646
116269108565281	116269119616427	116269108061219
116269113958771	116269127950593	116269113919448
116269211310750	116269227976114	116269211180229
116269216279188	116269236313354	116269216210281
116269222256896	116269244649135	116269222188302
116269323534292	116269336343719	116269323396688
116269325847000	116269344680437	116269325775281
116269331231010	116269353015749	116269331193406
116269429391062	116269444708875	116269429300437
116269440407417	116269453044343	116269440326323
116269447262625	116269461380333	116269447192312
116269542388354	116269561401323	116269542289448
116269549326271	116269569736844	116269549278562
116269556438979	116269578070125	116269556388094
116269671012417	116269686405594	116269670878614
116269672901010	116269694740541	116269672834708
116269773030958	116269786427676	116269772881375
116269781534239	116269794762937	116269781430437
116269887591062	116269903118666	116269887506479
116269889766219	116269911453874	116269889656010
116269996451271	116270011466218	116269996306583
116269999238666	116270019801531	116269999170750
116270105416010	116270119814134	116270105283041
116270107779916	116270128148562	116270107701948
116270113888562	116270136481739	116270113852521
116270213977364	116270228163927	116270213891479
116270215520958	116270236500072	116270215488041
116270329902468	116270344858093	116270329728093
116270332449500	116270353192207	116270332322208
116270441077729	116270453209968	116270440888093
116270443182156	116270461548509	116270443126895
116270546369135	116270561567729	116270545870333
116270548794708	116270569903770	116270548722572
116270666806635	116270678225853	116270666239760
116270765677677	116270778216686	116270765593354
116270767376791	116270786550644	116270767331479
116270773305124	116270794884655	116270773221270
116270898639083	116270911570228	116270898480593
116271005002312	116271019934187	116271004898197
116271112409343	116271128299864	116271112324760
116271221819343	116271236642311	116271221683249
116271224033562	116271244977260	116271223986478
116271340940385	116271353319499	116271340815020
116271347873978	116271361652468	116271347785853
116271455014343	116271469994759	116271454904447
116271571381114	116271586698822	116271571176322
116271675125697	116271686701478	116271675024551
116271771351322	116271786716946	116271771272207
116271785658614	9223372036854775807	116271785581426

=== poll 1790360788.106574969
8333333
116267521516272	116267535930386	116267488983355
116267571504188	116267585953511	116267539036480
116267621596636	116267635968407	116267588761271
116267671520646	116267685980958	116267625172938
116267721712417	116267735993771	116267673629396
116267771590907	116267786003458	116267725036063
116267821568719	116267836015959	116267774332938
116267871614969	116267886035125	116267824111323
116267921845959	116267936044813	116267882294240
116267971676844	116267986050125	116267925000386
116268021647157	116268036062886	116267989031323
116268071736375	116268086085750	116268039261584
116268121676584	116268136113145	116268097370594
116268171750178	116268186128198	116268147912000
116268206097678	116268219476792	116268206026011
116268249405073	116268261159916	116268249318302
116268257669761	116268269496531	116268257597157
116268322534396	116268336192781	116268322440230
116268353173146	116268369547260	116268353026740
116268356704969	116268377885802	116268356617573
116268430802313	116268444569292	116268430723615
116268473100125	116268486235490	116268472988042
116268540168511	116268552900594	116268540080750
116268572688719	116268586230281	116268572570438
116268647625021	116268661227052	116268647540698
116268673767938	116268686230697	116268673694552
116268680720177	116268694564865	116268680646479
116268772590542	116268786242052	116268772489448
116268797606271	116268811249031	116268797500334
116268872558667	116268886260697	116268872458406
116268890841948	116268902928979	116268890789188
116268897540125	116268911263145	116268897493875
116268988163615	116269002936947	116268988058354
116269008491583	116269019604656	116269007997469
116269014429708	116269027937728	116269014350802
116269089244969	116269102949083	116269089150646
116269108565281	116269119616427	116269108061219
116269113958771	116269127950593	116269113919448
116269211310750	116269227976114	116269211180229
116269216279188	116269236313354	116269216210281
116269222256896	116269244649135	116269222188302
116269323534292	116269336343719	116269323396688
116269325847000	116269344680437	116269325775281
116269331231010	116269353015749	116269331193406
116269429391062	116269444708875	116269429300437
116269440407417	116269453044343	116269440326323
116269447262625	116269461380333	116269447192312
116269542388354	116269561401323	116269542289448
116269549326271	116269569736844	116269549278562
116269556438979	116269578070125	116269556388094
116269671012417	116269686405594	116269670878614
116269672901010	116269694740541	116269672834708
116269773030958	116269786427676	116269772881375
116269781534239	116269794762937	116269781430437
116269887591062	116269903118666	116269887506479
116269889766219	116269911453874	116269889656010
116269996451271	116270011466218	116269996306583
116269999238666	116270019801531	116269999170750
116270105416010	116270119814134	116270105283041
116270107779916	116270128148562	116270107701948
116270113888562	116270136481739	116270113852521
116270213977364	116270228163927	116270213891479
116270215520958	116270236500072	116270215488041
116270329902468	116270344858093	116270329728093
116270332449500	116270353192207	116270332322208
116270441077729	116270453209968	116270440888093
116270443182156	116270461548509	116270443126895
116270546369135	116270561567729	116270545870333
116270548794708	116270569903770	116270548722572
116270666806635	116270678225853	116270666239760
116270765677677	116270778216686	116270765593354
116270767376791	116270786550644	116270767331479
116270773305124	116270794884655	116270773221270
116270898639083	116270911570228	116270898480593
116271005002312	116271019934187	116271004898197
116271112409343	116271128299864	116271112324760
116271221819343	116271236642311	116271221683249
116271224033562	116271244977260	116271223986478
116271340940385	116271353319499	116271340815020
116271347873978	116271361652468	116271347785853
116271455014343	116271469994759	116271454904447
116271571381114	116271586698822	116271571176322
116271675125697	116271686701478	116271675024551
116271771351322	116271786716946	116271771272207
116271785658614	116271803386373	116271785581426
116271790238666	116271811723040	116271790199447
116271797809812	116271820058352	116271797749134
116271873130593	116271886727884	116271873038145
116271892765176	116271903395697	116271892633770
116271897716270	116271911730592	116271897644395
116271995577676	116272011724134	116271995336530
116271998015384	116272020056478	116271997909499
116272005984916	116272028390071	116272005937832
116272099773561	116272111736790	116272099677364
116272114414447	116272128406529	116272114357989
116272220312780	116272236749706	116272220173145
116272223045541	116272245084811	116272222972884
116272324988509	116272336771582	116272324853145
116272331876791	116272345106322	116272331780697
116272435644603	116272453461217	116272435483145
116272448762520	116272461797936	116272448657884
116272540514343	116272553504706	116272540408874
116272556043874	116272570179030	116272555954707
116272654752467	116272670225019	116272654669030
116272657689915	116272678561008	116272657611790
116272665069030	116272686897155	116272664974395
116272780344290	116272795259186	116272780225488
116272880705801	116272895272050	116272880542884
116272883055592	116272903607415	116272882866165
116272890240176	116272911943613	116272890139447
116273006766634	116273020304967	116273006633249
116273009447988	116273028640749	116273009375384
116273114427884	116273128681634	116273114316113
116273123442311	116273137019967	116273123373092
116273231663769	116273245414915	116273231555592
116273341077415	116273353800175	116273340902884
116273428159238	116273445529811	116273428071269
116273440171530	116273453868925	116273440075540
116273564066373	116273578941008	116273563911790
116273671874446	116273687309654	116273671549030
116273778233561	116273795678195	116273778077884
116273781023509	116273804014446	116273780953769
116273790644759	116273812351477	116273790556582
116273897577519	116273912385071	116273897443092
116273900204498	116273920719706	116273900118613
116274041416894	116274054102883	116274041322415
116274048591894	116274062440227	116274048535748

=== poll 1790360790.397351635
8333333
116269211310750	116269227976114	116269211180229
116269216279188	116269236313354	116269216210281
116269222256896	116269244649135	116269222188302
116269323534292	116269336343719	116269323396688
116269325847000	116269344680437	116269325775281
116269331231010	116269353015749	116269331193406
116269429391062	116269444708875	116269429300437
116269440407417	116269453044343	116269440326323
116269447262625	116269461380333	116269447192312
116269542388354	116269561401323	116269542289448
116269549326271	116269569736844	116269549278562
116269556438979	116269578070125	116269556388094
116269671012417	116269686405594	116269670878614
116269672901010	116269694740541	116269672834708
116269773030958	116269786427676	116269772881375
116269781534239	116269794762937	116269781430437
116269887591062	116269903118666	116269887506479
116269889766219	116269911453874	116269889656010
116269996451271	116270011466218	116269996306583
116269999238666	116270019801531	116269999170750
116270105416010	116270119814134	116270105283041
116270107779916	116270128148562	116270107701948
116270113888562	116270136481739	116270113852521
116270213977364	116270228163927	116270213891479
116270215520958	116270236500072	116270215488041
116270329902468	116270344858093	116270329728093
116270332449500	116270353192207	116270332322208
116270441077729	116270453209968	116270440888093
116270443182156	116270461548509	116270443126895
116270546369135	116270561567729	116270545870333
116270548794708	116270569903770	116270548722572
116270666806635	116270678225853	116270666239760
116270765677677	116270778216686	116270765593354
116270767376791	116270786550644	116270767331479
116270773305124	116270794884655	116270773221270
116270898639083	116270911570228	116270898480593
116271005002312	116271019934187	116271004898197
116271112409343	116271128299864	116271112324760
116271221819343	116271236642311	116271221683249
116271224033562	116271244977260	116271223986478
116271340940385	116271353319499	116271340815020
116271347873978	116271361652468	116271347785853
116271455014343	116271469994759	116271454904447
116271571381114	116271586698822	116271571176322
116271675125697	116271686701478	116271675024551
116271771351322	116271786716946	116271771272207
116271785658614	116271803386373	116271785581426
116271790238666	116271811723040	116271790199447
116271797809812	116271820058352	116271797749134
116271873130593	116271886727884	116271873038145
116271892765176	116271903395697	116271892633770
116271897716270	116271911730592	116271897644395
116271995577676	116272011724134	116271995336530
116271998015384	116272020056478	116271997909499
116272005984916	116272028390071	116272005937832
116272099773561	116272111736790	116272099677364
116272114414447	116272128406529	116272114357989
116272220312780	116272236749706	116272220173145
116272223045541	116272245084811	116272222972884
116272324988509	116272336771582	116272324853145
116272331876791	116272345106322	116272331780697
116272435644603	116272453461217	116272435483145
116272448762520	116272461797936	116272448657884
116272540514343	116272553504706	116272540408874
116272556043874	116272570179030	116272555954707
116272654752467	116272670225019	116272654669030
116272657689915	116272678561008	116272657611790
116272665069030	116272686897155	116272664974395
116272780344290	116272795259186	116272780225488
116272880705801	116272895272050	116272880542884
116272883055592	116272903607415	116272882866165
116272890240176	116272911943613	116272890139447
116273006766634	116273020304967	116273006633249
116273009447988	116273028640749	116273009375384
116273114427884	116273128681634	116273114316113
116273123442311	116273137019967	116273123373092
116273231663769	116273245414915	116273231555592
116273341077415	116273353800175	116273340902884
116273428159238	116273445529811	116273428071269
116273440171530	116273453868925	116273440075540
116273564066373	116273578941008	116273563911790
116273671874446	116273687309654	116273671549030
116273778233561	116273795678195	116273778077884
116273781023509	116273804014446	116273780953769
116273790644759	116273812351477	116273790556582
116273897577519	116273912385071	116273897443092
116273900204498	116273920719706	116273900118613
116274041416894	116274054102883	116274041322415
116274048591894	116274062440227	116274048535748
116274107323040	116274129125644	116274107169811
116274243811373	116274262478976	116274243727102
116274245350644	116274270812622	116274245308613
116274256371373	116274279146529	116274248191425
116274308252571	116274320818977	116274308183717
116274317527154	116274329154445	116274317494498
116274323767467	116274337487727	116274323735019
116274441414811	116274454169341	116274441148665
116274550400019	116274562518039	116274550308769
116274598246998	116274612522310	116274552496894
116274648142623	116274662546373	116274603144863
116274698139498	116274712563456	116274652712571
116274748176165	116274762585018	116274699951269
116274798206737	116274812614757	116274765508560
116274874342310	116274895984289	116274874197831
116274982107883	116274996027205	116274982018925
116275031607987	116275046036581	116274983520279
116275098717831	116275121047987	116275098634706
116275202128717	116275221051477	116275201991685
116275206821321	116275229384966	116275206791998
116275332648873	116275346063611	116275332459810
116275420115539	116275437739549	116275420041789
116275432052519	116275446072153	116275431997935
116275556406946	116275571083456	116275556281789
116275664804393	116275679462258	116275664704602
116275674776320	116275687798872	116275674693039
116275774616320	116275787830174	116275774447779
116275783168612	116275796167987	116275783066789
116275892411477	116275904542726	116275892281737
116275899758560	116275912878404	116275899684966
116275996459862	116276012904341	116275996237102
116275999412675	116276021239341	116275999327154
116276108497831	116276121256737	116276108346060
116276115740747	116276129592986	116276115658820
116276214353247	116276229623455	116276214216164
116276316077883	116276329672935	116276315981893
116276325183352	116276338009549	116276325104862
116276332326060	116276346347466	116276332249237

=== poll 1790360792.689367727
8333333
116271221819343	116271236642311	116271221683249
116271224033562	116271244977260	116271223986478
116271340940385	116271353319499	116271340815020
116271347873978	116271361652468	116271347785853
116271455014343	116271469994759	116271454904447
116271571381114	116271586698822	116271571176322
116271675125697	116271686701478	116271675024551
116271771351322	116271786716946	116271771272207
116271785658614	116271803386373	116271785581426
116271790238666	116271811723040	116271790199447
116271797809812	116271820058352	116271797749134
116271873130593	116271886727884	116271873038145
116271892765176	116271903395697	116271892633770
116271897716270	116271911730592	116271897644395
116271995577676	116272011724134	116271995336530
116271998015384	116272020056478	116271997909499
116272005984916	116272028390071	116272005937832
116272099773561	116272111736790	116272099677364
116272114414447	116272128406529	116272114357989
116272220312780	116272236749706	116272220173145
116272223045541	116272245084811	116272222972884
116272324988509	116272336771582	116272324853145
116272331876791	116272345106322	116272331780697
116272435644603	116272453461217	116272435483145
116272448762520	116272461797936	116272448657884
116272540514343	116272553504706	116272540408874
116272556043874	116272570179030	116272555954707
116272654752467	116272670225019	116272654669030
116272657689915	116272678561008	116272657611790
116272665069030	116272686897155	116272664974395
116272780344290	116272795259186	116272780225488
116272880705801	116272895272050	116272880542884
116272883055592	116272903607415	116272882866165
116272890240176	116272911943613	116272890139447
116273006766634	116273020304967	116273006633249
116273009447988	116273028640749	116273009375384
116273114427884	116273128681634	116273114316113
116273123442311	116273137019967	116273123373092
116273231663769	116273245414915	116273231555592
116273341077415	116273353800175	116273340902884
116273428159238	116273445529811	116273428071269
116273440171530	116273453868925	116273440075540
116273564066373	116273578941008	116273563911790
116273671874446	116273687309654	116273671549030
116273778233561	116273795678195	116273778077884
116273781023509	116273804014446	116273780953769
116273790644759	116273812351477	116273790556582
116273897577519	116273912385071	116273897443092
116273900204498	116273920719706	116273900118613
116274041416894	116274054102883	116274041322415
116274048591894	116274062440227	116274048535748
116274107323040	116274129125644	116274107169811
116274243811373	116274262478976	116274243727102
116274245350644	116274270812622	116274245308613
116274256371373	116274279146529	116274248191425
116274308252571	116274320818977	116274308183717
116274317527154	116274329154445	116274317494498
116274323767467	116274337487727	116274323735019
116274441414811	116274454169341	116274441148665
116274550400019	116274562518039	116274550308769
116274598246998	116274612522310	116274552496894
116274648142623	116274662546373	116274603144863
116274698139498	116274712563456	116274652712571
116274748176165	116274762585018	116274699951269
116274798206737	116274812614757	116274765508560
116274874342310	116274895984289	116274874197831
116274982107883	116274996027205	116274982018925
116275031607987	116275046036581	116274983520279
116275098717831	116275121047987	116275098634706
116275202128717	116275221051477	116275201991685
116275206821321	116275229384966	116275206791998
116275332648873	116275346063611	116275332459810
116275420115539	116275437739549	116275420041789
116275432052519	116275446072153	116275431997935
116275556406946	116275571083456	116275556281789
116275664804393	116275679462258	116275664704602
116275674776320	116275687798872	116275674693039
116275774616320	116275787830174	116275774447779
116275783168612	116275796167987	116275783066789
116275892411477	116275904542726	116275892281737
116275899758560	116275912878404	116275899684966
116275996459862	116276012904341	116275996237102
116275999412675	116276021239341	116275999327154
116276108497831	116276121256737	116276108346060
116276115740747	116276129592986	116276115658820
116276214353247	116276229623455	116276214216164
116276316077883	116276329672935	116276315981893
116276325183352	116276338009549	116276325104862
116276332326060	116276346347466	116276332249237
116276423652049	116276438037153	116276423520956
116276425955018	116276446373403	116276425853872
116276432724133	116276454709184	116276432651841
116276539008768	116276554731528	116276538851789
116276649888143	116276663086997	116276649793091
116276658621320	116276671420747	116276658562570
116276759858612	116276771463090	116276759776424
116276761460643	116276779802986	116276761408716
116276765576580	116276788143403	116276765536372
116276875778299	116276888185226	116276875710018
116276877303351	116276896520798	116276877268091
116276882383299	116276904855747	116276882342518
116277001548299	116277013234028	116277001381476
116277004094341	116277021570643	116277003897414
116277085055174	116277096588194	116277084905278
116277093273351	116277104922414	116277093227362
116277098979914	116277113258611	116277098935070
116277215225434	116277229949965	116277215118403
116277324143612	116277338293819	116277323976372
116277439211945	116277454977309	116277439070799
116277442081789	116277463312882	116277441985799
116277539838507	116277555011476	116277539701684
116277541954809	116277563349809	116277541833716
116277658056424	116277671724809	116277657913820
116277660581163	116277680061788	116277660485486
116277757201893	116277771752882	116277757061476
116277759676007	116277780088402	116277759599236
116277874438611	116277888445069	116277874318247
116277876287101	116277896779809	116277876200330
116277973841372	116277988470278	116277973675799
116278090456163	116278105183350	116278090242153
116278093128507	116278113521788	116278093036163
116278215154028	116278230244548	116278215042413
116278321377622	116278338596476	116278321300590
116278416939497	116278430292517	116278416775642
116278425753663	116278438627986	116278425651059
116278542029444	116278555345329	116278541920799
116278543783507	116278563684079	116278543712674

=== poll 1790360794.959377570
8333333
116273341077415	116273353800175	116273340902884
116273428159238	116273445529811	116273428071269
116273440171530	116273453868925	116273440075540
116273564066373	116273578941008	116273563911790
116273671874446	116273687309654	116273671549030
116273778233561	116273795678195	116273778077884
116273781023509	116273804014446	116273780953769
116273790644759	116273812351477	116273790556582
116273897577519	116273912385071	116273897443092
116273900204498	116273920719706	116273900118613
116274041416894	116274054102883	116274041322415
116274048591894	116274062440227	116274048535748
116274107323040	116274129125644	116274107169811
116274243811373	116274262478976	116274243727102
116274245350644	116274270812622	116274245308613
116274256371373	116274279146529	116274248191425
116274308252571	116274320818977	116274308183717
116274317527154	116274329154445	116274317494498
116274323767467	116274337487727	116274323735019
116274441414811	116274454169341	116274441148665
116274550400019	116274562518039	116274550308769
116274598246998	116274612522310	116274552496894
116274648142623	116274662546373	116274603144863
116274698139498	116274712563456	116274652712571
116274748176165	116274762585018	116274699951269
116274798206737	116274812614757	116274765508560
116274874342310	116274895984289	116274874197831
116274982107883	116274996027205	116274982018925
116275031607987	116275046036581	116274983520279
116275098717831	116275121047987	116275098634706
116275202128717	116275221051477	116275201991685
116275206821321	116275229384966	116275206791998
116275332648873	116275346063611	116275332459810
116275420115539	116275437739549	116275420041789
116275432052519	116275446072153	116275431997935
116275556406946	116275571083456	116275556281789
116275664804393	116275679462258	116275664704602
116275674776320	116275687798872	116275674693039
116275774616320	116275787830174	116275774447779
116275783168612	116275796167987	116275783066789
116275892411477	116275904542726	116275892281737
116275899758560	116275912878404	116275899684966
116275996459862	116276012904341	116275996237102
116275999412675	116276021239341	116275999327154
116276108497831	116276121256737	116276108346060
116276115740747	116276129592986	116276115658820
116276214353247	116276229623455	116276214216164
116276316077883	116276329672935	116276315981893
116276325183352	116276338009549	116276325104862
116276332326060	116276346347466	116276332249237
116276423652049	116276438037153	116276423520956
116276425955018	116276446373403	116276425853872
116276432724133	116276454709184	116276432651841
116276539008768	116276554731528	116276538851789
116276649888143	116276663086997	116276649793091
116276658621320	116276671420747	116276658562570
116276759858612	116276771463090	116276759776424
116276761460643	116276779802986	116276761408716
116276765576580	116276788143403	116276765536372
116276875778299	116276888185226	116276875710018
116276877303351	116276896520798	116276877268091
116276882383299	116276904855747	116276882342518
116277001548299	116277013234028	116277001381476
116277004094341	116277021570643	116277003897414
116277085055174	116277096588194	116277084905278
116277093273351	116277104922414	116277093227362
116277098979914	116277113258611	116277098935070
116277215225434	116277229949965	116277215118403
116277324143612	116277338293819	116277323976372
116277439211945	116277454977309	116277439070799
116277442081789	116277463312882	116277441985799
116277539838507	116277555011476	116277539701684
116277541954809	116277563349809	116277541833716
116277658056424	116277671724809	116277657913820
116277660581163	116277680061788	116277660485486
116277757201893	116277771752882	116277757061476
116277759676007	116277780088402	116277759599236
116277874438611	116277888445069	116277874318247
116277876287101	116277896779809	116277876200330
116277973841372	116277988470278	116277973675799
116278090456163	116278105183350	116278090242153
116278093128507	116278113521788	116278093036163
116278215154028	116278230244548	116278215042413
116278321377622	116278338596476	116278321300590
116278416939497	116278430292517	116278416775642
116278425753663	116278438627986	116278425651059
116278542029444	116278555345329	116278541920799
116278543783507	116278563684079	116278543712674
116278659281111	116278672056840	116278659172882
116278660968559	116278680392412	116278660903611
116278666497257	116278688727153	116278666443715
116278782364548	116278797078402	116278782258767
116278784606788	116278805414496	116278784546059
116278858553923	116278880442726	116278858454392
116278974372882	116278988826475	116278974210850
116279082081215	116279097194912	116279081943871
116279083960330	116279105531423	116279083876528
116279091609496	116279113867568	116279091553559
116279200914236	116279213916215	116279200842777
116279208040955	116279222255641	116279207976788
116279308294080	116279322286579	116279308165590
116279310003975	116279330623350	116279309977934
116279412150069	116279430653506	116279412046840
116279416587934	116279438991319	116279416542152
116279524124184	116279539038402	116279523842309
116279526286527	116279547374496	116279526209132
116279640812152	116279655756110	116279640718402
116279741356840	116279755800641	116279741223975
116279744142621	116279764139183	116279744050069
116279750829600	116279772476579	116279750786788
116279862424496	116279880853766	116279862245486
116279868393715	116279889191162	116279868295850
116279975163663	116279989232777	116279975074913
116279976888611	116279997569808	116279976815121
116280091613975	116280105937620	116280091443350
116280201026110	116280214297985	116280200886788
116280203817673	116280222635798	116280203739808
116280300549183	116280314321214	116280300460590
116280302100850	116280322655902	116280302073298
116280310042777	116280330991839	116280309991475
116280317197152	116280339327620	116280317139600
116280416813506	116280431028870	116280416716162
116280522991735	116280539411266	116280522852933
116280633311214	116280647781370	116280633223506
116280746515641	116280764504964	116280746347933
116280748332256	116280772841995	116280748286891
116280856806787	116280872876162	116280856692881

=== poll 1790360797.247370642
8333333
116275031607987	116275046036581	116274983520279
116275098717831	116275121047987	116275098634706
116275202128717	116275221051477	116275201991685
116275206821321	116275229384966	116275206791998
116275332648873	116275346063611	116275332459810
116275420115539	116275437739549	116275420041789
116275432052519	116275446072153	116275431997935
116275556406946	116275571083456	116275556281789
116275664804393	116275679462258	116275664704602
116275674776320	116275687798872	116275674693039
116275774616320	116275787830174	116275774447779
116275783168612	116275796167987	116275783066789
116275892411477	116275904542726	116275892281737
116275899758560	116275912878404	116275899684966
116275996459862	116276012904341	116275996237102
116275999412675	116276021239341	116275999327154
116276108497831	116276121256737	116276108346060
116276115740747	116276129592986	116276115658820
116276214353247	116276229623455	116276214216164
116276316077883	116276329672935	116276315981893
116276325183352	116276338009549	116276325104862
116276332326060	116276346347466	116276332249237
116276423652049	116276438037153	116276423520956
116276425955018	116276446373403	116276425853872
116276432724133	116276454709184	116276432651841
116276539008768	116276554731528	116276538851789
116276649888143	116276663086997	116276649793091
116276658621320	116276671420747	116276658562570
116276759858612	116276771463090	116276759776424
116276761460643	116276779802986	116276761408716
116276765576580	116276788143403	116276765536372
116276875778299	116276888185226	116276875710018
116276877303351	116276896520798	116276877268091
116276882383299	116276904855747	116276882342518
116277001548299	116277013234028	116277001381476
116277004094341	116277021570643	116277003897414
116277085055174	116277096588194	116277084905278
116277093273351	116277104922414	116277093227362
116277098979914	116277113258611	116277098935070
116277215225434	116277229949965	116277215118403
116277324143612	116277338293819	116277323976372
116277439211945	116277454977309	116277439070799
116277442081789	116277463312882	116277441985799
116277539838507	116277555011476	116277539701684
116277541954809	116277563349809	116277541833716
116277658056424	116277671724809	116277657913820
116277660581163	116277680061788	116277660485486
116277757201893	116277771752882	116277757061476
116277759676007	116277780088402	116277759599236
116277874438611	116277888445069	116277874318247
116277876287101	116277896779809	116277876200330
116277973841372	116277988470278	116277973675799
116278090456163	116278105183350	116278090242153
116278093128507	116278113521788	116278093036163
116278215154028	116278230244548	116278215042413
116278321377622	116278338596476	116278321300590
116278416939497	116278430292517	116278416775642
116278425753663	116278438627986	116278425651059
116278542029444	116278555345329	116278541920799
116278543783507	116278563684079	116278543712674
116278659281111	116278672056840	116278659172882
116278660968559	116278680392412	116278660903611
116278666497257	116278688727153	116278666443715
116278782364548	116278797078402	116278782258767
116278784606788	116278805414496	116278784546059
116278858553923	116278880442726	116278858454392
116278974372882	116278988826475	116278974210850
116279082081215	116279097194912	116279081943871
116279083960330	116279105531423	116279083876528
116279091609496	116279113867568	116279091553559
116279200914236	116279213916215	116279200842777
116279208040955	116279222255641	116279207976788
116279308294080	116279322286579	116279308165590
116279310003975	116279330623350	116279309977934
116279412150069	116279430653506	116279412046840
116279416587934	116279438991319	116279416542152
116279524124184	116279539038402	116279523842309
116279526286527	116279547374496	116279526209132
116279640812152	116279655756110	116279640718402
116279741356840	116279755800641	116279741223975
116279744142621	116279764139183	116279744050069
116279750829600	116279772476579	116279750786788
116279862424496	116279880853766	116279862245486
116279868393715	116279889191162	116279868295850
116279975163663	116279989232777	116279975074913
116279976888611	116279997569808	116279976815121
116280091613975	116280105937620	116280091443350
116280201026110	116280214297985	116280200886788
116280203817673	116280222635798	116280203739808
116280300549183	116280314321214	116280300460590
116280302100850	116280322655902	116280302073298
116280310042777	116280330991839	116280309991475
116280317197152	116280339327620	116280317139600
116280416813506	116280431028870	116280416716162
116280522991735	116280539411266	116280522852933
116280633311214	116280647781370	116280633223506
116280746515641	116280764504964	116280746347933
116280748332256	116280772841995	116280748286891
116280856806787	116280872876162	116280856692881
116280976114131	116280989592932	116280975929964
116281068385589	116281081292828	116281068290381
116281069966318	116281089630902	116281069922725
116281177165798	116281189673974	116281176983923
116281179941266	116281198010536	116281179841839
116281302556787	116281314704860	116281302399704
116281412115641	116281423073297	116281412038089
116281413614339	116281431409964	116281413573506
116281527477516	116281539791006	116281527351995
116281643619183	116281656490067	116281643457412
116281752520120	116281764857776	116281752394808
116281858098714	116281873230901	116281857978818
116281859530693	116281881564599	116281859498922
116281967141006	116281981606995	116281967049651
116281976560172	116281989944235	116281976479756
116282083179912	116282098312307	116282083027933
116282192790381	116282206685901	116282192670537
116282290901683	116282306725744	116282290833610
116282293874183	116282315063558	116282293838037
116282300854235	116282323399702	116282300798453
116282411039339	116282423443610	116282410896110
116282515946995	116282531806838	116282515851526
116282616794547	116282631800953	116282616707464
116282733683818	116282748500849	116282733570641
116282843279078	116282856862619	116282843142776
116282948638818	116282965226057	116282948553766
116283069734599	116283081916682	116283069410745
116283181887828	116283198618505	116283181797516

=== poll 1790360799.519720121
8333333
116275899758560	116275912878404	116275899684966
116275996459862	116276012904341	116275996237102
116275999412675	116276021239341	116275999327154
116276108497831	116276121256737	116276108346060
116276115740747	116276129592986	116276115658820
116276214353247	116276229623455	116276214216164
116276316077883	116276329672935	116276315981893
116276325183352	116276338009549	116276325104862
116276332326060	116276346347466	116276332249237
116276423652049	116276438037153	116276423520956
116276425955018	116276446373403	116276425853872
116276432724133	116276454709184	116276432651841
116276539008768	116276554731528	116276538851789
116276649888143	116276663086997	116276649793091
116276658621320	116276671420747	116276658562570
116276759858612	116276771463090	116276759776424
116276761460643	116276779802986	116276761408716
116276765576580	116276788143403	116276765536372
116276875778299	116276888185226	116276875710018
116276877303351	116276896520798	116276877268091
116276882383299	116276904855747	116276882342518
116277001548299	116277013234028	116277001381476
116277004094341	116277021570643	116277003897414
116277085055174	116277096588194	116277084905278
116277093273351	116277104922414	116277093227362
116277098979914	116277113258611	116277098935070
116277215225434	116277229949965	116277215118403
116277324143612	116277338293819	116277323976372
116277439211945	116277454977309	116277439070799
116277442081789	116277463312882	116277441985799
116277539838507	116277555011476	116277539701684
116277541954809	116277563349809	116277541833716
116277658056424	116277671724809	116277657913820
116277660581163	116277680061788	116277660485486
116277757201893	116277771752882	116277757061476
116277759676007	116277780088402	116277759599236
116277874438611	116277888445069	116277874318247
116277876287101	116277896779809	116277876200330
116277973841372	116277988470278	116277973675799
116278090456163	116278105183350	116278090242153
116278093128507	116278113521788	116278093036163
116278215154028	116278230244548	116278215042413
116278321377622	116278338596476	116278321300590
116278416939497	116278430292517	116278416775642
116278425753663	116278438627986	116278425651059
116278542029444	116278555345329	116278541920799
116278543783507	116278563684079	116278543712674
116278659281111	116278672056840	116278659172882
116278660968559	116278680392412	116278660903611
116278666497257	116278688727153	116278666443715
116278782364548	116278797078402	116278782258767
116278784606788	116278805414496	116278784546059
116278858553923	116278880442726	116278858454392
116278974372882	116278988826475	116278974210850
116279082081215	116279097194912	116279081943871
116279083960330	116279105531423	116279083876528
116279091609496	116279113867568	116279091553559
116279200914236	116279213916215	116279200842777
116279208040955	116279222255641	116279207976788
116279308294080	116279322286579	116279308165590
116279310003975	116279330623350	116279309977934
116279412150069	116279430653506	116279412046840
116279416587934	116279438991319	116279416542152
116279524124184	116279539038402	116279523842309
116279526286527	116279547374496	116279526209132
116279640812152	116279655756110	116279640718402
116279741356840	116279755800641	116279741223975
116279744142621	116279764139183	116279744050069
116279750829600	116279772476579	116279750786788
116279862424496	116279880853766	116279862245486
116279868393715	116279889191162	116279868295850
116279975163663	116279989232777	116279975074913
116279976888611	116279997569808	116279976815121
116280091613975	116280105937620	116280091443350
116280201026110	116280214297985	116280200886788
116280203817673	116280222635798	116280203739808
116280300549183	116280314321214	116280300460590
116280302100850	116280322655902	116280302073298
116280310042777	116280330991839	116280309991475
116280317197152	116280339327620	116280317139600
116280416813506	116280431028870	116280416716162
116280522991735	116280539411266	116280522852933
116280633311214	116280647781370	116280633223506
116280746515641	116280764504964	116280746347933
116280748332256	116280772841995	116280748286891
116280856806787	116280872876162	116280856692881
116280976114131	116280989592932	116280975929964
116281068385589	116281081292828	116281068290381
116281069966318	116281089630902	116281069922725
116281177165798	116281189673974	116281176983923
116281179941266	116281198010536	116281179841839
116281302556787	116281314704860	116281302399704
116281412115641	116281423073297	116281412038089
116281413614339	116281431409964	116281413573506
116281527477516	116281539791006	116281527351995
116281643619183	116281656490067	116281643457412
116281752520120	116281764857776	116281752394808
116281858098714	116281873230901	116281857978818
116281859530693	116281881564599	116281859498922
116281967141006	116281981606995	116281967049651
116281976560172	116281989944235	116281976479756
116282083179912	116282098312307	116282083027933
116282192790381	116282206685901	116282192670537
116282290901683	116282306725744	116282290833610
116282293874183	116282315063558	116282293838037
116282300854235	116282323399702	116282300798453
116282411039339	116282423443610	116282410896110
116282515946995	116282531806838	116282515851526
116282616794547	116282631800953	116282616707464
116282733683818	116282748500849	116282733570641
116282843279078	116282856862619	116282843142776
116282948638818	116282965226057	116282948553766
116283069734599	116283081916682	116283069410745
116283181887828	116283198618505	116283181797516
116283283905484	116283298634807	116283283752620
116283393339703	116283407015223	116283393211318
116283503188765	116283515390536	116283503073609
116283607557828	116283623762150	116283607468765
116283716865328	116283732123192	116283716769390
116283826071734	116283840522254	116283825892724
116283947506317	116283965583765	116283947368765
116284049309911	116284065593973	116284049174651
116284162009130	116284173945223	116284161844182
116284266546578	116284282308348	116284266368401
116284275933557	116284290645170	116284275877359
116284291002567	116284307318712	116284290909703
116284294993453	116284315655744	116284294956526

=== poll 1790360801.791057307
8333333
116275899758560	116275912878404	116275899684966
116275996459862	116276012904341	116275996237102
116275999412675	116276021239341	116275999327154
116276108497831	116276121256737	116276108346060
116276115740747	116276129592986	116276115658820
116276214353247	116276229623455	116276214216164
116276316077883	116276329672935	116276315981893
116276325183352	116276338009549	116276325104862
116276332326060	116276346347466	116276332249237
116276423652049	116276438037153	116276423520956
116276425955018	116276446373403	116276425853872
116276432724133	116276454709184	116276432651841
116276539008768	116276554731528	116276538851789
116276649888143	116276663086997	116276649793091
116276658621320	116276671420747	116276658562570
116276759858612	116276771463090	116276759776424
116276761460643	116276779802986	116276761408716
116276765576580	116276788143403	116276765536372
116276875778299	116276888185226	116276875710018
116276877303351	116276896520798	116276877268091
116276882383299	116276904855747	116276882342518
116277001548299	116277013234028	116277001381476
116277004094341	116277021570643	116277003897414
116277085055174	116277096588194	116277084905278
116277093273351	116277104922414	116277093227362
116277098979914	116277113258611	116277098935070
116277215225434	116277229949965	116277215118403
116277324143612	116277338293819	116277323976372
116277439211945	116277454977309	116277439070799
116277442081789	116277463312882	116277441985799
116277539838507	116277555011476	116277539701684
116277541954809	116277563349809	116277541833716
116277658056424	116277671724809	116277657913820
116277660581163	116277680061788	116277660485486
116277757201893	116277771752882	116277757061476
116277759676007	116277780088402	116277759599236
116277874438611	116277888445069	116277874318247
116277876287101	116277896779809	116277876200330
116277973841372	116277988470278	116277973675799
116278090456163	116278105183350	116278090242153
116278093128507	116278113521788	116278093036163
116278215154028	116278230244548	116278215042413
116278321377622	116278338596476	116278321300590
116278416939497	116278430292517	116278416775642
116278425753663	116278438627986	116278425651059
116278542029444	116278555345329	116278541920799
116278543783507	116278563684079	116278543712674
116278659281111	116278672056840	116278659172882
116278660968559	116278680392412	116278660903611
116278666497257	116278688727153	116278666443715
116278782364548	116278797078402	116278782258767
116278784606788	116278805414496	116278784546059
116278858553923	116278880442726	116278858454392
116278974372882	116278988826475	116278974210850
116279082081215	116279097194912	116279081943871
116279083960330	116279105531423	116279083876528
116279091609496	116279113867568	116279091553559
116279200914236	116279213916215	116279200842777
116279208040955	116279222255641	116279207976788
116279308294080	116279322286579	116279308165590
116279310003975	116279330623350	116279309977934
116279412150069	116279430653506	116279412046840
116279416587934	116279438991319	116279416542152
116279524124184	116279539038402	116279523842309
116279526286527	116279547374496	116279526209132
116279640812152	116279655756110	116279640718402
116279741356840	116279755800641	116279741223975
116279744142621	116279764139183	116279744050069
116279750829600	116279772476579	116279750786788
116279862424496	116279880853766	116279862245486
116279868393715	116279889191162	116279868295850
116279975163663	116279989232777	116279975074913
116279976888611	116279997569808	116279976815121
116280091613975	116280105937620	116280091443350
116280201026110	116280214297985	116280200886788
116280203817673	116280222635798	116280203739808
116280300549183	116280314321214	116280300460590
116280302100850	116280322655902	116280302073298
116280310042777	116280330991839	116280309991475
116280317197152	116280339327620	116280317139600
116280416813506	116280431028870	116280416716162
116280522991735	116280539411266	116280522852933
116280633311214	116280647781370	116280633223506
116280746515641	116280764504964	116280746347933
116280748332256	116280772841995	116280748286891
116280856806787	116280872876162	116280856692881
116280976114131	116280989592932	116280975929964
116281068385589	116281081292828	116281068290381
116281069966318	116281089630902	116281069922725
116281177165798	116281189673974	116281176983923
116281179941266	116281198010536	116281179841839
116281302556787	116281314704860	116281302399704
116281412115641	116281423073297	116281412038089
116281413614339	116281431409964	116281413573506
116281527477516	116281539791006	116281527351995
116281643619183	116281656490067	116281643457412
116281752520120	116281764857776	116281752394808
116281858098714	116281873230901	116281857978818
116281859530693	116281881564599	116281859498922
116281967141006	116281981606995	116281967049651
116281976560172	116281989944235	116281976479756
116282083179912	116282098312307	116282083027933
116282192790381	116282206685901	116282192670537
116282290901683	116282306725744	116282290833610
116282293874183	116282315063558	116282293838037
116282300854235	116282323399702	116282300798453
116282411039339	116282423443610	116282410896110
116282515946995	116282531806838	116282515851526
116282616794547	116282631800953	116282616707464
116282733683818	116282748500849	116282733570641
116282843279078	116282856862619	116282843142776
116282948638818	116282965226057	116282948553766
116283069734599	116283081916682	116283069410745
116283181887828	116283198618505	116283181797516
116283283905484	116283298634807	116283283752620
116283393339703	116283407015223	116283393211318
116283503188765	116283515390536	116283503073609
116283607557828	116283623762150	116283607468765
116283716865328	116283732123192	116283716769390
116283826071734	116283840522254	116283825892724
116283947506317	116283965583765	116283947368765
116284049309911	116284065593973	116284049174651
116284162009130	116284173945223	116284161844182
116284266546578	116284282308348	116284266368401
116284275933557	116284290645170	116284275877359
116284291002567	116284307318712	116284290909703
116284294993453	116284315655744	116284294956526

=== poll 1790360804.074043452
8333333
116275899758560	116275912878404	116275899684966
116275996459862	116276012904341	116275996237102
116275999412675	116276021239341	116275999327154
116276108497831	116276121256737	116276108346060
116276115740747	116276129592986	116276115658820
116276214353247	116276229623455	116276214216164
116276316077883	116276329672935	116276315981893
116276325183352	116276338009549	116276325104862
116276332326060	116276346347466	116276332249237
116276423652049	116276438037153	116276423520956
116276425955018	116276446373403	116276425853872
116276432724133	116276454709184	116276432651841
116276539008768	116276554731528	116276538851789
116276649888143	116276663086997	116276649793091
116276658621320	116276671420747	116276658562570
116276759858612	116276771463090	116276759776424
116276761460643	116276779802986	116276761408716
116276765576580	116276788143403	116276765536372
116276875778299	116276888185226	116276875710018
116276877303351	116276896520798	116276877268091
116276882383299	116276904855747	116276882342518
116277001548299	116277013234028	116277001381476
116277004094341	116277021570643	116277003897414
116277085055174	116277096588194	116277084905278
116277093273351	116277104922414	116277093227362
116277098979914	116277113258611	116277098935070
116277215225434	116277229949965	116277215118403
116277324143612	116277338293819	116277323976372
116277439211945	116277454977309	116277439070799
116277442081789	116277463312882	116277441985799
116277539838507	116277555011476	116277539701684
116277541954809	116277563349809	116277541833716
116277658056424	116277671724809	116277657913820
116277660581163	116277680061788	116277660485486
116277757201893	116277771752882	116277757061476
116277759676007	116277780088402	116277759599236
116277874438611	116277888445069	116277874318247
116277876287101	116277896779809	116277876200330
116277973841372	116277988470278	116277973675799
116278090456163	116278105183350	116278090242153
116278093128507	116278113521788	116278093036163
116278215154028	116278230244548	116278215042413
116278321377622	116278338596476	116278321300590
116278416939497	116278430292517	116278416775642
116278425753663	116278438627986	116278425651059
116278542029444	116278555345329	116278541920799
116278543783507	116278563684079	116278543712674
116278659281111	116278672056840	116278659172882
116278660968559	116278680392412	116278660903611
116278666497257	116278688727153	116278666443715
116278782364548	116278797078402	116278782258767
116278784606788	116278805414496	116278784546059
116278858553923	116278880442726	116278858454392
116278974372882	116278988826475	116278974210850
116279082081215	116279097194912	116279081943871
116279083960330	116279105531423	116279083876528
116279091609496	116279113867568	116279091553559
116279200914236	116279213916215	116279200842777
116279208040955	116279222255641	116279207976788
116279308294080	116279322286579	116279308165590
116279310003975	116279330623350	116279309977934
116279412150069	116279430653506	116279412046840
116279416587934	116279438991319	116279416542152
116279524124184	116279539038402	116279523842309
116279526286527	116279547374496	116279526209132
116279640812152	116279655756110	116279640718402
116279741356840	116279755800641	116279741223975
116279744142621	116279764139183	116279744050069
116279750829600	116279772476579	116279750786788
116279862424496	116279880853766	116279862245486
116279868393715	116279889191162	116279868295850
116279975163663	116279989232777	116279975074913
116279976888611	116279997569808	116279976815121
116280091613975	116280105937620	116280091443350
116280201026110	116280214297985	116280200886788
116280203817673	116280222635798	116280203739808
116280300549183	116280314321214	116280300460590
116280302100850	116280322655902	116280302073298
116280310042777	116280330991839	116280309991475
116280317197152	116280339327620	116280317139600
116280416813506	116280431028870	116280416716162
116280522991735	116280539411266	116280522852933
116280633311214	116280647781370	116280633223506
116280746515641	116280764504964	116280746347933
116280748332256	116280772841995	116280748286891
116280856806787	116280872876162	116280856692881
116280976114131	116280989592932	116280975929964
116281068385589	116281081292828	116281068290381
116281069966318	116281089630902	116281069922725
116281177165798	116281189673974	116281176983923
116281179941266	116281198010536	116281179841839
116281302556787	116281314704860	116281302399704
116281412115641	116281423073297	116281412038089
116281413614339	116281431409964	116281413573506
116281527477516	116281539791006	116281527351995
116281643619183	116281656490067	116281643457412
116281752520120	116281764857776	116281752394808
116281858098714	116281873230901	116281857978818
116281859530693	116281881564599	116281859498922
116281967141006	116281981606995	116281967049651
116281976560172	116281989944235	116281976479756
116282083179912	116282098312307	116282083027933
116282192790381	116282206685901	116282192670537
116282290901683	116282306725744	116282290833610
116282293874183	116282315063558	116282293838037
116282300854235	116282323399702	116282300798453
116282411039339	116282423443610	116282410896110
116282515946995	116282531806838	116282515851526
116282616794547	116282631800953	116282616707464
116282733683818	116282748500849	116282733570641
116282843279078	116282856862619	116282843142776
116282948638818	116282965226057	116282948553766
116283069734599	116283081916682	116283069410745
116283181887828	116283198618505	116283181797516
116283283905484	116283298634807	116283283752620
116283393339703	116283407015223	116283393211318
116283503188765	116283515390536	116283503073609
116283607557828	116283623762150	116283607468765
116283716865328	116283732123192	116283716769390
116283826071734	116283840522254	116283825892724
116283947506317	116283965583765	116283947368765
116284049309911	116284065593973	116284049174651
116284162009130	116284173945223	116284161844182
116284266546578	116284282308348	116284266368401
116284275933557	116284290645170	116284275877359
116284291002567	116284307318712	116284290909703
116284294993453	116284315655744	116284294956526

=== poll 1790360806.489273243
8333333
116275899758560	116275912878404	116275899684966
116275996459862	116276012904341	116275996237102
116275999412675	116276021239341	116275999327154
116276108497831	116276121256737	116276108346060
116276115740747	116276129592986	116276115658820
116276214353247	116276229623455	116276214216164
116276316077883	116276329672935	116276315981893
116276325183352	116276338009549	116276325104862
116276332326060	116276346347466	116276332249237
116276423652049	116276438037153	116276423520956
116276425955018	116276446373403	116276425853872
116276432724133	116276454709184	116276432651841
116276539008768	116276554731528	116276538851789
116276649888143	116276663086997	116276649793091
116276658621320	116276671420747	116276658562570
116276759858612	116276771463090	116276759776424
116276761460643	116276779802986	116276761408716
116276765576580	116276788143403	116276765536372
116276875778299	116276888185226	116276875710018
116276877303351	116276896520798	116276877268091
116276882383299	116276904855747	116276882342518
116277001548299	116277013234028	116277001381476
116277004094341	116277021570643	116277003897414
116277085055174	116277096588194	116277084905278
116277093273351	116277104922414	116277093227362
116277098979914	116277113258611	116277098935070
116277215225434	116277229949965	116277215118403
116277324143612	116277338293819	116277323976372
116277439211945	116277454977309	116277439070799
116277442081789	116277463312882	116277441985799
116277539838507	116277555011476	116277539701684
116277541954809	116277563349809	116277541833716
116277658056424	116277671724809	116277657913820
116277660581163	116277680061788	116277660485486
116277757201893	116277771752882	116277757061476
116277759676007	116277780088402	116277759599236
116277874438611	116277888445069	116277874318247
116277876287101	116277896779809	116277876200330
116277973841372	116277988470278	116277973675799
116278090456163	116278105183350	116278090242153
116278093128507	116278113521788	116278093036163
116278215154028	116278230244548	116278215042413
116278321377622	116278338596476	116278321300590
116278416939497	116278430292517	116278416775642
116278425753663	116278438627986	116278425651059
116278542029444	116278555345329	116278541920799
116278543783507	116278563684079	116278543712674
116278659281111	116278672056840	116278659172882
116278660968559	116278680392412	116278660903611
116278666497257	116278688727153	116278666443715
116278782364548	116278797078402	116278782258767
116278784606788	116278805414496	116278784546059
116278858553923	116278880442726	116278858454392
116278974372882	116278988826475	116278974210850
116279082081215	116279097194912	116279081943871
116279083960330	116279105531423	116279083876528
116279091609496	116279113867568	116279091553559
116279200914236	116279213916215	116279200842777
116279208040955	116279222255641	116279207976788
116279308294080	116279322286579	116279308165590
116279310003975	116279330623350	116279309977934
116279412150069	116279430653506	116279412046840
116279416587934	116279438991319	116279416542152
116279524124184	116279539038402	116279523842309
116279526286527	116279547374496	116279526209132
116279640812152	116279655756110	116279640718402
116279741356840	116279755800641	116279741223975
116279744142621	116279764139183	116279744050069
116279750829600	116279772476579	116279750786788
116279862424496	116279880853766	116279862245486
116279868393715	116279889191162	116279868295850
116279975163663	116279989232777	116279975074913
116279976888611	116279997569808	116279976815121
116280091613975	116280105937620	116280091443350
116280201026110	116280214297985	116280200886788
116280203817673	116280222635798	116280203739808
116280300549183	116280314321214	116280300460590
116280302100850	116280322655902	116280302073298
116280310042777	116280330991839	116280309991475
116280317197152	116280339327620	116280317139600
116280416813506	116280431028870	116280416716162
116280522991735	116280539411266	116280522852933
116280633311214	116280647781370	116280633223506
116280746515641	116280764504964	116280746347933
116280748332256	116280772841995	116280748286891
116280856806787	116280872876162	116280856692881
116280976114131	116280989592932	116280975929964
116281068385589	116281081292828	116281068290381
116281069966318	116281089630902	116281069922725
116281177165798	116281189673974	116281176983923
116281179941266	116281198010536	116281179841839
116281302556787	116281314704860	116281302399704
116281412115641	116281423073297	116281412038089
116281413614339	116281431409964	116281413573506
116281527477516	116281539791006	116281527351995
116281643619183	116281656490067	116281643457412
116281752520120	116281764857776	116281752394808
116281858098714	116281873230901	116281857978818
116281859530693	116281881564599	116281859498922
116281967141006	116281981606995	116281967049651
116281976560172	116281989944235	116281976479756
116282083179912	116282098312307	116282083027933
116282192790381	116282206685901	116282192670537
116282290901683	116282306725744	116282290833610
116282293874183	116282315063558	116282293838037
116282300854235	116282323399702	116282300798453
116282411039339	116282423443610	116282410896110
116282515946995	116282531806838	116282515851526
116282616794547	116282631800953	116282616707464
116282733683818	116282748500849	116282733570641
116282843279078	116282856862619	116282843142776
116282948638818	116282965226057	116282948553766
116283069734599	116283081916682	116283069410745
116283181887828	116283198618505	116283181797516
116283283905484	116283298634807	116283283752620
116283393339703	116283407015223	116283393211318
116283503188765	116283515390536	116283503073609
116283607557828	116283623762150	116283607468765
116283716865328	116283732123192	116283716769390
116283826071734	116283840522254	116283825892724
116283947506317	116283965583765	116283947368765
116284049309911	116284065593973	116284049174651
116284162009130	116284173945223	116284161844182
116284266546578	116284282308348	116284266368401
116284275933557	116284290645170	116284275877359
116284291002567	116284307318712	116284290909703
116284294993453	116284315655744	116284294956526

=== poll 1790360808.754891836
8333333
116275899758560	116275912878404	116275899684966
116275996459862	116276012904341	116275996237102
116275999412675	116276021239341	116275999327154
116276108497831	116276121256737	116276108346060
116276115740747	116276129592986	116276115658820
116276214353247	116276229623455	116276214216164
116276316077883	116276329672935	116276315981893
116276325183352	116276338009549	116276325104862
116276332326060	116276346347466	116276332249237
116276423652049	116276438037153	116276423520956
116276425955018	116276446373403	116276425853872
116276432724133	116276454709184	116276432651841
116276539008768	116276554731528	116276538851789
116276649888143	116276663086997	116276649793091
116276658621320	116276671420747	116276658562570
116276759858612	116276771463090	116276759776424
116276761460643	116276779802986	116276761408716
116276765576580	116276788143403	116276765536372
116276875778299	116276888185226	116276875710018
116276877303351	116276896520798	116276877268091
116276882383299	116276904855747	116276882342518
116277001548299	116277013234028	116277001381476
116277004094341	116277021570643	116277003897414
116277085055174	116277096588194	116277084905278
116277093273351	116277104922414	116277093227362
116277098979914	116277113258611	116277098935070
116277215225434	116277229949965	116277215118403
116277324143612	116277338293819	116277323976372
116277439211945	116277454977309	116277439070799
116277442081789	116277463312882	116277441985799
116277539838507	116277555011476	116277539701684
116277541954809	116277563349809	116277541833716
116277658056424	116277671724809	116277657913820
116277660581163	116277680061788	116277660485486
116277757201893	116277771752882	116277757061476
116277759676007	116277780088402	116277759599236
116277874438611	116277888445069	116277874318247
116277876287101	116277896779809	116277876200330
116277973841372	116277988470278	116277973675799
116278090456163	116278105183350	116278090242153
116278093128507	116278113521788	116278093036163
116278215154028	116278230244548	116278215042413
116278321377622	116278338596476	116278321300590
116278416939497	116278430292517	116278416775642
116278425753663	116278438627986	116278425651059
116278542029444	116278555345329	116278541920799
116278543783507	116278563684079	116278543712674
116278659281111	116278672056840	116278659172882
116278660968559	116278680392412	116278660903611
116278666497257	116278688727153	116278666443715
116278782364548	116278797078402	116278782258767
116278784606788	116278805414496	116278784546059
116278858553923	116278880442726	116278858454392
116278974372882	116278988826475	116278974210850
116279082081215	116279097194912	116279081943871
116279083960330	116279105531423	116279083876528
116279091609496	116279113867568	116279091553559
116279200914236	116279213916215	116279200842777
116279208040955	116279222255641	116279207976788
116279308294080	116279322286579	116279308165590
116279310003975	116279330623350	116279309977934
116279412150069	116279430653506	116279412046840
116279416587934	116279438991319	116279416542152
116279524124184	116279539038402	116279523842309
116279526286527	116279547374496	116279526209132
116279640812152	116279655756110	116279640718402
116279741356840	116279755800641	116279741223975
116279744142621	116279764139183	116279744050069
116279750829600	116279772476579	116279750786788
116279862424496	116279880853766	116279862245486
116279868393715	116279889191162	116279868295850
116279975163663	116279989232777	116279975074913
116279976888611	116279997569808	116279976815121
116280091613975	116280105937620	116280091443350
116280201026110	116280214297985	116280200886788
116280203817673	116280222635798	116280203739808
116280300549183	116280314321214	116280300460590
116280302100850	116280322655902	116280302073298
116280310042777	116280330991839	116280309991475
116280317197152	116280339327620	116280317139600
116280416813506	116280431028870	116280416716162
116280522991735	116280539411266	116280522852933
116280633311214	116280647781370	116280633223506
116280746515641	116280764504964	116280746347933
116280748332256	116280772841995	116280748286891
116280856806787	116280872876162	116280856692881
116280976114131	116280989592932	116280975929964
116281068385589	116281081292828	116281068290381
116281069966318	116281089630902	116281069922725
116281177165798	116281189673974	116281176983923
116281179941266	116281198010536	116281179841839
116281302556787	116281314704860	116281302399704
116281412115641	116281423073297	116281412038089
116281413614339	116281431409964	116281413573506
116281527477516	116281539791006	116281527351995
116281643619183	116281656490067	116281643457412
116281752520120	116281764857776	116281752394808
116281858098714	116281873230901	116281857978818
116281859530693	116281881564599	116281859498922
116281967141006	116281981606995	116281967049651
116281976560172	116281989944235	116281976479756
116282083179912	116282098312307	116282083027933
116282192790381	116282206685901	116282192670537
116282290901683	116282306725744	116282290833610
116282293874183	116282315063558	116282293838037
116282300854235	116282323399702	116282300798453
116282411039339	116282423443610	116282410896110
116282515946995	116282531806838	116282515851526
116282616794547	116282631800953	116282616707464
116282733683818	116282748500849	116282733570641
116282843279078	116282856862619	116282843142776
116282948638818	116282965226057	116282948553766
116283069734599	116283081916682	116283069410745
116283181887828	116283198618505	116283181797516
116283283905484	116283298634807	116283283752620
116283393339703	116283407015223	116283393211318
116283503188765	116283515390536	116283503073609
116283607557828	116283623762150	116283607468765
116283716865328	116283732123192	116283716769390
116283826071734	116283840522254	116283825892724
116283947506317	116283965583765	116283947368765
116284049309911	116284065593973	116284049174651
116284162009130	116284173945223	116284161844182
116284266546578	116284282308348	116284266368401
116284275933557	116284290645170	116284275877359
116284291002567	116284307318712	116284290909703
116284294993453	116284315655744	116284294956526

=== poll 1790360811.014992408
8333333
116275899758560	116275912878404	116275899684966
116275996459862	116276012904341	116275996237102
116275999412675	116276021239341	116275999327154
116276108497831	116276121256737	116276108346060
116276115740747	116276129592986	116276115658820
116276214353247	116276229623455	116276214216164
116276316077883	116276329672935	116276315981893
116276325183352	116276338009549	116276325104862
116276332326060	116276346347466	116276332249237
116276423652049	116276438037153	116276423520956
116276425955018	116276446373403	116276425853872
116276432724133	116276454709184	116276432651841
116276539008768	116276554731528	116276538851789
116276649888143	116276663086997	116276649793091
116276658621320	116276671420747	116276658562570
116276759858612	116276771463090	116276759776424
116276761460643	116276779802986	116276761408716
116276765576580	116276788143403	116276765536372
116276875778299	116276888185226	116276875710018
116276877303351	116276896520798	116276877268091
116276882383299	116276904855747	116276882342518
116277001548299	116277013234028	116277001381476
116277004094341	116277021570643	116277003897414
116277085055174	116277096588194	116277084905278
116277093273351	116277104922414	116277093227362
116277098979914	116277113258611	116277098935070
116277215225434	116277229949965	116277215118403
116277324143612	116277338293819	116277323976372
116277439211945	116277454977309	116277439070799
116277442081789	116277463312882	116277441985799
116277539838507	116277555011476	116277539701684
116277541954809	116277563349809	116277541833716
116277658056424	116277671724809	116277657913820
116277660581163	116277680061788	116277660485486
116277757201893	116277771752882	116277757061476
116277759676007	116277780088402	116277759599236
116277874438611	116277888445069	116277874318247
116277876287101	116277896779809	116277876200330
116277973841372	116277988470278	116277973675799
116278090456163	116278105183350	116278090242153
116278093128507	116278113521788	116278093036163
116278215154028	116278230244548	116278215042413
116278321377622	116278338596476	116278321300590
116278416939497	116278430292517	116278416775642
116278425753663	116278438627986	116278425651059
116278542029444	116278555345329	116278541920799
116278543783507	116278563684079	116278543712674
116278659281111	116278672056840	116278659172882
116278660968559	116278680392412	116278660903611
116278666497257	116278688727153	116278666443715
116278782364548	116278797078402	116278782258767
116278784606788	116278805414496	116278784546059
116278858553923	116278880442726	116278858454392
116278974372882	116278988826475	116278974210850
116279082081215	116279097194912	116279081943871
116279083960330	116279105531423	116279083876528
116279091609496	116279113867568	116279091553559
116279200914236	116279213916215	116279200842777
116279208040955	116279222255641	116279207976788
116279308294080	116279322286579	116279308165590
116279310003975	116279330623350	116279309977934
116279412150069	116279430653506	116279412046840
116279416587934	116279438991319	116279416542152
116279524124184	116279539038402	116279523842309
116279526286527	116279547374496	116279526209132
116279640812152	116279655756110	116279640718402
116279741356840	116279755800641	116279741223975
116279744142621	116279764139183	116279744050069
116279750829600	116279772476579	116279750786788
116279862424496	116279880853766	116279862245486
116279868393715	116279889191162	116279868295850
116279975163663	116279989232777	116279975074913
116279976888611	116279997569808	116279976815121
116280091613975	116280105937620	116280091443350
116280201026110	116280214297985	116280200886788
116280203817673	116280222635798	116280203739808
116280300549183	116280314321214	116280300460590
116280302100850	116280322655902	116280302073298
116280310042777	116280330991839	116280309991475
116280317197152	116280339327620	116280317139600
116280416813506	116280431028870	116280416716162
116280522991735	116280539411266	116280522852933
116280633311214	116280647781370	116280633223506
116280746515641	116280764504964	116280746347933
116280748332256	116280772841995	116280748286891
116280856806787	116280872876162	116280856692881
116280976114131	116280989592932	116280975929964
116281068385589	116281081292828	116281068290381
116281069966318	116281089630902	116281069922725
116281177165798	116281189673974	116281176983923
116281179941266	116281198010536	116281179841839
116281302556787	116281314704860	116281302399704
116281412115641	116281423073297	116281412038089
116281413614339	116281431409964	116281413573506
116281527477516	116281539791006	116281527351995
116281643619183	116281656490067	116281643457412
116281752520120	116281764857776	116281752394808
116281858098714	116281873230901	116281857978818
116281859530693	116281881564599	116281859498922
116281967141006	116281981606995	116281967049651
116281976560172	116281989944235	116281976479756
116282083179912	116282098312307	116282083027933
116282192790381	116282206685901	116282192670537
116282290901683	116282306725744	116282290833610
116282293874183	116282315063558	116282293838037
116282300854235	116282323399702	116282300798453
116282411039339	116282423443610	116282410896110
116282515946995	116282531806838	116282515851526
116282616794547	116282631800953	116282616707464
116282733683818	116282748500849	116282733570641
116282843279078	116282856862619	116282843142776
116282948638818	116282965226057	116282948553766
116283069734599	116283081916682	116283069410745
116283181887828	116283198618505	116283181797516
116283283905484	116283298634807	116283283752620
116283393339703	116283407015223	116283393211318
116283503188765	116283515390536	116283503073609
116283607557828	116283623762150	116283607468765
116283716865328	116283732123192	116283716769390
116283826071734	116283840522254	116283825892724
116283947506317	116283965583765	116283947368765
116284049309911	116284065593973	116284049174651
116284162009130	116284173945223	116284161844182
116284266546578	116284282308348	116284266368401
116284275933557	116284290645170	116284275877359
116284291002567	116284307318712	116284290909703
116284294993453	116284315655744	116284294956526

=== poll 1790360813.336777928
8333333
116276316077883	116276329672935	116276315981893
116276325183352	116276338009549	116276325104862
116276332326060	116276346347466	116276332249237
116276423652049	116276438037153	116276423520956
116276425955018	116276446373403	116276425853872
116276432724133	116276454709184	116276432651841
116276539008768	116276554731528	116276538851789
116276649888143	116276663086997	116276649793091
116276658621320	116276671420747	116276658562570
116276759858612	116276771463090	116276759776424
116276761460643	116276779802986	116276761408716
116276765576580	116276788143403	116276765536372
116276875778299	116276888185226	116276875710018
116276877303351	116276896520798	116276877268091
116276882383299	116276904855747	116276882342518
116277001548299	116277013234028	116277001381476
116277004094341	116277021570643	116277003897414
116277085055174	116277096588194	116277084905278
116277093273351	116277104922414	116277093227362
116277098979914	116277113258611	116277098935070
116277215225434	116277229949965	116277215118403
116277324143612	116277338293819	116277323976372
116277439211945	116277454977309	116277439070799
116277442081789	116277463312882	116277441985799
116277539838507	116277555011476	116277539701684
116277541954809	116277563349809	116277541833716
116277658056424	116277671724809	116277657913820
116277660581163	116277680061788	116277660485486
116277757201893	116277771752882	116277757061476
116277759676007	116277780088402	116277759599236
116277874438611	116277888445069	116277874318247
116277876287101	116277896779809	116277876200330
116277973841372	116277988470278	116277973675799
116278090456163	116278105183350	116278090242153
116278093128507	116278113521788	116278093036163
116278215154028	116278230244548	116278215042413
116278321377622	116278338596476	116278321300590
116278416939497	116278430292517	116278416775642
116278425753663	116278438627986	116278425651059
116278542029444	116278555345329	116278541920799
116278543783507	116278563684079	116278543712674
116278659281111	116278672056840	116278659172882
116278660968559	116278680392412	116278660903611
116278666497257	116278688727153	116278666443715
116278782364548	116278797078402	116278782258767
116278784606788	116278805414496	116278784546059
116278858553923	116278880442726	116278858454392
116278974372882	116278988826475	116278974210850
116279082081215	116279097194912	116279081943871
116279083960330	116279105531423	116279083876528
116279091609496	116279113867568	116279091553559
116279200914236	116279213916215	116279200842777
116279208040955	116279222255641	116279207976788
116279308294080	116279322286579	116279308165590
116279310003975	116279330623350	116279309977934
116279412150069	116279430653506	116279412046840
116279416587934	116279438991319	116279416542152
116279524124184	116279539038402	116279523842309
116279526286527	116279547374496	116279526209132
116279640812152	116279655756110	116279640718402
116279741356840	116279755800641	116279741223975
116279744142621	116279764139183	116279744050069
116279750829600	116279772476579	116279750786788
116279862424496	116279880853766	116279862245486
116279868393715	116279889191162	116279868295850
116279975163663	116279989232777	116279975074913
116279976888611	116279997569808	116279976815121
116280091613975	116280105937620	116280091443350
116280201026110	116280214297985	116280200886788
116280203817673	116280222635798	116280203739808
116280300549183	116280314321214	116280300460590
116280302100850	116280322655902	116280302073298
116280310042777	116280330991839	116280309991475
116280317197152	116280339327620	116280317139600
116280416813506	116280431028870	116280416716162
116280522991735	116280539411266	116280522852933
116280633311214	116280647781370	116280633223506
116280746515641	116280764504964	116280746347933
116280748332256	116280772841995	116280748286891
116280856806787	116280872876162	116280856692881
116280976114131	116280989592932	116280975929964
116281068385589	116281081292828	116281068290381
116281069966318	116281089630902	116281069922725
116281177165798	116281189673974	116281176983923
116281179941266	116281198010536	116281179841839
116281302556787	116281314704860	116281302399704
116281412115641	116281423073297	116281412038089
116281413614339	116281431409964	116281413573506
116281527477516	116281539791006	116281527351995
116281643619183	116281656490067	116281643457412
116281752520120	116281764857776	116281752394808
116281858098714	116281873230901	116281857978818
116281859530693	116281881564599	116281859498922
116281967141006	116281981606995	116281967049651
116281976560172	116281989944235	116281976479756
116282083179912	116282098312307	116282083027933
116282192790381	116282206685901	116282192670537
116282290901683	116282306725744	116282290833610
116282293874183	116282315063558	116282293838037
116282300854235	116282323399702	116282300798453
116282411039339	116282423443610	116282410896110
116282515946995	116282531806838	116282515851526
116282616794547	116282631800953	116282616707464
116282733683818	116282748500849	116282733570641
116282843279078	116282856862619	116282843142776
116282948638818	116282965226057	116282948553766
116283069734599	116283081916682	116283069410745
116283181887828	116283198618505	116283181797516
116283283905484	116283298634807	116283283752620
116283393339703	116283407015223	116283393211318
116283503188765	116283515390536	116283503073609
116283607557828	116283623762150	116283607468765
116283716865328	116283732123192	116283716769390
116283826071734	116283840522254	116283825892724
116283947506317	116283965583765	116283947368765
116284049309911	116284065593973	116284049174651
116284162009130	116284173945223	116284161844182
116284266546578	116284282308348	116284266368401
116284275933557	116284290645170	116284275877359
116284291002567	116284307318712	116284290909703
116284294993453	116284315655744	116284294956526
116297383396312	116297394151051	116297383255948
116297386312562	116297402489124	116297386582979
116297390556052	116297410826781	116297390477875
116297397492354	116297419163447	116297397434802
116297424989698	116297435835947	116297424896885
116297430166521	116297444173603	116297430025166

