RUN_BEGIN cells=263 noise=1 iters=20 warmup=3 every=25 1790154237.957897
MARK CELL_BEGIN N0000 1790154237.957977
MARK CELL_END N0000 1790154238.081031
CELL {"seq":0,"id":"N0000","group":"N","rw":1024,"rh":1024,"sw":1024,"sh":1024,"ratio":"1x","reuse":1,"batch":1,"residency":"warm","readback":"none","iters":20,"iter_ns_p50":2293125,"iter_ns_p95":5528386,"per_op_ns_p50":2293125,"x_cpu_ticks":3,"errors":0,"pixel_ok":true,"wall":[1790154237.957977,1790154238.081031],"iter_ns":[1852291,1876354,2427031,2990677,5528386,1904635,1862917,2342604,1998385,2856979,1992084,2140990,2394583,2580781,2293125,3421458,2408907,2116042,2119480,2090677]}
MARK CELL_BEGIN B0172 1790154238.081070
MARK CELL_END B0172 1790154238.143637
CELL {"seq":1,"id":"B0172","group":"B","rw":64,"rh":64,"sw":64,"sh":64,"ratio":"1x","reuse":16,"batch":1,"residency":"warm","readback":"none","iters":20,"iter_ns_p50":1684896,"iter_ns_p95":6940365,"per_op_ns_p50":1684896,"x_cpu_ticks":1,"errors":0,"pixel_ok":true,"wall":[1790154238.081070,1790154238.143637],"iter_ns":[1766406,1791875,1634896,1958386,1671667,1973021,2430937,1702500,1677604,1792552,1684896,6940365,3736459,1605677,1159635,1079896,1162240,1123750,1175209,1141719]}
MARK CELL_BEGIN B0216 1790154238.143694
MARK CELL_END B0216 1790154239.000352
CELL {"seq":2,"id":"B0216","group":"B","rw":1200,"rh":2608,"sw":1200,"sh":2608,"ratio":"1x","reuse":1,"batch":1,"residency":"resize","readback":"none","iters":20,"iter_ns_p50":29997136,"iter_ns_p95":32543281,"per_op_ns_p50":29997136,"x_cpu_ticks":57,"errors":0,"pixel_ok":true,"wall":[1790154238.143694,1790154239.000352],"iter_ns":[29719114,29997136,32543281,28837396,29958333,29857656,29607135,31571875,30904531,30013386,29632708,32291563,30849011,31633698,29528542,29924375,29741510,30321041,30566042,29784635]}
MARK CELL_BEGIN A0108 1790154239.000396
MARK CELL_END A0108 1790154239.453358
CELL {"seq":3,"id":"A0108","group":"A","rw":1200,"rh":2608,"sw":1200,"sh":2608,"ratio":"1x","reuse":1,"batch":1,"residency":"warm","readback":"none","iters":20,"iter_ns_p50":8372553,"iter_ns_p95":27493542,"per_op_ns_p50":8372553,"x_cpu_ticks":13,"errors":0,"pixel_ok":true,"wall":[1790154239.000396,1790154239.453358],"iter_ns":[3520261,4689167,5632917,22214531,6982813,27105729,7563750,27280833,8372553,22060313,7982657,26752448,6644948,26665625,7434063,23773177,7765834,27493542,7175781,24781042]}
MARK CELL_BEGIN B0175 1790154239.453408
MARK CELL_END B0175 1790154239.597622
CELL {"seq":4,"id":"B0175","group":"B","rw":64,"rh":64,"sw":64,"sh":64,"ratio":"1x","reuse":1,"batch":1,"residency":"resize","readback":"none","iters":20,"iter_ns_p50":3613854,"iter_ns_p95":29724583,"per_op_ns_p50":3613854,"x_cpu_ticks":4,"errors":0,"pixel_ok":true,"wall":[1790154239.453408,1790154239.597622],"iter_ns":[1501927,1351094,29724583,3651146,3857709,27154844,4073802,4816302,21640000,3491407,4039792,3131667,2538073,2795573,2514167,2568333,3879427,3613854,2298020,2268385]}
MARK CELL_BEGIN A0021 1790154239.597656
MARK CELL_END A0021 1790154240.018860
CELL {"seq":5,"id":"A0021","group":"A","rw":5,"rh":24,"sw":5,"sh":24,"ratio":"1x","reuse":1,"batch":16,"residency":"warm","readback":"none","iters":20,"iter_ns_p50":18006198,"iter_ns_p95":26114635,"per_op_ns_p50":1125387,"x_cpu_ticks":8,"errors":0,"pixel_ok":true,"wall":[1790154239.597656,1790154240.018860],"iter_ns":[18816927,26114635,16683385,20431980,14382708,13275313,19227291,13758802,20574792,17524322,21715416,20705573,12253542,14283021,21417657,18613594,18006198,14665156,17470052,16641198]}
MARK CELL_BEGIN A0038 1790154240.018892
MARK CELL_END A0038 1790154240.057700
CELL {"seq":6,"id":"A0038","group":"A","rw":32,"rh":32,"sw":32,"sh":32,"ratio":"1x","reuse":1,"batch":1,"residency":"warm","readback":"delayed","iters":20,"iter_ns_p50":1205782,"iter_ns_p95":2194532,"per_op_ns_p50":1205782,"x_cpu_ticks":1,"errors":0,"pixel_ok":true,"wall":[1790154240.018892,1790154240.057700],"iter_ns":[1025938,1017084,999010,664219,1018750,2142709,1936146,1463593,1179062,883750,1271042,1205782,1166771,1116719,1152395,1457032,2194532,1601093,1229531,1228646]}
MARK CELL_BEGIN C0261 1790154240.057763
MARK CELL_END C0261 1790154240.288114
CELL {"seq":7,"id":"C0261","group":"C","rw":16,"rh":16,"sw":16,"sh":16,"ratio":"1x","reuse":1,"batch":4,"residency":"cold","readback":"none","iters":20,"iter_ns_p50":7844010,"iter_ns_p95":13405313,"per_op_ns_p50":1961002,"x_cpu_ticks":6,"errors":0,"pixel_ok":true,"wall":[1790154240.057763,1790154240.288114],"iter_ns":[7849896,6906146,7891198,13405313,7275156,9018281,11878594,10287708,6793281,8230260,6322500,7616927,6034635,6693437,5676979,9060312,6985104,9662395,7844010,5808803]}
MARK CELL_BEGIN B0214 1790154240.288203
MARK CELL_END B0214 1790154240.659947
CELL {"seq":8,"id":"B0214","group":"B","rw":1200,"rh":2608,"sw":1200,"sh":2608,"ratio":"1x","reuse":4,"batch":1,"residency":"warm","readback":"none","iters":20,"iter_ns_p50":5183593,"iter_ns_p95":13819479,"per_op_ns_p50":5183593,"x_cpu_ticks":16,"errors":0,"pixel_ok":true,"wall":[1790154240.288203,1790154240.659947],"iter_ns":[13819479,3581197,3105573,3157083,3544583,3994896,4276614,3946198,4685104,5774791,5817812,5463334,5036458,3423281,5183593,7112500,5737240,5991511,7026823,5955052]}
MARK CELL_BEGIN B0217 1790154240.660003
MARK CELL_END B0217 1790154241.856260
CELL {"seq":9,"id":"B0217","group":"B","rw":1200,"rh":2608,"sw":1200,"sh":2608,"ratio":"1x","reuse":1,"batch":1,"residency":"recreate","readback":"none","iters":20,"iter_ns_p50":49318177,"iter_ns_p95":52048020,"per_op_ns_p50":49318177,"x_cpu_ticks":86,"errors":0,"pixel_ok":true,"wall":[1790154240.660003,1790154241.856260],"iter_ns":[49923177,50140208,47507448,48924843,48208333,52048020,50467864,51506406,49318177,47596094,47498698,48768594,51034115,49159687,49870625,51740000,49175990,51839427,45721094,43881718]}
MARK CELL_BEGIN A0124 1790154241.856331
MARK CELL_END A0124 1790154243.035095
CELL {"seq":10,"id":"A0124","group":"A","rw":3440,"rh":1440,"sw":3440,"sh":1440,"ratio":"1x","reuse":1,"batch":4,"residency":"warm","readback":"immediate","iters":20,"iter_ns_p50":39187500,"iter_ns_p95":52288906,"per_op_ns_p50":9796875,"x_cpu_ticks":70,"errors":0,"pixel_ok":true,"wall":[1790154241.856331,1790154243.035095],"iter_ns":[26460417,28657032,35453646,38436823,29132552,52288906,36642708,40036198,41651406,39547969,37902031,39140312,39187500,39701719,40697292,49091510,39175521,41502083,38945365,42555312]}
MARK CELL_BEGIN A0086 1790154243.035152
MARK CELL_END A0086 1790154243.080131
CELL {"seq":11,"id":"A0086","group":"A","rw":512,"rh":512,"sw":512,"sh":512,"ratio":"1x","reuse":1,"batch":1,"residency":"warm","readback":"delayed","iters":20,"iter_ns_p50":1176198,"iter_ns_p95":2049792,"per_op_ns_p50":1176198,"x_cpu_ticks":1,"errors":0,"pixel_ok":true,"wall":[1790154243.035152,1790154243.080131],"iter_ns":[986979,955469,959271,954531,966979,989636,959635,1981250,1167136,1163906,1254636,2049792,1518906,1215521,1212969,1866094,1139583,1176198,1208541,1371563]}
MARK CELL_BEGIN A0063 1790154243.080167
MARK CELL_END A0063 1790154243.191835
CELL {"seq":12,"id":"A0063","group":"A","rw":128,"rh":128,"sw":128,"sh":128,"ratio":"1x","reuse":1,"batch":4,"residency":"warm","readback":"none","iters":20,"iter_ns_p50":4033333,"iter_ns_p95":5868646,"per_op_ns_p50":1008333,"x_cpu_ticks":3,"errors":0,"pixel_ok":true,"wall":[1790154243.080167,1790154243.191835],"iter_ns":[5473021,4033333,3602448,3454010,5608438,3967240,3676667,4699063,5868646,4629844,4112187,5144688,3857136,3760000,3577500,5338073,3893073,3812605,4000052,4797031]}
MARK CELL_BEGIN A0090 1790154243.191892
MARK CELL_END A0090 1790154243.525350
CELL {"seq":13,"id":"A0090","group":"A","rw":512,"rh":512,"sw":512,"sh":512,"ratio":"1x","reuse":1,"batch":8,"residency":"warm","readback":"none","iters":20,"iter_ns_p50":12536718,"iter_ns_p95":23615104,"per_op_ns_p50":1567089,"x_cpu_ticks":9,"errors":0,"pixel_ok":true,"wall":[1790154243.191892,1790154243.525350],"iter_ns":[14621302,20928698,12949323,11715886,10574167,8820625,9672917,8399479,10152500,12536718,11955000,13715105,12563073,12594687,11421198,12414063,13198698,14312084,12496979,23615104]}
MARK CELL_BEGIN A0106 1790154243.525607
MARK CELL_END A0106 1790154244.775957
CELL {"seq":14,"id":"A0106","group":"A","rw":1024,"rh":1024,"sw":1024,"sh":1024,"ratio":"1x","reuse":1,"batch":16,"residency":"warm","readback":"immediate","iters":20,"iter_ns_p50":48435677,"iter_ns_p95":58210625,"per_op_ns_p50":3027229,"x_cpu_ticks":59,"errors":0,"pixel_ok":true,"wall":[1790154243.525607,1790154244.775957],"iter_ns":[47813281,50035781,46260417,58210625,47299844,47828698,54393438,52760417,48435677,46375208,48881979,47289532,54049531,49958594,48390677,47993593,45871250,52245105,48373125,50950469]}
MARK CELL_BEGIN A0083 1790154244.776057
MARK CELL_END A0083 1790154245.337836
CELL {"seq":15,"id":"A0083","group":"A","rw":256,"rh":256,"sw":256,"sh":256,"ratio":"1x","reuse":1,"batch":16,"residency":"warm","readback":"delayed","iters":20,"iter_ns_p50":22517865,"iter_ns_p95":25077916,"per_op_ns_p50":1407366,"x_cpu_ticks":12,"errors":0,"pixel_ok":true,"wall":[1790154244.776057,1790154245.337836],"iter_ns":[22524844,23318229,20894375,21659583,21910678,20875625,23783855,23578698,21147708,20836354,23737031,21308230,25077916,22517865,21887708,23853750,24135209,21506250,22722187,20758490]}
MARK CELL_BEGIN A0125 1790154245.337911
MARK CELL_END A0125 1790154246.412678
CELL {"seq":16,"id":"A0125","group":"A","rw":3440,"rh":1440,"sw":3440,"sh":1440,"ratio":"1x","reuse":1,"batch":4,"residency":"warm","readback":"delayed","iters":20,"iter_ns_p50":34854740,"iter_ns_p95":53107813,"per_op_ns_p50":8713685,"x_cpu_ticks":56,"errors":0,"pixel_ok":true,"wall":[1790154245.337911,1790154246.412678],"iter_ns":[33782760,33141510,33941302,34854740,37054583,24204531,27964167,46626771,28013229,33959688,34491250,36349740,34663594,35272760,35007604,53107813,33807760,35852708,35277448,35270521]}
MARK CELL_BEGIN B0142 1790154246.412728
MARK CELL_END B0142 1790154246.433015
CELL {"seq":17,"id":"B0142","group":"B","rw":5,"rh":24,"sw":20,"sh":96,"ratio":"16x","reuse":1,"batch":1,"residency":"warm","readback":"none","iters":20,"iter_ns_p50":408958,"iter_ns_p95":1766302,"per_op_ns_p50":408958,"x_cpu_ticks":0,"errors":0,"pixel_ok":true,"wall":[1790154246.412728,1790154246.433015],"iter_ns":[892136,916927,623541,738489,1766302,915417,694375,391510,373177,370886,385312,378594,374115,408958,398282,383229,371979,378125,421303,931771]}
MARK CELL_BEGIN C0234 1790154246.433039
MARK CELL_END C0234 1790154246.904554
CELL {"seq":18,"id":"C0234","group":"C","rw":512,"rh":512,"sw":512,"sh":512,"ratio":"1x","reuse":1,"batch":8,"residency":"cold","readback":"none","iters":20,"iter_ns_p50":17289636,"iter_ns_p95":22676771,"per_op_ns_p50":2161204,"x_cpu_ticks":17,"errors":0,"pixel_ok":true,"wall":[1790154246.433039,1790154246.904554],"iter_ns":[11516093,11064011,13876458,13645521,18548490,20534010,14102500,19257240,22676771,13696093,15346979,20739791,17289636,15884843,18881354,15890886,19452708,19013854,15578594,19032969]}
MARK CELL_BEGIN B0218 1790154246.904627
MARK CELL_END B0218 1790154247.371119
CELL {"seq":19,"id":"B0218","group":"B","rw":3440,"rh":1440,"sw":3440,"sh":2191,"ratio":"redirected","reuse":1,"batch":1,"residency":"warm","readback":"none","iters":20,"iter_ns_p50":8934844,"iter_ns_p95":12006979,"per_op_ns_p50":8934844,"x_cpu_ticks":19,"errors":0,"pixel_ok":true,"wall":[1790154246.904627,1790154247.371119],"iter_ns":[5986406,5372656,6505625,8523958,5814375,7742917,12006979,9155677,8934844,9225730,9182865,9241823,7786927,9349011,8244740,9313541,9353021,8500417,9055521,8276770]}
MARK CELL_BEGIN A0071 1790154247.371429
MARK CELL_END A0071 1790154247.797850
CELL {"seq":20,"id":"A0071","group":"A","rw":128,"rh":128,"sw":128,"sh":128,"ratio":"1x","reuse":1,"batch":16,"residency":"warm","readback":"delayed","iters":20,"iter_ns_p50":18454636,"iter_ns_p95":25703802,"per_op_ns_p50":1153414,"x_cpu_ticks":8,"errors":0,"pixel_ok":true,"wall":[1790154247.371429,1790154247.797850],"iter_ns":[12774792,15813490,16336927,20530209,15115573,18622343,16610730,21072812,18454636,16218177,19011354,25703802,18444219,21341667,15541041,20480312,15901406,21905521,14610729,20842395]}
MARK CELL_BEGIN B0151 1790154247.797913
MARK CELL_END B0151 1790154247.837944
CELL {"seq":21,"id":"B0151","group":"B","rw":16,"rh":16,"sw":64,"sh":64,"ratio":"16x","reuse":1,"batch":1,"residency":"warm","readback":"none","iters":20,"iter_ns_p50":1032500,"iter_ns_p95":2581979,"per_op_ns_p50":1032500,"x_cpu_ticks":0,"errors":0,"pixel_ok":true,"wall":[1790154247.797913,1790154247.837944],"iter_ns":[1365625,1130938,799427,1101511,1032500,692084,973438,981615,958958,976614,947865,958854,968177,700417,2581979,1248854,1285573,1403803,1418854,1312136]}
MARK CELL_BEGIN B0177 1790154247.838045
MARK CELL_END B0177 1790154247.896116
CELL {"seq":22,"id":"B0177","group":"B","rw":128,"rh":128,"sw":256,"sh":256,"ratio":"4x","reuse":1,"batch":1,"residency":"warm","readback":"none","iters":20,"iter_ns_p50":1312396,"iter_ns_p95":3555989,"per_op_ns_p50":1312396,"x_cpu_ticks":1,"errors":0,"pixel_ok":true,"wall":[1790154247.838045,1790154247.896116],"iter_ns":[1372864,2930313,1992709,1268334,1261980,1312396,1310990,1233959,1221042,1546563,1445886,1254740,3555989,1294740,1346979,1274948,1311146,1268854,1326771,1349219]}
MARK CELL_BEGIN A0118 1790154247.896176
MARK CELL_END A0118 1790154250.438324
CELL {"seq":23,"id":"A0118","group":"A","rw":1200,"rh":2608,"sw":1200,"sh":2608,"ratio":"1x","reuse":1,"batch":16,"residency":"warm","readback":"immediate","iters":20,"iter_ns_p50":104220521,"iter_ns_p95":113596458,"per_op_ns_p50":6513782,"x_cpu_ticks":136,"errors":0,"pixel_ok":true,"wall":[1790154247.896176,1790154250.438324],"iter_ns":[74830781,78249844,99098907,111756511,104485833,111484948,93753594,113596458,108351042,101760417,104696354,91017864,104220521,103754896,106098906,95046666,105895834,97448281,100663541,108587917]}
MARK CELL_BEGIN A0010 1790154250.438395
MARK CELL_END A0010 1790154250.912686
CELL {"seq":24,"id":"A0010","group":"A","rw":1,"rh":1,"sw":1,"sh":1,"ratio":"1x","reuse":1,"batch":16,"residency":"warm","readback":"immediate","iters":20,"iter_ns_p50":19002760,"iter_ns_p95":23100521,"per_op_ns_p50":1187672,"x_cpu_ticks":10,"errors":0,"pixel_ok":true,"wall":[1790154250.438395,1790154250.912686],"iter_ns":[18269792,21346042,23100521,18422604,21560156,19002760,21980625,20211198,17996927,20412292,18168646,17320261,14816771,18440573,18123073,18891458,21348646,19897605,16249687,20329219]}
MARK CELL_BEGIN A0026 1790154250.912780
MARK CELL_END A0026 1790154250.959845
CELL {"seq":25,"id":"A0026","group":"A","rw":16,"rh":16,"sw":16,"sh":16,"ratio":"1x","reuse":1,"batch":1,"residency":"warm","readback":"delayed","iters":20,"iter_ns_p50":1271667,"iter_ns_p95":2510156,"per_op_ns_p50":1271667,"x_cpu_ticks":1,"errors":0,"pixel_ok":true,"wall":[1790154250.912780,1790154250.959845],"iter_ns":[1527656,1184896,1266094,1159427,1401823,1288437,2337188,2510156,1216979,1129792,1316458,1271667,944480,895781,1136562,1306511,1246719,2236354,1464011,1123281]}
MARK CELL_BEGIN N0000 1790154250.959897
MARK CELL_END N0000 1790154251.137849
CELL {"seq":26,"id":"N0000","group":"N","rw":1024,"rh":1024,"sw":1024,"sh":1024,"ratio":"1x","reuse":1,"batch":1,"residency":"warm","readback":"none","iters":20,"iter_ns_p50":3149636,"iter_ns_p95":5644948,"per_op_ns_p50":3149636,"x_cpu_ticks":6,"errors":0,"pixel_ok":true,"wall":[1790154250.959897,1790154251.137849],"iter_ns":[4048594,3080104,2574844,2515521,2526303,5271771,5644948,2942344,3037708,5387084,3263334,2924063,3149636,3683646,4553177,3196823,2870365,4522031,2582031,2962135]}
MARK CELL_BEGIN A0007 1790154251.137916
MARK CELL_END A0007 1790154251.356792
CELL {"seq":27,"id":"A0007","group":"A","rw":1,"rh":1,"sw":1,"sh":1,"ratio":"1x","reuse":1,"batch":8,"residency":"warm","readback":"immediate","iters":20,"iter_ns_p50":8641250,"iter_ns_p95":12075052,"per_op_ns_p50":1080156,"x_cpu_ticks":4,"errors":0,"pixel_ok":true,"wall":[1790154251.137916,1790154251.356792],"iter_ns":[3617187,7043750,7763698,6240208,8641250,8177084,10871562,8435521,8497813,12075052,8351927,9549948,8606510,10552500,8696094,10970468,11066302,8556562,10897709,9062240]}
MARK CELL_BEGIN B0171 1790154251.356864
MARK CELL_END B0171 1790154251.412333
CELL {"seq":28,"id":"B0171","group":"B","rw":64,"rh":64,"sw":64,"sh":64,"ratio":"1x","reuse":4,"batch":1,"residency":"warm","readback":"none","iters":20,"iter_ns_p50":1227813,"iter_ns_p95":3000417,"per_op_ns_p50":1227813,"x_cpu_ticks":2,"errors":0,"pixel_ok":true,"wall":[1790154251.356864,1790154251.412333],"iter_ns":[3000417,1116563,1060000,1071562,1029688,1048594,2098490,1323854,1061614,1227813,992291,1110886,1197292,1320469,1282239,1254947,1709739,1104896,2412813,1698958]}
MARK CELL_BEGIN B0161 1790154251.412417
MARK CELL_END B0161 1790154251.537194
CELL {"seq":29,"id":"B0161","group":"B","rw":32,"rh":32,"sw":1200,"sh":2191,"ratio":"redirected","reuse":1,"batch":1,"residency":"warm","readback":"none","iters":20,"iter_ns_p50":1000052,"iter_ns_p95":2341458,"per_op_ns_p50":1000052,"x_cpu_ticks":4,"errors":0,"pixel_ok":true,"wall":[1790154251.412417,1790154251.537194],"iter_ns":[1058854,1000052,1810781,1295833,797135,889167,712865,1018958,1012395,1007708,992709,1007291,998645,999063,996823,991094,829218,871407,2341458,1111562]}
MARK CELL_BEGIN C0233 1790154251.537245
MARK CELL_END C0233 1790154252.380968
CELL {"seq":30,"id":"C0233","group":"C","rw":1,"rh":1,"sw":2,"sh":2,"ratio":"4x","reuse":16,"batch":16,"residency":"warm","readback":"none","iters":20,"iter_ns_p50":21473437,"iter_ns_p95":86437760,"per_op_ns_p50":1342089,"x_cpu_ticks":15,"errors":0,"pixel_ok":true,"wall":[1790154251.537245,1790154252.380968],"iter_ns":[10481666,8664427,10718073,12679323,7509010,58073333,77312343,58821146,75146094,80114896,69798073,76923229,86437760,18836875,16411042,21399895,23293802,21473437,18043334,20088958]}
MARK CELL_BEGIN A0040 1790154252.381145
MARK CELL_END A0040 1790154252.519037
CELL {"seq":31,"id":"A0040","group":"A","rw":32,"rh":32,"sw":32,"sh":32,"ratio":"1x","reuse":1,"batch":4,"residency":"warm","readback":"immediate","iters":20,"iter_ns_p50":4639219,"iter_ns_p95":7981823,"per_op_ns_p50":1159804,"x_cpu_ticks":3,"errors":0,"pixel_ok":true,"wall":[1790154252.381145,1790154252.519037],"iter_ns":[5882396,4639219,4563854,5109687,3896458,3470573,5144844,3794531,3775000,4619323,6602708,4577813,4767291,5840208,7981823,4491303,7568646,4566302,4504948,7594166]}
MARK CELL_BEGIN A0025 1790154252.519129
MARK CELL_END A0025 1790154252.571452
CELL {"seq":32,"id":"A0025","group":"A","rw":16,"rh":16,"sw":16,"sh":16,"ratio":"1x","reuse":1,"batch":1,"residency":"warm","readback":"immediate","iters":20,"iter_ns_p50":1327136,"iter_ns_p95":3407812,"per_op_ns_p50":1327136,"x_cpu_ticks":0,"errors":0,"pixel_ok":true,"wall":[1790154252.519129,1790154252.571452],"iter_ns":[2671719,2047604,1199167,1385990,1406771,1424167,1264427,1303125,1528802,1643333,3407812,1213490,1263698,1236771,1173229,1173803,1226823,1327136,1208021,1340625]}
MARK CELL_BEGIN A0032 1790154252.571498
MARK CELL_END A0032 1790154252.815747
CELL {"seq":33,"id":"A0032","group":"A","rw":16,"rh":16,"sw":16,"sh":16,"ratio":"1x","reuse":1,"batch":8,"residency":"warm","readback":"delayed","iters":20,"iter_ns_p50":9910416,"iter_ns_p95":12997083,"per_op_ns_p50":1238802,"x_cpu_ticks":5,"errors":0,"pixel_ok":true,"wall":[1790154252.571498,1790154252.815747],"iter_ns":[10587344,9688437,8441459,9961042,10042136,12997083,10893333,8751250,9391615,10894271,11015937,9904428,6754427,8218177,6508907,9910416,8987708,10759375,8777344,10138750]}
MARK CELL_BEGIN A0074 1790154252.815819
MARK CELL_END A0074 1790154252.861882
CELL {"seq":34,"id":"A0074","group":"A","rw":256,"rh":256,"sw":256,"sh":256,"ratio":"1x","reuse":1,"batch":1,"residency":"warm","readback":"delayed","iters":20,"iter_ns_p50":1096511,"iter_ns_p95":1872344,"per_op_ns_p50":1096511,"x_cpu_ticks":2,"errors":0,"pixel_ok":true,"wall":[1790154252.815819,1790154252.861882],"iter_ns":[1401198,1278854,1246250,1222865,1158802,1086875,1089271,1501719,1096511,1872344,1721355,694636,664063,954583,923698,1315938,910729,891927,887084,657448]}
MARK CELL_BEGIN A0005 1790154252.861922
MARK CELL_END A0005 1790154252.941484
CELL {"seq":35,"id":"A0005","group":"A","rw":1,"rh":1,"sw":1,"sh":1,"ratio":"1x","reuse":1,"batch":4,"residency":"warm","readback":"delayed","iters":20,"iter_ns_p50":3344479,"iter_ns_p95":8188281,"per_op_ns_p50":836119,"x_cpu_ticks":2,"errors":0,"pixel_ok":true,"wall":[1790154252.861922,1790154252.941484],"iter_ns":[1333542,1319115,1335938,1334375,2168072,2217344,4056667,2428177,3396355,1536042,1347084,2954843,4756979,3636979,3344479,3615364,3616562,8188281,3716355,3444844]}
MARK CELL_BEGIN A0126 1790154252.941547
MARK CELL_END A0126 1790154254.581361
CELL {"seq":36,"id":"A0126","group":"A","rw":3440,"rh":1440,"sw":3440,"sh":1440,"ratio":"1x","reuse":1,"batch":8,"residency":"warm","readback":"none","iters":20,"iter_ns_p50":67001146,"iter_ns_p95":72368229,"per_op_ns_p50":8375143,"x_cpu_ticks":82,"errors":0,"pixel_ok":true,"wall":[1790154252.941547,1790154254.581361],"iter_ns":[72368229,58821822,68842084,69464948,67523698,67153958,68350416,67001146,62103958,67586562,70030885,69217136,59483437,46789010,66684219,47494063,42443333,40860417,42579375,39600364]}
MARK CELL_BEGIN B0180 1790154254.581449
MARK CELL_END B0180 1790154254.609132
CELL {"seq":37,"id":"B0180","group":"B","rw":128,"rh":128,"sw":128,"sh":128,"ratio":"1x","reuse":4,"batch":1,"residency":"warm","readback":"none","iters":20,"iter_ns_p50":388333,"iter_ns_p95":1618437,"per_op_ns_p50":388333,"x_cpu_ticks":1,"errors":0,"pixel_ok":true,"wall":[1790154254.581449,1790154254.609132],"iter_ns":[1618437,1575364,1088750,388333,393802,638906,636042,371510,381823,386980,382969,417031,379323,381927,375261,387396,378854,389687,382136,406094]}
MARK CELL_BEGIN A0059 1790154254.609166
MARK CELL_END A0059 1790154254.939069
CELL {"seq":38,"id":"A0059","group":"A","rw":64,"rh":64,"sw":64,"sh":64,"ratio":"1x","reuse":1,"batch":16,"residency":"warm","readback":"delayed","iters":20,"iter_ns_p50":15391823,"iter_ns_p95":19223229,"per_op_ns_p50":961988,"x_cpu_ticks":6,"errors":0,"pixel_ok":true,"wall":[1790154254.609166,1790154254.939069],"iter_ns":[10265417,13960834,15391823,14870052,15830521,17383073,13099167,13988490,13988698,15615000,13970677,15825313,19223229,18922500,18637240,15505417,18533854,8715937,8912500,8400261]}
MARK CELL_BEGIN C0232 1790154254.939100
MARK CELL_END C0232 1790154258.271838
CELL {"seq":39,"id":"C0232","group":"C","rw":1200,"rh":2608,"sw":1200,"sh":2608,"ratio":"1x","reuse":1,"batch":16,"residency":"cold","readback":"delayed","iters":20,"iter_ns_p50":86656094,"iter_ns_p95":103721667,"per_op_ns_p50":5416005,"x_cpu_ticks":193,"errors":0,"pixel_ok":true,"wall":[1790154254.939100,1790154258.271838],"iter_ns":[86656094,88111354,90022968,82840000,79206511,94417083,80812188,99322448,89883438,67608073,84246198,88141615,75765521,80775312,100914062,103721667,83599740,83168282,88047604,82440833]}
MARK CELL_BEGIN B0181 1790154258.271906
MARK CELL_END B0181 1790154258.371822
CELL {"seq":40,"id":"B0181","group":"B","rw":128,"rh":128,"sw":128,"sh":128,"ratio":"1x","reuse":16,"batch":1,"residency":"warm","readback":"none","iters":20,"iter_ns_p50":1586980,"iter_ns_p95":9576719,"per_op_ns_p50":1586980,"x_cpu_ticks":2,"errors":0,"pixel_ok":true,"wall":[1790154258.271906,1790154258.371822],"iter_ns":[1581562,1586980,1428177,1555052,1553906,7897812,2278229,7128802,3001354,7307448,8109688,9576719,9413645,2072343,1347500,1087396,1160572,1180105,1097917,1088281]}
MARK CELL_BEGIN B0201 1790154258.371871
MARK CELL_END B0201 1790154258.503718
CELL {"seq":41,"id":"B0201","group":"B","rw":512,"rh":512,"sw":512,"sh":512,"ratio":"1x","reuse":1,"batch":1,"residency":"cold","readback":"none","iters":20,"iter_ns_p50":3062292,"iter_ns_p95":3883334,"per_op_ns_p50":3062292,"x_cpu_ticks":6,"errors":0,"pixel_ok":true,"wall":[1790154258.371871,1790154258.503718],"iter_ns":[3876250,3206667,3179843,3865781,2933854,3870886,2793698,2388959,2538490,3403958,2904791,2744896,3687135,2692917,2656407,2673438,3712135,2829792,3062292,3883334]}
MARK CELL_BEGIN B0190 1790154258.503751
MARK CELL_END B0190 1790154258.629663
CELL {"seq":42,"id":"B0190","group":"B","rw":256,"rh":256,"sw":256,"sh":256,"ratio":"1x","reuse":16,"batch":1,"residency":"warm","readback":"none","iters":20,"iter_ns_p50":2694271,"iter_ns_p95":11179792,"per_op_ns_p50":2694271,"x_cpu_ticks":4,"errors":0,"pixel_ok":true,"wall":[1790154258.503751,1790154258.629663],"iter_ns":[2502135,3166927,2357396,2694271,2177344,8219428,9546354,8427239,4373125,8194010,9019792,8748437,11179792,1313698,1149062,1321198,2569219,1676458,1280000,1150156]}
MARK CELL_BEGIN B0205 1790154258.629724
MARK CELL_END B0205 1790154258.974786
CELL {"seq":43,"id":"B0205","group":"B","rw":1024,"rh":1024,"sw":4096,"sh":4096,"ratio":"16x","reuse":1,"batch":1,"residency":"warm","readback":"none","iters":20,"iter_ns_p50":2115156,"iter_ns_p95":3468802,"per_op_ns_p50":2115156,"x_cpu_ticks":12,"errors":0,"pixel_ok":true,"wall":[1790154258.629724,1790154258.974786],"iter_ns":[2511927,3468802,2050990,1758281,2057448,1809792,1749947,2487760,1894479,1774323,2208333,1887292,2115156,1918229,1979219,2263281,2964062,2298594,2723438,2520521]}
MARK CELL_BEGIN B0154 1790154258.974849
MARK CELL_END B0154 1790154259.074020
CELL {"seq":44,"id":"B0154","group":"B","rw":16,"rh":16,"sw":16,"sh":16,"ratio":"1x","reuse":16,"batch":1,"residency":"warm","readback":"none","iters":20,"iter_ns_p50":2526355,"iter_ns_p95":8506771,"per_op_ns_p50":2526355,"x_cpu_ticks":2,"errors":0,"pixel_ok":true,"wall":[1790154258.974849,1790154259.074020],"iter_ns":[2606406,2233906,1874584,2526355,1715208,6914062,7217187,8017604,3517708,7846927,2628333,7605573,8506771,1245677,960364,1386563,1405990,2106042,916979,1189740]}
MARK CELL_BEGIN A0131 1790154259.074093
MARK CELL_END A0131 1790154262.483804
CELL {"seq":45,"id":"A0131","group":"A","rw":3440,"rh":1440,"sw":3440,"sh":1440,"ratio":"1x","reuse":1,"batch":16,"residency":"warm","readback":"delayed","iters":20,"iter_ns_p50":139151614,"iter_ns_p95":161192604,"per_op_ns_p50":8696975,"x_cpu_ticks":182,"errors":0,"pixel_ok":true,"wall":[1790154259.074093,1790154262.483804],"iter_ns":[137817448,134602760,128610364,137916510,120529479,139698490,139890365,157473334,136312083,135145468,139205156,137679427,145884479,144847396,139151614,161192604,121752500,136791459,148137552,145409532]}
MARK CELL_BEGIN A0127 1790154262.483864
MARK CELL_END A0127 1790154264.411050
CELL {"seq":46,"id":"A0127","group":"A","rw":3440,"rh":1440,"sw":3440,"sh":1440,"ratio":"1x","reuse":1,"batch":8,"residency":"warm","readback":"immediate","iters":20,"iter_ns_p50":73506719,"iter_ns_p95":87555416,"per_op_ns_p50":9188339,"x_cpu_ticks":109,"errors":0,"pixel_ok":true,"wall":[1790154262.483864,1790154264.411050],"iter_ns":[69028021,74423593,67794896,66036093,72465000,74686093,71141615,71950104,70625886,79491615,73506719,76292344,79932604,87555416,62512396,83558229,63334375,72618646,83272969,77352656]}
MARK CELL_BEGIN C0230 1790154264.411149
MARK CELL_END C0230 1790154265.147326
CELL {"seq":47,"id":"C0230","group":"C","rw":16,"rh":16,"sw":64,"sh":64,"ratio":"16x","reuse":64,"batch":8,"residency":"warm","readback":"delayed","iters":20,"iter_ns_p50":41950782,"iter_ns_p95":60550417,"per_op_ns_p50":5243847,"x_cpu_ticks":14,"errors":0,"pixel_ok":true,"wall":[1790154264.411149,1790154265.147326],"iter_ns":[7467448,7137969,10116093,7544688,8854636,42210573,42813906,55272291,27207656,29033333,35281719,42475677,50339792,41950782,46792136,60550417,34908073,44155781,32245521,46566198]}
MARK CELL_BEGIN A0028 1790154265.147379
MARK CELL_END A0028 1790154265.276963
CELL {"seq":48,"id":"A0028","group":"A","rw":16,"rh":16,"sw":16,"sh":16,"ratio":"1x","reuse":1,"batch":4,"residency":"warm","readback":"immediate","iters":20,"iter_ns_p50":4261458,"iter_ns_p95":9604323,"per_op_ns_p50":1065364,"x_cpu_ticks":2,"errors":0,"pixel_ok":true,"wall":[1790154265.147379,1790154265.276963],"iter_ns":[3813386,6745260,4207917,3812344,6571250,3659687,4191615,4253385,5785260,3619115,4226198,9604323,4493490,4599843,6142343,4261458,4017656,6724636,4726094,4092448]}
MARK CELL_BEGIN B0187 1790154265.277027
MARK CELL_END B0187 1790154265.342358
CELL {"seq":49,"id":"B0187","group":"B","rw":256,"rh":256,"sw":1024,"sh":1024,"ratio":"16x","reuse":1,"batch":1,"residency":"warm","readback":"none","iters":20,"iter_ns_p50":1191042,"iter_ns_p95":2992448,"per_op_ns_p50":1191042,"x_cpu_ticks":2,"errors":0,"pixel_ok":true,"wall":[1790154265.277027,1790154265.342358],"iter_ns":[1071146,1033958,1017708,1077031,2009636,1309740,1085469,1040416,1050625,1056302,1063385,1079427,1191042,1376771,1247396,1247136,1540156,2992448,2182917,1599270]}
MARK CELL_BEGIN A0094 1790154265.342420
MARK CELL_END A0094 1790154266.015142
CELL {"seq":50,"id":"A0094","group":"A","rw":512,"rh":512,"sw":512,"sh":512,"ratio":"1x","reuse":1,"batch":16,"residency":"warm","readback":"immediate","iters":20,"iter_ns_p50":27362552,"iter_ns_p95":29463594,"per_op_ns_p50":1710159,"x_cpu_ticks":22,"errors":0,"pixel_ok":true,"wall":[1790154265.342420,1790154266.015142],"iter_ns":[27354271,27927032,27638490,27710937,28176928,28757865,25603959,26509427,29463594,27362552,29257396,24184375,25654427,27754271,24770937,27097032,28629636,23032656,24742917,26570573]}
MARK CELL_BEGIN B0193 1790154266.015252
MARK CELL_END B0193 1790154266.108981
CELL {"seq":51,"id":"B0193","group":"B","rw":256,"rh":256,"sw":256,"sh":256,"ratio":"1x","reuse":1,"batch":1,"residency":"resize","readback":"none","iters":20,"iter_ns_p50":3224167,"iter_ns_p95":5969479,"per_op_ns_p50":3224167,"x_cpu_ticks":3,"errors":0,"pixel_ok":true,"wall":[1790154266.015252,1790154266.108981],"iter_ns":[4750886,4449427,2914166,3224167,3872291,5969479,3510729,3392813,3035364,4772552,2663802,2735156,2763959,2823385,4738073,2686666,2500677,2882708,3750157,3048906]}
MARK CELL_BEGIN N0000 1790154266.109028
MARK CELL_END N0000 1790154266.214998
CELL {"seq":52,"id":"N0000","group":"N","rw":1024,"rh":1024,"sw":1024,"sh":1024,"ratio":"1x","reuse":1,"batch":1,"residency":"warm","readback":"none","iters":20,"iter_ns_p50":2553542,"iter_ns_p95":3960729,"per_op_ns_p50":2553542,"x_cpu_ticks":4,"errors":0,"pixel_ok":true,"wall":[1790154266.109028,1790154266.214998],"iter_ns":[1863594,2760104,1876719,1895781,1848021,2248438,2517708,2300573,2330365,3328229,2024635,2720469,2556927,2750937,2682500,3960729,2805000,2556614,2487865,2553542]}
MARK CELL_BEGIN A0110 1790154266.215094
MARK CELL_END A0110 1790154266.468686
CELL {"seq":53,"id":"A0110","group":"A","rw":1200,"rh":2608,"sw":1200,"sh":2608,"ratio":"1x","reuse":1,"batch":1,"residency":"warm","readback":"delayed","iters":20,"iter_ns_p50":5670416,"iter_ns_p95":16367448,"per_op_ns_p50":5670416,"x_cpu_ticks":12,"errors":0,"pixel_ok":true,"wall":[1790154266.215094,1790154266.468686],"iter_ns":[5651667,4894375,5014843,4931198,7509583,5648386,7024114,15238906,4977239,12234635,4901615,6145938,5873906,4227448,4778334,16367448,6431823,4720260,5670416,7810260]}
MARK CELL_BEGIN C0254 1790154266.468737
MARK CELL_END C0254 1790154267.793463
CELL {"seq":54,"id":"C0254","group":"C","rw":1200,"rh":2608,"sw":1200,"sh":2608,"ratio":"1x","reuse":1,"batch":1,"residency":"cold","readback":"immediate","iters":20,"iter_ns_p50":17686927,"iter_ns_p95":65267031,"per_op_ns_p50":17686927,"x_cpu_ticks":97,"errors":0,"pixel_ok":true,"wall":[1790154266.468737,1790154267.793463],"iter_ns":[17002916,17263698,15221250,17317657,18002916,20683072,25587187,16340625,65267031,23068177,19669896,17232083,15310417,18305730,16753906,21543646,16959323,17579531,20145365,17686927]}
MARK CELL_BEGIN B0153 1790154267.793528
MARK CELL_END B0153 1790154267.829377
CELL {"seq":55,"id":"B0153","group":"B","rw":16,"rh":16,"sw":16,"sh":16,"ratio":"1x","reuse":4,"batch":1,"residency":"warm","readback":"none","iters":20,"iter_ns_p50":752083,"iter_ns_p95":4610416,"per_op_ns_p50":752083,"x_cpu_ticks":0,"errors":0,"pixel_ok":true,"wall":[1790154267.793528,1790154267.829377],"iter_ns":[1485990,735208,936511,650209,394427,377344,416511,4440886,752083,758281,4610416,725886,411615,681667,666823,627135,784375,1045729,765365,775625]}
MARK CELL_BEGIN A0033 1790154267.829407
MARK CELL_END A0033 1790154268.508244
CELL {"seq":56,"id":"A0033","group":"A","rw":16,"rh":16,"sw":16,"sh":16,"ratio":"1x","reuse":1,"batch":16,"residency":"warm","readback":"none","iters":20,"iter_ns_p50":30724740,"iter_ns_p95":57467812,"per_op_ns_p50":1920296,"x_cpu_ticks":11,"errors":0,"pixel_ok":true,"wall":[1790154267.829407,1790154268.508244],"iter_ns":[8884948,10096355,11159791,20410521,35619636,17432448,29713698,51313855,17857813,30724740,51599688,15752917,51853593,36195000,16170312,55032031,57467812,40019895,46747187,19003542]}
MARK CELL_BEGIN A0014 1790154268.508322
MARK CELL_END A0014 1790154268.557093
CELL {"seq":57,"id":"A0014","group":"A","rw":5,"rh":24,"sw":5,"sh":24,"ratio":"1x","reuse":1,"batch":1,"residency":"warm","readback":"delayed","iters":20,"iter_ns_p50":1212604,"iter_ns_p95":2792760,"per_op_ns_p50":1212604,"x_cpu_ticks":0,"errors":0,"pixel_ok":true,"wall":[1790154268.508322,1790154268.557093],"iter_ns":[1166510,1190573,1150417,1130781,1212604,1178125,1166198,1878542,1203698,2792760,1801354,1145000,1220469,1361145,1253073,1457083,1177760,1183334,1348594,1214167]}
MARK CELL_BEGIN B0150 1790154268.557160
MARK CELL_END B0150 1790154268.605379
CELL {"seq":58,"id":"B0150","group":"B","rw":16,"rh":16,"sw":32,"sh":32,"ratio":"4x","reuse":1,"batch":1,"residency":"warm","readback":"none","iters":20,"iter_ns_p50":1259115,"iter_ns_p95":2124532,"per_op_ns_p50":1259115,"x_cpu_ticks":0,"errors":0,"pixel_ok":true,"wall":[1790154268.557160,1790154268.605379],"iter_ns":[1204635,1241563,1157291,1259115,1307083,1466302,1183594,1212032,1735729,2124532,1313437,1107187,1090208,1214271,1137395,990208,1331198,1262396,1284635,1449948]}
MARK CELL_BEGIN B0140 1790154268.605439
MARK CELL_END B0140 1790154268.738321
CELL {"seq":59,"id":"B0140","group":"B","rw":1,"rh":1,"sw":1,"sh":1,"ratio":"1x","reuse":1,"batch":1,"residency":"recreate","readback":"none","iters":20,"iter_ns_p50":4882031,"iter_ns_p95":7727864,"per_op_ns_p50":4882031,"x_cpu_ticks":4,"errors":0,"pixel_ok":true,"wall":[1790154268.605439,1790154268.738321],"iter_ns":[4882031,5329844,6783333,4578333,4808646,7727864,4823958,5627032,4663802,5016875,6996146,4829531,4489375,4767917,5550729,3483229,6397136,7403854,4683594,3969635]}
MARK CELL_BEGIN B0194 1790154268.738369
MARK CELL_END B0194 1790154268.814794
CELL {"seq":60,"id":"B0194","group":"B","rw":256,"rh":256,"sw":256,"sh":256,"ratio":"1x","reuse":1,"batch":1,"residency":"recreate","readback":"none","iters":20,"iter_ns_p50":2649115,"iter_ns_p95":4530782,"per_op_ns_p50":2649115,"x_cpu_ticks":2,"errors":0,"pixel_ok":true,"wall":[1790154268.738369,1790154268.814794],"iter_ns":[2933125,2993489,2837395,4530782,2706666,2603541,2547344,2649115,2791666,3941562,2452864,2433750,2421927,2486198,2485313,4158907,2746146,2509114,2424531,2496458]}
MARK CELL_BEGIN A0109 1790154268.814829
MARK CELL_END A0109 1790154269.218876
CELL {"seq":61,"id":"A0109","group":"A","rw":1200,"rh":2608,"sw":1200,"sh":2608,"ratio":"1x","reuse":1,"batch":1,"residency":"warm","readback":"immediate","iters":20,"iter_ns_p50":7896510,"iter_ns_p95":41119322,"per_op_ns_p50":7896510,"x_cpu_ticks":29,"errors":0,"pixel_ok":true,"wall":[1790154268.814829,1790154269.218876],"iter_ns":[7287344,7367812,22166979,7819375,18378542,7447448,6313177,6911719,7288698,7865052,7128854,9105052,41119322,8629792,38967136,7896510,8592083,8505156,7143750,14549063]}
MARK CELL_BEGIN B0132 1790154269.218941
MARK CELL_END B0132 1790154269.239878
CELL {"seq":62,"id":"B0132","group":"B","rw":1,"rh":1,"sw":2,"sh":2,"ratio":"4x","reuse":1,"batch":1,"residency":"warm","readback":"none","iters":20,"iter_ns_p50":429271,"iter_ns_p95":1776823,"per_op_ns_p50":429271,"x_cpu_ticks":1,"errors":0,"pixel_ok":true,"wall":[1790154269.218941,1790154269.239878],"iter_ns":[377656,367500,374687,361615,364948,369844,362657,377865,404375,790938,1776823,674323,429271,1001094,658021,958333,635468,421197,634375,909375]}
MARK CELL_BEGIN A0049 1790154269.239903
MARK CELL_END A0049 1790154269.274336
CELL {"seq":63,"id":"A0049","group":"A","rw":64,"rh":64,"sw":64,"sh":64,"ratio":"1x","reuse":1,"batch":1,"residency":"warm","readback":"immediate","iters":20,"iter_ns_p50":990052,"iter_ns_p95":2887240,"per_op_ns_p50":990052,"x_cpu_ticks":0,"errors":0,"pixel_ok":true,"wall":[1790154269.239903,1790154269.274336],"iter_ns":[1077136,2036198,705208,765000,1046406,978437,730052,1011198,965677,750417,1004948,990052,717343,1010885,985833,753073,1205886,2887240,1487604,964844]}
MARK CELL_BEGIN B0209 1790154269.274404
MARK CELL_END B0209 1790154269.687907
CELL {"seq":64,"id":"B0209","group":"B","rw":1024,"rh":1024,"sw":1024,"sh":1024,"ratio":"1x","reuse":1,"batch":1,"residency":"cold","readback":"none","iters":20,"iter_ns_p50":5996094,"iter_ns_p95":6794583,"per_op_ns_p50":5996094,"x_cpu_ticks":25,"errors":0,"pixel_ok":true,"wall":[1790154269.274404,1790154269.687907],"iter_ns":[6217969,5997239,6159115,6198489,6229167,6133385,5996094,5120052,5065417,4953802,5252292,6794583,5211250,5148334,5366041,5570209,6303125,4937604,6010105,5119740]}
MARK CELL_BEGIN A0057 1790154269.687953
MARK CELL_END A0057 1790154269.997745
CELL {"seq":65,"id":"A0057","group":"A","rw":64,"rh":64,"sw":64,"sh":64,"ratio":"1x","reuse":1,"batch":16,"residency":"warm","readback":"none","iters":20,"iter_ns_p50":11881719,"iter_ns_p95":29138021,"per_op_ns_p50":742607,"x_cpu_ticks":4,"errors":0,"pixel_ok":true,"wall":[1790154269.687953,1790154269.997745],"iter_ns":[29138021,7402656,11881719,21632761,7792396,6652083,7460781,6842969,8175833,6692240,9488802,8037500,13328073,14820104,16442968,11695313,18020781,15016250,15713385,21052656]}
MARK CELL_BEGIN A0000 1790154269.997816
MARK CELL_END A0000 1790154270.039583
CELL {"seq":66,"id":"A0000","group":"A","rw":1,"rh":1,"sw":1,"sh":1,"ratio":"1x","reuse":1,"batch":1,"residency":"warm","readback":"none","iters":20,"iter_ns_p50":1138959,"iter_ns_p95":2834531,"per_op_ns_p50":1138959,"x_cpu_ticks":1,"errors":0,"pixel_ok":true,"wall":[1790154269.997816,1790154270.039583],"iter_ns":[1133541,1159739,1170572,2108542,968802,1307916,1138959,942187,1135313,1164270,835313,915469,1170156,888854,1181823,911354,1171250,922135,2834531,967552]}
MARK CELL_BEGIN B0135 1790154270.039640
MARK CELL_END B0135 1790154270.092248
CELL {"seq":67,"id":"B0135","group":"B","rw":1,"rh":1,"sw":1,"sh":1,"ratio":"1x","reuse":4,"batch":1,"residency":"warm","readback":"none","iters":20,"iter_ns_p50":1168229,"iter_ns_p95":3390053,"per_op_ns_p50":1168229,"x_cpu_ticks":1,"errors":0,"pixel_ok":true,"wall":[1790154270.039640,1790154270.092248],"iter_ns":[3262812,1530313,1445208,1243281,2437500,2126407,1105677,1147135,1087761,1129843,1099636,1051823,1181094,1097656,1089166,1323125,961407,3390053,1168229,1115781]}
MARK CELL_BEGIN A0013 1790154270.092309
MARK CELL_END A0013 1790154270.134823
CELL {"seq":68,"id":"A0013","group":"A","rw":5,"rh":24,"sw":5,"sh":24,"ratio":"1x","reuse":1,"batch":1,"residency":"warm","readback":"immediate","iters":20,"iter_ns_p50":1101354,"iter_ns_p95":2098490,"per_op_ns_p50":1101354,"x_cpu_ticks":1,"errors":0,"pixel_ok":true,"wall":[1790154270.092309,1790154270.134823],"iter_ns":[1022396,1170989,1050364,1007708,1053438,1009271,1045417,1121615,1048386,1034948,2098490,1696510,1136771,1155885,1343802,1131146,1099062,1091875,1101354,1214844]}
MARK CELL_BEGIN C0249 1790154270.134887
MARK CELL_END C0249 1790154270.406384
CELL {"seq":69,"id":"C0249","group":"C","rw":64,"rh":64,"sw":256,"sh":256,"ratio":"16x","reuse":1,"batch":8,"residency":"resize","readback":"delayed","iters":20,"iter_ns_p50":11223958,"iter_ns_p95":14825000,"per_op_ns_p50":1402994,"x_cpu_ticks":6,"errors":0,"pixel_ok":true,"wall":[1790154270.134887,1790154270.406384],"iter_ns":[11106198,14825000,12953698,9324792,10620313,11030313,8706198,11573750,9766302,11245729,11233281,9204219,10535104,11223958,9795625,12963698,11534635,9740938,11410989,11488333]}
MARK CELL_BEGIN A0022 1790154270.406444
MARK CELL_END A0022 1790154270.806811
CELL {"seq":70,"id":"A0022","group":"A","rw":5,"rh":24,"sw":5,"sh":24,"ratio":"1x","reuse":1,"batch":16,"residency":"warm","readback":"immediate","iters":20,"iter_ns_p50":15838542,"iter_ns_p95":22771094,"per_op_ns_p50":989908,"x_cpu_ticks":8,"errors":0,"pixel_ok":true,"wall":[1790154270.406444,1790154270.806811],"iter_ns":[15838542,21032500,21370990,18475313,18490156,15659167,19233698,15907813,20919271,22771094,18119687,12593698,14311250,15407656,15591667,15332344,10372969,9139167,11957656,11280469]}
MARK CELL_BEGIN A0048 1790154270.806877
MARK CELL_END A0048 1790154270.843406
CELL {"seq":71,"id":"A0048","group":"A","rw":64,"rh":64,"sw":64,"sh":64,"ratio":"1x","reuse":1,"batch":1,"residency":"warm","readback":"none","iters":20,"iter_ns_p50":1059427,"iter_ns_p95":1991302,"per_op_ns_p50":1059427,"x_cpu_ticks":0,"errors":0,"pixel_ok":true,"wall":[1790154270.806877,1790154270.843406],"iter_ns":[1043906,1059427,1044635,1006666,1044427,819479,1038229,1026145,1005573,1061302,1086354,1991302,1328750,1084166,1116354,1078438,1088021,1074479,872292,1058698]}
MARK CELL_BEGIN A0121 1790154270.843474
MARK CELL_END A0121 1790154271.433117
CELL {"seq":72,"id":"A0121","group":"A","rw":3440,"rh":1440,"sw":3440,"sh":1440,"ratio":"1x","reuse":1,"batch":1,"residency":"warm","readback":"immediate","iters":20,"iter_ns_p50":12413490,"iter_ns_p95":50271250,"per_op_ns_p50":12413490,"x_cpu_ticks":39,"errors":0,"pixel_ok":true,"wall":[1790154270.843474,1790154271.433117],"iter_ns":[10105573,23245364,29685209,10825729,11188125,9822552,12284896,41648177,11113333,17037656,12810677,17061146,10931562,9685781,45830625,10335730,9752187,50271250,12413490,13296510]}
MARK CELL_BEGIN B0199 1790154271.433174
MARK CELL_END B0199 1790154271.671345
CELL {"seq":73,"id":"B0199","group":"B","rw":512,"rh":512,"sw":512,"sh":512,"ratio":"1x","reuse":16,"batch":1,"residency":"warm","readback":"none","iters":20,"iter_ns_p50":4051719,"iter_ns_p95":21041094,"per_op_ns_p50":4051719,"x_cpu_ticks":13,"errors":0,"pixel_ok":true,"wall":[1790154271.433174,1790154271.671345],"iter_ns":[2614948,2428542,2315104,5658334,2573958,13393854,14158333,18726875,19520885,21041094,20370573,20492448,18915625,2953385,1832083,1950469,1593698,4051719,1700052,1824583]}
MARK CELL_BEGIN B0176 1790154271.671393
MARK CELL_END B0176 1790154271.748167
CELL {"seq":74,"id":"B0176","group":"B","rw":64,"rh":64,"sw":64,"sh":64,"ratio":"1x","reuse":1,"batch":1,"residency":"recreate","readback":"none","iters":20,"iter_ns_p50":2710573,"iter_ns_p95":5539896,"per_op_ns_p50":2710573,"x_cpu_ticks":2,"errors":0,"pixel_ok":true,"wall":[1790154271.671393,1790154271.748167],"iter_ns":[2658438,2670105,2753125,2981302,4012396,2710573,2803750,2553021,2971407,3576250,2536667,5539896,2671823,2906406,3425313,2370052,2309635,2298698,2436094,2424010]}
MARK CELL_BEGIN C0243 1790154271.748199
MARK CELL_END C0243 1790154271.857366
CELL {"seq":75,"id":"C0243","group":"C","rw":1,"rh":1,"sw":1200,"sh":2191,"ratio":"redirected","reuse":1,"batch":4,"residency":"resize","readback":"delayed","iters":20,"iter_ns_p50":3152500,"iter_ns_p95":4851094,"per_op_ns_p50":788125,"x_cpu_ticks":3,"errors":0,"pixel_ok":true,"wall":[1790154271.748199,1790154271.857366],"iter_ns":[3633333,4851094,3733855,2722917,3582344,4093020,2585000,3152500,2498021,3683073,4008802,2598489,2588646,2708855,3688073,4250261,2354739,2274635,2247343,2249896]}
MARK CELL_BEGIN A0117 1790154271.857416
MARK CELL_END A0117 1790154274.222258
CELL {"seq":76,"id":"A0117","group":"A","rw":1200,"rh":2608,"sw":1200,"sh":2608,"ratio":"1x","reuse":1,"batch":16,"residency":"warm","readback":"none","iters":20,"iter_ns_p50":96254792,"iter_ns_p95":111007708,"per_op_ns_p50":6015924,"x_cpu_ticks":118,"errors":0,"pixel_ok":true,"wall":[1790154271.857416,1790154274.222258],"iter_ns":[98442864,94831511,100910468,95865052,90252447,96457395,111007708,93606771,96254792,105470729,93257708,70383958,90463490,100272760,96271927,105011666,99543594,79612031,92917657,89204896]}
MARK CELL_BEGIN A0008 1790154274.222352
MARK CELL_END A0008 1790154274.388109
CELL {"seq":77,"id":"A0008","group":"A","rw":1,"rh":1,"sw":1,"sh":1,"ratio":"1x","reuse":1,"batch":8,"residency":"warm","readback":"delayed","iters":20,"iter_ns_p50":6241250,"iter_ns_p95":9558958,"per_op_ns_p50":780156,"x_cpu_ticks":2,"errors":0,"pixel_ok":true,"wall":[1790154274.222352,1790154274.388109],"iter_ns":[3635104,6663073,5838282,3102760,3250886,7377552,5328334,6570937,5792604,9558958,5778385,6589167,6241250,8536875,5538906,6045104,6031250,7647344,8439219,6313385]}
MARK CELL_BEGIN N0000 1790154274.388173
MARK CELL_END N0000 1790154274.503324
CELL {"seq":78,"id":"N0000","group":"N","rw":1024,"rh":1024,"sw":1024,"sh":1024,"ratio":"1x","reuse":1,"batch":1,"residency":"warm","readback":"none","iters":20,"iter_ns_p50":2771198,"iter_ns_p95":4164739,"per_op_ns_p50":2771198,"x_cpu_ticks":4,"errors":0,"pixel_ok":true,"wall":[1790154274.388173,1790154274.503324],"iter_ns":[2709011,2595469,2502604,3166615,2198802,2613906,2539323,2616667,2843802,4164739,2884323,2596146,2771198,2838437,2675937,3746042,2866875,2678281,2900781,3097865]}
MARK CELL_BEGIN B0213 1790154274.503388
MARK CELL_END B0213 1790154274.760669
CELL {"seq":79,"id":"B0213","group":"B","rw":1200,"rh":2608,"sw":1200,"sh":2608,"ratio":"redirected","reuse":1,"batch":1,"residency":"warm","readback":"none","iters":20,"iter_ns_p50":6498750,"iter_ns_p95":11914739,"per_op_ns_p50":6498750,"x_cpu_ticks":10,"errors":0,"pixel_ok":true,"wall":[1790154274.503388,1790154274.760669],"iter_ns":[3446302,5533698,5089166,5155625,5540834,7195677,6091355,11914739,6608490,7007604,6023854,7454687,6079323,6498750,7472812,6654219,7399114,6131770,6414948,7613281]}
MARK CELL_BEGIN A0102 1790154274.760708
MARK CELL_END A0102 1790154275.365751
CELL {"seq":80,"id":"A0102","group":"A","rw":1024,"rh":1024,"sw":1024,"sh":1024,"ratio":"1x","reuse":1,"batch":8,"residency":"warm","readback":"none","iters":20,"iter_ns_p50":23268438,"iter_ns_p95":26108281,"per_op_ns_p50":2908554,"x_cpu_ticks":24,"errors":0,"pixel_ok":true,"wall":[1790154274.760708,1790154275.365751],"iter_ns":[23374740,21216146,21151510,23192344,23773959,23833854,22600105,21184062,23772917,26105521,24509480,22803958,22432968,26108281,23745886,23268438,20580729,20724115,22391563,24125469]}
MARK CELL_BEGIN B0174 1790154275.365816
MARK CELL_END B0174 1790154275.474391
CELL {"seq":81,"id":"B0174","group":"B","rw":64,"rh":64,"sw":64,"sh":64,"ratio":"1x","reuse":1,"batch":1,"residency":"cold","readback":"none","iters":20,"iter_ns_p50":2515937,"iter_ns_p95":6976146,"per_op_ns_p50":2515937,"x_cpu_ticks":4,"errors":0,"pixel_ok":true,"wall":[1790154275.365816,1790154275.474391],"iter_ns":[2982084,4403021,6976146,4714375,2693906,2811406,4054948,2515937,2380834,2448958,3407605,2280781,2244636,2347552,2458281,2921822,2009427,2048802,2042188,2113229]}
MARK CELL_BEGIN A0069 1790154275.474424
MARK CELL_END A0069 1790154275.935461
CELL {"seq":82,"id":"A0069","group":"A","rw":128,"rh":128,"sw":128,"sh":128,"ratio":"1x","reuse":1,"batch":16,"residency":"warm","readback":"none","iters":20,"iter_ns_p50":18659896,"iter_ns_p95":24293386,"per_op_ns_p50":1166243,"x_cpu_ticks":8,"errors":0,"pixel_ok":true,"wall":[1790154275.474424,1790154275.935461],"iter_ns":[19429271,18610521,16703437,22638750,20262240,18195989,17932187,19222292,21152188,18518072,20841041,16122656,24293386,17701771,15015209,18965052,14828958,23183594,18659896,18572291]}
MARK CELL_BEGIN C0257 1790154275.935585
MARK CELL_END C0257 1790154276.036799
CELL {"seq":83,"id":"C0257","group":"C","rw":64,"rh":64,"sw":256,"sh":256,"ratio":"16x","reuse":1,"batch":1,"residency":"cold","readback":"immediate","iters":20,"iter_ns_p50":2524792,"iter_ns_p95":6029636,"per_op_ns_p50":2524792,"x_cpu_ticks":3,"errors":0,"pixel_ok":true,"wall":[1790154275.935585,1790154276.036799],"iter_ns":[2897240,3618594,2376406,2249427,2321770,3289688,2235104,2358802,2524792,6029636,2771979,2812135,2637032,2447240,2363697,2314114,2311770,3411459,2311771,2536459]}
MARK CELL_BEGIN B0182 1790154276.036839
MARK CELL_END B0182 1790154276.216894
CELL {"seq":84,"id":"B0182","group":"B","rw":128,"rh":128,"sw":128,"sh":128,"ratio":"1x","reuse":64,"batch":1,"residency":"warm","readback":"none","iters":20,"iter_ns_p50":8601562,"iter_ns_p95":12124219,"per_op_ns_p50":8601562,"x_cpu_ticks":5,"errors":0,"pixel_ok":true,"wall":[1790154276.036839,1790154276.216894],"iter_ns":[1563594,2170520,1757604,1710573,1968594,7248541,8178854,3912604,8601562,8797031,9163125,9826615,9662448,12124219,9563437,9769063,9475625,11201094,5684532,7009583]}
MARK CELL_BEGIN A0035 1790154276.216950
MARK CELL_END A0035 1790154276.652719
CELL {"seq":85,"id":"A0035","group":"A","rw":16,"rh":16,"sw":16,"sh":16,"ratio":"1x","reuse":1,"batch":16,"residency":"warm","readback":"delayed","iters":20,"iter_ns_p50":18241615,"iter_ns_p95":21608333,"per_op_ns_p50":1140100,"x_cpu_ticks":9,"errors":0,"pixel_ok":true,"wall":[1790154276.216950,1790154276.652719],"iter_ns":[21608333,18184844,14872344,19844218,15758073,18874323,13635313,18241615,21316563,18611510,14033906,16247135,15619114,14653698,19343073,20525261,14912396,20379062,15455573,19626250]}
MARK CELL_BEGIN A0027 1790154276.652952
MARK CELL_END A0027 1790154276.790748
CELL {"seq":86,"id":"A0027","group":"A","rw":16,"rh":16,"sw":16,"sh":16,"ratio":"1x","reuse":1,"batch":4,"residency":"warm","readback":"none","iters":20,"iter_ns_p50":4597396,"iter_ns_p95":7983177,"per_op_ns_p50":1149349,"x_cpu_ticks":2,"errors":0,"pixel_ok":true,"wall":[1790154276.652952,1790154276.790748],"iter_ns":[4779636,4801562,6584271,4597396,4387396,6469636,4260364,5336667,5923385,3592761,4076979,6501875,4409062,7983177,5774479,3455156,3813854,3976094,3765000,3632031]}
MARK CELL_BEGIN B0211 1790154276.790811
MARK CELL_END B0211 1790154277.101206
CELL {"seq":87,"id":"B0211","group":"B","rw":1024,"rh":1024,"sw":1024,"sh":1024,"ratio":"1x","reuse":1,"batch":1,"residency":"recreate","readback":"none","iters":20,"iter_ns_p50":11508021,"iter_ns_p95":14044167,"per_op_ns_p50":11508021,"x_cpu_ticks":16,"errors":0,"pixel_ok":true,"wall":[1790154276.790811,1790154277.101206],"iter_ns":[13711511,11181927,14044167,12044063,11461875,11508021,10965937,13065885,11318542,10043281,13815104,11989167,11739584,11318959,12157552,10442552,9756719,11693646,10648541,10460313]}
MARK CELL_BEGIN C0247 1790154277.101243
MARK CELL_END C0247 1790154278.483664
CELL {"seq":88,"id":"C0247","group":"C","rw":512,"rh":512,"sw":2048,"sh":2048,"ratio":"16x","reuse":1,"batch":16,"residency":"recreate","readback":"immediate","iters":20,"iter_ns_p50":58082188,"iter_ns_p95":66953125,"per_op_ns_p50":3630136,"x_cpu_ticks":84,"errors":0,"pixel_ok":true,"wall":[1790154277.101243,1790154278.483664],"iter_ns":[53080625,58082188,58885208,55658438,61300833,52557656,57293542,58663334,54350677,63507656,61306094,60440469,59424114,56710000,58847239,53218542,66953125,56805730,52784531,55777968]}
MARK CELL_BEGIN C0248 1790154278.483717
MARK CELL_END C0248 1790154280.498703
CELL {"seq":89,"id":"C0248","group":"C","rw":64,"rh":64,"sw":1200,"sh":2191,"ratio":"redirected","reuse":16,"batch":8,"residency":"warm","readback":"delayed","iters":20,"iter_ns_p50":8871407,"iter_ns_p95":249253229,"per_op_ns_p50":1108925,"x_cpu_ticks":95,"errors":0,"pixel_ok":true,"wall":[1790154278.483717,1790154280.498703],"iter_ns":[7745156,9248490,7542813,8871407,6997864,181971770,207566146,249253229,213825313,244102083,224930052,215027396,161082500,5031302,7331093,7037500,4636354,4070209,4936667,6454271]}
MARK CELL_BEGIN A0072 1790154280.499465
MARK CELL_END A0072 1790154280.530844
CELL {"seq":90,"id":"A0072","group":"A","rw":256,"rh":256,"sw":256,"sh":256,"ratio":"1x","reuse":1,"batch":1,"residency":"warm","readback":"none","iters":20,"iter_ns_p50":944896,"iter_ns_p95":1788698,"per_op_ns_p50":944896,"x_cpu_ticks":0,"errors":0,"pixel_ok":true,"wall":[1790154280.499465,1790154280.530844],"iter_ns":[653802,676979,923698,1030886,988021,944896,957657,960468,1788698,1225313,1025156,700209,945833,676718,685729,672917,708229,698958,960416,697032]}
MARK CELL_BEGIN B0144 1790154280.530886
MARK CELL_END B0144 1790154280.566002
CELL {"seq":91,"id":"B0144","group":"B","rw":5,"rh":24,"sw":5,"sh":24,"ratio":"1x","reuse":4,"batch":1,"residency":"warm","readback":"none","iters":20,"iter_ns_p50":765469,"iter_ns_p95":1925834,"per_op_ns_p50":765469,"x_cpu_ticks":1,"errors":0,"pixel_ok":true,"wall":[1790154280.530886,1790154280.566002],"iter_ns":[1925834,765469,775209,765521,747396,731458,734063,733594,769011,1749115,976563,781146,741354,740990,736041,775052,728802,740521,739166,778645]}
MARK CELL_BEGIN A0037 1790154280.566044
MARK CELL_END A0037 1790154280.597154
CELL {"seq":92,"id":"A0037","group":"A","rw":32,"rh":32,"sw":32,"sh":32,"ratio":"1x","reuse":1,"batch":1,"residency":"warm","readback":"immediate","iters":20,"iter_ns_p50":795156,"iter_ns_p95":1786563,"per_op_ns_p50":795156,"x_cpu_ticks":1,"errors":0,"pixel_ok":true,"wall":[1790154280.566044,1790154280.597154],"iter_ns":[863490,753959,800261,795156,787344,764948,825417,794218,737500,784584,1786563,787448,800208,769218,1037500,991614,772916,794844,941667,1264792]}
MARK CELL_BEGIN A0122 1790154280.597223
MARK CELL_END A0122 1790154280.959953
CELL {"seq":93,"id":"A0122","group":"A","rw":3440,"rh":1440,"sw":3440,"sh":1440,"ratio":"1x","reuse":1,"batch":1,"residency":"warm","readback":"delayed","iters":20,"iter_ns_p50":6729948,"iter_ns_p95":20614166,"per_op_ns_p50":6729948,"x_cpu_ticks":14,"errors":0,"pixel_ok":true,"wall":[1790154280.597223,1790154280.959953],"iter_ns":[8195312,5206667,6729948,5966875,6156927,6572708,4401875,9663906,4132709,5682917,5926980,5116875,4934531,6998802,6780833,20614166,6751667,7273854,7551146,7565573]}
MARK CELL_BEGIN A0003 1790154280.960010
MARK CELL_END A0003 1790154281.065465
CELL {"seq":94,"id":"A0003","group":"A","rw":1,"rh":1,"sw":1,"sh":1,"ratio":"1x","reuse":1,"batch":4,"residency":"warm","readback":"none","iters":20,"iter_ns_p50":3907396,"iter_ns_p95":6282604,"per_op_ns_p50":976849,"x_cpu_ticks":3,"errors":0,"pixel_ok":true,"wall":[1790154280.960010,1790154281.065465],"iter_ns":[2882917,2649844,3252292,6282604,3907396,3662500,3335781,4737864,4055313,3778125,3069062,5302447,3506458,3761771,3176823,5534740,4214479,4169948,4210937,5715573]}
MARK CELL_BEGIN C0244 1790154281.065533
MARK CELL_END C0244 1790154281.281064
CELL {"seq":95,"id":"C0244","group":"C","rw":64,"rh":64,"sw":128,"sh":128,"ratio":"4x","reuse":64,"batch":1,"residency":"warm","readback":"delayed","iters":20,"iter_ns_p50":7655416,"iter_ns_p95":26487552,"per_op_ns_p50":7655416,"x_cpu_ticks":5,"errors":0,"pixel_ok":true,"wall":[1790154281.065533,1790154281.281064],"iter_ns":[2446302,2223229,2481771,3561146,2397709,7131406,7655416,25611927,9486459,9505625,8303906,4255781,8457969,9594427,8511354,26487552,7237761,3240782,7504844,8802656]}
MARK CELL_BEGIN A0103 1790154281.281114
MARK CELL_END A0103 1790154281.938087
CELL {"seq":96,"id":"A0103","group":"A","rw":1024,"rh":1024,"sw":1024,"sh":1024,"ratio":"1x","reuse":1,"batch":8,"residency":"warm","readback":"immediate","iters":20,"iter_ns_p50":25205989,"iter_ns_p95":31286511,"per_op_ns_p50":3150748,"x_cpu_ticks":31,"errors":0,"pixel_ok":true,"wall":[1790154281.281114,1790154281.938087],"iter_ns":[26096198,23788125,25205989,27516562,20587552,23102760,25057448,22526875,23384323,28843072,25272708,24013281,26213229,27170834,31286511,19348802,23228282,24469219,27242969,30276771]}
MARK CELL_BEGIN C0231 1790154281.938163
MARK CELL_END C0231 1790154282.476211
CELL {"seq":97,"id":"C0231","group":"C","rw":1,"rh":1,"sw":2,"sh":2,"ratio":"4x","reuse":1,"batch":16,"residency":"recreate","readback":"immediate","iters":20,"iter_ns_p50":22066823,"iter_ns_p95":28187136,"per_op_ns_p50":1379176,"x_cpu_ticks":13,"errors":0,"pixel_ok":true,"wall":[1790154281.938163,1790154282.476211],"iter_ns":[20513594,19592291,19007604,25278229,19622031,24169271,24253854,19865000,22066823,23163229,20429062,20035052,24849218,17355000,20266927,21927083,24428750,23397188,25200678,28187136]}
MARK CELL_BEGIN B0143 1790154282.476711
MARK CELL_END B0143 1790154282.576032
CELL {"seq":98,"id":"B0143","group":"B","rw":5,"rh":24,"sw":1200,"sh":2191,"ratio":"redirected","reuse":1,"batch":1,"residency":"warm","readback":"none","iters":20,"iter_ns_p50":958802,"iter_ns_p95":1882865,"per_op_ns_p50":958802,"x_cpu_ticks":5,"errors":0,"pixel_ok":true,"wall":[1790154282.476711,1790154282.576032],"iter_ns":[996250,719323,925521,662031,771980,695677,1095729,843646,863333,830781,1882865,1281198,760781,1007656,976250,977396,958802,971146,760990,1042135]}
MARK CELL_BEGIN C0236 1790154282.576090
MARK CELL_END C0236 1790154282.653916
CELL {"seq":99,"id":"C0236","group":"C","rw":512,"rh":512,"sw":512,"sh":512,"ratio":"1x","reuse":1,"batch":1,"residency":"resize","readback":"delayed","iters":20,"iter_ns_p50":2612865,"iter_ns_p95":4792448,"per_op_ns_p50":2612865,"x_cpu_ticks":3,"errors":0,"pixel_ok":true,"wall":[1790154282.576090,1790154282.653916],"iter_ns":[2851927,2378177,2552605,4252187,2219428,2452813,2545573,3630260,3361094,4792448,2612865,2559739,2587656,3765312,3014948,2761354,2388386,2455365,2380677,3146563]}
MARK CELL_BEGIN B0189 1790154282.653942
MARK CELL_END B0189 1790154282.692270
CELL {"seq":100,"id":"B0189","group":"B","rw":256,"rh":256,"sw":256,"sh":256,"ratio":"1x","reuse":4,"batch":1,"residency":"warm","readback":"none","iters":20,"iter_ns_p50":976041,"iter_ns_p95":2829896,"per_op_ns_p50":976041,"x_cpu_ticks":1,"errors":0,"pixel_ok":true,"wall":[1790154282.653942,1790154282.692270],"iter_ns":[2829896,934739,664895,914532,889895,895157,1007553,1021302,971771,997448,954219,994584,967761,968646,1001562,1832968,1238854,1011615,976041,968177]}
MARK CELL_BEGIN C0262 1790154282.692316
MARK CELL_END C0262 1790154282.734504
CELL {"seq":101,"id":"C0262","group":"C","rw":32,"rh":32,"sw":128,"sh":128,"ratio":"16x","reuse":1,"batch":1,"residency":"warm","readback":"delayed","iters":20,"iter_ns_p50":1077708,"iter_ns_p95":4652864,"per_op_ns_p50":1077708,"x_cpu_ticks":1,"errors":0,"pixel_ok":true,"wall":[1790154282.692316,1790154282.734504],"iter_ns":[1091146,1077708,1009011,996875,1021146,1013698,1038178,1178021,1011145,824792,1933542,4652864,1166770,993021,1216927,1189167,1141771,1035261,1120104,1069896]}
MARK CELL_BEGIN A0084 1790154282.734545
MARK CELL_END A0084 1790154282.793160
CELL {"seq":102,"id":"A0084","group":"A","rw":512,"rh":512,"sw":512,"sh":512,"ratio":"1x","reuse":1,"batch":1,"residency":"warm","readback":"none","iters":20,"iter_ns_p50":1555104,"iter_ns_p95":2574480,"per_op_ns_p50":1555104,"x_cpu_ticks":1,"errors":0,"pixel_ok":true,"wall":[1790154282.734545,1790154282.793160],"iter_ns":[1136979,2064844,1355104,1202969,1342083,1272500,1534270,1539583,1540468,1555104,1531979,1422812,2574480,1842968,1927708,1710260,1743959,1719687,1709792,1877188]}
MARK CELL_BEGIN B0149 1790154282.793229
MARK CELL_END B0149 1790154282.900796
CELL {"seq":103,"id":"B0149","group":"B","rw":5,"rh":24,"sw":5,"sh":24,"ratio":"1x","reuse":1,"batch":1,"residency":"recreate","readback":"none","iters":20,"iter_ns_p50":3772813,"iter_ns_p95":7335885,"per_op_ns_p50":3772813,"x_cpu_ticks":3,"errors":0,"pixel_ok":true,"wall":[1790154282.793229,1790154282.900796],"iter_ns":[6822500,3603646,3987916,3967500,7335885,4702500,4035886,4853072,3088125,3114896,3200781,4961927,3247917,3378334,3046458,3772813,5529427,3543750,3088959,3366094]}
MARK CELL_BEGIN N0000 1790154282.900836
MARK CELL_END N0000 1790154283.003797
CELL {"seq":104,"id":"N0000","group":"N","rw":1024,"rh":1024,"sw":1024,"sh":1024,"ratio":"1x","reuse":1,"batch":1,"residency":"warm","readback":"none","iters":20,"iter_ns_p50":2562187,"iter_ns_p95":4147708,"per_op_ns_p50":2562187,"x_cpu_ticks":4,"errors":0,"pixel_ok":true,"wall":[1790154282.900836,1790154283.003797],"iter_ns":[1874740,2505156,2562187,3852292,2459896,2554844,2644167,2561615,2191406,3464271,2152083,2118750,2202344,2649531,2606094,4147708,2619792,2854896,2821250,2545521]}
MARK CELL_BEGIN A0079 1790154283.003852
MARK CELL_END A0079 1790154283.281313
CELL {"seq":105,"id":"A0079","group":"A","rw":256,"rh":256,"sw":256,"sh":256,"ratio":"1x","reuse":1,"batch":8,"residency":"warm","readback":"immediate","iters":20,"iter_ns_p50":11621771,"iter_ns_p95":15922396,"per_op_ns_p50":1452721,"x_cpu_ticks":6,"errors":0,"pixel_ok":true,"wall":[1790154283.003852,1790154283.281313],"iter_ns":[11385365,11677344,9300937,12334531,12428125,9813802,10476979,15922396,13824948,12634791,9389271,11621771,11812396,9636145,9064167,8180885,10264115,11632188,10618386,12718125]}
MARK CELL_BEGIN A0067 1790154283.281367
MARK CELL_END A0067 1790154283.500812
CELL {"seq":106,"id":"A0067","group":"A","rw":128,"rh":128,"sw":128,"sh":128,"ratio":"1x","reuse":1,"batch":8,"residency":"warm","readback":"immediate","iters":20,"iter_ns_p50":9496198,"iter_ns_p95":11752188,"per_op_ns_p50":1187024,"x_cpu_ticks":4,"errors":0,"pixel_ok":true,"wall":[1790154283.281367,1790154283.500812],"iter_ns":[4135990,4721510,7190729,6573698,6850156,6821354,9496198,9577968,10107916,8201250,10351458,8510573,11752188,10758854,9214270,10407396,9877031,10926771,11298177,8686614]}
MARK CELL_BEGIN B0192 1790154283.500876
MARK CELL_END B0192 1790154283.592918
CELL {"seq":107,"id":"B0192","group":"B","rw":256,"rh":256,"sw":256,"sh":256,"ratio":"1x","reuse":1,"batch":1,"residency":"cold","readback":"none","iters":20,"iter_ns_p50":2032344,"iter_ns_p95":5861979,"per_op_ns_p50":2032344,"x_cpu_ticks":3,"errors":0,"pixel_ok":true,"wall":[1790154283.500876,1790154283.592918],"iter_ns":[3312500,4534166,2406041,1803489,1808542,2682969,1855104,2032344,2073906,1986979,2433125,2695989,2250052,1796041,1819271,1824687,5861979,1841146,1717448,1732656]}
MARK CELL_BEGIN A0012 1790154283.592957
MARK CELL_END A0012 1790154283.609920
CELL {"seq":108,"id":"A0012","group":"A","rw":5,"rh":24,"sw":5,"sh":24,"ratio":"1x","reuse":1,"batch":1,"residency":"warm","readback":"none","iters":20,"iter_ns_p50":400834,"iter_ns_p95":665677,"per_op_ns_p50":400834,"x_cpu_ticks":0,"errors":0,"pixel_ok":true,"wall":[1790154283.592957,1790154283.609920],"iter_ns":[665677,428906,406770,402604,414115,396145,394740,407240,388958,389687,390000,400834,402500,377864,368854,596302,625520,373073,360052,363594]}
MARK CELL_BEGIN A0096 1790154283.609941
MARK CELL_END A0096 1790154283.686432
CELL {"seq":109,"id":"A0096","group":"A","rw":1024,"rh":1024,"sw":1024,"sh":1024,"ratio":"1x","reuse":1,"batch":1,"residency":"warm","readback":"none","iters":20,"iter_ns_p50":2130468,"iter_ns_p95":3568333,"per_op_ns_p50":2130468,"x_cpu_ticks":2,"errors":0,"pixel_ok":true,"wall":[1790154283.609941,1790154283.686432],"iter_ns":[1780208,1690885,3031928,1769844,1912865,1903855,1985781,1950313,1925937,3568333,2467761,2235000,2235104,2189635,2249011,2265938,3358542,1838281,2130468,2115052]}
MARK CELL_BEGIN B0167 1790154283.686473
MARK CELL_END B0167 1790154283.764771
CELL {"seq":110,"id":"B0167","group":"B","rw":32,"rh":32,"sw":32,"sh":32,"ratio":"1x","reuse":1,"batch":1,"residency":"recreate","readback":"none","iters":20,"iter_ns_p50":2615208,"iter_ns_p95":6500104,"per_op_ns_p50":2615208,"x_cpu_ticks":2,"errors":0,"pixel_ok":true,"wall":[1790154283.686473,1790154283.764771],"iter_ns":[3070989,2781094,3289740,2685886,4209010,2615208,6500104,3167031,4236458,2424635,2352916,2282605,2609479,4024636,2305312,2315104,2288855,2271198,2376198,2344479]}
MARK CELL_BEGIN A0068 1790154283.764802
MARK CELL_END A0068 1790154283.969673
CELL {"seq":111,"id":"A0068","group":"A","rw":128,"rh":128,"sw":128,"sh":128,"ratio":"1x","reuse":1,"batch":8,"residency":"warm","readback":"delayed","iters":20,"iter_ns_p50":8643437,"iter_ns_p95":11915937,"per_op_ns_p50":1080429,"x_cpu_ticks":4,"errors":0,"pixel_ok":true,"wall":[1790154283.764802,1790154283.969673],"iter_ns":[6663490,5882812,8095677,6718489,11915937,7372083,8800781,8643437,7435782,6446354,8793073,8063333,10575052,9216042,8754635,8807500,7634687,9878177,7906875,9299271]}
MARK CELL_BEGIN A0034 1790154283.969758
MARK CELL_END A0034 1790154284.237268
CELL {"seq":112,"id":"A0034","group":"A","rw":16,"rh":16,"sw":16,"sh":16,"ratio":"1x","reuse":1,"batch":16,"residency":"warm","readback":"immediate","iters":20,"iter_ns_p50":8468386,"iter_ns_p95":15688958,"per_op_ns_p50":529274,"x_cpu_ticks":5,"errors":0,"pixel_ok":true,"wall":[1790154283.969758,1790154284.237268],"iter_ns":[15688958,12304375,9963386,8349010,5248907,5589323,6562708,6316875,13248542,14480000,11888907,8147396,8468386,9045052,10240625,14390886,7579635,6912187,7467083,5537604]}
MARK CELL_BEGIN B0203 1790154284.237298
MARK CELL_END B0203 1790154284.346327
CELL {"seq":113,"id":"B0203","group":"B","rw":512,"rh":512,"sw":512,"sh":512,"ratio":"1x","reuse":1,"batch":1,"residency":"recreate","readback":"none","iters":20,"iter_ns_p50":3917292,"iter_ns_p95":8018646,"per_op_ns_p50":3917292,"x_cpu_ticks":4,"errors":0,"pixel_ok":true,"wall":[1790154284.237298,1790154284.346327],"iter_ns":[4398281,8018646,4404896,4590000,5587709,3852916,3306979,3441145,4853802,3796250,4066562,3525625,4934948,3917292,3819532,3507291,4634740,3698541,3711771,3908021]}
MARK CELL_BEGIN A0019 1790154284.346359
MARK CELL_END A0019 1790154284.527136
CELL {"seq":114,"id":"A0019","group":"A","rw":5,"rh":24,"sw":5,"sh":24,"ratio":"1x","reuse":1,"batch":8,"residency":"warm","readback":"immediate","iters":20,"iter_ns_p50":8518802,"iter_ns_p95":12039115,"per_op_ns_p50":1064850,"x_cpu_ticks":3,"errors":0,"pixel_ok":true,"wall":[1790154284.346359,1790154284.527136],"iter_ns":[3486302,4568490,4311042,4062187,3618802,5487448,4824687,5085990,8053020,7293750,9765364,8518802,10161458,8623958,11179375,11820729,12039115,10331511,9303854,10232240]}
MARK CELL_BEGIN A0006 1790154284.527203
MARK CELL_END A0006 1790154284.733639
CELL {"seq":115,"id":"A0006","group":"A","rw":1,"rh":1,"sw":1,"sh":1,"ratio":"1x","reuse":1,"batch":8,"residency":"warm","readback":"none","iters":20,"iter_ns_p50":8288489,"iter_ns_p95":12136771,"per_op_ns_p50":1036061,"x_cpu_ticks":3,"errors":0,"pixel_ok":true,"wall":[1790154284.527203,1790154284.733639],"iter_ns":[5797761,6113646,8403906,5781146,5603959,6644583,6254011,6881823,5427813,8288489,7618697,9658907,8860781,10927239,8493125,10746927,8749115,7612813,12136771,11725730]}
MARK CELL_BEGIN A0120 1790154284.733694
MARK CELL_END A0120 1790154285.287147
CELL {"seq":116,"id":"A0120","group":"A","rw":3440,"rh":1440,"sw":3440,"sh":1440,"ratio":"1x","reuse":1,"batch":1,"residency":"warm","readback":"none","iters":20,"iter_ns_p50":8588177,"iter_ns_p95":11769011,"per_op_ns_p50":8588177,"x_cpu_ticks":18,"errors":0,"pixel_ok":true,"wall":[1790154284.733694,1790154285.287147],"iter_ns":[8379583,10092031,8281719,11769011,9726302,7769948,9467188,8588177,8281823,9899531,9868177,8622291,9793906,7938437,8227864,6836562,5613854,6796250,7111302,10512500]}
MARK CELL_BEGIN A0024 1790154285.287186
MARK CELL_END A0024 1790154285.329516
CELL {"seq":117,"id":"A0024","group":"A","rw":16,"rh":16,"sw":16,"sh":16,"ratio":"1x","reuse":1,"batch":1,"residency":"warm","readback":"none","iters":20,"iter_ns_p50":936094,"iter_ns_p95":2432448,"per_op_ns_p50":936094,"x_cpu_ticks":0,"errors":0,"pixel_ok":true,"wall":[1790154285.287186,1790154285.329516],"iter_ns":[862604,923333,936094,882813,976146,888177,946510,894167,2432448,1155782,1143541,1154740,859428,962188,1112813,1375417,813230,857917,863334,856406]}
MARK CELL_BEGIN A0070 1790154285.329567
MARK CELL_END A0070 1790154285.676903
CELL {"seq":118,"id":"A0070","group":"A","rw":128,"rh":128,"sw":128,"sh":128,"ratio":"1x","reuse":1,"batch":16,"residency":"warm","readback":"immediate","iters":20,"iter_ns_p50":15064844,"iter_ns_p95":19291250,"per_op_ns_p50":941552,"x_cpu_ticks":6,"errors":0,"pixel_ok":true,"wall":[1790154285.329567,1790154285.676903],"iter_ns":[17996667,16644011,15819479,19291250,17516875,18877292,19102709,18656614,16082604,15064844,9927760,11303646,8778177,10181146,12171979,7341979,9277969,11969114,9031823,9938959]}
MARK CELL_BEGIN A0011 1790154285.676987
MARK CELL_END A0011 1790154285.877498
CELL {"seq":119,"id":"A0011","group":"A","rw":1,"rh":1,"sw":1,"sh":1,"ratio":"1x","reuse":1,"batch":16,"residency":"warm","readback":"delayed","iters":20,"iter_ns_p50":7505313,"iter_ns_p95":16185104,"per_op_ns_p50":469082,"x_cpu_ticks":4,"errors":0,"pixel_ok":true,"wall":[1790154285.676987,1790154285.877498],"iter_ns":[5834167,9603020,7378333,6282032,8680625,6941042,5219427,8103593,9388802,6790000,8187031,5743438,7505313,5131875,6100261,7225730,8583594,9147396,16185104,10352447]}
MARK CELL_BEGIN B0191 1790154285.877553
MARK CELL_END B0191 1790154286.083052
CELL {"seq":120,"id":"B0191","group":"B","rw":256,"rh":256,"sw":256,"sh":256,"ratio":"1x","reuse":64,"batch":1,"residency":"warm","readback":"none","iters":20,"iter_ns_p50":8709479,"iter_ns_p95":12365885,"per_op_ns_p50":8709479,"x_cpu_ticks":8,"errors":0,"pixel_ok":true,"wall":[1790154285.877553,1790154286.083052],"iter_ns":[2690105,1830834,1710938,1863854,2033437,8420104,9583073,9059740,9967395,10892292,9028125,9531458,4476146,9751667,12365885,9798906,8649531,3916406,7882916,8709479]}
MARK CELL_BEGIN A0073 1790154286.083087
MARK CELL_END A0073 1790154286.116467
CELL {"seq":121,"id":"A0073","group":"A","rw":256,"rh":256,"sw":256,"sh":256,"ratio":"1x","reuse":1,"batch":1,"residency":"warm","readback":"immediate","iters":20,"iter_ns_p50":1104948,"iter_ns_p95":2009896,"per_op_ns_p50":1104948,"x_cpu_ticks":0,"errors":0,"pixel_ok":true,"wall":[1790154286.083087,1790154286.116467],"iter_ns":[1104948,1915365,1036823,1239687,1146822,1130834,1106042,1131927,1030365,1100052,1028646,1076770,1074427,1070521,886354,2009896,1398542,1113282,1010521,822968]}
MARK CELL_BEGIN A0066 1790154286.116496
MARK CELL_END A0066 1790154286.346264
CELL {"seq":122,"id":"A0066","group":"A","rw":128,"rh":128,"sw":128,"sh":128,"ratio":"1x","reuse":1,"batch":8,"residency":"warm","readback":"none","iters":20,"iter_ns_p50":9177396,"iter_ns_p95":20627761,"per_op_ns_p50":1147174,"x_cpu_ticks":5,"errors":0,"pixel_ok":true,"wall":[1790154286.116496,1790154286.346264],"iter_ns":[5681354,7978541,5671511,7282812,8450572,7019375,8878437,8082136,10268125,7677084,10159427,10320677,9487864,11674792,10564948,8846511,20627761,9177396,9645260,10916302]}
MARK CELL_BEGIN A0088 1790154286.346343
MARK CELL_END A0088 1790154286.560339
CELL {"seq":123,"id":"A0088","group":"A","rw":512,"rh":512,"sw":512,"sh":512,"ratio":"1x","reuse":1,"batch":4,"residency":"warm","readback":"immediate","iters":20,"iter_ns_p50":7947657,"iter_ns_p95":10319375,"per_op_ns_p50":1986914,"x_cpu_ticks":8,"errors":0,"pixel_ok":true,"wall":[1790154286.346343,1790154286.560339],"iter_ns":[7595937,6569063,7947657,6024896,6314791,8034323,6983177,8877291,7565573,8876980,10319375,9125156,9020469,7516666,8298958,6534375,9717188,7398281,6647448,10070729]}
MARK CELL_BEGIN A0009 1790154286.560451
MARK CELL_END A0009 1790154286.817372
CELL {"seq":124,"id":"A0009","group":"A","rw":1,"rh":1,"sw":1,"sh":1,"ratio":"1x","reuse":1,"batch":16,"residency":"warm","readback":"none","iters":20,"iter_ns_p50":8204792,"iter_ns_p95":20434688,"per_op_ns_p50":512799,"x_cpu_ticks":4,"errors":0,"pixel_ok":true,"wall":[1790154286.560451,1790154286.817372],"iter_ns":[9481198,7782865,7404375,8204792,8978803,7052656,5319479,7736771,7275729,7784844,7413646,6844688,7478855,11588177,8264167,9708958,12013386,20434688,13371927,16198854]}
MARK CELL_BEGIN A0047 1790154286.817443
MARK CELL_END A0047 1790154287.214407
CELL {"seq":125,"id":"A0047","group":"A","rw":32,"rh":32,"sw":32,"sh":32,"ratio":"1x","reuse":1,"batch":16,"residency":"warm","readback":"delayed","iters":20,"iter_ns_p50":16199114,"iter_ns_p95":20618489,"per_op_ns_p50":1012444,"x_cpu_ticks":8,"errors":0,"pixel_ok":true,"wall":[1790154286.817443,1790154287.214407],"iter_ns":[20618489,18778281,15784792,15026770,7120833,10343437,13583802,18562813,19802917,12266302,12356667,16199114,15202969,16891146,16482292,15561458,16805157,19124427,16105156,16334688]}
MARK CELL_BEGIN A0100 1790154287.214474
MARK CELL_END A0100 1790154287.568538
CELL {"seq":126,"id":"A0100","group":"A","rw":1024,"rh":1024,"sw":1024,"sh":1024,"ratio":"1x","reuse":1,"batch":4,"residency":"warm","readback":"immediate","iters":20,"iter_ns_p50":14187187,"iter_ns_p95":19341406,"per_op_ns_p50":3546796,"x_cpu_ticks":18,"errors":0,"pixel_ok":true,"wall":[1790154287.214474,1790154287.568538],"iter_ns":[9685469,9704531,14187187,13027291,17591667,19341406,14945052,15199636,15872656,18380156,14876927,15537657,18080052,13174063,10612552,10570678,9712708,8238489,9008489,7568334]}
MARK CELL_BEGIN A0123 1790154287.568568
MARK CELL_END A0123 1790154288.445462
CELL {"seq":127,"id":"A0123","group":"A","rw":3440,"rh":1440,"sw":3440,"sh":1440,"ratio":"1x","reuse":1,"batch":4,"residency":"warm","readback":"none","iters":20,"iter_ns_p50":33682500,"iter_ns_p95":38390938,"per_op_ns_p50":8420625,"x_cpu_ticks":45,"errors":0,"pixel_ok":true,"wall":[1790154287.568568,1790154288.445462],"iter_ns":[32773072,35328125,38390938,33258593,34021979,35689271,31581771,33973490,34598594,33875261,33682500,32647552,29662083,35715833,34031927,31745416,21532448,19433021,22579948,21892188]}
MARK CELL_BEGIN A0056 1790154288.445545
MARK CELL_END A0056 1790154288.627806
CELL {"seq":128,"id":"A0056","group":"A","rw":64,"rh":64,"sw":64,"sh":64,"ratio":"1x","reuse":1,"batch":8,"residency":"warm","readback":"delayed","iters":20,"iter_ns_p50":7017500,"iter_ns_p95":10477865,"per_op_ns_p50":877187,"x_cpu_ticks":3,"errors":0,"pixel_ok":true,"wall":[1790154288.445545,1790154288.627806],"iter_ns":[5548333,5761355,5685261,5116406,6871302,6680781,7834532,5079166,6077343,8698697,6609636,8282500,4819114,7028386,8107500,8723698,10477865,10165313,7017500,8763959]}
MARK CELL_BEGIN B0183 1790154288.627893
MARK CELL_END B0183 1790154288.731285
CELL {"seq":129,"id":"B0183","group":"B","rw":128,"rh":128,"sw":128,"sh":128,"ratio":"1x","reuse":1,"batch":1,"residency":"cold","readback":"none","iters":20,"iter_ns_p50":2442292,"iter_ns_p95":6460520,"per_op_ns_p50":2442292,"x_cpu_ticks":3,"errors":0,"pixel_ok":true,"wall":[1790154288.627893,1790154288.731285],"iter_ns":[3197292,6460520,2961614,2376042,3686094,2445209,2297657,2407240,2869531,3198073,2107708,2159948,2277760,3327291,1967709,1962813,1901459,2442292,3223906,2310573]}
MARK CELL_BEGIN N0000 1790154288.731334
MARK CELL_END N0000 1790154288.831245
CELL {"seq":130,"id":"N0000","group":"N","rw":1024,"rh":1024,"sw":1024,"sh":1024,"ratio":"1x","reuse":1,"batch":1,"residency":"warm","readback":"none","iters":20,"iter_ns_p50":2299323,"iter_ns_p95":3298178,"per_op_ns_p50":2299323,"x_cpu_ticks":3,"errors":0,"pixel_ok":true,"wall":[1790154288.731334,1790154288.831245],"iter_ns":[2170782,2145104,2709115,1495469,1784948,1776250,1782448,2133334,2399479,2637500,3298178,2367552,2299323,2428750,2603437,2561562,3176094,2181198,2122916,2067396]}
MARK CELL_BEGIN A0050 1790154288.831296
MARK CELL_END A0050 1790154288.861283
CELL {"seq":131,"id":"A0050","group":"A","rw":64,"rh":64,"sw":64,"sh":64,"ratio":"1x","reuse":1,"batch":1,"residency":"warm","readback":"delayed","iters":20,"iter_ns_p50":931250,"iter_ns_p95":2286771,"per_op_ns_p50":931250,"x_cpu_ticks":0,"errors":0,"pixel_ok":true,"wall":[1790154288.831296,1790154288.861283],"iter_ns":[1757864,750938,941667,726771,931250,706614,953333,1219531,933802,712032,924583,933177,942240,898386,656510,1177344,690781,2286771,727447,453334]}
MARK CELL_BEGIN B0169 1790154288.861317
MARK CELL_END B0169 1790154288.893296
CELL {"seq":132,"id":"B0169","group":"B","rw":64,"rh":64,"sw":256,"sh":256,"ratio":"16x","reuse":1,"batch":1,"residency":"warm","readback":"none","iters":20,"iter_ns_p50":975156,"iter_ns_p95":1694219,"per_op_ns_p50":975156,"x_cpu_ticks":1,"errors":0,"pixel_ok":true,"wall":[1790154288.861317,1790154288.893296],"iter_ns":[951771,701250,423542,433906,1010052,1694219,653750,452916,445312,447552,684322,1005365,967292,1002604,992708,996927,997917,988437,1000938,975156]}
MARK CELL_BEGIN A0130 1790154288.893350
MARK CELL_END A0130 1790154292.043339
CELL {"seq":133,"id":"A0130","group":"A","rw":3440,"rh":1440,"sw":3440,"sh":1440,"ratio":"1x","reuse":1,"batch":16,"residency":"warm","readback":"immediate","iters":20,"iter_ns_p50":134633073,"iter_ns_p95":158217657,"per_op_ns_p50":8414567,"x_cpu_ticks":165,"errors":0,"pixel_ok":true,"wall":[1790154288.893350,1790154292.043339],"iter_ns":[152202969,127358906,92190000,88238021,147871250,139526458,158217657,154666615,135043750,151349271,143228750,134633073,105184896,83805781,100588125,94985625,88493437,109135781,135174948,95607292]}
MARK CELL_BEGIN B0178 1790154292.043395
MARK CELL_END B0178 1790154292.069018
CELL {"seq":134,"id":"B0178","group":"B","rw":128,"rh":128,"sw":512,"sh":512,"ratio":"16x","reuse":1,"batch":1,"residency":"warm","readback":"none","iters":20,"iter_ns_p50":630833,"iter_ns_p95":663802,"per_op_ns_p50":630833,"x_cpu_ticks":1,"errors":0,"pixel_ok":true,"wall":[1790154292.043395,1790154292.069018],"iter_ns":[662031,647760,630833,383698,380313,381823,388177,659532,635052,641927,629583,627448,619271,646302,616198,663646,653594,663802,628750,381667]}
MARK CELL_BEGIN A0087 1790154292.069044
MARK CELL_END A0087 1790154292.213588
CELL {"seq":135,"id":"A0087","group":"A","rw":512,"rh":512,"sw":512,"sh":512,"ratio":"1x","reuse":1,"batch":4,"residency":"warm","readback":"none","iters":20,"iter_ns_p50":5876094,"iter_ns_p95":8229427,"per_op_ns_p50":1469023,"x_cpu_ticks":3,"errors":0,"pixel_ok":true,"wall":[1790154292.069044,1790154292.213588],"iter_ns":[4061979,2871511,2869063,4322864,4986094,6789271,6343021,6190833,8229427,6073958,7745781,4927187,6032552,4726667,5387344,5109583,6286510,5383125,7358333,5876094]}
MARK CELL_BEGIN A0065 1790154292.213643
MARK CELL_END A0065 1790154292.332417
CELL {"seq":136,"id":"A0065","group":"A","rw":128,"rh":128,"sw":128,"sh":128,"ratio":"1x","reuse":1,"batch":4,"residency":"warm","readback":"delayed","iters":20,"iter_ns_p50":4026042,"iter_ns_p95":5843177,"per_op_ns_p50":1006510,"x_cpu_ticks":2,"errors":0,"pixel_ok":true,"wall":[1790154292.213643,1790154292.332417],"iter_ns":[3662292,5843177,3490990,3502135,3951510,5444323,3807396,3762552,3594635,5112500,4026042,3347500,3271563,5691510,4100833,4161719,5335261,4137657,3922135,4130156]}
MARK CELL_BEGIN B0215 1790154292.332552
MARK CELL_END B0215 1790154292.880607
CELL {"seq":137,"id":"B0215","group":"B","rw":1200,"rh":2608,"sw":1200,"sh":2608,"ratio":"1x","reuse":1,"batch":1,"residency":"cold","readback":"none","iters":20,"iter_ns_p50":8814219,"iter_ns_p95":9791302,"per_op_ns_p50":8814219,"x_cpu_ticks":27,"errors":0,"pixel_ok":true,"wall":[1790154292.332552,1790154292.880607],"iter_ns":[8186354,8920677,9051979,8519583,8699427,8614323,9114115,7821823,8971198,8342500,9791302,8844896,8510990,9087709,7602083,9168229,8814219,7197083,8247031,8827917]}
MARK CELL_BEGIN C0229 1790154292.880648
MARK CELL_END C0229 1790154293.160618
CELL {"seq":138,"id":"C0229","group":"C","rw":256,"rh":256,"sw":1024,"sh":1024,"ratio":"16x","reuse":4,"batch":8,"residency":"warm","readback":"immediate","iters":20,"iter_ns_p50":10835209,"iter_ns_p95":14149271,"per_op_ns_p50":1354401,"x_cpu_ticks":8,"errors":0,"pixel_ok":true,"wall":[1790154292.880648,1790154293.160618],"iter_ns":[12754583,8767239,10909375,9542657,8552500,10312344,9160573,10690000,10965625,9417083,11655417,11456771,12622760,10699427,10835209,8275937,10897187,14149271,12203698,10832813]}
MARK CELL_BEGIN B0222 1790154293.160678
MARK CELL_END B0222 1790154294.253469
CELL {"seq":139,"id":"B0222","group":"B","rw":3440,"rh":1440,"sw":3440,"sh":1440,"ratio":"1x","reuse":1,"batch":1,"residency":"recreate","readback":"none","iters":20,"iter_ns_p50":43112604,"iter_ns_p95":46561927,"per_op_ns_p50":43112604,"x_cpu_ticks":70,"errors":0,"pixel_ok":true,"wall":[1790154293.160678,1790154294.253469],"iter_ns":[43891562,42584219,42809010,42497604,42299896,42313855,41817136,42288229,45067865,44750834,45852239,43112604,46561927,44557031,44704531,43080312,42317136,42876563,44969011,44258229]}
MARK CELL_BEGIN A0099 1790154294.253515
MARK CELL_END A0099 1790154294.531568
CELL {"seq":140,"id":"A0099","group":"A","rw":1024,"rh":1024,"sw":1024,"sh":1024,"ratio":"1x","reuse":1,"batch":4,"residency":"warm","readback":"none","iters":20,"iter_ns_p50":9342708,"iter_ns_p95":14851719,"per_op_ns_p50":2335677,"x_cpu_ticks":7,"errors":0,"pixel_ok":true,"wall":[1790154294.253515,1790154294.531568],"iter_ns":[12053229,9342708,7577448,6627552,7576979,6440625,7261406,11391511,9624948,9464583,6082500,7433698,8424115,9933437,8993229,8187552,14851719,12595156,11040260,13737500]}
MARK CELL_BEGIN B0188 1790154294.531649
MARK CELL_END B0188 1790154294.607999
CELL {"seq":141,"id":"B0188","group":"B","rw":256,"rh":256,"sw":1200,"sh":2191,"ratio":"redirected","reuse":1,"batch":1,"residency":"warm","readback":"none","iters":20,"iter_ns_p50":1096875,"iter_ns_p95":2224167,"per_op_ns_p50":1096875,"x_cpu_ticks":3,"errors":0,"pixel_ok":true,"wall":[1790154294.531649,1790154294.607999],"iter_ns":[1153073,1095208,1058020,1082604,1189218,1089844,2166615,1484167,1041511,1266094,1103854,1050729,1096875,1286667,1095833,1094219,1084844,1149740,1074791,2224167]}
MARK CELL_BEGIN C0235 1790154294.608053
MARK CELL_END C0235 1790154294.962133
CELL {"seq":142,"id":"C0235","group":"C","rw":16,"rh":16,"sw":1200,"sh":2191,"ratio":"redirected","reuse":1,"batch":4,"residency":"recreate","readback":"none","iters":20,"iter_ns_p50":14423334,"iter_ns_p95":17290104,"per_op_ns_p50":3605833,"x_cpu_ticks":16,"errors":0,"pixel_ok":true,"wall":[1790154294.608053,1790154294.962133],"iter_ns":[15563698,15641823,14821302,14423334,15153333,13700104,13532604,13075989,13592240,15460052,14414219,12787083,15321146,13752500,13634167,13981875,16596094,11855572,16040625,17290104]}
MARK CELL_BEGIN A0093 1790154294.962192
MARK CELL_END A0093 1790154295.533010
CELL {"seq":143,"id":"A0093","group":"A","rw":512,"rh":512,"sw":512,"sh":512,"ratio":"1x","reuse":1,"batch":16,"residency":"warm","readback":"none","iters":20,"iter_ns_p50":25822396,"iter_ns_p95":31298750,"per_op_ns_p50":1613899,"x_cpu_ticks":16,"errors":0,"pixel_ok":true,"wall":[1790154294.962192,1790154295.533010],"iter_ns":[20862604,21626458,24257188,30846615,27449948,14966979,13311146,14777031,14051719,14092187,21250261,26793698,19957969,25822396,30014114,31298750,28583333,30253854,29554844,26532917]}
MARK CELL_BEGIN A0077 1790154295.533117
MARK CELL_END A0077 1790154295.656324
CELL {"seq":144,"id":"A0077","group":"A","rw":256,"rh":256,"sw":256,"sh":256,"ratio":"1x","reuse":1,"batch":4,"residency":"warm","readback":"delayed","iters":20,"iter_ns_p50":4067292,"iter_ns_p95":6894375,"per_op_ns_p50":1016823,"x_cpu_ticks":3,"errors":0,"pixel_ok":true,"wall":[1790154295.533117,1790154295.656324],"iter_ns":[5537083,6894375,5081250,6745000,4227447,4154219,4434896,6182084,3844271,4067292,5071927,3796145,3778385,3889844,3949114,3579948,2956458,3489270,2801354,3800990]}
MARK CELL_BEGIN A0082 1790154295.656355
MARK CELL_END A0082 1790154296.105701
CELL {"seq":145,"id":"A0082","group":"A","rw":256,"rh":256,"sw":256,"sh":256,"ratio":"1x","reuse":1,"batch":16,"residency":"warm","readback":"immediate","iters":20,"iter_ns_p50":18732344,"iter_ns_p95":24458282,"per_op_ns_p50":1170771,"x_cpu_ticks":9,"errors":0,"pixel_ok":true,"wall":[1790154295.656355,1790154296.105701],"iter_ns":[22514896,23023698,22668282,16137916,24041459,21716406,19154636,24458282,19435156,15065521,19272344,18395000,18732344,18613958,18685677,13427240,14085312,13774427,13540313,12360989]}
MARK CELL_BEGIN C0239 1790154296.105765
MARK CELL_END C0239 1790154296.324416
CELL {"seq":146,"id":"C0239","group":"C","rw":256,"rh":256,"sw":1024,"sh":1024,"ratio":"16x","reuse":1,"batch":4,"residency":"resize","readback":"delayed","iters":20,"iter_ns_p50":8422760,"iter_ns_p95":10043698,"per_op_ns_p50":2105690,"x_cpu_ticks":6,"errors":0,"pixel_ok":true,"wall":[1790154296.105765,1790154296.324416],"iter_ns":[5763646,8123854,5887396,6962240,9070209,7658229,7038542,7827135,8904323,7865417,9497083,7143438,9566198,8713073,8724271,8422760,9283855,9507396,7305104,10043698]}
MARK CELL_BEGIN A0058 1790154296.324469
MARK CELL_END A0058 1790154296.739119
CELL {"seq":147,"id":"A0058","group":"A","rw":64,"rh":64,"sw":64,"sh":64,"ratio":"1x","reuse":1,"batch":16,"residency":"warm","readback":"immediate","iters":20,"iter_ns_p50":16489063,"iter_ns_p95":20867135,"per_op_ns_p50":1030566,"x_cpu_ticks":8,"errors":0,"pixel_ok":true,"wall":[1790154296.324469,1790154296.739119],"iter_ns":[14685521,18500104,16469844,20867135,14575365,16184531,16489063,19101302,15282187,18405625,16033906,17617760,14498229,18012240,15092500,20511979,19785052,13323802,12816094,19010520]}
MARK CELL_BEGIN A0081 1790154296.739198
MARK CELL_END A0081 1790154297.241014
CELL {"seq":148,"id":"A0081","group":"A","rw":256,"rh":256,"sw":256,"sh":256,"ratio":"1x","reuse":1,"batch":16,"residency":"warm","readback":"none","iters":20,"iter_ns_p50":19894531,"iter_ns_p95":26971979,"per_op_ns_p50":1243408,"x_cpu_ticks":13,"errors":0,"pixel_ok":true,"wall":[1790154296.739198,1790154297.241014],"iter_ns":[17948594,19846614,19894531,18765261,26971979,24583542,20296823,16167135,19590833,15861875,20738750,18194739,20927708,16276719,23459323,17620990,16084792,20298125,21030625,25623334]}
MARK CELL_BEGIN A0129 1790154297.241073
MARK CELL_END A0129 1790154300.389131
CELL {"seq":149,"id":"A0129","group":"A","rw":3440,"rh":1440,"sw":3440,"sh":1440,"ratio":"1x","reuse":1,"batch":16,"residency":"warm","readback":"none","iters":20,"iter_ns_p50":133029479,"iter_ns_p95":148204011,"per_op_ns_p50":8314342,"x_cpu_ticks":159,"errors":0,"pixel_ok":true,"wall":[1790154297.241073,1790154300.389131],"iter_ns":[128772916,135479740,131392813,113476250,132147552,112538333,140721198,136780834,138021094,134004062,142288698,145567552,118775677,133029479,130788229,138296822,148204011,97307865,128821562,127468854]}
MARK CELL_BEGIN B0202 1790154300.389179
MARK CELL_END B0202 1790154300.458439
CELL {"seq":150,"id":"B0202","group":"B","rw":512,"rh":512,"sw":512,"sh":512,"ratio":"1x","reuse":1,"batch":1,"residency":"resize","readback":"none","iters":20,"iter_ns_p50":2465521,"iter_ns_p95":4167188,"per_op_ns_p50":2465521,"x_cpu_ticks":3,"errors":0,"pixel_ok":true,"wall":[1790154300.389179,1790154300.458439],"iter_ns":[2115104,2144947,2243178,2225469,3310000,2252968,2243489,2167032,2541771,2471928,3585989,2741980,2069636,2070313,2575469,2653489,2664583,4167188,2456198,2465521]}
MARK CELL_BEGIN A0080 1790154300.458489
MARK CELL_END A0080 1790154300.716818
CELL {"seq":151,"id":"A0080","group":"A","rw":256,"rh":256,"sw":256,"sh":256,"ratio":"1x","reuse":1,"batch":8,"residency":"warm","readback":"delayed","iters":20,"iter_ns_p50":10089792,"iter_ns_p95":18209896,"per_op_ns_p50":1261224,"x_cpu_ticks":6,"errors":0,"pixel_ok":true,"wall":[1790154300.458489,1790154300.716818],"iter_ns":[9756302,8023906,9741510,9962813,8240209,10089792,8956406,13176406,18209896,8572031,7758438,9508698,8948802,12294323,13087812,10545677,12135469,12063073,10479531,12628906]}
MARK CELL_BEGIN B0164 1790154300.716886
MARK CELL_END B0164 1790154300.835228
CELL {"seq":152,"id":"B0164","group":"B","rw":32,"rh":32,"sw":32,"sh":32,"ratio":"1x","reuse":64,"batch":1,"residency":"warm","readback":"none","iters":20,"iter_ns_p50":2718750,"iter_ns_p95":10299010,"per_op_ns_p50":2718750,"x_cpu_ticks":2,"errors":0,"pixel_ok":true,"wall":[1790154300.716886,1790154300.835228],"iter_ns":[2718750,1650417,1647865,1639271,1655417,1989427,1680938,1956510,6905104,7171614,6852084,2284896,6805105,6508333,1711875,1721302,10299010,8525573,6909115,8214739]}
MARK CELL_BEGIN B0156 1790154300.835258
MARK CELL_END B0156 1790154300.902337
CELL {"seq":153,"id":"B0156","group":"B","rw":16,"rh":16,"sw":16,"sh":16,"ratio":"1x","reuse":1,"batch":1,"residency":"cold","readback":"none","iters":20,"iter_ns_p50":1833020,"iter_ns_p95":2928854,"per_op_ns_p50":1833020,"x_cpu_ticks":1,"errors":0,"pixel_ok":true,"wall":[1790154300.835258,1790154300.902337],"iter_ns":[2545208,1833020,1388594,1778125,1797917,1704114,1785469,2711198,1911614,1841823,1924375,1738593,1919740,2928854,1672864,1554114,1490781,1948438,2422969,1603541]}
MARK CELL_BEGIN A0076 1790154300.902374
MARK CELL_END A0076 1790154301.042132
CELL {"seq":154,"id":"A0076","group":"A","rw":256,"rh":256,"sw":256,"sh":256,"ratio":"1x","reuse":1,"batch":4,"residency":"warm","readback":"immediate","iters":20,"iter_ns_p50":4875052,"iter_ns_p95":8878750,"per_op_ns_p50":1218763,"x_cpu_ticks":3,"errors":0,"pixel_ok":true,"wall":[1790154300.902374,1790154301.042132],"iter_ns":[4047500,3775312,4676146,6578958,4842917,4324531,6321146,4853750,4519896,6631875,4919271,5228177,7125781,5641250,8878750,4181198,4999375,3428594,4452031,4875052]}
MARK CELL_BEGIN B0162 1790154301.042211
MARK CELL_END B0162 1790154301.076484
CELL {"seq":155,"id":"B0162","group":"B","rw":32,"rh":32,"sw":32,"sh":32,"ratio":"1x","reuse":4,"batch":1,"residency":"warm","readback":"none","iters":20,"iter_ns_p50":389948,"iter_ns_p95":3321198,"per_op_ns_p50":389948,"x_cpu_ticks":1,"errors":0,"pixel_ok":true,"wall":[1790154301.042211,1790154301.076484],"iter_ns":[3321198,2716979,1033334,898907,646927,412344,372500,386718,356667,393542,389948,383541,640625,625053,384271,380781,376614,364896,387083,371510]}
MARK CELL_BEGIN N0000 1790154301.076509
MARK CELL_END N0000 1790154301.174967
CELL {"seq":156,"id":"N0000","group":"N","rw":1024,"rh":1024,"sw":1024,"sh":1024,"ratio":"1x","reuse":1,"batch":1,"residency":"warm","readback":"none","iters":20,"iter_ns_p50":2633437,"iter_ns_p95":4299218,"per_op_ns_p50":2633437,"x_cpu_ticks":3,"errors":0,"pixel_ok":true,"wall":[1790154301.076509,1790154301.174967],"iter_ns":[1721354,2303177,3393906,2078386,2429010,2369532,2446094,2535781,4299218,2553281,2633437,2662813,2520938,2762448,4206250,2874375,2612240,2655209,3364792,2731614]}
MARK CELL_BEGIN B0186 1790154301.175017
MARK CELL_END B0186 1790154301.228591
CELL {"seq":157,"id":"B0186","group":"B","rw":256,"rh":256,"sw":512,"sh":512,"ratio":"4x","reuse":1,"batch":1,"residency":"warm","readback":"none","iters":20,"iter_ns_p50":1256094,"iter_ns_p95":7032656,"per_op_ns_p50":1256094,"x_cpu_ticks":2,"errors":0,"pixel_ok":true,"wall":[1790154301.175017,1790154301.228591],"iter_ns":[1106667,1079531,1067032,1100521,1170573,1185730,1286042,1196406,1486875,1832396,7032656,1355208,1211042,1255208,1684219,1306823,2879063,1517604,1256094,1240886]}
MARK CELL_BEGIN A0054 1790154301.228649
MARK CELL_END A0054 1790154301.465635
CELL {"seq":158,"id":"A0054","group":"A","rw":64,"rh":64,"sw":64,"sh":64,"ratio":"1x","reuse":1,"batch":8,"residency":"warm","readback":"none","iters":20,"iter_ns_p50":9523750,"iter_ns_p95":12000157,"per_op_ns_p50":1190468,"x_cpu_ticks":5,"errors":0,"pixel_ok":true,"wall":[1790154301.228649,1790154301.465635],"iter_ns":[7764583,8592968,7864584,9706198,8289062,9455834,7663125,10074688,7585521,9906666,10162292,9523750,9442656,9504844,9946198,12000157,10523802,10603333,9383073,10496406]}
MARK CELL_BEGIN B0145 1790154301.465704
MARK CELL_END B0145 1790154301.584798
CELL {"seq":159,"id":"B0145","group":"B","rw":5,"rh":24,"sw":5,"sh":24,"ratio":"1x","reuse":16,"batch":1,"residency":"warm","readback":"none","iters":20,"iter_ns_p50":3665521,"iter_ns_p95":9268177,"per_op_ns_p50":3665521,"x_cpu_ticks":3,"errors":0,"pixel_ok":true,"wall":[1790154301.465704,1790154301.584798],"iter_ns":[3665521,4359531,3829062,3208281,4414063,3454636,8008750,8759792,9268177,7946459,8124219,8633750,2780312,1230625,870625,2889218,1122083,1150677,1087500,1139740]}
MARK CELL_BEGIN C0240 1790154301.584856
MARK CELL_END C0240 1790154304.281384
CELL {"seq":160,"id":"C0240","group":"C","rw":1200,"rh":2608,"sw":2400,"sh":5216,"ratio":"4x","reuse":1,"batch":16,"residency":"resize","readback":"immediate","iters":20,"iter_ns_p50":107608438,"iter_ns_p95":128576354,"per_op_ns_p50":6725527,"x_cpu_ticks":145,"errors":0,"pixel_ok":true,"wall":[1790154301.584856,1790154304.281384],"iter_ns":[101210677,117467448,106517917,107959792,105707760,102376458,105843334,105400677,103339167,107608438,101621146,101773333,73293594,110858125,107636302,112987396,118473645,115614843,128576354,112371198]}
MARK CELL_BEGIN A0064 1790154304.281442
MARK CELL_END A0064 1790154304.404430
CELL {"seq":161,"id":"A0064","group":"A","rw":128,"rh":128,"sw":128,"sh":128,"ratio":"1x","reuse":1,"batch":4,"residency":"warm","readback":"immediate","iters":20,"iter_ns_p50":4415312,"iter_ns_p95":7053281,"per_op_ns_p50":1103828,"x_cpu_ticks":2,"errors":0,"pixel_ok":true,"wall":[1790154304.281442,1790154304.404430],"iter_ns":[5687448,3866927,3993958,3988072,5571302,4415312,4390156,6580573,4074791,3857968,4053959,7053281,4327657,4725000,6329584,4178437,3344323,4457969,4757917,4518541]}
MARK CELL_BEGIN A0111 1790154304.404501
MARK CELL_END A0111 1790154305.060062
CELL {"seq":162,"id":"A0111","group":"A","rw":1200,"rh":2608,"sw":1200,"sh":2608,"ratio":"1x","reuse":1,"batch":4,"residency":"warm","readback":"none","iters":20,"iter_ns_p50":24636354,"iter_ns_p95":29400573,"per_op_ns_p50":6159088,"x_cpu_ticks":31,"errors":0,"pixel_ok":true,"wall":[1790154304.404501,1790154305.060062],"iter_ns":[28019948,27519427,28468698,27591250,24636354,25653698,26395886,24036719,29400573,23943645,24789844,23496406,22867344,26001302,24238490,16400573,23729480,23895104,22660260,24211094]}
MARK CELL_BEGIN A0115 1790154305.060128
MARK CELL_END A0115 1790154306.366911
CELL {"seq":163,"id":"A0115","group":"A","rw":1200,"rh":2608,"sw":1200,"sh":2608,"ratio":"1x","reuse":1,"batch":8,"residency":"warm","readback":"immediate","iters":20,"iter_ns_p50":52290885,"iter_ns_p95":68470625,"per_op_ns_p50":6536360,"x_cpu_ticks":72,"errors":0,"pixel_ok":true,"wall":[1790154305.060128,1790154306.366911],"iter_ns":[52290885,51709427,53271718,60956302,50196562,46711667,50834948,57450990,41431458,55104531,55513645,68470625,48688750,54891354,54474740,48991406,49092292,51979063,42907917,53877969]}
MARK CELL_BEGIN A0023 1790154306.366977
MARK CELL_END A0023 1790154306.820079
CELL {"seq":164,"id":"A0023","group":"A","rw":5,"rh":24,"sw":5,"sh":24,"ratio":"1x","reuse":1,"batch":16,"residency":"warm","readback":"delayed","iters":20,"iter_ns_p50":18982865,"iter_ns_p95":22426354,"per_op_ns_p50":1186429,"x_cpu_ticks":9,"errors":0,"pixel_ok":true,"wall":[1790154306.366977,1790154306.820079],"iter_ns":[19874896,19888177,14561667,17793386,22316823,20289479,17117709,18735990,22426354,17892917,18438125,20562500,18982865,20151198,18252240,20211511,21409166,15590625,15815729,18246979]}
MARK CELL_BEGIN C0259 1790154306.820151
MARK CELL_END C0259 1790154307.369039
CELL {"seq":165,"id":"C0259","group":"C","rw":128,"rh":128,"sw":512,"sh":512,"ratio":"16x","reuse":1,"batch":16,"residency":"resize","readback":"delayed","iters":20,"iter_ns_p50":23227657,"iter_ns_p95":27652656,"per_op_ns_p50":1451728,"x_cpu_ticks":13,"errors":0,"pixel_ok":true,"wall":[1790154306.820151,1790154307.369039],"iter_ns":[20653542,27652656,24091145,22142083,23322083,18476041,19228593,23338646,23227657,21078698,24424167,25385572,22576979,23811979,23311562,24376771,18485729,18139688,20922552,22938490]}
MARK CELL_BEGIN A0029 1790154307.369114
MARK CELL_END A0029 1790154307.496249
CELL {"seq":166,"id":"A0029","group":"A","rw":16,"rh":16,"sw":16,"sh":16,"ratio":"1x","reuse":1,"batch":4,"residency":"warm","readback":"delayed","iters":20,"iter_ns_p50":4184740,"iter_ns_p95":6710573,"per_op_ns_p50":1046185,"x_cpu_ticks":2,"errors":0,"pixel_ok":true,"wall":[1790154307.369114,1790154307.496249],"iter_ns":[4171615,4292604,6502812,4228698,4089688,5931198,4021406,3759687,3380937,6313646,4140625,4272969,3942239,6710573,4152031,4607083,5632761,4184740,4022552,3677656]}
MARK CELL_BEGIN A0039 1790154307.496306
MARK CELL_END A0039 1790154307.632950
CELL {"seq":167,"id":"A0039","group":"A","rw":32,"rh":32,"sw":32,"sh":32,"ratio":"1x","reuse":1,"batch":4,"residency":"warm","readback":"none","iters":20,"iter_ns_p50":5336875,"iter_ns_p95":9047031,"per_op_ns_p50":1334218,"x_cpu_ticks":3,"errors":0,"pixel_ok":true,"wall":[1790154307.496306,1790154307.632950],"iter_ns":[6203959,6975469,4363698,6540052,3962604,3882448,4165469,9047031,4368802,7620261,4315156,5474896,6678645,4325156,5336875,6682760,3985573,4246250,6259219,3451562]}
MARK CELL_BEGIN B0195 1790154307.633000
MARK CELL_END B0195 1790154307.697809
CELL {"seq":168,"id":"B0195","group":"B","rw":512,"rh":512,"sw":1024,"sh":1024,"ratio":"4x","reuse":1,"batch":1,"residency":"warm","readback":"none","iters":20,"iter_ns_p50":1493282,"iter_ns_p95":2409010,"per_op_ns_p50":1493282,"x_cpu_ticks":2,"errors":0,"pixel_ok":true,"wall":[1790154307.633000,1790154307.697809],"iter_ns":[1363021,1086927,1171458,1151667,1121146,1108489,1106823,1119688,1664791,1759948,1453177,2409010,1553907,1532083,1502031,1493282,1599843,1716718,1530937,1396458]}
MARK CELL_BEGIN A0041 1790154307.697863
MARK CELL_END A0041 1790154307.818648
CELL {"seq":169,"id":"A0041","group":"A","rw":32,"rh":32,"sw":32,"sh":32,"ratio":"1x","reuse":1,"batch":4,"residency":"warm","readback":"delayed","iters":20,"iter_ns_p50":4169323,"iter_ns_p95":8136354,"per_op_ns_p50":1042330,"x_cpu_ticks":3,"errors":0,"pixel_ok":true,"wall":[1790154307.697863,1790154307.818648],"iter_ns":[3176771,4749948,3815677,3993750,4081511,5758333,4045782,4390468,3729323,8136354,4025365,4160729,6931823,4169323,4361615,6546407,4164427,4427552,6859635,4006042]}
MARK CELL_BEGIN B0196 1790154307.818713
MARK CELL_END B0196 1790154307.923726
CELL {"seq":170,"id":"B0196","group":"B","rw":512,"rh":512,"sw":2048,"sh":2048,"ratio":"16x","reuse":1,"batch":1,"residency":"warm","readback":"none","iters":20,"iter_ns_p50":1069688,"iter_ns_p95":2578698,"per_op_ns_p50":1069688,"x_cpu_ticks":3,"errors":0,"pixel_ok":true,"wall":[1790154307.818713,1790154307.923726],"iter_ns":[705573,1333802,1056146,1069427,1069688,1089062,1055938,1056354,1054948,1076093,1133386,1081771,1138906,2578698,1064219,1083541,1324896,1037188,1020573,1012656]}
MARK CELL_BEGIN B0221 1790154307.923772
MARK CELL_END B0221 1790154308.594694
CELL {"seq":171,"id":"B0221","group":"B","rw":3440,"rh":1440,"sw":3440,"sh":1440,"ratio":"1x","reuse":1,"batch":1,"residency":"resize","readback":"none","iters":20,"iter_ns_p50":24282343,"iter_ns_p95":28957344,"per_op_ns_p50":24282343,"x_cpu_ticks":38,"errors":0,"pixel_ok":true,"wall":[1790154307.923772,1790154308.594694],"iter_ns":[28099323,24749896,23377032,24825417,22360365,25916459,22164895,26095677,22259792,26185833,22799740,23914219,22246927,24416823,22240625,28957344,26192188,23995573,23807865,24282343]}
MARK CELL_BEGIN A0046 1790154308.594782
MARK CELL_END A0046 1790154309.025944
CELL {"seq":172,"id":"A0046","group":"A","rw":32,"rh":32,"sw":32,"sh":32,"ratio":"1x","reuse":1,"batch":16,"residency":"warm","readback":"immediate","iters":20,"iter_ns_p50":17752188,"iter_ns_p95":22561562,"per_op_ns_p50":1109511,"x_cpu_ticks":9,"errors":0,"pixel_ok":true,"wall":[1790154308.594782,1790154309.025944],"iter_ns":[19474427,22561562,21770990,16198854,16470312,17432865,14230156,17959323,14137917,19530469,15858437,19966302,20679323,14354271,17752188,16908802,21281927,20473021,16199115,14347292]}
MARK CELL_BEGIN C0228 1790154309.026017
MARK CELL_END C0228 1790154309.195226
CELL {"seq":173,"id":"C0228","group":"C","rw":128,"rh":128,"sw":512,"sh":512,"ratio":"16x","reuse":16,"batch":1,"residency":"warm","readback":"delayed","iters":20,"iter_ns_p50":2967135,"iter_ns_p95":13702968,"per_op_ns_p50":2967135,"x_cpu_ticks":6,"errors":0,"pixel_ok":true,"wall":[1790154309.026017,1790154309.195226],"iter_ns":[1898125,1822968,1901198,1816041,2967135,8702239,10014844,13702968,10417917,11469427,7404583,10429635,12744114,2892188,2113386,7369896,2935260,1983750,1183698,1150781]}
MARK CELL_BEGIN C0255 1790154309.195280
MARK CELL_END C0255 1790154309.385325
CELL {"seq":174,"id":"C0255","group":"C","rw":128,"rh":128,"sw":128,"sh":128,"ratio":"1x","reuse":64,"batch":1,"residency":"warm","readback":"immediate","iters":20,"iter_ns_p50":8774323,"iter_ns_p95":11458594,"per_op_ns_p50":8774323,"x_cpu_ticks":5,"errors":0,"pixel_ok":true,"wall":[1790154309.195280,1790154309.385325],"iter_ns":[1898854,1961666,2797240,1923333,1815521,7401355,7998438,7936302,9005625,10550209,9657032,8774323,9773437,10336875,11072708,7830625,4863229,9935416,11458594,10102865]}
MARK CELL_BEGIN A0002 1790154309.385397
MARK CELL_END A0002 1790154309.428299
CELL {"seq":175,"id":"A0002","group":"A","rw":1,"rh":1,"sw":1,"sh":1,"ratio":"1x","reuse":1,"batch":1,"residency":"warm","readback":"delayed","iters":20,"iter_ns_p50":1227291,"iter_ns_p95":2606354,"per_op_ns_p50":1227291,"x_cpu_ticks":0,"errors":0,"pixel_ok":true,"wall":[1790154309.385397,1790154309.428299],"iter_ns":[1046667,1014323,1001250,1033125,1280468,1180938,2084323,1639583,1074635,1049583,1185312,1215416,1481823,1227291,1248489,1423073,1278385,1172552,2299583,2606354]}
MARK CELL_BEGIN A0104 1790154309.428361
MARK CELL_END A0104 1790154310.032490
CELL {"seq":176,"id":"A0104","group":"A","rw":1024,"rh":1024,"sw":1024,"sh":1024,"ratio":"1x","reuse":1,"batch":8,"residency":"warm","readback":"delayed","iters":20,"iter_ns_p50":24188646,"iter_ns_p95":32423125,"per_op_ns_p50":3023580,"x_cpu_ticks":25,"errors":0,"pixel_ok":true,"wall":[1790154309.428361,1790154310.032490],"iter_ns":[23575938,26373698,25702240,24188646,26189688,25946719,23516198,32423125,19781250,29318437,26152552,22531718,21927188,22104167,23855208,23201302,21285208,25884427,17962344,24951771]}
MARK CELL_BEGIN A0075 1790154310.032538
MARK CELL_END A0075 1790154310.187809
CELL {"seq":177,"id":"A0075","group":"A","rw":256,"rh":256,"sw":256,"sh":256,"ratio":"1x","reuse":1,"batch":4,"residency":"warm","readback":"none","iters":20,"iter_ns_p50":5674010,"iter_ns_p95":9431980,"per_op_ns_p50":1418502,"x_cpu_ticks":4,"errors":0,"pixel_ok":true,"wall":[1790154310.032538,1790154310.187809],"iter_ns":[6183698,4409792,5353541,6201771,4465625,4502239,7107344,7037552,4525260,6430573,4881979,5553645,8094687,5674010,5448646,9431980,5212968,7965156,5322708,7579219]}
MARK CELL_BEGIN B0165 1790154310.187883
MARK CELL_END B0165 1790154310.276614
CELL {"seq":178,"id":"B0165","group":"B","rw":32,"rh":32,"sw":32,"sh":32,"ratio":"1x","reuse":1,"batch":1,"residency":"cold","readback":"none","iters":20,"iter_ns_p50":2223021,"iter_ns_p95":5604687,"per_op_ns_p50":2223021,"x_cpu_ticks":3,"errors":0,"pixel_ok":true,"wall":[1790154310.187883,1790154310.276614],"iter_ns":[2438490,2454896,2642448,3438438,2203854,2223021,2285989,3510312,2136980,1976510,1902812,2049219,3073541,1849219,1638698,1666979,1707917,1694427,5604687,2973594]}
MARK CELL_BEGIN A0128 1790154310.276664
MARK CELL_END A0128 1790154312.080429
CELL {"seq":179,"id":"A0128","group":"A","rw":3440,"rh":1440,"sw":3440,"sh":1440,"ratio":"1x","reuse":1,"batch":8,"residency":"warm","readback":"delayed","iters":20,"iter_ns_p50":72513385,"iter_ns_p95":89765261,"per_op_ns_p50":9064173,"x_cpu_ticks":93,"errors":0,"pixel_ok":true,"wall":[1790154310.276664,1790154312.080429],"iter_ns":[73947656,72786718,70028437,73566823,70278855,70733698,77313125,85426562,66766927,72394948,73314687,71270104,75566927,65946094,67677760,89765261,72513385,66294532,73391458,47493854]}
MARK CELL_BEGIN A0043 1790154312.080509
MARK CELL_END A0043 1790154312.282179
CELL {"seq":180,"id":"A0043","group":"A","rw":32,"rh":32,"sw":32,"sh":32,"ratio":"1x","reuse":1,"batch":8,"residency":"warm","readback":"immediate","iters":20,"iter_ns_p50":8092344,"iter_ns_p95":11335261,"per_op_ns_p50":1011543,"x_cpu_ticks":3,"errors":0,"pixel_ok":true,"wall":[1790154312.080509,1790154312.282179],"iter_ns":[5806198,5256354,3551094,5439895,8313855,7350261,6013750,8280729,6134635,6356302,7894323,9896615,7422760,11335261,8449687,9442708,8092344,10959479,10404323,8145677]}
MARK CELL_BEGIN B0206 1790154312.282302
MARK CELL_END B0206 1790154312.394353
CELL {"seq":181,"id":"B0206","group":"B","rw":1024,"rh":1024,"sw":1200,"sh":2191,"ratio":"redirected","reuse":1,"batch":1,"residency":"warm","readback":"none","iters":20,"iter_ns_p50":2202657,"iter_ns_p95":4792865,"per_op_ns_p50":2202657,"x_cpu_ticks":4,"errors":0,"pixel_ok":true,"wall":[1790154312.282302,1790154312.394353],"iter_ns":[1693802,1684532,1601041,3269687,4630416,1930781,1948958,1754844,1728697,2343906,4792865,2202657,2026198,2058333,2049948,2544532,3993177,2262188,2608906,2641614]}
MARK CELL_BEGIN N0000 1790154312.394406
MARK CELL_END N0000 1790154312.479414
CELL {"seq":182,"id":"N0000","group":"N","rw":1024,"rh":1024,"sw":1024,"sh":1024,"ratio":"1x","reuse":1,"batch":1,"residency":"warm","readback":"none","iters":20,"iter_ns_p50":2179792,"iter_ns_p95":3826094,"per_op_ns_p50":2179792,"x_cpu_ticks":3,"errors":0,"pixel_ok":true,"wall":[1790154312.394406,1790154312.479414],"iter_ns":[2068125,1852604,2762865,1877864,1836407,1869583,1837448,1856302,2496823,2114583,3103802,2064167,2179792,2087448,2184896,2182656,2539479,3826094,2315781,2288437]}
MARK CELL_BEGIN C0260 1790154312.479459
MARK CELL_END C0260 1790154313.410242
CELL {"seq":183,"id":"C0260","group":"C","rw":1024,"rh":1024,"sw":2048,"sh":2048,"ratio":"4x","reuse":1,"batch":4,"residency":"cold","readback":"delayed","iters":20,"iter_ns_p50":22264167,"iter_ns_p95":26320781,"per_op_ns_p50":5566041,"x_cpu_ticks":55,"errors":0,"pixel_ok":true,"wall":[1790154312.479459,1790154313.410242],"iter_ns":[22175157,22440625,22842344,21465052,22264167,22064011,22554688,23238281,22144375,23190104,21917083,21607656,22235208,22182500,22012605,26320781,25013854,22627864,21571614,25034323]}
MARK CELL_BEGIN A0085 1790154313.410291
MARK CELL_END A0085 1790154313.455926
CELL {"seq":184,"id":"A0085","group":"A","rw":512,"rh":512,"sw":512,"sh":512,"ratio":"1x","reuse":1,"batch":1,"residency":"warm","readback":"immediate","iters":20,"iter_ns_p50":1247969,"iter_ns_p95":3959791,"per_op_ns_p50":1247969,"x_cpu_ticks":1,"errors":0,"pixel_ok":true,"wall":[1790154313.410291,1790154313.455926],"iter_ns":[3959791,1471875,1263073,1277396,1255990,1347083,1238021,2206354,2574271,1226562,1220156,1171770,1182136,1152708,1167604,1247969,1207187,1201615,1271042,1244688]}
MARK CELL_BEGIN B0134 1790154313.455953
MARK CELL_END B0134 1790154313.492649
CELL {"seq":185,"id":"B0134","group":"B","rw":1,"rh":1,"sw":1200,"sh":2191,"ratio":"redirected","reuse":1,"batch":1,"residency":"warm","readback":"none","iters":20,"iter_ns_p50":369896,"iter_ns_p95":646719,"per_op_ns_p50":369896,"x_cpu_ticks":1,"errors":0,"pixel_ok":true,"wall":[1790154313.455953,1790154313.492649],"iter_ns":[646719,369479,378230,370105,377032,365989,367396,373802,363906,363177,360157,369896,383593,358281,383334,369166,373698,368021,375625,361146]}
MARK CELL_BEGIN C0242 1790154313.492702
MARK CELL_END C0242 1790154313.654280
CELL {"seq":186,"id":"C0242","group":"C","rw":5,"rh":24,"sw":5,"sh":24,"ratio":"1x","reuse":4,"batch":8,"residency":"warm","readback":"none","iters":20,"iter_ns_p50":6437344,"iter_ns_p95":11414479,"per_op_ns_p50":804668,"x_cpu_ticks":2,"errors":0,"pixel_ok":true,"wall":[1790154313.492702,1790154313.654280],"iter_ns":[4936146,2613594,4995000,5813906,7248490,8160990,6384219,8410729,4840833,2889896,4218594,7866563,3118334,5553906,6437344,7474427,9192031,7131510,11414479,7377917]}
MARK CELL_BEGIN B0157 1790154313.654373
MARK CELL_END B0157 1790154313.755109
CELL {"seq":187,"id":"B0157","group":"B","rw":16,"rh":16,"sw":16,"sh":16,"ratio":"1x","reuse":1,"batch":1,"residency":"resize","readback":"none","iters":20,"iter_ns_p50":3622552,"iter_ns_p95":10779062,"per_op_ns_p50":3622552,"x_cpu_ticks":4,"errors":0,"pixel_ok":true,"wall":[1790154313.654373,1790154313.755109],"iter_ns":[3709792,4206198,3566875,2852135,2913542,4385885,3336458,2648802,2738386,2888854,4501719,2922084,2557447,10779062,3935260,3673906,3622552,3246458,5364583,3857813]}
MARK CELL_BEGIN B0220 1790154313.755186
MARK CELL_END B0220 1790154314.870559
CELL {"seq":188,"id":"B0220","group":"B","rw":3440,"rh":1440,"sw":3440,"sh":1440,"ratio":"1x","reuse":1,"batch":1,"residency":"cold","readback":"none","iters":20,"iter_ns_p50":24692031,"iter_ns_p95":26486250,"per_op_ns_p50":24692031,"x_cpu_ticks":71,"errors":0,"pixel_ok":true,"wall":[1790154313.755186,1790154314.870559],"iter_ns":[26124063,24855260,24096146,24307187,23676459,25374114,24908437,25451146,26486250,23096875,24479375,24167812,24692031,24080937,25140416,25035937,23987917,25056511,24088698,23490156]}
MARK CELL_BEGIN B0219 1790154314.870628
MARK CELL_END B0219 1790154315.348581
CELL {"seq":189,"id":"B0219","group":"B","rw":3440,"rh":1440,"sw":3440,"sh":1440,"ratio":"1x","reuse":4,"batch":1,"residency":"warm","readback":"none","iters":20,"iter_ns_p50":7932500,"iter_ns_p95":25488073,"per_op_ns_p50":7932500,"x_cpu_ticks":21,"errors":0,"pixel_ok":true,"wall":[1790154314.870628,1790154315.348581],"iter_ns":[25488073,5533750,7399688,4753542,5959739,4979167,5844167,6132552,8533333,12991354,14744271,11097552,8135834,8451250,11689218,7701145,7833490,7593854,9035937,7932500]}
MARK CELL_BEGIN A0055 1790154315.348627
MARK CELL_END A0055 1790154315.898686
CELL {"seq":190,"id":"A0055","group":"A","rw":64,"rh":64,"sw":64,"sh":64,"ratio":"1x","reuse":1,"batch":8,"residency":"warm","readback":"immediate","iters":20,"iter_ns_p50":28664323,"iter_ns_p95":57034740,"per_op_ns_p50":3583040,"x_cpu_ticks":5,"errors":0,"pixel_ok":true,"wall":[1790154315.348627,1790154315.898686],"iter_ns":[5306666,30548594,8931302,57034740,23199479,14384010,33232917,34021094,29561042,3784167,31104271,5480989,38520625,28664323,29134375,29602031,8874010,6752239,6897708,7757760]}
MARK CELL_BEGIN B0137 1790154315.898739
MARK CELL_END B0137 1790154316.059250
CELL {"seq":191,"id":"B0137","group":"B","rw":1,"rh":1,"sw":1,"sh":1,"ratio":"1x","reuse":64,"batch":1,"residency":"warm","readback":"none","iters":20,"iter_ns_p50":7813438,"iter_ns_p95":9368021,"per_op_ns_p50":7813438,"x_cpu_ticks":3,"errors":0,"pixel_ok":true,"wall":[1790154315.898739,1790154316.059250],"iter_ns":[3068594,7063177,3884532,2661875,2251146,8147344,9368021,8422396,8077032,3570208,8950260,8470990,3658229,3588906,8457917,8844583,7813438,8441041,7767604,7284687]}
MARK CELL_BEGIN B0147 1790154316.059287
MARK CELL_END B0147 1790154316.124185
CELL {"seq":192,"id":"B0147","group":"B","rw":5,"rh":24,"sw":5,"sh":24,"ratio":"1x","reuse":1,"batch":1,"residency":"cold","readback":"none","iters":20,"iter_ns_p50":1698020,"iter_ns_p95":6725260,"per_op_ns_p50":1698020,"x_cpu_ticks":3,"errors":0,"pixel_ok":true,"wall":[1790154316.059287,1790154316.124185],"iter_ns":[1809739,6725260,1747448,1614166,1421041,1320364,2604062,1659583,1875573,1746979,1698020,1792031,1768646,2509687,1655052,1642864,1693437,1493021,1680521,1497604]}
MARK CELL_BEGIN A0020 1790154316.124216
MARK CELL_END A0020 1790154316.261144
CELL {"seq":193,"id":"A0020","group":"A","rw":5,"rh":24,"sw":5,"sh":24,"ratio":"1x","reuse":1,"batch":8,"residency":"warm","readback":"delayed","iters":20,"iter_ns_p50":5586458,"iter_ns_p95":10749635,"per_op_ns_p50":698307,"x_cpu_ticks":1,"errors":0,"pixel_ok":true,"wall":[1790154316.124216,1790154316.261144],"iter_ns":[5586458,3085833,7315000,6020365,6812812,6440625,4870000,2668958,4373906,5771510,4733750,4031927,3875573,4496145,4516354,6123281,5309896,6598646,6126093,10749635]}
MARK CELL_BEGIN B0179 1790154316.261268
MARK CELL_END B0179 1790154316.330241
CELL {"seq":194,"id":"B0179","group":"B","rw":128,"rh":128,"sw":1200,"sh":2191,"ratio":"redirected","reuse":1,"batch":1,"residency":"warm","readback":"none","iters":20,"iter_ns_p50":1036302,"iter_ns_p95":2798281,"per_op_ns_p50":1036302,"x_cpu_ticks":2,"errors":0,"pixel_ok":true,"wall":[1790154316.261268,1790154316.330241],"iter_ns":[736146,1146823,1830260,1251458,982552,1036302,1013020,1006354,1001458,998645,991979,1056094,1004792,1016979,1303594,1212865,1191927,2798281,1017031,1039636]}
MARK CELL_BEGIN A0116 1790154316.330292
MARK CELL_END A0116 1790154317.485463
CELL {"seq":195,"id":"A0116","group":"A","rw":1200,"rh":2608,"sw":1200,"sh":2608,"ratio":"1x","reuse":1,"batch":8,"residency":"warm","readback":"delayed","iters":20,"iter_ns_p50":47774636,"iter_ns_p95":60451563,"per_op_ns_p50":5971829,"x_cpu_ticks":54,"errors":0,"pixel_ok":true,"wall":[1790154316.330292,1790154317.485463],"iter_ns":[47774636,50149271,47684636,47096145,47231458,47938386,53059218,60451563,29834948,37695208,44255208,48343177,45914011,31411666,30139948,57499062,44153177,49480521,52001666,48855989]}
MARK CELL_BEGIN B0198 1790154317.485526
MARK CELL_END B0198 1790154317.535634
CELL {"seq":196,"id":"B0198","group":"B","rw":512,"rh":512,"sw":512,"sh":512,"ratio":"1x","reuse":4,"batch":1,"residency":"warm","readback":"none","iters":20,"iter_ns_p50":1028489,"iter_ns_p95":2391094,"per_op_ns_p50":1028489,"x_cpu_ticks":1,"errors":0,"pixel_ok":true,"wall":[1790154317.485526,1790154317.535634],"iter_ns":[2391094,2020833,970781,1262604,998072,996875,979635,1237135,972292,1025886,1140573,1173438,1913594,998855,1028489,1048906,1028177,1045261,1011875,1020052]}
MARK CELL_BEGIN B0208 1790154317.535678
MARK CELL_END B0208 1790154318.103021
CELL {"seq":197,"id":"B0208","group":"B","rw":1024,"rh":1024,"sw":1024,"sh":1024,"ratio":"1x","reuse":16,"batch":1,"residency":"warm","readback":"none","iters":20,"iter_ns_p50":6037240,"iter_ns_p95":57284583,"per_op_ns_p50":6037240,"x_cpu_ticks":37,"errors":0,"pixel_ok":true,"wall":[1790154317.535678,1790154318.103021],"iter_ns":[4830261,6182032,5773698,6037240,5603073,37997865,44241510,49733854,54118958,53968021,57284583,44672083,56672708,4744583,2957916,4293855,2512969,1862864,1775312,1784688]}
MARK CELL_BEGIN C0253 1790154318.103055
MARK CELL_END C0253 1790154318.927011
CELL {"seq":198,"id":"C0253","group":"C","rw":1024,"rh":1024,"sw":1200,"sh":2191,"ratio":"redirected","reuse":1,"batch":8,"residency":"recreate","readback":"immediate","iters":20,"iter_ns_p50":34747917,"iter_ns_p95":41274479,"per_op_ns_p50":4343489,"x_cpu_ticks":38,"errors":0,"pixel_ok":true,"wall":[1790154318.103055,1790154318.927011],"iter_ns":[29672969,37262969,32725781,31849479,35342604,39180417,32748020,33170833,32001718,37335104,31847188,37882447,36809010,37138906,32585521,30691459,33181614,34747917,39130156,41274479]}
MARK CELL_BEGIN B0185 1790154318.927067
MARK CELL_END B0185 1790154318.990055
CELL {"seq":199,"id":"B0185","group":"B","rw":128,"rh":128,"sw":128,"sh":128,"ratio":"1x","reuse":1,"batch":1,"residency":"recreate","readback":"none","iters":20,"iter_ns_p50":2170521,"iter_ns_p95":3521510,"per_op_ns_p50":2170521,"x_cpu_ticks":2,"errors":0,"pixel_ok":true,"wall":[1790154318.927067,1790154318.990055],"iter_ns":[2440521,2409167,2326198,2223750,2345260,2235521,3521510,2206823,2094375,2050886,2119739,2138698,2170521,3231302,2144011,2106197,2093698,1999427,2034218,2145729]}
MARK CELL_BEGIN B0148 1790154318.990094
MARK CELL_END B0148 1790154319.032271
CELL {"seq":200,"id":"B0148","group":"B","rw":5,"rh":24,"sw":5,"sh":24,"ratio":"1x","reuse":1,"batch":1,"residency":"resize","readback":"none","iters":20,"iter_ns_p50":1546771,"iter_ns_p95":3525834,"per_op_ns_p50":1546771,"x_cpu_ticks":1,"errors":0,"pixel_ok":true,"wall":[1790154318.990094,1790154319.032271],"iter_ns":[1498958,1606614,1546771,1366406,1263177,1379323,3525834,1618125,1689270,1687188,1676563,1295364,1365208,1431459,1504479,2609740,1643281,1595729,1428698,1373282]}
MARK CELL_BEGIN C0251 1790154319.032300
MARK CELL_END C0251 1790154319.286504
CELL {"seq":201,"id":"C0251","group":"C","rw":16,"rh":16,"sw":64,"sh":64,"ratio":"16x","reuse":1,"batch":8,"residency":"cold","readback":"immediate","iters":20,"iter_ns_p50":10174427,"iter_ns_p95":11423490,"per_op_ns_p50":1271803,"x_cpu_ticks":6,"errors":0,"pixel_ok":true,"wall":[1790154319.032300,1790154319.286504],"iter_ns":[10293385,5943021,8725938,9071042,11308646,10766511,9462813,10560990,9754843,8303281,9976979,9684219,8959740,10174427,10720937,9563855,10520416,10706354,11423490,10419584]}
MARK CELL_BEGIN A0017 1790154319.286554
MARK CELL_END A0017 1790154319.409516
CELL {"seq":202,"id":"A0017","group":"A","rw":5,"rh":24,"sw":5,"sh":24,"ratio":"1x","reuse":1,"batch":4,"residency":"warm","readback":"delayed","iters":20,"iter_ns_p50":4333594,"iter_ns_p95":7032656,"per_op_ns_p50":1083398,"x_cpu_ticks":3,"errors":0,"pixel_ok":true,"wall":[1790154319.286554,1790154319.409516],"iter_ns":[3046198,5091822,3968334,4016094,3935677,6691927,4114687,4532916,7032656,3417552,3979531,5535573,3609739,3847239,4065312,6378490,4404062,4333594,4575052,6856250]}
MARK CELL_BEGIN B0210 1790154319.409593
MARK CELL_END B0210 1790154319.596638
CELL {"seq":203,"id":"B0210","group":"B","rw":1024,"rh":1024,"sw":1024,"sh":1024,"ratio":"1x","reuse":1,"batch":1,"residency":"resize","readback":"none","iters":20,"iter_ns_p50":6683281,"iter_ns_p95":8768229,"per_op_ns_p50":6683281,"x_cpu_ticks":9,"errors":0,"pixel_ok":true,"wall":[1790154319.409593,1790154319.596638],"iter_ns":[8768229,6848178,7158333,6956302,6926875,6755885,6461875,6862292,5808541,5902448,6612812,6498854,6741875,5671302,6048646,5313177,7640937,5089322,6683281,6196771]}
MARK CELL_BEGIN B0170 1790154319.596678
MARK CELL_END B0170 1790154319.637015
CELL {"seq":204,"id":"B0170","group":"B","rw":64,"rh":64,"sw":1200,"sh":2191,"ratio":"redirected","reuse":1,"batch":1,"residency":"warm","readback":"none","iters":20,"iter_ns_p50":415677,"iter_ns_p95":1681145,"per_op_ns_p50":415677,"x_cpu_ticks":0,"errors":0,"pixel_ok":true,"wall":[1790154319.596678,1790154319.637015],"iter_ns":[403541,386198,364271,377343,415677,888802,898125,643333,376563,370365,367657,364219,416718,635678,649166,424271,686354,1681145,400729,380156]}
MARK CELL_BEGIN B0184 1790154319.637061
MARK CELL_END B0184 1790154319.679924
CELL {"seq":205,"id":"B0184","group":"B","rw":128,"rh":128,"sw":128,"sh":128,"ratio":"1x","reuse":1,"batch":1,"residency":"resize","readback":"none","iters":20,"iter_ns_p50":1553021,"iter_ns_p95":2641875,"per_op_ns_p50":1553021,"x_cpu_ticks":1,"errors":0,"pixel_ok":true,"wall":[1790154319.637061,1790154319.679924],"iter_ns":[1304375,1470990,1553021,1499636,1322969,1556979,1407865,2373177,1484740,1527552,1595573,1719948,1829167,1471615,1664427,1471771,1545625,2641875,1869115,1740052]}
MARK CELL_BEGIN C0224 1790154319.679953
MARK CELL_END C0224 1790154320.133235
CELL {"seq":206,"id":"C0224","group":"C","rw":32,"rh":32,"sw":64,"sh":64,"ratio":"4x","reuse":1,"batch":16,"residency":"cold","readback":"none","iters":20,"iter_ns_p50":18118750,"iter_ns_p95":25016458,"per_op_ns_p50":1132421,"x_cpu_ticks":10,"errors":0,"pixel_ok":true,"wall":[1790154319.679953,1790154320.133235],"iter_ns":[15104323,12468698,10342812,10781146,13428803,13433594,13489479,18118750,15604166,17843593,19366354,14993386,23632292,21838073,19494896,20785885,20638750,21309115,23436979,25016458]}
MARK CELL_BEGIN B0139 1790154320.133320
MARK CELL_END B0139 1790154320.213077
CELL {"seq":207,"id":"B0139","group":"B","rw":1,"rh":1,"sw":1,"sh":1,"ratio":"1x","reuse":1,"batch":1,"residency":"resize","readback":"none","iters":20,"iter_ns_p50":2543698,"iter_ns_p95":4925625,"per_op_ns_p50":2543698,"x_cpu_ticks":3,"errors":0,"pixel_ok":true,"wall":[1790154320.133320,1790154320.213077],"iter_ns":[2941146,2485312,2543698,4377864,3855521,3207135,3251823,4925625,3027864,2202448,2211823,2306407,2465573,3618958,2774115,2288802,2312396,2128281,2224531,2205781]}
MARK CELL_BEGIN N0000 1790154320.213139
MARK CELL_END N0000 1790154320.312802
CELL {"seq":208,"id":"N0000","group":"N","rw":1024,"rh":1024,"sw":1024,"sh":1024,"ratio":"1x","reuse":1,"batch":1,"residency":"warm","readback":"none","iters":20,"iter_ns_p50":2370572,"iter_ns_p95":4033697,"per_op_ns_p50":2370572,"x_cpu_ticks":3,"errors":0,"pixel_ok":true,"wall":[1790154320.213139,1790154320.312802],"iter_ns":[2259844,3106250,1765885,2074218,2025625,2037864,2344636,2113177,2499843,4033697,2290104,2250365,2648177,2639271,2378281,3959115,2370572,2382552,2325365,2810782]}
MARK CELL_BEGIN A0036 1790154320.312866
MARK CELL_END A0036 1790154320.337830
CELL {"seq":209,"id":"A0036","group":"A","rw":32,"rh":32,"sw":32,"sh":32,"ratio":"1x","reuse":1,"batch":1,"residency":"warm","readback":"none","iters":20,"iter_ns_p50":388854,"iter_ns_p95":5834531,"per_op_ns_p50":388854,"x_cpu_ticks":1,"errors":0,"pixel_ok":true,"wall":[1790154320.312866,1790154320.337830],"iter_ns":[973490,653177,5834531,895313,633750,385416,388177,371094,371510,384011,362500,371146,388854,390520,372031,380625,360677,404844,417239,395573]}
MARK CELL_BEGIN B0138 1790154320.337854
MARK CELL_END B0138 1790154320.394957
CELL {"seq":210,"id":"B0138","group":"B","rw":1,"rh":1,"sw":1,"sh":1,"ratio":"1x","reuse":1,"batch":1,"residency":"cold","readback":"none","iters":20,"iter_ns_p50":1656510,"iter_ns_p95":2567864,"per_op_ns_p50":1656510,"x_cpu_ticks":1,"errors":0,"pixel_ok":true,"wall":[1790154320.337854,1790154320.394957],"iter_ns":[1297969,1429584,1767032,2028125,2567864,1677760,1654948,1666875,1640156,1645885,1582969,2502083,1607187,1593229,1594740,1735625,1554584,1657656,2488438,1656510]}
MARK CELL_BEGIN C0250 1790154320.394995
MARK CELL_END C0250 1790154320.742476
CELL {"seq":211,"id":"C0250","group":"C","rw":1,"rh":1,"sw":1,"sh":1,"ratio":"1x","reuse":1,"batch":16,"residency":"cold","readback":"immediate","iters":20,"iter_ns_p50":13649479,"iter_ns_p95":22252865,"per_op_ns_p50":853092,"x_cpu_ticks":7,"errors":0,"pixel_ok":true,"wall":[1790154320.394995,1790154320.742476],"iter_ns":[10042604,7373646,8403854,8835990,10970000,11555781,10806562,18560521,22252865,20583229,14281771,21071354,17048854,18325208,15784271,17104948,13649479,13275625,7949271,9925313]}
MARK CELL_BEGIN A0097 1790154320.742520
MARK CELL_END A0097 1790154320.870918
CELL {"seq":212,"id":"A0097","group":"A","rw":1024,"rh":1024,"sw":1024,"sh":1024,"ratio":"1x","reuse":1,"batch":1,"residency":"warm","readback":"immediate","iters":20,"iter_ns_p50":3599531,"iter_ns_p95":8612344,"per_op_ns_p50":3599531,"x_cpu_ticks":7,"errors":0,"pixel_ok":true,"wall":[1790154320.742520,1790154320.870918],"iter_ns":[8612344,2988697,3099271,6025834,7339480,2840000,3815468,2711562,5619010,2766823,3181355,3648594,2758802,2672240,6166615,3599531,6933750,2662500,2725104,3993281]}
MARK CELL_BEGIN C0256 1790154320.870962
MARK CELL_END C0256 1790154321.211317
CELL {"seq":213,"id":"C0256","group":"C","rw":512,"rh":512,"sw":512,"sh":512,"ratio":"1x","reuse":4,"batch":8,"residency":"warm","readback":"none","iters":20,"iter_ns_p50":13778073,"iter_ns_p95":17542916,"per_op_ns_p50":1722259,"x_cpu_ticks":9,"errors":0,"pixel_ok":true,"wall":[1790154320.870962,1790154321.211317],"iter_ns":[12617604,13021250,16759323,16489636,15199896,11404114,9949063,9800312,8832083,13778073,13243646,12683906,14881667,13739115,14474115,15020990,14149948,15098333,17542916,13574115]}
MARK CELL_BEGIN A0001 1790154321.211365
MARK CELL_END A0001 1790154321.261105
CELL {"seq":214,"id":"A0001","group":"A","rw":1,"rh":1,"sw":1,"sh":1,"ratio":"1x","reuse":1,"batch":1,"residency":"warm","readback":"immediate","iters":20,"iter_ns_p50":1213021,"iter_ns_p95":5032343,"per_op_ns_p50":1213021,"x_cpu_ticks":1,"errors":0,"pixel_ok":true,"wall":[1790154321.211365,1790154321.261105],"iter_ns":[975729,2115520,1479062,1145156,1131094,1102604,1213021,1212761,1212657,5032343,1872813,2232917,1459323,1246928,1201146,1223021,946771,1196563,1267812,1173386]}
MARK CELL_BEGIN A0112 1790154321.261185
MARK CELL_END A0112 1790154322.019497
CELL {"seq":215,"id":"A0112","group":"A","rw":1200,"rh":2608,"sw":1200,"sh":2608,"ratio":"1x","reuse":1,"batch":4,"residency":"warm","readback":"immediate","iters":20,"iter_ns_p50":26262500,"iter_ns_p95":51981667,"per_op_ns_p50":6565625,"x_cpu_ticks":43,"errors":0,"pixel_ok":true,"wall":[1790154321.261185,1790154322.019497],"iter_ns":[18218542,23065000,47457552,51981667,26262500,17352813,19838229,19838594,23752448,37675469,18829636,25689323,27917343,28583697,24553645,31155468,32045156,39993438,24772291,26350365]}
MARK CELL_BEGIN B0160 1790154322.019562
MARK CELL_END B0160 1790154322.035947
CELL {"seq":216,"id":"B0160","group":"B","rw":32,"rh":32,"sw":128,"sh":128,"ratio":"16x","reuse":1,"batch":1,"residency":"warm","readback":"none","iters":20,"iter_ns_p50":377344,"iter_ns_p95":413385,"per_op_ns_p50":377344,"x_cpu_ticks":1,"errors":0,"pixel_ok":true,"wall":[1790154322.019562,1790154322.035947],"iter_ns":[362031,361406,396563,385365,352396,366927,386562,384740,413385,395365,390312,398646,369114,368125,378177,375781,363593,377344,367292,375052]}
MARK CELL_BEGIN A0119 1790154322.035965
MARK CELL_END A0119 1790154324.432301
CELL {"seq":217,"id":"A0119","group":"A","rw":1200,"rh":2608,"sw":1200,"sh":2608,"ratio":"1x","reuse":1,"batch":16,"residency":"warm","readback":"delayed","iters":20,"iter_ns_p50":99811041,"iter_ns_p95":107748906,"per_op_ns_p50":6238190,"x_cpu_ticks":117,"errors":0,"pixel_ok":true,"wall":[1790154322.035965,1790154324.432301],"iter_ns":[100553594,102395469,100162813,101853958,99811041,101007968,97639948,106744479,97451927,80910104,78889896,101692135,103912604,93785520,96492604,107748906,89405625,98675312,99290729,94837812]}
MARK CELL_BEGIN A0107 1790154324.432396
MARK CELL_END A0107 1790154325.665050
CELL {"seq":218,"id":"A0107","group":"A","rw":1024,"rh":1024,"sw":1024,"sh":1024,"ratio":"1x","reuse":1,"batch":16,"residency":"warm","readback":"delayed","iters":20,"iter_ns_p50":50511823,"iter_ns_p95":56565573,"per_op_ns_p50":3156988,"x_cpu_ticks":49,"errors":0,"pixel_ok":true,"wall":[1790154324.432396,1790154325.665050],"iter_ns":[47690625,54442812,48249010,50837083,48543958,56565573,50821406,54415052,50708438,44708386,53245937,46828021,47807604,50511823,56484792,50065989,47845990,46613386,51800885,45347864]}
MARK CELL_BEGIN B0197 1790154325.665120
MARK CELL_END B0197 1790154325.740255
CELL {"seq":219,"id":"B0197","group":"B","rw":512,"rh":512,"sw":1200,"sh":2191,"ratio":"redirected","reuse":1,"batch":1,"residency":"warm","readback":"none","iters":20,"iter_ns_p50":1171094,"iter_ns_p95":1996615,"per_op_ns_p50":1171094,"x_cpu_ticks":2,"errors":0,"pixel_ok":true,"wall":[1790154325.665120,1790154325.740255],"iter_ns":[1633073,1153021,1215209,1176406,1478646,1232032,1260677,1163281,1079323,1171094,1996615,1011146,1125625,1158282,1147135,1181458,1165625,1207344,1147344,1154219]}
MARK CELL_BEGIN A0105 1790154325.740309
MARK CELL_END A0105 1790154326.867696
CELL {"seq":220,"id":"A0105","group":"A","rw":1024,"rh":1024,"sw":1024,"sh":1024,"ratio":"1x","reuse":1,"batch":16,"residency":"warm","readback":"none","iters":20,"iter_ns_p50":46147812,"iter_ns_p95":54767083,"per_op_ns_p50":2884238,"x_cpu_ticks":45,"errors":0,"pixel_ok":true,"wall":[1790154325.740309,1790154326.867696],"iter_ns":[39627552,36979271,46147812,44416719,47592813,45286875,45176563,54767083,47154896,45439011,53078802,51100260,46285416,50215677,45779636,44087812,50752969,44168802,42436407,47207969]}
MARK CELL_BEGIN C0227 1790154326.867789
MARK CELL_END C0227 1790154327.116163
CELL {"seq":221,"id":"C0227","group":"C","rw":32,"rh":32,"sw":64,"sh":64,"ratio":"4x","reuse":1,"batch":8,"residency":"resize","readback":"delayed","iters":20,"iter_ns_p50":10080781,"iter_ns_p95":15242291,"per_op_ns_p50":1260097,"x_cpu_ticks":6,"errors":0,"pixel_ok":true,"wall":[1790154326.867789,1790154327.116163],"iter_ns":[6759115,7521615,8673646,7842865,9384427,7644583,10956875,11129583,9681771,12860157,12902656,11115885,11549687,9723385,8121510,10080781,9452968,11483698,15242291,12132396]}
MARK CELL_BEGIN A0098 1790154327.116269
MARK CELL_END A0098 1790154327.236863
CELL {"seq":222,"id":"A0098","group":"A","rw":1024,"rh":1024,"sw":1024,"sh":1024,"ratio":"1x","reuse":1,"batch":1,"residency":"warm","readback":"delayed","iters":20,"iter_ns_p50":2708490,"iter_ns_p95":7775469,"per_op_ns_p50":2708490,"x_cpu_ticks":5,"errors":0,"pixel_ok":true,"wall":[1790154327.116269,1790154327.236863],"iter_ns":[2036823,1976197,1985938,2399635,2580937,2667656,3179896,4274687,2803073,3042761,3111042,2682343,2392605,2382709,5395938,7775469,4316511,2708490,2733489,2615677]}
MARK CELL_BEGIN B0166 1790154327.236920
MARK CELL_END B0166 1790154327.300083
CELL {"seq":223,"id":"B0166","group":"B","rw":32,"rh":32,"sw":32,"sh":32,"ratio":"1x","reuse":1,"batch":1,"residency":"resize","readback":"none","iters":20,"iter_ns_p50":2078490,"iter_ns_p95":4438125,"per_op_ns_p50":2078490,"x_cpu_ticks":2,"errors":0,"pixel_ok":true,"wall":[1790154327.236920,1790154327.300083],"iter_ns":[1863750,1871406,4438125,3793437,2801198,2078490,1915156,2027135,1921198,1883750,2142187,3580677,2025989,2207604,1950677,1946355,2029584,2276562,2900260,2362448]}
MARK CELL_BEGIN C0226 1790154327.300115
MARK CELL_END C0226 1790154327.382095
CELL {"seq":224,"id":"C0226","group":"C","rw":128,"rh":128,"sw":128,"sh":128,"ratio":"1x","reuse":1,"batch":1,"residency":"cold","readback":"delayed","iters":20,"iter_ns_p50":2078125,"iter_ns_p95":3616875,"per_op_ns_p50":2078125,"x_cpu_ticks":2,"errors":0,"pixel_ok":true,"wall":[1790154327.300115,1790154327.382095],"iter_ns":[2120416,2829010,3616875,2580104,2031041,2078125,3277032,1975261,2128750,1778073,1782864,2114636,2830677,1701822,1655105,1838750,1705000,1794375,2779271,1818542]}
MARK CELL_BEGIN C0258 1790154327.382121
MARK CELL_END C0258 1790154327.701414
CELL {"seq":225,"id":"C0258","group":"C","rw":512,"rh":512,"sw":1200,"sh":2191,"ratio":"redirected","reuse":1,"batch":1,"residency":"recreate","readback":"none","iters":20,"iter_ns_p50":13124584,"iter_ns_p95":14999688,"per_op_ns_p50":13124584,"x_cpu_ticks":16,"errors":0,"pixel_ok":true,"wall":[1790154327.382121,1790154327.701414],"iter_ns":[13561875,11910625,14359011,12724166,14999688,13850938,13648333,12003542,14157240,12433177,14934896,14542240,11787187,11782136,12361979,13124584,12144115,13448906,12994740,13020625]}
MARK CELL_BEGIN A0044 1790154327.701459
MARK CELL_END A0044 1790154327.843254
CELL {"seq":226,"id":"A0044","group":"A","rw":32,"rh":32,"sw":32,"sh":32,"ratio":"1x","reuse":1,"batch":8,"residency":"warm","readback":"delayed","iters":20,"iter_ns_p50":5354688,"iter_ns_p95":10297135,"per_op_ns_p50":669336,"x_cpu_ticks":2,"errors":0,"pixel_ok":true,"wall":[1790154327.701459,1790154327.843254],"iter_ns":[2495937,2477969,2850104,4811510,2607344,3806615,4120834,2724115,10297135,5190938,5020677,7595833,5354688,8526823,6607969,8467657,7059688,7566875,8032291,7281562]}
MARK CELL_BEGIN A0060 1790154327.843316
MARK CELL_END A0060 1790154327.901265
CELL {"seq":227,"id":"A0060","group":"A","rw":128,"rh":128,"sw":128,"sh":128,"ratio":"1x","reuse":1,"batch":1,"residency":"warm","readback":"none","iters":20,"iter_ns_p50":1268855,"iter_ns_p95":5366302,"per_op_ns_p50":1268855,"x_cpu_ticks":0,"errors":0,"pixel_ok":true,"wall":[1790154327.843316,1790154327.901265],"iter_ns":[1204427,1162656,1249688,1268855,1276875,3390573,1363333,1211354,1227136,1292761,1224271,1246719,1300157,1231198,2181823,1539167,1230625,1203177,1415573,5366302]}
MARK CELL_BEGIN C0223 1790154327.901307
MARK CELL_END C0223 1790154328.099436
CELL {"seq":228,"id":"C0223","group":"C","rw":64,"rh":64,"sw":256,"sh":256,"ratio":"16x","reuse":4,"batch":8,"residency":"warm","readback":"none","iters":20,"iter_ns_p50":7680468,"iter_ns_p95":10725938,"per_op_ns_p50":960058,"x_cpu_ticks":3,"errors":0,"pixel_ok":true,"wall":[1790154327.901307,1790154328.099436],"iter_ns":[7680468,7123281,6777708,7145625,8950000,10074323,9118855,9542865,7665885,8900104,6853177,9028490,6805885,7727343,10725938,9306927,6850313,7417761,4053281,4694062]}
MARK CELL_BEGIN A0114 1790154328.099483
MARK CELL_END A0114 1790154329.119497
CELL {"seq":229,"id":"A0114","group":"A","rw":1200,"rh":2608,"sw":1200,"sh":2608,"ratio":"1x","reuse":1,"batch":8,"residency":"warm","readback":"none","iters":20,"iter_ns_p50":44271719,"iter_ns_p95":52329114,"per_op_ns_p50":5533964,"x_cpu_ticks":45,"errors":0,"pixel_ok":true,"wall":[1790154328.099483,1790154329.119497],"iter_ns":[50995468,29752865,35232865,48938490,41461927,33666042,29426458,27665729,27512916,26608334,26484896,41588698,44271719,44612448,48876146,51628541,52329114,46285834,47440886,48703021]}
MARK CELL_BEGIN A0091 1790154329.119575
MARK CELL_END A0091 1790154329.496656
CELL {"seq":230,"id":"A0091","group":"A","rw":512,"rh":512,"sw":512,"sh":512,"ratio":"1x","reuse":1,"batch":8,"residency":"warm","readback":"immediate","iters":20,"iter_ns_p50":14940625,"iter_ns_p95":23381771,"per_op_ns_p50":1867578,"x_cpu_ticks":13,"errors":0,"pixel_ok":true,"wall":[1790154329.119575,1790154329.496656],"iter_ns":[9888542,14654531,14357917,15045625,16407292,16156927,14613385,14711927,12857760,23381771,18900990,17685885,14666407,14559896,15112240,12334792,14940625,14226927,16288594,17531614]}
MARK CELL_BEGIN B0168 1790154329.496752
MARK CELL_END B0168 1790154329.541090
CELL {"seq":231,"id":"B0168","group":"B","rw":64,"rh":64,"sw":128,"sh":128,"ratio":"4x","reuse":1,"batch":1,"residency":"warm","readback":"none","iters":20,"iter_ns_p50":1127760,"iter_ns_p95":2748854,"per_op_ns_p50":1127760,"x_cpu_ticks":2,"errors":0,"pixel_ok":true,"wall":[1790154329.496752,1790154329.541090],"iter_ns":[1205781,2748854,2034375,1297760,1324843,1237396,1167760,1121250,1055989,1083229,1035938,1076510,1905781,1238906,1099010,1102968,1087604,1127760,1122083,1065052]}
MARK CELL_BEGIN C0241 1790154329.541131
MARK CELL_END C0241 1790154330.742533
CELL {"seq":232,"id":"C0241","group":"C","rw":3440,"rh":1440,"sw":3440,"sh":1440,"ratio":"1x","reuse":4,"batch":4,"residency":"warm","readback":"delayed","iters":20,"iter_ns_p50":35402135,"iter_ns_p95":112587500,"per_op_ns_p50":8850533,"x_cpu_ticks":70,"errors":0,"pixel_ok":true,"wall":[1790154329.541131,1790154330.742533],"iter_ns":[52800209,31743490,32979167,30752136,33395677,34151719,36145989,112587500,34154531,25638750,36746354,36483282,35402135,35144011,36073958,110084896,19771302,29056927,35664479,38807656]}
MARK CELL_BEGIN A0062 1790154330.742605
MARK CELL_END A0062 1790154330.770548
CELL {"seq":233,"id":"A0062","group":"A","rw":128,"rh":128,"sw":128,"sh":128,"ratio":"1x","reuse":1,"batch":1,"residency":"warm","readback":"delayed","iters":20,"iter_ns_p50":656146,"iter_ns_p95":1617709,"per_op_ns_p50":656146,"x_cpu_ticks":1,"errors":0,"pixel_ok":true,"wall":[1790154330.742605,1790154330.770548],"iter_ns":[662969,647865,904011,632656,634271,618854,371302,507239,920625,905782,625260,647708,1617709,1148906,919011,1050157,656146,368906,483437,1077292]}
MARK CELL_BEGIN N0000 1790154330.770585
MARK CELL_END N0000 1790154330.877582
CELL {"seq":234,"id":"N0000","group":"N","rw":1024,"rh":1024,"sw":1024,"sh":1024,"ratio":"1x","reuse":1,"batch":1,"residency":"warm","readback":"none","iters":20,"iter_ns_p50":2557813,"iter_ns_p95":7514323,"per_op_ns_p50":2557813,"x_cpu_ticks":3,"errors":0,"pixel_ok":true,"wall":[1790154330.770585,1790154330.877582],"iter_ns":[3153333,1691927,2137344,2100261,2109011,2073750,2178646,2255572,3318490,2593958,2530521,2577136,2557813,2662553,7514323,2775417,2529532,2477552,4248854,2829532]}
MARK CELL_BEGIN A0089 1790154330.877638
MARK CELL_END A0089 1790154331.082500
CELL {"seq":235,"id":"A0089","group":"A","rw":512,"rh":512,"sw":512,"sh":512,"ratio":"1x","reuse":1,"batch":4,"residency":"warm","readback":"delayed","iters":20,"iter_ns_p50":8119167,"iter_ns_p95":13382187,"per_op_ns_p50":2029791,"x_cpu_ticks":6,"errors":0,"pixel_ok":true,"wall":[1790154330.877638,1790154331.082500],"iter_ns":[8733438,7070521,8984739,6718281,8414844,6573750,8578541,8119167,8588541,6325573,8367135,6023698,7035000,8619011,7308802,13382187,8868906,5678489,6159323,4494375]}
MARK CELL_BEGIN C0246 1790154331.082568
MARK CELL_END C0246 1790154331.213032
CELL {"seq":236,"id":"C0246","group":"C","rw":1,"rh":1,"sw":2,"sh":2,"ratio":"4x","reuse":16,"batch":1,"residency":"warm","readback":"delayed","iters":20,"iter_ns_p50":3934063,"iter_ns_p95":12094480,"per_op_ns_p50":3934063,"x_cpu_ticks":3,"errors":0,"pixel_ok":true,"wall":[1790154331.082568,1790154331.213032],"iter_ns":[4185885,3206198,3175833,3160208,3934063,4149896,8225156,12094480,7542187,3194531,8405885,9139479,8838386,3063646,1267447,4830260,1529791,1462760,1309062,1317343]}
MARK CELL_BEGIN A0078 1790154331.213097
MARK CELL_END A0078 1790154331.488365
CELL {"seq":237,"id":"A0078","group":"A","rw":256,"rh":256,"sw":256,"sh":256,"ratio":"1x","reuse":1,"batch":8,"residency":"warm","readback":"none","iters":20,"iter_ns_p50":10479427,"iter_ns_p95":13071563,"per_op_ns_p50":1309928,"x_cpu_ticks":5,"errors":0,"pixel_ok":true,"wall":[1790154331.213097,1790154331.488365],"iter_ns":[10110990,11225885,10796615,9897917,11253229,12248021,10092187,11279531,8981250,7951875,8046354,7866354,10163125,8908073,13071563,10479427,8543125,11404896,11146771,12778229]}
MARK CELL_BEGIN B0159 1790154331.488434
MARK CELL_END B0159 1790154331.535126
CELL {"seq":238,"id":"B0159","group":"B","rw":32,"rh":32,"sw":64,"sh":64,"ratio":"4x","reuse":1,"batch":1,"residency":"warm","readback":"none","iters":20,"iter_ns_p50":1184115,"iter_ns_p95":3162916,"per_op_ns_p50":1184115,"x_cpu_ticks":2,"errors":0,"pixel_ok":true,"wall":[1790154331.488434,1790154331.535126],"iter_ns":[1412083,1417604,1411510,1129532,1137448,1184115,1425417,3162916,1653073,1106094,1116354,1157395,1183333,1146562,1188490,1253073,814583,1181875,3108281,1095000]}
MARK CELL_BEGIN B0141 1790154331.535172
MARK CELL_END B0141 1790154331.572198
CELL {"seq":239,"id":"B0141","group":"B","rw":5,"rh":24,"sw":10,"sh":48,"ratio":"4x","reuse":1,"batch":1,"residency":"warm","readback":"none","iters":20,"iter_ns_p50":1072969,"iter_ns_p95":2020989,"per_op_ns_p50":1072969,"x_cpu_ticks":0,"errors":0,"pixel_ok":true,"wall":[1790154331.535172,1790154331.572198],"iter_ns":[2020989,1492656,1017969,1087865,1072969,1239740,1043698,1044063,750625,1082657,1039114,1028959,1051823,931614,1965781,1377813,1064375,1004115,1101406,1116354]}
MARK CELL_BEGIN B0133 1790154331.572237
MARK CELL_END B0133 1790154331.611167
CELL {"seq":240,"id":"B0133","group":"B","rw":1,"rh":1,"sw":4,"sh":4,"ratio":"16x","reuse":1,"batch":1,"residency":"warm","readback":"none","iters":20,"iter_ns_p50":1135885,"iter_ns_p95":2151094,"per_op_ns_p50":1135885,"x_cpu_ticks":0,"errors":0,"pixel_ok":true,"wall":[1790154331.572237,1790154331.611167],"iter_ns":[1122239,1148854,1157500,1147396,986927,817448,930521,1115938,1112864,1107865,905573,2151094,1453489,1226250,1382395,1136980,950052,1191094,1135885,1129844]}
MARK CELL_BEGIN B0207 1790154331.611211
MARK CELL_END B0207 1790154331.745484
CELL {"seq":241,"id":"B0207","group":"B","rw":1024,"rh":1024,"sw":1024,"sh":1024,"ratio":"1x","reuse":4,"batch":1,"residency":"warm","readback":"none","iters":20,"iter_ns_p50":2137552,"iter_ns_p95":6605781,"per_op_ns_p50":2137552,"x_cpu_ticks":6,"errors":0,"pixel_ok":true,"wall":[1790154331.611211,1790154331.745484],"iter_ns":[6605781,1793802,1776459,1818594,1868959,1810521,3585104,2006927,2082344,2052812,2046615,2137552,2154218,4486302,2131459,2429792,2427500,2333750,2479167,4631250]}
MARK CELL_BEGIN A0030 1790154331.745558
MARK CELL_END A0030 1790154331.943319
CELL {"seq":242,"id":"A0030","group":"A","rw":16,"rh":16,"sw":16,"sh":16,"ratio":"1x","reuse":1,"batch":8,"residency":"warm","readback":"none","iters":20,"iter_ns_p50":6885260,"iter_ns_p95":15140312,"per_op_ns_p50":860657,"x_cpu_ticks":3,"errors":0,"pixel_ok":true,"wall":[1790154331.745558,1790154331.943319],"iter_ns":[5981823,6537604,3047812,6159844,6070156,4611250,3388802,6251615,6885260,6713437,8346407,6357031,7442084,10945156,15140312,11812239,11421042,9996875,11337187,8370052]}
MARK CELL_BEGIN A0031 1790154331.943384
MARK CELL_END A0031 1790154332.166683
CELL {"seq":243,"id":"A0031","group":"A","rw":16,"rh":16,"sw":16,"sh":16,"ratio":"1x","reuse":1,"batch":8,"residency":"warm","readback":"immediate","iters":20,"iter_ns_p50":8863958,"iter_ns_p95":10912968,"per_op_ns_p50":1107994,"x_cpu_ticks":4,"errors":0,"pixel_ok":true,"wall":[1790154331.943384,1790154332.166683],"iter_ns":[8761562,10843021,10889948,7742656,8880416,7220989,9670000,7583385,9261927,8393020,8700313,7786719,9577656,10912968,8863958,9602291,7888959,8725521,6680573,10218386]}
MARK CELL_BEGIN A0095 1790154332.166746
MARK CELL_END A0095 1790154332.838216
CELL {"seq":244,"id":"A0095","group":"A","rw":512,"rh":512,"sw":512,"sh":512,"ratio":"1x","reuse":1,"batch":16,"residency":"warm","readback":"delayed","iters":20,"iter_ns_p50":28181459,"iter_ns_p95":35173021,"per_op_ns_p50":1761341,"x_cpu_ticks":20,"errors":0,"pixel_ok":true,"wall":[1790154332.166746,1790154332.838216],"iter_ns":[25604584,28181459,27345625,27859739,22203490,28327084,27530052,29503230,28633177,32338802,28432344,29743646,28713854,28930885,26765416,35173021,21339271,21104323,26888437,25737500]}
MARK CELL_BEGIN A0015 1790154332.838273
MARK CELL_END A0015 1790154332.980750
CELL {"seq":245,"id":"A0015","group":"A","rw":5,"rh":24,"sw":5,"sh":24,"ratio":"1x","reuse":1,"batch":4,"residency":"warm","readback":"none","iters":20,"iter_ns_p50":4925000,"iter_ns_p95":9480104,"per_op_ns_p50":1231250,"x_cpu_ticks":2,"errors":0,"pixel_ok":true,"wall":[1790154332.838273,1790154332.980750],"iter_ns":[3996667,7061510,4445781,4567656,7797083,5212396,5836979,9480104,4807084,7196406,3672031,3957239,5611510,3816771,3165833,4202812,6546875,4925000,4857187,8160104]}
MARK CELL_BEGIN A0113 1790154332.980874
MARK CELL_END A0113 1790154333.624159
CELL {"seq":246,"id":"A0113","group":"A","rw":1200,"rh":2608,"sw":1200,"sh":2608,"ratio":"1x","reuse":1,"batch":4,"residency":"warm","readback":"delayed","iters":20,"iter_ns_p50":23636510,"iter_ns_p95":35995313,"per_op_ns_p50":5909127,"x_cpu_ticks":32,"errors":0,"pixel_ok":true,"wall":[1790154332.980874,1790154333.624159],"iter_ns":[24305625,24219271,23889063,23551614,23532917,24884167,23516615,35995313,16618594,15990468,15990573,23224479,24099218,22628750,22775417,33254583,18960468,23636510,26097343,25315000]}
MARK CELL_BEGIN A0042 1790154333.624233
MARK CELL_END A0042 1790154333.837538
CELL {"seq":247,"id":"A0042","group":"A","rw":32,"rh":32,"sw":32,"sh":32,"ratio":"1x","reuse":1,"batch":8,"residency":"warm","readback":"none","iters":20,"iter_ns_p50":8654844,"iter_ns_p95":10565208,"per_op_ns_p50":1081855,"x_cpu_ticks":4,"errors":0,"pixel_ok":true,"wall":[1790154333.624233,1790154333.837538],"iter_ns":[7362188,8738333,7893229,9167396,7532709,9103021,7678698,9840573,6676615,9634427,7874115,10565208,7769323,9441875,7185365,8654844,7178542,9410052,9568177,8370469]}
MARK CELL_BEGIN B0136 1790154333.837620
MARK CELL_END B0136 1790154333.945214
CELL {"seq":248,"id":"B0136","group":"B","rw":1,"rh":1,"sw":1,"sh":1,"ratio":"1x","reuse":16,"batch":1,"residency":"warm","readback":"none","iters":20,"iter_ns_p50":2356406,"iter_ns_p95":8684063,"per_op_ns_p50":2356406,"x_cpu_ticks":3,"errors":0,"pixel_ok":true,"wall":[1790154333.837620,1790154333.945214],"iter_ns":[2356406,1922395,2243698,2223489,1885834,7002031,7340156,2997136,7622708,7920989,8468541,8684063,7419583,2455104,2091302,1213229,1149427,1223958,1232917,1358750]}
MARK CELL_BEGIN B0152 1790154333.945261
MARK CELL_END B0152 1790154333.993520
CELL {"seq":249,"id":"B0152","group":"B","rw":16,"rh":16,"sw":1200,"sh":2191,"ratio":"redirected","reuse":1,"batch":1,"residency":"warm","readback":"none","iters":20,"iter_ns_p50":688906,"iter_ns_p95":1723646,"per_op_ns_p50":688906,"x_cpu_ticks":1,"errors":0,"pixel_ok":true,"wall":[1790154333.945261,1790154333.993520],"iter_ns":[732657,981510,688906,1010886,940677,932396,952239,1007656,658489,387448,673803,897135,669843,389635,387708,387448,386979,386927,416250,1723646]}
MARK CELL_BEGIN B0155 1790154333.993564
MARK CELL_END B0155 1790154334.146017
CELL {"seq":250,"id":"B0155","group":"B","rw":16,"rh":16,"sw":16,"sh":16,"ratio":"1x","reuse":64,"batch":1,"residency":"warm","readback":"none","iters":20,"iter_ns_p50":7718230,"iter_ns_p95":9496250,"per_op_ns_p50":7718230,"x_cpu_ticks":4,"errors":0,"pixel_ok":true,"wall":[1790154333.993564,1790154334.146017],"iter_ns":[1881927,1521615,1946614,1518750,1655417,7333698,2341563,6704375,8420834,7718230,7735312,8296614,8038646,9496250,7752292,3592657,7889636,8624219,7696719,9054479]}
MARK CELL_BEGIN A0092 1790154334.146101
MARK CELL_END A0092 1790154334.462240
CELL {"seq":251,"id":"A0092","group":"A","rw":512,"rh":512,"sw":512,"sh":512,"ratio":"1x","reuse":1,"batch":8,"residency":"warm","readback":"delayed","iters":20,"iter_ns_p50":12401250,"iter_ns_p95":18225677,"per_op_ns_p50":1550156,"x_cpu_ticks":10,"errors":0,"pixel_ok":true,"wall":[1790154334.146101,1790154334.462240],"iter_ns":[10756146,12401250,18225677,12115573,10967083,12363334,13119375,12980417,10925365,12518907,12322292,13068125,11640937,14722448,13724427,15909114,13572813,12153802,11385989,9280990]}
MARK CELL_BEGIN A0061 1790154334.462279
MARK CELL_END A0061 1790154334.488716
CELL {"seq":252,"id":"A0061","group":"A","rw":128,"rh":128,"sw":128,"sh":128,"ratio":"1x","reuse":1,"batch":1,"residency":"warm","readback":"immediate","iters":20,"iter_ns_p50":769323,"iter_ns_p95":1803385,"per_op_ns_p50":769323,"x_cpu_ticks":0,"errors":0,"pixel_ok":true,"wall":[1790154334.462279,1790154334.488716],"iter_ns":[742500,781250,781302,736146,801094,1081145,771250,769323,761823,746094,917344,1803385,759166,712865,705677,699844,990261,696458,1000000,697604]}
MARK CELL_BEGIN C0252 1790154334.488751
MARK CELL_END C0252 1790154335.429088
CELL {"seq":253,"id":"C0252","group":"C","rw":512,"rh":512,"sw":2048,"sh":2048,"ratio":"16x","reuse":1,"batch":8,"residency":"recreate","readback":"delayed","iters":20,"iter_ns_p50":40144427,"iter_ns_p95":51560417,"per_op_ns_p50":5018053,"x_cpu_ticks":54,"errors":0,"pixel_ok":true,"wall":[1790154334.488751,1790154335.429088],"iter_ns":[41452813,41876406,42130573,34242291,40849375,51560417,38125104,37818073,47823021,40144427,40391979,37918698,40792552,41900937,35752500,38067656,37096458,36993594,35703073,34634219]}
MARK CELL_BEGIN B0173 1790154335.429140
MARK CELL_END B0173 1790154335.577730
CELL {"seq":254,"id":"B0173","group":"B","rw":64,"rh":64,"sw":64,"sh":64,"ratio":"1x","reuse":64,"batch":1,"residency":"warm","readback":"none","iters":20,"iter_ns_p50":6931406,"iter_ns_p95":10711719,"per_op_ns_p50":6931406,"x_cpu_ticks":4,"errors":0,"pixel_ok":true,"wall":[1790154335.429140,1790154335.577730],"iter_ns":[1725625,1346250,1398437,1617344,1389583,2094063,6931406,6629323,7942240,3978021,8556666,8586615,3434375,10538281,9056458,10246042,9081510,10711719,8720312,4106042]}
MARK CELL_BEGIN A0004 1790154335.577779
MARK CELL_END A0004 1790154335.708837
CELL {"seq":255,"id":"A0004","group":"A","rw":1,"rh":1,"sw":1,"sh":1,"ratio":"1x","reuse":1,"batch":4,"residency":"warm","readback":"immediate","iters":20,"iter_ns_p50":4653177,"iter_ns_p95":6668854,"per_op_ns_p50":1163294,"x_cpu_ticks":2,"errors":0,"pixel_ok":true,"wall":[1790154335.577779,1790154335.708837],"iter_ns":[3344583,5744427,4376511,4816822,6190156,4373697,4300573,4327708,6265468,4653177,4754167,6276666,3953698,4129115,6668854,4347084,4145885,4527292,6035365,4701511]}
MARK CELL_BEGIN A0101 1790154335.708904
MARK CELL_END A0101 1790154336.032859
CELL {"seq":256,"id":"A0101","group":"A","rw":1024,"rh":1024,"sw":1024,"sh":1024,"ratio":"1x","reuse":1,"batch":4,"residency":"warm","readback":"delayed","iters":20,"iter_ns_p50":11862656,"iter_ns_p95":16393906,"per_op_ns_p50":2965664,"x_cpu_ticks":13,"errors":0,"pixel_ok":true,"wall":[1790154335.708904,1790154336.032859],"iter_ns":[10496459,12529948,9922917,12735417,12030833,10849583,12161927,15198177,12285208,10102344,10058854,11816563,12672240,11087760,11522969,16393906,11189063,11387916,13390469,11862656]}
MARK CELL_BEGIN A0018 1790154336.032916
MARK CELL_END A0018 1790154336.265814
CELL {"seq":257,"id":"A0018","group":"A","rw":5,"rh":24,"sw":5,"sh":24,"ratio":"1x","reuse":1,"batch":8,"residency":"warm","readback":"none","iters":20,"iter_ns_p50":9600521,"iter_ns_p95":11931510,"per_op_ns_p50":1200065,"x_cpu_ticks":5,"errors":0,"pixel_ok":true,"wall":[1790154336.032916,1790154336.265814],"iter_ns":[6216718,9720885,8192656,9974114,7790729,11931510,7835521,8196250,8217500,9600209,11003750,8238125,9600521,9997656,10026979,8975573,11878854,11198906,8550469,11207135]}
MARK CELL_BEGIN B0200 1790154336.266032
MARK CELL_END B0200 1790154336.662805
CELL {"seq":258,"id":"B0200","group":"B","rw":512,"rh":512,"sw":512,"sh":512,"ratio":"1x","reuse":64,"batch":1,"residency":"warm","readback":"none","iters":20,"iter_ns_p50":12741250,"iter_ns_p95":26306510,"per_op_ns_p50":12741250,"x_cpu_ticks":21,"errors":0,"pixel_ok":true,"wall":[1790154336.266032,1790154336.662805],"iter_ns":[5493072,5409895,3826354,3923541,3853959,17860365,7781823,11751927,12231562,8520052,13514115,12741250,16589115,13763177,20617344,23680729,26306510,17967396,13366875,12481406]}
MARK CELL_BEGIN C0238 1790154336.662845
MARK CELL_END C0238 1790154337.860039
CELL {"seq":259,"id":"C0238","group":"C","rw":1,"rh":1,"sw":4,"sh":4,"ratio":"16x","reuse":64,"batch":16,"residency":"warm","readback":"immediate","iters":20,"iter_ns_p50":66137708,"iter_ns_p95":95338802,"per_op_ns_p50":4133606,"x_cpu_ticks":19,"errors":0,"pixel_ok":true,"wall":[1790154336.662845,1790154337.860039],"iter_ns":[7839583,8313021,7357865,10603646,7371302,79410573,56307448,51472292,64731563,48461771,61280729,82060781,86702604,66790261,68126250,89160156,84354688,66137708,85269428,95338802]}
MARK CELL_BEGIN N0000 1790154337.860112
MARK CELL_END N0000 1790154337.975838
CELL {"seq":260,"id":"N0000","group":"N","rw":1024,"rh":1024,"sw":1024,"sh":1024,"ratio":"1x","reuse":1,"batch":1,"residency":"warm","readback":"none","iters":20,"iter_ns_p50":2705937,"iter_ns_p95":5372396,"per_op_ns_p50":2705937,"x_cpu_ticks":5,"errors":0,"pixel_ok":true,"wall":[1790154337.860112,1790154337.975838],"iter_ns":[2448958,2465364,2705937,3496458,2485156,5372396,2850000,3165156,4169948,2634271,2175886,2099062,2083542,2310521,3198542,2492761,2918698,3029219,2899167,2643698]}
MARK CELL_BEGIN A0045 1790154337.975891
MARK CELL_END A0045 1790154338.279193
CELL {"seq":261,"id":"A0045","group":"A","rw":32,"rh":32,"sw":32,"sh":32,"ratio":"1x","reuse":1,"batch":16,"residency":"warm","readback":"none","iters":20,"iter_ns_p50":11461302,"iter_ns_p95":21246094,"per_op_ns_p50":716331,"x_cpu_ticks":6,"errors":0,"pixel_ok":true,"wall":[1790154337.975891,1790154338.279193],"iter_ns":[21246094,17141303,8731823,9882656,9972395,11461302,14887344,14184323,13805000,19118073,18087239,14970625,14073021,10225104,7161615,6023229,6547916,6585104,5190156,7001563]}
MARK CELL_BEGIN A0016 1790154338.279234
MARK CELL_END A0016 1790154338.325857
CELL {"seq":262,"id":"A0016","group":"A","rw":5,"rh":24,"sw":5,"sh":24,"ratio":"1x","reuse":1,"batch":4,"residency":"warm","readback":"immediate","iters":20,"iter_ns_p50":1369219,"iter_ns_p95":2881459,"per_op_ns_p50":342304,"x_cpu_ticks":0,"errors":0,"pixel_ok":true,"wall":[1790154338.279234,1790154338.325857],"iter_ns":[1868698,2107917,1915521,2583959,1279427,1507448,1208854,1254635,1270781,1244844,1252865,1205156,1250521,1282708,1306770,2881459,2230781,1608489,1369219,1380416]}
MARK CELL_BEGIN B0204 1790154338.325886
MARK CELL_END B0204 1790154338.468219
CELL {"seq":263,"id":"B0204","group":"B","rw":1024,"rh":1024,"sw":2048,"sh":2048,"ratio":"4x","reuse":1,"batch":1,"residency":"warm","readback":"none","iters":20,"iter_ns_p50":2436198,"iter_ns_p95":4262240,"per_op_ns_p50":2436198,"x_cpu_ticks":5,"errors":0,"pixel_ok":true,"wall":[1790154338.325886,1790154338.468219],"iter_ns":[1799115,1807812,1777813,1765261,1721980,1718281,1725053,3287448,2436198,2526667,2233854,2439271,2187500,2406198,4142396,2969219,2857344,2898906,2795000,4262240]}
MARK CELL_BEGIN B0158 1790154338.468270
MARK CELL_END B0158 1790154338.523707
CELL {"seq":264,"id":"B0158","group":"B","rw":16,"rh":16,"sw":16,"sh":16,"ratio":"1x","reuse":1,"batch":1,"residency":"recreate","readback":"none","iters":20,"iter_ns_p50":2050729,"iter_ns_p95":3940052,"per_op_ns_p50":2050729,"x_cpu_ticks":1,"errors":0,"pixel_ok":true,"wall":[1790154338.468270,1790154338.523707],"iter_ns":[2224271,2442552,3291093,2240468,1805417,1801823,2042344,1907396,2263021,3940052,2103542,2022709,1710052,1964167,1790260,1793021,3802917,2095416,1992240,2050729]}
MARK CELL_BEGIN C0245 1790154338.523740
MARK CELL_END C0245 1790154338.666189
CELL {"seq":265,"id":"C0245","group":"C","rw":32,"rh":32,"sw":32,"sh":32,"ratio":"1x","reuse":1,"batch":4,"residency":"recreate","readback":"immediate","iters":20,"iter_ns_p50":5944011,"iter_ns_p95":8938021,"per_op_ns_p50":1486002,"x_cpu_ticks":3,"errors":0,"pixel_ok":true,"wall":[1790154338.523740,1790154338.666189],"iter_ns":[2789531,4097500,4850104,5362657,4335052,5561980,6664636,5719166,5426302,8342083,5997240,6716615,5622656,5407812,7125937,6107709,5944011,8328489,7797187,8938021]}
MARK CELL_BEGIN B0146 1790154338.666240
MARK CELL_END B0146 1790154338.839061
CELL {"seq":266,"id":"B0146","group":"B","rw":5,"rh":24,"sw":5,"sh":24,"ratio":"1x","reuse":64,"batch":1,"residency":"warm","readback":"none","iters":20,"iter_ns_p50":7909688,"iter_ns_p95":9834635,"per_op_ns_p50":7909688,"x_cpu_ticks":5,"errors":0,"pixel_ok":true,"wall":[1790154338.666240,1790154338.839061],"iter_ns":[2507604,3434271,2485677,2323386,2024479,6919218,7058073,3067865,7469063,9407552,8459896,8690469,7909688,8780208,7778438,9834635,9121041,9672343,9630260,8904115]}
MARK CELL_BEGIN B0212 1790154338.839137
MARK CELL_END B0212 1790154339.184958
CELL {"seq":267,"id":"B0212","group":"B","rw":1200,"rh":2608,"sw":2400,"sh":5216,"ratio":"4x","reuse":1,"batch":1,"residency":"warm","readback":"none","iters":20,"iter_ns_p50":5744114,"iter_ns_p95":9141667,"per_op_ns_p50":5744114,"x_cpu_ticks":11,"errors":0,"pixel_ok":true,"wall":[1790154338.839137,1790154339.184958],"iter_ns":[3286146,5228021,3850468,3748854,4586250,3818386,5173021,5101667,6995469,5744114,6324792,4428906,5385156,9141667,6050729,7104114,6124114,7318281,5925625,6401927]}
MARK CELL_BEGIN B0163 1790154339.185028
MARK CELL_END B0163 1790154339.303881
CELL {"seq":268,"id":"B0163","group":"B","rw":32,"rh":32,"sw":32,"sh":32,"ratio":"1x","reuse":16,"batch":1,"residency":"warm","readback":"none","iters":20,"iter_ns_p50":2748281,"iter_ns_p95":10523177,"per_op_ns_p50":2748281,"x_cpu_ticks":3,"errors":0,"pixel_ok":true,"wall":[1790154339.185028,1790154339.303881],"iter_ns":[3537968,2748281,2199636,2588229,2428490,8567083,8351510,8248438,10523177,8307084,2921406,7661562,8903541,1526406,1308854,1468646,2465365,1468333,1230729,1404062]}
MARK CELL_BEGIN A0052 1790154339.303937
MARK CELL_END A0052 1790154339.426609
CELL {"seq":269,"id":"A0052","group":"A","rw":64,"rh":64,"sw":64,"sh":64,"ratio":"1x","reuse":1,"batch":4,"residency":"warm","readback":"immediate","iters":20,"iter_ns_p50":4078594,"iter_ns_p95":6124583,"per_op_ns_p50":1019648,"x_cpu_ticks":3,"errors":0,"pixel_ok":true,"wall":[1790154339.303937,1790154339.426609],"iter_ns":[3613802,4133541,5595313,3838802,4078594,3978542,6124583,3553802,3965208,4454636,5611459,3898177,3537448,5967969,3730989,4301719,4443178,5868281,3519688,3969167]}
MARK CELL_BEGIN C0225 1790154339.426672
MARK CELL_END C0225 1790154339.816440
CELL {"seq":270,"id":"C0225","group":"C","rw":32,"rh":32,"sw":1200,"sh":2191,"ratio":"redirected","reuse":4,"batch":16,"residency":"warm","readback":"delayed","iters":20,"iter_ns_p50":13133854,"iter_ns_p95":23275990,"per_op_ns_p50":820865,"x_cpu_ticks":9,"errors":0,"pixel_ok":true,"wall":[1790154339.426672,1790154339.816440],"iter_ns":[12698490,7584740,10288333,11120573,7986927,9991302,8477344,11073333,10292083,14762708,15463646,12738334,13133854,15212448,16664375,23275990,21121459,17544010,17650312,14497344]}
MARK CELL_BEGIN C0237 1790154339.816538
MARK CELL_END C0237 1790154340.404440
CELL {"seq":271,"id":"C0237","group":"C","rw":1024,"rh":1024,"sw":1024,"sh":1024,"ratio":"1x","reuse":1,"batch":4,"residency":"cold","readback":"none","iters":20,"iter_ns_p50":14101979,"iter_ns_p95":20918385,"per_op_ns_p50":3525494,"x_cpu_ticks":28,"errors":0,"pixel_ok":true,"wall":[1790154339.816538,1790154340.404440],"iter_ns":[13859271,15605782,19717969,19182604,16493698,20918385,12701927,13730573,13742395,12354375,13093333,13858229,13712604,13445729,14189323,14101979,15786094,14541354,14332657,12970990]}
MARK CELL_BEGIN A0051 1790154340.404513
MARK CELL_END A0051 1790154340.523072
CELL {"seq":272,"id":"A0051","group":"A","rw":64,"rh":64,"sw":64,"sh":64,"ratio":"1x","reuse":1,"batch":4,"residency":"warm","readback":"none","iters":20,"iter_ns_p50":3907500,"iter_ns_p95":8090260,"per_op_ns_p50":976875,"x_cpu_ticks":2,"errors":0,"pixel_ok":true,"wall":[1790154340.404513,1790154340.523072],"iter_ns":[2732760,2342032,3658594,3596614,5100261,3876146,3778802,3465260,5507240,3690990,3755573,3906875,7114427,4650573,7772240,6726407,4369688,4453229,8090260,3907500]}
MARK CELL_BEGIN A0053 1790154340.523140
MARK CELL_END A0053 1790154340.651622
CELL {"seq":273,"id":"A0053","group":"A","rw":64,"rh":64,"sw":64,"sh":64,"ratio":"1x","reuse":1,"batch":4,"residency":"warm","readback":"delayed","iters":20,"iter_ns_p50":4641146,"iter_ns_p95":7092188,"per_op_ns_p50":1160286,"x_cpu_ticks":2,"errors":0,"pixel_ok":true,"wall":[1790154340.523140,1790154340.651622],"iter_ns":[3950521,3866093,5266563,3600885,4108698,4352188,7092188,4641146,4357916,5962917,4387344,4741979,7086145,4292813,4795729,6734896,4442500,4466510,4737031,5712657]}
MARK CELL_BEGIN N0000 1790154340.651685
MARK CELL_END N0000 1790154340.754292
CELL {"seq":274,"id":"N0000","group":"N","rw":1024,"rh":1024,"sw":1024,"sh":1024,"ratio":"1x","reuse":1,"batch":1,"residency":"warm","readback":"none","iters":20,"iter_ns_p50":2427500,"iter_ns_p95":6472188,"per_op_ns_p50":2427500,"x_cpu_ticks":4,"errors":0,"pixel_ok":true,"wall":[1790154340.651685,1790154340.754292],"iter_ns":[1925469,3206615,2252239,2097656,2054063,2397916,2427500,2281614,4281667,1937136,2418646,2486771,2262239,2345468,6472188,2643177,2577448,2463438,2458385,4138334]}
RUN_END 1790154340.754342
