=== poll 1790130549.170005069
16666666
0	0	0
0	0	0
0	0	0
0	0	0
0	0	0
0	0	0
0	0	0
0	0	0
0	0	0
0	0	0
0	0	0
0	0	0
0	0	0
0	0	0
0	0	0
0	0	0
0	0	0
0	0	0
0	0	0
0	0	0
0	0	0
0	0	0
0	0	0
0	0	0
0	0	0
0	0	0
0	0	0
0	0	0
0	0	0
0	0	0
0	0	0
0	0	0
0	0	0
0	0	0
0	0	0
0	0	0
0	0	0
0	0	0
0	0	0
0	0	0
0	0	0
0	0	0
0	0	0
0	0	0
0	0	0
0	0	0
0	0	0
0	0	0
0	0	0
0	0	0
0	0	0
0	0	0
0	0	0
0	0	0
0	0	0
0	0	0
0	0	0
0	0	0
0	0	0
0	0	0
0	0	0
0	0	0
0	0	0
0	0	0
0	0	0
0	0	0
0	0	0
0	0	0
0	0	0
0	0	0
0	0	0
0	0	0
0	0	0
0	0	0
0	0	0
0	0	0
0	0	0
0	0	0
0	0	0
0	0	0
0	0	0
0	0	0
0	0	0
0	0	0
0	0	0
0	0	0
0	0	0
0	0	0
0	0	0
0	0	0
0	0	0
157246270355743	157246281177097	157246269602306
157246280314181	157246297824493	157246280247045
157246393941889	157246406011889	157246393827878
157246401272514	157246414332774	157246401203503
157246410806680	157246422655638	157246410723503
157246422451108	157246439296003	157246422363555
157246428990899	157246447616055	157246428914545
157246440149128	157246455936680	157246440079024
157246447621941	157246464255899	157246447566993
157246471838712	157246489216263	157246471781680
157246478541837	157246497536992	157246478513660
157246486036993	157246505857826	157246485970691
157246529636420	157246547461627	157246529558920
157246536593555	157246555784596	157246536531264
157246544222670	157246564107149	157246544155014
157246553408139	157246572428711	157246553322826
157246558503295	157246580750170	157246558438295
157246567203608	157246589072617	157246567128087
157246575698035	157246597396316	157246575625326
157246586125326	157246605719440	157246586045014
157246591914128	157246614043034	157246591846733
157246600212253	157246622366159	157246600149128
157246608700639	157246630687149	157246608642045
157246616833816	157246639007513	157246616766055
157246689692670	157246705572044	157246689584337
157246696429805	157246713893764	157246696349493
157246704053555	157246722213398	157246703967045
157246710948347	157246730536992	157246710868660
157246718170587	157246738859388	157246718096524
157246725369857	157246747182409	157246725315274
157246733290066	157246755503815	157246733228347
157246741699024	157246763825274	157246741638295
157246753728712	157246772148191	157246753645795
157246758777566	157246780470691	157246758703243
157246784263087	157246797115951	157246784165691
157246798866107	157246813763034	157246798764910

=== poll 1790130551.643829391
16666666
0	0	0
0	0	0
0	0	0
0	0	0
0	0	0
0	0	0
0	0	0
0	0	0
0	0	0
0	0	0
0	0	0
0	0	0
0	0	0
0	0	0
0	0	0
0	0	0
0	0	0
0	0	0
0	0	0
0	0	0
0	0	0
0	0	0
0	0	0
0	0	0
0	0	0
0	0	0
0	0	0
0	0	0
0	0	0
0	0	0
0	0	0
0	0	0
0	0	0
0	0	0
0	0	0
0	0	0
0	0	0
0	0	0
0	0	0
0	0	0
0	0	0
0	0	0
0	0	0
0	0	0
0	0	0
0	0	0
0	0	0
0	0	0
0	0	0
0	0	0
0	0	0
0	0	0
0	0	0
0	0	0
0	0	0
0	0	0
0	0	0
0	0	0
0	0	0
0	0	0
0	0	0
0	0	0
0	0	0
0	0	0
0	0	0
0	0	0
0	0	0
0	0	0
0	0	0
0	0	0
0	0	0
0	0	0
0	0	0
0	0	0
0	0	0
0	0	0
0	0	0
0	0	0
0	0	0
0	0	0
0	0	0
0	0	0
0	0	0
0	0	0
0	0	0
0	0	0
0	0	0
0	0	0
0	0	0
0	0	0
0	0	0
157246270355743	157246281177097	157246269602306
157246280314181	157246297824493	157246280247045
157246393941889	157246406011889	157246393827878
157246401272514	157246414332774	157246401203503
157246410806680	157246422655638	157246410723503
157246422451108	157246439296003	157246422363555
157246428990899	157246447616055	157246428914545
157246440149128	157246455936680	157246440079024
157246447621941	157246464255899	157246447566993
157246471838712	157246489216263	157246471781680
157246478541837	157246497536992	157246478513660
157246486036993	157246505857826	157246485970691
157246529636420	157246547461627	157246529558920
157246536593555	157246555784596	157246536531264
157246544222670	157246564107149	157246544155014
157246553408139	157246572428711	157246553322826
157246558503295	157246580750170	157246558438295
157246567203608	157246589072617	157246567128087
157246575698035	157246597396316	157246575625326
157246586125326	157246605719440	157246586045014
157246591914128	157246614043034	157246591846733
157246600212253	157246622366159	157246600149128
157246608700639	157246630687149	157246608642045
157246616833816	157246639007513	157246616766055
157246689692670	157246705572044	157246689584337
157246696429805	157246713893764	157246696349493
157246704053555	157246722213398	157246703967045
157246710948347	157246730536992	157246710868660
157246718170587	157246738859388	157246718096524
157246725369857	157246747182409	157246725315274
157246733290066	157246755503815	157246733228347
157246741699024	157246763825274	157246741638295
157246753728712	157246772148191	157246753645795
157246758777566	157246780470691	157246758703243
157246784263087	157246797115951	157246784165691
157246798866107	157246813763034	157246798764910

=== poll 1790130553.907244807
16666666
157246529636420	157246547461627	157246529558920
157246536593555	157246555784596	157246536531264
157246544222670	157246564107149	157246544155014
157246553408139	157246572428711	157246553322826
157246558503295	157246580750170	157246558438295
157246567203608	157246589072617	157246567128087
157246575698035	157246597396316	157246575625326
157246586125326	157246605719440	157246586045014
157246591914128	157246614043034	157246591846733
157246600212253	157246622366159	157246600149128
157246608700639	157246630687149	157246608642045
157246616833816	157246639007513	157246616766055
157246689692670	157246705572044	157246689584337
157246696429805	157246713893764	157246696349493
157246704053555	157246722213398	157246703967045
157246710948347	157246730536992	157246710868660
157246718170587	157246738859388	157246718096524
157246725369857	157246747182409	157246725315274
157246733290066	157246755503815	157246733228347
157246741699024	157246763825274	157246741638295
157246753728712	157246772148191	157246753645795
157246758777566	157246780470691	157246758703243
157246784263087	157246797115951	157246784165691
157246798866107	157246813763034	157246798764910
157255022347094	157255051045063	157255021661000
157255052554386	157255084323135	157255052489021
157255070058448	157255100964124	157255065655479
157255087465427	157255117605948	157255079949281
157255110671365	157255134250375	157255110593656
157255124648865	157255150890843	157255124584281
157255137543135	157255167531625	157255137481833
157255153383396	157255184168551	157255150011104
157255169907823	157255200805426	157255163061365
157255188692458	157255217442874	157255188639802
157255203067979	157255234079385	157255201146677
157255219846573	157255250715896	157255214859542
157255240734125	157255267351312	157255240681938
157255254187510	157255283987666	157255254140323
157255270446990	157255300624593	157255267093969
157255286982927	157255317259228	157255281846573
157255308070167	157255333892302	157255308016885
157255321093031	157255350526833	157255321049594
157255336128552	157255367164125	157255334590740
157255352811521	157255383800426	157255348194281
157255369248917	157255400436729	157255361258760
157255387053760	157255417073343	157255387006625
157255402623344	157255433710010	157255399722719
157255419385427	157255450342875	157255416909802
157255435995479	157255466980218	157255431092302
157255457586365	157255483620635	157255457539854
157255470462406	157255500259489	157255470420531
157255486537146	157255516900843	157255483809542
157255503162510	157255533542198	157255498135948
157255519311833	157255550185426	157255516669958
157255536131469	157255566828656	157255531117927
157255558936312	157255583471312	157255558871365
157255572756104	157255600112614	157255572697562
157255587305114	157255616752979	157255587247823
157255602699698	157255633395634	157255602137667
157255619348552	157255650036833	157255616975219
157255637629542	157255666677353	157255637557667
157255654052667	157255683319437	157255652493604
157255669953708	157255699960479	157255668452823
157255691428031	157255716600218	157255691361000
157255708370635	157255733240530	157255707499698
157255724967042	157255749884906	157255724907510
157255743097823	157255766527614	157255743021885
157255758631208	157255783165895	157255758569489
157255774878083	157255799803291	157255774829125
157255788808448	157255816442718	157255788759906
157255802284073	157255833080687	157255801987927
157255818775791	157255849719489	157255817295166
157255835472614	157255866356572	157255831296521
157255863602719	157255882994958	157255863562041
157255877534698	157255899634489	157255877493552
157256008173239	157256032742718	157256008093343
157256026988083	157256049380271	157256026924385
157256040867979	157256066015582	157256040813864
157256054270114	157256082650426	157256054217927
157256068377614	157256099286573	157256067326208
157256085072614	157256115922249	157256081004073
157256101842093	157256132559072	157256095087302
157256122772771	157256149195582	157256122706833
157256136227354	157256165832354	157256136176000
157256151682927	157256182464020	157256150329750
157256168272406	157256199097145	157256163759385
157256190973291	157256215731572	157256190906521
157256204295271	157256232365739	157256204247250
157256218347927	157256248999749	157256218292302
157256234812823	157256265636259	157256231949593
157256251334698	157256282272405	157256245765687
157256271840114	157256298910999	157256271785218
157256285939125	157256315546833	157256285885843
157256301238448	157256332185738	157256299583812
157256317871260	157256348825790	157256313771625
157256335197406	157256365464124	157256331329802
157256351831208	157256382104020	157256345200323
157256371820427	157256398740530	157256371746156
157256385743552	157256415375166	157256385689229
157256401126312	157256432013916	157256399075895
157256417658656	157256448652509	157256412754593
157256440835375	157256465290218	157256440779489
157256459285791	157256481926989	157256459233916
157256474270687	157256498566415	157256474216885
157256488341260	157256515204228	157256488296729
157256501872718	157256531840270	157256501829906
157256517749072	157256548472717	157256515419020
157256534346416	157256565106989	157256529705010
157256551686104	157256581744645	157256548531989
157256568223083	157256598383239	157256563698291
157256584296677	157256615023499	157256583288395
157256600893604	157256631663916	157256597372041
157256617570687	157256648302145	157256611779854
157256634108447	157256664941572	157256625742614
157256656306989	157256681578499	157256656256624
157256674929229	157256698215061	157256674874854
157256690625895	157256714852926	157256690571833
157256705219958	157256731492093	157256705171833
157256719367770	157256748131676	157256719328135
157256734157822	157256764769228	157256732581833
157256750634958	157256781406937	157256746550895
157256768106937	157256798042614	157256761052406
157256784504854	157256814676312	157256775934385
157256802885270	157256831311416	157256802829854
157256817555062	157256847947353	157256816248552
157256833604541	157256864585635	157256829385843
157256866369072	157256897862614	157256866310218

=== poll 1790130556.201662202
16666666
157256440835375	157256465290218	157256440779489
157256459285791	157256481926989	157256459233916
157256474270687	157256498566415	157256474216885
157256488341260	157256515204228	157256488296729
157256501872718	157256531840270	157256501829906
157256517749072	157256548472717	157256515419020
157256534346416	157256565106989	157256529705010
157256551686104	157256581744645	157256548531989
157256568223083	157256598383239	157256563698291
157256584296677	157256615023499	157256583288395
157256600893604	157256631663916	157256597372041
157256617570687	157256648302145	157256611779854
157256634108447	157256664941572	157256625742614
157256656306989	157256681578499	157256656256624
157256674929229	157256698215061	157256674874854
157256690625895	157256714852926	157256690571833
157256705219958	157256731492093	157256705171833
157256719367770	157256748131676	157256719328135
157256734157822	157256764769228	157256732581833
157256750634958	157256781406937	157256746550895
157256768106937	157256798042614	157256761052406
157256784504854	157256814676312	157256775934385
157256802885270	157256831311416	157256802829854
157256817555062	157256847947353	157256816248552
157256833604541	157256864585635	157256829385843
157256866369072	157256897862614	157256866310218
157257109028656	157257130780373	157257108924593
157257132673551	157257164058342	157257132593239
157257150816781	157257180700374	157257146697874
157257166677874	157257197341624	157257161641312
157257188366833	157257213982197	157257188303656
157257201760374	157257230624696	157257201701520
157257216494593	157257247264385	157257214818864
157257233095739	157257263905478	157257230223760
157257249604489	157257280546676	157257244058916
157257266196885	157257297186416	157257257869906
157257289642406	157257313827145	157257289579176
157257303900895	157257330466936	157257303848603
157257317849697	157257347105634	157257317797666
157257332908083	157257363744175	157257331309124
157257349575322	157257380382926	157257345289801
157257373269541	157257397025843	157257373201780
157257387845583	157257413665530	157257387794020
157257402231051	157257430305582	157257402179749
157257416058447	157257446943030	157257415132822
157257432554593	157257463580165	157257429177926
157257449203083	157257480219853	157257442785426
157257469568812	157257496863134	157257469513343
157257487253030	157257513507093	157257487201728
157257500957197	157257530151520	157257500903395
157257516515843	157257546794020	157257515047614
157257532616937	157257563436467	157257529255426
157257549200010	157257580083030	157257543862822
157257565860843	157257596732249	157257557890791
157257588585687	157257613379384	157257588526989
157257602808864	157257630023082	157257602760374
157257616403916	157257646667666	157257616354801
157257632268916	157257663313082	157257629938864
157257648925114	157257679955062	157257643736207
157257665633551	157257696597144	157257657193499
157257689383395	157257713240374	157257689321885
157257715797978	157257746529176	157257715730895
157257733284072	157257763170061	157257729876260
157257749567353	157257779812873	157257744333395
157257780175478	157257796456624	157257779993655
157257801687770	157257829741936	157257801604801
157257821556468	157257846387144	157257821486051
157257837395634	157257863031051	157257837328968
157257895421416	157257912967665	157257895334489
157257920986832	157257946252301	157257920911572
157257946921989	157257979534696	157257946848082
157257966527301	157257996176259	157257962193187
157257982313030	157258012820791	157257979838082
157258000581520	157258029459957	157258000515686
157258031891884	157258062743082	157258031822509
157258048816780	157258079387665	157258044938082
157258169460322	157258195897665	157258169376103
157258185795738	157258212540322	157258185733186
157258199598134	157258229181936	157258199540947
157258215618707	157258245823967	157258213253395
157258231862093	157258262467613	157258228385999
157258248299645	157258279110581	157258242704749
157258271764384	157258295752665	157258271700791
157258287546311	157258312391155	157258287483499
157258305154124	157258329037457	157258305100999
157258318618551	157258345684905	157258318570738
157258331885478	157258362326259	157258331777405
157258350894645	157258378967926	157258350849176
157258364697509	157258395607405	157258363918863
157258381334697	157258412243863	157258378502718
157258397942561	157258428882300	157258392654124
157258420305113	157258445521155	157258420245895
157258438981051	157258462158133	157258438921468
157258453200738	157258478796415	157258453149957
157258479246676	157258495435998	157258479183134
157258493127509	157258512073915	157258493072822
157258520232353	157258545349279	157258520157301
157258537140061	157258561984071	157258537071051
157258552175009	157258578619853	157258552119020
157258566325686	157258595255061	157258566273655
157258581201415	157258611909592	157258580497718
157258597563447	157258628583238	157258594424540
157258614313082	157258645256311	157258612177822
157258631562249	157258661931727	157258626165842
157258654460530	157258678608551	157258654397665
157258668774488	157258695285269	157258668702405
157258682170634	157258711961728	157258682112092
157258697755947	157258728635269	157258696282874
157258714338603	157258745306259	157258710192197
157258731068811	157258761978342	157258724177040
157258752279228	157258778651155	157258752197040
157258789611676	157258811997509	157258789539957
157258803846572	157258828673134	157258803784749
157258817857822	157258845349957	157258817803811
157258831180009	157258862022612	157258831130530
157258848502040	157258878694436	157258845952717
157258864924801	157258895366572	157258859927249
157258880926207	157258912039592	157258873438082
157258899544384	157258928714592	157258899488811
157258914500842	157258945390685	157258913301624
157258931306884	157258962065686	157258926973915
157258955386676	157258978741988	157258955307665
157258982271832	157259012092300	157258982211624
157258998063030	157259028767352	157258994603655
157259014567769	157259045438446	157259008682457
157259031090894	157259062110842	157259022671572
157259243672196	157259262205374	157259243594540

=== poll 1790130558.463389753
16666666
157258714338603	157258745306259	157258710192197
157258731068811	157258761978342	157258724177040
157258752279228	157258778651155	157258752197040
157258789611676	157258811997509	157258789539957
157258803846572	157258828673134	157258803784749
157258817857822	157258845349957	157258817803811
157258831180009	157258862022612	157258831130530
157258848502040	157258878694436	157258845952717
157258864924801	157258895366572	157258859927249
157258880926207	157258912039592	157258873438082
157258899544384	157258928714592	157258899488811
157258914500842	157258945390685	157258913301624
157258931306884	157258962065686	157258926973915
157258955386676	157258978741988	157258955307665
157258982271832	157259012092300	157258982211624
157258998063030	157259028767352	157258994603655
157259014567769	157259045438446	157259008682457
157259031090894	157259062110842	157259022671572
157259243672196	157259262205374	157259243594540
157259264254488	157259295557040	157259264177613
157259284884696	157259312228654	157259284816571
157259312536519	157259328901519	157259312467196
157259350588759	157259378916154	157259350513394
157259374318915	157259395586102	157259374243707
157259391484123	157259412255582	157259391404957
157259407274540	157259428927040	157259407209228
157259433833759	157259462268602	157259433769280
157259448274436	157259478943654	157259446512665
157259465663551	157259495614748	157259460983394
157259481949853	157259512286519	157259474919332
157259501852509	157259528957352	157259501796050
157259515156519	157259545623706	157259515106259
157259531481728	157259562294488	157259528768603
157259548176259	157259578964643	157259546642248
157259564741728	157259595631363	157259560326623
157259581398186	157259612301207	157259573932665
157259605004800	157259628971415	157259604939853
157259618741155	157259645642613	157259618685321
157259638348082	157259662312977	157259638301675
157259655315842	157259678982925	157259655259332
157259685106259	157259712325217	157259685050061
157259704817821	157259728995842	157259704765998
157259723972248	157259745668446	157259723921207
157259739317977	157259762341935	157259739270269
157259754601311	157259779012143	157259754555738
157259768550530	157259795679643	157259768506780
157259785413655	157259812351414	157259785369332
157259801103446	157259829023966	157259801053967
157259818836571	157259845696310	157259818790894
157259835618290	157259862366571	157259835571519
157259851125842	157259879038759	157259851081832
157259875935582	157259895714175	157259875883186
157259890929332	157259912383966	157259890876884
157259918173342	157259945722873	157259918118030
157259932175321	157259962394331	157259930821675
157259954273238	157259979069175	157259954210998
157259970423186	157259995741571	157259970362248
157259984873186	157260012415321	157259984829123
157260000867665	157260029092404	157260000823290
157260015231519	157260045769904	157260014665477
157260031692092	157260062446883	157260028590113
157260048451779	157260079124643	157260042503967
157260069550790	157260095801154	157260069487457
157260082542404	157260112477821	157260082494175
157260098841102	157260129151779	157260096612196
157260115768029	157260145825112	157260110571623
157260131472561	157260162500842	157260124739123
157260150174175	157260179177196	157260150115686
157260164873915	157260195851623	157260162809904
157260188379384	157260212528394	157260188317665
157260316124175	157260345912821	157260316025738
157260332778706	157260362587404	157260331703394
157260349173446	157260379261727	157260346428081
157260365737665	157260395937768	157260360139019
157260381726050	157260412617352	157260373218967
157260398512873	157260429297039	157260397872352
157260414976675	157260445970945	157260410761727
157260431715373	157260462645112	157260427437873
157260452852665	157260479317352	157260452792196
157260465919071	157260495992873	157260465866883
157260481773081	157260512666779	157260478885894
157260498370738	157260529341466	157260492082769
157260517330165	157260546014852	157260517270321
157260531926102	157260562693549	157260530214227
157260549241258	157260579367144	157260549182352
157260565828758	157260596039122	157260562700998
157260589715946	157260612708758	157260589651988
157260603056467	157260629379956	157260603001102
157260627636727	157260646052769	157260627579435
157260653099175	157260679404227	157260653032248
157260677354956	157260696080737	157260677292873
157260703313081	157260729427196	157260703244383
157260715994540	157260746096101	157260715950477
157260733095842	157260762764956	157260733042508
157260750390946	157260779432873	157260750328081
157260766283550	157260796104539	157260763217352
157260782526831	157260812776831	157260777911519
157260798676727	157260829450476	157260795996675
157260815321519	157260846124904	157260809857977
157260832072248	157260862798081	157260822897196
157260849672769	157260879470060	157260849609644
157260886305477	157260912815060	157260886227717
157260915741154	157260946155007	157260915678185
157260932219331	157260962819956	157260929428290
157260948693342	157260979487716	157260943254800
157260969407873	157260996159487	157260969349071
157261000745581	157261029499174	157261000672769
157261016209435	157261046170789	157261013465217
157261032071987	157261062837664	157261027999644
157261053222664	157261079507351	157261053166675
157261065810060	157261096178029	157261065761310
157261081929696	157261112850164	157261079128862
157261098588550	157261129518706	157261092302717
157261118862039	157261146188498	157261118793029
157261249863654	157261279541778	157261249773862
157261266465685	157261296210216	157261265391050
157261282873602	157261312881622	157261280435581
157261299271571	157261329553133	157261293892404
157261330110737	157261346222143	157261330040685
157261343068862	157261362890320	157261343010060
157261367632925	157261396227820	157261367573394
157261382055894	157261412895216	157261381165373
157261398487404	157261429566831	157261394267821
157261415355269	157261446238654	157261414458081
157261455669383	157261479579487	157261455612664
157261492636571	157261512919747	157261492567821
157261508965425	9223372036854775807	157261508899956

=== poll 1790130560.749252356
16666666
157260517330165	157260546014852	157260517270321
157260531926102	157260562693549	157260530214227
157260549241258	157260579367144	157260549182352
157260565828758	157260596039122	157260562700998
157260589715946	157260612708758	157260589651988
157260603056467	157260629379956	157260603001102
157260627636727	157260646052769	157260627579435
157260653099175	157260679404227	157260653032248
157260677354956	157260696080737	157260677292873
157260703313081	157260729427196	157260703244383
157260715994540	157260746096101	157260715950477
157260733095842	157260762764956	157260733042508
157260750390946	157260779432873	157260750328081
157260766283550	157260796104539	157260763217352
157260782526831	157260812776831	157260777911519
157260798676727	157260829450476	157260795996675
157260815321519	157260846124904	157260809857977
157260832072248	157260862798081	157260822897196
157260849672769	157260879470060	157260849609644
157260886305477	157260912815060	157260886227717
157260915741154	157260946155007	157260915678185
157260932219331	157260962819956	157260929428290
157260948693342	157260979487716	157260943254800
157260969407873	157260996159487	157260969349071
157261000745581	157261029499174	157261000672769
157261016209435	157261046170789	157261013465217
157261032071987	157261062837664	157261027999644
157261053222664	157261079507351	157261053166675
157261065810060	157261096178029	157261065761310
157261081929696	157261112850164	157261079128862
157261098588550	157261129518706	157261092302717
157261118862039	157261146188498	157261118793029
157261249863654	157261279541778	157261249773862
157261266465685	157261296210216	157261265391050
157261282873602	157261312881622	157261280435581
157261299271571	157261329553133	157261293892404
157261330110737	157261346222143	157261330040685
157261343068862	157261362890320	157261343010060
157261367632925	157261396227820	157261367573394
157261382055894	157261412895216	157261381165373
157261398487404	157261429566831	157261394267821
157261415355269	157261446238654	157261414458081
157261455669383	157261479579487	157261455612664
157261492636571	157261512919747	157261492567821
157261508965425	157261529588133	157261508899956
157261544126258	157261562919956	157261544030425
157261583047300	157261612914174	157261582986831
157261618063081	157261646248706	157261617979071
157261632379904	157261662916206	157261632135164
157261648932925	157261679587872	157261647608237
157261665342768	157261696258289	157261661653862
157261682207300	157261712930060	157261678318341
157261698658654	157261729600476	157261693370998
157261719565841	157261746270893	157261719499279
157261733217248	157261762942767	157261733164643
157261751602977	157261779611831	157261751541623
157261789533654	157261812954278	157261789467195
157261814625633	157261846289435	157261814564591
157261832167977	157261862956414	157261827424435
157261853131570	157261879623132	157261853075373
157261872547248	157261896289539	157261872479539
157261886104800	157261912953549	157261886035320
157261911273289	157261929616622	157261911219487
157261924753393	157261946278445	157261924702716
157261950989279	157261979611830	157261950920477
157261966173133	157261996280112	157261964210945
157261982832820	157262012947715	157261979299695
157261998594383	157262029616414	157261992897820
157262020963185	157262046286153	157262020902039
157262034775581	157262062953237	157262034724227
157262059947456	157262079624851	157262059889747
157262073288185	157262096296831	157262073237716
157262097764383	157262129635476	157262097709695
157262115684487	157262146304487	157262111372977
157262132294539	157262162976830	157262130656987
157262149414643	157262179646934	157262144636883
157262165994070	157262196315372	157262158476414
157262187118341	157262212982872	157262187056518
157262316877247	157262346329539	157262316794018
157262345204643	157262362997404	157262345135372
157262361175476	157262379665164	157262361106726
157262378113654	157262396337455	157262378047820
157262395539331	157262413009226	157262395478237
157262415441362	157262446354070	157262415376310
157262432325268	157262463026935	157262429061206
157262454800841	157262479695476	157262454744018
157262467758601	157262496366205	157262467708081
157262482155112	157262513036101	157262481197508
157262498783706	157262529704798	157262494814174
157262515399956	157262546376726	157262508301049
157262540632560	157262563043236	157262540569226
157262565999174	157262596383861	157262565937560
157262583092091	157262613050945	157262579514643
157262599429331	157262629720893	157262593461570
157262620951518	157262646389799	157262620885581
157262634892091	157262663056466	157262634840268
157262649150893	157262679726622	157262648376883
157262673586987	157262696394434	157262673508341
157262702138549	157262729726518	157262702064851
157262732212403	157262763069174	157262732154174
157262750045633	157262779740632	157262749992039
157262766507768	157262796413341	157262762314956
157262782857247	157262813085476	157262776725268
157262810271049	157262829754174	157262810193393
157262824210216	157262846425268	157262824141153
157262849356466	157262879760476	157262849272560
157262874684539	157262896425840	157262874625528
157262906470112	157262929756830	157262906388601
157262932384747	157262963092195	157262932320580
157262969504539	157262996431986	157262969430320
157262994836987	157263013099746	157262994753289
157263008876310	157263029764955	157263008818497
157263035454851	157263063103496	157263035388601
157263049208914	157263079774643	157263048363966
157263073780476	157263096442559	157263073676153
157263099068289	157263129773653	157263099007612
157263115933914	157263146440840	157263112366310
157263132173966	157263163109017	157263125795112
157263151615060	157263179776309	157263151553185
157263272781622	157263296446465	157263272700476
157263346559330	157263363117872	157263346362299
157263370236309	157263396446934	157263370161362
157263382888341	157263413112090	157263382675268
157263496654174	157263513115944	157263496536414
157263513376414	157263529782976	157263513298028
157263521538601	157263546449955	157263521471622
157263534101205	157263563120424	157263534030059

=== poll 1790130563.041977043
16666666
157262482155112	157262513036101	157262481197508
157262498783706	157262529704798	157262494814174
157262515399956	157262546376726	157262508301049
157262540632560	157262563043236	157262540569226
157262565999174	157262596383861	157262565937560
157262583092091	157262613050945	157262579514643
157262599429331	157262629720893	157262593461570
157262620951518	157262646389799	157262620885581
157262634892091	157262663056466	157262634840268
157262649150893	157262679726622	157262648376883
157262673586987	157262696394434	157262673508341
157262702138549	157262729726518	157262702064851
157262732212403	157262763069174	157262732154174
157262750045633	157262779740632	157262749992039
157262766507768	157262796413341	157262762314956
157262782857247	157262813085476	157262776725268
157262810271049	157262829754174	157262810193393
157262824210216	157262846425268	157262824141153
157262849356466	157262879760476	157262849272560
157262874684539	157262896425840	157262874625528
157262906470112	157262929756830	157262906388601
157262932384747	157262963092195	157262932320580
157262969504539	157262996431986	157262969430320
157262994836987	157263013099746	157262994753289
157263008876310	157263029764955	157263008818497
157263035454851	157263063103496	157263035388601
157263049208914	157263079774643	157263048363966
157263073780476	157263096442559	157263073676153
157263099068289	157263129773653	157263099007612
157263115933914	157263146440840	157263112366310
157263132173966	157263163109017	157263125795112
157263151615060	157263179776309	157263151553185
157263272781622	157263296446465	157263272700476
157263346559330	157263363117872	157263346362299
157263370236309	157263396446934	157263370161362
157263382888341	157263413112090	157263382675268
157263496654174	157263513115944	157263496536414
157263513376414	157263529782976	157263513298028
157263521538601	157263546449955	157263521471622
157263534101205	157263563120424	157263534030059
157263836377872	157263863063861	157263836313966
157263870173132	157263896388913	157263870115580
157263908856413	157263929717299	157263908784486
157263950726361	157263979719017	157263950639799
157263967574382	157263996389225	157263967499747
157263985354695	157264013057454	157263985279955
157263999779799	157264029727090	157263999719070
157264015727872	157264046399017	157264013294903
157264032203028	157264063065840	157264027830736
157264054642976	157264079730059	157264054583549
157264068651882	157264096392819	157264068595268
157264082795267	157264113057351	157264082748653
157264098797299	157264129722611	157264096785632
157264116535320	157264146388756	157264112233340
157264142395476	157264163053653	157264142323288
157264157267715	157264179717871	157264157213601
157264171611830	157264196380997	157264171556726
157264186286517	157264213048132	157264186232715
157264213521830	157264229716465	157264213458705
157264227274382	157264246385684	157264227218913
157264242281517	157264263053861	157264242221726
157264269405215	157264296391361	157264269342090
157264296016778	157264313059746	157264295948236
157264309970736	157264329729277	157264309916622
157264328517038	157264346400840	157264328467924
157264343338028	157264363077194	157264343274017
157264358508549	157264379750944	157264358452663
157264386478705	157264413092767	157264386415997
157264400977715	157264429761673	157264400921778
157264416463757	157264446431569	157264416405684
157264432174486	157264463100476	157264430348028
157264448748549	157264479768860	157264443863132
157264465387194	157264496436517	157264458322351
157264486221934	157264513102403	157264486160163
157264500722507	157264529769694	157264500668392
157264515677663	157264546438132	157264514782767
157264532971778	157264563105736	157264528674955
157264549448080	157264579773340	157264544657507
157264565484382	157264596441673	157264559291934
157264582208965	157264613108600	157264579698288
157264598758496	157264629776934	157264594653288
157264615495580	157264646445891	157264608921257
157264636192299	157264663117767	157264636132246
157264650428861	157264679791309	157264650382767
157264666150788	157264696462246	157264666098809
157264682372976	157264713130163	157264681427299
157264698954017	157264729799694	157264696117142
157264715641309	157264746475006	157264710075892
157264738569694	157264763146777	157264738494173
157264765195059	157264796490214	157264765130528
157264897366830	157264929868757	157264897249694
157264916796778	157264946535475	157264904393548
157264932894330	157264963206413	157264922425632
157264949612611	157264979878443	157264941777663
157264978168600	157264996547871	157264978081830
157264984489850	157265013218496	157264984434642
157264999892038	157265029889850	157264999838548
157265119771205	157265146573391	157265119673444
157265137888028	157265163238340	157265137772611
157265161464017	157265179903808	157265161382350
157265173275892	157265196572246	157265173200840
157265225534694	157265246582715	157265225421673
157265252387246	157265279926309	157265252308340
157265266190215	157265296596829	157265265200371
157265285108288	157265313265683	157265285047194
157265301827923	157265329936620	157265301760944
157265324093080	157265346607975	157265323964277
157265346377871	157265363282298	157265346293652
157265350552298	157265379954902	157265350493913
157265486538704	157265513321933	157265486425423
157265500221465	157265529993860	157265499135423
157265516028132	157265546666933	157265505641361
157265532501673	157265563339016	157265521728704
157265549194121	157265580011360	157265533213600
157265566488444	157265596683183	157265554372454
157265583366882	157265613356360	157265567421413
157265733695892	157265763364173	157265733569329
157265830690371	157265846694276	157265830584225
157265838793652	157265863356360	157265838708027
157265858070111	157265880019589	157265857984590
157265877354538	157265896681151	157265877255423
157265885854121	157265913345943	157265885786933
157265958763027	157265980010839	157265958643496
157265993238756	157266013350214	157265993133131
157266003141621	157266030022090	157266003083236
157266016220267	157266046691204	157266006700944
157266108259173	9223372036854775807	157266108147298

=== poll 1790130565.347664386
16666666
157263870173132	157263896388913	157263870115580
157263908856413	157263929717299	157263908784486
157263950726361	157263979719017	157263950639799
157263967574382	157263996389225	157263967499747
157263985354695	157264013057454	157263985279955
157263999779799	157264029727090	157263999719070
157264015727872	157264046399017	157264013294903
157264032203028	157264063065840	157264027830736
157264054642976	157264079730059	157264054583549
157264068651882	157264096392819	157264068595268
157264082795267	157264113057351	157264082748653
157264098797299	157264129722611	157264096785632
157264116535320	157264146388756	157264112233340
157264142395476	157264163053653	157264142323288
157264157267715	157264179717871	157264157213601
157264171611830	157264196380997	157264171556726
157264186286517	157264213048132	157264186232715
157264213521830	157264229716465	157264213458705
157264227274382	157264246385684	157264227218913
157264242281517	157264263053861	157264242221726
157264269405215	157264296391361	157264269342090
157264296016778	157264313059746	157264295948236
157264309970736	157264329729277	157264309916622
157264328517038	157264346400840	157264328467924
157264343338028	157264363077194	157264343274017
157264358508549	157264379750944	157264358452663
157264386478705	157264413092767	157264386415997
157264400977715	157264429761673	157264400921778
157264416463757	157264446431569	157264416405684
157264432174486	157264463100476	157264430348028
157264448748549	157264479768860	157264443863132
157264465387194	157264496436517	157264458322351
157264486221934	157264513102403	157264486160163
157264500722507	157264529769694	157264500668392
157264515677663	157264546438132	157264514782767
157264532971778	157264563105736	157264528674955
157264549448080	157264579773340	157264544657507
157264565484382	157264596441673	157264559291934
157264582208965	157264613108600	157264579698288
157264598758496	157264629776934	157264594653288
157264615495580	157264646445891	157264608921257
157264636192299	157264663117767	157264636132246
157264650428861	157264679791309	157264650382767
157264666150788	157264696462246	157264666098809
157264682372976	157264713130163	157264681427299
157264698954017	157264729799694	157264696117142
157264715641309	157264746475006	157264710075892
157264738569694	157264763146777	157264738494173
157264765195059	157264796490214	157264765130528
157264897366830	157264929868757	157264897249694
157264916796778	157264946535475	157264904393548
157264932894330	157264963206413	157264922425632
157264949612611	157264979878443	157264941777663
157264978168600	157264996547871	157264978081830
157264984489850	157265013218496	157264984434642
157264999892038	157265029889850	157264999838548
157265119771205	157265146573391	157265119673444
157265137888028	157265163238340	157265137772611
157265161464017	157265179903808	157265161382350
157265173275892	157265196572246	157265173200840
157265225534694	157265246582715	157265225421673
157265252387246	157265279926309	157265252308340
157265266190215	157265296596829	157265265200371
157265285108288	157265313265683	157265285047194
157265301827923	157265329936620	157265301760944
157265324093080	157265346607975	157265323964277
157265346377871	157265363282298	157265346293652
157265350552298	157265379954902	157265350493913
157265486538704	157265513321933	157265486425423
157265500221465	157265529993860	157265499135423
157265516028132	157265546666933	157265505641361
157265532501673	157265563339016	157265521728704
157265549194121	157265580011360	157265533213600
157265566488444	157265596683183	157265554372454
157265583366882	157265613356360	157265567421413
157265733695892	157265763364173	157265733569329
157265830690371	157265846694276	157265830584225
157265838793652	157265863356360	157265838708027
157265858070111	157265880019589	157265857984590
157265877354538	157265896681151	157265877255423
157265885854121	157265913345943	157265885786933
157265958763027	157265980010839	157265958643496
157265993238756	157266013350214	157265993133131
157266003141621	157266030022090	157266003083236
157266016220267	157266046691204	157266006700944
157266108259173	157266130035839	157266108147298
157266138981308	157266163374485	157266138892923
157266182731673	157266213370735	157266182635267
157266236904694	157266263361152	157266236797402
157266262883392	157266280025787	157266262760006
157266282957037	157266313351828	157266282862298
157266299554537	157266330016204	157266296647194
157266316148235	157266346683391	157266309507975
157266336760996	157266363351203	157266336617506
157266357585475	157266380016151	157266357504277
157266370865475	157266396678339	157266370753860
157266387480683	157266413339381	157266387405423
157266416155631	157266446665110	157266416045840
157266432878131	157266463334016	157266431021360
157266449815475	157266480000422	157266437868340
157267121517818	157267146672193	157267121414173
157267149261308	157267180007974	157267149193443
157267178602610	157267196681567	157267178515423
157267199120318	157267230022714	157267199045579
157267216021048	157267246691933	157267209147766
157267232545839	157267263359380	157267224608652
157267249349537	157267280023130	157267235643704
157267265910839	157267296690526	157267255960839
157267282362193	157267313362245	157267270106464
157267366783860	157267396713599	157267366690422
157267476983079	157267496742141	157267476896412
157267689324954	157267713461880	157267689260058
157267785927245	157267813487557	157267785823235
157267823648026	157267846827245	157267823583599
157267836446724	157267863496724	157267836291099
157267869284381	157267896841568	157267869172037
157267891957870	157267913514015	157267891854797
157267919362454	157267946859953	157267919286256
157267933463599	157267963534067	157267926157193
157267956789172	157267980206776	157267956692922
157267973890631	157267996879641	157267973778131
157267983194172	157268013553703	157267976980110
157268000031829	157268030228599	157267995725422
157268088237193	157268113590786	157268088124849
157268110317193	157268130260734	157268110222662
157268118151412	157268146931463	157268117991203
157268152173860	157268180280474	157268152098860

=== poll 1790130567.677074489
16666666
157265549194121	157265580011360	157265533213600
157265566488444	157265596683183	157265554372454
157265583366882	157265613356360	157265567421413
157265733695892	157265763364173	157265733569329
157265830690371	157265846694276	157265830584225
157265838793652	157265863356360	157265838708027
157265858070111	157265880019589	157265857984590
157265877354538	157265896681151	157265877255423
157265885854121	157265913345943	157265885786933
157265958763027	157265980010839	157265958643496
157265993238756	157266013350214	157265993133131
157266003141621	157266030022090	157266003083236
157266016220267	157266046691204	157266006700944
157266108259173	157266130035839	157266108147298
157266138981308	157266163374485	157266138892923
157266182731673	157266213370735	157266182635267
157266236904694	157266263361152	157266236797402
157266262883392	157266280025787	157266262760006
157266282957037	157266313351828	157266282862298
157266299554537	157266330016204	157266296647194
157266316148235	157266346683391	157266309507975
157266336760996	157266363351203	157266336617506
157266357585475	157266380016151	157266357504277
157266370865475	157266396678339	157266370753860
157266387480683	157266413339381	157266387405423
157266416155631	157266446665110	157266416045840
157266432878131	157266463334016	157266431021360
157266449815475	157266480000422	157266437868340
157267121517818	157267146672193	157267121414173
157267149261308	157267180007974	157267149193443
157267178602610	157267196681567	157267178515423
157267199120318	157267230022714	157267199045579
157267216021048	157267246691933	157267209147766
157267232545839	157267263359380	157267224608652
157267249349537	157267280023130	157267235643704
157267265910839	157267296690526	157267255960839
157267282362193	157267313362245	157267270106464
157267366783860	157267396713599	157267366690422
157267476983079	157267496742141	157267476896412
157267689324954	157267713461880	157267689260058
157267785927245	157267813487557	157267785823235
157267823648026	157267846827245	157267823583599
157267836446724	157267863496724	157267836291099
157267869284381	157267896841568	157267869172037
157267891957870	157267913514015	157267891854797
157267919362454	157267946859953	157267919286256
157267933463599	157267963534067	157267926157193
157267956789172	157267980206776	157267956692922
157267973890631	157267996879641	157267973778131
157267983194172	157268013553703	157267976980110
157268000031829	157268030228599	157267995725422
157268088237193	157268113590786	157268088124849
157268110317193	157268130260734	157268110222662
157268118151412	157268146931463	157268117991203
157268152173860	157268180280474	157268152098860
157268670785787	157268697123755	157268670706203
157268702205891	157268730474901	157268702135995
157268752423495	157268780501671	157268752340943
157268768329484	157268797179015	157268768267922
157268790277818	157268813860265	157268790199901
157268806354484	157268830539068	157268806273182
157268827891359	157268847215577	157268827797662
157268834627349	157268863892869	157268834556880
157268914580214	157268947277609	157268914467557
157269027446151	157269047354275	157269027337609
157269077656359	157269097386880	157269077539172
157269093303964	157269114065526	157269093194797
157269107771047	157269130742192	157269107675161
157269155178078	157269180775630	157269155055109
157269167035682	157269197453547	157269161103599
157269183602818	157269214130421	157269169542193
157269200398078	157269230804692	157269198800266
157269219432870	157269247479900	157269219327401
157269242218495	157269264150890	157269242142141
157269271816932	157269297485317	157269271736516
157269284389120	157269314154640	157269282961203
157269300853755	157269330827453	157269296660682
157269322424693	157269347499848	157269322332036
157269339325838	157269364168859	157269339260474
157269352328338	157269380838182	157269352249484
157269551760370	157269580878963	157269551674640
157269574623182	157269597553025	157269574536411
157269590447870	157269614226776	157269590389380
157269614146567	157269630901254	157269614076255
157269644158234	157269664249328	157269644092765
157269660824536	157269680920994	157269660764953
157269671932713	157269697594692	157269671876620
157269685216099	157269714266046	157269685164328
157269764528286	157269780954901	157269764441099
157269778768494	157269797626150	157269778691411
157269792021151	157269814297296	157269791937713
157269803192713	157269830973077	157269803119224
157269836192244	157269864330213	157269836132713
157269859647974	157269881010109	157269859578651
157269902918338	157269931039171	157269902835005
157269921652088	157269947714171	157269921574380
157269948048390	157269964388130	157269947945734
157269953830890	157269981061567	157269953779328
157269977520057	157269997733859	157269977409328
157269989438703	157270014404848	157269989371046
157270001418859	157270031074640	157270001344744
157270026588599	157270047749952	157270026515213
157270066381984	157270097774588	157270066307765
157270090133286	157270114453546	157270090071151
157270112268234	157270131130212	157270112183963
157270119824744	157270147807140	157270119754224
157270143822453	157270164488754	157270143748494
157270243323390	157270264537036	157270243239901
157270257112296	157270281211931	157270257038859
157270278864901	157270297887713	157270278780317
157270294160161	157270314561983	157270294098755
157270333118755	157270364581983	157270333054380
157270372556776	157270397932609	157270372491203
157270389858703	157270414612452	157270389793651
157270427505369	157270447969639	157270427317557
157270439416723	157270464646775	157270439337921
157270452098182	157270481326566	157270452034067
157270486549692	157270514686254	157270486475525
157270501291619	157270531367348	157270497321203
157270517924432	157270548043233	157270502132088
157270540393807	157270564719796	157270540303338
157270551987713	157270581396879	157270551923338
157270599137192	157270631426150	157270598996098
157270617853182	157270648100212	157270605196828
157270655025473	157270681448494	157270654939640
157270667247088	157270698122660	157270657319692
157270709433911	9223372036854775807	157270709345109

=== poll 1790130569.930831155
16666666
157266236904694	157266263361152	157266236797402
157266262883392	157266280025787	157266262760006
157266282957037	157266313351828	157266282862298
157266299554537	157266330016204	157266296647194
157266316148235	157266346683391	157266309507975
157266336760996	157266363351203	157266336617506
157266357585475	157266380016151	157266357504277
157266370865475	157266396678339	157266370753860
157266387480683	157266413339381	157266387405423
157266416155631	157266446665110	157266416045840
157266432878131	157266463334016	157266431021360
157266449815475	157266480000422	157266437868340
157267121517818	157267146672193	157267121414173
157267149261308	157267180007974	157267149193443
157267178602610	157267196681567	157267178515423
157267199120318	157267230022714	157267199045579
157267216021048	157267246691933	157267209147766
157267232545839	157267263359380	157267224608652
157267249349537	157267280023130	157267235643704
157267265910839	157267296690526	157267255960839
157267282362193	157267313362245	157267270106464
157267366783860	157267396713599	157267366690422
157267476983079	157267496742141	157267476896412
157267689324954	157267713461880	157267689260058
157267785927245	157267813487557	157267785823235
157267823648026	157267846827245	157267823583599
157267836446724	157267863496724	157267836291099
157267869284381	157267896841568	157267869172037
157267891957870	157267913514015	157267891854797
157267919362454	157267946859953	157267919286256
157267933463599	157267963534067	157267926157193
157267956789172	157267980206776	157267956692922
157267973890631	157267996879641	157267973778131
157267983194172	157268013553703	157267976980110
157268000031829	157268030228599	157267995725422
157268088237193	157268113590786	157268088124849
157268110317193	157268130260734	157268110222662
157268118151412	157268146931463	157268117991203
157268152173860	157268180280474	157268152098860
157268670785787	157268697123755	157268670706203
157268702205891	157268730474901	157268702135995
157268752423495	157268780501671	157268752340943
157268768329484	157268797179015	157268768267922
157268790277818	157268813860265	157268790199901
157268806354484	157268830539068	157268806273182
157268827891359	157268847215577	157268827797662
157268834627349	157268863892869	157268834556880
157268914580214	157268947277609	157268914467557
157269027446151	157269047354275	157269027337609
157269077656359	157269097386880	157269077539172
157269093303964	157269114065526	157269093194797
157269107771047	157269130742192	157269107675161
157269155178078	157269180775630	157269155055109
157269167035682	157269197453547	157269161103599
157269183602818	157269214130421	157269169542193
157269200398078	157269230804692	157269198800266
157269219432870	157269247479900	157269219327401
157269242218495	157269264150890	157269242142141
157269271816932	157269297485317	157269271736516
157269284389120	157269314154640	157269282961203
157269300853755	157269330827453	157269296660682
157269322424693	157269347499848	157269322332036
157269339325838	157269364168859	157269339260474
157269352328338	157269380838182	157269352249484
157269551760370	157269580878963	157269551674640
157269574623182	157269597553025	157269574536411
157269590447870	157269614226776	157269590389380
157269614146567	157269630901254	157269614076255
157269644158234	157269664249328	157269644092765
157269660824536	157269680920994	157269660764953
157269671932713	157269697594692	157269671876620
157269685216099	157269714266046	157269685164328
157269764528286	157269780954901	157269764441099
157269778768494	157269797626150	157269778691411
157269792021151	157269814297296	157269791937713
157269803192713	157269830973077	157269803119224
157269836192244	157269864330213	157269836132713
157269859647974	157269881010109	157269859578651
157269902918338	157269931039171	157269902835005
157269921652088	157269947714171	157269921574380
157269948048390	157269964388130	157269947945734
157269953830890	157269981061567	157269953779328
157269977520057	157269997733859	157269977409328
157269989438703	157270014404848	157269989371046
157270001418859	157270031074640	157270001344744
157270026588599	157270047749952	157270026515213
157270066381984	157270097774588	157270066307765
157270090133286	157270114453546	157270090071151
157270112268234	157270131130212	157270112183963
157270119824744	157270147807140	157270119754224
157270143822453	157270164488754	157270143748494
157270243323390	157270264537036	157270243239901
157270257112296	157270281211931	157270257038859
157270278864901	157270297887713	157270278780317
157270294160161	157270314561983	157270294098755
157270333118755	157270364581983	157270333054380
157270372556776	157270397932609	157270372491203
157270389858703	157270414612452	157270389793651
157270427505369	157270447969639	157270427317557
157270439416723	157270464646775	157270439337921
157270452098182	157270481326566	157270452034067
157270486549692	157270514686254	157270486475525
157270501291619	157270531367348	157270497321203
157270517924432	157270548043233	157270502132088
157270540393807	157270564719796	157270540303338
157270551987713	157270581396879	157270551923338
157270599137192	157270631426150	157270598996098
157270617853182	157270648100212	157270605196828
157270655025473	157270681448494	157270654939640
157270667247088	157270698122660	157270657319692
157270709433911	157270731476411	157270709345109
157270720852713	157270748149118	157270720777348
157270845217140	157270864871046	157270845119692
157270869747973	157270898216046	157270869665213
157270902510994	157270931562035	157270902436879
157270918298702	157270948236983	157270912490994
157270934623807	157270964910682	157270918923338
157270997642296	157271014923911	157270997568702
157271013983546	157271031592609	157271013897140
157271031533077	157271048259588	157271031477036
157271042403598	157271064930473	157271042356879
157271051208494	157271081603441	157271051174588
157271860621306	157271881937816	157271860549431
157271880341515	157271898609327	157271880282712
157271892024275	157271915284744	157271891965473
157271914784171	157271931958598	157271914723025
157271920761254	157271948631514	157271920720629

=== poll 1790130572.189659331
16666666
157266236904694	157266263361152	157266236797402
157266262883392	157266280025787	157266262760006
157266282957037	157266313351828	157266282862298
157266299554537	157266330016204	157266296647194
157266316148235	157266346683391	157266309507975
157266336760996	157266363351203	157266336617506
157266357585475	157266380016151	157266357504277
157266370865475	157266396678339	157266370753860
157266387480683	157266413339381	157266387405423
157266416155631	157266446665110	157266416045840
157266432878131	157266463334016	157266431021360
157266449815475	157266480000422	157266437868340
157267121517818	157267146672193	157267121414173
157267149261308	157267180007974	157267149193443
157267178602610	157267196681567	157267178515423
157267199120318	157267230022714	157267199045579
157267216021048	157267246691933	157267209147766
157267232545839	157267263359380	157267224608652
157267249349537	157267280023130	157267235643704
157267265910839	157267296690526	157267255960839
157267282362193	157267313362245	157267270106464
157267366783860	157267396713599	157267366690422
157267476983079	157267496742141	157267476896412
157267689324954	157267713461880	157267689260058
157267785927245	157267813487557	157267785823235
157267823648026	157267846827245	157267823583599
157267836446724	157267863496724	157267836291099
157267869284381	157267896841568	157267869172037
157267891957870	157267913514015	157267891854797
157267919362454	157267946859953	157267919286256
157267933463599	157267963534067	157267926157193
157267956789172	157267980206776	157267956692922
157267973890631	157267996879641	157267973778131
157267983194172	157268013553703	157267976980110
157268000031829	157268030228599	157267995725422
157268088237193	157268113590786	157268088124849
157268110317193	157268130260734	157268110222662
157268118151412	157268146931463	157268117991203
157268152173860	157268180280474	157268152098860
157268670785787	157268697123755	157268670706203
157268702205891	157268730474901	157268702135995
157268752423495	157268780501671	157268752340943
157268768329484	157268797179015	157268768267922
157268790277818	157268813860265	157268790199901
157268806354484	157268830539068	157268806273182
157268827891359	157268847215577	157268827797662
157268834627349	157268863892869	157268834556880
157268914580214	157268947277609	157268914467557
157269027446151	157269047354275	157269027337609
157269077656359	157269097386880	157269077539172
157269093303964	157269114065526	157269093194797
157269107771047	157269130742192	157269107675161
157269155178078	157269180775630	157269155055109
157269167035682	157269197453547	157269161103599
157269183602818	157269214130421	157269169542193
157269200398078	157269230804692	157269198800266
157269219432870	157269247479900	157269219327401
157269242218495	157269264150890	157269242142141
157269271816932	157269297485317	157269271736516
157269284389120	157269314154640	157269282961203
157269300853755	157269330827453	157269296660682
157269322424693	157269347499848	157269322332036
157269339325838	157269364168859	157269339260474
157269352328338	157269380838182	157269352249484
157269551760370	157269580878963	157269551674640
157269574623182	157269597553025	157269574536411
157269590447870	157269614226776	157269590389380
157269614146567	157269630901254	157269614076255
157269644158234	157269664249328	157269644092765
157269660824536	157269680920994	157269660764953
157269671932713	157269697594692	157269671876620
157269685216099	157269714266046	157269685164328
157269764528286	157269780954901	157269764441099
157269778768494	157269797626150	157269778691411
157269792021151	157269814297296	157269791937713
157269803192713	157269830973077	157269803119224
157269836192244	157269864330213	157269836132713
157269859647974	157269881010109	157269859578651
157269902918338	157269931039171	157269902835005
157269921652088	157269947714171	157269921574380
157269948048390	157269964388130	157269947945734
157269953830890	157269981061567	157269953779328
157269977520057	157269997733859	157269977409328
157269989438703	157270014404848	157269989371046
157270001418859	157270031074640	157270001344744
157270026588599	157270047749952	157270026515213
157270066381984	157270097774588	157270066307765
157270090133286	157270114453546	157270090071151
157270112268234	157270131130212	157270112183963
157270119824744	157270147807140	157270119754224
157270143822453	157270164488754	157270143748494
157270243323390	157270264537036	157270243239901
157270257112296	157270281211931	157270257038859
157270278864901	157270297887713	157270278780317
157270294160161	157270314561983	157270294098755
157270333118755	157270364581983	157270333054380
157270372556776	157270397932609	157270372491203
157270389858703	157270414612452	157270389793651
157270427505369	157270447969639	157270427317557
157270439416723	157270464646775	157270439337921
157270452098182	157270481326566	157270452034067
157270486549692	157270514686254	157270486475525
157270501291619	157270531367348	157270497321203
157270517924432	157270548043233	157270502132088
157270540393807	157270564719796	157270540303338
157270551987713	157270581396879	157270551923338
157270599137192	157270631426150	157270598996098
157270617853182	157270648100212	157270605196828
157270655025473	157270681448494	157270654939640
157270667247088	157270698122660	157270657319692
157270709433911	157270731476411	157270709345109
157270720852713	157270748149118	157270720777348
157270845217140	157270864871046	157270845119692
157270869747973	157270898216046	157270869665213
157270902510994	157270931562035	157270902436879
157270918298702	157270948236983	157270912490994
157270934623807	157270964910682	157270918923338
157270997642296	157271014923911	157270997568702
157271013983546	157271031592609	157271013897140
157271031533077	157271048259588	157271031477036
157271042403598	157271064930473	157271042356879
157271051208494	157271081603441	157271051174588
157271860621306	157271881937816	157271860549431
157271880341515	157271898609327	157271880282712
157271892024275	157271915284744	157271891965473
157271914784171	157271931958598	157271914723025
157271920761254	157271948631514	157271920720629

=== poll 1790130574.448463965
16666666
157266236904694	157266263361152	157266236797402
157266262883392	157266280025787	157266262760006
157266282957037	157266313351828	157266282862298
157266299554537	157266330016204	157266296647194
157266316148235	157266346683391	157266309507975
157266336760996	157266363351203	157266336617506
157266357585475	157266380016151	157266357504277
157266370865475	157266396678339	157266370753860
157266387480683	157266413339381	157266387405423
157266416155631	157266446665110	157266416045840
157266432878131	157266463334016	157266431021360
157266449815475	157266480000422	157266437868340
157267121517818	157267146672193	157267121414173
157267149261308	157267180007974	157267149193443
157267178602610	157267196681567	157267178515423
157267199120318	157267230022714	157267199045579
157267216021048	157267246691933	157267209147766
157267232545839	157267263359380	157267224608652
157267249349537	157267280023130	157267235643704
157267265910839	157267296690526	157267255960839
157267282362193	157267313362245	157267270106464
157267366783860	157267396713599	157267366690422
157267476983079	157267496742141	157267476896412
157267689324954	157267713461880	157267689260058
157267785927245	157267813487557	157267785823235
157267823648026	157267846827245	157267823583599
157267836446724	157267863496724	157267836291099
157267869284381	157267896841568	157267869172037
157267891957870	157267913514015	157267891854797
157267919362454	157267946859953	157267919286256
157267933463599	157267963534067	157267926157193
157267956789172	157267980206776	157267956692922
157267973890631	157267996879641	157267973778131
157267983194172	157268013553703	157267976980110
157268000031829	157268030228599	157267995725422
157268088237193	157268113590786	157268088124849
157268110317193	157268130260734	157268110222662
157268118151412	157268146931463	157268117991203
157268152173860	157268180280474	157268152098860
157268670785787	157268697123755	157268670706203
157268702205891	157268730474901	157268702135995
157268752423495	157268780501671	157268752340943
157268768329484	157268797179015	157268768267922
157268790277818	157268813860265	157268790199901
157268806354484	157268830539068	157268806273182
157268827891359	157268847215577	157268827797662
157268834627349	157268863892869	157268834556880
157268914580214	157268947277609	157268914467557
157269027446151	157269047354275	157269027337609
157269077656359	157269097386880	157269077539172
157269093303964	157269114065526	157269093194797
157269107771047	157269130742192	157269107675161
157269155178078	157269180775630	157269155055109
157269167035682	157269197453547	157269161103599
157269183602818	157269214130421	157269169542193
157269200398078	157269230804692	157269198800266
157269219432870	157269247479900	157269219327401
157269242218495	157269264150890	157269242142141
157269271816932	157269297485317	157269271736516
157269284389120	157269314154640	157269282961203
157269300853755	157269330827453	157269296660682
157269322424693	157269347499848	157269322332036
157269339325838	157269364168859	157269339260474
157269352328338	157269380838182	157269352249484
157269551760370	157269580878963	157269551674640
157269574623182	157269597553025	157269574536411
157269590447870	157269614226776	157269590389380
157269614146567	157269630901254	157269614076255
157269644158234	157269664249328	157269644092765
157269660824536	157269680920994	157269660764953
157269671932713	157269697594692	157269671876620
157269685216099	157269714266046	157269685164328
157269764528286	157269780954901	157269764441099
157269778768494	157269797626150	157269778691411
157269792021151	157269814297296	157269791937713
157269803192713	157269830973077	157269803119224
157269836192244	157269864330213	157269836132713
157269859647974	157269881010109	157269859578651
157269902918338	157269931039171	157269902835005
157269921652088	157269947714171	157269921574380
157269948048390	157269964388130	157269947945734
157269953830890	157269981061567	157269953779328
157269977520057	157269997733859	157269977409328
157269989438703	157270014404848	157269989371046
157270001418859	157270031074640	157270001344744
157270026588599	157270047749952	157270026515213
157270066381984	157270097774588	157270066307765
157270090133286	157270114453546	157270090071151
157270112268234	157270131130212	157270112183963
157270119824744	157270147807140	157270119754224
157270143822453	157270164488754	157270143748494
157270243323390	157270264537036	157270243239901
157270257112296	157270281211931	157270257038859
157270278864901	157270297887713	157270278780317
157270294160161	157270314561983	157270294098755
157270333118755	157270364581983	157270333054380
157270372556776	157270397932609	157270372491203
157270389858703	157270414612452	157270389793651
157270427505369	157270447969639	157270427317557
157270439416723	157270464646775	157270439337921
157270452098182	157270481326566	157270452034067
157270486549692	157270514686254	157270486475525
157270501291619	157270531367348	157270497321203
157270517924432	157270548043233	157270502132088
157270540393807	157270564719796	157270540303338
157270551987713	157270581396879	157270551923338
157270599137192	157270631426150	157270598996098
157270617853182	157270648100212	157270605196828
157270655025473	157270681448494	157270654939640
157270667247088	157270698122660	157270657319692
157270709433911	157270731476411	157270709345109
157270720852713	157270748149118	157270720777348
157270845217140	157270864871046	157270845119692
157270869747973	157270898216046	157270869665213
157270902510994	157270931562035	157270902436879
157270918298702	157270948236983	157270912490994
157270934623807	157270964910682	157270918923338
157270997642296	157271014923911	157270997568702
157271013983546	157271031592609	157271013897140
157271031533077	157271048259588	157271031477036
157271042403598	157271064930473	157271042356879
157271051208494	157271081603441	157271051174588
157271860621306	157271881937816	157271860549431
157271880341515	157271898609327	157271880282712
157271892024275	157271915284744	157271891965473
157271914784171	157271931958598	157271914723025
157271920761254	157271948631514	157271920720629

=== poll 1790130576.698126881
16666666
157266236904694	157266263361152	157266236797402
157266262883392	157266280025787	157266262760006
157266282957037	157266313351828	157266282862298
157266299554537	157266330016204	157266296647194
157266316148235	157266346683391	157266309507975
157266336760996	157266363351203	157266336617506
157266357585475	157266380016151	157266357504277
157266370865475	157266396678339	157266370753860
157266387480683	157266413339381	157266387405423
157266416155631	157266446665110	157266416045840
157266432878131	157266463334016	157266431021360
157266449815475	157266480000422	157266437868340
157267121517818	157267146672193	157267121414173
157267149261308	157267180007974	157267149193443
157267178602610	157267196681567	157267178515423
157267199120318	157267230022714	157267199045579
157267216021048	157267246691933	157267209147766
157267232545839	157267263359380	157267224608652
157267249349537	157267280023130	157267235643704
157267265910839	157267296690526	157267255960839
157267282362193	157267313362245	157267270106464
157267366783860	157267396713599	157267366690422
157267476983079	157267496742141	157267476896412
157267689324954	157267713461880	157267689260058
157267785927245	157267813487557	157267785823235
157267823648026	157267846827245	157267823583599
157267836446724	157267863496724	157267836291099
157267869284381	157267896841568	157267869172037
157267891957870	157267913514015	157267891854797
157267919362454	157267946859953	157267919286256
157267933463599	157267963534067	157267926157193
157267956789172	157267980206776	157267956692922
157267973890631	157267996879641	157267973778131
157267983194172	157268013553703	157267976980110
157268000031829	157268030228599	157267995725422
157268088237193	157268113590786	157268088124849
157268110317193	157268130260734	157268110222662
157268118151412	157268146931463	157268117991203
157268152173860	157268180280474	157268152098860
157268670785787	157268697123755	157268670706203
157268702205891	157268730474901	157268702135995
157268752423495	157268780501671	157268752340943
157268768329484	157268797179015	157268768267922
157268790277818	157268813860265	157268790199901
157268806354484	157268830539068	157268806273182
157268827891359	157268847215577	157268827797662
157268834627349	157268863892869	157268834556880
157268914580214	157268947277609	157268914467557
157269027446151	157269047354275	157269027337609
157269077656359	157269097386880	157269077539172
157269093303964	157269114065526	157269093194797
157269107771047	157269130742192	157269107675161
157269155178078	157269180775630	157269155055109
157269167035682	157269197453547	157269161103599
157269183602818	157269214130421	157269169542193
157269200398078	157269230804692	157269198800266
157269219432870	157269247479900	157269219327401
157269242218495	157269264150890	157269242142141
157269271816932	157269297485317	157269271736516
157269284389120	157269314154640	157269282961203
157269300853755	157269330827453	157269296660682
157269322424693	157269347499848	157269322332036
157269339325838	157269364168859	157269339260474
157269352328338	157269380838182	157269352249484
157269551760370	157269580878963	157269551674640
157269574623182	157269597553025	157269574536411
157269590447870	157269614226776	157269590389380
157269614146567	157269630901254	157269614076255
157269644158234	157269664249328	157269644092765
157269660824536	157269680920994	157269660764953
157269671932713	157269697594692	157269671876620
157269685216099	157269714266046	157269685164328
157269764528286	157269780954901	157269764441099
157269778768494	157269797626150	157269778691411
157269792021151	157269814297296	157269791937713
157269803192713	157269830973077	157269803119224
157269836192244	157269864330213	157269836132713
157269859647974	157269881010109	157269859578651
157269902918338	157269931039171	157269902835005
157269921652088	157269947714171	157269921574380
157269948048390	157269964388130	157269947945734
157269953830890	157269981061567	157269953779328
157269977520057	157269997733859	157269977409328
157269989438703	157270014404848	157269989371046
157270001418859	157270031074640	157270001344744
157270026588599	157270047749952	157270026515213
157270066381984	157270097774588	157270066307765
157270090133286	157270114453546	157270090071151
157270112268234	157270131130212	157270112183963
157270119824744	157270147807140	157270119754224
157270143822453	157270164488754	157270143748494
157270243323390	157270264537036	157270243239901
157270257112296	157270281211931	157270257038859
157270278864901	157270297887713	157270278780317
157270294160161	157270314561983	157270294098755
157270333118755	157270364581983	157270333054380
157270372556776	157270397932609	157270372491203
157270389858703	157270414612452	157270389793651
157270427505369	157270447969639	157270427317557
157270439416723	157270464646775	157270439337921
157270452098182	157270481326566	157270452034067
157270486549692	157270514686254	157270486475525
157270501291619	157270531367348	157270497321203
157270517924432	157270548043233	157270502132088
157270540393807	157270564719796	157270540303338
157270551987713	157270581396879	157270551923338
157270599137192	157270631426150	157270598996098
157270617853182	157270648100212	157270605196828
157270655025473	157270681448494	157270654939640
157270667247088	157270698122660	157270657319692
157270709433911	157270731476411	157270709345109
157270720852713	157270748149118	157270720777348
157270845217140	157270864871046	157270845119692
157270869747973	157270898216046	157270869665213
157270902510994	157270931562035	157270902436879
157270918298702	157270948236983	157270912490994
157270934623807	157270964910682	157270918923338
157270997642296	157271014923911	157270997568702
157271013983546	157271031592609	157271013897140
157271031533077	157271048259588	157271031477036
157271042403598	157271064930473	157271042356879
157271051208494	157271081603441	157271051174588
157271860621306	157271881937816	157271860549431
157271880341515	157271898609327	157271880282712
157271892024275	157271915284744	157271891965473
157271914784171	157271931958598	157271914723025
157271920761254	157271948631514	157271920720629

=== poll 1790130578.994707349
16666666
157266236904694	157266263361152	157266236797402
157266262883392	157266280025787	157266262760006
157266282957037	157266313351828	157266282862298
157266299554537	157266330016204	157266296647194
157266316148235	157266346683391	157266309507975
157266336760996	157266363351203	157266336617506
157266357585475	157266380016151	157266357504277
157266370865475	157266396678339	157266370753860
157266387480683	157266413339381	157266387405423
157266416155631	157266446665110	157266416045840
157266432878131	157266463334016	157266431021360
157266449815475	157266480000422	157266437868340
157267121517818	157267146672193	157267121414173
157267149261308	157267180007974	157267149193443
157267178602610	157267196681567	157267178515423
157267199120318	157267230022714	157267199045579
157267216021048	157267246691933	157267209147766
157267232545839	157267263359380	157267224608652
157267249349537	157267280023130	157267235643704
157267265910839	157267296690526	157267255960839
157267282362193	157267313362245	157267270106464
157267366783860	157267396713599	157267366690422
157267476983079	157267496742141	157267476896412
157267689324954	157267713461880	157267689260058
157267785927245	157267813487557	157267785823235
157267823648026	157267846827245	157267823583599
157267836446724	157267863496724	157267836291099
157267869284381	157267896841568	157267869172037
157267891957870	157267913514015	157267891854797
157267919362454	157267946859953	157267919286256
157267933463599	157267963534067	157267926157193
157267956789172	157267980206776	157267956692922
157267973890631	157267996879641	157267973778131
157267983194172	157268013553703	157267976980110
157268000031829	157268030228599	157267995725422
157268088237193	157268113590786	157268088124849
157268110317193	157268130260734	157268110222662
157268118151412	157268146931463	157268117991203
157268152173860	157268180280474	157268152098860
157268670785787	157268697123755	157268670706203
157268702205891	157268730474901	157268702135995
157268752423495	157268780501671	157268752340943
157268768329484	157268797179015	157268768267922
157268790277818	157268813860265	157268790199901
157268806354484	157268830539068	157268806273182
157268827891359	157268847215577	157268827797662
157268834627349	157268863892869	157268834556880
157268914580214	157268947277609	157268914467557
157269027446151	157269047354275	157269027337609
157269077656359	157269097386880	157269077539172
157269093303964	157269114065526	157269093194797
157269107771047	157269130742192	157269107675161
157269155178078	157269180775630	157269155055109
157269167035682	157269197453547	157269161103599
157269183602818	157269214130421	157269169542193
157269200398078	157269230804692	157269198800266
157269219432870	157269247479900	157269219327401
157269242218495	157269264150890	157269242142141
157269271816932	157269297485317	157269271736516
157269284389120	157269314154640	157269282961203
157269300853755	157269330827453	157269296660682
157269322424693	157269347499848	157269322332036
157269339325838	157269364168859	157269339260474
157269352328338	157269380838182	157269352249484
157269551760370	157269580878963	157269551674640
157269574623182	157269597553025	157269574536411
157269590447870	157269614226776	157269590389380
157269614146567	157269630901254	157269614076255
157269644158234	157269664249328	157269644092765
157269660824536	157269680920994	157269660764953
157269671932713	157269697594692	157269671876620
157269685216099	157269714266046	157269685164328
157269764528286	157269780954901	157269764441099
157269778768494	157269797626150	157269778691411
157269792021151	157269814297296	157269791937713
157269803192713	157269830973077	157269803119224
157269836192244	157269864330213	157269836132713
157269859647974	157269881010109	157269859578651
157269902918338	157269931039171	157269902835005
157269921652088	157269947714171	157269921574380
157269948048390	157269964388130	157269947945734
157269953830890	157269981061567	157269953779328
157269977520057	157269997733859	157269977409328
157269989438703	157270014404848	157269989371046
157270001418859	157270031074640	157270001344744
157270026588599	157270047749952	157270026515213
157270066381984	157270097774588	157270066307765
157270090133286	157270114453546	157270090071151
157270112268234	157270131130212	157270112183963
157270119824744	157270147807140	157270119754224
157270143822453	157270164488754	157270143748494
157270243323390	157270264537036	157270243239901
157270257112296	157270281211931	157270257038859
157270278864901	157270297887713	157270278780317
157270294160161	157270314561983	157270294098755
157270333118755	157270364581983	157270333054380
157270372556776	157270397932609	157270372491203
157270389858703	157270414612452	157270389793651
157270427505369	157270447969639	157270427317557
157270439416723	157270464646775	157270439337921
157270452098182	157270481326566	157270452034067
157270486549692	157270514686254	157270486475525
157270501291619	157270531367348	157270497321203
157270517924432	157270548043233	157270502132088
157270540393807	157270564719796	157270540303338
157270551987713	157270581396879	157270551923338
157270599137192	157270631426150	157270598996098
157270617853182	157270648100212	157270605196828
157270655025473	157270681448494	157270654939640
157270667247088	157270698122660	157270657319692
157270709433911	157270731476411	157270709345109
157270720852713	157270748149118	157270720777348
157270845217140	157270864871046	157270845119692
157270869747973	157270898216046	157270869665213
157270902510994	157270931562035	157270902436879
157270918298702	157270948236983	157270912490994
157270934623807	157270964910682	157270918923338
157270997642296	157271014923911	157270997568702
157271013983546	157271031592609	157271013897140
157271031533077	157271048259588	157271031477036
157271042403598	157271064930473	157271042356879
157271051208494	157271081603441	157271051174588
157271860621306	157271881937816	157271860549431
157271880341515	157271898609327	157271880282712
157271892024275	157271915284744	157271891965473
157271914784171	157271931958598	157271914723025
157271920761254	157271948631514	157271920720629

=== poll 1790130581.277634900
16666666
157266236904694	157266263361152	157266236797402
157266262883392	157266280025787	157266262760006
157266282957037	157266313351828	157266282862298
157266299554537	157266330016204	157266296647194
157266316148235	157266346683391	157266309507975
157266336760996	157266363351203	157266336617506
157266357585475	157266380016151	157266357504277
157266370865475	157266396678339	157266370753860
157266387480683	157266413339381	157266387405423
157266416155631	157266446665110	157266416045840
157266432878131	157266463334016	157266431021360
157266449815475	157266480000422	157266437868340
157267121517818	157267146672193	157267121414173
157267149261308	157267180007974	157267149193443
157267178602610	157267196681567	157267178515423
157267199120318	157267230022714	157267199045579
157267216021048	157267246691933	157267209147766
157267232545839	157267263359380	157267224608652
157267249349537	157267280023130	157267235643704
157267265910839	157267296690526	157267255960839
157267282362193	157267313362245	157267270106464
157267366783860	157267396713599	157267366690422
157267476983079	157267496742141	157267476896412
157267689324954	157267713461880	157267689260058
157267785927245	157267813487557	157267785823235
157267823648026	157267846827245	157267823583599
157267836446724	157267863496724	157267836291099
157267869284381	157267896841568	157267869172037
157267891957870	157267913514015	157267891854797
157267919362454	157267946859953	157267919286256
157267933463599	157267963534067	157267926157193
157267956789172	157267980206776	157267956692922
157267973890631	157267996879641	157267973778131
157267983194172	157268013553703	157267976980110
157268000031829	157268030228599	157267995725422
157268088237193	157268113590786	157268088124849
157268110317193	157268130260734	157268110222662
157268118151412	157268146931463	157268117991203
157268152173860	157268180280474	157268152098860
157268670785787	157268697123755	157268670706203
157268702205891	157268730474901	157268702135995
157268752423495	157268780501671	157268752340943
157268768329484	157268797179015	157268768267922
157268790277818	157268813860265	157268790199901
157268806354484	157268830539068	157268806273182
157268827891359	157268847215577	157268827797662
157268834627349	157268863892869	157268834556880
157268914580214	157268947277609	157268914467557
157269027446151	157269047354275	157269027337609
157269077656359	157269097386880	157269077539172
157269093303964	157269114065526	157269093194797
157269107771047	157269130742192	157269107675161
157269155178078	157269180775630	157269155055109
157269167035682	157269197453547	157269161103599
157269183602818	157269214130421	157269169542193
157269200398078	157269230804692	157269198800266
157269219432870	157269247479900	157269219327401
157269242218495	157269264150890	157269242142141
157269271816932	157269297485317	157269271736516
157269284389120	157269314154640	157269282961203
157269300853755	157269330827453	157269296660682
157269322424693	157269347499848	157269322332036
157269339325838	157269364168859	157269339260474
157269352328338	157269380838182	157269352249484
157269551760370	157269580878963	157269551674640
157269574623182	157269597553025	157269574536411
157269590447870	157269614226776	157269590389380
157269614146567	157269630901254	157269614076255
157269644158234	157269664249328	157269644092765
157269660824536	157269680920994	157269660764953
157269671932713	157269697594692	157269671876620
157269685216099	157269714266046	157269685164328
157269764528286	157269780954901	157269764441099
157269778768494	157269797626150	157269778691411
157269792021151	157269814297296	157269791937713
157269803192713	157269830973077	157269803119224
157269836192244	157269864330213	157269836132713
157269859647974	157269881010109	157269859578651
157269902918338	157269931039171	157269902835005
157269921652088	157269947714171	157269921574380
157269948048390	157269964388130	157269947945734
157269953830890	157269981061567	157269953779328
157269977520057	157269997733859	157269977409328
157269989438703	157270014404848	157269989371046
157270001418859	157270031074640	157270001344744
157270026588599	157270047749952	157270026515213
157270066381984	157270097774588	157270066307765
157270090133286	157270114453546	157270090071151
157270112268234	157270131130212	157270112183963
157270119824744	157270147807140	157270119754224
157270143822453	157270164488754	157270143748494
157270243323390	157270264537036	157270243239901
157270257112296	157270281211931	157270257038859
157270278864901	157270297887713	157270278780317
157270294160161	157270314561983	157270294098755
157270333118755	157270364581983	157270333054380
157270372556776	157270397932609	157270372491203
157270389858703	157270414612452	157270389793651
157270427505369	157270447969639	157270427317557
157270439416723	157270464646775	157270439337921
157270452098182	157270481326566	157270452034067
157270486549692	157270514686254	157270486475525
157270501291619	157270531367348	157270497321203
157270517924432	157270548043233	157270502132088
157270540393807	157270564719796	157270540303338
157270551987713	157270581396879	157270551923338
157270599137192	157270631426150	157270598996098
157270617853182	157270648100212	157270605196828
157270655025473	157270681448494	157270654939640
157270667247088	157270698122660	157270657319692
157270709433911	157270731476411	157270709345109
157270720852713	157270748149118	157270720777348
157270845217140	157270864871046	157270845119692
157270869747973	157270898216046	157270869665213
157270902510994	157270931562035	157270902436879
157270918298702	157270948236983	157270912490994
157270934623807	157270964910682	157270918923338
157270997642296	157271014923911	157270997568702
157271013983546	157271031592609	157271013897140
157271031533077	157271048259588	157271031477036
157271042403598	157271064930473	157271042356879
157271051208494	157271081603441	157271051174588
157271860621306	157271881937816	157271860549431
157271880341515	157271898609327	157271880282712
157271892024275	157271915284744	157271891965473
157271914784171	157271931958598	157271914723025
157271920761254	157271948631514	157271920720629

=== poll 1790130583.518452712
16666666
157266236904694	157266263361152	157266236797402
157266262883392	157266280025787	157266262760006
157266282957037	157266313351828	157266282862298
157266299554537	157266330016204	157266296647194
157266316148235	157266346683391	157266309507975
157266336760996	157266363351203	157266336617506
157266357585475	157266380016151	157266357504277
157266370865475	157266396678339	157266370753860
157266387480683	157266413339381	157266387405423
157266416155631	157266446665110	157266416045840
157266432878131	157266463334016	157266431021360
157266449815475	157266480000422	157266437868340
157267121517818	157267146672193	157267121414173
157267149261308	157267180007974	157267149193443
157267178602610	157267196681567	157267178515423
157267199120318	157267230022714	157267199045579
157267216021048	157267246691933	157267209147766
157267232545839	157267263359380	157267224608652
157267249349537	157267280023130	157267235643704
157267265910839	157267296690526	157267255960839
157267282362193	157267313362245	157267270106464
157267366783860	157267396713599	157267366690422
157267476983079	157267496742141	157267476896412
157267689324954	157267713461880	157267689260058
157267785927245	157267813487557	157267785823235
157267823648026	157267846827245	157267823583599
157267836446724	157267863496724	157267836291099
157267869284381	157267896841568	157267869172037
157267891957870	157267913514015	157267891854797
157267919362454	157267946859953	157267919286256
157267933463599	157267963534067	157267926157193
157267956789172	157267980206776	157267956692922
157267973890631	157267996879641	157267973778131
157267983194172	157268013553703	157267976980110
157268000031829	157268030228599	157267995725422
157268088237193	157268113590786	157268088124849
157268110317193	157268130260734	157268110222662
157268118151412	157268146931463	157268117991203
157268152173860	157268180280474	157268152098860
157268670785787	157268697123755	157268670706203
157268702205891	157268730474901	157268702135995
157268752423495	157268780501671	157268752340943
157268768329484	157268797179015	157268768267922
157268790277818	157268813860265	157268790199901
157268806354484	157268830539068	157268806273182
157268827891359	157268847215577	157268827797662
157268834627349	157268863892869	157268834556880
157268914580214	157268947277609	157268914467557
157269027446151	157269047354275	157269027337609
157269077656359	157269097386880	157269077539172
157269093303964	157269114065526	157269093194797
157269107771047	157269130742192	157269107675161
157269155178078	157269180775630	157269155055109
157269167035682	157269197453547	157269161103599
157269183602818	157269214130421	157269169542193
157269200398078	157269230804692	157269198800266
157269219432870	157269247479900	157269219327401
157269242218495	157269264150890	157269242142141
157269271816932	157269297485317	157269271736516
157269284389120	157269314154640	157269282961203
157269300853755	157269330827453	157269296660682
157269322424693	157269347499848	157269322332036
157269339325838	157269364168859	157269339260474
157269352328338	157269380838182	157269352249484
157269551760370	157269580878963	157269551674640
157269574623182	157269597553025	157269574536411
157269590447870	157269614226776	157269590389380
157269614146567	157269630901254	157269614076255
157269644158234	157269664249328	157269644092765
157269660824536	157269680920994	157269660764953
157269671932713	157269697594692	157269671876620
157269685216099	157269714266046	157269685164328
157269764528286	157269780954901	157269764441099
157269778768494	157269797626150	157269778691411
157269792021151	157269814297296	157269791937713
157269803192713	157269830973077	157269803119224
157269836192244	157269864330213	157269836132713
157269859647974	157269881010109	157269859578651
157269902918338	157269931039171	157269902835005
157269921652088	157269947714171	157269921574380
157269948048390	157269964388130	157269947945734
157269953830890	157269981061567	157269953779328
157269977520057	157269997733859	157269977409328
157269989438703	157270014404848	157269989371046
157270001418859	157270031074640	157270001344744
157270026588599	157270047749952	157270026515213
157270066381984	157270097774588	157270066307765
157270090133286	157270114453546	157270090071151
157270112268234	157270131130212	157270112183963
157270119824744	157270147807140	157270119754224
157270143822453	157270164488754	157270143748494
157270243323390	157270264537036	157270243239901
157270257112296	157270281211931	157270257038859
157270278864901	157270297887713	157270278780317
157270294160161	157270314561983	157270294098755
157270333118755	157270364581983	157270333054380
157270372556776	157270397932609	157270372491203
157270389858703	157270414612452	157270389793651
157270427505369	157270447969639	157270427317557
157270439416723	157270464646775	157270439337921
157270452098182	157270481326566	157270452034067
157270486549692	157270514686254	157270486475525
157270501291619	157270531367348	157270497321203
157270517924432	157270548043233	157270502132088
157270540393807	157270564719796	157270540303338
157270551987713	157270581396879	157270551923338
157270599137192	157270631426150	157270598996098
157270617853182	157270648100212	157270605196828
157270655025473	157270681448494	157270654939640
157270667247088	157270698122660	157270657319692
157270709433911	157270731476411	157270709345109
157270720852713	157270748149118	157270720777348
157270845217140	157270864871046	157270845119692
157270869747973	157270898216046	157270869665213
157270902510994	157270931562035	157270902436879
157270918298702	157270948236983	157270912490994
157270934623807	157270964910682	157270918923338
157270997642296	157271014923911	157270997568702
157271013983546	157271031592609	157271013897140
157271031533077	157271048259588	157271031477036
157271042403598	157271064930473	157271042356879
157271051208494	157271081603441	157271051174588
157271860621306	157271881937816	157271860549431
157271880341515	157271898609327	157271880282712
157271892024275	157271915284744	157271891965473
157271914784171	157271931958598	157271914723025
157271920761254	157271948631514	157271920720629

=== poll 1790130586.079241201
16666666
157267689324954	157267713461880	157267689260058
157267785927245	157267813487557	157267785823235
157267823648026	157267846827245	157267823583599
157267836446724	157267863496724	157267836291099
157267869284381	157267896841568	157267869172037
157267891957870	157267913514015	157267891854797
157267919362454	157267946859953	157267919286256
157267933463599	157267963534067	157267926157193
157267956789172	157267980206776	157267956692922
157267973890631	157267996879641	157267973778131
157267983194172	157268013553703	157267976980110
157268000031829	157268030228599	157267995725422
157268088237193	157268113590786	157268088124849
157268110317193	157268130260734	157268110222662
157268118151412	157268146931463	157268117991203
157268152173860	157268180280474	157268152098860
157268670785787	157268697123755	157268670706203
157268702205891	157268730474901	157268702135995
157268752423495	157268780501671	157268752340943
157268768329484	157268797179015	157268768267922
157268790277818	157268813860265	157268790199901
157268806354484	157268830539068	157268806273182
157268827891359	157268847215577	157268827797662
157268834627349	157268863892869	157268834556880
157268914580214	157268947277609	157268914467557
157269027446151	157269047354275	157269027337609
157269077656359	157269097386880	157269077539172
157269093303964	157269114065526	157269093194797
157269107771047	157269130742192	157269107675161
157269155178078	157269180775630	157269155055109
157269167035682	157269197453547	157269161103599
157269183602818	157269214130421	157269169542193
157269200398078	157269230804692	157269198800266
157269219432870	157269247479900	157269219327401
157269242218495	157269264150890	157269242142141
157269271816932	157269297485317	157269271736516
157269284389120	157269314154640	157269282961203
157269300853755	157269330827453	157269296660682
157269322424693	157269347499848	157269322332036
157269339325838	157269364168859	157269339260474
157269352328338	157269380838182	157269352249484
157269551760370	157269580878963	157269551674640
157269574623182	157269597553025	157269574536411
157269590447870	157269614226776	157269590389380
157269614146567	157269630901254	157269614076255
157269644158234	157269664249328	157269644092765
157269660824536	157269680920994	157269660764953
157269671932713	157269697594692	157269671876620
157269685216099	157269714266046	157269685164328
157269764528286	157269780954901	157269764441099
157269778768494	157269797626150	157269778691411
157269792021151	157269814297296	157269791937713
157269803192713	157269830973077	157269803119224
157269836192244	157269864330213	157269836132713
157269859647974	157269881010109	157269859578651
157269902918338	157269931039171	157269902835005
157269921652088	157269947714171	157269921574380
157269948048390	157269964388130	157269947945734
157269953830890	157269981061567	157269953779328
157269977520057	157269997733859	157269977409328
157269989438703	157270014404848	157269989371046
157270001418859	157270031074640	157270001344744
157270026588599	157270047749952	157270026515213
157270066381984	157270097774588	157270066307765
157270090133286	157270114453546	157270090071151
157270112268234	157270131130212	157270112183963
157270119824744	157270147807140	157270119754224
157270143822453	157270164488754	157270143748494
157270243323390	157270264537036	157270243239901
157270257112296	157270281211931	157270257038859
157270278864901	157270297887713	157270278780317
157270294160161	157270314561983	157270294098755
157270333118755	157270364581983	157270333054380
157270372556776	157270397932609	157270372491203
157270389858703	157270414612452	157270389793651
157270427505369	157270447969639	157270427317557
157270439416723	157270464646775	157270439337921
157270452098182	157270481326566	157270452034067
157270486549692	157270514686254	157270486475525
157270501291619	157270531367348	157270497321203
157270517924432	157270548043233	157270502132088
157270540393807	157270564719796	157270540303338
157270551987713	157270581396879	157270551923338
157270599137192	157270631426150	157270598996098
157270617853182	157270648100212	157270605196828
157270655025473	157270681448494	157270654939640
157270667247088	157270698122660	157270657319692
157270709433911	157270731476411	157270709345109
157270720852713	157270748149118	157270720777348
157270845217140	157270864871046	157270845119692
157270869747973	157270898216046	157270869665213
157270902510994	157270931562035	157270902436879
157270918298702	157270948236983	157270912490994
157270934623807	157270964910682	157270918923338
157270997642296	157271014923911	157270997568702
157271013983546	157271031592609	157271013897140
157271031533077	157271048259588	157271031477036
157271042403598	157271064930473	157271042356879
157271051208494	157271081603441	157271051174588
157271860621306	157271881937816	157271860549431
157271880341515	157271898609327	157271880282712
157271892024275	157271915284744	157271891965473
157271914784171	157271931958598	157271914723025
157271920761254	157271948631514	157271920720629
157288375596144	157288402135779	157288375436300
157288411345519	157288435486820	157288411268956
157288519312029	157288535510675	157288519133956
157288537265727	157288568854737	157288537184894
157288560938748	157288585527029	157288560866769
157288581191456	157288602199998	157288581112237
157288597560779	157288618875987	157288597467966
157288623106612	157288652221612	157288623032029
157288659815675	157288685570258	157288659739789
157288672174008	157288702251352	157288667937602
157288688113800	157288718931248	157288681199164
157288704721196	157288735606820	157288695079216
157288721796560	157288752281872	157288711141821
157288763957237	157288785625726	157288763884841
157288835033956	157288852319633	157288834944581
157288843205831	157288868989893	157288843148696
157288864815935	157288885660831	157288864738227
157288908260518	157288935683747	157288908187185
157288924954268	157288952358226	157288924878279
157288939872237	157288969032810	157288939787706
157288954975935	157288985706039	157288949952914
157288971505675	157289002381403	157288962645518
157289015340831	157289035726456	157289015247550

=== poll 1790130588.365245679
16666666
157269764528286	157269780954901	157269764441099
157269778768494	157269797626150	157269778691411
157269792021151	157269814297296	157269791937713
157269803192713	157269830973077	157269803119224
157269836192244	157269864330213	157269836132713
157269859647974	157269881010109	157269859578651
157269902918338	157269931039171	157269902835005
157269921652088	157269947714171	157269921574380
157269948048390	157269964388130	157269947945734
157269953830890	157269981061567	157269953779328
157269977520057	157269997733859	157269977409328
157269989438703	157270014404848	157269989371046
157270001418859	157270031074640	157270001344744
157270026588599	157270047749952	157270026515213
157270066381984	157270097774588	157270066307765
157270090133286	157270114453546	157270090071151
157270112268234	157270131130212	157270112183963
157270119824744	157270147807140	157270119754224
157270143822453	157270164488754	157270143748494
157270243323390	157270264537036	157270243239901
157270257112296	157270281211931	157270257038859
157270278864901	157270297887713	157270278780317
157270294160161	157270314561983	157270294098755
157270333118755	157270364581983	157270333054380
157270372556776	157270397932609	157270372491203
157270389858703	157270414612452	157270389793651
157270427505369	157270447969639	157270427317557
157270439416723	157270464646775	157270439337921
157270452098182	157270481326566	157270452034067
157270486549692	157270514686254	157270486475525
157270501291619	157270531367348	157270497321203
157270517924432	157270548043233	157270502132088
157270540393807	157270564719796	157270540303338
157270551987713	157270581396879	157270551923338
157270599137192	157270631426150	157270598996098
157270617853182	157270648100212	157270605196828
157270655025473	157270681448494	157270654939640
157270667247088	157270698122660	157270657319692
157270709433911	157270731476411	157270709345109
157270720852713	157270748149118	157270720777348
157270845217140	157270864871046	157270845119692
157270869747973	157270898216046	157270869665213
157270902510994	157270931562035	157270902436879
157270918298702	157270948236983	157270912490994
157270934623807	157270964910682	157270918923338
157270997642296	157271014923911	157270997568702
157271013983546	157271031592609	157271013897140
157271031533077	157271048259588	157271031477036
157271042403598	157271064930473	157271042356879
157271051208494	157271081603441	157271051174588
157271860621306	157271881937816	157271860549431
157271880341515	157271898609327	157271880282712
157271892024275	157271915284744	157271891965473
157271914784171	157271931958598	157271914723025
157271920761254	157271948631514	157271920720629
157288375596144	157288402135779	157288375436300
157288411345519	157288435486820	157288411268956
157288519312029	157288535510675	157288519133956
157288537265727	157288568854737	157288537184894
157288560938748	157288585527029	157288560866769
157288581191456	157288602199998	157288581112237
157288597560779	157288618875987	157288597467966
157288623106612	157288652221612	157288623032029
157288659815675	157288685570258	157288659739789
157288672174008	157288702251352	157288667937602
157288688113800	157288718931248	157288681199164
157288704721196	157288735606820	157288695079216
157288721796560	157288752281872	157288711141821
157288763957237	157288785625726	157288763884841
157288835033956	157288852319633	157288834944581
157288843205831	157288868989893	157288843148696
157288864815935	157288885660831	157288864738227
157288908260518	157288935683747	157288908187185
157288924954268	157288952358226	157288924878279
157288939872237	157288969032810	157288939787706
157288954975935	157288985706039	157288949952914
157288971505675	157289002381403	157288962645518
157289015340831	157289035726456	157289015247550
157289223454008	157289252453486	157289223348122
157289262701456	157289285792393	157289262543383
157289313114841	157289335812445	157289313003383
157289331004841	157289352482184	157289330892341
157289353768852	157289385826143	157289353688800
157289372077445	157289402499892	157289369454164
157289388441352	157289419175935	157289385516039
157289410755362	157289435853591	157289410677393
157289423704008	157289452528382	157289423633643
157289439112966	157289469205310	157289436358383
157289455141299	157289485879685	157289442025258
157289471631716	157289502553070	157289469835310
157289488445883	157289519226716	157289479685674
157289521648279	157289552566508	157289521562445
157289550351977	157289569237497	157289550266508
157289568468591	157289585909476	157289568397654
157289596223695	157289619258278	157289596146195
157289617204216	157289635929268	157289617133331
157289635832289	157289652599424	157289635752029
157289649825101	157289669272445	157289649753122
157289667762237	157289685942549	157289667692758
157289690668747	157289719286976	157289690589476
157289713075101	157289735959320	157289713003331
157289734608747	157289752631612	157289734510258
157289763904320	157289785973539	157289763785779
157289784491924	157289802646403	157289784418383
157289789843174	157289819319060	157289789781820
157289842164997	157289869334840	157289842040987
157289862742393	157289886007965	157289862670726
157289880711820	157289902684060	157289880611299
157289907304164	157289936027236	157289907216247
157289950201976	157289969357549	157289950079060
157289961758070	157289986022132	157289961685726
157289992308539	157290019354372	157289992222185
157290274781351	157290302751715	157290274687758
157290412273278	157290436143851	157290412179528
157290467156143	157290486174945	157290467052445
157290478752080	157290502850101	157290478681664
157290502546455	157290519525987	157290502475935
157290515582028	157290536198799	157290515488070
157290555956507	157290586217288	157290555850674
157290577423695	157290602893694	157290577350414
157290595412549	157290619570518	157290595335674
157290611664320	157290636247497	157290611579372
157290639329684	157290669602861	157290639251195
157290676347289	157290702956559	157290676266455
157290703369007	157290719629527	157290703266403
157290716450309	157290736301611	157290716357341
157291115067705	157291136458069	157291114919841

=== poll 1790130590.722420626
16666666
157269836192244	157269864330213	157269836132713
157269859647974	157269881010109	157269859578651
157269902918338	157269931039171	157269902835005
157269921652088	157269947714171	157269921574380
157269948048390	157269964388130	157269947945734
157269953830890	157269981061567	157269953779328
157269977520057	157269997733859	157269977409328
157269989438703	157270014404848	157269989371046
157270001418859	157270031074640	157270001344744
157270026588599	157270047749952	157270026515213
157270066381984	157270097774588	157270066307765
157270090133286	157270114453546	157270090071151
157270112268234	157270131130212	157270112183963
157270119824744	157270147807140	157270119754224
157270143822453	157270164488754	157270143748494
157270243323390	157270264537036	157270243239901
157270257112296	157270281211931	157270257038859
157270278864901	157270297887713	157270278780317
157270294160161	157270314561983	157270294098755
157270333118755	157270364581983	157270333054380
157270372556776	157270397932609	157270372491203
157270389858703	157270414612452	157270389793651
157270427505369	157270447969639	157270427317557
157270439416723	157270464646775	157270439337921
157270452098182	157270481326566	157270452034067
157270486549692	157270514686254	157270486475525
157270501291619	157270531367348	157270497321203
157270517924432	157270548043233	157270502132088
157270540393807	157270564719796	157270540303338
157270551987713	157270581396879	157270551923338
157270599137192	157270631426150	157270598996098
157270617853182	157270648100212	157270605196828
157270655025473	157270681448494	157270654939640
157270667247088	157270698122660	157270657319692
157270709433911	157270731476411	157270709345109
157270720852713	157270748149118	157270720777348
157270845217140	157270864871046	157270845119692
157270869747973	157270898216046	157270869665213
157270902510994	157270931562035	157270902436879
157270918298702	157270948236983	157270912490994
157270934623807	157270964910682	157270918923338
157270997642296	157271014923911	157270997568702
157271013983546	157271031592609	157271013897140
157271031533077	157271048259588	157271031477036
157271042403598	157271064930473	157271042356879
157271051208494	157271081603441	157271051174588
157271860621306	157271881937816	157271860549431
157271880341515	157271898609327	157271880282712
157271892024275	157271915284744	157271891965473
157271914784171	157271931958598	157271914723025
157271920761254	157271948631514	157271920720629
157288375596144	157288402135779	157288375436300
157288411345519	157288435486820	157288411268956
157288519312029	157288535510675	157288519133956
157288537265727	157288568854737	157288537184894
157288560938748	157288585527029	157288560866769
157288581191456	157288602199998	157288581112237
157288597560779	157288618875987	157288597467966
157288623106612	157288652221612	157288623032029
157288659815675	157288685570258	157288659739789
157288672174008	157288702251352	157288667937602
157288688113800	157288718931248	157288681199164
157288704721196	157288735606820	157288695079216
157288721796560	157288752281872	157288711141821
157288763957237	157288785625726	157288763884841
157288835033956	157288852319633	157288834944581
157288843205831	157288868989893	157288843148696
157288864815935	157288885660831	157288864738227
157288908260518	157288935683747	157288908187185
157288924954268	157288952358226	157288924878279
157288939872237	157288969032810	157288939787706
157288954975935	157288985706039	157288949952914
157288971505675	157289002381403	157288962645518
157289015340831	157289035726456	157289015247550
157289223454008	157289252453486	157289223348122
157289262701456	157289285792393	157289262543383
157289313114841	157289335812445	157289313003383
157289331004841	157289352482184	157289330892341
157289353768852	157289385826143	157289353688800
157289372077445	157289402499892	157289369454164
157289388441352	157289419175935	157289385516039
157289410755362	157289435853591	157289410677393
157289423704008	157289452528382	157289423633643
157289439112966	157289469205310	157289436358383
157289455141299	157289485879685	157289442025258
157289471631716	157289502553070	157289469835310
157289488445883	157289519226716	157289479685674
157289521648279	157289552566508	157289521562445
157289550351977	157289569237497	157289550266508
157289568468591	157289585909476	157289568397654
157289596223695	157289619258278	157289596146195
157289617204216	157289635929268	157289617133331
157289635832289	157289652599424	157289635752029
157289649825101	157289669272445	157289649753122
157289667762237	157289685942549	157289667692758
157289690668747	157289719286976	157289690589476
157289713075101	157289735959320	157289713003331
157289734608747	157289752631612	157289734510258
157289763904320	157289785973539	157289763785779
157289784491924	157289802646403	157289784418383
157289789843174	157289819319060	157289789781820
157289842164997	157289869334840	157289842040987
157289862742393	157289886007965	157289862670726
157289880711820	157289902684060	157289880611299
157289907304164	157289936027236	157289907216247
157289950201976	157289969357549	157289950079060
157289961758070	157289986022132	157289961685726
157289992308539	157290019354372	157289992222185
157290274781351	157290302751715	157290274687758
157290412273278	157290436143851	157290412179528
157290467156143	157290486174945	157290467052445
157290478752080	157290502850101	157290478681664
157290502546455	157290519525987	157290502475935
157290515582028	157290536198799	157290515488070
157290555956507	157290586217288	157290555850674
157290577423695	157290602893694	157290577350414
157290595412549	157290619570518	157290595335674
157290611664320	157290636247497	157290611579372
157290639329684	157290669602861	157290639251195
157290676347289	157290702956559	157290676266455
157290703369007	157290719629527	157290703266403
157290716450309	157290736301611	157290716357341
157291115067705	157291136458069	157291114919841
157293617065152	157293637616402	157293616923694
157293643522548	157293670970569	157293643423329
157293668648017	157293687648693	157293668526715
157293761786610	9223372036854775807	157293761677965

=== poll 1790130593.002879740
16666666
157269859647974	157269881010109	157269859578651
157269902918338	157269931039171	157269902835005
157269921652088	157269947714171	157269921574380
157269948048390	157269964388130	157269947945734
157269953830890	157269981061567	157269953779328
157269977520057	157269997733859	157269977409328
157269989438703	157270014404848	157269989371046
157270001418859	157270031074640	157270001344744
157270026588599	157270047749952	157270026515213
157270066381984	157270097774588	157270066307765
157270090133286	157270114453546	157270090071151
157270112268234	157270131130212	157270112183963
157270119824744	157270147807140	157270119754224
157270143822453	157270164488754	157270143748494
157270243323390	157270264537036	157270243239901
157270257112296	157270281211931	157270257038859
157270278864901	157270297887713	157270278780317
157270294160161	157270314561983	157270294098755
157270333118755	157270364581983	157270333054380
157270372556776	157270397932609	157270372491203
157270389858703	157270414612452	157270389793651
157270427505369	157270447969639	157270427317557
157270439416723	157270464646775	157270439337921
157270452098182	157270481326566	157270452034067
157270486549692	157270514686254	157270486475525
157270501291619	157270531367348	157270497321203
157270517924432	157270548043233	157270502132088
157270540393807	157270564719796	157270540303338
157270551987713	157270581396879	157270551923338
157270599137192	157270631426150	157270598996098
157270617853182	157270648100212	157270605196828
157270655025473	157270681448494	157270654939640
157270667247088	157270698122660	157270657319692
157270709433911	157270731476411	157270709345109
157270720852713	157270748149118	157270720777348
157270845217140	157270864871046	157270845119692
157270869747973	157270898216046	157270869665213
157270902510994	157270931562035	157270902436879
157270918298702	157270948236983	157270912490994
157270934623807	157270964910682	157270918923338
157270997642296	157271014923911	157270997568702
157271013983546	157271031592609	157271013897140
157271031533077	157271048259588	157271031477036
157271042403598	157271064930473	157271042356879
157271051208494	157271081603441	157271051174588
157271860621306	157271881937816	157271860549431
157271880341515	157271898609327	157271880282712
157271892024275	157271915284744	157271891965473
157271914784171	157271931958598	157271914723025
157271920761254	157271948631514	157271920720629
157288375596144	157288402135779	157288375436300
157288411345519	157288435486820	157288411268956
157288519312029	157288535510675	157288519133956
157288537265727	157288568854737	157288537184894
157288560938748	157288585527029	157288560866769
157288581191456	157288602199998	157288581112237
157288597560779	157288618875987	157288597467966
157288623106612	157288652221612	157288623032029
157288659815675	157288685570258	157288659739789
157288672174008	157288702251352	157288667937602
157288688113800	157288718931248	157288681199164
157288704721196	157288735606820	157288695079216
157288721796560	157288752281872	157288711141821
157288763957237	157288785625726	157288763884841
157288835033956	157288852319633	157288834944581
157288843205831	157288868989893	157288843148696
157288864815935	157288885660831	157288864738227
157288908260518	157288935683747	157288908187185
157288924954268	157288952358226	157288924878279
157288939872237	157288969032810	157288939787706
157288954975935	157288985706039	157288949952914
157288971505675	157289002381403	157288962645518
157289015340831	157289035726456	157289015247550
157289223454008	157289252453486	157289223348122
157289262701456	157289285792393	157289262543383
157289313114841	157289335812445	157289313003383
157289331004841	157289352482184	157289330892341
157289353768852	157289385826143	157289353688800
157289372077445	157289402499892	157289369454164
157289388441352	157289419175935	157289385516039
157289410755362	157289435853591	157289410677393
157289423704008	157289452528382	157289423633643
157289439112966	157289469205310	157289436358383
157289455141299	157289485879685	157289442025258
157289471631716	157289502553070	157289469835310
157289488445883	157289519226716	157289479685674
157289521648279	157289552566508	157289521562445
157289550351977	157289569237497	157289550266508
157289568468591	157289585909476	157289568397654
157289596223695	157289619258278	157289596146195
157289617204216	157289635929268	157289617133331
157289635832289	157289652599424	157289635752029
157289649825101	157289669272445	157289649753122
157289667762237	157289685942549	157289667692758
157289690668747	157289719286976	157289690589476
157289713075101	157289735959320	157289713003331
157289734608747	157289752631612	157289734510258
157289763904320	157289785973539	157289763785779
157289784491924	157289802646403	157289784418383
157289789843174	157289819319060	157289789781820
157289842164997	157289869334840	157289842040987
157289862742393	157289886007965	157289862670726
157289880711820	157289902684060	157289880611299
157289907304164	157289936027236	157289907216247
157289950201976	157289969357549	157289950079060
157289961758070	157289986022132	157289961685726
157289992308539	157290019354372	157289992222185
157290274781351	157290302751715	157290274687758
157290412273278	157290436143851	157290412179528
157290467156143	157290486174945	157290467052445
157290478752080	157290502850101	157290478681664
157290502546455	157290519525987	157290502475935
157290515582028	157290536198799	157290515488070
157290555956507	157290586217288	157290555850674
157290577423695	157290602893694	157290577350414
157290595412549	157290619570518	157290595335674
157290611664320	157290636247497	157290611579372
157290639329684	157290669602861	157290639251195
157290676347289	157290702956559	157290676266455
157290703369007	157290719629527	157290703266403
157290716450309	157290736301611	157290716357341
157291115067705	157291136458069	157291114919841
157293617065152	157293637616402	157293616923694
157293643522548	157293670970569	157293643423329
157293668648017	157293687648693	157293668526715
157293761786610	157293787698537	157293761677965
157293774430517	157293804373068	157293763899058

=== poll 1790130595.291440624
16666666
157269977520057	157269997733859	157269977409328
157269989438703	157270014404848	157269989371046
157270001418859	157270031074640	157270001344744
157270026588599	157270047749952	157270026515213
157270066381984	157270097774588	157270066307765
157270090133286	157270114453546	157270090071151
157270112268234	157270131130212	157270112183963
157270119824744	157270147807140	157270119754224
157270143822453	157270164488754	157270143748494
157270243323390	157270264537036	157270243239901
157270257112296	157270281211931	157270257038859
157270278864901	157270297887713	157270278780317
157270294160161	157270314561983	157270294098755
157270333118755	157270364581983	157270333054380
157270372556776	157270397932609	157270372491203
157270389858703	157270414612452	157270389793651
157270427505369	157270447969639	157270427317557
157270439416723	157270464646775	157270439337921
157270452098182	157270481326566	157270452034067
157270486549692	157270514686254	157270486475525
157270501291619	157270531367348	157270497321203
157270517924432	157270548043233	157270502132088
157270540393807	157270564719796	157270540303338
157270551987713	157270581396879	157270551923338
157270599137192	157270631426150	157270598996098
157270617853182	157270648100212	157270605196828
157270655025473	157270681448494	157270654939640
157270667247088	157270698122660	157270657319692
157270709433911	157270731476411	157270709345109
157270720852713	157270748149118	157270720777348
157270845217140	157270864871046	157270845119692
157270869747973	157270898216046	157270869665213
157270902510994	157270931562035	157270902436879
157270918298702	157270948236983	157270912490994
157270934623807	157270964910682	157270918923338
157270997642296	157271014923911	157270997568702
157271013983546	157271031592609	157271013897140
157271031533077	157271048259588	157271031477036
157271042403598	157271064930473	157271042356879
157271051208494	157271081603441	157271051174588
157271860621306	157271881937816	157271860549431
157271880341515	157271898609327	157271880282712
157271892024275	157271915284744	157271891965473
157271914784171	157271931958598	157271914723025
157271920761254	157271948631514	157271920720629
157288375596144	157288402135779	157288375436300
157288411345519	157288435486820	157288411268956
157288519312029	157288535510675	157288519133956
157288537265727	157288568854737	157288537184894
157288560938748	157288585527029	157288560866769
157288581191456	157288602199998	157288581112237
157288597560779	157288618875987	157288597467966
157288623106612	157288652221612	157288623032029
157288659815675	157288685570258	157288659739789
157288672174008	157288702251352	157288667937602
157288688113800	157288718931248	157288681199164
157288704721196	157288735606820	157288695079216
157288721796560	157288752281872	157288711141821
157288763957237	157288785625726	157288763884841
157288835033956	157288852319633	157288834944581
157288843205831	157288868989893	157288843148696
157288864815935	157288885660831	157288864738227
157288908260518	157288935683747	157288908187185
157288924954268	157288952358226	157288924878279
157288939872237	157288969032810	157288939787706
157288954975935	157288985706039	157288949952914
157288971505675	157289002381403	157288962645518
157289015340831	157289035726456	157289015247550
157289223454008	157289252453486	157289223348122
157289262701456	157289285792393	157289262543383
157289313114841	157289335812445	157289313003383
157289331004841	157289352482184	157289330892341
157289353768852	157289385826143	157289353688800
157289372077445	157289402499892	157289369454164
157289388441352	157289419175935	157289385516039
157289410755362	157289435853591	157289410677393
157289423704008	157289452528382	157289423633643
157289439112966	157289469205310	157289436358383
157289455141299	157289485879685	157289442025258
157289471631716	157289502553070	157289469835310
157289488445883	157289519226716	157289479685674
157289521648279	157289552566508	157289521562445
157289550351977	157289569237497	157289550266508
157289568468591	157289585909476	157289568397654
157289596223695	157289619258278	157289596146195
157289617204216	157289635929268	157289617133331
157289635832289	157289652599424	157289635752029
157289649825101	157289669272445	157289649753122
157289667762237	157289685942549	157289667692758
157289690668747	157289719286976	157289690589476
157289713075101	157289735959320	157289713003331
157289734608747	157289752631612	157289734510258
157289763904320	157289785973539	157289763785779
157289784491924	157289802646403	157289784418383
157289789843174	157289819319060	157289789781820
157289842164997	157289869334840	157289842040987
157289862742393	157289886007965	157289862670726
157289880711820	157289902684060	157289880611299
157289907304164	157289936027236	157289907216247
157289950201976	157289969357549	157289950079060
157289961758070	157289986022132	157289961685726
157289992308539	157290019354372	157289992222185
157290274781351	157290302751715	157290274687758
157290412273278	157290436143851	157290412179528
157290467156143	157290486174945	157290467052445
157290478752080	157290502850101	157290478681664
157290502546455	157290519525987	157290502475935
157290515582028	157290536198799	157290515488070
157290555956507	157290586217288	157290555850674
157290577423695	157290602893694	157290577350414
157290595412549	157290619570518	157290595335674
157290611664320	157290636247497	157290611579372
157290639329684	157290669602861	157290639251195
157290676347289	157290702956559	157290676266455
157290703369007	157290719629527	157290703266403
157290716450309	157290736301611	157290716357341
157291115067705	157291136458069	157291114919841
157293617065152	157293637616402	157293616923694
157293643522548	157293670970569	157293643423329
157293668648017	157293687648693	157293668526715
157293761786610	157293787698537	157293761677965
157293774430517	157293804373068	157293763899058
157296056983745	157296088966297	157296056815828
157296076275620	157296105647182	157296074651193
157296131184891	157296155683849	157296131040307
157296194984474	157296222390151	157296194881609
157296377275984	157296405809734	157296377147807

=== poll 1790130597.618969946
16666666
157270090133286	157270114453546	157270090071151
157270112268234	157270131130212	157270112183963
157270119824744	157270147807140	157270119754224
157270143822453	157270164488754	157270143748494
157270243323390	157270264537036	157270243239901
157270257112296	157270281211931	157270257038859
157270278864901	157270297887713	157270278780317
157270294160161	157270314561983	157270294098755
157270333118755	157270364581983	157270333054380
157270372556776	157270397932609	157270372491203
157270389858703	157270414612452	157270389793651
157270427505369	157270447969639	157270427317557
157270439416723	157270464646775	157270439337921
157270452098182	157270481326566	157270452034067
157270486549692	157270514686254	157270486475525
157270501291619	157270531367348	157270497321203
157270517924432	157270548043233	157270502132088
157270540393807	157270564719796	157270540303338
157270551987713	157270581396879	157270551923338
157270599137192	157270631426150	157270598996098
157270617853182	157270648100212	157270605196828
157270655025473	157270681448494	157270654939640
157270667247088	157270698122660	157270657319692
157270709433911	157270731476411	157270709345109
157270720852713	157270748149118	157270720777348
157270845217140	157270864871046	157270845119692
157270869747973	157270898216046	157270869665213
157270902510994	157270931562035	157270902436879
157270918298702	157270948236983	157270912490994
157270934623807	157270964910682	157270918923338
157270997642296	157271014923911	157270997568702
157271013983546	157271031592609	157271013897140
157271031533077	157271048259588	157271031477036
157271042403598	157271064930473	157271042356879
157271051208494	157271081603441	157271051174588
157271860621306	157271881937816	157271860549431
157271880341515	157271898609327	157271880282712
157271892024275	157271915284744	157271891965473
157271914784171	157271931958598	157271914723025
157271920761254	157271948631514	157271920720629
157288375596144	157288402135779	157288375436300
157288411345519	157288435486820	157288411268956
157288519312029	157288535510675	157288519133956
157288537265727	157288568854737	157288537184894
157288560938748	157288585527029	157288560866769
157288581191456	157288602199998	157288581112237
157288597560779	157288618875987	157288597467966
157288623106612	157288652221612	157288623032029
157288659815675	157288685570258	157288659739789
157288672174008	157288702251352	157288667937602
157288688113800	157288718931248	157288681199164
157288704721196	157288735606820	157288695079216
157288721796560	157288752281872	157288711141821
157288763957237	157288785625726	157288763884841
157288835033956	157288852319633	157288834944581
157288843205831	157288868989893	157288843148696
157288864815935	157288885660831	157288864738227
157288908260518	157288935683747	157288908187185
157288924954268	157288952358226	157288924878279
157288939872237	157288969032810	157288939787706
157288954975935	157288985706039	157288949952914
157288971505675	157289002381403	157288962645518
157289015340831	157289035726456	157289015247550
157289223454008	157289252453486	157289223348122
157289262701456	157289285792393	157289262543383
157289313114841	157289335812445	157289313003383
157289331004841	157289352482184	157289330892341
157289353768852	157289385826143	157289353688800
157289372077445	157289402499892	157289369454164
157289388441352	157289419175935	157289385516039
157289410755362	157289435853591	157289410677393
157289423704008	157289452528382	157289423633643
157289439112966	157289469205310	157289436358383
157289455141299	157289485879685	157289442025258
157289471631716	157289502553070	157289469835310
157289488445883	157289519226716	157289479685674
157289521648279	157289552566508	157289521562445
157289550351977	157289569237497	157289550266508
157289568468591	157289585909476	157289568397654
157289596223695	157289619258278	157289596146195
157289617204216	157289635929268	157289617133331
157289635832289	157289652599424	157289635752029
157289649825101	157289669272445	157289649753122
157289667762237	157289685942549	157289667692758
157289690668747	157289719286976	157289690589476
157289713075101	157289735959320	157289713003331
157289734608747	157289752631612	157289734510258
157289763904320	157289785973539	157289763785779
157289784491924	157289802646403	157289784418383
157289789843174	157289819319060	157289789781820
157289842164997	157289869334840	157289842040987
157289862742393	157289886007965	157289862670726
157289880711820	157289902684060	157289880611299
157289907304164	157289936027236	157289907216247
157289950201976	157289969357549	157289950079060
157289961758070	157289986022132	157289961685726
157289992308539	157290019354372	157289992222185
157290274781351	157290302751715	157290274687758
157290412273278	157290436143851	157290412179528
157290467156143	157290486174945	157290467052445
157290478752080	157290502850101	157290478681664
157290502546455	157290519525987	157290502475935
157290515582028	157290536198799	157290515488070
157290555956507	157290586217288	157290555850674
157290577423695	157290602893694	157290577350414
157290595412549	157290619570518	157290595335674
157290611664320	157290636247497	157290611579372
157290639329684	157290669602861	157290639251195
157290676347289	157290702956559	157290676266455
157290703369007	157290719629527	157290703266403
157290716450309	157290736301611	157290716357341
157291115067705	157291136458069	157291114919841
157293617065152	157293637616402	157293616923694
157293643522548	157293670970569	157293643423329
157293668648017	157293687648693	157293668526715
157293761786610	157293787698537	157293761677965
157293774430517	157293804373068	157293763899058
157296056983745	157296088966297	157296056815828
157296076275620	157296105647182	157296074651193
157296131184891	157296155683849	157296131040307
157296194984474	157296222390151	157296194881609
157296377275984	157296405809734	157296377147807
157298891536400	157298923314056	157298891391765
157298916852025	157298939991035	157298916759838
157298947553692	157298973333483	157298947440671
157298971507858	157298990005045	157298971413900
157298978164473	157299006676295	157298978080983

=== poll 1790130599.870474581
8333333
157270278864901	157270297887713	157270278780317
157270294160161	157270314561983	157270294098755
157270333118755	157270364581983	157270333054380
157270372556776	157270397932609	157270372491203
157270389858703	157270414612452	157270389793651
157270427505369	157270447969639	157270427317557
157270439416723	157270464646775	157270439337921
157270452098182	157270481326566	157270452034067
157270486549692	157270514686254	157270486475525
157270501291619	157270531367348	157270497321203
157270517924432	157270548043233	157270502132088
157270540393807	157270564719796	157270540303338
157270551987713	157270581396879	157270551923338
157270599137192	157270631426150	157270598996098
157270617853182	157270648100212	157270605196828
157270655025473	157270681448494	157270654939640
157270667247088	157270698122660	157270657319692
157270709433911	157270731476411	157270709345109
157270720852713	157270748149118	157270720777348
157270845217140	157270864871046	157270845119692
157270869747973	157270898216046	157270869665213
157270902510994	157270931562035	157270902436879
157270918298702	157270948236983	157270912490994
157270934623807	157270964910682	157270918923338
157270997642296	157271014923911	157270997568702
157271013983546	157271031592609	157271013897140
157271031533077	157271048259588	157271031477036
157271042403598	157271064930473	157271042356879
157271051208494	157271081603441	157271051174588
157271860621306	157271881937816	157271860549431
157271880341515	157271898609327	157271880282712
157271892024275	157271915284744	157271891965473
157271914784171	157271931958598	157271914723025
157271920761254	157271948631514	157271920720629
157288375596144	157288402135779	157288375436300
157288411345519	157288435486820	157288411268956
157288519312029	157288535510675	157288519133956
157288537265727	157288568854737	157288537184894
157288560938748	157288585527029	157288560866769
157288581191456	157288602199998	157288581112237
157288597560779	157288618875987	157288597467966
157288623106612	157288652221612	157288623032029
157288659815675	157288685570258	157288659739789
157288672174008	157288702251352	157288667937602
157288688113800	157288718931248	157288681199164
157288704721196	157288735606820	157288695079216
157288721796560	157288752281872	157288711141821
157288763957237	157288785625726	157288763884841
157288835033956	157288852319633	157288834944581
157288843205831	157288868989893	157288843148696
157288864815935	157288885660831	157288864738227
157288908260518	157288935683747	157288908187185
157288924954268	157288952358226	157288924878279
157288939872237	157288969032810	157288939787706
157288954975935	157288985706039	157288949952914
157288971505675	157289002381403	157288962645518
157289015340831	157289035726456	157289015247550
157289223454008	157289252453486	157289223348122
157289262701456	157289285792393	157289262543383
157289313114841	157289335812445	157289313003383
157289331004841	157289352482184	157289330892341
157289353768852	157289385826143	157289353688800
157289372077445	157289402499892	157289369454164
157289388441352	157289419175935	157289385516039
157289410755362	157289435853591	157289410677393
157289423704008	157289452528382	157289423633643
157289439112966	157289469205310	157289436358383
157289455141299	157289485879685	157289442025258
157289471631716	157289502553070	157289469835310
157289488445883	157289519226716	157289479685674
157289521648279	157289552566508	157289521562445
157289550351977	157289569237497	157289550266508
157289568468591	157289585909476	157289568397654
157289596223695	157289619258278	157289596146195
157289617204216	157289635929268	157289617133331
157289635832289	157289652599424	157289635752029
157289649825101	157289669272445	157289649753122
157289667762237	157289685942549	157289667692758
157289690668747	157289719286976	157289690589476
157289713075101	157289735959320	157289713003331
157289734608747	157289752631612	157289734510258
157289763904320	157289785973539	157289763785779
157289784491924	157289802646403	157289784418383
157289789843174	157289819319060	157289789781820
157289842164997	157289869334840	157289842040987
157289862742393	157289886007965	157289862670726
157289880711820	157289902684060	157289880611299
157289907304164	157289936027236	157289907216247
157289950201976	157289969357549	157289950079060
157289961758070	157289986022132	157289961685726
157289992308539	157290019354372	157289992222185
157290274781351	157290302751715	157290274687758
157290412273278	157290436143851	157290412179528
157290467156143	157290486174945	157290467052445
157290478752080	157290502850101	157290478681664
157290502546455	157290519525987	157290502475935
157290515582028	157290536198799	157290515488070
157290555956507	157290586217288	157290555850674
157290577423695	157290602893694	157290577350414
157290595412549	157290619570518	157290595335674
157290611664320	157290636247497	157290611579372
157290639329684	157290669602861	157290639251195
157290676347289	157290702956559	157290676266455
157290703369007	157290719629527	157290703266403
157290716450309	157290736301611	157290716357341
157291115067705	157291136458069	157291114919841
157293617065152	157293637616402	157293616923694
157293643522548	157293670970569	157293643423329
157293668648017	157293687648693	157293668526715
157293761786610	157293787698537	157293761677965
157293774430517	157293804373068	157293763899058
157296056983745	157296088966297	157296056815828
157296076275620	157296105647182	157296074651193
157296131184891	157296155683849	157296131040307
157296194984474	157296222390151	157296194881609
157296377275984	157296405809734	157296377147807
157298891536400	157298923314056	157298891391765
157298916852025	157298939991035	157298916759838
157298947553692	157298973333483	157298947440671
157298971507858	157298990005045	157298971413900
157298978164473	157299006676295	157298978080983
157302071814368	157302082563638	157302071632180
157302080198534	157302090902284	157302080125618
157302098932753	157302115915721	157302098886086
157302116638743	157302132592283	157302116594940
157302124222076	157302140929263	157302124192336
157302160093274	157302174282127	157302160064107

=== poll 1790130602.183201767
16666666
157270486549692	157270514686254	157270486475525
157270501291619	157270531367348	157270497321203
157270517924432	157270548043233	157270502132088
157270540393807	157270564719796	157270540303338
157270551987713	157270581396879	157270551923338
157270599137192	157270631426150	157270598996098
157270617853182	157270648100212	157270605196828
157270655025473	157270681448494	157270654939640
157270667247088	157270698122660	157270657319692
157270709433911	157270731476411	157270709345109
157270720852713	157270748149118	157270720777348
157270845217140	157270864871046	157270845119692
157270869747973	157270898216046	157270869665213
157270902510994	157270931562035	157270902436879
157270918298702	157270948236983	157270912490994
157270934623807	157270964910682	157270918923338
157270997642296	157271014923911	157270997568702
157271013983546	157271031592609	157271013897140
157271031533077	157271048259588	157271031477036
157271042403598	157271064930473	157271042356879
157271051208494	157271081603441	157271051174588
157271860621306	157271881937816	157271860549431
157271880341515	157271898609327	157271880282712
157271892024275	157271915284744	157271891965473
157271914784171	157271931958598	157271914723025
157271920761254	157271948631514	157271920720629
157288375596144	157288402135779	157288375436300
157288411345519	157288435486820	157288411268956
157288519312029	157288535510675	157288519133956
157288537265727	157288568854737	157288537184894
157288560938748	157288585527029	157288560866769
157288581191456	157288602199998	157288581112237
157288597560779	157288618875987	157288597467966
157288623106612	157288652221612	157288623032029
157288659815675	157288685570258	157288659739789
157288672174008	157288702251352	157288667937602
157288688113800	157288718931248	157288681199164
157288704721196	157288735606820	157288695079216
157288721796560	157288752281872	157288711141821
157288763957237	157288785625726	157288763884841
157288835033956	157288852319633	157288834944581
157288843205831	157288868989893	157288843148696
157288864815935	157288885660831	157288864738227
157288908260518	157288935683747	157288908187185
157288924954268	157288952358226	157288924878279
157288939872237	157288969032810	157288939787706
157288954975935	157288985706039	157288949952914
157288971505675	157289002381403	157288962645518
157289015340831	157289035726456	157289015247550
157289223454008	157289252453486	157289223348122
157289262701456	157289285792393	157289262543383
157289313114841	157289335812445	157289313003383
157289331004841	157289352482184	157289330892341
157289353768852	157289385826143	157289353688800
157289372077445	157289402499892	157289369454164
157289388441352	157289419175935	157289385516039
157289410755362	157289435853591	157289410677393
157289423704008	157289452528382	157289423633643
157289439112966	157289469205310	157289436358383
157289455141299	157289485879685	157289442025258
157289471631716	157289502553070	157289469835310
157289488445883	157289519226716	157289479685674
157289521648279	157289552566508	157289521562445
157289550351977	157289569237497	157289550266508
157289568468591	157289585909476	157289568397654
157289596223695	157289619258278	157289596146195
157289617204216	157289635929268	157289617133331
157289635832289	157289652599424	157289635752029
157289649825101	157289669272445	157289649753122
157289667762237	157289685942549	157289667692758
157289690668747	157289719286976	157289690589476
157289713075101	157289735959320	157289713003331
157289734608747	157289752631612	157289734510258
157289763904320	157289785973539	157289763785779
157289784491924	157289802646403	157289784418383
157289789843174	157289819319060	157289789781820
157289842164997	157289869334840	157289842040987
157289862742393	157289886007965	157289862670726
157289880711820	157289902684060	157289880611299
157289907304164	157289936027236	157289907216247
157289950201976	157289969357549	157289950079060
157289961758070	157289986022132	157289961685726
157289992308539	157290019354372	157289992222185
157290274781351	157290302751715	157290274687758
157290412273278	157290436143851	157290412179528
157290467156143	157290486174945	157290467052445
157290478752080	157290502850101	157290478681664
157290502546455	157290519525987	157290502475935
157290515582028	157290536198799	157290515488070
157290555956507	157290586217288	157290555850674
157290577423695	157290602893694	157290577350414
157290595412549	157290619570518	157290595335674
157290611664320	157290636247497	157290611579372
157290639329684	157290669602861	157290639251195
157290676347289	157290702956559	157290676266455
157290703369007	157290719629527	157290703266403
157290716450309	157290736301611	157290716357341
157291115067705	157291136458069	157291114919841
157293617065152	157293637616402	157293616923694
157293643522548	157293670970569	157293643423329
157293668648017	157293687648693	157293668526715
157293761786610	157293787698537	157293761677965
157293774430517	157293804373068	157293763899058
157296056983745	157296088966297	157296056815828
157296076275620	157296105647182	157296074651193
157296131184891	157296155683849	157296131040307
157296194984474	157296222390151	157296194881609
157296377275984	157296405809734	157296377147807
157298891536400	157298923314056	157298891391765
157298916852025	157298939991035	157298916759838
157298947553692	157298973333483	157298947440671
157298971507858	157298990005045	157298971413900
157298978164473	157299006676295	157298978080983
157302071814368	157302082563638	157302071632180
157302080198534	157302090902284	157302080125618
157302098932753	157302115915721	157302098886086
157302116638743	157302132592283	157302116594940
157302124222076	157302140929263	157302124192336
157302160093274	157302174282127	157302160064107
157303615578846	157303641661502	157303615489523
157303659124419	157303691681606	157303659055617
157303846318534	157303875061242	157303846230252
157304022984888	157304041789262	157304022861086
157304833501658	157304858808272	157304833403169
157304872708689	157304892151241	157304872563377
157305250174366	157305275640825	157305250090096
157305266444054	157305292312908	157305266334366

=== poll 1790130604.829473954
16666666
157289690668747	157289719286976	157289690589476
157289713075101	157289735959320	157289713003331
157289734608747	157289752631612	157289734510258
157289763904320	157289785973539	157289763785779
157289784491924	157289802646403	157289784418383
157289789843174	157289819319060	157289789781820
157289842164997	157289869334840	157289842040987
157289862742393	157289886007965	157289862670726
157289880711820	157289902684060	157289880611299
157289907304164	157289936027236	157289907216247
157289950201976	157289969357549	157289950079060
157289961758070	157289986022132	157289961685726
157289992308539	157290019354372	157289992222185
157290274781351	157290302751715	157290274687758
157290412273278	157290436143851	157290412179528
157290467156143	157290486174945	157290467052445
157290478752080	157290502850101	157290478681664
157290502546455	157290519525987	157290502475935
157290515582028	157290536198799	157290515488070
157290555956507	157290586217288	157290555850674
157290577423695	157290602893694	157290577350414
157290595412549	157290619570518	157290595335674
157290611664320	157290636247497	157290611579372
157290639329684	157290669602861	157290639251195
157290676347289	157290702956559	157290676266455
157290703369007	157290719629527	157290703266403
157290716450309	157290736301611	157290716357341
157291115067705	157291136458069	157291114919841
157293617065152	157293637616402	157293616923694
157293643522548	157293670970569	157293643423329
157293668648017	157293687648693	157293668526715
157293761786610	157293787698537	157293761677965
157293774430517	157293804373068	157293763899058
157296056983745	157296088966297	157296056815828
157296076275620	157296105647182	157296074651193
157296131184891	157296155683849	157296131040307
157296194984474	157296222390151	157296194881609
157296377275984	157296405809734	157296377147807
157298891536400	157298923314056	157298891391765
157298916852025	157298939991035	157298916759838
157298947553692	157298973333483	157298947440671
157298971507858	157298990005045	157298971413900
157298978164473	157299006676295	157298978080983
157302071814368	157302082563638	157302071632180
157302080198534	157302090902284	157302080125618
157302098932753	157302115915721	157302098886086
157302116638743	157302132592283	157302116594940
157302124222076	157302140929263	157302124192336
157302160093274	157302174282127	157302160064107
157303615578846	157303641661502	157303615489523
157303659124419	157303691681606	157303659055617
157303846318534	157303875061242	157303846230252
157304022984888	157304041789262	157304022861086
157304833501658	157304858808272	157304833403169
157304872708689	157304892151241	157304872563377
157305250174366	157305275640825	157305250090096
157305266444054	157305292312908	157305266334366
157306180604574	157306209372647	157306180491137
157306208207647	157306226045303	157306208117335
157306230013220	157306259391032	157306229934887
157306261494314	157306292738428	157306261416658
157306278851345	157306309412959	157306272992960
157306298337074	157306326087074	157306298267699
157306336998897	157306359433845	157306336921710
157306350992803	157306376107334	157306350919991
157306366040095	157306392783741	157306365967231
157306384062022	157306409457595	157306383938272
157306409760824	157306426131241	157306409685564
157306448664574	157306476159522	157306448574783
157306469334314	157306492835771	157306469270616
157306518545720	157306542859886	157306518468585
157306528878793	157306559530043	157306525808168
157306546075564	157306576202282	157306545785772
157306562254210	157306592875094	157306560583116
157306581560303	157306609544730	157306581489522
157306595675772	157306626217282	157306589294366
157306645423585	157306676236814	157306645336501
157306752853845	157306776268428	157306752746605
157306788427960	157306809610980	157306788329001
157306817253168	157306842962543	157306817171970
157306834580199	157306859637230	157306834527595
157306855300407	157306876308427	157306855231918
157306878140980	157306909657907	157306878077387
157306895875251	157306926335511	157306889529574
157306912364991	157306943014782	157306911084314
157306928847074	157306959692230	157306916693064
157306945433064	157306976364314	157306935975355
157306962341241	157306993034209	157306952735355
157306983026189	157307009707282	157306982954262
157307027285407	157307059719469	157307027164209
157307046092387	157307076389001	157307035665251
157307063352491	157307093059157	157307053569470
157307080373480	157307109732282	157307079287491
157307125084105	157307143085823	157307124962282
157307154556241	157307176434157	157307154445303
157307174254678	157307193109105	157307174167178
157307190984991	157307209783115	157307190906293
157307207183480	157307226456136	157307207101397
157307222501709	157307243129053	157307222428949
157307241659574	157307259800511	157307241577959
157307259702803	157307276473897	157307259598689
157307272375459	157307293146345	157307272270980
157307303549939	157307326480407	157307303478376
157307335153845	157307359821761	157307335066084
157307368187751	157307393161709	157307368102126
157307396040095	157307426497490	157307395932647
157307412802699	157307443165250	157307403535668
157307429607282	157307459831761	157307420799105
157307445979626	157307476499886	157307437851449
157307462329157	157307493167177	157307456354313
157307488727803	157307509833792	157307488645876
157307500472959	157307526501397	157307500397543
157307537566761	157307559838636	157307537489730
157307568890720	157307593178167	157307568821188
157307579140407	157307609846553	157307576446032
157307595807438	157307626518428	157307595537334
157307612293324	157307643193480	157307607465407
157307628940563	157307659869521	157307620277647
157307645688897	157307676546083	157307634634522
157307662296449	157307693222542	157307657264053
157307679057699	157307709899104	157307670226032
157307695661345	157307726573531	157307695284834
157307718612855	157307743247230	157307718530043
157307765260720	157307793259469	157307765166032
157307779307542	157307809929209	157307773486449
157307818454365	157307843269313	157307818381397
157307879249053	9223372036854775807	157307879152490

=== poll 1790130607.132966974
16666666
157289961758070	157289986022132	157289961685726
157289992308539	157290019354372	157289992222185
157290274781351	157290302751715	157290274687758
157290412273278	157290436143851	157290412179528
157290467156143	157290486174945	157290467052445
157290478752080	157290502850101	157290478681664
157290502546455	157290519525987	157290502475935
157290515582028	157290536198799	157290515488070
157290555956507	157290586217288	157290555850674
157290577423695	157290602893694	157290577350414
157290595412549	157290619570518	157290595335674
157290611664320	157290636247497	157290611579372
157290639329684	157290669602861	157290639251195
157290676347289	157290702956559	157290676266455
157290703369007	157290719629527	157290703266403
157290716450309	157290736301611	157290716357341
157291115067705	157291136458069	157291114919841
157293617065152	157293637616402	157293616923694
157293643522548	157293670970569	157293643423329
157293668648017	157293687648693	157293668526715
157293761786610	157293787698537	157293761677965
157293774430517	157293804373068	157293763899058
157296056983745	157296088966297	157296056815828
157296076275620	157296105647182	157296074651193
157296131184891	157296155683849	157296131040307
157296194984474	157296222390151	157296194881609
157296377275984	157296405809734	157296377147807
157298891536400	157298923314056	157298891391765
157298916852025	157298939991035	157298916759838
157298947553692	157298973333483	157298947440671
157298971507858	157298990005045	157298971413900
157298978164473	157299006676295	157298978080983
157302071814368	157302082563638	157302071632180
157302080198534	157302090902284	157302080125618
157302098932753	157302115915721	157302098886086
157302116638743	157302132592283	157302116594940
157302124222076	157302140929263	157302124192336
157302160093274	157302174282127	157302160064107
157303615578846	157303641661502	157303615489523
157303659124419	157303691681606	157303659055617
157303846318534	157303875061242	157303846230252
157304022984888	157304041789262	157304022861086
157304833501658	157304858808272	157304833403169
157304872708689	157304892151241	157304872563377
157305250174366	157305275640825	157305250090096
157305266444054	157305292312908	157305266334366
157306180604574	157306209372647	157306180491137
157306208207647	157306226045303	157306208117335
157306230013220	157306259391032	157306229934887
157306261494314	157306292738428	157306261416658
157306278851345	157306309412959	157306272992960
157306298337074	157306326087074	157306298267699
157306336998897	157306359433845	157306336921710
157306350992803	157306376107334	157306350919991
157306366040095	157306392783741	157306365967231
157306384062022	157306409457595	157306383938272
157306409760824	157306426131241	157306409685564
157306448664574	157306476159522	157306448574783
157306469334314	157306492835771	157306469270616
157306518545720	157306542859886	157306518468585
157306528878793	157306559530043	157306525808168
157306546075564	157306576202282	157306545785772
157306562254210	157306592875094	157306560583116
157306581560303	157306609544730	157306581489522
157306595675772	157306626217282	157306589294366
157306645423585	157306676236814	157306645336501
157306752853845	157306776268428	157306752746605
157306788427960	157306809610980	157306788329001
157306817253168	157306842962543	157306817171970
157306834580199	157306859637230	157306834527595
157306855300407	157306876308427	157306855231918
157306878140980	157306909657907	157306878077387
157306895875251	157306926335511	157306889529574
157306912364991	157306943014782	157306911084314
157306928847074	157306959692230	157306916693064
157306945433064	157306976364314	157306935975355
157306962341241	157306993034209	157306952735355
157306983026189	157307009707282	157306982954262
157307027285407	157307059719469	157307027164209
157307046092387	157307076389001	157307035665251
157307063352491	157307093059157	157307053569470
157307080373480	157307109732282	157307079287491
157307125084105	157307143085823	157307124962282
157307154556241	157307176434157	157307154445303
157307174254678	157307193109105	157307174167178
157307190984991	157307209783115	157307190906293
157307207183480	157307226456136	157307207101397
157307222501709	157307243129053	157307222428949
157307241659574	157307259800511	157307241577959
157307259702803	157307276473897	157307259598689
157307272375459	157307293146345	157307272270980
157307303549939	157307326480407	157307303478376
157307335153845	157307359821761	157307335066084
157307368187751	157307393161709	157307368102126
157307396040095	157307426497490	157307395932647
157307412802699	157307443165250	157307403535668
157307429607282	157307459831761	157307420799105
157307445979626	157307476499886	157307437851449
157307462329157	157307493167177	157307456354313
157307488727803	157307509833792	157307488645876
157307500472959	157307526501397	157307500397543
157307537566761	157307559838636	157307537489730
157307568890720	157307593178167	157307568821188
157307579140407	157307609846553	157307576446032
157307595807438	157307626518428	157307595537334
157307612293324	157307643193480	157307607465407
157307628940563	157307659869521	157307620277647
157307645688897	157307676546083	157307634634522
157307662296449	157307693222542	157307657264053
157307679057699	157307709899104	157307670226032
157307695661345	157307726573531	157307695284834
157307718612855	157307743247230	157307718530043
157307765260720	157307793259469	157307765166032
157307779307542	157307809929209	157307773486449
157307818454365	157307843269313	157307818381397
157307879249053	157307909950042	157307879152490
157307915411970	157307943289990	157307915311813
157308016152699	157308043319938	157308016039782
157308036440355	157308059994052	157308036354626
157308087579105	157308110011656	157308087470251
157308101185824	157308126686500	157308101098480
157308141784157	157308160028167	157308141661188
157308164831657	157308193372177	157308164744834
157308180371449	157308210045250	157308167164209
157308367753688	157308393479209	157308367645303
157308552582178	157308576931083	157308552478896
157308729563792	157308760375354	157308729450355

=== poll 1790130609.426051817
16666666
157289961758070	157289986022132	157289961685726
157289992308539	157290019354372	157289992222185
157290274781351	157290302751715	157290274687758
157290412273278	157290436143851	157290412179528
157290467156143	157290486174945	157290467052445
157290478752080	157290502850101	157290478681664
157290502546455	157290519525987	157290502475935
157290515582028	157290536198799	157290515488070
157290555956507	157290586217288	157290555850674
157290577423695	157290602893694	157290577350414
157290595412549	157290619570518	157290595335674
157290611664320	157290636247497	157290611579372
157290639329684	157290669602861	157290639251195
157290676347289	157290702956559	157290676266455
157290703369007	157290719629527	157290703266403
157290716450309	157290736301611	157290716357341
157291115067705	157291136458069	157291114919841
157293617065152	157293637616402	157293616923694
157293643522548	157293670970569	157293643423329
157293668648017	157293687648693	157293668526715
157293761786610	157293787698537	157293761677965
157293774430517	157293804373068	157293763899058
157296056983745	157296088966297	157296056815828
157296076275620	157296105647182	157296074651193
157296131184891	157296155683849	157296131040307
157296194984474	157296222390151	157296194881609
157296377275984	157296405809734	157296377147807
157298891536400	157298923314056	157298891391765
157298916852025	157298939991035	157298916759838
157298947553692	157298973333483	157298947440671
157298971507858	157298990005045	157298971413900
157298978164473	157299006676295	157298978080983
157302071814368	157302082563638	157302071632180
157302080198534	157302090902284	157302080125618
157302098932753	157302115915721	157302098886086
157302116638743	157302132592283	157302116594940
157302124222076	157302140929263	157302124192336
157302160093274	157302174282127	157302160064107
157303615578846	157303641661502	157303615489523
157303659124419	157303691681606	157303659055617
157303846318534	157303875061242	157303846230252
157304022984888	157304041789262	157304022861086
157304833501658	157304858808272	157304833403169
157304872708689	157304892151241	157304872563377
157305250174366	157305275640825	157305250090096
157305266444054	157305292312908	157305266334366
157306180604574	157306209372647	157306180491137
157306208207647	157306226045303	157306208117335
157306230013220	157306259391032	157306229934887
157306261494314	157306292738428	157306261416658
157306278851345	157306309412959	157306272992960
157306298337074	157306326087074	157306298267699
157306336998897	157306359433845	157306336921710
157306350992803	157306376107334	157306350919991
157306366040095	157306392783741	157306365967231
157306384062022	157306409457595	157306383938272
157306409760824	157306426131241	157306409685564
157306448664574	157306476159522	157306448574783
157306469334314	157306492835771	157306469270616
157306518545720	157306542859886	157306518468585
157306528878793	157306559530043	157306525808168
157306546075564	157306576202282	157306545785772
157306562254210	157306592875094	157306560583116
157306581560303	157306609544730	157306581489522
157306595675772	157306626217282	157306589294366
157306645423585	157306676236814	157306645336501
157306752853845	157306776268428	157306752746605
157306788427960	157306809610980	157306788329001
157306817253168	157306842962543	157306817171970
157306834580199	157306859637230	157306834527595
157306855300407	157306876308427	157306855231918
157306878140980	157306909657907	157306878077387
157306895875251	157306926335511	157306889529574
157306912364991	157306943014782	157306911084314
157306928847074	157306959692230	157306916693064
157306945433064	157306976364314	157306935975355
157306962341241	157306993034209	157306952735355
157306983026189	157307009707282	157306982954262
157307027285407	157307059719469	157307027164209
157307046092387	157307076389001	157307035665251
157307063352491	157307093059157	157307053569470
157307080373480	157307109732282	157307079287491
157307125084105	157307143085823	157307124962282
157307154556241	157307176434157	157307154445303
157307174254678	157307193109105	157307174167178
157307190984991	157307209783115	157307190906293
157307207183480	157307226456136	157307207101397
157307222501709	157307243129053	157307222428949
157307241659574	157307259800511	157307241577959
157307259702803	157307276473897	157307259598689
157307272375459	157307293146345	157307272270980
157307303549939	157307326480407	157307303478376
157307335153845	157307359821761	157307335066084
157307368187751	157307393161709	157307368102126
157307396040095	157307426497490	157307395932647
157307412802699	157307443165250	157307403535668
157307429607282	157307459831761	157307420799105
157307445979626	157307476499886	157307437851449
157307462329157	157307493167177	157307456354313
157307488727803	157307509833792	157307488645876
157307500472959	157307526501397	157307500397543
157307537566761	157307559838636	157307537489730
157307568890720	157307593178167	157307568821188
157307579140407	157307609846553	157307576446032
157307595807438	157307626518428	157307595537334
157307612293324	157307643193480	157307607465407
157307628940563	157307659869521	157307620277647
157307645688897	157307676546083	157307634634522
157307662296449	157307693222542	157307657264053
157307679057699	157307709899104	157307670226032
157307695661345	157307726573531	157307695284834
157307718612855	157307743247230	157307718530043
157307765260720	157307793259469	157307765166032
157307779307542	157307809929209	157307773486449
157307818454365	157307843269313	157307818381397
157307879249053	157307909950042	157307879152490
157307915411970	157307943289990	157307915311813
157308016152699	157308043319938	157308016039782
157308036440355	157308059994052	157308036354626
157308087579105	157308110011656	157308087470251
157308101185824	157308126686500	157308101098480
157308141784157	157308160028167	157308141661188
157308164831657	157308193372177	157308164744834
157308180371449	157308210045250	157308167164209
157308367753688	157308393479209	157308367645303
157308552582178	157308576931083	157308552478896
157308729563792	157308760375354	157308729450355

=== poll 1790130611.702266503
16666666
157289961758070	157289986022132	157289961685726
157289992308539	157290019354372	157289992222185
157290274781351	157290302751715	157290274687758
157290412273278	157290436143851	157290412179528
157290467156143	157290486174945	157290467052445
157290478752080	157290502850101	157290478681664
157290502546455	157290519525987	157290502475935
157290515582028	157290536198799	157290515488070
157290555956507	157290586217288	157290555850674
157290577423695	157290602893694	157290577350414
157290595412549	157290619570518	157290595335674
157290611664320	157290636247497	157290611579372
157290639329684	157290669602861	157290639251195
157290676347289	157290702956559	157290676266455
157290703369007	157290719629527	157290703266403
157290716450309	157290736301611	157290716357341
157291115067705	157291136458069	157291114919841
157293617065152	157293637616402	157293616923694
157293643522548	157293670970569	157293643423329
157293668648017	157293687648693	157293668526715
157293761786610	157293787698537	157293761677965
157293774430517	157293804373068	157293763899058
157296056983745	157296088966297	157296056815828
157296076275620	157296105647182	157296074651193
157296131184891	157296155683849	157296131040307
157296194984474	157296222390151	157296194881609
157296377275984	157296405809734	157296377147807
157298891536400	157298923314056	157298891391765
157298916852025	157298939991035	157298916759838
157298947553692	157298973333483	157298947440671
157298971507858	157298990005045	157298971413900
157298978164473	157299006676295	157298978080983
157302071814368	157302082563638	157302071632180
157302080198534	157302090902284	157302080125618
157302098932753	157302115915721	157302098886086
157302116638743	157302132592283	157302116594940
157302124222076	157302140929263	157302124192336
157302160093274	157302174282127	157302160064107
157303615578846	157303641661502	157303615489523
157303659124419	157303691681606	157303659055617
157303846318534	157303875061242	157303846230252
157304022984888	157304041789262	157304022861086
157304833501658	157304858808272	157304833403169
157304872708689	157304892151241	157304872563377
157305250174366	157305275640825	157305250090096
157305266444054	157305292312908	157305266334366
157306180604574	157306209372647	157306180491137
157306208207647	157306226045303	157306208117335
157306230013220	157306259391032	157306229934887
157306261494314	157306292738428	157306261416658
157306278851345	157306309412959	157306272992960
157306298337074	157306326087074	157306298267699
157306336998897	157306359433845	157306336921710
157306350992803	157306376107334	157306350919991
157306366040095	157306392783741	157306365967231
157306384062022	157306409457595	157306383938272
157306409760824	157306426131241	157306409685564
157306448664574	157306476159522	157306448574783
157306469334314	157306492835771	157306469270616
157306518545720	157306542859886	157306518468585
157306528878793	157306559530043	157306525808168
157306546075564	157306576202282	157306545785772
157306562254210	157306592875094	157306560583116
157306581560303	157306609544730	157306581489522
157306595675772	157306626217282	157306589294366
157306645423585	157306676236814	157306645336501
157306752853845	157306776268428	157306752746605
157306788427960	157306809610980	157306788329001
157306817253168	157306842962543	157306817171970
157306834580199	157306859637230	157306834527595
157306855300407	157306876308427	157306855231918
157306878140980	157306909657907	157306878077387
157306895875251	157306926335511	157306889529574
157306912364991	157306943014782	157306911084314
157306928847074	157306959692230	157306916693064
157306945433064	157306976364314	157306935975355
157306962341241	157306993034209	157306952735355
157306983026189	157307009707282	157306982954262
157307027285407	157307059719469	157307027164209
157307046092387	157307076389001	157307035665251
157307063352491	157307093059157	157307053569470
157307080373480	157307109732282	157307079287491
157307125084105	157307143085823	157307124962282
157307154556241	157307176434157	157307154445303
157307174254678	157307193109105	157307174167178
157307190984991	157307209783115	157307190906293
157307207183480	157307226456136	157307207101397
157307222501709	157307243129053	157307222428949
157307241659574	157307259800511	157307241577959
157307259702803	157307276473897	157307259598689
157307272375459	157307293146345	157307272270980
157307303549939	157307326480407	157307303478376
157307335153845	157307359821761	157307335066084
157307368187751	157307393161709	157307368102126
157307396040095	157307426497490	157307395932647
157307412802699	157307443165250	157307403535668
157307429607282	157307459831761	157307420799105
157307445979626	157307476499886	157307437851449
157307462329157	157307493167177	157307456354313
157307488727803	157307509833792	157307488645876
157307500472959	157307526501397	157307500397543
157307537566761	157307559838636	157307537489730
157307568890720	157307593178167	157307568821188
157307579140407	157307609846553	157307576446032
157307595807438	157307626518428	157307595537334
157307612293324	157307643193480	157307607465407
157307628940563	157307659869521	157307620277647
157307645688897	157307676546083	157307634634522
157307662296449	157307693222542	157307657264053
157307679057699	157307709899104	157307670226032
157307695661345	157307726573531	157307695284834
157307718612855	157307743247230	157307718530043
157307765260720	157307793259469	157307765166032
157307779307542	157307809929209	157307773486449
157307818454365	157307843269313	157307818381397
157307879249053	157307909950042	157307879152490
157307915411970	157307943289990	157307915311813
157308016152699	157308043319938	157308016039782
157308036440355	157308059994052	157308036354626
157308087579105	157308110011656	157308087470251
157308101185824	157308126686500	157308101098480
157308141784157	157308160028167	157308141661188
157308164831657	157308193372177	157308164744834
157308180371449	157308210045250	157308167164209
157308367753688	157308393479209	157308367645303
157308552582178	157308576931083	157308552478896
157308729563792	157308760375354	157308729450355

=== poll 1790130614.118397596
16666666
157290611664320	157290636247497	157290611579372
157290639329684	157290669602861	157290639251195
157290676347289	157290702956559	157290676266455
157290703369007	157290719629527	157290703266403
157290716450309	157290736301611	157290716357341
157291115067705	157291136458069	157291114919841
157293617065152	157293637616402	157293616923694
157293643522548	157293670970569	157293643423329
157293668648017	157293687648693	157293668526715
157293761786610	157293787698537	157293761677965
157293774430517	157293804373068	157293763899058
157296056983745	157296088966297	157296056815828
157296076275620	157296105647182	157296074651193
157296131184891	157296155683849	157296131040307
157296194984474	157296222390151	157296194881609
157296377275984	157296405809734	157296377147807
157298891536400	157298923314056	157298891391765
157298916852025	157298939991035	157298916759838
157298947553692	157298973333483	157298947440671
157298971507858	157298990005045	157298971413900
157298978164473	157299006676295	157298978080983
157302071814368	157302082563638	157302071632180
157302080198534	157302090902284	157302080125618
157302098932753	157302115915721	157302098886086
157302116638743	157302132592283	157302116594940
157302124222076	157302140929263	157302124192336
157302160093274	157302174282127	157302160064107
157303615578846	157303641661502	157303615489523
157303659124419	157303691681606	157303659055617
157303846318534	157303875061242	157303846230252
157304022984888	157304041789262	157304022861086
157304833501658	157304858808272	157304833403169
157304872708689	157304892151241	157304872563377
157305250174366	157305275640825	157305250090096
157305266444054	157305292312908	157305266334366
157306180604574	157306209372647	157306180491137
157306208207647	157306226045303	157306208117335
157306230013220	157306259391032	157306229934887
157306261494314	157306292738428	157306261416658
157306278851345	157306309412959	157306272992960
157306298337074	157306326087074	157306298267699
157306336998897	157306359433845	157306336921710
157306350992803	157306376107334	157306350919991
157306366040095	157306392783741	157306365967231
157306384062022	157306409457595	157306383938272
157306409760824	157306426131241	157306409685564
157306448664574	157306476159522	157306448574783
157306469334314	157306492835771	157306469270616
157306518545720	157306542859886	157306518468585
157306528878793	157306559530043	157306525808168
157306546075564	157306576202282	157306545785772
157306562254210	157306592875094	157306560583116
157306581560303	157306609544730	157306581489522
157306595675772	157306626217282	157306589294366
157306645423585	157306676236814	157306645336501
157306752853845	157306776268428	157306752746605
157306788427960	157306809610980	157306788329001
157306817253168	157306842962543	157306817171970
157306834580199	157306859637230	157306834527595
157306855300407	157306876308427	157306855231918
157306878140980	157306909657907	157306878077387
157306895875251	157306926335511	157306889529574
157306912364991	157306943014782	157306911084314
157306928847074	157306959692230	157306916693064
157306945433064	157306976364314	157306935975355
157306962341241	157306993034209	157306952735355
157306983026189	157307009707282	157306982954262
157307027285407	157307059719469	157307027164209
157307046092387	157307076389001	157307035665251
157307063352491	157307093059157	157307053569470
157307080373480	157307109732282	157307079287491
157307125084105	157307143085823	157307124962282
157307154556241	157307176434157	157307154445303
157307174254678	157307193109105	157307174167178
157307190984991	157307209783115	157307190906293
157307207183480	157307226456136	157307207101397
157307222501709	157307243129053	157307222428949
157307241659574	157307259800511	157307241577959
157307259702803	157307276473897	157307259598689
157307272375459	157307293146345	157307272270980
157307303549939	157307326480407	157307303478376
157307335153845	157307359821761	157307335066084
157307368187751	157307393161709	157307368102126
157307396040095	157307426497490	157307395932647
157307412802699	157307443165250	157307403535668
157307429607282	157307459831761	157307420799105
157307445979626	157307476499886	157307437851449
157307462329157	157307493167177	157307456354313
157307488727803	157307509833792	157307488645876
157307500472959	157307526501397	157307500397543
157307537566761	157307559838636	157307537489730
157307568890720	157307593178167	157307568821188
157307579140407	157307609846553	157307576446032
157307595807438	157307626518428	157307595537334
157307612293324	157307643193480	157307607465407
157307628940563	157307659869521	157307620277647
157307645688897	157307676546083	157307634634522
157307662296449	157307693222542	157307657264053
157307679057699	157307709899104	157307670226032
157307695661345	157307726573531	157307695284834
157307718612855	157307743247230	157307718530043
157307765260720	157307793259469	157307765166032
157307779307542	157307809929209	157307773486449
157307818454365	157307843269313	157307818381397
157307879249053	157307909950042	157307879152490
157307915411970	157307943289990	157307915311813
157308016152699	157308043319938	157308016039782
157308036440355	157308059994052	157308036354626
157308087579105	157308110011656	157308087470251
157308101185824	157308126686500	157308101098480
157308141784157	157308160028167	157308141661188
157308164831657	157308193372177	157308164744834
157308180371449	157308210045250	157308167164209
157308367753688	157308393479209	157308367645303
157308552582178	157308576931083	157308552478896
157308729563792	157308760375354	157308729450355
157315717236185	157315747494987	157315717071237
157315735253321	157315764168737	157315728171133
157315750344987	157315780845404	157315741076185
157315784842435	157315814201341	157315784713998
157315814619154	157315830877122	157315814528269
157315821782175	157315847554570	157315821715352
157315857489258	157315880906289	157315857372956
157315895895664	157315914254570	157315895794466
157315902552071	157315930926497	157315902481185
157316156696029	157316181002696	157316156527539
157316409558425	157316431141705	157316409447383

=== poll 1790130616.489204210
16666666
157290611664320	157290636247497	157290611579372
157290639329684	157290669602861	157290639251195
157290676347289	157290702956559	157290676266455
157290703369007	157290719629527	157290703266403
157290716450309	157290736301611	157290716357341
157291115067705	157291136458069	157291114919841
157293617065152	157293637616402	157293616923694
157293643522548	157293670970569	157293643423329
157293668648017	157293687648693	157293668526715
157293761786610	157293787698537	157293761677965
157293774430517	157293804373068	157293763899058
157296056983745	157296088966297	157296056815828
157296076275620	157296105647182	157296074651193
157296131184891	157296155683849	157296131040307
157296194984474	157296222390151	157296194881609
157296377275984	157296405809734	157296377147807
157298891536400	157298923314056	157298891391765
157298916852025	157298939991035	157298916759838
157298947553692	157298973333483	157298947440671
157298971507858	157298990005045	157298971413900
157298978164473	157299006676295	157298978080983
157302071814368	157302082563638	157302071632180
157302080198534	157302090902284	157302080125618
157302098932753	157302115915721	157302098886086
157302116638743	157302132592283	157302116594940
157302124222076	157302140929263	157302124192336
157302160093274	157302174282127	157302160064107
157303615578846	157303641661502	157303615489523
157303659124419	157303691681606	157303659055617
157303846318534	157303875061242	157303846230252
157304022984888	157304041789262	157304022861086
157304833501658	157304858808272	157304833403169
157304872708689	157304892151241	157304872563377
157305250174366	157305275640825	157305250090096
157305266444054	157305292312908	157305266334366
157306180604574	157306209372647	157306180491137
157306208207647	157306226045303	157306208117335
157306230013220	157306259391032	157306229934887
157306261494314	157306292738428	157306261416658
157306278851345	157306309412959	157306272992960
157306298337074	157306326087074	157306298267699
157306336998897	157306359433845	157306336921710
157306350992803	157306376107334	157306350919991
157306366040095	157306392783741	157306365967231
157306384062022	157306409457595	157306383938272
157306409760824	157306426131241	157306409685564
157306448664574	157306476159522	157306448574783
157306469334314	157306492835771	157306469270616
157306518545720	157306542859886	157306518468585
157306528878793	157306559530043	157306525808168
157306546075564	157306576202282	157306545785772
157306562254210	157306592875094	157306560583116
157306581560303	157306609544730	157306581489522
157306595675772	157306626217282	157306589294366
157306645423585	157306676236814	157306645336501
157306752853845	157306776268428	157306752746605
157306788427960	157306809610980	157306788329001
157306817253168	157306842962543	157306817171970
157306834580199	157306859637230	157306834527595
157306855300407	157306876308427	157306855231918
157306878140980	157306909657907	157306878077387
157306895875251	157306926335511	157306889529574
157306912364991	157306943014782	157306911084314
157306928847074	157306959692230	157306916693064
157306945433064	157306976364314	157306935975355
157306962341241	157306993034209	157306952735355
157306983026189	157307009707282	157306982954262
157307027285407	157307059719469	157307027164209
157307046092387	157307076389001	157307035665251
157307063352491	157307093059157	157307053569470
157307080373480	157307109732282	157307079287491
157307125084105	157307143085823	157307124962282
157307154556241	157307176434157	157307154445303
157307174254678	157307193109105	157307174167178
157307190984991	157307209783115	157307190906293
157307207183480	157307226456136	157307207101397
157307222501709	157307243129053	157307222428949
157307241659574	157307259800511	157307241577959
157307259702803	157307276473897	157307259598689
157307272375459	157307293146345	157307272270980
157307303549939	157307326480407	157307303478376
157307335153845	157307359821761	157307335066084
157307368187751	157307393161709	157307368102126
157307396040095	157307426497490	157307395932647
157307412802699	157307443165250	157307403535668
157307429607282	157307459831761	157307420799105
157307445979626	157307476499886	157307437851449
157307462329157	157307493167177	157307456354313
157307488727803	157307509833792	157307488645876
157307500472959	157307526501397	157307500397543
157307537566761	157307559838636	157307537489730
157307568890720	157307593178167	157307568821188
157307579140407	157307609846553	157307576446032
157307595807438	157307626518428	157307595537334
157307612293324	157307643193480	157307607465407
157307628940563	157307659869521	157307620277647
157307645688897	157307676546083	157307634634522
157307662296449	157307693222542	157307657264053
157307679057699	157307709899104	157307670226032
157307695661345	157307726573531	157307695284834
157307718612855	157307743247230	157307718530043
157307765260720	157307793259469	157307765166032
157307779307542	157307809929209	157307773486449
157307818454365	157307843269313	157307818381397
157307879249053	157307909950042	157307879152490
157307915411970	157307943289990	157307915311813
157308016152699	157308043319938	157308016039782
157308036440355	157308059994052	157308036354626
157308087579105	157308110011656	157308087470251
157308101185824	157308126686500	157308101098480
157308141784157	157308160028167	157308141661188
157308164831657	157308193372177	157308164744834
157308180371449	157308210045250	157308167164209
157308367753688	157308393479209	157308367645303
157308552582178	157308576931083	157308552478896
157308729563792	157308760375354	157308729450355
157315717236185	157315747494987	157315717071237
157315735253321	157315764168737	157315728171133
157315750344987	157315780845404	157315741076185
157315784842435	157315814201341	157315784713998
157315814619154	157315830877122	157315814528269
157315821782175	157315847554570	157315821715352
157315857489258	157315880906289	157315857372956
157315895895664	157315914254570	157315895794466
157315902552071	157315930926497	157315902481185
157316156696029	157316181002696	157316156527539
157316409558425	157316431141705	157316409447383

=== poll 1790130618.840186813
16666666
157290611664320	157290636247497	157290611579372
157290639329684	157290669602861	157290639251195
157290676347289	157290702956559	157290676266455
157290703369007	157290719629527	157290703266403
157290716450309	157290736301611	157290716357341
157291115067705	157291136458069	157291114919841
157293617065152	157293637616402	157293616923694
157293643522548	157293670970569	157293643423329
157293668648017	157293687648693	157293668526715
157293761786610	157293787698537	157293761677965
157293774430517	157293804373068	157293763899058
157296056983745	157296088966297	157296056815828
157296076275620	157296105647182	157296074651193
157296131184891	157296155683849	157296131040307
157296194984474	157296222390151	157296194881609
157296377275984	157296405809734	157296377147807
157298891536400	157298923314056	157298891391765
157298916852025	157298939991035	157298916759838
157298947553692	157298973333483	157298947440671
157298971507858	157298990005045	157298971413900
157298978164473	157299006676295	157298978080983
157302071814368	157302082563638	157302071632180
157302080198534	157302090902284	157302080125618
157302098932753	157302115915721	157302098886086
157302116638743	157302132592283	157302116594940
157302124222076	157302140929263	157302124192336
157302160093274	157302174282127	157302160064107
157303615578846	157303641661502	157303615489523
157303659124419	157303691681606	157303659055617
157303846318534	157303875061242	157303846230252
157304022984888	157304041789262	157304022861086
157304833501658	157304858808272	157304833403169
157304872708689	157304892151241	157304872563377
157305250174366	157305275640825	157305250090096
157305266444054	157305292312908	157305266334366
157306180604574	157306209372647	157306180491137
157306208207647	157306226045303	157306208117335
157306230013220	157306259391032	157306229934887
157306261494314	157306292738428	157306261416658
157306278851345	157306309412959	157306272992960
157306298337074	157306326087074	157306298267699
157306336998897	157306359433845	157306336921710
157306350992803	157306376107334	157306350919991
157306366040095	157306392783741	157306365967231
157306384062022	157306409457595	157306383938272
157306409760824	157306426131241	157306409685564
157306448664574	157306476159522	157306448574783
157306469334314	157306492835771	157306469270616
157306518545720	157306542859886	157306518468585
157306528878793	157306559530043	157306525808168
157306546075564	157306576202282	157306545785772
157306562254210	157306592875094	157306560583116
157306581560303	157306609544730	157306581489522
157306595675772	157306626217282	157306589294366
157306645423585	157306676236814	157306645336501
157306752853845	157306776268428	157306752746605
157306788427960	157306809610980	157306788329001
157306817253168	157306842962543	157306817171970
157306834580199	157306859637230	157306834527595
157306855300407	157306876308427	157306855231918
157306878140980	157306909657907	157306878077387
157306895875251	157306926335511	157306889529574
157306912364991	157306943014782	157306911084314
157306928847074	157306959692230	157306916693064
157306945433064	157306976364314	157306935975355
157306962341241	157306993034209	157306952735355
157306983026189	157307009707282	157306982954262
157307027285407	157307059719469	157307027164209
157307046092387	157307076389001	157307035665251
157307063352491	157307093059157	157307053569470
157307080373480	157307109732282	157307079287491
157307125084105	157307143085823	157307124962282
157307154556241	157307176434157	157307154445303
157307174254678	157307193109105	157307174167178
157307190984991	157307209783115	157307190906293
157307207183480	157307226456136	157307207101397
157307222501709	157307243129053	157307222428949
157307241659574	157307259800511	157307241577959
157307259702803	157307276473897	157307259598689
157307272375459	157307293146345	157307272270980
157307303549939	157307326480407	157307303478376
157307335153845	157307359821761	157307335066084
157307368187751	157307393161709	157307368102126
157307396040095	157307426497490	157307395932647
157307412802699	157307443165250	157307403535668
157307429607282	157307459831761	157307420799105
157307445979626	157307476499886	157307437851449
157307462329157	157307493167177	157307456354313
157307488727803	157307509833792	157307488645876
157307500472959	157307526501397	157307500397543
157307537566761	157307559838636	157307537489730
157307568890720	157307593178167	157307568821188
157307579140407	157307609846553	157307576446032
157307595807438	157307626518428	157307595537334
157307612293324	157307643193480	157307607465407
157307628940563	157307659869521	157307620277647
157307645688897	157307676546083	157307634634522
157307662296449	157307693222542	157307657264053
157307679057699	157307709899104	157307670226032
157307695661345	157307726573531	157307695284834
157307718612855	157307743247230	157307718530043
157307765260720	157307793259469	157307765166032
157307779307542	157307809929209	157307773486449
157307818454365	157307843269313	157307818381397
157307879249053	157307909950042	157307879152490
157307915411970	157307943289990	157307915311813
157308016152699	157308043319938	157308016039782
157308036440355	157308059994052	157308036354626
157308087579105	157308110011656	157308087470251
157308101185824	157308126686500	157308101098480
157308141784157	157308160028167	157308141661188
157308164831657	157308193372177	157308164744834
157308180371449	157308210045250	157308167164209
157308367753688	157308393479209	157308367645303
157308552582178	157308576931083	157308552478896
157308729563792	157308760375354	157308729450355
157315717236185	157315747494987	157315717071237
157315735253321	157315764168737	157315728171133
157315750344987	157315780845404	157315741076185
157315784842435	157315814201341	157315784713998
157315814619154	157315830877122	157315814528269
157315821782175	157315847554570	157315821715352
157315857489258	157315880906289	157315857372956
157315895895664	157315914254570	157315895794466
157315902552071	157315930926497	157315902481185
157316156696029	157316181002696	157316156527539
157316409558425	157316431141705	157316409447383

=== poll 1790130621.416677645
16666666
157290611664320	157290636247497	157290611579372
157290639329684	157290669602861	157290639251195
157290676347289	157290702956559	157290676266455
157290703369007	157290719629527	157290703266403
157290716450309	157290736301611	157290716357341
157291115067705	157291136458069	157291114919841
157293617065152	157293637616402	157293616923694
157293643522548	157293670970569	157293643423329
157293668648017	157293687648693	157293668526715
157293761786610	157293787698537	157293761677965
157293774430517	157293804373068	157293763899058
157296056983745	157296088966297	157296056815828
157296076275620	157296105647182	157296074651193
157296131184891	157296155683849	157296131040307
157296194984474	157296222390151	157296194881609
157296377275984	157296405809734	157296377147807
157298891536400	157298923314056	157298891391765
157298916852025	157298939991035	157298916759838
157298947553692	157298973333483	157298947440671
157298971507858	157298990005045	157298971413900
157298978164473	157299006676295	157298978080983
157302071814368	157302082563638	157302071632180
157302080198534	157302090902284	157302080125618
157302098932753	157302115915721	157302098886086
157302116638743	157302132592283	157302116594940
157302124222076	157302140929263	157302124192336
157302160093274	157302174282127	157302160064107
157303615578846	157303641661502	157303615489523
157303659124419	157303691681606	157303659055617
157303846318534	157303875061242	157303846230252
157304022984888	157304041789262	157304022861086
157304833501658	157304858808272	157304833403169
157304872708689	157304892151241	157304872563377
157305250174366	157305275640825	157305250090096
157305266444054	157305292312908	157305266334366
157306180604574	157306209372647	157306180491137
157306208207647	157306226045303	157306208117335
157306230013220	157306259391032	157306229934887
157306261494314	157306292738428	157306261416658
157306278851345	157306309412959	157306272992960
157306298337074	157306326087074	157306298267699
157306336998897	157306359433845	157306336921710
157306350992803	157306376107334	157306350919991
157306366040095	157306392783741	157306365967231
157306384062022	157306409457595	157306383938272
157306409760824	157306426131241	157306409685564
157306448664574	157306476159522	157306448574783
157306469334314	157306492835771	157306469270616
157306518545720	157306542859886	157306518468585
157306528878793	157306559530043	157306525808168
157306546075564	157306576202282	157306545785772
157306562254210	157306592875094	157306560583116
157306581560303	157306609544730	157306581489522
157306595675772	157306626217282	157306589294366
157306645423585	157306676236814	157306645336501
157306752853845	157306776268428	157306752746605
157306788427960	157306809610980	157306788329001
157306817253168	157306842962543	157306817171970
157306834580199	157306859637230	157306834527595
157306855300407	157306876308427	157306855231918
157306878140980	157306909657907	157306878077387
157306895875251	157306926335511	157306889529574
157306912364991	157306943014782	157306911084314
157306928847074	157306959692230	157306916693064
157306945433064	157306976364314	157306935975355
157306962341241	157306993034209	157306952735355
157306983026189	157307009707282	157306982954262
157307027285407	157307059719469	157307027164209
157307046092387	157307076389001	157307035665251
157307063352491	157307093059157	157307053569470
157307080373480	157307109732282	157307079287491
157307125084105	157307143085823	157307124962282
157307154556241	157307176434157	157307154445303
157307174254678	157307193109105	157307174167178
157307190984991	157307209783115	157307190906293
157307207183480	157307226456136	157307207101397
157307222501709	157307243129053	157307222428949
157307241659574	157307259800511	157307241577959
157307259702803	157307276473897	157307259598689
157307272375459	157307293146345	157307272270980
157307303549939	157307326480407	157307303478376
157307335153845	157307359821761	157307335066084
157307368187751	157307393161709	157307368102126
157307396040095	157307426497490	157307395932647
157307412802699	157307443165250	157307403535668
157307429607282	157307459831761	157307420799105
157307445979626	157307476499886	157307437851449
157307462329157	157307493167177	157307456354313
157307488727803	157307509833792	157307488645876
157307500472959	157307526501397	157307500397543
157307537566761	157307559838636	157307537489730
157307568890720	157307593178167	157307568821188
157307579140407	157307609846553	157307576446032
157307595807438	157307626518428	157307595537334
157307612293324	157307643193480	157307607465407
157307628940563	157307659869521	157307620277647
157307645688897	157307676546083	157307634634522
157307662296449	157307693222542	157307657264053
157307679057699	157307709899104	157307670226032
157307695661345	157307726573531	157307695284834
157307718612855	157307743247230	157307718530043
157307765260720	157307793259469	157307765166032
157307779307542	157307809929209	157307773486449
157307818454365	157307843269313	157307818381397
157307879249053	157307909950042	157307879152490
157307915411970	157307943289990	157307915311813
157308016152699	157308043319938	157308016039782
157308036440355	157308059994052	157308036354626
157308087579105	157308110011656	157308087470251
157308101185824	157308126686500	157308101098480
157308141784157	157308160028167	157308141661188
157308164831657	157308193372177	157308164744834
157308180371449	157308210045250	157308167164209
157308367753688	157308393479209	157308367645303
157308552582178	157308576931083	157308552478896
157308729563792	157308760375354	157308729450355
157315717236185	157315747494987	157315717071237
157315735253321	157315764168737	157315728171133
157315750344987	157315780845404	157315741076185
157315784842435	157315814201341	157315784713998
157315814619154	157315830877122	157315814528269
157315821782175	157315847554570	157315821715352
157315857489258	157315880906289	157315857372956
157315895895664	157315914254570	157315895794466
157315902552071	157315930926497	157315902481185
157316156696029	157316181002696	157316156527539
157316409558425	157316431141705	157316409447383

=== poll 1790130623.816441759
16666666
157293774430517	157293804373068	157293763899058
157296056983745	157296088966297	157296056815828
157296076275620	157296105647182	157296074651193
157296131184891	157296155683849	157296131040307
157296194984474	157296222390151	157296194881609
157296377275984	157296405809734	157296377147807
157298891536400	157298923314056	157298891391765
157298916852025	157298939991035	157298916759838
157298947553692	157298973333483	157298947440671
157298971507858	157298990005045	157298971413900
157298978164473	157299006676295	157298978080983
157302071814368	157302082563638	157302071632180
157302080198534	157302090902284	157302080125618
157302098932753	157302115915721	157302098886086
157302116638743	157302132592283	157302116594940
157302124222076	157302140929263	157302124192336
157302160093274	157302174282127	157302160064107
157303615578846	157303641661502	157303615489523
157303659124419	157303691681606	157303659055617
157303846318534	157303875061242	157303846230252
157304022984888	157304041789262	157304022861086
157304833501658	157304858808272	157304833403169
157304872708689	157304892151241	157304872563377
157305250174366	157305275640825	157305250090096
157305266444054	157305292312908	157305266334366
157306180604574	157306209372647	157306180491137
157306208207647	157306226045303	157306208117335
157306230013220	157306259391032	157306229934887
157306261494314	157306292738428	157306261416658
157306278851345	157306309412959	157306272992960
157306298337074	157306326087074	157306298267699
157306336998897	157306359433845	157306336921710
157306350992803	157306376107334	157306350919991
157306366040095	157306392783741	157306365967231
157306384062022	157306409457595	157306383938272
157306409760824	157306426131241	157306409685564
157306448664574	157306476159522	157306448574783
157306469334314	157306492835771	157306469270616
157306518545720	157306542859886	157306518468585
157306528878793	157306559530043	157306525808168
157306546075564	157306576202282	157306545785772
157306562254210	157306592875094	157306560583116
157306581560303	157306609544730	157306581489522
157306595675772	157306626217282	157306589294366
157306645423585	157306676236814	157306645336501
157306752853845	157306776268428	157306752746605
157306788427960	157306809610980	157306788329001
157306817253168	157306842962543	157306817171970
157306834580199	157306859637230	157306834527595
157306855300407	157306876308427	157306855231918
157306878140980	157306909657907	157306878077387
157306895875251	157306926335511	157306889529574
157306912364991	157306943014782	157306911084314
157306928847074	157306959692230	157306916693064
157306945433064	157306976364314	157306935975355
157306962341241	157306993034209	157306952735355
157306983026189	157307009707282	157306982954262
157307027285407	157307059719469	157307027164209
157307046092387	157307076389001	157307035665251
157307063352491	157307093059157	157307053569470
157307080373480	157307109732282	157307079287491
157307125084105	157307143085823	157307124962282
157307154556241	157307176434157	157307154445303
157307174254678	157307193109105	157307174167178
157307190984991	157307209783115	157307190906293
157307207183480	157307226456136	157307207101397
157307222501709	157307243129053	157307222428949
157307241659574	157307259800511	157307241577959
157307259702803	157307276473897	157307259598689
157307272375459	157307293146345	157307272270980
157307303549939	157307326480407	157307303478376
157307335153845	157307359821761	157307335066084
157307368187751	157307393161709	157307368102126
157307396040095	157307426497490	157307395932647
157307412802699	157307443165250	157307403535668
157307429607282	157307459831761	157307420799105
157307445979626	157307476499886	157307437851449
157307462329157	157307493167177	157307456354313
157307488727803	157307509833792	157307488645876
157307500472959	157307526501397	157307500397543
157307537566761	157307559838636	157307537489730
157307568890720	157307593178167	157307568821188
157307579140407	157307609846553	157307576446032
157307595807438	157307626518428	157307595537334
157307612293324	157307643193480	157307607465407
157307628940563	157307659869521	157307620277647
157307645688897	157307676546083	157307634634522
157307662296449	157307693222542	157307657264053
157307679057699	157307709899104	157307670226032
157307695661345	157307726573531	157307695284834
157307718612855	157307743247230	157307718530043
157307765260720	157307793259469	157307765166032
157307779307542	157307809929209	157307773486449
157307818454365	157307843269313	157307818381397
157307879249053	157307909950042	157307879152490
157307915411970	157307943289990	157307915311813
157308016152699	157308043319938	157308016039782
157308036440355	157308059994052	157308036354626
157308087579105	157308110011656	157308087470251
157308101185824	157308126686500	157308101098480
157308141784157	157308160028167	157308141661188
157308164831657	157308193372177	157308164744834
157308180371449	157308210045250	157308167164209
157308367753688	157308393479209	157308367645303
157308552582178	157308576931083	157308552478896
157308729563792	157308760375354	157308729450355
157315717236185	157315747494987	157315717071237
157315735253321	157315764168737	157315728171133
157315750344987	157315780845404	157315741076185
157315784842435	157315814201341	157315784713998
157315814619154	157315830877122	157315814528269
157315821782175	157315847554570	157315821715352
157315857489258	157315880906289	157315857372956
157315895895664	157315914254570	157315895794466
157315902552071	157315930926497	157315902481185
157316156696029	157316181002696	157316156527539
157316409558425	157316431141705	157316409447383
157325562456702	157325588037952	157325562236338
157325802039202	157325821582014	157325801921129
157325850236754	157325871633472	157325850100244
157325888677015	157325904986545	157325888543213
157325897251129	157325921661650	157325897173421
157325925413838	157325955018785	157325925300921
157325966660556	157325988376337	157325966535661
157325982724983	157326005052275	157325982636806
157325996877952	157326021730556	157325996811702
157326269518733	157326288593785	157326269405296

=== poll 1790130626.292009831
16666666
157293774430517	157293804373068	157293763899058
157296056983745	157296088966297	157296056815828
157296076275620	157296105647182	157296074651193
157296131184891	157296155683849	157296131040307
157296194984474	157296222390151	157296194881609
157296377275984	157296405809734	157296377147807
157298891536400	157298923314056	157298891391765
157298916852025	157298939991035	157298916759838
157298947553692	157298973333483	157298947440671
157298971507858	157298990005045	157298971413900
157298978164473	157299006676295	157298978080983
157302071814368	157302082563638	157302071632180
157302080198534	157302090902284	157302080125618
157302098932753	157302115915721	157302098886086
157302116638743	157302132592283	157302116594940
157302124222076	157302140929263	157302124192336
157302160093274	157302174282127	157302160064107
157303615578846	157303641661502	157303615489523
157303659124419	157303691681606	157303659055617
157303846318534	157303875061242	157303846230252
157304022984888	157304041789262	157304022861086
157304833501658	157304858808272	157304833403169
157304872708689	157304892151241	157304872563377
157305250174366	157305275640825	157305250090096
157305266444054	157305292312908	157305266334366
157306180604574	157306209372647	157306180491137
157306208207647	157306226045303	157306208117335
157306230013220	157306259391032	157306229934887
157306261494314	157306292738428	157306261416658
157306278851345	157306309412959	157306272992960
157306298337074	157306326087074	157306298267699
157306336998897	157306359433845	157306336921710
157306350992803	157306376107334	157306350919991
157306366040095	157306392783741	157306365967231
157306384062022	157306409457595	157306383938272
157306409760824	157306426131241	157306409685564
157306448664574	157306476159522	157306448574783
157306469334314	157306492835771	157306469270616
157306518545720	157306542859886	157306518468585
157306528878793	157306559530043	157306525808168
157306546075564	157306576202282	157306545785772
157306562254210	157306592875094	157306560583116
157306581560303	157306609544730	157306581489522
157306595675772	157306626217282	157306589294366
157306645423585	157306676236814	157306645336501
157306752853845	157306776268428	157306752746605
157306788427960	157306809610980	157306788329001
157306817253168	157306842962543	157306817171970
157306834580199	157306859637230	157306834527595
157306855300407	157306876308427	157306855231918
157306878140980	157306909657907	157306878077387
157306895875251	157306926335511	157306889529574
157306912364991	157306943014782	157306911084314
157306928847074	157306959692230	157306916693064
157306945433064	157306976364314	157306935975355
157306962341241	157306993034209	157306952735355
157306983026189	157307009707282	157306982954262
157307027285407	157307059719469	157307027164209
157307046092387	157307076389001	157307035665251
157307063352491	157307093059157	157307053569470
157307080373480	157307109732282	157307079287491
157307125084105	157307143085823	157307124962282
157307154556241	157307176434157	157307154445303
157307174254678	157307193109105	157307174167178
157307190984991	157307209783115	157307190906293
157307207183480	157307226456136	157307207101397
157307222501709	157307243129053	157307222428949
157307241659574	157307259800511	157307241577959
157307259702803	157307276473897	157307259598689
157307272375459	157307293146345	157307272270980
157307303549939	157307326480407	157307303478376
157307335153845	157307359821761	157307335066084
157307368187751	157307393161709	157307368102126
157307396040095	157307426497490	157307395932647
157307412802699	157307443165250	157307403535668
157307429607282	157307459831761	157307420799105
157307445979626	157307476499886	157307437851449
157307462329157	157307493167177	157307456354313
157307488727803	157307509833792	157307488645876
157307500472959	157307526501397	157307500397543
157307537566761	157307559838636	157307537489730
157307568890720	157307593178167	157307568821188
157307579140407	157307609846553	157307576446032
157307595807438	157307626518428	157307595537334
157307612293324	157307643193480	157307607465407
157307628940563	157307659869521	157307620277647
157307645688897	157307676546083	157307634634522
157307662296449	157307693222542	157307657264053
157307679057699	157307709899104	157307670226032
157307695661345	157307726573531	157307695284834
157307718612855	157307743247230	157307718530043
157307765260720	157307793259469	157307765166032
157307779307542	157307809929209	157307773486449
157307818454365	157307843269313	157307818381397
157307879249053	157307909950042	157307879152490
157307915411970	157307943289990	157307915311813
157308016152699	157308043319938	157308016039782
157308036440355	157308059994052	157308036354626
157308087579105	157308110011656	157308087470251
157308101185824	157308126686500	157308101098480
157308141784157	157308160028167	157308141661188
157308164831657	157308193372177	157308164744834
157308180371449	157308210045250	157308167164209
157308367753688	157308393479209	157308367645303
157308552582178	157308576931083	157308552478896
157308729563792	157308760375354	157308729450355
157315717236185	157315747494987	157315717071237
157315735253321	157315764168737	157315728171133
157315750344987	157315780845404	157315741076185
157315784842435	157315814201341	157315784713998
157315814619154	157315830877122	157315814528269
157315821782175	157315847554570	157315821715352
157315857489258	157315880906289	157315857372956
157315895895664	157315914254570	157315895794466
157315902552071	157315930926497	157315902481185
157316156696029	157316181002696	157316156527539
157316409558425	157316431141705	157316409447383
157325562456702	157325588037952	157325562236338
157325802039202	157325821582014	157325801921129
157325850236754	157325871633472	157325850100244
157325888677015	157325904986545	157325888543213
157325897251129	157325921661650	157325897173421
157325925413838	157325955018785	157325925300921
157325966660556	157325988376337	157325966535661
157325982724983	157326005052275	157325982636806
157325996877952	157326021730556	157325996811702
157326269518733	157326288593785	157326269405296

=== poll 1790130628.662804153
16666666
157296076275620	157296105647182	157296074651193
157296131184891	157296155683849	157296131040307
157296194984474	157296222390151	157296194881609
157296377275984	157296405809734	157296377147807
157298891536400	157298923314056	157298891391765
157298916852025	157298939991035	157298916759838
157298947553692	157298973333483	157298947440671
157298971507858	157298990005045	157298971413900
157298978164473	157299006676295	157298978080983
157302071814368	157302082563638	157302071632180
157302080198534	157302090902284	157302080125618
157302098932753	157302115915721	157302098886086
157302116638743	157302132592283	157302116594940
157302124222076	157302140929263	157302124192336
157302160093274	157302174282127	157302160064107
157303615578846	157303641661502	157303615489523
157303659124419	157303691681606	157303659055617
157303846318534	157303875061242	157303846230252
157304022984888	157304041789262	157304022861086
157304833501658	157304858808272	157304833403169
157304872708689	157304892151241	157304872563377
157305250174366	157305275640825	157305250090096
157305266444054	157305292312908	157305266334366
157306180604574	157306209372647	157306180491137
157306208207647	157306226045303	157306208117335
157306230013220	157306259391032	157306229934887
157306261494314	157306292738428	157306261416658
157306278851345	157306309412959	157306272992960
157306298337074	157306326087074	157306298267699
157306336998897	157306359433845	157306336921710
157306350992803	157306376107334	157306350919991
157306366040095	157306392783741	157306365967231
157306384062022	157306409457595	157306383938272
157306409760824	157306426131241	157306409685564
157306448664574	157306476159522	157306448574783
157306469334314	157306492835771	157306469270616
157306518545720	157306542859886	157306518468585
157306528878793	157306559530043	157306525808168
157306546075564	157306576202282	157306545785772
157306562254210	157306592875094	157306560583116
157306581560303	157306609544730	157306581489522
157306595675772	157306626217282	157306589294366
157306645423585	157306676236814	157306645336501
157306752853845	157306776268428	157306752746605
157306788427960	157306809610980	157306788329001
157306817253168	157306842962543	157306817171970
157306834580199	157306859637230	157306834527595
157306855300407	157306876308427	157306855231918
157306878140980	157306909657907	157306878077387
157306895875251	157306926335511	157306889529574
157306912364991	157306943014782	157306911084314
157306928847074	157306959692230	157306916693064
157306945433064	157306976364314	157306935975355
157306962341241	157306993034209	157306952735355
157306983026189	157307009707282	157306982954262
157307027285407	157307059719469	157307027164209
157307046092387	157307076389001	157307035665251
157307063352491	157307093059157	157307053569470
157307080373480	157307109732282	157307079287491
157307125084105	157307143085823	157307124962282
157307154556241	157307176434157	157307154445303
157307174254678	157307193109105	157307174167178
157307190984991	157307209783115	157307190906293
157307207183480	157307226456136	157307207101397
157307222501709	157307243129053	157307222428949
157307241659574	157307259800511	157307241577959
157307259702803	157307276473897	157307259598689
157307272375459	157307293146345	157307272270980
157307303549939	157307326480407	157307303478376
157307335153845	157307359821761	157307335066084
157307368187751	157307393161709	157307368102126
157307396040095	157307426497490	157307395932647
157307412802699	157307443165250	157307403535668
157307429607282	157307459831761	157307420799105
157307445979626	157307476499886	157307437851449
157307462329157	157307493167177	157307456354313
157307488727803	157307509833792	157307488645876
157307500472959	157307526501397	157307500397543
157307537566761	157307559838636	157307537489730
157307568890720	157307593178167	157307568821188
157307579140407	157307609846553	157307576446032
157307595807438	157307626518428	157307595537334
157307612293324	157307643193480	157307607465407
157307628940563	157307659869521	157307620277647
157307645688897	157307676546083	157307634634522
157307662296449	157307693222542	157307657264053
157307679057699	157307709899104	157307670226032
157307695661345	157307726573531	157307695284834
157307718612855	157307743247230	157307718530043
157307765260720	157307793259469	157307765166032
157307779307542	157307809929209	157307773486449
157307818454365	157307843269313	157307818381397
157307879249053	157307909950042	157307879152490
157307915411970	157307943289990	157307915311813
157308016152699	157308043319938	157308016039782
157308036440355	157308059994052	157308036354626
157308087579105	157308110011656	157308087470251
157308101185824	157308126686500	157308101098480
157308141784157	157308160028167	157308141661188
157308164831657	157308193372177	157308164744834
157308180371449	157308210045250	157308167164209
157308367753688	157308393479209	157308367645303
157308552582178	157308576931083	157308552478896
157308729563792	157308760375354	157308729450355
157315717236185	157315747494987	157315717071237
157315735253321	157315764168737	157315728171133
157315750344987	157315780845404	157315741076185
157315784842435	157315814201341	157315784713998
157315814619154	157315830877122	157315814528269
157315821782175	157315847554570	157315821715352
157315857489258	157315880906289	157315857372956
157315895895664	157315914254570	157315895794466
157315902552071	157315930926497	157315902481185
157316156696029	157316181002696	157316156527539
157316409558425	157316431141705	157316409447383
157325562456702	157325588037952	157325562236338
157325802039202	157325821582014	157325801921129
157325850236754	157325871633472	157325850100244
157325888677015	157325904986545	157325888543213
157325897251129	157325921661650	157325897173421
157325925413838	157325955018785	157325925300921
157325966660556	157325988376337	157325966535661
157325982724983	157326005052275	157325982636806
157325996877952	157326021730556	157325996811702
157326269518733	157326288593785	157326269405296
157330845552846	157330874851544	157330845414148
157331403579981	157331425199721	157331403471283

=== poll 1790130631.026880871
16666666
157296076275620	157296105647182	157296074651193
157296131184891	157296155683849	157296131040307
157296194984474	157296222390151	157296194881609
157296377275984	157296405809734	157296377147807
157298891536400	157298923314056	157298891391765
157298916852025	157298939991035	157298916759838
157298947553692	157298973333483	157298947440671
157298971507858	157298990005045	157298971413900
157298978164473	157299006676295	157298978080983
157302071814368	157302082563638	157302071632180
157302080198534	157302090902284	157302080125618
157302098932753	157302115915721	157302098886086
157302116638743	157302132592283	157302116594940
157302124222076	157302140929263	157302124192336
157302160093274	157302174282127	157302160064107
157303615578846	157303641661502	157303615489523
157303659124419	157303691681606	157303659055617
157303846318534	157303875061242	157303846230252
157304022984888	157304041789262	157304022861086
157304833501658	157304858808272	157304833403169
157304872708689	157304892151241	157304872563377
157305250174366	157305275640825	157305250090096
157305266444054	157305292312908	157305266334366
157306180604574	157306209372647	157306180491137
157306208207647	157306226045303	157306208117335
157306230013220	157306259391032	157306229934887
157306261494314	157306292738428	157306261416658
157306278851345	157306309412959	157306272992960
157306298337074	157306326087074	157306298267699
157306336998897	157306359433845	157306336921710
157306350992803	157306376107334	157306350919991
157306366040095	157306392783741	157306365967231
157306384062022	157306409457595	157306383938272
157306409760824	157306426131241	157306409685564
157306448664574	157306476159522	157306448574783
157306469334314	157306492835771	157306469270616
157306518545720	157306542859886	157306518468585
157306528878793	157306559530043	157306525808168
157306546075564	157306576202282	157306545785772
157306562254210	157306592875094	157306560583116
157306581560303	157306609544730	157306581489522
157306595675772	157306626217282	157306589294366
157306645423585	157306676236814	157306645336501
157306752853845	157306776268428	157306752746605
157306788427960	157306809610980	157306788329001
157306817253168	157306842962543	157306817171970
157306834580199	157306859637230	157306834527595
157306855300407	157306876308427	157306855231918
157306878140980	157306909657907	157306878077387
157306895875251	157306926335511	157306889529574
157306912364991	157306943014782	157306911084314
157306928847074	157306959692230	157306916693064
157306945433064	157306976364314	157306935975355
157306962341241	157306993034209	157306952735355
157306983026189	157307009707282	157306982954262
157307027285407	157307059719469	157307027164209
157307046092387	157307076389001	157307035665251
157307063352491	157307093059157	157307053569470
157307080373480	157307109732282	157307079287491
157307125084105	157307143085823	157307124962282
157307154556241	157307176434157	157307154445303
157307174254678	157307193109105	157307174167178
157307190984991	157307209783115	157307190906293
157307207183480	157307226456136	157307207101397
157307222501709	157307243129053	157307222428949
157307241659574	157307259800511	157307241577959
157307259702803	157307276473897	157307259598689
157307272375459	157307293146345	157307272270980
157307303549939	157307326480407	157307303478376
157307335153845	157307359821761	157307335066084
157307368187751	157307393161709	157307368102126
157307396040095	157307426497490	157307395932647
157307412802699	157307443165250	157307403535668
157307429607282	157307459831761	157307420799105
157307445979626	157307476499886	157307437851449
157307462329157	157307493167177	157307456354313
157307488727803	157307509833792	157307488645876
157307500472959	157307526501397	157307500397543
157307537566761	157307559838636	157307537489730
157307568890720	157307593178167	157307568821188
157307579140407	157307609846553	157307576446032
157307595807438	157307626518428	157307595537334
157307612293324	157307643193480	157307607465407
157307628940563	157307659869521	157307620277647
157307645688897	157307676546083	157307634634522
157307662296449	157307693222542	157307657264053
157307679057699	157307709899104	157307670226032
157307695661345	157307726573531	157307695284834
157307718612855	157307743247230	157307718530043
157307765260720	157307793259469	157307765166032
157307779307542	157307809929209	157307773486449
157307818454365	157307843269313	157307818381397
157307879249053	157307909950042	157307879152490
157307915411970	157307943289990	157307915311813
157308016152699	157308043319938	157308016039782
157308036440355	157308059994052	157308036354626
157308087579105	157308110011656	157308087470251
157308101185824	157308126686500	157308101098480
157308141784157	157308160028167	157308141661188
157308164831657	157308193372177	157308164744834
157308180371449	157308210045250	157308167164209
157308367753688	157308393479209	157308367645303
157308552582178	157308576931083	157308552478896
157308729563792	157308760375354	157308729450355
157315717236185	157315747494987	157315717071237
157315735253321	157315764168737	157315728171133
157315750344987	157315780845404	157315741076185
157315784842435	157315814201341	157315784713998
157315814619154	157315830877122	157315814528269
157315821782175	157315847554570	157315821715352
157315857489258	157315880906289	157315857372956
157315895895664	157315914254570	157315895794466
157315902552071	157315930926497	157315902481185
157316156696029	157316181002696	157316156527539
157316409558425	157316431141705	157316409447383
157325562456702	157325588037952	157325562236338
157325802039202	157325821582014	157325801921129
157325850236754	157325871633472	157325850100244
157325888677015	157325904986545	157325888543213
157325897251129	157325921661650	157325897173421
157325925413838	157325955018785	157325925300921
157325966660556	157325988376337	157325966535661
157325982724983	157326005052275	157325982636806
157325996877952	157326021730556	157325996811702
157326269518733	157326288593785	157326269405296
157330845552846	157330874851544	157330845414148
157331403579981	157331425199721	157331403471283

=== poll 1790130633.428756755
16666666
157298947553692	157298973333483	157298947440671
157298971507858	157298990005045	157298971413900
157298978164473	157299006676295	157298978080983
157302071814368	157302082563638	157302071632180
157302080198534	157302090902284	157302080125618
157302098932753	157302115915721	157302098886086
157302116638743	157302132592283	157302116594940
157302124222076	157302140929263	157302124192336
157302160093274	157302174282127	157302160064107
157303615578846	157303641661502	157303615489523
157303659124419	157303691681606	157303659055617
157303846318534	157303875061242	157303846230252
157304022984888	157304041789262	157304022861086
157304833501658	157304858808272	157304833403169
157304872708689	157304892151241	157304872563377
157305250174366	157305275640825	157305250090096
157305266444054	157305292312908	157305266334366
157306180604574	157306209372647	157306180491137
157306208207647	157306226045303	157306208117335
157306230013220	157306259391032	157306229934887
157306261494314	157306292738428	157306261416658
157306278851345	157306309412959	157306272992960
157306298337074	157306326087074	157306298267699
157306336998897	157306359433845	157306336921710
157306350992803	157306376107334	157306350919991
157306366040095	157306392783741	157306365967231
157306384062022	157306409457595	157306383938272
157306409760824	157306426131241	157306409685564
157306448664574	157306476159522	157306448574783
157306469334314	157306492835771	157306469270616
157306518545720	157306542859886	157306518468585
157306528878793	157306559530043	157306525808168
157306546075564	157306576202282	157306545785772
157306562254210	157306592875094	157306560583116
157306581560303	157306609544730	157306581489522
157306595675772	157306626217282	157306589294366
157306645423585	157306676236814	157306645336501
157306752853845	157306776268428	157306752746605
157306788427960	157306809610980	157306788329001
157306817253168	157306842962543	157306817171970
157306834580199	157306859637230	157306834527595
157306855300407	157306876308427	157306855231918
157306878140980	157306909657907	157306878077387
157306895875251	157306926335511	157306889529574
157306912364991	157306943014782	157306911084314
157306928847074	157306959692230	157306916693064
157306945433064	157306976364314	157306935975355
157306962341241	157306993034209	157306952735355
157306983026189	157307009707282	157306982954262
157307027285407	157307059719469	157307027164209
157307046092387	157307076389001	157307035665251
157307063352491	157307093059157	157307053569470
157307080373480	157307109732282	157307079287491
157307125084105	157307143085823	157307124962282
157307154556241	157307176434157	157307154445303
157307174254678	157307193109105	157307174167178
157307190984991	157307209783115	157307190906293
157307207183480	157307226456136	157307207101397
157307222501709	157307243129053	157307222428949
157307241659574	157307259800511	157307241577959
157307259702803	157307276473897	157307259598689
157307272375459	157307293146345	157307272270980
157307303549939	157307326480407	157307303478376
157307335153845	157307359821761	157307335066084
157307368187751	157307393161709	157307368102126
157307396040095	157307426497490	157307395932647
157307412802699	157307443165250	157307403535668
157307429607282	157307459831761	157307420799105
157307445979626	157307476499886	157307437851449
157307462329157	157307493167177	157307456354313
157307488727803	157307509833792	157307488645876
157307500472959	157307526501397	157307500397543
157307537566761	157307559838636	157307537489730
157307568890720	157307593178167	157307568821188
157307579140407	157307609846553	157307576446032
157307595807438	157307626518428	157307595537334
157307612293324	157307643193480	157307607465407
157307628940563	157307659869521	157307620277647
157307645688897	157307676546083	157307634634522
157307662296449	157307693222542	157307657264053
157307679057699	157307709899104	157307670226032
157307695661345	157307726573531	157307695284834
157307718612855	157307743247230	157307718530043
157307765260720	157307793259469	157307765166032
157307779307542	157307809929209	157307773486449
157307818454365	157307843269313	157307818381397
157307879249053	157307909950042	157307879152490
157307915411970	157307943289990	157307915311813
157308016152699	157308043319938	157308016039782
157308036440355	157308059994052	157308036354626
157308087579105	157308110011656	157308087470251
157308101185824	157308126686500	157308101098480
157308141784157	157308160028167	157308141661188
157308164831657	157308193372177	157308164744834
157308180371449	157308210045250	157308167164209
157308367753688	157308393479209	157308367645303
157308552582178	157308576931083	157308552478896
157308729563792	157308760375354	157308729450355
157315717236185	157315747494987	157315717071237
157315735253321	157315764168737	157315728171133
157315750344987	157315780845404	157315741076185
157315784842435	157315814201341	157315784713998
157315814619154	157315830877122	157315814528269
157315821782175	157315847554570	157315821715352
157315857489258	157315880906289	157315857372956
157315895895664	157315914254570	157315895794466
157315902552071	157315930926497	157315902481185
157316156696029	157316181002696	157316156527539
157316409558425	157316431141705	157316409447383
157325562456702	157325588037952	157325562236338
157325802039202	157325821582014	157325801921129
157325850236754	157325871633472	157325850100244
157325888677015	157325904986545	157325888543213
157325897251129	157325921661650	157325897173421
157325925413838	157325955018785	157325925300921
157325966660556	157325988376337	157325966535661
157325982724983	157326005052275	157325982636806
157325996877952	157326021730556	157325996811702
157326269518733	157326288593785	157326269405296
157330845552846	157330874851544	157330845414148
157331403579981	157331425199721	157331403471283
157335866106751	157335893892323	157335865965969
157336349713157	157336377399042	157336349489615
157336375848469	157336394068572	157336375743209
157336412786594	157336444086854	157336412667375
157336458522219	157336477429041	157336458409563
157336472819459	157336494104458	157336472751646

=== poll 1790130635.801646650
16666666
157303615578846	157303641661502	157303615489523
157303659124419	157303691681606	157303659055617
157303846318534	157303875061242	157303846230252
157304022984888	157304041789262	157304022861086
157304833501658	157304858808272	157304833403169
157304872708689	157304892151241	157304872563377
157305250174366	157305275640825	157305250090096
157305266444054	157305292312908	157305266334366
157306180604574	157306209372647	157306180491137
157306208207647	157306226045303	157306208117335
157306230013220	157306259391032	157306229934887
157306261494314	157306292738428	157306261416658
157306278851345	157306309412959	157306272992960
157306298337074	157306326087074	157306298267699
157306336998897	157306359433845	157306336921710
157306350992803	157306376107334	157306350919991
157306366040095	157306392783741	157306365967231
157306384062022	157306409457595	157306383938272
157306409760824	157306426131241	157306409685564
157306448664574	157306476159522	157306448574783
157306469334314	157306492835771	157306469270616
157306518545720	157306542859886	157306518468585
157306528878793	157306559530043	157306525808168
157306546075564	157306576202282	157306545785772
157306562254210	157306592875094	157306560583116
157306581560303	157306609544730	157306581489522
157306595675772	157306626217282	157306589294366
157306645423585	157306676236814	157306645336501
157306752853845	157306776268428	157306752746605
157306788427960	157306809610980	157306788329001
157306817253168	157306842962543	157306817171970
157306834580199	157306859637230	157306834527595
157306855300407	157306876308427	157306855231918
157306878140980	157306909657907	157306878077387
157306895875251	157306926335511	157306889529574
157306912364991	157306943014782	157306911084314
157306928847074	157306959692230	157306916693064
157306945433064	157306976364314	157306935975355
157306962341241	157306993034209	157306952735355
157306983026189	157307009707282	157306982954262
157307027285407	157307059719469	157307027164209
157307046092387	157307076389001	157307035665251
157307063352491	157307093059157	157307053569470
157307080373480	157307109732282	157307079287491
157307125084105	157307143085823	157307124962282
157307154556241	157307176434157	157307154445303
157307174254678	157307193109105	157307174167178
157307190984991	157307209783115	157307190906293
157307207183480	157307226456136	157307207101397
157307222501709	157307243129053	157307222428949
157307241659574	157307259800511	157307241577959
157307259702803	157307276473897	157307259598689
157307272375459	157307293146345	157307272270980
157307303549939	157307326480407	157307303478376
157307335153845	157307359821761	157307335066084
157307368187751	157307393161709	157307368102126
157307396040095	157307426497490	157307395932647
157307412802699	157307443165250	157307403535668
157307429607282	157307459831761	157307420799105
157307445979626	157307476499886	157307437851449
157307462329157	157307493167177	157307456354313
157307488727803	157307509833792	157307488645876
157307500472959	157307526501397	157307500397543
157307537566761	157307559838636	157307537489730
157307568890720	157307593178167	157307568821188
157307579140407	157307609846553	157307576446032
157307595807438	157307626518428	157307595537334
157307612293324	157307643193480	157307607465407
157307628940563	157307659869521	157307620277647
157307645688897	157307676546083	157307634634522
157307662296449	157307693222542	157307657264053
157307679057699	157307709899104	157307670226032
157307695661345	157307726573531	157307695284834
157307718612855	157307743247230	157307718530043
157307765260720	157307793259469	157307765166032
157307779307542	157307809929209	157307773486449
157307818454365	157307843269313	157307818381397
157307879249053	157307909950042	157307879152490
157307915411970	157307943289990	157307915311813
157308016152699	157308043319938	157308016039782
157308036440355	157308059994052	157308036354626
157308087579105	157308110011656	157308087470251
157308101185824	157308126686500	157308101098480
157308141784157	157308160028167	157308141661188
157308164831657	157308193372177	157308164744834
157308180371449	157308210045250	157308167164209
157308367753688	157308393479209	157308367645303
157308552582178	157308576931083	157308552478896
157308729563792	157308760375354	157308729450355
157315717236185	157315747494987	157315717071237
157315735253321	157315764168737	157315728171133
157315750344987	157315780845404	157315741076185
157315784842435	157315814201341	157315784713998
157315814619154	157315830877122	157315814528269
157315821782175	157315847554570	157315821715352
157315857489258	157315880906289	157315857372956
157315895895664	157315914254570	157315895794466
157315902552071	157315930926497	157315902481185
157316156696029	157316181002696	157316156527539
157316409558425	157316431141705	157316409447383
157325562456702	157325588037952	157325562236338
157325802039202	157325821582014	157325801921129
157325850236754	157325871633472	157325850100244
157325888677015	157325904986545	157325888543213
157325897251129	157325921661650	157325897173421
157325925413838	157325955018785	157325925300921
157325966660556	157325988376337	157325966535661
157325982724983	157326005052275	157325982636806
157325996877952	157326021730556	157325996811702
157326269518733	157326288593785	157326269405296
157330845552846	157330874851544	157330845414148
157331403579981	157331425199721	157331403471283
157335866106751	157335893892323	157335865965969
157336349713157	157336377399042	157336349489615
157336375848469	157336394068572	157336375743209
157336412786594	157336444086854	157336412667375
157336458522219	157336477429041	157336458409563
157336472819459	157336494104458	157336472751646
157336526150136	157336544120135	157336526035552
157336593464511	157336610814718	157336593287636
157336614153209	157336644163677	157336614055344
157336641664875	157336660840083	157336641572271
157336654552844	157336677513260	157336654454406
157336897991021	157336927631281	157336897787583
157336915524042	157336944309926	157336906812011
157337836979666	157337861416906	157337836872635
157338321833364	157338345007790	157338321684562

=== poll 1790130638.166198264
16666666
157304022984888	157304041789262	157304022861086
157304833501658	157304858808272	157304833403169
157304872708689	157304892151241	157304872563377
157305250174366	157305275640825	157305250090096
157305266444054	157305292312908	157305266334366
157306180604574	157306209372647	157306180491137
157306208207647	157306226045303	157306208117335
157306230013220	157306259391032	157306229934887
157306261494314	157306292738428	157306261416658
157306278851345	157306309412959	157306272992960
157306298337074	157306326087074	157306298267699
157306336998897	157306359433845	157306336921710
157306350992803	157306376107334	157306350919991
157306366040095	157306392783741	157306365967231
157306384062022	157306409457595	157306383938272
157306409760824	157306426131241	157306409685564
157306448664574	157306476159522	157306448574783
157306469334314	157306492835771	157306469270616
157306518545720	157306542859886	157306518468585
157306528878793	157306559530043	157306525808168
157306546075564	157306576202282	157306545785772
157306562254210	157306592875094	157306560583116
157306581560303	157306609544730	157306581489522
157306595675772	157306626217282	157306589294366
157306645423585	157306676236814	157306645336501
157306752853845	157306776268428	157306752746605
157306788427960	157306809610980	157306788329001
157306817253168	157306842962543	157306817171970
157306834580199	157306859637230	157306834527595
157306855300407	157306876308427	157306855231918
157306878140980	157306909657907	157306878077387
157306895875251	157306926335511	157306889529574
157306912364991	157306943014782	157306911084314
157306928847074	157306959692230	157306916693064
157306945433064	157306976364314	157306935975355
157306962341241	157306993034209	157306952735355
157306983026189	157307009707282	157306982954262
157307027285407	157307059719469	157307027164209
157307046092387	157307076389001	157307035665251
157307063352491	157307093059157	157307053569470
157307080373480	157307109732282	157307079287491
157307125084105	157307143085823	157307124962282
157307154556241	157307176434157	157307154445303
157307174254678	157307193109105	157307174167178
157307190984991	157307209783115	157307190906293
157307207183480	157307226456136	157307207101397
157307222501709	157307243129053	157307222428949
157307241659574	157307259800511	157307241577959
157307259702803	157307276473897	157307259598689
157307272375459	157307293146345	157307272270980
157307303549939	157307326480407	157307303478376
157307335153845	157307359821761	157307335066084
157307368187751	157307393161709	157307368102126
157307396040095	157307426497490	157307395932647
157307412802699	157307443165250	157307403535668
157307429607282	157307459831761	157307420799105
157307445979626	157307476499886	157307437851449
157307462329157	157307493167177	157307456354313
157307488727803	157307509833792	157307488645876
157307500472959	157307526501397	157307500397543
157307537566761	157307559838636	157307537489730
157307568890720	157307593178167	157307568821188
157307579140407	157307609846553	157307576446032
157307595807438	157307626518428	157307595537334
157307612293324	157307643193480	157307607465407
157307628940563	157307659869521	157307620277647
157307645688897	157307676546083	157307634634522
157307662296449	157307693222542	157307657264053
157307679057699	157307709899104	157307670226032
157307695661345	157307726573531	157307695284834
157307718612855	157307743247230	157307718530043
157307765260720	157307793259469	157307765166032
157307779307542	157307809929209	157307773486449
157307818454365	157307843269313	157307818381397
157307879249053	157307909950042	157307879152490
157307915411970	157307943289990	157307915311813
157308016152699	157308043319938	157308016039782
157308036440355	157308059994052	157308036354626
157308087579105	157308110011656	157308087470251
157308101185824	157308126686500	157308101098480
157308141784157	157308160028167	157308141661188
157308164831657	157308193372177	157308164744834
157308180371449	157308210045250	157308167164209
157308367753688	157308393479209	157308367645303
157308552582178	157308576931083	157308552478896
157308729563792	157308760375354	157308729450355
157315717236185	157315747494987	157315717071237
157315735253321	157315764168737	157315728171133
157315750344987	157315780845404	157315741076185
157315784842435	157315814201341	157315784713998
157315814619154	157315830877122	157315814528269
157315821782175	157315847554570	157315821715352
157315857489258	157315880906289	157315857372956
157315895895664	157315914254570	157315895794466
157315902552071	157315930926497	157315902481185
157316156696029	157316181002696	157316156527539
157316409558425	157316431141705	157316409447383
157325562456702	157325588037952	157325562236338
157325802039202	157325821582014	157325801921129
157325850236754	157325871633472	157325850100244
157325888677015	157325904986545	157325888543213
157325897251129	157325921661650	157325897173421
157325925413838	157325955018785	157325925300921
157325966660556	157325988376337	157325966535661
157325982724983	157326005052275	157325982636806
157325996877952	157326021730556	157325996811702
157326269518733	157326288593785	157326269405296
157330845552846	157330874851544	157330845414148
157331403579981	157331425199721	157331403471283
157335866106751	157335893892323	157335865965969
157336349713157	157336377399042	157336349489615
157336375848469	157336394068572	157336375743209
157336412786594	157336444086854	157336412667375
157336458522219	157336477429041	157336458409563
157336472819459	157336494104458	157336472751646
157336526150136	157336544120135	157336526035552
157336593464511	157336610814718	157336593287636
157336614153209	157336644163677	157336614055344
157336641664875	157336660840083	157336641572271
157336654552844	157336677513260	157336654454406
157336897991021	157336927631281	157336897787583
157336915524042	157336944309926	157336906812011
157337836979666	157337861416906	157337836872635
157338321833364	157338345007790	157338321684562
157339819419874	157339845421175	157339819323416
157340291857374	157340312125759	157340291740707
157341045912634	157341062269092	157341045809926

=== poll 1790130640.522607846
16666666
157305266444054	157305292312908	157305266334366
157306180604574	157306209372647	157306180491137
157306208207647	157306226045303	157306208117335
157306230013220	157306259391032	157306229934887
157306261494314	157306292738428	157306261416658
157306278851345	157306309412959	157306272992960
157306298337074	157306326087074	157306298267699
157306336998897	157306359433845	157306336921710
157306350992803	157306376107334	157306350919991
157306366040095	157306392783741	157306365967231
157306384062022	157306409457595	157306383938272
157306409760824	157306426131241	157306409685564
157306448664574	157306476159522	157306448574783
157306469334314	157306492835771	157306469270616
157306518545720	157306542859886	157306518468585
157306528878793	157306559530043	157306525808168
157306546075564	157306576202282	157306545785772
157306562254210	157306592875094	157306560583116
157306581560303	157306609544730	157306581489522
157306595675772	157306626217282	157306589294366
157306645423585	157306676236814	157306645336501
157306752853845	157306776268428	157306752746605
157306788427960	157306809610980	157306788329001
157306817253168	157306842962543	157306817171970
157306834580199	157306859637230	157306834527595
157306855300407	157306876308427	157306855231918
157306878140980	157306909657907	157306878077387
157306895875251	157306926335511	157306889529574
157306912364991	157306943014782	157306911084314
157306928847074	157306959692230	157306916693064
157306945433064	157306976364314	157306935975355
157306962341241	157306993034209	157306952735355
157306983026189	157307009707282	157306982954262
157307027285407	157307059719469	157307027164209
157307046092387	157307076389001	157307035665251
157307063352491	157307093059157	157307053569470
157307080373480	157307109732282	157307079287491
157307125084105	157307143085823	157307124962282
157307154556241	157307176434157	157307154445303
157307174254678	157307193109105	157307174167178
157307190984991	157307209783115	157307190906293
157307207183480	157307226456136	157307207101397
157307222501709	157307243129053	157307222428949
157307241659574	157307259800511	157307241577959
157307259702803	157307276473897	157307259598689
157307272375459	157307293146345	157307272270980
157307303549939	157307326480407	157307303478376
157307335153845	157307359821761	157307335066084
157307368187751	157307393161709	157307368102126
157307396040095	157307426497490	157307395932647
157307412802699	157307443165250	157307403535668
157307429607282	157307459831761	157307420799105
157307445979626	157307476499886	157307437851449
157307462329157	157307493167177	157307456354313
157307488727803	157307509833792	157307488645876
157307500472959	157307526501397	157307500397543
157307537566761	157307559838636	157307537489730
157307568890720	157307593178167	157307568821188
157307579140407	157307609846553	157307576446032
157307595807438	157307626518428	157307595537334
157307612293324	157307643193480	157307607465407
157307628940563	157307659869521	157307620277647
157307645688897	157307676546083	157307634634522
157307662296449	157307693222542	157307657264053
157307679057699	157307709899104	157307670226032
157307695661345	157307726573531	157307695284834
157307718612855	157307743247230	157307718530043
157307765260720	157307793259469	157307765166032
157307779307542	157307809929209	157307773486449
157307818454365	157307843269313	157307818381397
157307879249053	157307909950042	157307879152490
157307915411970	157307943289990	157307915311813
157308016152699	157308043319938	157308016039782
157308036440355	157308059994052	157308036354626
157308087579105	157308110011656	157308087470251
157308101185824	157308126686500	157308101098480
157308141784157	157308160028167	157308141661188
157308164831657	157308193372177	157308164744834
157308180371449	157308210045250	157308167164209
157308367753688	157308393479209	157308367645303
157308552582178	157308576931083	157308552478896
157308729563792	157308760375354	157308729450355
157315717236185	157315747494987	157315717071237
157315735253321	157315764168737	157315728171133
157315750344987	157315780845404	157315741076185
157315784842435	157315814201341	157315784713998
157315814619154	157315830877122	157315814528269
157315821782175	157315847554570	157315821715352
157315857489258	157315880906289	157315857372956
157315895895664	157315914254570	157315895794466
157315902552071	157315930926497	157315902481185
157316156696029	157316181002696	157316156527539
157316409558425	157316431141705	157316409447383
157325562456702	157325588037952	157325562236338
157325802039202	157325821582014	157325801921129
157325850236754	157325871633472	157325850100244
157325888677015	157325904986545	157325888543213
157325897251129	157325921661650	157325897173421
157325925413838	157325955018785	157325925300921
157325966660556	157325988376337	157325966535661
157325982724983	157326005052275	157325982636806
157325996877952	157326021730556	157325996811702
157326269518733	157326288593785	157326269405296
157330845552846	157330874851544	157330845414148
157331403579981	157331425199721	157331403471283
157335866106751	157335893892323	157335865965969
157336349713157	157336377399042	157336349489615
157336375848469	157336394068572	157336375743209
157336412786594	157336444086854	157336412667375
157336458522219	157336477429041	157336458409563
157336472819459	157336494104458	157336472751646
157336526150136	157336544120135	157336526035552
157336593464511	157336610814718	157336593287636
157336614153209	157336644163677	157336614055344
157336641664875	157336660840083	157336641572271
157336654552844	157336677513260	157336654454406
157336897991021	157336927631281	157336897787583
157336915524042	157336944309926	157336906812011
157337836979666	157337861416906	157337836872635
157338321833364	157338345007790	157338321684562
157339819419874	157339845421175	157339819323416
157340291857374	157340312125759	157340291740707
157341045912634	157341062269092	157341045809926
157341573806436	157341595695810	157341573632998
157342499906227	157342529198414	157342499808831
157342962944092	157342979236852	157342962820185
157343432844716	157343462671122	157343432729821

=== poll 1790130642.919003783
16666666
157306208207647	157306226045303	157306208117335
157306230013220	157306259391032	157306229934887
157306261494314	157306292738428	157306261416658
157306278851345	157306309412959	157306272992960
157306298337074	157306326087074	157306298267699
157306336998897	157306359433845	157306336921710
157306350992803	157306376107334	157306350919991
157306366040095	157306392783741	157306365967231
157306384062022	157306409457595	157306383938272
157306409760824	157306426131241	157306409685564
157306448664574	157306476159522	157306448574783
157306469334314	157306492835771	157306469270616
157306518545720	157306542859886	157306518468585
157306528878793	157306559530043	157306525808168
157306546075564	157306576202282	157306545785772
157306562254210	157306592875094	157306560583116
157306581560303	157306609544730	157306581489522
157306595675772	157306626217282	157306589294366
157306645423585	157306676236814	157306645336501
157306752853845	157306776268428	157306752746605
157306788427960	157306809610980	157306788329001
157306817253168	157306842962543	157306817171970
157306834580199	157306859637230	157306834527595
157306855300407	157306876308427	157306855231918
157306878140980	157306909657907	157306878077387
157306895875251	157306926335511	157306889529574
157306912364991	157306943014782	157306911084314
157306928847074	157306959692230	157306916693064
157306945433064	157306976364314	157306935975355
157306962341241	157306993034209	157306952735355
157306983026189	157307009707282	157306982954262
157307027285407	157307059719469	157307027164209
157307046092387	157307076389001	157307035665251
157307063352491	157307093059157	157307053569470
157307080373480	157307109732282	157307079287491
157307125084105	157307143085823	157307124962282
157307154556241	157307176434157	157307154445303
157307174254678	157307193109105	157307174167178
157307190984991	157307209783115	157307190906293
157307207183480	157307226456136	157307207101397
157307222501709	157307243129053	157307222428949
157307241659574	157307259800511	157307241577959
157307259702803	157307276473897	157307259598689
157307272375459	157307293146345	157307272270980
157307303549939	157307326480407	157307303478376
157307335153845	157307359821761	157307335066084
157307368187751	157307393161709	157307368102126
157307396040095	157307426497490	157307395932647
157307412802699	157307443165250	157307403535668
157307429607282	157307459831761	157307420799105
157307445979626	157307476499886	157307437851449
157307462329157	157307493167177	157307456354313
157307488727803	157307509833792	157307488645876
157307500472959	157307526501397	157307500397543
157307537566761	157307559838636	157307537489730
157307568890720	157307593178167	157307568821188
157307579140407	157307609846553	157307576446032
157307595807438	157307626518428	157307595537334
157307612293324	157307643193480	157307607465407
157307628940563	157307659869521	157307620277647
157307645688897	157307676546083	157307634634522
157307662296449	157307693222542	157307657264053
157307679057699	157307709899104	157307670226032
157307695661345	157307726573531	157307695284834
157307718612855	157307743247230	157307718530043
157307765260720	157307793259469	157307765166032
157307779307542	157307809929209	157307773486449
157307818454365	157307843269313	157307818381397
157307879249053	157307909950042	157307879152490
157307915411970	157307943289990	157307915311813
157308016152699	157308043319938	157308016039782
157308036440355	157308059994052	157308036354626
157308087579105	157308110011656	157308087470251
157308101185824	157308126686500	157308101098480
157308141784157	157308160028167	157308141661188
157308164831657	157308193372177	157308164744834
157308180371449	157308210045250	157308167164209
157308367753688	157308393479209	157308367645303
157308552582178	157308576931083	157308552478896
157308729563792	157308760375354	157308729450355
157315717236185	157315747494987	157315717071237
157315735253321	157315764168737	157315728171133
157315750344987	157315780845404	157315741076185
157315784842435	157315814201341	157315784713998
157315814619154	157315830877122	157315814528269
157315821782175	157315847554570	157315821715352
157315857489258	157315880906289	157315857372956
157315895895664	157315914254570	157315895794466
157315902552071	157315930926497	157315902481185
157316156696029	157316181002696	157316156527539
157316409558425	157316431141705	157316409447383
157325562456702	157325588037952	157325562236338
157325802039202	157325821582014	157325801921129
157325850236754	157325871633472	157325850100244
157325888677015	157325904986545	157325888543213
157325897251129	157325921661650	157325897173421
157325925413838	157325955018785	157325925300921
157325966660556	157325988376337	157325966535661
157325982724983	157326005052275	157325982636806
157325996877952	157326021730556	157325996811702
157326269518733	157326288593785	157326269405296
157330845552846	157330874851544	157330845414148
157331403579981	157331425199721	157331403471283
157335866106751	157335893892323	157335865965969
157336349713157	157336377399042	157336349489615
157336375848469	157336394068572	157336375743209
157336412786594	157336444086854	157336412667375
157336458522219	157336477429041	157336458409563
157336472819459	157336494104458	157336472751646
157336526150136	157336544120135	157336526035552
157336593464511	157336610814718	157336593287636
157336614153209	157336644163677	157336614055344
157336641664875	157336660840083	157336641572271
157336654552844	157336677513260	157336654454406
157336897991021	157336927631281	157336897787583
157336915524042	157336944309926	157336906812011
157337836979666	157337861416906	157337836872635
157338321833364	157338345007790	157338321684562
157339819419874	157339845421175	157339819323416
157340291857374	157340312125759	157340291740707
157341045912634	157341062269092	157341045809926
157341573806436	157341595695810	157341573632998
157342499906227	157342529198414	157342499808831
157342962944092	157342979236852	157342962820185
157343432844716	157343462671122	157343432729821
157344280813674	157344312862632	157344280681487
157345808324872	157345829973101	157345808216590

=== poll 1790130645.307874720
16666666
157306469334314	157306492835771	157306469270616
157306518545720	157306542859886	157306518468585
157306528878793	157306559530043	157306525808168
157306546075564	157306576202282	157306545785772
157306562254210	157306592875094	157306560583116
157306581560303	157306609544730	157306581489522
157306595675772	157306626217282	157306589294366
157306645423585	157306676236814	157306645336501
157306752853845	157306776268428	157306752746605
157306788427960	157306809610980	157306788329001
157306817253168	157306842962543	157306817171970
157306834580199	157306859637230	157306834527595
157306855300407	157306876308427	157306855231918
157306878140980	157306909657907	157306878077387
157306895875251	157306926335511	157306889529574
157306912364991	157306943014782	157306911084314
157306928847074	157306959692230	157306916693064
157306945433064	157306976364314	157306935975355
157306962341241	157306993034209	157306952735355
157306983026189	157307009707282	157306982954262
157307027285407	157307059719469	157307027164209
157307046092387	157307076389001	157307035665251
157307063352491	157307093059157	157307053569470
157307080373480	157307109732282	157307079287491
157307125084105	157307143085823	157307124962282
157307154556241	157307176434157	157307154445303
157307174254678	157307193109105	157307174167178
157307190984991	157307209783115	157307190906293
157307207183480	157307226456136	157307207101397
157307222501709	157307243129053	157307222428949
157307241659574	157307259800511	157307241577959
157307259702803	157307276473897	157307259598689
157307272375459	157307293146345	157307272270980
157307303549939	157307326480407	157307303478376
157307335153845	157307359821761	157307335066084
157307368187751	157307393161709	157307368102126
157307396040095	157307426497490	157307395932647
157307412802699	157307443165250	157307403535668
157307429607282	157307459831761	157307420799105
157307445979626	157307476499886	157307437851449
157307462329157	157307493167177	157307456354313
157307488727803	157307509833792	157307488645876
157307500472959	157307526501397	157307500397543
157307537566761	157307559838636	157307537489730
157307568890720	157307593178167	157307568821188
157307579140407	157307609846553	157307576446032
157307595807438	157307626518428	157307595537334
157307612293324	157307643193480	157307607465407
157307628940563	157307659869521	157307620277647
157307645688897	157307676546083	157307634634522
157307662296449	157307693222542	157307657264053
157307679057699	157307709899104	157307670226032
157307695661345	157307726573531	157307695284834
157307718612855	157307743247230	157307718530043
157307765260720	157307793259469	157307765166032
157307779307542	157307809929209	157307773486449
157307818454365	157307843269313	157307818381397
157307879249053	157307909950042	157307879152490
157307915411970	157307943289990	157307915311813
157308016152699	157308043319938	157308016039782
157308036440355	157308059994052	157308036354626
157308087579105	157308110011656	157308087470251
157308101185824	157308126686500	157308101098480
157308141784157	157308160028167	157308141661188
157308164831657	157308193372177	157308164744834
157308180371449	157308210045250	157308167164209
157308367753688	157308393479209	157308367645303
157308552582178	157308576931083	157308552478896
157308729563792	157308760375354	157308729450355
157315717236185	157315747494987	157315717071237
157315735253321	157315764168737	157315728171133
157315750344987	157315780845404	157315741076185
157315784842435	157315814201341	157315784713998
157315814619154	157315830877122	157315814528269
157315821782175	157315847554570	157315821715352
157315857489258	157315880906289	157315857372956
157315895895664	157315914254570	157315895794466
157315902552071	157315930926497	157315902481185
157316156696029	157316181002696	157316156527539
157316409558425	157316431141705	157316409447383
157325562456702	157325588037952	157325562236338
157325802039202	157325821582014	157325801921129
157325850236754	157325871633472	157325850100244
157325888677015	157325904986545	157325888543213
157325897251129	157325921661650	157325897173421
157325925413838	157325955018785	157325925300921
157325966660556	157325988376337	157325966535661
157325982724983	157326005052275	157325982636806
157325996877952	157326021730556	157325996811702
157326269518733	157326288593785	157326269405296
157330845552846	157330874851544	157330845414148
157331403579981	157331425199721	157331403471283
157335866106751	157335893892323	157335865965969
157336349713157	157336377399042	157336349489615
157336375848469	157336394068572	157336375743209
157336412786594	157336444086854	157336412667375
157336458522219	157336477429041	157336458409563
157336472819459	157336494104458	157336472751646
157336526150136	157336544120135	157336526035552
157336593464511	157336610814718	157336593287636
157336614153209	157336644163677	157336614055344
157336641664875	157336660840083	157336641572271
157336654552844	157336677513260	157336654454406
157336897991021	157336927631281	157336897787583
157336915524042	157336944309926	157336906812011
157337836979666	157337861416906	157337836872635
157338321833364	157338345007790	157338321684562
157339819419874	157339845421175	157339819323416
157340291857374	157340312125759	157340291740707
157341045912634	157341062269092	157341045809926
157341573806436	157341595695810	157341573632998
157342499906227	157342529198414	157342499808831
157342962944092	157342979236852	157342962820185
157343432844716	157343462671122	157343432729821
157344280813674	157344312862632	157344280681487
157345808324872	157345829973101	157345808216590
157346339585549	157346363463256	157346339458309
157347400055340	157347430360131	157347399869454
157347635429975	157347663773933	157347635318934
157347668341381	157347697109402	157347668210444
157347704677527	157347730450652	157347704562892
157347722392319	157347747124089	157347722310288
157347762740183	157347780463933	157347762571746
157347792314350	157347813812474	157347792157996
157347803067944	157347830486642	157347802997267
157348081699350	157348113924870	157348081582996
157348330826954	157348347362892	157348330609767

=== poll 1790130647.708479094
16666666
157306562254210	157306592875094	157306560583116
157306581560303	157306609544730	157306581489522
157306595675772	157306626217282	157306589294366
157306645423585	157306676236814	157306645336501
157306752853845	157306776268428	157306752746605
157306788427960	157306809610980	157306788329001
157306817253168	157306842962543	157306817171970
157306834580199	157306859637230	157306834527595
157306855300407	157306876308427	157306855231918
157306878140980	157306909657907	157306878077387
157306895875251	157306926335511	157306889529574
157306912364991	157306943014782	157306911084314
157306928847074	157306959692230	157306916693064
157306945433064	157306976364314	157306935975355
157306962341241	157306993034209	157306952735355
157306983026189	157307009707282	157306982954262
157307027285407	157307059719469	157307027164209
157307046092387	157307076389001	157307035665251
157307063352491	157307093059157	157307053569470
157307080373480	157307109732282	157307079287491
157307125084105	157307143085823	157307124962282
157307154556241	157307176434157	157307154445303
157307174254678	157307193109105	157307174167178
157307190984991	157307209783115	157307190906293
157307207183480	157307226456136	157307207101397
157307222501709	157307243129053	157307222428949
157307241659574	157307259800511	157307241577959
157307259702803	157307276473897	157307259598689
157307272375459	157307293146345	157307272270980
157307303549939	157307326480407	157307303478376
157307335153845	157307359821761	157307335066084
157307368187751	157307393161709	157307368102126
157307396040095	157307426497490	157307395932647
157307412802699	157307443165250	157307403535668
157307429607282	157307459831761	157307420799105
157307445979626	157307476499886	157307437851449
157307462329157	157307493167177	157307456354313
157307488727803	157307509833792	157307488645876
157307500472959	157307526501397	157307500397543
157307537566761	157307559838636	157307537489730
157307568890720	157307593178167	157307568821188
157307579140407	157307609846553	157307576446032
157307595807438	157307626518428	157307595537334
157307612293324	157307643193480	157307607465407
157307628940563	157307659869521	157307620277647
157307645688897	157307676546083	157307634634522
157307662296449	157307693222542	157307657264053
157307679057699	157307709899104	157307670226032
157307695661345	157307726573531	157307695284834
157307718612855	157307743247230	157307718530043
157307765260720	157307793259469	157307765166032
157307779307542	157307809929209	157307773486449
157307818454365	157307843269313	157307818381397
157307879249053	157307909950042	157307879152490
157307915411970	157307943289990	157307915311813
157308016152699	157308043319938	157308016039782
157308036440355	157308059994052	157308036354626
157308087579105	157308110011656	157308087470251
157308101185824	157308126686500	157308101098480
157308141784157	157308160028167	157308141661188
157308164831657	157308193372177	157308164744834
157308180371449	157308210045250	157308167164209
157308367753688	157308393479209	157308367645303
157308552582178	157308576931083	157308552478896
157308729563792	157308760375354	157308729450355
157315717236185	157315747494987	157315717071237
157315735253321	157315764168737	157315728171133
157315750344987	157315780845404	157315741076185
157315784842435	157315814201341	157315784713998
157315814619154	157315830877122	157315814528269
157315821782175	157315847554570	157315821715352
157315857489258	157315880906289	157315857372956
157315895895664	157315914254570	157315895794466
157315902552071	157315930926497	157315902481185
157316156696029	157316181002696	157316156527539
157316409558425	157316431141705	157316409447383
157325562456702	157325588037952	157325562236338
157325802039202	157325821582014	157325801921129
157325850236754	157325871633472	157325850100244
157325888677015	157325904986545	157325888543213
157325897251129	157325921661650	157325897173421
157325925413838	157325955018785	157325925300921
157325966660556	157325988376337	157325966535661
157325982724983	157326005052275	157325982636806
157325996877952	157326021730556	157325996811702
157326269518733	157326288593785	157326269405296
157330845552846	157330874851544	157330845414148
157331403579981	157331425199721	157331403471283
157335866106751	157335893892323	157335865965969
157336349713157	157336377399042	157336349489615
157336375848469	157336394068572	157336375743209
157336412786594	157336444086854	157336412667375
157336458522219	157336477429041	157336458409563
157336472819459	157336494104458	157336472751646
157336526150136	157336544120135	157336526035552
157336593464511	157336610814718	157336593287636
157336614153209	157336644163677	157336614055344
157336641664875	157336660840083	157336641572271
157336654552844	157336677513260	157336654454406
157336897991021	157336927631281	157336897787583
157336915524042	157336944309926	157336906812011
157337836979666	157337861416906	157337836872635
157338321833364	157338345007790	157338321684562
157339819419874	157339845421175	157339819323416
157340291857374	157340312125759	157340291740707
157341045912634	157341062269092	157341045809926
157341573806436	157341595695810	157341573632998
157342499906227	157342529198414	157342499808831
157342962944092	157342979236852	157342962820185
157343432844716	157343462671122	157343432729821
157344280813674	157344312862632	157344280681487
157345808324872	157345829973101	157345808216590
157346339585549	157346363463256	157346339458309
157347400055340	157347430360131	157347399869454
157347635429975	157347663773933	157347635318934
157347668341381	157347697109402	157347668210444
157347704677527	157347730450652	157347704562892
157347722392319	157347747124089	157347722310288
157347762740183	157347780463933	157347762571746
157347792314350	157347813812474	157347792157996
157347803067944	157347830486642	157347802997267
157348081699350	157348113924870	157348081582996
157348330826954	157348347362892	157348330609767
157349698046433	157349714006797	157349697841485
157349744923360	157349764007995	157349744803047
157349769706797	157349797347370	157349769595235
157349784829610	157349814018099	157349771952995

=== poll 1790130650.129581228
16666666
157308101185824	157308126686500	157308101098480
157308141784157	157308160028167	157308141661188
157308164831657	157308193372177	157308164744834
157308180371449	157308210045250	157308167164209
157308367753688	157308393479209	157308367645303
157308552582178	157308576931083	157308552478896
157308729563792	157308760375354	157308729450355
157315717236185	157315747494987	157315717071237
157315735253321	157315764168737	157315728171133
157315750344987	157315780845404	157315741076185
157315784842435	157315814201341	157315784713998
157315814619154	157315830877122	157315814528269
157315821782175	157315847554570	157315821715352
157315857489258	157315880906289	157315857372956
157315895895664	157315914254570	157315895794466
157315902552071	157315930926497	157315902481185
157316156696029	157316181002696	157316156527539
157316409558425	157316431141705	157316409447383
157325562456702	157325588037952	157325562236338
157325802039202	157325821582014	157325801921129
157325850236754	157325871633472	157325850100244
157325888677015	157325904986545	157325888543213
157325897251129	157325921661650	157325897173421
157325925413838	157325955018785	157325925300921
157325966660556	157325988376337	157325966535661
157325982724983	157326005052275	157325982636806
157325996877952	157326021730556	157325996811702
157326269518733	157326288593785	157326269405296
157330845552846	157330874851544	157330845414148
157331403579981	157331425199721	157331403471283
157335866106751	157335893892323	157335865965969
157336349713157	157336377399042	157336349489615
157336375848469	157336394068572	157336375743209
157336412786594	157336444086854	157336412667375
157336458522219	157336477429041	157336458409563
157336472819459	157336494104458	157336472751646
157336526150136	157336544120135	157336526035552
157336593464511	157336610814718	157336593287636
157336614153209	157336644163677	157336614055344
157336641664875	157336660840083	157336641572271
157336654552844	157336677513260	157336654454406
157336897991021	157336927631281	157336897787583
157336915524042	157336944309926	157336906812011
157337836979666	157337861416906	157337836872635
157338321833364	157338345007790	157338321684562
157339819419874	157339845421175	157339819323416
157340291857374	157340312125759	157340291740707
157341045912634	157341062269092	157341045809926
157341573806436	157341595695810	157341573632998
157342499906227	157342529198414	157342499808831
157342962944092	157342979236852	157342962820185
157343432844716	157343462671122	157343432729821
157344280813674	157344312862632	157344280681487
157345808324872	157345829973101	157345808216590
157346339585549	157346363463256	157346339458309
157347400055340	157347430360131	157347399869454
157347635429975	157347663773933	157347635318934
157347668341381	157347697109402	157347668210444
157347704677527	157347730450652	157347704562892
157347722392319	157347747124089	157347722310288
157347762740183	157347780463933	157347762571746
157347792314350	157347813812474	157347792157996
157347803067944	157347830486642	157347802997267
157348081699350	157348113924870	157348081582996
157348330826954	157348347362892	157348330609767
157349698046433	157349714006797	157349697841485
157349744923360	157349764007995	157349744803047
157349769706797	157349797347370	157349769595235
157349784829610	157349814018099	157349771952995
157351709165234	157351731154244	157351709060026
157351732809036	157351764490599	157351732709661
157351750890390	157351781161744	157351746801119
157351767739974	157351797833150	157351762137682
157351783679609	157351814504974	157351782191953
157351800143932	157351831177265	157351794855234
157351827088515	157351847850181	157351826948307
157351878438099	157351897864296	157351878291901
157351896298984	157351914533776	157351896231172
157351908036692	157351931203827	157351907974817
157351927600338	157351947873462	157351927490963
157351946737630	157351964542317	157351946676484
157351966038307	157351997876276	157351965933880
157352010860755	157352031208150	157352010800182
157352023906536	157352047877473	157352023848724
157352037969609	157352064548358	157352037893724
157352088770286	157352114549400	157352088667682
157352105203724	157352131214400	157352105153724
157352127610703	157352147881536	157352127538411
157352138540338	157352164546743	157352138489296
157352162053411	157352181211848	157352162002421
157352176969296	157352197876431	157352176887265
157352253262838	157352281192056	157352253204921
157352405918359	157352431178827	157352405797525
157352457022057	157352481178410	157352456930338
157352491395494	157352514507056	157352491304192
157352508381328	157352531171275	157352508297994
157352535962265	157352564502264	157352535893515
157352557843307	157352581164608	157352557785702
157352580055963	157352597833150	157352579955182
157352602162890	157352631167525	157352602090807
157352623654869	157352647829764	157352623564348
157352676085077	157352697831431	157352675965338
157352699403046	157352731164504	157352699281588
157352717457734	157352747835389	157352706261744
157352733843723	157352764503462	157352732120755
157352777613932	157352797841379	157352777517369
157352791142161	157352814510962	157352791069296
157352814338307	157352831178410	157352814256223
157352833925911	157352864518931	157352833842004
157352850566379	157352881186379	157352848797317
157352869378619	157352897854973	157352869310546
157352894362004	157352914519348	157352894274504
157352909951432	157352931183879	157352909859765
157352924667942	157352947850442	157352924607786
157352966157004	157352997854400	157352966036067
157352984259140	157353014522160	157352981489348
157353003626431	157353031187056	157353003552890
157353035555390	157353064511743	157353035474088
157353092544661	157353114505077	157353092442161
157353105273411	157353131168150	157353105180286
157353117395390	157353147833566	157353112186327
157353134431223	157353164501327	157353128109713
157353150881640	157353181166327	157353143568150
157353167821119	157353197831640	157353156707161
157353210834140	157353231166275	157353210708306
157353226247213	157353247832368	157353226136640
157353244797265	9223372036854775807	157353244693411

=== poll 1790130652.547755498
16666666
157325982724983	157326005052275	157325982636806
157325996877952	157326021730556	157325996811702
157326269518733	157326288593785	157326269405296
157330845552846	157330874851544	157330845414148
157331403579981	157331425199721	157331403471283
157335866106751	157335893892323	157335865965969
157336349713157	157336377399042	157336349489615
157336375848469	157336394068572	157336375743209
157336412786594	157336444086854	157336412667375
157336458522219	157336477429041	157336458409563
157336472819459	157336494104458	157336472751646
157336526150136	157336544120135	157336526035552
157336593464511	157336610814718	157336593287636
157336614153209	157336644163677	157336614055344
157336641664875	157336660840083	157336641572271
157336654552844	157336677513260	157336654454406
157336897991021	157336927631281	157336897787583
157336915524042	157336944309926	157336906812011
157337836979666	157337861416906	157337836872635
157338321833364	157338345007790	157338321684562
157339819419874	157339845421175	157339819323416
157340291857374	157340312125759	157340291740707
157341045912634	157341062269092	157341045809926
157341573806436	157341595695810	157341573632998
157342499906227	157342529198414	157342499808831
157342962944092	157342979236852	157342962820185
157343432844716	157343462671122	157343432729821
157344280813674	157344312862632	157344280681487
157345808324872	157345829973101	157345808216590
157346339585549	157346363463256	157346339458309
157347400055340	157347430360131	157347399869454
157347635429975	157347663773933	157347635318934
157347668341381	157347697109402	157347668210444
157347704677527	157347730450652	157347704562892
157347722392319	157347747124089	157347722310288
157347762740183	157347780463933	157347762571746
157347792314350	157347813812474	157347792157996
157347803067944	157347830486642	157347802997267
157348081699350	157348113924870	157348081582996
157348330826954	157348347362892	157348330609767
157349698046433	157349714006797	157349697841485
157349744923360	157349764007995	157349744803047
157349769706797	157349797347370	157349769595235
157349784829610	157349814018099	157349771952995
157351709165234	157351731154244	157351709060026
157351732809036	157351764490599	157351732709661
157351750890390	157351781161744	157351746801119
157351767739974	157351797833150	157351762137682
157351783679609	157351814504974	157351782191953
157351800143932	157351831177265	157351794855234
157351827088515	157351847850181	157351826948307
157351878438099	157351897864296	157351878291901
157351896298984	157351914533776	157351896231172
157351908036692	157351931203827	157351907974817
157351927600338	157351947873462	157351927490963
157351946737630	157351964542317	157351946676484
157351966038307	157351997876276	157351965933880
157352010860755	157352031208150	157352010800182
157352023906536	157352047877473	157352023848724
157352037969609	157352064548358	157352037893724
157352088770286	157352114549400	157352088667682
157352105203724	157352131214400	157352105153724
157352127610703	157352147881536	157352127538411
157352138540338	157352164546743	157352138489296
157352162053411	157352181211848	157352162002421
157352176969296	157352197876431	157352176887265
157352253262838	157352281192056	157352253204921
157352405918359	157352431178827	157352405797525
157352457022057	157352481178410	157352456930338
157352491395494	157352514507056	157352491304192
157352508381328	157352531171275	157352508297994
157352535962265	157352564502264	157352535893515
157352557843307	157352581164608	157352557785702
157352580055963	157352597833150	157352579955182
157352602162890	157352631167525	157352602090807
157352623654869	157352647829764	157352623564348
157352676085077	157352697831431	157352675965338
157352699403046	157352731164504	157352699281588
157352717457734	157352747835389	157352706261744
157352733843723	157352764503462	157352732120755
157352777613932	157352797841379	157352777517369
157352791142161	157352814510962	157352791069296
157352814338307	157352831178410	157352814256223
157352833925911	157352864518931	157352833842004
157352850566379	157352881186379	157352848797317
157352869378619	157352897854973	157352869310546
157352894362004	157352914519348	157352894274504
157352909951432	157352931183879	157352909859765
157352924667942	157352947850442	157352924607786
157352966157004	157352997854400	157352966036067
157352984259140	157353014522160	157352981489348
157353003626431	157353031187056	157353003552890
157353035555390	157353064511743	157353035474088
157353092544661	157353114505077	157353092442161
157353105273411	157353131168150	157353105180286
157353117395390	157353147833566	157353112186327
157353134431223	157353164501327	157353128109713
157353150881640	157353181166327	157353143568150
157353167821119	157353197831640	157353156707161
157353210834140	157353231166275	157353210708306
157353226247213	157353247832368	157353226136640
157353244797265	157353264496119	157353244693411
157353275931796	157353297830077	157353275805598
157353329639348	157353347834816	157353329495494
157353347142890	157353364504503	157353347032786
157353380051483	157353397844348	157353379901327
157353398343983	157353414514660	157353398163515
157353436351848	157353464518827	157353436236848
157353463037994	157353481187525	157353462936067
157353489268671	157353514516952	157353489182890
157353507819192	157353531183670	157353507743931
157353528264504	157353547854139	157353528174608
157353553931744	157353581183827	157353553821848
157353600499348	157353631179244	157353600408827
157353638513775	157353664513097	157353638394088
157353654125962	157353681179504	157353654048202
157353695465806	157353714513723	157353695361587
157353726921483	157353747839504	157353726853515
157353764431119	157353781165180	157353764302629
157353997362733	157354014478201	157353997217264
157354013159973	157354031144504	157354013089556
157354027479400	157354047811535	157354027393046
157354075819139	157354097806170	157354075707733
157354099726691	157354131132785	157354099634764
157354117567004	157354147799503	157354102465754
157354342653098	157354364455806	157354342504973
157354791578514	157354814445910	157354791471379

=== poll 1790130655.010390653
16666666
157325982724983	157326005052275	157325982636806
157325996877952	157326021730556	157325996811702
157326269518733	157326288593785	157326269405296
157330845552846	157330874851544	157330845414148
157331403579981	157331425199721	157331403471283
157335866106751	157335893892323	157335865965969
157336349713157	157336377399042	157336349489615
157336375848469	157336394068572	157336375743209
157336412786594	157336444086854	157336412667375
157336458522219	157336477429041	157336458409563
157336472819459	157336494104458	157336472751646
157336526150136	157336544120135	157336526035552
157336593464511	157336610814718	157336593287636
157336614153209	157336644163677	157336614055344
157336641664875	157336660840083	157336641572271
157336654552844	157336677513260	157336654454406
157336897991021	157336927631281	157336897787583
157336915524042	157336944309926	157336906812011
157337836979666	157337861416906	157337836872635
157338321833364	157338345007790	157338321684562
157339819419874	157339845421175	157339819323416
157340291857374	157340312125759	157340291740707
157341045912634	157341062269092	157341045809926
157341573806436	157341595695810	157341573632998
157342499906227	157342529198414	157342499808831
157342962944092	157342979236852	157342962820185
157343432844716	157343462671122	157343432729821
157344280813674	157344312862632	157344280681487
157345808324872	157345829973101	157345808216590
157346339585549	157346363463256	157346339458309
157347400055340	157347430360131	157347399869454
157347635429975	157347663773933	157347635318934
157347668341381	157347697109402	157347668210444
157347704677527	157347730450652	157347704562892
157347722392319	157347747124089	157347722310288
157347762740183	157347780463933	157347762571746
157347792314350	157347813812474	157347792157996
157347803067944	157347830486642	157347802997267
157348081699350	157348113924870	157348081582996
157348330826954	157348347362892	157348330609767
157349698046433	157349714006797	157349697841485
157349744923360	157349764007995	157349744803047
157349769706797	157349797347370	157349769595235
157349784829610	157349814018099	157349771952995
157351709165234	157351731154244	157351709060026
157351732809036	157351764490599	157351732709661
157351750890390	157351781161744	157351746801119
157351767739974	157351797833150	157351762137682
157351783679609	157351814504974	157351782191953
157351800143932	157351831177265	157351794855234
157351827088515	157351847850181	157351826948307
157351878438099	157351897864296	157351878291901
157351896298984	157351914533776	157351896231172
157351908036692	157351931203827	157351907974817
157351927600338	157351947873462	157351927490963
157351946737630	157351964542317	157351946676484
157351966038307	157351997876276	157351965933880
157352010860755	157352031208150	157352010800182
157352023906536	157352047877473	157352023848724
157352037969609	157352064548358	157352037893724
157352088770286	157352114549400	157352088667682
157352105203724	157352131214400	157352105153724
157352127610703	157352147881536	157352127538411
157352138540338	157352164546743	157352138489296
157352162053411	157352181211848	157352162002421
157352176969296	157352197876431	157352176887265
157352253262838	157352281192056	157352253204921
157352405918359	157352431178827	157352405797525
157352457022057	157352481178410	157352456930338
157352491395494	157352514507056	157352491304192
157352508381328	157352531171275	157352508297994
157352535962265	157352564502264	157352535893515
157352557843307	157352581164608	157352557785702
157352580055963	157352597833150	157352579955182
157352602162890	157352631167525	157352602090807
157352623654869	157352647829764	157352623564348
157352676085077	157352697831431	157352675965338
157352699403046	157352731164504	157352699281588
157352717457734	157352747835389	157352706261744
157352733843723	157352764503462	157352732120755
157352777613932	157352797841379	157352777517369
157352791142161	157352814510962	157352791069296
157352814338307	157352831178410	157352814256223
157352833925911	157352864518931	157352833842004
157352850566379	157352881186379	157352848797317
157352869378619	157352897854973	157352869310546
157352894362004	157352914519348	157352894274504
157352909951432	157352931183879	157352909859765
157352924667942	157352947850442	157352924607786
157352966157004	157352997854400	157352966036067
157352984259140	157353014522160	157352981489348
157353003626431	157353031187056	157353003552890
157353035555390	157353064511743	157353035474088
157353092544661	157353114505077	157353092442161
157353105273411	157353131168150	157353105180286
157353117395390	157353147833566	157353112186327
157353134431223	157353164501327	157353128109713
157353150881640	157353181166327	157353143568150
157353167821119	157353197831640	157353156707161
157353210834140	157353231166275	157353210708306
157353226247213	157353247832368	157353226136640
157353244797265	157353264496119	157353244693411
157353275931796	157353297830077	157353275805598
157353329639348	157353347834816	157353329495494
157353347142890	157353364504503	157353347032786
157353380051483	157353397844348	157353379901327
157353398343983	157353414514660	157353398163515
157353436351848	157353464518827	157353436236848
157353463037994	157353481187525	157353462936067
157353489268671	157353514516952	157353489182890
157353507819192	157353531183670	157353507743931
157353528264504	157353547854139	157353528174608
157353553931744	157353581183827	157353553821848
157353600499348	157353631179244	157353600408827
157353638513775	157353664513097	157353638394088
157353654125962	157353681179504	157353654048202
157353695465806	157353714513723	157353695361587
157353726921483	157353747839504	157353726853515
157353764431119	157353781165180	157353764302629
157353997362733	157354014478201	157353997217264
157354013159973	157354031144504	157354013089556
157354027479400	157354047811535	157354027393046
157354075819139	157354097806170	157354075707733
157354099726691	157354131132785	157354099634764
157354117567004	157354147799503	157354102465754
157354342653098	157354364455806	157354342504973
157354791578514	157354814445910	157354791471379

=== poll 1790130657.594920184
16666666
157325982724983	157326005052275	157325982636806
157325996877952	157326021730556	157325996811702
157326269518733	157326288593785	157326269405296
157330845552846	157330874851544	157330845414148
157331403579981	157331425199721	157331403471283
157335866106751	157335893892323	157335865965969
157336349713157	157336377399042	157336349489615
157336375848469	157336394068572	157336375743209
157336412786594	157336444086854	157336412667375
157336458522219	157336477429041	157336458409563
157336472819459	157336494104458	157336472751646
157336526150136	157336544120135	157336526035552
157336593464511	157336610814718	157336593287636
157336614153209	157336644163677	157336614055344
157336641664875	157336660840083	157336641572271
157336654552844	157336677513260	157336654454406
157336897991021	157336927631281	157336897787583
157336915524042	157336944309926	157336906812011
157337836979666	157337861416906	157337836872635
157338321833364	157338345007790	157338321684562
157339819419874	157339845421175	157339819323416
157340291857374	157340312125759	157340291740707
157341045912634	157341062269092	157341045809926
157341573806436	157341595695810	157341573632998
157342499906227	157342529198414	157342499808831
157342962944092	157342979236852	157342962820185
157343432844716	157343462671122	157343432729821
157344280813674	157344312862632	157344280681487
157345808324872	157345829973101	157345808216590
157346339585549	157346363463256	157346339458309
157347400055340	157347430360131	157347399869454
157347635429975	157347663773933	157347635318934
157347668341381	157347697109402	157347668210444
157347704677527	157347730450652	157347704562892
157347722392319	157347747124089	157347722310288
157347762740183	157347780463933	157347762571746
157347792314350	157347813812474	157347792157996
157347803067944	157347830486642	157347802997267
157348081699350	157348113924870	157348081582996
157348330826954	157348347362892	157348330609767
157349698046433	157349714006797	157349697841485
157349744923360	157349764007995	157349744803047
157349769706797	157349797347370	157349769595235
157349784829610	157349814018099	157349771952995
157351709165234	157351731154244	157351709060026
157351732809036	157351764490599	157351732709661
157351750890390	157351781161744	157351746801119
157351767739974	157351797833150	157351762137682
157351783679609	157351814504974	157351782191953
157351800143932	157351831177265	157351794855234
157351827088515	157351847850181	157351826948307
157351878438099	157351897864296	157351878291901
157351896298984	157351914533776	157351896231172
157351908036692	157351931203827	157351907974817
157351927600338	157351947873462	157351927490963
157351946737630	157351964542317	157351946676484
157351966038307	157351997876276	157351965933880
157352010860755	157352031208150	157352010800182
157352023906536	157352047877473	157352023848724
157352037969609	157352064548358	157352037893724
157352088770286	157352114549400	157352088667682
157352105203724	157352131214400	157352105153724
157352127610703	157352147881536	157352127538411
157352138540338	157352164546743	157352138489296
157352162053411	157352181211848	157352162002421
157352176969296	157352197876431	157352176887265
157352253262838	157352281192056	157352253204921
157352405918359	157352431178827	157352405797525
157352457022057	157352481178410	157352456930338
157352491395494	157352514507056	157352491304192
157352508381328	157352531171275	157352508297994
157352535962265	157352564502264	157352535893515
157352557843307	157352581164608	157352557785702
157352580055963	157352597833150	157352579955182
157352602162890	157352631167525	157352602090807
157352623654869	157352647829764	157352623564348
157352676085077	157352697831431	157352675965338
157352699403046	157352731164504	157352699281588
157352717457734	157352747835389	157352706261744
157352733843723	157352764503462	157352732120755
157352777613932	157352797841379	157352777517369
157352791142161	157352814510962	157352791069296
157352814338307	157352831178410	157352814256223
157352833925911	157352864518931	157352833842004
157352850566379	157352881186379	157352848797317
157352869378619	157352897854973	157352869310546
157352894362004	157352914519348	157352894274504
157352909951432	157352931183879	157352909859765
157352924667942	157352947850442	157352924607786
157352966157004	157352997854400	157352966036067
157352984259140	157353014522160	157352981489348
157353003626431	157353031187056	157353003552890
157353035555390	157353064511743	157353035474088
157353092544661	157353114505077	157353092442161
157353105273411	157353131168150	157353105180286
157353117395390	157353147833566	157353112186327
157353134431223	157353164501327	157353128109713
157353150881640	157353181166327	157353143568150
157353167821119	157353197831640	157353156707161
157353210834140	157353231166275	157353210708306
157353226247213	157353247832368	157353226136640
157353244797265	157353264496119	157353244693411
157353275931796	157353297830077	157353275805598
157353329639348	157353347834816	157353329495494
157353347142890	157353364504503	157353347032786
157353380051483	157353397844348	157353379901327
157353398343983	157353414514660	157353398163515
157353436351848	157353464518827	157353436236848
157353463037994	157353481187525	157353462936067
157353489268671	157353514516952	157353489182890
157353507819192	157353531183670	157353507743931
157353528264504	157353547854139	157353528174608
157353553931744	157353581183827	157353553821848
157353600499348	157353631179244	157353600408827
157353638513775	157353664513097	157353638394088
157353654125962	157353681179504	157353654048202
157353695465806	157353714513723	157353695361587
157353726921483	157353747839504	157353726853515
157353764431119	157353781165180	157353764302629
157353997362733	157354014478201	157353997217264
157354013159973	157354031144504	157354013089556
157354027479400	157354047811535	157354027393046
157354075819139	157354097806170	157354075707733
157354099726691	157354131132785	157354099634764
157354117567004	157354147799503	157354102465754
157354342653098	157354364455806	157354342504973
157354791578514	157354814445910	157354791471379

=== poll 1790130660.027650391
16666666
157325996877952	157326021730556	157325996811702
157326269518733	157326288593785	157326269405296
157330845552846	157330874851544	157330845414148
157331403579981	157331425199721	157331403471283
157335866106751	157335893892323	157335865965969
157336349713157	157336377399042	157336349489615
157336375848469	157336394068572	157336375743209
157336412786594	157336444086854	157336412667375
157336458522219	157336477429041	157336458409563
157336472819459	157336494104458	157336472751646
157336526150136	157336544120135	157336526035552
157336593464511	157336610814718	157336593287636
157336614153209	157336644163677	157336614055344
157336641664875	157336660840083	157336641572271
157336654552844	157336677513260	157336654454406
157336897991021	157336927631281	157336897787583
157336915524042	157336944309926	157336906812011
157337836979666	157337861416906	157337836872635
157338321833364	157338345007790	157338321684562
157339819419874	157339845421175	157339819323416
157340291857374	157340312125759	157340291740707
157341045912634	157341062269092	157341045809926
157341573806436	157341595695810	157341573632998
157342499906227	157342529198414	157342499808831
157342962944092	157342979236852	157342962820185
157343432844716	157343462671122	157343432729821
157344280813674	157344312862632	157344280681487
157345808324872	157345829973101	157345808216590
157346339585549	157346363463256	157346339458309
157347400055340	157347430360131	157347399869454
157347635429975	157347663773933	157347635318934
157347668341381	157347697109402	157347668210444
157347704677527	157347730450652	157347704562892
157347722392319	157347747124089	157347722310288
157347762740183	157347780463933	157347762571746
157347792314350	157347813812474	157347792157996
157347803067944	157347830486642	157347802997267
157348081699350	157348113924870	157348081582996
157348330826954	157348347362892	157348330609767
157349698046433	157349714006797	157349697841485
157349744923360	157349764007995	157349744803047
157349769706797	157349797347370	157349769595235
157349784829610	157349814018099	157349771952995
157351709165234	157351731154244	157351709060026
157351732809036	157351764490599	157351732709661
157351750890390	157351781161744	157351746801119
157351767739974	157351797833150	157351762137682
157351783679609	157351814504974	157351782191953
157351800143932	157351831177265	157351794855234
157351827088515	157351847850181	157351826948307
157351878438099	157351897864296	157351878291901
157351896298984	157351914533776	157351896231172
157351908036692	157351931203827	157351907974817
157351927600338	157351947873462	157351927490963
157351946737630	157351964542317	157351946676484
157351966038307	157351997876276	157351965933880
157352010860755	157352031208150	157352010800182
157352023906536	157352047877473	157352023848724
157352037969609	157352064548358	157352037893724
157352088770286	157352114549400	157352088667682
157352105203724	157352131214400	157352105153724
157352127610703	157352147881536	157352127538411
157352138540338	157352164546743	157352138489296
157352162053411	157352181211848	157352162002421
157352176969296	157352197876431	157352176887265
157352253262838	157352281192056	157352253204921
157352405918359	157352431178827	157352405797525
157352457022057	157352481178410	157352456930338
157352491395494	157352514507056	157352491304192
157352508381328	157352531171275	157352508297994
157352535962265	157352564502264	157352535893515
157352557843307	157352581164608	157352557785702
157352580055963	157352597833150	157352579955182
157352602162890	157352631167525	157352602090807
157352623654869	157352647829764	157352623564348
157352676085077	157352697831431	157352675965338
157352699403046	157352731164504	157352699281588
157352717457734	157352747835389	157352706261744
157352733843723	157352764503462	157352732120755
157352777613932	157352797841379	157352777517369
157352791142161	157352814510962	157352791069296
157352814338307	157352831178410	157352814256223
157352833925911	157352864518931	157352833842004
157352850566379	157352881186379	157352848797317
157352869378619	157352897854973	157352869310546
157352894362004	157352914519348	157352894274504
157352909951432	157352931183879	157352909859765
157352924667942	157352947850442	157352924607786
157352966157004	157352997854400	157352966036067
157352984259140	157353014522160	157352981489348
157353003626431	157353031187056	157353003552890
157353035555390	157353064511743	157353035474088
157353092544661	157353114505077	157353092442161
157353105273411	157353131168150	157353105180286
157353117395390	157353147833566	157353112186327
157353134431223	157353164501327	157353128109713
157353150881640	157353181166327	157353143568150
157353167821119	157353197831640	157353156707161
157353210834140	157353231166275	157353210708306
157353226247213	157353247832368	157353226136640
157353244797265	157353264496119	157353244693411
157353275931796	157353297830077	157353275805598
157353329639348	157353347834816	157353329495494
157353347142890	157353364504503	157353347032786
157353380051483	157353397844348	157353379901327
157353398343983	157353414514660	157353398163515
157353436351848	157353464518827	157353436236848
157353463037994	157353481187525	157353462936067
157353489268671	157353514516952	157353489182890
157353507819192	157353531183670	157353507743931
157353528264504	157353547854139	157353528174608
157353553931744	157353581183827	157353553821848
157353600499348	157353631179244	157353600408827
157353638513775	157353664513097	157353638394088
157353654125962	157353681179504	157353654048202
157353695465806	157353714513723	157353695361587
157353726921483	157353747839504	157353726853515
157353764431119	157353781165180	157353764302629
157353997362733	157354014478201	157353997217264
157354013159973	157354031144504	157354013089556
157354027479400	157354047811535	157354027393046
157354075819139	157354097806170	157354075707733
157354099726691	157354131132785	157354099634764
157354117567004	157354147799503	157354102465754
157354342653098	157354364455806	157354342504973
157354791578514	157354814445910	157354791471379
157362667297678	157362698640854	157362667152782

=== poll 1790130662.398007005
16666666
157336458522219	157336477429041	157336458409563
157336472819459	157336494104458	157336472751646
157336526150136	157336544120135	157336526035552
157336593464511	157336610814718	157336593287636
157336614153209	157336644163677	157336614055344
157336641664875	157336660840083	157336641572271
157336654552844	157336677513260	157336654454406
157336897991021	157336927631281	157336897787583
157336915524042	157336944309926	157336906812011
157337836979666	157337861416906	157337836872635
157338321833364	157338345007790	157338321684562
157339819419874	157339845421175	157339819323416
157340291857374	157340312125759	157340291740707
157341045912634	157341062269092	157341045809926
157341573806436	157341595695810	157341573632998
157342499906227	157342529198414	157342499808831
157342962944092	157342979236852	157342962820185
157343432844716	157343462671122	157343432729821
157344280813674	157344312862632	157344280681487
157345808324872	157345829973101	157345808216590
157346339585549	157346363463256	157346339458309
157347400055340	157347430360131	157347399869454
157347635429975	157347663773933	157347635318934
157347668341381	157347697109402	157347668210444
157347704677527	157347730450652	157347704562892
157347722392319	157347747124089	157347722310288
157347762740183	157347780463933	157347762571746
157347792314350	157347813812474	157347792157996
157347803067944	157347830486642	157347802997267
157348081699350	157348113924870	157348081582996
157348330826954	157348347362892	157348330609767
157349698046433	157349714006797	157349697841485
157349744923360	157349764007995	157349744803047
157349769706797	157349797347370	157349769595235
157349784829610	157349814018099	157349771952995
157351709165234	157351731154244	157351709060026
157351732809036	157351764490599	157351732709661
157351750890390	157351781161744	157351746801119
157351767739974	157351797833150	157351762137682
157351783679609	157351814504974	157351782191953
157351800143932	157351831177265	157351794855234
157351827088515	157351847850181	157351826948307
157351878438099	157351897864296	157351878291901
157351896298984	157351914533776	157351896231172
157351908036692	157351931203827	157351907974817
157351927600338	157351947873462	157351927490963
157351946737630	157351964542317	157351946676484
157351966038307	157351997876276	157351965933880
157352010860755	157352031208150	157352010800182
157352023906536	157352047877473	157352023848724
157352037969609	157352064548358	157352037893724
157352088770286	157352114549400	157352088667682
157352105203724	157352131214400	157352105153724
157352127610703	157352147881536	157352127538411
157352138540338	157352164546743	157352138489296
157352162053411	157352181211848	157352162002421
157352176969296	157352197876431	157352176887265
157352253262838	157352281192056	157352253204921
157352405918359	157352431178827	157352405797525
157352457022057	157352481178410	157352456930338
157352491395494	157352514507056	157352491304192
157352508381328	157352531171275	157352508297994
157352535962265	157352564502264	157352535893515
157352557843307	157352581164608	157352557785702
157352580055963	157352597833150	157352579955182
157352602162890	157352631167525	157352602090807
157352623654869	157352647829764	157352623564348
157352676085077	157352697831431	157352675965338
157352699403046	157352731164504	157352699281588
157352717457734	157352747835389	157352706261744
157352733843723	157352764503462	157352732120755
157352777613932	157352797841379	157352777517369
157352791142161	157352814510962	157352791069296
157352814338307	157352831178410	157352814256223
157352833925911	157352864518931	157352833842004
157352850566379	157352881186379	157352848797317
157352869378619	157352897854973	157352869310546
157352894362004	157352914519348	157352894274504
157352909951432	157352931183879	157352909859765
157352924667942	157352947850442	157352924607786
157352966157004	157352997854400	157352966036067
157352984259140	157353014522160	157352981489348
157353003626431	157353031187056	157353003552890
157353035555390	157353064511743	157353035474088
157353092544661	157353114505077	157353092442161
157353105273411	157353131168150	157353105180286
157353117395390	157353147833566	157353112186327
157353134431223	157353164501327	157353128109713
157353150881640	157353181166327	157353143568150
157353167821119	157353197831640	157353156707161
157353210834140	157353231166275	157353210708306
157353226247213	157353247832368	157353226136640
157353244797265	157353264496119	157353244693411
157353275931796	157353297830077	157353275805598
157353329639348	157353347834816	157353329495494
157353347142890	157353364504503	157353347032786
157353380051483	157353397844348	157353379901327
157353398343983	157353414514660	157353398163515
157353436351848	157353464518827	157353436236848
157353463037994	157353481187525	157353462936067
157353489268671	157353514516952	157353489182890
157353507819192	157353531183670	157353507743931
157353528264504	157353547854139	157353528174608
157353553931744	157353581183827	157353553821848
157353600499348	157353631179244	157353600408827
157353638513775	157353664513097	157353638394088
157353654125962	157353681179504	157353654048202
157353695465806	157353714513723	157353695361587
157353726921483	157353747839504	157353726853515
157353764431119	157353781165180	157353764302629
157353997362733	157354014478201	157353997217264
157354013159973	157354031144504	157354013089556
157354027479400	157354047811535	157354027393046
157354075819139	157354097806170	157354075707733
157354099726691	157354131132785	157354099634764
157354117567004	157354147799503	157354102465754
157354342653098	157354364455806	157354342504973
157354791578514	157354814445910	157354791471379
157362667297678	157362698640854	157362667152782
157363161584761	157363182220698	157363161446584
157363206833303	157363232232677	157363206714605
157363265972730	157363282242833	157363265830334
157363492134969	157363515621531	157363491996740
157363722737729	157363748943875	157363722611636
157363947585177	157363965611323	157363947364344
157364182217573	157364198931218	157364182140386
157365278839135	157365299291530	157365278707625

=== poll 1790130664.775304712
16666666
157336654552844	157336677513260	157336654454406
157336897991021	157336927631281	157336897787583
157336915524042	157336944309926	157336906812011
157337836979666	157337861416906	157337836872635
157338321833364	157338345007790	157338321684562
157339819419874	157339845421175	157339819323416
157340291857374	157340312125759	157340291740707
157341045912634	157341062269092	157341045809926
157341573806436	157341595695810	157341573632998
157342499906227	157342529198414	157342499808831
157342962944092	157342979236852	157342962820185
157343432844716	157343462671122	157343432729821
157344280813674	157344312862632	157344280681487
157345808324872	157345829973101	157345808216590
157346339585549	157346363463256	157346339458309
157347400055340	157347430360131	157347399869454
157347635429975	157347663773933	157347635318934
157347668341381	157347697109402	157347668210444
157347704677527	157347730450652	157347704562892
157347722392319	157347747124089	157347722310288
157347762740183	157347780463933	157347762571746
157347792314350	157347813812474	157347792157996
157347803067944	157347830486642	157347802997267
157348081699350	157348113924870	157348081582996
157348330826954	157348347362892	157348330609767
157349698046433	157349714006797	157349697841485
157349744923360	157349764007995	157349744803047
157349769706797	157349797347370	157349769595235
157349784829610	157349814018099	157349771952995
157351709165234	157351731154244	157351709060026
157351732809036	157351764490599	157351732709661
157351750890390	157351781161744	157351746801119
157351767739974	157351797833150	157351762137682
157351783679609	157351814504974	157351782191953
157351800143932	157351831177265	157351794855234
157351827088515	157351847850181	157351826948307
157351878438099	157351897864296	157351878291901
157351896298984	157351914533776	157351896231172
157351908036692	157351931203827	157351907974817
157351927600338	157351947873462	157351927490963
157351946737630	157351964542317	157351946676484
157351966038307	157351997876276	157351965933880
157352010860755	157352031208150	157352010800182
157352023906536	157352047877473	157352023848724
157352037969609	157352064548358	157352037893724
157352088770286	157352114549400	157352088667682
157352105203724	157352131214400	157352105153724
157352127610703	157352147881536	157352127538411
157352138540338	157352164546743	157352138489296
157352162053411	157352181211848	157352162002421
157352176969296	157352197876431	157352176887265
157352253262838	157352281192056	157352253204921
157352405918359	157352431178827	157352405797525
157352457022057	157352481178410	157352456930338
157352491395494	157352514507056	157352491304192
157352508381328	157352531171275	157352508297994
157352535962265	157352564502264	157352535893515
157352557843307	157352581164608	157352557785702
157352580055963	157352597833150	157352579955182
157352602162890	157352631167525	157352602090807
157352623654869	157352647829764	157352623564348
157352676085077	157352697831431	157352675965338
157352699403046	157352731164504	157352699281588
157352717457734	157352747835389	157352706261744
157352733843723	157352764503462	157352732120755
157352777613932	157352797841379	157352777517369
157352791142161	157352814510962	157352791069296
157352814338307	157352831178410	157352814256223
157352833925911	157352864518931	157352833842004
157352850566379	157352881186379	157352848797317
157352869378619	157352897854973	157352869310546
157352894362004	157352914519348	157352894274504
157352909951432	157352931183879	157352909859765
157352924667942	157352947850442	157352924607786
157352966157004	157352997854400	157352966036067
157352984259140	157353014522160	157352981489348
157353003626431	157353031187056	157353003552890
157353035555390	157353064511743	157353035474088
157353092544661	157353114505077	157353092442161
157353105273411	157353131168150	157353105180286
157353117395390	157353147833566	157353112186327
157353134431223	157353164501327	157353128109713
157353150881640	157353181166327	157353143568150
157353167821119	157353197831640	157353156707161
157353210834140	157353231166275	157353210708306
157353226247213	157353247832368	157353226136640
157353244797265	157353264496119	157353244693411
157353275931796	157353297830077	157353275805598
157353329639348	157353347834816	157353329495494
157353347142890	157353364504503	157353347032786
157353380051483	157353397844348	157353379901327
157353398343983	157353414514660	157353398163515
157353436351848	157353464518827	157353436236848
157353463037994	157353481187525	157353462936067
157353489268671	157353514516952	157353489182890
157353507819192	157353531183670	157353507743931
157353528264504	157353547854139	157353528174608
157353553931744	157353581183827	157353553821848
157353600499348	157353631179244	157353600408827
157353638513775	157353664513097	157353638394088
157353654125962	157353681179504	157353654048202
157353695465806	157353714513723	157353695361587
157353726921483	157353747839504	157353726853515
157353764431119	157353781165180	157353764302629
157353997362733	157354014478201	157353997217264
157354013159973	157354031144504	157354013089556
157354027479400	157354047811535	157354027393046
157354075819139	157354097806170	157354075707733
157354099726691	157354131132785	157354099634764
157354117567004	157354147799503	157354102465754
157354342653098	157354364455806	157354342504973
157354791578514	157354814445910	157354791471379
157362667297678	157362698640854	157362667152782
157363161584761	157363182220698	157363161446584
157363206833303	157363232232677	157363206714605
157363265972730	157363282242833	157363265830334
157363492134969	157363515621531	157363491996740
157363722737729	157363748943875	157363722611636
157363947585177	157363965611323	157363947364344
157364182217573	157364198931218	157364182140386
157365278839135	157365299291530	157365278707625
157365565572677	157365582704447	157365565396791
157365614381427	157365632721635	157365614253458
157365664225385	157365682738562	157365664087677
157365894432989	157365916159291	157365894328562
157366341342781	157366366339343	157366341223562
157366756310853	157366783205124	157366756180645

=== poll 1790130667.158554138
16666666
157340291857374	157340312125759	157340291740707
157341045912634	157341062269092	157341045809926
157341573806436	157341595695810	157341573632998
157342499906227	157342529198414	157342499808831
157342962944092	157342979236852	157342962820185
157343432844716	157343462671122	157343432729821
157344280813674	157344312862632	157344280681487
157345808324872	157345829973101	157345808216590
157346339585549	157346363463256	157346339458309
157347400055340	157347430360131	157347399869454
157347635429975	157347663773933	157347635318934
157347668341381	157347697109402	157347668210444
157347704677527	157347730450652	157347704562892
157347722392319	157347747124089	157347722310288
157347762740183	157347780463933	157347762571746
157347792314350	157347813812474	157347792157996
157347803067944	157347830486642	157347802997267
157348081699350	157348113924870	157348081582996
157348330826954	157348347362892	157348330609767
157349698046433	157349714006797	157349697841485
157349744923360	157349764007995	157349744803047
157349769706797	157349797347370	157349769595235
157349784829610	157349814018099	157349771952995
157351709165234	157351731154244	157351709060026
157351732809036	157351764490599	157351732709661
157351750890390	157351781161744	157351746801119
157351767739974	157351797833150	157351762137682
157351783679609	157351814504974	157351782191953
157351800143932	157351831177265	157351794855234
157351827088515	157351847850181	157351826948307
157351878438099	157351897864296	157351878291901
157351896298984	157351914533776	157351896231172
157351908036692	157351931203827	157351907974817
157351927600338	157351947873462	157351927490963
157351946737630	157351964542317	157351946676484
157351966038307	157351997876276	157351965933880
157352010860755	157352031208150	157352010800182
157352023906536	157352047877473	157352023848724
157352037969609	157352064548358	157352037893724
157352088770286	157352114549400	157352088667682
157352105203724	157352131214400	157352105153724
157352127610703	157352147881536	157352127538411
157352138540338	157352164546743	157352138489296
157352162053411	157352181211848	157352162002421
157352176969296	157352197876431	157352176887265
157352253262838	157352281192056	157352253204921
157352405918359	157352431178827	157352405797525
157352457022057	157352481178410	157352456930338
157352491395494	157352514507056	157352491304192
157352508381328	157352531171275	157352508297994
157352535962265	157352564502264	157352535893515
157352557843307	157352581164608	157352557785702
157352580055963	157352597833150	157352579955182
157352602162890	157352631167525	157352602090807
157352623654869	157352647829764	157352623564348
157352676085077	157352697831431	157352675965338
157352699403046	157352731164504	157352699281588
157352717457734	157352747835389	157352706261744
157352733843723	157352764503462	157352732120755
157352777613932	157352797841379	157352777517369
157352791142161	157352814510962	157352791069296
157352814338307	157352831178410	157352814256223
157352833925911	157352864518931	157352833842004
157352850566379	157352881186379	157352848797317
157352869378619	157352897854973	157352869310546
157352894362004	157352914519348	157352894274504
157352909951432	157352931183879	157352909859765
157352924667942	157352947850442	157352924607786
157352966157004	157352997854400	157352966036067
157352984259140	157353014522160	157352981489348
157353003626431	157353031187056	157353003552890
157353035555390	157353064511743	157353035474088
157353092544661	157353114505077	157353092442161
157353105273411	157353131168150	157353105180286
157353117395390	157353147833566	157353112186327
157353134431223	157353164501327	157353128109713
157353150881640	157353181166327	157353143568150
157353167821119	157353197831640	157353156707161
157353210834140	157353231166275	157353210708306
157353226247213	157353247832368	157353226136640
157353244797265	157353264496119	157353244693411
157353275931796	157353297830077	157353275805598
157353329639348	157353347834816	157353329495494
157353347142890	157353364504503	157353347032786
157353380051483	157353397844348	157353379901327
157353398343983	157353414514660	157353398163515
157353436351848	157353464518827	157353436236848
157353463037994	157353481187525	157353462936067
157353489268671	157353514516952	157353489182890
157353507819192	157353531183670	157353507743931
157353528264504	157353547854139	157353528174608
157353553931744	157353581183827	157353553821848
157353600499348	157353631179244	157353600408827
157353638513775	157353664513097	157353638394088
157353654125962	157353681179504	157353654048202
157353695465806	157353714513723	157353695361587
157353726921483	157353747839504	157353726853515
157353764431119	157353781165180	157353764302629
157353997362733	157354014478201	157353997217264
157354013159973	157354031144504	157354013089556
157354027479400	157354047811535	157354027393046
157354075819139	157354097806170	157354075707733
157354099726691	157354131132785	157354099634764
157354117567004	157354147799503	157354102465754
157354342653098	157354364455806	157354342504973
157354791578514	157354814445910	157354791471379
157362667297678	157362698640854	157362667152782
157363161584761	157363182220698	157363161446584
157363206833303	157363232232677	157363206714605
157363265972730	157363282242833	157363265830334
157363492134969	157363515621531	157363491996740
157363722737729	157363748943875	157363722611636
157363947585177	157363965611323	157363947364344
157364182217573	157364198931218	157364182140386
157365278839135	157365299291530	157365278707625
157365565572677	157365582704447	157365565396791
157365614381427	157365632721635	157365614253458
157365664225385	157365682738562	157365664087677
157365894432989	157365916159291	157365894328562
157366341342781	157366366339343	157366341223562
157366756310853	157366783205124	157366756180645
157368313892728	157368333733925	157368313747780
157369628255436	157369650456112	157369628101738
157369851811425	157369883777414	157369851675800
157369904525123	157369933771790	157369904395175
157369931829342	157369950442362	157369931719081
157370164215071	157370183810279	157370163952206

=== poll 1790130669.523520492
16666666
157341573806436	157341595695810	157341573632998
157342499906227	157342529198414	157342499808831
157342962944092	157342979236852	157342962820185
157343432844716	157343462671122	157343432729821
157344280813674	157344312862632	157344280681487
157345808324872	157345829973101	157345808216590
157346339585549	157346363463256	157346339458309
157347400055340	157347430360131	157347399869454
157347635429975	157347663773933	157347635318934
157347668341381	157347697109402	157347668210444
157347704677527	157347730450652	157347704562892
157347722392319	157347747124089	157347722310288
157347762740183	157347780463933	157347762571746
157347792314350	157347813812474	157347792157996
157347803067944	157347830486642	157347802997267
157348081699350	157348113924870	157348081582996
157348330826954	157348347362892	157348330609767
157349698046433	157349714006797	157349697841485
157349744923360	157349764007995	157349744803047
157349769706797	157349797347370	157349769595235
157349784829610	157349814018099	157349771952995
157351709165234	157351731154244	157351709060026
157351732809036	157351764490599	157351732709661
157351750890390	157351781161744	157351746801119
157351767739974	157351797833150	157351762137682
157351783679609	157351814504974	157351782191953
157351800143932	157351831177265	157351794855234
157351827088515	157351847850181	157351826948307
157351878438099	157351897864296	157351878291901
157351896298984	157351914533776	157351896231172
157351908036692	157351931203827	157351907974817
157351927600338	157351947873462	157351927490963
157351946737630	157351964542317	157351946676484
157351966038307	157351997876276	157351965933880
157352010860755	157352031208150	157352010800182
157352023906536	157352047877473	157352023848724
157352037969609	157352064548358	157352037893724
157352088770286	157352114549400	157352088667682
157352105203724	157352131214400	157352105153724
157352127610703	157352147881536	157352127538411
157352138540338	157352164546743	157352138489296
157352162053411	157352181211848	157352162002421
157352176969296	157352197876431	157352176887265
157352253262838	157352281192056	157352253204921
157352405918359	157352431178827	157352405797525
157352457022057	157352481178410	157352456930338
157352491395494	157352514507056	157352491304192
157352508381328	157352531171275	157352508297994
157352535962265	157352564502264	157352535893515
157352557843307	157352581164608	157352557785702
157352580055963	157352597833150	157352579955182
157352602162890	157352631167525	157352602090807
157352623654869	157352647829764	157352623564348
157352676085077	157352697831431	157352675965338
157352699403046	157352731164504	157352699281588
157352717457734	157352747835389	157352706261744
157352733843723	157352764503462	157352732120755
157352777613932	157352797841379	157352777517369
157352791142161	157352814510962	157352791069296
157352814338307	157352831178410	157352814256223
157352833925911	157352864518931	157352833842004
157352850566379	157352881186379	157352848797317
157352869378619	157352897854973	157352869310546
157352894362004	157352914519348	157352894274504
157352909951432	157352931183879	157352909859765
157352924667942	157352947850442	157352924607786
157352966157004	157352997854400	157352966036067
157352984259140	157353014522160	157352981489348
157353003626431	157353031187056	157353003552890
157353035555390	157353064511743	157353035474088
157353092544661	157353114505077	157353092442161
157353105273411	157353131168150	157353105180286
157353117395390	157353147833566	157353112186327
157353134431223	157353164501327	157353128109713
157353150881640	157353181166327	157353143568150
157353167821119	157353197831640	157353156707161
157353210834140	157353231166275	157353210708306
157353226247213	157353247832368	157353226136640
157353244797265	157353264496119	157353244693411
157353275931796	157353297830077	157353275805598
157353329639348	157353347834816	157353329495494
157353347142890	157353364504503	157353347032786
157353380051483	157353397844348	157353379901327
157353398343983	157353414514660	157353398163515
157353436351848	157353464518827	157353436236848
157353463037994	157353481187525	157353462936067
157353489268671	157353514516952	157353489182890
157353507819192	157353531183670	157353507743931
157353528264504	157353547854139	157353528174608
157353553931744	157353581183827	157353553821848
157353600499348	157353631179244	157353600408827
157353638513775	157353664513097	157353638394088
157353654125962	157353681179504	157353654048202
157353695465806	157353714513723	157353695361587
157353726921483	157353747839504	157353726853515
157353764431119	157353781165180	157353764302629
157353997362733	157354014478201	157353997217264
157354013159973	157354031144504	157354013089556
157354027479400	157354047811535	157354027393046
157354075819139	157354097806170	157354075707733
157354099726691	157354131132785	157354099634764
157354117567004	157354147799503	157354102465754
157354342653098	157354364455806	157354342504973
157354791578514	157354814445910	157354791471379
157362667297678	157362698640854	157362667152782
157363161584761	157363182220698	157363161446584
157363206833303	157363232232677	157363206714605
157363265972730	157363282242833	157363265830334
157363492134969	157363515621531	157363491996740
157363722737729	157363748943875	157363722611636
157363947585177	157363965611323	157363947364344
157364182217573	157364198931218	157364182140386
157365278839135	157365299291530	157365278707625
157365565572677	157365582704447	157365565396791
157365614381427	157365632721635	157365614253458
157365664225385	157365682738562	157365664087677
157365894432989	157365916159291	157365894328562
157366341342781	157366366339343	157366341223562
157366756310853	157366783205124	157366756180645
157368313892728	157368333733925	157368313747780
157369628255436	157369650456112	157369628101738
157369851811425	157369883777414	157369851675800
157369904525123	157369933771790	157369904395175
157369931829342	157369950442362	157369931719081
157370164215071	157370183810279	157370163952206
157370637072154	157370667186216	157370636882935
157371080369133	157371100746215	157371080247570

=== poll 1790130671.862805074
16666666
157341573806436	157341595695810	157341573632998
157342499906227	157342529198414	157342499808831
157342962944092	157342979236852	157342962820185
157343432844716	157343462671122	157343432729821
157344280813674	157344312862632	157344280681487
157345808324872	157345829973101	157345808216590
157346339585549	157346363463256	157346339458309
157347400055340	157347430360131	157347399869454
157347635429975	157347663773933	157347635318934
157347668341381	157347697109402	157347668210444
157347704677527	157347730450652	157347704562892
157347722392319	157347747124089	157347722310288
157347762740183	157347780463933	157347762571746
157347792314350	157347813812474	157347792157996
157347803067944	157347830486642	157347802997267
157348081699350	157348113924870	157348081582996
157348330826954	157348347362892	157348330609767
157349698046433	157349714006797	157349697841485
157349744923360	157349764007995	157349744803047
157349769706797	157349797347370	157349769595235
157349784829610	157349814018099	157349771952995
157351709165234	157351731154244	157351709060026
157351732809036	157351764490599	157351732709661
157351750890390	157351781161744	157351746801119
157351767739974	157351797833150	157351762137682
157351783679609	157351814504974	157351782191953
157351800143932	157351831177265	157351794855234
157351827088515	157351847850181	157351826948307
157351878438099	157351897864296	157351878291901
157351896298984	157351914533776	157351896231172
157351908036692	157351931203827	157351907974817
157351927600338	157351947873462	157351927490963
157351946737630	157351964542317	157351946676484
157351966038307	157351997876276	157351965933880
157352010860755	157352031208150	157352010800182
157352023906536	157352047877473	157352023848724
157352037969609	157352064548358	157352037893724
157352088770286	157352114549400	157352088667682
157352105203724	157352131214400	157352105153724
157352127610703	157352147881536	157352127538411
157352138540338	157352164546743	157352138489296
157352162053411	157352181211848	157352162002421
157352176969296	157352197876431	157352176887265
157352253262838	157352281192056	157352253204921
157352405918359	157352431178827	157352405797525
157352457022057	157352481178410	157352456930338
157352491395494	157352514507056	157352491304192
157352508381328	157352531171275	157352508297994
157352535962265	157352564502264	157352535893515
157352557843307	157352581164608	157352557785702
157352580055963	157352597833150	157352579955182
157352602162890	157352631167525	157352602090807
157352623654869	157352647829764	157352623564348
157352676085077	157352697831431	157352675965338
157352699403046	157352731164504	157352699281588
157352717457734	157352747835389	157352706261744
157352733843723	157352764503462	157352732120755
157352777613932	157352797841379	157352777517369
157352791142161	157352814510962	157352791069296
157352814338307	157352831178410	157352814256223
157352833925911	157352864518931	157352833842004
157352850566379	157352881186379	157352848797317
157352869378619	157352897854973	157352869310546
157352894362004	157352914519348	157352894274504
157352909951432	157352931183879	157352909859765
157352924667942	157352947850442	157352924607786
157352966157004	157352997854400	157352966036067
157352984259140	157353014522160	157352981489348
157353003626431	157353031187056	157353003552890
157353035555390	157353064511743	157353035474088
157353092544661	157353114505077	157353092442161
157353105273411	157353131168150	157353105180286
157353117395390	157353147833566	157353112186327
157353134431223	157353164501327	157353128109713
157353150881640	157353181166327	157353143568150
157353167821119	157353197831640	157353156707161
157353210834140	157353231166275	157353210708306
157353226247213	157353247832368	157353226136640
157353244797265	157353264496119	157353244693411
157353275931796	157353297830077	157353275805598
157353329639348	157353347834816	157353329495494
157353347142890	157353364504503	157353347032786
157353380051483	157353397844348	157353379901327
157353398343983	157353414514660	157353398163515
157353436351848	157353464518827	157353436236848
157353463037994	157353481187525	157353462936067
157353489268671	157353514516952	157353489182890
157353507819192	157353531183670	157353507743931
157353528264504	157353547854139	157353528174608
157353553931744	157353581183827	157353553821848
157353600499348	157353631179244	157353600408827
157353638513775	157353664513097	157353638394088
157353654125962	157353681179504	157353654048202
157353695465806	157353714513723	157353695361587
157353726921483	157353747839504	157353726853515
157353764431119	157353781165180	157353764302629
157353997362733	157354014478201	157353997217264
157354013159973	157354031144504	157354013089556
157354027479400	157354047811535	157354027393046
157354075819139	157354097806170	157354075707733
157354099726691	157354131132785	157354099634764
157354117567004	157354147799503	157354102465754
157354342653098	157354364455806	157354342504973
157354791578514	157354814445910	157354791471379
157362667297678	157362698640854	157362667152782
157363161584761	157363182220698	157363161446584
157363206833303	157363232232677	157363206714605
157363265972730	157363282242833	157363265830334
157363492134969	157363515621531	157363491996740
157363722737729	157363748943875	157363722611636
157363947585177	157363965611323	157363947364344
157364182217573	157364198931218	157364182140386
157365278839135	157365299291530	157365278707625
157365565572677	157365582704447	157365565396791
157365614381427	157365632721635	157365614253458
157365664225385	157365682738562	157365664087677
157365894432989	157365916159291	157365894328562
157366341342781	157366366339343	157366341223562
157366756310853	157366783205124	157366756180645
157368313892728	157368333733925	157368313747780
157369628255436	157369650456112	157369628101738
157369851811425	157369883777414	157369851675800
157369904525123	157369933771790	157369904395175
157369931829342	157369950442362	157369931719081
157370164215071	157370183810279	157370163952206
157370637072154	157370667186216	157370636882935
157371080369133	157371100746215	157371080247570

=== poll 1790130674.244526427
16666666
157341573806436	157341595695810	157341573632998
157342499906227	157342529198414	157342499808831
157342962944092	157342979236852	157342962820185
157343432844716	157343462671122	157343432729821
157344280813674	157344312862632	157344280681487
157345808324872	157345829973101	157345808216590
157346339585549	157346363463256	157346339458309
157347400055340	157347430360131	157347399869454
157347635429975	157347663773933	157347635318934
157347668341381	157347697109402	157347668210444
157347704677527	157347730450652	157347704562892
157347722392319	157347747124089	157347722310288
157347762740183	157347780463933	157347762571746
157347792314350	157347813812474	157347792157996
157347803067944	157347830486642	157347802997267
157348081699350	157348113924870	157348081582996
157348330826954	157348347362892	157348330609767
157349698046433	157349714006797	157349697841485
157349744923360	157349764007995	157349744803047
157349769706797	157349797347370	157349769595235
157349784829610	157349814018099	157349771952995
157351709165234	157351731154244	157351709060026
157351732809036	157351764490599	157351732709661
157351750890390	157351781161744	157351746801119
157351767739974	157351797833150	157351762137682
157351783679609	157351814504974	157351782191953
157351800143932	157351831177265	157351794855234
157351827088515	157351847850181	157351826948307
157351878438099	157351897864296	157351878291901
157351896298984	157351914533776	157351896231172
157351908036692	157351931203827	157351907974817
157351927600338	157351947873462	157351927490963
157351946737630	157351964542317	157351946676484
157351966038307	157351997876276	157351965933880
157352010860755	157352031208150	157352010800182
157352023906536	157352047877473	157352023848724
157352037969609	157352064548358	157352037893724
157352088770286	157352114549400	157352088667682
157352105203724	157352131214400	157352105153724
157352127610703	157352147881536	157352127538411
157352138540338	157352164546743	157352138489296
157352162053411	157352181211848	157352162002421
157352176969296	157352197876431	157352176887265
157352253262838	157352281192056	157352253204921
157352405918359	157352431178827	157352405797525
157352457022057	157352481178410	157352456930338
157352491395494	157352514507056	157352491304192
157352508381328	157352531171275	157352508297994
157352535962265	157352564502264	157352535893515
157352557843307	157352581164608	157352557785702
157352580055963	157352597833150	157352579955182
157352602162890	157352631167525	157352602090807
157352623654869	157352647829764	157352623564348
157352676085077	157352697831431	157352675965338
157352699403046	157352731164504	157352699281588
157352717457734	157352747835389	157352706261744
157352733843723	157352764503462	157352732120755
157352777613932	157352797841379	157352777517369
157352791142161	157352814510962	157352791069296
157352814338307	157352831178410	157352814256223
157352833925911	157352864518931	157352833842004
157352850566379	157352881186379	157352848797317
157352869378619	157352897854973	157352869310546
157352894362004	157352914519348	157352894274504
157352909951432	157352931183879	157352909859765
157352924667942	157352947850442	157352924607786
157352966157004	157352997854400	157352966036067
157352984259140	157353014522160	157352981489348
157353003626431	157353031187056	157353003552890
157353035555390	157353064511743	157353035474088
157353092544661	157353114505077	157353092442161
157353105273411	157353131168150	157353105180286
157353117395390	157353147833566	157353112186327
157353134431223	157353164501327	157353128109713
157353150881640	157353181166327	157353143568150
157353167821119	157353197831640	157353156707161
157353210834140	157353231166275	157353210708306
157353226247213	157353247832368	157353226136640
157353244797265	157353264496119	157353244693411
157353275931796	157353297830077	157353275805598
157353329639348	157353347834816	157353329495494
157353347142890	157353364504503	157353347032786
157353380051483	157353397844348	157353379901327
157353398343983	157353414514660	157353398163515
157353436351848	157353464518827	157353436236848
157353463037994	157353481187525	157353462936067
157353489268671	157353514516952	157353489182890
157353507819192	157353531183670	157353507743931
157353528264504	157353547854139	157353528174608
157353553931744	157353581183827	157353553821848
157353600499348	157353631179244	157353600408827
157353638513775	157353664513097	157353638394088
157353654125962	157353681179504	157353654048202
157353695465806	157353714513723	157353695361587
157353726921483	157353747839504	157353726853515
157353764431119	157353781165180	157353764302629
157353997362733	157354014478201	157353997217264
157354013159973	157354031144504	157354013089556
157354027479400	157354047811535	157354027393046
157354075819139	157354097806170	157354075707733
157354099726691	157354131132785	157354099634764
157354117567004	157354147799503	157354102465754
157354342653098	157354364455806	157354342504973
157354791578514	157354814445910	157354791471379
157362667297678	157362698640854	157362667152782
157363161584761	157363182220698	157363161446584
157363206833303	157363232232677	157363206714605
157363265972730	157363282242833	157363265830334
157363492134969	157363515621531	157363491996740
157363722737729	157363748943875	157363722611636
157363947585177	157363965611323	157363947364344
157364182217573	157364198931218	157364182140386
157365278839135	157365299291530	157365278707625
157365565572677	157365582704447	157365565396791
157365614381427	157365632721635	157365614253458
157365664225385	157365682738562	157365664087677
157365894432989	157365916159291	157365894328562
157366341342781	157366366339343	157366341223562
157366756310853	157366783205124	157366756180645
157368313892728	157368333733925	157368313747780
157369628255436	157369650456112	157369628101738
157369851811425	157369883777414	157369851675800
157369904525123	157369933771790	157369904395175
157369931829342	157369950442362	157369931719081
157370164215071	157370183810279	157370163952206
157370637072154	157370667186216	157370636882935
157371080369133	157371100746215	157371080247570

=== poll 1790130676.643867520
16666666
157347400055340	157347430360131	157347399869454
157347635429975	157347663773933	157347635318934
157347668341381	157347697109402	157347668210444
157347704677527	157347730450652	157347704562892
157347722392319	157347747124089	157347722310288
157347762740183	157347780463933	157347762571746
157347792314350	157347813812474	157347792157996
157347803067944	157347830486642	157347802997267
157348081699350	157348113924870	157348081582996
157348330826954	157348347362892	157348330609767
157349698046433	157349714006797	157349697841485
157349744923360	157349764007995	157349744803047
157349769706797	157349797347370	157349769595235
157349784829610	157349814018099	157349771952995
157351709165234	157351731154244	157351709060026
157351732809036	157351764490599	157351732709661
157351750890390	157351781161744	157351746801119
157351767739974	157351797833150	157351762137682
157351783679609	157351814504974	157351782191953
157351800143932	157351831177265	157351794855234
157351827088515	157351847850181	157351826948307
157351878438099	157351897864296	157351878291901
157351896298984	157351914533776	157351896231172
157351908036692	157351931203827	157351907974817
157351927600338	157351947873462	157351927490963
157351946737630	157351964542317	157351946676484
157351966038307	157351997876276	157351965933880
157352010860755	157352031208150	157352010800182
157352023906536	157352047877473	157352023848724
157352037969609	157352064548358	157352037893724
157352088770286	157352114549400	157352088667682
157352105203724	157352131214400	157352105153724
157352127610703	157352147881536	157352127538411
157352138540338	157352164546743	157352138489296
157352162053411	157352181211848	157352162002421
157352176969296	157352197876431	157352176887265
157352253262838	157352281192056	157352253204921
157352405918359	157352431178827	157352405797525
157352457022057	157352481178410	157352456930338
157352491395494	157352514507056	157352491304192
157352508381328	157352531171275	157352508297994
157352535962265	157352564502264	157352535893515
157352557843307	157352581164608	157352557785702
157352580055963	157352597833150	157352579955182
157352602162890	157352631167525	157352602090807
157352623654869	157352647829764	157352623564348
157352676085077	157352697831431	157352675965338
157352699403046	157352731164504	157352699281588
157352717457734	157352747835389	157352706261744
157352733843723	157352764503462	157352732120755
157352777613932	157352797841379	157352777517369
157352791142161	157352814510962	157352791069296
157352814338307	157352831178410	157352814256223
157352833925911	157352864518931	157352833842004
157352850566379	157352881186379	157352848797317
157352869378619	157352897854973	157352869310546
157352894362004	157352914519348	157352894274504
157352909951432	157352931183879	157352909859765
157352924667942	157352947850442	157352924607786
157352966157004	157352997854400	157352966036067
157352984259140	157353014522160	157352981489348
157353003626431	157353031187056	157353003552890
157353035555390	157353064511743	157353035474088
157353092544661	157353114505077	157353092442161
157353105273411	157353131168150	157353105180286
157353117395390	157353147833566	157353112186327
157353134431223	157353164501327	157353128109713
157353150881640	157353181166327	157353143568150
157353167821119	157353197831640	157353156707161
157353210834140	157353231166275	157353210708306
157353226247213	157353247832368	157353226136640
157353244797265	157353264496119	157353244693411
157353275931796	157353297830077	157353275805598
157353329639348	157353347834816	157353329495494
157353347142890	157353364504503	157353347032786
157353380051483	157353397844348	157353379901327
157353398343983	157353414514660	157353398163515
157353436351848	157353464518827	157353436236848
157353463037994	157353481187525	157353462936067
157353489268671	157353514516952	157353489182890
157353507819192	157353531183670	157353507743931
157353528264504	157353547854139	157353528174608
157353553931744	157353581183827	157353553821848
157353600499348	157353631179244	157353600408827
157353638513775	157353664513097	157353638394088
157353654125962	157353681179504	157353654048202
157353695465806	157353714513723	157353695361587
157353726921483	157353747839504	157353726853515
157353764431119	157353781165180	157353764302629
157353997362733	157354014478201	157353997217264
157354013159973	157354031144504	157354013089556
157354027479400	157354047811535	157354027393046
157354075819139	157354097806170	157354075707733
157354099726691	157354131132785	157354099634764
157354117567004	157354147799503	157354102465754
157354342653098	157354364455806	157354342504973
157354791578514	157354814445910	157354791471379
157362667297678	157362698640854	157362667152782
157363161584761	157363182220698	157363161446584
157363206833303	157363232232677	157363206714605
157363265972730	157363282242833	157363265830334
157363492134969	157363515621531	157363491996740
157363722737729	157363748943875	157363722611636
157363947585177	157363965611323	157363947364344
157364182217573	157364198931218	157364182140386
157365278839135	157365299291530	157365278707625
157365565572677	157365582704447	157365565396791
157365614381427	157365632721635	157365614253458
157365664225385	157365682738562	157365664087677
157365894432989	157365916159291	157365894328562
157366341342781	157366366339343	157366341223562
157366756310853	157366783205124	157366756180645
157368313892728	157368333733925	157368313747780
157369628255436	157369650456112	157369628101738
157369851811425	157369883777414	157369851675800
157369904525123	157369933771790	157369904395175
157369931829342	157369950442362	157369931719081
157370164215071	157370183810279	157370163952206
157370637072154	157370667186216	157370636882935
157371080369133	157371100746215	157371080247570
157377703980016	157377735823922	157377703830693
157378143200328	157378169148609	157378143085745
157378174939599	157378202484598	157378174816995
157378224519182	157378252481995	157378224399443
157378442177828	157378469173609	157378442031526
157378659084963	157378685912515	157378658984703
157379084967099	157379102672932	157379084788192

=== poll 1790130679.015611686
16666666
157347668341381	157347697109402	157347668210444
157347704677527	157347730450652	157347704562892
157347722392319	157347747124089	157347722310288
157347762740183	157347780463933	157347762571746
157347792314350	157347813812474	157347792157996
157347803067944	157347830486642	157347802997267
157348081699350	157348113924870	157348081582996
157348330826954	157348347362892	157348330609767
157349698046433	157349714006797	157349697841485
157349744923360	157349764007995	157349744803047
157349769706797	157349797347370	157349769595235
157349784829610	157349814018099	157349771952995
157351709165234	157351731154244	157351709060026
157351732809036	157351764490599	157351732709661
157351750890390	157351781161744	157351746801119
157351767739974	157351797833150	157351762137682
157351783679609	157351814504974	157351782191953
157351800143932	157351831177265	157351794855234
157351827088515	157351847850181	157351826948307
157351878438099	157351897864296	157351878291901
157351896298984	157351914533776	157351896231172
157351908036692	157351931203827	157351907974817
157351927600338	157351947873462	157351927490963
157351946737630	157351964542317	157351946676484
157351966038307	157351997876276	157351965933880
157352010860755	157352031208150	157352010800182
157352023906536	157352047877473	157352023848724
157352037969609	157352064548358	157352037893724
157352088770286	157352114549400	157352088667682
157352105203724	157352131214400	157352105153724
157352127610703	157352147881536	157352127538411
157352138540338	157352164546743	157352138489296
157352162053411	157352181211848	157352162002421
157352176969296	157352197876431	157352176887265
157352253262838	157352281192056	157352253204921
157352405918359	157352431178827	157352405797525
157352457022057	157352481178410	157352456930338
157352491395494	157352514507056	157352491304192
157352508381328	157352531171275	157352508297994
157352535962265	157352564502264	157352535893515
157352557843307	157352581164608	157352557785702
157352580055963	157352597833150	157352579955182
157352602162890	157352631167525	157352602090807
157352623654869	157352647829764	157352623564348
157352676085077	157352697831431	157352675965338
157352699403046	157352731164504	157352699281588
157352717457734	157352747835389	157352706261744
157352733843723	157352764503462	157352732120755
157352777613932	157352797841379	157352777517369
157352791142161	157352814510962	157352791069296
157352814338307	157352831178410	157352814256223
157352833925911	157352864518931	157352833842004
157352850566379	157352881186379	157352848797317
157352869378619	157352897854973	157352869310546
157352894362004	157352914519348	157352894274504
157352909951432	157352931183879	157352909859765
157352924667942	157352947850442	157352924607786
157352966157004	157352997854400	157352966036067
157352984259140	157353014522160	157352981489348
157353003626431	157353031187056	157353003552890
157353035555390	157353064511743	157353035474088
157353092544661	157353114505077	157353092442161
157353105273411	157353131168150	157353105180286
157353117395390	157353147833566	157353112186327
157353134431223	157353164501327	157353128109713
157353150881640	157353181166327	157353143568150
157353167821119	157353197831640	157353156707161
157353210834140	157353231166275	157353210708306
157353226247213	157353247832368	157353226136640
157353244797265	157353264496119	157353244693411
157353275931796	157353297830077	157353275805598
157353329639348	157353347834816	157353329495494
157353347142890	157353364504503	157353347032786
157353380051483	157353397844348	157353379901327
157353398343983	157353414514660	157353398163515
157353436351848	157353464518827	157353436236848
157353463037994	157353481187525	157353462936067
157353489268671	157353514516952	157353489182890
157353507819192	157353531183670	157353507743931
157353528264504	157353547854139	157353528174608
157353553931744	157353581183827	157353553821848
157353600499348	157353631179244	157353600408827
157353638513775	157353664513097	157353638394088
157353654125962	157353681179504	157353654048202
157353695465806	157353714513723	157353695361587
157353726921483	157353747839504	157353726853515
157353764431119	157353781165180	157353764302629
157353997362733	157354014478201	157353997217264
157354013159973	157354031144504	157354013089556
157354027479400	157354047811535	157354027393046
157354075819139	157354097806170	157354075707733
157354099726691	157354131132785	157354099634764
157354117567004	157354147799503	157354102465754
157354342653098	157354364455806	157354342504973
157354791578514	157354814445910	157354791471379
157362667297678	157362698640854	157362667152782
157363161584761	157363182220698	157363161446584
157363206833303	157363232232677	157363206714605
157363265972730	157363282242833	157363265830334
157363492134969	157363515621531	157363491996740
157363722737729	157363748943875	157363722611636
157363947585177	157363965611323	157363947364344
157364182217573	157364198931218	157364182140386
157365278839135	157365299291530	157365278707625
157365565572677	157365582704447	157365565396791
157365614381427	157365632721635	157365614253458
157365664225385	157365682738562	157365664087677
157365894432989	157365916159291	157365894328562
157366341342781	157366366339343	157366341223562
157366756310853	157366783205124	157366756180645
157368313892728	157368333733925	157368313747780
157369628255436	157369650456112	157369628101738
157369851811425	157369883777414	157369851675800
157369904525123	157369933771790	157369904395175
157369931829342	157369950442362	157369931719081
157370164215071	157370183810279	157370163952206
157370637072154	157370667186216	157370636882935
157371080369133	157371100746215	157371080247570
157377703980016	157377735823922	157377703830693
157378143200328	157378169148609	157378143085745
157378174939599	157378202484598	157378174816995
157378224519182	157378252481995	157378224399443
157378442177828	157378469173609	157378442031526
157378659084963	157378685912515	157378658984703
157379084967099	157379102672932	157379084788192
157380681823713	157380703029910	157380681707619
157381118899494	157381136388451	157381118796421

=== poll 1790130681.382808560
16666666
157349744923360	157349764007995	157349744803047
157349769706797	157349797347370	157349769595235
157349784829610	157349814018099	157349771952995
157351709165234	157351731154244	157351709060026
157351732809036	157351764490599	157351732709661
157351750890390	157351781161744	157351746801119
157351767739974	157351797833150	157351762137682
157351783679609	157351814504974	157351782191953
157351800143932	157351831177265	157351794855234
157351827088515	157351847850181	157351826948307
157351878438099	157351897864296	157351878291901
157351896298984	157351914533776	157351896231172
157351908036692	157351931203827	157351907974817
157351927600338	157351947873462	157351927490963
157351946737630	157351964542317	157351946676484
157351966038307	157351997876276	157351965933880
157352010860755	157352031208150	157352010800182
157352023906536	157352047877473	157352023848724
157352037969609	157352064548358	157352037893724
157352088770286	157352114549400	157352088667682
157352105203724	157352131214400	157352105153724
157352127610703	157352147881536	157352127538411
157352138540338	157352164546743	157352138489296
157352162053411	157352181211848	157352162002421
157352176969296	157352197876431	157352176887265
157352253262838	157352281192056	157352253204921
157352405918359	157352431178827	157352405797525
157352457022057	157352481178410	157352456930338
157352491395494	157352514507056	157352491304192
157352508381328	157352531171275	157352508297994
157352535962265	157352564502264	157352535893515
157352557843307	157352581164608	157352557785702
157352580055963	157352597833150	157352579955182
157352602162890	157352631167525	157352602090807
157352623654869	157352647829764	157352623564348
157352676085077	157352697831431	157352675965338
157352699403046	157352731164504	157352699281588
157352717457734	157352747835389	157352706261744
157352733843723	157352764503462	157352732120755
157352777613932	157352797841379	157352777517369
157352791142161	157352814510962	157352791069296
157352814338307	157352831178410	157352814256223
157352833925911	157352864518931	157352833842004
157352850566379	157352881186379	157352848797317
157352869378619	157352897854973	157352869310546
157352894362004	157352914519348	157352894274504
157352909951432	157352931183879	157352909859765
157352924667942	157352947850442	157352924607786
157352966157004	157352997854400	157352966036067
157352984259140	157353014522160	157352981489348
157353003626431	157353031187056	157353003552890
157353035555390	157353064511743	157353035474088
157353092544661	157353114505077	157353092442161
157353105273411	157353131168150	157353105180286
157353117395390	157353147833566	157353112186327
157353134431223	157353164501327	157353128109713
157353150881640	157353181166327	157353143568150
157353167821119	157353197831640	157353156707161
157353210834140	157353231166275	157353210708306
157353226247213	157353247832368	157353226136640
157353244797265	157353264496119	157353244693411
157353275931796	157353297830077	157353275805598
157353329639348	157353347834816	157353329495494
157353347142890	157353364504503	157353347032786
157353380051483	157353397844348	157353379901327
157353398343983	157353414514660	157353398163515
157353436351848	157353464518827	157353436236848
157353463037994	157353481187525	157353462936067
157353489268671	157353514516952	157353489182890
157353507819192	157353531183670	157353507743931
157353528264504	157353547854139	157353528174608
157353553931744	157353581183827	157353553821848
157353600499348	157353631179244	157353600408827
157353638513775	157353664513097	157353638394088
157353654125962	157353681179504	157353654048202
157353695465806	157353714513723	157353695361587
157353726921483	157353747839504	157353726853515
157353764431119	157353781165180	157353764302629
157353997362733	157354014478201	157353997217264
157354013159973	157354031144504	157354013089556
157354027479400	157354047811535	157354027393046
157354075819139	157354097806170	157354075707733
157354099726691	157354131132785	157354099634764
157354117567004	157354147799503	157354102465754
157354342653098	157354364455806	157354342504973
157354791578514	157354814445910	157354791471379
157362667297678	157362698640854	157362667152782
157363161584761	157363182220698	157363161446584
157363206833303	157363232232677	157363206714605
157363265972730	157363282242833	157363265830334
157363492134969	157363515621531	157363491996740
157363722737729	157363748943875	157363722611636
157363947585177	157363965611323	157363947364344
157364182217573	157364198931218	157364182140386
157365278839135	157365299291530	157365278707625
157365565572677	157365582704447	157365565396791
157365614381427	157365632721635	157365614253458
157365664225385	157365682738562	157365664087677
157365894432989	157365916159291	157365894328562
157366341342781	157366366339343	157366341223562
157366756310853	157366783205124	157366756180645
157368313892728	157368333733925	157368313747780
157369628255436	157369650456112	157369628101738
157369851811425	157369883777414	157369851675800
157369904525123	157369933771790	157369904395175
157369931829342	157369950442362	157369931719081
157370164215071	157370183810279	157370163952206
157370637072154	157370667186216	157370636882935
157371080369133	157371100746215	157371080247570
157377703980016	157377735823922	157377703830693
157378143200328	157378169148609	157378143085745
157378174939599	157378202484598	157378174816995
157378224519182	157378252481995	157378224399443
157378442177828	157378469173609	157378442031526
157378659084963	157378685912515	157378658984703
157379084967099	157379102672932	157379084788192
157380681823713	157380703029910	157380681707619
157381118899494	157381136388451	157381118796421
157382283616524	157382303126003	157382283331993
157382570842983	157382603151941	157382570713035
157382803545847	157382819795013	157382803414545
157382849236264	157382869785326	157382849109545
157382884626472	157382903118815	157382884518243
157382934219753	157382953122461	157382934098608
157383154186420	157383186480482	157383153980326
157383648484441	157383669799805	157383648337149
157384178256784	157384203180377	157384178172670

=== poll 1790130683.755703820
16666666
157351709165234	157351731154244	157351709060026
157351732809036	157351764490599	157351732709661
157351750890390	157351781161744	157351746801119
157351767739974	157351797833150	157351762137682
157351783679609	157351814504974	157351782191953
157351800143932	157351831177265	157351794855234
157351827088515	157351847850181	157351826948307
157351878438099	157351897864296	157351878291901
157351896298984	157351914533776	157351896231172
157351908036692	157351931203827	157351907974817
157351927600338	157351947873462	157351927490963
157351946737630	157351964542317	157351946676484
157351966038307	157351997876276	157351965933880
157352010860755	157352031208150	157352010800182
157352023906536	157352047877473	157352023848724
157352037969609	157352064548358	157352037893724
157352088770286	157352114549400	157352088667682
157352105203724	157352131214400	157352105153724
157352127610703	157352147881536	157352127538411
157352138540338	157352164546743	157352138489296
157352162053411	157352181211848	157352162002421
157352176969296	157352197876431	157352176887265
157352253262838	157352281192056	157352253204921
157352405918359	157352431178827	157352405797525
157352457022057	157352481178410	157352456930338
157352491395494	157352514507056	157352491304192
157352508381328	157352531171275	157352508297994
157352535962265	157352564502264	157352535893515
157352557843307	157352581164608	157352557785702
157352580055963	157352597833150	157352579955182
157352602162890	157352631167525	157352602090807
157352623654869	157352647829764	157352623564348
157352676085077	157352697831431	157352675965338
157352699403046	157352731164504	157352699281588
157352717457734	157352747835389	157352706261744
157352733843723	157352764503462	157352732120755
157352777613932	157352797841379	157352777517369
157352791142161	157352814510962	157352791069296
157352814338307	157352831178410	157352814256223
157352833925911	157352864518931	157352833842004
157352850566379	157352881186379	157352848797317
157352869378619	157352897854973	157352869310546
157352894362004	157352914519348	157352894274504
157352909951432	157352931183879	157352909859765
157352924667942	157352947850442	157352924607786
157352966157004	157352997854400	157352966036067
157352984259140	157353014522160	157352981489348
157353003626431	157353031187056	157353003552890
157353035555390	157353064511743	157353035474088
157353092544661	157353114505077	157353092442161
157353105273411	157353131168150	157353105180286
157353117395390	157353147833566	157353112186327
157353134431223	157353164501327	157353128109713
157353150881640	157353181166327	157353143568150
157353167821119	157353197831640	157353156707161
157353210834140	157353231166275	157353210708306
157353226247213	157353247832368	157353226136640
157353244797265	157353264496119	157353244693411
157353275931796	157353297830077	157353275805598
157353329639348	157353347834816	157353329495494
157353347142890	157353364504503	157353347032786
157353380051483	157353397844348	157353379901327
157353398343983	157353414514660	157353398163515
157353436351848	157353464518827	157353436236848
157353463037994	157353481187525	157353462936067
157353489268671	157353514516952	157353489182890
157353507819192	157353531183670	157353507743931
157353528264504	157353547854139	157353528174608
157353553931744	157353581183827	157353553821848
157353600499348	157353631179244	157353600408827
157353638513775	157353664513097	157353638394088
157353654125962	157353681179504	157353654048202
157353695465806	157353714513723	157353695361587
157353726921483	157353747839504	157353726853515
157353764431119	157353781165180	157353764302629
157353997362733	157354014478201	157353997217264
157354013159973	157354031144504	157354013089556
157354027479400	157354047811535	157354027393046
157354075819139	157354097806170	157354075707733
157354099726691	157354131132785	157354099634764
157354117567004	157354147799503	157354102465754
157354342653098	157354364455806	157354342504973
157354791578514	157354814445910	157354791471379
157362667297678	157362698640854	157362667152782
157363161584761	157363182220698	157363161446584
157363206833303	157363232232677	157363206714605
157363265972730	157363282242833	157363265830334
157363492134969	157363515621531	157363491996740
157363722737729	157363748943875	157363722611636
157363947585177	157363965611323	157363947364344
157364182217573	157364198931218	157364182140386
157365278839135	157365299291530	157365278707625
157365565572677	157365582704447	157365565396791
157365614381427	157365632721635	157365614253458
157365664225385	157365682738562	157365664087677
157365894432989	157365916159291	157365894328562
157366341342781	157366366339343	157366341223562
157366756310853	157366783205124	157366756180645
157368313892728	157368333733925	157368313747780
157369628255436	157369650456112	157369628101738
157369851811425	157369883777414	157369851675800
157369904525123	157369933771790	157369904395175
157369931829342	157369950442362	157369931719081
157370164215071	157370183810279	157370163952206
157370637072154	157370667186216	157370636882935
157371080369133	157371100746215	157371080247570
157377703980016	157377735823922	157377703830693
157378143200328	157378169148609	157378143085745
157378174939599	157378202484598	157378174816995
157378224519182	157378252481995	157378224399443
157378442177828	157378469173609	157378442031526
157378659084963	157378685912515	157378658984703
157379084967099	157379102672932	157379084788192
157380681823713	157380703029910	157380681707619
157381118899494	157381136388451	157381118796421
157382283616524	157382303126003	157382283331993
157382570842983	157382603151941	157382570713035
157382803545847	157382819795013	157382803414545
157382849236264	157382869785326	157382849109545
157382884626472	157382903118815	157382884518243
157382934219753	157382953122461	157382934098608
157383154186420	157383186480482	157383153980326
157383648484441	157383669799805	157383648337149
157384178256784	157384203180377	157384178172670
157384698388190	157384719988398	157384698253919
157385169011888	157385186789075	157385168858034
157385671590950	157385703614491	157385671480690

=== poll 1790130686.146268610
16666666
157351878438099	157351897864296	157351878291901
157351896298984	157351914533776	157351896231172
157351908036692	157351931203827	157351907974817
157351927600338	157351947873462	157351927490963
157351946737630	157351964542317	157351946676484
157351966038307	157351997876276	157351965933880
157352010860755	157352031208150	157352010800182
157352023906536	157352047877473	157352023848724
157352037969609	157352064548358	157352037893724
157352088770286	157352114549400	157352088667682
157352105203724	157352131214400	157352105153724
157352127610703	157352147881536	157352127538411
157352138540338	157352164546743	157352138489296
157352162053411	157352181211848	157352162002421
157352176969296	157352197876431	157352176887265
157352253262838	157352281192056	157352253204921
157352405918359	157352431178827	157352405797525
157352457022057	157352481178410	157352456930338
157352491395494	157352514507056	157352491304192
157352508381328	157352531171275	157352508297994
157352535962265	157352564502264	157352535893515
157352557843307	157352581164608	157352557785702
157352580055963	157352597833150	157352579955182
157352602162890	157352631167525	157352602090807
157352623654869	157352647829764	157352623564348
157352676085077	157352697831431	157352675965338
157352699403046	157352731164504	157352699281588
157352717457734	157352747835389	157352706261744
157352733843723	157352764503462	157352732120755
157352777613932	157352797841379	157352777517369
157352791142161	157352814510962	157352791069296
157352814338307	157352831178410	157352814256223
157352833925911	157352864518931	157352833842004
157352850566379	157352881186379	157352848797317
157352869378619	157352897854973	157352869310546
157352894362004	157352914519348	157352894274504
157352909951432	157352931183879	157352909859765
157352924667942	157352947850442	157352924607786
157352966157004	157352997854400	157352966036067
157352984259140	157353014522160	157352981489348
157353003626431	157353031187056	157353003552890
157353035555390	157353064511743	157353035474088
157353092544661	157353114505077	157353092442161
157353105273411	157353131168150	157353105180286
157353117395390	157353147833566	157353112186327
157353134431223	157353164501327	157353128109713
157353150881640	157353181166327	157353143568150
157353167821119	157353197831640	157353156707161
157353210834140	157353231166275	157353210708306
157353226247213	157353247832368	157353226136640
157353244797265	157353264496119	157353244693411
157353275931796	157353297830077	157353275805598
157353329639348	157353347834816	157353329495494
157353347142890	157353364504503	157353347032786
157353380051483	157353397844348	157353379901327
157353398343983	157353414514660	157353398163515
157353436351848	157353464518827	157353436236848
157353463037994	157353481187525	157353462936067
157353489268671	157353514516952	157353489182890
157353507819192	157353531183670	157353507743931
157353528264504	157353547854139	157353528174608
157353553931744	157353581183827	157353553821848
157353600499348	157353631179244	157353600408827
157353638513775	157353664513097	157353638394088
157353654125962	157353681179504	157353654048202
157353695465806	157353714513723	157353695361587
157353726921483	157353747839504	157353726853515
157353764431119	157353781165180	157353764302629
157353997362733	157354014478201	157353997217264
157354013159973	157354031144504	157354013089556
157354027479400	157354047811535	157354027393046
157354075819139	157354097806170	157354075707733
157354099726691	157354131132785	157354099634764
157354117567004	157354147799503	157354102465754
157354342653098	157354364455806	157354342504973
157354791578514	157354814445910	157354791471379
157362667297678	157362698640854	157362667152782
157363161584761	157363182220698	157363161446584
157363206833303	157363232232677	157363206714605
157363265972730	157363282242833	157363265830334
157363492134969	157363515621531	157363491996740
157363722737729	157363748943875	157363722611636
157363947585177	157363965611323	157363947364344
157364182217573	157364198931218	157364182140386
157365278839135	157365299291530	157365278707625
157365565572677	157365582704447	157365565396791
157365614381427	157365632721635	157365614253458
157365664225385	157365682738562	157365664087677
157365894432989	157365916159291	157365894328562
157366341342781	157366366339343	157366341223562
157366756310853	157366783205124	157366756180645
157368313892728	157368333733925	157368313747780
157369628255436	157369650456112	157369628101738
157369851811425	157369883777414	157369851675800
157369904525123	157369933771790	157369904395175
157369931829342	157369950442362	157369931719081
157370164215071	157370183810279	157370163952206
157370637072154	157370667186216	157370636882935
157371080369133	157371100746215	157371080247570
157377703980016	157377735823922	157377703830693
157378143200328	157378169148609	157378143085745
157378174939599	157378202484598	157378174816995
157378224519182	157378252481995	157378224399443
157378442177828	157378469173609	157378442031526
157378659084963	157378685912515	157378658984703
157379084967099	157379102672932	157379084788192
157380681823713	157380703029910	157380681707619
157381118899494	157381136388451	157381118796421
157382283616524	157382303126003	157382283331993
157382570842983	157382603151941	157382570713035
157382803545847	157382819795013	157382803414545
157382849236264	157382869785326	157382849109545
157382884626472	157382903118815	157382884518243
157382934219753	157382953122461	157382934098608
157383154186420	157383186480482	157383153980326
157383648484441	157383669799805	157383648337149
157384178256784	157384203180377	157384178172670
157384698388190	157384719988398	157384698253919
157385169011888	157385186789075	157385168858034
157385671590950	157385703614491	157385671480690
157387191903762	157387221031001	157387191793398
157387418452460	157387437775845	157387418316262
157387471476835	157387487804804	157387471353814
157387718461210	157387737868709	157387718343970
157387726661314	157387754538970	157387726585585
157388256677668	157388287998241	157388256586522
157388698646157	157388721332146	157388698507616

=== poll 1790130688.513720224
16666666
157351908036692	157351931203827	157351907974817
157351927600338	157351947873462	157351927490963
157351946737630	157351964542317	157351946676484
157351966038307	157351997876276	157351965933880
157352010860755	157352031208150	157352010800182
157352023906536	157352047877473	157352023848724
157352037969609	157352064548358	157352037893724
157352088770286	157352114549400	157352088667682
157352105203724	157352131214400	157352105153724
157352127610703	157352147881536	157352127538411
157352138540338	157352164546743	157352138489296
157352162053411	157352181211848	157352162002421
157352176969296	157352197876431	157352176887265
157352253262838	157352281192056	157352253204921
157352405918359	157352431178827	157352405797525
157352457022057	157352481178410	157352456930338
157352491395494	157352514507056	157352491304192
157352508381328	157352531171275	157352508297994
157352535962265	157352564502264	157352535893515
157352557843307	157352581164608	157352557785702
157352580055963	157352597833150	157352579955182
157352602162890	157352631167525	157352602090807
157352623654869	157352647829764	157352623564348
157352676085077	157352697831431	157352675965338
157352699403046	157352731164504	157352699281588
157352717457734	157352747835389	157352706261744
157352733843723	157352764503462	157352732120755
157352777613932	157352797841379	157352777517369
157352791142161	157352814510962	157352791069296
157352814338307	157352831178410	157352814256223
157352833925911	157352864518931	157352833842004
157352850566379	157352881186379	157352848797317
157352869378619	157352897854973	157352869310546
157352894362004	157352914519348	157352894274504
157352909951432	157352931183879	157352909859765
157352924667942	157352947850442	157352924607786
157352966157004	157352997854400	157352966036067
157352984259140	157353014522160	157352981489348
157353003626431	157353031187056	157353003552890
157353035555390	157353064511743	157353035474088
157353092544661	157353114505077	157353092442161
157353105273411	157353131168150	157353105180286
157353117395390	157353147833566	157353112186327
157353134431223	157353164501327	157353128109713
157353150881640	157353181166327	157353143568150
157353167821119	157353197831640	157353156707161
157353210834140	157353231166275	157353210708306
157353226247213	157353247832368	157353226136640
157353244797265	157353264496119	157353244693411
157353275931796	157353297830077	157353275805598
157353329639348	157353347834816	157353329495494
157353347142890	157353364504503	157353347032786
157353380051483	157353397844348	157353379901327
157353398343983	157353414514660	157353398163515
157353436351848	157353464518827	157353436236848
157353463037994	157353481187525	157353462936067
157353489268671	157353514516952	157353489182890
157353507819192	157353531183670	157353507743931
157353528264504	157353547854139	157353528174608
157353553931744	157353581183827	157353553821848
157353600499348	157353631179244	157353600408827
157353638513775	157353664513097	157353638394088
157353654125962	157353681179504	157353654048202
157353695465806	157353714513723	157353695361587
157353726921483	157353747839504	157353726853515
157353764431119	157353781165180	157353764302629
157353997362733	157354014478201	157353997217264
157354013159973	157354031144504	157354013089556
157354027479400	157354047811535	157354027393046
157354075819139	157354097806170	157354075707733
157354099726691	157354131132785	157354099634764
157354117567004	157354147799503	157354102465754
157354342653098	157354364455806	157354342504973
157354791578514	157354814445910	157354791471379
157362667297678	157362698640854	157362667152782
157363161584761	157363182220698	157363161446584
157363206833303	157363232232677	157363206714605
157363265972730	157363282242833	157363265830334
157363492134969	157363515621531	157363491996740
157363722737729	157363748943875	157363722611636
157363947585177	157363965611323	157363947364344
157364182217573	157364198931218	157364182140386
157365278839135	157365299291530	157365278707625
157365565572677	157365582704447	157365565396791
157365614381427	157365632721635	157365614253458
157365664225385	157365682738562	157365664087677
157365894432989	157365916159291	157365894328562
157366341342781	157366366339343	157366341223562
157366756310853	157366783205124	157366756180645
157368313892728	157368333733925	157368313747780
157369628255436	157369650456112	157369628101738
157369851811425	157369883777414	157369851675800
157369904525123	157369933771790	157369904395175
157369931829342	157369950442362	157369931719081
157370164215071	157370183810279	157370163952206
157370637072154	157370667186216	157370636882935
157371080369133	157371100746215	157371080247570
157377703980016	157377735823922	157377703830693
157378143200328	157378169148609	157378143085745
157378174939599	157378202484598	157378174816995
157378224519182	157378252481995	157378224399443
157378442177828	157378469173609	157378442031526
157378659084963	157378685912515	157378658984703
157379084967099	157379102672932	157379084788192
157380681823713	157380703029910	157380681707619
157381118899494	157381136388451	157381118796421
157382283616524	157382303126003	157382283331993
157382570842983	157382603151941	157382570713035
157382803545847	157382819795013	157382803414545
157382849236264	157382869785326	157382849109545
157382884626472	157382903118815	157382884518243
157382934219753	157382953122461	157382934098608
157383154186420	157383186480482	157383153980326
157383648484441	157383669799805	157383648337149
157384178256784	157384203180377	157384178172670
157384698388190	157384719988398	157384698253919
157385169011888	157385186789075	157385168858034
157385671590950	157385703614491	157385671480690
157387191903762	157387221031001	157387191793398
157387418452460	157387437775845	157387418316262
157387471476835	157387487804804	157387471353814
157387718461210	157387737868709	157387718343970
157387726661314	157387754538970	157387726585585
157388256677668	157388287998241	157388256586522
157388698646157	157388721332146	157388698507616
157389411296730	157389438116782	157389411170220
157390024724386	157390054681677	157390024603397

=== poll 1790130690.853272515
16666666
157351966038307	157351997876276	157351965933880
157352010860755	157352031208150	157352010800182
157352023906536	157352047877473	157352023848724
157352037969609	157352064548358	157352037893724
157352088770286	157352114549400	157352088667682
157352105203724	157352131214400	157352105153724
157352127610703	157352147881536	157352127538411
157352138540338	157352164546743	157352138489296
157352162053411	157352181211848	157352162002421
157352176969296	157352197876431	157352176887265
157352253262838	157352281192056	157352253204921
157352405918359	157352431178827	157352405797525
157352457022057	157352481178410	157352456930338
157352491395494	157352514507056	157352491304192
157352508381328	157352531171275	157352508297994
157352535962265	157352564502264	157352535893515
157352557843307	157352581164608	157352557785702
157352580055963	157352597833150	157352579955182
157352602162890	157352631167525	157352602090807
157352623654869	157352647829764	157352623564348
157352676085077	157352697831431	157352675965338
157352699403046	157352731164504	157352699281588
157352717457734	157352747835389	157352706261744
157352733843723	157352764503462	157352732120755
157352777613932	157352797841379	157352777517369
157352791142161	157352814510962	157352791069296
157352814338307	157352831178410	157352814256223
157352833925911	157352864518931	157352833842004
157352850566379	157352881186379	157352848797317
157352869378619	157352897854973	157352869310546
157352894362004	157352914519348	157352894274504
157352909951432	157352931183879	157352909859765
157352924667942	157352947850442	157352924607786
157352966157004	157352997854400	157352966036067
157352984259140	157353014522160	157352981489348
157353003626431	157353031187056	157353003552890
157353035555390	157353064511743	157353035474088
157353092544661	157353114505077	157353092442161
157353105273411	157353131168150	157353105180286
157353117395390	157353147833566	157353112186327
157353134431223	157353164501327	157353128109713
157353150881640	157353181166327	157353143568150
157353167821119	157353197831640	157353156707161
157353210834140	157353231166275	157353210708306
157353226247213	157353247832368	157353226136640
157353244797265	157353264496119	157353244693411
157353275931796	157353297830077	157353275805598
157353329639348	157353347834816	157353329495494
157353347142890	157353364504503	157353347032786
157353380051483	157353397844348	157353379901327
157353398343983	157353414514660	157353398163515
157353436351848	157353464518827	157353436236848
157353463037994	157353481187525	157353462936067
157353489268671	157353514516952	157353489182890
157353507819192	157353531183670	157353507743931
157353528264504	157353547854139	157353528174608
157353553931744	157353581183827	157353553821848
157353600499348	157353631179244	157353600408827
157353638513775	157353664513097	157353638394088
157353654125962	157353681179504	157353654048202
157353695465806	157353714513723	157353695361587
157353726921483	157353747839504	157353726853515
157353764431119	157353781165180	157353764302629
157353997362733	157354014478201	157353997217264
157354013159973	157354031144504	157354013089556
157354027479400	157354047811535	157354027393046
157354075819139	157354097806170	157354075707733
157354099726691	157354131132785	157354099634764
157354117567004	157354147799503	157354102465754
157354342653098	157354364455806	157354342504973
157354791578514	157354814445910	157354791471379
157362667297678	157362698640854	157362667152782
157363161584761	157363182220698	157363161446584
157363206833303	157363232232677	157363206714605
157363265972730	157363282242833	157363265830334
157363492134969	157363515621531	157363491996740
157363722737729	157363748943875	157363722611636
157363947585177	157363965611323	157363947364344
157364182217573	157364198931218	157364182140386
157365278839135	157365299291530	157365278707625
157365565572677	157365582704447	157365565396791
157365614381427	157365632721635	157365614253458
157365664225385	157365682738562	157365664087677
157365894432989	157365916159291	157365894328562
157366341342781	157366366339343	157366341223562
157366756310853	157366783205124	157366756180645
157368313892728	157368333733925	157368313747780
157369628255436	157369650456112	157369628101738
157369851811425	157369883777414	157369851675800
157369904525123	157369933771790	157369904395175
157369931829342	157369950442362	157369931719081
157370164215071	157370183810279	157370163952206
157370637072154	157370667186216	157370636882935
157371080369133	157371100746215	157371080247570
157377703980016	157377735823922	157377703830693
157378143200328	157378169148609	157378143085745
157378174939599	157378202484598	157378174816995
157378224519182	157378252481995	157378224399443
157378442177828	157378469173609	157378442031526
157378659084963	157378685912515	157378658984703
157379084967099	157379102672932	157379084788192
157380681823713	157380703029910	157380681707619
157381118899494	157381136388451	157381118796421
157382283616524	157382303126003	157382283331993
157382570842983	157382603151941	157382570713035
157382803545847	157382819795013	157382803414545
157382849236264	157382869785326	157382849109545
157382884626472	157382903118815	157382884518243
157382934219753	157382953122461	157382934098608
157383154186420	157383186480482	157383153980326
157383648484441	157383669799805	157383648337149
157384178256784	157384203180377	157384178172670
157384698388190	157384719988398	157384698253919
157385169011888	157385186789075	157385168858034
157385671590950	157385703614491	157385671480690
157387191903762	157387221031001	157387191793398
157387418452460	157387437775845	157387418316262
157387471476835	157387487804804	157387471353814
157387718461210	157387737868709	157387718343970
157387726661314	157387754538970	157387726585585
157388256677668	157388287998241	157388256586522
157388698646157	157388721332146	157388698507616
157389411296730	157389438116782	157389411170220
157390024724386	157390054681677	157390024603397
157392397403604	157392421329541	157392397266625
157392867804385	157392887997510	157392867683968
157393725804958	157393754590947	157393725669228

=== poll 1790130693.453141108
16666666
157352138540338	157352164546743	157352138489296
157352162053411	157352181211848	157352162002421
157352176969296	157352197876431	157352176887265
157352253262838	157352281192056	157352253204921
157352405918359	157352431178827	157352405797525
157352457022057	157352481178410	157352456930338
157352491395494	157352514507056	157352491304192
157352508381328	157352531171275	157352508297994
157352535962265	157352564502264	157352535893515
157352557843307	157352581164608	157352557785702
157352580055963	157352597833150	157352579955182
157352602162890	157352631167525	157352602090807
157352623654869	157352647829764	157352623564348
157352676085077	157352697831431	157352675965338
157352699403046	157352731164504	157352699281588
157352717457734	157352747835389	157352706261744
157352733843723	157352764503462	157352732120755
157352777613932	157352797841379	157352777517369
157352791142161	157352814510962	157352791069296
157352814338307	157352831178410	157352814256223
157352833925911	157352864518931	157352833842004
157352850566379	157352881186379	157352848797317
157352869378619	157352897854973	157352869310546
157352894362004	157352914519348	157352894274504
157352909951432	157352931183879	157352909859765
157352924667942	157352947850442	157352924607786
157352966157004	157352997854400	157352966036067
157352984259140	157353014522160	157352981489348
157353003626431	157353031187056	157353003552890
157353035555390	157353064511743	157353035474088
157353092544661	157353114505077	157353092442161
157353105273411	157353131168150	157353105180286
157353117395390	157353147833566	157353112186327
157353134431223	157353164501327	157353128109713
157353150881640	157353181166327	157353143568150
157353167821119	157353197831640	157353156707161
157353210834140	157353231166275	157353210708306
157353226247213	157353247832368	157353226136640
157353244797265	157353264496119	157353244693411
157353275931796	157353297830077	157353275805598
157353329639348	157353347834816	157353329495494
157353347142890	157353364504503	157353347032786
157353380051483	157353397844348	157353379901327
157353398343983	157353414514660	157353398163515
157353436351848	157353464518827	157353436236848
157353463037994	157353481187525	157353462936067
157353489268671	157353514516952	157353489182890
157353507819192	157353531183670	157353507743931
157353528264504	157353547854139	157353528174608
157353553931744	157353581183827	157353553821848
157353600499348	157353631179244	157353600408827
157353638513775	157353664513097	157353638394088
157353654125962	157353681179504	157353654048202
157353695465806	157353714513723	157353695361587
157353726921483	157353747839504	157353726853515
157353764431119	157353781165180	157353764302629
157353997362733	157354014478201	157353997217264
157354013159973	157354031144504	157354013089556
157354027479400	157354047811535	157354027393046
157354075819139	157354097806170	157354075707733
157354099726691	157354131132785	157354099634764
157354117567004	157354147799503	157354102465754
157354342653098	157354364455806	157354342504973
157354791578514	157354814445910	157354791471379
157362667297678	157362698640854	157362667152782
157363161584761	157363182220698	157363161446584
157363206833303	157363232232677	157363206714605
157363265972730	157363282242833	157363265830334
157363492134969	157363515621531	157363491996740
157363722737729	157363748943875	157363722611636
157363947585177	157363965611323	157363947364344
157364182217573	157364198931218	157364182140386
157365278839135	157365299291530	157365278707625
157365565572677	157365582704447	157365565396791
157365614381427	157365632721635	157365614253458
157365664225385	157365682738562	157365664087677
157365894432989	157365916159291	157365894328562
157366341342781	157366366339343	157366341223562
157366756310853	157366783205124	157366756180645
157368313892728	157368333733925	157368313747780
157369628255436	157369650456112	157369628101738
157369851811425	157369883777414	157369851675800
157369904525123	157369933771790	157369904395175
157369931829342	157369950442362	157369931719081
157370164215071	157370183810279	157370163952206
157370637072154	157370667186216	157370636882935
157371080369133	157371100746215	157371080247570
157377703980016	157377735823922	157377703830693
157378143200328	157378169148609	157378143085745
157378174939599	157378202484598	157378174816995
157378224519182	157378252481995	157378224399443
157378442177828	157378469173609	157378442031526
157378659084963	157378685912515	157378658984703
157379084967099	157379102672932	157379084788192
157380681823713	157380703029910	157380681707619
157381118899494	157381136388451	157381118796421
157382283616524	157382303126003	157382283331993
157382570842983	157382603151941	157382570713035
157382803545847	157382819795013	157382803414545
157382849236264	157382869785326	157382849109545
157382884626472	157382903118815	157382884518243
157382934219753	157382953122461	157382934098608
157383154186420	157383186480482	157383153980326
157383648484441	157383669799805	157383648337149
157384178256784	157384203180377	157384178172670
157384698388190	157384719988398	157384698253919
157385169011888	157385186789075	157385168858034
157385671590950	157385703614491	157385671480690
157387191903762	157387221031001	157387191793398
157387418452460	157387437775845	157387418316262
157387471476835	157387487804804	157387471353814
157387718461210	157387737868709	157387718343970
157387726661314	157387754538970	157387726585585
157388256677668	157388287998241	157388256586522
157388698646157	157388721332146	157388698507616
157389411296730	157389438116782	157389411170220
157390024724386	157390054681677	157390024603397
157392397403604	157392421329541	157392397266625
157392867804385	157392887997510	157392867683968
157393725804958	157393754590947	157393725669228
157394309174020	157394337954072	157394309019905
157394348152197	157394371289644	157394348029489
157394393335478	157394421300321	157394393222874
157394603731728	157394621320061	157394603394176
157394820347561	157394838054540	157394820227561
157395254586207	157395271471467	157395254446207
157395261128342	157395288143759	157395261027145

=== poll 1790130697.245408085
16666666
157352491395494	157352514507056	157352491304192
157352508381328	157352531171275	157352508297994
157352535962265	157352564502264	157352535893515
157352557843307	157352581164608	157352557785702
157352580055963	157352597833150	157352579955182
157352602162890	157352631167525	157352602090807
157352623654869	157352647829764	157352623564348
157352676085077	157352697831431	157352675965338
157352699403046	157352731164504	157352699281588
157352717457734	157352747835389	157352706261744
157352733843723	157352764503462	157352732120755
157352777613932	157352797841379	157352777517369
157352791142161	157352814510962	157352791069296
157352814338307	157352831178410	157352814256223
157352833925911	157352864518931	157352833842004
157352850566379	157352881186379	157352848797317
157352869378619	157352897854973	157352869310546
157352894362004	157352914519348	157352894274504
157352909951432	157352931183879	157352909859765
157352924667942	157352947850442	157352924607786
157352966157004	157352997854400	157352966036067
157352984259140	157353014522160	157352981489348
157353003626431	157353031187056	157353003552890
157353035555390	157353064511743	157353035474088
157353092544661	157353114505077	157353092442161
157353105273411	157353131168150	157353105180286
157353117395390	157353147833566	157353112186327
157353134431223	157353164501327	157353128109713
157353150881640	157353181166327	157353143568150
157353167821119	157353197831640	157353156707161
157353210834140	157353231166275	157353210708306
157353226247213	157353247832368	157353226136640
157353244797265	157353264496119	157353244693411
157353275931796	157353297830077	157353275805598
157353329639348	157353347834816	157353329495494
157353347142890	157353364504503	157353347032786
157353380051483	157353397844348	157353379901327
157353398343983	157353414514660	157353398163515
157353436351848	157353464518827	157353436236848
157353463037994	157353481187525	157353462936067
157353489268671	157353514516952	157353489182890
157353507819192	157353531183670	157353507743931
157353528264504	157353547854139	157353528174608
157353553931744	157353581183827	157353553821848
157353600499348	157353631179244	157353600408827
157353638513775	157353664513097	157353638394088
157353654125962	157353681179504	157353654048202
157353695465806	157353714513723	157353695361587
157353726921483	157353747839504	157353726853515
157353764431119	157353781165180	157353764302629
157353997362733	157354014478201	157353997217264
157354013159973	157354031144504	157354013089556
157354027479400	157354047811535	157354027393046
157354075819139	157354097806170	157354075707733
157354099726691	157354131132785	157354099634764
157354117567004	157354147799503	157354102465754
157354342653098	157354364455806	157354342504973
157354791578514	157354814445910	157354791471379
157362667297678	157362698640854	157362667152782
157363161584761	157363182220698	157363161446584
157363206833303	157363232232677	157363206714605
157363265972730	157363282242833	157363265830334
157363492134969	157363515621531	157363491996740
157363722737729	157363748943875	157363722611636
157363947585177	157363965611323	157363947364344
157364182217573	157364198931218	157364182140386
157365278839135	157365299291530	157365278707625
157365565572677	157365582704447	157365565396791
157365614381427	157365632721635	157365614253458
157365664225385	157365682738562	157365664087677
157365894432989	157365916159291	157365894328562
157366341342781	157366366339343	157366341223562
157366756310853	157366783205124	157366756180645
157368313892728	157368333733925	157368313747780
157369628255436	157369650456112	157369628101738
157369851811425	157369883777414	157369851675800
157369904525123	157369933771790	157369904395175
157369931829342	157369950442362	157369931719081
157370164215071	157370183810279	157370163952206
157370637072154	157370667186216	157370636882935
157371080369133	157371100746215	157371080247570
157377703980016	157377735823922	157377703830693
157378143200328	157378169148609	157378143085745
157378174939599	157378202484598	157378174816995
157378224519182	157378252481995	157378224399443
157378442177828	157378469173609	157378442031526
157378659084963	157378685912515	157378658984703
157379084967099	157379102672932	157379084788192
157380681823713	157380703029910	157380681707619
157381118899494	157381136388451	157381118796421
157382283616524	157382303126003	157382283331993
157382570842983	157382603151941	157382570713035
157382803545847	157382819795013	157382803414545
157382849236264	157382869785326	157382849109545
157382884626472	157382903118815	157382884518243
157382934219753	157382953122461	157382934098608
157383154186420	157383186480482	157383153980326
157383648484441	157383669799805	157383648337149
157384178256784	157384203180377	157384178172670
157384698388190	157384719988398	157384698253919
157385169011888	157385186789075	157385168858034
157385671590950	157385703614491	157385671480690
157387191903762	157387221031001	157387191793398
157387418452460	157387437775845	157387418316262
157387471476835	157387487804804	157387471353814
157387718461210	157387737868709	157387718343970
157387726661314	157387754538970	157387726585585
157388256677668	157388287998241	157388256586522
157388698646157	157388721332146	157388698507616
157389411296730	157389438116782	157389411170220
157390024724386	157390054681677	157390024603397
157392397403604	157392421329541	157392397266625
157392867804385	157392887997510	157392867683968
157393725804958	157393754590947	157393725669228
157394309174020	157394337954072	157394309019905
157394348152197	157394371289644	157394348029489
157394393335478	157394421300321	157394393222874
157394603731728	157394621320061	157394603394176
157394820347561	157394838054540	157394820227561
157395254586207	157395271471467	157395254446207
157395261128342	157395288143759	157395261027145
157398148731987	157398172755216	157398148570789
157398744643393	157398773029590	157398744495060
157398941855372	157398973050268	157398941728706
157399134193497	157399156433341	157399134051935
157399366116205	157399389841413	157399366006205
157399561758705	157399589897924	157399561634174

=== poll 1790130699.613573605
16666666
157352733843723	157352764503462	157352732120755
157352777613932	157352797841379	157352777517369
157352791142161	157352814510962	157352791069296
157352814338307	157352831178410	157352814256223
157352833925911	157352864518931	157352833842004
157352850566379	157352881186379	157352848797317
157352869378619	157352897854973	157352869310546
157352894362004	157352914519348	157352894274504
157352909951432	157352931183879	157352909859765
157352924667942	157352947850442	157352924607786
157352966157004	157352997854400	157352966036067
157352984259140	157353014522160	157352981489348
157353003626431	157353031187056	157353003552890
157353035555390	157353064511743	157353035474088
157353092544661	157353114505077	157353092442161
157353105273411	157353131168150	157353105180286
157353117395390	157353147833566	157353112186327
157353134431223	157353164501327	157353128109713
157353150881640	157353181166327	157353143568150
157353167821119	157353197831640	157353156707161
157353210834140	157353231166275	157353210708306
157353226247213	157353247832368	157353226136640
157353244797265	157353264496119	157353244693411
157353275931796	157353297830077	157353275805598
157353329639348	157353347834816	157353329495494
157353347142890	157353364504503	157353347032786
157353380051483	157353397844348	157353379901327
157353398343983	157353414514660	157353398163515
157353436351848	157353464518827	157353436236848
157353463037994	157353481187525	157353462936067
157353489268671	157353514516952	157353489182890
157353507819192	157353531183670	157353507743931
157353528264504	157353547854139	157353528174608
157353553931744	157353581183827	157353553821848
157353600499348	157353631179244	157353600408827
157353638513775	157353664513097	157353638394088
157353654125962	157353681179504	157353654048202
157353695465806	157353714513723	157353695361587
157353726921483	157353747839504	157353726853515
157353764431119	157353781165180	157353764302629
157353997362733	157354014478201	157353997217264
157354013159973	157354031144504	157354013089556
157354027479400	157354047811535	157354027393046
157354075819139	157354097806170	157354075707733
157354099726691	157354131132785	157354099634764
157354117567004	157354147799503	157354102465754
157354342653098	157354364455806	157354342504973
157354791578514	157354814445910	157354791471379
157362667297678	157362698640854	157362667152782
157363161584761	157363182220698	157363161446584
157363206833303	157363232232677	157363206714605
157363265972730	157363282242833	157363265830334
157363492134969	157363515621531	157363491996740
157363722737729	157363748943875	157363722611636
157363947585177	157363965611323	157363947364344
157364182217573	157364198931218	157364182140386
157365278839135	157365299291530	157365278707625
157365565572677	157365582704447	157365565396791
157365614381427	157365632721635	157365614253458
157365664225385	157365682738562	157365664087677
157365894432989	157365916159291	157365894328562
157366341342781	157366366339343	157366341223562
157366756310853	157366783205124	157366756180645
157368313892728	157368333733925	157368313747780
157369628255436	157369650456112	157369628101738
157369851811425	157369883777414	157369851675800
157369904525123	157369933771790	157369904395175
157369931829342	157369950442362	157369931719081
157370164215071	157370183810279	157370163952206
157370637072154	157370667186216	157370636882935
157371080369133	157371100746215	157371080247570
157377703980016	157377735823922	157377703830693
157378143200328	157378169148609	157378143085745
157378174939599	157378202484598	157378174816995
157378224519182	157378252481995	157378224399443
157378442177828	157378469173609	157378442031526
157378659084963	157378685912515	157378658984703
157379084967099	157379102672932	157379084788192
157380681823713	157380703029910	157380681707619
157381118899494	157381136388451	157381118796421
157382283616524	157382303126003	157382283331993
157382570842983	157382603151941	157382570713035
157382803545847	157382819795013	157382803414545
157382849236264	157382869785326	157382849109545
157382884626472	157382903118815	157382884518243
157382934219753	157382953122461	157382934098608
157383154186420	157383186480482	157383153980326
157383648484441	157383669799805	157383648337149
157384178256784	157384203180377	157384178172670
157384698388190	157384719988398	157384698253919
157385169011888	157385186789075	157385168858034
157385671590950	157385703614491	157385671480690
157387191903762	157387221031001	157387191793398
157387418452460	157387437775845	157387418316262
157387471476835	157387487804804	157387471353814
157387718461210	157387737868709	157387718343970
157387726661314	157387754538970	157387726585585
157388256677668	157388287998241	157388256586522
157388698646157	157388721332146	157388698507616
157389411296730	157389438116782	157389411170220
157390024724386	157390054681677	157390024603397
157392397403604	157392421329541	157392397266625
157392867804385	157392887997510	157392867683968
157393725804958	157393754590947	157393725669228
157394309174020	157394337954072	157394309019905
157394348152197	157394371289644	157394348029489
157394393335478	157394421300321	157394393222874
157394603731728	157394621320061	157394603394176
157394820347561	157394838054540	157394820227561
157395254586207	157395271471467	157395254446207
157395261128342	157395288143759	157395261027145
157398148731987	157398172755216	157398148570789
157398744643393	157398773029590	157398744495060
157398941855372	157398973050268	157398941728706
157399134193497	157399156433341	157399134051935
157399366116205	157399389841413	157399366006205
157399561758705	157399589897924	157399561634174
157400772455215	157400790486413	157400772325528
157400961430476	157400990596621	157400961143809
157401145806257	157401173991673	157401145667194
157401180738705	157401207338183	157401180585580
157401213933705	157401240692246	157401213816882
157401425484069	157401457473391	157401425359746
157401695269330	157401724227038	157401695111673
157401900206257	157401924354121	157401900101048
157402111779173	157402141141360	157402111654173
157402325810319	157402357894902	157402325627559

=== poll 1790130701.969594802
16666666
157352894362004	157352914519348	157352894274504
157352909951432	157352931183879	157352909859765
157352924667942	157352947850442	157352924607786
157352966157004	157352997854400	157352966036067
157352984259140	157353014522160	157352981489348
157353003626431	157353031187056	157353003552890
157353035555390	157353064511743	157353035474088
157353092544661	157353114505077	157353092442161
157353105273411	157353131168150	157353105180286
157353117395390	157353147833566	157353112186327
157353134431223	157353164501327	157353128109713
157353150881640	157353181166327	157353143568150
157353167821119	157353197831640	157353156707161
157353210834140	157353231166275	157353210708306
157353226247213	157353247832368	157353226136640
157353244797265	157353264496119	157353244693411
157353275931796	157353297830077	157353275805598
157353329639348	157353347834816	157353329495494
157353347142890	157353364504503	157353347032786
157353380051483	157353397844348	157353379901327
157353398343983	157353414514660	157353398163515
157353436351848	157353464518827	157353436236848
157353463037994	157353481187525	157353462936067
157353489268671	157353514516952	157353489182890
157353507819192	157353531183670	157353507743931
157353528264504	157353547854139	157353528174608
157353553931744	157353581183827	157353553821848
157353600499348	157353631179244	157353600408827
157353638513775	157353664513097	157353638394088
157353654125962	157353681179504	157353654048202
157353695465806	157353714513723	157353695361587
157353726921483	157353747839504	157353726853515
157353764431119	157353781165180	157353764302629
157353997362733	157354014478201	157353997217264
157354013159973	157354031144504	157354013089556
157354027479400	157354047811535	157354027393046
157354075819139	157354097806170	157354075707733
157354099726691	157354131132785	157354099634764
157354117567004	157354147799503	157354102465754
157354342653098	157354364455806	157354342504973
157354791578514	157354814445910	157354791471379
157362667297678	157362698640854	157362667152782
157363161584761	157363182220698	157363161446584
157363206833303	157363232232677	157363206714605
157363265972730	157363282242833	157363265830334
157363492134969	157363515621531	157363491996740
157363722737729	157363748943875	157363722611636
157363947585177	157363965611323	157363947364344
157364182217573	157364198931218	157364182140386
157365278839135	157365299291530	157365278707625
157365565572677	157365582704447	157365565396791
157365614381427	157365632721635	157365614253458
157365664225385	157365682738562	157365664087677
157365894432989	157365916159291	157365894328562
157366341342781	157366366339343	157366341223562
157366756310853	157366783205124	157366756180645
157368313892728	157368333733925	157368313747780
157369628255436	157369650456112	157369628101738
157369851811425	157369883777414	157369851675800
157369904525123	157369933771790	157369904395175
157369931829342	157369950442362	157369931719081
157370164215071	157370183810279	157370163952206
157370637072154	157370667186216	157370636882935
157371080369133	157371100746215	157371080247570
157377703980016	157377735823922	157377703830693
157378143200328	157378169148609	157378143085745
157378174939599	157378202484598	157378174816995
157378224519182	157378252481995	157378224399443
157378442177828	157378469173609	157378442031526
157378659084963	157378685912515	157378658984703
157379084967099	157379102672932	157379084788192
157380681823713	157380703029910	157380681707619
157381118899494	157381136388451	157381118796421
157382283616524	157382303126003	157382283331993
157382570842983	157382603151941	157382570713035
157382803545847	157382819795013	157382803414545
157382849236264	157382869785326	157382849109545
157382884626472	157382903118815	157382884518243
157382934219753	157382953122461	157382934098608
157383154186420	157383186480482	157383153980326
157383648484441	157383669799805	157383648337149
157384178256784	157384203180377	157384178172670
157384698388190	157384719988398	157384698253919
157385169011888	157385186789075	157385168858034
157385671590950	157385703614491	157385671480690
157387191903762	157387221031001	157387191793398
157387418452460	157387437775845	157387418316262
157387471476835	157387487804804	157387471353814
157387718461210	157387737868709	157387718343970
157387726661314	157387754538970	157387726585585
157388256677668	157388287998241	157388256586522
157388698646157	157388721332146	157388698507616
157389411296730	157389438116782	157389411170220
157390024724386	157390054681677	157390024603397
157392397403604	157392421329541	157392397266625
157392867804385	157392887997510	157392867683968
157393725804958	157393754590947	157393725669228
157394309174020	157394337954072	157394309019905
157394348152197	157394371289644	157394348029489
157394393335478	157394421300321	157394393222874
157394603731728	157394621320061	157394603394176
157394820347561	157394838054540	157394820227561
157395254586207	157395271471467	157395254446207
157395261128342	157395288143759	157395261027145
157398148731987	157398172755216	157398148570789
157398744643393	157398773029590	157398744495060
157398941855372	157398973050268	157398941728706
157399134193497	157399156433341	157399134051935
157399366116205	157399389841413	157399366006205
157399561758705	157399589897924	157399561634174
157400772455215	157400790486413	157400772325528
157400961430476	157400990596621	157400961143809
157401145806257	157401173991673	157401145667194
157401180738705	157401207338183	157401180585580
157401213933705	157401240692246	157401213816882
157401425484069	157401457473391	157401425359746
157401695269330	157401724227038	157401695111673
157401900206257	157401924354121	157401900101048
157402111779173	157402141141360	157402111654173
157402325810319	157402357894902	157402325627559
157403177967714	157403208138651	157403177850214
157403376939798	157403408213026	157403376810579
157403421936621	157403441566464	157403421809589
157403632717766	157403658351515	157403632567975
157403645419485	157403675027662	157403635147610
157403662246308	157403691704276	157403655852193
157404122096360	157404142030318	157404122008860

=== poll 1790130704.360730478
16666666
157352924667942	157352947850442	157352924607786
157352966157004	157352997854400	157352966036067
157352984259140	157353014522160	157352981489348
157353003626431	157353031187056	157353003552890
157353035555390	157353064511743	157353035474088
157353092544661	157353114505077	157353092442161
157353105273411	157353131168150	157353105180286
157353117395390	157353147833566	157353112186327
157353134431223	157353164501327	157353128109713
157353150881640	157353181166327	157353143568150
157353167821119	157353197831640	157353156707161
157353210834140	157353231166275	157353210708306
157353226247213	157353247832368	157353226136640
157353244797265	157353264496119	157353244693411
157353275931796	157353297830077	157353275805598
157353329639348	157353347834816	157353329495494
157353347142890	157353364504503	157353347032786
157353380051483	157353397844348	157353379901327
157353398343983	157353414514660	157353398163515
157353436351848	157353464518827	157353436236848
157353463037994	157353481187525	157353462936067
157353489268671	157353514516952	157353489182890
157353507819192	157353531183670	157353507743931
157353528264504	157353547854139	157353528174608
157353553931744	157353581183827	157353553821848
157353600499348	157353631179244	157353600408827
157353638513775	157353664513097	157353638394088
157353654125962	157353681179504	157353654048202
157353695465806	157353714513723	157353695361587
157353726921483	157353747839504	157353726853515
157353764431119	157353781165180	157353764302629
157353997362733	157354014478201	157353997217264
157354013159973	157354031144504	157354013089556
157354027479400	157354047811535	157354027393046
157354075819139	157354097806170	157354075707733
157354099726691	157354131132785	157354099634764
157354117567004	157354147799503	157354102465754
157354342653098	157354364455806	157354342504973
157354791578514	157354814445910	157354791471379
157362667297678	157362698640854	157362667152782
157363161584761	157363182220698	157363161446584
157363206833303	157363232232677	157363206714605
157363265972730	157363282242833	157363265830334
157363492134969	157363515621531	157363491996740
157363722737729	157363748943875	157363722611636
157363947585177	157363965611323	157363947364344
157364182217573	157364198931218	157364182140386
157365278839135	157365299291530	157365278707625
157365565572677	157365582704447	157365565396791
157365614381427	157365632721635	157365614253458
157365664225385	157365682738562	157365664087677
157365894432989	157365916159291	157365894328562
157366341342781	157366366339343	157366341223562
157366756310853	157366783205124	157366756180645
157368313892728	157368333733925	157368313747780
157369628255436	157369650456112	157369628101738
157369851811425	157369883777414	157369851675800
157369904525123	157369933771790	157369904395175
157369931829342	157369950442362	157369931719081
157370164215071	157370183810279	157370163952206
157370637072154	157370667186216	157370636882935
157371080369133	157371100746215	157371080247570
157377703980016	157377735823922	157377703830693
157378143200328	157378169148609	157378143085745
157378174939599	157378202484598	157378174816995
157378224519182	157378252481995	157378224399443
157378442177828	157378469173609	157378442031526
157378659084963	157378685912515	157378658984703
157379084967099	157379102672932	157379084788192
157380681823713	157380703029910	157380681707619
157381118899494	157381136388451	157381118796421
157382283616524	157382303126003	157382283331993
157382570842983	157382603151941	157382570713035
157382803545847	157382819795013	157382803414545
157382849236264	157382869785326	157382849109545
157382884626472	157382903118815	157382884518243
157382934219753	157382953122461	157382934098608
157383154186420	157383186480482	157383153980326
157383648484441	157383669799805	157383648337149
157384178256784	157384203180377	157384178172670
157384698388190	157384719988398	157384698253919
157385169011888	157385186789075	157385168858034
157385671590950	157385703614491	157385671480690
157387191903762	157387221031001	157387191793398
157387418452460	157387437775845	157387418316262
157387471476835	157387487804804	157387471353814
157387718461210	157387737868709	157387718343970
157387726661314	157387754538970	157387726585585
157388256677668	157388287998241	157388256586522
157388698646157	157388721332146	157388698507616
157389411296730	157389438116782	157389411170220
157390024724386	157390054681677	157390024603397
157392397403604	157392421329541	157392397266625
157392867804385	157392887997510	157392867683968
157393725804958	157393754590947	157393725669228
157394309174020	157394337954072	157394309019905
157394348152197	157394371289644	157394348029489
157394393335478	157394421300321	157394393222874
157394603731728	157394621320061	157394603394176
157394820347561	157394838054540	157394820227561
157395254586207	157395271471467	157395254446207
157395261128342	157395288143759	157395261027145
157398148731987	157398172755216	157398148570789
157398744643393	157398773029590	157398744495060
157398941855372	157398973050268	157398941728706
157399134193497	157399156433341	157399134051935
157399366116205	157399389841413	157399366006205
157399561758705	157399589897924	157399561634174
157400772455215	157400790486413	157400772325528
157400961430476	157400990596621	157400961143809
157401145806257	157401173991673	157401145667194
157401180738705	157401207338183	157401180585580
157401213933705	157401240692246	157401213816882
157401425484069	157401457473391	157401425359746
157401695269330	157401724227038	157401695111673
157401900206257	157401924354121	157401900101048
157402111779173	157402141141360	157402111654173
157402325810319	157402357894902	157402325627559
157403177967714	157403208138651	157403177850214
157403376939798	157403408213026	157403376810579
157403421936621	157403441566464	157403421809589
157403632717766	157403658351515	157403632567975
157403645419485	157403675027662	157403635147610
157403662246308	157403691704276	157403655852193
157404122096360	157404142030318	157404122008860
157406393248026	157406410105578	157406393021099
157406955906880	157406977017556	157406955725473

=== poll 1790130706.757982821
16666666
157352984259140	157353014522160	157352981489348
157353003626431	157353031187056	157353003552890
157353035555390	157353064511743	157353035474088
157353092544661	157353114505077	157353092442161
157353105273411	157353131168150	157353105180286
157353117395390	157353147833566	157353112186327
157353134431223	157353164501327	157353128109713
157353150881640	157353181166327	157353143568150
157353167821119	157353197831640	157353156707161
157353210834140	157353231166275	157353210708306
157353226247213	157353247832368	157353226136640
157353244797265	157353264496119	157353244693411
157353275931796	157353297830077	157353275805598
157353329639348	157353347834816	157353329495494
157353347142890	157353364504503	157353347032786
157353380051483	157353397844348	157353379901327
157353398343983	157353414514660	157353398163515
157353436351848	157353464518827	157353436236848
157353463037994	157353481187525	157353462936067
157353489268671	157353514516952	157353489182890
157353507819192	157353531183670	157353507743931
157353528264504	157353547854139	157353528174608
157353553931744	157353581183827	157353553821848
157353600499348	157353631179244	157353600408827
157353638513775	157353664513097	157353638394088
157353654125962	157353681179504	157353654048202
157353695465806	157353714513723	157353695361587
157353726921483	157353747839504	157353726853515
157353764431119	157353781165180	157353764302629
157353997362733	157354014478201	157353997217264
157354013159973	157354031144504	157354013089556
157354027479400	157354047811535	157354027393046
157354075819139	157354097806170	157354075707733
157354099726691	157354131132785	157354099634764
157354117567004	157354147799503	157354102465754
157354342653098	157354364455806	157354342504973
157354791578514	157354814445910	157354791471379
157362667297678	157362698640854	157362667152782
157363161584761	157363182220698	157363161446584
157363206833303	157363232232677	157363206714605
157363265972730	157363282242833	157363265830334
157363492134969	157363515621531	157363491996740
157363722737729	157363748943875	157363722611636
157363947585177	157363965611323	157363947364344
157364182217573	157364198931218	157364182140386
157365278839135	157365299291530	157365278707625
157365565572677	157365582704447	157365565396791
157365614381427	157365632721635	157365614253458
157365664225385	157365682738562	157365664087677
157365894432989	157365916159291	157365894328562
157366341342781	157366366339343	157366341223562
157366756310853	157366783205124	157366756180645
157368313892728	157368333733925	157368313747780
157369628255436	157369650456112	157369628101738
157369851811425	157369883777414	157369851675800
157369904525123	157369933771790	157369904395175
157369931829342	157369950442362	157369931719081
157370164215071	157370183810279	157370163952206
157370637072154	157370667186216	157370636882935
157371080369133	157371100746215	157371080247570
157377703980016	157377735823922	157377703830693
157378143200328	157378169148609	157378143085745
157378174939599	157378202484598	157378174816995
157378224519182	157378252481995	157378224399443
157378442177828	157378469173609	157378442031526
157378659084963	157378685912515	157378658984703
157379084967099	157379102672932	157379084788192
157380681823713	157380703029910	157380681707619
157381118899494	157381136388451	157381118796421
157382283616524	157382303126003	157382283331993
157382570842983	157382603151941	157382570713035
157382803545847	157382819795013	157382803414545
157382849236264	157382869785326	157382849109545
157382884626472	157382903118815	157382884518243
157382934219753	157382953122461	157382934098608
157383154186420	157383186480482	157383153980326
157383648484441	157383669799805	157383648337149
157384178256784	157384203180377	157384178172670
157384698388190	157384719988398	157384698253919
157385169011888	157385186789075	157385168858034
157385671590950	157385703614491	157385671480690
157387191903762	157387221031001	157387191793398
157387418452460	157387437775845	157387418316262
157387471476835	157387487804804	157387471353814
157387718461210	157387737868709	157387718343970
157387726661314	157387754538970	157387726585585
157388256677668	157388287998241	157388256586522
157388698646157	157388721332146	157388698507616
157389411296730	157389438116782	157389411170220
157390024724386	157390054681677	157390024603397
157392397403604	157392421329541	157392397266625
157392867804385	157392887997510	157392867683968
157393725804958	157393754590947	157393725669228
157394309174020	157394337954072	157394309019905
157394348152197	157394371289644	157394348029489
157394393335478	157394421300321	157394393222874
157394603731728	157394621320061	157394603394176
157394820347561	157394838054540	157394820227561
157395254586207	157395271471467	157395254446207
157395261128342	157395288143759	157395261027145
157398148731987	157398172755216	157398148570789
157398744643393	157398773029590	157398744495060
157398941855372	157398973050268	157398941728706
157399134193497	157399156433341	157399134051935
157399366116205	157399389841413	157399366006205
157399561758705	157399589897924	157399561634174
157400772455215	157400790486413	157400772325528
157400961430476	157400990596621	157400961143809
157401145806257	157401173991673	157401145667194
157401180738705	157401207338183	157401180585580
157401213933705	157401240692246	157401213816882
157401425484069	157401457473391	157401425359746
157401695269330	157401724227038	157401695111673
157401900206257	157401924354121	157401900101048
157402111779173	157402141141360	157402111654173
157402325810319	157402357894902	157402325627559
157403177967714	157403208138651	157403177850214
157403376939798	157403408213026	157403376810579
157403421936621	157403441566464	157403421809589
157403632717766	157403658351515	157403632567975
157403645419485	157403675027662	157403635147610
157403662246308	157403691704276	157403655852193
157404122096360	157404142030318	157404122008860
157406393248026	157406410105578	157406393021099
157406955906880	157406977017556	157406955725473
157408642820733	157408661349535	157408642709171
157409065735993	157409094909066	157409065609066

=== poll 1790130709.120068133
16666666
157353226247213	157353247832368	157353226136640
157353244797265	157353264496119	157353244693411
157353275931796	157353297830077	157353275805598
157353329639348	157353347834816	157353329495494
157353347142890	157353364504503	157353347032786
157353380051483	157353397844348	157353379901327
157353398343983	157353414514660	157353398163515
157353436351848	157353464518827	157353436236848
157353463037994	157353481187525	157353462936067
157353489268671	157353514516952	157353489182890
157353507819192	157353531183670	157353507743931
157353528264504	157353547854139	157353528174608
157353553931744	157353581183827	157353553821848
157353600499348	157353631179244	157353600408827
157353638513775	157353664513097	157353638394088
157353654125962	157353681179504	157353654048202
157353695465806	157353714513723	157353695361587
157353726921483	157353747839504	157353726853515
157353764431119	157353781165180	157353764302629
157353997362733	157354014478201	157353997217264
157354013159973	157354031144504	157354013089556
157354027479400	157354047811535	157354027393046
157354075819139	157354097806170	157354075707733
157354099726691	157354131132785	157354099634764
157354117567004	157354147799503	157354102465754
157354342653098	157354364455806	157354342504973
157354791578514	157354814445910	157354791471379
157362667297678	157362698640854	157362667152782
157363161584761	157363182220698	157363161446584
157363206833303	157363232232677	157363206714605
157363265972730	157363282242833	157363265830334
157363492134969	157363515621531	157363491996740
157363722737729	157363748943875	157363722611636
157363947585177	157363965611323	157363947364344
157364182217573	157364198931218	157364182140386
157365278839135	157365299291530	157365278707625
157365565572677	157365582704447	157365565396791
157365614381427	157365632721635	157365614253458
157365664225385	157365682738562	157365664087677
157365894432989	157365916159291	157365894328562
157366341342781	157366366339343	157366341223562
157366756310853	157366783205124	157366756180645
157368313892728	157368333733925	157368313747780
157369628255436	157369650456112	157369628101738
157369851811425	157369883777414	157369851675800
157369904525123	157369933771790	157369904395175
157369931829342	157369950442362	157369931719081
157370164215071	157370183810279	157370163952206
157370637072154	157370667186216	157370636882935
157371080369133	157371100746215	157371080247570
157377703980016	157377735823922	157377703830693
157378143200328	157378169148609	157378143085745
157378174939599	157378202484598	157378174816995
157378224519182	157378252481995	157378224399443
157378442177828	157378469173609	157378442031526
157378659084963	157378685912515	157378658984703
157379084967099	157379102672932	157379084788192
157380681823713	157380703029910	157380681707619
157381118899494	157381136388451	157381118796421
157382283616524	157382303126003	157382283331993
157382570842983	157382603151941	157382570713035
157382803545847	157382819795013	157382803414545
157382849236264	157382869785326	157382849109545
157382884626472	157382903118815	157382884518243
157382934219753	157382953122461	157382934098608
157383154186420	157383186480482	157383153980326
157383648484441	157383669799805	157383648337149
157384178256784	157384203180377	157384178172670
157384698388190	157384719988398	157384698253919
157385169011888	157385186789075	157385168858034
157385671590950	157385703614491	157385671480690
157387191903762	157387221031001	157387191793398
157387418452460	157387437775845	157387418316262
157387471476835	157387487804804	157387471353814
157387718461210	157387737868709	157387718343970
157387726661314	157387754538970	157387726585585
157388256677668	157388287998241	157388256586522
157388698646157	157388721332146	157388698507616
157389411296730	157389438116782	157389411170220
157390024724386	157390054681677	157390024603397
157392397403604	157392421329541	157392397266625
157392867804385	157392887997510	157392867683968
157393725804958	157393754590947	157393725669228
157394309174020	157394337954072	157394309019905
157394348152197	157394371289644	157394348029489
157394393335478	157394421300321	157394393222874
157394603731728	157394621320061	157394603394176
157394820347561	157394838054540	157394820227561
157395254586207	157395271471467	157395254446207
157395261128342	157395288143759	157395261027145
157398148731987	157398172755216	157398148570789
157398744643393	157398773029590	157398744495060
157398941855372	157398973050268	157398941728706
157399134193497	157399156433341	157399134051935
157399366116205	157399389841413	157399366006205
157399561758705	157399589897924	157399561634174
157400772455215	157400790486413	157400772325528
157400961430476	157400990596621	157400961143809
157401145806257	157401173991673	157401145667194
157401180738705	157401207338183	157401180585580
157401213933705	157401240692246	157401213816882
157401425484069	157401457473391	157401425359746
157401695269330	157401724227038	157401695111673
157401900206257	157401924354121	157401900101048
157402111779173	157402141141360	157402111654173
157402325810319	157402357894902	157402325627559
157403177967714	157403208138651	157403177850214
157403376939798	157403408213026	157403376810579
157403421936621	157403441566464	157403421809589
157403632717766	157403658351515	157403632567975
157403645419485	157403675027662	157403635147610
157403662246308	157403691704276	157403655852193
157404122096360	157404142030318	157404122008860
157406393248026	157406410105578	157406393021099
157406955906880	157406977017556	157406955725473
157408642820733	157408661349535	157408642709171
157409065735993	157409094909066	157409065609066
157410333621149	157410362271826	157410333496253
157410368337555	157410395627972	157410368194014
157410410071045	157410428979951	157410409922139
157410425642399	157410445655263	157410425527087
157410457814066	157410479003648	157410457685003
157410474598701	157410495680367	157410474486357
157410666313649	157410695795888	157410666195680
157410866931305	157410895895992	157410866820003
157411247456878	157411279461149	157411247319170
157411629275107	157411646280002	157411629149222

=== poll 1790130711.480027142
16666666
157353275931796	157353297830077	157353275805598
157353329639348	157353347834816	157353329495494
157353347142890	157353364504503	157353347032786
157353380051483	157353397844348	157353379901327
157353398343983	157353414514660	157353398163515
157353436351848	157353464518827	157353436236848
157353463037994	157353481187525	157353462936067
157353489268671	157353514516952	157353489182890
157353507819192	157353531183670	157353507743931
157353528264504	157353547854139	157353528174608
157353553931744	157353581183827	157353553821848
157353600499348	157353631179244	157353600408827
157353638513775	157353664513097	157353638394088
157353654125962	157353681179504	157353654048202
157353695465806	157353714513723	157353695361587
157353726921483	157353747839504	157353726853515
157353764431119	157353781165180	157353764302629
157353997362733	157354014478201	157353997217264
157354013159973	157354031144504	157354013089556
157354027479400	157354047811535	157354027393046
157354075819139	157354097806170	157354075707733
157354099726691	157354131132785	157354099634764
157354117567004	157354147799503	157354102465754
157354342653098	157354364455806	157354342504973
157354791578514	157354814445910	157354791471379
157362667297678	157362698640854	157362667152782
157363161584761	157363182220698	157363161446584
157363206833303	157363232232677	157363206714605
157363265972730	157363282242833	157363265830334
157363492134969	157363515621531	157363491996740
157363722737729	157363748943875	157363722611636
157363947585177	157363965611323	157363947364344
157364182217573	157364198931218	157364182140386
157365278839135	157365299291530	157365278707625
157365565572677	157365582704447	157365565396791
157365614381427	157365632721635	157365614253458
157365664225385	157365682738562	157365664087677
157365894432989	157365916159291	157365894328562
157366341342781	157366366339343	157366341223562
157366756310853	157366783205124	157366756180645
157368313892728	157368333733925	157368313747780
157369628255436	157369650456112	157369628101738
157369851811425	157369883777414	157369851675800
157369904525123	157369933771790	157369904395175
157369931829342	157369950442362	157369931719081
157370164215071	157370183810279	157370163952206
157370637072154	157370667186216	157370636882935
157371080369133	157371100746215	157371080247570
157377703980016	157377735823922	157377703830693
157378143200328	157378169148609	157378143085745
157378174939599	157378202484598	157378174816995
157378224519182	157378252481995	157378224399443
157378442177828	157378469173609	157378442031526
157378659084963	157378685912515	157378658984703
157379084967099	157379102672932	157379084788192
157380681823713	157380703029910	157380681707619
157381118899494	157381136388451	157381118796421
157382283616524	157382303126003	157382283331993
157382570842983	157382603151941	157382570713035
157382803545847	157382819795013	157382803414545
157382849236264	157382869785326	157382849109545
157382884626472	157382903118815	157382884518243
157382934219753	157382953122461	157382934098608
157383154186420	157383186480482	157383153980326
157383648484441	157383669799805	157383648337149
157384178256784	157384203180377	157384178172670
157384698388190	157384719988398	157384698253919
157385169011888	157385186789075	157385168858034
157385671590950	157385703614491	157385671480690
157387191903762	157387221031001	157387191793398
157387418452460	157387437775845	157387418316262
157387471476835	157387487804804	157387471353814
157387718461210	157387737868709	157387718343970
157387726661314	157387754538970	157387726585585
157388256677668	157388287998241	157388256586522
157388698646157	157388721332146	157388698507616
157389411296730	157389438116782	157389411170220
157390024724386	157390054681677	157390024603397
157392397403604	157392421329541	157392397266625
157392867804385	157392887997510	157392867683968
157393725804958	157393754590947	157393725669228
157394309174020	157394337954072	157394309019905
157394348152197	157394371289644	157394348029489
157394393335478	157394421300321	157394393222874
157394603731728	157394621320061	157394603394176
157394820347561	157394838054540	157394820227561
157395254586207	157395271471467	157395254446207
157395261128342	157395288143759	157395261027145
157398148731987	157398172755216	157398148570789
157398744643393	157398773029590	157398744495060
157398941855372	157398973050268	157398941728706
157399134193497	157399156433341	157399134051935
157399366116205	157399389841413	157399366006205
157399561758705	157399589897924	157399561634174
157400772455215	157400790486413	157400772325528
157400961430476	157400990596621	157400961143809
157401145806257	157401173991673	157401145667194
157401180738705	157401207338183	157401180585580
157401213933705	157401240692246	157401213816882
157401425484069	157401457473391	157401425359746
157401695269330	157401724227038	157401695111673
157401900206257	157401924354121	157401900101048
157402111779173	157402141141360	157402111654173
157402325810319	157402357894902	157402325627559
157403177967714	157403208138651	157403177850214
157403376939798	157403408213026	157403376810579
157403421936621	157403441566464	157403421809589
157403632717766	157403658351515	157403632567975
157403645419485	157403675027662	157403635147610
157403662246308	157403691704276	157403655852193
157404122096360	157404142030318	157404122008860
157406393248026	157406410105578	157406393021099
157406955906880	157406977017556	157406955725473
157408642820733	157408661349535	157408642709171
157409065735993	157409094909066	157409065609066
157410333621149	157410362271826	157410333496253
157410368337555	157410395627972	157410368194014
157410410071045	157410428979951	157410409922139
157410425642399	157410445655263	157410425527087
157410457814066	157410479003648	157410457685003
157410474598701	157410495680367	157410474486357
157410666313649	157410695795888	157410666195680
157410866931305	157410895895992	157410866820003
157411247456878	157411279461149	157411247319170
157411629275107	157411646280002	157411629149222
157414118262762	157414147484220	157414118096929
157414528881616	157414547685678	157414528770835

=== poll 1790130713.836511621
16666666
157353489268671	157353514516952	157353489182890
157353507819192	157353531183670	157353507743931
157353528264504	157353547854139	157353528174608
157353553931744	157353581183827	157353553821848
157353600499348	157353631179244	157353600408827
157353638513775	157353664513097	157353638394088
157353654125962	157353681179504	157353654048202
157353695465806	157353714513723	157353695361587
157353726921483	157353747839504	157353726853515
157353764431119	157353781165180	157353764302629
157353997362733	157354014478201	157353997217264
157354013159973	157354031144504	157354013089556
157354027479400	157354047811535	157354027393046
157354075819139	157354097806170	157354075707733
157354099726691	157354131132785	157354099634764
157354117567004	157354147799503	157354102465754
157354342653098	157354364455806	157354342504973
157354791578514	157354814445910	157354791471379
157362667297678	157362698640854	157362667152782
157363161584761	157363182220698	157363161446584
157363206833303	157363232232677	157363206714605
157363265972730	157363282242833	157363265830334
157363492134969	157363515621531	157363491996740
157363722737729	157363748943875	157363722611636
157363947585177	157363965611323	157363947364344
157364182217573	157364198931218	157364182140386
157365278839135	157365299291530	157365278707625
157365565572677	157365582704447	157365565396791
157365614381427	157365632721635	157365614253458
157365664225385	157365682738562	157365664087677
157365894432989	157365916159291	157365894328562
157366341342781	157366366339343	157366341223562
157366756310853	157366783205124	157366756180645
157368313892728	157368333733925	157368313747780
157369628255436	157369650456112	157369628101738
157369851811425	157369883777414	157369851675800
157369904525123	157369933771790	157369904395175
157369931829342	157369950442362	157369931719081
157370164215071	157370183810279	157370163952206
157370637072154	157370667186216	157370636882935
157371080369133	157371100746215	157371080247570
157377703980016	157377735823922	157377703830693
157378143200328	157378169148609	157378143085745
157378174939599	157378202484598	157378174816995
157378224519182	157378252481995	157378224399443
157378442177828	157378469173609	157378442031526
157378659084963	157378685912515	157378658984703
157379084967099	157379102672932	157379084788192
157380681823713	157380703029910	157380681707619
157381118899494	157381136388451	157381118796421
157382283616524	157382303126003	157382283331993
157382570842983	157382603151941	157382570713035
157382803545847	157382819795013	157382803414545
157382849236264	157382869785326	157382849109545
157382884626472	157382903118815	157382884518243
157382934219753	157382953122461	157382934098608
157383154186420	157383186480482	157383153980326
157383648484441	157383669799805	157383648337149
157384178256784	157384203180377	157384178172670
157384698388190	157384719988398	157384698253919
157385169011888	157385186789075	157385168858034
157385671590950	157385703614491	157385671480690
157387191903762	157387221031001	157387191793398
157387418452460	157387437775845	157387418316262
157387471476835	157387487804804	157387471353814
157387718461210	157387737868709	157387718343970
157387726661314	157387754538970	157387726585585
157388256677668	157388287998241	157388256586522
157388698646157	157388721332146	157388698507616
157389411296730	157389438116782	157389411170220
157390024724386	157390054681677	157390024603397
157392397403604	157392421329541	157392397266625
157392867804385	157392887997510	157392867683968
157393725804958	157393754590947	157393725669228
157394309174020	157394337954072	157394309019905
157394348152197	157394371289644	157394348029489
157394393335478	157394421300321	157394393222874
157394603731728	157394621320061	157394603394176
157394820347561	157394838054540	157394820227561
157395254586207	157395271471467	157395254446207
157395261128342	157395288143759	157395261027145
157398148731987	157398172755216	157398148570789
157398744643393	157398773029590	157398744495060
157398941855372	157398973050268	157398941728706
157399134193497	157399156433341	157399134051935
157399366116205	157399389841413	157399366006205
157399561758705	157399589897924	157399561634174
157400772455215	157400790486413	157400772325528
157400961430476	157400990596621	157400961143809
157401145806257	157401173991673	157401145667194
157401180738705	157401207338183	157401180585580
157401213933705	157401240692246	157401213816882
157401425484069	157401457473391	157401425359746
157401695269330	157401724227038	157401695111673
157401900206257	157401924354121	157401900101048
157402111779173	157402141141360	157402111654173
157402325810319	157402357894902	157402325627559
157403177967714	157403208138651	157403177850214
157403376939798	157403408213026	157403376810579
157403421936621	157403441566464	157403421809589
157403632717766	157403658351515	157403632567975
157403645419485	157403675027662	157403635147610
157403662246308	157403691704276	157403655852193
157404122096360	157404142030318	157404122008860
157406393248026	157406410105578	157406393021099
157406955906880	157406977017556	157406955725473
157408642820733	157408661349535	157408642709171
157409065735993	157409094909066	157409065609066
157410333621149	157410362271826	157410333496253
157410368337555	157410395627972	157410368194014
157410410071045	157410428979951	157410409922139
157410425642399	157410445655263	157410425527087
157410457814066	157410479003648	157410457685003
157410474598701	157410495680367	157410474486357
157410666313649	157410695795888	157410666195680
157410866931305	157410895895992	157410866820003
157411247456878	157411279461149	157411247319170
157411629275107	157411646280002	157411629149222
157414118262762	157414147484220	157414118096929
157414528881616	157414547685678	157414528770835
157415749138543	157415781753490	157415749006199
157415939711199	157415965193126	157415939585470
157415973029272	157415998553803	157415972899168
157416001785887	157416031911199	157416001677657
157416019437710	157416048589532	157416004150678
157416229289168	157416248725104	157416229197189
157416455903439	157416482210625	157416455813959

=== poll 1790130716.193004693
16666666
157353695465806	157353714513723	157353695361587
157353726921483	157353747839504	157353726853515
157353764431119	157353781165180	157353764302629
157353997362733	157354014478201	157353997217264
157354013159973	157354031144504	157354013089556
157354027479400	157354047811535	157354027393046
157354075819139	157354097806170	157354075707733
157354099726691	157354131132785	157354099634764
157354117567004	157354147799503	157354102465754
157354342653098	157354364455806	157354342504973
157354791578514	157354814445910	157354791471379
157362667297678	157362698640854	157362667152782
157363161584761	157363182220698	157363161446584
157363206833303	157363232232677	157363206714605
157363265972730	157363282242833	157363265830334
157363492134969	157363515621531	157363491996740
157363722737729	157363748943875	157363722611636
157363947585177	157363965611323	157363947364344
157364182217573	157364198931218	157364182140386
157365278839135	157365299291530	157365278707625
157365565572677	157365582704447	157365565396791
157365614381427	157365632721635	157365614253458
157365664225385	157365682738562	157365664087677
157365894432989	157365916159291	157365894328562
157366341342781	157366366339343	157366341223562
157366756310853	157366783205124	157366756180645
157368313892728	157368333733925	157368313747780
157369628255436	157369650456112	157369628101738
157369851811425	157369883777414	157369851675800
157369904525123	157369933771790	157369904395175
157369931829342	157369950442362	157369931719081
157370164215071	157370183810279	157370163952206
157370637072154	157370667186216	157370636882935
157371080369133	157371100746215	157371080247570
157377703980016	157377735823922	157377703830693
157378143200328	157378169148609	157378143085745
157378174939599	157378202484598	157378174816995
157378224519182	157378252481995	157378224399443
157378442177828	157378469173609	157378442031526
157378659084963	157378685912515	157378658984703
157379084967099	157379102672932	157379084788192
157380681823713	157380703029910	157380681707619
157381118899494	157381136388451	157381118796421
157382283616524	157382303126003	157382283331993
157382570842983	157382603151941	157382570713035
157382803545847	157382819795013	157382803414545
157382849236264	157382869785326	157382849109545
157382884626472	157382903118815	157382884518243
157382934219753	157382953122461	157382934098608
157383154186420	157383186480482	157383153980326
157383648484441	157383669799805	157383648337149
157384178256784	157384203180377	157384178172670
157384698388190	157384719988398	157384698253919
157385169011888	157385186789075	157385168858034
157385671590950	157385703614491	157385671480690
157387191903762	157387221031001	157387191793398
157387418452460	157387437775845	157387418316262
157387471476835	157387487804804	157387471353814
157387718461210	157387737868709	157387718343970
157387726661314	157387754538970	157387726585585
157388256677668	157388287998241	157388256586522
157388698646157	157388721332146	157388698507616
157389411296730	157389438116782	157389411170220
157390024724386	157390054681677	157390024603397
157392397403604	157392421329541	157392397266625
157392867804385	157392887997510	157392867683968
157393725804958	157393754590947	157393725669228
157394309174020	157394337954072	157394309019905
157394348152197	157394371289644	157394348029489
157394393335478	157394421300321	157394393222874
157394603731728	157394621320061	157394603394176
157394820347561	157394838054540	157394820227561
157395254586207	157395271471467	157395254446207
157395261128342	157395288143759	157395261027145
157398148731987	157398172755216	157398148570789
157398744643393	157398773029590	157398744495060
157398941855372	157398973050268	157398941728706
157399134193497	157399156433341	157399134051935
157399366116205	157399389841413	157399366006205
157399561758705	157399589897924	157399561634174
157400772455215	157400790486413	157400772325528
157400961430476	157400990596621	157400961143809
157401145806257	157401173991673	157401145667194
157401180738705	157401207338183	157401180585580
157401213933705	157401240692246	157401213816882
157401425484069	157401457473391	157401425359746
157401695269330	157401724227038	157401695111673
157401900206257	157401924354121	157401900101048
157402111779173	157402141141360	157402111654173
157402325810319	157402357894902	157402325627559
157403177967714	157403208138651	157403177850214
157403376939798	157403408213026	157403376810579
157403421936621	157403441566464	157403421809589
157403632717766	157403658351515	157403632567975
157403645419485	157403675027662	157403635147610
157403662246308	157403691704276	157403655852193
157404122096360	157404142030318	157404122008860
157406393248026	157406410105578	157406393021099
157406955906880	157406977017556	157406955725473
157408642820733	157408661349535	157408642709171
157409065735993	157409094909066	157409065609066
157410333621149	157410362271826	157410333496253
157410368337555	157410395627972	157410368194014
157410410071045	157410428979951	157410409922139
157410425642399	157410445655263	157410425527087
157410457814066	157410479003648	157410457685003
157410474598701	157410495680367	157410474486357
157410666313649	157410695795888	157410666195680
157410866931305	157410895895992	157410866820003
157411247456878	157411279461149	157411247319170
157411629275107	157411646280002	157411629149222
157414118262762	157414147484220	157414118096929
157414528881616	157414547685678	157414528770835
157415749138543	157415781753490	157415749006199
157415939711199	157415965193126	157415939585470
157415973029272	157415998553803	157415972899168
157416001785887	157416031911199	157416001677657
157416019437710	157416048589532	157416004150678
157416229289168	157416248725104	157416229197189
157416455903439	157416482210625	157416455813959
157417095050522	157417115889376	157417094932136
157417307037292	157417332707449	157417306912553
157417353634324	157417382745990	157417353502292
157417570157136	157417599552708	157417570045001
157417782289271	157417799704948	157417782141094
157417981252084	157417999892553	157417981129375
157418385315104	157418416920937	157418385140469

=== poll 1790130718.554311150
16666666
157353695465806	157353714513723	157353695361587
157353726921483	157353747839504	157353726853515
157353764431119	157353781165180	157353764302629
157353997362733	157354014478201	157353997217264
157354013159973	157354031144504	157354013089556
157354027479400	157354047811535	157354027393046
157354075819139	157354097806170	157354075707733
157354099726691	157354131132785	157354099634764
157354117567004	157354147799503	157354102465754
157354342653098	157354364455806	157354342504973
157354791578514	157354814445910	157354791471379
157362667297678	157362698640854	157362667152782
157363161584761	157363182220698	157363161446584
157363206833303	157363232232677	157363206714605
157363265972730	157363282242833	157363265830334
157363492134969	157363515621531	157363491996740
157363722737729	157363748943875	157363722611636
157363947585177	157363965611323	157363947364344
157364182217573	157364198931218	157364182140386
157365278839135	157365299291530	157365278707625
157365565572677	157365582704447	157365565396791
157365614381427	157365632721635	157365614253458
157365664225385	157365682738562	157365664087677
157365894432989	157365916159291	157365894328562
157366341342781	157366366339343	157366341223562
157366756310853	157366783205124	157366756180645
157368313892728	157368333733925	157368313747780
157369628255436	157369650456112	157369628101738
157369851811425	157369883777414	157369851675800
157369904525123	157369933771790	157369904395175
157369931829342	157369950442362	157369931719081
157370164215071	157370183810279	157370163952206
157370637072154	157370667186216	157370636882935
157371080369133	157371100746215	157371080247570
157377703980016	157377735823922	157377703830693
157378143200328	157378169148609	157378143085745
157378174939599	157378202484598	157378174816995
157378224519182	157378252481995	157378224399443
157378442177828	157378469173609	157378442031526
157378659084963	157378685912515	157378658984703
157379084967099	157379102672932	157379084788192
157380681823713	157380703029910	157380681707619
157381118899494	157381136388451	157381118796421
157382283616524	157382303126003	157382283331993
157382570842983	157382603151941	157382570713035
157382803545847	157382819795013	157382803414545
157382849236264	157382869785326	157382849109545
157382884626472	157382903118815	157382884518243
157382934219753	157382953122461	157382934098608
157383154186420	157383186480482	157383153980326
157383648484441	157383669799805	157383648337149
157384178256784	157384203180377	157384178172670
157384698388190	157384719988398	157384698253919
157385169011888	157385186789075	157385168858034
157385671590950	157385703614491	157385671480690
157387191903762	157387221031001	157387191793398
157387418452460	157387437775845	157387418316262
157387471476835	157387487804804	157387471353814
157387718461210	157387737868709	157387718343970
157387726661314	157387754538970	157387726585585
157388256677668	157388287998241	157388256586522
157388698646157	157388721332146	157388698507616
157389411296730	157389438116782	157389411170220
157390024724386	157390054681677	157390024603397
157392397403604	157392421329541	157392397266625
157392867804385	157392887997510	157392867683968
157393725804958	157393754590947	157393725669228
157394309174020	157394337954072	157394309019905
157394348152197	157394371289644	157394348029489
157394393335478	157394421300321	157394393222874
157394603731728	157394621320061	157394603394176
157394820347561	157394838054540	157394820227561
157395254586207	157395271471467	157395254446207
157395261128342	157395288143759	157395261027145
157398148731987	157398172755216	157398148570789
157398744643393	157398773029590	157398744495060
157398941855372	157398973050268	157398941728706
157399134193497	157399156433341	157399134051935
157399366116205	157399389841413	157399366006205
157399561758705	157399589897924	157399561634174
157400772455215	157400790486413	157400772325528
157400961430476	157400990596621	157400961143809
157401145806257	157401173991673	157401145667194
157401180738705	157401207338183	157401180585580
157401213933705	157401240692246	157401213816882
157401425484069	157401457473391	157401425359746
157401695269330	157401724227038	157401695111673
157401900206257	157401924354121	157401900101048
157402111779173	157402141141360	157402111654173
157402325810319	157402357894902	157402325627559
157403177967714	157403208138651	157403177850214
157403376939798	157403408213026	157403376810579
157403421936621	157403441566464	157403421809589
157403632717766	157403658351515	157403632567975
157403645419485	157403675027662	157403635147610
157403662246308	157403691704276	157403655852193
157404122096360	157404142030318	157404122008860
157406393248026	157406410105578	157406393021099
157406955906880	157406977017556	157406955725473
157408642820733	157408661349535	157408642709171
157409065735993	157409094909066	157409065609066
157410333621149	157410362271826	157410333496253
157410368337555	157410395627972	157410368194014
157410410071045	157410428979951	157410409922139
157410425642399	157410445655263	157410425527087
157410457814066	157410479003648	157410457685003
157410474598701	157410495680367	157410474486357
157410666313649	157410695795888	157410666195680
157410866931305	157410895895992	157410866820003
157411247456878	157411279461149	157411247319170
157411629275107	157411646280002	157411629149222
157414118262762	157414147484220	157414118096929
157414528881616	157414547685678	157414528770835
157415749138543	157415781753490	157415749006199
157415939711199	157415965193126	157415939585470
157415973029272	157415998553803	157415972899168
157416001785887	157416031911199	157416001677657
157416019437710	157416048589532	157416004150678
157416229289168	157416248725104	157416229197189
157416455903439	157416482210625	157416455813959
157417095050522	157417115889376	157417094932136
157417307037292	157417332707449	157417306912553
157417353634324	157417382745990	157417353502292
157417570157136	157417599552708	157417570045001
157417782289271	157417799704948	157417782141094
157417981252084	157417999892553	157417981129375
157418385315104	157418416920937	157418385140469

=== poll 1790130720.883079691
16666666
157353764431119	157353781165180	157353764302629
157353997362733	157354014478201	157353997217264
157354013159973	157354031144504	157354013089556
157354027479400	157354047811535	157354027393046
157354075819139	157354097806170	157354075707733
157354099726691	157354131132785	157354099634764
157354117567004	157354147799503	157354102465754
157354342653098	157354364455806	157354342504973
157354791578514	157354814445910	157354791471379
157362667297678	157362698640854	157362667152782
157363161584761	157363182220698	157363161446584
157363206833303	157363232232677	157363206714605
157363265972730	157363282242833	157363265830334
157363492134969	157363515621531	157363491996740
157363722737729	157363748943875	157363722611636
157363947585177	157363965611323	157363947364344
157364182217573	157364198931218	157364182140386
157365278839135	157365299291530	157365278707625
157365565572677	157365582704447	157365565396791
157365614381427	157365632721635	157365614253458
157365664225385	157365682738562	157365664087677
157365894432989	157365916159291	157365894328562
157366341342781	157366366339343	157366341223562
157366756310853	157366783205124	157366756180645
157368313892728	157368333733925	157368313747780
157369628255436	157369650456112	157369628101738
157369851811425	157369883777414	157369851675800
157369904525123	157369933771790	157369904395175
157369931829342	157369950442362	157369931719081
157370164215071	157370183810279	157370163952206
157370637072154	157370667186216	157370636882935
157371080369133	157371100746215	157371080247570
157377703980016	157377735823922	157377703830693
157378143200328	157378169148609	157378143085745
157378174939599	157378202484598	157378174816995
157378224519182	157378252481995	157378224399443
157378442177828	157378469173609	157378442031526
157378659084963	157378685912515	157378658984703
157379084967099	157379102672932	157379084788192
157380681823713	157380703029910	157380681707619
157381118899494	157381136388451	157381118796421
157382283616524	157382303126003	157382283331993
157382570842983	157382603151941	157382570713035
157382803545847	157382819795013	157382803414545
157382849236264	157382869785326	157382849109545
157382884626472	157382903118815	157382884518243
157382934219753	157382953122461	157382934098608
157383154186420	157383186480482	157383153980326
157383648484441	157383669799805	157383648337149
157384178256784	157384203180377	157384178172670
157384698388190	157384719988398	157384698253919
157385169011888	157385186789075	157385168858034
157385671590950	157385703614491	157385671480690
157387191903762	157387221031001	157387191793398
157387418452460	157387437775845	157387418316262
157387471476835	157387487804804	157387471353814
157387718461210	157387737868709	157387718343970
157387726661314	157387754538970	157387726585585
157388256677668	157388287998241	157388256586522
157388698646157	157388721332146	157388698507616
157389411296730	157389438116782	157389411170220
157390024724386	157390054681677	157390024603397
157392397403604	157392421329541	157392397266625
157392867804385	157392887997510	157392867683968
157393725804958	157393754590947	157393725669228
157394309174020	157394337954072	157394309019905
157394348152197	157394371289644	157394348029489
157394393335478	157394421300321	157394393222874
157394603731728	157394621320061	157394603394176
157394820347561	157394838054540	157394820227561
157395254586207	157395271471467	157395254446207
157395261128342	157395288143759	157395261027145
157398148731987	157398172755216	157398148570789
157398744643393	157398773029590	157398744495060
157398941855372	157398973050268	157398941728706
157399134193497	157399156433341	157399134051935
157399366116205	157399389841413	157399366006205
157399561758705	157399589897924	157399561634174
157400772455215	157400790486413	157400772325528
157400961430476	157400990596621	157400961143809
157401145806257	157401173991673	157401145667194
157401180738705	157401207338183	157401180585580
157401213933705	157401240692246	157401213816882
157401425484069	157401457473391	157401425359746
157401695269330	157401724227038	157401695111673
157401900206257	157401924354121	157401900101048
157402111779173	157402141141360	157402111654173
157402325810319	157402357894902	157402325627559
157403177967714	157403208138651	157403177850214
157403376939798	157403408213026	157403376810579
157403421936621	157403441566464	157403421809589
157403632717766	157403658351515	157403632567975
157403645419485	157403675027662	157403635147610
157403662246308	157403691704276	157403655852193
157404122096360	157404142030318	157404122008860
157406393248026	157406410105578	157406393021099
157406955906880	157406977017556	157406955725473
157408642820733	157408661349535	157408642709171
157409065735993	157409094909066	157409065609066
157410333621149	157410362271826	157410333496253
157410368337555	157410395627972	157410368194014
157410410071045	157410428979951	157410409922139
157410425642399	157410445655263	157410425527087
157410457814066	157410479003648	157410457685003
157410474598701	157410495680367	157410474486357
157410666313649	157410695795888	157410666195680
157410866931305	157410895895992	157410866820003
157411247456878	157411279461149	157411247319170
157411629275107	157411646280002	157411629149222
157414118262762	157414147484220	157414118096929
157414528881616	157414547685678	157414528770835
157415749138543	157415781753490	157415749006199
157415939711199	157415965193126	157415939585470
157415973029272	157415998553803	157415972899168
157416001785887	157416031911199	157416001677657
157416019437710	157416048589532	157416004150678
157416229289168	157416248725104	157416229197189
157416455903439	157416482210625	157416455813959
157417095050522	157417115889376	157417094932136
157417307037292	157417332707449	157417306912553
157417353634324	157417382745990	157417353502292
157417570157136	157417599552708	157417570045001
157417782289271	157417799704948	157417782141094
157417981252084	157417999892553	157417981129375
157418385315104	157418416920937	157418385140469
157422788790832	157422819962446	157422788597447
157423211046144	157423236881977	157423210926248

=== poll 1790130723.287861252
16666666
157354117567004	157354147799503	157354102465754
157354342653098	157354364455806	157354342504973
157354791578514	157354814445910	157354791471379
157362667297678	157362698640854	157362667152782
157363161584761	157363182220698	157363161446584
157363206833303	157363232232677	157363206714605
157363265972730	157363282242833	157363265830334
157363492134969	157363515621531	157363491996740
157363722737729	157363748943875	157363722611636
157363947585177	157363965611323	157363947364344
157364182217573	157364198931218	157364182140386
157365278839135	157365299291530	157365278707625
157365565572677	157365582704447	157365565396791
157365614381427	157365632721635	157365614253458
157365664225385	157365682738562	157365664087677
157365894432989	157365916159291	157365894328562
157366341342781	157366366339343	157366341223562
157366756310853	157366783205124	157366756180645
157368313892728	157368333733925	157368313747780
157369628255436	157369650456112	157369628101738
157369851811425	157369883777414	157369851675800
157369904525123	157369933771790	157369904395175
157369931829342	157369950442362	157369931719081
157370164215071	157370183810279	157370163952206
157370637072154	157370667186216	157370636882935
157371080369133	157371100746215	157371080247570
157377703980016	157377735823922	157377703830693
157378143200328	157378169148609	157378143085745
157378174939599	157378202484598	157378174816995
157378224519182	157378252481995	157378224399443
157378442177828	157378469173609	157378442031526
157378659084963	157378685912515	157378658984703
157379084967099	157379102672932	157379084788192
157380681823713	157380703029910	157380681707619
157381118899494	157381136388451	157381118796421
157382283616524	157382303126003	157382283331993
157382570842983	157382603151941	157382570713035
157382803545847	157382819795013	157382803414545
157382849236264	157382869785326	157382849109545
157382884626472	157382903118815	157382884518243
157382934219753	157382953122461	157382934098608
157383154186420	157383186480482	157383153980326
157383648484441	157383669799805	157383648337149
157384178256784	157384203180377	157384178172670
157384698388190	157384719988398	157384698253919
157385169011888	157385186789075	157385168858034
157385671590950	157385703614491	157385671480690
157387191903762	157387221031001	157387191793398
157387418452460	157387437775845	157387418316262
157387471476835	157387487804804	157387471353814
157387718461210	157387737868709	157387718343970
157387726661314	157387754538970	157387726585585
157388256677668	157388287998241	157388256586522
157388698646157	157388721332146	157388698507616
157389411296730	157389438116782	157389411170220
157390024724386	157390054681677	157390024603397
157392397403604	157392421329541	157392397266625
157392867804385	157392887997510	157392867683968
157393725804958	157393754590947	157393725669228
157394309174020	157394337954072	157394309019905
157394348152197	157394371289644	157394348029489
157394393335478	157394421300321	157394393222874
157394603731728	157394621320061	157394603394176
157394820347561	157394838054540	157394820227561
157395254586207	157395271471467	157395254446207
157395261128342	157395288143759	157395261027145
157398148731987	157398172755216	157398148570789
157398744643393	157398773029590	157398744495060
157398941855372	157398973050268	157398941728706
157399134193497	157399156433341	157399134051935
157399366116205	157399389841413	157399366006205
157399561758705	157399589897924	157399561634174
157400772455215	157400790486413	157400772325528
157400961430476	157400990596621	157400961143809
157401145806257	157401173991673	157401145667194
157401180738705	157401207338183	157401180585580
157401213933705	157401240692246	157401213816882
157401425484069	157401457473391	157401425359746
157401695269330	157401724227038	157401695111673
157401900206257	157401924354121	157401900101048
157402111779173	157402141141360	157402111654173
157402325810319	157402357894902	157402325627559
157403177967714	157403208138651	157403177850214
157403376939798	157403408213026	157403376810579
157403421936621	157403441566464	157403421809589
157403632717766	157403658351515	157403632567975
157403645419485	157403675027662	157403635147610
157403662246308	157403691704276	157403655852193
157404122096360	157404142030318	157404122008860
157406393248026	157406410105578	157406393021099
157406955906880	157406977017556	157406955725473
157408642820733	157408661349535	157408642709171
157409065735993	157409094909066	157409065609066
157410333621149	157410362271826	157410333496253
157410368337555	157410395627972	157410368194014
157410410071045	157410428979951	157410409922139
157410425642399	157410445655263	157410425527087
157410457814066	157410479003648	157410457685003
157410474598701	157410495680367	157410474486357
157410666313649	157410695795888	157410666195680
157410866931305	157410895895992	157410866820003
157411247456878	157411279461149	157411247319170
157411629275107	157411646280002	157411629149222
157414118262762	157414147484220	157414118096929
157414528881616	157414547685678	157414528770835
157415749138543	157415781753490	157415749006199
157415939711199	157415965193126	157415939585470
157415973029272	157415998553803	157415972899168
157416001785887	157416031911199	157416001677657
157416019437710	157416048589532	157416004150678
157416229289168	157416248725104	157416229197189
157416455903439	157416482210625	157416455813959
157417095050522	157417115889376	157417094932136
157417307037292	157417332707449	157417306912553
157417353634324	157417382745990	157417353502292
157417570157136	157417599552708	157417570045001
157417782289271	157417799704948	157417782141094
157417981252084	157417999892553	157417981129375
157418385315104	157418416920937	157418385140469
157422788790832	157422819962446	157422788597447
157423211046144	157423236881977	157423210926248
157424513370310	157424537437185	157424513222810
157424725497237	157424754197810	157424725319425
157424794831665	157424820889372	157424794701717
157424992688331	157425020952706	157424992576717
157425417188956	157425437844945	157425417051352
157425821418904	157425838098070	157425821292862

=== poll 1790130725.632504064
16666666
157354342653098	157354364455806	157354342504973
157354791578514	157354814445910	157354791471379
157362667297678	157362698640854	157362667152782
157363161584761	157363182220698	157363161446584
157363206833303	157363232232677	157363206714605
157363265972730	157363282242833	157363265830334
157363492134969	157363515621531	157363491996740
157363722737729	157363748943875	157363722611636
157363947585177	157363965611323	157363947364344
157364182217573	157364198931218	157364182140386
157365278839135	157365299291530	157365278707625
157365565572677	157365582704447	157365565396791
157365614381427	157365632721635	157365614253458
157365664225385	157365682738562	157365664087677
157365894432989	157365916159291	157365894328562
157366341342781	157366366339343	157366341223562
157366756310853	157366783205124	157366756180645
157368313892728	157368333733925	157368313747780
157369628255436	157369650456112	157369628101738
157369851811425	157369883777414	157369851675800
157369904525123	157369933771790	157369904395175
157369931829342	157369950442362	157369931719081
157370164215071	157370183810279	157370163952206
157370637072154	157370667186216	157370636882935
157371080369133	157371100746215	157371080247570
157377703980016	157377735823922	157377703830693
157378143200328	157378169148609	157378143085745
157378174939599	157378202484598	157378174816995
157378224519182	157378252481995	157378224399443
157378442177828	157378469173609	157378442031526
157378659084963	157378685912515	157378658984703
157379084967099	157379102672932	157379084788192
157380681823713	157380703029910	157380681707619
157381118899494	157381136388451	157381118796421
157382283616524	157382303126003	157382283331993
157382570842983	157382603151941	157382570713035
157382803545847	157382819795013	157382803414545
157382849236264	157382869785326	157382849109545
157382884626472	157382903118815	157382884518243
157382934219753	157382953122461	157382934098608
157383154186420	157383186480482	157383153980326
157383648484441	157383669799805	157383648337149
157384178256784	157384203180377	157384178172670
157384698388190	157384719988398	157384698253919
157385169011888	157385186789075	157385168858034
157385671590950	157385703614491	157385671480690
157387191903762	157387221031001	157387191793398
157387418452460	157387437775845	157387418316262
157387471476835	157387487804804	157387471353814
157387718461210	157387737868709	157387718343970
157387726661314	157387754538970	157387726585585
157388256677668	157388287998241	157388256586522
157388698646157	157388721332146	157388698507616
157389411296730	157389438116782	157389411170220
157390024724386	157390054681677	157390024603397
157392397403604	157392421329541	157392397266625
157392867804385	157392887997510	157392867683968
157393725804958	157393754590947	157393725669228
157394309174020	157394337954072	157394309019905
157394348152197	157394371289644	157394348029489
157394393335478	157394421300321	157394393222874
157394603731728	157394621320061	157394603394176
157394820347561	157394838054540	157394820227561
157395254586207	157395271471467	157395254446207
157395261128342	157395288143759	157395261027145
157398148731987	157398172755216	157398148570789
157398744643393	157398773029590	157398744495060
157398941855372	157398973050268	157398941728706
157399134193497	157399156433341	157399134051935
157399366116205	157399389841413	157399366006205
157399561758705	157399589897924	157399561634174
157400772455215	157400790486413	157400772325528
157400961430476	157400990596621	157400961143809
157401145806257	157401173991673	157401145667194
157401180738705	157401207338183	157401180585580
157401213933705	157401240692246	157401213816882
157401425484069	157401457473391	157401425359746
157401695269330	157401724227038	157401695111673
157401900206257	157401924354121	157401900101048
157402111779173	157402141141360	157402111654173
157402325810319	157402357894902	157402325627559
157403177967714	157403208138651	157403177850214
157403376939798	157403408213026	157403376810579
157403421936621	157403441566464	157403421809589
157403632717766	157403658351515	157403632567975
157403645419485	157403675027662	157403635147610
157403662246308	157403691704276	157403655852193
157404122096360	157404142030318	157404122008860
157406393248026	157406410105578	157406393021099
157406955906880	157406977017556	157406955725473
157408642820733	157408661349535	157408642709171
157409065735993	157409094909066	157409065609066
157410333621149	157410362271826	157410333496253
157410368337555	157410395627972	157410368194014
157410410071045	157410428979951	157410409922139
157410425642399	157410445655263	157410425527087
157410457814066	157410479003648	157410457685003
157410474598701	157410495680367	157410474486357
157410666313649	157410695795888	157410666195680
157410866931305	157410895895992	157410866820003
157411247456878	157411279461149	157411247319170
157411629275107	157411646280002	157411629149222
157414118262762	157414147484220	157414118096929
157414528881616	157414547685678	157414528770835
157415749138543	157415781753490	157415749006199
157415939711199	157415965193126	157415939585470
157415973029272	157415998553803	157415972899168
157416001785887	157416031911199	157416001677657
157416019437710	157416048589532	157416004150678
157416229289168	157416248725104	157416229197189
157416455903439	157416482210625	157416455813959
157417095050522	157417115889376	157417094932136
157417307037292	157417332707449	157417306912553
157417353634324	157417382745990	157417353502292
157417570157136	157417599552708	157417570045001
157417782289271	157417799704948	157417782141094
157417981252084	157417999892553	157417981129375
157418385315104	157418416920937	157418385140469
157422788790832	157422819962446	157422788597447
157423211046144	157423236881977	157423210926248
157424513370310	157424537437185	157424513222810
157424725497237	157424754197810	157424725319425
157424794831665	157424820889372	157424794701717
157424992688331	157425020952706	157424992576717
157425417188956	157425437844945	157425417051352
157425821418904	157425838098070	157425821292862
157428460396142	157428489324528	157428459909059

=== poll 1790130727.960039532
16666666
157363722737729	157363748943875	157363722611636
157363947585177	157363965611323	157363947364344
157364182217573	157364198931218	157364182140386
157365278839135	157365299291530	157365278707625
157365565572677	157365582704447	157365565396791
157365614381427	157365632721635	157365614253458
157365664225385	157365682738562	157365664087677
157365894432989	157365916159291	157365894328562
157366341342781	157366366339343	157366341223562
157366756310853	157366783205124	157366756180645
157368313892728	157368333733925	157368313747780
157369628255436	157369650456112	157369628101738
157369851811425	157369883777414	157369851675800
157369904525123	157369933771790	157369904395175
157369931829342	157369950442362	157369931719081
157370164215071	157370183810279	157370163952206
157370637072154	157370667186216	157370636882935
157371080369133	157371100746215	157371080247570
157377703980016	157377735823922	157377703830693
157378143200328	157378169148609	157378143085745
157378174939599	157378202484598	157378174816995
157378224519182	157378252481995	157378224399443
157378442177828	157378469173609	157378442031526
157378659084963	157378685912515	157378658984703
157379084967099	157379102672932	157379084788192
157380681823713	157380703029910	157380681707619
157381118899494	157381136388451	157381118796421
157382283616524	157382303126003	157382283331993
157382570842983	157382603151941	157382570713035
157382803545847	157382819795013	157382803414545
157382849236264	157382869785326	157382849109545
157382884626472	157382903118815	157382884518243
157382934219753	157382953122461	157382934098608
157383154186420	157383186480482	157383153980326
157383648484441	157383669799805	157383648337149
157384178256784	157384203180377	157384178172670
157384698388190	157384719988398	157384698253919
157385169011888	157385186789075	157385168858034
157385671590950	157385703614491	157385671480690
157387191903762	157387221031001	157387191793398
157387418452460	157387437775845	157387418316262
157387471476835	157387487804804	157387471353814
157387718461210	157387737868709	157387718343970
157387726661314	157387754538970	157387726585585
157388256677668	157388287998241	157388256586522
157388698646157	157388721332146	157388698507616
157389411296730	157389438116782	157389411170220
157390024724386	157390054681677	157390024603397
157392397403604	157392421329541	157392397266625
157392867804385	157392887997510	157392867683968
157393725804958	157393754590947	157393725669228
157394309174020	157394337954072	157394309019905
157394348152197	157394371289644	157394348029489
157394393335478	157394421300321	157394393222874
157394603731728	157394621320061	157394603394176
157394820347561	157394838054540	157394820227561
157395254586207	157395271471467	157395254446207
157395261128342	157395288143759	157395261027145
157398148731987	157398172755216	157398148570789
157398744643393	157398773029590	157398744495060
157398941855372	157398973050268	157398941728706
157399134193497	157399156433341	157399134051935
157399366116205	157399389841413	157399366006205
157399561758705	157399589897924	157399561634174
157400772455215	157400790486413	157400772325528
157400961430476	157400990596621	157400961143809
157401145806257	157401173991673	157401145667194
157401180738705	157401207338183	157401180585580
157401213933705	157401240692246	157401213816882
157401425484069	157401457473391	157401425359746
157401695269330	157401724227038	157401695111673
157401900206257	157401924354121	157401900101048
157402111779173	157402141141360	157402111654173
157402325810319	157402357894902	157402325627559
157403177967714	157403208138651	157403177850214
157403376939798	157403408213026	157403376810579
157403421936621	157403441566464	157403421809589
157403632717766	157403658351515	157403632567975
157403645419485	157403675027662	157403635147610
157403662246308	157403691704276	157403655852193
157404122096360	157404142030318	157404122008860
157406393248026	157406410105578	157406393021099
157406955906880	157406977017556	157406955725473
157408642820733	157408661349535	157408642709171
157409065735993	157409094909066	157409065609066
157410333621149	157410362271826	157410333496253
157410368337555	157410395627972	157410368194014
157410410071045	157410428979951	157410409922139
157410425642399	157410445655263	157410425527087
157410457814066	157410479003648	157410457685003
157410474598701	157410495680367	157410474486357
157410666313649	157410695795888	157410666195680
157410866931305	157410895895992	157410866820003
157411247456878	157411279461149	157411247319170
157411629275107	157411646280002	157411629149222
157414118262762	157414147484220	157414118096929
157414528881616	157414547685678	157414528770835
157415749138543	157415781753490	157415749006199
157415939711199	157415965193126	157415939585470
157415973029272	157415998553803	157415972899168
157416001785887	157416031911199	157416001677657
157416019437710	157416048589532	157416004150678
157416229289168	157416248725104	157416229197189
157416455903439	157416482210625	157416455813959
157417095050522	157417115889376	157417094932136
157417307037292	157417332707449	157417306912553
157417353634324	157417382745990	157417353502292
157417570157136	157417599552708	157417570045001
157417782289271	157417799704948	157417782141094
157417981252084	157417999892553	157417981129375
157418385315104	157418416920937	157418385140469
157422788790832	157422819962446	157422788597447
157423211046144	157423236881977	157423210926248
157424513370310	157424537437185	157424513222810
157424725497237	157424754197810	157424725319425
157424794831665	157424820889372	157424794701717
157424992688331	157425020952706	157424992576717
157425417188956	157425437844945	157425417051352
157425821418904	157425838098070	157425821292862
157428460396142	157428489324528	157428459909059
157428907170621	157428939444787	157428907034528
157430127100517	157430156382912	157430126987392
157430338161246	157430356381610	157430338021089
157430375311037	157430406387600	157430375106402
157430410554892	157430439737234	157430410445621
157430433709267	157430456410464	157430433609006
157430643795621	157430673121454	157430643674891

=== poll 1790130730.457833854
16666666
157366756310853	157366783205124	157366756180645
157368313892728	157368333733925	157368313747780
157369628255436	157369650456112	157369628101738
157369851811425	157369883777414	157369851675800
157369904525123	157369933771790	157369904395175
157369931829342	157369950442362	157369931719081
157370164215071	157370183810279	157370163952206
157370637072154	157370667186216	157370636882935
157371080369133	157371100746215	157371080247570
157377703980016	157377735823922	157377703830693
157378143200328	157378169148609	157378143085745
157378174939599	157378202484598	157378174816995
157378224519182	157378252481995	157378224399443
157378442177828	157378469173609	157378442031526
157378659084963	157378685912515	157378658984703
157379084967099	157379102672932	157379084788192
157380681823713	157380703029910	157380681707619
157381118899494	157381136388451	157381118796421
157382283616524	157382303126003	157382283331993
157382570842983	157382603151941	157382570713035
157382803545847	157382819795013	157382803414545
157382849236264	157382869785326	157382849109545
157382884626472	157382903118815	157382884518243
157382934219753	157382953122461	157382934098608
157383154186420	157383186480482	157383153980326
157383648484441	157383669799805	157383648337149
157384178256784	157384203180377	157384178172670
157384698388190	157384719988398	157384698253919
157385169011888	157385186789075	157385168858034
157385671590950	157385703614491	157385671480690
157387191903762	157387221031001	157387191793398
157387418452460	157387437775845	157387418316262
157387471476835	157387487804804	157387471353814
157387718461210	157387737868709	157387718343970
157387726661314	157387754538970	157387726585585
157388256677668	157388287998241	157388256586522
157388698646157	157388721332146	157388698507616
157389411296730	157389438116782	157389411170220
157390024724386	157390054681677	157390024603397
157392397403604	157392421329541	157392397266625
157392867804385	157392887997510	157392867683968
157393725804958	157393754590947	157393725669228
157394309174020	157394337954072	157394309019905
157394348152197	157394371289644	157394348029489
157394393335478	157394421300321	157394393222874
157394603731728	157394621320061	157394603394176
157394820347561	157394838054540	157394820227561
157395254586207	157395271471467	157395254446207
157395261128342	157395288143759	157395261027145
157398148731987	157398172755216	157398148570789
157398744643393	157398773029590	157398744495060
157398941855372	157398973050268	157398941728706
157399134193497	157399156433341	157399134051935
157399366116205	157399389841413	157399366006205
157399561758705	157399589897924	157399561634174
157400772455215	157400790486413	157400772325528
157400961430476	157400990596621	157400961143809
157401145806257	157401173991673	157401145667194
157401180738705	157401207338183	157401180585580
157401213933705	157401240692246	157401213816882
157401425484069	157401457473391	157401425359746
157401695269330	157401724227038	157401695111673
157401900206257	157401924354121	157401900101048
157402111779173	157402141141360	157402111654173
157402325810319	157402357894902	157402325627559
157403177967714	157403208138651	157403177850214
157403376939798	157403408213026	157403376810579
157403421936621	157403441566464	157403421809589
157403632717766	157403658351515	157403632567975
157403645419485	157403675027662	157403635147610
157403662246308	157403691704276	157403655852193
157404122096360	157404142030318	157404122008860
157406393248026	157406410105578	157406393021099
157406955906880	157406977017556	157406955725473
157408642820733	157408661349535	157408642709171
157409065735993	157409094909066	157409065609066
157410333621149	157410362271826	157410333496253
157410368337555	157410395627972	157410368194014
157410410071045	157410428979951	157410409922139
157410425642399	157410445655263	157410425527087
157410457814066	157410479003648	157410457685003
157410474598701	157410495680367	157410474486357
157410666313649	157410695795888	157410666195680
157410866931305	157410895895992	157410866820003
157411247456878	157411279461149	157411247319170
157411629275107	157411646280002	157411629149222
157414118262762	157414147484220	157414118096929
157414528881616	157414547685678	157414528770835
157415749138543	157415781753490	157415749006199
157415939711199	157415965193126	157415939585470
157415973029272	157415998553803	157415972899168
157416001785887	157416031911199	157416001677657
157416019437710	157416048589532	157416004150678
157416229289168	157416248725104	157416229197189
157416455903439	157416482210625	157416455813959
157417095050522	157417115889376	157417094932136
157417307037292	157417332707449	157417306912553
157417353634324	157417382745990	157417353502292
157417570157136	157417599552708	157417570045001
157417782289271	157417799704948	157417782141094
157417981252084	157417999892553	157417981129375
157418385315104	157418416920937	157418385140469
157422788790832	157422819962446	157422788597447
157423211046144	157423236881977	157423210926248
157424513370310	157424537437185	157424513222810
157424725497237	157424754197810	157424725319425
157424794831665	157424820889372	157424794701717
157424992688331	157425020952706	157424992576717
157425417188956	157425437844945	157425417051352
157425821418904	157425838098070	157425821292862
157428460396142	157428489324528	157428459909059
157428907170621	157428939444787	157428907034528
157430127100517	157430156382912	157430126987392
157430338161246	157430356381610	157430338021089
157430375311037	157430406387600	157430375106402
157430410554892	157430439737234	157430410445621
157430433709267	157430456410464	157430433609006
157430643795621	157430673121454	157430643674891
157431283495256	157431306521140	157431283377183
157431503271974	157431523225360	157431503137443
157431549650412	157431573231401	157431549501766
157431768170151	157431789939682	157431768042912
157431969463745	157431989923328	157431969322443
157432186122547	157432206573744	157432185997651
157432572140672	157432589936870	157432571997391
157432976677755	157433006651609	157432976565307
157433397737338	157433423312650	157433397586609

=== poll 1790130732.786758176
16666666
157366756310853	157366783205124	157366756180645
157368313892728	157368333733925	157368313747780
157369628255436	157369650456112	157369628101738
157369851811425	157369883777414	157369851675800
157369904525123	157369933771790	157369904395175
157369931829342	157369950442362	157369931719081
157370164215071	157370183810279	157370163952206
157370637072154	157370667186216	157370636882935
157371080369133	157371100746215	157371080247570
157377703980016	157377735823922	157377703830693
157378143200328	157378169148609	157378143085745
157378174939599	157378202484598	157378174816995
157378224519182	157378252481995	157378224399443
157378442177828	157378469173609	157378442031526
157378659084963	157378685912515	157378658984703
157379084967099	157379102672932	157379084788192
157380681823713	157380703029910	157380681707619
157381118899494	157381136388451	157381118796421
157382283616524	157382303126003	157382283331993
157382570842983	157382603151941	157382570713035
157382803545847	157382819795013	157382803414545
157382849236264	157382869785326	157382849109545
157382884626472	157382903118815	157382884518243
157382934219753	157382953122461	157382934098608
157383154186420	157383186480482	157383153980326
157383648484441	157383669799805	157383648337149
157384178256784	157384203180377	157384178172670
157384698388190	157384719988398	157384698253919
157385169011888	157385186789075	157385168858034
157385671590950	157385703614491	157385671480690
157387191903762	157387221031001	157387191793398
157387418452460	157387437775845	157387418316262
157387471476835	157387487804804	157387471353814
157387718461210	157387737868709	157387718343970
157387726661314	157387754538970	157387726585585
157388256677668	157388287998241	157388256586522
157388698646157	157388721332146	157388698507616
157389411296730	157389438116782	157389411170220
157390024724386	157390054681677	157390024603397
157392397403604	157392421329541	157392397266625
157392867804385	157392887997510	157392867683968
157393725804958	157393754590947	157393725669228
157394309174020	157394337954072	157394309019905
157394348152197	157394371289644	157394348029489
157394393335478	157394421300321	157394393222874
157394603731728	157394621320061	157394603394176
157394820347561	157394838054540	157394820227561
157395254586207	157395271471467	157395254446207
157395261128342	157395288143759	157395261027145
157398148731987	157398172755216	157398148570789
157398744643393	157398773029590	157398744495060
157398941855372	157398973050268	157398941728706
157399134193497	157399156433341	157399134051935
157399366116205	157399389841413	157399366006205
157399561758705	157399589897924	157399561634174
157400772455215	157400790486413	157400772325528
157400961430476	157400990596621	157400961143809
157401145806257	157401173991673	157401145667194
157401180738705	157401207338183	157401180585580
157401213933705	157401240692246	157401213816882
157401425484069	157401457473391	157401425359746
157401695269330	157401724227038	157401695111673
157401900206257	157401924354121	157401900101048
157402111779173	157402141141360	157402111654173
157402325810319	157402357894902	157402325627559
157403177967714	157403208138651	157403177850214
157403376939798	157403408213026	157403376810579
157403421936621	157403441566464	157403421809589
157403632717766	157403658351515	157403632567975
157403645419485	157403675027662	157403635147610
157403662246308	157403691704276	157403655852193
157404122096360	157404142030318	157404122008860
157406393248026	157406410105578	157406393021099
157406955906880	157406977017556	157406955725473
157408642820733	157408661349535	157408642709171
157409065735993	157409094909066	157409065609066
157410333621149	157410362271826	157410333496253
157410368337555	157410395627972	157410368194014
157410410071045	157410428979951	157410409922139
157410425642399	157410445655263	157410425527087
157410457814066	157410479003648	157410457685003
157410474598701	157410495680367	157410474486357
157410666313649	157410695795888	157410666195680
157410866931305	157410895895992	157410866820003
157411247456878	157411279461149	157411247319170
157411629275107	157411646280002	157411629149222
157414118262762	157414147484220	157414118096929
157414528881616	157414547685678	157414528770835
157415749138543	157415781753490	157415749006199
157415939711199	157415965193126	157415939585470
157415973029272	157415998553803	157415972899168
157416001785887	157416031911199	157416001677657
157416019437710	157416048589532	157416004150678
157416229289168	157416248725104	157416229197189
157416455903439	157416482210625	157416455813959
157417095050522	157417115889376	157417094932136
157417307037292	157417332707449	157417306912553
157417353634324	157417382745990	157417353502292
157417570157136	157417599552708	157417570045001
157417782289271	157417799704948	157417782141094
157417981252084	157417999892553	157417981129375
157418385315104	157418416920937	157418385140469
157422788790832	157422819962446	157422788597447
157423211046144	157423236881977	157423210926248
157424513370310	157424537437185	157424513222810
157424725497237	157424754197810	157424725319425
157424794831665	157424820889372	157424794701717
157424992688331	157425020952706	157424992576717
157425417188956	157425437844945	157425417051352
157425821418904	157425838098070	157425821292862
157428460396142	157428489324528	157428459909059
157428907170621	157428939444787	157428907034528
157430127100517	157430156382912	157430126987392
157430338161246	157430356381610	157430338021089
157430375311037	157430406387600	157430375106402
157430410554892	157430439737234	157430410445621
157430433709267	157430456410464	157430433609006
157430643795621	157430673121454	157430643674891
157431283495256	157431306521140	157431283377183
157431503271974	157431523225360	157431503137443
157431549650412	157431573231401	157431549501766
157431768170151	157431789939682	157431768042912
157431969463745	157431989923328	157431969322443
157432186122547	157432206573744	157432185997651
157432572140672	157432589936870	157432571997391
157432976677755	157433006651609	157432976565307
157433397737338	157433423312650	157433397586609

=== poll 1790130735.160278644
16666666
157369628255436	157369650456112	157369628101738
157369851811425	157369883777414	157369851675800
157369904525123	157369933771790	157369904395175
157369931829342	157369950442362	157369931719081
157370164215071	157370183810279	157370163952206
157370637072154	157370667186216	157370636882935
157371080369133	157371100746215	157371080247570
157377703980016	157377735823922	157377703830693
157378143200328	157378169148609	157378143085745
157378174939599	157378202484598	157378174816995
157378224519182	157378252481995	157378224399443
157378442177828	157378469173609	157378442031526
157378659084963	157378685912515	157378658984703
157379084967099	157379102672932	157379084788192
157380681823713	157380703029910	157380681707619
157381118899494	157381136388451	157381118796421
157382283616524	157382303126003	157382283331993
157382570842983	157382603151941	157382570713035
157382803545847	157382819795013	157382803414545
157382849236264	157382869785326	157382849109545
157382884626472	157382903118815	157382884518243
157382934219753	157382953122461	157382934098608
157383154186420	157383186480482	157383153980326
157383648484441	157383669799805	157383648337149
157384178256784	157384203180377	157384178172670
157384698388190	157384719988398	157384698253919
157385169011888	157385186789075	157385168858034
157385671590950	157385703614491	157385671480690
157387191903762	157387221031001	157387191793398
157387418452460	157387437775845	157387418316262
157387471476835	157387487804804	157387471353814
157387718461210	157387737868709	157387718343970
157387726661314	157387754538970	157387726585585
157388256677668	157388287998241	157388256586522
157388698646157	157388721332146	157388698507616
157389411296730	157389438116782	157389411170220
157390024724386	157390054681677	157390024603397
157392397403604	157392421329541	157392397266625
157392867804385	157392887997510	157392867683968
157393725804958	157393754590947	157393725669228
157394309174020	157394337954072	157394309019905
157394348152197	157394371289644	157394348029489
157394393335478	157394421300321	157394393222874
157394603731728	157394621320061	157394603394176
157394820347561	157394838054540	157394820227561
157395254586207	157395271471467	157395254446207
157395261128342	157395288143759	157395261027145
157398148731987	157398172755216	157398148570789
157398744643393	157398773029590	157398744495060
157398941855372	157398973050268	157398941728706
157399134193497	157399156433341	157399134051935
157399366116205	157399389841413	157399366006205
157399561758705	157399589897924	157399561634174
157400772455215	157400790486413	157400772325528
157400961430476	157400990596621	157400961143809
157401145806257	157401173991673	157401145667194
157401180738705	157401207338183	157401180585580
157401213933705	157401240692246	157401213816882
157401425484069	157401457473391	157401425359746
157401695269330	157401724227038	157401695111673
157401900206257	157401924354121	157401900101048
157402111779173	157402141141360	157402111654173
157402325810319	157402357894902	157402325627559
157403177967714	157403208138651	157403177850214
157403376939798	157403408213026	157403376810579
157403421936621	157403441566464	157403421809589
157403632717766	157403658351515	157403632567975
157403645419485	157403675027662	157403635147610
157403662246308	157403691704276	157403655852193
157404122096360	157404142030318	157404122008860
157406393248026	157406410105578	157406393021099
157406955906880	157406977017556	157406955725473
157408642820733	157408661349535	157408642709171
157409065735993	157409094909066	157409065609066
157410333621149	157410362271826	157410333496253
157410368337555	157410395627972	157410368194014
157410410071045	157410428979951	157410409922139
157410425642399	157410445655263	157410425527087
157410457814066	157410479003648	157410457685003
157410474598701	157410495680367	157410474486357
157410666313649	157410695795888	157410666195680
157410866931305	157410895895992	157410866820003
157411247456878	157411279461149	157411247319170
157411629275107	157411646280002	157411629149222
157414118262762	157414147484220	157414118096929
157414528881616	157414547685678	157414528770835
157415749138543	157415781753490	157415749006199
157415939711199	157415965193126	157415939585470
157415973029272	157415998553803	157415972899168
157416001785887	157416031911199	157416001677657
157416019437710	157416048589532	157416004150678
157416229289168	157416248725104	157416229197189
157416455903439	157416482210625	157416455813959
157417095050522	157417115889376	157417094932136
157417307037292	157417332707449	157417306912553
157417353634324	157417382745990	157417353502292
157417570157136	157417599552708	157417570045001
157417782289271	157417799704948	157417782141094
157417981252084	157417999892553	157417981129375
157418385315104	157418416920937	157418385140469
157422788790832	157422819962446	157422788597447
157423211046144	157423236881977	157423210926248
157424513370310	157424537437185	157424513222810
157424725497237	157424754197810	157424725319425
157424794831665	157424820889372	157424794701717
157424992688331	157425020952706	157424992576717
157425417188956	157425437844945	157425417051352
157425821418904	157425838098070	157425821292862
157428460396142	157428489324528	157428459909059
157428907170621	157428939444787	157428907034528
157430127100517	157430156382912	157430126987392
157430338161246	157430356381610	157430338021089
157430375311037	157430406387600	157430375106402
157430410554892	157430439737234	157430410445621
157430433709267	157430456410464	157430433609006
157430643795621	157430673121454	157430643674891
157431283495256	157431306521140	157431283377183
157431503271974	157431523225360	157431503137443
157431549650412	157431573231401	157431549501766
157431768170151	157431789939682	157431768042912
157431969463745	157431989923328	157431969322443
157432186122547	157432206573744	157432185997651
157432572140672	157432589936870	157432571997391
157432976677755	157433006651609	157432976565307
157433397737338	157433423312650	157433397586609
157437545078795	157437574188013	157437544934785
157437959084732	157437990907336	157437958964212

=== poll 1790130737.521886872
16666666
157371080369133	157371100746215	157371080247570
157377703980016	157377735823922	157377703830693
157378143200328	157378169148609	157378143085745
157378174939599	157378202484598	157378174816995
157378224519182	157378252481995	157378224399443
157378442177828	157378469173609	157378442031526
157378659084963	157378685912515	157378658984703
157379084967099	157379102672932	157379084788192
157380681823713	157380703029910	157380681707619
157381118899494	157381136388451	157381118796421
157382283616524	157382303126003	157382283331993
157382570842983	157382603151941	157382570713035
157382803545847	157382819795013	157382803414545
157382849236264	157382869785326	157382849109545
157382884626472	157382903118815	157382884518243
157382934219753	157382953122461	157382934098608
157383154186420	157383186480482	157383153980326
157383648484441	157383669799805	157383648337149
157384178256784	157384203180377	157384178172670
157384698388190	157384719988398	157384698253919
157385169011888	157385186789075	157385168858034
157385671590950	157385703614491	157385671480690
157387191903762	157387221031001	157387191793398
157387418452460	157387437775845	157387418316262
157387471476835	157387487804804	157387471353814
157387718461210	157387737868709	157387718343970
157387726661314	157387754538970	157387726585585
157388256677668	157388287998241	157388256586522
157388698646157	157388721332146	157388698507616
157389411296730	157389438116782	157389411170220
157390024724386	157390054681677	157390024603397
157392397403604	157392421329541	157392397266625
157392867804385	157392887997510	157392867683968
157393725804958	157393754590947	157393725669228
157394309174020	157394337954072	157394309019905
157394348152197	157394371289644	157394348029489
157394393335478	157394421300321	157394393222874
157394603731728	157394621320061	157394603394176
157394820347561	157394838054540	157394820227561
157395254586207	157395271471467	157395254446207
157395261128342	157395288143759	157395261027145
157398148731987	157398172755216	157398148570789
157398744643393	157398773029590	157398744495060
157398941855372	157398973050268	157398941728706
157399134193497	157399156433341	157399134051935
157399366116205	157399389841413	157399366006205
157399561758705	157399589897924	157399561634174
157400772455215	157400790486413	157400772325528
157400961430476	157400990596621	157400961143809
157401145806257	157401173991673	157401145667194
157401180738705	157401207338183	157401180585580
157401213933705	157401240692246	157401213816882
157401425484069	157401457473391	157401425359746
157401695269330	157401724227038	157401695111673
157401900206257	157401924354121	157401900101048
157402111779173	157402141141360	157402111654173
157402325810319	157402357894902	157402325627559
157403177967714	157403208138651	157403177850214
157403376939798	157403408213026	157403376810579
157403421936621	157403441566464	157403421809589
157403632717766	157403658351515	157403632567975
157403645419485	157403675027662	157403635147610
157403662246308	157403691704276	157403655852193
157404122096360	157404142030318	157404122008860
157406393248026	157406410105578	157406393021099
157406955906880	157406977017556	157406955725473
157408642820733	157408661349535	157408642709171
157409065735993	157409094909066	157409065609066
157410333621149	157410362271826	157410333496253
157410368337555	157410395627972	157410368194014
157410410071045	157410428979951	157410409922139
157410425642399	157410445655263	157410425527087
157410457814066	157410479003648	157410457685003
157410474598701	157410495680367	157410474486357
157410666313649	157410695795888	157410666195680
157410866931305	157410895895992	157410866820003
157411247456878	157411279461149	157411247319170
157411629275107	157411646280002	157411629149222
157414118262762	157414147484220	157414118096929
157414528881616	157414547685678	157414528770835
157415749138543	157415781753490	157415749006199
157415939711199	157415965193126	157415939585470
157415973029272	157415998553803	157415972899168
157416001785887	157416031911199	157416001677657
157416019437710	157416048589532	157416004150678
157416229289168	157416248725104	157416229197189
157416455903439	157416482210625	157416455813959
157417095050522	157417115889376	157417094932136
157417307037292	157417332707449	157417306912553
157417353634324	157417382745990	157417353502292
157417570157136	157417599552708	157417570045001
157417782289271	157417799704948	157417782141094
157417981252084	157417999892553	157417981129375
157418385315104	157418416920937	157418385140469
157422788790832	157422819962446	157422788597447
157423211046144	157423236881977	157423210926248
157424513370310	157424537437185	157424513222810
157424725497237	157424754197810	157424725319425
157424794831665	157424820889372	157424794701717
157424992688331	157425020952706	157424992576717
157425417188956	157425437844945	157425417051352
157425821418904	157425838098070	157425821292862
157428460396142	157428489324528	157428459909059
157428907170621	157428939444787	157428907034528
157430127100517	157430156382912	157430126987392
157430338161246	157430356381610	157430338021089
157430375311037	157430406387600	157430375106402
157430410554892	157430439737234	157430410445621
157430433709267	157430456410464	157430433609006
157430643795621	157430673121454	157430643674891
157431283495256	157431306521140	157431283377183
157431503271974	157431523225360	157431503137443
157431549650412	157431573231401	157431549501766
157431768170151	157431789939682	157431768042912
157431969463745	157431989923328	157431969322443
157432186122547	157432206573744	157432185997651
157432572140672	157432589936870	157432571997391
157432976677755	157433006651609	157432976565307
157433397737338	157433423312650	157433397586609
157437545078795	157437574188013	157437544934785
157437959084732	157437990907336	157437958964212
157439252417544	157439274512856	157439252280461
157439290917596	157439307860929	157439290764628
157439534822284	157439557883741	157439534691971
157439545279003	157439574554210	157439537136867
157439758409523	157439774613117	157439758298169
157440228128065	157440258162127	157440227984107

=== poll 1790130739.852883694
16666666
157378143200328	157378169148609	157378143085745
157378174939599	157378202484598	157378174816995
157378224519182	157378252481995	157378224399443
157378442177828	157378469173609	157378442031526
157378659084963	157378685912515	157378658984703
157379084967099	157379102672932	157379084788192
157380681823713	157380703029910	157380681707619
157381118899494	157381136388451	157381118796421
157382283616524	157382303126003	157382283331993
157382570842983	157382603151941	157382570713035
157382803545847	157382819795013	157382803414545
157382849236264	157382869785326	157382849109545
157382884626472	157382903118815	157382884518243
157382934219753	157382953122461	157382934098608
157383154186420	157383186480482	157383153980326
157383648484441	157383669799805	157383648337149
157384178256784	157384203180377	157384178172670
157384698388190	157384719988398	157384698253919
157385169011888	157385186789075	157385168858034
157385671590950	157385703614491	157385671480690
157387191903762	157387221031001	157387191793398
157387418452460	157387437775845	157387418316262
157387471476835	157387487804804	157387471353814
157387718461210	157387737868709	157387718343970
157387726661314	157387754538970	157387726585585
157388256677668	157388287998241	157388256586522
157388698646157	157388721332146	157388698507616
157389411296730	157389438116782	157389411170220
157390024724386	157390054681677	157390024603397
157392397403604	157392421329541	157392397266625
157392867804385	157392887997510	157392867683968
157393725804958	157393754590947	157393725669228
157394309174020	157394337954072	157394309019905
157394348152197	157394371289644	157394348029489
157394393335478	157394421300321	157394393222874
157394603731728	157394621320061	157394603394176
157394820347561	157394838054540	157394820227561
157395254586207	157395271471467	157395254446207
157395261128342	157395288143759	157395261027145
157398148731987	157398172755216	157398148570789
157398744643393	157398773029590	157398744495060
157398941855372	157398973050268	157398941728706
157399134193497	157399156433341	157399134051935
157399366116205	157399389841413	157399366006205
157399561758705	157399589897924	157399561634174
157400772455215	157400790486413	157400772325528
157400961430476	157400990596621	157400961143809
157401145806257	157401173991673	157401145667194
157401180738705	157401207338183	157401180585580
157401213933705	157401240692246	157401213816882
157401425484069	157401457473391	157401425359746
157401695269330	157401724227038	157401695111673
157401900206257	157401924354121	157401900101048
157402111779173	157402141141360	157402111654173
157402325810319	157402357894902	157402325627559
157403177967714	157403208138651	157403177850214
157403376939798	157403408213026	157403376810579
157403421936621	157403441566464	157403421809589
157403632717766	157403658351515	157403632567975
157403645419485	157403675027662	157403635147610
157403662246308	157403691704276	157403655852193
157404122096360	157404142030318	157404122008860
157406393248026	157406410105578	157406393021099
157406955906880	157406977017556	157406955725473
157408642820733	157408661349535	157408642709171
157409065735993	157409094909066	157409065609066
157410333621149	157410362271826	157410333496253
157410368337555	157410395627972	157410368194014
157410410071045	157410428979951	157410409922139
157410425642399	157410445655263	157410425527087
157410457814066	157410479003648	157410457685003
157410474598701	157410495680367	157410474486357
157410666313649	157410695795888	157410666195680
157410866931305	157410895895992	157410866820003
157411247456878	157411279461149	157411247319170
157411629275107	157411646280002	157411629149222
157414118262762	157414147484220	157414118096929
157414528881616	157414547685678	157414528770835
157415749138543	157415781753490	157415749006199
157415939711199	157415965193126	157415939585470
157415973029272	157415998553803	157415972899168
157416001785887	157416031911199	157416001677657
157416019437710	157416048589532	157416004150678
157416229289168	157416248725104	157416229197189
157416455903439	157416482210625	157416455813959
157417095050522	157417115889376	157417094932136
157417307037292	157417332707449	157417306912553
157417353634324	157417382745990	157417353502292
157417570157136	157417599552708	157417570045001
157417782289271	157417799704948	157417782141094
157417981252084	157417999892553	157417981129375
157418385315104	157418416920937	157418385140469
157422788790832	157422819962446	157422788597447
157423211046144	157423236881977	157423210926248
157424513370310	157424537437185	157424513222810
157424725497237	157424754197810	157424725319425
157424794831665	157424820889372	157424794701717
157424992688331	157425020952706	157424992576717
157425417188956	157425437844945	157425417051352
157425821418904	157425838098070	157425821292862
157428460396142	157428489324528	157428459909059
157428907170621	157428939444787	157428907034528
157430127100517	157430156382912	157430126987392
157430338161246	157430356381610	157430338021089
157430375311037	157430406387600	157430375106402
157430410554892	157430439737234	157430410445621
157430433709267	157430456410464	157430433609006
157430643795621	157430673121454	157430643674891
157431283495256	157431306521140	157431283377183
157431503271974	157431523225360	157431503137443
157431549650412	157431573231401	157431549501766
157431768170151	157431789939682	157431768042912
157431969463745	157431989923328	157431969322443
157432186122547	157432206573744	157432185997651
157432572140672	157432589936870	157432571997391
157432976677755	157433006651609	157432976565307
157433397737338	157433423312650	157433397586609
157437545078795	157437574188013	157437544934785
157437959084732	157437990907336	157437958964212
157439252417544	157439274512856	157439252280461
157439290917596	157439307860929	157439290764628
157439534822284	157439557883741	157439534691971
157439545279003	157439574554210	157439537136867
157439758409523	157439774613117	157439758298169
157440228128065	157440258162127	157440227984107
157440699833638	157440724974523	157440699685408
157442743528793	157442775410043	157442743403064

=== poll 1790130742.207409891
16666666
157382283616524	157382303126003	157382283331993
157382570842983	157382603151941	157382570713035
157382803545847	157382819795013	157382803414545
157382849236264	157382869785326	157382849109545
157382884626472	157382903118815	157382884518243
157382934219753	157382953122461	157382934098608
157383154186420	157383186480482	157383153980326
157383648484441	157383669799805	157383648337149
157384178256784	157384203180377	157384178172670
157384698388190	157384719988398	157384698253919
157385169011888	157385186789075	157385168858034
157385671590950	157385703614491	157385671480690
157387191903762	157387221031001	157387191793398
157387418452460	157387437775845	157387418316262
157387471476835	157387487804804	157387471353814
157387718461210	157387737868709	157387718343970
157387726661314	157387754538970	157387726585585
157388256677668	157388287998241	157388256586522
157388698646157	157388721332146	157388698507616
157389411296730	157389438116782	157389411170220
157390024724386	157390054681677	157390024603397
157392397403604	157392421329541	157392397266625
157392867804385	157392887997510	157392867683968
157393725804958	157393754590947	157393725669228
157394309174020	157394337954072	157394309019905
157394348152197	157394371289644	157394348029489
157394393335478	157394421300321	157394393222874
157394603731728	157394621320061	157394603394176
157394820347561	157394838054540	157394820227561
157395254586207	157395271471467	157395254446207
157395261128342	157395288143759	157395261027145
157398148731987	157398172755216	157398148570789
157398744643393	157398773029590	157398744495060
157398941855372	157398973050268	157398941728706
157399134193497	157399156433341	157399134051935
157399366116205	157399389841413	157399366006205
157399561758705	157399589897924	157399561634174
157400772455215	157400790486413	157400772325528
157400961430476	157400990596621	157400961143809
157401145806257	157401173991673	157401145667194
157401180738705	157401207338183	157401180585580
157401213933705	157401240692246	157401213816882
157401425484069	157401457473391	157401425359746
157401695269330	157401724227038	157401695111673
157401900206257	157401924354121	157401900101048
157402111779173	157402141141360	157402111654173
157402325810319	157402357894902	157402325627559
157403177967714	157403208138651	157403177850214
157403376939798	157403408213026	157403376810579
157403421936621	157403441566464	157403421809589
157403632717766	157403658351515	157403632567975
157403645419485	157403675027662	157403635147610
157403662246308	157403691704276	157403655852193
157404122096360	157404142030318	157404122008860
157406393248026	157406410105578	157406393021099
157406955906880	157406977017556	157406955725473
157408642820733	157408661349535	157408642709171
157409065735993	157409094909066	157409065609066
157410333621149	157410362271826	157410333496253
157410368337555	157410395627972	157410368194014
157410410071045	157410428979951	157410409922139
157410425642399	157410445655263	157410425527087
157410457814066	157410479003648	157410457685003
157410474598701	157410495680367	157410474486357
157410666313649	157410695795888	157410666195680
157410866931305	157410895895992	157410866820003
157411247456878	157411279461149	157411247319170
157411629275107	157411646280002	157411629149222
157414118262762	157414147484220	157414118096929
157414528881616	157414547685678	157414528770835
157415749138543	157415781753490	157415749006199
157415939711199	157415965193126	157415939585470
157415973029272	157415998553803	157415972899168
157416001785887	157416031911199	157416001677657
157416019437710	157416048589532	157416004150678
157416229289168	157416248725104	157416229197189
157416455903439	157416482210625	157416455813959
157417095050522	157417115889376	157417094932136
157417307037292	157417332707449	157417306912553
157417353634324	157417382745990	157417353502292
157417570157136	157417599552708	157417570045001
157417782289271	157417799704948	157417782141094
157417981252084	157417999892553	157417981129375
157418385315104	157418416920937	157418385140469
157422788790832	157422819962446	157422788597447
157423211046144	157423236881977	157423210926248
157424513370310	157424537437185	157424513222810
157424725497237	157424754197810	157424725319425
157424794831665	157424820889372	157424794701717
157424992688331	157425020952706	157424992576717
157425417188956	157425437844945	157425417051352
157425821418904	157425838098070	157425821292862
157428460396142	157428489324528	157428459909059
157428907170621	157428939444787	157428907034528
157430127100517	157430156382912	157430126987392
157430338161246	157430356381610	157430338021089
157430375311037	157430406387600	157430375106402
157430410554892	157430439737234	157430410445621
157430433709267	157430456410464	157430433609006
157430643795621	157430673121454	157430643674891
157431283495256	157431306521140	157431283377183
157431503271974	157431523225360	157431503137443
157431549650412	157431573231401	157431549501766
157431768170151	157431789939682	157431768042912
157431969463745	157431989923328	157431969322443
157432186122547	157432206573744	157432185997651
157432572140672	157432589936870	157432571997391
157432976677755	157433006651609	157432976565307
157433397737338	157433423312650	157433397586609
157437545078795	157437574188013	157437544934785
157437959084732	157437990907336	157437958964212
157439252417544	157439274512856	157439252280461
157439290917596	157439307860929	157439290764628
157439534822284	157439557883741	157439534691971
157439545279003	157439574554210	157439537136867
157439758409523	157439774613117	157439758298169
157440228128065	157440258162127	157440227984107
157440699833638	157440724974523	157440699685408
157442743528793	157442775410043	157442743403064
157443216895407	157443242178271	157443216766710
157444440409209	157444459445458	157444440272959
157444646595667	157444676175302	157444646469886
157444684226136	157444709510875	157444684088167
157444725688272	157444742848948	157444725564313
157444901026292	157444926212438	157444900873324
157445132783271	157445159631552	157445132667438
157445146629573	157445176307854	157445139937126

=== poll 1790130744.561703848
16666666
157383648484441	157383669799805	157383648337149
157384178256784	157384203180377	157384178172670
157384698388190	157384719988398	157384698253919
157385169011888	157385186789075	157385168858034
157385671590950	157385703614491	157385671480690
157387191903762	157387221031001	157387191793398
157387418452460	157387437775845	157387418316262
157387471476835	157387487804804	157387471353814
157387718461210	157387737868709	157387718343970
157387726661314	157387754538970	157387726585585
157388256677668	157388287998241	157388256586522
157388698646157	157388721332146	157388698507616
157389411296730	157389438116782	157389411170220
157390024724386	157390054681677	157390024603397
157392397403604	157392421329541	157392397266625
157392867804385	157392887997510	157392867683968
157393725804958	157393754590947	157393725669228
157394309174020	157394337954072	157394309019905
157394348152197	157394371289644	157394348029489
157394393335478	157394421300321	157394393222874
157394603731728	157394621320061	157394603394176
157394820347561	157394838054540	157394820227561
157395254586207	157395271471467	157395254446207
157395261128342	157395288143759	157395261027145
157398148731987	157398172755216	157398148570789
157398744643393	157398773029590	157398744495060
157398941855372	157398973050268	157398941728706
157399134193497	157399156433341	157399134051935
157399366116205	157399389841413	157399366006205
157399561758705	157399589897924	157399561634174
157400772455215	157400790486413	157400772325528
157400961430476	157400990596621	157400961143809
157401145806257	157401173991673	157401145667194
157401180738705	157401207338183	157401180585580
157401213933705	157401240692246	157401213816882
157401425484069	157401457473391	157401425359746
157401695269330	157401724227038	157401695111673
157401900206257	157401924354121	157401900101048
157402111779173	157402141141360	157402111654173
157402325810319	157402357894902	157402325627559
157403177967714	157403208138651	157403177850214
157403376939798	157403408213026	157403376810579
157403421936621	157403441566464	157403421809589
157403632717766	157403658351515	157403632567975
157403645419485	157403675027662	157403635147610
157403662246308	157403691704276	157403655852193
157404122096360	157404142030318	157404122008860
157406393248026	157406410105578	157406393021099
157406955906880	157406977017556	157406955725473
157408642820733	157408661349535	157408642709171
157409065735993	157409094909066	157409065609066
157410333621149	157410362271826	157410333496253
157410368337555	157410395627972	157410368194014
157410410071045	157410428979951	157410409922139
157410425642399	157410445655263	157410425527087
157410457814066	157410479003648	157410457685003
157410474598701	157410495680367	157410474486357
157410666313649	157410695795888	157410666195680
157410866931305	157410895895992	157410866820003
157411247456878	157411279461149	157411247319170
157411629275107	157411646280002	157411629149222
157414118262762	157414147484220	157414118096929
157414528881616	157414547685678	157414528770835
157415749138543	157415781753490	157415749006199
157415939711199	157415965193126	157415939585470
157415973029272	157415998553803	157415972899168
157416001785887	157416031911199	157416001677657
157416019437710	157416048589532	157416004150678
157416229289168	157416248725104	157416229197189
157416455903439	157416482210625	157416455813959
157417095050522	157417115889376	157417094932136
157417307037292	157417332707449	157417306912553
157417353634324	157417382745990	157417353502292
157417570157136	157417599552708	157417570045001
157417782289271	157417799704948	157417782141094
157417981252084	157417999892553	157417981129375
157418385315104	157418416920937	157418385140469
157422788790832	157422819962446	157422788597447
157423211046144	157423236881977	157423210926248
157424513370310	157424537437185	157424513222810
157424725497237	157424754197810	157424725319425
157424794831665	157424820889372	157424794701717
157424992688331	157425020952706	157424992576717
157425417188956	157425437844945	157425417051352
157425821418904	157425838098070	157425821292862
157428460396142	157428489324528	157428459909059
157428907170621	157428939444787	157428907034528
157430127100517	157430156382912	157430126987392
157430338161246	157430356381610	157430338021089
157430375311037	157430406387600	157430375106402
157430410554892	157430439737234	157430410445621
157430433709267	157430456410464	157430433609006
157430643795621	157430673121454	157430643674891
157431283495256	157431306521140	157431283377183
157431503271974	157431523225360	157431503137443
157431549650412	157431573231401	157431549501766
157431768170151	157431789939682	157431768042912
157431969463745	157431989923328	157431969322443
157432186122547	157432206573744	157432185997651
157432572140672	157432589936870	157432571997391
157432976677755	157433006651609	157432976565307
157433397737338	157433423312650	157433397586609
157437545078795	157437574188013	157437544934785
157437959084732	157437990907336	157437958964212
157439252417544	157439274512856	157439252280461
157439290917596	157439307860929	157439290764628
157439534822284	157439557883741	157439534691971
157439545279003	157439574554210	157439537136867
157439758409523	157439774613117	157439758298169
157440228128065	157440258162127	157440227984107
157440699833638	157440724974523	157440699685408
157442743528793	157442775410043	157442743403064
157443216895407	157443242178271	157443216766710
157444440409209	157444459445458	157444440272959
157444646595667	157444676175302	157444646469886
157444684226136	157444709510875	157444684088167
157444725688272	157444742848948	157444725564313
157444901026292	157444926212438	157444900873324
157445132783271	157445159631552	157445132667438
157445146629573	157445176307854	157445139937126
157445411715198	157445443064573	157445411616552
157447094539260	157447126984000	157447094412229
157447302231291	157447327066135	157447302109937
157447353832854	157447377081083	157447353643948
157447383697489	157447410425718	157447383559677
157447606058687	157447627192905	157447605908739
157447635525770	9223372036854775807	157447635415510

=== poll 1790130746.905192598
16666666
157387191903762	157387221031001	157387191793398
157387418452460	157387437775845	157387418316262
157387471476835	157387487804804	157387471353814
157387718461210	157387737868709	157387718343970
157387726661314	157387754538970	157387726585585
157388256677668	157388287998241	157388256586522
157388698646157	157388721332146	157388698507616
157389411296730	157389438116782	157389411170220
157390024724386	157390054681677	157390024603397
157392397403604	157392421329541	157392397266625
157392867804385	157392887997510	157392867683968
157393725804958	157393754590947	157393725669228
157394309174020	157394337954072	157394309019905
157394348152197	157394371289644	157394348029489
157394393335478	157394421300321	157394393222874
157394603731728	157394621320061	157394603394176
157394820347561	157394838054540	157394820227561
157395254586207	157395271471467	157395254446207
157395261128342	157395288143759	157395261027145
157398148731987	157398172755216	157398148570789
157398744643393	157398773029590	157398744495060
157398941855372	157398973050268	157398941728706
157399134193497	157399156433341	157399134051935
157399366116205	157399389841413	157399366006205
157399561758705	157399589897924	157399561634174
157400772455215	157400790486413	157400772325528
157400961430476	157400990596621	157400961143809
157401145806257	157401173991673	157401145667194
157401180738705	157401207338183	157401180585580
157401213933705	157401240692246	157401213816882
157401425484069	157401457473391	157401425359746
157401695269330	157401724227038	157401695111673
157401900206257	157401924354121	157401900101048
157402111779173	157402141141360	157402111654173
157402325810319	157402357894902	157402325627559
157403177967714	157403208138651	157403177850214
157403376939798	157403408213026	157403376810579
157403421936621	157403441566464	157403421809589
157403632717766	157403658351515	157403632567975
157403645419485	157403675027662	157403635147610
157403662246308	157403691704276	157403655852193
157404122096360	157404142030318	157404122008860
157406393248026	157406410105578	157406393021099
157406955906880	157406977017556	157406955725473
157408642820733	157408661349535	157408642709171
157409065735993	157409094909066	157409065609066
157410333621149	157410362271826	157410333496253
157410368337555	157410395627972	157410368194014
157410410071045	157410428979951	157410409922139
157410425642399	157410445655263	157410425527087
157410457814066	157410479003648	157410457685003
157410474598701	157410495680367	157410474486357
157410666313649	157410695795888	157410666195680
157410866931305	157410895895992	157410866820003
157411247456878	157411279461149	157411247319170
157411629275107	157411646280002	157411629149222
157414118262762	157414147484220	157414118096929
157414528881616	157414547685678	157414528770835
157415749138543	157415781753490	157415749006199
157415939711199	157415965193126	157415939585470
157415973029272	157415998553803	157415972899168
157416001785887	157416031911199	157416001677657
157416019437710	157416048589532	157416004150678
157416229289168	157416248725104	157416229197189
157416455903439	157416482210625	157416455813959
157417095050522	157417115889376	157417094932136
157417307037292	157417332707449	157417306912553
157417353634324	157417382745990	157417353502292
157417570157136	157417599552708	157417570045001
157417782289271	157417799704948	157417782141094
157417981252084	157417999892553	157417981129375
157418385315104	157418416920937	157418385140469
157422788790832	157422819962446	157422788597447
157423211046144	157423236881977	157423210926248
157424513370310	157424537437185	157424513222810
157424725497237	157424754197810	157424725319425
157424794831665	157424820889372	157424794701717
157424992688331	157425020952706	157424992576717
157425417188956	157425437844945	157425417051352
157425821418904	157425838098070	157425821292862
157428460396142	157428489324528	157428459909059
157428907170621	157428939444787	157428907034528
157430127100517	157430156382912	157430126987392
157430338161246	157430356381610	157430338021089
157430375311037	157430406387600	157430375106402
157430410554892	157430439737234	157430410445621
157430433709267	157430456410464	157430433609006
157430643795621	157430673121454	157430643674891
157431283495256	157431306521140	157431283377183
157431503271974	157431523225360	157431503137443
157431549650412	157431573231401	157431549501766
157431768170151	157431789939682	157431768042912
157431969463745	157431989923328	157431969322443
157432186122547	157432206573744	157432185997651
157432572140672	157432589936870	157432571997391
157432976677755	157433006651609	157432976565307
157433397737338	157433423312650	157433397586609
157437545078795	157437574188013	157437544934785
157437959084732	157437990907336	157437958964212
157439252417544	157439274512856	157439252280461
157439290917596	157439307860929	157439290764628
157439534822284	157439557883741	157439534691971
157439545279003	157439574554210	157439537136867
157439758409523	157439774613117	157439758298169
157440228128065	157440258162127	157440227984107
157440699833638	157440724974523	157440699685408
157442743528793	157442775410043	157442743403064
157443216895407	157443242178271	157443216766710
157444440409209	157444459445458	157444440272959
157444646595667	157444676175302	157444646469886
157444684226136	157444709510875	157444684088167
157444725688272	157444742848948	157444725564313
157444901026292	157444926212438	157444900873324
157445132783271	157445159631552	157445132667438
157445146629573	157445176307854	157445139937126
157445411715198	157445443064573	157445411616552
157447094539260	157447126984000	157447094412229
157447302231291	157447327066135	157447302109937
157447353832854	157447377081083	157447353643948
157447383697489	157447410425718	157447383559677
157447606058687	157447627192905	157447605908739
157447635525770	157447660536707	157447635415510
157448067064104	157448094041238	157448066959312
157448125395458	157448144060093	157448125238114
157448141042541	157448160732541	157448140964468
157448343242385	157448360805978	157448343084833
157448531493322	157448560896082	157448531366708

=== poll 1790130749.248820045
16666666
157387191903762	157387221031001	157387191793398
157387418452460	157387437775845	157387418316262
157387471476835	157387487804804	157387471353814
157387718461210	157387737868709	157387718343970
157387726661314	157387754538970	157387726585585
157388256677668	157388287998241	157388256586522
157388698646157	157388721332146	157388698507616
157389411296730	157389438116782	157389411170220
157390024724386	157390054681677	157390024603397
157392397403604	157392421329541	157392397266625
157392867804385	157392887997510	157392867683968
157393725804958	157393754590947	157393725669228
157394309174020	157394337954072	157394309019905
157394348152197	157394371289644	157394348029489
157394393335478	157394421300321	157394393222874
157394603731728	157394621320061	157394603394176
157394820347561	157394838054540	157394820227561
157395254586207	157395271471467	157395254446207
157395261128342	157395288143759	157395261027145
157398148731987	157398172755216	157398148570789
157398744643393	157398773029590	157398744495060
157398941855372	157398973050268	157398941728706
157399134193497	157399156433341	157399134051935
157399366116205	157399389841413	157399366006205
157399561758705	157399589897924	157399561634174
157400772455215	157400790486413	157400772325528
157400961430476	157400990596621	157400961143809
157401145806257	157401173991673	157401145667194
157401180738705	157401207338183	157401180585580
157401213933705	157401240692246	157401213816882
157401425484069	157401457473391	157401425359746
157401695269330	157401724227038	157401695111673
157401900206257	157401924354121	157401900101048
157402111779173	157402141141360	157402111654173
157402325810319	157402357894902	157402325627559
157403177967714	157403208138651	157403177850214
157403376939798	157403408213026	157403376810579
157403421936621	157403441566464	157403421809589
157403632717766	157403658351515	157403632567975
157403645419485	157403675027662	157403635147610
157403662246308	157403691704276	157403655852193
157404122096360	157404142030318	157404122008860
157406393248026	157406410105578	157406393021099
157406955906880	157406977017556	157406955725473
157408642820733	157408661349535	157408642709171
157409065735993	157409094909066	157409065609066
157410333621149	157410362271826	157410333496253
157410368337555	157410395627972	157410368194014
157410410071045	157410428979951	157410409922139
157410425642399	157410445655263	157410425527087
157410457814066	157410479003648	157410457685003
157410474598701	157410495680367	157410474486357
157410666313649	157410695795888	157410666195680
157410866931305	157410895895992	157410866820003
157411247456878	157411279461149	157411247319170
157411629275107	157411646280002	157411629149222
157414118262762	157414147484220	157414118096929
157414528881616	157414547685678	157414528770835
157415749138543	157415781753490	157415749006199
157415939711199	157415965193126	157415939585470
157415973029272	157415998553803	157415972899168
157416001785887	157416031911199	157416001677657
157416019437710	157416048589532	157416004150678
157416229289168	157416248725104	157416229197189
157416455903439	157416482210625	157416455813959
157417095050522	157417115889376	157417094932136
157417307037292	157417332707449	157417306912553
157417353634324	157417382745990	157417353502292
157417570157136	157417599552708	157417570045001
157417782289271	157417799704948	157417782141094
157417981252084	157417999892553	157417981129375
157418385315104	157418416920937	157418385140469
157422788790832	157422819962446	157422788597447
157423211046144	157423236881977	157423210926248
157424513370310	157424537437185	157424513222810
157424725497237	157424754197810	157424725319425
157424794831665	157424820889372	157424794701717
157424992688331	157425020952706	157424992576717
157425417188956	157425437844945	157425417051352
157425821418904	157425838098070	157425821292862
157428460396142	157428489324528	157428459909059
157428907170621	157428939444787	157428907034528
157430127100517	157430156382912	157430126987392
157430338161246	157430356381610	157430338021089
157430375311037	157430406387600	157430375106402
157430410554892	157430439737234	157430410445621
157430433709267	157430456410464	157430433609006
157430643795621	157430673121454	157430643674891
157431283495256	157431306521140	157431283377183
157431503271974	157431523225360	157431503137443
157431549650412	157431573231401	157431549501766
157431768170151	157431789939682	157431768042912
157431969463745	157431989923328	157431969322443
157432186122547	157432206573744	157432185997651
157432572140672	157432589936870	157432571997391
157432976677755	157433006651609	157432976565307
157433397737338	157433423312650	157433397586609
157437545078795	157437574188013	157437544934785
157437959084732	157437990907336	157437958964212
157439252417544	157439274512856	157439252280461
157439290917596	157439307860929	157439290764628
157439534822284	157439557883741	157439534691971
157439545279003	157439574554210	157439537136867
157439758409523	157439774613117	157439758298169
157440228128065	157440258162127	157440227984107
157440699833638	157440724974523	157440699685408
157442743528793	157442775410043	157442743403064
157443216895407	157443242178271	157443216766710
157444440409209	157444459445458	157444440272959
157444646595667	157444676175302	157444646469886
157444684226136	157444709510875	157444684088167
157444725688272	157444742848948	157444725564313
157444901026292	157444926212438	157444900873324
157445132783271	157445159631552	157445132667438
157445146629573	157445176307854	157445139937126
157445411715198	157445443064573	157445411616552
157447094539260	157447126984000	157447094412229
157447302231291	157447327066135	157447302109937
157447353832854	157447377081083	157447353643948
157447383697489	157447410425718	157447383559677
157447606058687	157447627192905	157447605908739
157447635525770	157447660536707	157447635415510
157448067064104	157448094041238	157448066959312
157448125395458	157448144060093	157448125238114
157448141042541	157448160732541	157448140964468
157448343242385	157448360805978	157448343084833
157448531493322	157448560896082	157448531366708

=== poll 1790130751.582722023
16666666
157387718461210	157387737868709	157387718343970
157387726661314	157387754538970	157387726585585
157388256677668	157388287998241	157388256586522
157388698646157	157388721332146	157388698507616
157389411296730	157389438116782	157389411170220
157390024724386	157390054681677	157390024603397
157392397403604	157392421329541	157392397266625
157392867804385	157392887997510	157392867683968
157393725804958	157393754590947	157393725669228
157394309174020	157394337954072	157394309019905
157394348152197	157394371289644	157394348029489
157394393335478	157394421300321	157394393222874
157394603731728	157394621320061	157394603394176
157394820347561	157394838054540	157394820227561
157395254586207	157395271471467	157395254446207
157395261128342	157395288143759	157395261027145
157398148731987	157398172755216	157398148570789
157398744643393	157398773029590	157398744495060
157398941855372	157398973050268	157398941728706
157399134193497	157399156433341	157399134051935
157399366116205	157399389841413	157399366006205
157399561758705	157399589897924	157399561634174
157400772455215	157400790486413	157400772325528
157400961430476	157400990596621	157400961143809
157401145806257	157401173991673	157401145667194
157401180738705	157401207338183	157401180585580
157401213933705	157401240692246	157401213816882
157401425484069	157401457473391	157401425359746
157401695269330	157401724227038	157401695111673
157401900206257	157401924354121	157401900101048
157402111779173	157402141141360	157402111654173
157402325810319	157402357894902	157402325627559
157403177967714	157403208138651	157403177850214
157403376939798	157403408213026	157403376810579
157403421936621	157403441566464	157403421809589
157403632717766	157403658351515	157403632567975
157403645419485	157403675027662	157403635147610
157403662246308	157403691704276	157403655852193
157404122096360	157404142030318	157404122008860
157406393248026	157406410105578	157406393021099
157406955906880	157406977017556	157406955725473
157408642820733	157408661349535	157408642709171
157409065735993	157409094909066	157409065609066
157410333621149	157410362271826	157410333496253
157410368337555	157410395627972	157410368194014
157410410071045	157410428979951	157410409922139
157410425642399	157410445655263	157410425527087
157410457814066	157410479003648	157410457685003
157410474598701	157410495680367	157410474486357
157410666313649	157410695795888	157410666195680
157410866931305	157410895895992	157410866820003
157411247456878	157411279461149	157411247319170
157411629275107	157411646280002	157411629149222
157414118262762	157414147484220	157414118096929
157414528881616	157414547685678	157414528770835
157415749138543	157415781753490	157415749006199
157415939711199	157415965193126	157415939585470
157415973029272	157415998553803	157415972899168
157416001785887	157416031911199	157416001677657
157416019437710	157416048589532	157416004150678
157416229289168	157416248725104	157416229197189
157416455903439	157416482210625	157416455813959
157417095050522	157417115889376	157417094932136
157417307037292	157417332707449	157417306912553
157417353634324	157417382745990	157417353502292
157417570157136	157417599552708	157417570045001
157417782289271	157417799704948	157417782141094
157417981252084	157417999892553	157417981129375
157418385315104	157418416920937	157418385140469
157422788790832	157422819962446	157422788597447
157423211046144	157423236881977	157423210926248
157424513370310	157424537437185	157424513222810
157424725497237	157424754197810	157424725319425
157424794831665	157424820889372	157424794701717
157424992688331	157425020952706	157424992576717
157425417188956	157425437844945	157425417051352
157425821418904	157425838098070	157425821292862
157428460396142	157428489324528	157428459909059
157428907170621	157428939444787	157428907034528
157430127100517	157430156382912	157430126987392
157430338161246	157430356381610	157430338021089
157430375311037	157430406387600	157430375106402
157430410554892	157430439737234	157430410445621
157430433709267	157430456410464	157430433609006
157430643795621	157430673121454	157430643674891
157431283495256	157431306521140	157431283377183
157431503271974	157431523225360	157431503137443
157431549650412	157431573231401	157431549501766
157431768170151	157431789939682	157431768042912
157431969463745	157431989923328	157431969322443
157432186122547	157432206573744	157432185997651
157432572140672	157432589936870	157432571997391
157432976677755	157433006651609	157432976565307
157433397737338	157433423312650	157433397586609
157437545078795	157437574188013	157437544934785
157437959084732	157437990907336	157437958964212
157439252417544	157439274512856	157439252280461
157439290917596	157439307860929	157439290764628
157439534822284	157439557883741	157439534691971
157439545279003	157439574554210	157439537136867
157439758409523	157439774613117	157439758298169
157440228128065	157440258162127	157440227984107
157440699833638	157440724974523	157440699685408
157442743528793	157442775410043	157442743403064
157443216895407	157443242178271	157443216766710
157444440409209	157444459445458	157444440272959
157444646595667	157444676175302	157444646469886
157444684226136	157444709510875	157444684088167
157444725688272	157444742848948	157444725564313
157444901026292	157444926212438	157444900873324
157445132783271	157445159631552	157445132667438
157445146629573	157445176307854	157445139937126
157445411715198	157445443064573	157445411616552
157447094539260	157447126984000	157447094412229
157447302231291	157447327066135	157447302109937
157447353832854	157447377081083	157447353643948
157447383697489	157447410425718	157447383559677
157447606058687	157447627192905	157447605908739
157447635525770	157447660536707	157447635415510
157448067064104	157448094041238	157448066959312
157448125395458	157448144060093	157448125238114
157448141042541	157448160732541	157448140964468
157448343242385	157448360805978	157448343084833
157448531493322	157448560896082	157448531366708
157452392072071	157452412455352	157452391885716
157452814071602	157452845911966	157452813953425
157454485383320	157454513076653	157454485275091

=== poll 1790130754.433686918
16666666
157392867804385	157392887997510	157392867683968
157393725804958	157393754590947	157393725669228
157394309174020	157394337954072	157394309019905
157394348152197	157394371289644	157394348029489
157394393335478	157394421300321	157394393222874
157394603731728	157394621320061	157394603394176
157394820347561	157394838054540	157394820227561
157395254586207	157395271471467	157395254446207
157395261128342	157395288143759	157395261027145
157398148731987	157398172755216	157398148570789
157398744643393	157398773029590	157398744495060
157398941855372	157398973050268	157398941728706
157399134193497	157399156433341	157399134051935
157399366116205	157399389841413	157399366006205
157399561758705	157399589897924	157399561634174
157400772455215	157400790486413	157400772325528
157400961430476	157400990596621	157400961143809
157401145806257	157401173991673	157401145667194
157401180738705	157401207338183	157401180585580
157401213933705	157401240692246	157401213816882
157401425484069	157401457473391	157401425359746
157401695269330	157401724227038	157401695111673
157401900206257	157401924354121	157401900101048
157402111779173	157402141141360	157402111654173
157402325810319	157402357894902	157402325627559
157403177967714	157403208138651	157403177850214
157403376939798	157403408213026	157403376810579
157403421936621	157403441566464	157403421809589
157403632717766	157403658351515	157403632567975
157403645419485	157403675027662	157403635147610
157403662246308	157403691704276	157403655852193
157404122096360	157404142030318	157404122008860
157406393248026	157406410105578	157406393021099
157406955906880	157406977017556	157406955725473
157408642820733	157408661349535	157408642709171
157409065735993	157409094909066	157409065609066
157410333621149	157410362271826	157410333496253
157410368337555	157410395627972	157410368194014
157410410071045	157410428979951	157410409922139
157410425642399	157410445655263	157410425527087
157410457814066	157410479003648	157410457685003
157410474598701	157410495680367	157410474486357
157410666313649	157410695795888	157410666195680
157410866931305	157410895895992	157410866820003
157411247456878	157411279461149	157411247319170
157411629275107	157411646280002	157411629149222
157414118262762	157414147484220	157414118096929
157414528881616	157414547685678	157414528770835
157415749138543	157415781753490	157415749006199
157415939711199	157415965193126	157415939585470
157415973029272	157415998553803	157415972899168
157416001785887	157416031911199	157416001677657
157416019437710	157416048589532	157416004150678
157416229289168	157416248725104	157416229197189
157416455903439	157416482210625	157416455813959
157417095050522	157417115889376	157417094932136
157417307037292	157417332707449	157417306912553
157417353634324	157417382745990	157417353502292
157417570157136	157417599552708	157417570045001
157417782289271	157417799704948	157417782141094
157417981252084	157417999892553	157417981129375
157418385315104	157418416920937	157418385140469
157422788790832	157422819962446	157422788597447
157423211046144	157423236881977	157423210926248
157424513370310	157424537437185	157424513222810
157424725497237	157424754197810	157424725319425
157424794831665	157424820889372	157424794701717
157424992688331	157425020952706	157424992576717
157425417188956	157425437844945	157425417051352
157425821418904	157425838098070	157425821292862
157428460396142	157428489324528	157428459909059
157428907170621	157428939444787	157428907034528
157430127100517	157430156382912	157430126987392
157430338161246	157430356381610	157430338021089
157430375311037	157430406387600	157430375106402
157430410554892	157430439737234	157430410445621
157430433709267	157430456410464	157430433609006
157430643795621	157430673121454	157430643674891
157431283495256	157431306521140	157431283377183
157431503271974	157431523225360	157431503137443
157431549650412	157431573231401	157431549501766
157431768170151	157431789939682	157431768042912
157431969463745	157431989923328	157431969322443
157432186122547	157432206573744	157432185997651
157432572140672	157432589936870	157432571997391
157432976677755	157433006651609	157432976565307
157433397737338	157433423312650	157433397586609
157437545078795	157437574188013	157437544934785
157437959084732	157437990907336	157437958964212
157439252417544	157439274512856	157439252280461
157439290917596	157439307860929	157439290764628
157439534822284	157439557883741	157439534691971
157439545279003	157439574554210	157439537136867
157439758409523	157439774613117	157439758298169
157440228128065	157440258162127	157440227984107
157440699833638	157440724974523	157440699685408
157442743528793	157442775410043	157442743403064
157443216895407	157443242178271	157443216766710
157444440409209	157444459445458	157444440272959
157444646595667	157444676175302	157444646469886
157444684226136	157444709510875	157444684088167
157444725688272	157444742848948	157444725564313
157444901026292	157444926212438	157444900873324
157445132783271	157445159631552	157445132667438
157445146629573	157445176307854	157445139937126
157445411715198	157445443064573	157445411616552
157447094539260	157447126984000	157447094412229
157447302231291	157447327066135	157447302109937
157447353832854	157447377081083	157447353643948
157447383697489	157447410425718	157447383559677
157447606058687	157447627192905	157447605908739
157447635525770	157447660536707	157447635415510
157448067064104	157448094041238	157448066959312
157448125395458	157448144060093	157448125238114
157448141042541	157448160732541	157448140964468
157448343242385	157448360805978	157448343084833
157448531493322	157448560896082	157448531366708
157452392072071	157452412455352	157452391885716
157452814071602	157452845911966	157452813953425
157454485383320	157454513076653	157454485275091
157455002135716	157455029924777	157455001961861
157455506601340	157455530047642	157455506416913
157455557893788	157455580070923	157455557774101
157455791287017	157455813487225	157455791109413
157456024794257	157456046908684	157456024679101
157456437283684	157456463715662	157456437166913
157456846168475	157456863886964	157456845981809

=== poll 1790130756.752559885
16666666
157395254586207	157395271471467	157395254446207
157395261128342	157395288143759	157395261027145
157398148731987	157398172755216	157398148570789
157398744643393	157398773029590	157398744495060
157398941855372	157398973050268	157398941728706
157399134193497	157399156433341	157399134051935
157399366116205	157399389841413	157399366006205
157399561758705	157399589897924	157399561634174
157400772455215	157400790486413	157400772325528
157400961430476	157400990596621	157400961143809
157401145806257	157401173991673	157401145667194
157401180738705	157401207338183	157401180585580
157401213933705	157401240692246	157401213816882
157401425484069	157401457473391	157401425359746
157401695269330	157401724227038	157401695111673
157401900206257	157401924354121	157401900101048
157402111779173	157402141141360	157402111654173
157402325810319	157402357894902	157402325627559
157403177967714	157403208138651	157403177850214
157403376939798	157403408213026	157403376810579
157403421936621	157403441566464	157403421809589
157403632717766	157403658351515	157403632567975
157403645419485	157403675027662	157403635147610
157403662246308	157403691704276	157403655852193
157404122096360	157404142030318	157404122008860
157406393248026	157406410105578	157406393021099
157406955906880	157406977017556	157406955725473
157408642820733	157408661349535	157408642709171
157409065735993	157409094909066	157409065609066
157410333621149	157410362271826	157410333496253
157410368337555	157410395627972	157410368194014
157410410071045	157410428979951	157410409922139
157410425642399	157410445655263	157410425527087
157410457814066	157410479003648	157410457685003
157410474598701	157410495680367	157410474486357
157410666313649	157410695795888	157410666195680
157410866931305	157410895895992	157410866820003
157411247456878	157411279461149	157411247319170
157411629275107	157411646280002	157411629149222
157414118262762	157414147484220	157414118096929
157414528881616	157414547685678	157414528770835
157415749138543	157415781753490	157415749006199
157415939711199	157415965193126	157415939585470
157415973029272	157415998553803	157415972899168
157416001785887	157416031911199	157416001677657
157416019437710	157416048589532	157416004150678
157416229289168	157416248725104	157416229197189
157416455903439	157416482210625	157416455813959
157417095050522	157417115889376	157417094932136
157417307037292	157417332707449	157417306912553
157417353634324	157417382745990	157417353502292
157417570157136	157417599552708	157417570045001
157417782289271	157417799704948	157417782141094
157417981252084	157417999892553	157417981129375
157418385315104	157418416920937	157418385140469
157422788790832	157422819962446	157422788597447
157423211046144	157423236881977	157423210926248
157424513370310	157424537437185	157424513222810
157424725497237	157424754197810	157424725319425
157424794831665	157424820889372	157424794701717
157424992688331	157425020952706	157424992576717
157425417188956	157425437844945	157425417051352
157425821418904	157425838098070	157425821292862
157428460396142	157428489324528	157428459909059
157428907170621	157428939444787	157428907034528
157430127100517	157430156382912	157430126987392
157430338161246	157430356381610	157430338021089
157430375311037	157430406387600	157430375106402
157430410554892	157430439737234	157430410445621
157430433709267	157430456410464	157430433609006
157430643795621	157430673121454	157430643674891
157431283495256	157431306521140	157431283377183
157431503271974	157431523225360	157431503137443
157431549650412	157431573231401	157431549501766
157431768170151	157431789939682	157431768042912
157431969463745	157431989923328	157431969322443
157432186122547	157432206573744	157432185997651
157432572140672	157432589936870	157432571997391
157432976677755	157433006651609	157432976565307
157433397737338	157433423312650	157433397586609
157437545078795	157437574188013	157437544934785
157437959084732	157437990907336	157437958964212
157439252417544	157439274512856	157439252280461
157439290917596	157439307860929	157439290764628
157439534822284	157439557883741	157439534691971
157439545279003	157439574554210	157439537136867
157439758409523	157439774613117	157439758298169
157440228128065	157440258162127	157440227984107
157440699833638	157440724974523	157440699685408
157442743528793	157442775410043	157442743403064
157443216895407	157443242178271	157443216766710
157444440409209	157444459445458	157444440272959
157444646595667	157444676175302	157444646469886
157444684226136	157444709510875	157444684088167
157444725688272	157444742848948	157444725564313
157444901026292	157444926212438	157444900873324
157445132783271	157445159631552	157445132667438
157445146629573	157445176307854	157445139937126
157445411715198	157445443064573	157445411616552
157447094539260	157447126984000	157447094412229
157447302231291	157447327066135	157447302109937
157447353832854	157447377081083	157447353643948
157447383697489	157447410425718	157447383559677
157447606058687	157447627192905	157447605908739
157447635525770	157447660536707	157447635415510
157448067064104	157448094041238	157448066959312
157448125395458	157448144060093	157448125238114
157448141042541	157448160732541	157448140964468
157448343242385	157448360805978	157448343084833
157448531493322	157448560896082	157448531366708
157452392072071	157452412455352	157452391885716
157452814071602	157452845911966	157452813953425
157454485383320	157454513076653	157454485275091
157455002135716	157455029924777	157455001961861
157455506601340	157455530047642	157455506416913
157455557893788	157455580070923	157455557774101
157455791287017	157455813487225	157455791109413
157456024794257	157456046908684	157456024679101
157456437283684	157456463715662	157456437166913
157456846168475	157456863886964	157456845981809
157457651728631	157457680809829	157457651610506
157458083512225	157458114335610	157458083385246
157459287884308	157459314806912	157459287756808
157459497692485	157459514911494	157459497561495
157459535440037	157459564941807	157459535301755
157459569702589	157459598287171	157459569581078
157459777070349	157459798353421	157459776958630

=== poll 1790130759.111107332
16666666
157398941855372	157398973050268	157398941728706
157399134193497	157399156433341	157399134051935
157399366116205	157399389841413	157399366006205
157399561758705	157399589897924	157399561634174
157400772455215	157400790486413	157400772325528
157400961430476	157400990596621	157400961143809
157401145806257	157401173991673	157401145667194
157401180738705	157401207338183	157401180585580
157401213933705	157401240692246	157401213816882
157401425484069	157401457473391	157401425359746
157401695269330	157401724227038	157401695111673
157401900206257	157401924354121	157401900101048
157402111779173	157402141141360	157402111654173
157402325810319	157402357894902	157402325627559
157403177967714	157403208138651	157403177850214
157403376939798	157403408213026	157403376810579
157403421936621	157403441566464	157403421809589
157403632717766	157403658351515	157403632567975
157403645419485	157403675027662	157403635147610
157403662246308	157403691704276	157403655852193
157404122096360	157404142030318	157404122008860
157406393248026	157406410105578	157406393021099
157406955906880	157406977017556	157406955725473
157408642820733	157408661349535	157408642709171
157409065735993	157409094909066	157409065609066
157410333621149	157410362271826	157410333496253
157410368337555	157410395627972	157410368194014
157410410071045	157410428979951	157410409922139
157410425642399	157410445655263	157410425527087
157410457814066	157410479003648	157410457685003
157410474598701	157410495680367	157410474486357
157410666313649	157410695795888	157410666195680
157410866931305	157410895895992	157410866820003
157411247456878	157411279461149	157411247319170
157411629275107	157411646280002	157411629149222
157414118262762	157414147484220	157414118096929
157414528881616	157414547685678	157414528770835
157415749138543	157415781753490	157415749006199
157415939711199	157415965193126	157415939585470
157415973029272	157415998553803	157415972899168
157416001785887	157416031911199	157416001677657
157416019437710	157416048589532	157416004150678
157416229289168	157416248725104	157416229197189
157416455903439	157416482210625	157416455813959
157417095050522	157417115889376	157417094932136
157417307037292	157417332707449	157417306912553
157417353634324	157417382745990	157417353502292
157417570157136	157417599552708	157417570045001
157417782289271	157417799704948	157417782141094
157417981252084	157417999892553	157417981129375
157418385315104	157418416920937	157418385140469
157422788790832	157422819962446	157422788597447
157423211046144	157423236881977	157423210926248
157424513370310	157424537437185	157424513222810
157424725497237	157424754197810	157424725319425
157424794831665	157424820889372	157424794701717
157424992688331	157425020952706	157424992576717
157425417188956	157425437844945	157425417051352
157425821418904	157425838098070	157425821292862
157428460396142	157428489324528	157428459909059
157428907170621	157428939444787	157428907034528
157430127100517	157430156382912	157430126987392
157430338161246	157430356381610	157430338021089
157430375311037	157430406387600	157430375106402
157430410554892	157430439737234	157430410445621
157430433709267	157430456410464	157430433609006
157430643795621	157430673121454	157430643674891
157431283495256	157431306521140	157431283377183
157431503271974	157431523225360	157431503137443
157431549650412	157431573231401	157431549501766
157431768170151	157431789939682	157431768042912
157431969463745	157431989923328	157431969322443
157432186122547	157432206573744	157432185997651
157432572140672	157432589936870	157432571997391
157432976677755	157433006651609	157432976565307
157433397737338	157433423312650	157433397586609
157437545078795	157437574188013	157437544934785
157437959084732	157437990907336	157437958964212
157439252417544	157439274512856	157439252280461
157439290917596	157439307860929	157439290764628
157439534822284	157439557883741	157439534691971
157439545279003	157439574554210	157439537136867
157439758409523	157439774613117	157439758298169
157440228128065	157440258162127	157440227984107
157440699833638	157440724974523	157440699685408
157442743528793	157442775410043	157442743403064
157443216895407	157443242178271	157443216766710
157444440409209	157444459445458	157444440272959
157444646595667	157444676175302	157444646469886
157444684226136	157444709510875	157444684088167
157444725688272	157444742848948	157444725564313
157444901026292	157444926212438	157444900873324
157445132783271	157445159631552	157445132667438
157445146629573	157445176307854	157445139937126
157445411715198	157445443064573	157445411616552
157447094539260	157447126984000	157447094412229
157447302231291	157447327066135	157447302109937
157447353832854	157447377081083	157447353643948
157447383697489	157447410425718	157447383559677
157447606058687	157447627192905	157447605908739
157447635525770	157447660536707	157447635415510
157448067064104	157448094041238	157448066959312
157448125395458	157448144060093	157448125238114
157448141042541	157448160732541	157448140964468
157448343242385	157448360805978	157448343084833
157448531493322	157448560896082	157448531366708
157452392072071	157452412455352	157452391885716
157452814071602	157452845911966	157452813953425
157454485383320	157454513076653	157454485275091
157455002135716	157455029924777	157455001961861
157455506601340	157455530047642	157455506416913
157455557893788	157455580070923	157455557774101
157455791287017	157455813487225	157455791109413
157456024794257	157456046908684	157456024679101
157456437283684	157456463715662	157456437166913
157456846168475	157456863886964	157456845981809
157457651728631	157457680809829	157457651610506
157458083512225	157458114335610	157458083385246
157459287884308	157459314806912	157459287756808
157459497692485	157459514911494	157459497561495
157459535440037	157459564941807	157459535301755
157459569702589	157459598287171	157459569581078
157459777070349	157459798353421	157459776958630
157460238293526	157460265112432	157460238162536
157460677435140	157460698450140	157460677307120
157460883417432	157460915168734	157460883288474
157461295738109	157461315258160	157461295605349

=== poll 1790130761.433464623
16666666
157401180738705	157401207338183	157401180585580
157401213933705	157401240692246	157401213816882
157401425484069	157401457473391	157401425359746
157401695269330	157401724227038	157401695111673
157401900206257	157401924354121	157401900101048
157402111779173	157402141141360	157402111654173
157402325810319	157402357894902	157402325627559
157403177967714	157403208138651	157403177850214
157403376939798	157403408213026	157403376810579
157403421936621	157403441566464	157403421809589
157403632717766	157403658351515	157403632567975
157403645419485	157403675027662	157403635147610
157403662246308	157403691704276	157403655852193
157404122096360	157404142030318	157404122008860
157406393248026	157406410105578	157406393021099
157406955906880	157406977017556	157406955725473
157408642820733	157408661349535	157408642709171
157409065735993	157409094909066	157409065609066
157410333621149	157410362271826	157410333496253
157410368337555	157410395627972	157410368194014
157410410071045	157410428979951	157410409922139
157410425642399	157410445655263	157410425527087
157410457814066	157410479003648	157410457685003
157410474598701	157410495680367	157410474486357
157410666313649	157410695795888	157410666195680
157410866931305	157410895895992	157410866820003
157411247456878	157411279461149	157411247319170
157411629275107	157411646280002	157411629149222
157414118262762	157414147484220	157414118096929
157414528881616	157414547685678	157414528770835
157415749138543	157415781753490	157415749006199
157415939711199	157415965193126	157415939585470
157415973029272	157415998553803	157415972899168
157416001785887	157416031911199	157416001677657
157416019437710	157416048589532	157416004150678
157416229289168	157416248725104	157416229197189
157416455903439	157416482210625	157416455813959
157417095050522	157417115889376	157417094932136
157417307037292	157417332707449	157417306912553
157417353634324	157417382745990	157417353502292
157417570157136	157417599552708	157417570045001
157417782289271	157417799704948	157417782141094
157417981252084	157417999892553	157417981129375
157418385315104	157418416920937	157418385140469
157422788790832	157422819962446	157422788597447
157423211046144	157423236881977	157423210926248
157424513370310	157424537437185	157424513222810
157424725497237	157424754197810	157424725319425
157424794831665	157424820889372	157424794701717
157424992688331	157425020952706	157424992576717
157425417188956	157425437844945	157425417051352
157425821418904	157425838098070	157425821292862
157428460396142	157428489324528	157428459909059
157428907170621	157428939444787	157428907034528
157430127100517	157430156382912	157430126987392
157430338161246	157430356381610	157430338021089
157430375311037	157430406387600	157430375106402
157430410554892	157430439737234	157430410445621
157430433709267	157430456410464	157430433609006
157430643795621	157430673121454	157430643674891
157431283495256	157431306521140	157431283377183
157431503271974	157431523225360	157431503137443
157431549650412	157431573231401	157431549501766
157431768170151	157431789939682	157431768042912
157431969463745	157431989923328	157431969322443
157432186122547	157432206573744	157432185997651
157432572140672	157432589936870	157432571997391
157432976677755	157433006651609	157432976565307
157433397737338	157433423312650	157433397586609
157437545078795	157437574188013	157437544934785
157437959084732	157437990907336	157437958964212
157439252417544	157439274512856	157439252280461
157439290917596	157439307860929	157439290764628
157439534822284	157439557883741	157439534691971
157439545279003	157439574554210	157439537136867
157439758409523	157439774613117	157439758298169
157440228128065	157440258162127	157440227984107
157440699833638	157440724974523	157440699685408
157442743528793	157442775410043	157442743403064
157443216895407	157443242178271	157443216766710
157444440409209	157444459445458	157444440272959
157444646595667	157444676175302	157444646469886
157444684226136	157444709510875	157444684088167
157444725688272	157444742848948	157444725564313
157444901026292	157444926212438	157444900873324
157445132783271	157445159631552	157445132667438
157445146629573	157445176307854	157445139937126
157445411715198	157445443064573	157445411616552
157447094539260	157447126984000	157447094412229
157447302231291	157447327066135	157447302109937
157447353832854	157447377081083	157447353643948
157447383697489	157447410425718	157447383559677
157447606058687	157447627192905	157447605908739
157447635525770	157447660536707	157447635415510
157448067064104	157448094041238	157448066959312
157448125395458	157448144060093	157448125238114
157448141042541	157448160732541	157448140964468
157448343242385	157448360805978	157448343084833
157448531493322	157448560896082	157448531366708
157452392072071	157452412455352	157452391885716
157452814071602	157452845911966	157452813953425
157454485383320	157454513076653	157454485275091
157455002135716	157455029924777	157455001961861
157455506601340	157455530047642	157455506416913
157455557893788	157455580070923	157455557774101
157455791287017	157455813487225	157455791109413
157456024794257	157456046908684	157456024679101
157456437283684	157456463715662	157456437166913
157456846168475	157456863886964	157456845981809
157457651728631	157457680809829	157457651610506
157458083512225	157458114335610	157458083385246
157459287884308	157459314806912	157459287756808
157459497692485	157459514911494	157459497561495
157459535440037	157459564941807	157459535301755
157459569702589	157459598287171	157459569581078
157459777070349	157459798353421	157459776958630
157460238293526	157460265112432	157460238162536
157460677435140	157460698450140	157460677307120
157460883417432	157460915168734	157460883288474
157461295738109	157461315258160	157461295605349
157462531100869	157462548736442	157462530978004
157462744778265	157462765485295	157462744650817
157462794015348	157462815501753	157462793871806
157463020951650	157463048910087	157463020823629
157463035721702	157463065582275	157463034936546
157463427514723	157463448957275	157463427379358
157463816121650	157463832380087	157463815916389

=== poll 1790130763.771351081
16666666
157401180738705	157401207338183	157401180585580
157401213933705	157401240692246	157401213816882
157401425484069	157401457473391	157401425359746
157401695269330	157401724227038	157401695111673
157401900206257	157401924354121	157401900101048
157402111779173	157402141141360	157402111654173
157402325810319	157402357894902	157402325627559
157403177967714	157403208138651	157403177850214
157403376939798	157403408213026	157403376810579
157403421936621	157403441566464	157403421809589
157403632717766	157403658351515	157403632567975
157403645419485	157403675027662	157403635147610
157403662246308	157403691704276	157403655852193
157404122096360	157404142030318	157404122008860
157406393248026	157406410105578	157406393021099
157406955906880	157406977017556	157406955725473
157408642820733	157408661349535	157408642709171
157409065735993	157409094909066	157409065609066
157410333621149	157410362271826	157410333496253
157410368337555	157410395627972	157410368194014
157410410071045	157410428979951	157410409922139
157410425642399	157410445655263	157410425527087
157410457814066	157410479003648	157410457685003
157410474598701	157410495680367	157410474486357
157410666313649	157410695795888	157410666195680
157410866931305	157410895895992	157410866820003
157411247456878	157411279461149	157411247319170
157411629275107	157411646280002	157411629149222
157414118262762	157414147484220	157414118096929
157414528881616	157414547685678	157414528770835
157415749138543	157415781753490	157415749006199
157415939711199	157415965193126	157415939585470
157415973029272	157415998553803	157415972899168
157416001785887	157416031911199	157416001677657
157416019437710	157416048589532	157416004150678
157416229289168	157416248725104	157416229197189
157416455903439	157416482210625	157416455813959
157417095050522	157417115889376	157417094932136
157417307037292	157417332707449	157417306912553
157417353634324	157417382745990	157417353502292
157417570157136	157417599552708	157417570045001
157417782289271	157417799704948	157417782141094
157417981252084	157417999892553	157417981129375
157418385315104	157418416920937	157418385140469
157422788790832	157422819962446	157422788597447
157423211046144	157423236881977	157423210926248
157424513370310	157424537437185	157424513222810
157424725497237	157424754197810	157424725319425
157424794831665	157424820889372	157424794701717
157424992688331	157425020952706	157424992576717
157425417188956	157425437844945	157425417051352
157425821418904	157425838098070	157425821292862
157428460396142	157428489324528	157428459909059
157428907170621	157428939444787	157428907034528
157430127100517	157430156382912	157430126987392
157430338161246	157430356381610	157430338021089
157430375311037	157430406387600	157430375106402
157430410554892	157430439737234	157430410445621
157430433709267	157430456410464	157430433609006
157430643795621	157430673121454	157430643674891
157431283495256	157431306521140	157431283377183
157431503271974	157431523225360	157431503137443
157431549650412	157431573231401	157431549501766
157431768170151	157431789939682	157431768042912
157431969463745	157431989923328	157431969322443
157432186122547	157432206573744	157432185997651
157432572140672	157432589936870	157432571997391
157432976677755	157433006651609	157432976565307
157433397737338	157433423312650	157433397586609
157437545078795	157437574188013	157437544934785
157437959084732	157437990907336	157437958964212
157439252417544	157439274512856	157439252280461
157439290917596	157439307860929	157439290764628
157439534822284	157439557883741	157439534691971
157439545279003	157439574554210	157439537136867
157439758409523	157439774613117	157439758298169
157440228128065	157440258162127	157440227984107
157440699833638	157440724974523	157440699685408
157442743528793	157442775410043	157442743403064
157443216895407	157443242178271	157443216766710
157444440409209	157444459445458	157444440272959
157444646595667	157444676175302	157444646469886
157444684226136	157444709510875	157444684088167
157444725688272	157444742848948	157444725564313
157444901026292	157444926212438	157444900873324
157445132783271	157445159631552	157445132667438
157445146629573	157445176307854	157445139937126
157445411715198	157445443064573	157445411616552
157447094539260	157447126984000	157447094412229
157447302231291	157447327066135	157447302109937
157447353832854	157447377081083	157447353643948
157447383697489	157447410425718	157447383559677
157447606058687	157447627192905	157447605908739
157447635525770	157447660536707	157447635415510
157448067064104	157448094041238	157448066959312
157448125395458	157448144060093	157448125238114
157448141042541	157448160732541	157448140964468
157448343242385	157448360805978	157448343084833
157448531493322	157448560896082	157448531366708
157452392072071	157452412455352	157452391885716
157452814071602	157452845911966	157452813953425
157454485383320	157454513076653	157454485275091
157455002135716	157455029924777	157455001961861
157455506601340	157455530047642	157455506416913
157455557893788	157455580070923	157455557774101
157455791287017	157455813487225	157455791109413
157456024794257	157456046908684	157456024679101
157456437283684	157456463715662	157456437166913
157456846168475	157456863886964	157456845981809
157457651728631	157457680809829	157457651610506
157458083512225	157458114335610	157458083385246
157459287884308	157459314806912	157459287756808
157459497692485	157459514911494	157459497561495
157459535440037	157459564941807	157459535301755
157459569702589	157459598287171	157459569581078
157459777070349	157459798353421	157459776958630
157460238293526	157460265112432	157460238162536
157460677435140	157460698450140	157460677307120
157460883417432	157460915168734	157460883288474
157461295738109	157461315258160	157461295605349
157462531100869	157462548736442	157462530978004
157462744778265	157462765485295	157462744650817
157462794015348	157462815501753	157462793871806
157463020951650	157463048910087	157463020823629
157463035721702	157463065582275	157463034936546
157463427514723	157463448957275	157463427379358
157463816121650	157463832380087	157463815916389

=== poll 1790130766.288649517
16666666
157401425484069	157401457473391	157401425359746
157401695269330	157401724227038	157401695111673
157401900206257	157401924354121	157401900101048
157402111779173	157402141141360	157402111654173
157402325810319	157402357894902	157402325627559
157403177967714	157403208138651	157403177850214
157403376939798	157403408213026	157403376810579
157403421936621	157403441566464	157403421809589
157403632717766	157403658351515	157403632567975
157403645419485	157403675027662	157403635147610
157403662246308	157403691704276	157403655852193
157404122096360	157404142030318	157404122008860
157406393248026	157406410105578	157406393021099
157406955906880	157406977017556	157406955725473
157408642820733	157408661349535	157408642709171
157409065735993	157409094909066	157409065609066
157410333621149	157410362271826	157410333496253
157410368337555	157410395627972	157410368194014
157410410071045	157410428979951	157410409922139
157410425642399	157410445655263	157410425527087
157410457814066	157410479003648	157410457685003
157410474598701	157410495680367	157410474486357
157410666313649	157410695795888	157410666195680
157410866931305	157410895895992	157410866820003
157411247456878	157411279461149	157411247319170
157411629275107	157411646280002	157411629149222
157414118262762	157414147484220	157414118096929
157414528881616	157414547685678	157414528770835
157415749138543	157415781753490	157415749006199
157415939711199	157415965193126	157415939585470
157415973029272	157415998553803	157415972899168
157416001785887	157416031911199	157416001677657
157416019437710	157416048589532	157416004150678
157416229289168	157416248725104	157416229197189
157416455903439	157416482210625	157416455813959
157417095050522	157417115889376	157417094932136
157417307037292	157417332707449	157417306912553
157417353634324	157417382745990	157417353502292
157417570157136	157417599552708	157417570045001
157417782289271	157417799704948	157417782141094
157417981252084	157417999892553	157417981129375
157418385315104	157418416920937	157418385140469
157422788790832	157422819962446	157422788597447
157423211046144	157423236881977	157423210926248
157424513370310	157424537437185	157424513222810
157424725497237	157424754197810	157424725319425
157424794831665	157424820889372	157424794701717
157424992688331	157425020952706	157424992576717
157425417188956	157425437844945	157425417051352
157425821418904	157425838098070	157425821292862
157428460396142	157428489324528	157428459909059
157428907170621	157428939444787	157428907034528
157430127100517	157430156382912	157430126987392
157430338161246	157430356381610	157430338021089
157430375311037	157430406387600	157430375106402
157430410554892	157430439737234	157430410445621
157430433709267	157430456410464	157430433609006
157430643795621	157430673121454	157430643674891
157431283495256	157431306521140	157431283377183
157431503271974	157431523225360	157431503137443
157431549650412	157431573231401	157431549501766
157431768170151	157431789939682	157431768042912
157431969463745	157431989923328	157431969322443
157432186122547	157432206573744	157432185997651
157432572140672	157432589936870	157432571997391
157432976677755	157433006651609	157432976565307
157433397737338	157433423312650	157433397586609
157437545078795	157437574188013	157437544934785
157437959084732	157437990907336	157437958964212
157439252417544	157439274512856	157439252280461
157439290917596	157439307860929	157439290764628
157439534822284	157439557883741	157439534691971
157439545279003	157439574554210	157439537136867
157439758409523	157439774613117	157439758298169
157440228128065	157440258162127	157440227984107
157440699833638	157440724974523	157440699685408
157442743528793	157442775410043	157442743403064
157443216895407	157443242178271	157443216766710
157444440409209	157444459445458	157444440272959
157444646595667	157444676175302	157444646469886
157444684226136	157444709510875	157444684088167
157444725688272	157444742848948	157444725564313
157444901026292	157444926212438	157444900873324
157445132783271	157445159631552	157445132667438
157445146629573	157445176307854	157445139937126
157445411715198	157445443064573	157445411616552
157447094539260	157447126984000	157447094412229
157447302231291	157447327066135	157447302109937
157447353832854	157447377081083	157447353643948
157447383697489	157447410425718	157447383559677
157447606058687	157447627192905	157447605908739
157447635525770	157447660536707	157447635415510
157448067064104	157448094041238	157448066959312
157448125395458	157448144060093	157448125238114
157448141042541	157448160732541	157448140964468
157448343242385	157448360805978	157448343084833
157448531493322	157448560896082	157448531366708
157452392072071	157452412455352	157452391885716
157452814071602	157452845911966	157452813953425
157454485383320	157454513076653	157454485275091
157455002135716	157455029924777	157455001961861
157455506601340	157455530047642	157455506416913
157455557893788	157455580070923	157455557774101
157455791287017	157455813487225	157455791109413
157456024794257	157456046908684	157456024679101
157456437283684	157456463715662	157456437166913
157456846168475	157456863886964	157456845981809
157457651728631	157457680809829	157457651610506
157458083512225	157458114335610	157458083385246
157459287884308	157459314806912	157459287756808
157459497692485	157459514911494	157459497561495
157459535440037	157459564941807	157459535301755
157459569702589	157459598287171	157459569581078
157459777070349	157459798353421	157459776958630
157460238293526	157460265112432	157460238162536
157460677435140	157460698450140	157460677307120
157460883417432	157460915168734	157460883288474
157461295738109	157461315258160	157461295605349
157462531100869	157462548736442	157462530978004
157462744778265	157462765485295	157462744650817
157462794015348	157462815501753	157462793871806
157463020951650	157463048910087	157463020823629
157463035721702	157463065582275	157463034936546
157463427514723	157463448957275	157463427379358
157463816121650	157463832380087	157463815916389
157468364627221	157468383263991	157468364491179
157468798579200	157468816653314	157468798486804

=== poll 1790130768.670678110
16666666
157403376939798	157403408213026	157403376810579
157403421936621	157403441566464	157403421809589
157403632717766	157403658351515	157403632567975
157403645419485	157403675027662	157403635147610
157403662246308	157403691704276	157403655852193
157404122096360	157404142030318	157404122008860
157406393248026	157406410105578	157406393021099
157406955906880	157406977017556	157406955725473
157408642820733	157408661349535	157408642709171
157409065735993	157409094909066	157409065609066
157410333621149	157410362271826	157410333496253
157410368337555	157410395627972	157410368194014
157410410071045	157410428979951	157410409922139
157410425642399	157410445655263	157410425527087
157410457814066	157410479003648	157410457685003
157410474598701	157410495680367	157410474486357
157410666313649	157410695795888	157410666195680
157410866931305	157410895895992	157410866820003
157411247456878	157411279461149	157411247319170
157411629275107	157411646280002	157411629149222
157414118262762	157414147484220	157414118096929
157414528881616	157414547685678	157414528770835
157415749138543	157415781753490	157415749006199
157415939711199	157415965193126	157415939585470
157415973029272	157415998553803	157415972899168
157416001785887	157416031911199	157416001677657
157416019437710	157416048589532	157416004150678
157416229289168	157416248725104	157416229197189
157416455903439	157416482210625	157416455813959
157417095050522	157417115889376	157417094932136
157417307037292	157417332707449	157417306912553
157417353634324	157417382745990	157417353502292
157417570157136	157417599552708	157417570045001
157417782289271	157417799704948	157417782141094
157417981252084	157417999892553	157417981129375
157418385315104	157418416920937	157418385140469
157422788790832	157422819962446	157422788597447
157423211046144	157423236881977	157423210926248
157424513370310	157424537437185	157424513222810
157424725497237	157424754197810	157424725319425
157424794831665	157424820889372	157424794701717
157424992688331	157425020952706	157424992576717
157425417188956	157425437844945	157425417051352
157425821418904	157425838098070	157425821292862
157428460396142	157428489324528	157428459909059
157428907170621	157428939444787	157428907034528
157430127100517	157430156382912	157430126987392
157430338161246	157430356381610	157430338021089
157430375311037	157430406387600	157430375106402
157430410554892	157430439737234	157430410445621
157430433709267	157430456410464	157430433609006
157430643795621	157430673121454	157430643674891
157431283495256	157431306521140	157431283377183
157431503271974	157431523225360	157431503137443
157431549650412	157431573231401	157431549501766
157431768170151	157431789939682	157431768042912
157431969463745	157431989923328	157431969322443
157432186122547	157432206573744	157432185997651
157432572140672	157432589936870	157432571997391
157432976677755	157433006651609	157432976565307
157433397737338	157433423312650	157433397586609
157437545078795	157437574188013	157437544934785
157437959084732	157437990907336	157437958964212
157439252417544	157439274512856	157439252280461
157439290917596	157439307860929	157439290764628
157439534822284	157439557883741	157439534691971
157439545279003	157439574554210	157439537136867
157439758409523	157439774613117	157439758298169
157440228128065	157440258162127	157440227984107
157440699833638	157440724974523	157440699685408
157442743528793	157442775410043	157442743403064
157443216895407	157443242178271	157443216766710
157444440409209	157444459445458	157444440272959
157444646595667	157444676175302	157444646469886
157444684226136	157444709510875	157444684088167
157444725688272	157444742848948	157444725564313
157444901026292	157444926212438	157444900873324
157445132783271	157445159631552	157445132667438
157445146629573	157445176307854	157445139937126
157445411715198	157445443064573	157445411616552
157447094539260	157447126984000	157447094412229
157447302231291	157447327066135	157447302109937
157447353832854	157447377081083	157447353643948
157447383697489	157447410425718	157447383559677
157447606058687	157447627192905	157447605908739
157447635525770	157447660536707	157447635415510
157448067064104	157448094041238	157448066959312
157448125395458	157448144060093	157448125238114
157448141042541	157448160732541	157448140964468
157448343242385	157448360805978	157448343084833
157448531493322	157448560896082	157448531366708
157452392072071	157452412455352	157452391885716
157452814071602	157452845911966	157452813953425
157454485383320	157454513076653	157454485275091
157455002135716	157455029924777	157455001961861
157455506601340	157455530047642	157455506416913
157455557893788	157455580070923	157455557774101
157455791287017	157455813487225	157455791109413
157456024794257	157456046908684	157456024679101
157456437283684	157456463715662	157456437166913
157456846168475	157456863886964	157456845981809
157457651728631	157457680809829	157457651610506
157458083512225	157458114335610	157458083385246
157459287884308	157459314806912	157459287756808
157459497692485	157459514911494	157459497561495
157459535440037	157459564941807	157459535301755
157459569702589	157459598287171	157459569581078
157459777070349	157459798353421	157459776958630
157460238293526	157460265112432	157460238162536
157460677435140	157460698450140	157460677307120
157460883417432	157460915168734	157460883288474
157461295738109	157461315258160	157461295605349
157462531100869	157462548736442	157462530978004
157462744778265	157462765485295	157462744650817
157462794015348	157462815501753	157462793871806
157463020951650	157463048910087	157463020823629
157463035721702	157463065582275	157463034936546
157463427514723	157463448957275	157463427379358
157463816121650	157463832380087	157463815916389
157468364627221	157468383263991	157468364491179
157468798579200	157468816653314	157468798486804
157470488420710	157470517058366	157470488290970
157470697553210	157470717172116	157470697424876
157470727443001	157470750529563	157470727317376
157470965407532	157470983989875	157470965269511
157470983452011	157471000668313	157470983329980
157471414770865	157471434167532	157471414644459

=== poll 1790130771.032686390
16666666
157403645419485	157403675027662	157403635147610
157403662246308	157403691704276	157403655852193
157404122096360	157404142030318	157404122008860
157406393248026	157406410105578	157406393021099
157406955906880	157406977017556	157406955725473
157408642820733	157408661349535	157408642709171
157409065735993	157409094909066	157409065609066
157410333621149	157410362271826	157410333496253
157410368337555	157410395627972	157410368194014
157410410071045	157410428979951	157410409922139
157410425642399	157410445655263	157410425527087
157410457814066	157410479003648	157410457685003
157410474598701	157410495680367	157410474486357
157410666313649	157410695795888	157410666195680
157410866931305	157410895895992	157410866820003
157411247456878	157411279461149	157411247319170
157411629275107	157411646280002	157411629149222
157414118262762	157414147484220	157414118096929
157414528881616	157414547685678	157414528770835
157415749138543	157415781753490	157415749006199
157415939711199	157415965193126	157415939585470
157415973029272	157415998553803	157415972899168
157416001785887	157416031911199	157416001677657
157416019437710	157416048589532	157416004150678
157416229289168	157416248725104	157416229197189
157416455903439	157416482210625	157416455813959
157417095050522	157417115889376	157417094932136
157417307037292	157417332707449	157417306912553
157417353634324	157417382745990	157417353502292
157417570157136	157417599552708	157417570045001
157417782289271	157417799704948	157417782141094
157417981252084	157417999892553	157417981129375
157418385315104	157418416920937	157418385140469
157422788790832	157422819962446	157422788597447
157423211046144	157423236881977	157423210926248
157424513370310	157424537437185	157424513222810
157424725497237	157424754197810	157424725319425
157424794831665	157424820889372	157424794701717
157424992688331	157425020952706	157424992576717
157425417188956	157425437844945	157425417051352
157425821418904	157425838098070	157425821292862
157428460396142	157428489324528	157428459909059
157428907170621	157428939444787	157428907034528
157430127100517	157430156382912	157430126987392
157430338161246	157430356381610	157430338021089
157430375311037	157430406387600	157430375106402
157430410554892	157430439737234	157430410445621
157430433709267	157430456410464	157430433609006
157430643795621	157430673121454	157430643674891
157431283495256	157431306521140	157431283377183
157431503271974	157431523225360	157431503137443
157431549650412	157431573231401	157431549501766
157431768170151	157431789939682	157431768042912
157431969463745	157431989923328	157431969322443
157432186122547	157432206573744	157432185997651
157432572140672	157432589936870	157432571997391
157432976677755	157433006651609	157432976565307
157433397737338	157433423312650	157433397586609
157437545078795	157437574188013	157437544934785
157437959084732	157437990907336	157437958964212
157439252417544	157439274512856	157439252280461
157439290917596	157439307860929	157439290764628
157439534822284	157439557883741	157439534691971
157439545279003	157439574554210	157439537136867
157439758409523	157439774613117	157439758298169
157440228128065	157440258162127	157440227984107
157440699833638	157440724974523	157440699685408
157442743528793	157442775410043	157442743403064
157443216895407	157443242178271	157443216766710
157444440409209	157444459445458	157444440272959
157444646595667	157444676175302	157444646469886
157444684226136	157444709510875	157444684088167
157444725688272	157444742848948	157444725564313
157444901026292	157444926212438	157444900873324
157445132783271	157445159631552	157445132667438
157445146629573	157445176307854	157445139937126
157445411715198	157445443064573	157445411616552
157447094539260	157447126984000	157447094412229
157447302231291	157447327066135	157447302109937
157447353832854	157447377081083	157447353643948
157447383697489	157447410425718	157447383559677
157447606058687	157447627192905	157447605908739
157447635525770	157447660536707	157447635415510
157448067064104	157448094041238	157448066959312
157448125395458	157448144060093	157448125238114
157448141042541	157448160732541	157448140964468
157448343242385	157448360805978	157448343084833
157448531493322	157448560896082	157448531366708
157452392072071	157452412455352	157452391885716
157452814071602	157452845911966	157452813953425
157454485383320	157454513076653	157454485275091
157455002135716	157455029924777	157455001961861
157455506601340	157455530047642	157455506416913
157455557893788	157455580070923	157455557774101
157455791287017	157455813487225	157455791109413
157456024794257	157456046908684	157456024679101
157456437283684	157456463715662	157456437166913
157456846168475	157456863886964	157456845981809
157457651728631	157457680809829	157457651610506
157458083512225	157458114335610	157458083385246
157459287884308	157459314806912	157459287756808
157459497692485	157459514911494	157459497561495
157459535440037	157459564941807	157459535301755
157459569702589	157459598287171	157459569581078
157459777070349	157459798353421	157459776958630
157460238293526	157460265112432	157460238162536
157460677435140	157460698450140	157460677307120
157460883417432	157460915168734	157460883288474
157461295738109	157461315258160	157461295605349
157462531100869	157462548736442	157462530978004
157462744778265	157462765485295	157462744650817
157462794015348	157462815501753	157462793871806
157463020951650	157463048910087	157463020823629
157463035721702	157463065582275	157463034936546
157463427514723	157463448957275	157463427379358
157463816121650	157463832380087	157463815916389
157468364627221	157468383263991	157468364491179
157468798579200	157468816653314	157468798486804
157470488420710	157470517058366	157470488290970
157470697553210	157470717172116	157470697424876
157470727443001	157470750529563	157470727317376
157470965407532	157470983989875	157470965269511
157470983452011	157471000668313	157470983329980
157471414770865	157471434167532	157471414644459
157471879839094	157471901051073	157471879797376
157472178773313	157472201192948	157472178619146
157472679565396	157472701414771	157472679462063

=== poll 1790130773.398480556
16666666
157410368337555	157410395627972	157410368194014
157410410071045	157410428979951	157410409922139
157410425642399	157410445655263	157410425527087
157410457814066	157410479003648	157410457685003
157410474598701	157410495680367	157410474486357
157410666313649	157410695795888	157410666195680
157410866931305	157410895895992	157410866820003
157411247456878	157411279461149	157411247319170
157411629275107	157411646280002	157411629149222
157414118262762	157414147484220	157414118096929
157414528881616	157414547685678	157414528770835
157415749138543	157415781753490	157415749006199
157415939711199	157415965193126	157415939585470
157415973029272	157415998553803	157415972899168
157416001785887	157416031911199	157416001677657
157416019437710	157416048589532	157416004150678
157416229289168	157416248725104	157416229197189
157416455903439	157416482210625	157416455813959
157417095050522	157417115889376	157417094932136
157417307037292	157417332707449	157417306912553
157417353634324	157417382745990	157417353502292
157417570157136	157417599552708	157417570045001
157417782289271	157417799704948	157417782141094
157417981252084	157417999892553	157417981129375
157418385315104	157418416920937	157418385140469
157422788790832	157422819962446	157422788597447
157423211046144	157423236881977	157423210926248
157424513370310	157424537437185	157424513222810
157424725497237	157424754197810	157424725319425
157424794831665	157424820889372	157424794701717
157424992688331	157425020952706	157424992576717
157425417188956	157425437844945	157425417051352
157425821418904	157425838098070	157425821292862
157428460396142	157428489324528	157428459909059
157428907170621	157428939444787	157428907034528
157430127100517	157430156382912	157430126987392
157430338161246	157430356381610	157430338021089
157430375311037	157430406387600	157430375106402
157430410554892	157430439737234	157430410445621
157430433709267	157430456410464	157430433609006
157430643795621	157430673121454	157430643674891
157431283495256	157431306521140	157431283377183
157431503271974	157431523225360	157431503137443
157431549650412	157431573231401	157431549501766
157431768170151	157431789939682	157431768042912
157431969463745	157431989923328	157431969322443
157432186122547	157432206573744	157432185997651
157432572140672	157432589936870	157432571997391
157432976677755	157433006651609	157432976565307
157433397737338	157433423312650	157433397586609
157437545078795	157437574188013	157437544934785
157437959084732	157437990907336	157437958964212
157439252417544	157439274512856	157439252280461
157439290917596	157439307860929	157439290764628
157439534822284	157439557883741	157439534691971
157439545279003	157439574554210	157439537136867
157439758409523	157439774613117	157439758298169
157440228128065	157440258162127	157440227984107
157440699833638	157440724974523	157440699685408
157442743528793	157442775410043	157442743403064
157443216895407	157443242178271	157443216766710
157444440409209	157444459445458	157444440272959
157444646595667	157444676175302	157444646469886
157444684226136	157444709510875	157444684088167
157444725688272	157444742848948	157444725564313
157444901026292	157444926212438	157444900873324
157445132783271	157445159631552	157445132667438
157445146629573	157445176307854	157445139937126
157445411715198	157445443064573	157445411616552
157447094539260	157447126984000	157447094412229
157447302231291	157447327066135	157447302109937
157447353832854	157447377081083	157447353643948
157447383697489	157447410425718	157447383559677
157447606058687	157447627192905	157447605908739
157447635525770	157447660536707	157447635415510
157448067064104	157448094041238	157448066959312
157448125395458	157448144060093	157448125238114
157448141042541	157448160732541	157448140964468
157448343242385	157448360805978	157448343084833
157448531493322	157448560896082	157448531366708
157452392072071	157452412455352	157452391885716
157452814071602	157452845911966	157452813953425
157454485383320	157454513076653	157454485275091
157455002135716	157455029924777	157455001961861
157455506601340	157455530047642	157455506416913
157455557893788	157455580070923	157455557774101
157455791287017	157455813487225	157455791109413
157456024794257	157456046908684	157456024679101
157456437283684	157456463715662	157456437166913
157456846168475	157456863886964	157456845981809
157457651728631	157457680809829	157457651610506
157458083512225	157458114335610	157458083385246
157459287884308	157459314806912	157459287756808
157459497692485	157459514911494	157459497561495
157459535440037	157459564941807	157459535301755
157459569702589	157459598287171	157459569581078
157459777070349	157459798353421	157459776958630
157460238293526	157460265112432	157460238162536
157460677435140	157460698450140	157460677307120
157460883417432	157460915168734	157460883288474
157461295738109	157461315258160	157461295605349
157462531100869	157462548736442	157462530978004
157462744778265	157462765485295	157462744650817
157462794015348	157462815501753	157462793871806
157463020951650	157463048910087	157463020823629
157463035721702	157463065582275	157463034936546
157463427514723	157463448957275	157463427379358
157463816121650	157463832380087	157463815916389
157468364627221	157468383263991	157468364491179
157468798579200	157468816653314	157468798486804
157470488420710	157470517058366	157470488290970
157470697553210	157470717172116	157470697424876
157470727443001	157470750529563	157470727317376
157470965407532	157470983989875	157470965269511
157470983452011	157471000668313	157470983329980
157471414770865	157471434167532	157471414644459
157471879839094	157471901051073	157471879797376
157472178773313	157472201192948	157472178619146
157472679565396	157472701414771	157472679462063
157474413642114	157474435697843	157474413525656
157474632049198	157474652469666	157474631895500
157474670643573	157474702509353	157474670502791
157474707189875	157474735863676	157474707077114
157474917533364	157474935961020	157474917386489
157475378670760	157475402889301	157475378541958
157475602758624	157475619720239	157475602629874
157475837587062	157475869858572	157475837465030

=== poll 1790130775.724626284
16666666
157411247456878	157411279461149	157411247319170
157411629275107	157411646280002	157411629149222
157414118262762	157414147484220	157414118096929
157414528881616	157414547685678	157414528770835
157415749138543	157415781753490	157415749006199
157415939711199	157415965193126	157415939585470
157415973029272	157415998553803	157415972899168
157416001785887	157416031911199	157416001677657
157416019437710	157416048589532	157416004150678
157416229289168	157416248725104	157416229197189
157416455903439	157416482210625	157416455813959
157417095050522	157417115889376	157417094932136
157417307037292	157417332707449	157417306912553
157417353634324	157417382745990	157417353502292
157417570157136	157417599552708	157417570045001
157417782289271	157417799704948	157417782141094
157417981252084	157417999892553	157417981129375
157418385315104	157418416920937	157418385140469
157422788790832	157422819962446	157422788597447
157423211046144	157423236881977	157423210926248
157424513370310	157424537437185	157424513222810
157424725497237	157424754197810	157424725319425
157424794831665	157424820889372	157424794701717
157424992688331	157425020952706	157424992576717
157425417188956	157425437844945	157425417051352
157425821418904	157425838098070	157425821292862
157428460396142	157428489324528	157428459909059
157428907170621	157428939444787	157428907034528
157430127100517	157430156382912	157430126987392
157430338161246	157430356381610	157430338021089
157430375311037	157430406387600	157430375106402
157430410554892	157430439737234	157430410445621
157430433709267	157430456410464	157430433609006
157430643795621	157430673121454	157430643674891
157431283495256	157431306521140	157431283377183
157431503271974	157431523225360	157431503137443
157431549650412	157431573231401	157431549501766
157431768170151	157431789939682	157431768042912
157431969463745	157431989923328	157431969322443
157432186122547	157432206573744	157432185997651
157432572140672	157432589936870	157432571997391
157432976677755	157433006651609	157432976565307
157433397737338	157433423312650	157433397586609
157437545078795	157437574188013	157437544934785
157437959084732	157437990907336	157437958964212
157439252417544	157439274512856	157439252280461
157439290917596	157439307860929	157439290764628
157439534822284	157439557883741	157439534691971
157439545279003	157439574554210	157439537136867
157439758409523	157439774613117	157439758298169
157440228128065	157440258162127	157440227984107
157440699833638	157440724974523	157440699685408
157442743528793	157442775410043	157442743403064
157443216895407	157443242178271	157443216766710
157444440409209	157444459445458	157444440272959
157444646595667	157444676175302	157444646469886
157444684226136	157444709510875	157444684088167
157444725688272	157444742848948	157444725564313
157444901026292	157444926212438	157444900873324
157445132783271	157445159631552	157445132667438
157445146629573	157445176307854	157445139937126
157445411715198	157445443064573	157445411616552
157447094539260	157447126984000	157447094412229
157447302231291	157447327066135	157447302109937
157447353832854	157447377081083	157447353643948
157447383697489	157447410425718	157447383559677
157447606058687	157447627192905	157447605908739
157447635525770	157447660536707	157447635415510
157448067064104	157448094041238	157448066959312
157448125395458	157448144060093	157448125238114
157448141042541	157448160732541	157448140964468
157448343242385	157448360805978	157448343084833
157448531493322	157448560896082	157448531366708
157452392072071	157452412455352	157452391885716
157452814071602	157452845911966	157452813953425
157454485383320	157454513076653	157454485275091
157455002135716	157455029924777	157455001961861
157455506601340	157455530047642	157455506416913
157455557893788	157455580070923	157455557774101
157455791287017	157455813487225	157455791109413
157456024794257	157456046908684	157456024679101
157456437283684	157456463715662	157456437166913
157456846168475	157456863886964	157456845981809
157457651728631	157457680809829	157457651610506
157458083512225	157458114335610	157458083385246
157459287884308	157459314806912	157459287756808
157459497692485	157459514911494	157459497561495
157459535440037	157459564941807	157459535301755
157459569702589	157459598287171	157459569581078
157459777070349	157459798353421	157459776958630
157460238293526	157460265112432	157460238162536
157460677435140	157460698450140	157460677307120
157460883417432	157460915168734	157460883288474
157461295738109	157461315258160	157461295605349
157462531100869	157462548736442	157462530978004
157462744778265	157462765485295	157462744650817
157462794015348	157462815501753	157462793871806
157463020951650	157463048910087	157463020823629
157463035721702	157463065582275	157463034936546
157463427514723	157463448957275	157463427379358
157463816121650	157463832380087	157463815916389
157468364627221	157468383263991	157468364491179
157468798579200	157468816653314	157468798486804
157470488420710	157470517058366	157470488290970
157470697553210	157470717172116	157470697424876
157470727443001	157470750529563	157470727317376
157470965407532	157470983989875	157470965269511
157470983452011	157471000668313	157470983329980
157471414770865	157471434167532	157471414644459
157471879839094	157471901051073	157471879797376
157472178773313	157472201192948	157472178619146
157472679565396	157472701414771	157472679462063
157474413642114	157474435697843	157474413525656
157474632049198	157474652469666	157474631895500
157474670643573	157474702509353	157474670502791
157474707189875	157474735863676	157474707077114
157474917533364	157474935961020	157474917386489
157475378670760	157475402889301	157475378541958
157475602758624	157475619720239	157475602629874
157475837587062	157475869858572	157475837465030
157477113667947	157477137097790	157477113533884
157477349285342	157477370510967	157477349129717
157477399591488	157477420525967	157477399461540
157477630935811	157477653936540	157477630803363
157477843504769	157477870664821	157477843346905
157478069621905	157478087405394	157478069483832
157478502107269	157478520900914	157478501968102

=== poll 1790130778.070750815
16666666
157411247456878	157411279461149	157411247319170
157411629275107	157411646280002	157411629149222
157414118262762	157414147484220	157414118096929
157414528881616	157414547685678	157414528770835
157415749138543	157415781753490	157415749006199
157415939711199	157415965193126	157415939585470
157415973029272	157415998553803	157415972899168
157416001785887	157416031911199	157416001677657
157416019437710	157416048589532	157416004150678
157416229289168	157416248725104	157416229197189
157416455903439	157416482210625	157416455813959
157417095050522	157417115889376	157417094932136
157417307037292	157417332707449	157417306912553
157417353634324	157417382745990	157417353502292
157417570157136	157417599552708	157417570045001
157417782289271	157417799704948	157417782141094
157417981252084	157417999892553	157417981129375
157418385315104	157418416920937	157418385140469
157422788790832	157422819962446	157422788597447
157423211046144	157423236881977	157423210926248
157424513370310	157424537437185	157424513222810
157424725497237	157424754197810	157424725319425
157424794831665	157424820889372	157424794701717
157424992688331	157425020952706	157424992576717
157425417188956	157425437844945	157425417051352
157425821418904	157425838098070	157425821292862
157428460396142	157428489324528	157428459909059
157428907170621	157428939444787	157428907034528
157430127100517	157430156382912	157430126987392
157430338161246	157430356381610	157430338021089
157430375311037	157430406387600	157430375106402
157430410554892	157430439737234	157430410445621
157430433709267	157430456410464	157430433609006
157430643795621	157430673121454	157430643674891
157431283495256	157431306521140	157431283377183
157431503271974	157431523225360	157431503137443
157431549650412	157431573231401	157431549501766
157431768170151	157431789939682	157431768042912
157431969463745	157431989923328	157431969322443
157432186122547	157432206573744	157432185997651
157432572140672	157432589936870	157432571997391
157432976677755	157433006651609	157432976565307
157433397737338	157433423312650	157433397586609
157437545078795	157437574188013	157437544934785
157437959084732	157437990907336	157437958964212
157439252417544	157439274512856	157439252280461
157439290917596	157439307860929	157439290764628
157439534822284	157439557883741	157439534691971
157439545279003	157439574554210	157439537136867
157439758409523	157439774613117	157439758298169
157440228128065	157440258162127	157440227984107
157440699833638	157440724974523	157440699685408
157442743528793	157442775410043	157442743403064
157443216895407	157443242178271	157443216766710
157444440409209	157444459445458	157444440272959
157444646595667	157444676175302	157444646469886
157444684226136	157444709510875	157444684088167
157444725688272	157444742848948	157444725564313
157444901026292	157444926212438	157444900873324
157445132783271	157445159631552	157445132667438
157445146629573	157445176307854	157445139937126
157445411715198	157445443064573	157445411616552
157447094539260	157447126984000	157447094412229
157447302231291	157447327066135	157447302109937
157447353832854	157447377081083	157447353643948
157447383697489	157447410425718	157447383559677
157447606058687	157447627192905	157447605908739
157447635525770	157447660536707	157447635415510
157448067064104	157448094041238	157448066959312
157448125395458	157448144060093	157448125238114
157448141042541	157448160732541	157448140964468
157448343242385	157448360805978	157448343084833
157448531493322	157448560896082	157448531366708
157452392072071	157452412455352	157452391885716
157452814071602	157452845911966	157452813953425
157454485383320	157454513076653	157454485275091
157455002135716	157455029924777	157455001961861
157455506601340	157455530047642	157455506416913
157455557893788	157455580070923	157455557774101
157455791287017	157455813487225	157455791109413
157456024794257	157456046908684	157456024679101
157456437283684	157456463715662	157456437166913
157456846168475	157456863886964	157456845981809
157457651728631	157457680809829	157457651610506
157458083512225	157458114335610	157458083385246
157459287884308	157459314806912	157459287756808
157459497692485	157459514911494	157459497561495
157459535440037	157459564941807	157459535301755
157459569702589	157459598287171	157459569581078
157459777070349	157459798353421	157459776958630
157460238293526	157460265112432	157460238162536
157460677435140	157460698450140	157460677307120
157460883417432	157460915168734	157460883288474
157461295738109	157461315258160	157461295605349
157462531100869	157462548736442	157462530978004
157462744778265	157462765485295	157462744650817
157462794015348	157462815501753	157462793871806
157463020951650	157463048910087	157463020823629
157463035721702	157463065582275	157463034936546
157463427514723	157463448957275	157463427379358
157463816121650	157463832380087	157463815916389
157468364627221	157468383263991	157468364491179
157468798579200	157468816653314	157468798486804
157470488420710	157470517058366	157470488290970
157470697553210	157470717172116	157470697424876
157470727443001	157470750529563	157470727317376
157470965407532	157470983989875	157470965269511
157470983452011	157471000668313	157470983329980
157471414770865	157471434167532	157471414644459
157471879839094	157471901051073	157471879797376
157472178773313	157472201192948	157472178619146
157472679565396	157472701414771	157472679462063
157474413642114	157474435697843	157474413525656
157474632049198	157474652469666	157474631895500
157474670643573	157474702509353	157474670502791
157474707189875	157474735863676	157474707077114
157474917533364	157474935961020	157474917386489
157475378670760	157475402889301	157475378541958
157475602758624	157475619720239	157475602629874
157475837587062	157475869858572	157475837465030
157477113667947	157477137097790	157477113533884
157477349285342	157477370510967	157477349129717
157477399591488	157477420525967	157477399461540
157477630935811	157477653936540	157477630803363
157477843504769	157477870664821	157477843346905
157478069621905	157478087405394	157478069483832
157478502107269	157478520900914	157478501968102

=== poll 1790130780.435260658
16666666
157411247456878	157411279461149	157411247319170
157411629275107	157411646280002	157411629149222
157414118262762	157414147484220	157414118096929
157414528881616	157414547685678	157414528770835
157415749138543	157415781753490	157415749006199
157415939711199	157415965193126	157415939585470
157415973029272	157415998553803	157415972899168
157416001785887	157416031911199	157416001677657
157416019437710	157416048589532	157416004150678
157416229289168	157416248725104	157416229197189
157416455903439	157416482210625	157416455813959
157417095050522	157417115889376	157417094932136
157417307037292	157417332707449	157417306912553
157417353634324	157417382745990	157417353502292
157417570157136	157417599552708	157417570045001
157417782289271	157417799704948	157417782141094
157417981252084	157417999892553	157417981129375
157418385315104	157418416920937	157418385140469
157422788790832	157422819962446	157422788597447
157423211046144	157423236881977	157423210926248
157424513370310	157424537437185	157424513222810
157424725497237	157424754197810	157424725319425
157424794831665	157424820889372	157424794701717
157424992688331	157425020952706	157424992576717
157425417188956	157425437844945	157425417051352
157425821418904	157425838098070	157425821292862
157428460396142	157428489324528	157428459909059
157428907170621	157428939444787	157428907034528
157430127100517	157430156382912	157430126987392
157430338161246	157430356381610	157430338021089
157430375311037	157430406387600	157430375106402
157430410554892	157430439737234	157430410445621
157430433709267	157430456410464	157430433609006
157430643795621	157430673121454	157430643674891
157431283495256	157431306521140	157431283377183
157431503271974	157431523225360	157431503137443
157431549650412	157431573231401	157431549501766
157431768170151	157431789939682	157431768042912
157431969463745	157431989923328	157431969322443
157432186122547	157432206573744	157432185997651
157432572140672	157432589936870	157432571997391
157432976677755	157433006651609	157432976565307
157433397737338	157433423312650	157433397586609
157437545078795	157437574188013	157437544934785
157437959084732	157437990907336	157437958964212
157439252417544	157439274512856	157439252280461
157439290917596	157439307860929	157439290764628
157439534822284	157439557883741	157439534691971
157439545279003	157439574554210	157439537136867
157439758409523	157439774613117	157439758298169
157440228128065	157440258162127	157440227984107
157440699833638	157440724974523	157440699685408
157442743528793	157442775410043	157442743403064
157443216895407	157443242178271	157443216766710
157444440409209	157444459445458	157444440272959
157444646595667	157444676175302	157444646469886
157444684226136	157444709510875	157444684088167
157444725688272	157444742848948	157444725564313
157444901026292	157444926212438	157444900873324
157445132783271	157445159631552	157445132667438
157445146629573	157445176307854	157445139937126
157445411715198	157445443064573	157445411616552
157447094539260	157447126984000	157447094412229
157447302231291	157447327066135	157447302109937
157447353832854	157447377081083	157447353643948
157447383697489	157447410425718	157447383559677
157447606058687	157447627192905	157447605908739
157447635525770	157447660536707	157447635415510
157448067064104	157448094041238	157448066959312
157448125395458	157448144060093	157448125238114
157448141042541	157448160732541	157448140964468
157448343242385	157448360805978	157448343084833
157448531493322	157448560896082	157448531366708
157452392072071	157452412455352	157452391885716
157452814071602	157452845911966	157452813953425
157454485383320	157454513076653	157454485275091
157455002135716	157455029924777	157455001961861
157455506601340	157455530047642	157455506416913
157455557893788	157455580070923	157455557774101
157455791287017	157455813487225	157455791109413
157456024794257	157456046908684	157456024679101
157456437283684	157456463715662	157456437166913
157456846168475	157456863886964	157456845981809
157457651728631	157457680809829	157457651610506
157458083512225	157458114335610	157458083385246
157459287884308	157459314806912	157459287756808
157459497692485	157459514911494	157459497561495
157459535440037	157459564941807	157459535301755
157459569702589	157459598287171	157459569581078
157459777070349	157459798353421	157459776958630
157460238293526	157460265112432	157460238162536
157460677435140	157460698450140	157460677307120
157460883417432	157460915168734	157460883288474
157461295738109	157461315258160	157461295605349
157462531100869	157462548736442	157462530978004
157462744778265	157462765485295	157462744650817
157462794015348	157462815501753	157462793871806
157463020951650	157463048910087	157463020823629
157463035721702	157463065582275	157463034936546
157463427514723	157463448957275	157463427379358
157463816121650	157463832380087	157463815916389
157468364627221	157468383263991	157468364491179
157468798579200	157468816653314	157468798486804
157470488420710	157470517058366	157470488290970
157470697553210	157470717172116	157470697424876
157470727443001	157470750529563	157470727317376
157470965407532	157470983989875	157470965269511
157470983452011	157471000668313	157470983329980
157471414770865	157471434167532	157471414644459
157471879839094	157471901051073	157471879797376
157472178773313	157472201192948	157472178619146
157472679565396	157472701414771	157472679462063
157474413642114	157474435697843	157474413525656
157474632049198	157474652469666	157474631895500
157474670643573	157474702509353	157474670502791
157474707189875	157474735863676	157474707077114
157474917533364	157474935961020	157474917386489
157475378670760	157475402889301	157475378541958
157475602758624	157475619720239	157475602629874
157475837587062	157475869858572	157475837465030
157477113667947	157477137097790	157477113533884
157477349285342	157477370510967	157477349129717
157477399591488	157477420525967	157477399461540
157477630935811	157477653936540	157477630803363
157477843504769	157477870664821	157477843346905
157478069621905	157478087405394	157478069483832
157478502107269	157478520900914	157478501968102

=== poll 1790130782.785426178
16666666
157415939711199	157415965193126	157415939585470
157415973029272	157415998553803	157415972899168
157416001785887	157416031911199	157416001677657
157416019437710	157416048589532	157416004150678
157416229289168	157416248725104	157416229197189
157416455903439	157416482210625	157416455813959
157417095050522	157417115889376	157417094932136
157417307037292	157417332707449	157417306912553
157417353634324	157417382745990	157417353502292
157417570157136	157417599552708	157417570045001
157417782289271	157417799704948	157417782141094
157417981252084	157417999892553	157417981129375
157418385315104	157418416920937	157418385140469
157422788790832	157422819962446	157422788597447
157423211046144	157423236881977	157423210926248
157424513370310	157424537437185	157424513222810
157424725497237	157424754197810	157424725319425
157424794831665	157424820889372	157424794701717
157424992688331	157425020952706	157424992576717
157425417188956	157425437844945	157425417051352
157425821418904	157425838098070	157425821292862
157428460396142	157428489324528	157428459909059
157428907170621	157428939444787	157428907034528
157430127100517	157430156382912	157430126987392
157430338161246	157430356381610	157430338021089
157430375311037	157430406387600	157430375106402
157430410554892	157430439737234	157430410445621
157430433709267	157430456410464	157430433609006
157430643795621	157430673121454	157430643674891
157431283495256	157431306521140	157431283377183
157431503271974	157431523225360	157431503137443
157431549650412	157431573231401	157431549501766
157431768170151	157431789939682	157431768042912
157431969463745	157431989923328	157431969322443
157432186122547	157432206573744	157432185997651
157432572140672	157432589936870	157432571997391
157432976677755	157433006651609	157432976565307
157433397737338	157433423312650	157433397586609
157437545078795	157437574188013	157437544934785
157437959084732	157437990907336	157437958964212
157439252417544	157439274512856	157439252280461
157439290917596	157439307860929	157439290764628
157439534822284	157439557883741	157439534691971
157439545279003	157439574554210	157439537136867
157439758409523	157439774613117	157439758298169
157440228128065	157440258162127	157440227984107
157440699833638	157440724974523	157440699685408
157442743528793	157442775410043	157442743403064
157443216895407	157443242178271	157443216766710
157444440409209	157444459445458	157444440272959
157444646595667	157444676175302	157444646469886
157444684226136	157444709510875	157444684088167
157444725688272	157444742848948	157444725564313
157444901026292	157444926212438	157444900873324
157445132783271	157445159631552	157445132667438
157445146629573	157445176307854	157445139937126
157445411715198	157445443064573	157445411616552
157447094539260	157447126984000	157447094412229
157447302231291	157447327066135	157447302109937
157447353832854	157447377081083	157447353643948
157447383697489	157447410425718	157447383559677
157447606058687	157447627192905	157447605908739
157447635525770	157447660536707	157447635415510
157448067064104	157448094041238	157448066959312
157448125395458	157448144060093	157448125238114
157448141042541	157448160732541	157448140964468
157448343242385	157448360805978	157448343084833
157448531493322	157448560896082	157448531366708
157452392072071	157452412455352	157452391885716
157452814071602	157452845911966	157452813953425
157454485383320	157454513076653	157454485275091
157455002135716	157455029924777	157455001961861
157455506601340	157455530047642	157455506416913
157455557893788	157455580070923	157455557774101
157455791287017	157455813487225	157455791109413
157456024794257	157456046908684	157456024679101
157456437283684	157456463715662	157456437166913
157456846168475	157456863886964	157456845981809
157457651728631	157457680809829	157457651610506
157458083512225	157458114335610	157458083385246
157459287884308	157459314806912	157459287756808
157459497692485	157459514911494	157459497561495
157459535440037	157459564941807	157459535301755
157459569702589	157459598287171	157459569581078
157459777070349	157459798353421	157459776958630
157460238293526	157460265112432	157460238162536
157460677435140	157460698450140	157460677307120
157460883417432	157460915168734	157460883288474
157461295738109	157461315258160	157461295605349
157462531100869	157462548736442	157462530978004
157462744778265	157462765485295	157462744650817
157462794015348	157462815501753	157462793871806
157463020951650	157463048910087	157463020823629
157463035721702	157463065582275	157463034936546
157463427514723	157463448957275	157463427379358
157463816121650	157463832380087	157463815916389
157468364627221	157468383263991	157468364491179
157468798579200	157468816653314	157468798486804
157470488420710	157470517058366	157470488290970
157470697553210	157470717172116	157470697424876
157470727443001	157470750529563	157470727317376
157470965407532	157470983989875	157470965269511
157470983452011	157471000668313	157470983329980
157471414770865	157471434167532	157471414644459
157471879839094	157471901051073	157471879797376
157472178773313	157472201192948	157472178619146
157472679565396	157472701414771	157472679462063
157474413642114	157474435697843	157474413525656
157474632049198	157474652469666	157474631895500
157474670643573	157474702509353	157474670502791
157474707189875	157474735863676	157474707077114
157474917533364	157474935961020	157474917386489
157475378670760	157475402889301	157475378541958
157475602758624	157475619720239	157475602629874
157475837587062	157475869858572	157475837465030
157477113667947	157477137097790	157477113533884
157477349285342	157477370510967	157477349129717
157477399591488	157477420525967	157477399461540
157477630935811	157477653936540	157477630803363
157477843504769	157477870664821	157477843346905
157478069621905	157478087405394	157478069483832
157478502107269	157478520900914	157478501968102
157484824335235	157484856841225	157484824178360
157485328172787	157485356959505	157485328052266
157485849085912	157485873775443	157485848946172
157485884362110	157485907115182	157485884225287
157486051229558	157486073825182	157486051068308

=== poll 1790130785.445408416
16666666
157417095050522	157417115889376	157417094932136
157417307037292	157417332707449	157417306912553
157417353634324	157417382745990	157417353502292
157417570157136	157417599552708	157417570045001
157417782289271	157417799704948	157417782141094
157417981252084	157417999892553	157417981129375
157418385315104	157418416920937	157418385140469
157422788790832	157422819962446	157422788597447
157423211046144	157423236881977	157423210926248
157424513370310	157424537437185	157424513222810
157424725497237	157424754197810	157424725319425
157424794831665	157424820889372	157424794701717
157424992688331	157425020952706	157424992576717
157425417188956	157425437844945	157425417051352
157425821418904	157425838098070	157425821292862
157428460396142	157428489324528	157428459909059
157428907170621	157428939444787	157428907034528
157430127100517	157430156382912	157430126987392
157430338161246	157430356381610	157430338021089
157430375311037	157430406387600	157430375106402
157430410554892	157430439737234	157430410445621
157430433709267	157430456410464	157430433609006
157430643795621	157430673121454	157430643674891
157431283495256	157431306521140	157431283377183
157431503271974	157431523225360	157431503137443
157431549650412	157431573231401	157431549501766
157431768170151	157431789939682	157431768042912
157431969463745	157431989923328	157431969322443
157432186122547	157432206573744	157432185997651
157432572140672	157432589936870	157432571997391
157432976677755	157433006651609	157432976565307
157433397737338	157433423312650	157433397586609
157437545078795	157437574188013	157437544934785
157437959084732	157437990907336	157437958964212
157439252417544	157439274512856	157439252280461
157439290917596	157439307860929	157439290764628
157439534822284	157439557883741	157439534691971
157439545279003	157439574554210	157439537136867
157439758409523	157439774613117	157439758298169
157440228128065	157440258162127	157440227984107
157440699833638	157440724974523	157440699685408
157442743528793	157442775410043	157442743403064
157443216895407	157443242178271	157443216766710
157444440409209	157444459445458	157444440272959
157444646595667	157444676175302	157444646469886
157444684226136	157444709510875	157444684088167
157444725688272	157444742848948	157444725564313
157444901026292	157444926212438	157444900873324
157445132783271	157445159631552	157445132667438
157445146629573	157445176307854	157445139937126
157445411715198	157445443064573	157445411616552
157447094539260	157447126984000	157447094412229
157447302231291	157447327066135	157447302109937
157447353832854	157447377081083	157447353643948
157447383697489	157447410425718	157447383559677
157447606058687	157447627192905	157447605908739
157447635525770	157447660536707	157447635415510
157448067064104	157448094041238	157448066959312
157448125395458	157448144060093	157448125238114
157448141042541	157448160732541	157448140964468
157448343242385	157448360805978	157448343084833
157448531493322	157448560896082	157448531366708
157452392072071	157452412455352	157452391885716
157452814071602	157452845911966	157452813953425
157454485383320	157454513076653	157454485275091
157455002135716	157455029924777	157455001961861
157455506601340	157455530047642	157455506416913
157455557893788	157455580070923	157455557774101
157455791287017	157455813487225	157455791109413
157456024794257	157456046908684	157456024679101
157456437283684	157456463715662	157456437166913
157456846168475	157456863886964	157456845981809
157457651728631	157457680809829	157457651610506
157458083512225	157458114335610	157458083385246
157459287884308	157459314806912	157459287756808
157459497692485	157459514911494	157459497561495
157459535440037	157459564941807	157459535301755
157459569702589	157459598287171	157459569581078
157459777070349	157459798353421	157459776958630
157460238293526	157460265112432	157460238162536
157460677435140	157460698450140	157460677307120
157460883417432	157460915168734	157460883288474
157461295738109	157461315258160	157461295605349
157462531100869	157462548736442	157462530978004
157462744778265	157462765485295	157462744650817
157462794015348	157462815501753	157462793871806
157463020951650	157463048910087	157463020823629
157463035721702	157463065582275	157463034936546
157463427514723	157463448957275	157463427379358
157463816121650	157463832380087	157463815916389
157468364627221	157468383263991	157468364491179
157468798579200	157468816653314	157468798486804
157470488420710	157470517058366	157470488290970
157470697553210	157470717172116	157470697424876
157470727443001	157470750529563	157470727317376
157470965407532	157470983989875	157470965269511
157470983452011	157471000668313	157470983329980
157471414770865	157471434167532	157471414644459
157471879839094	157471901051073	157471879797376
157472178773313	157472201192948	157472178619146
157472679565396	157472701414771	157472679462063
157474413642114	157474435697843	157474413525656
157474632049198	157474652469666	157474631895500
157474670643573	157474702509353	157474670502791
157474707189875	157474735863676	157474707077114
157474917533364	157474935961020	157474917386489
157475378670760	157475402889301	157475378541958
157475602758624	157475619720239	157475602629874
157475837587062	157475869858572	157475837465030
157477113667947	157477137097790	157477113533884
157477349285342	157477370510967	157477349129717
157477399591488	157477420525967	157477399461540
157477630935811	157477653936540	157477630803363
157477843504769	157477870664821	157477843346905
157478069621905	157478087405394	157478069483832
157478502107269	157478520900914	157478501968102
157484824335235	157484856841225	157484824178360
157485328172787	157485356959505	157485328052266
157485849085912	157485873775443	157485848946172
157485884362110	157485907115182	157485884225287
157486051229558	157486073825182	157486051068308
157487140380912	157487157248098	157487140299714
157487970127213	157487990798150	157487970004349
157487994333359	157488024139244	157487994230026
157488208052734	157488240869140	157488207902942
157488452027474	157488474246900	157488451807057
157488567659869	157488590928515	157488567553984

=== poll 1790130788.010400134
16666666
157417981252084	157417999892553	157417981129375
157418385315104	157418416920937	157418385140469
157422788790832	157422819962446	157422788597447
157423211046144	157423236881977	157423210926248
157424513370310	157424537437185	157424513222810
157424725497237	157424754197810	157424725319425
157424794831665	157424820889372	157424794701717
157424992688331	157425020952706	157424992576717
157425417188956	157425437844945	157425417051352
157425821418904	157425838098070	157425821292862
157428460396142	157428489324528	157428459909059
157428907170621	157428939444787	157428907034528
157430127100517	157430156382912	157430126987392
157430338161246	157430356381610	157430338021089
157430375311037	157430406387600	157430375106402
157430410554892	157430439737234	157430410445621
157430433709267	157430456410464	157430433609006
157430643795621	157430673121454	157430643674891
157431283495256	157431306521140	157431283377183
157431503271974	157431523225360	157431503137443
157431549650412	157431573231401	157431549501766
157431768170151	157431789939682	157431768042912
157431969463745	157431989923328	157431969322443
157432186122547	157432206573744	157432185997651
157432572140672	157432589936870	157432571997391
157432976677755	157433006651609	157432976565307
157433397737338	157433423312650	157433397586609
157437545078795	157437574188013	157437544934785
157437959084732	157437990907336	157437958964212
157439252417544	157439274512856	157439252280461
157439290917596	157439307860929	157439290764628
157439534822284	157439557883741	157439534691971
157439545279003	157439574554210	157439537136867
157439758409523	157439774613117	157439758298169
157440228128065	157440258162127	157440227984107
157440699833638	157440724974523	157440699685408
157442743528793	157442775410043	157442743403064
157443216895407	157443242178271	157443216766710
157444440409209	157444459445458	157444440272959
157444646595667	157444676175302	157444646469886
157444684226136	157444709510875	157444684088167
157444725688272	157444742848948	157444725564313
157444901026292	157444926212438	157444900873324
157445132783271	157445159631552	157445132667438
157445146629573	157445176307854	157445139937126
157445411715198	157445443064573	157445411616552
157447094539260	157447126984000	157447094412229
157447302231291	157447327066135	157447302109937
157447353832854	157447377081083	157447353643948
157447383697489	157447410425718	157447383559677
157447606058687	157447627192905	157447605908739
157447635525770	157447660536707	157447635415510
157448067064104	157448094041238	157448066959312
157448125395458	157448144060093	157448125238114
157448141042541	157448160732541	157448140964468
157448343242385	157448360805978	157448343084833
157448531493322	157448560896082	157448531366708
157452392072071	157452412455352	157452391885716
157452814071602	157452845911966	157452813953425
157454485383320	157454513076653	157454485275091
157455002135716	157455029924777	157455001961861
157455506601340	157455530047642	157455506416913
157455557893788	157455580070923	157455557774101
157455791287017	157455813487225	157455791109413
157456024794257	157456046908684	157456024679101
157456437283684	157456463715662	157456437166913
157456846168475	157456863886964	157456845981809
157457651728631	157457680809829	157457651610506
157458083512225	157458114335610	157458083385246
157459287884308	157459314806912	157459287756808
157459497692485	157459514911494	157459497561495
157459535440037	157459564941807	157459535301755
157459569702589	157459598287171	157459569581078
157459777070349	157459798353421	157459776958630
157460238293526	157460265112432	157460238162536
157460677435140	157460698450140	157460677307120
157460883417432	157460915168734	157460883288474
157461295738109	157461315258160	157461295605349
157462531100869	157462548736442	157462530978004
157462744778265	157462765485295	157462744650817
157462794015348	157462815501753	157462793871806
157463020951650	157463048910087	157463020823629
157463035721702	157463065582275	157463034936546
157463427514723	157463448957275	157463427379358
157463816121650	157463832380087	157463815916389
157468364627221	157468383263991	157468364491179
157468798579200	157468816653314	157468798486804
157470488420710	157470517058366	157470488290970
157470697553210	157470717172116	157470697424876
157470727443001	157470750529563	157470727317376
157470965407532	157470983989875	157470965269511
157470983452011	157471000668313	157470983329980
157471414770865	157471434167532	157471414644459
157471879839094	157471901051073	157471879797376
157472178773313	157472201192948	157472178619146
157472679565396	157472701414771	157472679462063
157474413642114	157474435697843	157474413525656
157474632049198	157474652469666	157474631895500
157474670643573	157474702509353	157474670502791
157474707189875	157474735863676	157474707077114
157474917533364	157474935961020	157474917386489
157475378670760	157475402889301	157475378541958
157475602758624	157475619720239	157475602629874
157475837587062	157475869858572	157475837465030
157477113667947	157477137097790	157477113533884
157477349285342	157477370510967	157477349129717
157477399591488	157477420525967	157477399461540
157477630935811	157477653936540	157477630803363
157477843504769	157477870664821	157477843346905
157478069621905	157478087405394	157478069483832
157478502107269	157478520900914	157478501968102
157484824335235	157484856841225	157484824178360
157485328172787	157485356959505	157485328052266
157485849085912	157485873775443	157485848946172
157485884362110	157485907115182	157485884225287
157486051229558	157486073825182	157486051068308
157487140380912	157487157248098	157487140299714
157487970127213	157487990798150	157487970004349
157487994333359	157488024139244	157487994230026
157488208052734	157488240869140	157488207902942
157488452027474	157488474246900	157488451807057
157488567659869	157488590928515	157488567553984
157489356720702	157489374366743	157489356607317
157489366139400	157489391034035	157489366056432
157490763236744	157490791388462	157490763103306
157491056391848	157491074766274	157491056224764
157491073685545	157491091439399	157491073560598

=== poll 1790130790.637350706
16666666
157424513370310	157424537437185	157424513222810
157424725497237	157424754197810	157424725319425
157424794831665	157424820889372	157424794701717
157424992688331	157425020952706	157424992576717
157425417188956	157425437844945	157425417051352
157425821418904	157425838098070	157425821292862
157428460396142	157428489324528	157428459909059
157428907170621	157428939444787	157428907034528
157430127100517	157430156382912	157430126987392
157430338161246	157430356381610	157430338021089
157430375311037	157430406387600	157430375106402
157430410554892	157430439737234	157430410445621
157430433709267	157430456410464	157430433609006
157430643795621	157430673121454	157430643674891
157431283495256	157431306521140	157431283377183
157431503271974	157431523225360	157431503137443
157431549650412	157431573231401	157431549501766
157431768170151	157431789939682	157431768042912
157431969463745	157431989923328	157431969322443
157432186122547	157432206573744	157432185997651
157432572140672	157432589936870	157432571997391
157432976677755	157433006651609	157432976565307
157433397737338	157433423312650	157433397586609
157437545078795	157437574188013	157437544934785
157437959084732	157437990907336	157437958964212
157439252417544	157439274512856	157439252280461
157439290917596	157439307860929	157439290764628
157439534822284	157439557883741	157439534691971
157439545279003	157439574554210	157439537136867
157439758409523	157439774613117	157439758298169
157440228128065	157440258162127	157440227984107
157440699833638	157440724974523	157440699685408
157442743528793	157442775410043	157442743403064
157443216895407	157443242178271	157443216766710
157444440409209	157444459445458	157444440272959
157444646595667	157444676175302	157444646469886
157444684226136	157444709510875	157444684088167
157444725688272	157444742848948	157444725564313
157444901026292	157444926212438	157444900873324
157445132783271	157445159631552	157445132667438
157445146629573	157445176307854	157445139937126
157445411715198	157445443064573	157445411616552
157447094539260	157447126984000	157447094412229
157447302231291	157447327066135	157447302109937
157447353832854	157447377081083	157447353643948
157447383697489	157447410425718	157447383559677
157447606058687	157447627192905	157447605908739
157447635525770	157447660536707	157447635415510
157448067064104	157448094041238	157448066959312
157448125395458	157448144060093	157448125238114
157448141042541	157448160732541	157448140964468
157448343242385	157448360805978	157448343084833
157448531493322	157448560896082	157448531366708
157452392072071	157452412455352	157452391885716
157452814071602	157452845911966	157452813953425
157454485383320	157454513076653	157454485275091
157455002135716	157455029924777	157455001961861
157455506601340	157455530047642	157455506416913
157455557893788	157455580070923	157455557774101
157455791287017	157455813487225	157455791109413
157456024794257	157456046908684	157456024679101
157456437283684	157456463715662	157456437166913
157456846168475	157456863886964	157456845981809
157457651728631	157457680809829	157457651610506
157458083512225	157458114335610	157458083385246
157459287884308	157459314806912	157459287756808
157459497692485	157459514911494	157459497561495
157459535440037	157459564941807	157459535301755
157459569702589	157459598287171	157459569581078
157459777070349	157459798353421	157459776958630
157460238293526	157460265112432	157460238162536
157460677435140	157460698450140	157460677307120
157460883417432	157460915168734	157460883288474
157461295738109	157461315258160	157461295605349
157462531100869	157462548736442	157462530978004
157462744778265	157462765485295	157462744650817
157462794015348	157462815501753	157462793871806
157463020951650	157463048910087	157463020823629
157463035721702	157463065582275	157463034936546
157463427514723	157463448957275	157463427379358
157463816121650	157463832380087	157463815916389
157468364627221	157468383263991	157468364491179
157468798579200	157468816653314	157468798486804
157470488420710	157470517058366	157470488290970
157470697553210	157470717172116	157470697424876
157470727443001	157470750529563	157470727317376
157470965407532	157470983989875	157470965269511
157470983452011	157471000668313	157470983329980
157471414770865	157471434167532	157471414644459
157471879839094	157471901051073	157471879797376
157472178773313	157472201192948	157472178619146
157472679565396	157472701414771	157472679462063
157474413642114	157474435697843	157474413525656
157474632049198	157474652469666	157474631895500
157474670643573	157474702509353	157474670502791
157474707189875	157474735863676	157474707077114
157474917533364	157474935961020	157474917386489
157475378670760	157475402889301	157475378541958
157475602758624	157475619720239	157475602629874
157475837587062	157475869858572	157475837465030
157477113667947	157477137097790	157477113533884
157477349285342	157477370510967	157477349129717
157477399591488	157477420525967	157477399461540
157477630935811	157477653936540	157477630803363
157477843504769	157477870664821	157477843346905
157478069621905	157478087405394	157478069483832
157478502107269	157478520900914	157478501968102
157484824335235	157484856841225	157484824178360
157485328172787	157485356959505	157485328052266
157485849085912	157485873775443	157485848946172
157485884362110	157485907115182	157485884225287
157486051229558	157486073825182	157486051068308
157487140380912	157487157248098	157487140299714
157487970127213	157487990798150	157487970004349
157487994333359	157488024139244	157487994230026
157488208052734	157488240869140	157488207902942
157488452027474	157488474246900	157488451807057
157488567659869	157488590928515	157488567553984
157489356720702	157489374366743	157489356607317
157489366139400	157489391034035	157489366056432
157490763236744	157490791388462	157490763103306
157491056391848	157491074766274	157491056224764
157491073685545	157491091439399	157491073560598
157491704083306	157491724930805	157491703957629
157492340282472	157492375079972	157492340151743
157493480542732	157493508733409	157493480353305
157493496286222	157493525405075	157493490916326

=== poll 1790130793.273518986
16666666
157425417188956	157425437844945	157425417051352
157425821418904	157425838098070	157425821292862
157428460396142	157428489324528	157428459909059
157428907170621	157428939444787	157428907034528
157430127100517	157430156382912	157430126987392
157430338161246	157430356381610	157430338021089
157430375311037	157430406387600	157430375106402
157430410554892	157430439737234	157430410445621
157430433709267	157430456410464	157430433609006
157430643795621	157430673121454	157430643674891
157431283495256	157431306521140	157431283377183
157431503271974	157431523225360	157431503137443
157431549650412	157431573231401	157431549501766
157431768170151	157431789939682	157431768042912
157431969463745	157431989923328	157431969322443
157432186122547	157432206573744	157432185997651
157432572140672	157432589936870	157432571997391
157432976677755	157433006651609	157432976565307
157433397737338	157433423312650	157433397586609
157437545078795	157437574188013	157437544934785
157437959084732	157437990907336	157437958964212
157439252417544	157439274512856	157439252280461
157439290917596	157439307860929	157439290764628
157439534822284	157439557883741	157439534691971
157439545279003	157439574554210	157439537136867
157439758409523	157439774613117	157439758298169
157440228128065	157440258162127	157440227984107
157440699833638	157440724974523	157440699685408
157442743528793	157442775410043	157442743403064
157443216895407	157443242178271	157443216766710
157444440409209	157444459445458	157444440272959
157444646595667	157444676175302	157444646469886
157444684226136	157444709510875	157444684088167
157444725688272	157444742848948	157444725564313
157444901026292	157444926212438	157444900873324
157445132783271	157445159631552	157445132667438
157445146629573	157445176307854	157445139937126
157445411715198	157445443064573	157445411616552
157447094539260	157447126984000	157447094412229
157447302231291	157447327066135	157447302109937
157447353832854	157447377081083	157447353643948
157447383697489	157447410425718	157447383559677
157447606058687	157447627192905	157447605908739
157447635525770	157447660536707	157447635415510
157448067064104	157448094041238	157448066959312
157448125395458	157448144060093	157448125238114
157448141042541	157448160732541	157448140964468
157448343242385	157448360805978	157448343084833
157448531493322	157448560896082	157448531366708
157452392072071	157452412455352	157452391885716
157452814071602	157452845911966	157452813953425
157454485383320	157454513076653	157454485275091
157455002135716	157455029924777	157455001961861
157455506601340	157455530047642	157455506416913
157455557893788	157455580070923	157455557774101
157455791287017	157455813487225	157455791109413
157456024794257	157456046908684	157456024679101
157456437283684	157456463715662	157456437166913
157456846168475	157456863886964	157456845981809
157457651728631	157457680809829	157457651610506
157458083512225	157458114335610	157458083385246
157459287884308	157459314806912	157459287756808
157459497692485	157459514911494	157459497561495
157459535440037	157459564941807	157459535301755
157459569702589	157459598287171	157459569581078
157459777070349	157459798353421	157459776958630
157460238293526	157460265112432	157460238162536
157460677435140	157460698450140	157460677307120
157460883417432	157460915168734	157460883288474
157461295738109	157461315258160	157461295605349
157462531100869	157462548736442	157462530978004
157462744778265	157462765485295	157462744650817
157462794015348	157462815501753	157462793871806
157463020951650	157463048910087	157463020823629
157463035721702	157463065582275	157463034936546
157463427514723	157463448957275	157463427379358
157463816121650	157463832380087	157463815916389
157468364627221	157468383263991	157468364491179
157468798579200	157468816653314	157468798486804
157470488420710	157470517058366	157470488290970
157470697553210	157470717172116	157470697424876
157470727443001	157470750529563	157470727317376
157470965407532	157470983989875	157470965269511
157470983452011	157471000668313	157470983329980
157471414770865	157471434167532	157471414644459
157471879839094	157471901051073	157471879797376
157472178773313	157472201192948	157472178619146
157472679565396	157472701414771	157472679462063
157474413642114	157474435697843	157474413525656
157474632049198	157474652469666	157474631895500
157474670643573	157474702509353	157474670502791
157474707189875	157474735863676	157474707077114
157474917533364	157474935961020	157474917386489
157475378670760	157475402889301	157475378541958
157475602758624	157475619720239	157475602629874
157475837587062	157475869858572	157475837465030
157477113667947	157477137097790	157477113533884
157477349285342	157477370510967	157477349129717
157477399591488	157477420525967	157477399461540
157477630935811	157477653936540	157477630803363
157477843504769	157477870664821	157477843346905
157478069621905	157478087405394	157478069483832
157478502107269	157478520900914	157478501968102
157484824335235	157484856841225	157484824178360
157485328172787	157485356959505	157485328052266
157485849085912	157485873775443	157485848946172
157485884362110	157485907115182	157485884225287
157486051229558	157486073825182	157486051068308
157487140380912	157487157248098	157487140299714
157487970127213	157487990798150	157487970004349
157487994333359	157488024139244	157487994230026
157488208052734	157488240869140	157488207902942
157488452027474	157488474246900	157488451807057
157488567659869	157488590928515	157488567553984
157489356720702	157489374366743	157489356607317
157489366139400	157489391034035	157489366056432
157490763236744	157490791388462	157490763103306
157491056391848	157491074766274	157491056224764
157491073685545	157491091439399	157491073560598
157491704083306	157491724930805	157491703957629
157492340282472	157492375079972	157492340151743
157493480542732	157493508733409	157493480353305
157493496286222	157493525405075	157493490916326
157494454178357	157494475820336	157494453995232
157495078057002	157495109413877	157495077870700
157495539367835	157495559605752	157495539199085
157495836464606	157495859701585	157495836320856

=== poll 1790130795.889993204
16666666
157428460396142	157428489324528	157428459909059
157428907170621	157428939444787	157428907034528
157430127100517	157430156382912	157430126987392
157430338161246	157430356381610	157430338021089
157430375311037	157430406387600	157430375106402
157430410554892	157430439737234	157430410445621
157430433709267	157430456410464	157430433609006
157430643795621	157430673121454	157430643674891
157431283495256	157431306521140	157431283377183
157431503271974	157431523225360	157431503137443
157431549650412	157431573231401	157431549501766
157431768170151	157431789939682	157431768042912
157431969463745	157431989923328	157431969322443
157432186122547	157432206573744	157432185997651
157432572140672	157432589936870	157432571997391
157432976677755	157433006651609	157432976565307
157433397737338	157433423312650	157433397586609
157437545078795	157437574188013	157437544934785
157437959084732	157437990907336	157437958964212
157439252417544	157439274512856	157439252280461
157439290917596	157439307860929	157439290764628
157439534822284	157439557883741	157439534691971
157439545279003	157439574554210	157439537136867
157439758409523	157439774613117	157439758298169
157440228128065	157440258162127	157440227984107
157440699833638	157440724974523	157440699685408
157442743528793	157442775410043	157442743403064
157443216895407	157443242178271	157443216766710
157444440409209	157444459445458	157444440272959
157444646595667	157444676175302	157444646469886
157444684226136	157444709510875	157444684088167
157444725688272	157444742848948	157444725564313
157444901026292	157444926212438	157444900873324
157445132783271	157445159631552	157445132667438
157445146629573	157445176307854	157445139937126
157445411715198	157445443064573	157445411616552
157447094539260	157447126984000	157447094412229
157447302231291	157447327066135	157447302109937
157447353832854	157447377081083	157447353643948
157447383697489	157447410425718	157447383559677
157447606058687	157447627192905	157447605908739
157447635525770	157447660536707	157447635415510
157448067064104	157448094041238	157448066959312
157448125395458	157448144060093	157448125238114
157448141042541	157448160732541	157448140964468
157448343242385	157448360805978	157448343084833
157448531493322	157448560896082	157448531366708
157452392072071	157452412455352	157452391885716
157452814071602	157452845911966	157452813953425
157454485383320	157454513076653	157454485275091
157455002135716	157455029924777	157455001961861
157455506601340	157455530047642	157455506416913
157455557893788	157455580070923	157455557774101
157455791287017	157455813487225	157455791109413
157456024794257	157456046908684	157456024679101
157456437283684	157456463715662	157456437166913
157456846168475	157456863886964	157456845981809
157457651728631	157457680809829	157457651610506
157458083512225	157458114335610	157458083385246
157459287884308	157459314806912	157459287756808
157459497692485	157459514911494	157459497561495
157459535440037	157459564941807	157459535301755
157459569702589	157459598287171	157459569581078
157459777070349	157459798353421	157459776958630
157460238293526	157460265112432	157460238162536
157460677435140	157460698450140	157460677307120
157460883417432	157460915168734	157460883288474
157461295738109	157461315258160	157461295605349
157462531100869	157462548736442	157462530978004
157462744778265	157462765485295	157462744650817
157462794015348	157462815501753	157462793871806
157463020951650	157463048910087	157463020823629
157463035721702	157463065582275	157463034936546
157463427514723	157463448957275	157463427379358
157463816121650	157463832380087	157463815916389
157468364627221	157468383263991	157468364491179
157468798579200	157468816653314	157468798486804
157470488420710	157470517058366	157470488290970
157470697553210	157470717172116	157470697424876
157470727443001	157470750529563	157470727317376
157470965407532	157470983989875	157470965269511
157470983452011	157471000668313	157470983329980
157471414770865	157471434167532	157471414644459
157471879839094	157471901051073	157471879797376
157472178773313	157472201192948	157472178619146
157472679565396	157472701414771	157472679462063
157474413642114	157474435697843	157474413525656
157474632049198	157474652469666	157474631895500
157474670643573	157474702509353	157474670502791
157474707189875	157474735863676	157474707077114
157474917533364	157474935961020	157474917386489
157475378670760	157475402889301	157475378541958
157475602758624	157475619720239	157475602629874
157475837587062	157475869858572	157475837465030
157477113667947	157477137097790	157477113533884
157477349285342	157477370510967	157477349129717
157477399591488	157477420525967	157477399461540
157477630935811	157477653936540	157477630803363
157477843504769	157477870664821	157477843346905
157478069621905	157478087405394	157478069483832
157478502107269	157478520900914	157478501968102
157484824335235	157484856841225	157484824178360
157485328172787	157485356959505	157485328052266
157485849085912	157485873775443	157485848946172
157485884362110	157485907115182	157485884225287
157486051229558	157486073825182	157486051068308
157487140380912	157487157248098	157487140299714
157487970127213	157487990798150	157487970004349
157487994333359	157488024139244	157487994230026
157488208052734	157488240869140	157488207902942
157488452027474	157488474246900	157488451807057
157488567659869	157488590928515	157488567553984
157489356720702	157489374366743	157489356607317
157489366139400	157489391034035	157489366056432
157490763236744	157490791388462	157490763103306
157491056391848	157491074766274	157491056224764
157491073685545	157491091439399	157491073560598
157491704083306	157491724930805	157491703957629
157492340282472	157492375079972	157492340151743
157493480542732	157493508733409	157493480353305
157493496286222	157493525405075	157493490916326
157494454178357	157494475820336	157494453995232
157495078057002	157495109413877	157495077870700
157495539367835	157495559605752	157495539199085
157495836464606	157495859701585	157495836320856
157498703775751	157498727707522	157498703598928
157498720872470	157498744377730	157498720742261

=== poll 1790130798.506212370
16666666
157430338161246	157430356381610	157430338021089
157430375311037	157430406387600	157430375106402
157430410554892	157430439737234	157430410445621
157430433709267	157430456410464	157430433609006
157430643795621	157430673121454	157430643674891
157431283495256	157431306521140	157431283377183
157431503271974	157431523225360	157431503137443
157431549650412	157431573231401	157431549501766
157431768170151	157431789939682	157431768042912
157431969463745	157431989923328	157431969322443
157432186122547	157432206573744	157432185997651
157432572140672	157432589936870	157432571997391
157432976677755	157433006651609	157432976565307
157433397737338	157433423312650	157433397586609
157437545078795	157437574188013	157437544934785
157437959084732	157437990907336	157437958964212
157439252417544	157439274512856	157439252280461
157439290917596	157439307860929	157439290764628
157439534822284	157439557883741	157439534691971
157439545279003	157439574554210	157439537136867
157439758409523	157439774613117	157439758298169
157440228128065	157440258162127	157440227984107
157440699833638	157440724974523	157440699685408
157442743528793	157442775410043	157442743403064
157443216895407	157443242178271	157443216766710
157444440409209	157444459445458	157444440272959
157444646595667	157444676175302	157444646469886
157444684226136	157444709510875	157444684088167
157444725688272	157444742848948	157444725564313
157444901026292	157444926212438	157444900873324
157445132783271	157445159631552	157445132667438
157445146629573	157445176307854	157445139937126
157445411715198	157445443064573	157445411616552
157447094539260	157447126984000	157447094412229
157447302231291	157447327066135	157447302109937
157447353832854	157447377081083	157447353643948
157447383697489	157447410425718	157447383559677
157447606058687	157447627192905	157447605908739
157447635525770	157447660536707	157447635415510
157448067064104	157448094041238	157448066959312
157448125395458	157448144060093	157448125238114
157448141042541	157448160732541	157448140964468
157448343242385	157448360805978	157448343084833
157448531493322	157448560896082	157448531366708
157452392072071	157452412455352	157452391885716
157452814071602	157452845911966	157452813953425
157454485383320	157454513076653	157454485275091
157455002135716	157455029924777	157455001961861
157455506601340	157455530047642	157455506416913
157455557893788	157455580070923	157455557774101
157455791287017	157455813487225	157455791109413
157456024794257	157456046908684	157456024679101
157456437283684	157456463715662	157456437166913
157456846168475	157456863886964	157456845981809
157457651728631	157457680809829	157457651610506
157458083512225	157458114335610	157458083385246
157459287884308	157459314806912	157459287756808
157459497692485	157459514911494	157459497561495
157459535440037	157459564941807	157459535301755
157459569702589	157459598287171	157459569581078
157459777070349	157459798353421	157459776958630
157460238293526	157460265112432	157460238162536
157460677435140	157460698450140	157460677307120
157460883417432	157460915168734	157460883288474
157461295738109	157461315258160	157461295605349
157462531100869	157462548736442	157462530978004
157462744778265	157462765485295	157462744650817
157462794015348	157462815501753	157462793871806
157463020951650	157463048910087	157463020823629
157463035721702	157463065582275	157463034936546
157463427514723	157463448957275	157463427379358
157463816121650	157463832380087	157463815916389
157468364627221	157468383263991	157468364491179
157468798579200	157468816653314	157468798486804
157470488420710	157470517058366	157470488290970
157470697553210	157470717172116	157470697424876
157470727443001	157470750529563	157470727317376
157470965407532	157470983989875	157470965269511
157470983452011	157471000668313	157470983329980
157471414770865	157471434167532	157471414644459
157471879839094	157471901051073	157471879797376
157472178773313	157472201192948	157472178619146
157472679565396	157472701414771	157472679462063
157474413642114	157474435697843	157474413525656
157474632049198	157474652469666	157474631895500
157474670643573	157474702509353	157474670502791
157474707189875	157474735863676	157474707077114
157474917533364	157474935961020	157474917386489
157475378670760	157475402889301	157475378541958
157475602758624	157475619720239	157475602629874
157475837587062	157475869858572	157475837465030
157477113667947	157477137097790	157477113533884
157477349285342	157477370510967	157477349129717
157477399591488	157477420525967	157477399461540
157477630935811	157477653936540	157477630803363
157477843504769	157477870664821	157477843346905
157478069621905	157478087405394	157478069483832
157478502107269	157478520900914	157478501968102
157484824335235	157484856841225	157484824178360
157485328172787	157485356959505	157485328052266
157485849085912	157485873775443	157485848946172
157485884362110	157485907115182	157485884225287
157486051229558	157486073825182	157486051068308
157487140380912	157487157248098	157487140299714
157487970127213	157487990798150	157487970004349
157487994333359	157488024139244	157487994230026
157488208052734	157488240869140	157488207902942
157488452027474	157488474246900	157488451807057
157488567659869	157488590928515	157488567553984
157489356720702	157489374366743	157489356607317
157489366139400	157489391034035	157489366056432
157490763236744	157490791388462	157490763103306
157491056391848	157491074766274	157491056224764
157491073685545	157491091439399	157491073560598
157491704083306	157491724930805	157491703957629
157492340282472	157492375079972	157492340151743
157493480542732	157493508733409	157493480353305
157493496286222	157493525405075	157493490916326
157494454178357	157494475820336	157494453995232
157495078057002	157495109413877	157495077870700
157495539367835	157495559605752	157495539199085
157495836464606	157495859701585	157495836320856
157498703775751	157498727707522	157498703598928
157498720872470	157498744377730	157498720742261
157499664589865	157499694753250	157499664471792
157500379950907	157500411716636	157500379784136
157500964800229	157500995338979	157500964663042

=== poll 1790130801.023288410
16666666
157430338161246	157430356381610	157430338021089
157430375311037	157430406387600	157430375106402
157430410554892	157430439737234	157430410445621
157430433709267	157430456410464	157430433609006
157430643795621	157430673121454	157430643674891
157431283495256	157431306521140	157431283377183
157431503271974	157431523225360	157431503137443
157431549650412	157431573231401	157431549501766
157431768170151	157431789939682	157431768042912
157431969463745	157431989923328	157431969322443
157432186122547	157432206573744	157432185997651
157432572140672	157432589936870	157432571997391
157432976677755	157433006651609	157432976565307
157433397737338	157433423312650	157433397586609
157437545078795	157437574188013	157437544934785
157437959084732	157437990907336	157437958964212
157439252417544	157439274512856	157439252280461
157439290917596	157439307860929	157439290764628
157439534822284	157439557883741	157439534691971
157439545279003	157439574554210	157439537136867
157439758409523	157439774613117	157439758298169
157440228128065	157440258162127	157440227984107
157440699833638	157440724974523	157440699685408
157442743528793	157442775410043	157442743403064
157443216895407	157443242178271	157443216766710
157444440409209	157444459445458	157444440272959
157444646595667	157444676175302	157444646469886
157444684226136	157444709510875	157444684088167
157444725688272	157444742848948	157444725564313
157444901026292	157444926212438	157444900873324
157445132783271	157445159631552	157445132667438
157445146629573	157445176307854	157445139937126
157445411715198	157445443064573	157445411616552
157447094539260	157447126984000	157447094412229
157447302231291	157447327066135	157447302109937
157447353832854	157447377081083	157447353643948
157447383697489	157447410425718	157447383559677
157447606058687	157447627192905	157447605908739
157447635525770	157447660536707	157447635415510
157448067064104	157448094041238	157448066959312
157448125395458	157448144060093	157448125238114
157448141042541	157448160732541	157448140964468
157448343242385	157448360805978	157448343084833
157448531493322	157448560896082	157448531366708
157452392072071	157452412455352	157452391885716
157452814071602	157452845911966	157452813953425
157454485383320	157454513076653	157454485275091
157455002135716	157455029924777	157455001961861
157455506601340	157455530047642	157455506416913
157455557893788	157455580070923	157455557774101
157455791287017	157455813487225	157455791109413
157456024794257	157456046908684	157456024679101
157456437283684	157456463715662	157456437166913
157456846168475	157456863886964	157456845981809
157457651728631	157457680809829	157457651610506
157458083512225	157458114335610	157458083385246
157459287884308	157459314806912	157459287756808
157459497692485	157459514911494	157459497561495
157459535440037	157459564941807	157459535301755
157459569702589	157459598287171	157459569581078
157459777070349	157459798353421	157459776958630
157460238293526	157460265112432	157460238162536
157460677435140	157460698450140	157460677307120
157460883417432	157460915168734	157460883288474
157461295738109	157461315258160	157461295605349
157462531100869	157462548736442	157462530978004
157462744778265	157462765485295	157462744650817
157462794015348	157462815501753	157462793871806
157463020951650	157463048910087	157463020823629
157463035721702	157463065582275	157463034936546
157463427514723	157463448957275	157463427379358
157463816121650	157463832380087	157463815916389
157468364627221	157468383263991	157468364491179
157468798579200	157468816653314	157468798486804
157470488420710	157470517058366	157470488290970
157470697553210	157470717172116	157470697424876
157470727443001	157470750529563	157470727317376
157470965407532	157470983989875	157470965269511
157470983452011	157471000668313	157470983329980
157471414770865	157471434167532	157471414644459
157471879839094	157471901051073	157471879797376
157472178773313	157472201192948	157472178619146
157472679565396	157472701414771	157472679462063
157474413642114	157474435697843	157474413525656
157474632049198	157474652469666	157474631895500
157474670643573	157474702509353	157474670502791
157474707189875	157474735863676	157474707077114
157474917533364	157474935961020	157474917386489
157475378670760	157475402889301	157475378541958
157475602758624	157475619720239	157475602629874
157475837587062	157475869858572	157475837465030
157477113667947	157477137097790	157477113533884
157477349285342	157477370510967	157477349129717
157477399591488	157477420525967	157477399461540
157477630935811	157477653936540	157477630803363
157477843504769	157477870664821	157477843346905
157478069621905	157478087405394	157478069483832
157478502107269	157478520900914	157478501968102
157484824335235	157484856841225	157484824178360
157485328172787	157485356959505	157485328052266
157485849085912	157485873775443	157485848946172
157485884362110	157485907115182	157485884225287
157486051229558	157486073825182	157486051068308
157487140380912	157487157248098	157487140299714
157487970127213	157487990798150	157487970004349
157487994333359	157488024139244	157487994230026
157488208052734	157488240869140	157488207902942
157488452027474	157488474246900	157488451807057
157488567659869	157488590928515	157488567553984
157489356720702	157489374366743	157489356607317
157489366139400	157489391034035	157489366056432
157490763236744	157490791388462	157490763103306
157491056391848	157491074766274	157491056224764
157491073685545	157491091439399	157491073560598
157491704083306	157491724930805	157491703957629
157492340282472	157492375079972	157492340151743
157493480542732	157493508733409	157493480353305
157493496286222	157493525405075	157493490916326
157494454178357	157494475820336	157494453995232
157495078057002	157495109413877	157495077870700
157495539367835	157495559605752	157495539199085
157495836464606	157495859701585	157495836320856
157498703775751	157498727707522	157498703598928
157498720872470	157498744377730	157498720742261
157499664589865	157499694753250	157499664471792
157500379950907	157500411716636	157500379784136
157500964800229	157500995338979	157500964663042

=== poll 1790130803.651006326
16666666
157430338161246	157430356381610	157430338021089
157430375311037	157430406387600	157430375106402
157430410554892	157430439737234	157430410445621
157430433709267	157430456410464	157430433609006
157430643795621	157430673121454	157430643674891
157431283495256	157431306521140	157431283377183
157431503271974	157431523225360	157431503137443
157431549650412	157431573231401	157431549501766
157431768170151	157431789939682	157431768042912
157431969463745	157431989923328	157431969322443
157432186122547	157432206573744	157432185997651
157432572140672	157432589936870	157432571997391
157432976677755	157433006651609	157432976565307
157433397737338	157433423312650	157433397586609
157437545078795	157437574188013	157437544934785
157437959084732	157437990907336	157437958964212
157439252417544	157439274512856	157439252280461
157439290917596	157439307860929	157439290764628
157439534822284	157439557883741	157439534691971
157439545279003	157439574554210	157439537136867
157439758409523	157439774613117	157439758298169
157440228128065	157440258162127	157440227984107
157440699833638	157440724974523	157440699685408
157442743528793	157442775410043	157442743403064
157443216895407	157443242178271	157443216766710
157444440409209	157444459445458	157444440272959
157444646595667	157444676175302	157444646469886
157444684226136	157444709510875	157444684088167
157444725688272	157444742848948	157444725564313
157444901026292	157444926212438	157444900873324
157445132783271	157445159631552	157445132667438
157445146629573	157445176307854	157445139937126
157445411715198	157445443064573	157445411616552
157447094539260	157447126984000	157447094412229
157447302231291	157447327066135	157447302109937
157447353832854	157447377081083	157447353643948
157447383697489	157447410425718	157447383559677
157447606058687	157447627192905	157447605908739
157447635525770	157447660536707	157447635415510
157448067064104	157448094041238	157448066959312
157448125395458	157448144060093	157448125238114
157448141042541	157448160732541	157448140964468
157448343242385	157448360805978	157448343084833
157448531493322	157448560896082	157448531366708
157452392072071	157452412455352	157452391885716
157452814071602	157452845911966	157452813953425
157454485383320	157454513076653	157454485275091
157455002135716	157455029924777	157455001961861
157455506601340	157455530047642	157455506416913
157455557893788	157455580070923	157455557774101
157455791287017	157455813487225	157455791109413
157456024794257	157456046908684	157456024679101
157456437283684	157456463715662	157456437166913
157456846168475	157456863886964	157456845981809
157457651728631	157457680809829	157457651610506
157458083512225	157458114335610	157458083385246
157459287884308	157459314806912	157459287756808
157459497692485	157459514911494	157459497561495
157459535440037	157459564941807	157459535301755
157459569702589	157459598287171	157459569581078
157459777070349	157459798353421	157459776958630
157460238293526	157460265112432	157460238162536
157460677435140	157460698450140	157460677307120
157460883417432	157460915168734	157460883288474
157461295738109	157461315258160	157461295605349
157462531100869	157462548736442	157462530978004
157462744778265	157462765485295	157462744650817
157462794015348	157462815501753	157462793871806
157463020951650	157463048910087	157463020823629
157463035721702	157463065582275	157463034936546
157463427514723	157463448957275	157463427379358
157463816121650	157463832380087	157463815916389
157468364627221	157468383263991	157468364491179
157468798579200	157468816653314	157468798486804
157470488420710	157470517058366	157470488290970
157470697553210	157470717172116	157470697424876
157470727443001	157470750529563	157470727317376
157470965407532	157470983989875	157470965269511
157470983452011	157471000668313	157470983329980
157471414770865	157471434167532	157471414644459
157471879839094	157471901051073	157471879797376
157472178773313	157472201192948	157472178619146
157472679565396	157472701414771	157472679462063
157474413642114	157474435697843	157474413525656
157474632049198	157474652469666	157474631895500
157474670643573	157474702509353	157474670502791
157474707189875	157474735863676	157474707077114
157474917533364	157474935961020	157474917386489
157475378670760	157475402889301	157475378541958
157475602758624	157475619720239	157475602629874
157475837587062	157475869858572	157475837465030
157477113667947	157477137097790	157477113533884
157477349285342	157477370510967	157477349129717
157477399591488	157477420525967	157477399461540
157477630935811	157477653936540	157477630803363
157477843504769	157477870664821	157477843346905
157478069621905	157478087405394	157478069483832
157478502107269	157478520900914	157478501968102
157484824335235	157484856841225	157484824178360
157485328172787	157485356959505	157485328052266
157485849085912	157485873775443	157485848946172
157485884362110	157485907115182	157485884225287
157486051229558	157486073825182	157486051068308
157487140380912	157487157248098	157487140299714
157487970127213	157487990798150	157487970004349
157487994333359	157488024139244	157487994230026
157488208052734	157488240869140	157488207902942
157488452027474	157488474246900	157488451807057
157488567659869	157488590928515	157488567553984
157489356720702	157489374366743	157489356607317
157489366139400	157489391034035	157489366056432
157490763236744	157490791388462	157490763103306
157491056391848	157491074766274	157491056224764
157491073685545	157491091439399	157491073560598
157491704083306	157491724930805	157491703957629
157492340282472	157492375079972	157492340151743
157493480542732	157493508733409	157493480353305
157493496286222	157493525405075	157493490916326
157494454178357	157494475820336	157494453995232
157495078057002	157495109413877	157495077870700
157495539367835	157495559605752	157495539199085
157495836464606	157495859701585	157495836320856
157498703775751	157498727707522	157498703598928
157498720872470	157498744377730	157498720742261
157499664589865	157499694753250	157499664471792
157500379950907	157500411716636	157500379784136
157500964800229	157500995338979	157500964663042

=== poll 1790130806.062583981
16666666
157430338161246	157430356381610	157430338021089
157430375311037	157430406387600	157430375106402
157430410554892	157430439737234	157430410445621
157430433709267	157430456410464	157430433609006
157430643795621	157430673121454	157430643674891
157431283495256	157431306521140	157431283377183
157431503271974	157431523225360	157431503137443
157431549650412	157431573231401	157431549501766
157431768170151	157431789939682	157431768042912
157431969463745	157431989923328	157431969322443
157432186122547	157432206573744	157432185997651
157432572140672	157432589936870	157432571997391
157432976677755	157433006651609	157432976565307
157433397737338	157433423312650	157433397586609
157437545078795	157437574188013	157437544934785
157437959084732	157437990907336	157437958964212
157439252417544	157439274512856	157439252280461
157439290917596	157439307860929	157439290764628
157439534822284	157439557883741	157439534691971
157439545279003	157439574554210	157439537136867
157439758409523	157439774613117	157439758298169
157440228128065	157440258162127	157440227984107
157440699833638	157440724974523	157440699685408
157442743528793	157442775410043	157442743403064
157443216895407	157443242178271	157443216766710
157444440409209	157444459445458	157444440272959
157444646595667	157444676175302	157444646469886
157444684226136	157444709510875	157444684088167
157444725688272	157444742848948	157444725564313
157444901026292	157444926212438	157444900873324
157445132783271	157445159631552	157445132667438
157445146629573	157445176307854	157445139937126
157445411715198	157445443064573	157445411616552
157447094539260	157447126984000	157447094412229
157447302231291	157447327066135	157447302109937
157447353832854	157447377081083	157447353643948
157447383697489	157447410425718	157447383559677
157447606058687	157447627192905	157447605908739
157447635525770	157447660536707	157447635415510
157448067064104	157448094041238	157448066959312
157448125395458	157448144060093	157448125238114
157448141042541	157448160732541	157448140964468
157448343242385	157448360805978	157448343084833
157448531493322	157448560896082	157448531366708
157452392072071	157452412455352	157452391885716
157452814071602	157452845911966	157452813953425
157454485383320	157454513076653	157454485275091
157455002135716	157455029924777	157455001961861
157455506601340	157455530047642	157455506416913
157455557893788	157455580070923	157455557774101
157455791287017	157455813487225	157455791109413
157456024794257	157456046908684	157456024679101
157456437283684	157456463715662	157456437166913
157456846168475	157456863886964	157456845981809
157457651728631	157457680809829	157457651610506
157458083512225	157458114335610	157458083385246
157459287884308	157459314806912	157459287756808
157459497692485	157459514911494	157459497561495
157459535440037	157459564941807	157459535301755
157459569702589	157459598287171	157459569581078
157459777070349	157459798353421	157459776958630
157460238293526	157460265112432	157460238162536
157460677435140	157460698450140	157460677307120
157460883417432	157460915168734	157460883288474
157461295738109	157461315258160	157461295605349
157462531100869	157462548736442	157462530978004
157462744778265	157462765485295	157462744650817
157462794015348	157462815501753	157462793871806
157463020951650	157463048910087	157463020823629
157463035721702	157463065582275	157463034936546
157463427514723	157463448957275	157463427379358
157463816121650	157463832380087	157463815916389
157468364627221	157468383263991	157468364491179
157468798579200	157468816653314	157468798486804
157470488420710	157470517058366	157470488290970
157470697553210	157470717172116	157470697424876
157470727443001	157470750529563	157470727317376
157470965407532	157470983989875	157470965269511
157470983452011	157471000668313	157470983329980
157471414770865	157471434167532	157471414644459
157471879839094	157471901051073	157471879797376
157472178773313	157472201192948	157472178619146
157472679565396	157472701414771	157472679462063
157474413642114	157474435697843	157474413525656
157474632049198	157474652469666	157474631895500
157474670643573	157474702509353	157474670502791
157474707189875	157474735863676	157474707077114
157474917533364	157474935961020	157474917386489
157475378670760	157475402889301	157475378541958
157475602758624	157475619720239	157475602629874
157475837587062	157475869858572	157475837465030
157477113667947	157477137097790	157477113533884
157477349285342	157477370510967	157477349129717
157477399591488	157477420525967	157477399461540
157477630935811	157477653936540	157477630803363
157477843504769	157477870664821	157477843346905
157478069621905	157478087405394	157478069483832
157478502107269	157478520900914	157478501968102
157484824335235	157484856841225	157484824178360
157485328172787	157485356959505	157485328052266
157485849085912	157485873775443	157485848946172
157485884362110	157485907115182	157485884225287
157486051229558	157486073825182	157486051068308
157487140380912	157487157248098	157487140299714
157487970127213	157487990798150	157487970004349
157487994333359	157488024139244	157487994230026
157488208052734	157488240869140	157488207902942
157488452027474	157488474246900	157488451807057
157488567659869	157488590928515	157488567553984
157489356720702	157489374366743	157489356607317
157489366139400	157489391034035	157489366056432
157490763236744	157490791388462	157490763103306
157491056391848	157491074766274	157491056224764
157491073685545	157491091439399	157491073560598
157491704083306	157491724930805	157491703957629
157492340282472	157492375079972	157492340151743
157493480542732	157493508733409	157493480353305
157493496286222	157493525405075	157493490916326
157494454178357	157494475820336	157494453995232
157495078057002	157495109413877	157495077870700
157495539367835	157495559605752	157495539199085
157495836464606	157495859701585	157495836320856
157498703775751	157498727707522	157498703598928
157498720872470	157498744377730	157498720742261
157499664589865	157499694753250	157499664471792
157500379950907	157500411716636	157500379784136
157500964800229	157500995338979	157500964663042

=== poll 1790130808.526260543
16666666
157430375311037	157430406387600	157430375106402
157430410554892	157430439737234	157430410445621
157430433709267	157430456410464	157430433609006
157430643795621	157430673121454	157430643674891
157431283495256	157431306521140	157431283377183
157431503271974	157431523225360	157431503137443
157431549650412	157431573231401	157431549501766
157431768170151	157431789939682	157431768042912
157431969463745	157431989923328	157431969322443
157432186122547	157432206573744	157432185997651
157432572140672	157432589936870	157432571997391
157432976677755	157433006651609	157432976565307
157433397737338	157433423312650	157433397586609
157437545078795	157437574188013	157437544934785
157437959084732	157437990907336	157437958964212
157439252417544	157439274512856	157439252280461
157439290917596	157439307860929	157439290764628
157439534822284	157439557883741	157439534691971
157439545279003	157439574554210	157439537136867
157439758409523	157439774613117	157439758298169
157440228128065	157440258162127	157440227984107
157440699833638	157440724974523	157440699685408
157442743528793	157442775410043	157442743403064
157443216895407	157443242178271	157443216766710
157444440409209	157444459445458	157444440272959
157444646595667	157444676175302	157444646469886
157444684226136	157444709510875	157444684088167
157444725688272	157444742848948	157444725564313
157444901026292	157444926212438	157444900873324
157445132783271	157445159631552	157445132667438
157445146629573	157445176307854	157445139937126
157445411715198	157445443064573	157445411616552
157447094539260	157447126984000	157447094412229
157447302231291	157447327066135	157447302109937
157447353832854	157447377081083	157447353643948
157447383697489	157447410425718	157447383559677
157447606058687	157447627192905	157447605908739
157447635525770	157447660536707	157447635415510
157448067064104	157448094041238	157448066959312
157448125395458	157448144060093	157448125238114
157448141042541	157448160732541	157448140964468
157448343242385	157448360805978	157448343084833
157448531493322	157448560896082	157448531366708
157452392072071	157452412455352	157452391885716
157452814071602	157452845911966	157452813953425
157454485383320	157454513076653	157454485275091
157455002135716	157455029924777	157455001961861
157455506601340	157455530047642	157455506416913
157455557893788	157455580070923	157455557774101
157455791287017	157455813487225	157455791109413
157456024794257	157456046908684	157456024679101
157456437283684	157456463715662	157456437166913
157456846168475	157456863886964	157456845981809
157457651728631	157457680809829	157457651610506
157458083512225	157458114335610	157458083385246
157459287884308	157459314806912	157459287756808
157459497692485	157459514911494	157459497561495
157459535440037	157459564941807	157459535301755
157459569702589	157459598287171	157459569581078
157459777070349	157459798353421	157459776958630
157460238293526	157460265112432	157460238162536
157460677435140	157460698450140	157460677307120
157460883417432	157460915168734	157460883288474
157461295738109	157461315258160	157461295605349
157462531100869	157462548736442	157462530978004
157462744778265	157462765485295	157462744650817
157462794015348	157462815501753	157462793871806
157463020951650	157463048910087	157463020823629
157463035721702	157463065582275	157463034936546
157463427514723	157463448957275	157463427379358
157463816121650	157463832380087	157463815916389
157468364627221	157468383263991	157468364491179
157468798579200	157468816653314	157468798486804
157470488420710	157470517058366	157470488290970
157470697553210	157470717172116	157470697424876
157470727443001	157470750529563	157470727317376
157470965407532	157470983989875	157470965269511
157470983452011	157471000668313	157470983329980
157471414770865	157471434167532	157471414644459
157471879839094	157471901051073	157471879797376
157472178773313	157472201192948	157472178619146
157472679565396	157472701414771	157472679462063
157474413642114	157474435697843	157474413525656
157474632049198	157474652469666	157474631895500
157474670643573	157474702509353	157474670502791
157474707189875	157474735863676	157474707077114
157474917533364	157474935961020	157474917386489
157475378670760	157475402889301	157475378541958
157475602758624	157475619720239	157475602629874
157475837587062	157475869858572	157475837465030
157477113667947	157477137097790	157477113533884
157477349285342	157477370510967	157477349129717
157477399591488	157477420525967	157477399461540
157477630935811	157477653936540	157477630803363
157477843504769	157477870664821	157477843346905
157478069621905	157478087405394	157478069483832
157478502107269	157478520900914	157478501968102
157484824335235	157484856841225	157484824178360
157485328172787	157485356959505	157485328052266
157485849085912	157485873775443	157485848946172
157485884362110	157485907115182	157485884225287
157486051229558	157486073825182	157486051068308
157487140380912	157487157248098	157487140299714
157487970127213	157487990798150	157487970004349
157487994333359	157488024139244	157487994230026
157488208052734	157488240869140	157488207902942
157488452027474	157488474246900	157488451807057
157488567659869	157488590928515	157488567553984
157489356720702	157489374366743	157489356607317
157489366139400	157489391034035	157489366056432
157490763236744	157490791388462	157490763103306
157491056391848	157491074766274	157491056224764
157491073685545	157491091439399	157491073560598
157491704083306	157491724930805	157491703957629
157492340282472	157492375079972	157492340151743
157493480542732	157493508733409	157493480353305
157493496286222	157493525405075	157493490916326
157494454178357	157494475820336	157494453995232
157495078057002	157495109413877	157495077870700
157495539367835	157495559605752	157495539199085
157495836464606	157495859701585	157495836320856
157498703775751	157498727707522	157498703598928
157498720872470	157498744377730	157498720742261
157499664589865	157499694753250	157499664471792
157500379950907	157500411716636	157500379784136
157500964800229	157500995338979	157500964663042
157511602732986	157511633536839	157511602415017

=== poll 1790130811.035827156
16666666
157430410554892	157430439737234	157430410445621
157430433709267	157430456410464	157430433609006
157430643795621	157430673121454	157430643674891
157431283495256	157431306521140	157431283377183
157431503271974	157431523225360	157431503137443
157431549650412	157431573231401	157431549501766
157431768170151	157431789939682	157431768042912
157431969463745	157431989923328	157431969322443
157432186122547	157432206573744	157432185997651
157432572140672	157432589936870	157432571997391
157432976677755	157433006651609	157432976565307
157433397737338	157433423312650	157433397586609
157437545078795	157437574188013	157437544934785
157437959084732	157437990907336	157437958964212
157439252417544	157439274512856	157439252280461
157439290917596	157439307860929	157439290764628
157439534822284	157439557883741	157439534691971
157439545279003	157439574554210	157439537136867
157439758409523	157439774613117	157439758298169
157440228128065	157440258162127	157440227984107
157440699833638	157440724974523	157440699685408
157442743528793	157442775410043	157442743403064
157443216895407	157443242178271	157443216766710
157444440409209	157444459445458	157444440272959
157444646595667	157444676175302	157444646469886
157444684226136	157444709510875	157444684088167
157444725688272	157444742848948	157444725564313
157444901026292	157444926212438	157444900873324
157445132783271	157445159631552	157445132667438
157445146629573	157445176307854	157445139937126
157445411715198	157445443064573	157445411616552
157447094539260	157447126984000	157447094412229
157447302231291	157447327066135	157447302109937
157447353832854	157447377081083	157447353643948
157447383697489	157447410425718	157447383559677
157447606058687	157447627192905	157447605908739
157447635525770	157447660536707	157447635415510
157448067064104	157448094041238	157448066959312
157448125395458	157448144060093	157448125238114
157448141042541	157448160732541	157448140964468
157448343242385	157448360805978	157448343084833
157448531493322	157448560896082	157448531366708
157452392072071	157452412455352	157452391885716
157452814071602	157452845911966	157452813953425
157454485383320	157454513076653	157454485275091
157455002135716	157455029924777	157455001961861
157455506601340	157455530047642	157455506416913
157455557893788	157455580070923	157455557774101
157455791287017	157455813487225	157455791109413
157456024794257	157456046908684	157456024679101
157456437283684	157456463715662	157456437166913
157456846168475	157456863886964	157456845981809
157457651728631	157457680809829	157457651610506
157458083512225	157458114335610	157458083385246
157459287884308	157459314806912	157459287756808
157459497692485	157459514911494	157459497561495
157459535440037	157459564941807	157459535301755
157459569702589	157459598287171	157459569581078
157459777070349	157459798353421	157459776958630
157460238293526	157460265112432	157460238162536
157460677435140	157460698450140	157460677307120
157460883417432	157460915168734	157460883288474
157461295738109	157461315258160	157461295605349
157462531100869	157462548736442	157462530978004
157462744778265	157462765485295	157462744650817
157462794015348	157462815501753	157462793871806
157463020951650	157463048910087	157463020823629
157463035721702	157463065582275	157463034936546
157463427514723	157463448957275	157463427379358
157463816121650	157463832380087	157463815916389
157468364627221	157468383263991	157468364491179
157468798579200	157468816653314	157468798486804
157470488420710	157470517058366	157470488290970
157470697553210	157470717172116	157470697424876
157470727443001	157470750529563	157470727317376
157470965407532	157470983989875	157470965269511
157470983452011	157471000668313	157470983329980
157471414770865	157471434167532	157471414644459
157471879839094	157471901051073	157471879797376
157472178773313	157472201192948	157472178619146
157472679565396	157472701414771	157472679462063
157474413642114	157474435697843	157474413525656
157474632049198	157474652469666	157474631895500
157474670643573	157474702509353	157474670502791
157474707189875	157474735863676	157474707077114
157474917533364	157474935961020	157474917386489
157475378670760	157475402889301	157475378541958
157475602758624	157475619720239	157475602629874
157475837587062	157475869858572	157475837465030
157477113667947	157477137097790	157477113533884
157477349285342	157477370510967	157477349129717
157477399591488	157477420525967	157477399461540
157477630935811	157477653936540	157477630803363
157477843504769	157477870664821	157477843346905
157478069621905	157478087405394	157478069483832
157478502107269	157478520900914	157478501968102
157484824335235	157484856841225	157484824178360
157485328172787	157485356959505	157485328052266
157485849085912	157485873775443	157485848946172
157485884362110	157485907115182	157485884225287
157486051229558	157486073825182	157486051068308
157487140380912	157487157248098	157487140299714
157487970127213	157487990798150	157487970004349
157487994333359	157488024139244	157487994230026
157488208052734	157488240869140	157488207902942
157488452027474	157488474246900	157488451807057
157488567659869	157488590928515	157488567553984
157489356720702	157489374366743	157489356607317
157489366139400	157489391034035	157489366056432
157490763236744	157490791388462	157490763103306
157491056391848	157491074766274	157491056224764
157491073685545	157491091439399	157491073560598
157491704083306	157491724930805	157491703957629
157492340282472	157492375079972	157492340151743
157493480542732	157493508733409	157493480353305
157493496286222	157493525405075	157493490916326
157494454178357	157494475820336	157494453995232
157495078057002	157495109413877	157495077870700
157495539367835	157495559605752	157495539199085
157495836464606	157495859701585	157495836320856
157498703775751	157498727707522	157498703598928
157498720872470	157498744377730	157498720742261
157499664589865	157499694753250	157499664471792
157500379950907	157500411716636	157500379784136
157500964800229	157500995338979	157500964663042
157511602732986	157511633536839	157511602415017
157512480335069	157512500478714	157512480203298

=== poll 1790130813.654549343
16666666
157431549650412	157431573231401	157431549501766
157431768170151	157431789939682	157431768042912
157431969463745	157431989923328	157431969322443
157432186122547	157432206573744	157432185997651
157432572140672	157432589936870	157432571997391
157432976677755	157433006651609	157432976565307
157433397737338	157433423312650	157433397586609
157437545078795	157437574188013	157437544934785
157437959084732	157437990907336	157437958964212
157439252417544	157439274512856	157439252280461
157439290917596	157439307860929	157439290764628
157439534822284	157439557883741	157439534691971
157439545279003	157439574554210	157439537136867
157439758409523	157439774613117	157439758298169
157440228128065	157440258162127	157440227984107
157440699833638	157440724974523	157440699685408
157442743528793	157442775410043	157442743403064
157443216895407	157443242178271	157443216766710
157444440409209	157444459445458	157444440272959
157444646595667	157444676175302	157444646469886
157444684226136	157444709510875	157444684088167
157444725688272	157444742848948	157444725564313
157444901026292	157444926212438	157444900873324
157445132783271	157445159631552	157445132667438
157445146629573	157445176307854	157445139937126
157445411715198	157445443064573	157445411616552
157447094539260	157447126984000	157447094412229
157447302231291	157447327066135	157447302109937
157447353832854	157447377081083	157447353643948
157447383697489	157447410425718	157447383559677
157447606058687	157447627192905	157447605908739
157447635525770	157447660536707	157447635415510
157448067064104	157448094041238	157448066959312
157448125395458	157448144060093	157448125238114
157448141042541	157448160732541	157448140964468
157448343242385	157448360805978	157448343084833
157448531493322	157448560896082	157448531366708
157452392072071	157452412455352	157452391885716
157452814071602	157452845911966	157452813953425
157454485383320	157454513076653	157454485275091
157455002135716	157455029924777	157455001961861
157455506601340	157455530047642	157455506416913
157455557893788	157455580070923	157455557774101
157455791287017	157455813487225	157455791109413
157456024794257	157456046908684	157456024679101
157456437283684	157456463715662	157456437166913
157456846168475	157456863886964	157456845981809
157457651728631	157457680809829	157457651610506
157458083512225	157458114335610	157458083385246
157459287884308	157459314806912	157459287756808
157459497692485	157459514911494	157459497561495
157459535440037	157459564941807	157459535301755
157459569702589	157459598287171	157459569581078
157459777070349	157459798353421	157459776958630
157460238293526	157460265112432	157460238162536
157460677435140	157460698450140	157460677307120
157460883417432	157460915168734	157460883288474
157461295738109	157461315258160	157461295605349
157462531100869	157462548736442	157462530978004
157462744778265	157462765485295	157462744650817
157462794015348	157462815501753	157462793871806
157463020951650	157463048910087	157463020823629
157463035721702	157463065582275	157463034936546
157463427514723	157463448957275	157463427379358
157463816121650	157463832380087	157463815916389
157468364627221	157468383263991	157468364491179
157468798579200	157468816653314	157468798486804
157470488420710	157470517058366	157470488290970
157470697553210	157470717172116	157470697424876
157470727443001	157470750529563	157470727317376
157470965407532	157470983989875	157470965269511
157470983452011	157471000668313	157470983329980
157471414770865	157471434167532	157471414644459
157471879839094	157471901051073	157471879797376
157472178773313	157472201192948	157472178619146
157472679565396	157472701414771	157472679462063
157474413642114	157474435697843	157474413525656
157474632049198	157474652469666	157474631895500
157474670643573	157474702509353	157474670502791
157474707189875	157474735863676	157474707077114
157474917533364	157474935961020	157474917386489
157475378670760	157475402889301	157475378541958
157475602758624	157475619720239	157475602629874
157475837587062	157475869858572	157475837465030
157477113667947	157477137097790	157477113533884
157477349285342	157477370510967	157477349129717
157477399591488	157477420525967	157477399461540
157477630935811	157477653936540	157477630803363
157477843504769	157477870664821	157477843346905
157478069621905	157478087405394	157478069483832
157478502107269	157478520900914	157478501968102
157484824335235	157484856841225	157484824178360
157485328172787	157485356959505	157485328052266
157485849085912	157485873775443	157485848946172
157485884362110	157485907115182	157485884225287
157486051229558	157486073825182	157486051068308
157487140380912	157487157248098	157487140299714
157487970127213	157487990798150	157487970004349
157487994333359	157488024139244	157487994230026
157488208052734	157488240869140	157488207902942
157488452027474	157488474246900	157488451807057
157488567659869	157488590928515	157488567553984
157489356720702	157489374366743	157489356607317
157489366139400	157489391034035	157489366056432
157490763236744	157490791388462	157490763103306
157491056391848	157491074766274	157491056224764
157491073685545	157491091439399	157491073560598
157491704083306	157491724930805	157491703957629
157492340282472	157492375079972	157492340151743
157493480542732	157493508733409	157493480353305
157493496286222	157493525405075	157493490916326
157494454178357	157494475820336	157494453995232
157495078057002	157495109413877	157495077870700
157495539367835	157495559605752	157495539199085
157495836464606	157495859701585	157495836320856
157498703775751	157498727707522	157498703598928
157498720872470	157498744377730	157498720742261
157499664589865	157499694753250	157499664471792
157500379950907	157500411716636	157500379784136
157500964800229	157500995338979	157500964663042
157511602732986	157511633536839	157511602415017
157512480335069	157512500478714	157512480203298
157514986443766	157515017728296	157514986291109
157515006115745	157515034397411	157514996966786
157515760937099	157515784576682	157515760779494
157516167292411	157516184631942	157516167153244
157516446280275	157516467956837	157516446156942

=== poll 1790130816.322743509
16666666
157431969463745	157431989923328	157431969322443
157432186122547	157432206573744	157432185997651
157432572140672	157432589936870	157432571997391
157432976677755	157433006651609	157432976565307
157433397737338	157433423312650	157433397586609
157437545078795	157437574188013	157437544934785
157437959084732	157437990907336	157437958964212
157439252417544	157439274512856	157439252280461
157439290917596	157439307860929	157439290764628
157439534822284	157439557883741	157439534691971
157439545279003	157439574554210	157439537136867
157439758409523	157439774613117	157439758298169
157440228128065	157440258162127	157440227984107
157440699833638	157440724974523	157440699685408
157442743528793	157442775410043	157442743403064
157443216895407	157443242178271	157443216766710
157444440409209	157444459445458	157444440272959
157444646595667	157444676175302	157444646469886
157444684226136	157444709510875	157444684088167
157444725688272	157444742848948	157444725564313
157444901026292	157444926212438	157444900873324
157445132783271	157445159631552	157445132667438
157445146629573	157445176307854	157445139937126
157445411715198	157445443064573	157445411616552
157447094539260	157447126984000	157447094412229
157447302231291	157447327066135	157447302109937
157447353832854	157447377081083	157447353643948
157447383697489	157447410425718	157447383559677
157447606058687	157447627192905	157447605908739
157447635525770	157447660536707	157447635415510
157448067064104	157448094041238	157448066959312
157448125395458	157448144060093	157448125238114
157448141042541	157448160732541	157448140964468
157448343242385	157448360805978	157448343084833
157448531493322	157448560896082	157448531366708
157452392072071	157452412455352	157452391885716
157452814071602	157452845911966	157452813953425
157454485383320	157454513076653	157454485275091
157455002135716	157455029924777	157455001961861
157455506601340	157455530047642	157455506416913
157455557893788	157455580070923	157455557774101
157455791287017	157455813487225	157455791109413
157456024794257	157456046908684	157456024679101
157456437283684	157456463715662	157456437166913
157456846168475	157456863886964	157456845981809
157457651728631	157457680809829	157457651610506
157458083512225	157458114335610	157458083385246
157459287884308	157459314806912	157459287756808
157459497692485	157459514911494	157459497561495
157459535440037	157459564941807	157459535301755
157459569702589	157459598287171	157459569581078
157459777070349	157459798353421	157459776958630
157460238293526	157460265112432	157460238162536
157460677435140	157460698450140	157460677307120
157460883417432	157460915168734	157460883288474
157461295738109	157461315258160	157461295605349
157462531100869	157462548736442	157462530978004
157462744778265	157462765485295	157462744650817
157462794015348	157462815501753	157462793871806
157463020951650	157463048910087	157463020823629
157463035721702	157463065582275	157463034936546
157463427514723	157463448957275	157463427379358
157463816121650	157463832380087	157463815916389
157468364627221	157468383263991	157468364491179
157468798579200	157468816653314	157468798486804
157470488420710	157470517058366	157470488290970
157470697553210	157470717172116	157470697424876
157470727443001	157470750529563	157470727317376
157470965407532	157470983989875	157470965269511
157470983452011	157471000668313	157470983329980
157471414770865	157471434167532	157471414644459
157471879839094	157471901051073	157471879797376
157472178773313	157472201192948	157472178619146
157472679565396	157472701414771	157472679462063
157474413642114	157474435697843	157474413525656
157474632049198	157474652469666	157474631895500
157474670643573	157474702509353	157474670502791
157474707189875	157474735863676	157474707077114
157474917533364	157474935961020	157474917386489
157475378670760	157475402889301	157475378541958
157475602758624	157475619720239	157475602629874
157475837587062	157475869858572	157475837465030
157477113667947	157477137097790	157477113533884
157477349285342	157477370510967	157477349129717
157477399591488	157477420525967	157477399461540
157477630935811	157477653936540	157477630803363
157477843504769	157477870664821	157477843346905
157478069621905	157478087405394	157478069483832
157478502107269	157478520900914	157478501968102
157484824335235	157484856841225	157484824178360
157485328172787	157485356959505	157485328052266
157485849085912	157485873775443	157485848946172
157485884362110	157485907115182	157485884225287
157486051229558	157486073825182	157486051068308
157487140380912	157487157248098	157487140299714
157487970127213	157487990798150	157487970004349
157487994333359	157488024139244	157487994230026
157488208052734	157488240869140	157488207902942
157488452027474	157488474246900	157488451807057
157488567659869	157488590928515	157488567553984
157489356720702	157489374366743	157489356607317
157489366139400	157489391034035	157489366056432
157490763236744	157490791388462	157490763103306
157491056391848	157491074766274	157491056224764
157491073685545	157491091439399	157491073560598
157491704083306	157491724930805	157491703957629
157492340282472	157492375079972	157492340151743
157493480542732	157493508733409	157493480353305
157493496286222	157493525405075	157493490916326
157494454178357	157494475820336	157494453995232
157495078057002	157495109413877	157495077870700
157495539367835	157495559605752	157495539199085
157495836464606	157495859701585	157495836320856
157498703775751	157498727707522	157498703598928
157498720872470	157498744377730	157498720742261
157499664589865	157499694753250	157499664471792
157500379950907	157500411716636	157500379784136
157500964800229	157500995338979	157500964663042
157511602732986	157511633536839	157511602415017
157512480335069	157512500478714	157512480203298
157514986443766	157515017728296	157514986291109
157515006115745	157515034397411	157514996966786
157515760937099	157515784576682	157515760779494
157516167292411	157516184631942	157516167153244
157516446280275	157516467956837	157516446156942
157518618162462	157518635304649	157518617931629
157518637617410	157518668656941	157518637500118

=== poll 1790130818.977403351
16666666
157432976677755	157433006651609	157432976565307
157433397737338	157433423312650	157433397586609
157437545078795	157437574188013	157437544934785
157437959084732	157437990907336	157437958964212
157439252417544	157439274512856	157439252280461
157439290917596	157439307860929	157439290764628
157439534822284	157439557883741	157439534691971
157439545279003	157439574554210	157439537136867
157439758409523	157439774613117	157439758298169
157440228128065	157440258162127	157440227984107
157440699833638	157440724974523	157440699685408
157442743528793	157442775410043	157442743403064
157443216895407	157443242178271	157443216766710
157444440409209	157444459445458	157444440272959
157444646595667	157444676175302	157444646469886
157444684226136	157444709510875	157444684088167
157444725688272	157444742848948	157444725564313
157444901026292	157444926212438	157444900873324
157445132783271	157445159631552	157445132667438
157445146629573	157445176307854	157445139937126
157445411715198	157445443064573	157445411616552
157447094539260	157447126984000	157447094412229
157447302231291	157447327066135	157447302109937
157447353832854	157447377081083	157447353643948
157447383697489	157447410425718	157447383559677
157447606058687	157447627192905	157447605908739
157447635525770	157447660536707	157447635415510
157448067064104	157448094041238	157448066959312
157448125395458	157448144060093	157448125238114
157448141042541	157448160732541	157448140964468
157448343242385	157448360805978	157448343084833
157448531493322	157448560896082	157448531366708
157452392072071	157452412455352	157452391885716
157452814071602	157452845911966	157452813953425
157454485383320	157454513076653	157454485275091
157455002135716	157455029924777	157455001961861
157455506601340	157455530047642	157455506416913
157455557893788	157455580070923	157455557774101
157455791287017	157455813487225	157455791109413
157456024794257	157456046908684	157456024679101
157456437283684	157456463715662	157456437166913
157456846168475	157456863886964	157456845981809
157457651728631	157457680809829	157457651610506
157458083512225	157458114335610	157458083385246
157459287884308	157459314806912	157459287756808
157459497692485	157459514911494	157459497561495
157459535440037	157459564941807	157459535301755
157459569702589	157459598287171	157459569581078
157459777070349	157459798353421	157459776958630
157460238293526	157460265112432	157460238162536
157460677435140	157460698450140	157460677307120
157460883417432	157460915168734	157460883288474
157461295738109	157461315258160	157461295605349
157462531100869	157462548736442	157462530978004
157462744778265	157462765485295	157462744650817
157462794015348	157462815501753	157462793871806
157463020951650	157463048910087	157463020823629
157463035721702	157463065582275	157463034936546
157463427514723	157463448957275	157463427379358
157463816121650	157463832380087	157463815916389
157468364627221	157468383263991	157468364491179
157468798579200	157468816653314	157468798486804
157470488420710	157470517058366	157470488290970
157470697553210	157470717172116	157470697424876
157470727443001	157470750529563	157470727317376
157470965407532	157470983989875	157470965269511
157470983452011	157471000668313	157470983329980
157471414770865	157471434167532	157471414644459
157471879839094	157471901051073	157471879797376
157472178773313	157472201192948	157472178619146
157472679565396	157472701414771	157472679462063
157474413642114	157474435697843	157474413525656
157474632049198	157474652469666	157474631895500
157474670643573	157474702509353	157474670502791
157474707189875	157474735863676	157474707077114
157474917533364	157474935961020	157474917386489
157475378670760	157475402889301	157475378541958
157475602758624	157475619720239	157475602629874
157475837587062	157475869858572	157475837465030
157477113667947	157477137097790	157477113533884
157477349285342	157477370510967	157477349129717
157477399591488	157477420525967	157477399461540
157477630935811	157477653936540	157477630803363
157477843504769	157477870664821	157477843346905
157478069621905	157478087405394	157478069483832
157478502107269	157478520900914	157478501968102
157484824335235	157484856841225	157484824178360
157485328172787	157485356959505	157485328052266
157485849085912	157485873775443	157485848946172
157485884362110	157485907115182	157485884225287
157486051229558	157486073825182	157486051068308
157487140380912	157487157248098	157487140299714
157487970127213	157487990798150	157487970004349
157487994333359	157488024139244	157487994230026
157488208052734	157488240869140	157488207902942
157488452027474	157488474246900	157488451807057
157488567659869	157488590928515	157488567553984
157489356720702	157489374366743	157489356607317
157489366139400	157489391034035	157489366056432
157490763236744	157490791388462	157490763103306
157491056391848	157491074766274	157491056224764
157491073685545	157491091439399	157491073560598
157491704083306	157491724930805	157491703957629
157492340282472	157492375079972	157492340151743
157493480542732	157493508733409	157493480353305
157493496286222	157493525405075	157493490916326
157494454178357	157494475820336	157494453995232
157495078057002	157495109413877	157495077870700
157495539367835	157495559605752	157495539199085
157495836464606	157495859701585	157495836320856
157498703775751	157498727707522	157498703598928
157498720872470	157498744377730	157498720742261
157499664589865	157499694753250	157499664471792
157500379950907	157500411716636	157500379784136
157500964800229	157500995338979	157500964663042
157511602732986	157511633536839	157511602415017
157512480335069	157512500478714	157512480203298
157514986443766	157515017728296	157514986291109
157515006115745	157515034397411	157514996966786
157515760937099	157515784576682	157515760779494
157516167292411	157516184631942	157516167153244
157516446280275	157516467956837	157516446156942
157518618162462	157518635304649	157518617931629
157518637617410	157518668656941	157518637500118
157520263720222	157520286138346	157520263581211
157521085160690	157521103034700	157521085014544
157521383787149	157521403086106	157521383613919

=== poll 1790130821.506169027
16666666
157437959084732	157437990907336	157437958964212
157439252417544	157439274512856	157439252280461
157439290917596	157439307860929	157439290764628
157439534822284	157439557883741	157439534691971
157439545279003	157439574554210	157439537136867
157439758409523	157439774613117	157439758298169
157440228128065	157440258162127	157440227984107
157440699833638	157440724974523	157440699685408
157442743528793	157442775410043	157442743403064
157443216895407	157443242178271	157443216766710
157444440409209	157444459445458	157444440272959
157444646595667	157444676175302	157444646469886
157444684226136	157444709510875	157444684088167
157444725688272	157444742848948	157444725564313
157444901026292	157444926212438	157444900873324
157445132783271	157445159631552	157445132667438
157445146629573	157445176307854	157445139937126
157445411715198	157445443064573	157445411616552
157447094539260	157447126984000	157447094412229
157447302231291	157447327066135	157447302109937
157447353832854	157447377081083	157447353643948
157447383697489	157447410425718	157447383559677
157447606058687	157447627192905	157447605908739
157447635525770	157447660536707	157447635415510
157448067064104	157448094041238	157448066959312
157448125395458	157448144060093	157448125238114
157448141042541	157448160732541	157448140964468
157448343242385	157448360805978	157448343084833
157448531493322	157448560896082	157448531366708
157452392072071	157452412455352	157452391885716
157452814071602	157452845911966	157452813953425
157454485383320	157454513076653	157454485275091
157455002135716	157455029924777	157455001961861
157455506601340	157455530047642	157455506416913
157455557893788	157455580070923	157455557774101
157455791287017	157455813487225	157455791109413
157456024794257	157456046908684	157456024679101
157456437283684	157456463715662	157456437166913
157456846168475	157456863886964	157456845981809
157457651728631	157457680809829	157457651610506
157458083512225	157458114335610	157458083385246
157459287884308	157459314806912	157459287756808
157459497692485	157459514911494	157459497561495
157459535440037	157459564941807	157459535301755
157459569702589	157459598287171	157459569581078
157459777070349	157459798353421	157459776958630
157460238293526	157460265112432	157460238162536
157460677435140	157460698450140	157460677307120
157460883417432	157460915168734	157460883288474
157461295738109	157461315258160	157461295605349
157462531100869	157462548736442	157462530978004
157462744778265	157462765485295	157462744650817
157462794015348	157462815501753	157462793871806
157463020951650	157463048910087	157463020823629
157463035721702	157463065582275	157463034936546
157463427514723	157463448957275	157463427379358
157463816121650	157463832380087	157463815916389
157468364627221	157468383263991	157468364491179
157468798579200	157468816653314	157468798486804
157470488420710	157470517058366	157470488290970
157470697553210	157470717172116	157470697424876
157470727443001	157470750529563	157470727317376
157470965407532	157470983989875	157470965269511
157470983452011	157471000668313	157470983329980
157471414770865	157471434167532	157471414644459
157471879839094	157471901051073	157471879797376
157472178773313	157472201192948	157472178619146
157472679565396	157472701414771	157472679462063
157474413642114	157474435697843	157474413525656
157474632049198	157474652469666	157474631895500
157474670643573	157474702509353	157474670502791
157474707189875	157474735863676	157474707077114
157474917533364	157474935961020	157474917386489
157475378670760	157475402889301	157475378541958
157475602758624	157475619720239	157475602629874
157475837587062	157475869858572	157475837465030
157477113667947	157477137097790	157477113533884
157477349285342	157477370510967	157477349129717
157477399591488	157477420525967	157477399461540
157477630935811	157477653936540	157477630803363
157477843504769	157477870664821	157477843346905
157478069621905	157478087405394	157478069483832
157478502107269	157478520900914	157478501968102
157484824335235	157484856841225	157484824178360
157485328172787	157485356959505	157485328052266
157485849085912	157485873775443	157485848946172
157485884362110	157485907115182	157485884225287
157486051229558	157486073825182	157486051068308
157487140380912	157487157248098	157487140299714
157487970127213	157487990798150	157487970004349
157487994333359	157488024139244	157487994230026
157488208052734	157488240869140	157488207902942
157488452027474	157488474246900	157488451807057
157488567659869	157488590928515	157488567553984
157489356720702	157489374366743	157489356607317
157489366139400	157489391034035	157489366056432
157490763236744	157490791388462	157490763103306
157491056391848	157491074766274	157491056224764
157491073685545	157491091439399	157491073560598
157491704083306	157491724930805	157491703957629
157492340282472	157492375079972	157492340151743
157493480542732	157493508733409	157493480353305
157493496286222	157493525405075	157493490916326
157494454178357	157494475820336	157494453995232
157495078057002	157495109413877	157495077870700
157495539367835	157495559605752	157495539199085
157495836464606	157495859701585	157495836320856
157498703775751	157498727707522	157498703598928
157498720872470	157498744377730	157498720742261
157499664589865	157499694753250	157499664471792
157500379950907	157500411716636	157500379784136
157500964800229	157500995338979	157500964663042
157511602732986	157511633536839	157511602415017
157512480335069	157512500478714	157512480203298
157514986443766	157515017728296	157514986291109
157515006115745	157515034397411	157514996966786
157515760937099	157515784576682	157515760779494
157516167292411	157516184631942	157516167153244
157516446280275	157516467956837	157516446156942
157518618162462	157518635304649	157518617931629
157518637617410	157518668656941	157518637500118
157520263720222	157520286138346	157520263581211
157521085160690	157521103034700	157521085014544
157521383787149	157521403086106	157521383613919
157522294305273	157522319967200	157522294156106
157524523504439	157524553902563	157524523349439
157524553382304	157524570578501	157524553244231

=== poll 1790130824.018865016
16666666
157439534822284	157439557883741	157439534691971
157439545279003	157439574554210	157439537136867
157439758409523	157439774613117	157439758298169
157440228128065	157440258162127	157440227984107
157440699833638	157440724974523	157440699685408
157442743528793	157442775410043	157442743403064
157443216895407	157443242178271	157443216766710
157444440409209	157444459445458	157444440272959
157444646595667	157444676175302	157444646469886
157444684226136	157444709510875	157444684088167
157444725688272	157444742848948	157444725564313
157444901026292	157444926212438	157444900873324
157445132783271	157445159631552	157445132667438
157445146629573	157445176307854	157445139937126
157445411715198	157445443064573	157445411616552
157447094539260	157447126984000	157447094412229
157447302231291	157447327066135	157447302109937
157447353832854	157447377081083	157447353643948
157447383697489	157447410425718	157447383559677
157447606058687	157447627192905	157447605908739
157447635525770	157447660536707	157447635415510
157448067064104	157448094041238	157448066959312
157448125395458	157448144060093	157448125238114
157448141042541	157448160732541	157448140964468
157448343242385	157448360805978	157448343084833
157448531493322	157448560896082	157448531366708
157452392072071	157452412455352	157452391885716
157452814071602	157452845911966	157452813953425
157454485383320	157454513076653	157454485275091
157455002135716	157455029924777	157455001961861
157455506601340	157455530047642	157455506416913
157455557893788	157455580070923	157455557774101
157455791287017	157455813487225	157455791109413
157456024794257	157456046908684	157456024679101
157456437283684	157456463715662	157456437166913
157456846168475	157456863886964	157456845981809
157457651728631	157457680809829	157457651610506
157458083512225	157458114335610	157458083385246
157459287884308	157459314806912	157459287756808
157459497692485	157459514911494	157459497561495
157459535440037	157459564941807	157459535301755
157459569702589	157459598287171	157459569581078
157459777070349	157459798353421	157459776958630
157460238293526	157460265112432	157460238162536
157460677435140	157460698450140	157460677307120
157460883417432	157460915168734	157460883288474
157461295738109	157461315258160	157461295605349
157462531100869	157462548736442	157462530978004
157462744778265	157462765485295	157462744650817
157462794015348	157462815501753	157462793871806
157463020951650	157463048910087	157463020823629
157463035721702	157463065582275	157463034936546
157463427514723	157463448957275	157463427379358
157463816121650	157463832380087	157463815916389
157468364627221	157468383263991	157468364491179
157468798579200	157468816653314	157468798486804
157470488420710	157470517058366	157470488290970
157470697553210	157470717172116	157470697424876
157470727443001	157470750529563	157470727317376
157470965407532	157470983989875	157470965269511
157470983452011	157471000668313	157470983329980
157471414770865	157471434167532	157471414644459
157471879839094	157471901051073	157471879797376
157472178773313	157472201192948	157472178619146
157472679565396	157472701414771	157472679462063
157474413642114	157474435697843	157474413525656
157474632049198	157474652469666	157474631895500
157474670643573	157474702509353	157474670502791
157474707189875	157474735863676	157474707077114
157474917533364	157474935961020	157474917386489
157475378670760	157475402889301	157475378541958
157475602758624	157475619720239	157475602629874
157475837587062	157475869858572	157475837465030
157477113667947	157477137097790	157477113533884
157477349285342	157477370510967	157477349129717
157477399591488	157477420525967	157477399461540
157477630935811	157477653936540	157477630803363
157477843504769	157477870664821	157477843346905
157478069621905	157478087405394	157478069483832
157478502107269	157478520900914	157478501968102
157484824335235	157484856841225	157484824178360
157485328172787	157485356959505	157485328052266
157485849085912	157485873775443	157485848946172
157485884362110	157485907115182	157485884225287
157486051229558	157486073825182	157486051068308
157487140380912	157487157248098	157487140299714
157487970127213	157487990798150	157487970004349
157487994333359	157488024139244	157487994230026
157488208052734	157488240869140	157488207902942
157488452027474	157488474246900	157488451807057
157488567659869	157488590928515	157488567553984
157489356720702	157489374366743	157489356607317
157489366139400	157489391034035	157489366056432
157490763236744	157490791388462	157490763103306
157491056391848	157491074766274	157491056224764
157491073685545	157491091439399	157491073560598
157491704083306	157491724930805	157491703957629
157492340282472	157492375079972	157492340151743
157493480542732	157493508733409	157493480353305
157493496286222	157493525405075	157493490916326
157494454178357	157494475820336	157494453995232
157495078057002	157495109413877	157495077870700
157495539367835	157495559605752	157495539199085
157495836464606	157495859701585	157495836320856
157498703775751	157498727707522	157498703598928
157498720872470	157498744377730	157498720742261
157499664589865	157499694753250	157499664471792
157500379950907	157500411716636	157500379784136
157500964800229	157500995338979	157500964663042
157511602732986	157511633536839	157511602415017
157512480335069	157512500478714	157512480203298
157514986443766	157515017728296	157514986291109
157515006115745	157515034397411	157514996966786
157515760937099	157515784576682	157515760779494
157516167292411	157516184631942	157516167153244
157516446280275	157516467956837	157516446156942
157518618162462	157518635304649	157518617931629
157518637617410	157518668656941	157518637500118
157520263720222	157520286138346	157520263581211
157521085160690	157521103034700	157521085014544
157521383787149	157521403086106	157521383613919
157522294305273	157522319967200	157522294156106
157524523504439	157524553902563	157524523349439
157524553382304	157524570578501	157524553244231
157525244480064	157525270782043	157525244356157
157526057088501	157526087705167	157526056794438
157526769164126	157526787982823	157526768986053

=== poll 1790130826.445421421
16666666
157439534822284	157439557883741	157439534691971
157439545279003	157439574554210	157439537136867
157439758409523	157439774613117	157439758298169
157440228128065	157440258162127	157440227984107
157440699833638	157440724974523	157440699685408
157442743528793	157442775410043	157442743403064
157443216895407	157443242178271	157443216766710
157444440409209	157444459445458	157444440272959
157444646595667	157444676175302	157444646469886
157444684226136	157444709510875	157444684088167
157444725688272	157444742848948	157444725564313
157444901026292	157444926212438	157444900873324
157445132783271	157445159631552	157445132667438
157445146629573	157445176307854	157445139937126
157445411715198	157445443064573	157445411616552
157447094539260	157447126984000	157447094412229
157447302231291	157447327066135	157447302109937
157447353832854	157447377081083	157447353643948
157447383697489	157447410425718	157447383559677
157447606058687	157447627192905	157447605908739
157447635525770	157447660536707	157447635415510
157448067064104	157448094041238	157448066959312
157448125395458	157448144060093	157448125238114
157448141042541	157448160732541	157448140964468
157448343242385	157448360805978	157448343084833
157448531493322	157448560896082	157448531366708
157452392072071	157452412455352	157452391885716
157452814071602	157452845911966	157452813953425
157454485383320	157454513076653	157454485275091
157455002135716	157455029924777	157455001961861
157455506601340	157455530047642	157455506416913
157455557893788	157455580070923	157455557774101
157455791287017	157455813487225	157455791109413
157456024794257	157456046908684	157456024679101
157456437283684	157456463715662	157456437166913
157456846168475	157456863886964	157456845981809
157457651728631	157457680809829	157457651610506
157458083512225	157458114335610	157458083385246
157459287884308	157459314806912	157459287756808
157459497692485	157459514911494	157459497561495
157459535440037	157459564941807	157459535301755
157459569702589	157459598287171	157459569581078
157459777070349	157459798353421	157459776958630
157460238293526	157460265112432	157460238162536
157460677435140	157460698450140	157460677307120
157460883417432	157460915168734	157460883288474
157461295738109	157461315258160	157461295605349
157462531100869	157462548736442	157462530978004
157462744778265	157462765485295	157462744650817
157462794015348	157462815501753	157462793871806
157463020951650	157463048910087	157463020823629
157463035721702	157463065582275	157463034936546
157463427514723	157463448957275	157463427379358
157463816121650	157463832380087	157463815916389
157468364627221	157468383263991	157468364491179
157468798579200	157468816653314	157468798486804
157470488420710	157470517058366	157470488290970
157470697553210	157470717172116	157470697424876
157470727443001	157470750529563	157470727317376
157470965407532	157470983989875	157470965269511
157470983452011	157471000668313	157470983329980
157471414770865	157471434167532	157471414644459
157471879839094	157471901051073	157471879797376
157472178773313	157472201192948	157472178619146
157472679565396	157472701414771	157472679462063
157474413642114	157474435697843	157474413525656
157474632049198	157474652469666	157474631895500
157474670643573	157474702509353	157474670502791
157474707189875	157474735863676	157474707077114
157474917533364	157474935961020	157474917386489
157475378670760	157475402889301	157475378541958
157475602758624	157475619720239	157475602629874
157475837587062	157475869858572	157475837465030
157477113667947	157477137097790	157477113533884
157477349285342	157477370510967	157477349129717
157477399591488	157477420525967	157477399461540
157477630935811	157477653936540	157477630803363
157477843504769	157477870664821	157477843346905
157478069621905	157478087405394	157478069483832
157478502107269	157478520900914	157478501968102
157484824335235	157484856841225	157484824178360
157485328172787	157485356959505	157485328052266
157485849085912	157485873775443	157485848946172
157485884362110	157485907115182	157485884225287
157486051229558	157486073825182	157486051068308
157487140380912	157487157248098	157487140299714
157487970127213	157487990798150	157487970004349
157487994333359	157488024139244	157487994230026
157488208052734	157488240869140	157488207902942
157488452027474	157488474246900	157488451807057
157488567659869	157488590928515	157488567553984
157489356720702	157489374366743	157489356607317
157489366139400	157489391034035	157489366056432
157490763236744	157490791388462	157490763103306
157491056391848	157491074766274	157491056224764
157491073685545	157491091439399	157491073560598
157491704083306	157491724930805	157491703957629
157492340282472	157492375079972	157492340151743
157493480542732	157493508733409	157493480353305
157493496286222	157493525405075	157493490916326
157494454178357	157494475820336	157494453995232
157495078057002	157495109413877	157495077870700
157495539367835	157495559605752	157495539199085
157495836464606	157495859701585	157495836320856
157498703775751	157498727707522	157498703598928
157498720872470	157498744377730	157498720742261
157499664589865	157499694753250	157499664471792
157500379950907	157500411716636	157500379784136
157500964800229	157500995338979	157500964663042
157511602732986	157511633536839	157511602415017
157512480335069	157512500478714	157512480203298
157514986443766	157515017728296	157514986291109
157515006115745	157515034397411	157514996966786
157515760937099	157515784576682	157515760779494
157516167292411	157516184631942	157516167153244
157516446280275	157516467956837	157516446156942
157518618162462	157518635304649	157518617931629
157518637617410	157518668656941	157518637500118
157520263720222	157520286138346	157520263581211
157521085160690	157521103034700	157521085014544
157521383787149	157521403086106	157521383613919
157522294305273	157522319967200	157522294156106
157524523504439	157524553902563	157524523349439
157524553382304	157524570578501	157524553244231
157525244480064	157525270782043	157525244356157
157526057088501	157526087705167	157526056794438
157526769164126	157526787982823	157526768986053

=== poll 1790130828.878065535
16666666
157439534822284	157439557883741	157439534691971
157439545279003	157439574554210	157439537136867
157439758409523	157439774613117	157439758298169
157440228128065	157440258162127	157440227984107
157440699833638	157440724974523	157440699685408
157442743528793	157442775410043	157442743403064
157443216895407	157443242178271	157443216766710
157444440409209	157444459445458	157444440272959
157444646595667	157444676175302	157444646469886
157444684226136	157444709510875	157444684088167
157444725688272	157444742848948	157444725564313
157444901026292	157444926212438	157444900873324
157445132783271	157445159631552	157445132667438
157445146629573	157445176307854	157445139937126
157445411715198	157445443064573	157445411616552
157447094539260	157447126984000	157447094412229
157447302231291	157447327066135	157447302109937
157447353832854	157447377081083	157447353643948
157447383697489	157447410425718	157447383559677
157447606058687	157447627192905	157447605908739
157447635525770	157447660536707	157447635415510
157448067064104	157448094041238	157448066959312
157448125395458	157448144060093	157448125238114
157448141042541	157448160732541	157448140964468
157448343242385	157448360805978	157448343084833
157448531493322	157448560896082	157448531366708
157452392072071	157452412455352	157452391885716
157452814071602	157452845911966	157452813953425
157454485383320	157454513076653	157454485275091
157455002135716	157455029924777	157455001961861
157455506601340	157455530047642	157455506416913
157455557893788	157455580070923	157455557774101
157455791287017	157455813487225	157455791109413
157456024794257	157456046908684	157456024679101
157456437283684	157456463715662	157456437166913
157456846168475	157456863886964	157456845981809
157457651728631	157457680809829	157457651610506
157458083512225	157458114335610	157458083385246
157459287884308	157459314806912	157459287756808
157459497692485	157459514911494	157459497561495
157459535440037	157459564941807	157459535301755
157459569702589	157459598287171	157459569581078
157459777070349	157459798353421	157459776958630
157460238293526	157460265112432	157460238162536
157460677435140	157460698450140	157460677307120
157460883417432	157460915168734	157460883288474
157461295738109	157461315258160	157461295605349
157462531100869	157462548736442	157462530978004
157462744778265	157462765485295	157462744650817
157462794015348	157462815501753	157462793871806
157463020951650	157463048910087	157463020823629
157463035721702	157463065582275	157463034936546
157463427514723	157463448957275	157463427379358
157463816121650	157463832380087	157463815916389
157468364627221	157468383263991	157468364491179
157468798579200	157468816653314	157468798486804
157470488420710	157470517058366	157470488290970
157470697553210	157470717172116	157470697424876
157470727443001	157470750529563	157470727317376
157470965407532	157470983989875	157470965269511
157470983452011	157471000668313	157470983329980
157471414770865	157471434167532	157471414644459
157471879839094	157471901051073	157471879797376
157472178773313	157472201192948	157472178619146
157472679565396	157472701414771	157472679462063
157474413642114	157474435697843	157474413525656
157474632049198	157474652469666	157474631895500
157474670643573	157474702509353	157474670502791
157474707189875	157474735863676	157474707077114
157474917533364	157474935961020	157474917386489
157475378670760	157475402889301	157475378541958
157475602758624	157475619720239	157475602629874
157475837587062	157475869858572	157475837465030
157477113667947	157477137097790	157477113533884
157477349285342	157477370510967	157477349129717
157477399591488	157477420525967	157477399461540
157477630935811	157477653936540	157477630803363
157477843504769	157477870664821	157477843346905
157478069621905	157478087405394	157478069483832
157478502107269	157478520900914	157478501968102
157484824335235	157484856841225	157484824178360
157485328172787	157485356959505	157485328052266
157485849085912	157485873775443	157485848946172
157485884362110	157485907115182	157485884225287
157486051229558	157486073825182	157486051068308
157487140380912	157487157248098	157487140299714
157487970127213	157487990798150	157487970004349
157487994333359	157488024139244	157487994230026
157488208052734	157488240869140	157488207902942
157488452027474	157488474246900	157488451807057
157488567659869	157488590928515	157488567553984
157489356720702	157489374366743	157489356607317
157489366139400	157489391034035	157489366056432
157490763236744	157490791388462	157490763103306
157491056391848	157491074766274	157491056224764
157491073685545	157491091439399	157491073560598
157491704083306	157491724930805	157491703957629
157492340282472	157492375079972	157492340151743
157493480542732	157493508733409	157493480353305
157493496286222	157493525405075	157493490916326
157494454178357	157494475820336	157494453995232
157495078057002	157495109413877	157495077870700
157495539367835	157495559605752	157495539199085
157495836464606	157495859701585	157495836320856
157498703775751	157498727707522	157498703598928
157498720872470	157498744377730	157498720742261
157499664589865	157499694753250	157499664471792
157500379950907	157500411716636	157500379784136
157500964800229	157500995338979	157500964663042
157511602732986	157511633536839	157511602415017
157512480335069	157512500478714	157512480203298
157514986443766	157515017728296	157514986291109
157515006115745	157515034397411	157514996966786
157515760937099	157515784576682	157515760779494
157516167292411	157516184631942	157516167153244
157516446280275	157516467956837	157516446156942
157518618162462	157518635304649	157518617931629
157518637617410	157518668656941	157518637500118
157520263720222	157520286138346	157520263581211
157521085160690	157521103034700	157521085014544
157521383787149	157521403086106	157521383613919
157522294305273	157522319967200	157522294156106
157524523504439	157524553902563	157524523349439
157524553382304	157524570578501	157524553244231
157525244480064	157525270782043	157525244356157
157526057088501	157526087705167	157526056794438
157526769164126	157526787982823	157526768986053

=== poll 1790130831.396469284
16666666
157439534822284	157439557883741	157439534691971
157439545279003	157439574554210	157439537136867
157439758409523	157439774613117	157439758298169
157440228128065	157440258162127	157440227984107
157440699833638	157440724974523	157440699685408
157442743528793	157442775410043	157442743403064
157443216895407	157443242178271	157443216766710
157444440409209	157444459445458	157444440272959
157444646595667	157444676175302	157444646469886
157444684226136	157444709510875	157444684088167
157444725688272	157444742848948	157444725564313
157444901026292	157444926212438	157444900873324
157445132783271	157445159631552	157445132667438
157445146629573	157445176307854	157445139937126
157445411715198	157445443064573	157445411616552
157447094539260	157447126984000	157447094412229
157447302231291	157447327066135	157447302109937
157447353832854	157447377081083	157447353643948
157447383697489	157447410425718	157447383559677
157447606058687	157447627192905	157447605908739
157447635525770	157447660536707	157447635415510
157448067064104	157448094041238	157448066959312
157448125395458	157448144060093	157448125238114
157448141042541	157448160732541	157448140964468
157448343242385	157448360805978	157448343084833
157448531493322	157448560896082	157448531366708
157452392072071	157452412455352	157452391885716
157452814071602	157452845911966	157452813953425
157454485383320	157454513076653	157454485275091
157455002135716	157455029924777	157455001961861
157455506601340	157455530047642	157455506416913
157455557893788	157455580070923	157455557774101
157455791287017	157455813487225	157455791109413
157456024794257	157456046908684	157456024679101
157456437283684	157456463715662	157456437166913
157456846168475	157456863886964	157456845981809
157457651728631	157457680809829	157457651610506
157458083512225	157458114335610	157458083385246
157459287884308	157459314806912	157459287756808
157459497692485	157459514911494	157459497561495
157459535440037	157459564941807	157459535301755
157459569702589	157459598287171	157459569581078
157459777070349	157459798353421	157459776958630
157460238293526	157460265112432	157460238162536
157460677435140	157460698450140	157460677307120
157460883417432	157460915168734	157460883288474
157461295738109	157461315258160	157461295605349
157462531100869	157462548736442	157462530978004
157462744778265	157462765485295	157462744650817
157462794015348	157462815501753	157462793871806
157463020951650	157463048910087	157463020823629
157463035721702	157463065582275	157463034936546
157463427514723	157463448957275	157463427379358
157463816121650	157463832380087	157463815916389
157468364627221	157468383263991	157468364491179
157468798579200	157468816653314	157468798486804
157470488420710	157470517058366	157470488290970
157470697553210	157470717172116	157470697424876
157470727443001	157470750529563	157470727317376
157470965407532	157470983989875	157470965269511
157470983452011	157471000668313	157470983329980
157471414770865	157471434167532	157471414644459
157471879839094	157471901051073	157471879797376
157472178773313	157472201192948	157472178619146
157472679565396	157472701414771	157472679462063
157474413642114	157474435697843	157474413525656
157474632049198	157474652469666	157474631895500
157474670643573	157474702509353	157474670502791
157474707189875	157474735863676	157474707077114
157474917533364	157474935961020	157474917386489
157475378670760	157475402889301	157475378541958
157475602758624	157475619720239	157475602629874
157475837587062	157475869858572	157475837465030
157477113667947	157477137097790	157477113533884
157477349285342	157477370510967	157477349129717
157477399591488	157477420525967	157477399461540
157477630935811	157477653936540	157477630803363
157477843504769	157477870664821	157477843346905
157478069621905	157478087405394	157478069483832
157478502107269	157478520900914	157478501968102
157484824335235	157484856841225	157484824178360
157485328172787	157485356959505	157485328052266
157485849085912	157485873775443	157485848946172
157485884362110	157485907115182	157485884225287
157486051229558	157486073825182	157486051068308
157487140380912	157487157248098	157487140299714
157487970127213	157487990798150	157487970004349
157487994333359	157488024139244	157487994230026
157488208052734	157488240869140	157488207902942
157488452027474	157488474246900	157488451807057
157488567659869	157488590928515	157488567553984
157489356720702	157489374366743	157489356607317
157489366139400	157489391034035	157489366056432
157490763236744	157490791388462	157490763103306
157491056391848	157491074766274	157491056224764
157491073685545	157491091439399	157491073560598
157491704083306	157491724930805	157491703957629
157492340282472	157492375079972	157492340151743
157493480542732	157493508733409	157493480353305
157493496286222	157493525405075	157493490916326
157494454178357	157494475820336	157494453995232
157495078057002	157495109413877	157495077870700
157495539367835	157495559605752	157495539199085
157495836464606	157495859701585	157495836320856
157498703775751	157498727707522	157498703598928
157498720872470	157498744377730	157498720742261
157499664589865	157499694753250	157499664471792
157500379950907	157500411716636	157500379784136
157500964800229	157500995338979	157500964663042
157511602732986	157511633536839	157511602415017
157512480335069	157512500478714	157512480203298
157514986443766	157515017728296	157514986291109
157515006115745	157515034397411	157514996966786
157515760937099	157515784576682	157515760779494
157516167292411	157516184631942	157516167153244
157516446280275	157516467956837	157516446156942
157518618162462	157518635304649	157518617931629
157518637617410	157518668656941	157518637500118
157520263720222	157520286138346	157520263581211
157521085160690	157521103034700	157521085014544
157521383787149	157521403086106	157521383613919
157522294305273	157522319967200	157522294156106
157524523504439	157524553902563	157524523349439
157524553382304	157524570578501	157524553244231
157525244480064	157525270782043	157525244356157
157526057088501	157526087705167	157526056794438
157526769164126	157526787982823	157526768986053

=== poll 1790130834.029740325
16666666
157439534822284	157439557883741	157439534691971
157439545279003	157439574554210	157439537136867
157439758409523	157439774613117	157439758298169
157440228128065	157440258162127	157440227984107
157440699833638	157440724974523	157440699685408
157442743528793	157442775410043	157442743403064
157443216895407	157443242178271	157443216766710
157444440409209	157444459445458	157444440272959
157444646595667	157444676175302	157444646469886
157444684226136	157444709510875	157444684088167
157444725688272	157444742848948	157444725564313
157444901026292	157444926212438	157444900873324
157445132783271	157445159631552	157445132667438
157445146629573	157445176307854	157445139937126
157445411715198	157445443064573	157445411616552
157447094539260	157447126984000	157447094412229
157447302231291	157447327066135	157447302109937
157447353832854	157447377081083	157447353643948
157447383697489	157447410425718	157447383559677
157447606058687	157447627192905	157447605908739
157447635525770	157447660536707	157447635415510
157448067064104	157448094041238	157448066959312
157448125395458	157448144060093	157448125238114
157448141042541	157448160732541	157448140964468
157448343242385	157448360805978	157448343084833
157448531493322	157448560896082	157448531366708
157452392072071	157452412455352	157452391885716
157452814071602	157452845911966	157452813953425
157454485383320	157454513076653	157454485275091
157455002135716	157455029924777	157455001961861
157455506601340	157455530047642	157455506416913
157455557893788	157455580070923	157455557774101
157455791287017	157455813487225	157455791109413
157456024794257	157456046908684	157456024679101
157456437283684	157456463715662	157456437166913
157456846168475	157456863886964	157456845981809
157457651728631	157457680809829	157457651610506
157458083512225	157458114335610	157458083385246
157459287884308	157459314806912	157459287756808
157459497692485	157459514911494	157459497561495
157459535440037	157459564941807	157459535301755
157459569702589	157459598287171	157459569581078
157459777070349	157459798353421	157459776958630
157460238293526	157460265112432	157460238162536
157460677435140	157460698450140	157460677307120
157460883417432	157460915168734	157460883288474
157461295738109	157461315258160	157461295605349
157462531100869	157462548736442	157462530978004
157462744778265	157462765485295	157462744650817
157462794015348	157462815501753	157462793871806
157463020951650	157463048910087	157463020823629
157463035721702	157463065582275	157463034936546
157463427514723	157463448957275	157463427379358
157463816121650	157463832380087	157463815916389
157468364627221	157468383263991	157468364491179
157468798579200	157468816653314	157468798486804
157470488420710	157470517058366	157470488290970
157470697553210	157470717172116	157470697424876
157470727443001	157470750529563	157470727317376
157470965407532	157470983989875	157470965269511
157470983452011	157471000668313	157470983329980
157471414770865	157471434167532	157471414644459
157471879839094	157471901051073	157471879797376
157472178773313	157472201192948	157472178619146
157472679565396	157472701414771	157472679462063
157474413642114	157474435697843	157474413525656
157474632049198	157474652469666	157474631895500
157474670643573	157474702509353	157474670502791
157474707189875	157474735863676	157474707077114
157474917533364	157474935961020	157474917386489
157475378670760	157475402889301	157475378541958
157475602758624	157475619720239	157475602629874
157475837587062	157475869858572	157475837465030
157477113667947	157477137097790	157477113533884
157477349285342	157477370510967	157477349129717
157477399591488	157477420525967	157477399461540
157477630935811	157477653936540	157477630803363
157477843504769	157477870664821	157477843346905
157478069621905	157478087405394	157478069483832
157478502107269	157478520900914	157478501968102
157484824335235	157484856841225	157484824178360
157485328172787	157485356959505	157485328052266
157485849085912	157485873775443	157485848946172
157485884362110	157485907115182	157485884225287
157486051229558	157486073825182	157486051068308
157487140380912	157487157248098	157487140299714
157487970127213	157487990798150	157487970004349
157487994333359	157488024139244	157487994230026
157488208052734	157488240869140	157488207902942
157488452027474	157488474246900	157488451807057
157488567659869	157488590928515	157488567553984
157489356720702	157489374366743	157489356607317
157489366139400	157489391034035	157489366056432
157490763236744	157490791388462	157490763103306
157491056391848	157491074766274	157491056224764
157491073685545	157491091439399	157491073560598
157491704083306	157491724930805	157491703957629
157492340282472	157492375079972	157492340151743
157493480542732	157493508733409	157493480353305
157493496286222	157493525405075	157493490916326
157494454178357	157494475820336	157494453995232
157495078057002	157495109413877	157495077870700
157495539367835	157495559605752	157495539199085
157495836464606	157495859701585	157495836320856
157498703775751	157498727707522	157498703598928
157498720872470	157498744377730	157498720742261
157499664589865	157499694753250	157499664471792
157500379950907	157500411716636	157500379784136
157500964800229	157500995338979	157500964663042
157511602732986	157511633536839	157511602415017
157512480335069	157512500478714	157512480203298
157514986443766	157515017728296	157514986291109
157515006115745	157515034397411	157514996966786
157515760937099	157515784576682	157515760779494
157516167292411	157516184631942	157516167153244
157516446280275	157516467956837	157516446156942
157518618162462	157518635304649	157518617931629
157518637617410	157518668656941	157518637500118
157520263720222	157520286138346	157520263581211
157521085160690	157521103034700	157521085014544
157521383787149	157521403086106	157521383613919
157522294305273	157522319967200	157522294156106
157524523504439	157524553902563	157524523349439
157524553382304	157524570578501	157524553244231
157525244480064	157525270782043	157525244356157
157526057088501	157526087705167	157526056794438
157526769164126	157526787982823	157526768986053

=== poll 1790130836.549488345
16666666
157439758409523	157439774613117	157439758298169
157440228128065	157440258162127	157440227984107
157440699833638	157440724974523	157440699685408
157442743528793	157442775410043	157442743403064
157443216895407	157443242178271	157443216766710
157444440409209	157444459445458	157444440272959
157444646595667	157444676175302	157444646469886
157444684226136	157444709510875	157444684088167
157444725688272	157444742848948	157444725564313
157444901026292	157444926212438	157444900873324
157445132783271	157445159631552	157445132667438
157445146629573	157445176307854	157445139937126
157445411715198	157445443064573	157445411616552
157447094539260	157447126984000	157447094412229
157447302231291	157447327066135	157447302109937
157447353832854	157447377081083	157447353643948
157447383697489	157447410425718	157447383559677
157447606058687	157447627192905	157447605908739
157447635525770	157447660536707	157447635415510
157448067064104	157448094041238	157448066959312
157448125395458	157448144060093	157448125238114
157448141042541	157448160732541	157448140964468
157448343242385	157448360805978	157448343084833
157448531493322	157448560896082	157448531366708
157452392072071	157452412455352	157452391885716
157452814071602	157452845911966	157452813953425
157454485383320	157454513076653	157454485275091
157455002135716	157455029924777	157455001961861
157455506601340	157455530047642	157455506416913
157455557893788	157455580070923	157455557774101
157455791287017	157455813487225	157455791109413
157456024794257	157456046908684	157456024679101
157456437283684	157456463715662	157456437166913
157456846168475	157456863886964	157456845981809
157457651728631	157457680809829	157457651610506
157458083512225	157458114335610	157458083385246
157459287884308	157459314806912	157459287756808
157459497692485	157459514911494	157459497561495
157459535440037	157459564941807	157459535301755
157459569702589	157459598287171	157459569581078
157459777070349	157459798353421	157459776958630
157460238293526	157460265112432	157460238162536
157460677435140	157460698450140	157460677307120
157460883417432	157460915168734	157460883288474
157461295738109	157461315258160	157461295605349
157462531100869	157462548736442	157462530978004
157462744778265	157462765485295	157462744650817
157462794015348	157462815501753	157462793871806
157463020951650	157463048910087	157463020823629
157463035721702	157463065582275	157463034936546
157463427514723	157463448957275	157463427379358
157463816121650	157463832380087	157463815916389
157468364627221	157468383263991	157468364491179
157468798579200	157468816653314	157468798486804
157470488420710	157470517058366	157470488290970
157470697553210	157470717172116	157470697424876
157470727443001	157470750529563	157470727317376
157470965407532	157470983989875	157470965269511
157470983452011	157471000668313	157470983329980
157471414770865	157471434167532	157471414644459
157471879839094	157471901051073	157471879797376
157472178773313	157472201192948	157472178619146
157472679565396	157472701414771	157472679462063
157474413642114	157474435697843	157474413525656
157474632049198	157474652469666	157474631895500
157474670643573	157474702509353	157474670502791
157474707189875	157474735863676	157474707077114
157474917533364	157474935961020	157474917386489
157475378670760	157475402889301	157475378541958
157475602758624	157475619720239	157475602629874
157475837587062	157475869858572	157475837465030
157477113667947	157477137097790	157477113533884
157477349285342	157477370510967	157477349129717
157477399591488	157477420525967	157477399461540
157477630935811	157477653936540	157477630803363
157477843504769	157477870664821	157477843346905
157478069621905	157478087405394	157478069483832
157478502107269	157478520900914	157478501968102
157484824335235	157484856841225	157484824178360
157485328172787	157485356959505	157485328052266
157485849085912	157485873775443	157485848946172
157485884362110	157485907115182	157485884225287
157486051229558	157486073825182	157486051068308
157487140380912	157487157248098	157487140299714
157487970127213	157487990798150	157487970004349
157487994333359	157488024139244	157487994230026
157488208052734	157488240869140	157488207902942
157488452027474	157488474246900	157488451807057
157488567659869	157488590928515	157488567553984
157489356720702	157489374366743	157489356607317
157489366139400	157489391034035	157489366056432
157490763236744	157490791388462	157490763103306
157491056391848	157491074766274	157491056224764
157491073685545	157491091439399	157491073560598
157491704083306	157491724930805	157491703957629
157492340282472	157492375079972	157492340151743
157493480542732	157493508733409	157493480353305
157493496286222	157493525405075	157493490916326
157494454178357	157494475820336	157494453995232
157495078057002	157495109413877	157495077870700
157495539367835	157495559605752	157495539199085
157495836464606	157495859701585	157495836320856
157498703775751	157498727707522	157498703598928
157498720872470	157498744377730	157498720742261
157499664589865	157499694753250	157499664471792
157500379950907	157500411716636	157500379784136
157500964800229	157500995338979	157500964663042
157511602732986	157511633536839	157511602415017
157512480335069	157512500478714	157512480203298
157514986443766	157515017728296	157514986291109
157515006115745	157515034397411	157514996966786
157515760937099	157515784576682	157515760779494
157516167292411	157516184631942	157516167153244
157516446280275	157516467956837	157516446156942
157518618162462	157518635304649	157518617931629
157518637617410	157518668656941	157518637500118
157520263720222	157520286138346	157520263581211
157521085160690	157521103034700	157521085014544
157521383787149	157521403086106	157521383613919
157522294305273	157522319967200	157522294156106
157524523504439	157524553902563	157524523349439
157524553382304	157524570578501	157524553244231
157525244480064	157525270782043	157525244356157
157526057088501	157526087705167	157526056794438
157526769164126	157526787982823	157526768986053
157538329733132	157538357740579	157538329544746
157539243584746	157539274707141	157539243433235

=== poll 1790130839.074059125
16666666
157442743528793	157442775410043	157442743403064
157443216895407	157443242178271	157443216766710
157444440409209	157444459445458	157444440272959
157444646595667	157444676175302	157444646469886
157444684226136	157444709510875	157444684088167
157444725688272	157444742848948	157444725564313
157444901026292	157444926212438	157444900873324
157445132783271	157445159631552	157445132667438
157445146629573	157445176307854	157445139937126
157445411715198	157445443064573	157445411616552
157447094539260	157447126984000	157447094412229
157447302231291	157447327066135	157447302109937
157447353832854	157447377081083	157447353643948
157447383697489	157447410425718	157447383559677
157447606058687	157447627192905	157447605908739
157447635525770	157447660536707	157447635415510
157448067064104	157448094041238	157448066959312
157448125395458	157448144060093	157448125238114
157448141042541	157448160732541	157448140964468
157448343242385	157448360805978	157448343084833
157448531493322	157448560896082	157448531366708
157452392072071	157452412455352	157452391885716
157452814071602	157452845911966	157452813953425
157454485383320	157454513076653	157454485275091
157455002135716	157455029924777	157455001961861
157455506601340	157455530047642	157455506416913
157455557893788	157455580070923	157455557774101
157455791287017	157455813487225	157455791109413
157456024794257	157456046908684	157456024679101
157456437283684	157456463715662	157456437166913
157456846168475	157456863886964	157456845981809
157457651728631	157457680809829	157457651610506
157458083512225	157458114335610	157458083385246
157459287884308	157459314806912	157459287756808
157459497692485	157459514911494	157459497561495
157459535440037	157459564941807	157459535301755
157459569702589	157459598287171	157459569581078
157459777070349	157459798353421	157459776958630
157460238293526	157460265112432	157460238162536
157460677435140	157460698450140	157460677307120
157460883417432	157460915168734	157460883288474
157461295738109	157461315258160	157461295605349
157462531100869	157462548736442	157462530978004
157462744778265	157462765485295	157462744650817
157462794015348	157462815501753	157462793871806
157463020951650	157463048910087	157463020823629
157463035721702	157463065582275	157463034936546
157463427514723	157463448957275	157463427379358
157463816121650	157463832380087	157463815916389
157468364627221	157468383263991	157468364491179
157468798579200	157468816653314	157468798486804
157470488420710	157470517058366	157470488290970
157470697553210	157470717172116	157470697424876
157470727443001	157470750529563	157470727317376
157470965407532	157470983989875	157470965269511
157470983452011	157471000668313	157470983329980
157471414770865	157471434167532	157471414644459
157471879839094	157471901051073	157471879797376
157472178773313	157472201192948	157472178619146
157472679565396	157472701414771	157472679462063
157474413642114	157474435697843	157474413525656
157474632049198	157474652469666	157474631895500
157474670643573	157474702509353	157474670502791
157474707189875	157474735863676	157474707077114
157474917533364	157474935961020	157474917386489
157475378670760	157475402889301	157475378541958
157475602758624	157475619720239	157475602629874
157475837587062	157475869858572	157475837465030
157477113667947	157477137097790	157477113533884
157477349285342	157477370510967	157477349129717
157477399591488	157477420525967	157477399461540
157477630935811	157477653936540	157477630803363
157477843504769	157477870664821	157477843346905
157478069621905	157478087405394	157478069483832
157478502107269	157478520900914	157478501968102
157484824335235	157484856841225	157484824178360
157485328172787	157485356959505	157485328052266
157485849085912	157485873775443	157485848946172
157485884362110	157485907115182	157485884225287
157486051229558	157486073825182	157486051068308
157487140380912	157487157248098	157487140299714
157487970127213	157487990798150	157487970004349
157487994333359	157488024139244	157487994230026
157488208052734	157488240869140	157488207902942
157488452027474	157488474246900	157488451807057
157488567659869	157488590928515	157488567553984
157489356720702	157489374366743	157489356607317
157489366139400	157489391034035	157489366056432
157490763236744	157490791388462	157490763103306
157491056391848	157491074766274	157491056224764
157491073685545	157491091439399	157491073560598
157491704083306	157491724930805	157491703957629
157492340282472	157492375079972	157492340151743
157493480542732	157493508733409	157493480353305
157493496286222	157493525405075	157493490916326
157494454178357	157494475820336	157494453995232
157495078057002	157495109413877	157495077870700
157495539367835	157495559605752	157495539199085
157495836464606	157495859701585	157495836320856
157498703775751	157498727707522	157498703598928
157498720872470	157498744377730	157498720742261
157499664589865	157499694753250	157499664471792
157500379950907	157500411716636	157500379784136
157500964800229	157500995338979	157500964663042
157511602732986	157511633536839	157511602415017
157512480335069	157512500478714	157512480203298
157514986443766	157515017728296	157514986291109
157515006115745	157515034397411	157514996966786
157515760937099	157515784576682	157515760779494
157516167292411	157516184631942	157516167153244
157516446280275	157516467956837	157516446156942
157518618162462	157518635304649	157518617931629
157518637617410	157518668656941	157518637500118
157520263720222	157520286138346	157520263581211
157521085160690	157521103034700	157521085014544
157521383787149	157521403086106	157521383613919
157522294305273	157522319967200	157522294156106
157524523504439	157524553902563	157524523349439
157524553382304	157524570578501	157524553244231
157525244480064	157525270782043	157525244356157
157526057088501	157526087705167	157526056794438
157526769164126	157526787982823	157526768986053
157538329733132	157538357740579	157538329544746
157539243584746	157539274707141	157539243433235
157541519453026	157541541988442	157541519285682
157541536200162	157541558662192	157541536084849
157542201945734	157542225579588	157542201784380

=== poll 1790130841.991743499
16666666
157444440409209	157444459445458	157444440272959
157444646595667	157444676175302	157444646469886
157444684226136	157444709510875	157444684088167
157444725688272	157444742848948	157444725564313
157444901026292	157444926212438	157444900873324
157445132783271	157445159631552	157445132667438
157445146629573	157445176307854	157445139937126
157445411715198	157445443064573	157445411616552
157447094539260	157447126984000	157447094412229
157447302231291	157447327066135	157447302109937
157447353832854	157447377081083	157447353643948
157447383697489	157447410425718	157447383559677
157447606058687	157447627192905	157447605908739
157447635525770	157447660536707	157447635415510
157448067064104	157448094041238	157448066959312
157448125395458	157448144060093	157448125238114
157448141042541	157448160732541	157448140964468
157448343242385	157448360805978	157448343084833
157448531493322	157448560896082	157448531366708
157452392072071	157452412455352	157452391885716
157452814071602	157452845911966	157452813953425
157454485383320	157454513076653	157454485275091
157455002135716	157455029924777	157455001961861
157455506601340	157455530047642	157455506416913
157455557893788	157455580070923	157455557774101
157455791287017	157455813487225	157455791109413
157456024794257	157456046908684	157456024679101
157456437283684	157456463715662	157456437166913
157456846168475	157456863886964	157456845981809
157457651728631	157457680809829	157457651610506
157458083512225	157458114335610	157458083385246
157459287884308	157459314806912	157459287756808
157459497692485	157459514911494	157459497561495
157459535440037	157459564941807	157459535301755
157459569702589	157459598287171	157459569581078
157459777070349	157459798353421	157459776958630
157460238293526	157460265112432	157460238162536
157460677435140	157460698450140	157460677307120
157460883417432	157460915168734	157460883288474
157461295738109	157461315258160	157461295605349
157462531100869	157462548736442	157462530978004
157462744778265	157462765485295	157462744650817
157462794015348	157462815501753	157462793871806
157463020951650	157463048910087	157463020823629
157463035721702	157463065582275	157463034936546
157463427514723	157463448957275	157463427379358
157463816121650	157463832380087	157463815916389
157468364627221	157468383263991	157468364491179
157468798579200	157468816653314	157468798486804
157470488420710	157470517058366	157470488290970
157470697553210	157470717172116	157470697424876
157470727443001	157470750529563	157470727317376
157470965407532	157470983989875	157470965269511
157470983452011	157471000668313	157470983329980
157471414770865	157471434167532	157471414644459
157471879839094	157471901051073	157471879797376
157472178773313	157472201192948	157472178619146
157472679565396	157472701414771	157472679462063
157474413642114	157474435697843	157474413525656
157474632049198	157474652469666	157474631895500
157474670643573	157474702509353	157474670502791
157474707189875	157474735863676	157474707077114
157474917533364	157474935961020	157474917386489
157475378670760	157475402889301	157475378541958
157475602758624	157475619720239	157475602629874
157475837587062	157475869858572	157475837465030
157477113667947	157477137097790	157477113533884
157477349285342	157477370510967	157477349129717
157477399591488	157477420525967	157477399461540
157477630935811	157477653936540	157477630803363
157477843504769	157477870664821	157477843346905
157478069621905	157478087405394	157478069483832
157478502107269	157478520900914	157478501968102
157484824335235	157484856841225	157484824178360
157485328172787	157485356959505	157485328052266
157485849085912	157485873775443	157485848946172
157485884362110	157485907115182	157485884225287
157486051229558	157486073825182	157486051068308
157487140380912	157487157248098	157487140299714
157487970127213	157487990798150	157487970004349
157487994333359	157488024139244	157487994230026
157488208052734	157488240869140	157488207902942
157488452027474	157488474246900	157488451807057
157488567659869	157488590928515	157488567553984
157489356720702	157489374366743	157489356607317
157489366139400	157489391034035	157489366056432
157490763236744	157490791388462	157490763103306
157491056391848	157491074766274	157491056224764
157491073685545	157491091439399	157491073560598
157491704083306	157491724930805	157491703957629
157492340282472	157492375079972	157492340151743
157493480542732	157493508733409	157493480353305
157493496286222	157493525405075	157493490916326
157494454178357	157494475820336	157494453995232
157495078057002	157495109413877	157495077870700
157495539367835	157495559605752	157495539199085
157495836464606	157495859701585	157495836320856
157498703775751	157498727707522	157498703598928
157498720872470	157498744377730	157498720742261
157499664589865	157499694753250	157499664471792
157500379950907	157500411716636	157500379784136
157500964800229	157500995338979	157500964663042
157511602732986	157511633536839	157511602415017
157512480335069	157512500478714	157512480203298
157514986443766	157515017728296	157514986291109
157515006115745	157515034397411	157514996966786
157515760937099	157515784576682	157515760779494
157516167292411	157516184631942	157516167153244
157516446280275	157516467956837	157516446156942
157518618162462	157518635304649	157518617931629
157518637617410	157518668656941	157518637500118
157520263720222	157520286138346	157520263581211
157521085160690	157521103034700	157521085014544
157521383787149	157521403086106	157521383613919
157522294305273	157522319967200	157522294156106
157524523504439	157524553902563	157524523349439
157524553382304	157524570578501	157524553244231
157525244480064	157525270782043	157525244356157
157526057088501	157526087705167	157526056794438
157526769164126	157526787982823	157526768986053
157538329733132	157538357740579	157538329544746
157539243584746	157539274707141	157539243433235
157541519453026	157541541988442	157541519285682
157541536200162	157541558662192	157541536084849
157542201945734	157542225579588	157542201784380
157542848951932	157542875919484	157542848709380
157543159088546	157543176036202	157543158960161

=== poll 1790130844.461433967
16666666
157444725688272	157444742848948	157444725564313
157444901026292	157444926212438	157444900873324
157445132783271	157445159631552	157445132667438
157445146629573	157445176307854	157445139937126
157445411715198	157445443064573	157445411616552
157447094539260	157447126984000	157447094412229
157447302231291	157447327066135	157447302109937
157447353832854	157447377081083	157447353643948
157447383697489	157447410425718	157447383559677
157447606058687	157447627192905	157447605908739
157447635525770	157447660536707	157447635415510
157448067064104	157448094041238	157448066959312
157448125395458	157448144060093	157448125238114
157448141042541	157448160732541	157448140964468
157448343242385	157448360805978	157448343084833
157448531493322	157448560896082	157448531366708
157452392072071	157452412455352	157452391885716
157452814071602	157452845911966	157452813953425
157454485383320	157454513076653	157454485275091
157455002135716	157455029924777	157455001961861
157455506601340	157455530047642	157455506416913
157455557893788	157455580070923	157455557774101
157455791287017	157455813487225	157455791109413
157456024794257	157456046908684	157456024679101
157456437283684	157456463715662	157456437166913
157456846168475	157456863886964	157456845981809
157457651728631	157457680809829	157457651610506
157458083512225	157458114335610	157458083385246
157459287884308	157459314806912	157459287756808
157459497692485	157459514911494	157459497561495
157459535440037	157459564941807	157459535301755
157459569702589	157459598287171	157459569581078
157459777070349	157459798353421	157459776958630
157460238293526	157460265112432	157460238162536
157460677435140	157460698450140	157460677307120
157460883417432	157460915168734	157460883288474
157461295738109	157461315258160	157461295605349
157462531100869	157462548736442	157462530978004
157462744778265	157462765485295	157462744650817
157462794015348	157462815501753	157462793871806
157463020951650	157463048910087	157463020823629
157463035721702	157463065582275	157463034936546
157463427514723	157463448957275	157463427379358
157463816121650	157463832380087	157463815916389
157468364627221	157468383263991	157468364491179
157468798579200	157468816653314	157468798486804
157470488420710	157470517058366	157470488290970
157470697553210	157470717172116	157470697424876
157470727443001	157470750529563	157470727317376
157470965407532	157470983989875	157470965269511
157470983452011	157471000668313	157470983329980
157471414770865	157471434167532	157471414644459
157471879839094	157471901051073	157471879797376
157472178773313	157472201192948	157472178619146
157472679565396	157472701414771	157472679462063
157474413642114	157474435697843	157474413525656
157474632049198	157474652469666	157474631895500
157474670643573	157474702509353	157474670502791
157474707189875	157474735863676	157474707077114
157474917533364	157474935961020	157474917386489
157475378670760	157475402889301	157475378541958
157475602758624	157475619720239	157475602629874
157475837587062	157475869858572	157475837465030
157477113667947	157477137097790	157477113533884
157477349285342	157477370510967	157477349129717
157477399591488	157477420525967	157477399461540
157477630935811	157477653936540	157477630803363
157477843504769	157477870664821	157477843346905
157478069621905	157478087405394	157478069483832
157478502107269	157478520900914	157478501968102
157484824335235	157484856841225	157484824178360
157485328172787	157485356959505	157485328052266
157485849085912	157485873775443	157485848946172
157485884362110	157485907115182	157485884225287
157486051229558	157486073825182	157486051068308
157487140380912	157487157248098	157487140299714
157487970127213	157487990798150	157487970004349
157487994333359	157488024139244	157487994230026
157488208052734	157488240869140	157488207902942
157488452027474	157488474246900	157488451807057
157488567659869	157488590928515	157488567553984
157489356720702	157489374366743	157489356607317
157489366139400	157489391034035	157489366056432
157490763236744	157490791388462	157490763103306
157491056391848	157491074766274	157491056224764
157491073685545	157491091439399	157491073560598
157491704083306	157491724930805	157491703957629
157492340282472	157492375079972	157492340151743
157493480542732	157493508733409	157493480353305
157493496286222	157493525405075	157493490916326
157494454178357	157494475820336	157494453995232
157495078057002	157495109413877	157495077870700
157495539367835	157495559605752	157495539199085
157495836464606	157495859701585	157495836320856
157498703775751	157498727707522	157498703598928
157498720872470	157498744377730	157498720742261
157499664589865	157499694753250	157499664471792
157500379950907	157500411716636	157500379784136
157500964800229	157500995338979	157500964663042
157511602732986	157511633536839	157511602415017
157512480335069	157512500478714	157512480203298
157514986443766	157515017728296	157514986291109
157515006115745	157515034397411	157514996966786
157515760937099	157515784576682	157515760779494
157516167292411	157516184631942	157516167153244
157516446280275	157516467956837	157516446156942
157518618162462	157518635304649	157518617931629
157518637617410	157518668656941	157518637500118
157520263720222	157520286138346	157520263581211
157521085160690	157521103034700	157521085014544
157521383787149	157521403086106	157521383613919
157522294305273	157522319967200	157522294156106
157524523504439	157524553902563	157524523349439
157524553382304	157524570578501	157524553244231
157525244480064	157525270782043	157525244356157
157526057088501	157526087705167	157526056794438
157526769164126	157526787982823	157526768986053
157538329733132	157538357740579	157538329544746
157539243584746	157539274707141	157539243433235
157541519453026	157541541988442	157541519285682
157541536200162	157541558662192	157541536084849
157542201945734	157542225579588	157542201784380
157542848951932	157542875919484	157542848709380
157543159088546	157543176036202	157543158960161
157545410668702	157545442974586	157545410517139
157545431193806	157545459644535	157545428690889
157546816222399	157546843228285	157546816080055

=== poll 1790130846.952519695
16666666
157445146629573	157445176307854	157445139937126
157445411715198	157445443064573	157445411616552
157447094539260	157447126984000	157447094412229
157447302231291	157447327066135	157447302109937
157447353832854	157447377081083	157447353643948
157447383697489	157447410425718	157447383559677
157447606058687	157447627192905	157447605908739
157447635525770	157447660536707	157447635415510
157448067064104	157448094041238	157448066959312
157448125395458	157448144060093	157448125238114
157448141042541	157448160732541	157448140964468
157448343242385	157448360805978	157448343084833
157448531493322	157448560896082	157448531366708
157452392072071	157452412455352	157452391885716
157452814071602	157452845911966	157452813953425
157454485383320	157454513076653	157454485275091
157455002135716	157455029924777	157455001961861
157455506601340	157455530047642	157455506416913
157455557893788	157455580070923	157455557774101
157455791287017	157455813487225	157455791109413
157456024794257	157456046908684	157456024679101
157456437283684	157456463715662	157456437166913
157456846168475	157456863886964	157456845981809
157457651728631	157457680809829	157457651610506
157458083512225	157458114335610	157458083385246
157459287884308	157459314806912	157459287756808
157459497692485	157459514911494	157459497561495
157459535440037	157459564941807	157459535301755
157459569702589	157459598287171	157459569581078
157459777070349	157459798353421	157459776958630
157460238293526	157460265112432	157460238162536
157460677435140	157460698450140	157460677307120
157460883417432	157460915168734	157460883288474
157461295738109	157461315258160	157461295605349
157462531100869	157462548736442	157462530978004
157462744778265	157462765485295	157462744650817
157462794015348	157462815501753	157462793871806
157463020951650	157463048910087	157463020823629
157463035721702	157463065582275	157463034936546
157463427514723	157463448957275	157463427379358
157463816121650	157463832380087	157463815916389
157468364627221	157468383263991	157468364491179
157468798579200	157468816653314	157468798486804
157470488420710	157470517058366	157470488290970
157470697553210	157470717172116	157470697424876
157470727443001	157470750529563	157470727317376
157470965407532	157470983989875	157470965269511
157470983452011	157471000668313	157470983329980
157471414770865	157471434167532	157471414644459
157471879839094	157471901051073	157471879797376
157472178773313	157472201192948	157472178619146
157472679565396	157472701414771	157472679462063
157474413642114	157474435697843	157474413525656
157474632049198	157474652469666	157474631895500
157474670643573	157474702509353	157474670502791
157474707189875	157474735863676	157474707077114
157474917533364	157474935961020	157474917386489
157475378670760	157475402889301	157475378541958
157475602758624	157475619720239	157475602629874
157475837587062	157475869858572	157475837465030
157477113667947	157477137097790	157477113533884
157477349285342	157477370510967	157477349129717
157477399591488	157477420525967	157477399461540
157477630935811	157477653936540	157477630803363
157477843504769	157477870664821	157477843346905
157478069621905	157478087405394	157478069483832
157478502107269	157478520900914	157478501968102
157484824335235	157484856841225	157484824178360
157485328172787	157485356959505	157485328052266
157485849085912	157485873775443	157485848946172
157485884362110	157485907115182	157485884225287
157486051229558	157486073825182	157486051068308
157487140380912	157487157248098	157487140299714
157487970127213	157487990798150	157487970004349
157487994333359	157488024139244	157487994230026
157488208052734	157488240869140	157488207902942
157488452027474	157488474246900	157488451807057
157488567659869	157488590928515	157488567553984
157489356720702	157489374366743	157489356607317
157489366139400	157489391034035	157489366056432
157490763236744	157490791388462	157490763103306
157491056391848	157491074766274	157491056224764
157491073685545	157491091439399	157491073560598
157491704083306	157491724930805	157491703957629
157492340282472	157492375079972	157492340151743
157493480542732	157493508733409	157493480353305
157493496286222	157493525405075	157493490916326
157494454178357	157494475820336	157494453995232
157495078057002	157495109413877	157495077870700
157495539367835	157495559605752	157495539199085
157495836464606	157495859701585	157495836320856
157498703775751	157498727707522	157498703598928
157498720872470	157498744377730	157498720742261
157499664589865	157499694753250	157499664471792
157500379950907	157500411716636	157500379784136
157500964800229	157500995338979	157500964663042
157511602732986	157511633536839	157511602415017
157512480335069	157512500478714	157512480203298
157514986443766	157515017728296	157514986291109
157515006115745	157515034397411	157514996966786
157515760937099	157515784576682	157515760779494
157516167292411	157516184631942	157516167153244
157516446280275	157516467956837	157516446156942
157518618162462	157518635304649	157518617931629
157518637617410	157518668656941	157518637500118
157520263720222	157520286138346	157520263581211
157521085160690	157521103034700	157521085014544
157521383787149	157521403086106	157521383613919
157522294305273	157522319967200	157522294156106
157524523504439	157524553902563	157524523349439
157524553382304	157524570578501	157524553244231
157525244480064	157525270782043	157525244356157
157526057088501	157526087705167	157526056794438
157526769164126	157526787982823	157526768986053
157538329733132	157538357740579	157538329544746
157539243584746	157539274707141	157539243433235
157541519453026	157541541988442	157541519285682
157541536200162	157541558662192	157541536084849
157542201945734	157542225579588	157542201784380
157542848951932	157542875919484	157542848709380
157543159088546	157543176036202	157543158960161
157545410668702	157545442974586	157545410517139
157545431193806	157545459644535	157545428690889
157546816222399	157546843228285	157546816080055
157547791679430	157547809926930	157547791536409
157548118102347	157548143319794	157548117955159
157548602598649	157548626657763	157548602461930

=== poll 1790130849.463249746
16666666
157447353832854	157447377081083	157447353643948
157447383697489	157447410425718	157447383559677
157447606058687	157447627192905	157447605908739
157447635525770	157447660536707	157447635415510
157448067064104	157448094041238	157448066959312
157448125395458	157448144060093	157448125238114
157448141042541	157448160732541	157448140964468
157448343242385	157448360805978	157448343084833
157448531493322	157448560896082	157448531366708
157452392072071	157452412455352	157452391885716
157452814071602	157452845911966	157452813953425
157454485383320	157454513076653	157454485275091
157455002135716	157455029924777	157455001961861
157455506601340	157455530047642	157455506416913
157455557893788	157455580070923	157455557774101
157455791287017	157455813487225	157455791109413
157456024794257	157456046908684	157456024679101
157456437283684	157456463715662	157456437166913
157456846168475	157456863886964	157456845981809
157457651728631	157457680809829	157457651610506
157458083512225	157458114335610	157458083385246
157459287884308	157459314806912	157459287756808
157459497692485	157459514911494	157459497561495
157459535440037	157459564941807	157459535301755
157459569702589	157459598287171	157459569581078
157459777070349	157459798353421	157459776958630
157460238293526	157460265112432	157460238162536
157460677435140	157460698450140	157460677307120
157460883417432	157460915168734	157460883288474
157461295738109	157461315258160	157461295605349
157462531100869	157462548736442	157462530978004
157462744778265	157462765485295	157462744650817
157462794015348	157462815501753	157462793871806
157463020951650	157463048910087	157463020823629
157463035721702	157463065582275	157463034936546
157463427514723	157463448957275	157463427379358
157463816121650	157463832380087	157463815916389
157468364627221	157468383263991	157468364491179
157468798579200	157468816653314	157468798486804
157470488420710	157470517058366	157470488290970
157470697553210	157470717172116	157470697424876
157470727443001	157470750529563	157470727317376
157470965407532	157470983989875	157470965269511
157470983452011	157471000668313	157470983329980
157471414770865	157471434167532	157471414644459
157471879839094	157471901051073	157471879797376
157472178773313	157472201192948	157472178619146
157472679565396	157472701414771	157472679462063
157474413642114	157474435697843	157474413525656
157474632049198	157474652469666	157474631895500
157474670643573	157474702509353	157474670502791
157474707189875	157474735863676	157474707077114
157474917533364	157474935961020	157474917386489
157475378670760	157475402889301	157475378541958
157475602758624	157475619720239	157475602629874
157475837587062	157475869858572	157475837465030
157477113667947	157477137097790	157477113533884
157477349285342	157477370510967	157477349129717
157477399591488	157477420525967	157477399461540
157477630935811	157477653936540	157477630803363
157477843504769	157477870664821	157477843346905
157478069621905	157478087405394	157478069483832
157478502107269	157478520900914	157478501968102
157484824335235	157484856841225	157484824178360
157485328172787	157485356959505	157485328052266
157485849085912	157485873775443	157485848946172
157485884362110	157485907115182	157485884225287
157486051229558	157486073825182	157486051068308
157487140380912	157487157248098	157487140299714
157487970127213	157487990798150	157487970004349
157487994333359	157488024139244	157487994230026
157488208052734	157488240869140	157488207902942
157488452027474	157488474246900	157488451807057
157488567659869	157488590928515	157488567553984
157489356720702	157489374366743	157489356607317
157489366139400	157489391034035	157489366056432
157490763236744	157490791388462	157490763103306
157491056391848	157491074766274	157491056224764
157491073685545	157491091439399	157491073560598
157491704083306	157491724930805	157491703957629
157492340282472	157492375079972	157492340151743
157493480542732	157493508733409	157493480353305
157493496286222	157493525405075	157493490916326
157494454178357	157494475820336	157494453995232
157495078057002	157495109413877	157495077870700
157495539367835	157495559605752	157495539199085
157495836464606	157495859701585	157495836320856
157498703775751	157498727707522	157498703598928
157498720872470	157498744377730	157498720742261
157499664589865	157499694753250	157499664471792
157500379950907	157500411716636	157500379784136
157500964800229	157500995338979	157500964663042
157511602732986	157511633536839	157511602415017
157512480335069	157512500478714	157512480203298
157514986443766	157515017728296	157514986291109
157515006115745	157515034397411	157514996966786
157515760937099	157515784576682	157515760779494
157516167292411	157516184631942	157516167153244
157516446280275	157516467956837	157516446156942
157518618162462	157518635304649	157518617931629
157518637617410	157518668656941	157518637500118
157520263720222	157520286138346	157520263581211
157521085160690	157521103034700	157521085014544
157521383787149	157521403086106	157521383613919
157522294305273	157522319967200	157522294156106
157524523504439	157524553902563	157524523349439
157524553382304	157524570578501	157524553244231
157525244480064	157525270782043	157525244356157
157526057088501	157526087705167	157526056794438
157526769164126	157526787982823	157526768986053
157538329733132	157538357740579	157538329544746
157539243584746	157539274707141	157539243433235
157541519453026	157541541988442	157541519285682
157541536200162	157541558662192	157541536084849
157542201945734	157542225579588	157542201784380
157542848951932	157542875919484	157542848709380
157543159088546	157543176036202	157543158960161
157545410668702	157545442974586	157545410517139
157545431193806	157545459644535	157545428690889
157546816222399	157546843228285	157546816080055
157547791679430	157547809926930	157547791536409
157548118102347	157548143319794	157548117955159
157548602598649	157548626657763	157548602461930
157550990176148	157551010092345	157550989981148
157551008514533	157551026762605	157551008391825
157551666106720	157551693381668	157551665955054
157552576783074	157552593420991	157552576568803

=== poll 1790130851.880762193
16666666
157447383697489	157447410425718	157447383559677
157447606058687	157447627192905	157447605908739
157447635525770	157447660536707	157447635415510
157448067064104	157448094041238	157448066959312
157448125395458	157448144060093	157448125238114
157448141042541	157448160732541	157448140964468
157448343242385	157448360805978	157448343084833
157448531493322	157448560896082	157448531366708
157452392072071	157452412455352	157452391885716
157452814071602	157452845911966	157452813953425
157454485383320	157454513076653	157454485275091
157455002135716	157455029924777	157455001961861
157455506601340	157455530047642	157455506416913
157455557893788	157455580070923	157455557774101
157455791287017	157455813487225	157455791109413
157456024794257	157456046908684	157456024679101
157456437283684	157456463715662	157456437166913
157456846168475	157456863886964	157456845981809
157457651728631	157457680809829	157457651610506
157458083512225	157458114335610	157458083385246
157459287884308	157459314806912	157459287756808
157459497692485	157459514911494	157459497561495
157459535440037	157459564941807	157459535301755
157459569702589	157459598287171	157459569581078
157459777070349	157459798353421	157459776958630
157460238293526	157460265112432	157460238162536
157460677435140	157460698450140	157460677307120
157460883417432	157460915168734	157460883288474
157461295738109	157461315258160	157461295605349
157462531100869	157462548736442	157462530978004
157462744778265	157462765485295	157462744650817
157462794015348	157462815501753	157462793871806
157463020951650	157463048910087	157463020823629
157463035721702	157463065582275	157463034936546
157463427514723	157463448957275	157463427379358
157463816121650	157463832380087	157463815916389
157468364627221	157468383263991	157468364491179
157468798579200	157468816653314	157468798486804
157470488420710	157470517058366	157470488290970
157470697553210	157470717172116	157470697424876
157470727443001	157470750529563	157470727317376
157470965407532	157470983989875	157470965269511
157470983452011	157471000668313	157470983329980
157471414770865	157471434167532	157471414644459
157471879839094	157471901051073	157471879797376
157472178773313	157472201192948	157472178619146
157472679565396	157472701414771	157472679462063
157474413642114	157474435697843	157474413525656
157474632049198	157474652469666	157474631895500
157474670643573	157474702509353	157474670502791
157474707189875	157474735863676	157474707077114
157474917533364	157474935961020	157474917386489
157475378670760	157475402889301	157475378541958
157475602758624	157475619720239	157475602629874
157475837587062	157475869858572	157475837465030
157477113667947	157477137097790	157477113533884
157477349285342	157477370510967	157477349129717
157477399591488	157477420525967	157477399461540
157477630935811	157477653936540	157477630803363
157477843504769	157477870664821	157477843346905
157478069621905	157478087405394	157478069483832
157478502107269	157478520900914	157478501968102
157484824335235	157484856841225	157484824178360
157485328172787	157485356959505	157485328052266
157485849085912	157485873775443	157485848946172
157485884362110	157485907115182	157485884225287
157486051229558	157486073825182	157486051068308
157487140380912	157487157248098	157487140299714
157487970127213	157487990798150	157487970004349
157487994333359	157488024139244	157487994230026
157488208052734	157488240869140	157488207902942
157488452027474	157488474246900	157488451807057
157488567659869	157488590928515	157488567553984
157489356720702	157489374366743	157489356607317
157489366139400	157489391034035	157489366056432
157490763236744	157490791388462	157490763103306
157491056391848	157491074766274	157491056224764
157491073685545	157491091439399	157491073560598
157491704083306	157491724930805	157491703957629
157492340282472	157492375079972	157492340151743
157493480542732	157493508733409	157493480353305
157493496286222	157493525405075	157493490916326
157494454178357	157494475820336	157494453995232
157495078057002	157495109413877	157495077870700
157495539367835	157495559605752	157495539199085
157495836464606	157495859701585	157495836320856
157498703775751	157498727707522	157498703598928
157498720872470	157498744377730	157498720742261
157499664589865	157499694753250	157499664471792
157500379950907	157500411716636	157500379784136
157500964800229	157500995338979	157500964663042
157511602732986	157511633536839	157511602415017
157512480335069	157512500478714	157512480203298
157514986443766	157515017728296	157514986291109
157515006115745	157515034397411	157514996966786
157515760937099	157515784576682	157515760779494
157516167292411	157516184631942	157516167153244
157516446280275	157516467956837	157516446156942
157518618162462	157518635304649	157518617931629
157518637617410	157518668656941	157518637500118
157520263720222	157520286138346	157520263581211
157521085160690	157521103034700	157521085014544
157521383787149	157521403086106	157521383613919
157522294305273	157522319967200	157522294156106
157524523504439	157524553902563	157524523349439
157524553382304	157524570578501	157524553244231
157525244480064	157525270782043	157525244356157
157526057088501	157526087705167	157526056794438
157526769164126	157526787982823	157526768986053
157538329733132	157538357740579	157538329544746
157539243584746	157539274707141	157539243433235
157541519453026	157541541988442	157541519285682
157541536200162	157541558662192	157541536084849
157542201945734	157542225579588	157542201784380
157542848951932	157542875919484	157542848709380
157543159088546	157543176036202	157543158960161
157545410668702	157545442974586	157545410517139
157545431193806	157545459644535	157545428690889
157546816222399	157546843228285	157546816080055
157547791679430	157547809926930	157547791536409
157548118102347	157548143319794	157548117955159
157548602598649	157548626657763	157548602461930
157550990176148	157551010092345	157550989981148
157551008514533	157551026762605	157551008391825
157551666106720	157551693381668	157551665955054
157552576783074	157552593420991	157552576568803
157553312753178	157553343667552	157553312605991

=== poll 1790130854.362174171
16666666
157447383697489	157447410425718	157447383559677
157447606058687	157447627192905	157447605908739
157447635525770	157447660536707	157447635415510
157448067064104	157448094041238	157448066959312
157448125395458	157448144060093	157448125238114
157448141042541	157448160732541	157448140964468
157448343242385	157448360805978	157448343084833
157448531493322	157448560896082	157448531366708
157452392072071	157452412455352	157452391885716
157452814071602	157452845911966	157452813953425
157454485383320	157454513076653	157454485275091
157455002135716	157455029924777	157455001961861
157455506601340	157455530047642	157455506416913
157455557893788	157455580070923	157455557774101
157455791287017	157455813487225	157455791109413
157456024794257	157456046908684	157456024679101
157456437283684	157456463715662	157456437166913
157456846168475	157456863886964	157456845981809
157457651728631	157457680809829	157457651610506
157458083512225	157458114335610	157458083385246
157459287884308	157459314806912	157459287756808
157459497692485	157459514911494	157459497561495
157459535440037	157459564941807	157459535301755
157459569702589	157459598287171	157459569581078
157459777070349	157459798353421	157459776958630
157460238293526	157460265112432	157460238162536
157460677435140	157460698450140	157460677307120
157460883417432	157460915168734	157460883288474
157461295738109	157461315258160	157461295605349
157462531100869	157462548736442	157462530978004
157462744778265	157462765485295	157462744650817
157462794015348	157462815501753	157462793871806
157463020951650	157463048910087	157463020823629
157463035721702	157463065582275	157463034936546
157463427514723	157463448957275	157463427379358
157463816121650	157463832380087	157463815916389
157468364627221	157468383263991	157468364491179
157468798579200	157468816653314	157468798486804
157470488420710	157470517058366	157470488290970
157470697553210	157470717172116	157470697424876
157470727443001	157470750529563	157470727317376
157470965407532	157470983989875	157470965269511
157470983452011	157471000668313	157470983329980
157471414770865	157471434167532	157471414644459
157471879839094	157471901051073	157471879797376
157472178773313	157472201192948	157472178619146
157472679565396	157472701414771	157472679462063
157474413642114	157474435697843	157474413525656
157474632049198	157474652469666	157474631895500
157474670643573	157474702509353	157474670502791
157474707189875	157474735863676	157474707077114
157474917533364	157474935961020	157474917386489
157475378670760	157475402889301	157475378541958
157475602758624	157475619720239	157475602629874
157475837587062	157475869858572	157475837465030
157477113667947	157477137097790	157477113533884
157477349285342	157477370510967	157477349129717
157477399591488	157477420525967	157477399461540
157477630935811	157477653936540	157477630803363
157477843504769	157477870664821	157477843346905
157478069621905	157478087405394	157478069483832
157478502107269	157478520900914	157478501968102
157484824335235	157484856841225	157484824178360
157485328172787	157485356959505	157485328052266
157485849085912	157485873775443	157485848946172
157485884362110	157485907115182	157485884225287
157486051229558	157486073825182	157486051068308
157487140380912	157487157248098	157487140299714
157487970127213	157487990798150	157487970004349
157487994333359	157488024139244	157487994230026
157488208052734	157488240869140	157488207902942
157488452027474	157488474246900	157488451807057
157488567659869	157488590928515	157488567553984
157489356720702	157489374366743	157489356607317
157489366139400	157489391034035	157489366056432
157490763236744	157490791388462	157490763103306
157491056391848	157491074766274	157491056224764
157491073685545	157491091439399	157491073560598
157491704083306	157491724930805	157491703957629
157492340282472	157492375079972	157492340151743
157493480542732	157493508733409	157493480353305
157493496286222	157493525405075	157493490916326
157494454178357	157494475820336	157494453995232
157495078057002	157495109413877	157495077870700
157495539367835	157495559605752	157495539199085
157495836464606	157495859701585	157495836320856
157498703775751	157498727707522	157498703598928
157498720872470	157498744377730	157498720742261
157499664589865	157499694753250	157499664471792
157500379950907	157500411716636	157500379784136
157500964800229	157500995338979	157500964663042
157511602732986	157511633536839	157511602415017
157512480335069	157512500478714	157512480203298
157514986443766	157515017728296	157514986291109
157515006115745	157515034397411	157514996966786
157515760937099	157515784576682	157515760779494
157516167292411	157516184631942	157516167153244
157516446280275	157516467956837	157516446156942
157518618162462	157518635304649	157518617931629
157518637617410	157518668656941	157518637500118
157520263720222	157520286138346	157520263581211
157521085160690	157521103034700	157521085014544
157521383787149	157521403086106	157521383613919
157522294305273	157522319967200	157522294156106
157524523504439	157524553902563	157524523349439
157524553382304	157524570578501	157524553244231
157525244480064	157525270782043	157525244356157
157526057088501	157526087705167	157526056794438
157526769164126	157526787982823	157526768986053
157538329733132	157538357740579	157538329544746
157539243584746	157539274707141	157539243433235
157541519453026	157541541988442	157541519285682
157541536200162	157541558662192	157541536084849
157542201945734	157542225579588	157542201784380
157542848951932	157542875919484	157542848709380
157543159088546	157543176036202	157543158960161
157545410668702	157545442974586	157545410517139
157545431193806	157545459644535	157545428690889
157546816222399	157546843228285	157546816080055
157547791679430	157547809926930	157547791536409
157548118102347	157548143319794	157548117955159
157548602598649	157548626657763	157548602461930
157550990176148	157551010092345	157550989981148
157551008514533	157551026762605	157551008391825
157551666106720	157551693381668	157551665955054
157552576783074	157552593420991	157552576568803
157553312753178	157553343667552	157553312605991

=== poll 1790130856.849297660
16666666
157447383697489	157447410425718	157447383559677
157447606058687	157447627192905	157447605908739
157447635525770	157447660536707	157447635415510
157448067064104	157448094041238	157448066959312
157448125395458	157448144060093	157448125238114
157448141042541	157448160732541	157448140964468
157448343242385	157448360805978	157448343084833
157448531493322	157448560896082	157448531366708
157452392072071	157452412455352	157452391885716
157452814071602	157452845911966	157452813953425
157454485383320	157454513076653	157454485275091
157455002135716	157455029924777	157455001961861
157455506601340	157455530047642	157455506416913
157455557893788	157455580070923	157455557774101
157455791287017	157455813487225	157455791109413
157456024794257	157456046908684	157456024679101
157456437283684	157456463715662	157456437166913
157456846168475	157456863886964	157456845981809
157457651728631	157457680809829	157457651610506
157458083512225	157458114335610	157458083385246
157459287884308	157459314806912	157459287756808
157459497692485	157459514911494	157459497561495
157459535440037	157459564941807	157459535301755
157459569702589	157459598287171	157459569581078
157459777070349	157459798353421	157459776958630
157460238293526	157460265112432	157460238162536
157460677435140	157460698450140	157460677307120
157460883417432	157460915168734	157460883288474
157461295738109	157461315258160	157461295605349
157462531100869	157462548736442	157462530978004
157462744778265	157462765485295	157462744650817
157462794015348	157462815501753	157462793871806
157463020951650	157463048910087	157463020823629
157463035721702	157463065582275	157463034936546
157463427514723	157463448957275	157463427379358
157463816121650	157463832380087	157463815916389
157468364627221	157468383263991	157468364491179
157468798579200	157468816653314	157468798486804
157470488420710	157470517058366	157470488290970
157470697553210	157470717172116	157470697424876
157470727443001	157470750529563	157470727317376
157470965407532	157470983989875	157470965269511
157470983452011	157471000668313	157470983329980
157471414770865	157471434167532	157471414644459
157471879839094	157471901051073	157471879797376
157472178773313	157472201192948	157472178619146
157472679565396	157472701414771	157472679462063
157474413642114	157474435697843	157474413525656
157474632049198	157474652469666	157474631895500
157474670643573	157474702509353	157474670502791
157474707189875	157474735863676	157474707077114
157474917533364	157474935961020	157474917386489
157475378670760	157475402889301	157475378541958
157475602758624	157475619720239	157475602629874
157475837587062	157475869858572	157475837465030
157477113667947	157477137097790	157477113533884
157477349285342	157477370510967	157477349129717
157477399591488	157477420525967	157477399461540
157477630935811	157477653936540	157477630803363
157477843504769	157477870664821	157477843346905
157478069621905	157478087405394	157478069483832
157478502107269	157478520900914	157478501968102
157484824335235	157484856841225	157484824178360
157485328172787	157485356959505	157485328052266
157485849085912	157485873775443	157485848946172
157485884362110	157485907115182	157485884225287
157486051229558	157486073825182	157486051068308
157487140380912	157487157248098	157487140299714
157487970127213	157487990798150	157487970004349
157487994333359	157488024139244	157487994230026
157488208052734	157488240869140	157488207902942
157488452027474	157488474246900	157488451807057
157488567659869	157488590928515	157488567553984
157489356720702	157489374366743	157489356607317
157489366139400	157489391034035	157489366056432
157490763236744	157490791388462	157490763103306
157491056391848	157491074766274	157491056224764
157491073685545	157491091439399	157491073560598
157491704083306	157491724930805	157491703957629
157492340282472	157492375079972	157492340151743
157493480542732	157493508733409	157493480353305
157493496286222	157493525405075	157493490916326
157494454178357	157494475820336	157494453995232
157495078057002	157495109413877	157495077870700
157495539367835	157495559605752	157495539199085
157495836464606	157495859701585	157495836320856
157498703775751	157498727707522	157498703598928
157498720872470	157498744377730	157498720742261
157499664589865	157499694753250	157499664471792
157500379950907	157500411716636	157500379784136
157500964800229	157500995338979	157500964663042
157511602732986	157511633536839	157511602415017
157512480335069	157512500478714	157512480203298
157514986443766	157515017728296	157514986291109
157515006115745	157515034397411	157514996966786
157515760937099	157515784576682	157515760779494
157516167292411	157516184631942	157516167153244
157516446280275	157516467956837	157516446156942
157518618162462	157518635304649	157518617931629
157518637617410	157518668656941	157518637500118
157520263720222	157520286138346	157520263581211
157521085160690	157521103034700	157521085014544
157521383787149	157521403086106	157521383613919
157522294305273	157522319967200	157522294156106
157524523504439	157524553902563	157524523349439
157524553382304	157524570578501	157524553244231
157525244480064	157525270782043	157525244356157
157526057088501	157526087705167	157526056794438
157526769164126	157526787982823	157526768986053
157538329733132	157538357740579	157538329544746
157539243584746	157539274707141	157539243433235
157541519453026	157541541988442	157541519285682
157541536200162	157541558662192	157541536084849
157542201945734	157542225579588	157542201784380
157542848951932	157542875919484	157542848709380
157543159088546	157543176036202	157543158960161
157545410668702	157545442974586	157545410517139
157545431193806	157545459644535	157545428690889
157546816222399	157546843228285	157546816080055
157547791679430	157547809926930	157547791536409
157548118102347	157548143319794	157548117955159
157548602598649	157548626657763	157548602461930
157550990176148	157551010092345	157550989981148
157551008514533	157551026762605	157551008391825
157551666106720	157551693381668	157551665955054
157552576783074	157552593420991	157552576568803
157553312753178	157553343667552	157553312605991

=== poll 1790130859.340837450
16666666
157447383697489	157447410425718	157447383559677
157447606058687	157447627192905	157447605908739
157447635525770	157447660536707	157447635415510
157448067064104	157448094041238	157448066959312
157448125395458	157448144060093	157448125238114
157448141042541	157448160732541	157448140964468
157448343242385	157448360805978	157448343084833
157448531493322	157448560896082	157448531366708
157452392072071	157452412455352	157452391885716
157452814071602	157452845911966	157452813953425
157454485383320	157454513076653	157454485275091
157455002135716	157455029924777	157455001961861
157455506601340	157455530047642	157455506416913
157455557893788	157455580070923	157455557774101
157455791287017	157455813487225	157455791109413
157456024794257	157456046908684	157456024679101
157456437283684	157456463715662	157456437166913
157456846168475	157456863886964	157456845981809
157457651728631	157457680809829	157457651610506
157458083512225	157458114335610	157458083385246
157459287884308	157459314806912	157459287756808
157459497692485	157459514911494	157459497561495
157459535440037	157459564941807	157459535301755
157459569702589	157459598287171	157459569581078
157459777070349	157459798353421	157459776958630
157460238293526	157460265112432	157460238162536
157460677435140	157460698450140	157460677307120
157460883417432	157460915168734	157460883288474
157461295738109	157461315258160	157461295605349
157462531100869	157462548736442	157462530978004
157462744778265	157462765485295	157462744650817
157462794015348	157462815501753	157462793871806
157463020951650	157463048910087	157463020823629
157463035721702	157463065582275	157463034936546
157463427514723	157463448957275	157463427379358
157463816121650	157463832380087	157463815916389
157468364627221	157468383263991	157468364491179
157468798579200	157468816653314	157468798486804
157470488420710	157470517058366	157470488290970
157470697553210	157470717172116	157470697424876
157470727443001	157470750529563	157470727317376
157470965407532	157470983989875	157470965269511
157470983452011	157471000668313	157470983329980
157471414770865	157471434167532	157471414644459
157471879839094	157471901051073	157471879797376
157472178773313	157472201192948	157472178619146
157472679565396	157472701414771	157472679462063
157474413642114	157474435697843	157474413525656
157474632049198	157474652469666	157474631895500
157474670643573	157474702509353	157474670502791
157474707189875	157474735863676	157474707077114
157474917533364	157474935961020	157474917386489
157475378670760	157475402889301	157475378541958
157475602758624	157475619720239	157475602629874
157475837587062	157475869858572	157475837465030
157477113667947	157477137097790	157477113533884
157477349285342	157477370510967	157477349129717
157477399591488	157477420525967	157477399461540
157477630935811	157477653936540	157477630803363
157477843504769	157477870664821	157477843346905
157478069621905	157478087405394	157478069483832
157478502107269	157478520900914	157478501968102
157484824335235	157484856841225	157484824178360
157485328172787	157485356959505	157485328052266
157485849085912	157485873775443	157485848946172
157485884362110	157485907115182	157485884225287
157486051229558	157486073825182	157486051068308
157487140380912	157487157248098	157487140299714
157487970127213	157487990798150	157487970004349
157487994333359	157488024139244	157487994230026
157488208052734	157488240869140	157488207902942
157488452027474	157488474246900	157488451807057
157488567659869	157488590928515	157488567553984
157489356720702	157489374366743	157489356607317
157489366139400	157489391034035	157489366056432
157490763236744	157490791388462	157490763103306
157491056391848	157491074766274	157491056224764
157491073685545	157491091439399	157491073560598
157491704083306	157491724930805	157491703957629
157492340282472	157492375079972	157492340151743
157493480542732	157493508733409	157493480353305
157493496286222	157493525405075	157493490916326
157494454178357	157494475820336	157494453995232
157495078057002	157495109413877	157495077870700
157495539367835	157495559605752	157495539199085
157495836464606	157495859701585	157495836320856
157498703775751	157498727707522	157498703598928
157498720872470	157498744377730	157498720742261
157499664589865	157499694753250	157499664471792
157500379950907	157500411716636	157500379784136
157500964800229	157500995338979	157500964663042
157511602732986	157511633536839	157511602415017
157512480335069	157512500478714	157512480203298
157514986443766	157515017728296	157514986291109
157515006115745	157515034397411	157514996966786
157515760937099	157515784576682	157515760779494
157516167292411	157516184631942	157516167153244
157516446280275	157516467956837	157516446156942
157518618162462	157518635304649	157518617931629
157518637617410	157518668656941	157518637500118
157520263720222	157520286138346	157520263581211
157521085160690	157521103034700	157521085014544
157521383787149	157521403086106	157521383613919
157522294305273	157522319967200	157522294156106
157524523504439	157524553902563	157524523349439
157524553382304	157524570578501	157524553244231
157525244480064	157525270782043	157525244356157
157526057088501	157526087705167	157526056794438
157526769164126	157526787982823	157526768986053
157538329733132	157538357740579	157538329544746
157539243584746	157539274707141	157539243433235
157541519453026	157541541988442	157541519285682
157541536200162	157541558662192	157541536084849
157542201945734	157542225579588	157542201784380
157542848951932	157542875919484	157542848709380
157543159088546	157543176036202	157543158960161
157545410668702	157545442974586	157545410517139
157545431193806	157545459644535	157545428690889
157546816222399	157546843228285	157546816080055
157547791679430	157547809926930	157547791536409
157548118102347	157548143319794	157548117955159
157548602598649	157548626657763	157548602461930
157550990176148	157551010092345	157550989981148
157551008514533	157551026762605	157551008391825
157551666106720	157551693381668	157551665955054
157552576783074	157552593420991	157552576568803
157553312753178	157553343667552	157553312605991

=== poll 1790130861.850475054
16666666
157447635525770	157447660536707	157447635415510
157448067064104	157448094041238	157448066959312
157448125395458	157448144060093	157448125238114
157448141042541	157448160732541	157448140964468
157448343242385	157448360805978	157448343084833
157448531493322	157448560896082	157448531366708
157452392072071	157452412455352	157452391885716
157452814071602	157452845911966	157452813953425
157454485383320	157454513076653	157454485275091
157455002135716	157455029924777	157455001961861
157455506601340	157455530047642	157455506416913
157455557893788	157455580070923	157455557774101
157455791287017	157455813487225	157455791109413
157456024794257	157456046908684	157456024679101
157456437283684	157456463715662	157456437166913
157456846168475	157456863886964	157456845981809
157457651728631	157457680809829	157457651610506
157458083512225	157458114335610	157458083385246
157459287884308	157459314806912	157459287756808
157459497692485	157459514911494	157459497561495
157459535440037	157459564941807	157459535301755
157459569702589	157459598287171	157459569581078
157459777070349	157459798353421	157459776958630
157460238293526	157460265112432	157460238162536
157460677435140	157460698450140	157460677307120
157460883417432	157460915168734	157460883288474
157461295738109	157461315258160	157461295605349
157462531100869	157462548736442	157462530978004
157462744778265	157462765485295	157462744650817
157462794015348	157462815501753	157462793871806
157463020951650	157463048910087	157463020823629
157463035721702	157463065582275	157463034936546
157463427514723	157463448957275	157463427379358
157463816121650	157463832380087	157463815916389
157468364627221	157468383263991	157468364491179
157468798579200	157468816653314	157468798486804
157470488420710	157470517058366	157470488290970
157470697553210	157470717172116	157470697424876
157470727443001	157470750529563	157470727317376
157470965407532	157470983989875	157470965269511
157470983452011	157471000668313	157470983329980
157471414770865	157471434167532	157471414644459
157471879839094	157471901051073	157471879797376
157472178773313	157472201192948	157472178619146
157472679565396	157472701414771	157472679462063
157474413642114	157474435697843	157474413525656
157474632049198	157474652469666	157474631895500
157474670643573	157474702509353	157474670502791
157474707189875	157474735863676	157474707077114
157474917533364	157474935961020	157474917386489
157475378670760	157475402889301	157475378541958
157475602758624	157475619720239	157475602629874
157475837587062	157475869858572	157475837465030
157477113667947	157477137097790	157477113533884
157477349285342	157477370510967	157477349129717
157477399591488	157477420525967	157477399461540
157477630935811	157477653936540	157477630803363
157477843504769	157477870664821	157477843346905
157478069621905	157478087405394	157478069483832
157478502107269	157478520900914	157478501968102
157484824335235	157484856841225	157484824178360
157485328172787	157485356959505	157485328052266
157485849085912	157485873775443	157485848946172
157485884362110	157485907115182	157485884225287
157486051229558	157486073825182	157486051068308
157487140380912	157487157248098	157487140299714
157487970127213	157487990798150	157487970004349
157487994333359	157488024139244	157487994230026
157488208052734	157488240869140	157488207902942
157488452027474	157488474246900	157488451807057
157488567659869	157488590928515	157488567553984
157489356720702	157489374366743	157489356607317
157489366139400	157489391034035	157489366056432
157490763236744	157490791388462	157490763103306
157491056391848	157491074766274	157491056224764
157491073685545	157491091439399	157491073560598
157491704083306	157491724930805	157491703957629
157492340282472	157492375079972	157492340151743
157493480542732	157493508733409	157493480353305
157493496286222	157493525405075	157493490916326
157494454178357	157494475820336	157494453995232
157495078057002	157495109413877	157495077870700
157495539367835	157495559605752	157495539199085
157495836464606	157495859701585	157495836320856
157498703775751	157498727707522	157498703598928
157498720872470	157498744377730	157498720742261
157499664589865	157499694753250	157499664471792
157500379950907	157500411716636	157500379784136
157500964800229	157500995338979	157500964663042
157511602732986	157511633536839	157511602415017
157512480335069	157512500478714	157512480203298
157514986443766	157515017728296	157514986291109
157515006115745	157515034397411	157514996966786
157515760937099	157515784576682	157515760779494
157516167292411	157516184631942	157516167153244
157516446280275	157516467956837	157516446156942
157518618162462	157518635304649	157518617931629
157518637617410	157518668656941	157518637500118
157520263720222	157520286138346	157520263581211
157521085160690	157521103034700	157521085014544
157521383787149	157521403086106	157521383613919
157522294305273	157522319967200	157522294156106
157524523504439	157524553902563	157524523349439
157524553382304	157524570578501	157524553244231
157525244480064	157525270782043	157525244356157
157526057088501	157526087705167	157526056794438
157526769164126	157526787982823	157526768986053
157538329733132	157538357740579	157538329544746
157539243584746	157539274707141	157539243433235
157541519453026	157541541988442	157541519285682
157541536200162	157541558662192	157541536084849
157542201945734	157542225579588	157542201784380
157542848951932	157542875919484	157542848709380
157543159088546	157543176036202	157543158960161
157545410668702	157545442974586	157545410517139
157545431193806	157545459644535	157545428690889
157546816222399	157546843228285	157546816080055
157547791679430	157547809926930	157547791536409
157548118102347	157548143319794	157548117955159
157548602598649	157548626657763	157548602461930
157550990176148	157551010092345	157550989981148
157551008514533	157551026762605	157551008391825
157551666106720	157551693381668	157551665955054
157552576783074	157552593420991	157552576568803
157553312753178	157553343667552	157553312605991
157563900706559	157563928739424	157563900457132
157564596378695	157564628795725	157564596237236

=== poll 1790130864.323361928
16666666
157448125395458	157448144060093	157448125238114
157448141042541	157448160732541	157448140964468
157448343242385	157448360805978	157448343084833
157448531493322	157448560896082	157448531366708
157452392072071	157452412455352	157452391885716
157452814071602	157452845911966	157452813953425
157454485383320	157454513076653	157454485275091
157455002135716	157455029924777	157455001961861
157455506601340	157455530047642	157455506416913
157455557893788	157455580070923	157455557774101
157455791287017	157455813487225	157455791109413
157456024794257	157456046908684	157456024679101
157456437283684	157456463715662	157456437166913
157456846168475	157456863886964	157456845981809
157457651728631	157457680809829	157457651610506
157458083512225	157458114335610	157458083385246
157459287884308	157459314806912	157459287756808
157459497692485	157459514911494	157459497561495
157459535440037	157459564941807	157459535301755
157459569702589	157459598287171	157459569581078
157459777070349	157459798353421	157459776958630
157460238293526	157460265112432	157460238162536
157460677435140	157460698450140	157460677307120
157460883417432	157460915168734	157460883288474
157461295738109	157461315258160	157461295605349
157462531100869	157462548736442	157462530978004
157462744778265	157462765485295	157462744650817
157462794015348	157462815501753	157462793871806
157463020951650	157463048910087	157463020823629
157463035721702	157463065582275	157463034936546
157463427514723	157463448957275	157463427379358
157463816121650	157463832380087	157463815916389
157468364627221	157468383263991	157468364491179
157468798579200	157468816653314	157468798486804
157470488420710	157470517058366	157470488290970
157470697553210	157470717172116	157470697424876
157470727443001	157470750529563	157470727317376
157470965407532	157470983989875	157470965269511
157470983452011	157471000668313	157470983329980
157471414770865	157471434167532	157471414644459
157471879839094	157471901051073	157471879797376
157472178773313	157472201192948	157472178619146
157472679565396	157472701414771	157472679462063
157474413642114	157474435697843	157474413525656
157474632049198	157474652469666	157474631895500
157474670643573	157474702509353	157474670502791
157474707189875	157474735863676	157474707077114
157474917533364	157474935961020	157474917386489
157475378670760	157475402889301	157475378541958
157475602758624	157475619720239	157475602629874
157475837587062	157475869858572	157475837465030
157477113667947	157477137097790	157477113533884
157477349285342	157477370510967	157477349129717
157477399591488	157477420525967	157477399461540
157477630935811	157477653936540	157477630803363
157477843504769	157477870664821	157477843346905
157478069621905	157478087405394	157478069483832
157478502107269	157478520900914	157478501968102
157484824335235	157484856841225	157484824178360
157485328172787	157485356959505	157485328052266
157485849085912	157485873775443	157485848946172
157485884362110	157485907115182	157485884225287
157486051229558	157486073825182	157486051068308
157487140380912	157487157248098	157487140299714
157487970127213	157487990798150	157487970004349
157487994333359	157488024139244	157487994230026
157488208052734	157488240869140	157488207902942
157488452027474	157488474246900	157488451807057
157488567659869	157488590928515	157488567553984
157489356720702	157489374366743	157489356607317
157489366139400	157489391034035	157489366056432
157490763236744	157490791388462	157490763103306
157491056391848	157491074766274	157491056224764
157491073685545	157491091439399	157491073560598
157491704083306	157491724930805	157491703957629
157492340282472	157492375079972	157492340151743
157493480542732	157493508733409	157493480353305
157493496286222	157493525405075	157493490916326
157494454178357	157494475820336	157494453995232
157495078057002	157495109413877	157495077870700
157495539367835	157495559605752	157495539199085
157495836464606	157495859701585	157495836320856
157498703775751	157498727707522	157498703598928
157498720872470	157498744377730	157498720742261
157499664589865	157499694753250	157499664471792
157500379950907	157500411716636	157500379784136
157500964800229	157500995338979	157500964663042
157511602732986	157511633536839	157511602415017
157512480335069	157512500478714	157512480203298
157514986443766	157515017728296	157514986291109
157515006115745	157515034397411	157514996966786
157515760937099	157515784576682	157515760779494
157516167292411	157516184631942	157516167153244
157516446280275	157516467956837	157516446156942
157518618162462	157518635304649	157518617931629
157518637617410	157518668656941	157518637500118
157520263720222	157520286138346	157520263581211
157521085160690	157521103034700	157521085014544
157521383787149	157521403086106	157521383613919
157522294305273	157522319967200	157522294156106
157524523504439	157524553902563	157524523349439
157524553382304	157524570578501	157524553244231
157525244480064	157525270782043	157525244356157
157526057088501	157526087705167	157526056794438
157526769164126	157526787982823	157526768986053
157538329733132	157538357740579	157538329544746
157539243584746	157539274707141	157539243433235
157541519453026	157541541988442	157541519285682
157541536200162	157541558662192	157541536084849
157542201945734	157542225579588	157542201784380
157542848951932	157542875919484	157542848709380
157543159088546	157543176036202	157543158960161
157545410668702	157545442974586	157545410517139
157545431193806	157545459644535	157545428690889
157546816222399	157546843228285	157546816080055
157547791679430	157547809926930	157547791536409
157548118102347	157548143319794	157548117955159
157548602598649	157548626657763	157548602461930
157550990176148	157551010092345	157550989981148
157551008514533	157551026762605	157551008391825
157551666106720	157551693381668	157551665955054
157552576783074	157552593420991	157552576568803
157553312753178	157553343667552	157553312605991
157563900706559	157563928739424	157563900457132
157564596378695	157564628795725	157564596237236
157566879315985	157566895808693	157566879139371
157566896027183	157566912479579	157566895809996

=== poll 1790130866.757365625
16666666
157452392072071	157452412455352	157452391885716
157452814071602	157452845911966	157452813953425
157454485383320	157454513076653	157454485275091
157455002135716	157455029924777	157455001961861
157455506601340	157455530047642	157455506416913
157455557893788	157455580070923	157455557774101
157455791287017	157455813487225	157455791109413
157456024794257	157456046908684	157456024679101
157456437283684	157456463715662	157456437166913
157456846168475	157456863886964	157456845981809
157457651728631	157457680809829	157457651610506
157458083512225	157458114335610	157458083385246
157459287884308	157459314806912	157459287756808
157459497692485	157459514911494	157459497561495
157459535440037	157459564941807	157459535301755
157459569702589	157459598287171	157459569581078
157459777070349	157459798353421	157459776958630
157460238293526	157460265112432	157460238162536
157460677435140	157460698450140	157460677307120
157460883417432	157460915168734	157460883288474
157461295738109	157461315258160	157461295605349
157462531100869	157462548736442	157462530978004
157462744778265	157462765485295	157462744650817
157462794015348	157462815501753	157462793871806
157463020951650	157463048910087	157463020823629
157463035721702	157463065582275	157463034936546
157463427514723	157463448957275	157463427379358
157463816121650	157463832380087	157463815916389
157468364627221	157468383263991	157468364491179
157468798579200	157468816653314	157468798486804
157470488420710	157470517058366	157470488290970
157470697553210	157470717172116	157470697424876
157470727443001	157470750529563	157470727317376
157470965407532	157470983989875	157470965269511
157470983452011	157471000668313	157470983329980
157471414770865	157471434167532	157471414644459
157471879839094	157471901051073	157471879797376
157472178773313	157472201192948	157472178619146
157472679565396	157472701414771	157472679462063
157474413642114	157474435697843	157474413525656
157474632049198	157474652469666	157474631895500
157474670643573	157474702509353	157474670502791
157474707189875	157474735863676	157474707077114
157474917533364	157474935961020	157474917386489
157475378670760	157475402889301	157475378541958
157475602758624	157475619720239	157475602629874
157475837587062	157475869858572	157475837465030
157477113667947	157477137097790	157477113533884
157477349285342	157477370510967	157477349129717
157477399591488	157477420525967	157477399461540
157477630935811	157477653936540	157477630803363
157477843504769	157477870664821	157477843346905
157478069621905	157478087405394	157478069483832
157478502107269	157478520900914	157478501968102
157484824335235	157484856841225	157484824178360
157485328172787	157485356959505	157485328052266
157485849085912	157485873775443	157485848946172
157485884362110	157485907115182	157485884225287
157486051229558	157486073825182	157486051068308
157487140380912	157487157248098	157487140299714
157487970127213	157487990798150	157487970004349
157487994333359	157488024139244	157487994230026
157488208052734	157488240869140	157488207902942
157488452027474	157488474246900	157488451807057
157488567659869	157488590928515	157488567553984
157489356720702	157489374366743	157489356607317
157489366139400	157489391034035	157489366056432
157490763236744	157490791388462	157490763103306
157491056391848	157491074766274	157491056224764
157491073685545	157491091439399	157491073560598
157491704083306	157491724930805	157491703957629
157492340282472	157492375079972	157492340151743
157493480542732	157493508733409	157493480353305
157493496286222	157493525405075	157493490916326
157494454178357	157494475820336	157494453995232
157495078057002	157495109413877	157495077870700
157495539367835	157495559605752	157495539199085
157495836464606	157495859701585	157495836320856
157498703775751	157498727707522	157498703598928
157498720872470	157498744377730	157498720742261
157499664589865	157499694753250	157499664471792
157500379950907	157500411716636	157500379784136
157500964800229	157500995338979	157500964663042
157511602732986	157511633536839	157511602415017
157512480335069	157512500478714	157512480203298
157514986443766	157515017728296	157514986291109
157515006115745	157515034397411	157514996966786
157515760937099	157515784576682	157515760779494
157516167292411	157516184631942	157516167153244
157516446280275	157516467956837	157516446156942
157518618162462	157518635304649	157518617931629
157518637617410	157518668656941	157518637500118
157520263720222	157520286138346	157520263581211
157521085160690	157521103034700	157521085014544
157521383787149	157521403086106	157521383613919
157522294305273	157522319967200	157522294156106
157524523504439	157524553902563	157524523349439
157524553382304	157524570578501	157524553244231
157525244480064	157525270782043	157525244356157
157526057088501	157526087705167	157526056794438
157526769164126	157526787982823	157526768986053
157538329733132	157538357740579	157538329544746
157539243584746	157539274707141	157539243433235
157541519453026	157541541988442	157541519285682
157541536200162	157541558662192	157541536084849
157542201945734	157542225579588	157542201784380
157542848951932	157542875919484	157542848709380
157543159088546	157543176036202	157543158960161
157545410668702	157545442974586	157545410517139
157545431193806	157545459644535	157545428690889
157546816222399	157546843228285	157546816080055
157547791679430	157547809926930	157547791536409
157548118102347	157548143319794	157548117955159
157548602598649	157548626657763	157548602461930
157550990176148	157551010092345	157550989981148
157551008514533	157551026762605	157551008391825
157551666106720	157551693381668	157551665955054
157552576783074	157552593420991	157552576568803
157553312753178	157553343667552	157553312605991
157563900706559	157563928739424	157563900457132
157564596378695	157564628795725	157564596237236
157566879315985	157566895808693	157566879139371
157566896027183	157566912479579	157566895809996
157567684285725	157567712642495	157567684114006
157568511722443	157568529506922	157568511432912
157569139012182	157569162972442	157569138867964
157569593569786	157569613066244	157569593394474

=== poll 1790130869.240769895
16666666
157452814071602	157452845911966	157452813953425
157454485383320	157454513076653	157454485275091
157455002135716	157455029924777	157455001961861
157455506601340	157455530047642	157455506416913
157455557893788	157455580070923	157455557774101
157455791287017	157455813487225	157455791109413
157456024794257	157456046908684	157456024679101
157456437283684	157456463715662	157456437166913
157456846168475	157456863886964	157456845981809
157457651728631	157457680809829	157457651610506
157458083512225	157458114335610	157458083385246
157459287884308	157459314806912	157459287756808
157459497692485	157459514911494	157459497561495
157459535440037	157459564941807	157459535301755
157459569702589	157459598287171	157459569581078
157459777070349	157459798353421	157459776958630
157460238293526	157460265112432	157460238162536
157460677435140	157460698450140	157460677307120
157460883417432	157460915168734	157460883288474
157461295738109	157461315258160	157461295605349
157462531100869	157462548736442	157462530978004
157462744778265	157462765485295	157462744650817
157462794015348	157462815501753	157462793871806
157463020951650	157463048910087	157463020823629
157463035721702	157463065582275	157463034936546
157463427514723	157463448957275	157463427379358
157463816121650	157463832380087	157463815916389
157468364627221	157468383263991	157468364491179
157468798579200	157468816653314	157468798486804
157470488420710	157470517058366	157470488290970
157470697553210	157470717172116	157470697424876
157470727443001	157470750529563	157470727317376
157470965407532	157470983989875	157470965269511
157470983452011	157471000668313	157470983329980
157471414770865	157471434167532	157471414644459
157471879839094	157471901051073	157471879797376
157472178773313	157472201192948	157472178619146
157472679565396	157472701414771	157472679462063
157474413642114	157474435697843	157474413525656
157474632049198	157474652469666	157474631895500
157474670643573	157474702509353	157474670502791
157474707189875	157474735863676	157474707077114
157474917533364	157474935961020	157474917386489
157475378670760	157475402889301	157475378541958
157475602758624	157475619720239	157475602629874
157475837587062	157475869858572	157475837465030
157477113667947	157477137097790	157477113533884
157477349285342	157477370510967	157477349129717
157477399591488	157477420525967	157477399461540
157477630935811	157477653936540	157477630803363
157477843504769	157477870664821	157477843346905
157478069621905	157478087405394	157478069483832
157478502107269	157478520900914	157478501968102
157484824335235	157484856841225	157484824178360
157485328172787	157485356959505	157485328052266
157485849085912	157485873775443	157485848946172
157485884362110	157485907115182	157485884225287
157486051229558	157486073825182	157486051068308
157487140380912	157487157248098	157487140299714
157487970127213	157487990798150	157487970004349
157487994333359	157488024139244	157487994230026
157488208052734	157488240869140	157488207902942
157488452027474	157488474246900	157488451807057
157488567659869	157488590928515	157488567553984
157489356720702	157489374366743	157489356607317
157489366139400	157489391034035	157489366056432
157490763236744	157490791388462	157490763103306
157491056391848	157491074766274	157491056224764
157491073685545	157491091439399	157491073560598
157491704083306	157491724930805	157491703957629
157492340282472	157492375079972	157492340151743
157493480542732	157493508733409	157493480353305
157493496286222	157493525405075	157493490916326
157494454178357	157494475820336	157494453995232
157495078057002	157495109413877	157495077870700
157495539367835	157495559605752	157495539199085
157495836464606	157495859701585	157495836320856
157498703775751	157498727707522	157498703598928
157498720872470	157498744377730	157498720742261
157499664589865	157499694753250	157499664471792
157500379950907	157500411716636	157500379784136
157500964800229	157500995338979	157500964663042
157511602732986	157511633536839	157511602415017
157512480335069	157512500478714	157512480203298
157514986443766	157515017728296	157514986291109
157515006115745	157515034397411	157514996966786
157515760937099	157515784576682	157515760779494
157516167292411	157516184631942	157516167153244
157516446280275	157516467956837	157516446156942
157518618162462	157518635304649	157518617931629
157518637617410	157518668656941	157518637500118
157520263720222	157520286138346	157520263581211
157521085160690	157521103034700	157521085014544
157521383787149	157521403086106	157521383613919
157522294305273	157522319967200	157522294156106
157524523504439	157524553902563	157524523349439
157524553382304	157524570578501	157524553244231
157525244480064	157525270782043	157525244356157
157526057088501	157526087705167	157526056794438
157526769164126	157526787982823	157526768986053
157538329733132	157538357740579	157538329544746
157539243584746	157539274707141	157539243433235
157541519453026	157541541988442	157541519285682
157541536200162	157541558662192	157541536084849
157542201945734	157542225579588	157542201784380
157542848951932	157542875919484	157542848709380
157543159088546	157543176036202	157543158960161
157545410668702	157545442974586	157545410517139
157545431193806	157545459644535	157545428690889
157546816222399	157546843228285	157546816080055
157547791679430	157547809926930	157547791536409
157548118102347	157548143319794	157548117955159
157548602598649	157548626657763	157548602461930
157550990176148	157551010092345	157550989981148
157551008514533	157551026762605	157551008391825
157551666106720	157551693381668	157551665955054
157552576783074	157552593420991	157552576568803
157553312753178	157553343667552	157553312605991
157563900706559	157563928739424	157563900457132
157564596378695	157564628795725	157564596237236
157566879315985	157566895808693	157566879139371
157566896027183	157566912479579	157566895809996
157567684285725	157567712642495	157567684114006
157568511722443	157568529506922	157568511432912
157569139012182	157569162972442	157569138867964
157569593569786	157569613066244	157569593394474
157570345096869	157570363093796	157570344752807

=== poll 1790130871.879707706
16666666
157455557893788	157455580070923	157455557774101
157455791287017	157455813487225	157455791109413
157456024794257	157456046908684	157456024679101
157456437283684	157456463715662	157456437166913
157456846168475	157456863886964	157456845981809
157457651728631	157457680809829	157457651610506
157458083512225	157458114335610	157458083385246
157459287884308	157459314806912	157459287756808
157459497692485	157459514911494	157459497561495
157459535440037	157459564941807	157459535301755
157459569702589	157459598287171	157459569581078
157459777070349	157459798353421	157459776958630
157460238293526	157460265112432	157460238162536
157460677435140	157460698450140	157460677307120
157460883417432	157460915168734	157460883288474
157461295738109	157461315258160	157461295605349
157462531100869	157462548736442	157462530978004
157462744778265	157462765485295	157462744650817
157462794015348	157462815501753	157462793871806
157463020951650	157463048910087	157463020823629
157463035721702	157463065582275	157463034936546
157463427514723	157463448957275	157463427379358
157463816121650	157463832380087	157463815916389
157468364627221	157468383263991	157468364491179
157468798579200	157468816653314	157468798486804
157470488420710	157470517058366	157470488290970
157470697553210	157470717172116	157470697424876
157470727443001	157470750529563	157470727317376
157470965407532	157470983989875	157470965269511
157470983452011	157471000668313	157470983329980
157471414770865	157471434167532	157471414644459
157471879839094	157471901051073	157471879797376
157472178773313	157472201192948	157472178619146
157472679565396	157472701414771	157472679462063
157474413642114	157474435697843	157474413525656
157474632049198	157474652469666	157474631895500
157474670643573	157474702509353	157474670502791
157474707189875	157474735863676	157474707077114
157474917533364	157474935961020	157474917386489
157475378670760	157475402889301	157475378541958
157475602758624	157475619720239	157475602629874
157475837587062	157475869858572	157475837465030
157477113667947	157477137097790	157477113533884
157477349285342	157477370510967	157477349129717
157477399591488	157477420525967	157477399461540
157477630935811	157477653936540	157477630803363
157477843504769	157477870664821	157477843346905
157478069621905	157478087405394	157478069483832
157478502107269	157478520900914	157478501968102
157484824335235	157484856841225	157484824178360
157485328172787	157485356959505	157485328052266
157485849085912	157485873775443	157485848946172
157485884362110	157485907115182	157485884225287
157486051229558	157486073825182	157486051068308
157487140380912	157487157248098	157487140299714
157487970127213	157487990798150	157487970004349
157487994333359	157488024139244	157487994230026
157488208052734	157488240869140	157488207902942
157488452027474	157488474246900	157488451807057
157488567659869	157488590928515	157488567553984
157489356720702	157489374366743	157489356607317
157489366139400	157489391034035	157489366056432
157490763236744	157490791388462	157490763103306
157491056391848	157491074766274	157491056224764
157491073685545	157491091439399	157491073560598
157491704083306	157491724930805	157491703957629
157492340282472	157492375079972	157492340151743
157493480542732	157493508733409	157493480353305
157493496286222	157493525405075	157493490916326
157494454178357	157494475820336	157494453995232
157495078057002	157495109413877	157495077870700
157495539367835	157495559605752	157495539199085
157495836464606	157495859701585	157495836320856
157498703775751	157498727707522	157498703598928
157498720872470	157498744377730	157498720742261
157499664589865	157499694753250	157499664471792
157500379950907	157500411716636	157500379784136
157500964800229	157500995338979	157500964663042
157511602732986	157511633536839	157511602415017
157512480335069	157512500478714	157512480203298
157514986443766	157515017728296	157514986291109
157515006115745	157515034397411	157514996966786
157515760937099	157515784576682	157515760779494
157516167292411	157516184631942	157516167153244
157516446280275	157516467956837	157516446156942
157518618162462	157518635304649	157518617931629
157518637617410	157518668656941	157518637500118
157520263720222	157520286138346	157520263581211
157521085160690	157521103034700	157521085014544
157521383787149	157521403086106	157521383613919
157522294305273	157522319967200	157522294156106
157524523504439	157524553902563	157524523349439
157524553382304	157524570578501	157524553244231
157525244480064	157525270782043	157525244356157
157526057088501	157526087705167	157526056794438
157526769164126	157526787982823	157526768986053
157538329733132	157538357740579	157538329544746
157539243584746	157539274707141	157539243433235
157541519453026	157541541988442	157541519285682
157541536200162	157541558662192	157541536084849
157542201945734	157542225579588	157542201784380
157542848951932	157542875919484	157542848709380
157543159088546	157543176036202	157543158960161
157545410668702	157545442974586	157545410517139
157545431193806	157545459644535	157545428690889
157546816222399	157546843228285	157546816080055
157547791679430	157547809926930	157547791536409
157548118102347	157548143319794	157548117955159
157548602598649	157548626657763	157548602461930
157550990176148	157551010092345	157550989981148
157551008514533	157551026762605	157551008391825
157551666106720	157551693381668	157551665955054
157552576783074	157552593420991	157552576568803
157553312753178	157553343667552	157553312605991
157563900706559	157563928739424	157563900457132
157564596378695	157564628795725	157564596237236
157566879315985	157566895808693	157566879139371
157566896027183	157566912479579	157566895809996
157567684285725	157567712642495	157567684114006
157568511722443	157568529506922	157568511432912
157569139012182	157569162972442	157569138867964
157569593569786	157569613066244	157569593394474
157570345096869	157570363093796	157570344752807
157572819210358	157572847194055	157572819080827
157572835227702	157572863868795	157572828236243
157573655539056	157573680690722	157573655400566
157574526527649	157574547698638	157574526369472

=== poll 1790130874.398455361
16666666
157456024794257	157456046908684	157456024679101
157456437283684	157456463715662	157456437166913
157456846168475	157456863886964	157456845981809
157457651728631	157457680809829	157457651610506
157458083512225	157458114335610	157458083385246
157459287884308	157459314806912	157459287756808
157459497692485	157459514911494	157459497561495
157459535440037	157459564941807	157459535301755
157459569702589	157459598287171	157459569581078
157459777070349	157459798353421	157459776958630
157460238293526	157460265112432	157460238162536
157460677435140	157460698450140	157460677307120
157460883417432	157460915168734	157460883288474
157461295738109	157461315258160	157461295605349
157462531100869	157462548736442	157462530978004
157462744778265	157462765485295	157462744650817
157462794015348	157462815501753	157462793871806
157463020951650	157463048910087	157463020823629
157463035721702	157463065582275	157463034936546
157463427514723	157463448957275	157463427379358
157463816121650	157463832380087	157463815916389
157468364627221	157468383263991	157468364491179
157468798579200	157468816653314	157468798486804
157470488420710	157470517058366	157470488290970
157470697553210	157470717172116	157470697424876
157470727443001	157470750529563	157470727317376
157470965407532	157470983989875	157470965269511
157470983452011	157471000668313	157470983329980
157471414770865	157471434167532	157471414644459
157471879839094	157471901051073	157471879797376
157472178773313	157472201192948	157472178619146
157472679565396	157472701414771	157472679462063
157474413642114	157474435697843	157474413525656
157474632049198	157474652469666	157474631895500
157474670643573	157474702509353	157474670502791
157474707189875	157474735863676	157474707077114
157474917533364	157474935961020	157474917386489
157475378670760	157475402889301	157475378541958
157475602758624	157475619720239	157475602629874
157475837587062	157475869858572	157475837465030
157477113667947	157477137097790	157477113533884
157477349285342	157477370510967	157477349129717
157477399591488	157477420525967	157477399461540
157477630935811	157477653936540	157477630803363
157477843504769	157477870664821	157477843346905
157478069621905	157478087405394	157478069483832
157478502107269	157478520900914	157478501968102
157484824335235	157484856841225	157484824178360
157485328172787	157485356959505	157485328052266
157485849085912	157485873775443	157485848946172
157485884362110	157485907115182	157485884225287
157486051229558	157486073825182	157486051068308
157487140380912	157487157248098	157487140299714
157487970127213	157487990798150	157487970004349
157487994333359	157488024139244	157487994230026
157488208052734	157488240869140	157488207902942
157488452027474	157488474246900	157488451807057
157488567659869	157488590928515	157488567553984
157489356720702	157489374366743	157489356607317
157489366139400	157489391034035	157489366056432
157490763236744	157490791388462	157490763103306
157491056391848	157491074766274	157491056224764
157491073685545	157491091439399	157491073560598
157491704083306	157491724930805	157491703957629
157492340282472	157492375079972	157492340151743
157493480542732	157493508733409	157493480353305
157493496286222	157493525405075	157493490916326
157494454178357	157494475820336	157494453995232
157495078057002	157495109413877	157495077870700
157495539367835	157495559605752	157495539199085
157495836464606	157495859701585	157495836320856
157498703775751	157498727707522	157498703598928
157498720872470	157498744377730	157498720742261
157499664589865	157499694753250	157499664471792
157500379950907	157500411716636	157500379784136
157500964800229	157500995338979	157500964663042
157511602732986	157511633536839	157511602415017
157512480335069	157512500478714	157512480203298
157514986443766	157515017728296	157514986291109
157515006115745	157515034397411	157514996966786
157515760937099	157515784576682	157515760779494
157516167292411	157516184631942	157516167153244
157516446280275	157516467956837	157516446156942
157518618162462	157518635304649	157518617931629
157518637617410	157518668656941	157518637500118
157520263720222	157520286138346	157520263581211
157521085160690	157521103034700	157521085014544
157521383787149	157521403086106	157521383613919
157522294305273	157522319967200	157522294156106
157524523504439	157524553902563	157524523349439
157524553382304	157524570578501	157524553244231
157525244480064	157525270782043	157525244356157
157526057088501	157526087705167	157526056794438
157526769164126	157526787982823	157526768986053
157538329733132	157538357740579	157538329544746
157539243584746	157539274707141	157539243433235
157541519453026	157541541988442	157541519285682
157541536200162	157541558662192	157541536084849
157542201945734	157542225579588	157542201784380
157542848951932	157542875919484	157542848709380
157543159088546	157543176036202	157543158960161
157545410668702	157545442974586	157545410517139
157545431193806	157545459644535	157545428690889
157546816222399	157546843228285	157546816080055
157547791679430	157547809926930	157547791536409
157548118102347	157548143319794	157548117955159
157548602598649	157548626657763	157548602461930
157550990176148	157551010092345	157550989981148
157551008514533	157551026762605	157551008391825
157551666106720	157551693381668	157551665955054
157552576783074	157552593420991	157552576568803
157553312753178	157553343667552	157553312605991
157563900706559	157563928739424	157563900457132
157564596378695	157564628795725	157564596237236
157566879315985	157566895808693	157566879139371
157566896027183	157566912479579	157566895809996
157567684285725	157567712642495	157567684114006
157568511722443	157568529506922	157568511432912
157569139012182	157569162972442	157569138867964
157569593569786	157569613066244	157569593394474
157570345096869	157570363093796	157570344752807
157572819210358	157572847194055	157572819080827
157572835227702	157572863868795	157572828236243
157573655539056	157573680690722	157573655400566
157574526527649	157574547698638	157574526369472
157575126105513	157575147978326	157575125996451
157575454925253	157575481486346	157575454793170

=== poll 1790130876.864024631
16666666
157457651728631	157457680809829	157457651610506
157458083512225	157458114335610	157458083385246
157459287884308	157459314806912	157459287756808
157459497692485	157459514911494	157459497561495
157459535440037	157459564941807	157459535301755
157459569702589	157459598287171	157459569581078
157459777070349	157459798353421	157459776958630
157460238293526	157460265112432	157460238162536
157460677435140	157460698450140	157460677307120
157460883417432	157460915168734	157460883288474
157461295738109	157461315258160	157461295605349
157462531100869	157462548736442	157462530978004
157462744778265	157462765485295	157462744650817
157462794015348	157462815501753	157462793871806
157463020951650	157463048910087	157463020823629
157463035721702	157463065582275	157463034936546
157463427514723	157463448957275	157463427379358
157463816121650	157463832380087	157463815916389
157468364627221	157468383263991	157468364491179
157468798579200	157468816653314	157468798486804
157470488420710	157470517058366	157470488290970
157470697553210	157470717172116	157470697424876
157470727443001	157470750529563	157470727317376
157470965407532	157470983989875	157470965269511
157470983452011	157471000668313	157470983329980
157471414770865	157471434167532	157471414644459
157471879839094	157471901051073	157471879797376
157472178773313	157472201192948	157472178619146
157472679565396	157472701414771	157472679462063
157474413642114	157474435697843	157474413525656
157474632049198	157474652469666	157474631895500
157474670643573	157474702509353	157474670502791
157474707189875	157474735863676	157474707077114
157474917533364	157474935961020	157474917386489
157475378670760	157475402889301	157475378541958
157475602758624	157475619720239	157475602629874
157475837587062	157475869858572	157475837465030
157477113667947	157477137097790	157477113533884
157477349285342	157477370510967	157477349129717
157477399591488	157477420525967	157477399461540
157477630935811	157477653936540	157477630803363
157477843504769	157477870664821	157477843346905
157478069621905	157478087405394	157478069483832
157478502107269	157478520900914	157478501968102
157484824335235	157484856841225	157484824178360
157485328172787	157485356959505	157485328052266
157485849085912	157485873775443	157485848946172
157485884362110	157485907115182	157485884225287
157486051229558	157486073825182	157486051068308
157487140380912	157487157248098	157487140299714
157487970127213	157487990798150	157487970004349
157487994333359	157488024139244	157487994230026
157488208052734	157488240869140	157488207902942
157488452027474	157488474246900	157488451807057
157488567659869	157488590928515	157488567553984
157489356720702	157489374366743	157489356607317
157489366139400	157489391034035	157489366056432
157490763236744	157490791388462	157490763103306
157491056391848	157491074766274	157491056224764
157491073685545	157491091439399	157491073560598
157491704083306	157491724930805	157491703957629
157492340282472	157492375079972	157492340151743
157493480542732	157493508733409	157493480353305
157493496286222	157493525405075	157493490916326
157494454178357	157494475820336	157494453995232
157495078057002	157495109413877	157495077870700
157495539367835	157495559605752	157495539199085
157495836464606	157495859701585	157495836320856
157498703775751	157498727707522	157498703598928
157498720872470	157498744377730	157498720742261
157499664589865	157499694753250	157499664471792
157500379950907	157500411716636	157500379784136
157500964800229	157500995338979	157500964663042
157511602732986	157511633536839	157511602415017
157512480335069	157512500478714	157512480203298
157514986443766	157515017728296	157514986291109
157515006115745	157515034397411	157514996966786
157515760937099	157515784576682	157515760779494
157516167292411	157516184631942	157516167153244
157516446280275	157516467956837	157516446156942
157518618162462	157518635304649	157518617931629
157518637617410	157518668656941	157518637500118
157520263720222	157520286138346	157520263581211
157521085160690	157521103034700	157521085014544
157521383787149	157521403086106	157521383613919
157522294305273	157522319967200	157522294156106
157524523504439	157524553902563	157524523349439
157524553382304	157524570578501	157524553244231
157525244480064	157525270782043	157525244356157
157526057088501	157526087705167	157526056794438
157526769164126	157526787982823	157526768986053
157538329733132	157538357740579	157538329544746
157539243584746	157539274707141	157539243433235
157541519453026	157541541988442	157541519285682
157541536200162	157541558662192	157541536084849
157542201945734	157542225579588	157542201784380
157542848951932	157542875919484	157542848709380
157543159088546	157543176036202	157543158960161
157545410668702	157545442974586	157545410517139
157545431193806	157545459644535	157545428690889
157546816222399	157546843228285	157546816080055
157547791679430	157547809926930	157547791536409
157548118102347	157548143319794	157548117955159
157548602598649	157548626657763	157548602461930
157550990176148	157551010092345	157550989981148
157551008514533	157551026762605	157551008391825
157551666106720	157551693381668	157551665955054
157552576783074	157552593420991	157552576568803
157553312753178	157553343667552	157553312605991
157563900706559	157563928739424	157563900457132
157564596378695	157564628795725	157564596237236
157566879315985	157566895808693	157566879139371
157566896027183	157566912479579	157566895809996
157567684285725	157567712642495	157567684114006
157568511722443	157568529506922	157568511432912
157569139012182	157569162972442	157569138867964
157569593569786	157569613066244	157569593394474
157570345096869	157570363093796	157570344752807
157572819210358	157572847194055	157572819080827
157572835227702	157572863868795	157572828236243
157573655539056	157573680690722	157573655400566
157574526527649	157574547698638	157574526369472
157575126105513	157575147978326	157575125996451
157575454925253	157575481486346	157575454793170
157577934873169	157577965686241	157577934707231
157577955406450	157577982356397	157577945621606
157579535193220	157579565972542	157579535052751

=== poll 1790130879.536095620
16666666
157459287884308	157459314806912	157459287756808
157459497692485	157459514911494	157459497561495
157459535440037	157459564941807	157459535301755
157459569702589	157459598287171	157459569581078
157459777070349	157459798353421	157459776958630
157460238293526	157460265112432	157460238162536
157460677435140	157460698450140	157460677307120
157460883417432	157460915168734	157460883288474
157461295738109	157461315258160	157461295605349
157462531100869	157462548736442	157462530978004
157462744778265	157462765485295	157462744650817
157462794015348	157462815501753	157462793871806
157463020951650	157463048910087	157463020823629
157463035721702	157463065582275	157463034936546
157463427514723	157463448957275	157463427379358
157463816121650	157463832380087	157463815916389
157468364627221	157468383263991	157468364491179
157468798579200	157468816653314	157468798486804
157470488420710	157470517058366	157470488290970
157470697553210	157470717172116	157470697424876
157470727443001	157470750529563	157470727317376
157470965407532	157470983989875	157470965269511
157470983452011	157471000668313	157470983329980
157471414770865	157471434167532	157471414644459
157471879839094	157471901051073	157471879797376
157472178773313	157472201192948	157472178619146
157472679565396	157472701414771	157472679462063
157474413642114	157474435697843	157474413525656
157474632049198	157474652469666	157474631895500
157474670643573	157474702509353	157474670502791
157474707189875	157474735863676	157474707077114
157474917533364	157474935961020	157474917386489
157475378670760	157475402889301	157475378541958
157475602758624	157475619720239	157475602629874
157475837587062	157475869858572	157475837465030
157477113667947	157477137097790	157477113533884
157477349285342	157477370510967	157477349129717
157477399591488	157477420525967	157477399461540
157477630935811	157477653936540	157477630803363
157477843504769	157477870664821	157477843346905
157478069621905	157478087405394	157478069483832
157478502107269	157478520900914	157478501968102
157484824335235	157484856841225	157484824178360
157485328172787	157485356959505	157485328052266
157485849085912	157485873775443	157485848946172
157485884362110	157485907115182	157485884225287
157486051229558	157486073825182	157486051068308
157487140380912	157487157248098	157487140299714
157487970127213	157487990798150	157487970004349
157487994333359	157488024139244	157487994230026
157488208052734	157488240869140	157488207902942
157488452027474	157488474246900	157488451807057
157488567659869	157488590928515	157488567553984
157489356720702	157489374366743	157489356607317
157489366139400	157489391034035	157489366056432
157490763236744	157490791388462	157490763103306
157491056391848	157491074766274	157491056224764
157491073685545	157491091439399	157491073560598
157491704083306	157491724930805	157491703957629
157492340282472	157492375079972	157492340151743
157493480542732	157493508733409	157493480353305
157493496286222	157493525405075	157493490916326
157494454178357	157494475820336	157494453995232
157495078057002	157495109413877	157495077870700
157495539367835	157495559605752	157495539199085
157495836464606	157495859701585	157495836320856
157498703775751	157498727707522	157498703598928
157498720872470	157498744377730	157498720742261
157499664589865	157499694753250	157499664471792
157500379950907	157500411716636	157500379784136
157500964800229	157500995338979	157500964663042
157511602732986	157511633536839	157511602415017
157512480335069	157512500478714	157512480203298
157514986443766	157515017728296	157514986291109
157515006115745	157515034397411	157514996966786
157515760937099	157515784576682	157515760779494
157516167292411	157516184631942	157516167153244
157516446280275	157516467956837	157516446156942
157518618162462	157518635304649	157518617931629
157518637617410	157518668656941	157518637500118
157520263720222	157520286138346	157520263581211
157521085160690	157521103034700	157521085014544
157521383787149	157521403086106	157521383613919
157522294305273	157522319967200	157522294156106
157524523504439	157524553902563	157524523349439
157524553382304	157524570578501	157524553244231
157525244480064	157525270782043	157525244356157
157526057088501	157526087705167	157526056794438
157526769164126	157526787982823	157526768986053
157538329733132	157538357740579	157538329544746
157539243584746	157539274707141	157539243433235
157541519453026	157541541988442	157541519285682
157541536200162	157541558662192	157541536084849
157542201945734	157542225579588	157542201784380
157542848951932	157542875919484	157542848709380
157543159088546	157543176036202	157543158960161
157545410668702	157545442974586	157545410517139
157545431193806	157545459644535	157545428690889
157546816222399	157546843228285	157546816080055
157547791679430	157547809926930	157547791536409
157548118102347	157548143319794	157548117955159
157548602598649	157548626657763	157548602461930
157550990176148	157551010092345	157550989981148
157551008514533	157551026762605	157551008391825
157551666106720	157551693381668	157551665955054
157552576783074	157552593420991	157552576568803
157553312753178	157553343667552	157553312605991
157563900706559	157563928739424	157563900457132
157564596378695	157564628795725	157564596237236
157566879315985	157566895808693	157566879139371
157566896027183	157566912479579	157566895809996
157567684285725	157567712642495	157567684114006
157568511722443	157568529506922	157568511432912
157569139012182	157569162972442	157569138867964
157569593569786	157569613066244	157569593394474
157570345096869	157570363093796	157570344752807
157572819210358	157572847194055	157572819080827
157572835227702	157572863868795	157572828236243
157573655539056	157573680690722	157573655400566
157574526527649	157574547698638	157574526369472
157575126105513	157575147978326	157575125996451
157575454925253	157575481486346	157575454793170
157577934873169	157577965686241	157577934707231
157577955406450	157577982356397	157577945621606
157579535193220	157579565972542	157579535052751
157580432883324	157580449612438	157580432742386
157581284543219	157581316742386	157581284418324

=== poll 1790130881.975814056
16666666
157459287884308	157459314806912	157459287756808
157459497692485	157459514911494	157459497561495
157459535440037	157459564941807	157459535301755
157459569702589	157459598287171	157459569581078
157459777070349	157459798353421	157459776958630
157460238293526	157460265112432	157460238162536
157460677435140	157460698450140	157460677307120
157460883417432	157460915168734	157460883288474
157461295738109	157461315258160	157461295605349
157462531100869	157462548736442	157462530978004
157462744778265	157462765485295	157462744650817
157462794015348	157462815501753	157462793871806
157463020951650	157463048910087	157463020823629
157463035721702	157463065582275	157463034936546
157463427514723	157463448957275	157463427379358
157463816121650	157463832380087	157463815916389
157468364627221	157468383263991	157468364491179
157468798579200	157468816653314	157468798486804
157470488420710	157470517058366	157470488290970
157470697553210	157470717172116	157470697424876
157470727443001	157470750529563	157470727317376
157470965407532	157470983989875	157470965269511
157470983452011	157471000668313	157470983329980
157471414770865	157471434167532	157471414644459
157471879839094	157471901051073	157471879797376
157472178773313	157472201192948	157472178619146
157472679565396	157472701414771	157472679462063
157474413642114	157474435697843	157474413525656
157474632049198	157474652469666	157474631895500
157474670643573	157474702509353	157474670502791
157474707189875	157474735863676	157474707077114
157474917533364	157474935961020	157474917386489
157475378670760	157475402889301	157475378541958
157475602758624	157475619720239	157475602629874
157475837587062	157475869858572	157475837465030
157477113667947	157477137097790	157477113533884
157477349285342	157477370510967	157477349129717
157477399591488	157477420525967	157477399461540
157477630935811	157477653936540	157477630803363
157477843504769	157477870664821	157477843346905
157478069621905	157478087405394	157478069483832
157478502107269	157478520900914	157478501968102
157484824335235	157484856841225	157484824178360
157485328172787	157485356959505	157485328052266
157485849085912	157485873775443	157485848946172
157485884362110	157485907115182	157485884225287
157486051229558	157486073825182	157486051068308
157487140380912	157487157248098	157487140299714
157487970127213	157487990798150	157487970004349
157487994333359	157488024139244	157487994230026
157488208052734	157488240869140	157488207902942
157488452027474	157488474246900	157488451807057
157488567659869	157488590928515	157488567553984
157489356720702	157489374366743	157489356607317
157489366139400	157489391034035	157489366056432
157490763236744	157490791388462	157490763103306
157491056391848	157491074766274	157491056224764
157491073685545	157491091439399	157491073560598
157491704083306	157491724930805	157491703957629
157492340282472	157492375079972	157492340151743
157493480542732	157493508733409	157493480353305
157493496286222	157493525405075	157493490916326
157494454178357	157494475820336	157494453995232
157495078057002	157495109413877	157495077870700
157495539367835	157495559605752	157495539199085
157495836464606	157495859701585	157495836320856
157498703775751	157498727707522	157498703598928
157498720872470	157498744377730	157498720742261
157499664589865	157499694753250	157499664471792
157500379950907	157500411716636	157500379784136
157500964800229	157500995338979	157500964663042
157511602732986	157511633536839	157511602415017
157512480335069	157512500478714	157512480203298
157514986443766	157515017728296	157514986291109
157515006115745	157515034397411	157514996966786
157515760937099	157515784576682	157515760779494
157516167292411	157516184631942	157516167153244
157516446280275	157516467956837	157516446156942
157518618162462	157518635304649	157518617931629
157518637617410	157518668656941	157518637500118
157520263720222	157520286138346	157520263581211
157521085160690	157521103034700	157521085014544
157521383787149	157521403086106	157521383613919
157522294305273	157522319967200	157522294156106
157524523504439	157524553902563	157524523349439
157524553382304	157524570578501	157524553244231
157525244480064	157525270782043	157525244356157
157526057088501	157526087705167	157526056794438
157526769164126	157526787982823	157526768986053
157538329733132	157538357740579	157538329544746
157539243584746	157539274707141	157539243433235
157541519453026	157541541988442	157541519285682
157541536200162	157541558662192	157541536084849
157542201945734	157542225579588	157542201784380
157542848951932	157542875919484	157542848709380
157543159088546	157543176036202	157543158960161
157545410668702	157545442974586	157545410517139
157545431193806	157545459644535	157545428690889
157546816222399	157546843228285	157546816080055
157547791679430	157547809926930	157547791536409
157548118102347	157548143319794	157548117955159
157548602598649	157548626657763	157548602461930
157550990176148	157551010092345	157550989981148
157551008514533	157551026762605	157551008391825
157551666106720	157551693381668	157551665955054
157552576783074	157552593420991	157552576568803
157553312753178	157553343667552	157553312605991
157563900706559	157563928739424	157563900457132
157564596378695	157564628795725	157564596237236
157566879315985	157566895808693	157566879139371
157566896027183	157566912479579	157566895809996
157567684285725	157567712642495	157567684114006
157568511722443	157568529506922	157568511432912
157569139012182	157569162972442	157569138867964
157569593569786	157569613066244	157569593394474
157570345096869	157570363093796	157570344752807
157572819210358	157572847194055	157572819080827
157572835227702	157572863868795	157572828236243
157573655539056	157573680690722	157573655400566
157574526527649	157574547698638	157574526369472
157575126105513	157575147978326	157575125996451
157575454925253	157575481486346	157575454793170
157577934873169	157577965686241	157577934707231
157577955406450	157577982356397	157577945621606
157579535193220	157579565972542	157579535052751
157580432883324	157580449612438	157580432742386
157581284543219	157581316742386	157581284418324

=== poll 1790130884.402655253
16666666
157459287884308	157459314806912	157459287756808
157459497692485	157459514911494	157459497561495
157459535440037	157459564941807	157459535301755
157459569702589	157459598287171	157459569581078
157459777070349	157459798353421	157459776958630
157460238293526	157460265112432	157460238162536
157460677435140	157460698450140	157460677307120
157460883417432	157460915168734	157460883288474
157461295738109	157461315258160	157461295605349
157462531100869	157462548736442	157462530978004
157462744778265	157462765485295	157462744650817
157462794015348	157462815501753	157462793871806
157463020951650	157463048910087	157463020823629
157463035721702	157463065582275	157463034936546
157463427514723	157463448957275	157463427379358
157463816121650	157463832380087	157463815916389
157468364627221	157468383263991	157468364491179
157468798579200	157468816653314	157468798486804
157470488420710	157470517058366	157470488290970
157470697553210	157470717172116	157470697424876
157470727443001	157470750529563	157470727317376
157470965407532	157470983989875	157470965269511
157470983452011	157471000668313	157470983329980
157471414770865	157471434167532	157471414644459
157471879839094	157471901051073	157471879797376
157472178773313	157472201192948	157472178619146
157472679565396	157472701414771	157472679462063
157474413642114	157474435697843	157474413525656
157474632049198	157474652469666	157474631895500
157474670643573	157474702509353	157474670502791
157474707189875	157474735863676	157474707077114
157474917533364	157474935961020	157474917386489
157475378670760	157475402889301	157475378541958
157475602758624	157475619720239	157475602629874
157475837587062	157475869858572	157475837465030
157477113667947	157477137097790	157477113533884
157477349285342	157477370510967	157477349129717
157477399591488	157477420525967	157477399461540
157477630935811	157477653936540	157477630803363
157477843504769	157477870664821	157477843346905
157478069621905	157478087405394	157478069483832
157478502107269	157478520900914	157478501968102
157484824335235	157484856841225	157484824178360
157485328172787	157485356959505	157485328052266
157485849085912	157485873775443	157485848946172
157485884362110	157485907115182	157485884225287
157486051229558	157486073825182	157486051068308
157487140380912	157487157248098	157487140299714
157487970127213	157487990798150	157487970004349
157487994333359	157488024139244	157487994230026
157488208052734	157488240869140	157488207902942
157488452027474	157488474246900	157488451807057
157488567659869	157488590928515	157488567553984
157489356720702	157489374366743	157489356607317
157489366139400	157489391034035	157489366056432
157490763236744	157490791388462	157490763103306
157491056391848	157491074766274	157491056224764
157491073685545	157491091439399	157491073560598
157491704083306	157491724930805	157491703957629
157492340282472	157492375079972	157492340151743
157493480542732	157493508733409	157493480353305
157493496286222	157493525405075	157493490916326
157494454178357	157494475820336	157494453995232
157495078057002	157495109413877	157495077870700
157495539367835	157495559605752	157495539199085
157495836464606	157495859701585	157495836320856
157498703775751	157498727707522	157498703598928
157498720872470	157498744377730	157498720742261
157499664589865	157499694753250	157499664471792
157500379950907	157500411716636	157500379784136
157500964800229	157500995338979	157500964663042
157511602732986	157511633536839	157511602415017
157512480335069	157512500478714	157512480203298
157514986443766	157515017728296	157514986291109
157515006115745	157515034397411	157514996966786
157515760937099	157515784576682	157515760779494
157516167292411	157516184631942	157516167153244
157516446280275	157516467956837	157516446156942
157518618162462	157518635304649	157518617931629
157518637617410	157518668656941	157518637500118
157520263720222	157520286138346	157520263581211
157521085160690	157521103034700	157521085014544
157521383787149	157521403086106	157521383613919
157522294305273	157522319967200	157522294156106
157524523504439	157524553902563	157524523349439
157524553382304	157524570578501	157524553244231
157525244480064	157525270782043	157525244356157
157526057088501	157526087705167	157526056794438
157526769164126	157526787982823	157526768986053
157538329733132	157538357740579	157538329544746
157539243584746	157539274707141	157539243433235
157541519453026	157541541988442	157541519285682
157541536200162	157541558662192	157541536084849
157542201945734	157542225579588	157542201784380
157542848951932	157542875919484	157542848709380
157543159088546	157543176036202	157543158960161
157545410668702	157545442974586	157545410517139
157545431193806	157545459644535	157545428690889
157546816222399	157546843228285	157546816080055
157547791679430	157547809926930	157547791536409
157548118102347	157548143319794	157548117955159
157548602598649	157548626657763	157548602461930
157550990176148	157551010092345	157550989981148
157551008514533	157551026762605	157551008391825
157551666106720	157551693381668	157551665955054
157552576783074	157552593420991	157552576568803
157553312753178	157553343667552	157553312605991
157563900706559	157563928739424	157563900457132
157564596378695	157564628795725	157564596237236
157566879315985	157566895808693	157566879139371
157566896027183	157566912479579	157566895809996
157567684285725	157567712642495	157567684114006
157568511722443	157568529506922	157568511432912
157569139012182	157569162972442	157569138867964
157569593569786	157569613066244	157569593394474
157570345096869	157570363093796	157570344752807
157572819210358	157572847194055	157572819080827
157572835227702	157572863868795	157572828236243
157573655539056	157573680690722	157573655400566
157574526527649	157574547698638	157574526369472
157575126105513	157575147978326	157575125996451
157575454925253	157575481486346	157575454793170
157577934873169	157577965686241	157577934707231
157577955406450	157577982356397	157577945621606
157579535193220	157579565972542	157579535052751
157580432883324	157580449612438	157580432742386
157581284543219	157581316742386	157581284418324

=== poll 1790130886.858378586
16666666
157459287884308	157459314806912	157459287756808
157459497692485	157459514911494	157459497561495
157459535440037	157459564941807	157459535301755
157459569702589	157459598287171	157459569581078
157459777070349	157459798353421	157459776958630
157460238293526	157460265112432	157460238162536
157460677435140	157460698450140	157460677307120
157460883417432	157460915168734	157460883288474
157461295738109	157461315258160	157461295605349
157462531100869	157462548736442	157462530978004
157462744778265	157462765485295	157462744650817
157462794015348	157462815501753	157462793871806
157463020951650	157463048910087	157463020823629
157463035721702	157463065582275	157463034936546
157463427514723	157463448957275	157463427379358
157463816121650	157463832380087	157463815916389
157468364627221	157468383263991	157468364491179
157468798579200	157468816653314	157468798486804
157470488420710	157470517058366	157470488290970
157470697553210	157470717172116	157470697424876
157470727443001	157470750529563	157470727317376
157470965407532	157470983989875	157470965269511
157470983452011	157471000668313	157470983329980
157471414770865	157471434167532	157471414644459
157471879839094	157471901051073	157471879797376
157472178773313	157472201192948	157472178619146
157472679565396	157472701414771	157472679462063
157474413642114	157474435697843	157474413525656
157474632049198	157474652469666	157474631895500
157474670643573	157474702509353	157474670502791
157474707189875	157474735863676	157474707077114
157474917533364	157474935961020	157474917386489
157475378670760	157475402889301	157475378541958
157475602758624	157475619720239	157475602629874
157475837587062	157475869858572	157475837465030
157477113667947	157477137097790	157477113533884
157477349285342	157477370510967	157477349129717
157477399591488	157477420525967	157477399461540
157477630935811	157477653936540	157477630803363
157477843504769	157477870664821	157477843346905
157478069621905	157478087405394	157478069483832
157478502107269	157478520900914	157478501968102
157484824335235	157484856841225	157484824178360
157485328172787	157485356959505	157485328052266
157485849085912	157485873775443	157485848946172
157485884362110	157485907115182	157485884225287
157486051229558	157486073825182	157486051068308
157487140380912	157487157248098	157487140299714
157487970127213	157487990798150	157487970004349
157487994333359	157488024139244	157487994230026
157488208052734	157488240869140	157488207902942
157488452027474	157488474246900	157488451807057
157488567659869	157488590928515	157488567553984
157489356720702	157489374366743	157489356607317
157489366139400	157489391034035	157489366056432
157490763236744	157490791388462	157490763103306
157491056391848	157491074766274	157491056224764
157491073685545	157491091439399	157491073560598
157491704083306	157491724930805	157491703957629
157492340282472	157492375079972	157492340151743
157493480542732	157493508733409	157493480353305
157493496286222	157493525405075	157493490916326
157494454178357	157494475820336	157494453995232
157495078057002	157495109413877	157495077870700
157495539367835	157495559605752	157495539199085
157495836464606	157495859701585	157495836320856
157498703775751	157498727707522	157498703598928
157498720872470	157498744377730	157498720742261
157499664589865	157499694753250	157499664471792
157500379950907	157500411716636	157500379784136
157500964800229	157500995338979	157500964663042
157511602732986	157511633536839	157511602415017
157512480335069	157512500478714	157512480203298
157514986443766	157515017728296	157514986291109
157515006115745	157515034397411	157514996966786
157515760937099	157515784576682	157515760779494
157516167292411	157516184631942	157516167153244
157516446280275	157516467956837	157516446156942
157518618162462	157518635304649	157518617931629
157518637617410	157518668656941	157518637500118
157520263720222	157520286138346	157520263581211
157521085160690	157521103034700	157521085014544
157521383787149	157521403086106	157521383613919
157522294305273	157522319967200	157522294156106
157524523504439	157524553902563	157524523349439
157524553382304	157524570578501	157524553244231
157525244480064	157525270782043	157525244356157
157526057088501	157526087705167	157526056794438
157526769164126	157526787982823	157526768986053
157538329733132	157538357740579	157538329544746
157539243584746	157539274707141	157539243433235
157541519453026	157541541988442	157541519285682
157541536200162	157541558662192	157541536084849
157542201945734	157542225579588	157542201784380
157542848951932	157542875919484	157542848709380
157543159088546	157543176036202	157543158960161
157545410668702	157545442974586	157545410517139
157545431193806	157545459644535	157545428690889
157546816222399	157546843228285	157546816080055
157547791679430	157547809926930	157547791536409
157548118102347	157548143319794	157548117955159
157548602598649	157548626657763	157548602461930
157550990176148	157551010092345	157550989981148
157551008514533	157551026762605	157551008391825
157551666106720	157551693381668	157551665955054
157552576783074	157552593420991	157552576568803
157553312753178	157553343667552	157553312605991
157563900706559	157563928739424	157563900457132
157564596378695	157564628795725	157564596237236
157566879315985	157566895808693	157566879139371
157566896027183	157566912479579	157566895809996
157567684285725	157567712642495	157567684114006
157568511722443	157568529506922	157568511432912
157569139012182	157569162972442	157569138867964
157569593569786	157569613066244	157569593394474
157570345096869	157570363093796	157570344752807
157572819210358	157572847194055	157572819080827
157572835227702	157572863868795	157572828236243
157573655539056	157573680690722	157573655400566
157574526527649	157574547698638	157574526369472
157575126105513	157575147978326	157575125996451
157575454925253	157575481486346	157575454793170
157577934873169	157577965686241	157577934707231
157577955406450	157577982356397	157577945621606
157579535193220	157579565972542	157579535052751
157580432883324	157580449612438	157580432742386
157581284543219	157581316742386	157581284418324

=== poll 1790130889.295083116
16666666
157459535440037	157459564941807	157459535301755
157459569702589	157459598287171	157459569581078
157459777070349	157459798353421	157459776958630
157460238293526	157460265112432	157460238162536
157460677435140	157460698450140	157460677307120
157460883417432	157460915168734	157460883288474
157461295738109	157461315258160	157461295605349
157462531100869	157462548736442	157462530978004
157462744778265	157462765485295	157462744650817
157462794015348	157462815501753	157462793871806
157463020951650	157463048910087	157463020823629
157463035721702	157463065582275	157463034936546
157463427514723	157463448957275	157463427379358
157463816121650	157463832380087	157463815916389
157468364627221	157468383263991	157468364491179
157468798579200	157468816653314	157468798486804
157470488420710	157470517058366	157470488290970
157470697553210	157470717172116	157470697424876
157470727443001	157470750529563	157470727317376
157470965407532	157470983989875	157470965269511
157470983452011	157471000668313	157470983329980
157471414770865	157471434167532	157471414644459
157471879839094	157471901051073	157471879797376
157472178773313	157472201192948	157472178619146
157472679565396	157472701414771	157472679462063
157474413642114	157474435697843	157474413525656
157474632049198	157474652469666	157474631895500
157474670643573	157474702509353	157474670502791
157474707189875	157474735863676	157474707077114
157474917533364	157474935961020	157474917386489
157475378670760	157475402889301	157475378541958
157475602758624	157475619720239	157475602629874
157475837587062	157475869858572	157475837465030
157477113667947	157477137097790	157477113533884
157477349285342	157477370510967	157477349129717
157477399591488	157477420525967	157477399461540
157477630935811	157477653936540	157477630803363
157477843504769	157477870664821	157477843346905
157478069621905	157478087405394	157478069483832
157478502107269	157478520900914	157478501968102
157484824335235	157484856841225	157484824178360
157485328172787	157485356959505	157485328052266
157485849085912	157485873775443	157485848946172
157485884362110	157485907115182	157485884225287
157486051229558	157486073825182	157486051068308
157487140380912	157487157248098	157487140299714
157487970127213	157487990798150	157487970004349
157487994333359	157488024139244	157487994230026
157488208052734	157488240869140	157488207902942
157488452027474	157488474246900	157488451807057
157488567659869	157488590928515	157488567553984
157489356720702	157489374366743	157489356607317
157489366139400	157489391034035	157489366056432
157490763236744	157490791388462	157490763103306
157491056391848	157491074766274	157491056224764
157491073685545	157491091439399	157491073560598
157491704083306	157491724930805	157491703957629
157492340282472	157492375079972	157492340151743
157493480542732	157493508733409	157493480353305
157493496286222	157493525405075	157493490916326
157494454178357	157494475820336	157494453995232
157495078057002	157495109413877	157495077870700
157495539367835	157495559605752	157495539199085
157495836464606	157495859701585	157495836320856
157498703775751	157498727707522	157498703598928
157498720872470	157498744377730	157498720742261
157499664589865	157499694753250	157499664471792
157500379950907	157500411716636	157500379784136
157500964800229	157500995338979	157500964663042
157511602732986	157511633536839	157511602415017
157512480335069	157512500478714	157512480203298
157514986443766	157515017728296	157514986291109
157515006115745	157515034397411	157514996966786
157515760937099	157515784576682	157515760779494
157516167292411	157516184631942	157516167153244
157516446280275	157516467956837	157516446156942
157518618162462	157518635304649	157518617931629
157518637617410	157518668656941	157518637500118
157520263720222	157520286138346	157520263581211
157521085160690	157521103034700	157521085014544
157521383787149	157521403086106	157521383613919
157522294305273	157522319967200	157522294156106
157524523504439	157524553902563	157524523349439
157524553382304	157524570578501	157524553244231
157525244480064	157525270782043	157525244356157
157526057088501	157526087705167	157526056794438
157526769164126	157526787982823	157526768986053
157538329733132	157538357740579	157538329544746
157539243584746	157539274707141	157539243433235
157541519453026	157541541988442	157541519285682
157541536200162	157541558662192	157541536084849
157542201945734	157542225579588	157542201784380
157542848951932	157542875919484	157542848709380
157543159088546	157543176036202	157543158960161
157545410668702	157545442974586	157545410517139
157545431193806	157545459644535	157545428690889
157546816222399	157546843228285	157546816080055
157547791679430	157547809926930	157547791536409
157548118102347	157548143319794	157548117955159
157548602598649	157548626657763	157548602461930
157550990176148	157551010092345	157550989981148
157551008514533	157551026762605	157551008391825
157551666106720	157551693381668	157551665955054
157552576783074	157552593420991	157552576568803
157553312753178	157553343667552	157553312605991
157563900706559	157563928739424	157563900457132
157564596378695	157564628795725	157564596237236
157566879315985	157566895808693	157566879139371
157566896027183	157566912479579	157566895809996
157567684285725	157567712642495	157567684114006
157568511722443	157568529506922	157568511432912
157569139012182	157569162972442	157569138867964
157569593569786	157569613066244	157569593394474
157570345096869	157570363093796	157570344752807
157572819210358	157572847194055	157572819080827
157572835227702	157572863868795	157572828236243
157573655539056	157573680690722	157573655400566
157574526527649	157574547698638	157574526369472
157575126105513	157575147978326	157575125996451
157575454925253	157575481486346	157575454793170
157577934873169	157577965686241	157577934707231
157577955406450	157577982356397	157577945621606
157579535193220	157579565972542	157579535052751
157580432883324	157580449612438	157580432742386
157581284543219	157581316742386	157581284418324
157590491580508	157590522019622	157590491396497
157591161002799	157591189044830	157591160870820

=== poll 1790130891.817781240
16666666
157460238293526	157460265112432	157460238162536
157460677435140	157460698450140	157460677307120
157460883417432	157460915168734	157460883288474
157461295738109	157461315258160	157461295605349
157462531100869	157462548736442	157462530978004
157462744778265	157462765485295	157462744650817
157462794015348	157462815501753	157462793871806
157463020951650	157463048910087	157463020823629
157463035721702	157463065582275	157463034936546
157463427514723	157463448957275	157463427379358
157463816121650	157463832380087	157463815916389
157468364627221	157468383263991	157468364491179
157468798579200	157468816653314	157468798486804
157470488420710	157470517058366	157470488290970
157470697553210	157470717172116	157470697424876
157470727443001	157470750529563	157470727317376
157470965407532	157470983989875	157470965269511
157470983452011	157471000668313	157470983329980
157471414770865	157471434167532	157471414644459
157471879839094	157471901051073	157471879797376
157472178773313	157472201192948	157472178619146
157472679565396	157472701414771	157472679462063
157474413642114	157474435697843	157474413525656
157474632049198	157474652469666	157474631895500
157474670643573	157474702509353	157474670502791
157474707189875	157474735863676	157474707077114
157474917533364	157474935961020	157474917386489
157475378670760	157475402889301	157475378541958
157475602758624	157475619720239	157475602629874
157475837587062	157475869858572	157475837465030
157477113667947	157477137097790	157477113533884
157477349285342	157477370510967	157477349129717
157477399591488	157477420525967	157477399461540
157477630935811	157477653936540	157477630803363
157477843504769	157477870664821	157477843346905
157478069621905	157478087405394	157478069483832
157478502107269	157478520900914	157478501968102
157484824335235	157484856841225	157484824178360
157485328172787	157485356959505	157485328052266
157485849085912	157485873775443	157485848946172
157485884362110	157485907115182	157485884225287
157486051229558	157486073825182	157486051068308
157487140380912	157487157248098	157487140299714
157487970127213	157487990798150	157487970004349
157487994333359	157488024139244	157487994230026
157488208052734	157488240869140	157488207902942
157488452027474	157488474246900	157488451807057
157488567659869	157488590928515	157488567553984
157489356720702	157489374366743	157489356607317
157489366139400	157489391034035	157489366056432
157490763236744	157490791388462	157490763103306
157491056391848	157491074766274	157491056224764
157491073685545	157491091439399	157491073560598
157491704083306	157491724930805	157491703957629
157492340282472	157492375079972	157492340151743
157493480542732	157493508733409	157493480353305
157493496286222	157493525405075	157493490916326
157494454178357	157494475820336	157494453995232
157495078057002	157495109413877	157495077870700
157495539367835	157495559605752	157495539199085
157495836464606	157495859701585	157495836320856
157498703775751	157498727707522	157498703598928
157498720872470	157498744377730	157498720742261
157499664589865	157499694753250	157499664471792
157500379950907	157500411716636	157500379784136
157500964800229	157500995338979	157500964663042
157511602732986	157511633536839	157511602415017
157512480335069	157512500478714	157512480203298
157514986443766	157515017728296	157514986291109
157515006115745	157515034397411	157514996966786
157515760937099	157515784576682	157515760779494
157516167292411	157516184631942	157516167153244
157516446280275	157516467956837	157516446156942
157518618162462	157518635304649	157518617931629
157518637617410	157518668656941	157518637500118
157520263720222	157520286138346	157520263581211
157521085160690	157521103034700	157521085014544
157521383787149	157521403086106	157521383613919
157522294305273	157522319967200	157522294156106
157524523504439	157524553902563	157524523349439
157524553382304	157524570578501	157524553244231
157525244480064	157525270782043	157525244356157
157526057088501	157526087705167	157526056794438
157526769164126	157526787982823	157526768986053
157538329733132	157538357740579	157538329544746
157539243584746	157539274707141	157539243433235
157541519453026	157541541988442	157541519285682
157541536200162	157541558662192	157541536084849
157542201945734	157542225579588	157542201784380
157542848951932	157542875919484	157542848709380
157543159088546	157543176036202	157543158960161
157545410668702	157545442974586	157545410517139
157545431193806	157545459644535	157545428690889
157546816222399	157546843228285	157546816080055
157547791679430	157547809926930	157547791536409
157548118102347	157548143319794	157548117955159
157548602598649	157548626657763	157548602461930
157550990176148	157551010092345	157550989981148
157551008514533	157551026762605	157551008391825
157551666106720	157551693381668	157551665955054
157552576783074	157552593420991	157552576568803
157553312753178	157553343667552	157553312605991
157563900706559	157563928739424	157563900457132
157564596378695	157564628795725	157564596237236
157566879315985	157566895808693	157566879139371
157566896027183	157566912479579	157566895809996
157567684285725	157567712642495	157567684114006
157568511722443	157568529506922	157568511432912
157569139012182	157569162972442	157569138867964
157569593569786	157569613066244	157569593394474
157570345096869	157570363093796	157570344752807
157572819210358	157572847194055	157572819080827
157572835227702	157572863868795	157572828236243
157573655539056	157573680690722	157573655400566
157574526527649	157574547698638	157574526369472
157575126105513	157575147978326	157575125996451
157575454925253	157575481486346	157575454793170
157577934873169	157577965686241	157577934707231
157577955406450	157577982356397	157577945621606
157579535193220	157579565972542	157579535052751
157580432883324	157580449612438	157580432742386
157581284543219	157581316742386	157581284418324
157590491580508	157590522019622	157590491396497
157591161002799	157591189044830	157591160870820
157593531869673	157593557267277	157593531706392
157593546385506	157593573942537	157593542976288
157594355280037	157594374431808	157594355122277

=== poll 1790130894.385823687
16666666
157462531100869	157462548736442	157462530978004
157462744778265	157462765485295	157462744650817
157462794015348	157462815501753	157462793871806
157463020951650	157463048910087	157463020823629
157463035721702	157463065582275	157463034936546
157463427514723	157463448957275	157463427379358
157463816121650	157463832380087	157463815916389
157468364627221	157468383263991	157468364491179
157468798579200	157468816653314	157468798486804
157470488420710	157470517058366	157470488290970
157470697553210	157470717172116	157470697424876
157470727443001	157470750529563	157470727317376
157470965407532	157470983989875	157470965269511
157470983452011	157471000668313	157470983329980
157471414770865	157471434167532	157471414644459
157471879839094	157471901051073	157471879797376
157472178773313	157472201192948	157472178619146
157472679565396	157472701414771	157472679462063
157474413642114	157474435697843	157474413525656
157474632049198	157474652469666	157474631895500
157474670643573	157474702509353	157474670502791
157474707189875	157474735863676	157474707077114
157474917533364	157474935961020	157474917386489
157475378670760	157475402889301	157475378541958
157475602758624	157475619720239	157475602629874
157475837587062	157475869858572	157475837465030
157477113667947	157477137097790	157477113533884
157477349285342	157477370510967	157477349129717
157477399591488	157477420525967	157477399461540
157477630935811	157477653936540	157477630803363
157477843504769	157477870664821	157477843346905
157478069621905	157478087405394	157478069483832
157478502107269	157478520900914	157478501968102
157484824335235	157484856841225	157484824178360
157485328172787	157485356959505	157485328052266
157485849085912	157485873775443	157485848946172
157485884362110	157485907115182	157485884225287
157486051229558	157486073825182	157486051068308
157487140380912	157487157248098	157487140299714
157487970127213	157487990798150	157487970004349
157487994333359	157488024139244	157487994230026
157488208052734	157488240869140	157488207902942
157488452027474	157488474246900	157488451807057
157488567659869	157488590928515	157488567553984
157489356720702	157489374366743	157489356607317
157489366139400	157489391034035	157489366056432
157490763236744	157490791388462	157490763103306
157491056391848	157491074766274	157491056224764
157491073685545	157491091439399	157491073560598
157491704083306	157491724930805	157491703957629
157492340282472	157492375079972	157492340151743
157493480542732	157493508733409	157493480353305
157493496286222	157493525405075	157493490916326
157494454178357	157494475820336	157494453995232
157495078057002	157495109413877	157495077870700
157495539367835	157495559605752	157495539199085
157495836464606	157495859701585	157495836320856
157498703775751	157498727707522	157498703598928
157498720872470	157498744377730	157498720742261
157499664589865	157499694753250	157499664471792
157500379950907	157500411716636	157500379784136
157500964800229	157500995338979	157500964663042
157511602732986	157511633536839	157511602415017
157512480335069	157512500478714	157512480203298
157514986443766	157515017728296	157514986291109
157515006115745	157515034397411	157514996966786
157515760937099	157515784576682	157515760779494
157516167292411	157516184631942	157516167153244
157516446280275	157516467956837	157516446156942
157518618162462	157518635304649	157518617931629
157518637617410	157518668656941	157518637500118
157520263720222	157520286138346	157520263581211
157521085160690	157521103034700	157521085014544
157521383787149	157521403086106	157521383613919
157522294305273	157522319967200	157522294156106
157524523504439	157524553902563	157524523349439
157524553382304	157524570578501	157524553244231
157525244480064	157525270782043	157525244356157
157526057088501	157526087705167	157526056794438
157526769164126	157526787982823	157526768986053
157538329733132	157538357740579	157538329544746
157539243584746	157539274707141	157539243433235
157541519453026	157541541988442	157541519285682
157541536200162	157541558662192	157541536084849
157542201945734	157542225579588	157542201784380
157542848951932	157542875919484	157542848709380
157543159088546	157543176036202	157543158960161
157545410668702	157545442974586	157545410517139
157545431193806	157545459644535	157545428690889
157546816222399	157546843228285	157546816080055
157547791679430	157547809926930	157547791536409
157548118102347	157548143319794	157548117955159
157548602598649	157548626657763	157548602461930
157550990176148	157551010092345	157550989981148
157551008514533	157551026762605	157551008391825
157551666106720	157551693381668	157551665955054
157552576783074	157552593420991	157552576568803
157553312753178	157553343667552	157553312605991
157563900706559	157563928739424	157563900457132
157564596378695	157564628795725	157564596237236
157566879315985	157566895808693	157566879139371
157566896027183	157566912479579	157566895809996
157567684285725	157567712642495	157567684114006
157568511722443	157568529506922	157568511432912
157569139012182	157569162972442	157569138867964
157569593569786	157569613066244	157569593394474
157570345096869	157570363093796	157570344752807
157572819210358	157572847194055	157572819080827
157572835227702	157572863868795	157572828236243
157573655539056	157573680690722	157573655400566
157574526527649	157574547698638	157574526369472
157575126105513	157575147978326	157575125996451
157575454925253	157575481486346	157575454793170
157577934873169	157577965686241	157577934707231
157577955406450	157577982356397	157577945621606
157579535193220	157579565972542	157579535052751
157580432883324	157580449612438	157580432742386
157581284543219	157581316742386	157581284418324
157590491580508	157590522019622	157590491396497
157591161002799	157591189044830	157591160870820
157593531869673	157593557267277	157593531706392
157593546385506	157593573942537	157593542976288
157594355280037	157594374431808	157594355122277
157595061753006	157595091691807	157595061568110
157596015436287	157596042557640	157596015235870
157596491089099	157596509698109	157596490900089
157597289947172	157597310423578	157597289743995

