=== poll 1790327952.608642338
8333333
0	0	0
0	0	0
0	0	0
0	0	0
0	0	0
0	0	0
0	0	0
0	0	0
0	0	0
0	0	0
0	0	0
0	0	0
0	0	0
0	0	0
0	0	0
0	0	0
0	0	0
0	0	0
0	0	0
0	0	0
0	0	0
0	0	0
0	0	0
0	0	0
0	0	0
0	0	0
0	0	0
0	0	0
0	0	0
0	0	0
0	0	0
0	0	0
0	0	0
0	0	0
0	0	0
0	0	0
0	0	0
0	0	0
0	0	0
0	0	0
0	0	0
0	0	0
0	0	0
0	0	0
0	0	0
0	0	0
0	0	0
0	0	0
0	0	0
0	0	0
0	0	0
0	0	0
0	0	0
0	0	0
0	0	0
0	0	0
0	0	0
0	0	0
0	0	0
0	0	0
0	0	0
0	0	0
0	0	0
0	0	0
0	0	0
0	0	0
0	0	0
0	0	0
0	0	0
0	0	0
0	0	0
0	0	0
0	0	0
0	0	0
0	0	0
0	0	0
0	0	0
0	0	0
0	0	0
0	0	0
0	0	0
0	0	0
0	0	0
0	0	0
0	0	0
0	0	0
0	0	0
0	0	0
0	0	0
0	0	0
0	0	0
0	0	0
0	0	0
0	0	0
0	0	0
0	0	0
0	0	0
0	0	0
0	0	0
0	0	0
0	0	0
0	0	0
0	0	0
0	0	0
0	0	0
0	0	0
0	0	0
0	0	0
0	0	0
0	0	0
0	0	0
0	0	0
0	0	0
0	0	0
0	0	0
0	0	0
0	0	0
0	0	0
0	0	0
0	0	0
0	0	0
0	0	0
0	0	0
0	0	0
0	0	0
0	0	0
83432236905985	83432255342808	83432235931245

=== poll 1790327954.994003014
8333333
0	0	0
0	0	0
0	0	0
0	0	0
0	0	0
0	0	0
0	0	0
0	0	0
0	0	0
0	0	0
0	0	0
0	0	0
0	0	0
0	0	0
0	0	0
0	0	0
0	0	0
0	0	0
0	0	0
0	0	0
0	0	0
0	0	0
0	0	0
0	0	0
0	0	0
0	0	0
0	0	0
0	0	0
0	0	0
0	0	0
0	0	0
0	0	0
0	0	0
0	0	0
0	0	0
0	0	0
0	0	0
0	0	0
0	0	0
0	0	0
0	0	0
0	0	0
0	0	0
0	0	0
0	0	0
0	0	0
0	0	0
0	0	0
0	0	0
0	0	0
0	0	0
0	0	0
0	0	0
0	0	0
0	0	0
0	0	0
0	0	0
0	0	0
0	0	0
0	0	0
0	0	0
0	0	0
0	0	0
0	0	0
0	0	0
0	0	0
0	0	0
0	0	0
0	0	0
0	0	0
0	0	0
0	0	0
0	0	0
0	0	0
0	0	0
0	0	0
0	0	0
0	0	0
0	0	0
0	0	0
0	0	0
0	0	0
0	0	0
0	0	0
0	0	0
0	0	0
0	0	0
0	0	0
0	0	0
0	0	0
0	0	0
0	0	0
0	0	0
0	0	0
0	0	0
0	0	0
0	0	0
0	0	0
0	0	0
0	0	0
0	0	0
0	0	0
0	0	0
0	0	0
0	0	0
0	0	0
0	0	0
0	0	0
0	0	0
0	0	0
0	0	0
0	0	0
0	0	0
0	0	0
0	0	0
0	0	0
0	0	0
0	0	0
0	0	0
0	0	0
0	0	0
0	0	0
0	0	0
0	0	0
0	0	0
0	0	0
83432236905985	83432255342808	83432235931245

=== poll 1790327957.275235357
8333333
0	0	0
0	0	0
0	0	0
0	0	0
0	0	0
0	0	0
0	0	0
0	0	0
0	0	0
0	0	0
0	0	0
0	0	0
0	0	0
0	0	0
0	0	0
0	0	0
0	0	0
0	0	0
0	0	0
0	0	0
0	0	0
0	0	0
0	0	0
0	0	0
0	0	0
0	0	0
0	0	0
0	0	0
0	0	0
0	0	0
0	0	0
0	0	0
0	0	0
0	0	0
0	0	0
0	0	0
0	0	0
0	0	0
0	0	0
0	0	0
0	0	0
0	0	0
0	0	0
0	0	0
0	0	0
0	0	0
0	0	0
0	0	0
0	0	0
0	0	0
0	0	0
0	0	0
0	0	0
0	0	0
0	0	0
0	0	0
0	0	0
0	0	0
0	0	0
0	0	0
0	0	0
0	0	0
0	0	0
0	0	0
0	0	0
0	0	0
0	0	0
0	0	0
0	0	0
0	0	0
0	0	0
0	0	0
0	0	0
0	0	0
0	0	0
0	0	0
0	0	0
0	0	0
0	0	0
0	0	0
0	0	0
0	0	0
0	0	0
0	0	0
0	0	0
0	0	0
0	0	0
0	0	0
0	0	0
0	0	0
0	0	0
0	0	0
0	0	0
0	0	0
0	0	0
0	0	0
0	0	0
0	0	0
0	0	0
0	0	0
0	0	0
0	0	0
0	0	0
0	0	0
0	0	0
0	0	0
0	0	0
0	0	0
0	0	0
0	0	0
0	0	0
0	0	0
0	0	0
0	0	0
0	0	0
0	0	0
83432236905985	83432255342808	83432235931245
83441049744419	83441067796815	83441049369367
83441179555981	83441192749991	83441179455200
83441186848377	83441201080251	83441186793273
83441535758689	83441550978116	83441535651398
83442987025408	83443000162230	83442986943533
83443088193012	83443100098689	83443088084418
83443094659626	83443108428949	83443094602491
83443104054158	83443116757908	83443103965564
83443111659470	83443125086396	83443111585876
83443209674314	83443225019001	83443209559522

=== poll 1790327959.616671242
8333333
0	0	0
0	0	0
0	0	0
0	0	0
0	0	0
0	0	0
0	0	0
0	0	0
0	0	0
0	0	0
0	0	0
0	0	0
0	0	0
0	0	0
0	0	0
0	0	0
0	0	0
0	0	0
0	0	0
0	0	0
0	0	0
0	0	0
0	0	0
0	0	0
0	0	0
0	0	0
0	0	0
0	0	0
0	0	0
0	0	0
0	0	0
0	0	0
0	0	0
0	0	0
0	0	0
0	0	0
0	0	0
0	0	0
0	0	0
0	0	0
0	0	0
0	0	0
0	0	0
0	0	0
0	0	0
0	0	0
0	0	0
0	0	0
0	0	0
0	0	0
0	0	0
0	0	0
0	0	0
0	0	0
0	0	0
0	0	0
0	0	0
0	0	0
0	0	0
0	0	0
0	0	0
0	0	0
0	0	0
0	0	0
0	0	0
0	0	0
0	0	0
0	0	0
0	0	0
0	0	0
0	0	0
0	0	0
0	0	0
0	0	0
0	0	0
0	0	0
0	0	0
0	0	0
0	0	0
0	0	0
0	0	0
0	0	0
0	0	0
0	0	0
0	0	0
0	0	0
83432236905985	83432255342808	83432235931245
83441049744419	83441067796815	83441049369367
83441179555981	83441192749991	83441179455200
83441186848377	83441201080251	83441186793273
83441535758689	83441550978116	83441535651398
83442987025408	83443000162230	83442986943533
83443088193012	83443100098689	83443088084418
83443094659626	83443108428949	83443094602491
83443104054158	83443116757908	83443103965564
83443111659470	83443125086396	83443111585876
83443209674314	83443225019001	83443209559522
83443301555824	83443316636657	83443301440460
83443362719939	83443374931293	83443362583637
83443377518585	83443391584522	83443377436501
83443402625251	83443416571137	83443402546189
83443419476137	83443433231344	83443419392803
83443452768585	83443466545720	83443452671345
83443952779261	83443966310511	83443952636657
83443967831605	83443982977386	83443967756084
83443978759366	83443991311709	83443978671345
83443985371866	83443999644052	83443985324001
83444006474418	83444024635980	83444006402439
83444014245824	83444032969417	83444014171918
83444020406761	83444041301396	83444020351501
83444038460876	83444049631084	83444038389782
83444049558949	83444066294678	83444049466397
83444055711605	83444074626189	83444055650876
83444060814886	83444082956969	83444060741136
83444079482959	83444091289156	83444079399105
83444092967022	83444107949834	83444092863168
83444100226553	83444116280875	83444100168116
83444102719574	83444124612334	83444102643063
83444113953428	83444132944209	83444113891293
83444126136345	83444141276865	83444126080616
83444139089782	83444157937907	83444139027647
83444153839886	83444166268532	83444153757491
83444163821241	83444174597959	83444163744418
83444173073220	83444191255042	83444172994418
83444178747647	83444199583949	83444178697126
83444386937803	83444399436709	83444386830355
83444403450355	83444416093688	83444403309313

=== poll 1790327961.863794939
8333333
0	0	0
0	0	0
0	0	0
0	0	0
0	0	0
0	0	0
0	0	0
0	0	0
0	0	0
0	0	0
0	0	0
0	0	0
0	0	0
0	0	0
0	0	0
0	0	0
0	0	0
0	0	0
0	0	0
0	0	0
0	0	0
0	0	0
0	0	0
0	0	0
0	0	0
0	0	0
0	0	0
0	0	0
0	0	0
0	0	0
0	0	0
0	0	0
0	0	0
0	0	0
0	0	0
0	0	0
0	0	0
0	0	0
0	0	0
0	0	0
0	0	0
0	0	0
0	0	0
0	0	0
0	0	0
0	0	0
0	0	0
0	0	0
0	0	0
0	0	0
0	0	0
0	0	0
0	0	0
0	0	0
0	0	0
0	0	0
0	0	0
0	0	0
0	0	0
0	0	0
0	0	0
0	0	0
0	0	0
0	0	0
0	0	0
0	0	0
0	0	0
0	0	0
0	0	0
0	0	0
0	0	0
0	0	0
0	0	0
0	0	0
0	0	0
0	0	0
0	0	0
0	0	0
0	0	0
0	0	0
0	0	0
0	0	0
0	0	0
0	0	0
0	0	0
0	0	0
83432236905985	83432255342808	83432235931245
83441049744419	83441067796815	83441049369367
83441179555981	83441192749991	83441179455200
83441186848377	83441201080251	83441186793273
83441535758689	83441550978116	83441535651398
83442987025408	83443000162230	83442986943533
83443088193012	83443100098689	83443088084418
83443094659626	83443108428949	83443094602491
83443104054158	83443116757908	83443103965564
83443111659470	83443125086396	83443111585876
83443209674314	83443225019001	83443209559522
83443301555824	83443316636657	83443301440460
83443362719939	83443374931293	83443362583637
83443377518585	83443391584522	83443377436501
83443402625251	83443416571137	83443402546189
83443419476137	83443433231344	83443419392803
83443452768585	83443466545720	83443452671345
83443952779261	83443966310511	83443952636657
83443967831605	83443982977386	83443967756084
83443978759366	83443991311709	83443978671345
83443985371866	83443999644052	83443985324001
83444006474418	83444024635980	83444006402439
83444014245824	83444032969417	83444014171918
83444020406761	83444041301396	83444020351501
83444038460876	83444049631084	83444038389782
83444049558949	83444066294678	83444049466397
83444055711605	83444074626189	83444055650876
83444060814886	83444082956969	83444060741136
83444079482959	83444091289156	83444079399105
83444092967022	83444107949834	83444092863168
83444100226553	83444116280875	83444100168116
83444102719574	83444124612334	83444102643063
83444113953428	83444132944209	83444113891293
83444126136345	83444141276865	83444126080616
83444139089782	83444157937907	83444139027647
83444153839886	83444166268532	83444153757491
83444163821241	83444174597959	83444163744418
83444173073220	83444191255042	83444172994418
83444178747647	83444199583949	83444178697126
83444386937803	83444399436709	83444386830355
83444403450355	83444416093688	83444403309313

=== poll 1790327964.094234521
8333333
0	0	0
0	0	0
0	0	0
0	0	0
0	0	0
0	0	0
0	0	0
0	0	0
0	0	0
0	0	0
0	0	0
0	0	0
0	0	0
0	0	0
0	0	0
0	0	0
0	0	0
0	0	0
0	0	0
0	0	0
0	0	0
0	0	0
0	0	0
0	0	0
0	0	0
0	0	0
0	0	0
0	0	0
0	0	0
0	0	0
0	0	0
0	0	0
0	0	0
0	0	0
0	0	0
0	0	0
0	0	0
0	0	0
0	0	0
0	0	0
0	0	0
0	0	0
0	0	0
0	0	0
0	0	0
0	0	0
0	0	0
0	0	0
0	0	0
0	0	0
0	0	0
0	0	0
0	0	0
0	0	0
0	0	0
0	0	0
0	0	0
0	0	0
0	0	0
0	0	0
0	0	0
0	0	0
0	0	0
0	0	0
0	0	0
0	0	0
0	0	0
0	0	0
0	0	0
0	0	0
0	0	0
0	0	0
0	0	0
0	0	0
0	0	0
0	0	0
0	0	0
0	0	0
0	0	0
0	0	0
0	0	0
0	0	0
0	0	0
0	0	0
0	0	0
0	0	0
83432236905985	83432255342808	83432235931245
83441049744419	83441067796815	83441049369367
83441179555981	83441192749991	83441179455200
83441186848377	83441201080251	83441186793273
83441535758689	83441550978116	83441535651398
83442987025408	83443000162230	83442986943533
83443088193012	83443100098689	83443088084418
83443094659626	83443108428949	83443094602491
83443104054158	83443116757908	83443103965564
83443111659470	83443125086396	83443111585876
83443209674314	83443225019001	83443209559522
83443301555824	83443316636657	83443301440460
83443362719939	83443374931293	83443362583637
83443377518585	83443391584522	83443377436501
83443402625251	83443416571137	83443402546189
83443419476137	83443433231344	83443419392803
83443452768585	83443466545720	83443452671345
83443952779261	83443966310511	83443952636657
83443967831605	83443982977386	83443967756084
83443978759366	83443991311709	83443978671345
83443985371866	83443999644052	83443985324001
83444006474418	83444024635980	83444006402439
83444014245824	83444032969417	83444014171918
83444020406761	83444041301396	83444020351501
83444038460876	83444049631084	83444038389782
83444049558949	83444066294678	83444049466397
83444055711605	83444074626189	83444055650876
83444060814886	83444082956969	83444060741136
83444079482959	83444091289156	83444079399105
83444092967022	83444107949834	83444092863168
83444100226553	83444116280875	83444100168116
83444102719574	83444124612334	83444102643063
83444113953428	83444132944209	83444113891293
83444126136345	83444141276865	83444126080616
83444139089782	83444157937907	83444139027647
83444153839886	83444166268532	83444153757491
83444163821241	83444174597959	83444163744418
83444173073220	83444191255042	83444172994418
83444178747647	83444199583949	83444178697126
83444386937803	83444399436709	83444386830355
83444403450355	83444416093688	83444403309313

=== poll 1790327966.340331135
8333333
0	0	0
0	0	0
0	0	0
0	0	0
0	0	0
0	0	0
0	0	0
0	0	0
0	0	0
0	0	0
0	0	0
0	0	0
0	0	0
0	0	0
0	0	0
0	0	0
0	0	0
0	0	0
0	0	0
0	0	0
0	0	0
0	0	0
0	0	0
0	0	0
0	0	0
0	0	0
0	0	0
0	0	0
0	0	0
0	0	0
0	0	0
0	0	0
0	0	0
0	0	0
0	0	0
0	0	0
0	0	0
0	0	0
0	0	0
0	0	0
0	0	0
0	0	0
0	0	0
0	0	0
0	0	0
0	0	0
0	0	0
0	0	0
0	0	0
0	0	0
0	0	0
0	0	0
0	0	0
0	0	0
0	0	0
0	0	0
0	0	0
0	0	0
0	0	0
0	0	0
0	0	0
0	0	0
0	0	0
0	0	0
0	0	0
0	0	0
0	0	0
0	0	0
0	0	0
0	0	0
0	0	0
0	0	0
0	0	0
0	0	0
0	0	0
0	0	0
0	0	0
0	0	0
0	0	0
0	0	0
0	0	0
0	0	0
0	0	0
0	0	0
0	0	0
0	0	0
83432236905985	83432255342808	83432235931245
83441049744419	83441067796815	83441049369367
83441179555981	83441192749991	83441179455200
83441186848377	83441201080251	83441186793273
83441535758689	83441550978116	83441535651398
83442987025408	83443000162230	83442986943533
83443088193012	83443100098689	83443088084418
83443094659626	83443108428949	83443094602491
83443104054158	83443116757908	83443103965564
83443111659470	83443125086396	83443111585876
83443209674314	83443225019001	83443209559522
83443301555824	83443316636657	83443301440460
83443362719939	83443374931293	83443362583637
83443377518585	83443391584522	83443377436501
83443402625251	83443416571137	83443402546189
83443419476137	83443433231344	83443419392803
83443452768585	83443466545720	83443452671345
83443952779261	83443966310511	83443952636657
83443967831605	83443982977386	83443967756084
83443978759366	83443991311709	83443978671345
83443985371866	83443999644052	83443985324001
83444006474418	83444024635980	83444006402439
83444014245824	83444032969417	83444014171918
83444020406761	83444041301396	83444020351501
83444038460876	83444049631084	83444038389782
83444049558949	83444066294678	83444049466397
83444055711605	83444074626189	83444055650876
83444060814886	83444082956969	83444060741136
83444079482959	83444091289156	83444079399105
83444092967022	83444107949834	83444092863168
83444100226553	83444116280875	83444100168116
83444102719574	83444124612334	83444102643063
83444113953428	83444132944209	83444113891293
83444126136345	83444141276865	83444126080616
83444139089782	83444157937907	83444139027647
83444153839886	83444166268532	83444153757491
83444163821241	83444174597959	83444163744418
83444173073220	83444191255042	83444172994418
83444178747647	83444199583949	83444178697126
83444386937803	83444399436709	83444386830355
83444403450355	83444416093688	83444403309313

=== poll 1790327968.576298738
8333333
0	0	0
0	0	0
0	0	0
0	0	0
0	0	0
0	0	0
0	0	0
0	0	0
0	0	0
0	0	0
0	0	0
0	0	0
0	0	0
0	0	0
0	0	0
0	0	0
0	0	0
0	0	0
0	0	0
0	0	0
0	0	0
0	0	0
0	0	0
0	0	0
0	0	0
0	0	0
0	0	0
0	0	0
0	0	0
0	0	0
0	0	0
0	0	0
0	0	0
0	0	0
0	0	0
0	0	0
0	0	0
0	0	0
0	0	0
0	0	0
0	0	0
0	0	0
0	0	0
0	0	0
0	0	0
0	0	0
0	0	0
0	0	0
0	0	0
0	0	0
0	0	0
0	0	0
0	0	0
0	0	0
0	0	0
0	0	0
0	0	0
0	0	0
0	0	0
0	0	0
0	0	0
0	0	0
0	0	0
0	0	0
0	0	0
0	0	0
0	0	0
0	0	0
0	0	0
0	0	0
0	0	0
0	0	0
0	0	0
0	0	0
0	0	0
0	0	0
0	0	0
0	0	0
0	0	0
0	0	0
0	0	0
0	0	0
0	0	0
0	0	0
0	0	0
0	0	0
83432236905985	83432255342808	83432235931245
83441049744419	83441067796815	83441049369367
83441179555981	83441192749991	83441179455200
83441186848377	83441201080251	83441186793273
83441535758689	83441550978116	83441535651398
83442987025408	83443000162230	83442986943533
83443088193012	83443100098689	83443088084418
83443094659626	83443108428949	83443094602491
83443104054158	83443116757908	83443103965564
83443111659470	83443125086396	83443111585876
83443209674314	83443225019001	83443209559522
83443301555824	83443316636657	83443301440460
83443362719939	83443374931293	83443362583637
83443377518585	83443391584522	83443377436501
83443402625251	83443416571137	83443402546189
83443419476137	83443433231344	83443419392803
83443452768585	83443466545720	83443452671345
83443952779261	83443966310511	83443952636657
83443967831605	83443982977386	83443967756084
83443978759366	83443991311709	83443978671345
83443985371866	83443999644052	83443985324001
83444006474418	83444024635980	83444006402439
83444014245824	83444032969417	83444014171918
83444020406761	83444041301396	83444020351501
83444038460876	83444049631084	83444038389782
83444049558949	83444066294678	83444049466397
83444055711605	83444074626189	83444055650876
83444060814886	83444082956969	83444060741136
83444079482959	83444091289156	83444079399105
83444092967022	83444107949834	83444092863168
83444100226553	83444116280875	83444100168116
83444102719574	83444124612334	83444102643063
83444113953428	83444132944209	83444113891293
83444126136345	83444141276865	83444126080616
83444139089782	83444157937907	83444139027647
83444153839886	83444166268532	83444153757491
83444163821241	83444174597959	83444163744418
83444173073220	83444191255042	83444172994418
83444178747647	83444199583949	83444178697126
83444386937803	83444399436709	83444386830355
83444403450355	83444416093688	83444403309313

=== poll 1790327970.813275561
8333333
0	0	0
0	0	0
0	0	0
0	0	0
0	0	0
0	0	0
0	0	0
0	0	0
0	0	0
0	0	0
0	0	0
0	0	0
0	0	0
0	0	0
0	0	0
0	0	0
0	0	0
0	0	0
0	0	0
0	0	0
0	0	0
0	0	0
0	0	0
0	0	0
0	0	0
0	0	0
0	0	0
0	0	0
0	0	0
0	0	0
0	0	0
0	0	0
0	0	0
0	0	0
0	0	0
0	0	0
0	0	0
0	0	0
0	0	0
0	0	0
0	0	0
0	0	0
0	0	0
0	0	0
0	0	0
0	0	0
0	0	0
0	0	0
0	0	0
0	0	0
0	0	0
0	0	0
0	0	0
0	0	0
0	0	0
0	0	0
0	0	0
0	0	0
0	0	0
0	0	0
0	0	0
0	0	0
0	0	0
0	0	0
0	0	0
0	0	0
0	0	0
0	0	0
0	0	0
0	0	0
0	0	0
0	0	0
0	0	0
0	0	0
0	0	0
0	0	0
0	0	0
0	0	0
0	0	0
0	0	0
0	0	0
0	0	0
0	0	0
0	0	0
0	0	0
0	0	0
83432236905985	83432255342808	83432235931245
83441049744419	83441067796815	83441049369367
83441179555981	83441192749991	83441179455200
83441186848377	83441201080251	83441186793273
83441535758689	83441550978116	83441535651398
83442987025408	83443000162230	83442986943533
83443088193012	83443100098689	83443088084418
83443094659626	83443108428949	83443094602491
83443104054158	83443116757908	83443103965564
83443111659470	83443125086396	83443111585876
83443209674314	83443225019001	83443209559522
83443301555824	83443316636657	83443301440460
83443362719939	83443374931293	83443362583637
83443377518585	83443391584522	83443377436501
83443402625251	83443416571137	83443402546189
83443419476137	83443433231344	83443419392803
83443452768585	83443466545720	83443452671345
83443952779261	83443966310511	83443952636657
83443967831605	83443982977386	83443967756084
83443978759366	83443991311709	83443978671345
83443985371866	83443999644052	83443985324001
83444006474418	83444024635980	83444006402439
83444014245824	83444032969417	83444014171918
83444020406761	83444041301396	83444020351501
83444038460876	83444049631084	83444038389782
83444049558949	83444066294678	83444049466397
83444055711605	83444074626189	83444055650876
83444060814886	83444082956969	83444060741136
83444079482959	83444091289156	83444079399105
83444092967022	83444107949834	83444092863168
83444100226553	83444116280875	83444100168116
83444102719574	83444124612334	83444102643063
83444113953428	83444132944209	83444113891293
83444126136345	83444141276865	83444126080616
83444139089782	83444157937907	83444139027647
83444153839886	83444166268532	83444153757491
83444163821241	83444174597959	83444163744418
83444173073220	83444191255042	83444172994418
83444178747647	83444199583949	83444178697126
83444386937803	83444399436709	83444386830355
83444403450355	83444416093688	83444403309313

=== poll 1790327973.028712903
8333333
0	0	0
0	0	0
0	0	0
0	0	0
0	0	0
0	0	0
0	0	0
0	0	0
0	0	0
0	0	0
0	0	0
0	0	0
0	0	0
0	0	0
0	0	0
0	0	0
0	0	0
0	0	0
0	0	0
0	0	0
0	0	0
0	0	0
0	0	0
0	0	0
0	0	0
0	0	0
0	0	0
0	0	0
0	0	0
0	0	0
0	0	0
0	0	0
0	0	0
0	0	0
0	0	0
0	0	0
0	0	0
0	0	0
0	0	0
0	0	0
0	0	0
0	0	0
0	0	0
0	0	0
0	0	0
0	0	0
0	0	0
0	0	0
0	0	0
0	0	0
0	0	0
0	0	0
0	0	0
0	0	0
0	0	0
0	0	0
0	0	0
0	0	0
0	0	0
0	0	0
0	0	0
0	0	0
0	0	0
0	0	0
0	0	0
0	0	0
0	0	0
0	0	0
0	0	0
0	0	0
0	0	0
0	0	0
0	0	0
0	0	0
0	0	0
0	0	0
0	0	0
0	0	0
0	0	0
0	0	0
0	0	0
0	0	0
0	0	0
0	0	0
0	0	0
0	0	0
83432236905985	83432255342808	83432235931245
83441049744419	83441067796815	83441049369367
83441179555981	83441192749991	83441179455200
83441186848377	83441201080251	83441186793273
83441535758689	83441550978116	83441535651398
83442987025408	83443000162230	83442986943533
83443088193012	83443100098689	83443088084418
83443094659626	83443108428949	83443094602491
83443104054158	83443116757908	83443103965564
83443111659470	83443125086396	83443111585876
83443209674314	83443225019001	83443209559522
83443301555824	83443316636657	83443301440460
83443362719939	83443374931293	83443362583637
83443377518585	83443391584522	83443377436501
83443402625251	83443416571137	83443402546189
83443419476137	83443433231344	83443419392803
83443452768585	83443466545720	83443452671345
83443952779261	83443966310511	83443952636657
83443967831605	83443982977386	83443967756084
83443978759366	83443991311709	83443978671345
83443985371866	83443999644052	83443985324001
83444006474418	83444024635980	83444006402439
83444014245824	83444032969417	83444014171918
83444020406761	83444041301396	83444020351501
83444038460876	83444049631084	83444038389782
83444049558949	83444066294678	83444049466397
83444055711605	83444074626189	83444055650876
83444060814886	83444082956969	83444060741136
83444079482959	83444091289156	83444079399105
83444092967022	83444107949834	83444092863168
83444100226553	83444116280875	83444100168116
83444102719574	83444124612334	83444102643063
83444113953428	83444132944209	83444113891293
83444126136345	83444141276865	83444126080616
83444139089782	83444157937907	83444139027647
83444153839886	83444166268532	83444153757491
83444163821241	83444174597959	83444163744418
83444173073220	83444191255042	83444172994418
83444178747647	83444199583949	83444178697126
83444386937803	83444399436709	83444386830355
83444403450355	83444416093688	83444403309313

=== poll 1790327975.256915871
8333333
0	0	0
0	0	0
0	0	0
0	0	0
0	0	0
0	0	0
0	0	0
0	0	0
0	0	0
0	0	0
0	0	0
0	0	0
0	0	0
0	0	0
0	0	0
0	0	0
0	0	0
0	0	0
0	0	0
0	0	0
0	0	0
0	0	0
0	0	0
0	0	0
0	0	0
0	0	0
0	0	0
0	0	0
0	0	0
0	0	0
0	0	0
0	0	0
0	0	0
0	0	0
0	0	0
0	0	0
0	0	0
0	0	0
0	0	0
0	0	0
0	0	0
0	0	0
0	0	0
0	0	0
0	0	0
0	0	0
0	0	0
0	0	0
0	0	0
0	0	0
0	0	0
0	0	0
0	0	0
0	0	0
0	0	0
0	0	0
0	0	0
0	0	0
0	0	0
0	0	0
0	0	0
0	0	0
0	0	0
0	0	0
0	0	0
0	0	0
0	0	0
0	0	0
0	0	0
0	0	0
0	0	0
0	0	0
0	0	0
0	0	0
0	0	0
0	0	0
0	0	0
0	0	0
0	0	0
0	0	0
0	0	0
0	0	0
0	0	0
0	0	0
0	0	0
0	0	0
83432236905985	83432255342808	83432235931245
83441049744419	83441067796815	83441049369367
83441179555981	83441192749991	83441179455200
83441186848377	83441201080251	83441186793273
83441535758689	83441550978116	83441535651398
83442987025408	83443000162230	83442986943533
83443088193012	83443100098689	83443088084418
83443094659626	83443108428949	83443094602491
83443104054158	83443116757908	83443103965564
83443111659470	83443125086396	83443111585876
83443209674314	83443225019001	83443209559522
83443301555824	83443316636657	83443301440460
83443362719939	83443374931293	83443362583637
83443377518585	83443391584522	83443377436501
83443402625251	83443416571137	83443402546189
83443419476137	83443433231344	83443419392803
83443452768585	83443466545720	83443452671345
83443952779261	83443966310511	83443952636657
83443967831605	83443982977386	83443967756084
83443978759366	83443991311709	83443978671345
83443985371866	83443999644052	83443985324001
83444006474418	83444024635980	83444006402439
83444014245824	83444032969417	83444014171918
83444020406761	83444041301396	83444020351501
83444038460876	83444049631084	83444038389782
83444049558949	83444066294678	83444049466397
83444055711605	83444074626189	83444055650876
83444060814886	83444082956969	83444060741136
83444079482959	83444091289156	83444079399105
83444092967022	83444107949834	83444092863168
83444100226553	83444116280875	83444100168116
83444102719574	83444124612334	83444102643063
83444113953428	83444132944209	83444113891293
83444126136345	83444141276865	83444126080616
83444139089782	83444157937907	83444139027647
83444153839886	83444166268532	83444153757491
83444163821241	83444174597959	83444163744418
83444173073220	83444191255042	83444172994418
83444178747647	83444199583949	83444178697126
83444386937803	83444399436709	83444386830355
83444403450355	83444416093688	83444403309313

=== poll 1790327977.498711652
8333333
0	0	0
0	0	0
0	0	0
0	0	0
0	0	0
0	0	0
0	0	0
0	0	0
0	0	0
0	0	0
0	0	0
0	0	0
0	0	0
0	0	0
0	0	0
0	0	0
0	0	0
0	0	0
0	0	0
0	0	0
0	0	0
0	0	0
0	0	0
0	0	0
0	0	0
0	0	0
0	0	0
0	0	0
0	0	0
0	0	0
0	0	0
0	0	0
0	0	0
0	0	0
0	0	0
0	0	0
0	0	0
0	0	0
0	0	0
0	0	0
0	0	0
0	0	0
0	0	0
0	0	0
0	0	0
0	0	0
0	0	0
0	0	0
0	0	0
0	0	0
0	0	0
0	0	0
0	0	0
0	0	0
0	0	0
0	0	0
0	0	0
0	0	0
0	0	0
0	0	0
0	0	0
0	0	0
0	0	0
0	0	0
0	0	0
0	0	0
0	0	0
0	0	0
0	0	0
0	0	0
0	0	0
0	0	0
0	0	0
0	0	0
0	0	0
0	0	0
0	0	0
0	0	0
0	0	0
0	0	0
0	0	0
0	0	0
0	0	0
0	0	0
0	0	0
0	0	0
83432236905985	83432255342808	83432235931245
83441049744419	83441067796815	83441049369367
83441179555981	83441192749991	83441179455200
83441186848377	83441201080251	83441186793273
83441535758689	83441550978116	83441535651398
83442987025408	83443000162230	83442986943533
83443088193012	83443100098689	83443088084418
83443094659626	83443108428949	83443094602491
83443104054158	83443116757908	83443103965564
83443111659470	83443125086396	83443111585876
83443209674314	83443225019001	83443209559522
83443301555824	83443316636657	83443301440460
83443362719939	83443374931293	83443362583637
83443377518585	83443391584522	83443377436501
83443402625251	83443416571137	83443402546189
83443419476137	83443433231344	83443419392803
83443452768585	83443466545720	83443452671345
83443952779261	83443966310511	83443952636657
83443967831605	83443982977386	83443967756084
83443978759366	83443991311709	83443978671345
83443985371866	83443999644052	83443985324001
83444006474418	83444024635980	83444006402439
83444014245824	83444032969417	83444014171918
83444020406761	83444041301396	83444020351501
83444038460876	83444049631084	83444038389782
83444049558949	83444066294678	83444049466397
83444055711605	83444074626189	83444055650876
83444060814886	83444082956969	83444060741136
83444079482959	83444091289156	83444079399105
83444092967022	83444107949834	83444092863168
83444100226553	83444116280875	83444100168116
83444102719574	83444124612334	83444102643063
83444113953428	83444132944209	83444113891293
83444126136345	83444141276865	83444126080616
83444139089782	83444157937907	83444139027647
83444153839886	83444166268532	83444153757491
83444163821241	83444174597959	83444163744418
83444173073220	83444191255042	83444172994418
83444178747647	83444199583949	83444178697126
83444386937803	83444399436709	83444386830355
83444403450355	83444416093688	83444403309313

=== poll 1790327979.800474151
8333333
0	0	0
0	0	0
0	0	0
0	0	0
0	0	0
0	0	0
0	0	0
0	0	0
0	0	0
0	0	0
0	0	0
0	0	0
0	0	0
0	0	0
0	0	0
0	0	0
0	0	0
0	0	0
0	0	0
0	0	0
0	0	0
0	0	0
0	0	0
0	0	0
0	0	0
0	0	0
0	0	0
0	0	0
0	0	0
0	0	0
0	0	0
0	0	0
0	0	0
0	0	0
0	0	0
0	0	0
0	0	0
0	0	0
0	0	0
0	0	0
0	0	0
0	0	0
0	0	0
0	0	0
0	0	0
0	0	0
0	0	0
0	0	0
0	0	0
0	0	0
0	0	0
0	0	0
0	0	0
0	0	0
0	0	0
0	0	0
0	0	0
0	0	0
0	0	0
0	0	0
0	0	0
0	0	0
0	0	0
0	0	0
0	0	0
0	0	0
0	0	0
0	0	0
0	0	0
0	0	0
0	0	0
0	0	0
0	0	0
0	0	0
0	0	0
0	0	0
83432236905985	83432255342808	83432235931245
83441049744419	83441067796815	83441049369367
83441179555981	83441192749991	83441179455200
83441186848377	83441201080251	83441186793273
83441535758689	83441550978116	83441535651398
83442987025408	83443000162230	83442986943533
83443088193012	83443100098689	83443088084418
83443094659626	83443108428949	83443094602491
83443104054158	83443116757908	83443103965564
83443111659470	83443125086396	83443111585876
83443209674314	83443225019001	83443209559522
83443301555824	83443316636657	83443301440460
83443362719939	83443374931293	83443362583637
83443377518585	83443391584522	83443377436501
83443402625251	83443416571137	83443402546189
83443419476137	83443433231344	83443419392803
83443452768585	83443466545720	83443452671345
83443952779261	83443966310511	83443952636657
83443967831605	83443982977386	83443967756084
83443978759366	83443991311709	83443978671345
83443985371866	83443999644052	83443985324001
83444006474418	83444024635980	83444006402439
83444014245824	83444032969417	83444014171918
83444020406761	83444041301396	83444020351501
83444038460876	83444049631084	83444038389782
83444049558949	83444066294678	83444049466397
83444055711605	83444074626189	83444055650876
83444060814886	83444082956969	83444060741136
83444079482959	83444091289156	83444079399105
83444092967022	83444107949834	83444092863168
83444100226553	83444116280875	83444100168116
83444102719574	83444124612334	83444102643063
83444113953428	83444132944209	83444113891293
83444126136345	83444141276865	83444126080616
83444139089782	83444157937907	83444139027647
83444153839886	83444166268532	83444153757491
83444163821241	83444174597959	83444163744418
83444173073220	83444191255042	83444172994418
83444178747647	83444199583949	83444178697126
83444386937803	83444399436709	83444386830355
83444403450355	83444416093688	83444403309313
83465039920451	83465055654617	83465039722431
83465041797795	83465063983263	83465041694045
83465051402691	83465072312013	83465051341701
83465066490660	83465080640659	83465066391337
83465125244514	83465138946492	83465125160399
83465241222691	83465255539305	83465241132535
83465349681649	83465363788732	83465349572899
83465464488472	83465480398107	83465464391597
83465573790139	83465588678836	83465573694357
83465681377482	83465696970711	83465681279514

=== poll 1790327982.032207848
8333333
0	0	0
0	0	0
0	0	0
0	0	0
0	0	0
0	0	0
0	0	0
0	0	0
0	0	0
0	0	0
0	0	0
0	0	0
0	0	0
0	0	0
0	0	0
0	0	0
0	0	0
0	0	0
0	0	0
0	0	0
0	0	0
0	0	0
0	0	0
0	0	0
0	0	0
0	0	0
0	0	0
0	0	0
0	0	0
0	0	0
0	0	0
0	0	0
0	0	0
0	0	0
0	0	0
0	0	0
0	0	0
0	0	0
0	0	0
0	0	0
0	0	0
0	0	0
0	0	0
0	0	0
0	0	0
0	0	0
0	0	0
0	0	0
0	0	0
0	0	0
0	0	0
0	0	0
0	0	0
0	0	0
0	0	0
0	0	0
83432236905985	83432255342808	83432235931245
83441049744419	83441067796815	83441049369367
83441179555981	83441192749991	83441179455200
83441186848377	83441201080251	83441186793273
83441535758689	83441550978116	83441535651398
83442987025408	83443000162230	83442986943533
83443088193012	83443100098689	83443088084418
83443094659626	83443108428949	83443094602491
83443104054158	83443116757908	83443103965564
83443111659470	83443125086396	83443111585876
83443209674314	83443225019001	83443209559522
83443301555824	83443316636657	83443301440460
83443362719939	83443374931293	83443362583637
83443377518585	83443391584522	83443377436501
83443402625251	83443416571137	83443402546189
83443419476137	83443433231344	83443419392803
83443452768585	83443466545720	83443452671345
83443952779261	83443966310511	83443952636657
83443967831605	83443982977386	83443967756084
83443978759366	83443991311709	83443978671345
83443985371866	83443999644052	83443985324001
83444006474418	83444024635980	83444006402439
83444014245824	83444032969417	83444014171918
83444020406761	83444041301396	83444020351501
83444038460876	83444049631084	83444038389782
83444049558949	83444066294678	83444049466397
83444055711605	83444074626189	83444055650876
83444060814886	83444082956969	83444060741136
83444079482959	83444091289156	83444079399105
83444092967022	83444107949834	83444092863168
83444100226553	83444116280875	83444100168116
83444102719574	83444124612334	83444102643063
83444113953428	83444132944209	83444113891293
83444126136345	83444141276865	83444126080616
83444139089782	83444157937907	83444139027647
83444153839886	83444166268532	83444153757491
83444163821241	83444174597959	83444163744418
83444173073220	83444191255042	83444172994418
83444178747647	83444199583949	83444178697126
83444386937803	83444399436709	83444386830355
83444403450355	83444416093688	83444403309313
83465039920451	83465055654617	83465039722431
83465041797795	83465063983263	83465041694045
83465051402691	83465072312013	83465051341701
83465066490660	83465080640659	83465066391337
83465125244514	83465138946492	83465125160399
83465241222691	83465255539305	83465241132535
83465349681649	83465363788732	83465349572899
83465464488472	83465480398107	83465464391597
83465573790139	83465588678836	83465573694357
83465681377482	83465696970711	83465681279514
83465798771597	83465813608055	83465798669618
83465917854826	83465930227951	83465917637586
83466032160920	83466046840711	83466031999097
83466140610972	83466155138888	83466140434722
83466261429097	83466280081649	83466261303784
83466366105920	83466380035711	83466365783576
83466483423315	83466496652690	83466483234045
83466606228940	83466621602169	83466605866701
83466707611544	83466721583992	83466707033732
83466822376336	83466838225866	83466822273367
83466940539461	83466954862950	83466940441857
83467067264044	83467079824409	83467067126388
83467172878419	83467188113054	83467172774617
83467288921753	83467304711075	83467288820398
83467397170190	83467412955450	83467397081440
83467514190607	83467529551596	83467514062638
83467635026648	83467654471908	83467634832065
83467739912169	83467754417013	83467739809304
83467856304148	83467871016960	83467856215398
83467963351336	83467979278002	83467963252325

=== poll 1790327984.283151597
8333333
0	0	0
0	0	0
0	0	0
0	0	0
0	0	0
0	0	0
0	0	0
0	0	0
0	0	0
0	0	0
0	0	0
0	0	0
0	0	0
0	0	0
0	0	0
0	0	0
0	0	0
0	0	0
0	0	0
0	0	0
0	0	0
0	0	0
0	0	0
0	0	0
83432236905985	83432255342808	83432235931245
83441049744419	83441067796815	83441049369367
83441179555981	83441192749991	83441179455200
83441186848377	83441201080251	83441186793273
83441535758689	83441550978116	83441535651398
83442987025408	83443000162230	83442986943533
83443088193012	83443100098689	83443088084418
83443094659626	83443108428949	83443094602491
83443104054158	83443116757908	83443103965564
83443111659470	83443125086396	83443111585876
83443209674314	83443225019001	83443209559522
83443301555824	83443316636657	83443301440460
83443362719939	83443374931293	83443362583637
83443377518585	83443391584522	83443377436501
83443402625251	83443416571137	83443402546189
83443419476137	83443433231344	83443419392803
83443452768585	83443466545720	83443452671345
83443952779261	83443966310511	83443952636657
83443967831605	83443982977386	83443967756084
83443978759366	83443991311709	83443978671345
83443985371866	83443999644052	83443985324001
83444006474418	83444024635980	83444006402439
83444014245824	83444032969417	83444014171918
83444020406761	83444041301396	83444020351501
83444038460876	83444049631084	83444038389782
83444049558949	83444066294678	83444049466397
83444055711605	83444074626189	83444055650876
83444060814886	83444082956969	83444060741136
83444079482959	83444091289156	83444079399105
83444092967022	83444107949834	83444092863168
83444100226553	83444116280875	83444100168116
83444102719574	83444124612334	83444102643063
83444113953428	83444132944209	83444113891293
83444126136345	83444141276865	83444126080616
83444139089782	83444157937907	83444139027647
83444153839886	83444166268532	83444153757491
83444163821241	83444174597959	83444163744418
83444173073220	83444191255042	83444172994418
83444178747647	83444199583949	83444178697126
83444386937803	83444399436709	83444386830355
83444403450355	83444416093688	83444403309313
83465039920451	83465055654617	83465039722431
83465041797795	83465063983263	83465041694045
83465051402691	83465072312013	83465051341701
83465066490660	83465080640659	83465066391337
83465125244514	83465138946492	83465125160399
83465241222691	83465255539305	83465241132535
83465349681649	83465363788732	83465349572899
83465464488472	83465480398107	83465464391597
83465573790139	83465588678836	83465573694357
83465681377482	83465696970711	83465681279514
83465798771597	83465813608055	83465798669618
83465917854826	83465930227951	83465917637586
83466032160920	83466046840711	83466031999097
83466140610972	83466155138888	83466140434722
83466261429097	83466280081649	83466261303784
83466366105920	83466380035711	83466365783576
83466483423315	83466496652690	83466483234045
83466606228940	83466621602169	83466605866701
83466707611544	83466721583992	83466707033732
83466822376336	83466838225866	83466822273367
83466940539461	83466954862950	83466940441857
83467067264044	83467079824409	83467067126388
83467172878419	83467188113054	83467172774617
83467288921753	83467304711075	83467288820398
83467397170190	83467412955450	83467397081440
83467514190607	83467529551596	83467514062638
83467635026648	83467654471908	83467634832065
83467739912169	83467754417013	83467739809304
83467856304148	83467871016960	83467856215398
83467963351336	83467979278002	83467963252325
83468072383731	83468087555189	83468072275711
83468189501075	83468204162481	83468189327533
83468300660190	83468312434460	83468300387377
83468414244721	83468429036335	83468414062585
83468522886023	83468537304251	83468522751752
83468639035294	83468653921335	83468638870867
83468746978262	83468762220241	83468746868940
83468855001492	83468870547272	83468854902273
83468974307585	83468987187585	83468974125450
83469079833210	83469095515814	83469079716179
83469198612429	83469212145241	83469198419356
83469303756804	83469320442845	83469303658471
83469423036127	83469437069564	83469422933002
83469530801179	83469545384460	83469530679981
83469646951127	83469662042793	83469646850762
83469754186856	83469770374460	83469754075814
83469863386960	83469878712532	83469863282689
83469970935241	83469987021127	83469970832272
83470060141856	83470078666803	83470059974824
83470061925658	83470086997064	83470061851699
83470077339824	83470095329564	83470077247793
83470081843366	83470103662429	83470081793366
83470102728574	83470120327323	83470102660033
83470108063054	83470128661699	83470108014356
83470132484460	83470145323417	83470132402793
83470152890449	83470170317896	83470152808210
83470167808574	83470178649147	83470167732949
83470192791491	83470203643209	83470192705866
83470227462793	83470245303209	83470227376491
83470252778418	83470270298209	83470252691074
83470256723366	83470278628834	83470256672897
83470273282533	9223372036854775807	83470273195241

=== poll 1790327986.640968419
8333333
83444014245824	83444032969417	83444014171918
83444020406761	83444041301396	83444020351501
83444038460876	83444049631084	83444038389782
83444049558949	83444066294678	83444049466397
83444055711605	83444074626189	83444055650876
83444060814886	83444082956969	83444060741136
83444079482959	83444091289156	83444079399105
83444092967022	83444107949834	83444092863168
83444100226553	83444116280875	83444100168116
83444102719574	83444124612334	83444102643063
83444113953428	83444132944209	83444113891293
83444126136345	83444141276865	83444126080616
83444139089782	83444157937907	83444139027647
83444153839886	83444166268532	83444153757491
83444163821241	83444174597959	83444163744418
83444173073220	83444191255042	83444172994418
83444178747647	83444199583949	83444178697126
83444386937803	83444399436709	83444386830355
83444403450355	83444416093688	83444403309313
83465039920451	83465055654617	83465039722431
83465041797795	83465063983263	83465041694045
83465051402691	83465072312013	83465051341701
83465066490660	83465080640659	83465066391337
83465125244514	83465138946492	83465125160399
83465241222691	83465255539305	83465241132535
83465349681649	83465363788732	83465349572899
83465464488472	83465480398107	83465464391597
83465573790139	83465588678836	83465573694357
83465681377482	83465696970711	83465681279514
83465798771597	83465813608055	83465798669618
83465917854826	83465930227951	83465917637586
83466032160920	83466046840711	83466031999097
83466140610972	83466155138888	83466140434722
83466261429097	83466280081649	83466261303784
83466366105920	83466380035711	83466365783576
83466483423315	83466496652690	83466483234045
83466606228940	83466621602169	83466605866701
83466707611544	83466721583992	83466707033732
83466822376336	83466838225866	83466822273367
83466940539461	83466954862950	83466940441857
83467067264044	83467079824409	83467067126388
83467172878419	83467188113054	83467172774617
83467288921753	83467304711075	83467288820398
83467397170190	83467412955450	83467397081440
83467514190607	83467529551596	83467514062638
83467635026648	83467654471908	83467634832065
83467739912169	83467754417013	83467739809304
83467856304148	83467871016960	83467856215398
83467963351336	83467979278002	83467963252325
83468072383731	83468087555189	83468072275711
83468189501075	83468204162481	83468189327533
83468300660190	83468312434460	83468300387377
83468414244721	83468429036335	83468414062585
83468522886023	83468537304251	83468522751752
83468639035294	83468653921335	83468638870867
83468746978262	83468762220241	83468746868940
83468855001492	83468870547272	83468854902273
83468974307585	83468987187585	83468974125450
83469079833210	83469095515814	83469079716179
83469198612429	83469212145241	83469198419356
83469303756804	83469320442845	83469303658471
83469423036127	83469437069564	83469422933002
83469530801179	83469545384460	83469530679981
83469646951127	83469662042793	83469646850762
83469754186856	83469770374460	83469754075814
83469863386960	83469878712532	83469863282689
83469970935241	83469987021127	83469970832272
83470060141856	83470078666803	83470059974824
83470061925658	83470086997064	83470061851699
83470077339824	83470095329564	83470077247793
83470081843366	83470103662429	83470081793366
83470102728574	83470120327323	83470102660033
83470108063054	83470128661699	83470108014356
83470132484460	83470145323417	83470132402793
83470152890449	83470170317896	83470152808210
83470167808574	83470178649147	83470167732949
83470192791491	83470203643209	83470192705866
83470227462793	83470245303209	83470227376491
83470252778418	83470270298209	83470252691074
83470256723366	83470278628834	83470256672897
83470273282533	83470286960032	83470273195241
83470303352689	83470320283991	83470303266804
83470328251751	83470345277636	83470328171439
83470348329876	83470361942480	83470348261595
83470373292272	83470386941335	83470373187689
83470392836491	83470403602688	83470392743470
83470403050866	83470420264981	83470402987585
83470428098158	83470445252480	83470428021178
83470453086335	83470470241230	83470452978418
83470473170345	83470486898834	83470473091074
83470481427272	83470495228626	83470481368314
83470523128939	83470536880709	83470523053783
83470589973105	83470603519355	83470589900605
83470631346751	83470645176230	83470631260866
83470706324980	83470720163834	83470706236803
83470731585553	83470745157897	83470731508835
83470828952116	83470845149876	83470828850866
83470839346387	83470853482011	83470839290814
83470942669980	83470953455605	83470942538678
83470956240762	83470970122688	83470956185553
83471060418001	83471078435032	83471060306439
83471072542220	83471086765344	83471072482220
83471164814616	83471178405970	83471164710345
83471181284043	83471195065969	83471181167220
83471284830605	83471303376855	83471284735605
83471297538522	83471311709928	83471297474355
83471401903470	83471420015917	83471401782116
83471414703522	83471428347115	83471414640657
83471508527480	83471519975553	83471508385866
83471522456699	83471536635656	83471522395970
83471624369147	83471636598105	83471624067272
83471639777063	83471653261698	83471639709043
83471735846959	83471753216022	83471735736074
83471747504720	83471761545761	83471747442220
83471847924563	83471861496959	83471847793990
83471864474303	83471878154928	83471864397011
83471959278470	83471978117220	83471959167480
83471972442897	83471986447636	83471972365345
83472088884563	83472103066594	83472088731178
83472090422740	83472111396229	83472090395917
83472197380240	83472211346022	83472197267219
83472205584563	83472219676073	83472205522428
83472330389042	83472344621229	83472330282532
83472441063053	83472452872531	83472440928626
83472442655605	83472461199927	83472442626490
83472548778157	83472561138781	83472548634928
83472556204615	83472569467167	83472556134876

=== poll 1790327989.111472949
8333333
83466483423315	83466496652690	83466483234045
83466606228940	83466621602169	83466605866701
83466707611544	83466721583992	83466707033732
83466822376336	83466838225866	83466822273367
83466940539461	83466954862950	83466940441857
83467067264044	83467079824409	83467067126388
83467172878419	83467188113054	83467172774617
83467288921753	83467304711075	83467288820398
83467397170190	83467412955450	83467397081440
83467514190607	83467529551596	83467514062638
83467635026648	83467654471908	83467634832065
83467739912169	83467754417013	83467739809304
83467856304148	83467871016960	83467856215398
83467963351336	83467979278002	83467963252325
83468072383731	83468087555189	83468072275711
83468189501075	83468204162481	83468189327533
83468300660190	83468312434460	83468300387377
83468414244721	83468429036335	83468414062585
83468522886023	83468537304251	83468522751752
83468639035294	83468653921335	83468638870867
83468746978262	83468762220241	83468746868940
83468855001492	83468870547272	83468854902273
83468974307585	83468987187585	83468974125450
83469079833210	83469095515814	83469079716179
83469198612429	83469212145241	83469198419356
83469303756804	83469320442845	83469303658471
83469423036127	83469437069564	83469422933002
83469530801179	83469545384460	83469530679981
83469646951127	83469662042793	83469646850762
83469754186856	83469770374460	83469754075814
83469863386960	83469878712532	83469863282689
83469970935241	83469987021127	83469970832272
83470060141856	83470078666803	83470059974824
83470061925658	83470086997064	83470061851699
83470077339824	83470095329564	83470077247793
83470081843366	83470103662429	83470081793366
83470102728574	83470120327323	83470102660033
83470108063054	83470128661699	83470108014356
83470132484460	83470145323417	83470132402793
83470152890449	83470170317896	83470152808210
83470167808574	83470178649147	83470167732949
83470192791491	83470203643209	83470192705866
83470227462793	83470245303209	83470227376491
83470252778418	83470270298209	83470252691074
83470256723366	83470278628834	83470256672897
83470273282533	83470286960032	83470273195241
83470303352689	83470320283991	83470303266804
83470328251751	83470345277636	83470328171439
83470348329876	83470361942480	83470348261595
83470373292272	83470386941335	83470373187689
83470392836491	83470403602688	83470392743470
83470403050866	83470420264981	83470402987585
83470428098158	83470445252480	83470428021178
83470453086335	83470470241230	83470452978418
83470473170345	83470486898834	83470473091074
83470481427272	83470495228626	83470481368314
83470523128939	83470536880709	83470523053783
83470589973105	83470603519355	83470589900605
83470631346751	83470645176230	83470631260866
83470706324980	83470720163834	83470706236803
83470731585553	83470745157897	83470731508835
83470828952116	83470845149876	83470828850866
83470839346387	83470853482011	83470839290814
83470942669980	83470953455605	83470942538678
83470956240762	83470970122688	83470956185553
83471060418001	83471078435032	83471060306439
83471072542220	83471086765344	83471072482220
83471164814616	83471178405970	83471164710345
83471181284043	83471195065969	83471181167220
83471284830605	83471303376855	83471284735605
83471297538522	83471311709928	83471297474355
83471401903470	83471420015917	83471401782116
83471414703522	83471428347115	83471414640657
83471508527480	83471519975553	83471508385866
83471522456699	83471536635656	83471522395970
83471624369147	83471636598105	83471624067272
83471639777063	83471653261698	83471639709043
83471735846959	83471753216022	83471735736074
83471747504720	83471761545761	83471747442220
83471847924563	83471861496959	83471847793990
83471864474303	83471878154928	83471864397011
83471959278470	83471978117220	83471959167480
83471972442897	83471986447636	83471972365345
83472088884563	83472103066594	83472088731178
83472090422740	83472111396229	83472090395917
83472197380240	83472211346022	83472197267219
83472205584563	83472219676073	83472205522428
83472330389042	83472344621229	83472330282532
83472441063053	83472452872531	83472440928626
83472442655605	83472461199927	83472442626490
83472548778157	83472561138781	83472548634928
83472556204615	83472569467167	83472556134876
83472662566751	83472677716750	83472662455448
83472779472011	83472794285708	83472779349198
83472873108157	83472885888781	83472872989563
83472880307740	83472894218833	83472880237115
83472998235500	83473010826698	83472998078782
83472999828052	83473019156229	83472999798834
83473104625865	83473119129302	83473104435396
83473113443261	83473127459042	83473113362896
83473215353990	83473227440604	83473215238573
83473222111438	83473235774198	83473222019979
83473325191490	83473344090239	83473325117011
83473330422479	83473352420968	83473330359927
83473454712271	83473469068416	83473454610240
83473569956021	83473585691542	83473569788521
83473681540136	83473693992792	83473681401698
83473683086021	83473702324093	83473683046906
83473806499250	83473818962687	83473806297375
83473906136698	83473918926333	83473905939823
83473914555448	83473927252530	83473914034198
83474021446333	83474035526905	83474021313573
83474131608156	83474143795343	83474131489510
83474133138573	83474152124197	83474133098417
83474255561021	83474268729093	83474255378625
83474355205083	83474368691385	83474355114510
83474479703833	83474493681281	83474479521021
83474588321229	83474601983624	83474588191177
83474589879302	83474610314093	83474589837791
83474699498052	83474710276853	83474699355656
83474701013729	83474718607530	83474700982271
83474821303052	83474835233468	83474821156021
83474822931333	83474843565031	83474822885135
83474899949979	83474918542635	83474899845552
83474912848364	83474926874614	83474912775395
83475046293520	83475060168677	83475046141645
83475047887791	83475068501957	83475047842166

=== poll 1790327991.427680761
8333333
83470956240762	83470970122688	83470956185553
83471060418001	83471078435032	83471060306439
83471072542220	83471086765344	83471072482220
83471164814616	83471178405970	83471164710345
83471181284043	83471195065969	83471181167220
83471284830605	83471303376855	83471284735605
83471297538522	83471311709928	83471297474355
83471401903470	83471420015917	83471401782116
83471414703522	83471428347115	83471414640657
83471508527480	83471519975553	83471508385866
83471522456699	83471536635656	83471522395970
83471624369147	83471636598105	83471624067272
83471639777063	83471653261698	83471639709043
83471735846959	83471753216022	83471735736074
83471747504720	83471761545761	83471747442220
83471847924563	83471861496959	83471847793990
83471864474303	83471878154928	83471864397011
83471959278470	83471978117220	83471959167480
83471972442897	83471986447636	83471972365345
83472088884563	83472103066594	83472088731178
83472090422740	83472111396229	83472090395917
83472197380240	83472211346022	83472197267219
83472205584563	83472219676073	83472205522428
83472330389042	83472344621229	83472330282532
83472441063053	83472452872531	83472440928626
83472442655605	83472461199927	83472442626490
83472548778157	83472561138781	83472548634928
83472556204615	83472569467167	83472556134876
83472662566751	83472677716750	83472662455448
83472779472011	83472794285708	83472779349198
83472873108157	83472885888781	83472872989563
83472880307740	83472894218833	83472880237115
83472998235500	83473010826698	83472998078782
83472999828052	83473019156229	83472999798834
83473104625865	83473119129302	83473104435396
83473113443261	83473127459042	83473113362896
83473215353990	83473227440604	83473215238573
83473222111438	83473235774198	83473222019979
83473325191490	83473344090239	83473325117011
83473330422479	83473352420968	83473330359927
83473454712271	83473469068416	83473454610240
83473569956021	83473585691542	83473569788521
83473681540136	83473693992792	83473681401698
83473683086021	83473702324093	83473683046906
83473806499250	83473818962687	83473806297375
83473906136698	83473918926333	83473905939823
83473914555448	83473927252530	83473914034198
83474021446333	83474035526905	83474021313573
83474131608156	83474143795343	83474131489510
83474133138573	83474152124197	83474133098417
83474255561021	83474268729093	83474255378625
83474355205083	83474368691385	83474355114510
83474479703833	83474493681281	83474479521021
83474588321229	83474601983624	83474588191177
83474589879302	83474610314093	83474589837791
83474699498052	83474710276853	83474699355656
83474701013729	83474718607530	83474700982271
83474821303052	83474835233468	83474821156021
83474822931333	83474843565031	83474822885135
83474899949979	83474918542635	83474899845552
83474912848364	83474926874614	83474912775395
83475046293520	83475060168677	83475046141645
83475047887791	83475068501957	83475047842166
83475154517791	83475168471124	83475154356437
83475162644093	83475176803260	83475162573677
83475214089354	83475226795290	83475213991645
83475221380395	83475235128103	83475221310968
83475230656385	83475243460186	83475230582062
83475243041958	83475260122270	83475242945135
83475247028989	83475268452999	83475246966697
83475267443885	83475285111229	83475267378104
83475282774197	83475293441436	83475282709354
83475292501802	83475310101853	83475292450291
83475307498885	83475318432634	83475307443729
83475322591281	83475335096020	83475322510604
83475342914874	83475360088624	83475342826281
83475372302166	83475385083729	83475372222270
83475397484249	83475410082894	83475397401072
83475417437687	83475435076645	83475417373833
83475432653520	83475443411072	83475432535395
83475447158677	83475460079249	83475447094666
83475482291385	83475493411020	83475482223104
83475492577427	83475510077634	83475492526489
83475507570604	83475518409405	83475507510812
83475522729770	83475535071697	83475522676333
83475537724614	83475551736957	83475537659822
83475567918885	83475585065291	83475567845656
83475590193208	83475601727217	83475590128468
83475597009874	83475610058051	83475596976697
83475629634822	83475643381801	83475629567531
83475723888416	83475735018988	83475723750083
83475725590968	83475743351176	83475725542062
83475737757010	83475751684406	83475737688989
83475838097635	83475851669926	83475837948989
83475839703989	83475860001176	83475839655499
83475845818208	83475868333832	83475845768208
83475953886489	83475968322166	83475953733833
83475955494614	83475976655499	83475955447791
83476070766801	83476084955082	83476070658364
83476170422530	83476184921332	83476170281749
83476172022166	83476193252426	83476171966749
83476179922166	83476201583051	83476179863260
83476277920135	83476293226593	83476277776020
83476279560968	83476301559041	83476279505343
83476287505030	83476309890342	83476287453780
83476390208624	83476401561801	83476390048260
83476396071749	83476409895603	83476396015760
83476514457895	83476526548051	83476514294509
83476515995187	83476534878051	83476515967739
83476608841332	83476626517009	83476608725082
83476615419353	83476634847530	83476615357426
83476620973416	83476643178936	83476620927895
83476731885603	83476743149561	83476731752634
83476733618884	83476751481800	83476733569197
83476737297322	83476759812426	83476737261280
83476814124926	83476826450186	83476814036072
83476833784301	83476851439717	83476833702478
83476837170603	83476859770915	83476837132791
83476940132374	83476951403519	83476939996853
83476945720134	83476959734977	83476945667113
83477063383207	83477076370342	83477063271176
83477071077374	83477084701696	83477071025030
83477170957738	83477184675863	83477170806697
83477179028780	83477193007269	83477178973259
83477286626072	83477301320654	83477286466801
83477288185395	83477309653363	83477288145863
83477406835551	9223372036854775807	83477406682947

=== poll 1790327993.738388468
8333333
83475046293520	83475060168677	83475046141645
83475047887791	83475068501957	83475047842166
83475154517791	83475168471124	83475154356437
83475162644093	83475176803260	83475162573677
83475214089354	83475226795290	83475213991645
83475221380395	83475235128103	83475221310968
83475230656385	83475243460186	83475230582062
83475243041958	83475260122270	83475242945135
83475247028989	83475268452999	83475246966697
83475267443885	83475285111229	83475267378104
83475282774197	83475293441436	83475282709354
83475292501802	83475310101853	83475292450291
83475307498885	83475318432634	83475307443729
83475322591281	83475335096020	83475322510604
83475342914874	83475360088624	83475342826281
83475372302166	83475385083729	83475372222270
83475397484249	83475410082894	83475397401072
83475417437687	83475435076645	83475417373833
83475432653520	83475443411072	83475432535395
83475447158677	83475460079249	83475447094666
83475482291385	83475493411020	83475482223104
83475492577427	83475510077634	83475492526489
83475507570604	83475518409405	83475507510812
83475522729770	83475535071697	83475522676333
83475537724614	83475551736957	83475537659822
83475567918885	83475585065291	83475567845656
83475590193208	83475601727217	83475590128468
83475597009874	83475610058051	83475596976697
83475629634822	83475643381801	83475629567531
83475723888416	83475735018988	83475723750083
83475725590968	83475743351176	83475725542062
83475737757010	83475751684406	83475737688989
83475838097635	83475851669926	83475837948989
83475839703989	83475860001176	83475839655499
83475845818208	83475868333832	83475845768208
83475953886489	83475968322166	83475953733833
83475955494614	83475976655499	83475955447791
83476070766801	83476084955082	83476070658364
83476170422530	83476184921332	83476170281749
83476172022166	83476193252426	83476171966749
83476179922166	83476201583051	83476179863260
83476277920135	83476293226593	83476277776020
83476279560968	83476301559041	83476279505343
83476287505030	83476309890342	83476287453780
83476390208624	83476401561801	83476390048260
83476396071749	83476409895603	83476396015760
83476514457895	83476526548051	83476514294509
83476515995187	83476534878051	83476515967739
83476608841332	83476626517009	83476608725082
83476615419353	83476634847530	83476615357426
83476620973416	83476643178936	83476620927895
83476731885603	83476743149561	83476731752634
83476733618884	83476751481800	83476733569197
83476737297322	83476759812426	83476737261280
83476814124926	83476826450186	83476814036072
83476833784301	83476851439717	83476833702478
83476837170603	83476859770915	83476837132791
83476940132374	83476951403519	83476939996853
83476945720134	83476959734977	83476945667113
83477063383207	83477076370342	83477063271176
83477071077374	83477084701696	83477071025030
83477170957738	83477184675863	83477170806697
83477179028780	83477193007269	83477178973259
83477286626072	83477301320654	83477286466801
83477288185395	83477309653363	83477288145863
83477406835551	83477417948988	83477406682947
83477408994301	83477426278519	83477408948988
83477412182426	83477434609925	83477412136384
83477514101905	83477526233154	83477513995655
83477520773624	83477534562633	83477520709197
83477587920915	83477601204926	83477587809197
83477607724509	83477626202009	83477607637478
83477611974613	83477634534352	83477611925342
83477681182269	83477692851852	83477681051957
83477728443155	83477742824509	83477715875394
83477730950551	83477751155394	83477730892738
83477796543467	83477809450602	83477796434561
83477822726071	83477834440551	83477822645082
83477828761644	83477842771957	83477828721540
83477908209769	83477926074613	83477908086384
83477933018571	83477951066124	83477932921176
83477937090134	83477959397581	83477937001176
83478054345811	83478067700863	83478054100655
83478056379301	83478076031956	83478056296488
83478070365290	83478084362477	83478070307165
83478130518259	83478142671696	83478130412894
83478145578676	83478159331019	83478145508519
83478153800915	83478167658727	83478153747738
83478239228936	83478250957008	83478239119873
83478249137165	83478267619561	83478249071436
83478270336123	83478284283050	83478270275811
83478354652998	83478367570081	83478354566748
83478374139040	83478392547737	83478374052217
83478378500134	83478400873780	83478378452478
83478495874925	83478509131696	83478495772530
83478503784873	83478517458935	83478503700498
83478511643623	83478525786019	83478511594977
83478605332477	83478617397268	83478605202321
83478607495498	83478625725966	83478607447790
83478620209457	83478634053727	83478620160967
83478762004352	83478775629873	83478761871592
83478763588884	83478783958310	83478763547998
83478813699300	83478825606123	83478813624925
83478875298779	83478892249508	83478875198831
83478913043311	83478925566226	83478912968050
83478923368259	83478942221591	83478923308206
83478948285759	83478958880498	83478948182009
83478952847738	83478967209821	83478952805602
83478966238102	83478983868779	83478966175394
83479030616123	83479042171904	83479030525811
83479037208779	83479050499195	83479037154040
83479152584925	83479167110290	83479152401592
83479154359040	83479175440289	83479154314613
83479161294561	83479183770185	83479161245863
83479229467581	83479242093726	83479229361331
83479254248154	83479267086695	83479254177581
83479261530238	83479275416643	83479261475290
83479336770758	83479350380654	83479336677477
83479356365654	83479367040653	83479356310394
83479370225706	83479383698987	83479370131435
83479468415550	83479483651540	83479468278727
83479470000863	83479491982998	83479469956748
83479486635081	83479500314924	83479486578988
83479589214404	83479600264247	83479589099352
83479590741071	83479608591903	83479590694665
83479696305237	83479708551278	83479696071904
83479697921800	9223372036854775807	83479697876071

=== poll 1790327996.040193259
8333333
83476515995187	83476534878051	83476515967739
83476608841332	83476626517009	83476608725082
83476615419353	83476634847530	83476615357426
83476620973416	83476643178936	83476620927895
83476731885603	83476743149561	83476731752634
83476733618884	83476751481800	83476733569197
83476737297322	83476759812426	83476737261280
83476814124926	83476826450186	83476814036072
83476833784301	83476851439717	83476833702478
83476837170603	83476859770915	83476837132791
83476940132374	83476951403519	83476939996853
83476945720134	83476959734977	83476945667113
83477063383207	83477076370342	83477063271176
83477071077374	83477084701696	83477071025030
83477170957738	83477184675863	83477170806697
83477179028780	83477193007269	83477178973259
83477286626072	83477301320654	83477286466801
83477288185395	83477309653363	83477288145863
83477406835551	83477417948988	83477406682947
83477408994301	83477426278519	83477408948988
83477412182426	83477434609925	83477412136384
83477514101905	83477526233154	83477513995655
83477520773624	83477534562633	83477520709197
83477587920915	83477601204926	83477587809197
83477607724509	83477626202009	83477607637478
83477611974613	83477634534352	83477611925342
83477681182269	83477692851852	83477681051957
83477728443155	83477742824509	83477715875394
83477730950551	83477751155394	83477730892738
83477796543467	83477809450602	83477796434561
83477822726071	83477834440551	83477822645082
83477828761644	83477842771957	83477828721540
83477908209769	83477926074613	83477908086384
83477933018571	83477951066124	83477932921176
83477937090134	83477959397581	83477937001176
83478054345811	83478067700863	83478054100655
83478056379301	83478076031956	83478056296488
83478070365290	83478084362477	83478070307165
83478130518259	83478142671696	83478130412894
83478145578676	83478159331019	83478145508519
83478153800915	83478167658727	83478153747738
83478239228936	83478250957008	83478239119873
83478249137165	83478267619561	83478249071436
83478270336123	83478284283050	83478270275811
83478354652998	83478367570081	83478354566748
83478374139040	83478392547737	83478374052217
83478378500134	83478400873780	83478378452478
83478495874925	83478509131696	83478495772530
83478503784873	83478517458935	83478503700498
83478511643623	83478525786019	83478511594977
83478605332477	83478617397268	83478605202321
83478607495498	83478625725966	83478607447790
83478620209457	83478634053727	83478620160967
83478762004352	83478775629873	83478761871592
83478763588884	83478783958310	83478763547998
83478813699300	83478825606123	83478813624925
83478875298779	83478892249508	83478875198831
83478913043311	83478925566226	83478912968050
83478923368259	83478942221591	83478923308206
83478948285759	83478958880498	83478948182009
83478952847738	83478967209821	83478952805602
83478966238102	83478983868779	83478966175394
83479030616123	83479042171904	83479030525811
83479037208779	83479050499195	83479037154040
83479152584925	83479167110290	83479152401592
83479154359040	83479175440289	83479154314613
83479161294561	83479183770185	83479161245863
83479229467581	83479242093726	83479229361331
83479254248154	83479267086695	83479254177581
83479261530238	83479275416643	83479261475290
83479336770758	83479350380654	83479336677477
83479356365654	83479367040653	83479356310394
83479370225706	83479383698987	83479370131435
83479468415550	83479483651540	83479468278727
83479470000863	83479491982998	83479469956748
83479486635081	83479500314924	83479486578988
83479589214404	83479600264247	83479589099352
83479590741071	83479608591903	83479590694665
83479696305237	83479708551278	83479696071904
83479697921800	83479716882997	83479697876071
83479711339404	83479725213466	83479711276852
83479778614404	83479791856122	83479778516644
83479787010185	83479800186799	83479786947112
83479802762217	83479816843310	83479802697789
83479898103362	83479916794716	83479897998102
83479914580914	83479933456330	83479914507998
83479919265967	83479941788466	83479919237998
83479997631904	83480008431851	83479997536487
83480020352946	83480033420914	83480020286800
83480027673050	83480041750550	83480027630133
83480137724352	83480150036279	83480137582112
83480139347581	83480158364195	83480139301227
83480146325810	83480166693258	83480146289039
83480245040550	83480258312373	83480244912529
83480252492633	83480266641591	83480252438831
83480371468675	83480383230497	83480371330445
83480373036852	83480391558674	83480372997841
83480457010498	83480474845601	83480456899091
83480461661175	83480483174403	83480461620654
83480469241539	83480491504091	83480469200758
83480545207737	83480558141122	83480545117789
83480552876487	83480566471487	83480552829612
83480560655185	83480574801851	83480560615654
83480669130966	83480683081591	83480669045393
83480677831956	83480691411747	83480677771018
83480783840133	83480800262060	83480783732997
83480785759039	83480808033258	83480785696383
83480893145966	83480907989820	83480893040497
83480894614456	83480916320029	83480894580810
83481009577997	83481024602060	83481009312893
83481012192581	83481032932476	83481012104560
83481108549404	83481124571121	83481108445966
83481112648674	83481132901069	83481112578726
83481119257893	83481141231591	83481119189091
83481220752320	83481232860549	83481220633101
83481227063622	83481241191278	83481227012685
83481327287893	83481341146799	83481327179820
83481328802997	83481349476486	83481328757997
83481442625862	83481457740862	83481442504820
83481444119508	83481466067372	83481444087268
83481558491643	83481574304611	83481558362841
83481666360445	83481682559924	83481666193622
83481774861122	83481790821017	83481774741955
83481877456487	83481890760028	83481877356591
83481878937372	83481899089612	83481878901174
83481983797841	9223372036854775807	83481983686122
83481985351851	9223372036854775807	83481985309091

=== poll 1790327998.327112633
8333333
83478130518259	83478142671696	83478130412894
83478145578676	83478159331019	83478145508519
83478153800915	83478167658727	83478153747738
83478239228936	83478250957008	83478239119873
83478249137165	83478267619561	83478249071436
83478270336123	83478284283050	83478270275811
83478354652998	83478367570081	83478354566748
83478374139040	83478392547737	83478374052217
83478378500134	83478400873780	83478378452478
83478495874925	83478509131696	83478495772530
83478503784873	83478517458935	83478503700498
83478511643623	83478525786019	83478511594977
83478605332477	83478617397268	83478605202321
83478607495498	83478625725966	83478607447790
83478620209457	83478634053727	83478620160967
83478762004352	83478775629873	83478761871592
83478763588884	83478783958310	83478763547998
83478813699300	83478825606123	83478813624925
83478875298779	83478892249508	83478875198831
83478913043311	83478925566226	83478912968050
83478923368259	83478942221591	83478923308206
83478948285759	83478958880498	83478948182009
83478952847738	83478967209821	83478952805602
83478966238102	83478983868779	83478966175394
83479030616123	83479042171904	83479030525811
83479037208779	83479050499195	83479037154040
83479152584925	83479167110290	83479152401592
83479154359040	83479175440289	83479154314613
83479161294561	83479183770185	83479161245863
83479229467581	83479242093726	83479229361331
83479254248154	83479267086695	83479254177581
83479261530238	83479275416643	83479261475290
83479336770758	83479350380654	83479336677477
83479356365654	83479367040653	83479356310394
83479370225706	83479383698987	83479370131435
83479468415550	83479483651540	83479468278727
83479470000863	83479491982998	83479469956748
83479486635081	83479500314924	83479486578988
83479589214404	83479600264247	83479589099352
83479590741071	83479608591903	83479590694665
83479696305237	83479708551278	83479696071904
83479697921800	83479716882997	83479697876071
83479711339404	83479725213466	83479711276852
83479778614404	83479791856122	83479778516644
83479787010185	83479800186799	83479786947112
83479802762217	83479816843310	83479802697789
83479898103362	83479916794716	83479897998102
83479914580914	83479933456330	83479914507998
83479919265967	83479941788466	83479919237998
83479997631904	83480008431851	83479997536487
83480020352946	83480033420914	83480020286800
83480027673050	83480041750550	83480027630133
83480137724352	83480150036279	83480137582112
83480139347581	83480158364195	83480139301227
83480146325810	83480166693258	83480146289039
83480245040550	83480258312373	83480244912529
83480252492633	83480266641591	83480252438831
83480371468675	83480383230497	83480371330445
83480373036852	83480391558674	83480372997841
83480457010498	83480474845601	83480456899091
83480461661175	83480483174403	83480461620654
83480469241539	83480491504091	83480469200758
83480545207737	83480558141122	83480545117789
83480552876487	83480566471487	83480552829612
83480560655185	83480574801851	83480560615654
83480669130966	83480683081591	83480669045393
83480677831956	83480691411747	83480677771018
83480783840133	83480800262060	83480783732997
83480785759039	83480808033258	83480785696383
83480893145966	83480907989820	83480893040497
83480894614456	83480916320029	83480894580810
83481009577997	83481024602060	83481009312893
83481012192581	83481032932476	83481012104560
83481108549404	83481124571121	83481108445966
83481112648674	83481132901069	83481112578726
83481119257893	83481141231591	83481119189091
83481220752320	83481232860549	83481220633101
83481227063622	83481241191278	83481227012685
83481327287893	83481341146799	83481327179820
83481328802997	83481349476486	83481328757997
83481442625862	83481457740862	83481442504820
83481444119508	83481466067372	83481444087268
83481558491643	83481574304611	83481558362841
83481666360445	83481682559924	83481666193622
83481774861122	83481790821017	83481774741955
83481877456487	83481890760028	83481877356591
83481878937372	83481899089612	83481878901174
83481983797841	83481999039559	83481983686122
83481985351851	83482007368830	83481985309091
83482108995080	83482123977789	83482108886591
83482118120809	83482132309924	83482118046278
83482196423309	83482207278882	83482196333778
83482201892111	83482215609142	83482201809976
83482318030132	83482332210132	83482317903101
83482319513882	83482340540549	83482319464143
83482427243205	83482440505809	83482427118361
83482435011747	83482448839663	83482434942893
83482542951174	83482557155652	83482542839195
83482544616799	83482565484142	83482544541955
83482551426643	83482573816173	83482551361330
83482659972320	83482673770444	83482659887476
83482670592632	83482682099350	83482670480549
83482767550445	83482782050549	83482767429247
83482817654455	83482832030548	83482769016799
83482867597320	83482882010757	83482821091226
83482917688153	83482931993725	83482876886434
83482967563205	83482981983153	83482920387632
83483017526590	83483031966017	83482980150080
83483067568622	83483081948205	83483019465184
83483117495340	83483131928517	83483102295184
83483223182840	83483240224976	83483223080757
83483275847267	83483290203360	83483226016434
83483326257892	83483340159507	83483326159246
83483443751798	83483456744194	83483443645132
83483445530653	83483465073882	83483445483413
83483565654455	83483581667528	83483565536538
83483673106850	83483689950652	83483672983882
83483782866850	83483798240912	83483782750184
83483784529975	83483806570392	83483784464663
83483793357267	83483814898829	83483793257163
83483898998152	83483914856277	83483898869611
83483900998517	83483923186954	83483900929819
83484015757059	83484031490079	83484015625861
83484127257371	83484139770652	83484127144402
83484128841538	83484148100340	83484128793361
83484133912892	83484156431381	83484133865079
83484249103569	83484264743204	83484248966538

=== poll 1790328000.613704664
8333333
83480461661175	83480483174403	83480461620654
83480469241539	83480491504091	83480469200758
83480545207737	83480558141122	83480545117789
83480552876487	83480566471487	83480552829612
83480560655185	83480574801851	83480560615654
83480669130966	83480683081591	83480669045393
83480677831956	83480691411747	83480677771018
83480783840133	83480800262060	83480783732997
83480785759039	83480808033258	83480785696383
83480893145966	83480907989820	83480893040497
83480894614456	83480916320029	83480894580810
83481009577997	83481024602060	83481009312893
83481012192581	83481032932476	83481012104560
83481108549404	83481124571121	83481108445966
83481112648674	83481132901069	83481112578726
83481119257893	83481141231591	83481119189091
83481220752320	83481232860549	83481220633101
83481227063622	83481241191278	83481227012685
83481327287893	83481341146799	83481327179820
83481328802997	83481349476486	83481328757997
83481442625862	83481457740862	83481442504820
83481444119508	83481466067372	83481444087268
83481558491643	83481574304611	83481558362841
83481666360445	83481682559924	83481666193622
83481774861122	83481790821017	83481774741955
83481877456487	83481890760028	83481877356591
83481878937372	83481899089612	83481878901174
83481983797841	83481999039559	83481983686122
83481985351851	83482007368830	83481985309091
83482108995080	83482123977789	83482108886591
83482118120809	83482132309924	83482118046278
83482196423309	83482207278882	83482196333778
83482201892111	83482215609142	83482201809976
83482318030132	83482332210132	83482317903101
83482319513882	83482340540549	83482319464143
83482427243205	83482440505809	83482427118361
83482435011747	83482448839663	83482434942893
83482542951174	83482557155652	83482542839195
83482544616799	83482565484142	83482544541955
83482551426643	83482573816173	83482551361330
83482659972320	83482673770444	83482659887476
83482670592632	83482682099350	83482670480549
83482767550445	83482782050549	83482767429247
83482817654455	83482832030548	83482769016799
83482867597320	83482882010757	83482821091226
83482917688153	83482931993725	83482876886434
83482967563205	83482981983153	83482920387632
83483017526590	83483031966017	83482980150080
83483067568622	83483081948205	83483019465184
83483117495340	83483131928517	83483102295184
83483223182840	83483240224976	83483223080757
83483275847267	83483290203360	83483226016434
83483326257892	83483340159507	83483326159246
83483443751798	83483456744194	83483443645132
83483445530653	83483465073882	83483445483413
83483565654455	83483581667528	83483565536538
83483673106850	83483689950652	83483672983882
83483782866850	83483798240912	83483782750184
83483784529975	83483806570392	83483784464663
83483793357267	83483814898829	83483793257163
83483898998152	83483914856277	83483898869611
83483900998517	83483923186954	83483900929819
83484015757059	83484031490079	83484015625861
83484127257371	83484139770652	83484127144402
83484128841538	83484148100340	83484128793361
83484133912892	83484156431381	83484133865079
83484249103569	83484264743204	83484248966538
83484310927788	83484323061225	83484310838934
83484334260288	83484348048777	83484334168725
83484342128934	83484356380235	83484342080704
83484440733725	83484456343048	83484440617684
83484450621069	83484464673048	83484450544871
83484549108517	83484564630547	83484548998465
83484553205704	83484572961329	83484553146173
83484559244090	83484581290600	83484559174194
83484676545131	83484689570756	83484676457371
83484684167579	83484697897683	83484684099298
83484776383465	83484789511850	83484776281069
83484778102110	83484797841902	83484778053256
83484787223256	83484806172527	83484787162110
83484796666069	83484814501798	83484796615131
83484811421485	83484822830652	83484811358829
83484826961173	83484839490235	83484826910444
83484842005444	83484856149141	83484841952110
83484862128777	83484872808308	83484862053413
83484908336069	83484922788880	83484901545548
83484911627110	83484931120651	83484911571329
83484921766642	83484939453621	83484921719298
83484936947527	83484947785704	83484936882788
83484951761017	83484964448256	83484951695392
83484971885704	83484989440600	83484971818412
83484996465600	83485014431745	83484996379402
83485001748152	83485022762110	83485001706642
83485011898204	83485031091381	83485011845965
83485026728829	83485039420600	83485026670392
83485046862892	83485064407006	83485046792787
83485061724402	83485072737996	83485061649037
83485108273881	83485122710495	83485096677735
83485110027267	83485131041120	83485109988881
83485116998985	83485139370339	83485116955912
83485187974037	83485205996953	83485187893308
83485202749558	83485214323933	83485202688725
83485217175392	83485230979870	83485217031277
83485293173777	83485305933881	83485293088881
83485312162319	83485330922839	83485312091485
83485327190392	83485339252475	83485327139871
83485342022683	83485355912996	83485341971850
83485434142319	83485447531693	83485434033933
83485435759871	83485455861745	83485435715600
83485441761954	83485464190808	83485441718360
83485547892944	83485564154141	83485547794298
83485550082214	83485572484036	83485550044714
83485558122579	83485580815026	83485558095912
83485664646381	83485680778725	83485664549714
83485666259193	83485689108932	83485666226277
83485784062214	83485797395234	83485783900339
83485792088777	83485805726277	83485791907266
83485884477579	83485897333152	83485884391537
83485892380548	83485905662422	83485892325548
83485899969037	83485913991016	83485899916954
83486014892735	83486030589402	83486014756693
83486133141120	83486147177839	83486133029089
83486142084714	83486155505756	83486142031329
83486239669922	83486255423308	83486239558516
83486349558829	83486363682578	83486349480808
83486455797474	83486471938515	83486455685599
83486457765808	83486480266120	83486457729818

=== poll 1790328002.873215392
8333333
83484133912892	83484156431381	83484133865079
83484249103569	83484264743204	83484248966538
83484310927788	83484323061225	83484310838934
83484334260288	83484348048777	83484334168725
83484342128934	83484356380235	83484342080704
83484440733725	83484456343048	83484440617684
83484450621069	83484464673048	83484450544871
83484549108517	83484564630547	83484548998465
83484553205704	83484572961329	83484553146173
83484559244090	83484581290600	83484559174194
83484676545131	83484689570756	83484676457371
83484684167579	83484697897683	83484684099298
83484776383465	83484789511850	83484776281069
83484778102110	83484797841902	83484778053256
83484787223256	83484806172527	83484787162110
83484796666069	83484814501798	83484796615131
83484811421485	83484822830652	83484811358829
83484826961173	83484839490235	83484826910444
83484842005444	83484856149141	83484841952110
83484862128777	83484872808308	83484862053413
83484908336069	83484922788880	83484901545548
83484911627110	83484931120651	83484911571329
83484921766642	83484939453621	83484921719298
83484936947527	83484947785704	83484936882788
83484951761017	83484964448256	83484951695392
83484971885704	83484989440600	83484971818412
83484996465600	83485014431745	83484996379402
83485001748152	83485022762110	83485001706642
83485011898204	83485031091381	83485011845965
83485026728829	83485039420600	83485026670392
83485046862892	83485064407006	83485046792787
83485061724402	83485072737996	83485061649037
83485108273881	83485122710495	83485096677735
83485110027267	83485131041120	83485109988881
83485116998985	83485139370339	83485116955912
83485187974037	83485205996953	83485187893308
83485202749558	83485214323933	83485202688725
83485217175392	83485230979870	83485217031277
83485293173777	83485305933881	83485293088881
83485312162319	83485330922839	83485312091485
83485327190392	83485339252475	83485327139871
83485342022683	83485355912996	83485341971850
83485434142319	83485447531693	83485434033933
83485435759871	83485455861745	83485435715600
83485441761954	83485464190808	83485441718360
83485547892944	83485564154141	83485547794298
83485550082214	83485572484036	83485550044714
83485558122579	83485580815026	83485558095912
83485664646381	83485680778725	83485664549714
83485666259193	83485689108932	83485666226277
83485784062214	83485797395234	83485783900339
83485792088777	83485805726277	83485791907266
83485884477579	83485897333152	83485884391537
83485892380548	83485905662422	83485892325548
83485899969037	83485913991016	83485899916954
83486014892735	83486030589402	83486014756693
83486133141120	83486147177839	83486133029089
83486142084714	83486155505756	83486142031329
83486239669922	83486255423308	83486239558516
83486349558829	83486363682578	83486349480808
83486455797474	83486471938515	83486455685599
83486457765808	83486480266120	83486457729818
83486567593204	83486580200912	83486567457266
83486569378516	83486588528360	83486569320131
83486574506172	83486596858672	83486574454193
83486682342370	83486696800651	83486682220704
83486683851901	83486705130703	83486683814401
83486781029506	83486796771901	83486780917683
83486782551641	83486805102474	83486782508724
83486791162839	83486813432734	83486791096537
83486815945131	83486830094974	83486815868151
83486825981589	83486838428359	83486825921016
83486841250287	83486855095078	83486841175547
83486866709297	83486880087109	83486866648203
83486886763047	83486905080494	83486886681953
83486901037110	83486913410546	83486900981589
83486911534870	83486930071952	83486911448203
83486926398985	83486938402265	83486926358985
83486941671849	83486955063932	83486941595130
83486976200912	83486988386328	83486976107162
83486991160651	83487005045911	83486991104662
83487001698255	83487013376276	83487001635912
83487016626380	83487030041640	83487016566120
83487036603047	83487055042474	83487036550860
83487051291537	83487063375286	83487051235183
83487086611901	83487105036171	83487086529349
83487091435860	83487113369088	83487091380808
83487111295391	83487130035651	83487111238828
83487124541016	83487138368047	83487124467214
83487195331224	83487213347213	83487195228932
83487208336432	83487221679245	83487208288724
83487302772578	83487321651328	83487302669922
83487304380964	83487329983880	83487304298412
83487324114453	83487338315599	83487324058099
83487423404141	83487438284036	83487423275547
83487424969037	83487446616901	83487424929193
83487532476068	83487546601796	83487532372578
83487540609349	83487554934400	83487540556953
83487648523151	83487663238932	83487648428307
83487658105495	83487671570390	83487658032057
83487773067474	83487788196015	83487772951172
83487774520182	83487796525702	83487774483203
83487880919922	83487896489088	83487880773724
83487884562422	83487904820963	83487884518932
83487899272526	83487913151796	83487899213724
83487991735286	83488004805598	83487991630651
83487993362891	83488013137942	83487993304505
83487998832578	83488021470494	83487998793724
83488108124713	83488121449192	83488107992995
83488109644713	83488129780025	83488109594661
83488215733932	83488229760755	83488215622995
83488224560963	83488238092682	83488224452265
83488325522734	83488338057317	83488325403359
83488327231328	83488346387473	83488327175599
83488332808672	83488354719504	83488332754453
83488430143932	83488446371588	83488430026588
83488433464765	83488454702734	83488433390703
83488441051536	83488463034453	83488441007317
83488546793776	83488563003358	83488546687942
83488654309817	83488671304140	83488654209765
83488657508411	83488679637369	83488657437474
83488774946692	83488787954244	83488774844869
83488776453463	83488796286484	83488776414557
83488782568932	83488804616900	83488782501276
83488800664713	83488812946431	83488800584453
83488815918151	83488829605650	83488815860494
83488825552942	83488837936015	83488825471796

=== poll 1790328005.127571016
8333333
83486569378516	83486588528360	83486569320131
83486574506172	83486596858672	83486574454193
83486682342370	83486696800651	83486682220704
83486683851901	83486705130703	83486683814401
83486781029506	83486796771901	83486780917683
83486782551641	83486805102474	83486782508724
83486791162839	83486813432734	83486791096537
83486815945131	83486830094974	83486815868151
83486825981589	83486838428359	83486825921016
83486841250287	83486855095078	83486841175547
83486866709297	83486880087109	83486866648203
83486886763047	83486905080494	83486886681953
83486901037110	83486913410546	83486900981589
83486911534870	83486930071952	83486911448203
83486926398985	83486938402265	83486926358985
83486941671849	83486955063932	83486941595130
83486976200912	83486988386328	83486976107162
83486991160651	83487005045911	83486991104662
83487001698255	83487013376276	83487001635912
83487016626380	83487030041640	83487016566120
83487036603047	83487055042474	83487036550860
83487051291537	83487063375286	83487051235183
83487086611901	83487105036171	83487086529349
83487091435860	83487113369088	83487091380808
83487111295391	83487130035651	83487111238828
83487124541016	83487138368047	83487124467214
83487195331224	83487213347213	83487195228932
83487208336432	83487221679245	83487208288724
83487302772578	83487321651328	83487302669922
83487304380964	83487329983880	83487304298412
83487324114453	83487338315599	83487324058099
83487423404141	83487438284036	83487423275547
83487424969037	83487446616901	83487424929193
83487532476068	83487546601796	83487532372578
83487540609349	83487554934400	83487540556953
83487648523151	83487663238932	83487648428307
83487658105495	83487671570390	83487658032057
83487773067474	83487788196015	83487772951172
83487774520182	83487796525702	83487774483203
83487880919922	83487896489088	83487880773724
83487884562422	83487904820963	83487884518932
83487899272526	83487913151796	83487899213724
83487991735286	83488004805598	83487991630651
83487993362891	83488013137942	83487993304505
83487998832578	83488021470494	83487998793724
83488108124713	83488121449192	83488107992995
83488109644713	83488129780025	83488109594661
83488215733932	83488229760755	83488215622995
83488224560963	83488238092682	83488224452265
83488325522734	83488338057317	83488325403359
83488327231328	83488346387473	83488327175599
83488332808672	83488354719504	83488332754453
83488430143932	83488446371588	83488430026588
83488433464765	83488454702734	83488433390703
83488441051536	83488463034453	83488441007317
83488546793776	83488563003358	83488546687942
83488654309817	83488671304140	83488654209765
83488657508411	83488679637369	83488657437474
83488774946692	83488787954244	83488774844869
83488776453463	83488796286484	83488776414557
83488782568932	83488804616900	83488782501276
83488800664713	83488812946431	83488800584453
83488815918151	83488829605650	83488815860494
83488825552942	83488837936015	83488825471796
83488873492161	83488887922733	83488860978776
83488875358619	83488896255702	83488875308411
83488885895755	83488904587942	83488885840546
83488900603619	83488912920910	83488900521067
83488915531953	83488929584816	83488915482317
83488936023411	83488954574816	83488935945598
83488960971848	83488979574243	83488960874557
83488965658567	83488987908827	83488965616796
83488979715963	83488996241483	83488979668255
83488994133567	83489012906692	83488994076640
83489009961067	83489021237889	83489009869557
83489024186380	83489037900546	83489024092942
83489073453098	83489087878515	83489057720963
83489075360390	83489096209296	83489075293151
83489082453671	83489104538566	83489082388828
83489182435078	83489196166796	83489182335598
83489183975390	83489204497577	83489183927942
83489198715390	83489212827889	83489198654765
83489297437421	83489312794608	83489297321015
83489300716953	83489321128306	83489300674973
83489307425755	83489329460754	83489307370286
83489413510755	83489429440025	83489413385963
83489417251327	83489437769505	83489417177421
83489423967525	83489446101275	83489423874192
83489531033515	83489546066483	83489530900859
83489541334869	83489554397316	83489541237004
83489651243515	83489662687421	83489651128515
83489656909088	83489671016952	83489656829869
83489733104296	83489745991327	83489733027682
83489748409400	83489762647161	83489748352317
83489871612161	83489887579452	83489871479244
83489874035077	83489895909139	83489873908827
83489979995858	83489995851587	83489979880858
83490096804869	83490112468983	83490096626171
83490204548098	83490220747212	83490204409088
83490299020233	83490312368723	83490298866327
83490300962265	83490320699973	83490300919504
83490407455806	83490420681222	83490407373879
83490414984765	83490429013879	83490414911744
83490530668619	83490545649191	83490529935442
83490632483046	83490645623774	83490632386327
83490644184348	83490662281222	83490644121483
83490754024348	83490770589243	83490753913775
83490756543514	83490778920025	83490756496796
83490769343671	83490787251066	83490769238931
83490783484660	83490795581743	83490783428410
83490793423358	83490812244191	83490793373619
83490798436483	83490820575858	83490798373827
83490843869139	83490862229660	83490843761796
83490848484400	83490870562159	83490848401952
83490858644816	83490878893462	83490858597473
83490873658098	83490887225180	83490873608046
83490893571535	83490912219972	83490893504973
83490908839139	83490920551744	83490908772369
83490943857160	83490962202889	83490943737837
83490948265025	83490970533723	83490948215910
83490958690650	83490978864868	83490958624608
83490968621587	83490987197316	83490968564973
83490983314556	83490995528774	83490983249816
83490998264452	83491012190650	83490998201327
83491018955285	83491037181118	83491018888358
83491023908046	83491045509556	83491023869087
83491057349400	83491070499556	83491057270337

=== poll 1790328007.378668984
8333333
83488654309817	83488671304140	83488654209765
83488657508411	83488679637369	83488657437474
83488774946692	83488787954244	83488774844869
83488776453463	83488796286484	83488776414557
83488782568932	83488804616900	83488782501276
83488800664713	83488812946431	83488800584453
83488815918151	83488829605650	83488815860494
83488825552942	83488837936015	83488825471796
83488873492161	83488887922733	83488860978776
83488875358619	83488896255702	83488875308411
83488885895755	83488904587942	83488885840546
83488900603619	83488912920910	83488900521067
83488915531953	83488929584816	83488915482317
83488936023411	83488954574816	83488935945598
83488960971848	83488979574243	83488960874557
83488965658567	83488987908827	83488965616796
83488979715963	83488996241483	83488979668255
83488994133567	83489012906692	83488994076640
83489009961067	83489021237889	83489009869557
83489024186380	83489037900546	83489024092942
83489073453098	83489087878515	83489057720963
83489075360390	83489096209296	83489075293151
83489082453671	83489104538566	83489082388828
83489182435078	83489196166796	83489182335598
83489183975390	83489204497577	83489183927942
83489198715390	83489212827889	83489198654765
83489297437421	83489312794608	83489297321015
83489300716953	83489321128306	83489300674973
83489307425755	83489329460754	83489307370286
83489413510755	83489429440025	83489413385963
83489417251327	83489437769505	83489417177421
83489423967525	83489446101275	83489423874192
83489531033515	83489546066483	83489530900859
83489541334869	83489554397316	83489541237004
83489651243515	83489662687421	83489651128515
83489656909088	83489671016952	83489656829869
83489733104296	83489745991327	83489733027682
83489748409400	83489762647161	83489748352317
83489871612161	83489887579452	83489871479244
83489874035077	83489895909139	83489873908827
83489979995858	83489995851587	83489979880858
83490096804869	83490112468983	83490096626171
83490204548098	83490220747212	83490204409088
83490299020233	83490312368723	83490298866327
83490300962265	83490320699973	83490300919504
83490407455806	83490420681222	83490407373879
83490414984765	83490429013879	83490414911744
83490530668619	83490545649191	83490529935442
83490632483046	83490645623774	83490632386327
83490644184348	83490662281222	83490644121483
83490754024348	83490770589243	83490753913775
83490756543514	83490778920025	83490756496796
83490769343671	83490787251066	83490769238931
83490783484660	83490795581743	83490783428410
83490793423358	83490812244191	83490793373619
83490798436483	83490820575858	83490798373827
83490843869139	83490862229660	83490843761796
83490848484400	83490870562159	83490848401952
83490858644816	83490878893462	83490858597473
83490873658098	83490887225180	83490873608046
83490893571535	83490912219972	83490893504973
83490908839139	83490920551744	83490908772369
83490943857160	83490962202889	83490943737837
83490948265025	83490970533723	83490948215910
83490958690650	83490978864868	83490958624608
83490968621587	83490987197316	83490968564973
83490983314556	83490995528774	83490983249816
83490998264452	83491012190650	83490998201327
83491018955285	83491037181118	83491018888358
83491023908046	83491045509556	83491023869087
83491057349400	83491070499556	83491057270337
83491069287785	83491087160336	83491069218983
83491073629087	83491095491847	83491073549191
83491089997525	83491103821795	83491089938931
83491169287368	83491187141170	83491169198827
83491181648098	83491195474556	83491181573410
83491272536691	83491287140181	83491272394452
83491275016796	83491295470805	83491274926223
83491289991795	83491303802211	83491289908566
83491388058670	83491403760858	83491387947837
83491397846639	83491412091586	83491397779712
83491506488879	83491520392212	83491506350910
83491508684191	83491528722576	83491508606327
83491621166170	83491636991743	83491621061327
83491622943097	83491645318202	83491622883618
83491724387733	83491736937056	83491724277472
83491731800285	83491745266586	83491731743514
83491845651118	83491861881951	83491845548827
83491849160597	83491870212836	83491849089556
83491856461327	83491878545441	83491856379087
83491963835129	83491978526742	83491963664087
83492072059087	83492086825597	83492071870701
83492074194504	83492095156951	83492074102681
83492188153462	83492203476535	83492187988514
83492189847785	83492211811222	83492189747576
83492304172420	83492320142524	83492304074191
83492419432160	83492436792107	83492419325180
83492531963983	83492545096274	83492531845545
83492533509816	83492553428670	83492533472212
83492539162680	83492561759867	83492539116795
83492646093930	83492661729763	83492645967107
83492647614764	83492670059294	83492647570180
83492762264764	83492778356378	83492762131274
83492764705753	83492786685180	83492764669660
83492792467785	83492803347419	83492792390285
83492807429139	83492820007732	83492807325805
83492817611014	83492828339294	83492817556430
83492842168774	83492853329815	83492842075649
83492867189087	83492878319868	83492867108305
83492882758253	83492894977367	83492882688878
83492892211066	83492903307836	83492892158357
83492907836222	83492919967732	83492907788774
83492927278930	83492944958357	83492927212420
83492966157212	83492978278461	83492966046795
83492977671118	83492994939659	83492977616274
83492992696951	83493003269816	83492992620909
83493007615962	83493019929086	83493007533566
83493022757368	83493036587472	83493022701222
83493042514139	83493053249294	83493042422316
83493077492264	83493094903200	83493077423930
83493092508826	83493103235180	83493092452003
83493107634659	83493119900232	83493107579659
83493122845753	83493136562472	83493122761691
83493183622524	83493194884242	83493183520493
83493197630753	83493211553305	83493197572576
83493304009972	83493319886326	83493303913045
83493313967316	83493328219450	83493313918618

=== poll 1790328009.653396952
8333333
83490793423358	83490812244191	83490793373619
83490798436483	83490820575858	83490798373827
83490843869139	83490862229660	83490843761796
83490848484400	83490870562159	83490848401952
83490858644816	83490878893462	83490858597473
83490873658098	83490887225180	83490873608046
83490893571535	83490912219972	83490893504973
83490908839139	83490920551744	83490908772369
83490943857160	83490962202889	83490943737837
83490948265025	83490970533723	83490948215910
83490958690650	83490978864868	83490958624608
83490968621587	83490987197316	83490968564973
83490983314556	83490995528774	83490983249816
83490998264452	83491012190650	83490998201327
83491018955285	83491037181118	83491018888358
83491023908046	83491045509556	83491023869087
83491057349400	83491070499556	83491057270337
83491069287785	83491087160336	83491069218983
83491073629087	83491095491847	83491073549191
83491089997525	83491103821795	83491089938931
83491169287368	83491187141170	83491169198827
83491181648098	83491195474556	83491181573410
83491272536691	83491287140181	83491272394452
83491275016796	83491295470805	83491274926223
83491289991795	83491303802211	83491289908566
83491388058670	83491403760858	83491387947837
83491397846639	83491412091586	83491397779712
83491506488879	83491520392212	83491506350910
83491508684191	83491528722576	83491508606327
83491621166170	83491636991743	83491621061327
83491622943097	83491645318202	83491622883618
83491724387733	83491736937056	83491724277472
83491731800285	83491745266586	83491731743514
83491845651118	83491861881951	83491845548827
83491849160597	83491870212836	83491849089556
83491856461327	83491878545441	83491856379087
83491963835129	83491978526742	83491963664087
83492072059087	83492086825597	83492071870701
83492074194504	83492095156951	83492074102681
83492188153462	83492203476535	83492187988514
83492189847785	83492211811222	83492189747576
83492304172420	83492320142524	83492304074191
83492419432160	83492436792107	83492419325180
83492531963983	83492545096274	83492531845545
83492533509816	83492553428670	83492533472212
83492539162680	83492561759867	83492539116795
83492646093930	83492661729763	83492645967107
83492647614764	83492670059294	83492647570180
83492762264764	83492778356378	83492762131274
83492764705753	83492786685180	83492764669660
83492792467785	83492803347419	83492792390285
83492807429139	83492820007732	83492807325805
83492817611014	83492828339294	83492817556430
83492842168774	83492853329815	83492842075649
83492867189087	83492878319868	83492867108305
83492882758253	83492894977367	83492882688878
83492892211066	83492903307836	83492892158357
83492907836222	83492919967732	83492907788774
83492927278930	83492944958357	83492927212420
83492966157212	83492978278461	83492966046795
83492977671118	83492994939659	83492977616274
83492992696951	83493003269816	83492992620909
83493007615962	83493019929086	83493007533566
83493022757368	83493036587472	83493022701222
83493042514139	83493053249294	83493042422316
83493077492264	83493094903200	83493077423930
83493092508826	83493103235180	83493092452003
83493107634659	83493119900232	83493107579659
83493122845753	83493136562472	83493122761691
83493183622524	83493194884242	83493183520493
83493197630753	83493211553305	83493197572576
83493304009972	83493319886326	83493303913045
83493313967316	83493328219450	83493313918618
83493431633357	83493444872367	83493431517784
83493433283201	83493453203773	83493433230232
83493439032524	83493461534347	83493438967368
83493527097003	83493544869503	83493526990857
83493530590284	83493553204555	83493530528045
83493638656430	83493653209502	83493638537628
83493640148305	83493661542107	83493640095284
83493658604451	83493669875701	83493658549711
83493747186430	83493761548409	83493747067732
83493757714138	83493769884451	83493757663670
83493871367680	83493886556690	83493871264815
83493880838617	83493894889138	83493880773097
83493973150232	83493986545596	83493973043149
83493974597732	83493994878460	83493974568097
83494087020440	83494103177158	83494086919607
83494088979034	83494111510179	83494088940961
83494183518305	83494194832783	83494183420544
83494185127784	83494203165440	83494185055857
83494197654503	83494211499294	83494197590701
83494304029659	83494319816377	83494303904034
83494355433930	83494369821794	83494305470128
83494407642367	83494419812158	83494407527003
83494455463148	83494469797887	83494414177211
83494525094398	83494536442992	83494525013930
83494572083253	83494586427992	83494530606846
83494651270700	83494669748200	83494651141221
83494705356378	83494719744606	83494656246794
83494755350128	83494769738409	83494707494971
83494805332471	83494819742002	83494764859450
83494807504867	83494828076377	83494807430023
83494855342523	83494869745856	83494839042680
83494874458513	83494886413147	83494874327575
83494889194711	83494903078721	83494889134034
83494899324398	83494911412991	83494899259711
83494914614502	83494928080856	83494914528252
83494984582575	83495003085075	83494984497680
83494989512419	83495011418148	83494989464398
83495019489398	83495036416742	83495019416065
83495083340440	83495094744502	83495083211169
83495089285388	83495103077575	83495089205804
83495118756742	83495136411637	83495118701325
83495184328461	83495203077523	83495184197940
83495192824815	83495211411377	83495192755700
83495218639398	83495236412992	83495218522211
83495243077992	83495261412470	83495242988929
83495296960700	83495311404762	83495292566481
83495298829711	83495319737418	83495298790388
83495318032627	83495336402939	83495317967575
83495339414606	83495353071168	83495339350336
83495407191065	83495419741741	83495407092523
83495415409606	83495428076221	83495415356117
83495432689971	83495444742470	83495432627471
83495509308929	83495528087210	83495509213565
83495539267211	83495553087575	83495539190752

=== poll 1790328011.953917628
8333333
83493197630753	83493211553305	83493197572576
83493304009972	83493319886326	83493303913045
83493313967316	83493328219450	83493313918618
83493431633357	83493444872367	83493431517784
83493433283201	83493453203773	83493433230232
83493439032524	83493461534347	83493438967368
83493527097003	83493544869503	83493526990857
83493530590284	83493553204555	83493530528045
83493638656430	83493653209502	83493638537628
83493640148305	83493661542107	83493640095284
83493658604451	83493669875701	83493658549711
83493747186430	83493761548409	83493747067732
83493757714138	83493769884451	83493757663670
83493871367680	83493886556690	83493871264815
83493880838617	83493894889138	83493880773097
83493973150232	83493986545596	83493973043149
83493974597732	83493994878460	83493974568097
83494087020440	83494103177158	83494086919607
83494088979034	83494111510179	83494088940961
83494183518305	83494194832783	83494183420544
83494185127784	83494203165440	83494185055857
83494197654503	83494211499294	83494197590701
83494304029659	83494319816377	83494303904034
83494355433930	83494369821794	83494305470128
83494407642367	83494419812158	83494407527003
83494455463148	83494469797887	83494414177211
83494525094398	83494536442992	83494525013930
83494572083253	83494586427992	83494530606846
83494651270700	83494669748200	83494651141221
83494705356378	83494719744606	83494656246794
83494755350128	83494769738409	83494707494971
83494805332471	83494819742002	83494764859450
83494807504867	83494828076377	83494807430023
83494855342523	83494869745856	83494839042680
83494874458513	83494886413147	83494874327575
83494889194711	83494903078721	83494889134034
83494899324398	83494911412991	83494899259711
83494914614502	83494928080856	83494914528252
83494984582575	83495003085075	83494984497680
83494989512419	83495011418148	83494989464398
83495019489398	83495036416742	83495019416065
83495083340440	83495094744502	83495083211169
83495089285388	83495103077575	83495089205804
83495118756742	83495136411637	83495118701325
83495184328461	83495203077523	83495184197940
83495192824815	83495211411377	83495192755700
83495218639398	83495236412992	83495218522211
83495243077992	83495261412470	83495242988929
83495296960700	83495311404762	83495292566481
83495298829711	83495319737418	83495298790388
83495318032627	83495336402939	83495317967575
83495339414606	83495353071168	83495339350336
83495407191065	83495419741741	83495407092523
83495415409606	83495428076221	83495415356117
83495432689971	83495444742470	83495432627471
83495509308929	83495528087210	83495509213565
83495539267211	83495553087575	83495539190752
83495658394450	83495669737106	83495658196533
83495660156377	83495678068096	83495660107054
83495664068981	83495686398824	83495664027940
83495775675908	83495794749762	83495775522783
83495777367419	83495803085335	83495777314346
83495859594971	83495878103304	83495859494033
83495868781325	83495886438147	83495868712679
83495872453044	83495894772157	83495872400752
83495973739033	83495986443668	83495973629398
83495981736846	83495994775855	83495981675804
83495990641481	83496003107418	83495990592627
83496091237210	83496103094814	83496091117002
83496098208512	83496111429137	83496098141794
83496105592210	83496119765699	83496105545492
83496201263773	83496219773668	83496201137262
83496209298356	83496228107002	83496209242627
83496213902106	83496236440908	83496213864814
83496333160075	83496344747991	83496333008564
83496334699189	83496353079710	83496334670491
83496440471116	83496453072418	83496440310439
83496447276064	83496461404397	83496447231325
83496556755335	83496569728043	83496556628096
83496565080908	83496578062522	83496565013825
83496572173721	83496586395387	83496572124502
83496672546793	83496686399346	83496672441741
83496684800387	83496703061949	83496684736064
83496756064970	83496769708147	83496755944970
83496773863356	83496786368095	83496773797991
83496781199970	83496794696637	83496781147210
83496794924814	83496811354345	83496794635856
83496814683512	83496828013720	83496814577262
83496859797939	83496877998408	83496859676481
83496874870127	83496886330335	83496874786950
83496884344137	83496902993668	83496884289085
83496914606168	83496927991220	83496914521637
83496924726429	83496936322314	83496924659554
83496985186377	83497002964033	83496985072314
83497000308720	83497011295542	83497000231220
83497009757470	83497027956481	83497009700439
83497024783460	83497036286949	83497024725283
83497049578772	83497061275595	83497049449189
83497109492991	83497127920855	83497109395127
83497114126481	83497136251376	83497114084189
83497139298512	83497152914501	83497139230752
83497198360543	83497211237678	83497198251064
83497210189710	83497227900595	83497210117522
83497214685439	83497236231429	83497214646793
83497240183616	83497252895907	83497240127106
83497264936429	83497277891220	83497264857366
83497314128720	83497327878616	83497314046585
83497324284554	83497336209866	83497324230283
83497339935752	83497352871220	83497339858147
83497364254397	83497377861741	83497364196637
83497414904814	83497427846688	83497414764501
83497435357262	83497452843199	83497435281845
83497439253720	83497461177001	83497439204189
83497464219814	83497477842679	83497464163512
83497489262262	83497502842990	83497489108095
83497534651324	83497552843980	83497534523512
83497539066168	83497561177678	83497539019970
83497564760231	83497577845178	83497564669345
83497588994085	83497602844033	83497588934085
83497649725335	83497661170594	83497649641689
83497660440595	83497677832574	83497660375022
83497680461116	83497694498355	83497680404970
83497758475022	83497769491428	83497758385335
83497782739501	83497794489085	83497782670803
83497788746064	83497802822314	83497788702053
83497864420595	83497877807105	83497864330960
83497897816376	83497911127521	83497897732470

=== poll 1790328014.276579659
8333333
83496334699189	83496353079710	83496334670491
83496440471116	83496453072418	83496440310439
83496447276064	83496461404397	83496447231325
83496556755335	83496569728043	83496556628096
83496565080908	83496578062522	83496565013825
83496572173721	83496586395387	83496572124502
83496672546793	83496686399346	83496672441741
83496684800387	83496703061949	83496684736064
83496756064970	83496769708147	83496755944970
83496773863356	83496786368095	83496773797991
83496781199970	83496794696637	83496781147210
83496794924814	83496811354345	83496794635856
83496814683512	83496828013720	83496814577262
83496859797939	83496877998408	83496859676481
83496874870127	83496886330335	83496874786950
83496884344137	83496902993668	83496884289085
83496914606168	83496927991220	83496914521637
83496924726429	83496936322314	83496924659554
83496985186377	83497002964033	83496985072314
83497000308720	83497011295542	83497000231220
83497009757470	83497027956481	83497009700439
83497024783460	83497036286949	83497024725283
83497049578772	83497061275595	83497049449189
83497109492991	83497127920855	83497109395127
83497114126481	83497136251376	83497114084189
83497139298512	83497152914501	83497139230752
83497198360543	83497211237678	83497198251064
83497210189710	83497227900595	83497210117522
83497214685439	83497236231429	83497214646793
83497240183616	83497252895907	83497240127106
83497264936429	83497277891220	83497264857366
83497314128720	83497327878616	83497314046585
83497324284554	83497336209866	83497324230283
83497339935752	83497352871220	83497339858147
83497364254397	83497377861741	83497364196637
83497414904814	83497427846688	83497414764501
83497435357262	83497452843199	83497435281845
83497439253720	83497461177001	83497439204189
83497464219814	83497477842679	83497464163512
83497489262262	83497502842990	83497489108095
83497534651324	83497552843980	83497534523512
83497539066168	83497561177678	83497539019970
83497564760231	83497577845178	83497564669345
83497588994085	83497602844033	83497588934085
83497649725335	83497661170594	83497649641689
83497660440595	83497677832574	83497660375022
83497680461116	83497694498355	83497680404970
83497758475022	83497769491428	83497758385335
83497782739501	83497794489085	83497782670803
83497788746064	83497802822314	83497788702053
83497864420595	83497877807105	83497864330960
83497897816376	83497911127521	83497897732470
83497996861480	83498011093615	83497996739762
83498005361689	83498019426532	83498005298408
83498107008928	83498119421064	83498106860387
83498108696272	83498127754970	83498108628303
83498122262157	83498136086532	83498122207678
83498212826428	83498227750334	83498212679605
83498214502522	83498236086323	83498214459762
83498230269918	83498244422573	83498230212053
83498321505855	83498336116011	83498321406532
83498331073616	83498344451740	83498330995178
83498338439032	83498352787781	83498338400022
83498417126428	83498436128667	83498417027314
83498441453720	83498452794449	83498441362678
83498446891793	83498461126532	83498446851584
83498549319709	83498561127574	83498549151689
83498556680439	83498569461948	83498556619866
83498563589501	83498577793667	83498563540334
83498656601584	83498669455699	83498656470751
83498672167418	83498686123042	83498672075022
83498769041532	83498786087573	83498768873095
83498776230751	83498794418042	83498776151897
83498782782782	83498802748511	83498782725386
83498793213928	83498811080333	83498793103459
83498799857834	83498819411792	83498799808147
83498807052938	83498827742938	83498806982678
83498857466272	83498869400907	83498857344345
83498872639918	83498886062365	83498872569813
83498907824449	83498919384761	83498907747782
83498922461376	83498936049500	83498922362261
83498932893720	83498944382730	83498932800126
83498992326480	83499011041531	83498992230334
83498997540438	83499019372781	83498997495595
83499007626324	83499027705177	83499007572418
83499032639918	83499044370958	83499032557418
83499057694970	83499069366010	83499057600699
83499097799605	83499111017625	83499097704553
83499107797261	83499119348511	83499107748876
83499132543615	83499144343251	83499132463251
83499157314397	83499169334448	83499157202782
83499197494188	83499210986635	83499197388928
83499217132053	83499235980125	83499217040386
83499232188251	83499244310594	83499232138980
83499257581011	83499269302573	83499257503928
83499307290334	83499319289709	83499307201792
83499322285074	83499335953771	83499322203876
83499332906584	83499344285646	83499332784240
83499347312157	83499360949188	83499347243615
83499372490126	83499385944760	83499372418980
83499422401272	83499435926323	83499422267313
83499442476532	83499460917729	83499442380490
83499447267626	83499469249917	83499447223772
83499472854188	83499485914552	83499472790386
83499527367261	83499544230334	83499527257313
83499532271949	83499552560854	83499532217574
83499567788199	83499585882678	83499567705490
83499572804084	83499594213667	83499572728928
83499598002157	83499610876688	83499597900230
83499642462001	83499660863823	83499642340334
83499668040334	83499685852886	83499667935178
83499673106428	83499694182937	83499673061532
83499732828459	83499744161583	83499732728928
83499742451949	83499760819396	83499742399657
83499782685803	83499794144657	83499782606844
83499805315126	83499819140021	83499805247365
83499838893146	83499852466896	83499838795542
83499882200073	83499894130177	83499882111740
83499888804136	83499902463615	83499888728771
83499947648094	83499960796219	83499947523719
83499991594396	83500002457104	83499991510907
83499998651011	83500010792260	83499998607678
83500055310490	83500069120334	83500055224761
83500105282990	83500119101791	83500105188459
83500114009813	83500127432938	83500113945334
83500180348146	83500194091687	83500180232365
83500238714709	83500252416271	83500238617990

=== poll 1790328016.588272574
8333333
83498331073616	83498344451740	83498330995178
83498338439032	83498352787781	83498338400022
83498417126428	83498436128667	83498417027314
83498441453720	83498452794449	83498441362678
83498446891793	83498461126532	83498446851584
83498549319709	83498561127574	83498549151689
83498556680439	83498569461948	83498556619866
83498563589501	83498577793667	83498563540334
83498656601584	83498669455699	83498656470751
83498672167418	83498686123042	83498672075022
83498769041532	83498786087573	83498768873095
83498776230751	83498794418042	83498776151897
83498782782782	83498802748511	83498782725386
83498793213928	83498811080333	83498793103459
83498799857834	83498819411792	83498799808147
83498807052938	83498827742938	83498806982678
83498857466272	83498869400907	83498857344345
83498872639918	83498886062365	83498872569813
83498907824449	83498919384761	83498907747782
83498922461376	83498936049500	83498922362261
83498932893720	83498944382730	83498932800126
83498992326480	83499011041531	83498992230334
83498997540438	83499019372781	83498997495595
83499007626324	83499027705177	83499007572418
83499032639918	83499044370958	83499032557418
83499057694970	83499069366010	83499057600699
83499097799605	83499111017625	83499097704553
83499107797261	83499119348511	83499107748876
83499132543615	83499144343251	83499132463251
83499157314397	83499169334448	83499157202782
83499197494188	83499210986635	83499197388928
83499217132053	83499235980125	83499217040386
83499232188251	83499244310594	83499232138980
83499257581011	83499269302573	83499257503928
83499307290334	83499319289709	83499307201792
83499322285074	83499335953771	83499322203876
83499332906584	83499344285646	83499332784240
83499347312157	83499360949188	83499347243615
83499372490126	83499385944760	83499372418980
83499422401272	83499435926323	83499422267313
83499442476532	83499460917729	83499442380490
83499447267626	83499469249917	83499447223772
83499472854188	83499485914552	83499472790386
83499527367261	83499544230334	83499527257313
83499532271949	83499552560854	83499532217574
83499567788199	83499585882678	83499567705490
83499572804084	83499594213667	83499572728928
83499598002157	83499610876688	83499597900230
83499642462001	83499660863823	83499642340334
83499668040334	83499685852886	83499667935178
83499673106428	83499694182937	83499673061532
83499732828459	83499744161583	83499732728928
83499742451949	83499760819396	83499742399657
83499782685803	83499794144657	83499782606844
83499805315126	83499819140021	83499805247365
83499838893146	83499852466896	83499838795542
83499882200073	83499894130177	83499882111740
83499888804136	83499902463615	83499888728771
83499947648094	83499960796219	83499947523719
83499991594396	83500002457104	83499991510907
83499998651011	83500010792260	83499998607678
83500055310490	83500069120334	83500055224761
83500105282990	83500119101791	83500105188459
83500114009813	83500127432938	83500113945334
83500180348146	83500194091687	83500180232365
83500238714709	83500252416271	83500238617990
83500280346115	83500294077104	83500280244136
83500338633667	83500352391740	83500338543563
83500388952261	83500402371531	83500388856636
83500446976219	83500460671271	83500446871427
83500536385073	83500552295593	83500536213094
83500547365646	83500560624292	83500547294813
83500642228354	83500660555541	83500642114500
83500657069188	83500668882521	83500656976948
83500663276532	83500677210854	83500663219032
83500739324396	83500752171323	83500739180854
83500772041584	83500785483562	83500771913094
83500782698094	83500793813354	83500782631740
83500788313719	83500802142208	83500788263667
83500808360594	83500827126374	83500808282729
83500858440698	83500877097677	83500858279917
83500883107313	83500893760072	83500883033615
83500922812833	83500935408823	83500922735542
83500932247469	83500943739448	83500932189396
83500948308406	83500960401323	83500948227208
83500982679969	83500993721270	83500982612886
83501033271271	83501052032677	83501033180646
83501062552052	83501077024083	83501058003979
83501122963198	83501135346166	83501122891479
83501133038198	83501143677937	83501132986844
83501162527573	83501176997676	83501157565698
83501221831583	83501235311843	83501221719656
83501233537313	83501251972625	83501233452365
83501258479813	83501276967677	83501258400802
83501283279396	83501301967312	83501283174813
83501338715906	83501351958770	83501338591687
83501348892729	83501360288093	83501348810073
83501358468146	83501376951895	83501358415906
83501383729604	83501401941948	83501383646792
83501446612104	83501460253718	83501446514917
83501530717781	83501543559239	83501530595333
83501562453146	83501576885437	83501556512208
83501618669656	83501635212781	83501618485906
83501658844552	83501676863718	83501658709969
83501663042573	83501685194083	83501662989031
83501732449448	83501743521114	83501732357885
83501780061948	83501793512625	83501779950125
83501841676687	83501860160749	83501841570021
83501881416114	83501893480957	83501881245281
83501888215073	83501901813978	83501888162156
83501951422885	83501968463562	83501951336010
83502005309708	83502018447000	83502005209604
83502025035854	83502043441270	83502024920854
83502046383823	83502060104030	83502046319135
83502108405437	83502126765697	83502108310750
83502112776896	83502135097416	83502112724135
83502163430854	83502176747311	83502163272521
83502214842364	83502226722104	83502214746687
83502221068198	83502235052103	83502221023614
83502271195125	83502285025749	83502271120177
83502324220698	83502335015229	83502324108614
83502329683875	83502343348145	83502329624395
83502379573927	83502393333509	83502379472729
83502440708458	83502451670072	83502440612781
83502446300437	83502460002051	83502446203614
83502496372208	83502509999447	83502496272625
83502555417833	9223372036854775807	83502555319968

=== poll 1790328018.882284605
8333333
83500536385073	83500552295593	83500536213094
83500547365646	83500560624292	83500547294813
83500642228354	83500660555541	83500642114500
83500657069188	83500668882521	83500656976948
83500663276532	83500677210854	83500663219032
83500739324396	83500752171323	83500739180854
83500772041584	83500785483562	83500771913094
83500782698094	83500793813354	83500782631740
83500788313719	83500802142208	83500788263667
83500808360594	83500827126374	83500808282729
83500858440698	83500877097677	83500858279917
83500883107313	83500893760072	83500883033615
83500922812833	83500935408823	83500922735542
83500932247469	83500943739448	83500932189396
83500948308406	83500960401323	83500948227208
83500982679969	83500993721270	83500982612886
83501033271271	83501052032677	83501033180646
83501062552052	83501077024083	83501058003979
83501122963198	83501135346166	83501122891479
83501133038198	83501143677937	83501132986844
83501162527573	83501176997676	83501157565698
83501221831583	83501235311843	83501221719656
83501233537313	83501251972625	83501233452365
83501258479813	83501276967677	83501258400802
83501283279396	83501301967312	83501283174813
83501338715906	83501351958770	83501338591687
83501348892729	83501360288093	83501348810073
83501358468146	83501376951895	83501358415906
83501383729604	83501401941948	83501383646792
83501446612104	83501460253718	83501446514917
83501530717781	83501543559239	83501530595333
83501562453146	83501576885437	83501556512208
83501618669656	83501635212781	83501618485906
83501658844552	83501676863718	83501658709969
83501663042573	83501685194083	83501662989031
83501732449448	83501743521114	83501732357885
83501780061948	83501793512625	83501779950125
83501841676687	83501860160749	83501841570021
83501881416114	83501893480957	83501881245281
83501888215073	83501901813978	83501888162156
83501951422885	83501968463562	83501951336010
83502005309708	83502018447000	83502005209604
83502025035854	83502043441270	83502024920854
83502046383823	83502060104030	83502046319135
83502108405437	83502126765697	83502108310750
83502112776896	83502135097416	83502112724135
83502163430854	83502176747311	83502163272521
83502214842364	83502226722104	83502214746687
83502221068198	83502235052103	83502221023614
83502271195125	83502285025749	83502271120177
83502324220698	83502335015229	83502324108614
83502329683875	83502343348145	83502329624395
83502379573927	83502393333509	83502379472729
83502440708458	83502451670072	83502440612781
83502446300437	83502460002051	83502446203614
83502496372208	83502509999447	83502496272625
83502555417833	83502568317363	83502555319968
83502596447052	83502609969968	83502596343458
83502658372156	83502676611895	83502658268354
83502671190229	83502684943041	83502670980020
83502713618197	83502726606269	83502713521739
83502783382781	83502801584968	83502783228406
83502788778145	83502809919343	83502788713458
83502798958666	83502818251374	83502798861427
83502813509968	83502826583510	83502813422833
83502858685489	83502876563301	83502858452624
83502863113874	83502884894134	83502863006479
83502873076843	83502893224811	83502872977781
83502933749812	83502951541270	83502933641166
83502947061843	83502959872728	83502946916583
83502958544760	83502976537728	83502958480749
83502973335541	83502984868301	83502973263354
83503009193666	83503026518562	83503009087051
83503034410020	83503051505905	83503034334291
83503048122051	83503059834759	83503048029187
83503064264083	83503076493614	83503064184083
83503114006999	83503126469916	83503113872051
83503158516426	83503176448718	83503158403301
83503163413301	83503184778666	83503163349187
83503188346010	83503201442936	83503188271635
83503213452676	83503226439291	83503213378353
83503238968718	83503251426738	83503238861270
83503263582156	83503276413197	83503263485645
83503283940281	83503301398562	83503283865176
83503323211999	83503334719343	83503323111478
83503333302885	83503351379915	83503333244239
83503373955645	83503384698874	83503373861687
83503383936583	83503401358613	83503383872155
83503404435697	83503418020280	83503404359083
83503437672103	83503451343093	83503437573666
83503458279343	83503476332467	83503458173041
83503498553249	83503509652311	83503498457051
83503508014603	83503526312832	83503507961739
83503549045280	83503567963145	83503548956947
83503558800801	83503576293300	83503558739603
83503588849030	83503601285228	83503588768926
83503608230124	83503626276686	83503608178457
83503620568562	83503634608509	83503620526322
83503671812207	83503684589863	83503671686218
83503696857676	83503709580905	83503696764760
83503712707103	83503726241999	83503712598562
83503814010749	83503826218197	83503813871009
83503816890280	83503834550801	83503816844291
83503828794395	83503842881478	83503828755957
83503887412364	83503901192989	83503887315020
83503912862728	83503926189082	83503912793978
83503929016009	83503942854081	83503928953249
83504047356686	83504059495957	83504047243249
83504048966322	83504067825852	83504048925176
83504141063353	83504159474654	83504140954655
83504145846947	83504167807623	83504145779655
83504154011374	83504176140227	83504153965072
83504263062572	83504276111113	83504262925176
83504264619447	83504284442154	83504264575905
83504379538770	83504392726634	83504379399082
83504381071582	83504401057467	83504381032624
83504478206165	83504492688196	83504478071634
83504479952103	83504501017883	83504479913665
83504487151686	83504509349290	83504487086113
83504595759863	83504609323561	83504595609915
83504597299811	83504617656790	83504597268978
83504693280228	83504709297311	83504693161530
83504713537415	83504725959238	83504713443405
83504720130540	83504734292831	83504720074915
83504762180124	83504775943196	83504762093613
83504797814342	83504809259342	83504797718561
83504847960072	9223372036854775807	83504847858405

=== poll 1790328021.233065177
8333333
83502973335541	83502984868301	83502973263354
83503009193666	83503026518562	83503009087051
83503034410020	83503051505905	83503034334291
83503048122051	83503059834759	83503048029187
83503064264083	83503076493614	83503064184083
83503114006999	83503126469916	83503113872051
83503158516426	83503176448718	83503158403301
83503163413301	83503184778666	83503163349187
83503188346010	83503201442936	83503188271635
83503213452676	83503226439291	83503213378353
83503238968718	83503251426738	83503238861270
83503263582156	83503276413197	83503263485645
83503283940281	83503301398562	83503283865176
83503323211999	83503334719343	83503323111478
83503333302885	83503351379915	83503333244239
83503373955645	83503384698874	83503373861687
83503383936583	83503401358613	83503383872155
83503404435697	83503418020280	83503404359083
83503437672103	83503451343093	83503437573666
83503458279343	83503476332467	83503458173041
83503498553249	83503509652311	83503498457051
83503508014603	83503526312832	83503507961739
83503549045280	83503567963145	83503548956947
83503558800801	83503576293300	83503558739603
83503588849030	83503601285228	83503588768926
83503608230124	83503626276686	83503608178457
83503620568562	83503634608509	83503620526322
83503671812207	83503684589863	83503671686218
83503696857676	83503709580905	83503696764760
83503712707103	83503726241999	83503712598562
83503814010749	83503826218197	83503813871009
83503816890280	83503834550801	83503816844291
83503828794395	83503842881478	83503828755957
83503887412364	83503901192989	83503887315020
83503912862728	83503926189082	83503912793978
83503929016009	83503942854081	83503928953249
83504047356686	83504059495957	83504047243249
83504048966322	83504067825852	83504048925176
83504141063353	83504159474654	83504140954655
83504145846947	83504167807623	83504145779655
83504154011374	83504176140227	83504153965072
83504263062572	83504276111113	83504262925176
83504264619447	83504284442154	83504264575905
83504379538770	83504392726634	83504379399082
83504381071582	83504401057467	83504381032624
83504478206165	83504492688196	83504478071634
83504479952103	83504501017883	83504479913665
83504487151686	83504509349290	83504487086113
83504595759863	83504609323561	83504595609915
83504597299811	83504617656790	83504597268978
83504693280228	83504709297311	83504693161530
83504713537415	83504725959238	83504713443405
83504720130540	83504734292831	83504720074915
83504762180124	83504775943196	83504762093613
83504797814342	83504809259342	83504797718561
83504847960072	83504859231269	83504847858405
83504858537311	83504875894030	83504858466790
83504862376374	83504884226686	83504862318717
83504913240228	83504925881998	83504913143561
83504944833353	83504959201738	83504923973509
83504978161947	83504992520175	83504946752519
83505011440592	83505025838248	83504980412780
83505044773457	83505059158977	83505013588457
83505078092415	83505092478665	83505057876321
83505111409290	83505125791217	83505080130801
83505144700957	83505159104915	83505113326374
83505178041217	83505192417675	83505156819499
83505211383769	83505225733717	83505179971686
83505244664186	83505259050227	83505213621165
83505277963613	83505292368508	83505262852103
83505311272676	83505325689134	83505279861061
83505344606009	83505359010435	83505313196946
83505377912936	83505392332467	83505346635384
83505411207051	83505425653977	83505383067832
83505444606842	83505458970644	83505413022884
83505446936582	83505467301738	83505446882259
83505457911998	83505475633248	83505457841426
83505494508040	83505508956842	83505487797155
83505507660853	83505525616165	83505507593665
83505522603873	83505533945643	83505522549550
83505552809707	83505567263196	83505548375384
83505603915488	83505617240956	83505603824030
83505636107103	83505650562519	83505633210071
83505638223873	83505658890540	83505638169082
83505669495905	83505683878560	83505662051321
83505722992884	83505733871216	83505722885540
83505738245540	83505750529654	83505738175592
83505754196582	83505767187415	83505754142363
83505846998248	83505858821893	83505846861790
83505852936686	83505867151893	83505852887363
83505956880644	83505975463352	83505956780904
83505961273717	83505983794550	83505961235488
83506068591113	83506083765696	83506068461477
83506070070696	83506092094237	83506070043092
83506169624029	83506183727727	83506169485227
83506171158352	83506192060123	83506171128977
83506271004811	83506283692102	83506270881373
83506277920592	83506292022206	83506277870279
83506287585592	83506300353299	83506287530071
83506319249498	83506333676321	83506316513717
83506361981061	83506375331216	83506361889863
83506371552258	83506383663664	83506371485488
83506386194133	83506400326581	83506386141738
83506503845019	83506516963612	83506503708092
83506505348196	83506525295018	83506505317988
83506597024967	83506608600748	83506596889290
83506603363925	83506616932570	83506603276008
83506610926113	83506625265122	83506610884550
83506736654394	83506750212258	83506736459029
83506807122154	83506825183300	83506807031165
83506812042102	83506833513560	83506811986477
83506837881581	83506850173560	83506837791112
83506847021321	83506858503352	83506846968665
83506852994133	83506866832310	83506852938248
83506862324029	83506875160487	83506862225383
83506908122727	83506925128247	83506907997206
83506947701008	83506958440852	83506947626529
83506957217050	83506975097258	83506957149185
83506982812467	83507000082935	83506982719446
83507037603769	83507050058403	83507037497779
83507053254550	83507066722310	83507053184654
83507062166685	83507075053195	83507062120539
83507082352258	83507100048404	83507082258456
83507103175331	83507116709446	83507103091112
83507157892675	83507175027414	83507157796581
83507173201425	83507191688612	83507173103248
83507197808248	83507216678924	83507197677050

=== poll 1790328023.772017311
8333333
83505411207051	83505425653977	83505383067832
83505444606842	83505458970644	83505413022884
83505446936582	83505467301738	83505446882259
83505457911998	83505475633248	83505457841426
83505494508040	83505508956842	83505487797155
83505507660853	83505525616165	83505507593665
83505522603873	83505533945643	83505522549550
83505552809707	83505567263196	83505548375384
83505603915488	83505617240956	83505603824030
83505636107103	83505650562519	83505633210071
83505638223873	83505658890540	83505638169082
83505669495905	83505683878560	83505662051321
83505722992884	83505733871216	83505722885540
83505738245540	83505750529654	83505738175592
83505754196582	83505767187415	83505754142363
83505846998248	83505858821893	83505846861790
83505852936686	83505867151893	83505852887363
83505956880644	83505975463352	83505956780904
83505961273717	83505983794550	83505961235488
83506068591113	83506083765696	83506068461477
83506070070696	83506092094237	83506070043092
83506169624029	83506183727727	83506169485227
83506171158352	83506192060123	83506171128977
83506271004811	83506283692102	83506270881373
83506277920592	83506292022206	83506277870279
83506287585592	83506300353299	83506287530071
83506319249498	83506333676321	83506316513717
83506361981061	83506375331216	83506361889863
83506371552258	83506383663664	83506371485488
83506386194133	83506400326581	83506386141738
83506503845019	83506516963612	83506503708092
83506505348196	83506525295018	83506505317988
83506597024967	83506608600748	83506596889290
83506603363925	83506616932570	83506603276008
83506610926113	83506625265122	83506610884550
83506736654394	83506750212258	83506736459029
83506807122154	83506825183300	83506807031165
83506812042102	83506833513560	83506811986477
83506837881581	83506850173560	83506837791112
83506847021321	83506858503352	83506846968665
83506852994133	83506866832310	83506852938248
83506862324029	83506875160487	83506862225383
83506908122727	83506925128247	83506907997206
83506947701008	83506958440852	83506947626529
83506957217050	83506975097258	83506957149185
83506982812467	83507000082935	83506982719446
83507037603769	83507050058403	83507037497779
83507053254550	83507066722310	83507053184654
83507062166685	83507075053195	83507062120539
83507082352258	83507100048404	83507082258456
83507103175331	83507116709446	83507103091112
83507157892675	83507175027414	83507157796581
83507173201425	83507191688612	83507173103248
83507197808248	83507216678924	83507197677050
83507256472935	83507274978038	83507256373873
83507262585019	83507283308352	83507262507987
83507269879237	83507291638560	83507269818769
83507294945748	83507308295539	83507294870591
83507324799602	83507341612049	83507324693769
83507363590071	83507374926372	83507363378977
83507369942727	83507383255643	83507369889446
83507389971060	83507408242049	83507389888769
83507411230748	83507424900747	83507411143404
83507469736112	83507483203247	83507469634393
83507482663560	83507499862726	83507482597571
83507502738873	83507516521164	83507502671112
83507596240071	83507608150435	83507596124081
83507604130383	83507616481060	83507604045435
83507619040279	83507633143300	83507618985227
83507719539862	83507733118143	83507719408300
83507727908248	83507741450695	83507727851841
83507837033560	83507849747778	83507836907987
83507844071268	83507858079549	83507843994758
83507852129862	83507866411477	83507852093873
83507961965904	83507974713247	83507961829185
83507963694393	83507983045643	83507963548091
83507969550383	83507991378664	83507969496477
83508070854654	83508083026633	83508070749237
83508077253872	83508091357726	83508077202466
83508187016164	83508199655903	83508186875799
83508188578872	83508207985434	83508188538404
83508309329862	83508324596997	83508309200904
83508310857518	83508332928143	83508310813039
83508405276008	83508416222049	83508405165383
83508408457101	83508424551840	83508408402883
83508411061529	83508432881371	83508411008612
83508523944081	83508541173246	83508523768351
83508525505695	83508549503143	83508525477414
83508595853716	83508607818872	83508595752049
83508620326685	83508632806059	83508620245747
83508627311424	83508641134289	83508627260331
83508752853351	83508766092726	83508752708403
83508754499966	83508774422153	83508754456060
83508761611685	83508782752361	83508761555851
83508772330018	83508791081944	83508772280018
83508780608351	83508799412830	83508780523195
83508785596893	83508807742726	83508785546997
83508837766424	83508849390955	83508837677726
83508947491216	83508966015017	83508947343039
83508949664445	83508974347048	83508949612778
83509002691841	83509016009444	83509002573195
83509012734132	83509024341684	83509012669914
83509052839601	83509065994965	83509052759393
83509062982622	83509074325851	83509062935070
83509093182830	83509107649236	83509087559705
83509102607414	83509115980539	83509102552466
83509112597153	83509124311632	83509112548143
83509161080851	83509174294341	83509161007466
83509168911424	83509182624705	83509168844080
83509187969549	83509199286059	83509187919341
83509202914757	83509215950070	83509202862309
83509222866632	83509240950955	83509222751424
83509262988195	83509274272934	83509262893455
83509273150643	83509290934288	83509273097726
83509277727101	83509299263871	83509277685643
83509298159237	83509315923819	83509298041164
83509313121737	83509324257049	83509313074497
83509327633612	83509340917621	83509327580382
83509372804966	83509390911268	83509372691007
83509377531320	83509399243299	83509377488507
83509387385955	83509407574861	83509387345643
83509402910382	83509415907465	83509402862414
83509422451111	83509440903091	83509422405747
83509435088872	83509449234653	83509435047518
83509552297726	83509565862204	83509552162622
83509554250539	83509574192569	83509554197882
83509605358247	83509624180642	83509605272466

=== poll 1790328026.076235227
8333333
83507604130383	83507616481060	83507604045435
83507619040279	83507633143300	83507618985227
83507719539862	83507733118143	83507719408300
83507727908248	83507741450695	83507727851841
83507837033560	83507849747778	83507836907987
83507844071268	83507858079549	83507843994758
83507852129862	83507866411477	83507852093873
83507961965904	83507974713247	83507961829185
83507963694393	83507983045643	83507963548091
83507969550383	83507991378664	83507969496477
83508070854654	83508083026633	83508070749237
83508077253872	83508091357726	83508077202466
83508187016164	83508199655903	83508186875799
83508188578872	83508207985434	83508188538404
83508309329862	83508324596997	83508309200904
83508310857518	83508332928143	83508310813039
83508405276008	83508416222049	83508405165383
83508408457101	83508424551840	83508408402883
83508411061529	83508432881371	83508411008612
83508523944081	83508541173246	83508523768351
83508525505695	83508549503143	83508525477414
83508595853716	83508607818872	83508595752049
83508620326685	83508632806059	83508620245747
83508627311424	83508641134289	83508627260331
83508752853351	83508766092726	83508752708403
83508754499966	83508774422153	83508754456060
83508761611685	83508782752361	83508761555851
83508772330018	83508791081944	83508772280018
83508780608351	83508799412830	83508780523195
83508785596893	83508807742726	83508785546997
83508837766424	83508849390955	83508837677726
83508947491216	83508966015017	83508947343039
83508949664445	83508974347048	83508949612778
83509002691841	83509016009444	83509002573195
83509012734132	83509024341684	83509012669914
83509052839601	83509065994965	83509052759393
83509062982622	83509074325851	83509062935070
83509093182830	83509107649236	83509087559705
83509102607414	83509115980539	83509102552466
83509112597153	83509124311632	83509112548143
83509161080851	83509174294341	83509161007466
83509168911424	83509182624705	83509168844080
83509187969549	83509199286059	83509187919341
83509202914757	83509215950070	83509202862309
83509222866632	83509240950955	83509222751424
83509262988195	83509274272934	83509262893455
83509273150643	83509290934288	83509273097726
83509277727101	83509299263871	83509277685643
83509298159237	83509315923819	83509298041164
83509313121737	83509324257049	83509313074497
83509327633612	83509340917621	83509327580382
83509372804966	83509390911268	83509372691007
83509377531320	83509399243299	83509377488507
83509387385955	83509407574861	83509387345643
83509402910382	83509415907465	83509402862414
83509422451111	83509440903091	83509422405747
83509435088872	83509449234653	83509435047518
83509552297726	83509565862204	83509552162622
83509554250539	83509574192569	83509554197882
83509605358247	83509624180642	83509605272466
83509751114757	83509765803194	83509750989653
83509757141893	83509774135069	83509757059393
83509787206841	83509799124340	83509787104497
83509950410226	83509965751163	83509950317309
83509969307882	83509982416736	83509969219913
83510072248090	83510090724548	83510072115538
83510102387361	83510115718611	83510102285538
83510192689549	83510207374600	83510192582049
83510242000174	83510257365538	83510241911528
83510304561997	83510315682621	83510304478872
83510337600434	83510349003663	83510337469288
83510386920017	83510398999548	83510386791944
83510512478142	83510523994756	83510512384965
83510530749184	83510548989652	83510530647257
83510570706267	83510582323871	83510570621684
83510685985694	83510699003298	83510685863299
83510687558403	83510707339288	83510687517153
83510739630330	83510757345538	83510739549913
83510744335955	83510765679548	83510744283976
83510764718403	83510782347100	83510764650642
83510779152778	83510790681475	83510779094080
83510789543142	83510807348090	83510789497257
83510814283403	83510832348246	83510814216267
83510839473194	83510857347933	83510839405382
83510844272361	83510865683558	83510844240330
83510879385851	83510890692673	83510879304913
83510889422673	83510907360069	83510889359913
83510894301007	83510915693662	83510894247882
83510920055434	83510932360173	83510919968194
83510944638819	83510957360277	83510944573403
83510979075746	83510990689080	83510978925069
83510989370330	83511007352413	83510989312413
83511019655746	83511032345850	83511019557413
83511029630278	83511040677986	83511029542257
83511039553403	83511057340068	83511039500434
83511044119705	83511065672048	83511044065173
83511064290382	83511082336267	83511064218975
83511079332673	83511090671110	83511079249757
83511114316007	83511132330329	83511114232621
83511130170642	83511148995590	83511130114496
83511144825434	83511157326892	83511144764080
83511154839757	83511165656840	83511154716059
83511169803819	83511182320016	83511169719496
83511179574496	83511190653194	83511179529913
83511194944705	83511207314808	83511194842048
83511244436111	83511257301318	83511244346580
83511254581059	83511265631527	83511254516267
83511270272048	83511282297308	83511270206580
83511289512413	83511307293193	83511289451944
83511304765850	83511315627464	83511304703350
83511319736788	83511332290746	83511319611215
83511364613819	83511382290225	83511364524392
83511379586319	83511390625590	83511379512569
83511394505538	83511407294495	83511394441632
83511415439861	83511432296579	83511415079184
83511444690746	83511457298454	83511444590590
83511464228715	83511482300068	83511464156215
83511476556736	83511490633298	83511476506059
83511628947621	83511640616371	83511628818975
83511636616163	83511648949131	83511636547465
83511646898454	83511665613297	83511646780642
83511754922829	83511773929078	83511754809340
83511777906892	83511790591266	83511777807100
83511811858923	83511823907308	83511811780121
83511919711058	83511932210276	83511919557621
83511921448663	83511940538767	83511921399756
83511944195433	83511957199340	83511944098663

=== poll 1790328028.402161111
8333333
83510072248090	83510090724548	83510072115538
83510102387361	83510115718611	83510102285538
83510192689549	83510207374600	83510192582049
83510242000174	83510257365538	83510241911528
83510304561997	83510315682621	83510304478872
83510337600434	83510349003663	83510337469288
83510386920017	83510398999548	83510386791944
83510512478142	83510523994756	83510512384965
83510530749184	83510548989652	83510530647257
83510570706267	83510582323871	83510570621684
83510685985694	83510699003298	83510685863299
83510687558403	83510707339288	83510687517153
83510739630330	83510757345538	83510739549913
83510744335955	83510765679548	83510744283976
83510764718403	83510782347100	83510764650642
83510779152778	83510790681475	83510779094080
83510789543142	83510807348090	83510789497257
83510814283403	83510832348246	83510814216267
83510839473194	83510857347933	83510839405382
83510844272361	83510865683558	83510844240330
83510879385851	83510890692673	83510879304913
83510889422673	83510907360069	83510889359913
83510894301007	83510915693662	83510894247882
83510920055434	83510932360173	83510919968194
83510944638819	83510957360277	83510944573403
83510979075746	83510990689080	83510978925069
83510989370330	83511007352413	83510989312413
83511019655746	83511032345850	83511019557413
83511029630278	83511040677986	83511029542257
83511039553403	83511057340068	83511039500434
83511044119705	83511065672048	83511044065173
83511064290382	83511082336267	83511064218975
83511079332673	83511090671110	83511079249757
83511114316007	83511132330329	83511114232621
83511130170642	83511148995590	83511130114496
83511144825434	83511157326892	83511144764080
83511154839757	83511165656840	83511154716059
83511169803819	83511182320016	83511169719496
83511179574496	83511190653194	83511179529913
83511194944705	83511207314808	83511194842048
83511244436111	83511257301318	83511244346580
83511254581059	83511265631527	83511254516267
83511270272048	83511282297308	83511270206580
83511289512413	83511307293193	83511289451944
83511304765850	83511315627464	83511304703350
83511319736788	83511332290746	83511319611215
83511364613819	83511382290225	83511364524392
83511379586319	83511390625590	83511379512569
83511394505538	83511407294495	83511394441632
83511415439861	83511432296579	83511415079184
83511444690746	83511457298454	83511444590590
83511464228715	83511482300068	83511464156215
83511476556736	83511490633298	83511476506059
83511628947621	83511640616371	83511628818975
83511636616163	83511648949131	83511636547465
83511646898454	83511665613297	83511646780642
83511754922829	83511773929078	83511754809340
83511777906892	83511790591266	83511777807100
83511811858923	83511823907308	83511811780121
83511919711058	83511932210276	83511919557621
83511921448663	83511940538767	83511921399756
83511944195433	83511957199340	83511944098663
83512119671892	83512132150381	83512119563090
83512128612413	83512140481839	83512128549913
83512139331163	83512157140277	83512139268558
83512228249704	83512240445694	83512228130121
83512262071058	83512273767777	83512261960173
83512271890069	83512290429548	83512271840381
83512276408246	83512298760641	83512276369704
83512321806215	83512340409339	83512321709860
83512326922985	83512348740642	83512326851110
83512336715225	83512357072881	83512336671579
83512370170537	83512382068349	83512370079548
83512376632100	83512390401683	83512376579183
83512494748142	83512507032724	83512494593037
83512496400329	83512515364547	83512496348662
83512501095902	83512523696891	83512501052360
83512609901579	83512623673349	83512609757048
83512708363766	83512723655849	83512708230277
83512718052933	83512731988298	83512717995433
83512794794860	83512806984495	83512794693662
83512806054079	83512823647932	83512805952152
83512820789704	83512831981162	83512820725121
83512826924860	83512840315276	83512826837673
83512846017308	83512856984078	83512845945329
83512851789860	83512865316058	83512851729652
83512871992621	83512890317204	83512871903714
83512921591735	83512940298297	83512921495902
83512936575798	83512948629339	83512936473454
83512946171527	83512956959495	83512946068506
83512996564548	83513015269182	83512996431162
83513021754964	83513040264182	83513021673089
83513046761318	83513065255433	83513046677152
83513056536996	83513073584496	83513056481579
83513063757464	83513081913609	83513063668506
83513087310329	83513098572985	83513087214652
83513151681214	83513165216265	83513151596475
83513161245329	83513173548870	83513161186006
83513186109912	83513198545276	83513185970225
83513211244287	83513223540640	83513211132308
83513260992673	83513273527672	83513260919964
83513286622048	83513298518401	83513286553923
83513311287412	83513323508453	83513311192829
83513371746943	83513390152464	83513371644495
83513381558350	83513398484391	83513381491579
83513401506631	83513415148505	83513401420225
83513431669391	83513448473714	83513431546006
83513476618766	83513490138088	83513476515225
83513486098818	83513498469912	83513486002152
83513501369808	83513515131995	83513501309443
83513602858922	83513615106631	83513602714339
83513610337099	83513623439599	83513610260693
83513617540120	83513631771943	83513617495172
83513734791683	83513748412411	83513734644964
83513736337047	83513756741526	83513736297256
83513846926683	83513865038245	83513846784131
83513851025641	83513873368974	83513850975224
83513953331006	83513964990745	83513953191058
83513955011058	83513973320433	83513954912047
83513960091943	83513981650744	83513960033401
83514069302985	83514081594807	83514069149443
83514076030485	83514089924443	83514075950953
83514178902412	83514189888349	83514178733037
83514193036422	83514206543558	83514192815953
83514291765433	83514306499026	83514291626683
83514293888610	83514314832880	83514293833766
83514309039964	83514323167412	83514308982672

=== poll 1790328030.701444340
8333333
83511811858923	83511823907308	83511811780121
83511919711058	83511932210276	83511919557621
83511921448663	83511940538767	83511921399756
83511944195433	83511957199340	83511944098663
83512119671892	83512132150381	83512119563090
83512128612413	83512140481839	83512128549913
83512139331163	83512157140277	83512139268558
83512228249704	83512240445694	83512228130121
83512262071058	83512273767777	83512261960173
83512271890069	83512290429548	83512271840381
83512276408246	83512298760641	83512276369704
83512321806215	83512340409339	83512321709860
83512326922985	83512348740642	83512326851110
83512336715225	83512357072881	83512336671579
83512370170537	83512382068349	83512370079548
83512376632100	83512390401683	83512376579183
83512494748142	83512507032724	83512494593037
83512496400329	83512515364547	83512496348662
83512501095902	83512523696891	83512501052360
83512609901579	83512623673349	83512609757048
83512708363766	83512723655849	83512708230277
83512718052933	83512731988298	83512717995433
83512794794860	83512806984495	83512794693662
83512806054079	83512823647932	83512805952152
83512820789704	83512831981162	83512820725121
83512826924860	83512840315276	83512826837673
83512846017308	83512856984078	83512845945329
83512851789860	83512865316058	83512851729652
83512871992621	83512890317204	83512871903714
83512921591735	83512940298297	83512921495902
83512936575798	83512948629339	83512936473454
83512946171527	83512956959495	83512946068506
83512996564548	83513015269182	83512996431162
83513021754964	83513040264182	83513021673089
83513046761318	83513065255433	83513046677152
83513056536996	83513073584496	83513056481579
83513063757464	83513081913609	83513063668506
83513087310329	83513098572985	83513087214652
83513151681214	83513165216265	83513151596475
83513161245329	83513173548870	83513161186006
83513186109912	83513198545276	83513185970225
83513211244287	83513223540640	83513211132308
83513260992673	83513273527672	83513260919964
83513286622048	83513298518401	83513286553923
83513311287412	83513323508453	83513311192829
83513371746943	83513390152464	83513371644495
83513381558350	83513398484391	83513381491579
83513401506631	83513415148505	83513401420225
83513431669391	83513448473714	83513431546006
83513476618766	83513490138088	83513476515225
83513486098818	83513498469912	83513486002152
83513501369808	83513515131995	83513501309443
83513602858922	83513615106631	83513602714339
83513610337099	83513623439599	83513610260693
83513617540120	83513631771943	83513617495172
83513734791683	83513748412411	83513734644964
83513736337047	83513756741526	83513736297256
83513846926683	83513865038245	83513846784131
83513851025641	83513873368974	83513850975224
83513953331006	83513964990745	83513953191058
83513955011058	83513973320433	83513954912047
83513960091943	83513981650744	83513960033401
83514069302985	83514081594807	83514069149443
83514076030485	83514089924443	83514075950953
83514178902412	83514189888349	83514178733037
83514193036422	83514206543558	83514192815953
83514291765433	83514306499026	83514291626683
83514293888610	83514314832880	83514293833766
83514309039964	83514323167412	83514308982672
83514417501891	83514431468192	83514417342933
83514419147568	83514439800120	83514419106214
83514521663974	83514539778192	83514521496735
83514527503037	83514548113401	83514527435485
83514538688974	83514556448714	83514538614912
83514584908089	83514598114755	83514584802412
83514604333557	83514623110640	83514604254235
83514609124547	83514631443297	83514609067724
83514625990276	83514639776734	83514625936995
83514720951370	83514739744390	83514720800537
83514727467776	83514748072202	83514727404026
83514735679912	83514756399963	83514735627255
83514757814026	83514773055328	83514757748557
83514759385745	83514781385797	83514759358401
83514772726734	83514789715588	83514772562724
83514809631162	83514823033297	83514809510901
83514842808922	83514856356266	83514842720328
83514920985849	83514939660328	83514920882568
83514950811995	83514964653505	83514950736161
83515018170849	83515031298245	83515018021891
83515076140380	83515089622880	83515076061734
83515117748818	83515131285379	83515117661578
83515169630484	83515181267202	83515169533557
83515176372203	83515189597880	83515176292099
83515226000953	83515239587203	83515225902984
83515284299599	83515297894494	83515284209911
83515334121057	83515347862255	83515334046109
83515394824443	83515406162359	83515394686370
83515401210953	83515414493296	83515401163818
83515442567620	83515456140953	83515442477515
83515509206943	83515522778244	83515509109182
83515550570276	83515564424025	83515550497151
83515625622255	83515639390067	83515625528870
83515659572151	83515672707307	83515659481578
83515734239547	83515747679650	83515734090745
83515757644807	83515772672671	83515757578765
83515760259234	83515781002828	83515760219859
83515767168297	83515789332827	83515767126734
83515842781369	83515855986733	83515842669599
83515851208609	83515864317619	83515851142932
83515892512359	83515905976421	83515892430588
83515960622880	83515972623556	83515960506474
83516000450744	83516014289181	83516000375953
83516068202255	83516080932567	83516068077828
83516077991630	83516089264650	83516077935849
83516092153557	83516105929077	83516092103869
83516176503713	83516189246681	83516176377411
83516200645328	83516214233139	83516200537567
83516294393661	83516305870015	83516294282307
83516308786994	83516322529650	83516308721161
83516411463921	83516422473712	83516411324911
83516425535380	83516439130327	83516425466109
83516520806786	83516539071108	83516520666265
83516528364390	83516547401160	83516528229911
83516533715692	83516555731681	83516533660275
83516635572775	83516647347462	83516635416473
83516643110432	83516655676733	83516643050484
83516649909390	83516664006264	83516649847463

=== poll 1790328033.034626370
8333333
83513734791683	83513748412411	83513734644964
83513736337047	83513756741526	83513736297256
83513846926683	83513865038245	83513846784131
83513851025641	83513873368974	83513850975224
83513953331006	83513964990745	83513953191058
83513955011058	83513973320433	83513954912047
83513960091943	83513981650744	83513960033401
83514069302985	83514081594807	83514069149443
83514076030485	83514089924443	83514075950953
83514178902412	83514189888349	83514178733037
83514193036422	83514206543558	83514192815953
83514291765433	83514306499026	83514291626683
83514293888610	83514314832880	83514293833766
83514309039964	83514323167412	83514308982672
83514417501891	83514431468192	83514417342933
83514419147568	83514439800120	83514419106214
83514521663974	83514539778192	83514521496735
83514527503037	83514548113401	83514527435485
83514538688974	83514556448714	83514538614912
83514584908089	83514598114755	83514584802412
83514604333557	83514623110640	83514604254235
83514609124547	83514631443297	83514609067724
83514625990276	83514639776734	83514625936995
83514720951370	83514739744390	83514720800537
83514727467776	83514748072202	83514727404026
83514735679912	83514756399963	83514735627255
83514757814026	83514773055328	83514757748557
83514759385745	83514781385797	83514759358401
83514772726734	83514789715588	83514772562724
83514809631162	83514823033297	83514809510901
83514842808922	83514856356266	83514842720328
83514920985849	83514939660328	83514920882568
83514950811995	83514964653505	83514950736161
83515018170849	83515031298245	83515018021891
83515076140380	83515089622880	83515076061734
83515117748818	83515131285379	83515117661578
83515169630484	83515181267202	83515169533557
83515176372203	83515189597880	83515176292099
83515226000953	83515239587203	83515225902984
83515284299599	83515297894494	83515284209911
83515334121057	83515347862255	83515334046109
83515394824443	83515406162359	83515394686370
83515401210953	83515414493296	83515401163818
83515442567620	83515456140953	83515442477515
83515509206943	83515522778244	83515509109182
83515550570276	83515564424025	83515550497151
83515625622255	83515639390067	83515625528870
83515659572151	83515672707307	83515659481578
83515734239547	83515747679650	83515734090745
83515757644807	83515772672671	83515757578765
83515760259234	83515781002828	83515760219859
83515767168297	83515789332827	83515767126734
83515842781369	83515855986733	83515842669599
83515851208609	83515864317619	83515851142932
83515892512359	83515905976421	83515892430588
83515960622880	83515972623556	83515960506474
83516000450744	83516014289181	83516000375953
83516068202255	83516080932567	83516068077828
83516077991630	83516089264650	83516077935849
83516092153557	83516105929077	83516092103869
83516176503713	83516189246681	83516176377411
83516200645328	83516214233139	83516200537567
83516294393661	83516305870015	83516294282307
83516308786994	83516322529650	83516308721161
83516411463921	83516422473712	83516411324911
83516425535380	83516439130327	83516425466109
83516520806786	83516539071108	83516520666265
83516528364390	83516547401160	83516528229911
83516533715692	83516555731681	83516533660275
83516635572775	83516647347462	83516635416473
83516643110432	83516655676733	83516643050484
83516649909390	83516664006264	83516649847463
83516740891005	83516755612150	83516740741890
83516742600640	83516763939963	83516742552046
83516773021838	83516788923713	83516772940432
83516774914182	83516797254181	83516774869130
83516780211421	83516805583191	83516776415484
83516847139807	83516863881577	83516847035015
83516868858452	83516880538764	83516868784807
83516874777619	83516888868504	83516874725952
83516976945327	83516988823035	83516976803088
83516978759702	83516997152931	83516978712775
83516993740015	83517005482306	83516993663765
83517108389702	83517122082931	83517108225171
83517210386265	83517222050692	83517210285900
83517216147411	83517230382983	83517216070275
83517336212098	83517347016421	83517336105379
83517341021942	83517355346941	83517340968504
83517453754754	83517471965275	83517453611421
83517458082098	83517480297670	83517457982931
83517565495379	83517580244962	83517565383140
83517575276004	83517588572931	83517575171473
83517678380535	83517696868244	83517678202619
83517680159494	83517705197305	83517680121838
83517690302723	83517713525483	83517682865379
83517767608660	83517780153712	83517767526681
83517773528869	83517788483399	83517773479546
83517775396421	83517796813920	83517775364337
83517791342306	83517805142930	83517791260900
83517799433765	83517813472254	83517799398452
83517893215119	83517905088660	83517893064858
83517899607202	83517913418921	83517899547671
83518014318452	83518030044961	83518014172983
83518108436942	83518121686889	83518108321681
83518117300796	83518130019389	83518117241160
83518124875848	83518138352879	83518124820483
83518225325171	83518238344753	83518225185691
83518227039337	83518246678295	83518226993035
83518327534025	83518346654441	83518327420483
83518329236421	83518354984597	83518329196264
83518341477358	83518363315014	83518341428139
83518443939233	83518454950587	83518443864806
83518449199233	83518463278973	83518449143921
83518552063660	83518563218660	83518551945223
83518557862150	83518571548503	83518557810900
83518634632931	83518646507722	83518634508452
83518650570848	83518663165170	83518650498400
83518657685639	83518671494232	83518657602462
83518764750848	83518779764232	83518764609441
83518766666629	83518788092670	83518766632983
83518774808973	83518796422201	83518774752306
83518782309181	83518804752722	83518782265952
83518875735483	83518888045222	83518875603504
83518877551160	83518896376472	83518877507306
83518982038400	83518996334233	83518981906577
83518983951525	83519004664753	83518983887097
83518990960327	83519012995483	83518990909545

=== poll 1790328035.335833036
8333333
83515734239547	83515747679650	83515734090745
83515757644807	83515772672671	83515757578765
83515760259234	83515781002828	83515760219859
83515767168297	83515789332827	83515767126734
83515842781369	83515855986733	83515842669599
83515851208609	83515864317619	83515851142932
83515892512359	83515905976421	83515892430588
83515960622880	83515972623556	83515960506474
83516000450744	83516014289181	83516000375953
83516068202255	83516080932567	83516068077828
83516077991630	83516089264650	83516077935849
83516092153557	83516105929077	83516092103869
83516176503713	83516189246681	83516176377411
83516200645328	83516214233139	83516200537567
83516294393661	83516305870015	83516294282307
83516308786994	83516322529650	83516308721161
83516411463921	83516422473712	83516411324911
83516425535380	83516439130327	83516425466109
83516520806786	83516539071108	83516520666265
83516528364390	83516547401160	83516528229911
83516533715692	83516555731681	83516533660275
83516635572775	83516647347462	83516635416473
83516643110432	83516655676733	83516643050484
83516649909390	83516664006264	83516649847463
83516740891005	83516755612150	83516740741890
83516742600640	83516763939963	83516742552046
83516773021838	83516788923713	83516772940432
83516774914182	83516797254181	83516774869130
83516780211421	83516805583191	83516776415484
83516847139807	83516863881577	83516847035015
83516868858452	83516880538764	83516868784807
83516874777619	83516888868504	83516874725952
83516976945327	83516988823035	83516976803088
83516978759702	83516997152931	83516978712775
83516993740015	83517005482306	83516993663765
83517108389702	83517122082931	83517108225171
83517210386265	83517222050692	83517210285900
83517216147411	83517230382983	83517216070275
83517336212098	83517347016421	83517336105379
83517341021942	83517355346941	83517340968504
83517453754754	83517471965275	83517453611421
83517458082098	83517480297670	83517457982931
83517565495379	83517580244962	83517565383140
83517575276004	83517588572931	83517575171473
83517678380535	83517696868244	83517678202619
83517680159494	83517705197305	83517680121838
83517690302723	83517713525483	83517682865379
83517767608660	83517780153712	83517767526681
83517773528869	83517788483399	83517773479546
83517775396421	83517796813920	83517775364337
83517791342306	83517805142930	83517791260900
83517799433765	83517813472254	83517799398452
83517893215119	83517905088660	83517893064858
83517899607202	83517913418921	83517899547671
83518014318452	83518030044961	83518014172983
83518108436942	83518121686889	83518108321681
83518117300796	83518130019389	83518117241160
83518124875848	83518138352879	83518124820483
83518225325171	83518238344753	83518225185691
83518227039337	83518246678295	83518226993035
83518327534025	83518346654441	83518327420483
83518329236421	83518354984597	83518329196264
83518341477358	83518363315014	83518341428139
83518443939233	83518454950587	83518443864806
83518449199233	83518463278973	83518449143921
83518552063660	83518563218660	83518551945223
83518557862150	83518571548503	83518557810900
83518634632931	83518646507722	83518634508452
83518650570848	83518663165170	83518650498400
83518657685639	83518671494232	83518657602462
83518764750848	83518779764232	83518764609441
83518766666629	83518788092670	83518766632983
83518774808973	83518796422201	83518774752306
83518782309181	83518804752722	83518782265952
83518875735483	83518888045222	83518875603504
83518877551160	83518896376472	83518877507306
83518982038400	83518996334233	83518981906577
83518983951525	83519004664753	83518983887097
83518990960327	83519012995483	83518990909545
83519090092827	83519104620274	83519089945952
83519091809129	83519112950430	83519091763399
83519198663972	83519212916264	83519198512983
83519200469285	83519221244441	83519200429858
83519209343816	83519229572670	83519209283764
83519283482670	83519296210587	83519283364545
83519302220066	83519312867618	83519302150535
83519306935379	83519321195899	83519306900274
83519399067462	83519412811576	83519398923660
83519400976629	83519421141680	83519400932410
83519415283295	83519429470065	83519415229701
83519523927566	83519537722826	83519523782462
83519532631941	83519546051003	83519532574233
83519657107306	83519670969440	83519656960899
83519658952410	83519679295690	83519658905326
83519749136680	83519762557513	83519749023920
83519759293503	83519770884492	83519759207462
83519765875066	83519779213347	83519765820743
83519773536264	83519787542565	83519773497774
83519865612410	83519879163191	83519865476628
83519873385483	83519887492930	83519873324649
83519982073607	83519995773712	83519981940743
83519983854493	83520004103294	83519983825326
83520089875587	83520104046680	83520089735795
83520091621316	83520112375794	83520091594857
83520196881420	83520212314596	83520196725951
83520198507618	83520220644023	83520198469232
83520326125222	83520337258971	83520325986420
83520329231993	83520345590482	83520329189389
83520334030951	83520353922982	83520333965691
83520410401732	83520428896731	83520410276941
83520414907930	83520437229128	83520414862670
83520530798295	83520545536419	83520530690951
83520623276941	83520637171263	83520623174336
83520625303607	83520645501628	83520625258555
83520632108763	83520653833920	83520632052930
83520747112826	83520762136680	83520747000378
83520756326784	83520770467826	83520756258816
83520850679232	83520862114231	83520850541888
83520852512722	83520870443815	83520852467357
83520965613034	83520978751003	83520965454545
83520967894909	83520987084388	83520967851003
83520972834909	83520995416420	83520972785274
83521065056003	83521078735430	83521064882565
83521073576732	83521087068607	83521073499284
83521257924961	83521270370638	83521257822669
83521267230222	83521278702981	83521267175534
83521293129961	9223372036854775807	83521293024701

=== poll 1790328037.632679702
8333333
83518443939233	83518454950587	83518443864806
83518449199233	83518463278973	83518449143921
83518552063660	83518563218660	83518551945223
83518557862150	83518571548503	83518557810900
83518634632931	83518646507722	83518634508452
83518650570848	83518663165170	83518650498400
83518657685639	83518671494232	83518657602462
83518764750848	83518779764232	83518764609441
83518766666629	83518788092670	83518766632983
83518774808973	83518796422201	83518774752306
83518782309181	83518804752722	83518782265952
83518875735483	83518888045222	83518875603504
83518877551160	83518896376472	83518877507306
83518982038400	83518996334233	83518981906577
83518983951525	83519004664753	83518983887097
83518990960327	83519012995483	83518990909545
83519090092827	83519104620274	83519089945952
83519091809129	83519112950430	83519091763399
83519198663972	83519212916264	83519198512983
83519200469285	83519221244441	83519200429858
83519209343816	83519229572670	83519209283764
83519283482670	83519296210587	83519283364545
83519302220066	83519312867618	83519302150535
83519306935379	83519321195899	83519306900274
83519399067462	83519412811576	83519398923660
83519400976629	83519421141680	83519400932410
83519415283295	83519429470065	83519415229701
83519523927566	83519537722826	83519523782462
83519532631941	83519546051003	83519532574233
83519657107306	83519670969440	83519656960899
83519658952410	83519679295690	83519658905326
83519749136680	83519762557513	83519749023920
83519759293503	83519770884492	83519759207462
83519765875066	83519779213347	83519765820743
83519773536264	83519787542565	83519773497774
83519865612410	83519879163191	83519865476628
83519873385483	83519887492930	83519873324649
83519982073607	83519995773712	83519981940743
83519983854493	83520004103294	83519983825326
83520089875587	83520104046680	83520089735795
83520091621316	83520112375794	83520091594857
83520196881420	83520212314596	83520196725951
83520198507618	83520220644023	83520198469232
83520326125222	83520337258971	83520325986420
83520329231993	83520345590482	83520329189389
83520334030951	83520353922982	83520333965691
83520410401732	83520428896731	83520410276941
83520414907930	83520437229128	83520414862670
83520530798295	83520545536419	83520530690951
83520623276941	83520637171263	83520623174336
83520625303607	83520645501628	83520625258555
83520632108763	83520653833920	83520632052930
83520747112826	83520762136680	83520747000378
83520756326784	83520770467826	83520756258816
83520850679232	83520862114231	83520850541888
83520852512722	83520870443815	83520852467357
83520965613034	83520978751003	83520965454545
83520967894909	83520987084388	83520967851003
83520972834909	83520995416420	83520972785274
83521065056003	83521078735430	83521064882565
83521073576732	83521087068607	83521073499284
83521257924961	83521270370638	83521257822669
83521267230222	83521278702981	83521267175534
83521293129961	83521312035638	83521293024701
83521457976524	83521470379753	83521457841419
83521459824180	83521478714908	83521459777721
83521476056576	83521487051107	83521475969492
83521500804232	83521512050169	83521500751784
83521515580013	83521528718815	83521515512617
83521525489128	83521537054753	83521525446263
83521560736836	83521578722929	83521560660430
83521575947096	83521587057982	83521575893919
83521585356836	83521603726367	83521585287149
83521610799701	83521628730898	83521610737513
83521623014388	83521637064701	83521622967721
83521726675273	83521745384075	83521726521367
83521731325430	83521753717564	83521731274805
83521752900273	83521770385898	83521752840898
83521756215117	83521778719700	83521756176523
83521768219857	83521787053294	83521768160534
83521818555378	83521837044805	83521818441992
83521833322461	83521845377408	83521833247826
83521839716680	83521853710065	83521839675951
83521941771419	83521953697720	83521941590742
83521948410898	83521962031106	83521948340065
83521956076003	83521970363710	83521956032669
83522057390690	83522070365169	83522057248711
83522059345430	83522078698659	83522059296732
83522072792982	83522087032981	83522072745794
83522153105325	83522170364127	83522153016627
83522173213815	83522187032564	83522173143711
83522306986784	83522320357564	83522306856107
83522359158138	83522370346054	83522359053763
83522365443190	83522378677825	83522365252200
83522471453242	83522487008189	83522471333554
83522483894075	83522495341836	83522483818294
83522493449388	83522512009908	83522493396679
83522607570950	83522620342252	83522607445221
83522624453606	83522637009752	83522624377617
83522633845117	83522645343710	83522633771992
83522756578919	83522770323658	83522756473867
83522808919961	83522820322408	83522808812929
83522814636679	83522828656002	83522814586002
83522923512669	83522936988553	83522923368502
83522925389336	83522945322356	83522925352356
83522943690481	83522961990220	83522943597304
83522957289075	83522970324647	83522957218554
83522968779804	83522986993346	83522968719648
83523008825533	83523020324700	83523008731992
83523018430846	83523036991470	83523018381002
83523049154231	83523061986210	83523049083971
83523058816835	83523070317356	83523058746731
83523068750690	83523086982096	83523068696263
83523098420429	83523111977981	83523098289335
83523109036992	83523120310221	83523108960221
83523158375794	83523170307096	83523158259492
83523168597877	83523186975950	83523168533815
83523184200481	83523195308605	83523184122044
83523204810221	83523220308084	83523204728450
83523313079492	83523328625429	83523312958033
83523317344440	83523336956991	83523317307148
83523356467877	83523370293189	83523356393450
83523364424335	83523378626730	83523364373658
83523443497825	83523461949231	83523443355637
83523483723971	83523495281470	83523483587408
83523489585012	83523503613137	83523489539492
83523597498189	9223372036854775807	83523597371887

=== poll 1790328039.952576576
8333333
83521065056003	83521078735430	83521064882565
83521073576732	83521087068607	83521073499284
83521257924961	83521270370638	83521257822669
83521267230222	83521278702981	83521267175534
83521293129961	83521312035638	83521293024701
83521457976524	83521470379753	83521457841419
83521459824180	83521478714908	83521459777721
83521476056576	83521487051107	83521475969492
83521500804232	83521512050169	83521500751784
83521515580013	83521528718815	83521515512617
83521525489128	83521537054753	83521525446263
83521560736836	83521578722929	83521560660430
83521575947096	83521587057982	83521575893919
83521585356836	83521603726367	83521585287149
83521610799701	83521628730898	83521610737513
83521623014388	83521637064701	83521622967721
83521726675273	83521745384075	83521726521367
83521731325430	83521753717564	83521731274805
83521752900273	83521770385898	83521752840898
83521756215117	83521778719700	83521756176523
83521768219857	83521787053294	83521768160534
83521818555378	83521837044805	83521818441992
83521833322461	83521845377408	83521833247826
83521839716680	83521853710065	83521839675951
83521941771419	83521953697720	83521941590742
83521948410898	83521962031106	83521948340065
83521956076003	83521970363710	83521956032669
83522057390690	83522070365169	83522057248711
83522059345430	83522078698659	83522059296732
83522072792982	83522087032981	83522072745794
83522153105325	83522170364127	83522153016627
83522173213815	83522187032564	83522173143711
83522306986784	83522320357564	83522306856107
83522359158138	83522370346054	83522359053763
83522365443190	83522378677825	83522365252200
83522471453242	83522487008189	83522471333554
83522483894075	83522495341836	83522483818294
83522493449388	83522512009908	83522493396679
83522607570950	83522620342252	83522607445221
83522624453606	83522637009752	83522624377617
83522633845117	83522645343710	83522633771992
83522756578919	83522770323658	83522756473867
83522808919961	83522820322408	83522808812929
83522814636679	83522828656002	83522814586002
83522923512669	83522936988553	83522923368502
83522925389336	83522945322356	83522925352356
83522943690481	83522961990220	83522943597304
83522957289075	83522970324647	83522957218554
83522968779804	83522986993346	83522968719648
83523008825533	83523020324700	83523008731992
83523018430846	83523036991470	83523018381002
83523049154231	83523061986210	83523049083971
83523058816835	83523070317356	83523058746731
83523068750690	83523086982096	83523068696263
83523098420429	83523111977981	83523098289335
83523109036992	83523120310221	83523108960221
83523158375794	83523170307096	83523158259492
83523168597877	83523186975950	83523168533815
83523184200481	83523195308605	83523184122044
83523204810221	83523220308084	83523204728450
83523313079492	83523328625429	83523312958033
83523317344440	83523336956991	83523317307148
83523356467877	83523370293189	83523356393450
83523364424335	83523378626730	83523364373658
83523443497825	83523461949231	83523443355637
83523483723971	83523495281470	83523483587408
83523489585012	83523503613137	83523489539492
83523597498189	83523611938918	83523597371887
83523600485429	83523620271053	83523600439335
83523614505273	83523628604022	83523614442096
83523665089648	83523678597303	83523664998710
83523697499387	83523711922825	83523690361471
83523714687616	83523728587512	83523714614335
83523775127929	83523786901470	83523775046366
83523777830116	83523795233866	83523777774960
83523798442773	83523811899022	83523798330429
83523817882096	83523828564752	83523817823971
83523831147877	83523845230377	83523831095012
83523885415689	83523903549334	83523885324335
83523922452096	83523936876678	83523914964335
83523933145585	83523945208449	83523933080637
83523989948606	83524003547095	83523989851106
83524032013450	83524045222616	83524031911314
83524039600533	83524053559178	83524039554075
83524176591627	83524195249751	83524176468970
83524214074491	83524228590741	83524208814335
83524248453762	83524261924074	83524248371158
83524289806314	83524303593866	83524289662825
83524301540064	83524320259126	83524301483450
83524307873970	83524328591262	83524307834439
83524322866679	83524336923241	83524322818085
83524381756887	83524395245063	83524381648189
83524431820377	83524445239699	83524431723606
83524481999804	83524495230012	83524481897877
83524498116002	83524511894335	83524498058241
83524548332564	83524561887980	83524548248866
83524600919387	83524611876261	83524600831314
83524608691783	83524620208397	83524608615324
83524656557408	83524670187147	83524656472408
83524715201158	83524736831782	83524715090064
83524764883085	83524778488501	83524764798189
83524831446783	83524845141313	83524831357616
83524873700429	83524886801835	83524873542251
83524939745533	83524961784334	83524939654595
83524981903137	83524995119074	83524981808918
83525056345168	83525070122720	83525056237199
83525090400116	83525103453710	83525090315949
83525168226210	83525186782668	83525168079126
83525173666418	83525195116417	83525173613085
83525189569283	83525203451782	83525189529751
83525289735897	83525303456261	83525289601158
83525301628085	83525320125064	83525301567408
83525306093345	83525328459803	83525306050480
83525400081626	83525411795948	83525399908970
83525407889855	83525420129387	83525407831782
83525422629178	83525436795949	83525422578710
83525518034022	83525536789490	83525517901574
83525519868449	83525545122407	83525519823918
83525539383918	83525553456470	83525539332772
83525639224543	83525653459178	83525639104907
83525641212928	83525661792980	83525641158137
83525647644282	83525670126990	83525647602772
83525750554074	83525761793969	83525750447772
83525764690480	83525778465376	83525764627303
83525859315064	83525870150584	83525858992251
83525866799386	83525878485063	83525866717564
83525872748501	83525886821522	83525872699439

=== poll 1790328042.279109023
8333333
83523068750690	83523086982096	83523068696263
83523098420429	83523111977981	83523098289335
83523109036992	83523120310221	83523108960221
83523158375794	83523170307096	83523158259492
83523168597877	83523186975950	83523168533815
83523184200481	83523195308605	83523184122044
83523204810221	83523220308084	83523204728450
83523313079492	83523328625429	83523312958033
83523317344440	83523336956991	83523317307148
83523356467877	83523370293189	83523356393450
83523364424335	83523378626730	83523364373658
83523443497825	83523461949231	83523443355637
83523483723971	83523495281470	83523483587408
83523489585012	83523503613137	83523489539492
83523597498189	83523611938918	83523597371887
83523600485429	83523620271053	83523600439335
83523614505273	83523628604022	83523614442096
83523665089648	83523678597303	83523664998710
83523697499387	83523711922825	83523690361471
83523714687616	83523728587512	83523714614335
83523775127929	83523786901470	83523775046366
83523777830116	83523795233866	83523777774960
83523798442773	83523811899022	83523798330429
83523817882096	83523828564752	83523817823971
83523831147877	83523845230377	83523831095012
83523885415689	83523903549334	83523885324335
83523922452096	83523936876678	83523914964335
83523933145585	83523945208449	83523933080637
83523989948606	83524003547095	83523989851106
83524032013450	83524045222616	83524031911314
83524039600533	83524053559178	83524039554075
83524176591627	83524195249751	83524176468970
83524214074491	83524228590741	83524208814335
83524248453762	83524261924074	83524248371158
83524289806314	83524303593866	83524289662825
83524301540064	83524320259126	83524301483450
83524307873970	83524328591262	83524307834439
83524322866679	83524336923241	83524322818085
83524381756887	83524395245063	83524381648189
83524431820377	83524445239699	83524431723606
83524481999804	83524495230012	83524481897877
83524498116002	83524511894335	83524498058241
83524548332564	83524561887980	83524548248866
83524600919387	83524611876261	83524600831314
83524608691783	83524620208397	83524608615324
83524656557408	83524670187147	83524656472408
83524715201158	83524736831782	83524715090064
83524764883085	83524778488501	83524764798189
83524831446783	83524845141313	83524831357616
83524873700429	83524886801835	83524873542251
83524939745533	83524961784334	83524939654595
83524981903137	83524995119074	83524981808918
83525056345168	83525070122720	83525056237199
83525090400116	83525103453710	83525090315949
83525168226210	83525186782668	83525168079126
83525173666418	83525195116417	83525173613085
83525189569283	83525203451782	83525189529751
83525289735897	83525303456261	83525289601158
83525301628085	83525320125064	83525301567408
83525306093345	83525328459803	83525306050480
83525400081626	83525411795948	83525399908970
83525407889855	83525420129387	83525407831782
83525422629178	83525436795949	83525422578710
83525518034022	83525536789490	83525517901574
83525519868449	83525545122407	83525519823918
83525539383918	83525553456470	83525539332772
83525639224543	83525653459178	83525639104907
83525641212928	83525661792980	83525641158137
83525647644282	83525670126990	83525647602772
83525750554074	83525761793969	83525750447772
83525764690480	83525778465376	83525764627303
83525859315064	83525870150584	83525858992251
83525866799386	83525878485063	83525866717564
83525872748501	83525886821522	83525872699439
83525951496470	83525970157563	83525951361105
83525966317824	83525978491209	83525966246001
83525981215064	83525995158969	83525981150636
83526084285376	83526095161313	83526084112876
83526089566834	83526103495793	83526089493241
83526198558709	83526211830948	83526198397511
83526206596522	83526220164334	83526206524022
83526314262824	83526328498188	83526314114751
83526316100063	83526336832354	83526316056470
83526417910220	83526436828657	83526417632563
83526425293032	83526445161469	83526425225115
83526431100272	83526453493396	83526431052720
83526535515115	83526553496678	83526535400167
83526540413970	83526561830375	83526540350949
83526547692303	83526570162876	83526547649699
83526655665376	83526670167979	83526655514074
83526657373032	83526678501261	83526657341105
83526756090897	83526770150792	83526755898761
83526764398865	83526778482146	83526764330011
83526906129959	83526920097614	83526905953240
83526925400376	83526936762250	83526925330324
83526952172146	83526970088604	83526952090532
83527082893553	83527095031417	83527082592980
83527085272407	83527103363656	83527085221574
83527126158188	83527136684229	83527126062980
83527165140948	83527178331261	83527165066209
83527184560219	83527203323813	83527184487667
83527189139698	83527211656209	83527189103084
83527214861990	83527228319906	83527214766157
83527231748969	83527244985531	83527231688761
83527308561678	83527319972875	83527308430167
83527322709907	83527336632614	83527322652094
83527422635063	83527436600219	83527422516990
83527431576469	83527444930740	83527431512198
83527531002771	83527544908812	83527530873084
83527547351625	83527561573812	83527547293553
83527672401209	83527686528657	83527672262719
83527674157146	83527694861677	83527674109594
83527697606938	83527711522250	83527697539907
83527750791938	83527761494438	83527750687927
83527764206886	83527778152927	83527764157355
83527766783188	83527786483864	83527766744802
83527776063292	83527794814021	83527775995584
83527783577927	83527803144229	83527783532407
83527788945115	83527811474385	83527788917563
83527866984021	83527878119333	83527866896000
83527889242407	83527903110843	83527889173969
83528000230792	83528011409802	83528000110011
83528005750792	83528019739281	83528005697719
83528106756000	83528119687093	83528106645167
83528114243552	83528128014854	83528114187875
83528233471677	9223372036854775807	83528233349542
83528235198500	9223372036854775807	83528235153500

=== poll 1790328044.597867928
8333333
83525090400116	83525103453710	83525090315949
83525168226210	83525186782668	83525168079126
83525173666418	83525195116417	83525173613085
83525189569283	83525203451782	83525189529751
83525289735897	83525303456261	83525289601158
83525301628085	83525320125064	83525301567408
83525306093345	83525328459803	83525306050480
83525400081626	83525411795948	83525399908970
83525407889855	83525420129387	83525407831782
83525422629178	83525436795949	83525422578710
83525518034022	83525536789490	83525517901574
83525519868449	83525545122407	83525519823918
83525539383918	83525553456470	83525539332772
83525639224543	83525653459178	83525639104907
83525641212928	83525661792980	83525641158137
83525647644282	83525670126990	83525647602772
83525750554074	83525761793969	83525750447772
83525764690480	83525778465376	83525764627303
83525859315064	83525870150584	83525858992251
83525866799386	83525878485063	83525866717564
83525872748501	83525886821522	83525872699439
83525951496470	83525970157563	83525951361105
83525966317824	83525978491209	83525966246001
83525981215064	83525995158969	83525981150636
83526084285376	83526095161313	83526084112876
83526089566834	83526103495793	83526089493241
83526198558709	83526211830948	83526198397511
83526206596522	83526220164334	83526206524022
83526314262824	83526328498188	83526314114751
83526316100063	83526336832354	83526316056470
83526417910220	83526436828657	83526417632563
83526425293032	83526445161469	83526425225115
83526431100272	83526453493396	83526431052720
83526535515115	83526553496678	83526535400167
83526540413970	83526561830375	83526540350949
83526547692303	83526570162876	83526547649699
83526655665376	83526670167979	83526655514074
83526657373032	83526678501261	83526657341105
83526756090897	83526770150792	83526755898761
83526764398865	83526778482146	83526764330011
83526906129959	83526920097614	83526905953240
83526925400376	83526936762250	83526925330324
83526952172146	83526970088604	83526952090532
83527082893553	83527095031417	83527082592980
83527085272407	83527103363656	83527085221574
83527126158188	83527136684229	83527126062980
83527165140948	83527178331261	83527165066209
83527184560219	83527203323813	83527184487667
83527189139698	83527211656209	83527189103084
83527214861990	83527228319906	83527214766157
83527231748969	83527244985531	83527231688761
83527308561678	83527319972875	83527308430167
83527322709907	83527336632614	83527322652094
83527422635063	83527436600219	83527422516990
83527431576469	83527444930740	83527431512198
83527531002771	83527544908812	83527530873084
83527547351625	83527561573812	83527547293553
83527672401209	83527686528657	83527672262719
83527674157146	83527694861677	83527674109594
83527697606938	83527711522250	83527697539907
83527750791938	83527761494438	83527750687927
83527764206886	83527778152927	83527764157355
83527766783188	83527786483864	83527766744802
83527776063292	83527794814021	83527775995584
83527783577927	83527803144229	83527783532407
83527788945115	83527811474385	83527788917563
83527866984021	83527878119333	83527866896000
83527889242407	83527903110843	83527889173969
83528000230792	83528011409802	83528000110011
83528005750792	83528019739281	83528005697719
83528106756000	83528119687093	83528106645167
83528114243552	83528128014854	83528114187875
83528233471677	83528244632249	83528233349542
83528235198500	83528252963395	83528235153500
83528325743031	83528344591104	83528325635792
83528336632354	83528352922302	83528336561052
83528341435271	83528361255010	83528341374438
83528363880271	83528377917615	83528363809906
83528426320167	83528444563656	83528426214281
83528441352198	83528452894958	83528441255844
83528447604385	83528461225687	83528447546781
83528550528969	83528569528552	83528550374281
83528557267458	83528577858968	83528557205792
83528564466417	83528586188708	83528564409125
83528673859958	83528686142406	83528673748969
83528676405792	83528694469332	83528676346521
83528680255479	83528702798395	83528680220062
83528773451625	83528786102562	83528773364281
83528775536052	83528794431989	83528775494281
83528781159281	83528802761156	83528781110167
83528813300948	83528827752041	83528805529385
83528888987875	83528902730739	83528888877823
83528905725114	83528919394020	83528905656937
83529008237250	83529019366312	83529008121677
83529010158187	83529027699176	83529010110687
83529022077302	83529036032093	83529022030427
83529131182823	83529144366781	83529131072979
83529133112354	83529152699594	83529133068500
83529138577406	83529161031937	83529138517146
83529281863552	83529294350427	83529281709229
83529284598916	83529302684489	83529284541625
83529395276937	83529410993968	83529395145375
83529398395271	83529419324124	83529398347458
83529408421000	83529427654228	83529408376208
83529448588343	83529460974645	83529448496312
83529455332875	83529469306624	83529455289125
83529590491260	83529602604750	83529590273239
83529672866260	83529685925218	83529672755062
83529689037927	83529702583082	83529688896677
83529787203500	83529802570374	83529787062354
83529790083500	83529810903499	83529790037197
83529797584125	83529819234644	83529797529854
83529813614177	83529827565999	83529813566520
83529897926885	83529910891989	83529897814020
83529913792927	83529927555895	83529913685479
83529921913864	83529935887405	83529921863447
83529989860270	83530002542614	83529989764177
83530038149697	83530052546677	83530030472874
83530122670635	83530135875687	83530122528760
83530141263031	83530152541364	83530141192718
83530146872406	83530160872927	83530146815791
83530254796624	83530269181468	83530254649958
83530256467145	83530277513447	83530256408812
83530263971260	83530285845791	83530263889020
83530390677301	83530402494593	83530390571260
83530425331364	83530444153030	83530425243708
83530433186103	83530452483863	83530433114124

=== poll 1790328046.909322354
8333333
83527547351625	83527561573812	83527547293553
83527672401209	83527686528657	83527672262719
83527674157146	83527694861677	83527674109594
83527697606938	83527711522250	83527697539907
83527750791938	83527761494438	83527750687927
83527764206886	83527778152927	83527764157355
83527766783188	83527786483864	83527766744802
83527776063292	83527794814021	83527775995584
83527783577927	83527803144229	83527783532407
83527788945115	83527811474385	83527788917563
83527866984021	83527878119333	83527866896000
83527889242407	83527903110843	83527889173969
83528000230792	83528011409802	83528000110011
83528005750792	83528019739281	83528005697719
83528106756000	83528119687093	83528106645167
83528114243552	83528128014854	83528114187875
83528233471677	83528244632249	83528233349542
83528235198500	83528252963395	83528235153500
83528325743031	83528344591104	83528325635792
83528336632354	83528352922302	83528336561052
83528341435271	83528361255010	83528341374438
83528363880271	83528377917615	83528363809906
83528426320167	83528444563656	83528426214281
83528441352198	83528452894958	83528441255844
83528447604385	83528461225687	83528447546781
83528550528969	83528569528552	83528550374281
83528557267458	83528577858968	83528557205792
83528564466417	83528586188708	83528564409125
83528673859958	83528686142406	83528673748969
83528676405792	83528694469332	83528676346521
83528680255479	83528702798395	83528680220062
83528773451625	83528786102562	83528773364281
83528775536052	83528794431989	83528775494281
83528781159281	83528802761156	83528781110167
83528813300948	83528827752041	83528805529385
83528888987875	83528902730739	83528888877823
83528905725114	83528919394020	83528905656937
83529008237250	83529019366312	83529008121677
83529010158187	83529027699176	83529010110687
83529022077302	83529036032093	83529022030427
83529131182823	83529144366781	83529131072979
83529133112354	83529152699594	83529133068500
83529138577406	83529161031937	83529138517146
83529281863552	83529294350427	83529281709229
83529284598916	83529302684489	83529284541625
83529395276937	83529410993968	83529395145375
83529398395271	83529419324124	83529398347458
83529408421000	83529427654228	83529408376208
83529448588343	83529460974645	83529448496312
83529455332875	83529469306624	83529455289125
83529590491260	83529602604750	83529590273239
83529672866260	83529685925218	83529672755062
83529689037927	83529702583082	83529688896677
83529787203500	83529802570374	83529787062354
83529790083500	83529810903499	83529790037197
83529797584125	83529819234644	83529797529854
83529813614177	83529827565999	83529813566520
83529897926885	83529910891989	83529897814020
83529913792927	83529927555895	83529913685479
83529921913864	83529935887405	83529921863447
83529989860270	83530002542614	83529989764177
83530038149697	83530052546677	83530030472874
83530122670635	83530135875687	83530122528760
83530141263031	83530152541364	83530141192718
83530146872406	83530160872927	83530146815791
83530254796624	83530269181468	83530254649958
83530256467145	83530277513447	83530256408812
83530263971260	83530285845791	83530263889020
83530390677301	83530402494593	83530390571260
83530425331364	83530444153030	83530425243708
83530433186103	83530452483863	83530433114124
83530632134072	83530644126727	83530631976155
83530650087666	83530660791780	83530650005478
83530806224645	83530819117821	83530806067562
83530814095791	83530827450165	83530814025791
83530822263343	83530835782457	83530822202562
83530867724385	83530885781624	83530867624749
83530872810739	83530894115269	83530872753968
83530882320062	83530902449853	83530882256155
83530922357562	83530935785738	83530922282353
83530932243864	83530944119436	83530932199385
83530972309489	83530985790530	83530972235530
83530982211989	83530994126780	83530982153395
83530992408187	83531010796884	83530992357926
83531021831520	83531035800686	83531021773239
83531030533499	83531044133551	83531030482197
83531038515530	83531052468238	83531038463760
83531149479853	83531160820478	83531149361832
83531151224749	83531169157821	83531151186468
83531254670582	83531269182404	83531254542770
83531263747770	83531277517873	83531263702874
83531362619020	83531377543759	83531362473551
83531372318395	83531385878654	83531372228499
83531497168968	83531510923551	83531497059749
83531505422926	83531519260269	83531505338082
83531596836468	83531610952457	83531596706728
83531605257666	83531619290478	83531605201676
83531723485686	83531735988654	83531723336207
83531725231572	83531744325633	83531725201676
83531760305009	83531777667301	83531760213238
83531761925113	83531786003551	83531761879280
83531769086520	83531794342040	83531764619436
83531840467665	83531852694852	83531840375686
83531847009488	83531861030946	83531846965374
83531948161155	83531961049540	83531948027092
83531949919749	83531969384383	83531949874072
83531955393759	83531977719904	83531955360009
83532065025582	83532077762405	83532064881832
83532066823915	83532086099331	83532066780165
83532171446676	83532186141415	83532171294019
83532283322717	83532294512300	83532283197092
83532285095947	83532302848029	83532285050009
83532390708394	83532402884436	83532390592717
83532399075061	83532411221988	83532398978342
83532515871051	83532527938706	83532515763082
83532522776780	83532536275009	83532522709019
83532599593446	83532611302039	83532599447248
83532607346519	83532619638290	83532607287509
83532705456363	83532719695060	83532705308446
83532707506623	83532728034175	83532707462248
83532713993238	83532736371988	83532713944957
83532779475217	83532794731727	83532779395738
83532781593186	83532803068446	83532781557561
83532789607144	83532811405529	83532789522717
83532809408394	83532828077925	83532809340217
83532814426415	83532836415321	83532814327873
83532822594488	83532844752977	83532822549488

=== poll 1790328049.233149854
8333333
83529672866260	83529685925218	83529672755062
83529689037927	83529702583082	83529688896677
83529787203500	83529802570374	83529787062354
83529790083500	83529810903499	83529790037197
83529797584125	83529819234644	83529797529854
83529813614177	83529827565999	83529813566520
83529897926885	83529910891989	83529897814020
83529913792927	83529927555895	83529913685479
83529921913864	83529935887405	83529921863447
83529989860270	83530002542614	83529989764177
83530038149697	83530052546677	83530030472874
83530122670635	83530135875687	83530122528760
83530141263031	83530152541364	83530141192718
83530146872406	83530160872927	83530146815791
83530254796624	83530269181468	83530254649958
83530256467145	83530277513447	83530256408812
83530263971260	83530285845791	83530263889020
83530390677301	83530402494593	83530390571260
83530425331364	83530444153030	83530425243708
83530433186103	83530452483863	83530433114124
83530632134072	83530644126727	83530631976155
83530650087666	83530660791780	83530650005478
83530806224645	83530819117821	83530806067562
83530814095791	83530827450165	83530814025791
83530822263343	83530835782457	83530822202562
83530867724385	83530885781624	83530867624749
83530872810739	83530894115269	83530872753968
83530882320062	83530902449853	83530882256155
83530922357562	83530935785738	83530922282353
83530932243864	83530944119436	83530932199385
83530972309489	83530985790530	83530972235530
83530982211989	83530994126780	83530982153395
83530992408187	83531010796884	83530992357926
83531021831520	83531035800686	83531021773239
83531030533499	83531044133551	83531030482197
83531038515530	83531052468238	83531038463760
83531149479853	83531160820478	83531149361832
83531151224749	83531169157821	83531151186468
83531254670582	83531269182404	83531254542770
83531263747770	83531277517873	83531263702874
83531362619020	83531377543759	83531362473551
83531372318395	83531385878654	83531372228499
83531497168968	83531510923551	83531497059749
83531505422926	83531519260269	83531505338082
83531596836468	83531610952457	83531596706728
83531605257666	83531619290478	83531605201676
83531723485686	83531735988654	83531723336207
83531725231572	83531744325633	83531725201676
83531760305009	83531777667301	83531760213238
83531761925113	83531786003551	83531761879280
83531769086520	83531794342040	83531764619436
83531840467665	83531852694852	83531840375686
83531847009488	83531861030946	83531846965374
83531948161155	83531961049540	83531948027092
83531949919749	83531969384383	83531949874072
83531955393759	83531977719904	83531955360009
83532065025582	83532077762405	83532064881832
83532066823915	83532086099331	83532066780165
83532171446676	83532186141415	83532171294019
83532283322717	83532294512300	83532283197092
83532285095947	83532302848029	83532285050009
83532390708394	83532402884436	83532390592717
83532399075061	83532411221988	83532398978342
83532515871051	83532527938706	83532515763082
83532522776780	83532536275009	83532522709019
83532599593446	83532611302039	83532599447248
83532607346519	83532619638290	83532607287509
83532705456363	83532719695060	83532705308446
83532707506623	83532728034175	83532707462248
83532713993238	83532736371988	83532713944957
83532779475217	83532794731727	83532779395738
83532781593186	83532803068446	83532781557561
83532789607144	83532811405529	83532789522717
83532809408394	83532828077925	83532809340217
83532814426415	83532836415321	83532814327873
83532822594488	83532844752977	83532822549488
83532946597196	83532961480477	83532946488915
83533041904905	83533053178498	83533041817092
83533047389175	83533061516258	83533047331207
83533147396988	83533161528863	83533147205842
83533225685530	83533236544957	83533225362248
83533249994852	83533261555373	83533249911623
83533255689071	83533269891883	83533255640477
83533350414279	83533361585373	83533350315217
83533364354540	83533378254071	83533364281519
83533465606311	83533478273029	83533465497925
83533480967925	83533494943498	83533480900373
83533580953863	83533594967821	83533580804227
83533597441727	83533611637195	83533597382040
83533700852040	83533711670216	83533700735842
83533706283758	83533720006622	83533706238758
83533799401311	83533811672976	83533799254227
83533808030946	83533820006622	83533807921883
83533841415373	83533853339904	83533841336102
83533933669644	83533945027925	83533933526727
83534039137456	83534053390633	83534039035581
83534129137248	83534145061362	83534129013498
83534132525269	83534153394956	83534132457404
83534139517300	83534161728184	83534139478862
83534251254331	83534270059539	83534251119279
83534252979696	83534278394904	83534252935425
83534356774956	83534370077768	83534356627196
83534358649852	83534378410007	83534358581519
83534364718914	83534386746154	83534364664644
83534465368237	83534478415789	83534465256623
83534467204487	83534486750268	83534467149071
83534472539800	83534495085529	83534472499071
83534575000529	83534586748601	83534574874904
83534582195008	83534595081674	83534582131935
83534698434539	83534711748445	83534698230998
83534791257821	83534803420736	83534791094331
83534795406102	83534811756882	83534795351831
83534797697404	83534820090946	83534797643914
83534807523810	83534828426101	83534807445737
83534818675008	83534836761779	83534818610946
83534823669539	83534845096883	83534823584800
83534833045841	83534853431830	83534832978185
83534852352664	83534870101727	83534852294071
83534892953550	83534911771726	83534892846883
83534897906466	83534920106726	83534897856154
83534907796675	83534928441674	83534907720060
83534922749696	83534936776258	83534922701935
83534990274904	83535003454331	83534990148237
83535015005737	83535028459799	83535014909175
83535156191675	83535170130789	83535156043550
83535157934331	83535178466830	83535157888289
83535174416362	83535186804591	83535174334643

=== poll 1790328051.555709905
8333333
83532705456363	83532719695060	83532705308446
83532707506623	83532728034175	83532707462248
83532713993238	83532736371988	83532713944957
83532779475217	83532794731727	83532779395738
83532781593186	83532803068446	83532781557561
83532789607144	83532811405529	83532789522717
83532809408394	83532828077925	83532809340217
83532814426415	83532836415321	83532814327873
83532822594488	83532844752977	83532822549488
83532946597196	83532961480477	83532946488915
83533041904905	83533053178498	83533041817092
83533047389175	83533061516258	83533047331207
83533147396988	83533161528863	83533147205842
83533225685530	83533236544957	83533225362248
83533249994852	83533261555373	83533249911623
83533255689071	83533269891883	83533255640477
83533350414279	83533361585373	83533350315217
83533364354540	83533378254071	83533364281519
83533465606311	83533478273029	83533465497925
83533480967925	83533494943498	83533480900373
83533580953863	83533594967821	83533580804227
83533597441727	83533611637195	83533597382040
83533700852040	83533711670216	83533700735842
83533706283758	83533720006622	83533706238758
83533799401311	83533811672976	83533799254227
83533808030946	83533820006622	83533807921883
83533841415373	83533853339904	83533841336102
83533933669644	83533945027925	83533933526727
83534039137456	83534053390633	83534039035581
83534129137248	83534145061362	83534129013498
83534132525269	83534153394956	83534132457404
83534139517300	83534161728184	83534139478862
83534251254331	83534270059539	83534251119279
83534252979696	83534278394904	83534252935425
83534356774956	83534370077768	83534356627196
83534358649852	83534378410007	83534358581519
83534364718914	83534386746154	83534364664644
83534465368237	83534478415789	83534465256623
83534467204487	83534486750268	83534467149071
83534472539800	83534495085529	83534472499071
83534575000529	83534586748601	83534574874904
83534582195008	83534595081674	83534582131935
83534698434539	83534711748445	83534698230998
83534791257821	83534803420736	83534791094331
83534795406102	83534811756882	83534795351831
83534797697404	83534820090946	83534797643914
83534807523810	83534828426101	83534807445737
83534818675008	83534836761779	83534818610946
83534823669539	83534845096883	83534823584800
83534833045841	83534853431830	83534832978185
83534852352664	83534870101727	83534852294071
83534892953550	83534911771726	83534892846883
83534897906466	83534920106726	83534897856154
83534907796675	83534928441674	83534907720060
83534922749696	83534936776258	83534922701935
83534990274904	83535003454331	83534990148237
83535015005737	83535028459799	83535014909175
83535156191675	83535170130789	83535156043550
83535157934331	83535178466830	83535157888289
83535174416362	83535186804591	83535174334643
83535209636362	83535228484956	83535209553341
83535234559591	83535253489903	83535234475008
83535239428862	83535261827195	83535239368706
83535334968810	83535353513185	83535334783289
83535357927247	83535370181414	83535357826050
83535372764018	83535386852039	83535372675997
83535440560789	83535453517247	83535440456206
83535461162664	83535478520476	83535461081935
83535482728549	83535495192142	83535482593185
83535592087299	83535603539122	83535592032143
83535617963081	83535628538810	83535617909227
83535686740424	83535703550059	83535686687820
83535701530633	83535720221362	83535701478133
83535717471570	83535728557976	83535717421258
83535795393862	83535811897143	83535795324695
83535817733758	83535828566882	83535817624279
83535891211987	83535903578237	83535891136674
83535903867820	83535920246570	83535903821310
83535925681101	83535936917194	83535925625633
83535990784435	83536003581258	83535990664903
83536010426726	83536028582039	83536010229278
83536031316206	83536045252091	83536031250997
83536093987612	83536111923601	83536093856883
83536108800164	83536120257664	83536108733758
83536139926258	83536153595528	83536139837455
83536199015580	83536211945893	83536198916674
83536224119226	83536236950163	83536223989070
83536256918966	83536270287351	83536256771518
83536315387351	83536328629955	83536315268445
83536340395685	83536353632402	83536340325372
83536364703705	83536378632663	83536364626778
83536440437039	83536453639487	83536440320580
83536453035216	83536470306830	83536452980893
83536494838914	83536511978027	83536494762351
83536534774122	83536553650319	83536534698914
83536560544903	83536578647403	83536560480216
83536581673862	83536595314642	83536581612143
83536631802091	83536645306361	83536631718757
83536677292195	83536695311257	83536677189695
83536689816309	83536703646569	83536689769487
83536751274591	83536761970944	83536751185684
83536786658184	83536803628809	83536786576205
83536798219955	83536811962559	83536798161778
83536874735164	83536886960996	83536874639643
83536893913757	83536911964225	83536893846622
83536915067403	83536928634642	83536915015945
83536978613445	83536995296152	83536978517976
83537003731361	83537020293548	83537003642351
83537023473913	83537036960424	83537023407299
83537082979174	83537095291256	83537082889591
83537115316101	83537128621153	83537115169486
83537131744070	83537145287559	83537131667507
83537182611361	83537195289017	83537182442455
83537223727924	83537236961308	83537223654486
83537239884538	83537253627715	83537239800476
83537258038184	83537270293132	83537257939799
83537265133236	83537278626361	83537265068184
83537278920997	83537295290320	83537278858653
83537282643757	83537303622351	83537282598028
83537292956101	83537311956621	83537292868080
83537298777351	83537320289590	83537298718028
83537358295059	83537370287663	83537358169122
83537368646830	83537386952924	83537368546309
83537392904642	83537403616517	83537392829851
83537443992872	83537461944277	83537443896465
83537464861205	83537478613445	83537464790111
83537509361934	83537520291569	83537509268028

=== poll 1790328053.871284071
8333333
83535157934331	83535178466830	83535157888289
83535174416362	83535186804591	83535174334643
83535209636362	83535228484956	83535209553341
83535234559591	83535253489903	83535234475008
83535239428862	83535261827195	83535239368706
83535334968810	83535353513185	83535334783289
83535357927247	83535370181414	83535357826050
83535372764018	83535386852039	83535372675997
83535440560789	83535453517247	83535440456206
83535461162664	83535478520476	83535461081935
83535482728549	83535495192142	83535482593185
83535592087299	83535603539122	83535592032143
83535617963081	83535628538810	83535617909227
83535686740424	83535703550059	83535686687820
83535701530633	83535720221362	83535701478133
83535717471570	83535728557976	83535717421258
83535795393862	83535811897143	83535795324695
83535817733758	83535828566882	83535817624279
83535891211987	83535903578237	83535891136674
83535903867820	83535920246570	83535903821310
83535925681101	83535936917194	83535925625633
83535990784435	83536003581258	83535990664903
83536010426726	83536028582039	83536010229278
83536031316206	83536045252091	83536031250997
83536093987612	83536111923601	83536093856883
83536108800164	83536120257664	83536108733758
83536139926258	83536153595528	83536139837455
83536199015580	83536211945893	83536198916674
83536224119226	83536236950163	83536223989070
83536256918966	83536270287351	83536256771518
83536315387351	83536328629955	83536315268445
83536340395685	83536353632402	83536340325372
83536364703705	83536378632663	83536364626778
83536440437039	83536453639487	83536440320580
83536453035216	83536470306830	83536452980893
83536494838914	83536511978027	83536494762351
83536534774122	83536553650319	83536534698914
83536560544903	83536578647403	83536560480216
83536581673862	83536595314642	83536581612143
83536631802091	83536645306361	83536631718757
83536677292195	83536695311257	83536677189695
83536689816309	83536703646569	83536689769487
83536751274591	83536761970944	83536751185684
83536786658184	83536803628809	83536786576205
83536798219955	83536811962559	83536798161778
83536874735164	83536886960996	83536874639643
83536893913757	83536911964225	83536893846622
83536915067403	83536928634642	83536915015945
83536978613445	83536995296152	83536978517976
83537003731361	83537020293548	83537003642351
83537023473913	83537036960424	83537023407299
83537082979174	83537095291256	83537082889591
83537115316101	83537128621153	83537115169486
83537131744070	83537145287559	83537131667507
83537182611361	83537195289017	83537182442455
83537223727924	83537236961308	83537223654486
83537239884538	83537253627715	83537239800476
83537258038184	83537270293132	83537257939799
83537265133236	83537278626361	83537265068184
83537278920997	83537295290320	83537278858653
83537282643757	83537303622351	83537282598028
83537292956101	83537311956621	83537292868080
83537298777351	83537320289590	83537298718028
83537358295059	83537370287663	83537358169122
83537368646830	83537386952924	83537368546309
83537392904642	83537403616517	83537392829851
83537443992872	83537461944277	83537443896465
83537464861205	83537478613445	83537464790111
83537509361934	83537520291569	83537509268028
83537544887663	83537561977403	83537544797090
83537556520059	83537570313287	83537556450580
83537622055840	83537636993652	83537621884174
83537656859174	83537670325580	83537656762715
83537715103444	83537736976725	83537715004069
83537775456101	83537786979330	83537775313444
83537781609434	83537795313079	83537781544799
83537823308028	83537836977715	83537823216882
83537885555267	83537903637194	83537885440736
83537889670528	83537911970579	83537889611049
83537931473132	83537945298183	83537931393549
83537993420580	83538011970006	83537993283080
83537998078809	83538020302611	83537998025059
83538040149642	83538053636673	83538039935944
83538107011153	83538120310788	83538106907038
83538148271986	83538161988496	83538148180163
83538223334694	83538236994278	83538223230684
83538256995736	83538270333600	83538256844486
83538345325736	83538361998548	83538345221205
83538364981048	83538378670215	83538364909225
83538468464173	83538487005318	83538468316517
83538473246152	83538495340631	83538473188236
83538573721777	83538587013548	83538573616673
83538581388705	83538595347402	83538581325840
83538691486934	83538703705839	83538691233079
83538698120371	83538712040371	83538698061257
83538793303600	83538812026047	83538793189590
83538795093809	83538820359693	83538795026621
83538814771100	83538828691829	83538814720788
83538906761361	83538920355111	83538906622819
83538908561673	83538928692141	83538908516100
83538931638027	83538945365787	83538931574902
83539025285892	83539037034329	83539025078027
83539031242298	83539045366100	83539031185527
83539135207871	83539153695892	83539135072871
83539136966100	83539162028860	83539136916881
83539156610111	83539170362245	83539156547663
83539251332402	83539270359745	83539251179173
83539256124538	83539278692975	83539256072246
83539364552350	83539378697506	83539364420840
83539366335840	83539387030891	83539366181048
83539381622663	83539395363964	83539381556933
83539458661048	83539470373079	83539458546413
83539468260423	83539487039173	83539468208079
83539485750631	83539503705162	83539485682715
83539559588704	83539570379173	83539559506308
83539591117506	83539603708964	83539591041100
83539599690631	83539612042090	83539599638600
83539699953079	83539712044537	83539699829017
83539703845475	83539720380006	83539703793756
83539714460527	83539728715371	83539714408131
83539779696256	83539795379485	83539779558600
83539782149121	83539803711412	83539781941673
83539792697871	83539812045006	83539792639694
83539819005214	83539837042298	83539818905996
83539823573287	83539845375057	83539823531673
83539832051933	83539853706568	83539831980006
83539842199902	83539862037870	83539842133964

=== poll 1790328056.194025997
8333333
83537292956101	83537311956621	83537292868080
83537298777351	83537320289590	83537298718028
83537358295059	83537370287663	83537358169122
83537368646830	83537386952924	83537368546309
83537392904642	83537403616517	83537392829851
83537443992872	83537461944277	83537443896465
83537464861205	83537478613445	83537464790111
83537509361934	83537520291569	83537509268028
83537544887663	83537561977403	83537544797090
83537556520059	83537570313287	83537556450580
83537622055840	83537636993652	83537621884174
83537656859174	83537670325580	83537656762715
83537715103444	83537736976725	83537715004069
83537775456101	83537786979330	83537775313444
83537781609434	83537795313079	83537781544799
83537823308028	83537836977715	83537823216882
83537885555267	83537903637194	83537885440736
83537889670528	83537911970579	83537889611049
83537931473132	83537945298183	83537931393549
83537993420580	83538011970006	83537993283080
83537998078809	83538020302611	83537998025059
83538040149642	83538053636673	83538039935944
83538107011153	83538120310788	83538106907038
83538148271986	83538161988496	83538148180163
83538223334694	83538236994278	83538223230684
83538256995736	83538270333600	83538256844486
83538345325736	83538361998548	83538345221205
83538364981048	83538378670215	83538364909225
83538468464173	83538487005318	83538468316517
83538473246152	83538495340631	83538473188236
83538573721777	83538587013548	83538573616673
83538581388705	83538595347402	83538581325840
83538691486934	83538703705839	83538691233079
83538698120371	83538712040371	83538698061257
83538793303600	83538812026047	83538793189590
83538795093809	83538820359693	83538795026621
83538814771100	83538828691829	83538814720788
83538906761361	83538920355111	83538906622819
83538908561673	83538928692141	83538908516100
83538931638027	83538945365787	83538931574902
83539025285892	83539037034329	83539025078027
83539031242298	83539045366100	83539031185527
83539135207871	83539153695892	83539135072871
83539136966100	83539162028860	83539136916881
83539156610111	83539170362245	83539156547663
83539251332402	83539270359745	83539251179173
83539256124538	83539278692975	83539256072246
83539364552350	83539378697506	83539364420840
83539366335840	83539387030891	83539366181048
83539381622663	83539395363964	83539381556933
83539458661048	83539470373079	83539458546413
83539468260423	83539487039173	83539468208079
83539485750631	83539503705162	83539485682715
83539559588704	83539570379173	83539559506308
83539591117506	83539603708964	83539591041100
83539599690631	83539612042090	83539599638600
83539699953079	83539712044537	83539699829017
83539703845475	83539720380006	83539703793756
83539714460527	83539728715371	83539714408131
83539779696256	83539795379485	83539779558600
83539782149121	83539803711412	83539781941673
83539792697871	83539812045006	83539792639694
83539819005214	83539837042298	83539818905996
83539823573287	83539845375057	83539823531673
83539832051933	83539853706568	83539831980006
83539842199902	83539862037870	83539842133964
83539878010371	83539895369329	83539877916829
83539907737506	83539920367974	83539907652298
83539917121881	83539928701308	83539917064433
83539923018444	83539937032037	83539922978287
83540043153079	83540062025214	83540043000787
83540049869850	83540070358443	83540049813444
83540065121985	83540078691412	83540064729589
83540124241829	83540137023964	83540124151100
83540159828964	83540178681776	83540159735006
83540173238860	83540187015319	83540173175110
83540226391204	83540245333651	83540226261308
83540266801568	83540278660318	83540266732350
83540282029537	83540295323859	83540281948704
83540351652871	83540370303027	83540351544537
83540375956256	83540386967193	83540375835891
83540398191985	83540411963964	83540398116673
83540466130683	83540478610214	83540466021620
83540506871048	83540520254224	83540506792610
83540514650891	83540528583235	83540514604016
83540604959798	83540620213703	83540604837766
83540622754589	83540636877453	83540622687870
83540731647506	83540745193078	83540731509225
83540733444745	83540753525735	83540733395579
83540740367870	83540761860109	83540740311204
83540809925475	83540828521724	83540809832506
83540848126881	83540861857088	83540848034589
83540915595162	83540928538235	83540915488079
83540940203495	83540953540734	83540940113756
83540956505527	83540970210526	83540956435787
83541057167766	83541070196724	83541057019745
83541059100839	83541078527401	83541059053547
83541072666985	83541086857870	83541072613495
83541140278391	83541153506984	83541140184589
83541164857766	83541178498026	83541164782610
83541181610891	83541195155683	83541181546933
83541251357141	83541270128495	83541251264068
83541286217245	83541303449171	83541286143287
83541289591672	83541311780631	83541289549849
83541357299016	83541370098130	83541357205214
83541393079433	83541411758807	83541392959276
83541406345214	83541420092245	83541406278756
83541507598131	83541520064796	83541507465266
83541509402662	83541528397400	83541509356360
83541531051828	83541545062244	83541530988964
83541606925162	83541620047714	83541606833912
83541627711568	83541645043339	83541627628235
83541639227401	83541653373546	83541639171151
83541708398495	83541720022245	83541708301047
83541748308547	83541761686307	83541748220578
83541756128391	83541770018390	83541756068235
83541851002818	83541870008234	83541850895370
83541868521151	83541886672297	83541868392870
83541872482245	83541895005109	83541872429849
83541965325474	83541978328807	83541965198651
83541967428443	83541986660578	83541967379172
83541989278443	83542003323339	83541989219849
83542065921568	83542078316828	83542065785787
83542075628391	83542086648443	83542075567037
83542089429589	83542103311671	83542089359901
83542160508755	83542178288286	83542160397453
83542174749068	9223372036854775807	83542174664745

=== poll 1790328058.695381360
8333333
83539819005214	83539837042298	83539818905996
83539823573287	83539845375057	83539823531673
83539832051933	83539853706568	83539831980006
83539842199902	83539862037870	83539842133964
83539878010371	83539895369329	83539877916829
83539907737506	83539920367974	83539907652298
83539917121881	83539928701308	83539917064433
83539923018444	83539937032037	83539922978287
83540043153079	83540062025214	83540043000787
83540049869850	83540070358443	83540049813444
83540065121985	83540078691412	83540064729589
83540124241829	83540137023964	83540124151100
83540159828964	83540178681776	83540159735006
83540173238860	83540187015319	83540173175110
83540226391204	83540245333651	83540226261308
83540266801568	83540278660318	83540266732350
83540282029537	83540295323859	83540281948704
83540351652871	83540370303027	83540351544537
83540375956256	83540386967193	83540375835891
83540398191985	83540411963964	83540398116673
83540466130683	83540478610214	83540466021620
83540506871048	83540520254224	83540506792610
83540514650891	83540528583235	83540514604016
83540604959798	83540620213703	83540604837766
83540622754589	83540636877453	83540622687870
83540731647506	83540745193078	83540731509225
83540733444745	83540753525735	83540733395579
83540740367870	83540761860109	83540740311204
83540809925475	83540828521724	83540809832506
83540848126881	83540861857088	83540848034589
83540915595162	83540928538235	83540915488079
83540940203495	83540953540734	83540940113756
83540956505527	83540970210526	83540956435787
83541057167766	83541070196724	83541057019745
83541059100839	83541078527401	83541059053547
83541072666985	83541086857870	83541072613495
83541140278391	83541153506984	83541140184589
83541164857766	83541178498026	83541164782610
83541181610891	83541195155683	83541181546933
83541251357141	83541270128495	83541251264068
83541286217245	83541303449171	83541286143287
83541289591672	83541311780631	83541289549849
83541357299016	83541370098130	83541357205214
83541393079433	83541411758807	83541392959276
83541406345214	83541420092245	83541406278756
83541507598131	83541520064796	83541507465266
83541509402662	83541528397400	83541509356360
83541531051828	83541545062244	83541530988964
83541606925162	83541620047714	83541606833912
83541627711568	83541645043339	83541627628235
83541639227401	83541653373546	83541639171151
83541708398495	83541720022245	83541708301047
83541748308547	83541761686307	83541748220578
83541756128391	83541770018390	83541756068235
83541851002818	83541870008234	83541850895370
83541868521151	83541886672297	83541868392870
83541872482245	83541895005109	83541872429849
83541965325474	83541978328807	83541965198651
83541967428443	83541986660578	83541967379172
83541989278443	83542003323339	83541989219849
83542065921568	83542078316828	83542065785787
83542075628391	83542086648443	83542075567037
83542089429589	83542103311671	83542089359901
83542160508755	83542178288286	83542160397453
83542174749068	83542186620681	83542174664745
83542197956203	83542211615786	83542197870057
83542275776151	83542286590838	83542275644953
83542283703547	83542294921411	83542283636880
83542292039745	83542303252661	83542291957401
83542299175682	83542311583546	83542299118651
83542314770526	83542328246099	83542314680526
83542364715682	83542378241411	83542364616880
83542374633339	83542386574692	83542374551464
83542383941255	83542394909484	83542383881932
83542391523495	83542403243755	83542391479172
83542406952349	83542419912453	83542406876828
83542430928859	83542444916046	83542430858755
83542473078963	83542486574796	83542472978338
83542506607453	83542519901984	83542506475578
83542515095005	83542528234067	83542515011776
83542577289120	83542594873598	83542577199588
83542614556932	83542628190213	83542614478911
83542676103234	83542694840786	83542675994276
83542724533547	83542736495004	83542724455422
83542801937193	83542819817713	83542801786984
83542831140318	83542844821046	83542831060474
83542841486151	83542853153806	83542841376880
83542955210838	83542969794119	83542955096255
83542974293078	83542986461515	83542974195734
83542980717661	83542994796254	83542980657140
83543031603390	83543044801463	83543031519172
83543056558026	83543069804796	83543056449745
83543063986411	83543078139796	83543063911932
83543158009849	83543169799848	83543157853390
83543160185369	83543178131983	83543160139588
83543172506724	83543186466046	83543172459432
83543252584380	83543269786046	83543252486047
83543280827765	83543294782139	83543280733130
83543356329276	83543369777973	83543356243755
83543397786619	83543411443598	83543397693078
83543483534536	83543494778182	83543483424171
83543493207401	83543511442921	83543493144692
83543505810682	83543519776463	83543505758859
83543583348703	83543594755994	83543583248546
83543608732869	83543619753598	83543608657973
83543614905161	83543628088702	83543614846463
83543691564484	83543703089223	83543691464276
83543716299744	83543728080316	83543716225317
83543722546203	83543736412348	83543722499067
83543815396150	83543828045472	83543815278130
83543832668911	83543844708025	83543832591359
83543841183963	83543853037765	83543841095578
83543914513234	83543928003754	83543914421619
83543947834015	83543961321306	83543947736202
83544040866827	83544052945213	83544040735213
83544055963130	83544069608806	83544055878650
83544134464275	83544152940004	83544134366723
83544172461307	83544186271618	83544172380473
83544235376359	83544252921045	83544235265682
83544280832244	83544294574535	83544280726619
83544340827609	83544352896462	83544340674015
83544384778598	83544402884952	83544384689848
83544391066984	83544411213910	83544391021411
83544468985681	83544486184743	83544468888234
83544506307244	83544519500265	83544506215109
83544568706879	83544586123910	83544568538025
83544606082088	83544619442556	83544605985786

=== poll 1790328061.036834953
8333333
83542364715682	83542378241411	83542364616880
83542374633339	83542386574692	83542374551464
83542383941255	83542394909484	83542383881932
83542391523495	83542403243755	83542391479172
83542406952349	83542419912453	83542406876828
83542430928859	83542444916046	83542430858755
83542473078963	83542486574796	83542472978338
83542506607453	83542519901984	83542506475578
83542515095005	83542528234067	83542515011776
83542577289120	83542594873598	83542577199588
83542614556932	83542628190213	83542614478911
83542676103234	83542694840786	83542675994276
83542724533547	83542736495004	83542724455422
83542801937193	83542819817713	83542801786984
83542831140318	83542844821046	83542831060474
83542841486151	83542853153806	83542841376880
83542955210838	83542969794119	83542955096255
83542974293078	83542986461515	83542974195734
83542980717661	83542994796254	83542980657140
83543031603390	83543044801463	83543031519172
83543056558026	83543069804796	83543056449745
83543063986411	83543078139796	83543063911932
83543158009849	83543169799848	83543157853390
83543160185369	83543178131983	83543160139588
83543172506724	83543186466046	83543172459432
83543252584380	83543269786046	83543252486047
83543280827765	83543294782139	83543280733130
83543356329276	83543369777973	83543356243755
83543397786619	83543411443598	83543397693078
83543483534536	83543494778182	83543483424171
83543493207401	83543511442921	83543493144692
83543505810682	83543519776463	83543505758859
83543583348703	83543594755994	83543583248546
83543608732869	83543619753598	83543608657973
83543614905161	83543628088702	83543614846463
83543691564484	83543703089223	83543691464276
83543716299744	83543728080316	83543716225317
83543722546203	83543736412348	83543722499067
83543815396150	83543828045472	83543815278130
83543832668911	83543844708025	83543832591359
83543841183963	83543853037765	83543841095578
83543914513234	83543928003754	83543914421619
83543947834015	83543961321306	83543947736202
83544040866827	83544052945213	83544040735213
83544055963130	83544069608806	83544055878650
83544134464275	83544152940004	83544134366723
83544172461307	83544186271618	83544172380473
83544235376359	83544252921045	83544235265682
83544280832244	83544294574535	83544280726619
83544340827609	83544352896462	83544340674015
83544384778598	83544402884952	83544384689848
83544391066984	83544411213910	83544391021411
83544468985681	83544486184743	83544468888234
83544506307244	83544519500265	83544506215109
83544568706879	83544586123910	83544568538025
83544606082088	83544619442556	83544605985786
83544717544067	83544736082972	83544717370265
83544723759119	83544744414015	83544723685786
83544730739744	83544752745629	83544730687713
83544759051150	83544777738077	83544758955213
83544766707765	83544786067973	83544766638650
83544778689952	83544794396618	83544778621046
83544782943025	83544802728181	83544782894900
83544791671983	83544811060369	83544791618233
83544797014223	83544819390681	83544796959431
83544841840681	83544852713701	83544841726723
83544857245890	83544869378337	83544857162556
83544866994796	83544877711306	83544866925994
83544906070838	83544919366566	83544905991202
83544952813129	83544969354275	83544952693546
83544956917348	83544977687503	83544956816723
83545017726879	83545036009795	83545017637088
83545032090577	83545044342868	83545031997869
83545051983598	83545069344639	83545051912765
83545088224171	83545102675629	83545080701619
83545135052712	83545152662556	83545134903337
83545159499275	83545177654483	83545159396046
83545180827660	83545194313754	83545180757140
83545258468025	83545269296410	83545258361619
83545288187087	83545302629483	83545283519275
83545298959431	83545310964222	83545298899848
83545364236775	83545377637034	83545364137817
83545383644744	83545402641305	83545383554796
83545405414483	83545419309014	83545405351931
83545476171358	83545494313858	83545476031202
83545489093337	83545502647711	83545489032400
83545513734327	83545527646566	83545513665629
83545582883546	83545594303077	83545582778650
83545607692035	83545619297607	83545607614796
83545630536566	83545644292555	83545630473598
83545665194535	83545677626618	83545665092712
83545723529171	83545735948858	83545723445941
83545730269118	83545744282868	83545730240368
83545777862868	83545794287816	83545777734535
83545822736671	83545835953649	83545822593493
83545839514379	83545852619326	83545839429848
83545881341306	83545894281306	83545881252556
83545923256306	83545935947868	83545923175577
83545938898389	83545952617555	83545938824223
83545998468025	83546010953388	83545998365473
83546043280108	83546060958493	83546043164900
83546056180681	83546069292868	83546056124223
83546109776983	83546127622243	83546109697139
83546159320889	83546177620420	83546159230056
83546172488181	83546185953961	83546172426514
83546235021306	83546252618753	83546234903233
83546271516983	83546285947555	83546265047035
83546280520525	83546294281358	83546280463077
83546341527972	83546352623232	83546341396983
83546375181097	83546385960628	83546375093962
83546404846931	83546419294638	83546397223285
83546440355056	83546452624951	83546440269379
83546499598024	83546510960211	83546499513337
83546506312972	83546519292920	83546506263337
83546550214431	83546560953284	83546550132243
83546589281722	83546602610784	83546589162920
83546614062920	83546627612138	83546613982816
83546660525264	83546677604794	83546660422035
83546709768545	83546727586410	83546709687295
83546722842660	83546735918910	83546722787764
83546772938389	83546785910889	83546772821306
83546833019326	83546844226201	83546832879118
83546838647503	83546852558753	83546838605368
83546882899639	83546894220003	83546882811253
83546922991983	83546935877660	83546922880733
83546939942035	83546952539065	83546939865524
83546988771306	83547002529482	83546988684691

=== poll 1790328063.357306931
8333333
83544791671983	83544811060369	83544791618233
83544797014223	83544819390681	83544796959431
83544841840681	83544852713701	83544841726723
83544857245890	83544869378337	83544857162556
83544866994796	83544877711306	83544866925994
83544906070838	83544919366566	83544905991202
83544952813129	83544969354275	83544952693546
83544956917348	83544977687503	83544956816723
83545017726879	83545036009795	83545017637088
83545032090577	83545044342868	83545031997869
83545051983598	83545069344639	83545051912765
83545088224171	83545102675629	83545080701619
83545135052712	83545152662556	83545134903337
83545159499275	83545177654483	83545159396046
83545180827660	83545194313754	83545180757140
83545258468025	83545269296410	83545258361619
83545288187087	83545302629483	83545283519275
83545298959431	83545310964222	83545298899848
83545364236775	83545377637034	83545364137817
83545383644744	83545402641305	83545383554796
83545405414483	83545419309014	83545405351931
83545476171358	83545494313858	83545476031202
83545489093337	83545502647711	83545489032400
83545513734327	83545527646566	83545513665629
83545582883546	83545594303077	83545582778650
83545607692035	83545619297607	83545607614796
83545630536566	83545644292555	83545630473598
83545665194535	83545677626618	83545665092712
83545723529171	83545735948858	83545723445941
83545730269118	83545744282868	83545730240368
83545777862868	83545794287816	83545777734535
83545822736671	83545835953649	83545822593493
83545839514379	83545852619326	83545839429848
83545881341306	83545894281306	83545881252556
83545923256306	83545935947868	83545923175577
83545938898389	83545952617555	83545938824223
83545998468025	83546010953388	83545998365473
83546043280108	83546060958493	83546043164900
83546056180681	83546069292868	83546056124223
83546109776983	83546127622243	83546109697139
83546159320889	83546177620420	83546159230056
83546172488181	83546185953961	83546172426514
83546235021306	83546252618753	83546234903233
83546271516983	83546285947555	83546265047035
83546280520525	83546294281358	83546280463077
83546341527972	83546352623232	83546341396983
83546375181097	83546385960628	83546375093962
83546404846931	83546419294638	83546397223285
83546440355056	83546452624951	83546440269379
83546499598024	83546510960211	83546499513337
83546506312972	83546519292920	83546506263337
83546550214431	83546560953284	83546550132243
83546589281722	83546602610784	83546589162920
83546614062920	83546627612138	83546613982816
83546660525264	83546677604794	83546660422035
83546709768545	83546727586410	83546709687295
83546722842660	83546735918910	83546722787764
83546772938389	83546785910889	83546772821306
83546833019326	83546844226201	83546832879118
83546838647503	83546852558753	83546838605368
83546882899639	83546894220003	83546882811253
83546922991983	83546935877660	83546922880733
83546939942035	83546952539065	83546939865524
83546988771306	83547002529482	83546988684691
83547034161305	83547052538596	83547034053076
83547055414899	83547069208544	83547055336305
83547105593753	83547119211878	83547105494014
83547151016201	83547169210055	83547150900368
83547172390837	83547185874326	83547172297555
83547205562347	83547219205315	83547205482868
83547267445107	83547285861618	83547267345576
83547273059118	83547294192919	83547272965160
83547281716670	83547302525889	83547281649535
83547292641253	83547310861878	83547292507139
83547297197191	83547319195732	83547297149691
83547305450837	83547327529742	83547305408441
83547316748180	83547335863440	83547316695576
83547342264691	83547360865888	83547342203389
83547356874482	83547369200680	83547356824587
83547380221462	83547394203389	83547380159326
83547422376462	83547435870523	83547422299378
83547488751462	83547502524430	83547488659587
83547530414534	83547544182451	83547530331409
83547605523909	83547619179743	83547605431357
83547639048128	83547652514794	83547638965420
83547732423545	83547744163388	83547732304066
83547746738493	83547760830940	83547746659534
83547825657347	83547844161357	83547825525732
83547830196253	83547852493544	83547830139066
83547863966253	83547877495523	83547863820524
83547939094586	83547952483857	83547938965941
83547971926253	83547985810210	83547971845628
83548063362243	83548077464117	83548063248545
83548065189118	83548085797138	83548065106722
83548088723805	83548102465211	83548088642399
83548155971722	83548169120106	83548155831722
83548168813180	83548185784534	83548168746722
83548188451357	83548202452607	83548188386982
83548281445784	83548294089586	83548281319118
83548283259482	83548302419117	83548283203909
83548314044430	83548327406304	83548313965784
83548381285784	83548394046825	83548381188336
83548391471149	83548402380003	83548391418128
83548448110784	83548460690679	83548447996409
83548492273909	83548510674377	83548492123805
83548497375836	83548519005315	83548497332867
83548522147815	83548535668440	83548522079378
83548613795992	83548627306774	83548613660367
83548624210836	83548635638856	83548624141669
83548629717503	83548643970419	83548629669482
83548725705576	83548743957554	83548725588909
83548728159013	83548752289481	83548728042919
83548746784013	83548760622346	83548746720992
83548826784430	83548843941409	83548826664846
83548846588701	83548860601825	83548846501096
83548940655315	83548952259065	83548940491878
83548948187815	83548960591356	83548948122607
83548963261253	83548977255419	83548963196357
83549065540003	83549077237658	83549065395315
83549073124169	83549085567867	83549073034430
83549079986513	83549093897867	83549079907763
83549182692242	83549193889117	83549182581096
83549184573128	83549202221252	83549184521617
83549196736825	83549210552815	83549196675940
83549266497138	83549277199533	83549266372398
83549282048336	83549293861773	83549281982294
83549296445888	83549310523388	83549296390419

=== poll 1790328065.679168129
8333333
83546988771306	83547002529482	83546988684691
83547034161305	83547052538596	83547034053076
83547055414899	83547069208544	83547055336305
83547105593753	83547119211878	83547105494014
83547151016201	83547169210055	83547150900368
83547172390837	83547185874326	83547172297555
83547205562347	83547219205315	83547205482868
83547267445107	83547285861618	83547267345576
83547273059118	83547294192919	83547272965160
83547281716670	83547302525889	83547281649535
83547292641253	83547310861878	83547292507139
83547297197191	83547319195732	83547297149691
83547305450837	83547327529742	83547305408441
83547316748180	83547335863440	83547316695576
83547342264691	83547360865888	83547342203389
83547356874482	83547369200680	83547356824587
83547380221462	83547394203389	83547380159326
83547422376462	83547435870523	83547422299378
83547488751462	83547502524430	83547488659587
83547530414534	83547544182451	83547530331409
83547605523909	83547619179743	83547605431357
83547639048128	83547652514794	83547638965420
83547732423545	83547744163388	83547732304066
83547746738493	83547760830940	83547746659534
83547825657347	83547844161357	83547825525732
83547830196253	83547852493544	83547830139066
83547863966253	83547877495523	83547863820524
83547939094586	83547952483857	83547938965941
83547971926253	83547985810210	83547971845628
83548063362243	83548077464117	83548063248545
83548065189118	83548085797138	83548065106722
83548088723805	83548102465211	83548088642399
83548155971722	83548169120106	83548155831722
83548168813180	83548185784534	83548168746722
83548188451357	83548202452607	83548188386982
83548281445784	83548294089586	83548281319118
83548283259482	83548302419117	83548283203909
83548314044430	83548327406304	83548313965784
83548381285784	83548394046825	83548381188336
83548391471149	83548402380003	83548391418128
83548448110784	83548460690679	83548447996409
83548492273909	83548510674377	83548492123805
83548497375836	83548519005315	83548497332867
83548522147815	83548535668440	83548522079378
83548613795992	83548627306774	83548613660367
83548624210836	83548635638856	83548624141669
83548629717503	83548643970419	83548629669482
83548725705576	83548743957554	83548725588909
83548728159013	83548752289481	83548728042919
83548746784013	83548760622346	83548746720992
83548826784430	83548843941409	83548826664846
83548846588701	83548860601825	83548846501096
83548940655315	83548952259065	83548940491878
83548948187815	83548960591356	83548948122607
83548963261253	83548977255419	83548963196357
83549065540003	83549077237658	83549065395315
83549073124169	83549085567867	83549073034430
83549079986513	83549093897867	83549079907763
83549182692242	83549193889117	83549182581096
83549184573128	83549202221252	83549184521617
83549196736825	83549210552815	83549196675940
83549266497138	83549277199533	83549266372398
83549282048336	83549293861773	83549281982294
83549296445888	83549310523388	83549296390419
83549389896513	83549402180939	83549389698232
83549405024430	83549418848543	83549404947450
83549513946461	83549527157189	83549513804638
83549516684534	83549535487294	83549516603180
83549521407711	83549543819481	83549521356148
83549624105679	83549635448700	83549623945940
83549626013752	83549643778804	83549625965836
83549646677190	83549660440314	83549646612398
83549739087502	83549752058544	83549738969482
83549742023127	83549760386877	83549741965107
83549746288700	83549768714377	83549746238596
83549758112971	83549777043075	83549758036513
83549767365002	83549785370367	83549767244794
83549771627190	83549793699534	83549771581721
83549781727502	83549802028283	83549781652190
83549846835419	83549860339898	83549846732815
83549879245836	83549893665679	83549867408596
83549912577138	83549926994325	83549891749742
83549945890940	83549960313231	83549942901252
83549979232346	83549993631616	83549948429846
83550012546565	83550026948440	83549981489117
83550045895836	83550060267658	83550014724117
83550079157450	83550093585730	83550048184273
83550112488023	83550126908075	83550082893127
83550145847867	83550160228231	83550116824221
83550179130888	83550193551148	83550165495523
83550212423648	83550226869585	83550190624690
83550245797033	83550260185783	83550214401461
83550305617190	83550318484376	83550305490367
83550337453596	83550351802137	83550315609117
83550370738283	83550385124221	83550340067138
83550404020106	83550418445210	83550396278804
83550424066721	83550435103335	83550423989013
83550439648544	83550451760626	83550439589794
83550523591408	83550535047189	83550523476617
83550534225158	83550551706512	83550534158908
83550546747815	83550560034065	83550546689742
83550649015627	83550659981669	83550648876617
83550662596304	83550676640575	83550662515315
83550752567033	83550768261564	83550752433231
83550767165627	83550784919846	83550767081408
83550779309585	83550793249532	83550779252137
83550878803387	83550893194949	83550878691148
83550888359429	83550901523960	83550888294273
83550999558856	83551018153595	83550999356825
83551017070627	83551034817814	83551016979116
83551066295939	83551084813074	83551066205471
83551071622189	83551093147137	83551071576616
83551081976460	83551101480210	83551081922398
83551104442450	83551118146564	83551104356512
83551212580054	83551226437970	83551212434116
83551214444168	83551234769689	83551214405731
83551237689689	83551251434533	83551237623648
83551315900106	83551334752606	83551315807814
83551340313491	83551351414949	83551340238075
83551354107189	83551368081512	83551354050471
83551423704325	83551434733908	83551423599898
83551459105835	83551476384637	83551459041825
83551462301408	83551484714584	83551462256616
83551534330106	83551551361147	83551534210939
83551558830627	83551576355053	83551558759741
83551570939741	83551584687292	83551570828023
83551647389064	83551659661511	83551647216668

=== poll 1790328068.006541044
8333333
83549282048336	83549293861773	83549281982294
83549296445888	83549310523388	83549296390419
83549389896513	83549402180939	83549389698232
83549405024430	83549418848543	83549404947450
83549513946461	83549527157189	83549513804638
83549516684534	83549535487294	83549516603180
83549521407711	83549543819481	83549521356148
83549624105679	83549635448700	83549623945940
83549626013752	83549643778804	83549625965836
83549646677190	83549660440314	83549646612398
83549739087502	83549752058544	83549738969482
83549742023127	83549760386877	83549741965107
83549746288700	83549768714377	83549746238596
83549758112971	83549777043075	83549758036513
83549767365002	83549785370367	83549767244794
83549771627190	83549793699534	83549771581721
83549781727502	83549802028283	83549781652190
83549846835419	83549860339898	83549846732815
83549879245836	83549893665679	83549867408596
83549912577138	83549926994325	83549891749742
83549945890940	83549960313231	83549942901252
83549979232346	83549993631616	83549948429846
83550012546565	83550026948440	83549981489117
83550045895836	83550060267658	83550014724117
83550079157450	83550093585730	83550048184273
83550112488023	83550126908075	83550082893127
83550145847867	83550160228231	83550116824221
83550179130888	83550193551148	83550165495523
83550212423648	83550226869585	83550190624690
83550245797033	83550260185783	83550214401461
83550305617190	83550318484376	83550305490367
83550337453596	83550351802137	83550315609117
83550370738283	83550385124221	83550340067138
83550404020106	83550418445210	83550396278804
83550424066721	83550435103335	83550423989013
83550439648544	83550451760626	83550439589794
83550523591408	83550535047189	83550523476617
83550534225158	83550551706512	83550534158908
83550546747815	83550560034065	83550546689742
83550649015627	83550659981669	83550648876617
83550662596304	83550676640575	83550662515315
83550752567033	83550768261564	83550752433231
83550767165627	83550784919846	83550767081408
83550779309585	83550793249532	83550779252137
83550878803387	83550893194949	83550878691148
83550888359429	83550901523960	83550888294273
83550999558856	83551018153595	83550999356825
83551017070627	83551034817814	83551016979116
83551066295939	83551084813074	83551066205471
83551071622189	83551093147137	83551071576616
83551081976460	83551101480210	83551081922398
83551104442450	83551118146564	83551104356512
83551212580054	83551226437970	83551212434116
83551214444168	83551234769689	83551214405731
83551237689689	83551251434533	83551237623648
83551315900106	83551334752606	83551315807814
83551340313491	83551351414949	83551340238075
83551354107189	83551368081512	83551354050471
83551423704325	83551434733908	83551423599898
83551459105835	83551476384637	83551459041825
83551462301408	83551484714584	83551462256616
83551534330106	83551551361147	83551534210939
83551558830627	83551576355053	83551558759741
83551570939741	83551584687292	83551570828023
83551647389064	83551659661511	83551647216668
83551688111564	83551701310835	83551687999897
83551697133856	83551709641303	83551697062189
83551768136564	83551784609325	83551767995054
83551792596668	83551809599949	83551792512345
83551795664064	83551817930210	83551795636200
83551862787449	83551884570939	83551862657241
83551898997918	83551917894480	83551898886460
83551912276929	83551926226929	83551912222658
83551981317345	83551992880574	83551981207293
83551996035991	83552009544376	83551995966824
83552038195731	83552051215314	83552038111043
83552048037606	83552059551511	83552047954481
83552087890939	83552101229012	83552087799481
83552123834897	83552134559897	83552123756304
83552128855366	83552142892970	83552128808439
83552209138491	83552226210626	83552209020106
83552245068178	83552259533751	83552239415106
83552257636460	83552276198751	83552257557137
83552262175470	83552284530730	83552262114637
83552274511876	83552292861980	83552274441303
83552289034012	83552301194220	83552288971251
83552292321616	83552309525678	83552292272710
83552298011303	83552317858438	83552297959272
83552358591616	83552376171980	83552358501303
83552372735001	83552384503282	83552372649689
83552382614428	83552401166668	83552382555678
83552397701356	83552409497397	83552397624481
83552454298855	83552467804115	83552454216824
83552470782501	83552484466407	83552470725053
83552578035991	83552592759844	83552577888543
83552579901564	83552601091980	83552579852241
83552587491303	83552609421459	83552587431408
83552681107553	83552692724324	83552680959480
83552687038230	83552701054688	83552686987085
83552802845522	83552817672865	83552802708230
83552804788491	83552826003959	83552804745730
83552812221720	83552834334063	83552812176095
83552906976876	83552925947136	83552906874793
83552912191876	83552934275313	83552912120157
83552920209324	83552942603490	83552920136303
83553019946772	83553034238907	83553019805001
83553021973439	83553042571668	83553021899168
83553037071303	83553050902344	83553037015001
83553114269376	83553125877865	83553114156095
83553145457866	83553159196771	83553145379272
83553241082761	83553259145573	83553240959532
83553255041251	83553267472136	83553254976199
83553372621616	83553384064584	83553372474532
83553378309793	83553392392917	83553378263647
83553479084376	83553492363490	83553478936199
83553480989116	83553500694584	83553480943282
83553487376355	83553509026303	83553487331511
83553605573386	83553617334740	83553605436095
83553607277865	83553625665417	83553607229949
83553698149272	83553708956563	83553698039376
83553711922605	83553725617448	83553711845626
83553811510261	83553825544948	83553811367397
83553822048647	83553833874219	83553821981511
83553827944897	83553842203334	83553827904115
83553904384792	83553917172187	83553904274167
83553930041303	83553942162292	83553929892345
83553937048178	83553950492865	83553936982917

=== poll 1790328070.310919898
8333333
83551647389064	83551659661511	83551647216668
83551688111564	83551701310835	83551687999897
83551697133856	83551709641303	83551697062189
83551768136564	83551784609325	83551767995054
83551792596668	83551809599949	83551792512345
83551795664064	83551817930210	83551795636200
83551862787449	83551884570939	83551862657241
83551898997918	83551917894480	83551898886460
83551912276929	83551926226929	83551912222658
83551981317345	83551992880574	83551981207293
83551996035991	83552009544376	83551995966824
83552038195731	83552051215314	83552038111043
83552048037606	83552059551511	83552047954481
83552087890939	83552101229012	83552087799481
83552123834897	83552134559897	83552123756304
83552128855366	83552142892970	83552128808439
83552209138491	83552226210626	83552209020106
83552245068178	83552259533751	83552239415106
83552257636460	83552276198751	83552257557137
83552262175470	83552284530730	83552262114637
83552274511876	83552292861980	83552274441303
83552289034012	83552301194220	83552288971251
83552292321616	83552309525678	83552292272710
83552298011303	83552317858438	83552297959272
83552358591616	83552376171980	83552358501303
83552372735001	83552384503282	83552372649689
83552382614428	83552401166668	83552382555678
83552397701356	83552409497397	83552397624481
83552454298855	83552467804115	83552454216824
83552470782501	83552484466407	83552470725053
83552578035991	83552592759844	83552577888543
83552579901564	83552601091980	83552579852241
83552587491303	83552609421459	83552587431408
83552681107553	83552692724324	83552680959480
83552687038230	83552701054688	83552686987085
83552802845522	83552817672865	83552802708230
83552804788491	83552826003959	83552804745730
83552812221720	83552834334063	83552812176095
83552906976876	83552925947136	83552906874793
83552912191876	83552934275313	83552912120157
83552920209324	83552942603490	83552920136303
83553019946772	83553034238907	83553019805001
83553021973439	83553042571668	83553021899168
83553037071303	83553050902344	83553037015001
83553114269376	83553125877865	83553114156095
83553145457866	83553159196771	83553145379272
83553241082761	83553259145573	83553240959532
83553255041251	83553267472136	83553254976199
83553372621616	83553384064584	83553372474532
83553378309793	83553392392917	83553378263647
83553479084376	83553492363490	83553478936199
83553480989116	83553500694584	83553480943282
83553487376355	83553509026303	83553487331511
83553605573386	83553617334740	83553605436095
83553607277865	83553625665417	83553607229949
83553698149272	83553708956563	83553698039376
83553711922605	83553725617448	83553711845626
83553811510261	83553825544948	83553811367397
83553822048647	83553833874219	83553821981511
83553827944897	83553842203334	83553827904115
83553904384792	83553917172187	83553904274167
83553930041303	83553942162292	83553929892345
83553937048178	83553950492865	83553936982917
83554030732501	83554042113646	83554030623542
83554048895938	83554067100417	83554048755938
83554052887032	83554075428126	83554052850313
83554155900730	83554167036979	83554155760834
83554162935001	83554175364427	83554162877397
83554169561876	83554183691407	83554169512032
83554261278074	83554275295730	83554261128178
83554272643959	83554283624323	83554272571667
83554278020574	83554291953490	83554277964792
83554373193490	83554391899219	83554373057084
83554386934740	83554400228281	83554386863594
83554394647709	83554408557552	83554394568386
83554485744584	83554500187604	83554485625626
83554502729219	83554516845313	83554502662032
83554605859167	83554616793646	83554605756563
83554612745730	83554625122396	83554612688230
83554619329896	83554633453490	83554619290417
83554731888646	83554750070000	83554731788698
83554788061563	83554800057552	83554787970209
83554803707500	83554816718958	83554803626563
83554812855105	83554825049479	83554812797553
83554828238542	83554841707031	83554828189011
83554836789532	83554850035208	83554836737553
83554847335365	83554858365000	83554847276355
83554853149636	83554866693750	83554853063334
83554865557865	83554883351510	83554865506667
83554956914323	83554974947188	83554956769063
83554958797709	83554983277500	83554958748282
83554980538230	83554991607708	83554980477865
83555040442500	83555058236718	83555040292709
83555044997761	83555066565938	83555044942917
83555055481094	83555074895729	83555055421355
83555086402032	83555099886249	83555086334219
83555146420729	83555158197760	83555146329011
83555181570417	83555199835782	83555181445886
83555195031094	83555208161146	83555194970834
83555288134063	83555299761458	83555288035521
83555295764219	83555308088646	83555295704375
83555310558594	83555324740312	83555310492396
83555410939844	83555424645885	83555410811927
83555412703750	83555432972031	83555412657813
83555427130469	83555441297083	83555427075834
83555496276563	83555507903072	83555496187396
83555511815208	83555524557031	83555511732396
83555543455573	83555557871771	83555535610625
83555620196511	83555632835468	83555620054167
83555629830521	83555641164635	83555629772292
83555660075104	83555674479062	83555654573854
83555730029583	83555741110416	83555729869375
83555736845677	83555749439114	83555736776979
83555768331823	83555782759843	83555760444844
83555836160260	83555849391146	83555836066354
83555853869583	83555866053021	83555853782396
83555884934063	83555899372135	83555877272813
83555947127188	83555966010833	83555947020885
83555976512812	83555990995937	83555972037604
83555985965417	83555999326041	83555985904219
83556078119687	83556090963229	83556077998437
83556093714583	83556107627707	83556093633437
83556102156042	83556115961197	83556102095833
83556181081667	83556199254948	83556180941198
83556196219010	83556207583594	83556196092396
83556218581875	83556232566249	83556218513177
83556295604896	9223372036854775807	83556295463333

=== poll 1790328072.656067553
8333333
83553937048178	83553950492865	83553936982917
83554030732501	83554042113646	83554030623542
83554048895938	83554067100417	83554048755938
83554052887032	83554075428126	83554052850313
83554155900730	83554167036979	83554155760834
83554162935001	83554175364427	83554162877397
83554169561876	83554183691407	83554169512032
83554261278074	83554275295730	83554261128178
83554272643959	83554283624323	83554272571667
83554278020574	83554291953490	83554277964792
83554373193490	83554391899219	83554373057084
83554386934740	83554400228281	83554386863594
83554394647709	83554408557552	83554394568386
83554485744584	83554500187604	83554485625626
83554502729219	83554516845313	83554502662032
83554605859167	83554616793646	83554605756563
83554612745730	83554625122396	83554612688230
83554619329896	83554633453490	83554619290417
83554731888646	83554750070000	83554731788698
83554788061563	83554800057552	83554787970209
83554803707500	83554816718958	83554803626563
83554812855105	83554825049479	83554812797553
83554828238542	83554841707031	83554828189011
83554836789532	83554850035208	83554836737553
83554847335365	83554858365000	83554847276355
83554853149636	83554866693750	83554853063334
83554865557865	83554883351510	83554865506667
83554956914323	83554974947188	83554956769063
83554958797709	83554983277500	83554958748282
83554980538230	83554991607708	83554980477865
83555040442500	83555058236718	83555040292709
83555044997761	83555066565938	83555044942917
83555055481094	83555074895729	83555055421355
83555086402032	83555099886249	83555086334219
83555146420729	83555158197760	83555146329011
83555181570417	83555199835782	83555181445886
83555195031094	83555208161146	83555194970834
83555288134063	83555299761458	83555288035521
83555295764219	83555308088646	83555295704375
83555310558594	83555324740312	83555310492396
83555410939844	83555424645885	83555410811927
83555412703750	83555432972031	83555412657813
83555427130469	83555441297083	83555427075834
83555496276563	83555507903072	83555496187396
83555511815208	83555524557031	83555511732396
83555543455573	83555557871771	83555535610625
83555620196511	83555632835468	83555620054167
83555629830521	83555641164635	83555629772292
83555660075104	83555674479062	83555654573854
83555730029583	83555741110416	83555729869375
83555736845677	83555749439114	83555736776979
83555768331823	83555782759843	83555760444844
83555836160260	83555849391146	83555836066354
83555853869583	83555866053021	83555853782396
83555884934063	83555899372135	83555877272813
83555947127188	83555966010833	83555947020885
83555976512812	83555990995937	83555972037604
83555985965417	83555999326041	83555985904219
83556078119687	83556090963229	83556077998437
83556093714583	83556107627707	83556093633437
83556102156042	83556115961197	83556102095833
83556181081667	83556199254948	83556180941198
83556196219010	83556207583594	83556196092396
83556218581875	83556232566249	83556218513177
83556295604896	83556307541614	83556295463333
83556320751198	83556332538437	83556320657448
83556328225104	83556340870260	83556328107552
83556407625989	83556424162031	83556407521823
83556422627396	83556440825364	83556422554844
83556436383021	83556449156666	83556436304114
83556512391510	83556524131927	83556512291406
83556544169271	83556557453332	83556544085729
83556602464166	83556615761510	83556602368177
83556628285000	83556640747760	83556628216614
83556652235052	83556665737395	83556652144271
83556718796510	83556732386041	83556718701510
83556755378229	83556774049791	83556755266562
83556768730052	83556782381302	83556768635729
83556847362552	83556865695572	83556847266354
83556862211770	83556874028176	83556862134166
83556876729062	83556890692187	83556876668906
83556954325677	83556965668905	83556954213906
83556969389895	83556982331353	83556969305625
83556994042864	83557007321926	83556993947187
83557068867864	83557082294114	83557068661770
83557089442343	83557107281509	83557089350208
83557101915468	83557115611197	83557101844062
83557196286354	83557207234478	83557196160156
83557203547135	83557215564114	83557203472552
83557218281458	83557232226249	83557218218020
83557277878958	83557290545416	83557277764322
83557286517395	83557298877291	83557286456979
83557303086041	83557315538957	83557303031145
83557310320104	83557323869062	83557310279687
83557328491874	83557340528281	83557328423489
83557335922031	83557348859113	83557335853593
83557348445364	83557365519114	83557348368020
83557402959114	83557415495624	83557402845364
83557412833020	83557423826770	83557412762968
83557423367083	83557440486666	83557423325052
83557443316406	83557457150259	83557443242499
83557507473281	83557523792551	83557507385833
83557527222968	83557540455155	83557527147135
83557605113437	83557623755728	83557605008645
83557629393958	83557640418384	83557629327864
83557634685676	83557648749322	83557634649270
83557729611822	83557740378697	83557729502551
83557736696510	83557748708801	83557736633958
83557742830468	83557757040259	83557742780312
83557853298385	83557865321821	83557853197603
83557859700989	83557873650416	83557859629583
83557867802968	83557881978905	83557867762812
83557937920312	83557948610363	83557937772916
83557960192447	83557973593332	83557960099739
83558040204583	83558056890728	83558040061926
83558068507395	83558081887290	83558068418801
83558178983853	83558190176821	83558178837082
83558184732395	83558198507082	83558184675832
83558295213020	83558306812759	83558295094166
83558297057187	83558315143071	83558296998593
83558300848541	83558323471718	83558300812968
83558380936666	83558398444582	83558380834947
83558401310676	83558415103124	83558401239582
83558509836770	83558523394374	83558509658957
83558517801301	83558531725624	83558517739634
83558602846041	83558615028801	83558602718436
83558626478749	83558640024061	83558626389791

=== poll 1790328074.987134635
8333333
83555853869583	83555866053021	83555853782396
83555884934063	83555899372135	83555877272813
83555947127188	83555966010833	83555947020885
83555976512812	83555990995937	83555972037604
83555985965417	83555999326041	83555985904219
83556078119687	83556090963229	83556077998437
83556093714583	83556107627707	83556093633437
83556102156042	83556115961197	83556102095833
83556181081667	83556199254948	83556180941198
83556196219010	83556207583594	83556196092396
83556218581875	83556232566249	83556218513177
83556295604896	83556307541614	83556295463333
83556320751198	83556332538437	83556320657448
83556328225104	83556340870260	83556328107552
83556407625989	83556424162031	83556407521823
83556422627396	83556440825364	83556422554844
83556436383021	83556449156666	83556436304114
83556512391510	83556524131927	83556512291406
83556544169271	83556557453332	83556544085729
83556602464166	83556615761510	83556602368177
83556628285000	83556640747760	83556628216614
83556652235052	83556665737395	83556652144271
83556718796510	83556732386041	83556718701510
83556755378229	83556774049791	83556755266562
83556768730052	83556782381302	83556768635729
83556847362552	83556865695572	83556847266354
83556862211770	83556874028176	83556862134166
83556876729062	83556890692187	83556876668906
83556954325677	83556965668905	83556954213906
83556969389895	83556982331353	83556969305625
83556994042864	83557007321926	83556993947187
83557068867864	83557082294114	83557068661770
83557089442343	83557107281509	83557089350208
83557101915468	83557115611197	83557101844062
83557196286354	83557207234478	83557196160156
83557203547135	83557215564114	83557203472552
83557218281458	83557232226249	83557218218020
83557277878958	83557290545416	83557277764322
83557286517395	83557298877291	83557286456979
83557303086041	83557315538957	83557303031145
83557310320104	83557323869062	83557310279687
83557328491874	83557340528281	83557328423489
83557335922031	83557348859113	83557335853593
83557348445364	83557365519114	83557348368020
83557402959114	83557415495624	83557402845364
83557412833020	83557423826770	83557412762968
83557423367083	83557440486666	83557423325052
83557443316406	83557457150259	83557443242499
83557507473281	83557523792551	83557507385833
83557527222968	83557540455155	83557527147135
83557605113437	83557623755728	83557605008645
83557629393958	83557640418384	83557629327864
83557634685676	83557648749322	83557634649270
83557729611822	83557740378697	83557729502551
83557736696510	83557748708801	83557736633958
83557742830468	83557757040259	83557742780312
83557853298385	83557865321821	83557853197603
83557859700989	83557873650416	83557859629583
83557867802968	83557881978905	83557867762812
83557937920312	83557948610363	83557937772916
83557960192447	83557973593332	83557960099739
83558040204583	83558056890728	83558040061926
83558068507395	83558081887290	83558068418801
83558178983853	83558190176821	83558178837082
83558184732395	83558198507082	83558184675832
83558295213020	83558306812759	83558295094166
83558297057187	83558315143071	83558296998593
83558300848541	83558323471718	83558300812968
83558380936666	83558398444582	83558380834947
83558401310676	83558415103124	83558401239582
83558509836770	83558523394374	83558509658957
83558517801301	83558531725624	83558517739634
83558602846041	83558615028801	83558602718436
83558626478749	83558640024061	83558626389791
83558701700051	83558715001353	83558701554270
83558729888801	83558748325207	83558729776509
83558734314843	83558756655676	83558734270572
83558853602499	83558864933592	83558853456666
83558855437238	83558873262342	83558855387759
83558960400259	83558973218488	83558960286301
83558963759947	83558981547602	83558963678645
83558967555363	83558989877499	83558967506353
83559070815155	83559081498488	83559070694322
83559076290415	83559089827029	83559076235207
83559187371770	83559198096040	83559187257968
83559189124009	83559206427967	83559189084895
83559192630728	83559214759373	83559192577290
83559303873228	83559314731873	83559303739061
83559305615988	83559323065102	83559305569478
83559309724322	83559331396873	83559309626717
83559408495467	83559423037134	83559408355415
83559410426822	83559431366665	83559410347863
83559417207499	83559439696248	83559417166197
83559520557030	83559531315467	83559520413072
83559522185363	83559539645675	83559522152967
83559619848436	83559631267029	83559619740311
83559626353697	83559639596353	83559626300884
83559633909009	83559647925154	83559633845519
83559726155051	83559739552967	83559726053957
83559742429790	83559756209582	83559742351353
83559853749946	83559864471300	83559853600624
83559858878176	83559872799686	83559858830832
83559950481926	83559964428383	83559950365571
83559962357030	83559981086405	83559962259113
83559966914478	83559989415467	83559966870103
83560046397446	83560064365414	83560046315259
83560071389165	83560089354425	83560071321196
83560075501144	83560097682394	83560075458488
83560241565728	83560255922393	83560241426665
83560243299217	83560264253227	83560243266353
83560304345415	83560322560675	83560304238853
83560379333227	83560397510779	83560379235623
83560413302759	83560430822393	83560413218957
83560453417602	83560464143591	83560453320727
83560468462602	83560480804841	83560468381196
83560478055259	83560489134946	83560478012446
83560491807342	83560505792029	83560491759738
83560516744894	83560530776925	83560516682967
83560637048696	83560655711509	83560636903748
83560638652394	83560664040467	83560638626561
83560735816977	83560747323747	83560735704113
83560737807238	83560755653904	83560737767550
83560749875467	83560763981976	83560749818696
83560844907654	83560863956456	83560844799425
83560851158019	83560872288488	83560851098384
83560858137498	83560880620883	83560858046456
83560958176613	9223372036854775807	83560958048696

=== poll 1790328077.282888697
8333333
83557412833020	83557423826770	83557412762968
83557423367083	83557440486666	83557423325052
83557443316406	83557457150259	83557443242499
83557507473281	83557523792551	83557507385833
83557527222968	83557540455155	83557527147135
83557605113437	83557623755728	83557605008645
83557629393958	83557640418384	83557629327864
83557634685676	83557648749322	83557634649270
83557729611822	83557740378697	83557729502551
83557736696510	83557748708801	83557736633958
83557742830468	83557757040259	83557742780312
83557853298385	83557865321821	83557853197603
83557859700989	83557873650416	83557859629583
83557867802968	83557881978905	83557867762812
83557937920312	83557948610363	83557937772916
83557960192447	83557973593332	83557960099739
83558040204583	83558056890728	83558040061926
83558068507395	83558081887290	83558068418801
83558178983853	83558190176821	83558178837082
83558184732395	83558198507082	83558184675832
83558295213020	83558306812759	83558295094166
83558297057187	83558315143071	83558296998593
83558300848541	83558323471718	83558300812968
83558380936666	83558398444582	83558380834947
83558401310676	83558415103124	83558401239582
83558509836770	83558523394374	83558509658957
83558517801301	83558531725624	83558517739634
83558602846041	83558615028801	83558602718436
83558626478749	83558640024061	83558626389791
83558701700051	83558715001353	83558701554270
83558729888801	83558748325207	83558729776509
83558734314843	83558756655676	83558734270572
83558853602499	83558864933592	83558853456666
83558855437238	83558873262342	83558855387759
83558960400259	83558973218488	83558960286301
83558963759947	83558981547602	83558963678645
83558967555363	83558989877499	83558967506353
83559070815155	83559081498488	83559070694322
83559076290415	83559089827029	83559076235207
83559187371770	83559198096040	83559187257968
83559189124009	83559206427967	83559189084895
83559192630728	83559214759373	83559192577290
83559303873228	83559314731873	83559303739061
83559305615988	83559323065102	83559305569478
83559309724322	83559331396873	83559309626717
83559408495467	83559423037134	83559408355415
83559410426822	83559431366665	83559410347863
83559417207499	83559439696248	83559417166197
83559520557030	83559531315467	83559520413072
83559522185363	83559539645675	83559522152967
83559619848436	83559631267029	83559619740311
83559626353697	83559639596353	83559626300884
83559633909009	83559647925154	83559633845519
83559726155051	83559739552967	83559726053957
83559742429790	83559756209582	83559742351353
83559853749946	83559864471300	83559853600624
83559858878176	83559872799686	83559858830832
83559950481926	83559964428383	83559950365571
83559962357030	83559981086405	83559962259113
83559966914478	83559989415467	83559966870103
83560046397446	83560064365414	83560046315259
83560071389165	83560089354425	83560071321196
83560075501144	83560097682394	83560075458488
83560241565728	83560255922393	83560241426665
83560243299217	83560264253227	83560243266353
83560304345415	83560322560675	83560304238853
83560379333227	83560397510779	83560379235623
83560413302759	83560430822393	83560413218957
83560453417602	83560464143591	83560453320727
83560468462602	83560480804841	83560468381196
83560478055259	83560489134946	83560478012446
83560491807342	83560505792029	83560491759738
83560516744894	83560530776925	83560516682967
83560637048696	83560655711509	83560636903748
83560638652394	83560664040467	83560638626561
83560735816977	83560747323747	83560735704113
83560737807238	83560755653904	83560737767550
83560749875467	83560763981976	83560749818696
83560844907654	83560863956456	83560844799425
83560851158019	83560872288488	83560851098384
83560858137498	83560880620883	83560858046456
83560958176613	83560972254060	83560958048696
83560975067863	83560988915362	83560974990571
83561064436196	83561080566300	83561064312133
83561074751404	83561088899581	83561074689686
83561141988540	83561155547445	83561141895936
83561183377238	83561197201560	83561183286456
83561268180675	83561280504424	83561268041404
83561292365779	83561305493695	83561292283540
83561299620935	83561313823539	83561299575050
83561398612446	83561413786664	83561398498331
83561408736248	83561422114477	83561408678852
83561511464737	83561530388122	83561511340415
83561524695310	83561538717550	83561524637237
83561634633019	83561647008591	83561634474581
83561641746508	83561655338748	83561641646873
83561743703227	83561755291299	83561743575571
83561757924321	83561771947497	83561757843539
83561857891039	83561871884372	83561857779633
83561866982341	83561880214893	83561866919008
83561976624060	83561988478955	83561976494164
83561982738487	83561996809684	83561982684737
83562093402237	83562105089476	83562093262133
83562095131352	83562113419789	83562095076404
83562101611768	83562121750257	83562101535831
83562192595831	83562205039841	83562192487446
83562199176560	83562213371143	83562199123852
83562310156977	83562321693122	83562310012081
83562311823956	83562330024737	83562311791925
83562426029216	83562438320830	83562425919737
83562427942602	83562446649424	83562427877550
83562432437758	83562454979476	83562432390466
83562532083175	83562546603799	83562531946925
83562533993383	83562554935622	83562533944372
83562541109945	83562563265830	83562541058852
83562634087914	83562646566299	83562634004529
83562642725466	83562654896038	83562642675518
83562751768852	83562763194997	83562751646352
83562753596508	83562771523330	83562753545570
83562757841143	83562779852705	83562757802393
83562865418279	83562879796194	83562865283279
83562964864737	83562979727497	83562964755831
83562966689476	83562988056195	83562966644320
83563067549008	83563079657445	83563067418747
83563115298799	83563129626715	83563074110310
83563176123956	83563187929060	83563175999633
83563223554789	83563237902497	83563183871456

=== poll 1790328079.601469894
8333333
83559950481926	83559964428383	83559950365571
83559962357030	83559981086405	83559962259113
83559966914478	83559989415467	83559966870103
83560046397446	83560064365414	83560046315259
83560071389165	83560089354425	83560071321196
83560075501144	83560097682394	83560075458488
83560241565728	83560255922393	83560241426665
83560243299217	83560264253227	83560243266353
83560304345415	83560322560675	83560304238853
83560379333227	83560397510779	83560379235623
83560413302759	83560430822393	83560413218957
83560453417602	83560464143591	83560453320727
83560468462602	83560480804841	83560468381196
83560478055259	83560489134946	83560478012446
83560491807342	83560505792029	83560491759738
83560516744894	83560530776925	83560516682967
83560637048696	83560655711509	83560636903748
83560638652394	83560664040467	83560638626561
83560735816977	83560747323747	83560735704113
83560737807238	83560755653904	83560737767550
83560749875467	83560763981976	83560749818696
83560844907654	83560863956456	83560844799425
83560851158019	83560872288488	83560851098384
83560858137498	83560880620883	83560858046456
83560958176613	83560972254060	83560958048696
83560975067863	83560988915362	83560974990571
83561064436196	83561080566300	83561064312133
83561074751404	83561088899581	83561074689686
83561141988540	83561155547445	83561141895936
83561183377238	83561197201560	83561183286456
83561268180675	83561280504424	83561268041404
83561292365779	83561305493695	83561292283540
83561299620935	83561313823539	83561299575050
83561398612446	83561413786664	83561398498331
83561408736248	83561422114477	83561408678852
83561511464737	83561530388122	83561511340415
83561524695310	83561538717550	83561524637237
83561634633019	83561647008591	83561634474581
83561641746508	83561655338748	83561641646873
83561743703227	83561755291299	83561743575571
83561757924321	83561771947497	83561757843539
83561857891039	83561871884372	83561857779633
83561866982341	83561880214893	83561866919008
83561976624060	83561988478955	83561976494164
83561982738487	83561996809684	83561982684737
83562093402237	83562105089476	83562093262133
83562095131352	83562113419789	83562095076404
83562101611768	83562121750257	83562101535831
83562192595831	83562205039841	83562192487446
83562199176560	83562213371143	83562199123852
83562310156977	83562321693122	83562310012081
83562311823956	83562330024737	83562311791925
83562426029216	83562438320830	83562425919737
83562427942602	83562446649424	83562427877550
83562432437758	83562454979476	83562432390466
83562532083175	83562546603799	83562531946925
83562533993383	83562554935622	83562533944372
83562541109945	83562563265830	83562541058852
83562634087914	83562646566299	83562634004529
83562642725466	83562654896038	83562642675518
83562751768852	83562763194997	83562751646352
83562753596508	83562771523330	83562753545570
83562757841143	83562779852705	83562757802393
83562865418279	83562879796194	83562865283279
83562964864737	83562979727497	83562964755831
83562966689476	83562988056195	83562966644320
83563067549008	83563079657445	83563067418747
83563115298799	83563129626715	83563074110310
83563176123956	83563187929060	83563175999633
83563223554789	83563237902497	83563183871456
83563273513851	83563287887133	83563225707810
83563323442445	83563337871559	83563300474945
83563373480831	83563387852392	83563325376924
83563423396976	83563437832080	83563392963278
83563473392914	83563487804112	83563425547601
83563523416664	83563537789789	83563494337653
83563573325570	83563587778434	83563526221455
83563598944320	83563612765986	83563598840570
83563618395935	83563629421507	83563618298955
83563625691768	83563637749320	83563625652237
83563694463435	83563712718486	83563694319112
83563724394424	83563737713174	83563724311403
83563734033174	83563746045413	83563733979945
83563823806143	83563837668382	83563823710882
83563848749528	83563862660205	83563848669789
83563911906664	83563929300257	83563911776143
83563964902966	83563979267288	83563957393903
83564020130987	83564037563694	83564020049528
83564073138955	83564087539789	83564065620361
83564075364736	83564095869840	83564075308434
83564127074268	83564145853903	83564126989528
83564167015466	83564179177028	83564166933278
83564173484216	83564187506246	83564173432705
83564252029476	83564270793329	83564251908226
83564265201924	83564279123329	83564265146924
83564281811611	83564295782653	83564281756507
83564345941455	83564362412496	83564345851611
83564386519320	83564404048226	83564386436247
83564398688903	83564412375101	83564398624580
83564448623382	83564462338174	83564448537393
83564490869736	83564503982132	83564490777132
83564506937393	83564520643747	83564506881559
83564557137809	83564570626558	83564557051038
83564611028434	83564628939684	83564610939684
83564615141559	83564637269267	83564615100101
83564665373955	83564678914372	83564665250726
83564731910778	83564745564527	83564731819892
83564765253538	83564778885256	83564765156142
83564806381559	83564820532548	83564806298330
83564808453747	83564828863174	83564808369163
83564818259892	83564837194111	83564818202965
83564834072445	83564845525673	83564833982601
83564844938330	83564862190257	83564844883382
83564869315622	83564887186507	83564869241090
83564903115413	83564920508485	83564903038642
83564978407236	83564995472965	83564978295153
83565019961559	83565037131194	83565019856872
83565066871194	83565078785309	83565066789840
83565098456299	83565112112913	83565098374163
83565139953694	83565153772236	83565139867653
83565198319580	83565220431975	83565198230205
83565248610986	83565262083381	83565248520882
83565315535205	83565337061142	83565315421819
83565356514007	83565370379788	83565356414163
83565423523538	83565445356923	83565423428173
83565473665882	83565487008278	83565473567340
83565539966559	83565553651298	83565539871351

=== poll 1790328081.871610727
8333333
83561634633019	83561647008591	83561634474581
83561641746508	83561655338748	83561641646873
83561743703227	83561755291299	83561743575571
83561757924321	83561771947497	83561757843539
83561857891039	83561871884372	83561857779633
83561866982341	83561880214893	83561866919008
83561976624060	83561988478955	83561976494164
83561982738487	83561996809684	83561982684737
83562093402237	83562105089476	83562093262133
83562095131352	83562113419789	83562095076404
83562101611768	83562121750257	83562101535831
83562192595831	83562205039841	83562192487446
83562199176560	83562213371143	83562199123852
83562310156977	83562321693122	83562310012081
83562311823956	83562330024737	83562311791925
83562426029216	83562438320830	83562425919737
83562427942602	83562446649424	83562427877550
83562432437758	83562454979476	83562432390466
83562532083175	83562546603799	83562531946925
83562533993383	83562554935622	83562533944372
83562541109945	83562563265830	83562541058852
83562634087914	83562646566299	83562634004529
83562642725466	83562654896038	83562642675518
83562751768852	83562763194997	83562751646352
83562753596508	83562771523330	83562753545570
83562757841143	83562779852705	83562757802393
83562865418279	83562879796194	83562865283279
83562964864737	83562979727497	83562964755831
83562966689476	83562988056195	83562966644320
83563067549008	83563079657445	83563067418747
83563115298799	83563129626715	83563074110310
83563176123956	83563187929060	83563175999633
83563223554789	83563237902497	83563183871456
83563273513851	83563287887133	83563225707810
83563323442445	83563337871559	83563300474945
83563373480831	83563387852392	83563325376924
83563423396976	83563437832080	83563392963278
83563473392914	83563487804112	83563425547601
83563523416664	83563537789789	83563494337653
83563573325570	83563587778434	83563526221455
83563598944320	83563612765986	83563598840570
83563618395935	83563629421507	83563618298955
83563625691768	83563637749320	83563625652237
83563694463435	83563712718486	83563694319112
83563724394424	83563737713174	83563724311403
83563734033174	83563746045413	83563733979945
83563823806143	83563837668382	83563823710882
83563848749528	83563862660205	83563848669789
83563911906664	83563929300257	83563911776143
83563964902966	83563979267288	83563957393903
83564020130987	83564037563694	83564020049528
83564073138955	83564087539789	83564065620361
83564075364736	83564095869840	83564075308434
83564127074268	83564145853903	83564126989528
83564167015466	83564179177028	83564166933278
83564173484216	83564187506246	83564173432705
83564252029476	83564270793329	83564251908226
83564265201924	83564279123329	83564265146924
83564281811611	83564295782653	83564281756507
83564345941455	83564362412496	83564345851611
83564386519320	83564404048226	83564386436247
83564398688903	83564412375101	83564398624580
83564448623382	83564462338174	83564448537393
83564490869736	83564503982132	83564490777132
83564506937393	83564520643747	83564506881559
83564557137809	83564570626558	83564557051038
83564611028434	83564628939684	83564610939684
83564615141559	83564637269267	83564615100101
83564665373955	83564678914372	83564665250726
83564731910778	83564745564527	83564731819892
83564765253538	83564778885256	83564765156142
83564806381559	83564820532548	83564806298330
83564808453747	83564828863174	83564808369163
83564818259892	83564837194111	83564818202965
83564834072445	83564845525673	83564833982601
83564844938330	83564862190257	83564844883382
83564869315622	83564887186507	83564869241090
83564903115413	83564920508485	83564903038642
83564978407236	83564995472965	83564978295153
83565019961559	83565037131194	83565019856872
83565066871194	83565078785309	83565066789840
83565098456299	83565112112913	83565098374163
83565139953694	83565153772236	83565139867653
83565198319580	83565220431975	83565198230205
83565248610986	83565262083381	83565248520882
83565315535205	83565337061142	83565315421819
83565356514007	83565370379788	83565356414163
83565423523538	83565445356923	83565423428173
83565473665882	83565487008278	83565473567340
83565539966559	83565553651298	83565539871351
83565582180934	83565595296662	83565582080153
83565648283694	83565661929527	83565648186611
83565698777548	83565711900985	83565698674111
83565765010673	83565778525465	83565764917548
83565798191246	83565811849423	83565798114319
83565873288642	83565886815933	83565873198069
83565906686819	83565920135204	83565906601142
83565999599632	83566011767809	83565999479892
83566014464007	83566028424787	83566014385725
83566115193902	83566128375621	83566115071038
83566131123798	83566145036350	83566131055829
83566222996819	83566236672548	83566222841246
83566239259996	83566253335256	83566239187131
83566332791767	83566344963433	83566332664006
83566347765986	83566361622340	83566347692756
83566442056506	83566453254787	83566441950725
83566455679267	83566469912600	83566455611090
83566552580465	83566569862912	83566552466975
83566572766038	83566586523797	83566572700517
83566668271871	83566686469683	83566668166767
83566680694423	83566694797183	83566680642235
83566791583381	83566803068589	83566791444735
83566797645569	83566811398173	83566797598225
83566908316350	83566919661922	83566908180517
83566909954787	83566927993798	83566909919787
83567021944423	83567036304057	83567021846923
83567106397704	83567119603433	83567106292652
83567122177131	83567136263016	83567122085517
83567247750360	83567261193380	83567247648173
83567255864631	83567269521193	83567255810360
83567363171037	83567377803433	83567363064214
83567480896141	83567494394579	83567480722600
83567582508954	83567594362183	83567582407131
83567588454943	83567602693589	83567588411610
83567692910725	83567710995359	83567692767131
83567694594996	83567719327599	83567694560673
83567804491610	83567819299422	83567804390152

=== poll 1790328084.131909840
8333333
83563223554789	83563237902497	83563183871456
83563273513851	83563287887133	83563225707810
83563323442445	83563337871559	83563300474945
83563373480831	83563387852392	83563325376924
83563423396976	83563437832080	83563392963278
83563473392914	83563487804112	83563425547601
83563523416664	83563537789789	83563494337653
83563573325570	83563587778434	83563526221455
83563598944320	83563612765986	83563598840570
83563618395935	83563629421507	83563618298955
83563625691768	83563637749320	83563625652237
83563694463435	83563712718486	83563694319112
83563724394424	83563737713174	83563724311403
83563734033174	83563746045413	83563733979945
83563823806143	83563837668382	83563823710882
83563848749528	83563862660205	83563848669789
83563911906664	83563929300257	83563911776143
83563964902966	83563979267288	83563957393903
83564020130987	83564037563694	83564020049528
83564073138955	83564087539789	83564065620361
83564075364736	83564095869840	83564075308434
83564127074268	83564145853903	83564126989528
83564167015466	83564179177028	83564166933278
83564173484216	83564187506246	83564173432705
83564252029476	83564270793329	83564251908226
83564265201924	83564279123329	83564265146924
83564281811611	83564295782653	83564281756507
83564345941455	83564362412496	83564345851611
83564386519320	83564404048226	83564386436247
83564398688903	83564412375101	83564398624580
83564448623382	83564462338174	83564448537393
83564490869736	83564503982132	83564490777132
83564506937393	83564520643747	83564506881559
83564557137809	83564570626558	83564557051038
83564611028434	83564628939684	83564610939684
83564615141559	83564637269267	83564615100101
83564665373955	83564678914372	83564665250726
83564731910778	83564745564527	83564731819892
83564765253538	83564778885256	83564765156142
83564806381559	83564820532548	83564806298330
83564808453747	83564828863174	83564808369163
83564818259892	83564837194111	83564818202965
83564834072445	83564845525673	83564833982601
83564844938330	83564862190257	83564844883382
83564869315622	83564887186507	83564869241090
83564903115413	83564920508485	83564903038642
83564978407236	83564995472965	83564978295153
83565019961559	83565037131194	83565019856872
83565066871194	83565078785309	83565066789840
83565098456299	83565112112913	83565098374163
83565139953694	83565153772236	83565139867653
83565198319580	83565220431975	83565198230205
83565248610986	83565262083381	83565248520882
83565315535205	83565337061142	83565315421819
83565356514007	83565370379788	83565356414163
83565423523538	83565445356923	83565423428173
83565473665882	83565487008278	83565473567340
83565539966559	83565553651298	83565539871351
83565582180934	83565595296662	83565582080153
83565648283694	83565661929527	83565648186611
83565698777548	83565711900985	83565698674111
83565765010673	83565778525465	83565764917548
83565798191246	83565811849423	83565798114319
83565873288642	83565886815933	83565873198069
83565906686819	83565920135204	83565906601142
83565999599632	83566011767809	83565999479892
83566014464007	83566028424787	83566014385725
83566115193902	83566128375621	83566115071038
83566131123798	83566145036350	83566131055829
83566222996819	83566236672548	83566222841246
83566239259996	83566253335256	83566239187131
83566332791767	83566344963433	83566332664006
83566347765986	83566361622340	83566347692756
83566442056506	83566453254787	83566441950725
83566455679267	83566469912600	83566455611090
83566552580465	83566569862912	83566552466975
83566572766038	83566586523797	83566572700517
83566668271871	83566686469683	83566668166767
83566680694423	83566694797183	83566680642235
83566791583381	83566803068589	83566791444735
83566797645569	83566811398173	83566797598225
83566908316350	83566919661922	83566908180517
83566909954787	83566927993798	83566909919787
83567021944423	83567036304057	83567021846923
83567106397704	83567119603433	83567106292652
83567122177131	83567136263016	83567122085517
83567247750360	83567261193380	83567247648173
83567255864631	83567269521193	83567255810360
83567363171037	83567377803433	83567363064214
83567480896141	83567494394579	83567480722600
83567582508954	83567594362183	83567582407131
83567588454943	83567602693589	83567588411610
83567692910725	83567710995359	83567692767131
83567694594996	83567719327599	83567694560673
83567804491610	83567819299422	83567804390152
83567914885464	83567927606922	83567914780204
83567922163120	83567935937651	83567922098641
83568025514266	83568044248901	83568025335152
83568030387652	83568052581818	83568030277756
83568137835047	83568152535672	83568137707443
83568270389683	83568285786193	83568270284214
83568282035672	83568294114943	83568281948381
83568350903485	83568369082182	83568350804735
83568364036454	83568377411401	83568363959006
83568479755256	83568494008015	83568479650204
83568481586454	83568502337026	83568481544318
83568587218849	83568602284161	83568587073016
83568589050672	83568610613120	83568588993276
83568613577026	83568627272390	83568613515516
83568704982078	83568718903484	83568704878953
83568815495724	83568827204943	83568815351349
83568817364995	83568835534787	83568817317131
83568929772026	83568943828796	83568929677339
83568937911089	83568952158484	83568937859005
83569048916453	83569060432911	83569048743120
83569153260672	83569168724214	83569153122860
83569155403120	83569177054057	83569155282703
83569263722912	83569277007494	83569263603068
83569272108328	83569285339213	83569271958432
83569381021037	83569393648276	83569380829474
83569495383953	83569510263744	83569495277286
83569612841141	83569626856401	83569612657964
83569720482182	83569735123171	83569720376557
83569835326349	83569851715463	83569835235724
83569941948432	83569959981192	83569941826818
83570047887130	83570059918380	83570047786297
83570062553693	83570076577130	83570062496349

=== poll 1790328086.431597079
8333333
83565798191246	83565811849423	83565798114319
83565873288642	83565886815933	83565873198069
83565906686819	83565920135204	83565906601142
83565999599632	83566011767809	83565999479892
83566014464007	83566028424787	83566014385725
83566115193902	83566128375621	83566115071038
83566131123798	83566145036350	83566131055829
83566222996819	83566236672548	83566222841246
83566239259996	83566253335256	83566239187131
83566332791767	83566344963433	83566332664006
83566347765986	83566361622340	83566347692756
83566442056506	83566453254787	83566441950725
83566455679267	83566469912600	83566455611090
83566552580465	83566569862912	83566552466975
83566572766038	83566586523797	83566572700517
83566668271871	83566686469683	83566668166767
83566680694423	83566694797183	83566680642235
83566791583381	83566803068589	83566791444735
83566797645569	83566811398173	83566797598225
83566908316350	83566919661922	83566908180517
83566909954787	83566927993798	83566909919787
83567021944423	83567036304057	83567021846923
83567106397704	83567119603433	83567106292652
83567122177131	83567136263016	83567122085517
83567247750360	83567261193380	83567247648173
83567255864631	83567269521193	83567255810360
83567363171037	83567377803433	83567363064214
83567480896141	83567494394579	83567480722600
83567582508954	83567594362183	83567582407131
83567588454943	83567602693589	83567588411610
83567692910725	83567710995359	83567692767131
83567694594996	83567719327599	83567694560673
83567804491610	83567819299422	83567804390152
83567914885464	83567927606922	83567914780204
83567922163120	83567935937651	83567922098641
83568025514266	83568044248901	83568025335152
83568030387652	83568052581818	83568030277756
83568137835047	83568152535672	83568137707443
83568270389683	83568285786193	83568270284214
83568282035672	83568294114943	83568281948381
83568350903485	83568369082182	83568350804735
83568364036454	83568377411401	83568363959006
83568479755256	83568494008015	83568479650204
83568481586454	83568502337026	83568481544318
83568587218849	83568602284161	83568587073016
83568589050672	83568610613120	83568588993276
83568613577026	83568627272390	83568613515516
83568704982078	83568718903484	83568704878953
83568815495724	83568827204943	83568815351349
83568817364995	83568835534787	83568817317131
83568929772026	83568943828796	83568929677339
83568937911089	83568952158484	83568937859005
83569048916453	83569060432911	83569048743120
83569153260672	83569168724214	83569153122860
83569155403120	83569177054057	83569155282703
83569263722912	83569277007494	83569263603068
83569272108328	83569285339213	83569271958432
83569381021037	83569393648276	83569380829474
83569495383953	83569510263744	83569495277286
83569612841141	83569626856401	83569612657964
83569720482182	83569735123171	83569720376557
83569835326349	83569851715463	83569835235724
83569941948432	83569959981192	83569941826818
83570047887130	83570059918380	83570047786297
83570062553693	83570076577130	83570062496349
83570180147495	83570193173796	83570180023067
83570188955463	83570201501192	83570188882286
83570229714109	83570243147025	83570229594005
83570237489578	83570251477494	83570237424057
83570248214474	83570259807182	83570248138328
83570254374942	83570268138744	83570254219370
83570262946453	83570276468536	83570262880307
83570272828640	83570284797338	83570272760463
83570312887338	83570326444995	83570312792390
83570322539265	83570334773640	83570322476297
83570333404474	83570351430879	83570333338640
83570357908745	83570376419681	83570357835099
83570405355776	83570418069733	83570405243328
83570413493015	83570426401244	83570413434265
83570431151765	83570443063952	83570431058484
83570438186349	83570451395931	83570438117234
83570473648328	83570484718119	83570473524942
83570507825984	83570526363901	83570507735307
83570523234942	83570534692234	83570523180567
83570538447651	83570551350931	83570538363849
83570557948067	83570576339057	83570557877859
83570583323224	83570601325254	83570583248640
83570632600099	83570651296400	83570632518849
83570647649994	83570659624004	83570647577442
83570662739994	83570676280410	83570662637963
83570687638640	83570701266869	83570687566609
83570733520151	83570751235619	83570733435671
83570747921349	83570759563223	83570747848692
83570754204994	83570767892077	83570754141713
83570763087234	83570776221400	83570763022130
83570788717234	83570801208224	83570788640255
83570813467338	83570826191921	83570813348380
83570858328119	83570876162754	83570858205880
83570873059786	83570884490723	83570872985619
83570895555567	83570909475359	83570895496713
83570974251921	83570992777442	83570974117338
83570981647078	83571001111348	83570981595151
83570987063276	83571009444212	83570987016921
83571092204525	83571109426608	83571092045411
83571094653900	83571117759629	83571094607338
83571104139005	83571126091973	83571104032442
83571197189057	83571209401817	83571197047234
83571199039942	83571217734212	83571198993015
83571211812442	83571226066348	83571211766817
83571319796505	83571334371973	83571319688900
83571427402390	83571442705670	83571427244109
83571530049369	83571542706921	83571529902650
83571531881244	83571551040931	83571531834161
83571537275515	83571559374889	83571537221088
83571638913588	83571651043118	83571638782702
83571645278015	83571659378014	83571645220202
83571794738067	83571809391868	83571794598431
83571796588588	83571817726035	83571796536713
83571954674838	83571967700514	83571954554786
83571956662286	83571976034160	83571956625046
83572076108952	83572092715410	83572075929525
83572089297181	83572101050879	83572089207650
83572162763067	83572176049837	83572162666817
83572207098952	83572226040983	83572206986140
83572247670463	83572259368899	83572247580306
83572322799056	83572334349837	83572322681660
83572334864525	83572351010410	83572334788535

=== poll 1790328088.745313172
8333333
83570229714109	83570243147025	83570229594005
83570237489578	83570251477494	83570237424057
83570248214474	83570259807182	83570248138328
83570254374942	83570268138744	83570254219370
83570262946453	83570276468536	83570262880307
83570272828640	83570284797338	83570272760463
83570312887338	83570326444995	83570312792390
83570322539265	83570334773640	83570322476297
83570333404474	83570351430879	83570333338640
83570357908745	83570376419681	83570357835099
83570405355776	83570418069733	83570405243328
83570413493015	83570426401244	83570413434265
83570431151765	83570443063952	83570431058484
83570438186349	83570451395931	83570438117234
83570473648328	83570484718119	83570473524942
83570507825984	83570526363901	83570507735307
83570523234942	83570534692234	83570523180567
83570538447651	83570551350931	83570538363849
83570557948067	83570576339057	83570557877859
83570583323224	83570601325254	83570583248640
83570632600099	83570651296400	83570632518849
83570647649994	83570659624004	83570647577442
83570662739994	83570676280410	83570662637963
83570687638640	83570701266869	83570687566609
83570733520151	83570751235619	83570733435671
83570747921349	83570759563223	83570747848692
83570754204994	83570767892077	83570754141713
83570763087234	83570776221400	83570763022130
83570788717234	83570801208224	83570788640255
83570813467338	83570826191921	83570813348380
83570858328119	83570876162754	83570858205880
83570873059786	83570884490723	83570872985619
83570895555567	83570909475359	83570895496713
83570974251921	83570992777442	83570974117338
83570981647078	83571001111348	83570981595151
83570987063276	83571009444212	83570987016921
83571092204525	83571109426608	83571092045411
83571094653900	83571117759629	83571094607338
83571104139005	83571126091973	83571104032442
83571197189057	83571209401817	83571197047234
83571199039942	83571217734212	83571198993015
83571211812442	83571226066348	83571211766817
83571319796505	83571334371973	83571319688900
83571427402390	83571442705670	83571427244109
83571530049369	83571542706921	83571529902650
83571531881244	83571551040931	83571531834161
83571537275515	83571559374889	83571537221088
83571638913588	83571651043118	83571638782702
83571645278015	83571659378014	83571645220202
83571794738067	83571809391868	83571794598431
83571796588588	83571817726035	83571796536713
83571954674838	83571967700514	83571954554786
83571956662286	83571976034160	83571956625046
83572076108952	83572092715410	83572075929525
83572089297181	83572101050879	83572089207650
83572162763067	83572176049837	83572162666817
83572207098952	83572226040983	83572206986140
83572247670463	83572259368899	83572247580306
83572322799056	83572334349837	83572322681660
83572334864525	83572351010410	83572334788535
83572469886504	83572484296972	83572469774369
83572523139525	83572534284733	83572523034994
83572538132181	83572550946608	83572538054265
83572591725567	83572609255722	83572591623067
83572606721712	83572617587649	83572606643483
83572616651921	83572634247076	83572616599369
83572656714525	83572667566608	83572656613639
83572671925775	83572684228431	83572671849942
83572696933587	83572709219785	83572696875567
83572706547442	83572717550826	83572706503744
83572732015098	83572750874576	83572731938796
83572756724837	83572767535253	83572756663379
83572766900775	83572784196295	83572766814473
83572771615619	83572792526139	83572771570410
83572806725827	83572817517650	83572806663431
83572817284264	83572834177598	83572817205462
83572845234056	83572859171869	83572845174681
83572854577441	83572867502806	83572854533900
83572861771087	83572875833066	83572861742806
83572962597858	83572975793899	83572962452077
83572972284369	83572984124264	83572972316087
83572978247754	83572992453378	83572978200358
83573069032181	83573084075618	83573068910306
83573078257285	83573092405827	83573078207077
83573155289993	83573167364889	83573155193275
83573164874525	83573175692129	83573164784577
83573186568639	83573200676608	83573186506816
83573265155514	83573275644160	83573265040827
83573278962441	83573292300305	83573278862910
83573312257025	83573325615722	83573312119525
83573380393535	83573392243066	83573380258535
83573395057650	83573408899681	83573395001556
83573411635358	83573425557805	83573411574941
83573512481191	83573525522805	83573512334264
83573514953847	83573533851347	83573514857910
83573528495722	83573542181712	83573528429264
83573599627806	83573617158534	83573599528275
83573614316608	83573625491451	83573614243222
83573628277806	83573642157076	83573628216139
83573695105827	83573708804524	83573694979941
83573712132389	83573725462753	83573712064889
83573728128795	83573742121452	83573728066399
83573824926556	83573842073326	83573824774368
83573830316295	83573850402180	83573830267597
83573844575202	83573858730357	83573844525983
83573939221972	83573950349472	83573939096920
83573941085097	83573958677649	83573941044524
83573961523170	83573975334211	83573961449993
83574023106087	83574041970774	83574022961868
83574037144941	83574050299941	83574037048274
83574052897962	83574066959732	83574052835201
83574162831451	83574175219785	83574162693066
83574164781295	83574183547753	83574164720566
83574178015618	83574191876087	83574177942806
83574278980826	83574291821764	83574278831243
83574280709837	83574300148846	83574280669681
83574373174003	83574391754836	83574373024264
83574375262597	83574400083274	83574375223378
83574394812910	83574408410461	83574394684941
83574471951660	83574483353846	83574471811035
83574481488014	83574500009836	83574481432649
83574494435983	83574508337388	83574494374160
83574571340305	83574583279940	83574571230722
83574580927128	83574591607336	83574580866399
83574602788170	83574616589784	83574602713639
83574696676139	83574708192909	83574696524316
83574711294993	9223372036854775807	83574711219264

=== poll 1790328091.058694213
8333333
83572207098952	83572226040983	83572206986140
83572247670463	83572259368899	83572247580306
83572322799056	83572334349837	83572322681660
83572334864525	83572351010410	83572334788535
83572469886504	83572484296972	83572469774369
83572523139525	83572534284733	83572523034994
83572538132181	83572550946608	83572538054265
83572591725567	83572609255722	83572591623067
83572606721712	83572617587649	83572606643483
83572616651921	83572634247076	83572616599369
83572656714525	83572667566608	83572656613639
83572671925775	83572684228431	83572671849942
83572696933587	83572709219785	83572696875567
83572706547442	83572717550826	83572706503744
83572732015098	83572750874576	83572731938796
83572756724837	83572767535253	83572756663379
83572766900775	83572784196295	83572766814473
83572771615619	83572792526139	83572771570410
83572806725827	83572817517650	83572806663431
83572817284264	83572834177598	83572817205462
83572845234056	83572859171869	83572845174681
83572854577441	83572867502806	83572854533900
83572861771087	83572875833066	83572861742806
83572962597858	83572975793899	83572962452077
83572972284369	83572984124264	83572972316087
83572978247754	83572992453378	83572978200358
83573069032181	83573084075618	83573068910306
83573078257285	83573092405827	83573078207077
83573155289993	83573167364889	83573155193275
83573164874525	83573175692129	83573164784577
83573186568639	83573200676608	83573186506816
83573265155514	83573275644160	83573265040827
83573278962441	83573292300305	83573278862910
83573312257025	83573325615722	83573312119525
83573380393535	83573392243066	83573380258535
83573395057650	83573408899681	83573395001556
83573411635358	83573425557805	83573411574941
83573512481191	83573525522805	83573512334264
83573514953847	83573533851347	83573514857910
83573528495722	83573542181712	83573528429264
83573599627806	83573617158534	83573599528275
83573614316608	83573625491451	83573614243222
83573628277806	83573642157076	83573628216139
83573695105827	83573708804524	83573694979941
83573712132389	83573725462753	83573712064889
83573728128795	83573742121452	83573728066399
83573824926556	83573842073326	83573824774368
83573830316295	83573850402180	83573830267597
83573844575202	83573858730357	83573844525983
83573939221972	83573950349472	83573939096920
83573941085097	83573958677649	83573941044524
83573961523170	83573975334211	83573961449993
83574023106087	83574041970774	83574022961868
83574037144941	83574050299941	83574037048274
83574052897962	83574066959732	83574052835201
83574162831451	83574175219785	83574162693066
83574164781295	83574183547753	83574164720566
83574178015618	83574191876087	83574177942806
83574278980826	83574291821764	83574278831243
83574280709837	83574300148846	83574280669681
83574373174003	83574391754836	83574373024264
83574375262597	83574400083274	83574375223378
83574394812910	83574408410461	83574394684941
83574471951660	83574483353846	83574471811035
83574481488014	83574500009836	83574481432649
83574494435983	83574508337388	83574494374160
83574571340305	83574583279940	83574571230722
83574580927128	83574591607336	83574580866399
83574602788170	83574616589784	83574602713639
83574696676139	83574708192909	83574696524316
83574711294993	83574724848638	83574711219264
83574719322910	83574733177232	83574719259160
83574788229784	83574799806398	83574788134889
83574794657597	83574808133899	83574794599159
83574811027180	83574824788273	83574810946764
83574913213847	83574924730304	83574913072128
83574915119837	83574933060982	83574915082545
83574935589941	83574949720878	83574935517024
83574997026243	83575008037857	83574996876451
83575021304784	83575033028222	83575021226034
83575035914784	83575049687232	83575035850097
83575129035461	83575141299940	83575128884784
83575136278639	83575149628690	83575136219576
83575152200305	83575166285721	83575152126868
83575247010513	83575257884836	83575246857805
83575260661399	83575274540878	83575260598951
83575353340722	83575366154784	83575353196347
83575363812024	83575374485669	83575363752024
83575368730878	83575382816346	83575368683378
83575465476815	83575482761763	83575465353743
83575467439472	83575491090721	83575467377180
83575494169732	83575507747440	83575494081086
83575587027128	83575599374940	83575586872805
83575593533586	83575607704835	83575593483274
83575689729628	83575707656347	83575689589315
83575697122805	83575715984992	83575697057128
83575710447857	83575724311346	83575710383951
83575810770670	83575824242127	83575810653117
83575818369055	83575832570773	83575818314992
83575913105305	83575924187909	83575912987076
83575926894263	83575940845044	83575926825930
83576022285097	83576040807700	83576022143013
83576029775930	83576049139054	83576029715461
83576043281294	83576057471190	83576043230149
83576135319836	83576149096138	83576135080096
83576147099159	83576165754471	83576147000461
83576151598169	83576174083794	83576151558117
83576251677492	83576265705200	83576251539992
83576261580721	83576274035565	83576261511034
83576273241919	83576290695617	83576273202805
83576352588794	83576365666659	83576352482284
83576362582440	83576373998637	83576362518534
83576368291971	83576382329575	83576368244159
83576478121607	83576490628013	83576477985513
83576480066867	83576498958482	83576480017961
83576484584628	83576507289419	83576484547544
83576562559784	83576573932075	83576562462075
83576585146450	83576598926502	83576585057805
83576695175617	83576707229939	83576695036607
83576696984107	83576715564002	83576696933586
83576701269940	83576723898169	83576701241763
83576793008690	83576807219627	83576792904627
83576801836294	83576815550981	83576801781555
83576908837492	83576923827439	83576908716190
83576917908013	83576932157648	83576917854419
83576993656607	83577007125200	83576993537596
83577022290096	9223372036854775807	83577022198534

=== poll 1790328093.521086920
8333333
83574280709837	83574300148846	83574280669681
83574373174003	83574391754836	83574373024264
83574375262597	83574400083274	83574375223378
83574394812910	83574408410461	83574394684941
83574471951660	83574483353846	83574471811035
83574481488014	83574500009836	83574481432649
83574494435983	83574508337388	83574494374160
83574571340305	83574583279940	83574571230722
83574580927128	83574591607336	83574580866399
83574602788170	83574616589784	83574602713639
83574696676139	83574708192909	83574696524316
83574711294993	83574724848638	83574711219264
83574719322910	83574733177232	83574719259160
83574788229784	83574799806398	83574788134889
83574794657597	83574808133899	83574794599159
83574811027180	83574824788273	83574810946764
83574913213847	83574924730304	83574913072128
83574915119837	83574933060982	83574915082545
83574935589941	83574949720878	83574935517024
83574997026243	83575008037857	83574996876451
83575021304784	83575033028222	83575021226034
83575035914784	83575049687232	83575035850097
83575129035461	83575141299940	83575128884784
83575136278639	83575149628690	83575136219576
83575152200305	83575166285721	83575152126868
83575247010513	83575257884836	83575246857805
83575260661399	83575274540878	83575260598951
83575353340722	83575366154784	83575353196347
83575363812024	83575374485669	83575363752024
83575368730878	83575382816346	83575368683378
83575465476815	83575482761763	83575465353743
83575467439472	83575491090721	83575467377180
83575494169732	83575507747440	83575494081086
83575587027128	83575599374940	83575586872805
83575593533586	83575607704835	83575593483274
83575689729628	83575707656347	83575689589315
83575697122805	83575715984992	83575697057128
83575710447857	83575724311346	83575710383951
83575810770670	83575824242127	83575810653117
83575818369055	83575832570773	83575818314992
83575913105305	83575924187909	83575912987076
83575926894263	83575940845044	83575926825930
83576022285097	83576040807700	83576022143013
83576029775930	83576049139054	83576029715461
83576043281294	83576057471190	83576043230149
83576135319836	83576149096138	83576135080096
83576147099159	83576165754471	83576147000461
83576151598169	83576174083794	83576151558117
83576251677492	83576265705200	83576251539992
83576261580721	83576274035565	83576261511034
83576273241919	83576290695617	83576273202805
83576352588794	83576365666659	83576352482284
83576362582440	83576373998637	83576362518534
83576368291971	83576382329575	83576368244159
83576478121607	83576490628013	83576477985513
83576480066867	83576498958482	83576480017961
83576484584628	83576507289419	83576484547544
83576562559784	83576573932075	83576562462075
83576585146450	83576598926502	83576585057805
83576695175617	83576707229939	83576695036607
83576696984107	83576715564002	83576696933586
83576701269940	83576723898169	83576701241763
83576793008690	83576807219627	83576792904627
83576801836294	83576815550981	83576801781555
83576908837492	83576923827439	83576908716190
83576917908013	83576932157648	83576917854419
83576993656607	83577007125200	83576993537596
83577022290096	83577040442752	83577022198534
83577026457440	83577048774367	83577026415409
83577133792700	83577148740825	83577133643169
83577135620669	83577157070460	83577135581346
83577142981763	83577165399470	83577142935565
83577238623273	83577257015043	83577238476242
83577243034054	83577265344054	83577242960617
83577351528221	83577365292491	83577351370148
83577353323013	83577373624054	83577353280096
83577370066606	83577381956085	83577369907179
83577438260200	83577456932335	83577438093429
83577443382283	83577465263481	83577443342700
83577459436971	83577473595720	83577459390356
83577562727440	83577573551763	83577562575981
83577564734575	83577581882335	83577564688586
83577576423377	83577590213273	83577576364731
83577671375408	83577690196242	83577671227127
83577677115304	83577698526970	83577677055356
83577684288429	83577706856763	83577684235096
83577780286242	83577798464054	83577780141242
83577786753429	83577806790721	83577786694992
83577793368013	83577815119158	83577793311242
83577889228690	83577906734887	83577889056762
83577892587335	83577915065095	83577892534835
83577997653325	83578015010304	83577997504627
83577999685408	83578023339626	83577999620304
83578017812648	83578031668012	83578017754887
83578095642179	83578106633064	83578095536554
83578102151867	83578114962387	83578102105356
83578109139783	83578123292752	83578109090252
83578217460877	83578231582438	83578217358950
83578226141554	83578239910668	83578226083325
83578316726554	83578331545147	83578316590877
83578334289158	83578348207387	83578334214419
83578425693273	83578439835668	83578425557648
83578427718429	83578448166970	83578427675616
83578442585669	83578456498221	83578442523637
83578554020981	83578564787386	83578553828377
83578555831241	83578573115877	83578555783429
83578649943950	83578664742438	83578649795148
83578659537491	83578673071970	83578659473898
83578758630200	83578773029991	83578758493429
83578760446502	83578781360981	83578760408116
83578775725460	83578789690459	83578775659887
83578868824262	83578881302803	83578868711033
83578876112595	83578889632752	83578876052700
83578883939679	83578897963585	83578883888689
83578985781554	83578997909887	83578985676241
83578992032283	83579006240512	83578991967908
83579088201033	83579106195667	83579088072908
83579090271137	83579114526345	83579090178012
83579109076033	83579122857231	83579109028689
83579187875095	83579206170459	83579187634574
83579192161449	83579214502022	83579192101033
83579209002439	83579222833271	83579208938689
83579304070824	83579322793688	83579303923845
83579305818897	83579331122595	83579305741449
83579317456866	83579339452751	83579317397595
83579410081970	83579422747959	83579409974106
83579425435668	83579439409678	83579425354679

=== poll 1790328095.830341555
8333333
83575710447857	83575724311346	83575710383951
83575810770670	83575824242127	83575810653117
83575818369055	83575832570773	83575818314992
83575913105305	83575924187909	83575912987076
83575926894263	83575940845044	83575926825930
83576022285097	83576040807700	83576022143013
83576029775930	83576049139054	83576029715461
83576043281294	83576057471190	83576043230149
83576135319836	83576149096138	83576135080096
83576147099159	83576165754471	83576147000461
83576151598169	83576174083794	83576151558117
83576251677492	83576265705200	83576251539992
83576261580721	83576274035565	83576261511034
83576273241919	83576290695617	83576273202805
83576352588794	83576365666659	83576352482284
83576362582440	83576373998637	83576362518534
83576368291971	83576382329575	83576368244159
83576478121607	83576490628013	83576477985513
83576480066867	83576498958482	83576480017961
83576484584628	83576507289419	83576484547544
83576562559784	83576573932075	83576562462075
83576585146450	83576598926502	83576585057805
83576695175617	83576707229939	83576695036607
83576696984107	83576715564002	83576696933586
83576701269940	83576723898169	83576701241763
83576793008690	83576807219627	83576792904627
83576801836294	83576815550981	83576801781555
83576908837492	83576923827439	83576908716190
83576917908013	83576932157648	83576917854419
83576993656607	83577007125200	83576993537596
83577022290096	83577040442752	83577022198534
83577026457440	83577048774367	83577026415409
83577133792700	83577148740825	83577133643169
83577135620669	83577157070460	83577135581346
83577142981763	83577165399470	83577142935565
83577238623273	83577257015043	83577238476242
83577243034054	83577265344054	83577242960617
83577351528221	83577365292491	83577351370148
83577353323013	83577373624054	83577353280096
83577370066606	83577381956085	83577369907179
83577438260200	83577456932335	83577438093429
83577443382283	83577465263481	83577443342700
83577459436971	83577473595720	83577459390356
83577562727440	83577573551763	83577562575981
83577564734575	83577581882335	83577564688586
83577576423377	83577590213273	83577576364731
83577671375408	83577690196242	83577671227127
83577677115304	83577698526970	83577677055356
83577684288429	83577706856763	83577684235096
83577780286242	83577798464054	83577780141242
83577786753429	83577806790721	83577786694992
83577793368013	83577815119158	83577793311242
83577889228690	83577906734887	83577889056762
83577892587335	83577915065095	83577892534835
83577997653325	83578015010304	83577997504627
83577999685408	83578023339626	83577999620304
83578017812648	83578031668012	83578017754887
83578095642179	83578106633064	83578095536554
83578102151867	83578114962387	83578102105356
83578109139783	83578123292752	83578109090252
83578217460877	83578231582438	83578217358950
83578226141554	83578239910668	83578226083325
83578316726554	83578331545147	83578316590877
83578334289158	83578348207387	83578334214419
83578425693273	83578439835668	83578425557648
83578427718429	83578448166970	83578427675616
83578442585669	83578456498221	83578442523637
83578554020981	83578564787386	83578553828377
83578555831241	83578573115877	83578555783429
83578649943950	83578664742438	83578649795148
83578659537491	83578673071970	83578659473898
83578758630200	83578773029991	83578758493429
83578760446502	83578781360981	83578760408116
83578775725460	83578789690459	83578775659887
83578868824262	83578881302803	83578868711033
83578876112595	83578889632752	83578876052700
83578883939679	83578897963585	83578883888689
83578985781554	83578997909887	83578985676241
83578992032283	83579006240512	83578991967908
83579088201033	83579106195667	83579088072908
83579090271137	83579114526345	83579090178012
83579109076033	83579122857231	83579109028689
83579187875095	83579206170459	83579187634574
83579192161449	83579214502022	83579192101033
83579209002439	83579222833271	83579208938689
83579304070824	83579322793688	83579303923845
83579305818897	83579331122595	83579305741449
83579317456866	83579339452751	83579317397595
83579410081970	83579422747959	83579409974106
83579425435668	83579439409678	83579425354679
83579534985668	83579547699730	83579534829262
83579536800929	83579556030980	83579536761918
83579550385199	83579564363376	83579550315408
83579657999158	83579672677959	83579657854418
83579660147387	83579681009835	83579660089106
83579730007283	83579747664782	83579729904314
83579743857595	83579755994261	83579743800824
83579752286710	83579764324574	83579752211293
83579818252230	83579830983011	83579818158064
83579825996814	83579839317386	83579825940512
83579841856241	83579855984418	83579841794262
83579875451189	83579889315043	83579875369418
83579929796449	83579947631397	83579929705147
83579942042126	83579955962074	83579941969418
83580067327855	83580080930407	83580067156397
83580173989835	83580189248011	83580173826657
83580284155303	83580297553688	83580283880928
83580376061189	83580389188896	83580375903428
83580383614470	83580397519886	83580383559678
83580500642334	83580514155980	83580500502439
83580502454418	83580522487334	83580502415668
83580616514939	83580630792542	83580616337543
83580733161501	83580747429990	83580733047491
83580832243376	83580847374521	83580832106970
83580834072699	83580855704521	83580834047959
83580950458897	83580963995510	83580950353688
83580958714209	83580972326136	83580958659105
83581060744782	83581072280719	83581060604626
83581062419365	83581080610667	83581062387543
83581183918584	83581197251917	83581183730407
83581299493167	83581313870459	83581299291084
83581407897751	83581422162021	83581407735251
83581515466969	83581530469625	83581515329990
83581627004209	83581638759156	83581626897959
83581628768584	83581647089677	83581628730094
83581732479782	83581747067959	83581732343792
83581734196501	83581755396136	83581734154730

=== poll 1790328098.090455877
8333333
83577238623273	83577257015043	83577238476242
83577243034054	83577265344054	83577242960617
83577351528221	83577365292491	83577351370148
83577353323013	83577373624054	83577353280096
83577370066606	83577381956085	83577369907179
83577438260200	83577456932335	83577438093429
83577443382283	83577465263481	83577443342700
83577459436971	83577473595720	83577459390356
83577562727440	83577573551763	83577562575981
83577564734575	83577581882335	83577564688586
83577576423377	83577590213273	83577576364731
83577671375408	83577690196242	83577671227127
83577677115304	83577698526970	83577677055356
83577684288429	83577706856763	83577684235096
83577780286242	83577798464054	83577780141242
83577786753429	83577806790721	83577786694992
83577793368013	83577815119158	83577793311242
83577889228690	83577906734887	83577889056762
83577892587335	83577915065095	83577892534835
83577997653325	83578015010304	83577997504627
83577999685408	83578023339626	83577999620304
83578017812648	83578031668012	83578017754887
83578095642179	83578106633064	83578095536554
83578102151867	83578114962387	83578102105356
83578109139783	83578123292752	83578109090252
83578217460877	83578231582438	83578217358950
83578226141554	83578239910668	83578226083325
83578316726554	83578331545147	83578316590877
83578334289158	83578348207387	83578334214419
83578425693273	83578439835668	83578425557648
83578427718429	83578448166970	83578427675616
83578442585669	83578456498221	83578442523637
83578554020981	83578564787386	83578553828377
83578555831241	83578573115877	83578555783429
83578649943950	83578664742438	83578649795148
83578659537491	83578673071970	83578659473898
83578758630200	83578773029991	83578758493429
83578760446502	83578781360981	83578760408116
83578775725460	83578789690459	83578775659887
83578868824262	83578881302803	83578868711033
83578876112595	83578889632752	83578876052700
83578883939679	83578897963585	83578883888689
83578985781554	83578997909887	83578985676241
83578992032283	83579006240512	83578991967908
83579088201033	83579106195667	83579088072908
83579090271137	83579114526345	83579090178012
83579109076033	83579122857231	83579109028689
83579187875095	83579206170459	83579187634574
83579192161449	83579214502022	83579192101033
83579209002439	83579222833271	83579208938689
83579304070824	83579322793688	83579303923845
83579305818897	83579331122595	83579305741449
83579317456866	83579339452751	83579317397595
83579410081970	83579422747959	83579409974106
83579425435668	83579439409678	83579425354679
83579534985668	83579547699730	83579534829262
83579536800929	83579556030980	83579536761918
83579550385199	83579564363376	83579550315408
83579657999158	83579672677959	83579657854418
83579660147387	83579681009835	83579660089106
83579730007283	83579747664782	83579729904314
83579743857595	83579755994261	83579743800824
83579752286710	83579764324574	83579752211293
83579818252230	83579830983011	83579818158064
83579825996814	83579839317386	83579825940512
83579841856241	83579855984418	83579841794262
83579875451189	83579889315043	83579875369418
83579929796449	83579947631397	83579929705147
83579942042126	83579955962074	83579941969418
83580067327855	83580080930407	83580067156397
83580173989835	83580189248011	83580173826657
83580284155303	83580297553688	83580283880928
83580376061189	83580389188896	83580375903428
83580383614470	83580397519886	83580383559678
83580500642334	83580514155980	83580500502439
83580502454418	83580522487334	83580502415668
83580616514939	83580630792542	83580616337543
83580733161501	83580747429990	83580733047491
83580832243376	83580847374521	83580832106970
83580834072699	83580855704521	83580834047959
83580950458897	83580963995510	83580950353688
83580958714209	83580972326136	83580958659105
83581060744782	83581072280719	83581060604626
83581062419365	83581080610667	83581062387543
83581183918584	83581197251917	83581183730407
83581299493167	83581313870459	83581299291084
83581407897751	83581422162021	83581407735251
83581515466969	83581530469625	83581515329990
83581627004209	83581638759156	83581626897959
83581628768584	83581647089677	83581628730094
83581732479782	83581747067959	83581732343792
83581734196501	83581755396136	83581734154730
83581848849990	83581863668427	83581848740928
83581957181865	83581971967125	83581957080928
83581967056553	83581980295041	83581966901396
83582067255407	83582080269469	83582067133532
83582068944469	83582088601031	83582068903428
83582174461240	83582188581343	83582174301709
83582176140042	83582196914052	83582176096552
83582291957386	83582305215719	83582291834625
83582293806969	83582313545875	83582293740980
83582403291136	83582421837490	83582403101292
83582408485198	83582430170250	83582408376969
83582507375094	83582521822125	83582507233323
83582509175667	83582530152698	83582509130094
83582618892438	83582630128322	83582618764834
83582620554781	83582638459885	83582620525198
83582726547438	83582738457281	83582726428948
83582735013792	83582746790406	83582734961969
83582842474990	83582855100250	83582842343948
83582844220354	83582863431187	83582844190198
83582953461396	83582971701864	83582953342386
83582955187906	83582980031864	83582955114833
83583064706396	83583079977802	83583064585146
83583066681708	83583088306760	83583066628323
83583182463792	83583196592073	83583182356292
83583293104990	83583304872020	83583292996396
83583294826552	83583313200197	83583294783583
83583418474156	83583429806812	83583418281760
83583523106500	83583538105979	83583522890979
83583633447437	83583646384780	83583633317958
83583635080667	83583654716239	83583635053114
83583749973583	83583763003895	83583749822437
83583751638739	83583771334676	83583751608948
83583862044573	83583879623374	83583861909208
83583863869000	83583887955041	83583863828896
83583972933531	83583987942072	83583972831968

=== poll 1790328100.378414574
8333333
83579752286710	83579764324574	83579752211293
83579818252230	83579830983011	83579818158064
83579825996814	83579839317386	83579825940512
83579841856241	83579855984418	83579841794262
83579875451189	83579889315043	83579875369418
83579929796449	83579947631397	83579929705147
83579942042126	83579955962074	83579941969418
83580067327855	83580080930407	83580067156397
83580173989835	83580189248011	83580173826657
83580284155303	83580297553688	83580283880928
83580376061189	83580389188896	83580375903428
83580383614470	83580397519886	83580383559678
83580500642334	83580514155980	83580500502439
83580502454418	83580522487334	83580502415668
83580616514939	83580630792542	83580616337543
83580733161501	83580747429990	83580733047491
83580832243376	83580847374521	83580832106970
83580834072699	83580855704521	83580834047959
83580950458897	83580963995510	83580950353688
83580958714209	83580972326136	83580958659105
83581060744782	83581072280719	83581060604626
83581062419365	83581080610667	83581062387543
83581183918584	83581197251917	83581183730407
83581299493167	83581313870459	83581299291084
83581407897751	83581422162021	83581407735251
83581515466969	83581530469625	83581515329990
83581627004209	83581638759156	83581626897959
83581628768584	83581647089677	83581628730094
83581732479782	83581747067959	83581732343792
83581734196501	83581755396136	83581734154730
83581848849990	83581863668427	83581848740928
83581957181865	83581971967125	83581957080928
83581967056553	83581980295041	83581966901396
83582067255407	83582080269469	83582067133532
83582068944469	83582088601031	83582068903428
83582174461240	83582188581343	83582174301709
83582176140042	83582196914052	83582176096552
83582291957386	83582305215719	83582291834625
83582293806969	83582313545875	83582293740980
83582403291136	83582421837490	83582403101292
83582408485198	83582430170250	83582408376969
83582507375094	83582521822125	83582507233323
83582509175667	83582530152698	83582509130094
83582618892438	83582630128322	83582618764834
83582620554781	83582638459885	83582620525198
83582726547438	83582738457281	83582726428948
83582735013792	83582746790406	83582734961969
83582842474990	83582855100250	83582842343948
83582844220354	83582863431187	83582844190198
83582953461396	83582971701864	83582953342386
83582955187906	83582980031864	83582955114833
83583064706396	83583079977802	83583064585146
83583066681708	83583088306760	83583066628323
83583182463792	83583196592073	83583182356292
83583293104990	83583304872020	83583292996396
83583294826552	83583313200197	83583294783583
83583418474156	83583429806812	83583418281760
83583523106500	83583538105979	83583522890979
83583633447437	83583646384780	83583633317958
83583635080667	83583654716239	83583635053114
83583749973583	83583763003895	83583749822437
83583751638739	83583771334676	83583751608948
83583862044573	83583879623374	83583861909208
83583863869000	83583887955041	83583863828896
83583972933531	83583987942072	83583972831968
83584076846239	83584087916239	83584076681448
83584082449104	83584096244989	83584082382541
83584190769729	83584204504884	83584190633479
83584198691604	83584212834833	83584198623895
83584308189573	83584321129259	83584308031552
83584422176083	83584437759989	83584422075093
83584539820197	83584554386968	83584539700093
83584643557072	83584654358530	83584643416395
83584645390979	83584662689260	83584645352437
83584755434677	83584771005978	83584755231291
83584757125249	83584779339156	83584757080718
83584866465822	83584879317645	83584866362489
83584873450301	83584887647333	83584873388062
83584972919260	83584987606082	83584972784104
83584974599833	83584995935821	83584974554312
83585089812958	83585104203739	83585089717593
83585091553739	83585112533687	83585091508478
83585101685249	83585120864781	83585101614937
83585107855406	83585129195197	83585107800562
83585115538010	83585137527488	83585115502593
83585136355353	83585154192540	83585136288478
83585140627385	83585162523374	83585140575458
83585165988635	83585179181656	83585165912385
83585191026291	83585204170821	83585190953426
83585216513270	83585229163009	83585216440874
83585240454416	83585254148166	83585240394155
83585286371968	83585304111603	83585286242228
83585290336655	83585312437905	83585290291864
83585300250510	83585320763426	83585300206968
83585326008166	83585337416707	83585325938478
83585351104624	83585362400353	83585351035145
83585391152176	83585404037072	83585391008739
83585398819155	83585412366655	83585398761343
83585415585718	83585429021603	83585415529260
83585441474728	83585454006498	83585441400562
83585475778947	83585487323895	83585475687020
83585500549468	83585512317384	83585500481395
83585515805405	83585528979623	83585515748687
83585535133478	83585553974155	83585535078791
83585550468218	83585562305822	83585550425457
83585565278062	83585578968842	83585565185041
83585585843895	83585603959363	83585585762801
83585610641030	83585628953895	83585610580093
83585615487593	83585637285145	83585615427697
83585625564728	83585645614415	83585625519728
83585639925145	83585653944311	83585639879468
83585719976239	83585737261030	83585719833582
83585750322124	83585762262228	83585750241030
83585764957957	83585778928061	83585764903687
83585835285301	83585853918061	83585835197176
83585869979312	83585887247905	83585869862228
83585873574832	83585895580717	83585873536499
83585940264207	83585953898634	83585940143061
83585981708218	83585995562488	83585981630249
83586052400197	83586070542644	83586052302020
83586098745666	83586112196290	83586098663426
83586159378791	83586170515770	83586159264259
83586207521291	83586220494519	83586207435041
83586215000145	83586228824831	83586214952593
83586275644676	83586287142749	83586275528686
83586316031238	83586328804051	83586315883270
83586323304728	83586337135717	83586323252176

=== poll 1790328102.683835198
8333333
83583064706396	83583079977802	83583064585146
83583066681708	83583088306760	83583066628323
83583182463792	83583196592073	83583182356292
83583293104990	83583304872020	83583292996396
83583294826552	83583313200197	83583294783583
83583418474156	83583429806812	83583418281760
83583523106500	83583538105979	83583522890979
83583633447437	83583646384780	83583633317958
83583635080667	83583654716239	83583635053114
83583749973583	83583763003895	83583749822437
83583751638739	83583771334676	83583751608948
83583862044573	83583879623374	83583861909208
83583863869000	83583887955041	83583863828896
83583972933531	83583987942072	83583972831968
83584076846239	83584087916239	83584076681448
83584082449104	83584096244989	83584082382541
83584190769729	83584204504884	83584190633479
83584198691604	83584212834833	83584198623895
83584308189573	83584321129259	83584308031552
83584422176083	83584437759989	83584422075093
83584539820197	83584554386968	83584539700093
83584643557072	83584654358530	83584643416395
83584645390979	83584662689260	83584645352437
83584755434677	83584771005978	83584755231291
83584757125249	83584779339156	83584757080718
83584866465822	83584879317645	83584866362489
83584873450301	83584887647333	83584873388062
83584972919260	83584987606082	83584972784104
83584974599833	83584995935821	83584974554312
83585089812958	83585104203739	83585089717593
83585091553739	83585112533687	83585091508478
83585101685249	83585120864781	83585101614937
83585107855406	83585129195197	83585107800562
83585115538010	83585137527488	83585115502593
83585136355353	83585154192540	83585136288478
83585140627385	83585162523374	83585140575458
83585165988635	83585179181656	83585165912385
83585191026291	83585204170821	83585190953426
83585216513270	83585229163009	83585216440874
83585240454416	83585254148166	83585240394155
83585286371968	83585304111603	83585286242228
83585290336655	83585312437905	83585290291864
83585300250510	83585320763426	83585300206968
83585326008166	83585337416707	83585325938478
83585351104624	83585362400353	83585351035145
83585391152176	83585404037072	83585391008739
83585398819155	83585412366655	83585398761343
83585415585718	83585429021603	83585415529260
83585441474728	83585454006498	83585441400562
83585475778947	83585487323895	83585475687020
83585500549468	83585512317384	83585500481395
83585515805405	83585528979623	83585515748687
83585535133478	83585553974155	83585535078791
83585550468218	83585562305822	83585550425457
83585565278062	83585578968842	83585565185041
83585585843895	83585603959363	83585585762801
83585610641030	83585628953895	83585610580093
83585615487593	83585637285145	83585615427697
83585625564728	83585645614415	83585625519728
83585639925145	83585653944311	83585639879468
83585719976239	83585737261030	83585719833582
83585750322124	83585762262228	83585750241030
83585764957957	83585778928061	83585764903687
83585835285301	83585853918061	83585835197176
83585869979312	83585887247905	83585869862228
83585873574832	83585895580717	83585873536499
83585940264207	83585953898634	83585940143061
83585981708218	83585995562488	83585981630249
83586052400197	83586070542644	83586052302020
83586098745666	83586112196290	83586098663426
83586159378791	83586170515770	83586159264259
83586207521291	83586220494519	83586207435041
83586215000145	83586228824831	83586214952593
83586275644676	83586287142749	83586275528686
83586316031238	83586328804051	83586315883270
83586323304728	83586337135717	83586323252176
83586391832020	83586403785560	83586391698634
83586416636082	83586428776446	83586416549936
83586423234624	83586437106551	83586423177280
83586517360613	83586528746863	83586517223009
83586524733061	83586537078581	83586524640457
83586539764728	83586553737592	83586539702436
83586673197436	83586686988217	83586673070301
83586674982957	83586695317645	83586674934780
83586742132801	83586753617071	83586741982957
83586787729988	83586803592696	83586787622072
83586852079103	83586870225925	83586851972853
83586876126342	83586886883790	83586876054103
83586898209519	83586911869779	83586898135769
83586926200405	83586936848634	83586926121967
83586936037592	83586953502488	83586935969415
83586961308842	83586978483789	83586961243217
83586965931915	83586986811863	83586965893322
83586973037176	83586995140092	83586972992801
83587101290769	83587120058216	83587101152905
83587103108374	83587128384883	83587103060092
83587114361342	83587136713842	83587114312176
83587222473634	83587236677488	83587222333842
83587224231811	83587245010561	83587224181707
83587231337801	83587253342487	83587231291603
83587325009363	83587336649050	83587324892696
83587330985353	83587344979467	83587330926290
83587432232853	83587444938998	83587432101759
83587439369207	83587453270248	83587439314988
83587552149259	83587569898477	83587552049155
83587555855040	83587578230040	83587555793269
83587649137280	83587661517019	83587649042123
83587665883634	83587678171393	83587665762384
83587672306498	83587686500456	83587672255925
83587765237540	83587778118373	83587765131863
83587772735144	83587786446758	83587772674727
83587780479988	83587794774675	83587780442071
83587895550769	83587911402800	83587895447957
83587995572227	83588011345665	83587995421967
83587997297279	83588019674363	83587997256967
83588098120040	83588111291706	83588098005092
83588105674415	83588119619466	83588105619259
83588214775300	83588227896081	83588214651759
83588216436602	83588236226914	83588216397852
83588290330144	83588302874414	83588290238633
83588322095925	83588336201966	83588322023894
83588420436394	83588436150039	83588420284154
83588422581550	83588444478790	83588422466290
83588430381238	83588452805196	83588430335092
83588524219519	83588536100039	83588524054571
83588539061758	83588552759571	83588538989467
83588654929310	9223372036854775807	83588654812488

=== poll 1790328104.986261082
8333333
83585398819155	83585412366655	83585398761343
83585415585718	83585429021603	83585415529260
83585441474728	83585454006498	83585441400562
83585475778947	83585487323895	83585475687020
83585500549468	83585512317384	83585500481395
83585515805405	83585528979623	83585515748687
83585535133478	83585553974155	83585535078791
83585550468218	83585562305822	83585550425457
83585565278062	83585578968842	83585565185041
83585585843895	83585603959363	83585585762801
83585610641030	83585628953895	83585610580093
83585615487593	83585637285145	83585615427697
83585625564728	83585645614415	83585625519728
83585639925145	83585653944311	83585639879468
83585719976239	83585737261030	83585719833582
83585750322124	83585762262228	83585750241030
83585764957957	83585778928061	83585764903687
83585835285301	83585853918061	83585835197176
83585869979312	83585887247905	83585869862228
83585873574832	83585895580717	83585873536499
83585940264207	83585953898634	83585940143061
83585981708218	83585995562488	83585981630249
83586052400197	83586070542644	83586052302020
83586098745666	83586112196290	83586098663426
83586159378791	83586170515770	83586159264259
83586207521291	83586220494519	83586207435041
83586215000145	83586228824831	83586214952593
83586275644676	83586287142749	83586275528686
83586316031238	83586328804051	83586315883270
83586323304728	83586337135717	83586323252176
83586391832020	83586403785560	83586391698634
83586416636082	83586428776446	83586416549936
83586423234624	83586437106551	83586423177280
83586517360613	83586528746863	83586517223009
83586524733061	83586537078581	83586524640457
83586539764728	83586553737592	83586539702436
83586673197436	83586686988217	83586673070301
83586674982957	83586695317645	83586674934780
83586742132801	83586753617071	83586741982957
83586787729988	83586803592696	83586787622072
83586852079103	83586870225925	83586851972853
83586876126342	83586886883790	83586876054103
83586898209519	83586911869779	83586898135769
83586926200405	83586936848634	83586926121967
83586936037592	83586953502488	83586935969415
83586961308842	83586978483789	83586961243217
83586965931915	83586986811863	83586965893322
83586973037176	83586995140092	83586972992801
83587101290769	83587120058216	83587101152905
83587103108374	83587128384883	83587103060092
83587114361342	83587136713842	83587114312176
83587222473634	83587236677488	83587222333842
83587224231811	83587245010561	83587224181707
83587231337801	83587253342487	83587231291603
83587325009363	83587336649050	83587324892696
83587330985353	83587344979467	83587330926290
83587432232853	83587444938998	83587432101759
83587439369207	83587453270248	83587439314988
83587552149259	83587569898477	83587552049155
83587555855040	83587578230040	83587555793269
83587649137280	83587661517019	83587649042123
83587665883634	83587678171393	83587665762384
83587672306498	83587686500456	83587672255925
83587765237540	83587778118373	83587765131863
83587772735144	83587786446758	83587772674727
83587780479988	83587794774675	83587780442071
83587895550769	83587911402800	83587895447957
83587995572227	83588011345665	83587995421967
83587997297279	83588019674363	83587997256967
83588098120040	83588111291706	83588098005092
83588105674415	83588119619466	83588105619259
83588214775300	83588227896081	83588214651759
83588216436602	83588236226914	83588216397852
83588290330144	83588302874414	83588290238633
83588322095925	83588336201966	83588322023894
83588420436394	83588436150039	83588420284154
83588422581550	83588444478790	83588422466290
83588430381238	83588452805196	83588430335092
83588524219519	83588536100039	83588524054571
83588539061758	83588552759571	83588538989467
83588654929310	83588669372643	83588654812488
83588663551863	83588677700404	83588663491238
83588730803946	83588744327227	83588730704883
83588747112540	83588760986758	83588747043477
83588867853894	83588885931550	83588867681967
83588871845769	83588894261341	83588871786446
83588988866237	83589002539622	83588988726914
83588990500039	83589010869779	83588990454571
83589091577696	83589102490769	83589091429467
83589093339883	83589110819570	83589093292487
83589172366341	83589185775925	83589172267123
83589192352019	83589210760508	83589192261706
83589196613321	83589219091341	83589196573685
83589301251966	83589319051237	83589301106237
83589306749362	83589327382956	83589306693529
83589422475560	83589435664049	83589422347852
83589424284675	83589443992487	83589424243164
83589509277487	83589527267018	83589509153841
83589530391862	83589543927330	83589530281602
83589638198945	83589652209205	83589638104779
83589687813685	83589702188841	83589646946445
83589737746393	83589752174987	83589732984779
83589787732852	83589802157695	83589742952591
83589837698164	83589852133268	83589789995091
83589887702695	83589902105247	83589842915352
83589937667070	83589952079101	83589890110300
83589987655612	83590002049987	83589958638008
83590037660768	83590052018528	83589990457331
83590087561602	83590101987434	83590073485508
83590137574674	83590151960143	83590090856081
83590187524518	83590201936080	83590175886602
83590189837643	83590210265820	83590189796862
83590296674622	83590310211236	83590296539101
83590298372174	83590318540768	83590298323216
83590304918529	83590326870456	83590304863841
83590413545976	83590426840351	83590413436966
83590415488789	83590435171392	83590415418685
83590421047487	83590443502695	83590421009935
83590524985820	83590543485143	83590524871810
83590529341549	83590551817018	83590529301653
83590637776133	83590651818580	83590637647956
83590639483841	83590660150820	83590639459153
83590748058528	83590760117486	83590747951862
83590755124362	83590768448788	83590755072747
83590829653476	83590843417017	83590829559935
83590839108424	83590851747434	83590839055039
83590845777799	83590860078163	83590845734622

=== poll 1790328107.277853581
8333333
83587330985353	83587344979467	83587330926290
83587432232853	83587444938998	83587432101759
83587439369207	83587453270248	83587439314988
83587552149259	83587569898477	83587552049155
83587555855040	83587578230040	83587555793269
83587649137280	83587661517019	83587649042123
83587665883634	83587678171393	83587665762384
83587672306498	83587686500456	83587672255925
83587765237540	83587778118373	83587765131863
83587772735144	83587786446758	83587772674727
83587780479988	83587794774675	83587780442071
83587895550769	83587911402800	83587895447957
83587995572227	83588011345665	83587995421967
83587997297279	83588019674363	83587997256967
83588098120040	83588111291706	83588098005092
83588105674415	83588119619466	83588105619259
83588214775300	83588227896081	83588214651759
83588216436602	83588236226914	83588216397852
83588290330144	83588302874414	83588290238633
83588322095925	83588336201966	83588322023894
83588420436394	83588436150039	83588420284154
83588422581550	83588444478790	83588422466290
83588430381238	83588452805196	83588430335092
83588524219519	83588536100039	83588524054571
83588539061758	83588552759571	83588538989467
83588654929310	83588669372643	83588654812488
83588663551863	83588677700404	83588663491238
83588730803946	83588744327227	83588730704883
83588747112540	83588760986758	83588747043477
83588867853894	83588885931550	83588867681967
83588871845769	83588894261341	83588871786446
83588988866237	83589002539622	83588988726914
83588990500039	83589010869779	83588990454571
83589091577696	83589102490769	83589091429467
83589093339883	83589110819570	83589093292487
83589172366341	83589185775925	83589172267123
83589192352019	83589210760508	83589192261706
83589196613321	83589219091341	83589196573685
83589301251966	83589319051237	83589301106237
83589306749362	83589327382956	83589306693529
83589422475560	83589435664049	83589422347852
83589424284675	83589443992487	83589424243164
83589509277487	83589527267018	83589509153841
83589530391862	83589543927330	83589530281602
83589638198945	83589652209205	83589638104779
83589687813685	83589702188841	83589646946445
83589737746393	83589752174987	83589732984779
83589787732852	83589802157695	83589742952591
83589837698164	83589852133268	83589789995091
83589887702695	83589902105247	83589842915352
83589937667070	83589952079101	83589890110300
83589987655612	83590002049987	83589958638008
83590037660768	83590052018528	83589990457331
83590087561602	83590101987434	83590073485508
83590137574674	83590151960143	83590090856081
83590187524518	83590201936080	83590175886602
83590189837643	83590210265820	83590189796862
83590296674622	83590310211236	83590296539101
83590298372174	83590318540768	83590298323216
83590304918529	83590326870456	83590304863841
83590413545976	83590426840351	83590413436966
83590415488789	83590435171392	83590415418685
83590421047487	83590443502695	83590421009935
83590524985820	83590543485143	83590524871810
83590529341549	83590551817018	83590529301653
83590637776133	83590651818580	83590637647956
83590639483841	83590660150820	83590639459153
83590748058528	83590760117486	83590747951862
83590755124362	83590768448788	83590755072747
83590829653476	83590843417017	83590829559935
83590839108424	83590851747434	83590839055039
83590845777799	83590860078163	83590845734622
83590956184362	83590968371548	83590956071445
83590960400143	83590976700923	83590960317435
83590963585403	83590985030247	83590963532435
83591038462382	83591051664882	83591038348632
83591062690455	83591076654934	83591062613997
83591158702487	83591176618580	83591158527382
83591163999518	83591184950507	83591163947643
83591172907174	83591193282955	83591172854309
83591266116862	83591284920247	83591266013268
83591279046289	83591293250038	83591278991393
83591370254101	83591384880611	83591370129518
83591381410195	83591393208631	83591381344986
83591387709830	83591401537330	83591387664778
83591466160299	83591484835403	83591466057330
83591490781549	83591501494830	83591490683789
83591495649466	83591509823944	83591495613528
83591564669153	83591576446392	83591564540091
83591599319049	83591618083163	83591599240038
83591604406341	83591626412330	83591604360507
83591682877591	83591701364361	83591682781236
83591712637851	83591726346132	83591712528528
83591789620299	83591801310194	83591789520143
83591820869674	83591834629726	83591820791809
83591907909257	83591926238736	83591907688788
83591920877382	83591934565663	83591920809622
83592021714049	83592034489152	83592021588528
83592028752590	83592042816704	83592028686601
83592108037590	83592126087121	83592107930142
83592137428788	83592151074777	83592137341965
83592200447642	83592217694725	83592200313736
83592239879413	83592251013632	83592239784465
83592253602642	83592267675037	83592253550767
83592308803215	83592325988944	83592308624257
83592355061653	83592367639517	83592354980455
83592362179934	83592375971028	83592362123372
83592438238163	83592450956339	83592438047903
83592470732694	83592484281601	83592470652069
83592525524205	83592542610558	83592525377226
83592570948163	83592584262381	83592570835194
83592578635090	83592592592642	83592578589049
83592629003007	83592642566861	83592628912799
83592674402851	83592692536756	83592674257382
83592678671184	83592700865663	83592678619830
83592740642642	83592759166027	83592740551184
83592787596601	83592800807798	83592787497330
83592856610559	83592867415402	83592856503944
83592895810403	83592909044100	83592895723632
83592987949048	83593000653475	83592987865142
83593005616913	83593017311809	83593005532486
83593011660663	83593025639621	83593011612642
83593137171340	83593150542902	83593137046757
83593139104934	83593158871339	83593139062434
83593212101757	83593225499517	83593211953267
83593231401392	83593242158891	83593231313163
83593236427642	83593250490818	83593236380611

=== poll 1790328109.605827903
8333333
83589937667070	83589952079101	83589890110300
83589987655612	83590002049987	83589958638008
83590037660768	83590052018528	83589990457331
83590087561602	83590101987434	83590073485508
83590137574674	83590151960143	83590090856081
83590187524518	83590201936080	83590175886602
83590189837643	83590210265820	83590189796862
83590296674622	83590310211236	83590296539101
83590298372174	83590318540768	83590298323216
83590304918529	83590326870456	83590304863841
83590413545976	83590426840351	83590413436966
83590415488789	83590435171392	83590415418685
83590421047487	83590443502695	83590421009935
83590524985820	83590543485143	83590524871810
83590529341549	83590551817018	83590529301653
83590637776133	83590651818580	83590637647956
83590639483841	83590660150820	83590639459153
83590748058528	83590760117486	83590747951862
83590755124362	83590768448788	83590755072747
83590829653476	83590843417017	83590829559935
83590839108424	83590851747434	83590839055039
83590845777799	83590860078163	83590845734622
83590956184362	83590968371548	83590956071445
83590960400143	83590976700923	83590960317435
83590963585403	83590985030247	83590963532435
83591038462382	83591051664882	83591038348632
83591062690455	83591076654934	83591062613997
83591158702487	83591176618580	83591158527382
83591163999518	83591184950507	83591163947643
83591172907174	83591193282955	83591172854309
83591266116862	83591284920247	83591266013268
83591279046289	83591293250038	83591278991393
83591370254101	83591384880611	83591370129518
83591381410195	83591393208631	83591381344986
83591387709830	83591401537330	83591387664778
83591466160299	83591484835403	83591466057330
83591490781549	83591501494830	83591490683789
83591495649466	83591509823944	83591495613528
83591564669153	83591576446392	83591564540091
83591599319049	83591618083163	83591599240038
83591604406341	83591626412330	83591604360507
83591682877591	83591701364361	83591682781236
83591712637851	83591726346132	83591712528528
83591789620299	83591801310194	83591789520143
83591820869674	83591834629726	83591820791809
83591907909257	83591926238736	83591907688788
83591920877382	83591934565663	83591920809622
83592021714049	83592034489152	83592021588528
83592028752590	83592042816704	83592028686601
83592108037590	83592126087121	83592107930142
83592137428788	83592151074777	83592137341965
83592200447642	83592217694725	83592200313736
83592239879413	83592251013632	83592239784465
83592253602642	83592267675037	83592253550767
83592308803215	83592325988944	83592308624257
83592355061653	83592367639517	83592354980455
83592362179934	83592375971028	83592362123372
83592438238163	83592450956339	83592438047903
83592470732694	83592484281601	83592470652069
83592525524205	83592542610558	83592525377226
83592570948163	83592584262381	83592570835194
83592578635090	83592592592642	83592578589049
83592629003007	83592642566861	83592628912799
83592674402851	83592692536756	83592674257382
83592678671184	83592700865663	83592678619830
83592740642642	83592759166027	83592740551184
83592787596601	83592800807798	83592787497330
83592856610559	83592867415402	83592856503944
83592895810403	83592909044100	83592895723632
83592987949048	83593000653475	83592987865142
83593005616913	83593017311809	83593005532486
83593011660663	83593025639621	83593011612642
83593137171340	83593150542902	83593137046757
83593139104934	83593158871339	83593139062434
83593212101757	83593225499517	83593211953267
83593231401392	83593242158891	83593231313163
83593236427642	83593250490818	83593236380611
83593286853319	83593300475141	83593286753423
83593373794882	83593392102537	83593373701236
83593378058944	83593400431027	83593378002590
83593406423163	83593417090454	83593406332798
83593445369986	83593458736340	83593445215923
83593453629257	83593467065610	83593453570038
83593515174152	83593533723162	83593515034361
83593562428527	83593575378579	83593562344829
83593569766340	83593583709672	83593569719413
83593639432434	83593650373475	83593639345559
83593670191548	83593683703266	83593670103319
83593733786079	83593750349464	83593733651131
83593773614881	83593792005818	83593773532121
83593777919569	83593800338110	83593777872954
83593872694256	83593883641704	83593872562329
83593889798944	83593908629620	83593889703892
83593894508683	83593916959673	83593894473319
83593955821756	83593966941704	83593955716965
83593995426288	83594008583475	83593995351548
83594002738788	83594016910453	83594002691548
83594078325558	83594091854985	83594078233110
83594113428892	83594125168214	83594113326183
83594119541913	83594133498631	83594119495975
83594186981392	83594200142849	83594186872694
83594220672329	83594233461495	83594220606808
83594227757173	83594241791235	83594227718944
83594305029100	83594316764985	83594304897017
83594336559100	83594350084151	83594336477277
83594431523527	83594450045662	83594431400194
83594454706339	83594466707277	83594454635350
83594555396704	83594566673735	83594555267902
83594561468839	83594575004620	83594561420142
83594677935402	83594691622641	83594677795037
83594679971079	83594699952745	83594679925662
83594687724829	83594708279673	83594687681860
83594780026339	83594791562068	83594779898214
83594786918214	83594799891131	83594786853266
83594936443631	83594949791808	83594936332693
83594938239308	83594958119515	83594938194464
83594986053110	83594999755141	83594985948058
83594994090298	83595008084672	83594994041912
83595118808475	83595133024777	83595118672173
83595120456027	83595141355401	83595120426652
83595231212902	83595249639932	83595231073787
83595233040037	83595257969203	83595233012173
83595385533422	83595399557797	83595385418943
83595412652225	83595424545245	83595412580454
83595421627954	83595432873839	83595421568058
83595546791964	83595557815922	83595546606912
83595549185558	83595566148630	83595549140349

=== poll 1790328111.907251392
8333333
83592108037590	83592126087121	83592107930142
83592137428788	83592151074777	83592137341965
83592200447642	83592217694725	83592200313736
83592239879413	83592251013632	83592239784465
83592253602642	83592267675037	83592253550767
83592308803215	83592325988944	83592308624257
83592355061653	83592367639517	83592354980455
83592362179934	83592375971028	83592362123372
83592438238163	83592450956339	83592438047903
83592470732694	83592484281601	83592470652069
83592525524205	83592542610558	83592525377226
83592570948163	83592584262381	83592570835194
83592578635090	83592592592642	83592578589049
83592629003007	83592642566861	83592628912799
83592674402851	83592692536756	83592674257382
83592678671184	83592700865663	83592678619830
83592740642642	83592759166027	83592740551184
83592787596601	83592800807798	83592787497330
83592856610559	83592867415402	83592856503944
83592895810403	83592909044100	83592895723632
83592987949048	83593000653475	83592987865142
83593005616913	83593017311809	83593005532486
83593011660663	83593025639621	83593011612642
83593137171340	83593150542902	83593137046757
83593139104934	83593158871339	83593139062434
83593212101757	83593225499517	83593211953267
83593231401392	83593242158891	83593231313163
83593236427642	83593250490818	83593236380611
83593286853319	83593300475141	83593286753423
83593373794882	83593392102537	83593373701236
83593378058944	83593400431027	83593378002590
83593406423163	83593417090454	83593406332798
83593445369986	83593458736340	83593445215923
83593453629257	83593467065610	83593453570038
83593515174152	83593533723162	83593515034361
83593562428527	83593575378579	83593562344829
83593569766340	83593583709672	83593569719413
83593639432434	83593650373475	83593639345559
83593670191548	83593683703266	83593670103319
83593733786079	83593750349464	83593733651131
83593773614881	83593792005818	83593773532121
83593777919569	83593800338110	83593777872954
83593872694256	83593883641704	83593872562329
83593889798944	83593908629620	83593889703892
83593894508683	83593916959673	83593894473319
83593955821756	83593966941704	83593955716965
83593995426288	83594008583475	83593995351548
83594002738788	83594016910453	83594002691548
83594078325558	83594091854985	83594078233110
83594113428892	83594125168214	83594113326183
83594119541913	83594133498631	83594119495975
83594186981392	83594200142849	83594186872694
83594220672329	83594233461495	83594220606808
83594227757173	83594241791235	83594227718944
83594305029100	83594316764985	83594304897017
83594336559100	83594350084151	83594336477277
83594431523527	83594450045662	83594431400194
83594454706339	83594466707277	83594454635350
83594555396704	83594566673735	83594555267902
83594561468839	83594575004620	83594561420142
83594677935402	83594691622641	83594677795037
83594679971079	83594699952745	83594679925662
83594687724829	83594708279673	83594687681860
83594780026339	83594791562068	83594779898214
83594786918214	83594799891131	83594786853266
83594936443631	83594949791808	83594936332693
83594938239308	83594958119515	83594938194464
83594986053110	83594999755141	83594985948058
83594994090298	83595008084672	83594994041912
83595118808475	83595133024777	83595118672173
83595120456027	83595141355401	83595120426652
83595231212902	83595249639932	83595231073787
83595233040037	83595257969203	83595233012173
83595385533422	83595399557797	83595385418943
83595412652225	83595424545245	83595412580454
83595421627954	83595432873839	83595421568058
83595546791964	83595557815922	83595546606912
83595549185558	83595566148630	83595549140349
83595581837329	83595599475818	83595581733787
83595622173631	83595641133317	83595622080714
83595631494777	83595649464828	83595631385089
83595636478683	83595657795557	83595636414047
83595677383058	83595691116859	83595677267329
83595685308214	83595699447068	83595685258214
83595765049985	83595782739776	83595764876756
83595779444099	83595791067953	83595779327120
83595880929776	83595899345505	83595880774985
83595883813631	83595907675609	83595883775922
83595895378526	83595916006755	83595895322172
83596003783891	83596015991964	83596003643526
83596005456547	83596024323943	83596005427901
83596106174776	83596124303838	83596106039620
83596110001235	83596132637641	83596109956078
83596218353735	83596232610713	83596218198578
83596220109308	83596240941130	83596220076443
83596227297537	83596249272744	83596227248891
83596338329672	83596357580817	83596338134464
83596343879099	83596365913995	83596343785297
83596452498214	83596465890922	83596452376755
83596561441443	83596574190766	83596561308162
83596563112953	83596582520505	83596563087589
83596676947224	83596690794880	83596676840037
83596777043839	83596790750557	83596776915557
83596778772901	83596799081859	83596778730245
83596793988734	83596807413421	83596793877432
83596885118839	83596899043838	83596884970297
83596887126234	83596907375713	83596887093786
83596895463370	83596915706338	83596895423526
83596993128891	83597007355714	83596993006599
83597001540922	83597015687640	83597001494932
83597110045036	83597123990765	83597109891234
83597111970922	83597132320297	83597111929151
83597118638318	83597140648786	83597118598474
83597214894932	83597232271546	83597214765349
83597216926911	83597240602901	83597216887953
83597226460141	83597248934931	83597226422797
83597333568057	83597348906598	83597333473370
83597435189568	83597448869932	83597435076182
83597436976599	83597457199307	83597436936963
83597443425297	83597465528004	83597443367068
83597552392640	83597565480088	83597552244880
83597554265505	83597573808578	83597554213942
83597561494515	83597582137692	83597561449463
83597627056442	83597640446390	83597626959620
83597634856234	83597648778578	83597634807224
83597768314828	83597782045557	83597768218838
83597776781286	83597790375765	83597776725349

=== poll 1790328114.230881443
8333333
83594186981392	83594200142849	83594186872694
83594220672329	83594233461495	83594220606808
83594227757173	83594241791235	83594227718944
83594305029100	83594316764985	83594304897017
83594336559100	83594350084151	83594336477277
83594431523527	83594450045662	83594431400194
83594454706339	83594466707277	83594454635350
83594555396704	83594566673735	83594555267902
83594561468839	83594575004620	83594561420142
83594677935402	83594691622641	83594677795037
83594679971079	83594699952745	83594679925662
83594687724829	83594708279673	83594687681860
83594780026339	83594791562068	83594779898214
83594786918214	83594799891131	83594786853266
83594936443631	83594949791808	83594936332693
83594938239308	83594958119515	83594938194464
83594986053110	83594999755141	83594985948058
83594994090298	83595008084672	83594994041912
83595118808475	83595133024777	83595118672173
83595120456027	83595141355401	83595120426652
83595231212902	83595249639932	83595231073787
83595233040037	83595257969203	83595233012173
83595385533422	83595399557797	83595385418943
83595412652225	83595424545245	83595412580454
83595421627954	83595432873839	83595421568058
83595546791964	83595557815922	83595546606912
83595549185558	83595566148630	83595549140349
83595581837329	83595599475818	83595581733787
83595622173631	83595641133317	83595622080714
83595631494777	83595649464828	83595631385089
83595636478683	83595657795557	83595636414047
83595677383058	83595691116859	83595677267329
83595685308214	83595699447068	83595685258214
83595765049985	83595782739776	83595764876756
83595779444099	83595791067953	83595779327120
83595880929776	83595899345505	83595880774985
83595883813631	83595907675609	83595883775922
83595895378526	83595916006755	83595895322172
83596003783891	83596015991964	83596003643526
83596005456547	83596024323943	83596005427901
83596106174776	83596124303838	83596106039620
83596110001235	83596132637641	83596109956078
83596218353735	83596232610713	83596218198578
83596220109308	83596240941130	83596220076443
83596227297537	83596249272744	83596227248891
83596338329672	83596357580817	83596338134464
83596343879099	83596365913995	83596343785297
83596452498214	83596465890922	83596452376755
83596561441443	83596574190766	83596561308162
83596563112953	83596582520505	83596563087589
83596676947224	83596690794880	83596676840037
83596777043839	83596790750557	83596776915557
83596778772901	83596799081859	83596778730245
83596793988734	83596807413421	83596793877432
83596885118839	83596899043838	83596884970297
83596887126234	83596907375713	83596887093786
83596895463370	83596915706338	83596895423526
83596993128891	83597007355714	83596993006599
83597001540922	83597015687640	83597001494932
83597110045036	83597123990765	83597109891234
83597111970922	83597132320297	83597111929151
83597118638318	83597140648786	83597118598474
83597214894932	83597232271546	83597214765349
83597216926911	83597240602901	83597216887953
83597226460141	83597248934931	83597226422797
83597333568057	83597348906598	83597333473370
83597435189568	83597448869932	83597435076182
83597436976599	83597457199307	83597436936963
83597443425297	83597465528004	83597443367068
83597552392640	83597565480088	83597552244880
83597554265505	83597573808578	83597554213942
83597561494515	83597582137692	83597561449463
83597627056442	83597640446390	83597626959620
83597634856234	83597648778578	83597634807224
83597768314828	83597782045557	83597768218838
83597776781286	83597790375765	83597776725349
83597883885244	83597898683890	83597883777172
83597977399411	83597990349462	83597977281963
83597985043369	83597998680712	83597984982796
83598083689099	83598098678629	83598083544359
83598085720661	83598107012067	83598085682171
83598092829359	83598115347796	83598092769203
83598193525244	83598207010244	83598193369828
83598195174828	83598215344150	83598195142119
83598296812640	83598315347744	83598296688421
83598309490713	83598323680191	83598309433942
83598426279932	83598440328161	83598426142900
83598427934046	83598448662952	83598427905765
83598513138161	83598531980817	83598512990244
83598534784255	83598548642431	83598534712119
83598628245088	83598640289983	83598628137484
83598636268213	83598648621285	83598636170296
83598642813994	83598656952014	83598642761130
83598736918786	83598748600816	83598736836702
83598751292536	83598765265400	83598751220661
83598845230140	83598856912900	83598845102275
83598862486338	83598873577483	83598862421494
83598867591702	83598881909723	83598867553265
83598986082952	83598998530816	83598985965921
83598987786494	83599006860712	83598987747744
83599093923838	83599106797275	83599093832223
83599102973161	83599115126910	83599102911598
83599185095765	83599198415295	83599184987431
83599201096494	83599215076233	83599201024463
83599303842223	83599315051650	83599303665556
83599305636650	83599323385035	83599305591494
83599317955713	83599331717952	83599317894306
83599432914619	83599448369671	83599432741754
83599526622431	83599540004619	83599526491546
83599528544827	83599548335869	83599528396338
83599534575713	83599556667691	83599534516806
83599626671442	83599639981493	83599626537588
83599634570400	83599648313837	83599634483890
83599642441650	83599656645868	83599642394046
83599753155817	83599764945400	83599753009046
83599754946754	83599773276494	83599754904306
83599759589671	83599781608003	83599759540087
83599808816337	83599823257378	83599794966337
83599811695244	83599831587118	83599811645087
83599822735556	83599839918629	83599822684098
83599860328577	83599873247483	83599860244306
83599869456025	83599881580295	83599869400348
83599945757223	83599956543472	83599945642223
83599959335973	83599973202795	83599959276285
83600067812223	83600081503316	83600067725817
83600184198525	83600198123420	83600184096181
83600192411441	9223372036854775807	83600192345244

=== poll 1790328116.512869099
8333333
83595636478683	83595657795557	83595636414047
83595677383058	83595691116859	83595677267329
83595685308214	83595699447068	83595685258214
83595765049985	83595782739776	83595764876756
83595779444099	83595791067953	83595779327120
83595880929776	83595899345505	83595880774985
83595883813631	83595907675609	83595883775922
83595895378526	83595916006755	83595895322172
83596003783891	83596015991964	83596003643526
83596005456547	83596024323943	83596005427901
83596106174776	83596124303838	83596106039620
83596110001235	83596132637641	83596109956078
83596218353735	83596232610713	83596218198578
83596220109308	83596240941130	83596220076443
83596227297537	83596249272744	83596227248891
83596338329672	83596357580817	83596338134464
83596343879099	83596365913995	83596343785297
83596452498214	83596465890922	83596452376755
83596561441443	83596574190766	83596561308162
83596563112953	83596582520505	83596563087589
83596676947224	83596690794880	83596676840037
83596777043839	83596790750557	83596776915557
83596778772901	83596799081859	83596778730245
83596793988734	83596807413421	83596793877432
83596885118839	83596899043838	83596884970297
83596887126234	83596907375713	83596887093786
83596895463370	83596915706338	83596895423526
83596993128891	83597007355714	83596993006599
83597001540922	83597015687640	83597001494932
83597110045036	83597123990765	83597109891234
83597111970922	83597132320297	83597111929151
83597118638318	83597140648786	83597118598474
83597214894932	83597232271546	83597214765349
83597216926911	83597240602901	83597216887953
83597226460141	83597248934931	83597226422797
83597333568057	83597348906598	83597333473370
83597435189568	83597448869932	83597435076182
83597436976599	83597457199307	83597436936963
83597443425297	83597465528004	83597443367068
83597552392640	83597565480088	83597552244880
83597554265505	83597573808578	83597554213942
83597561494515	83597582137692	83597561449463
83597627056442	83597640446390	83597626959620
83597634856234	83597648778578	83597634807224
83597768314828	83597782045557	83597768218838
83597776781286	83597790375765	83597776725349
83597883885244	83597898683890	83597883777172
83597977399411	83597990349462	83597977281963
83597985043369	83597998680712	83597984982796
83598083689099	83598098678629	83598083544359
83598085720661	83598107012067	83598085682171
83598092829359	83598115347796	83598092769203
83598193525244	83598207010244	83598193369828
83598195174828	83598215344150	83598195142119
83598296812640	83598315347744	83598296688421
83598309490713	83598323680191	83598309433942
83598426279932	83598440328161	83598426142900
83598427934046	83598448662952	83598427905765
83598513138161	83598531980817	83598512990244
83598534784255	83598548642431	83598534712119
83598628245088	83598640289983	83598628137484
83598636268213	83598648621285	83598636170296
83598642813994	83598656952014	83598642761130
83598736918786	83598748600816	83598736836702
83598751292536	83598765265400	83598751220661
83598845230140	83598856912900	83598845102275
83598862486338	83598873577483	83598862421494
83598867591702	83598881909723	83598867553265
83598986082952	83598998530816	83598985965921
83598987786494	83599006860712	83598987747744
83599093923838	83599106797275	83599093832223
83599102973161	83599115126910	83599102911598
83599185095765	83599198415295	83599184987431
83599201096494	83599215076233	83599201024463
83599303842223	83599315051650	83599303665556
83599305636650	83599323385035	83599305591494
83599317955713	83599331717952	83599317894306
83599432914619	83599448369671	83599432741754
83599526622431	83599540004619	83599526491546
83599528544827	83599548335869	83599528396338
83599534575713	83599556667691	83599534516806
83599626671442	83599639981493	83599626537588
83599634570400	83599648313837	83599634483890
83599642441650	83599656645868	83599642394046
83599753155817	83599764945400	83599753009046
83599754946754	83599773276494	83599754904306
83599759589671	83599781608003	83599759540087
83599808816337	83599823257378	83599794966337
83599811695244	83599831587118	83599811645087
83599822735556	83599839918629	83599822684098
83599860328577	83599873247483	83599860244306
83599869456025	83599881580295	83599869400348
83599945757223	83599956543472	83599945642223
83599959335973	83599973202795	83599959276285
83600067812223	83600081503316	83600067725817
83600184198525	83600198123420	83600184096181
83600192411441	83600206454358	83600192345244
83600291459358	83600306422223	83600291336285
83600301044618	83600314752534	83600300980921
83600411270400	83600423036076	83600411063056
83600516226337	83600531302951	83600516133368
83600628180556	83600639570973	83600628077327
83600633818681	83600647899045	83600633749618
83600734290035	83600747855763	83600734144097
83600735994462	83600756186597	83600735952535
83600850829931	83600864493211	83600850688941
83600852610087	83600872823159	83600852572222
83600969047847	83600981119149	83600968880972
83601075889566	83601089421805	83601075697743
83601183067795	83601197737014	83601182968733
83601192641910	83601206067691	83601192538733
83601294355660	83601306026754	83601294254826
83601300292066	83601314355347	83601300227014
83601399798056	83601414311076	83601399652170
83601401527326	83601422644773	83601401489358
83601516624253	83601530969774	83601516518889
83601623737483	83601639266545	83601623646545
83601741900035	83601755896336	83601741777795
83601808586076	83601822546857	83601808498680
83601811639983	83601830877899	83601811596910
83601825148264	83601839210398	83601825093993
83601833397951	83601847542638	83601833349305
83601944452847	83601964184461	83601944227482
83602049046232	83602064140399	83602048465087
83602166487170	83602180763211	83602166356545
83602281576180	83602297370555	83602281457691
83602406513576	83602422326180	83602406416284

=== poll 1790328118.758801494
8333333
83596452498214	83596465890922	83596452376755
83596561441443	83596574190766	83596561308162
83596563112953	83596582520505	83596563087589
83596676947224	83596690794880	83596676840037
83596777043839	83596790750557	83596776915557
83596778772901	83596799081859	83596778730245
83596793988734	83596807413421	83596793877432
83596885118839	83596899043838	83596884970297
83596887126234	83596907375713	83596887093786
83596895463370	83596915706338	83596895423526
83596993128891	83597007355714	83596993006599
83597001540922	83597015687640	83597001494932
83597110045036	83597123990765	83597109891234
83597111970922	83597132320297	83597111929151
83597118638318	83597140648786	83597118598474
83597214894932	83597232271546	83597214765349
83597216926911	83597240602901	83597216887953
83597226460141	83597248934931	83597226422797
83597333568057	83597348906598	83597333473370
83597435189568	83597448869932	83597435076182
83597436976599	83597457199307	83597436936963
83597443425297	83597465528004	83597443367068
83597552392640	83597565480088	83597552244880
83597554265505	83597573808578	83597554213942
83597561494515	83597582137692	83597561449463
83597627056442	83597640446390	83597626959620
83597634856234	83597648778578	83597634807224
83597768314828	83597782045557	83597768218838
83597776781286	83597790375765	83597776725349
83597883885244	83597898683890	83597883777172
83597977399411	83597990349462	83597977281963
83597985043369	83597998680712	83597984982796
83598083689099	83598098678629	83598083544359
83598085720661	83598107012067	83598085682171
83598092829359	83598115347796	83598092769203
83598193525244	83598207010244	83598193369828
83598195174828	83598215344150	83598195142119
83598296812640	83598315347744	83598296688421
83598309490713	83598323680191	83598309433942
83598426279932	83598440328161	83598426142900
83598427934046	83598448662952	83598427905765
83598513138161	83598531980817	83598512990244
83598534784255	83598548642431	83598534712119
83598628245088	83598640289983	83598628137484
83598636268213	83598648621285	83598636170296
83598642813994	83598656952014	83598642761130
83598736918786	83598748600816	83598736836702
83598751292536	83598765265400	83598751220661
83598845230140	83598856912900	83598845102275
83598862486338	83598873577483	83598862421494
83598867591702	83598881909723	83598867553265
83598986082952	83598998530816	83598985965921
83598987786494	83599006860712	83598987747744
83599093923838	83599106797275	83599093832223
83599102973161	83599115126910	83599102911598
83599185095765	83599198415295	83599184987431
83599201096494	83599215076233	83599201024463
83599303842223	83599315051650	83599303665556
83599305636650	83599323385035	83599305591494
83599317955713	83599331717952	83599317894306
83599432914619	83599448369671	83599432741754
83599526622431	83599540004619	83599526491546
83599528544827	83599548335869	83599528396338
83599534575713	83599556667691	83599534516806
83599626671442	83599639981493	83599626537588
83599634570400	83599648313837	83599634483890
83599642441650	83599656645868	83599642394046
83599753155817	83599764945400	83599753009046
83599754946754	83599773276494	83599754904306
83599759589671	83599781608003	83599759540087
83599808816337	83599823257378	83599794966337
83599811695244	83599831587118	83599811645087
83599822735556	83599839918629	83599822684098
83599860328577	83599873247483	83599860244306
83599869456025	83599881580295	83599869400348
83599945757223	83599956543472	83599945642223
83599959335973	83599973202795	83599959276285
83600067812223	83600081503316	83600067725817
83600184198525	83600198123420	83600184096181
83600192411441	83600206454358	83600192345244
83600291459358	83600306422223	83600291336285
83600301044618	83600314752534	83600300980921
83600411270400	83600423036076	83600411063056
83600516226337	83600531302951	83600516133368
83600628180556	83600639570973	83600628077327
83600633818681	83600647899045	83600633749618
83600734290035	83600747855763	83600734144097
83600735994462	83600756186597	83600735952535
83600850829931	83600864493211	83600850688941
83600852610087	83600872823159	83600852572222
83600969047847	83600981119149	83600968880972
83601075889566	83601089421805	83601075697743
83601183067795	83601197737014	83601182968733
83601192641910	83601206067691	83601192538733
83601294355660	83601306026754	83601294254826
83601300292066	83601314355347	83601300227014
83601399798056	83601414311076	83601399652170
83601401527326	83601422644773	83601401489358
83601516624253	83601530969774	83601516518889
83601623737483	83601639266545	83601623646545
83601741900035	83601755896336	83601741777795
83601808586076	83601822546857	83601808498680
83601811639983	83601830877899	83601811596910
83601825148264	83601839210398	83601825093993
83601833397951	83601847542638	83601833349305
83601944452847	83601964184461	83601944227482
83602049046232	83602064140399	83602048465087
83602166487170	83602180763211	83602166356545
83602281576180	83602297370555	83602281457691
83602406513576	83602422326180	83602406416284
83602498664357	83602513956440	83602498573316
83602606592326	83602622243002	83602606479566
83602717106545	83602730528471	83602717014461
83602832067118	83602847135554	83602831931440
83602950576805	83602963707221	83602950477586
83603066547899	83603080282429	83603066427847
83603166767482	83603180213679	83603166669669
83603303028836	83603321798628	83603302844722
83603405953784	83603421739356	83603405828992
83603515792951	83603529986491	83603515631701
83603624813576	83603638240606	83603624715711
83603748592690	83603763158367	83603748461701
83603841982638	83603854773367	83603841891596
83603843958784	83603863100919	83603843919200
83603850401232	83603871429356	83603850339878
83603858726805	83603879757012	83603858648211
83603865551700	83603888085711	83603865499773

=== poll 1790328120.988349305
8333333
83596561441443	83596574190766	83596561308162
83596563112953	83596582520505	83596563087589
83596676947224	83596690794880	83596676840037
83596777043839	83596790750557	83596776915557
83596778772901	83596799081859	83596778730245
83596793988734	83596807413421	83596793877432
83596885118839	83596899043838	83596884970297
83596887126234	83596907375713	83596887093786
83596895463370	83596915706338	83596895423526
83596993128891	83597007355714	83596993006599
83597001540922	83597015687640	83597001494932
83597110045036	83597123990765	83597109891234
83597111970922	83597132320297	83597111929151
83597118638318	83597140648786	83597118598474
83597214894932	83597232271546	83597214765349
83597216926911	83597240602901	83597216887953
83597226460141	83597248934931	83597226422797
83597333568057	83597348906598	83597333473370
83597435189568	83597448869932	83597435076182
83597436976599	83597457199307	83597436936963
83597443425297	83597465528004	83597443367068
83597552392640	83597565480088	83597552244880
83597554265505	83597573808578	83597554213942
83597561494515	83597582137692	83597561449463
83597627056442	83597640446390	83597626959620
83597634856234	83597648778578	83597634807224
83597768314828	83597782045557	83597768218838
83597776781286	83597790375765	83597776725349
83597883885244	83597898683890	83597883777172
83597977399411	83597990349462	83597977281963
83597985043369	83597998680712	83597984982796
83598083689099	83598098678629	83598083544359
83598085720661	83598107012067	83598085682171
83598092829359	83598115347796	83598092769203
83598193525244	83598207010244	83598193369828
83598195174828	83598215344150	83598195142119
83598296812640	83598315347744	83598296688421
83598309490713	83598323680191	83598309433942
83598426279932	83598440328161	83598426142900
83598427934046	83598448662952	83598427905765
83598513138161	83598531980817	83598512990244
83598534784255	83598548642431	83598534712119
83598628245088	83598640289983	83598628137484
83598636268213	83598648621285	83598636170296
83598642813994	83598656952014	83598642761130
83598736918786	83598748600816	83598736836702
83598751292536	83598765265400	83598751220661
83598845230140	83598856912900	83598845102275
83598862486338	83598873577483	83598862421494
83598867591702	83598881909723	83598867553265
83598986082952	83598998530816	83598985965921
83598987786494	83599006860712	83598987747744
83599093923838	83599106797275	83599093832223
83599102973161	83599115126910	83599102911598
83599185095765	83599198415295	83599184987431
83599201096494	83599215076233	83599201024463
83599303842223	83599315051650	83599303665556
83599305636650	83599323385035	83599305591494
83599317955713	83599331717952	83599317894306
83599432914619	83599448369671	83599432741754
83599526622431	83599540004619	83599526491546
83599528544827	83599548335869	83599528396338
83599534575713	83599556667691	83599534516806
83599626671442	83599639981493	83599626537588
83599634570400	83599648313837	83599634483890
83599642441650	83599656645868	83599642394046
83599753155817	83599764945400	83599753009046
83599754946754	83599773276494	83599754904306
83599759589671	83599781608003	83599759540087
83599808816337	83599823257378	83599794966337
83599811695244	83599831587118	83599811645087
83599822735556	83599839918629	83599822684098
83599860328577	83599873247483	83599860244306
83599869456025	83599881580295	83599869400348
83599945757223	83599956543472	83599945642223
83599959335973	83599973202795	83599959276285
83600067812223	83600081503316	83600067725817
83600184198525	83600198123420	83600184096181
83600192411441	83600206454358	83600192345244
83600291459358	83600306422223	83600291336285
83600301044618	83600314752534	83600300980921
83600411270400	83600423036076	83600411063056
83600516226337	83600531302951	83600516133368
83600628180556	83600639570973	83600628077327
83600633818681	83600647899045	83600633749618
83600734290035	83600747855763	83600734144097
83600735994462	83600756186597	83600735952535
83600850829931	83600864493211	83600850688941
83600852610087	83600872823159	83600852572222
83600969047847	83600981119149	83600968880972
83601075889566	83601089421805	83601075697743
83601183067795	83601197737014	83601182968733
83601192641910	83601206067691	83601192538733
83601294355660	83601306026754	83601294254826
83601300292066	83601314355347	83601300227014
83601399798056	83601414311076	83601399652170
83601401527326	83601422644773	83601401489358
83601516624253	83601530969774	83601516518889
83601623737483	83601639266545	83601623646545
83601741900035	83601755896336	83601741777795
83601808586076	83601822546857	83601808498680
83601811639983	83601830877899	83601811596910
83601825148264	83601839210398	83601825093993
83601833397951	83601847542638	83601833349305
83601944452847	83601964184461	83601944227482
83602049046232	83602064140399	83602048465087
83602166487170	83602180763211	83602166356545
83602281576180	83602297370555	83602281457691
83602406513576	83602422326180	83602406416284
83602498664357	83602513956440	83602498573316
83602606592326	83602622243002	83602606479566
83602717106545	83602730528471	83602717014461
83602832067118	83602847135554	83602831931440
83602950576805	83602963707221	83602950477586
83603066547899	83603080282429	83603066427847
83603166767482	83603180213679	83603166669669
83603303028836	83603321798628	83603302844722
83603405953784	83603421739356	83603405828992
83603515792951	83603529986491	83603515631701
83603624813576	83603638240606	83603624715711
83603748592690	83603763158367	83603748461701
83603841982638	83603854773367	83603841891596
83603843958784	83603863100919	83603843919200
83603850401232	83603871429356	83603850339878
83603858726805	83603879757012	83603858648211
83603865551700	83603888085711	83603865499773
83606396660970	83606411455605	83606396473470

=== poll 1790328123.274004877
8333333
83596561441443	83596574190766	83596561308162
83596563112953	83596582520505	83596563087589
83596676947224	83596690794880	83596676840037
83596777043839	83596790750557	83596776915557
83596778772901	83596799081859	83596778730245
83596793988734	83596807413421	83596793877432
83596885118839	83596899043838	83596884970297
83596887126234	83596907375713	83596887093786
83596895463370	83596915706338	83596895423526
83596993128891	83597007355714	83596993006599
83597001540922	83597015687640	83597001494932
83597110045036	83597123990765	83597109891234
83597111970922	83597132320297	83597111929151
83597118638318	83597140648786	83597118598474
83597214894932	83597232271546	83597214765349
83597216926911	83597240602901	83597216887953
83597226460141	83597248934931	83597226422797
83597333568057	83597348906598	83597333473370
83597435189568	83597448869932	83597435076182
83597436976599	83597457199307	83597436936963
83597443425297	83597465528004	83597443367068
83597552392640	83597565480088	83597552244880
83597554265505	83597573808578	83597554213942
83597561494515	83597582137692	83597561449463
83597627056442	83597640446390	83597626959620
83597634856234	83597648778578	83597634807224
83597768314828	83597782045557	83597768218838
83597776781286	83597790375765	83597776725349
83597883885244	83597898683890	83597883777172
83597977399411	83597990349462	83597977281963
83597985043369	83597998680712	83597984982796
83598083689099	83598098678629	83598083544359
83598085720661	83598107012067	83598085682171
83598092829359	83598115347796	83598092769203
83598193525244	83598207010244	83598193369828
83598195174828	83598215344150	83598195142119
83598296812640	83598315347744	83598296688421
83598309490713	83598323680191	83598309433942
83598426279932	83598440328161	83598426142900
83598427934046	83598448662952	83598427905765
83598513138161	83598531980817	83598512990244
83598534784255	83598548642431	83598534712119
83598628245088	83598640289983	83598628137484
83598636268213	83598648621285	83598636170296
83598642813994	83598656952014	83598642761130
83598736918786	83598748600816	83598736836702
83598751292536	83598765265400	83598751220661
83598845230140	83598856912900	83598845102275
83598862486338	83598873577483	83598862421494
83598867591702	83598881909723	83598867553265
83598986082952	83598998530816	83598985965921
83598987786494	83599006860712	83598987747744
83599093923838	83599106797275	83599093832223
83599102973161	83599115126910	83599102911598
83599185095765	83599198415295	83599184987431
83599201096494	83599215076233	83599201024463
83599303842223	83599315051650	83599303665556
83599305636650	83599323385035	83599305591494
83599317955713	83599331717952	83599317894306
83599432914619	83599448369671	83599432741754
83599526622431	83599540004619	83599526491546
83599528544827	83599548335869	83599528396338
83599534575713	83599556667691	83599534516806
83599626671442	83599639981493	83599626537588
83599634570400	83599648313837	83599634483890
83599642441650	83599656645868	83599642394046
83599753155817	83599764945400	83599753009046
83599754946754	83599773276494	83599754904306
83599759589671	83599781608003	83599759540087
83599808816337	83599823257378	83599794966337
83599811695244	83599831587118	83599811645087
83599822735556	83599839918629	83599822684098
83599860328577	83599873247483	83599860244306
83599869456025	83599881580295	83599869400348
83599945757223	83599956543472	83599945642223
83599959335973	83599973202795	83599959276285
83600067812223	83600081503316	83600067725817
83600184198525	83600198123420	83600184096181
83600192411441	83600206454358	83600192345244
83600291459358	83600306422223	83600291336285
83600301044618	83600314752534	83600300980921
83600411270400	83600423036076	83600411063056
83600516226337	83600531302951	83600516133368
83600628180556	83600639570973	83600628077327
83600633818681	83600647899045	83600633749618
83600734290035	83600747855763	83600734144097
83600735994462	83600756186597	83600735952535
83600850829931	83600864493211	83600850688941
83600852610087	83600872823159	83600852572222
83600969047847	83600981119149	83600968880972
83601075889566	83601089421805	83601075697743
83601183067795	83601197737014	83601182968733
83601192641910	83601206067691	83601192538733
83601294355660	83601306026754	83601294254826
83601300292066	83601314355347	83601300227014
83601399798056	83601414311076	83601399652170
83601401527326	83601422644773	83601401489358
83601516624253	83601530969774	83601516518889
83601623737483	83601639266545	83601623646545
83601741900035	83601755896336	83601741777795
83601808586076	83601822546857	83601808498680
83601811639983	83601830877899	83601811596910
83601825148264	83601839210398	83601825093993
83601833397951	83601847542638	83601833349305
83601944452847	83601964184461	83601944227482
83602049046232	83602064140399	83602048465087
83602166487170	83602180763211	83602166356545
83602281576180	83602297370555	83602281457691
83602406513576	83602422326180	83602406416284
83602498664357	83602513956440	83602498573316
83602606592326	83602622243002	83602606479566
83602717106545	83602730528471	83602717014461
83602832067118	83602847135554	83602831931440
83602950576805	83602963707221	83602950477586
83603066547899	83603080282429	83603066427847
83603166767482	83603180213679	83603166669669
83603303028836	83603321798628	83603302844722
83603405953784	83603421739356	83603405828992
83603515792951	83603529986491	83603515631701
83603624813576	83603638240606	83603624715711
83603748592690	83603763158367	83603748461701
83603841982638	83603854773367	83603841891596
83603843958784	83603863100919	83603843919200
83603850401232	83603871429356	83603850339878
83603858726805	83603879757012	83603858648211
83603865551700	83603888085711	83603865499773
83606396660970	83606411455605	83606396473470

=== poll 1790328125.614899720
8333333
83596561441443	83596574190766	83596561308162
83596563112953	83596582520505	83596563087589
83596676947224	83596690794880	83596676840037
83596777043839	83596790750557	83596776915557
83596778772901	83596799081859	83596778730245
83596793988734	83596807413421	83596793877432
83596885118839	83596899043838	83596884970297
83596887126234	83596907375713	83596887093786
83596895463370	83596915706338	83596895423526
83596993128891	83597007355714	83596993006599
83597001540922	83597015687640	83597001494932
83597110045036	83597123990765	83597109891234
83597111970922	83597132320297	83597111929151
83597118638318	83597140648786	83597118598474
83597214894932	83597232271546	83597214765349
83597216926911	83597240602901	83597216887953
83597226460141	83597248934931	83597226422797
83597333568057	83597348906598	83597333473370
83597435189568	83597448869932	83597435076182
83597436976599	83597457199307	83597436936963
83597443425297	83597465528004	83597443367068
83597552392640	83597565480088	83597552244880
83597554265505	83597573808578	83597554213942
83597561494515	83597582137692	83597561449463
83597627056442	83597640446390	83597626959620
83597634856234	83597648778578	83597634807224
83597768314828	83597782045557	83597768218838
83597776781286	83597790375765	83597776725349
83597883885244	83597898683890	83597883777172
83597977399411	83597990349462	83597977281963
83597985043369	83597998680712	83597984982796
83598083689099	83598098678629	83598083544359
83598085720661	83598107012067	83598085682171
83598092829359	83598115347796	83598092769203
83598193525244	83598207010244	83598193369828
83598195174828	83598215344150	83598195142119
83598296812640	83598315347744	83598296688421
83598309490713	83598323680191	83598309433942
83598426279932	83598440328161	83598426142900
83598427934046	83598448662952	83598427905765
83598513138161	83598531980817	83598512990244
83598534784255	83598548642431	83598534712119
83598628245088	83598640289983	83598628137484
83598636268213	83598648621285	83598636170296
83598642813994	83598656952014	83598642761130
83598736918786	83598748600816	83598736836702
83598751292536	83598765265400	83598751220661
83598845230140	83598856912900	83598845102275
83598862486338	83598873577483	83598862421494
83598867591702	83598881909723	83598867553265
83598986082952	83598998530816	83598985965921
83598987786494	83599006860712	83598987747744
83599093923838	83599106797275	83599093832223
83599102973161	83599115126910	83599102911598
83599185095765	83599198415295	83599184987431
83599201096494	83599215076233	83599201024463
83599303842223	83599315051650	83599303665556
83599305636650	83599323385035	83599305591494
83599317955713	83599331717952	83599317894306
83599432914619	83599448369671	83599432741754
83599526622431	83599540004619	83599526491546
83599528544827	83599548335869	83599528396338
83599534575713	83599556667691	83599534516806
83599626671442	83599639981493	83599626537588
83599634570400	83599648313837	83599634483890
83599642441650	83599656645868	83599642394046
83599753155817	83599764945400	83599753009046
83599754946754	83599773276494	83599754904306
83599759589671	83599781608003	83599759540087
83599808816337	83599823257378	83599794966337
83599811695244	83599831587118	83599811645087
83599822735556	83599839918629	83599822684098
83599860328577	83599873247483	83599860244306
83599869456025	83599881580295	83599869400348
83599945757223	83599956543472	83599945642223
83599959335973	83599973202795	83599959276285
83600067812223	83600081503316	83600067725817
83600184198525	83600198123420	83600184096181
83600192411441	83600206454358	83600192345244
83600291459358	83600306422223	83600291336285
83600301044618	83600314752534	83600300980921
83600411270400	83600423036076	83600411063056
83600516226337	83600531302951	83600516133368
83600628180556	83600639570973	83600628077327
83600633818681	83600647899045	83600633749618
83600734290035	83600747855763	83600734144097
83600735994462	83600756186597	83600735952535
83600850829931	83600864493211	83600850688941
83600852610087	83600872823159	83600852572222
83600969047847	83600981119149	83600968880972
83601075889566	83601089421805	83601075697743
83601183067795	83601197737014	83601182968733
83601192641910	83601206067691	83601192538733
83601294355660	83601306026754	83601294254826
83601300292066	83601314355347	83601300227014
83601399798056	83601414311076	83601399652170
83601401527326	83601422644773	83601401489358
83601516624253	83601530969774	83601516518889
83601623737483	83601639266545	83601623646545
83601741900035	83601755896336	83601741777795
83601808586076	83601822546857	83601808498680
83601811639983	83601830877899	83601811596910
83601825148264	83601839210398	83601825093993
83601833397951	83601847542638	83601833349305
83601944452847	83601964184461	83601944227482
83602049046232	83602064140399	83602048465087
83602166487170	83602180763211	83602166356545
83602281576180	83602297370555	83602281457691
83602406513576	83602422326180	83602406416284
83602498664357	83602513956440	83602498573316
83602606592326	83602622243002	83602606479566
83602717106545	83602730528471	83602717014461
83602832067118	83602847135554	83602831931440
83602950576805	83602963707221	83602950477586
83603066547899	83603080282429	83603066427847
83603166767482	83603180213679	83603166669669
83603303028836	83603321798628	83603302844722
83603405953784	83603421739356	83603405828992
83603515792951	83603529986491	83603515631701
83603624813576	83603638240606	83603624715711
83603748592690	83603763158367	83603748461701
83603841982638	83603854773367	83603841891596
83603843958784	83603863100919	83603843919200
83603850401232	83603871429356	83603850339878
83603858726805	83603879757012	83603858648211
83603865551700	83603888085711	83603865499773
83606396660970	83606411455605	83606396473470

=== poll 1790328128.116962948
8333333
83596561441443	83596574190766	83596561308162
83596563112953	83596582520505	83596563087589
83596676947224	83596690794880	83596676840037
83596777043839	83596790750557	83596776915557
83596778772901	83596799081859	83596778730245
83596793988734	83596807413421	83596793877432
83596885118839	83596899043838	83596884970297
83596887126234	83596907375713	83596887093786
83596895463370	83596915706338	83596895423526
83596993128891	83597007355714	83596993006599
83597001540922	83597015687640	83597001494932
83597110045036	83597123990765	83597109891234
83597111970922	83597132320297	83597111929151
83597118638318	83597140648786	83597118598474
83597214894932	83597232271546	83597214765349
83597216926911	83597240602901	83597216887953
83597226460141	83597248934931	83597226422797
83597333568057	83597348906598	83597333473370
83597435189568	83597448869932	83597435076182
83597436976599	83597457199307	83597436936963
83597443425297	83597465528004	83597443367068
83597552392640	83597565480088	83597552244880
83597554265505	83597573808578	83597554213942
83597561494515	83597582137692	83597561449463
83597627056442	83597640446390	83597626959620
83597634856234	83597648778578	83597634807224
83597768314828	83597782045557	83597768218838
83597776781286	83597790375765	83597776725349
83597883885244	83597898683890	83597883777172
83597977399411	83597990349462	83597977281963
83597985043369	83597998680712	83597984982796
83598083689099	83598098678629	83598083544359
83598085720661	83598107012067	83598085682171
83598092829359	83598115347796	83598092769203
83598193525244	83598207010244	83598193369828
83598195174828	83598215344150	83598195142119
83598296812640	83598315347744	83598296688421
83598309490713	83598323680191	83598309433942
83598426279932	83598440328161	83598426142900
83598427934046	83598448662952	83598427905765
83598513138161	83598531980817	83598512990244
83598534784255	83598548642431	83598534712119
83598628245088	83598640289983	83598628137484
83598636268213	83598648621285	83598636170296
83598642813994	83598656952014	83598642761130
83598736918786	83598748600816	83598736836702
83598751292536	83598765265400	83598751220661
83598845230140	83598856912900	83598845102275
83598862486338	83598873577483	83598862421494
83598867591702	83598881909723	83598867553265
83598986082952	83598998530816	83598985965921
83598987786494	83599006860712	83598987747744
83599093923838	83599106797275	83599093832223
83599102973161	83599115126910	83599102911598
83599185095765	83599198415295	83599184987431
83599201096494	83599215076233	83599201024463
83599303842223	83599315051650	83599303665556
83599305636650	83599323385035	83599305591494
83599317955713	83599331717952	83599317894306
83599432914619	83599448369671	83599432741754
83599526622431	83599540004619	83599526491546
83599528544827	83599548335869	83599528396338
83599534575713	83599556667691	83599534516806
83599626671442	83599639981493	83599626537588
83599634570400	83599648313837	83599634483890
83599642441650	83599656645868	83599642394046
83599753155817	83599764945400	83599753009046
83599754946754	83599773276494	83599754904306
83599759589671	83599781608003	83599759540087
83599808816337	83599823257378	83599794966337
83599811695244	83599831587118	83599811645087
83599822735556	83599839918629	83599822684098
83599860328577	83599873247483	83599860244306
83599869456025	83599881580295	83599869400348
83599945757223	83599956543472	83599945642223
83599959335973	83599973202795	83599959276285
83600067812223	83600081503316	83600067725817
83600184198525	83600198123420	83600184096181
83600192411441	83600206454358	83600192345244
83600291459358	83600306422223	83600291336285
83600301044618	83600314752534	83600300980921
83600411270400	83600423036076	83600411063056
83600516226337	83600531302951	83600516133368
83600628180556	83600639570973	83600628077327
83600633818681	83600647899045	83600633749618
83600734290035	83600747855763	83600734144097
83600735994462	83600756186597	83600735952535
83600850829931	83600864493211	83600850688941
83600852610087	83600872823159	83600852572222
83600969047847	83600981119149	83600968880972
83601075889566	83601089421805	83601075697743
83601183067795	83601197737014	83601182968733
83601192641910	83601206067691	83601192538733
83601294355660	83601306026754	83601294254826
83601300292066	83601314355347	83601300227014
83601399798056	83601414311076	83601399652170
83601401527326	83601422644773	83601401489358
83601516624253	83601530969774	83601516518889
83601623737483	83601639266545	83601623646545
83601741900035	83601755896336	83601741777795
83601808586076	83601822546857	83601808498680
83601811639983	83601830877899	83601811596910
83601825148264	83601839210398	83601825093993
83601833397951	83601847542638	83601833349305
83601944452847	83601964184461	83601944227482
83602049046232	83602064140399	83602048465087
83602166487170	83602180763211	83602166356545
83602281576180	83602297370555	83602281457691
83602406513576	83602422326180	83602406416284
83602498664357	83602513956440	83602498573316
83602606592326	83602622243002	83602606479566
83602717106545	83602730528471	83602717014461
83602832067118	83602847135554	83602831931440
83602950576805	83602963707221	83602950477586
83603066547899	83603080282429	83603066427847
83603166767482	83603180213679	83603166669669
83603303028836	83603321798628	83603302844722
83603405953784	83603421739356	83603405828992
83603515792951	83603529986491	83603515631701
83603624813576	83603638240606	83603624715711
83603748592690	83603763158367	83603748461701
83603841982638	83603854773367	83603841891596
83603843958784	83603863100919	83603843919200
83603850401232	83603871429356	83603850339878
83603858726805	83603879757012	83603858648211
83603865551700	83603888085711	83603865499773
83606396660970	83606411455605	83606396473470

=== poll 1790328130.419764770
8333333
83596561441443	83596574190766	83596561308162
83596563112953	83596582520505	83596563087589
83596676947224	83596690794880	83596676840037
83596777043839	83596790750557	83596776915557
83596778772901	83596799081859	83596778730245
83596793988734	83596807413421	83596793877432
83596885118839	83596899043838	83596884970297
83596887126234	83596907375713	83596887093786
83596895463370	83596915706338	83596895423526
83596993128891	83597007355714	83596993006599
83597001540922	83597015687640	83597001494932
83597110045036	83597123990765	83597109891234
83597111970922	83597132320297	83597111929151
83597118638318	83597140648786	83597118598474
83597214894932	83597232271546	83597214765349
83597216926911	83597240602901	83597216887953
83597226460141	83597248934931	83597226422797
83597333568057	83597348906598	83597333473370
83597435189568	83597448869932	83597435076182
83597436976599	83597457199307	83597436936963
83597443425297	83597465528004	83597443367068
83597552392640	83597565480088	83597552244880
83597554265505	83597573808578	83597554213942
83597561494515	83597582137692	83597561449463
83597627056442	83597640446390	83597626959620
83597634856234	83597648778578	83597634807224
83597768314828	83597782045557	83597768218838
83597776781286	83597790375765	83597776725349
83597883885244	83597898683890	83597883777172
83597977399411	83597990349462	83597977281963
83597985043369	83597998680712	83597984982796
83598083689099	83598098678629	83598083544359
83598085720661	83598107012067	83598085682171
83598092829359	83598115347796	83598092769203
83598193525244	83598207010244	83598193369828
83598195174828	83598215344150	83598195142119
83598296812640	83598315347744	83598296688421
83598309490713	83598323680191	83598309433942
83598426279932	83598440328161	83598426142900
83598427934046	83598448662952	83598427905765
83598513138161	83598531980817	83598512990244
83598534784255	83598548642431	83598534712119
83598628245088	83598640289983	83598628137484
83598636268213	83598648621285	83598636170296
83598642813994	83598656952014	83598642761130
83598736918786	83598748600816	83598736836702
83598751292536	83598765265400	83598751220661
83598845230140	83598856912900	83598845102275
83598862486338	83598873577483	83598862421494
83598867591702	83598881909723	83598867553265
83598986082952	83598998530816	83598985965921
83598987786494	83599006860712	83598987747744
83599093923838	83599106797275	83599093832223
83599102973161	83599115126910	83599102911598
83599185095765	83599198415295	83599184987431
83599201096494	83599215076233	83599201024463
83599303842223	83599315051650	83599303665556
83599305636650	83599323385035	83599305591494
83599317955713	83599331717952	83599317894306
83599432914619	83599448369671	83599432741754
83599526622431	83599540004619	83599526491546
83599528544827	83599548335869	83599528396338
83599534575713	83599556667691	83599534516806
83599626671442	83599639981493	83599626537588
83599634570400	83599648313837	83599634483890
83599642441650	83599656645868	83599642394046
83599753155817	83599764945400	83599753009046
83599754946754	83599773276494	83599754904306
83599759589671	83599781608003	83599759540087
83599808816337	83599823257378	83599794966337
83599811695244	83599831587118	83599811645087
83599822735556	83599839918629	83599822684098
83599860328577	83599873247483	83599860244306
83599869456025	83599881580295	83599869400348
83599945757223	83599956543472	83599945642223
83599959335973	83599973202795	83599959276285
83600067812223	83600081503316	83600067725817
83600184198525	83600198123420	83600184096181
83600192411441	83600206454358	83600192345244
83600291459358	83600306422223	83600291336285
83600301044618	83600314752534	83600300980921
83600411270400	83600423036076	83600411063056
83600516226337	83600531302951	83600516133368
83600628180556	83600639570973	83600628077327
83600633818681	83600647899045	83600633749618
83600734290035	83600747855763	83600734144097
83600735994462	83600756186597	83600735952535
83600850829931	83600864493211	83600850688941
83600852610087	83600872823159	83600852572222
83600969047847	83600981119149	83600968880972
83601075889566	83601089421805	83601075697743
83601183067795	83601197737014	83601182968733
83601192641910	83601206067691	83601192538733
83601294355660	83601306026754	83601294254826
83601300292066	83601314355347	83601300227014
83601399798056	83601414311076	83601399652170
83601401527326	83601422644773	83601401489358
83601516624253	83601530969774	83601516518889
83601623737483	83601639266545	83601623646545
83601741900035	83601755896336	83601741777795
83601808586076	83601822546857	83601808498680
83601811639983	83601830877899	83601811596910
83601825148264	83601839210398	83601825093993
83601833397951	83601847542638	83601833349305
83601944452847	83601964184461	83601944227482
83602049046232	83602064140399	83602048465087
83602166487170	83602180763211	83602166356545
83602281576180	83602297370555	83602281457691
83602406513576	83602422326180	83602406416284
83602498664357	83602513956440	83602498573316
83602606592326	83602622243002	83602606479566
83602717106545	83602730528471	83602717014461
83602832067118	83602847135554	83602831931440
83602950576805	83602963707221	83602950477586
83603066547899	83603080282429	83603066427847
83603166767482	83603180213679	83603166669669
83603303028836	83603321798628	83603302844722
83603405953784	83603421739356	83603405828992
83603515792951	83603529986491	83603515631701
83603624813576	83603638240606	83603624715711
83603748592690	83603763158367	83603748461701
83603841982638	83603854773367	83603841891596
83603843958784	83603863100919	83603843919200
83603850401232	83603871429356	83603850339878
83603858726805	83603879757012	83603858648211
83603865551700	83603888085711	83603865499773
83606396660970	83606411455605	83606396473470

=== poll 1790328132.756973155
8333333
83596778772901	83596799081859	83596778730245
83596793988734	83596807413421	83596793877432
83596885118839	83596899043838	83596884970297
83596887126234	83596907375713	83596887093786
83596895463370	83596915706338	83596895423526
83596993128891	83597007355714	83596993006599
83597001540922	83597015687640	83597001494932
83597110045036	83597123990765	83597109891234
83597111970922	83597132320297	83597111929151
83597118638318	83597140648786	83597118598474
83597214894932	83597232271546	83597214765349
83597216926911	83597240602901	83597216887953
83597226460141	83597248934931	83597226422797
83597333568057	83597348906598	83597333473370
83597435189568	83597448869932	83597435076182
83597436976599	83597457199307	83597436936963
83597443425297	83597465528004	83597443367068
83597552392640	83597565480088	83597552244880
83597554265505	83597573808578	83597554213942
83597561494515	83597582137692	83597561449463
83597627056442	83597640446390	83597626959620
83597634856234	83597648778578	83597634807224
83597768314828	83597782045557	83597768218838
83597776781286	83597790375765	83597776725349
83597883885244	83597898683890	83597883777172
83597977399411	83597990349462	83597977281963
83597985043369	83597998680712	83597984982796
83598083689099	83598098678629	83598083544359
83598085720661	83598107012067	83598085682171
83598092829359	83598115347796	83598092769203
83598193525244	83598207010244	83598193369828
83598195174828	83598215344150	83598195142119
83598296812640	83598315347744	83598296688421
83598309490713	83598323680191	83598309433942
83598426279932	83598440328161	83598426142900
83598427934046	83598448662952	83598427905765
83598513138161	83598531980817	83598512990244
83598534784255	83598548642431	83598534712119
83598628245088	83598640289983	83598628137484
83598636268213	83598648621285	83598636170296
83598642813994	83598656952014	83598642761130
83598736918786	83598748600816	83598736836702
83598751292536	83598765265400	83598751220661
83598845230140	83598856912900	83598845102275
83598862486338	83598873577483	83598862421494
83598867591702	83598881909723	83598867553265
83598986082952	83598998530816	83598985965921
83598987786494	83599006860712	83598987747744
83599093923838	83599106797275	83599093832223
83599102973161	83599115126910	83599102911598
83599185095765	83599198415295	83599184987431
83599201096494	83599215076233	83599201024463
83599303842223	83599315051650	83599303665556
83599305636650	83599323385035	83599305591494
83599317955713	83599331717952	83599317894306
83599432914619	83599448369671	83599432741754
83599526622431	83599540004619	83599526491546
83599528544827	83599548335869	83599528396338
83599534575713	83599556667691	83599534516806
83599626671442	83599639981493	83599626537588
83599634570400	83599648313837	83599634483890
83599642441650	83599656645868	83599642394046
83599753155817	83599764945400	83599753009046
83599754946754	83599773276494	83599754904306
83599759589671	83599781608003	83599759540087
83599808816337	83599823257378	83599794966337
83599811695244	83599831587118	83599811645087
83599822735556	83599839918629	83599822684098
83599860328577	83599873247483	83599860244306
83599869456025	83599881580295	83599869400348
83599945757223	83599956543472	83599945642223
83599959335973	83599973202795	83599959276285
83600067812223	83600081503316	83600067725817
83600184198525	83600198123420	83600184096181
83600192411441	83600206454358	83600192345244
83600291459358	83600306422223	83600291336285
83600301044618	83600314752534	83600300980921
83600411270400	83600423036076	83600411063056
83600516226337	83600531302951	83600516133368
83600628180556	83600639570973	83600628077327
83600633818681	83600647899045	83600633749618
83600734290035	83600747855763	83600734144097
83600735994462	83600756186597	83600735952535
83600850829931	83600864493211	83600850688941
83600852610087	83600872823159	83600852572222
83600969047847	83600981119149	83600968880972
83601075889566	83601089421805	83601075697743
83601183067795	83601197737014	83601182968733
83601192641910	83601206067691	83601192538733
83601294355660	83601306026754	83601294254826
83601300292066	83601314355347	83601300227014
83601399798056	83601414311076	83601399652170
83601401527326	83601422644773	83601401489358
83601516624253	83601530969774	83601516518889
83601623737483	83601639266545	83601623646545
83601741900035	83601755896336	83601741777795
83601808586076	83601822546857	83601808498680
83601811639983	83601830877899	83601811596910
83601825148264	83601839210398	83601825093993
83601833397951	83601847542638	83601833349305
83601944452847	83601964184461	83601944227482
83602049046232	83602064140399	83602048465087
83602166487170	83602180763211	83602166356545
83602281576180	83602297370555	83602281457691
83602406513576	83602422326180	83602406416284
83602498664357	83602513956440	83602498573316
83602606592326	83602622243002	83602606479566
83602717106545	83602730528471	83602717014461
83602832067118	83602847135554	83602831931440
83602950576805	83602963707221	83602950477586
83603066547899	83603080282429	83603066427847
83603166767482	83603180213679	83603166669669
83603303028836	83603321798628	83603302844722
83603405953784	83603421739356	83603405828992
83603515792951	83603529986491	83603515631701
83603624813576	83603638240606	83603624715711
83603748592690	83603763158367	83603748461701
83603841982638	83603854773367	83603841891596
83603843958784	83603863100919	83603843919200
83603850401232	83603871429356	83603850339878
83603858726805	83603879757012	83603858648211
83603865551700	83603888085711	83603865499773
83606396660970	83606411455605	83606396473470
83617407733831	83617421262945	83617407582320
83617419595549	83617437916487	83617419502164
83617448843310	83617462896486	83617448742372
83617451163102	83617471225549	83617451109820

