=== poll 1790150456.629102735
16666666
0	0	0
0	0	0
0	0	0
0	0	0
0	0	0
0	0	0
0	0	0
0	0	0
0	0	0
0	0	0
0	0	0
0	0	0
0	0	0
0	0	0
0	0	0
0	0	0
0	0	0
0	0	0
0	0	0
0	0	0
0	0	0
0	0	0
0	0	0
0	0	0
0	0	0
0	0	0
0	0	0
0	0	0
0	0	0
0	0	0
0	0	0
0	0	0
0	0	0
0	0	0
0	0	0
0	0	0
0	0	0
0	0	0
0	0	0
0	0	0
0	0	0
0	0	0
0	0	0
0	0	0
0	0	0
0	0	0
0	0	0
0	0	0
0	0	0
0	0	0
0	0	0
0	0	0
0	0	0
0	0	0
0	0	0
0	0	0
0	0	0
0	0	0
0	0	0
0	0	0
0	0	0
0	0	0
0	0	0
0	0	0
0	0	0
0	0	0
0	0	0
0	0	0
0	0	0
0	0	0
0	0	0
0	0	0
0	0	0
0	0	0
0	0	0
0	0	0
0	0	0
0	0	0
0	0	0
0	0	0
0	0	0
0	0	0
0	0	0
0	0	0
0	0	0
0	0	0
0	0	0
0	0	0
0	0	0
0	0	0
0	0	0
0	0	0
0	0	0
0	0	0
0	0	0
0	0	0
0	0	0
0	0	0
0	0	0
0	0	0
0	0	0
0	0	0
0	0	0
0	0	0
0	0	0
0	0	0
0	0	0
0	0	0
0	0	0
0	0	0
0	0	0
0	0	0
0	0	0
0	0	0
0	0	0
0	0	0
0	0	0
0	0	0
0	0	0
0	0	0
0	0	0
0	0	0
0	0	0
0	0	0
0	0	0
0	0	0
177153225363253	177153240271847	177153224070441

=== poll 1790150459.132076745
16666666
0	0	0
0	0	0
0	0	0
0	0	0
0	0	0
0	0	0
0	0	0
0	0	0
0	0	0
0	0	0
0	0	0
0	0	0
0	0	0
0	0	0
0	0	0
0	0	0
0	0	0
0	0	0
0	0	0
0	0	0
0	0	0
0	0	0
0	0	0
0	0	0
0	0	0
0	0	0
0	0	0
0	0	0
0	0	0
0	0	0
0	0	0
0	0	0
0	0	0
0	0	0
0	0	0
0	0	0
0	0	0
0	0	0
0	0	0
0	0	0
0	0	0
0	0	0
0	0	0
0	0	0
0	0	0
0	0	0
0	0	0
0	0	0
0	0	0
0	0	0
0	0	0
0	0	0
0	0	0
0	0	0
0	0	0
0	0	0
0	0	0
0	0	0
0	0	0
0	0	0
0	0	0
0	0	0
0	0	0
0	0	0
0	0	0
0	0	0
0	0	0
0	0	0
0	0	0
0	0	0
0	0	0
0	0	0
0	0	0
0	0	0
0	0	0
0	0	0
0	0	0
0	0	0
0	0	0
0	0	0
0	0	0
0	0	0
0	0	0
0	0	0
0	0	0
0	0	0
0	0	0
0	0	0
0	0	0
0	0	0
0	0	0
0	0	0
0	0	0
0	0	0
0	0	0
0	0	0
0	0	0
0	0	0
0	0	0
0	0	0
0	0	0
0	0	0
0	0	0
0	0	0
0	0	0
0	0	0
0	0	0
0	0	0
0	0	0
0	0	0
0	0	0
0	0	0
0	0	0
0	0	0
0	0	0
0	0	0
0	0	0
0	0	0
0	0	0
0	0	0
0	0	0
0	0	0
0	0	0
0	0	0
0	0	0
0	0	0
177153225363253	177153240271847	177153224070441

=== poll 1790150461.529924296
16666666
0	0	0
0	0	0
0	0	0
0	0	0
0	0	0
0	0	0
0	0	0
0	0	0
0	0	0
0	0	0
0	0	0
0	0	0
0	0	0
0	0	0
0	0	0
0	0	0
0	0	0
0	0	0
0	0	0
0	0	0
0	0	0
0	0	0
0	0	0
0	0	0
0	0	0
0	0	0
0	0	0
0	0	0
177153225363253	177153240271847	177153224070441
177162654150698	177162670068093	177162653265698
177162664658875	177162686742364	177162664571948
177162676919812	177162703418145	177162676866843
177162702015750	177162720094135	177162701921271
177162712088823	177162736768614	177162712035854
177162731531479	177162753441218	177162731475854
177162749632312	177162770117311	177162749567885
177162769043927	177162786793717	177162768921583
177162778584760	177162803469186	177162778526635
177162805976687	177162836815645	177162805856062
177162823347833	177162853486530	177162812484552
177162839646166	177162870157885	177162831199135
177162856862000	177162886832312	177162852111010
177162874695698	177162903511479	177162871434552
177162890786583	177162920188197	177162879072625
177162906944864	177162936864186	177162900663198
177162923023041	177162953537052	177162917136635
177162939387208	177162970213457	177162927663770
177162956381843	177162986887624	177162947340854
177162973546479	177163003556322	177162959265854
177163034182729	177163053558822	177163034119135
177163045660385	177163070225176	177163045598875
177163060642520	177163086897728	177163060592625
177163078269552	177163103571218	177163078197520
177163094594864	177163120245749	177163094479135
177163112096739	177163136917259	177163112027208
177163132435697	177163153590801	177163132354968
177163150752052	177163170261686	177163150625645
177163173785645	177163203607156	177163173648666
177163189900281	177163220282416	177163180327208
177163206243562	177163236958093	177163198089239
177163223028406	177163253631895	177163210128197
177163240470593	177163270309395	177163231228510
177163256818041	177163286982208	177163244558718
177163273547937	177163303654291	177163260750281
177163290560124	177163320330020	177163275587156
177163307619760	177163337008509	177163302324239
177163323997312	177163353684082	177163317769083
177163340532312	177163370361165	177163339032989
177163356626843	177163387038978	177163353107624
177163374097104	177163403714968	177163367952989
177163390937468	177163420388405	177163389090854
177163406421791	177163437063145	177163395558458
177163509052989	177163537113249	177163508969499
177163523588666	177163553786739	177163513334916
177163540313614	177163570460801	177163532814395
177163557225229	177163587133249	177163544633145
177163574209135	177163603806842	177163570579135
177163590794968	177163620483248	177163588794604
177163607506374	177163637161166	177163600365801
177163623457364	177163653833041	177163611334447
177163639906114	177163670507051	177163635607937
177163656452364	177163687183040	177163642497156
177163673810333	177163703855644	177163669339864
177163690753249	177163720527571	177163689530541
177163707278926	177163737199603	177163695000124
177163722962103	177163753872103	177163713663926
177163740189291	177163770545853	177163730482260
177163758723874	177163787220540	177163748633926
177163774492103	177163803892781	177163769058041
177163790346791	177163820568405	177163783069603
177163807186791	177163837244083	177163802558614
177163824275645	177163853921895	177163812767885
177163843336270	177163870596635	177163843236739
177163857212051	177163887265124	177163855087781
177163874215645	177163903938978	177163874154499
177163890150489	177163920616218	177163884962208
177163907033093	177163937296790	177163893909187
177163924617468	177163953977676	177163921401843
177164029510280	177164054046946	177164029433249
177164040580645	177164070722832	177164033716374
177164056906478	177164087400592	177164045022103
177164074621166	177164104079655	177164069171322
177164090257468	177164120756634	177164088585385
177164106550176	177164137430697	177164093444030
177164123484239	177164154107311	177164109227260
177164140321739	177164170785957	177164132419187
177164157350228	177164187462363	177164154349916
177164173592676	177164204139551	177164160603718
177164189791322	177164220818197	177164179818041
177164206515020	177164237497416	177164198818041
177164223503301	177164254174863	177164215543405
177164240224707	177164270848040	177164233435072
177164257715176	177164287519186	177164252138197
177164274694187	177164304194602	177164264256999
177164291049812	177164320866426	177164283507885
177164306828093	177164337538821	177164297607728
177164323374655	177164354214447	177164312648562
177164340384655	177164370892519	177164333124499
177164356381009	177164387569603	177164344852676
177164373386114	177164404245072	177164373334343
177164390161999	177164420918196	177164377537676
177164508861374	177164537626478	177164508764968
177164524168822	177164554292415	177164514011322
177164540903093	177164570963300	177164536925541
177164557480384	177164587635072	177164553963822
177164573959134	177164604306947	177164571233614
177164590376634	9223372036854775807	177164587053197

=== poll 1790150463.851465441
16666666
177164323374655	177164354214447	177164312648562
177164340384655	177164370892519	177164333124499
177164356381009	177164387569603	177164344852676
177164373386114	177164404245072	177164373334343
177164390161999	177164420918196	177164377537676
177164508861374	177164537626478	177164508764968
177164524168822	177164554292415	177164514011322
177164540903093	177164570963300	177164536925541
177164557480384	177164587635072	177164553963822
177164573959134	177164604306947	177164571233614
177164590376634	177164620979968	177164587053197
177164607207832	177164637652467	177164599847624
177164623768978	177164654324029	177164612310332
177164640160957	177164670996790	177164637306478
177164656899239	177164687671426	177164653634291
177164673875228	177164704342258	177164671571426
177164690607520	177164721012571	177164689703666
177164707488822	177164737682103	177164699674811
177164724514968	177164754352623	177164714131791
177164742022989	177164771022988	177164730333770
177164758066322	177164787697832	177164749222884
177164773599551	177164804368144	177164762129551
177164790266270	177164821040227	177164780935124
177164807552728	177164837713874	177164797729863
177164824821166	177164854382936	177164815400124
177164840737936	177164871055332	177164834721426
177164857661582	177164887722675	177164855051530
177164874111843	177164904393613	177164865900853
177164890360749	177164921066999	177164884204134
177164907236009	177164937739602	177164897769030
177164923768509	177164954411217	177164910481582
177164941216582	177164971084811	177164937736270
177164959453197	177164987754811	177164948776530
177164975054343	177165004425905	177164971431790
177165076437103	177165104443457	177165076351478
177165090808978	177165121111477	177165085653093
177165106709447	177165137781790	177165101482676
177165124241843	177165154452103	177165118849395
177165140861478	177165171121530	177165135103197
177165157097988	177165187791269	177165151155384
177165174778301	177165204458717	177165170872884
177165191424238	177165221131165	177165183025072
177165207341270	177165237800904	177165202478717
177165223732988	177165254471478	177165215927936
177165240757051	177165271144550	177165234161061
177165257522988	177165287818248	177165251681686
177165274603092	177165304489603	177165266549551
177165290704395	177165321159186	177165285214655
177165307218822	177165337829603	177165298555176
177165324039342	177165354503561	177165316672936
177165340365124	177165371176998	177165335760592
177165356752572	177165387851113	177165343248509
177165373500020	177165404524342	177165367981217
177165390781530	177165421199082	177165378114030
177165407213457	177165437873248	177165395446842
177165424448457	177165454549030	177165419691686
177165440883874	177165471221998	177165440031165
177165457148301	177165487897571	177165449172936
177165546294707	177165571268925	177165546200697
177165557727519	177165587940852	177165555360124
177165573756634	177165604611113	177165561762311
177165591348197	177165621280435	177165581677676
177165608321530	177165637950228	177165593246113
177165623951842	177165654619915	177165621202051
177165641099551	177165671285904	177165639464342
177165657558874	177165687955956	177165649444603
177165675071061	177165704623665	177165667404030
177165691759707	177165721294134	177165688299551
177165707625384	177165737963873	177165696591478
177165724700749	177165754630488	177165719075176
177165741677259	177165771294498	177165740049186
177165757481842	177165787960332	177165750306426
177165774306113	177165804622154	177165772860124
177165793150696	177165821287258	177165783323249
177165809940228	177165837951893	177165806838717
177165825092676	177165854620175	177165819626217
177165842397884	177165871288978	177165842295332
177165858883196	177165887960280	177165855979551
177165879602103	177165904630852	177165879495957
177165898594446	177165921298456	177165898474446
177165922472780	177165954631894	177165922388301
177165942060019	177165971298873	177165934965905
177165958277415	177165987962571	177165958021478
177165974996894	177166004625853	177165971882051
177165992835019	177166021290332	177165979948717
177166008667988	177166037954655	177165995710748
177166024252467	177166054618248	177166018834498
177166041196842	177166071284394	177166032874915
177166058332780	177166087949082	177166051583978
177166075304550	177166104614342	177166072224030
177166191559915	177166221283977	177166191459290
177166213144290	177166237953821	177166213083353
177166237751842	177166254625592	177166237674186
177166249817207	177166271297623	177166249735228
177166268726217	177166287969342	177166268637467
177166292562780	177166321307362	177166292487675
177166307696686	177166337976633	177166303374863
177166323960644	177166354647467	177166322201269
177166341355488	177166371319602	177166336316842
177166358062519	177166387992102	177166351399759
177166375103040	177166404662987	177166372516373
177166391273509	177166421335071	177166389494446
177166408256321	177166438005539	177166401601634
177166427240644	177166454675644	177166422774082
177166442081165	177166471346686	177166431126894
177166457722467	177166488015331	177166446536477
177166475294550	177166504679602	177166460979602
177166491748665	177166521347935	177166490460436
177166507977519	177166538012206	177166502709342
177166524850227	177166554678196	177166524766113
177166550104550	177166571341529	177166549985227
177166567680540	177166588005852	177166567599082
177166588779811	177166621334862	177166588648144
177166608130227	177166637999966	177166602002519
177166624835592	177166654667206	177166621527259
177166641598977	177166671332414	177166639663665
177166658235852	177166687998508	177166650634602
177166674435332	177166704664602	177166672538925
177166691782154	177166721330956	177166684285019
177166710785592	177166737996476	177166710668977
177166818533561	177166838004289	177166818432623
177166833975019	177166854675331	177166833897259
177166844983144	177166871347518	177166844921738
177166858159290	177166888018873	177166857553821
177166874329811	177166904689758	177166874169290
177166901974081	177166921361373	177166901882102
177166907311894	9223372036854775807	177166907269446

=== poll 1790150466.141105492
16666666
177165707625384	177165737963873	177165696591478
177165724700749	177165754630488	177165719075176
177165741677259	177165771294498	177165740049186
177165757481842	177165787960332	177165750306426
177165774306113	177165804622154	177165772860124
177165793150696	177165821287258	177165783323249
177165809940228	177165837951893	177165806838717
177165825092676	177165854620175	177165819626217
177165842397884	177165871288978	177165842295332
177165858883196	177165887960280	177165855979551
177165879602103	177165904630852	177165879495957
177165898594446	177165921298456	177165898474446
177165922472780	177165954631894	177165922388301
177165942060019	177165971298873	177165934965905
177165958277415	177165987962571	177165958021478
177165974996894	177166004625853	177165971882051
177165992835019	177166021290332	177165979948717
177166008667988	177166037954655	177165995710748
177166024252467	177166054618248	177166018834498
177166041196842	177166071284394	177166032874915
177166058332780	177166087949082	177166051583978
177166075304550	177166104614342	177166072224030
177166191559915	177166221283977	177166191459290
177166213144290	177166237953821	177166213083353
177166237751842	177166254625592	177166237674186
177166249817207	177166271297623	177166249735228
177166268726217	177166287969342	177166268637467
177166292562780	177166321307362	177166292487675
177166307696686	177166337976633	177166303374863
177166323960644	177166354647467	177166322201269
177166341355488	177166371319602	177166336316842
177166358062519	177166387992102	177166351399759
177166375103040	177166404662987	177166372516373
177166391273509	177166421335071	177166389494446
177166408256321	177166438005539	177166401601634
177166427240644	177166454675644	177166422774082
177166442081165	177166471346686	177166431126894
177166457722467	177166488015331	177166446536477
177166475294550	177166504679602	177166460979602
177166491748665	177166521347935	177166490460436
177166507977519	177166538012206	177166502709342
177166524850227	177166554678196	177166524766113
177166550104550	177166571341529	177166549985227
177166567680540	177166588005852	177166567599082
177166588779811	177166621334862	177166588648144
177166608130227	177166637999966	177166602002519
177166624835592	177166654667206	177166621527259
177166641598977	177166671332414	177166639663665
177166658235852	177166687998508	177166650634602
177166674435332	177166704664602	177166672538925
177166691782154	177166721330956	177166684285019
177166710785592	177166737996476	177166710668977
177166818533561	177166838004289	177166818432623
177166833975019	177166854675331	177166833897259
177166844983144	177166871347518	177166844921738
177166858159290	177166888018873	177166857553821
177166874329811	177166904689758	177166874169290
177166901974081	177166921361373	177166901882102
177166907311894	177166938030487	177166907269446
177166924572936	177166954700383	177166924482936
177167005377936	177167038064185	177167005280331
177167024531894	177167054738508	177167013656477
177167074248300	177167104755956	177167073904758
177167091541633	177167121430904	177167083609133
177167107509654	177167138103196	177167094960540
177167124501790	177167154775018	177167119694498
177167141143092	177167171446320	177167134002779
177167157920852	177167188119341	177167148729654
177167174274967	177167204790227	177167163751217
177167190538040	177167221462727	177167185395488
177167207095123	177167238135695	177167196068456
177167224075852	177167254809185	177167215522935
177167241178717	177167271480956	177167232388925
177167258632883	177167288156164	177167251634133
177167275057519	177167304833091	177167264524706
177167290795644	177167321506581	177167284633925
177167307596842	177167338180539	177167304519498
177167323651633	177167354857362	177167317980331
177167341005435	177167371532466	177167335779446
177167357556373	177167388204914	177167353853196
177167375898925	177167404875643	177167373774758
177167390944029	177167421544967	177167380621842
177167408135123	177167438217101	177167400517675
177167424368404	177167454892310	177167414871529
177167441244654	177167471568195	177167432691946
177167458953248	177167488242831	177167453308925
177167474979550	177167504918716	177167469402050
177167609937935	177167638293091	177167609833925
177167625643717	177167654968352	177167624250539
177167670992623	177167688318404	177167670899185
177167675441946	177167704991529	177167675031373
177167787869133	177167805008143	177167787740956
177167792496789	177167821675539	177167792400175
177167812309081	177167838343716	177167812239862
177167824321998	177167855016528	177167824254966
177167861165227	177167888359549	177167861085071
177167887854914	177167905031268	177167887764758
177167945695696	177167971705851	177167945617362
177167965450644	177167988372883	177167965386894
177167980749394	177168005037935	177167980680071
177167992096789	177168021703508	177167992037935
177168008310279	177168038368038	177168008249341
177168140111373	177168171726476	177168139997518
177168158743039	177168188395434	177168157774706
177168177119862	177168205064966	177168177026685
177168192285591	177168221737153	177168191270539
177168296447310	177168321781476	177168296358820
177168308154185	177168338455591	177168307791581
177168324375956	177168355126841	177168324320383
177168469245956	177168488508455	177168469108977
177168475209185	177168505186580	177168474389081
177168504513404	177168521863195	177168504447831
177168519216789	177168538540799	177168519150383
177168533424341	177168555218768	177168533371268
177168548076112	177168571894601	177168547989654
177168570813300	177168588573507	177168570747779
177168584169185	177168605252570	177168584110070
177168599995122	177168621929341	177168599950383
177168608154602	177168638605851	177168607979654
177168625003820	177168655280330	177168624940383
177169068363560	177169088816111	177169068271268
177169084581841	177169105486632	177169084506424
177169096390279	177169122154496	177169096292101
177169115388351	177169138823142	177169115314341
177169136215956	177169155491945	177169136153820
177169145811633	177169172162310	177169145750695
177169158337883	177169188836841	177169158261997

=== poll 1790150468.424999710
16666666
177167157920852	177167188119341	177167148729654
177167174274967	177167204790227	177167163751217
177167190538040	177167221462727	177167185395488
177167207095123	177167238135695	177167196068456
177167224075852	177167254809185	177167215522935
177167241178717	177167271480956	177167232388925
177167258632883	177167288156164	177167251634133
177167275057519	177167304833091	177167264524706
177167290795644	177167321506581	177167284633925
177167307596842	177167338180539	177167304519498
177167323651633	177167354857362	177167317980331
177167341005435	177167371532466	177167335779446
177167357556373	177167388204914	177167353853196
177167375898925	177167404875643	177167373774758
177167390944029	177167421544967	177167380621842
177167408135123	177167438217101	177167400517675
177167424368404	177167454892310	177167414871529
177167441244654	177167471568195	177167432691946
177167458953248	177167488242831	177167453308925
177167474979550	177167504918716	177167469402050
177167609937935	177167638293091	177167609833925
177167625643717	177167654968352	177167624250539
177167670992623	177167688318404	177167670899185
177167675441946	177167704991529	177167675031373
177167787869133	177167805008143	177167787740956
177167792496789	177167821675539	177167792400175
177167812309081	177167838343716	177167812239862
177167824321998	177167855016528	177167824254966
177167861165227	177167888359549	177167861085071
177167887854914	177167905031268	177167887764758
177167945695696	177167971705851	177167945617362
177167965450644	177167988372883	177167965386894
177167980749394	177168005037935	177167980680071
177167992096789	177168021703508	177167992037935
177168008310279	177168038368038	177168008249341
177168140111373	177168171726476	177168139997518
177168158743039	177168188395434	177168157774706
177168177119862	177168205064966	177168177026685
177168192285591	177168221737153	177168191270539
177168296447310	177168321781476	177168296358820
177168308154185	177168338455591	177168307791581
177168324375956	177168355126841	177168324320383
177168469245956	177168488508455	177168469108977
177168475209185	177168505186580	177168474389081
177168504513404	177168521863195	177168504447831
177168519216789	177168538540799	177168519150383
177168533424341	177168555218768	177168533371268
177168548076112	177168571894601	177168547989654
177168570813300	177168588573507	177168570747779
177168584169185	177168605252570	177168584110070
177168599995122	177168621929341	177168599950383
177168608154602	177168638605851	177168607979654
177168625003820	177168655280330	177168624940383
177169068363560	177169088816111	177169068271268
177169084581841	177169105486632	177169084506424
177169096390279	177169122154496	177169096292101
177169115388351	177169138823142	177169115314341
177169136215956	177169155491945	177169136153820
177169145811633	177169172162310	177169145750695
177169158337883	177169188836841	177169158261997
177169236982778	177169255529861	177169236911893
177169253919237	177169272204861	177169253835903
177169304978091	177169322223090	177169304870747
177169332649080	177169355569080	177169332568716
177169344987518	177169372241111	177169344905539
177169358870070	177169388909809	177169358486112
177169376773247	177169405579392	177169376691580
177169392076008	177169422247517	177169391870070
177169411128508	177169438916632	177169411050018
177169425389810	177169455590486	177169425321216
177169485622153	177169505604601	177169485537362
177169495973612	177169522274653	177169495912987
177169508922830	177169538945903	177169508867466
177169530818508	177169555616528	177169530758820
177169543796737	177169572287049	177169543747935
177169562778612	177169588957310	177169562715070
177169575682153	177169605624236	177169575563507
177169592373768	177169622293507	177169591993039
177169608532362	177169638963351	177169608379966
177169627797935	177169655635539	177169627721685
177169652149185	177169672311111	177169652078507
177169660792622	177169688985903	177169660705903
177169675260487	177169705656840	177169675206945
177169691813091	177169722330174	177169691753091
177169712542570	177169739002152	177169712483299
177169732523403	177169755677673	177169732418612
177169748371737	177169772353298	177169748286164
177169765998403	177169789026997	177169765930382
177169775072987	177169805699341	177169775018612
177169815340434	177169839045798	177169815263507
177169825226580	177169855720122	177169825172726
177170317120018	177170339300798	177170316972778
177170433282778	177170456010538	177170433152153
177170465313820	177170489357153	177170465225174
177170479398715	177170506029652	177170479311840
177170496579913	177170522707777	177170496511684
177170509486268	177170539384600	177170509192986
177170532173038	177170556060746	177170532100330
177170544220695	177170572736736	177170544131215
177170563618976	177170589415122	177170563558090
177170586374340	177170606091163	177170586298195
177170601427205	177170622771944	177170601353455
177170617382049	177170639446684	177170617309184
177170641196528	177170672793975	177170641099601
177170659965017	177170689466527	177170644594184
177170675805851	177170706143767	177170668889288
177170695416684	177170722822048	177170695339913
177170739305278	177170756174028	177170739218559
177170771846320	177170789526528	177170771764392
177170783201424	177170806201527	177170783114549
177170796057570	177170822876892	177170795987465
177170812855434	177170839554496	177170812775590
177170828100642	177170856233975	177170827985174
177170846546111	177170872909236	177170846462830
177170864404288	177170889583194	177170864323767
177170879550903	177170906258975	177170879475851
177170901305069	177170922933402	177170901096840
177170912418976	177170939611319	177170912343507
177170928344601	177170956288611	177170928279549
177170944132049	177170972967830	177170944054236
177170964540799	177170989644756	177170964447569
177170982760955	177171006323506	177170982678924
177170993447986	177171022998142	177170992439444
177171437416111	177171456462360	177171437281267
177171456208090	177171473134496	177171456126892
177171462443611	177171489809913	177171462378663
177171476999184	177171506485589	177171475958976

=== poll 1790150470.758094344
16666666
177167157920852	177167188119341	177167148729654
177167174274967	177167204790227	177167163751217
177167190538040	177167221462727	177167185395488
177167207095123	177167238135695	177167196068456
177167224075852	177167254809185	177167215522935
177167241178717	177167271480956	177167232388925
177167258632883	177167288156164	177167251634133
177167275057519	177167304833091	177167264524706
177167290795644	177167321506581	177167284633925
177167307596842	177167338180539	177167304519498
177167323651633	177167354857362	177167317980331
177167341005435	177167371532466	177167335779446
177167357556373	177167388204914	177167353853196
177167375898925	177167404875643	177167373774758
177167390944029	177167421544967	177167380621842
177167408135123	177167438217101	177167400517675
177167424368404	177167454892310	177167414871529
177167441244654	177167471568195	177167432691946
177167458953248	177167488242831	177167453308925
177167474979550	177167504918716	177167469402050
177167609937935	177167638293091	177167609833925
177167625643717	177167654968352	177167624250539
177167670992623	177167688318404	177167670899185
177167675441946	177167704991529	177167675031373
177167787869133	177167805008143	177167787740956
177167792496789	177167821675539	177167792400175
177167812309081	177167838343716	177167812239862
177167824321998	177167855016528	177167824254966
177167861165227	177167888359549	177167861085071
177167887854914	177167905031268	177167887764758
177167945695696	177167971705851	177167945617362
177167965450644	177167988372883	177167965386894
177167980749394	177168005037935	177167980680071
177167992096789	177168021703508	177167992037935
177168008310279	177168038368038	177168008249341
177168140111373	177168171726476	177168139997518
177168158743039	177168188395434	177168157774706
177168177119862	177168205064966	177168177026685
177168192285591	177168221737153	177168191270539
177168296447310	177168321781476	177168296358820
177168308154185	177168338455591	177168307791581
177168324375956	177168355126841	177168324320383
177168469245956	177168488508455	177168469108977
177168475209185	177168505186580	177168474389081
177168504513404	177168521863195	177168504447831
177168519216789	177168538540799	177168519150383
177168533424341	177168555218768	177168533371268
177168548076112	177168571894601	177168547989654
177168570813300	177168588573507	177168570747779
177168584169185	177168605252570	177168584110070
177168599995122	177168621929341	177168599950383
177168608154602	177168638605851	177168607979654
177168625003820	177168655280330	177168624940383
177169068363560	177169088816111	177169068271268
177169084581841	177169105486632	177169084506424
177169096390279	177169122154496	177169096292101
177169115388351	177169138823142	177169115314341
177169136215956	177169155491945	177169136153820
177169145811633	177169172162310	177169145750695
177169158337883	177169188836841	177169158261997
177169236982778	177169255529861	177169236911893
177169253919237	177169272204861	177169253835903
177169304978091	177169322223090	177169304870747
177169332649080	177169355569080	177169332568716
177169344987518	177169372241111	177169344905539
177169358870070	177169388909809	177169358486112
177169376773247	177169405579392	177169376691580
177169392076008	177169422247517	177169391870070
177169411128508	177169438916632	177169411050018
177169425389810	177169455590486	177169425321216
177169485622153	177169505604601	177169485537362
177169495973612	177169522274653	177169495912987
177169508922830	177169538945903	177169508867466
177169530818508	177169555616528	177169530758820
177169543796737	177169572287049	177169543747935
177169562778612	177169588957310	177169562715070
177169575682153	177169605624236	177169575563507
177169592373768	177169622293507	177169591993039
177169608532362	177169638963351	177169608379966
177169627797935	177169655635539	177169627721685
177169652149185	177169672311111	177169652078507
177169660792622	177169688985903	177169660705903
177169675260487	177169705656840	177169675206945
177169691813091	177169722330174	177169691753091
177169712542570	177169739002152	177169712483299
177169732523403	177169755677673	177169732418612
177169748371737	177169772353298	177169748286164
177169765998403	177169789026997	177169765930382
177169775072987	177169805699341	177169775018612
177169815340434	177169839045798	177169815263507
177169825226580	177169855720122	177169825172726
177170317120018	177170339300798	177170316972778
177170433282778	177170456010538	177170433152153
177170465313820	177170489357153	177170465225174
177170479398715	177170506029652	177170479311840
177170496579913	177170522707777	177170496511684
177170509486268	177170539384600	177170509192986
177170532173038	177170556060746	177170532100330
177170544220695	177170572736736	177170544131215
177170563618976	177170589415122	177170563558090
177170586374340	177170606091163	177170586298195
177170601427205	177170622771944	177170601353455
177170617382049	177170639446684	177170617309184
177170641196528	177170672793975	177170641099601
177170659965017	177170689466527	177170644594184
177170675805851	177170706143767	177170668889288
177170695416684	177170722822048	177170695339913
177170739305278	177170756174028	177170739218559
177170771846320	177170789526528	177170771764392
177170783201424	177170806201527	177170783114549
177170796057570	177170822876892	177170795987465
177170812855434	177170839554496	177170812775590
177170828100642	177170856233975	177170827985174
177170846546111	177170872909236	177170846462830
177170864404288	177170889583194	177170864323767
177170879550903	177170906258975	177170879475851
177170901305069	177170922933402	177170901096840
177170912418976	177170939611319	177170912343507
177170928344601	177170956288611	177170928279549
177170944132049	177170972967830	177170944054236
177170964540799	177170989644756	177170964447569
177170982760955	177171006323506	177170982678924
177170993447986	177171022998142	177170992439444
177171437416111	177171456462360	177171437281267
177171456208090	177171473134496	177171456126892
177171462443611	177171489809913	177171462378663
177171476999184	177171506485589	177171475958976

=== poll 1790150473.069976531
16666666
177167157920852	177167188119341	177167148729654
177167174274967	177167204790227	177167163751217
177167190538040	177167221462727	177167185395488
177167207095123	177167238135695	177167196068456
177167224075852	177167254809185	177167215522935
177167241178717	177167271480956	177167232388925
177167258632883	177167288156164	177167251634133
177167275057519	177167304833091	177167264524706
177167290795644	177167321506581	177167284633925
177167307596842	177167338180539	177167304519498
177167323651633	177167354857362	177167317980331
177167341005435	177167371532466	177167335779446
177167357556373	177167388204914	177167353853196
177167375898925	177167404875643	177167373774758
177167390944029	177167421544967	177167380621842
177167408135123	177167438217101	177167400517675
177167424368404	177167454892310	177167414871529
177167441244654	177167471568195	177167432691946
177167458953248	177167488242831	177167453308925
177167474979550	177167504918716	177167469402050
177167609937935	177167638293091	177167609833925
177167625643717	177167654968352	177167624250539
177167670992623	177167688318404	177167670899185
177167675441946	177167704991529	177167675031373
177167787869133	177167805008143	177167787740956
177167792496789	177167821675539	177167792400175
177167812309081	177167838343716	177167812239862
177167824321998	177167855016528	177167824254966
177167861165227	177167888359549	177167861085071
177167887854914	177167905031268	177167887764758
177167945695696	177167971705851	177167945617362
177167965450644	177167988372883	177167965386894
177167980749394	177168005037935	177167980680071
177167992096789	177168021703508	177167992037935
177168008310279	177168038368038	177168008249341
177168140111373	177168171726476	177168139997518
177168158743039	177168188395434	177168157774706
177168177119862	177168205064966	177168177026685
177168192285591	177168221737153	177168191270539
177168296447310	177168321781476	177168296358820
177168308154185	177168338455591	177168307791581
177168324375956	177168355126841	177168324320383
177168469245956	177168488508455	177168469108977
177168475209185	177168505186580	177168474389081
177168504513404	177168521863195	177168504447831
177168519216789	177168538540799	177168519150383
177168533424341	177168555218768	177168533371268
177168548076112	177168571894601	177168547989654
177168570813300	177168588573507	177168570747779
177168584169185	177168605252570	177168584110070
177168599995122	177168621929341	177168599950383
177168608154602	177168638605851	177168607979654
177168625003820	177168655280330	177168624940383
177169068363560	177169088816111	177169068271268
177169084581841	177169105486632	177169084506424
177169096390279	177169122154496	177169096292101
177169115388351	177169138823142	177169115314341
177169136215956	177169155491945	177169136153820
177169145811633	177169172162310	177169145750695
177169158337883	177169188836841	177169158261997
177169236982778	177169255529861	177169236911893
177169253919237	177169272204861	177169253835903
177169304978091	177169322223090	177169304870747
177169332649080	177169355569080	177169332568716
177169344987518	177169372241111	177169344905539
177169358870070	177169388909809	177169358486112
177169376773247	177169405579392	177169376691580
177169392076008	177169422247517	177169391870070
177169411128508	177169438916632	177169411050018
177169425389810	177169455590486	177169425321216
177169485622153	177169505604601	177169485537362
177169495973612	177169522274653	177169495912987
177169508922830	177169538945903	177169508867466
177169530818508	177169555616528	177169530758820
177169543796737	177169572287049	177169543747935
177169562778612	177169588957310	177169562715070
177169575682153	177169605624236	177169575563507
177169592373768	177169622293507	177169591993039
177169608532362	177169638963351	177169608379966
177169627797935	177169655635539	177169627721685
177169652149185	177169672311111	177169652078507
177169660792622	177169688985903	177169660705903
177169675260487	177169705656840	177169675206945
177169691813091	177169722330174	177169691753091
177169712542570	177169739002152	177169712483299
177169732523403	177169755677673	177169732418612
177169748371737	177169772353298	177169748286164
177169765998403	177169789026997	177169765930382
177169775072987	177169805699341	177169775018612
177169815340434	177169839045798	177169815263507
177169825226580	177169855720122	177169825172726
177170317120018	177170339300798	177170316972778
177170433282778	177170456010538	177170433152153
177170465313820	177170489357153	177170465225174
177170479398715	177170506029652	177170479311840
177170496579913	177170522707777	177170496511684
177170509486268	177170539384600	177170509192986
177170532173038	177170556060746	177170532100330
177170544220695	177170572736736	177170544131215
177170563618976	177170589415122	177170563558090
177170586374340	177170606091163	177170586298195
177170601427205	177170622771944	177170601353455
177170617382049	177170639446684	177170617309184
177170641196528	177170672793975	177170641099601
177170659965017	177170689466527	177170644594184
177170675805851	177170706143767	177170668889288
177170695416684	177170722822048	177170695339913
177170739305278	177170756174028	177170739218559
177170771846320	177170789526528	177170771764392
177170783201424	177170806201527	177170783114549
177170796057570	177170822876892	177170795987465
177170812855434	177170839554496	177170812775590
177170828100642	177170856233975	177170827985174
177170846546111	177170872909236	177170846462830
177170864404288	177170889583194	177170864323767
177170879550903	177170906258975	177170879475851
177170901305069	177170922933402	177170901096840
177170912418976	177170939611319	177170912343507
177170928344601	177170956288611	177170928279549
177170944132049	177170972967830	177170944054236
177170964540799	177170989644756	177170964447569
177170982760955	177171006323506	177170982678924
177170993447986	177171022998142	177170992439444
177171437416111	177171456462360	177171437281267
177171456208090	177171473134496	177171456126892
177171462443611	177171489809913	177171462378663
177171476999184	177171506485589	177171475958976

=== poll 1790150475.395479863
16666666
177167157920852	177167188119341	177167148729654
177167174274967	177167204790227	177167163751217
177167190538040	177167221462727	177167185395488
177167207095123	177167238135695	177167196068456
177167224075852	177167254809185	177167215522935
177167241178717	177167271480956	177167232388925
177167258632883	177167288156164	177167251634133
177167275057519	177167304833091	177167264524706
177167290795644	177167321506581	177167284633925
177167307596842	177167338180539	177167304519498
177167323651633	177167354857362	177167317980331
177167341005435	177167371532466	177167335779446
177167357556373	177167388204914	177167353853196
177167375898925	177167404875643	177167373774758
177167390944029	177167421544967	177167380621842
177167408135123	177167438217101	177167400517675
177167424368404	177167454892310	177167414871529
177167441244654	177167471568195	177167432691946
177167458953248	177167488242831	177167453308925
177167474979550	177167504918716	177167469402050
177167609937935	177167638293091	177167609833925
177167625643717	177167654968352	177167624250539
177167670992623	177167688318404	177167670899185
177167675441946	177167704991529	177167675031373
177167787869133	177167805008143	177167787740956
177167792496789	177167821675539	177167792400175
177167812309081	177167838343716	177167812239862
177167824321998	177167855016528	177167824254966
177167861165227	177167888359549	177167861085071
177167887854914	177167905031268	177167887764758
177167945695696	177167971705851	177167945617362
177167965450644	177167988372883	177167965386894
177167980749394	177168005037935	177167980680071
177167992096789	177168021703508	177167992037935
177168008310279	177168038368038	177168008249341
177168140111373	177168171726476	177168139997518
177168158743039	177168188395434	177168157774706
177168177119862	177168205064966	177168177026685
177168192285591	177168221737153	177168191270539
177168296447310	177168321781476	177168296358820
177168308154185	177168338455591	177168307791581
177168324375956	177168355126841	177168324320383
177168469245956	177168488508455	177168469108977
177168475209185	177168505186580	177168474389081
177168504513404	177168521863195	177168504447831
177168519216789	177168538540799	177168519150383
177168533424341	177168555218768	177168533371268
177168548076112	177168571894601	177168547989654
177168570813300	177168588573507	177168570747779
177168584169185	177168605252570	177168584110070
177168599995122	177168621929341	177168599950383
177168608154602	177168638605851	177168607979654
177168625003820	177168655280330	177168624940383
177169068363560	177169088816111	177169068271268
177169084581841	177169105486632	177169084506424
177169096390279	177169122154496	177169096292101
177169115388351	177169138823142	177169115314341
177169136215956	177169155491945	177169136153820
177169145811633	177169172162310	177169145750695
177169158337883	177169188836841	177169158261997
177169236982778	177169255529861	177169236911893
177169253919237	177169272204861	177169253835903
177169304978091	177169322223090	177169304870747
177169332649080	177169355569080	177169332568716
177169344987518	177169372241111	177169344905539
177169358870070	177169388909809	177169358486112
177169376773247	177169405579392	177169376691580
177169392076008	177169422247517	177169391870070
177169411128508	177169438916632	177169411050018
177169425389810	177169455590486	177169425321216
177169485622153	177169505604601	177169485537362
177169495973612	177169522274653	177169495912987
177169508922830	177169538945903	177169508867466
177169530818508	177169555616528	177169530758820
177169543796737	177169572287049	177169543747935
177169562778612	177169588957310	177169562715070
177169575682153	177169605624236	177169575563507
177169592373768	177169622293507	177169591993039
177169608532362	177169638963351	177169608379966
177169627797935	177169655635539	177169627721685
177169652149185	177169672311111	177169652078507
177169660792622	177169688985903	177169660705903
177169675260487	177169705656840	177169675206945
177169691813091	177169722330174	177169691753091
177169712542570	177169739002152	177169712483299
177169732523403	177169755677673	177169732418612
177169748371737	177169772353298	177169748286164
177169765998403	177169789026997	177169765930382
177169775072987	177169805699341	177169775018612
177169815340434	177169839045798	177169815263507
177169825226580	177169855720122	177169825172726
177170317120018	177170339300798	177170316972778
177170433282778	177170456010538	177170433152153
177170465313820	177170489357153	177170465225174
177170479398715	177170506029652	177170479311840
177170496579913	177170522707777	177170496511684
177170509486268	177170539384600	177170509192986
177170532173038	177170556060746	177170532100330
177170544220695	177170572736736	177170544131215
177170563618976	177170589415122	177170563558090
177170586374340	177170606091163	177170586298195
177170601427205	177170622771944	177170601353455
177170617382049	177170639446684	177170617309184
177170641196528	177170672793975	177170641099601
177170659965017	177170689466527	177170644594184
177170675805851	177170706143767	177170668889288
177170695416684	177170722822048	177170695339913
177170739305278	177170756174028	177170739218559
177170771846320	177170789526528	177170771764392
177170783201424	177170806201527	177170783114549
177170796057570	177170822876892	177170795987465
177170812855434	177170839554496	177170812775590
177170828100642	177170856233975	177170827985174
177170846546111	177170872909236	177170846462830
177170864404288	177170889583194	177170864323767
177170879550903	177170906258975	177170879475851
177170901305069	177170922933402	177170901096840
177170912418976	177170939611319	177170912343507
177170928344601	177170956288611	177170928279549
177170944132049	177170972967830	177170944054236
177170964540799	177170989644756	177170964447569
177170982760955	177171006323506	177170982678924
177170993447986	177171022998142	177170992439444
177171437416111	177171456462360	177171437281267
177171456208090	177171473134496	177171456126892
177171462443611	177171489809913	177171462378663
177171476999184	177171506485589	177171475958976

=== poll 1790150477.669041060
16666666
177167157920852	177167188119341	177167148729654
177167174274967	177167204790227	177167163751217
177167190538040	177167221462727	177167185395488
177167207095123	177167238135695	177167196068456
177167224075852	177167254809185	177167215522935
177167241178717	177167271480956	177167232388925
177167258632883	177167288156164	177167251634133
177167275057519	177167304833091	177167264524706
177167290795644	177167321506581	177167284633925
177167307596842	177167338180539	177167304519498
177167323651633	177167354857362	177167317980331
177167341005435	177167371532466	177167335779446
177167357556373	177167388204914	177167353853196
177167375898925	177167404875643	177167373774758
177167390944029	177167421544967	177167380621842
177167408135123	177167438217101	177167400517675
177167424368404	177167454892310	177167414871529
177167441244654	177167471568195	177167432691946
177167458953248	177167488242831	177167453308925
177167474979550	177167504918716	177167469402050
177167609937935	177167638293091	177167609833925
177167625643717	177167654968352	177167624250539
177167670992623	177167688318404	177167670899185
177167675441946	177167704991529	177167675031373
177167787869133	177167805008143	177167787740956
177167792496789	177167821675539	177167792400175
177167812309081	177167838343716	177167812239862
177167824321998	177167855016528	177167824254966
177167861165227	177167888359549	177167861085071
177167887854914	177167905031268	177167887764758
177167945695696	177167971705851	177167945617362
177167965450644	177167988372883	177167965386894
177167980749394	177168005037935	177167980680071
177167992096789	177168021703508	177167992037935
177168008310279	177168038368038	177168008249341
177168140111373	177168171726476	177168139997518
177168158743039	177168188395434	177168157774706
177168177119862	177168205064966	177168177026685
177168192285591	177168221737153	177168191270539
177168296447310	177168321781476	177168296358820
177168308154185	177168338455591	177168307791581
177168324375956	177168355126841	177168324320383
177168469245956	177168488508455	177168469108977
177168475209185	177168505186580	177168474389081
177168504513404	177168521863195	177168504447831
177168519216789	177168538540799	177168519150383
177168533424341	177168555218768	177168533371268
177168548076112	177168571894601	177168547989654
177168570813300	177168588573507	177168570747779
177168584169185	177168605252570	177168584110070
177168599995122	177168621929341	177168599950383
177168608154602	177168638605851	177168607979654
177168625003820	177168655280330	177168624940383
177169068363560	177169088816111	177169068271268
177169084581841	177169105486632	177169084506424
177169096390279	177169122154496	177169096292101
177169115388351	177169138823142	177169115314341
177169136215956	177169155491945	177169136153820
177169145811633	177169172162310	177169145750695
177169158337883	177169188836841	177169158261997
177169236982778	177169255529861	177169236911893
177169253919237	177169272204861	177169253835903
177169304978091	177169322223090	177169304870747
177169332649080	177169355569080	177169332568716
177169344987518	177169372241111	177169344905539
177169358870070	177169388909809	177169358486112
177169376773247	177169405579392	177169376691580
177169392076008	177169422247517	177169391870070
177169411128508	177169438916632	177169411050018
177169425389810	177169455590486	177169425321216
177169485622153	177169505604601	177169485537362
177169495973612	177169522274653	177169495912987
177169508922830	177169538945903	177169508867466
177169530818508	177169555616528	177169530758820
177169543796737	177169572287049	177169543747935
177169562778612	177169588957310	177169562715070
177169575682153	177169605624236	177169575563507
177169592373768	177169622293507	177169591993039
177169608532362	177169638963351	177169608379966
177169627797935	177169655635539	177169627721685
177169652149185	177169672311111	177169652078507
177169660792622	177169688985903	177169660705903
177169675260487	177169705656840	177169675206945
177169691813091	177169722330174	177169691753091
177169712542570	177169739002152	177169712483299
177169732523403	177169755677673	177169732418612
177169748371737	177169772353298	177169748286164
177169765998403	177169789026997	177169765930382
177169775072987	177169805699341	177169775018612
177169815340434	177169839045798	177169815263507
177169825226580	177169855720122	177169825172726
177170317120018	177170339300798	177170316972778
177170433282778	177170456010538	177170433152153
177170465313820	177170489357153	177170465225174
177170479398715	177170506029652	177170479311840
177170496579913	177170522707777	177170496511684
177170509486268	177170539384600	177170509192986
177170532173038	177170556060746	177170532100330
177170544220695	177170572736736	177170544131215
177170563618976	177170589415122	177170563558090
177170586374340	177170606091163	177170586298195
177170601427205	177170622771944	177170601353455
177170617382049	177170639446684	177170617309184
177170641196528	177170672793975	177170641099601
177170659965017	177170689466527	177170644594184
177170675805851	177170706143767	177170668889288
177170695416684	177170722822048	177170695339913
177170739305278	177170756174028	177170739218559
177170771846320	177170789526528	177170771764392
177170783201424	177170806201527	177170783114549
177170796057570	177170822876892	177170795987465
177170812855434	177170839554496	177170812775590
177170828100642	177170856233975	177170827985174
177170846546111	177170872909236	177170846462830
177170864404288	177170889583194	177170864323767
177170879550903	177170906258975	177170879475851
177170901305069	177170922933402	177170901096840
177170912418976	177170939611319	177170912343507
177170928344601	177170956288611	177170928279549
177170944132049	177170972967830	177170944054236
177170964540799	177170989644756	177170964447569
177170982760955	177171006323506	177170982678924
177170993447986	177171022998142	177170992439444
177171437416111	177171456462360	177171437281267
177171456208090	177171473134496	177171456126892
177171462443611	177171489809913	177171462378663
177171476999184	177171506485589	177171475958976

=== poll 1790150479.983796580
16666666
177167157920852	177167188119341	177167148729654
177167174274967	177167204790227	177167163751217
177167190538040	177167221462727	177167185395488
177167207095123	177167238135695	177167196068456
177167224075852	177167254809185	177167215522935
177167241178717	177167271480956	177167232388925
177167258632883	177167288156164	177167251634133
177167275057519	177167304833091	177167264524706
177167290795644	177167321506581	177167284633925
177167307596842	177167338180539	177167304519498
177167323651633	177167354857362	177167317980331
177167341005435	177167371532466	177167335779446
177167357556373	177167388204914	177167353853196
177167375898925	177167404875643	177167373774758
177167390944029	177167421544967	177167380621842
177167408135123	177167438217101	177167400517675
177167424368404	177167454892310	177167414871529
177167441244654	177167471568195	177167432691946
177167458953248	177167488242831	177167453308925
177167474979550	177167504918716	177167469402050
177167609937935	177167638293091	177167609833925
177167625643717	177167654968352	177167624250539
177167670992623	177167688318404	177167670899185
177167675441946	177167704991529	177167675031373
177167787869133	177167805008143	177167787740956
177167792496789	177167821675539	177167792400175
177167812309081	177167838343716	177167812239862
177167824321998	177167855016528	177167824254966
177167861165227	177167888359549	177167861085071
177167887854914	177167905031268	177167887764758
177167945695696	177167971705851	177167945617362
177167965450644	177167988372883	177167965386894
177167980749394	177168005037935	177167980680071
177167992096789	177168021703508	177167992037935
177168008310279	177168038368038	177168008249341
177168140111373	177168171726476	177168139997518
177168158743039	177168188395434	177168157774706
177168177119862	177168205064966	177168177026685
177168192285591	177168221737153	177168191270539
177168296447310	177168321781476	177168296358820
177168308154185	177168338455591	177168307791581
177168324375956	177168355126841	177168324320383
177168469245956	177168488508455	177168469108977
177168475209185	177168505186580	177168474389081
177168504513404	177168521863195	177168504447831
177168519216789	177168538540799	177168519150383
177168533424341	177168555218768	177168533371268
177168548076112	177168571894601	177168547989654
177168570813300	177168588573507	177168570747779
177168584169185	177168605252570	177168584110070
177168599995122	177168621929341	177168599950383
177168608154602	177168638605851	177168607979654
177168625003820	177168655280330	177168624940383
177169068363560	177169088816111	177169068271268
177169084581841	177169105486632	177169084506424
177169096390279	177169122154496	177169096292101
177169115388351	177169138823142	177169115314341
177169136215956	177169155491945	177169136153820
177169145811633	177169172162310	177169145750695
177169158337883	177169188836841	177169158261997
177169236982778	177169255529861	177169236911893
177169253919237	177169272204861	177169253835903
177169304978091	177169322223090	177169304870747
177169332649080	177169355569080	177169332568716
177169344987518	177169372241111	177169344905539
177169358870070	177169388909809	177169358486112
177169376773247	177169405579392	177169376691580
177169392076008	177169422247517	177169391870070
177169411128508	177169438916632	177169411050018
177169425389810	177169455590486	177169425321216
177169485622153	177169505604601	177169485537362
177169495973612	177169522274653	177169495912987
177169508922830	177169538945903	177169508867466
177169530818508	177169555616528	177169530758820
177169543796737	177169572287049	177169543747935
177169562778612	177169588957310	177169562715070
177169575682153	177169605624236	177169575563507
177169592373768	177169622293507	177169591993039
177169608532362	177169638963351	177169608379966
177169627797935	177169655635539	177169627721685
177169652149185	177169672311111	177169652078507
177169660792622	177169688985903	177169660705903
177169675260487	177169705656840	177169675206945
177169691813091	177169722330174	177169691753091
177169712542570	177169739002152	177169712483299
177169732523403	177169755677673	177169732418612
177169748371737	177169772353298	177169748286164
177169765998403	177169789026997	177169765930382
177169775072987	177169805699341	177169775018612
177169815340434	177169839045798	177169815263507
177169825226580	177169855720122	177169825172726
177170317120018	177170339300798	177170316972778
177170433282778	177170456010538	177170433152153
177170465313820	177170489357153	177170465225174
177170479398715	177170506029652	177170479311840
177170496579913	177170522707777	177170496511684
177170509486268	177170539384600	177170509192986
177170532173038	177170556060746	177170532100330
177170544220695	177170572736736	177170544131215
177170563618976	177170589415122	177170563558090
177170586374340	177170606091163	177170586298195
177170601427205	177170622771944	177170601353455
177170617382049	177170639446684	177170617309184
177170641196528	177170672793975	177170641099601
177170659965017	177170689466527	177170644594184
177170675805851	177170706143767	177170668889288
177170695416684	177170722822048	177170695339913
177170739305278	177170756174028	177170739218559
177170771846320	177170789526528	177170771764392
177170783201424	177170806201527	177170783114549
177170796057570	177170822876892	177170795987465
177170812855434	177170839554496	177170812775590
177170828100642	177170856233975	177170827985174
177170846546111	177170872909236	177170846462830
177170864404288	177170889583194	177170864323767
177170879550903	177170906258975	177170879475851
177170901305069	177170922933402	177170901096840
177170912418976	177170939611319	177170912343507
177170928344601	177170956288611	177170928279549
177170944132049	177170972967830	177170944054236
177170964540799	177170989644756	177170964447569
177170982760955	177171006323506	177170982678924
177170993447986	177171022998142	177170992439444
177171437416111	177171456462360	177171437281267
177171456208090	177171473134496	177171456126892
177171462443611	177171489809913	177171462378663
177171476999184	177171506485589	177171475958976

=== poll 1790150482.272328611
16666666
177167157920852	177167188119341	177167148729654
177167174274967	177167204790227	177167163751217
177167190538040	177167221462727	177167185395488
177167207095123	177167238135695	177167196068456
177167224075852	177167254809185	177167215522935
177167241178717	177167271480956	177167232388925
177167258632883	177167288156164	177167251634133
177167275057519	177167304833091	177167264524706
177167290795644	177167321506581	177167284633925
177167307596842	177167338180539	177167304519498
177167323651633	177167354857362	177167317980331
177167341005435	177167371532466	177167335779446
177167357556373	177167388204914	177167353853196
177167375898925	177167404875643	177167373774758
177167390944029	177167421544967	177167380621842
177167408135123	177167438217101	177167400517675
177167424368404	177167454892310	177167414871529
177167441244654	177167471568195	177167432691946
177167458953248	177167488242831	177167453308925
177167474979550	177167504918716	177167469402050
177167609937935	177167638293091	177167609833925
177167625643717	177167654968352	177167624250539
177167670992623	177167688318404	177167670899185
177167675441946	177167704991529	177167675031373
177167787869133	177167805008143	177167787740956
177167792496789	177167821675539	177167792400175
177167812309081	177167838343716	177167812239862
177167824321998	177167855016528	177167824254966
177167861165227	177167888359549	177167861085071
177167887854914	177167905031268	177167887764758
177167945695696	177167971705851	177167945617362
177167965450644	177167988372883	177167965386894
177167980749394	177168005037935	177167980680071
177167992096789	177168021703508	177167992037935
177168008310279	177168038368038	177168008249341
177168140111373	177168171726476	177168139997518
177168158743039	177168188395434	177168157774706
177168177119862	177168205064966	177168177026685
177168192285591	177168221737153	177168191270539
177168296447310	177168321781476	177168296358820
177168308154185	177168338455591	177168307791581
177168324375956	177168355126841	177168324320383
177168469245956	177168488508455	177168469108977
177168475209185	177168505186580	177168474389081
177168504513404	177168521863195	177168504447831
177168519216789	177168538540799	177168519150383
177168533424341	177168555218768	177168533371268
177168548076112	177168571894601	177168547989654
177168570813300	177168588573507	177168570747779
177168584169185	177168605252570	177168584110070
177168599995122	177168621929341	177168599950383
177168608154602	177168638605851	177168607979654
177168625003820	177168655280330	177168624940383
177169068363560	177169088816111	177169068271268
177169084581841	177169105486632	177169084506424
177169096390279	177169122154496	177169096292101
177169115388351	177169138823142	177169115314341
177169136215956	177169155491945	177169136153820
177169145811633	177169172162310	177169145750695
177169158337883	177169188836841	177169158261997
177169236982778	177169255529861	177169236911893
177169253919237	177169272204861	177169253835903
177169304978091	177169322223090	177169304870747
177169332649080	177169355569080	177169332568716
177169344987518	177169372241111	177169344905539
177169358870070	177169388909809	177169358486112
177169376773247	177169405579392	177169376691580
177169392076008	177169422247517	177169391870070
177169411128508	177169438916632	177169411050018
177169425389810	177169455590486	177169425321216
177169485622153	177169505604601	177169485537362
177169495973612	177169522274653	177169495912987
177169508922830	177169538945903	177169508867466
177169530818508	177169555616528	177169530758820
177169543796737	177169572287049	177169543747935
177169562778612	177169588957310	177169562715070
177169575682153	177169605624236	177169575563507
177169592373768	177169622293507	177169591993039
177169608532362	177169638963351	177169608379966
177169627797935	177169655635539	177169627721685
177169652149185	177169672311111	177169652078507
177169660792622	177169688985903	177169660705903
177169675260487	177169705656840	177169675206945
177169691813091	177169722330174	177169691753091
177169712542570	177169739002152	177169712483299
177169732523403	177169755677673	177169732418612
177169748371737	177169772353298	177169748286164
177169765998403	177169789026997	177169765930382
177169775072987	177169805699341	177169775018612
177169815340434	177169839045798	177169815263507
177169825226580	177169855720122	177169825172726
177170317120018	177170339300798	177170316972778
177170433282778	177170456010538	177170433152153
177170465313820	177170489357153	177170465225174
177170479398715	177170506029652	177170479311840
177170496579913	177170522707777	177170496511684
177170509486268	177170539384600	177170509192986
177170532173038	177170556060746	177170532100330
177170544220695	177170572736736	177170544131215
177170563618976	177170589415122	177170563558090
177170586374340	177170606091163	177170586298195
177170601427205	177170622771944	177170601353455
177170617382049	177170639446684	177170617309184
177170641196528	177170672793975	177170641099601
177170659965017	177170689466527	177170644594184
177170675805851	177170706143767	177170668889288
177170695416684	177170722822048	177170695339913
177170739305278	177170756174028	177170739218559
177170771846320	177170789526528	177170771764392
177170783201424	177170806201527	177170783114549
177170796057570	177170822876892	177170795987465
177170812855434	177170839554496	177170812775590
177170828100642	177170856233975	177170827985174
177170846546111	177170872909236	177170846462830
177170864404288	177170889583194	177170864323767
177170879550903	177170906258975	177170879475851
177170901305069	177170922933402	177170901096840
177170912418976	177170939611319	177170912343507
177170928344601	177170956288611	177170928279549
177170944132049	177170972967830	177170944054236
177170964540799	177170989644756	177170964447569
177170982760955	177171006323506	177170982678924
177170993447986	177171022998142	177170992439444
177171437416111	177171456462360	177171437281267
177171456208090	177171473134496	177171456126892
177171462443611	177171489809913	177171462378663
177171476999184	177171506485589	177171475958976

=== poll 1790150484.609476266
16666666
177167157920852	177167188119341	177167148729654
177167174274967	177167204790227	177167163751217
177167190538040	177167221462727	177167185395488
177167207095123	177167238135695	177167196068456
177167224075852	177167254809185	177167215522935
177167241178717	177167271480956	177167232388925
177167258632883	177167288156164	177167251634133
177167275057519	177167304833091	177167264524706
177167290795644	177167321506581	177167284633925
177167307596842	177167338180539	177167304519498
177167323651633	177167354857362	177167317980331
177167341005435	177167371532466	177167335779446
177167357556373	177167388204914	177167353853196
177167375898925	177167404875643	177167373774758
177167390944029	177167421544967	177167380621842
177167408135123	177167438217101	177167400517675
177167424368404	177167454892310	177167414871529
177167441244654	177167471568195	177167432691946
177167458953248	177167488242831	177167453308925
177167474979550	177167504918716	177167469402050
177167609937935	177167638293091	177167609833925
177167625643717	177167654968352	177167624250539
177167670992623	177167688318404	177167670899185
177167675441946	177167704991529	177167675031373
177167787869133	177167805008143	177167787740956
177167792496789	177167821675539	177167792400175
177167812309081	177167838343716	177167812239862
177167824321998	177167855016528	177167824254966
177167861165227	177167888359549	177167861085071
177167887854914	177167905031268	177167887764758
177167945695696	177167971705851	177167945617362
177167965450644	177167988372883	177167965386894
177167980749394	177168005037935	177167980680071
177167992096789	177168021703508	177167992037935
177168008310279	177168038368038	177168008249341
177168140111373	177168171726476	177168139997518
177168158743039	177168188395434	177168157774706
177168177119862	177168205064966	177168177026685
177168192285591	177168221737153	177168191270539
177168296447310	177168321781476	177168296358820
177168308154185	177168338455591	177168307791581
177168324375956	177168355126841	177168324320383
177168469245956	177168488508455	177168469108977
177168475209185	177168505186580	177168474389081
177168504513404	177168521863195	177168504447831
177168519216789	177168538540799	177168519150383
177168533424341	177168555218768	177168533371268
177168548076112	177168571894601	177168547989654
177168570813300	177168588573507	177168570747779
177168584169185	177168605252570	177168584110070
177168599995122	177168621929341	177168599950383
177168608154602	177168638605851	177168607979654
177168625003820	177168655280330	177168624940383
177169068363560	177169088816111	177169068271268
177169084581841	177169105486632	177169084506424
177169096390279	177169122154496	177169096292101
177169115388351	177169138823142	177169115314341
177169136215956	177169155491945	177169136153820
177169145811633	177169172162310	177169145750695
177169158337883	177169188836841	177169158261997
177169236982778	177169255529861	177169236911893
177169253919237	177169272204861	177169253835903
177169304978091	177169322223090	177169304870747
177169332649080	177169355569080	177169332568716
177169344987518	177169372241111	177169344905539
177169358870070	177169388909809	177169358486112
177169376773247	177169405579392	177169376691580
177169392076008	177169422247517	177169391870070
177169411128508	177169438916632	177169411050018
177169425389810	177169455590486	177169425321216
177169485622153	177169505604601	177169485537362
177169495973612	177169522274653	177169495912987
177169508922830	177169538945903	177169508867466
177169530818508	177169555616528	177169530758820
177169543796737	177169572287049	177169543747935
177169562778612	177169588957310	177169562715070
177169575682153	177169605624236	177169575563507
177169592373768	177169622293507	177169591993039
177169608532362	177169638963351	177169608379966
177169627797935	177169655635539	177169627721685
177169652149185	177169672311111	177169652078507
177169660792622	177169688985903	177169660705903
177169675260487	177169705656840	177169675206945
177169691813091	177169722330174	177169691753091
177169712542570	177169739002152	177169712483299
177169732523403	177169755677673	177169732418612
177169748371737	177169772353298	177169748286164
177169765998403	177169789026997	177169765930382
177169775072987	177169805699341	177169775018612
177169815340434	177169839045798	177169815263507
177169825226580	177169855720122	177169825172726
177170317120018	177170339300798	177170316972778
177170433282778	177170456010538	177170433152153
177170465313820	177170489357153	177170465225174
177170479398715	177170506029652	177170479311840
177170496579913	177170522707777	177170496511684
177170509486268	177170539384600	177170509192986
177170532173038	177170556060746	177170532100330
177170544220695	177170572736736	177170544131215
177170563618976	177170589415122	177170563558090
177170586374340	177170606091163	177170586298195
177170601427205	177170622771944	177170601353455
177170617382049	177170639446684	177170617309184
177170641196528	177170672793975	177170641099601
177170659965017	177170689466527	177170644594184
177170675805851	177170706143767	177170668889288
177170695416684	177170722822048	177170695339913
177170739305278	177170756174028	177170739218559
177170771846320	177170789526528	177170771764392
177170783201424	177170806201527	177170783114549
177170796057570	177170822876892	177170795987465
177170812855434	177170839554496	177170812775590
177170828100642	177170856233975	177170827985174
177170846546111	177170872909236	177170846462830
177170864404288	177170889583194	177170864323767
177170879550903	177170906258975	177170879475851
177170901305069	177170922933402	177170901096840
177170912418976	177170939611319	177170912343507
177170928344601	177170956288611	177170928279549
177170944132049	177170972967830	177170944054236
177170964540799	177170989644756	177170964447569
177170982760955	177171006323506	177170982678924
177170993447986	177171022998142	177170992439444
177171437416111	177171456462360	177171437281267
177171456208090	177171473134496	177171456126892
177171462443611	177171489809913	177171462378663
177171476999184	177171506485589	177171475958976

=== poll 1790150486.949131213
16666666
177167157920852	177167188119341	177167148729654
177167174274967	177167204790227	177167163751217
177167190538040	177167221462727	177167185395488
177167207095123	177167238135695	177167196068456
177167224075852	177167254809185	177167215522935
177167241178717	177167271480956	177167232388925
177167258632883	177167288156164	177167251634133
177167275057519	177167304833091	177167264524706
177167290795644	177167321506581	177167284633925
177167307596842	177167338180539	177167304519498
177167323651633	177167354857362	177167317980331
177167341005435	177167371532466	177167335779446
177167357556373	177167388204914	177167353853196
177167375898925	177167404875643	177167373774758
177167390944029	177167421544967	177167380621842
177167408135123	177167438217101	177167400517675
177167424368404	177167454892310	177167414871529
177167441244654	177167471568195	177167432691946
177167458953248	177167488242831	177167453308925
177167474979550	177167504918716	177167469402050
177167609937935	177167638293091	177167609833925
177167625643717	177167654968352	177167624250539
177167670992623	177167688318404	177167670899185
177167675441946	177167704991529	177167675031373
177167787869133	177167805008143	177167787740956
177167792496789	177167821675539	177167792400175
177167812309081	177167838343716	177167812239862
177167824321998	177167855016528	177167824254966
177167861165227	177167888359549	177167861085071
177167887854914	177167905031268	177167887764758
177167945695696	177167971705851	177167945617362
177167965450644	177167988372883	177167965386894
177167980749394	177168005037935	177167980680071
177167992096789	177168021703508	177167992037935
177168008310279	177168038368038	177168008249341
177168140111373	177168171726476	177168139997518
177168158743039	177168188395434	177168157774706
177168177119862	177168205064966	177168177026685
177168192285591	177168221737153	177168191270539
177168296447310	177168321781476	177168296358820
177168308154185	177168338455591	177168307791581
177168324375956	177168355126841	177168324320383
177168469245956	177168488508455	177168469108977
177168475209185	177168505186580	177168474389081
177168504513404	177168521863195	177168504447831
177168519216789	177168538540799	177168519150383
177168533424341	177168555218768	177168533371268
177168548076112	177168571894601	177168547989654
177168570813300	177168588573507	177168570747779
177168584169185	177168605252570	177168584110070
177168599995122	177168621929341	177168599950383
177168608154602	177168638605851	177168607979654
177168625003820	177168655280330	177168624940383
177169068363560	177169088816111	177169068271268
177169084581841	177169105486632	177169084506424
177169096390279	177169122154496	177169096292101
177169115388351	177169138823142	177169115314341
177169136215956	177169155491945	177169136153820
177169145811633	177169172162310	177169145750695
177169158337883	177169188836841	177169158261997
177169236982778	177169255529861	177169236911893
177169253919237	177169272204861	177169253835903
177169304978091	177169322223090	177169304870747
177169332649080	177169355569080	177169332568716
177169344987518	177169372241111	177169344905539
177169358870070	177169388909809	177169358486112
177169376773247	177169405579392	177169376691580
177169392076008	177169422247517	177169391870070
177169411128508	177169438916632	177169411050018
177169425389810	177169455590486	177169425321216
177169485622153	177169505604601	177169485537362
177169495973612	177169522274653	177169495912987
177169508922830	177169538945903	177169508867466
177169530818508	177169555616528	177169530758820
177169543796737	177169572287049	177169543747935
177169562778612	177169588957310	177169562715070
177169575682153	177169605624236	177169575563507
177169592373768	177169622293507	177169591993039
177169608532362	177169638963351	177169608379966
177169627797935	177169655635539	177169627721685
177169652149185	177169672311111	177169652078507
177169660792622	177169688985903	177169660705903
177169675260487	177169705656840	177169675206945
177169691813091	177169722330174	177169691753091
177169712542570	177169739002152	177169712483299
177169732523403	177169755677673	177169732418612
177169748371737	177169772353298	177169748286164
177169765998403	177169789026997	177169765930382
177169775072987	177169805699341	177169775018612
177169815340434	177169839045798	177169815263507
177169825226580	177169855720122	177169825172726
177170317120018	177170339300798	177170316972778
177170433282778	177170456010538	177170433152153
177170465313820	177170489357153	177170465225174
177170479398715	177170506029652	177170479311840
177170496579913	177170522707777	177170496511684
177170509486268	177170539384600	177170509192986
177170532173038	177170556060746	177170532100330
177170544220695	177170572736736	177170544131215
177170563618976	177170589415122	177170563558090
177170586374340	177170606091163	177170586298195
177170601427205	177170622771944	177170601353455
177170617382049	177170639446684	177170617309184
177170641196528	177170672793975	177170641099601
177170659965017	177170689466527	177170644594184
177170675805851	177170706143767	177170668889288
177170695416684	177170722822048	177170695339913
177170739305278	177170756174028	177170739218559
177170771846320	177170789526528	177170771764392
177170783201424	177170806201527	177170783114549
177170796057570	177170822876892	177170795987465
177170812855434	177170839554496	177170812775590
177170828100642	177170856233975	177170827985174
177170846546111	177170872909236	177170846462830
177170864404288	177170889583194	177170864323767
177170879550903	177170906258975	177170879475851
177170901305069	177170922933402	177170901096840
177170912418976	177170939611319	177170912343507
177170928344601	177170956288611	177170928279549
177170944132049	177170972967830	177170944054236
177170964540799	177170989644756	177170964447569
177170982760955	177171006323506	177170982678924
177170993447986	177171022998142	177170992439444
177171437416111	177171456462360	177171437281267
177171456208090	177171473134496	177171456126892
177171462443611	177171489809913	177171462378663
177171476999184	177171506485589	177171475958976

=== poll 1790150489.293678400
16666666
177168308154185	177168338455591	177168307791581
177168324375956	177168355126841	177168324320383
177168469245956	177168488508455	177168469108977
177168475209185	177168505186580	177168474389081
177168504513404	177168521863195	177168504447831
177168519216789	177168538540799	177168519150383
177168533424341	177168555218768	177168533371268
177168548076112	177168571894601	177168547989654
177168570813300	177168588573507	177168570747779
177168584169185	177168605252570	177168584110070
177168599995122	177168621929341	177168599950383
177168608154602	177168638605851	177168607979654
177168625003820	177168655280330	177168624940383
177169068363560	177169088816111	177169068271268
177169084581841	177169105486632	177169084506424
177169096390279	177169122154496	177169096292101
177169115388351	177169138823142	177169115314341
177169136215956	177169155491945	177169136153820
177169145811633	177169172162310	177169145750695
177169158337883	177169188836841	177169158261997
177169236982778	177169255529861	177169236911893
177169253919237	177169272204861	177169253835903
177169304978091	177169322223090	177169304870747
177169332649080	177169355569080	177169332568716
177169344987518	177169372241111	177169344905539
177169358870070	177169388909809	177169358486112
177169376773247	177169405579392	177169376691580
177169392076008	177169422247517	177169391870070
177169411128508	177169438916632	177169411050018
177169425389810	177169455590486	177169425321216
177169485622153	177169505604601	177169485537362
177169495973612	177169522274653	177169495912987
177169508922830	177169538945903	177169508867466
177169530818508	177169555616528	177169530758820
177169543796737	177169572287049	177169543747935
177169562778612	177169588957310	177169562715070
177169575682153	177169605624236	177169575563507
177169592373768	177169622293507	177169591993039
177169608532362	177169638963351	177169608379966
177169627797935	177169655635539	177169627721685
177169652149185	177169672311111	177169652078507
177169660792622	177169688985903	177169660705903
177169675260487	177169705656840	177169675206945
177169691813091	177169722330174	177169691753091
177169712542570	177169739002152	177169712483299
177169732523403	177169755677673	177169732418612
177169748371737	177169772353298	177169748286164
177169765998403	177169789026997	177169765930382
177169775072987	177169805699341	177169775018612
177169815340434	177169839045798	177169815263507
177169825226580	177169855720122	177169825172726
177170317120018	177170339300798	177170316972778
177170433282778	177170456010538	177170433152153
177170465313820	177170489357153	177170465225174
177170479398715	177170506029652	177170479311840
177170496579913	177170522707777	177170496511684
177170509486268	177170539384600	177170509192986
177170532173038	177170556060746	177170532100330
177170544220695	177170572736736	177170544131215
177170563618976	177170589415122	177170563558090
177170586374340	177170606091163	177170586298195
177170601427205	177170622771944	177170601353455
177170617382049	177170639446684	177170617309184
177170641196528	177170672793975	177170641099601
177170659965017	177170689466527	177170644594184
177170675805851	177170706143767	177170668889288
177170695416684	177170722822048	177170695339913
177170739305278	177170756174028	177170739218559
177170771846320	177170789526528	177170771764392
177170783201424	177170806201527	177170783114549
177170796057570	177170822876892	177170795987465
177170812855434	177170839554496	177170812775590
177170828100642	177170856233975	177170827985174
177170846546111	177170872909236	177170846462830
177170864404288	177170889583194	177170864323767
177170879550903	177170906258975	177170879475851
177170901305069	177170922933402	177170901096840
177170912418976	177170939611319	177170912343507
177170928344601	177170956288611	177170928279549
177170944132049	177170972967830	177170944054236
177170964540799	177170989644756	177170964447569
177170982760955	177171006323506	177170982678924
177170993447986	177171022998142	177170992439444
177171437416111	177171456462360	177171437281267
177171456208090	177171473134496	177171456126892
177171462443611	177171489809913	177171462378663
177171476999184	177171506485589	177171475958976
177191207259749	177191232647457	177191207165166
177191266310739	177191282675790	177191266239593
177191276069385	177191299351572	177191275989801
177191292409541	177191316029697	177191292353551
177191312063968	177191332705477	177191311983864
177191341375583	177191366055738	177191341298864
177191353361885	177191382729905	177191349350166
177191368700478	177191399401050	177191361163760
177191385846989	177191416074436	177191372746885
177191424696051	177191449419488	177191424575999
177191448079437	177191466097301	177191447964905
177191457152249	177191482774384	177191457084593
177191573114957	177191599499385	177191572980114
177191645556207	177191666190217	177191645445478
177191667315478	177191699534019	177191667223812
177191686156520	177191716206363	177191672263655
177191702336989	177191732877613	177191697958030
177191719182301	177191749549852	177191709542457
177191735940739	177191766222196	177191721497718
177191752519072	177191782891728	177191739984801
177191768966937	177191799561988	177191768546520
177191785459645	177191816237249	177191778760687
177191802395739	177191832914957	177191789036312
177191819628707	177191849592196	177191804654957
177192058038238	177192083049801	177192057927509
177192069886624	177192099725530	177192065697770
177192086247457	177192116403394	177192069846832
177192102349176	177192133082040	177192102020374
177192119496311	177192149759957	177192119426416
177192145228343	177192166438186	177192145138759
177192155920426	177192183118186	177192155797249
177192183453238	177192199798134	177192183349280
177192187253291	177192216478811	177192187195374
177192208680218	177192233160738	177192208597093
177192222912457	177192249841519	177192222826363
177192273751988	177192299873133	177192273567197
177192293514957	177192316550477	177192293441468
177192309085165	177192333229800	177192309018447
177192337197770	177192366592821	177192337116728
177192354843082	9223372036854775807	177192354790843

=== poll 1790150491.606973347
16666666
177170982760955	177171006323506	177170982678924
177170993447986	177171022998142	177170992439444
177171437416111	177171456462360	177171437281267
177171456208090	177171473134496	177171456126892
177171462443611	177171489809913	177171462378663
177171476999184	177171506485589	177171475958976
177191207259749	177191232647457	177191207165166
177191266310739	177191282675790	177191266239593
177191276069385	177191299351572	177191275989801
177191292409541	177191316029697	177191292353551
177191312063968	177191332705477	177191311983864
177191341375583	177191366055738	177191341298864
177191353361885	177191382729905	177191349350166
177191368700478	177191399401050	177191361163760
177191385846989	177191416074436	177191372746885
177191424696051	177191449419488	177191424575999
177191448079437	177191466097301	177191447964905
177191457152249	177191482774384	177191457084593
177191573114957	177191599499385	177191572980114
177191645556207	177191666190217	177191645445478
177191667315478	177191699534019	177191667223812
177191686156520	177191716206363	177191672263655
177191702336989	177191732877613	177191697958030
177191719182301	177191749549852	177191709542457
177191735940739	177191766222196	177191721497718
177191752519072	177191782891728	177191739984801
177191768966937	177191799561988	177191768546520
177191785459645	177191816237249	177191778760687
177191802395739	177191832914957	177191789036312
177191819628707	177191849592196	177191804654957
177192058038238	177192083049801	177192057927509
177192069886624	177192099725530	177192065697770
177192086247457	177192116403394	177192069846832
177192102349176	177192133082040	177192102020374
177192119496311	177192149759957	177192119426416
177192145228343	177192166438186	177192145138759
177192155920426	177192183118186	177192155797249
177192183453238	177192199798134	177192183349280
177192187253291	177192216478811	177192187195374
177192208680218	177192233160738	177192208597093
177192222912457	177192249841519	177192222826363
177192273751988	177192299873133	177192273567197
177192293514957	177192316550477	177192293441468
177192309085165	177192333229800	177192309018447
177192337197770	177192366592821	177192337116728
177192354843082	177192383274488	177192354790843
177192370565530	177192399953915	177192370501832
177192391743343	177192416634227	177192391669228
177192402858759	177192433313967	177192402693863
177192494681520	177192516718394	177192494544801
177192513033603	177192533396519	177192512958395
177192526865582	177192550077925	177192526786467
177192536150009	177192566757977	177192536101415
177192597486780	177192616809280	177192597292301
177192613232145	177192633493446	177192613152613
177192629471103	177192650174748	177192629388551
177192637130686	177192666858759	177192636219436
177192715194019	177192733579279	177192715059853
177192736557457	177192766939124	177192736442717
177192753454853	177192783615790	177192753392926
177192832376728	177192850319904	177192832247353
177192847660009	177192866995738	177192847593915
177192866399801	177192883674227	177192866320686
177192869882249	177192900348238	177192869603186
177192945030790	177192967054019	177192944895946
177192966776988	177192983729331	177192966695426
177192973764801	177193000402040	177192973714332
177192986522717	177193017075061	177192986467561
177193078745217	177193100447925	177193078617821
177193101136259	177193117120165	177193101068394
177193104654644	177193133794279	177193104604905
177193120946988	177193150467196	177193120107457
177193186422196	177193217167352	177193186288394
177193203832144	177193233839383	177193191290321
177193219705738	177193250513185	177193208747769
177193236566311	177193267185686	177193225013030
177193253353394	177193283857769	177193236876051
177193303340165	177193333876206	177193303249019
177193324152665	177193350549331	177193324089019
177193337572457	177193367223811	177193337518290
177193415686780	177193433916206	177193415589748
177193439598915	177193467267144	177193439514228
177193453609071	177193483937717	177193446152300
177193470637717	177193500609487	177193470362248
177193532571103	177193550625112	177193532461675
177193538825686	177193567297665	177193537971884
177193557007821	177193583973289	177193556904957
177193576389488	177193600649070	177193576302561
177193587877196	177193617325582	177193587160321
177193652078342	177193684032143	177193651936259
177193670473186	177193700708706	177193656302405
177193686827405	177193717381884	177193678326884
177193704273915	177193734059696	177193704164748
177193772239123	177193800749539	177193772025217
177193795760113	177193817423290	177193795698602
177193812198915	177193834096831	177193812137509
177193820563863	177193850771831	177193820289748
177193892610842	177193917471831	177193892494800
177193915105425	177193934151258	177193914868707
177193922315998	177193950827508	177193922266623
177193937062404	177193967504279	177193937003134
177194010409436	177194034216259	177194010285634
177194032844748	177194050891779	177194032787352
177194040140061	177194067570633	177194040042769
177194054104696	177194084250372	177194053580217
177194125479800	177194150965372	177194125385790
177194145898029	177194167644227	177194145843394
177194168496519	177194200998966	177194168401675
177194188723446	177194217680112	177194171098342
177194241695217	177194267718290	177194241571571
177194264364123	177194284399175	177194264311675
177194271553550	177194301079800	177194271498498
177194287961050	177194317762456	177194287253498
177194361193133	177194384475737	177194361102300
177194384088394	177194401154695	177194383925738
177194391354748	177194417831675	177194391307300
177194406516258	177194434507769	177194406440217
177194421891206	177194451185321	177194421261988
177194471807196	177194501217352	177194471719696
177194492044435	177194517894695	177194491978185
177194509439592	177194534573550	177194509383342
177194521456623	177194551258810	177194520934435
177194589350633	177194617969696	177194589253915
177194610050269	177194634648237	177194609995425
177194630035529	177194651329331	177194629928133
177194637511050	177194668009591	177194637468133
177194694115842	9223372036854775807	177194694029331

=== poll 1790150494.098152929
16666666
177194168496519	177194200998966	177194168401675
177194188723446	177194217680112	177194171098342
177194241695217	177194267718290	177194241571571
177194264364123	177194284399175	177194264311675
177194271553550	177194301079800	177194271498498
177194287961050	177194317762456	177194287253498
177194361193133	177194384475737	177194361102300
177194384088394	177194401154695	177194383925738
177194391354748	177194417831675	177194391307300
177194406516258	177194434507769	177194406440217
177194421891206	177194451185321	177194421261988
177194471807196	177194501217352	177194471719696
177194492044435	177194517894695	177194491978185
177194509439592	177194534573550	177194509383342
177194521456623	177194551258810	177194520934435
177194589350633	177194617969696	177194589253915
177194610050269	177194634648237	177194609995425
177194630035529	177194651329331	177194629928133
177194637511050	177194668009591	177194637468133
177194694115842	177194718044799	177194694029331
177194713827873	177194734721414	177194713713237
177194722086623	177194751398029	177194722013290
177194738321623	177194768073081	177194737744748
177194803286519	177194834785268	177194803172040
177194820974383	177194851468498	177194806831883
177194837494748	177194868148706	177194827985425
177194853961727	177194884830945	177194852180529
177194870471362	177194901510998	177194854112925
177194914656154	177194934872612	177194914522352
177194939412977	177194968237612	177194939279852
177194963878446	177194984917977	177194963823862
177194971672977	177195001599956	177194971079748
177195020929800	177195051640841	177195020856987
177195045412300	177195068320842	177195045332039
177195062282352	177195084999748	177195062203081
177195071314227	177195101677403	177195071276519
177195135581831	177195168386727	177195135472039
177195154362196	177195185064227	177195139703810
177195171618602	177195201747143	177195160474331
177195188580841	177195218430685	177195188023914
177195256252560	177195285148550	177195256142404
177195279458550	177195301827195	177195279381206
177195296855998	177195318505945	177195296792612
177195305260685	177195335187404	177195304980164
177195372206518	177195401899435	177195372086675
177195395268914	177195418580112	177195395171935
177195412723393	177195435262352	177195412643966
177195421817977	177195451941466	177195421461414
177195489876206	177195518642143	177195489761623
177195514985737	177195535316727	177195514873654
177195522382768	177195551994956	177195522331987
177195538239696	177195568672039	177195538183966
177195608870320	177195635370528	177195608749695
177195631564331	177195652047872	177195631423706
177195646503133	177195668726882	177195646428081
177195655690008	177195685404330	177195654873654
177195728029643	177195752109799	177195727862508
177195752511623	177195768787716	177195752428654
177195757261727	177195785468653	177195757212195
177195775675789	177195802148393	177195775601466
177195788440893	177195818829070	177195788388081
177195842595060	177195868867247	177195842418497
177195865750008	177195885547872	177195865680425
177195873474956	177195902228810	177195873421362
177195888809383	177195918909955	177195888719383
177195952971831	177195985628445	177195952890737
177195971935737	177196002307872	177195956187716
177195988635372	177196018986153	177195982120789
177196005095893	177196035661257	177195997425633
177196021439435	177196052338393	177196005173862
177196065727508	177196085696206	177196065600581
177196090916831	177196119053497	177196090847820
177196108749435	177196135731049	177196108689331
177196122231258	177196152413653	177196121865997
177196162078289	177196185779226	177196161935164
177196187031518	177196219141257	177196186948810
177196205394383	177196235818497	177196196826414
177196222145841	177196252497872	177196215027664
177196238960372	177196269183184	177196222116414
177196255509643	177196285869695	177196240534018
177196272674591	177196302554435	177196264235060
177196289070424	177196319235893	177196277081206
177196307800372	177196335914695	177196297772924
177196322420112	177196352596101	177196309930476
177196339428810	177196369277872	177196333574122
177196355622820	177196385954643	177196351481258
177196372909122	177196402633340	177196369827872
177196389914279	177196419313132	177196380639070
177196490844122	177196519382142	177196490703706
177196515591414	177196536057507	177196515497351
177196529761883	177196552732924	177196529699122
177196554546362	177196586080945	177196554465476
177196572095789	177196602757038	177196559890685
177196588735685	177196619432195	177196574372664
177196605843810	177196636105684	177196597364226
177196622213549	177196652779121	177196606269747
177196639038028	177196669451049	177196625663289
177196655485216	177196686122872	177196646933185
177196672277664	177196702797246	177196663347716
177196688680268	177196719471778	177196679470216
177196705509695	177196736147559	177196697304435
177196722475789	177196752824018	177196714383653
177196739723237	177196769501049	177196730404435
177196756312872	177196786181153	177196747585268
177196772333341	177196802862194	177196771029435
177196789142143	177196819540997	177196781986622
177196806552924	177196836217402	177196798417039
177196822336570	177196852891517	177196814859799
177196839176153	177196869563080	177196832217820
177196855720737	177196886236309	177196852577612
177196872300060	177196902911674	177196857558080
177196888992560	177196919588914	177196876070789
177196905774435	177196936264642	177196904301414
177196923874487	177196952940320	177196923808289
177196944362091	177196969615944	177196944268237
177196956556674	177196986292298	177196956262768
177196987414122	177197019648497	177196987337924
177197005977039	177197036323549	177196990601153
177197022460580	177197053000319	177197007463653
177197039111101	177197069677455	177197030368445
177197055799591	177197086353705	177197041416674
177197072488862	177197103028756	177197057654070
177197088846518	177197119704330	177197074929174
177197105954330	177197136379694	177197091285632
177197121983341	177197153050996	177197107738914
177197138977612	177197169723393	177197125874643
177197156177299	9223372036854775807	177197142301622

=== poll 1790150496.404475220
16666666
177197255558601	177197286469174	177197241585684
177197272612507	177197303147038	177197263045007
177197289472039	177197319827246	177197284466049
177197305616986	177197336507715	177197290929382
177197322664434	177197353186257	177197307830476
177197339234591	177197369863080	177197327614539
177197356629955	177197386538236	177197344792507
177197372812507	177197403214903	177197358062716
177197388827299	177197419892090	177197381141257
177197405938080	177197436570893	177197392882559
177197422553445	177197453249017	177197416536257
177197439187611	177197469923913	177197429541361
177197456284903	177197486600059	177197453398445
177197472929903	177197503275632	177197464791882
177197489657664	177197519953705	177197488772768
177197506387195	177197536630059	177197494233028
177197524762038	177197553308132	177197514620216
177197540066778	177197569984173	177197539387507
177197558377038	177197586658496	177197558288445
177197581797663	177197603330215	177197581716622
177197591133288	177197620005267	177197591089955
177197614528601	177197636677976	177197614459382
177197628786778	177197653350892	177197628731309
177197644985163	177197670024903	177197644895945
177197657510684	177197686702247	177197657460476
177197676348393	177197703378496	177197676272924
177197707578913	177197736735319	177197707485841
177197725703966	177197753412350	177197725636570
177197742453549	177197770091621	177197742386882
177197765587559	177197786766673	177197765513601
177197777916101	177197803445371	177197777844382
177197795806361	177197820124329	177197795745268
177197810556257	177197836802298	177197810477663
177197838183236	177197870153652	177197838072872
177197856405893	177197886832037	177197841656465
177197872852663	177197903509694	177197862500372
177197889565372	177197920187142	177197880802820
177197906444695	177197936865632	177197896267820
177197923171518	177197953544278	177197919731257
177197939651674	177197970220527	177197926888288
177197956389486	177197986898548	177197941501049
177197973609278	177198003574850	177197960982767
177197990575840	177198020250163	177197988260580
177198006338861	177198036927819	177197991530163
177198022949382	177198053602558	177198011373705
177198039597247	177198070279903	177198031152767
177198056446830	177198086957663	177198045905163
177198072886934	177198103634382	177198062139330
177198089751934	177198120309173	177198085359955
177198106195424	177198136983653	177198090964017
177198122971361	177198153658079	177198115530372
177198139869330	177198170335267	177198131249278
177198156316465	177198187010684	177198140640892
177198173006101	177198203684590	177198167441413
177198190239642	177198220363704	177198181696986
177198207415059	177198237041881	177198199170944
177198222867403	177198253717090	177198211760632
177198239726622	177198270394173	177198225917559
177198256880788	177198287067506	177198242228913
177198272976413	177198303742663	177198256904122
177198291005892	177198320414954	177198286792872
177198306847247	177198337087559	177198291208340
177198323047715	177198353762038	177198315281361
177198339852038	177198370437976	177198326201726
177198356311257	177198387114121	177198351593809
177198373186049	177198403788964	177198360961986
177198390439486	177198420464225	177198382319694
177198410379434	177198437140892	177198410309538
177198426013288	177198453816777	177198425934538
177198441568236	177198470494278	177198441511257
177198475698549	177198503858444	177198475600476
177198498755215	177198520539590	177198498670996
177198510700319	177198537220162	177198510566674
177198537533601	177198553897871	177198537440371
177198546526986	177198570576516	177198546455371
177198563049903	177198587249329	177198562953861
177198575503757	177198603923652	177198575447507
177198593770736	177198620597923	177198593704851
177198608774121	177198637273080	177198608706101
177198627719278	177198653950319	177198627641413
177198641334746	177198670627767	177198641255423
177198663069590	177198687305632	177198662979903
177198678874903	177198703987037	177198678793132
177198694445163	177198720667142	177198694348601
177198710925892	177198737347767	177198710849330
177198731381673	177198754030475	177198731302611
177198748672403	177198770709537	177198748614590
177198760923496	177198787389121	177198760861465
177198778758965	177198804071777	177198778684955
177198792628236	177198820752455	177198792563392
177198823584434	177198854109798	177198823501934
177198845957455	177198870785475	177198845905892
177198862394538	177198887461829	177198862296986
177198886167246	177198904137245	177198886071986
177198890686830	177198920811725	177198890641517
177198915904121	177198937487662	177198915831205
177198939676153	177198970836204	177198939573392
177198957117871	177198987511777	177198942126361
177198973728340	177199004183391	177198962412194
177198990034225	177199020856464	177198975650528
177199006959330	177199037530527	177198993623028
177199024467090	177199054207819	177199023335059
177199041247142	177199070884797	177199041176100
177199068857871	177199087562402	177199068655632
177199076761777	177199104238287	177199076675996
177199091666361	177199120915319	177199091615215
177199119134538	177199137591881	177199119017090
177199126136205	177199154273235	177199126086465
177199141668236	177199170950683	177199141597559
177199169649850	177199187629433	177199169548600
177199180563652	177199204307975	177199180479955
177199191152975	177199220987037	177199191037663
177199207492819	177199237666048	177199207432142
177199231582194	177199254347507	177199231507663
177199242091152	177199271029172	177199242019486
177199262880163	177199287709745	177199262814017
177199281124538	177199304388443	177199281054798
177199295586309	177199321068965	177199295508392
177199318429382	177199337745996	177199318365996
177199326515632	177199354425787	177199326431204
177199344469746	177199371107610	177199344397975
177199360953027	177199387787870	177199360893548
177199379752975	177199404468183	177199379692454
177199405406882	177199437827819	177199405335736
177199423973444	177199454507350	177199408032923
177199448524486	177199471186620	177199448453288
177199458577715	9223372036854775807	177199458511048

=== poll 1790150498.717956261
16666666
177199326515632	177199354425787	177199326431204
177199344469746	177199371107610	177199344397975
177199360953027	177199387787870	177199360893548
177199379752975	177199404468183	177199379692454
177199405406882	177199437827819	177199405335736
177199423973444	177199454507350	177199408032923
177199448524486	177199471186620	177199448453288
177199458577715	177199487866933	177199458511048
177199475419329	177199504544173	177199475336517
177199490896361	177199521219017	177199490830059
177199509541309	177199537892037	177199509448444
177199535078079	177199554566828	177199534950579
177199551616517	177199571240319	177199551533704
177199560216204	177199587913391	177199560096621
177199583100944	177199604585579	177199583031309
177199590595996	177199621257870	177199590551413
177199620858652	177199637932975	177199620776673
177199639700267	177199671289017	177199639532871
177199658152819	177199687962245	177199647595059
177199674812506	177199704642141	177199675071309
177199697442975	177199721318287	177199697354694
177199709907246	177199737994120	177199709839538
177199728081569	177199754669120	177199727996256
177199745175527	177199771347194	177199745106621
177199767214538	177199788028131	177199767138079
177199775551777	177199804707141	177199775491048
177199801184694	177199821385006	177199801102298
177199807446465	177199838059746	177199807400006
177199834178079	177199854735787	177199834083131
177199842482506	177199871409016	177199842415736
177199869105111	177199888082506	177199869022038
177199879165423	177199904757558	177199879106777
177199900141465	177199921435371	177199900058079
177199907563079	177199938111933	177199907514642
177199944630527	177199971463392	177199944540996
177199980169642	177200004813339	177199980088808
177200006015215	177200038158807	177200005922454
177200026057663	177200054834069	177200009299485
177200056561933	177200088187453	177200056472558
177200080656360	177200104863808	177200080583652
177200104483340	177200121538443	177200104395475
177200111533288	177200138214120	177200111480579
177200142982298	177200171565735	177200142858548
177200158381621	177200188243964	177200158117246
177200180850840	177200204921308	177200180755319
177200198344069	177200221596516	177200198273600
177200223721777	177200254941151	177200223618808
177200241130215	177200271614224	177200228710631
177200257847350	177200288288235	177200251110892
177200276231777	177200304959797	177200275163912
177200294148131	177200321632349	177200294085110
177200311253496	177200338307610	177200311200110
177200333822090	177200354984225	177200333720058
177200351946673	177200371662193	177200351857662
177200360134277	177200388337298	177200360074173
177200397209277	177200421683339	177200397106100
177200409468027	177200438359225	177200409400319
177200442142662	177200471716829	177200442064329
177200457767871	177200488398079	177200447625683
177200487554798	177200505077714	177200487450058
177200491668600	177200521753704	177200491072246
177200521254485	177200538430214	177200521157975
177200536915423	177200555107245	177200536830423
177200557544954	177200588455370	177200557449850
177200574441621	177200605130631	177200568543600
177200591164173	177200621807818	177200579177819
177200607872506	177200638482141	177200598882037
177200624464277	177200655155526	177200607924589
177200641454329	177200671828912	177200632736412
177200657922037	177200688506776	177200647216881
177200674510944	177200705184589	177200671622298
177200691623287	177200721861724	177200677273496
177200709019016	177200738539433	177200696087766
177200725723652	177200755214224	177200724997662
177200743132037	177200771887350	177200743046360
177200762052923	177200788559745	177200761966360
177200783762558	177200805232141	177200783691308
177200794640110	177200821912141	177200794560266
177200813709954	177200838593704	177200813636985
177200825268912	177200855276568	177200825196100
177200841470162	177200871957349	177200841397037
177200867426464	177200888636099	177200867341256
177200892473391	177200921992036	177200892370735
177200907969173	177200938668183	177200897398183
177200925865839	177200955342558	177200925749277
177200963504433	177200988692714	177200963382871
177200980874016	177201005367974	177200980781464
177201007449329	177201038716256	177201007295995
177201024864954	177201055393027	177201013863652
177201044223131	177201072066255	177201044111464
177201058449485	177201088740005	177201047174798
177201075043704	177201105416099	177201058522714
177201091424173	177201122091828	177201089367141
177201108245058	177201138770683	177201104794798
177201125640162	177201155446359	177201117127245
177201143879745	177201172124433	177201143787245
177201158258443	177201188800370	177201149383912
177201175623339	177201205475631	177201165051985
177201191069798	177201222153391	177201180067245
177201207968027	177201238831829	177201202600943
177201224879693	177201255510786	177201213506673
177201241792922	177201272188703	177201238654329
177201258486100	177201288867974	177201247227089
177201274978808	177201305545891	177201270446777
177201291986412	177201322222714	177201275949329
177201310747297	177201338900943	177201310635631
177201324861256	177201355579797	177201320779433
177201342272245	177201372255474	177201332484641
177201358772506	177201388931620	177201343349641
177201374949329	177201405610005	177201364518756
177201391586985	177201422287870	177201377000579
177201408707454	177201438965942	177201402861516
177201425061568	177201455646203	177201412303912
177201442006568	177201472325526	177201427510475
177201458342402	177201488999276	177201457898495
177201482279589	177201505674172	177201482187922
177201501337454	177201522350891	177201501236204
177201521435735	177201539027505	177201521378912
177201537974016	177201555704693	177201537888964
177201554903131	177201572381047	177201554798183
177201561665735	177201589057037	177201561595787
177201582941308	177201605736828	177201582858599
177201599725891	177201622414537	177201599668964
177201700363235	177201722480995	177201700242193
177201721677454	177201739159536	177201721597506
177201726286256	177201755841620	177201726242506
177201746564745	177201772523755	177201746505631

=== poll 1790150501.037978968
16666666
177201893157818	177201922665318	177201884839328
177201908466256	177201939347713	177201895942610
177201925942714	177201956026932	177201922358183
177201942326099	177201972705786	177201933195370
177201959237453	177201989388026	177201945979485
177201975833339	177202006073703	177201975553964
177202006966099	177202039443391	177202006789120
177202025817558	177202056122349	177202011594328
177202042704745	177202072802297	177202035531568
177202058749901	177202089481985	177202054315162
177202075758443	177202106163547	177202071353495
177202092975891	177202122844953	177202086811776
177202112125787	177202139524328	177202112040266
177202131160630	177202156205525	177202131078495
177202163740995	177202189561828	177202163627297
177202178706412	177202206241620	177202178637245
177202193124328	177202222916515	177202186432089
177202209506568	177202239593026	177202201120578
177202225645370	177202256272974	177202225590995
177202248048651	177202272955630	177202247961672
177202260812505	177202289639796	177202260699068
177202278260110	177202306322662	177202278180735
177202294396360	177202322999589	177202294311672
177202327135162	177202356353182	177202327005578
177202342581724	177202373033182	177202332459797
177202358938599	177202389717921	177202350669693
177202376133235	177202406400786	177202372551672
177202393062714	177202423083182	177202385282974
177202409736620	177202439769484	177202401026203
177202425582818	177202456455474	177202410828703
177202442376412	177202473133598	177202440720578
177202459049641	177202489812714	177202448166985
177202475907610	177202506490578	177202467862245
177202492434380	177202523171932	177202478532870
177202509057662	177202539854484	177202493371828
177202525681047	177202556538963	177202511185005
177202542557922	177202573220109	177202529641255
177202559394172	177202589899900	177202545956620
177202575741880	177202606580578	177202567363703
177202592750057	177202623259692	177202580530422
177202609917349	177202639936098	177202604242714
177202626264953	177202656616775	177202618442089
177202642610057	177202673297401	177202636494901
177202659368547	177202689974849	177202650045057
177202675963026	177202706654536	177202660501724
177202692775578	177202723334536	177202676825682
177202709294641	177202740013286	177202695511984
177202726060578	177202756691567	177202721107401
177202742517714	177202773371671	177202728572870
177202759544849	177202790052401	177202752698287
177202776023911	177202806732765	177202761453755
177202796604380	177202823413181	177202796379536
177202816899693	177202840093129	177202816828234
177202838689589	177202856769536	177202838612453
177202845173443	177202873450474	177202845114068
177202861555266	177202890131776	177202861482193
177202881199953	177202906812661	177202881126203
177202901535734	177202923495890	177202901452297
177202917566047	177202940178546	177202917491307
177202930933182	177202956857817	177202930870370
177202951901307	177202973539432	177202951812974
177202960547089	177202990219848	177202960490161
177202987931307	177203006902400	177202987859797
177202995723599	177203023586307	177202995661620
177203021281151	177203040268598	177203021201828
177203031106620	177203056953494	177203031034641
177203048427870	177203073637921	177203048361672
177203067040213	177203090323963	177203066977713
177203086787141	177203107009067	177203086705630
177203093502974	177203123696515	177203093448391
177203116102766	177203140382140	177203116031984
177203133716047	177203157067349	177203133620995
177203167615786	177203190436359	177203167524588
177203181493443	177203207118807	177203181425213
177203203446620	177203223802088	177203203375161
177203211073963	177203240479275	177203211023911
177203231938547	177203257155734	177203231869120
177203252462140	177203273832504	177203252372870
177203261307765	177203290510369	177203261252245
177203308062193	177203340539692	177203307950318
177203327479328	177203357219744	177203315429797
177203343655630	177203373900682	177203332577349
177203360070057	177203390578755	177203346176984
177203376888703	177203407255161	177203362400995
177203393215213	177203423933755	177203379735526
177203410060630	177203440613077	177203395691984
177203426725526	177203457290317	177203420292713
177203444056255	177203473966880	177203439304120
177203460468234	177203490645369	177203451833338
177203476760213	177203507319640	177203464472453
177203493373859	177203523996828	177203477681880
177203510079328	177203540674535	177203507860005
177203526652713	177203557353963	177203512777192
177203543111515	177203574033442	177203531466411
177203560016567	177203590713286	177203547513495
177203576630526	177203607391984	177203562507765
177203593455474	177203624074692	177203590667609
177203610137505	177203640754901	177203602240682
177203626698442	177203657432453	177203611007609
177203643627088	177203674109952	177203640171619
177203660598234	177203690787504	177203646224797
177203677011776	177203707459119	177203665907192
177203693587244	177203724135108	177203681683130
177203710079692	177203740813130	177203699365213
177203727231463	177203757494327	177203716951151
177203743695161	177203774178546	177203731063807
177203760180630	177203790861046	177203750504015
177203776738390	177203807539796	177203768314901
177203793418234	177203824218389	177203790078286
177203810188026	177203840896984	177203802624276
177203826927817	177203857576880	177203824230057
177203843580890	177203874252921	177203831329640
177203860368755	177203890930160	177203846053755
177203877363130	177203907608494	177203865974276
177203894666463	177203924287088	177203884301932
177203910284536	177203940966306	177203900719953
177203926727088	177203957646776	177203911871463
177203943247765	177203974325474	177203933218651
177203960192296	177203991001932	177203945419067
177203977057974	177204007681515	177203966274953
177203993621307	177204024358182	177203984829849
177204010484276	177204041038025	177203996155161
177204026996099	177204057714848	177204026061828
177204043616203	177204074389743	177204031122557
177204060185109	177204091067505	177204050521567
177204076673963	177204107743598	177204065339640
177204094249692	9223372036854775807	177204079780890

=== poll 1790150503.350119644
16666666
177204231412036	177204257831410	177204231356359
177204244753859	177204274507713	177204244704328
177204262554640	177204291184536	177204262464484
177204285860682	177204307860421	177204285792609
177204302850786	177204324536463	177204302777192
177204320433546	177204341209952	177204320325213
177204333989275	177204357886463	177204333916671
177204346020682	177204374564275	177204345933338
177204371211255	177204391239379	177204371140578
177204383892348	177204407912973	177204383824171
177204404748234	177204424586567	177204404660630
177204416076567	177204441257139	177204416020057
177204431199119	177204457930682	177204431137348
177204451555734	177204474604744	177204451474848
177204461000578	177204491280317	177204460949015
177204482683286	177204507954691	177204482611932
177204501309953	177204524629171	177204501223494
177204512026671	177204541305890	177204511941463
177204530984223	177204557982504	177204530922192
177204552549432	177204574661045	177204552467505
177204569741775	177204591340889	177204569636932
177204579538077	177204608020785	177204579486515
177204595703650	177204624700005	177204595640109
177204615096827	177204641379014	177204615019536
177204632394223	177204658058441	177204632332036
177204648115630	177204674738650	177204647923598
177204666467296	177204691418077	177204666390734
177204680538234	177204708096307	177204680471202
177204715071671	177204741445890	177204714987557
177204736205265	177204758118389	177204736128754
177204757561307	177204774798441	177204757470004
177204761483286	177204791478962	177204761421827
177204782447609	177204808157191	177204782400109
177204797822504	177204824834795	177204797737400
177204821227244	177204841512035	177204821146723
177204834919536	177204858189848	177204834865890
177204850771150	177204874868234	177204850704275
177204871823234	177204891545108	177204871718598
177204880414900	177204908222608	177204880341150
177204903521515	177204924902816	177204903408963
177204914510317	177204941582765	177204914454588
177204936274223	177204958263858	177204936218286
177204947580577	177204974943077	177204947521567
177204971521411	177204991621983	177204971447661
177204985073494	177205008297504	177204985020109
177205006612556	177205024976045	177205006521671
177205016156671	177205041653337	177205016098806
177205043555317	177205075006618	177205043475421
177205061121723	177205091687661	177205048143702
177205077832244	177205108367244	177205065890056
177205094434015	177205125043858	177205081025161
177205112094640	177205141720681	177205105618286
177205128766671	177205158400473	177205113694327
177205144621931	177205175079795	177205132592036
177205161140629	177205191757243	177205145749692
177205177675004	177205208435681	177205171800525
177205194052244	177205225111775	177205180596619
177205210804327	177205241789171	177205201295786
177205227371046	177205258464171	177205218523077
177205244290421	177205275141514	177205239483702
177205260957608	177205291818701	177205245981827
177205277550213	177205308494691	177205265669223
177205294432869	177205325171566	177205287582400
177205311664796	177205341845889	177205304118025
177205328718129	177205358518650	177205315353911
177205345011567	177205375190368	177205328981723
177205361332452	177205391867556	177205346444848
177205382977504	177205408545993	177205382879640
177205395789119	177205425226775	177205395720681
177205427840056	177205458582556	177205427735838
177205444784692	177205475260004	177205433789327
177205461701150	177205491936931	177205451756619
177205478341567	177205508615889	177205474987088
177205494681879	177205525291983	177205480096619
177205512097452	177205541971722	177205503073181
177205528166410	177205558651358	177205515429640
177205544809067	177205575330108	177205534750369
177205560937140	177205592009691	177205545995890
177205577819483	177205608689587	177205569387713
177205594652817	177205625368962	177205585335160
177205611520890	177205642046722	177205595895733
177205627977035	177205658725576	177205619732452
177205644836098	177205675403910	177205632300837
177205661392244	177205692080160	177205655251202
177205677700942	177205708753702	177205672683910
177205694384848	177205725427243	177205681393181
177205725231358	177205742103754	177205725132452
177205732203858	177205758777712	177205732103494
177205746786983	177205775453493	177205746709640
177205778166931	177205808802712	177205778079640
177205795266202	177205825472504	177205795116983
177205816451983	177205842145368	177205816385004
177205831136619	177205858818441	177205831053233
177205854629848	177205875490837	177205854531983
177205868060212	177205892164483	177205867979379
177205895427244	177205925513494	177205895340681
177205917615108	177205942188858	177205917521098
177205936606723	177205958866826	177205936528389
177205951182921	177205975541826	177205951120629
177205965367296	177205992219535	177205965320004
177205990542869	177206008894639	177205990470160
177206004377400	177206025567868	177206004326827
177206016100733	177206042241046	177206016056723
177206038573858	177206058915889	177206038473441
177206047332244	177206075589587	177206047265681
177206068346358	177206092264066	177206068235421
177206083639171	177206108941150	177206083553389
177206105065004	177206125617712	177206104986462
177206118028233	177206142293754	177206117965577
177206141271306	177206158970004	177206141178650
177206145862973	177206175650264	177206145814796
177206169378650	177206192330055	177206169324587
177206185600889	177206209006045	177206185544796
177206209614431	177206225681931	177206209508858
177206216180994	177206242357191	177206216115004
177206229707660	177206259033285	177206229649119
177206246153650	177206275710889	177206246084066
177206272334327	177206292387972	177206272264014
177206291453650	177206309065316	177206291375681
177206295653962	177206325742295	177206295604066
177206319186514	177206342414587	177206319123233
177206332509483	177206359090212	177206332448493
177206351102660	177206375764482	177206351024379
177206368924431	177206392438077	177206368824900
177206380533650	177206409112920	177206380484639
177206401713285	177206425789951	177206401624431
177206421254171	9223372036854775807	177206421173025

=== poll 1790150505.683493966
16666666
177206474789900	177206492493128	177206474693858
177206482168754	177206509171566	177206482100889
177206502060473	177206525851722	177206501998545
177206521186045	177206542531410	177206521128181
177206535976358	177206559211202	177206535910733
177206550344118	177206575892243	177206550270420
177206576651723	177206609249483	177206576535577
177206596040212	177206625926722	177206581341879
177206611556462	177206642603285	177206597026827
177206628548441	177206659282295	177206615780577
177206645348702	177206675960056	177206631269691
177206662465160	177206692637243	177206656757660
177206678583493	177206709315681	177206667329170
177206695345837	177206725991774	177206686766150
177206712165212	177206742666097	177206706190733
177206728852972	177206759340420	177206719902243
177206745149118	177206776018701	177206732207243
177206762685212	177206792695628	177206751146254
177206779032660	177206809371722	177206767875108
177206795462712	177206826044743	177206787479952
177206812388650	177206842720003	177206804823441
177206828545160	177206859393076	177206813110004
177206845411931	177206876070264	177206832858858
177206862009379	177206892745160	177206856512920
177206878746722	177206909423701	177206870080160
177206895397712	177206926098805	177206881649066
177206912047556	177206942775940	177206907988545
177206928774587	177206959451879	177206912733806
177206945206983	177206976130785	177206930984379
177206963020160	177206992810003	177206962866462
177206986569170	177207009486566	177206986492452
177206999248806	177207026163336	177206999191045
177207015553962	177207042836721	177207015493754
177207042318441	177207059511096	177207042239431
177207053264587	177207076187867	177207053209952
177207080979743	177207109539847	177207080980056
177207099773077	177207126212243	177207099675108
177207117013806	177207142886201	177207116913441
177207135102764	177207159562972	177207134969899
177207151666201	177207176236305	177207151582712
177207172250785	177207192911669	177207172168806
177207187221514	177207209588649	177207187153962
177207211327920	177207242937295	177207211227087
177207229563493	177207259613961	177207215472347
177207245669743	177207276286878	177207234655889
177207262515212	177207292960993	177207245806201
177207279684118	177207309634847	177207268851722
177207295486826	177207326307815	177207286044691
177207312344118	177207342982294	177207300456566
177207329092712	177207359659326	177207321123337
177207349513701	177207376337347	177207349435733
177207363476774	177207393010211	177207362553128
177207385263962	177207409684587	177207385158701
177207401623128	177207426358492	177207401534326
177207423398701	177207443035107	177207423226462
177207440815420	177207459713128	177207440717451
177207447156462	177207476389065	177207447088701
177207466894118	177207493065524	177207466835160
177207483954899	177207509741357	177207483861774
177207506126358	177207526415315	177207506041878
177207515676670	177207543087919	177207515603389
177207549163441	177207576427451	177207549078076
177207562853128	177207593096513	177207558256670
177207580354378	177207609769430	177207567043180
177207596379378	177207626442243	177207584591826
177207612785837	177207643116878	177207597333128
177207629139691	177207659789847	177207615235785
177207645704639	177207676459951	177207630754743
177207662384014	177207693130628	177207648719274
177207679112087	177207709799690	177207667466566
177207695692347	177207726476253	177207692804899
177207712458285	177207743152920	177207698495316
177207729424483	177207759828284	177207727133962
177207746152816	177207776503232	177207730161774
177207762422035	177207793176252	177207748030576
177207779171410	177207809849795	177207766696305
177207797101774	177207826524899	177207783937607
177207812947816	177207843202659	177207797097087
177207834432139	177207859876617	177207834363285
177207851727712	177207876550993	177207851654014
177207868228076	177207893227503	177207868136566
177207885894743	177207909903857	177207885791149
177207896959170	177207926577607	177207896882347
177207916899899	177207943252191	177207916827243
177207937361774	177207959928232	177207937282868
177207951773805	177207976603857	177207951685107
177207972734951	177207993276357	177207972621097
177207994384639	177208026628596	177207994285368
177208013479482	177208043305055	177207997753441
177208030120368	177208059981149	177208018784587
177208046120420	177208076656930	177208039871409
177208062823024	177208093332815	177208054574014
177208079511045	177208110004013	177208067458649
177208096121566	177208126676253	177208084665628
177208112948180	177208143351722	177208102186670
177208129604430	177208160024065	177208117387764
177208146208180	177208176696670	177208137702712
177208162938024	177208193369795	177208160863337
177208179403128	177208210043389	177208165451201
177208201372087	177208226713649	177208201267034
177208228114534	177208260060784	177208227996097
177208246352243	177208276733857	177208232179378
177208262751305	177208293406357	177208250826253
177208286046201	177208310079638	177208285955836
177208301282399	177208326752139	177208301210524
177208329337555	177208360092919	177208329255211
177208358636878	177208376764586	177208358540941
177208362905784	177208393433701	177208362858753
177208405658024	177208426774117	177208405561097
177208425830264	177208443447763	177208425764170
177208432081097	177208460120315	177208431994326
177208465433493	177208493464742	177208465297920
177208482603336	177208510140576	177208482530524
177208499901826	177208526817450	177208499794691
177208518226566	177208543492138	177208518150368
177208540103857	177208560165731	177208539977972
177208552909586	177208576839482	177208552824951
177208579553597	177208610185992	177208579431201
177208596378597	177208626861408	177208586019691
177208613622868	177208643537607	177208600895420
177208630217347	177208660212502	177208617334378
177208646218441	177208676886877	177208631005263
177208662906513	177208693561773	177208657778388
177208679300628	177208710233180	177208665664899
177208695951774	177208726903128	177208692153024
177208713272399	177208743577085	177208701065732
177208729331774	177208760253231	177208722906826

=== poll 1790150508.012271830
16666666
177208879879170	177208910340835	177208873596930
177208896775524	177208927017450	177208884589378
177208913099951	177208943695419	177208905391409
177208929757347	177208960374430	177208920958545
177208946814795	177208977048909	177208946744586
177208965659795	177208993723388	177208965594274
177208983902711	177209010397398	177208983827659
177209005861982	177209027069846	177209005788076
177209019018284	177209043741357	177209018958701
177209030391097	177209060410888	177209030339951
177209055825420	177209077082190	177209055750888
177209070923961	177209093752971	177209070858597
177209081084170	177209110424429	177209081015940
177209109672972	177209127102294	177209109569430
177209121964586	177209143778075	177209121888180
177209145120836	177209177130836	177209145003284
177209163078753	177209193805627	177209149300472
177209179735055	177209210478387	177209168553753
177209196144169	177209227155158	177209180425732
177209212715836	177209243832555	177209197909169
177209229901044	177209260508388	177209215654169
177209246759117	177209277184273	177209237329065
177209262812867	177209293859690	177209255560992
177209280213857	177209310535940	177209273844169
177209296599065	177209327208960	177209280713492
177209313384065	177209343887555	177209307741826
177209329786253	177209360564637	177209315812555
177209346424430	177209377239169	177209334381826
177209362991617	177209393913648	177209351083701
177209383778596	177209410584534	177209383722659
177209399084586	177209427257137	177209399034690
177209421288701	177209443924950	177209421211721
177209435654221	177209460595471	177209435586201
177209459792242	177209477265054	177209459711461
177209464882086	177209493935576	177209464831305
177209480755628	177209510606409	177209480703857
177209504217451	177209527275367	177209504151930
177209516913076	177209543945940	177209516852919
177209550369013	177209577282502	177209550246982
177209570082867	177209593951773	177209570003909
177209586122971	177209610621304	177209586045576
177209600600107	177209627294534	177209600526826
177209622378076	177209643967658	177209622295107
177209634679273	177209660636096	177209634618701
177209658192711	177209677307763	177209658118180
177209672247086	177209693980002	177209672169221
177209691447503	177209710654273	177209691373023
177209700908701	177209727328336	177209700835732
177209716209898	177209744002242	177209716129898
177209730549638	177209760675367	177209730462919
177209754082450	177209777349794	177209753861825
177209772746044	177209794023283	177209772679794
177209793482294	177209810695575	177209793375940
177209797778336	177209827371252	177209797723388
177209814814378	177209844048127	177209814747919
177209830572711	177209860720627	177209830483648
177209850730680	177209877394689	177209850662711
177209879980471	177209910748335	177209879894378
177209896749117	177209927420991	177209885594221
177209913448648	177209944093127	177209908814013
177209933345159	177209960761982	177209933275003
177209948435732	177209977434793	177209948380367
177209965250315	177209994104950	177209965205159
177209988622294	177210010778231	177209988535002
177210004454690	177210027449012	177210004388596
177210025931513	177210044119012	177210025822815
177210031820888	177210060790523	177210031765732
177210049627398	177210077461877	177210049556305
177210065475784	177210094135471	177210065421669
177210093621617	177210110810835	177210093544482
177210100802242	177210127489638	177210100757398
177210121279690	177210144169169	177210121218180
177210132526252	177210160847554	177210132457034
177210151008440	177210177523596	177210150899690
177210167181877	177210194196096	177210167127919
177210186236669	177210210867918	177210186185627
177210209285627	177210227541409	177210209194429
177210219892138	177210244215575	177210219842034
177210230888544	177210260888648	177210230831773
177210256652554	177210277563491	177210256554586
177210268955263	177210294240262	177210268876461
177210284890627	177210310913804	177210284821721
177210300153284	177210327585783	177210300087190
177210316660627	177210344256772	177210316560054
177210334641304	177210360924898	177210334550263
177210351213804	177210377596044	177210351140419
177210364809013	177210394267658	177210364743336
177210381417346	177210410940002	177210381339690
177210398179742	177210427607138	177210398094221
177210416781304	177210444275679	177210416698023
177210436517763	177210460941356	177210436446513
177210452189169	177210477604742	177210452108804
177210469916096	177210494268648	177210469811773
177210481580263	177210510930367	177210481522659
177210502896409	177210527593335	177210502820836
177210525307086	177210544264168	177210525206148
177210531544690	177210560934741	177210531494325
177210560186409	177210577605210	177210560110940
177210572574690	177210594276825	177210572499742
177210583721148	177210610949377	177210583668752
177210605431252	177210627620470	177210605357242
177210617685940	177210644290523	177210617634377
177210642895731	177210660960419	177210642801513
177210656746356	177210677632971	177210656658700
177210666265002	177210694302501	177210666206252
177210699332190	177210727643023	177210699240575
177210714535575	177210744317502	177210707599169
177210730878388	177210760989585	177210720459117
177210747106773	177210777661304	177210735454898
177210763809013	177210794333387	177210750343752
177210780718127	177210811003648	177210769607763
177210797356408	177210827675054	177210786758804
177210813531981	177210844347710	177210800668023
177210831367294	177210861021303	177210823199794
177210847137242	177210877693804	177210834841461
177210864138335	177210894362397	177210853016721
177210880993960	177210911032085	177210880829169
177210921418075	177210944374273	177210921344481
177210933581304	177210961043647	177210933521565
177210963723179	177210994379741	177210963636148
177210981462658	177211011051148	177210971569794
177210996951877	177211027720939	177210987430419
177211014200627	177211044389637	177211013340992
177211030361981	177211061060106	177211018020367
177211047200940	177211077732345	177211036569846
177211063574794	177211094401721	177211054347658
177211080502554	9223372036854775807	177211067913231

=== poll 1790150510.357533392
16666666
177211230514429	177211261122709	177211218844169
177211247270940	177211277795835	177211233605575
177211264126825	177211294469950	177211251310783
177211280838908	177211311142293	177211265221460
177211297117033	177211327818387	177211285452189
177211313706929	177211344494741	177211307340939
177211331450471	177211361170209	177211326382814
177211347594898	177211377847085	177211331920367
177211363727294	177211394524012	177211354093387
177211380742450	177211411199898	177211380534898
177211406465523	177211427875106	177211406380731
177211416009898	177211444552918	177211415925887
177211443317294	177211461230106	177211443195992
177211458359481	177211477910679	177211458265367
177211473373544	177211494585002	177211473286356
177211480965835	177211511259584	177211480728544
177211505254950	177211527933022	177211505134794
177211522409169	177211544607398	177211522346981
177211535884481	177211561282241	177211535820471
177211551652033	177211577955366	177211551587450
177211567895731	177211594626824	177211567812085
177211586886564	177211611297398	177211586804794
177211599268700	177211627971303	177211599220887
177211628468075	177211644640887	177211628392971
177211632243700	177211661313178	177211632182137
177211647875002	177211677986980	177211647802398
177211666576460	177211694661043	177211666499325
177211681232137	177211711337554	177211681168544
177211707560835	177211728011824	177211707463752
177211723999221	177211744685887	177211723885106
177211731920054	177211761361407	177211731856773
177211752978648	177211778035782	177211752897189
177211773857450	177211794711095	177211773745627
177211781177658	177211811388387	177211781120783
177211808964741	177211828064689	177211808857762
177211820224846	177211844737606	177211820104689
177211835730366	177211861415939	177211835671304
177211859472814	177211878092032	177211859378179
177211864826043	177211894770001	177211864773387
177211890969064	177211911445210	177211890891356
177211906831148	177211928121043	177211906742710
177211916135939	177211944791511	177211916065210
177211943158283	177211961463335	177211943036460
177211948763804	177211978138856	177211948703700
177211965484793	177211994810834	177211965417658
177211990136095	177212011480314	177211990068700
177212011558543	177212028151980	177212011480887
177212030102189	177212061495314	177212030006252
177212047726981	177212078167293	177212036133752
177212064481043	177212094841668	177212049230314
177212081016720	177212111515418	177212064936877
177212097238335	177212128189793	177212086279845
177212114301148	177212144866824	177212107324377
177212130655054	177212161542709	177212115567398
177212147290054	177212178219845	177212141701304
177212165075002	177212194896251	177212155441668
177212182235991	177212211571564	177212182162554
177212207227554	177212228246043	177212207123335
177212223271981	177212244922136	177212223189272
177212248161043	177212278271772	177212248049168
177212264374950	177212294941824	177212250819793
177212280915002	177212311610938	177212265984272
177212297592397	177212328279272	177212289476981
177212314736304	177212344950522	177212303603439
177212331225939	177212361623282	177212323493960
177212347507345	177212378296824	177212340381616
177212365397241	177212394973439	177212364377918
177212381532241	177212411648179	177212367241043
177212397730210	177212428325158	177212386259168
177212414295106	177212444998751	177212403510470
177212431005002	177212461672658	177212416324949
177212447428022	177212478348959	177212439761929
177212464596616	177212495024428	177212458387085
177212482826252	177212511698543	177212482704533
177212503160314	177212528373386	177212503083491
177212516031147	177212545042866	177212515946929
177212531500054	177212561711980	177212531436668
177212550307293	177212578383647	177212550229220
177212566280731	177212595054845	177212566212345
177212587946720	177212611725939	177212587878387
177212611764272	177212628397554	177212611687814
177212614969741	177212645066876	177212614921564
177212641403908	177212661734011	177212641321460
177212651000522	177212678402657	177212650919324
177212671804168	177212695076668	177212671740731
177212687661616	177212711747032	177212687593960
177212705878439	177212728415886	177212705803283
177212717279376	177212745085886	177212717211564
177212741891408	177212761759897	177212741820939
177212750844741	177212778435366	177212750786564
177212775794949	177212795111199	177212775668595
177212781879741	177212811787813	177212780968283
177212809509064	177212828461460	177212809417658
177212815098647	177212845139011	177212815040939
177212837046095	177212861814064	177212836969168
177212856408960	177212878487761	177212856330001
177212870278595	177212895161251	177212870209481
177212896442293	177212928506564	177212896391928
177212914486668	177212945179845	177212902536928
177212933499845	177212961857917	177212933412762
177212947898960	177212978534689	177212942481772
177212964287241	177212995211772	177212950879168
177212981387137	177213011885678	177212976313335
177212998278960	177213028555730	177212985445939
177213014672293	177213045226146	177213005889324
177213031067085	177213061899948	177213025171460
177213047986251	177213078573543	177213041827449
177213064795991	177213095246095	177213059029949
177213081273439	177213111918855	177213065592085
177213098115783	177213128588959	177213086887449
177213114503595	177213145259792	177213102157605
177213131152137	177213161932448	177213122598387
177213147991460	177213178606876	177213136044637
177213164576095	177213195279376	177213158651043
177213181329741	177213211953542	177213167046980
177213205022241	177213228623230	177213204898387
177213216271408	177213245293594	177213214868595
177213234607397	177213261966823	177213234519949
177213251165887	177213278640782	177213251097762
177213287841147	177213311987136	177213287771928
177213307066095	177213328665001	177213306989845
177213328603491	177213345340417	177213328524012
177213331844012	177213362014323	177213331799637
177213355523595	177213378682657	177213355444480
177213368940470	177213395355209	177213368821407
177213386030418	177213412030574	177213385963647
177213420191616	9223372036854775807	177213420115782

=== poll 1790150512.695115735
16666666
177213623119532	177213645495574	177213623038282
177213636323282	177213662163230	177213636249845
177213662111720	177213678831406	177213662046303
177213673966303	177213695501458	177213673903334
177213686993491	177213712174324	177213686936355
177213709789741	177213728846198	177213709702501
177213715941095	177213745520886	177213715860939
177213737451616	177213762193334	177213737355626
177213754533230	177213778864688	177213754435730
177213766122605	177213795537241	177213766065939
177213795721511	177213812208334	177213795651668
177213803617970	177213828879792	177213803564636
177213823301720	177213845551668	177213823197553
177213845177293	177213862223230	177213845088230
177213849474376	177213878895104	177213849417970
177213878889272	177213895567657	177213878804689
177213882820314	177213912242032	177213882762345
177213930612293	177213962259272	177213930508855
177213948388334	177213978934688	177213940525418
177213964843595	177213995608125	177213957250730
177213981593074	177214012283646	177213978216876
177213998429584	177214028959844	177213991522501
177214014712501	177214045636302	177214000801563
177214031593334	177214062313542	177214026495209
177214048141980	177214078992136	177214036789324
177214064868855	177214095672240	177214062613855
177214081971876	177214112349428	177214072416459
177214099708230	177214129023803	177214099590834
177214115085418	177214145699063	177214110173543
177214131663855	177214162375469	177214117349115
177214148447501	177214179052812	177214136250782
177214165089428	177214195727812	177214159932970
177214181560990	177214212403021	177214167513178
177214198360886	177214229080157	177214186068490
177214215129949	177214245754375	177214203572970
177214231653647	177214262429532	177214223597501
177214248510782	177214279103854	177214237942345
177214265104063	177214295781094	177214251035157
177214282002970	177214312458646	177214267114845
177214298766355	177214329136980	177214290984063
177214314802865	177214345817656	177214300430730
177214331848126	177214362501667	177214321320313
177214348242501	177214379182239	177214340744220
177214364880313	177214395858959	177214354329480
177214381334063	177214412536094	177214371209688
177214398181355	177214429216719	177214387692032
177214415245522	177214445896251	177214400023178
177214432864949	177214462576354	177214426561303
177214449360834	177214479255573	177214439220574
177214465183959	177214495935105	177214452992553
177214482916355	177214512612344	177214474186355
177214499088282	177214529291510	177214488030730
177214515424688	177214545969584	177214503397032
177214532043334	177214562645469	177214518960417
177214549175157	177214579320365	177214537574272
177214565777240	177214595998021	177214555831824
177214582179428	177214612675105	177214577858126
177214599146615	177214629347708	177214582471719
177214615578647	177214646022709	177214611768803
177214631982344	177214662697448	177214625275886
177214648659636	177214679373229	177214639578282
177214669557501	177214696050417	177214669455886
177214688875417	177214712728333	177214688780834
177214699303282	177214729407865	177214692973334
177214715594376	177214746079688	177214700467240
177214732016615	177214762752084	177214717350209
177214748699376	177214779426927	177214736172709
177214765253490	177214796100000	177214752360626
177214782000990	177214812774063	177214770074688
177214798897084	177214829444844	177214787200626
177214815606146	177214846118229	177214815058542
177214832096876	177214862794584	177214822474949
177214848757501	177214879466146	177214838489740
177214865725886	177214896138333	177214852146824
177214882805209	177214912813281	177214866511094
177214899281355	177214929487708	177214888622292
177214915389896	177214946161927	177214900867553
177214931921303	177214962837812	177214924299428
177214948887605	177214979509688	177214939978959
177214965643594	177214996185990	177214952937396
177214982074324	177215012861979	177214971270469
177214998896667	177215029539792	177214988127813
177215015531980	177215046216250	177215006585678
177215032167344	177215062894063	177215025629740
177215048857396	177215079568229	177215041109115
177215065555626	177215096241823	177215054181094
177215082409063	177215112917917	177215065725053
177215099435157	177215129596093	177215094453073
177215115868386	177215146271927	177215101390261
177215132447448	177215162944323	177215121363542
177215149138698	177215179619323	177215142889167
177215165690521	177215196296719	177215149408698
177215182264376	177215212972187	177215167619584
177215198736667	177215229649584	177215185690469
177215215551563	177215246329323	177215207704428
177215232287448	177215263009115	177215223841146
177215248914167	177215279686927	177215242098386
177215265834480	177215296360938	177215255001980
177215282209688	177215313034688	177215268626928
177215300570157	177215329710729	177215300480625
177215319095469	177215346386771	177215319009167
177215337828073	177215363063229	177215337770782
177215355856667	177215379737917	177215355793386
177215370740886	177215396411666	177215370675782
177215385858698	177215413083802	177215385805417
177215405036094	177215429756042	177215404968021
177215428429063	177215446423594	177215428329532
177215439193646	177215463090468	177215439123021
177215455026927	177215479761823	177215454930886
177215469221302	177215496435104	177215469153438
177215492029792	177215513107917	177215491936667
177215505591875	177215529780365	177215505534063
177215521348021	177215546450573	177215521285990
177215541828438	177215563121354	177215541765990
177215560449115	177215579791927	177215560373282
177215590000365	177215613133333	177215589905990
177215599400417	177215629806094	177215597942448
177215615811927	177215646479635	177215601594480
177215632522188	177215663153385	177215621437084
177215649238594	177215679823698	177215638619896
177215665888073	177215696494740	177215663409271
177215682624011	177215713168281	177215681925157
177215698929479	177215729842968	177215685880625
177215715622344	177215746514896	177215711814271
177215732971042	177215763185208	177215724927552
177215749639584	177215779858646	177215738025521
177215765780886	9223372036854775807	177215755676719

=== poll 1790150515.001057348
16666666
177215949605469	177215979918906	177215935488906
177215965947604	177215996590416	177215961477084
177215982450000	177216013260417	177215970549844
177215999217604	177216029931145	177215988268177
177216020401459	177216046603593	177216020303646
177216032569688	177216063274166	177216022840417
177216049302292	177216079948229	177216035809479
177216065704011	177216096622864	177216052909271
177216082913177	177216113296406	177216071488802
177216099364011	177216129968698	177216097423802
177216116798750	177216146642240	177216100853802
177216133220729	177216163317499	177216117874375
177216149764219	177216179992760	177216137183750
177216165713177	177216196662656	177216154490573
177216182753229	177216213332083	177216172165938
177216199288281	177216230001458	177216190157865
177216215981875	177216246672396	177216201545521
177216232796771	177216263344375	177216228488854
177216249341823	177216280019010	177216235717136
177216266190156	177216296692396	177216259296615
177216282616563	177216313368124	177216267275729
177216299209271	177216330043801	177216297312344
177216316023177	177216346723698	177216307565156
177216332625625	177216363403593	177216326721510
177216349714167	177216380082344	177216335811719
177216366517552	177216396759687	177216356075469
177216383151823	177216413437865	177216383085885
177216401350833	177216430114948	177216401279375
177216421019583	177216446787760	177216420942344
177216442069844	177216463461562	177216442007604
177216457276615	177216480137760	177216457207500
177216476268490	177216496811249	177216476167083
177216493098490	177216513486875	177216493025677
177216501208125	177216530161667	177216501117396
177216525777083	177216546833854	177216525713698
177216538580365	177216563508645	177216538521302
177216552415990	177216580185103	177216552356302
177216571518594	177216596863333	177216571453125
177216594689375	177216613543697	177216594532031
177216612624844	177216630222343	177216612551302
177216630818542	177216646899114	177216630722187
177216641213385	177216663576146	177216641074740
177216651100000	177216680249687	177216651033698
177216667423229	177216696924427	177216667358333
177216691781146	177216713600104	177216691569687
177216703077500	177216730277656	177216703008906
177216722110156	177216746955937	177216722033333
177216737233542	177216763633124	177216737161406
177216753994271	177216780310937	177216753918594
177216775643750	177216796988281	177216775556094
177216784781198	177216813664323	177216784716979
177216802252344	177216830338333	177216802165781
177216821733021	177216847015416	177216821657292
177216846330989	177216863692239	177216846243333
177216851151823	177216880366249	177216851090521
177216871972552	177216897041093	177216871904062
177216891546510	177216913720989	177216891462604
177216902446927	177216930397343	177216902386198
177216929238646	177216947072604	177216929150312
177216936445833	177216963748645	177216936378437
177216951350729	177216980424374	177216951282812
177216974250677	177216997098332	177216974185104
177216987120469	177217013767864	177216987047291
177217007261302	177217030438228	177217007162604
177217025793541	177217047112239	177217025732864
177217036061146	177217063788541	177217035950000
177217058663594	177217080463645	177217058574479
177217070805208	177217097141405	177217070729271
177217090025625	177217113819114	177217089949896
177217106964114	177217130495364	177217106897969
177217124122604	177217147171614	177217124033646
177217146267083	177217163845989	177217146154896
177217156387500	177217180518176	177217156303385
177217169676041	177217197189948	177217169605781
177217187206146	177217213859687	177217187135468
177217201293750	177217230529583	177217201218698
177217221066718	177217247202238	177217220989323
177217240252500	177217263878801	177217240171718
177217253479479	177217280555676	177217253399427
177217287361041	177217313901145	177217287255156
177217300993854	177217330574323	177217296278333
177217316744739	177217347250521	177217301712500
177217333665208	177217363927968	177217323437552
177217349861666	177217380605833	177217337240625
177217366823437	177217397279531	177217360635729
177217383766614	177217413949999	177217371930208
177217400122864	177217430623228	177217396578333
177217417010520	177217447295520	177217416084218
177217433580104	177217463970780	177217421525104
177217449854427	177217480648905	177217435968229
177217466653177	177217497328488	177217458542864
177217483570052	177217514008385	177217474366875
177217500215312	177217530685051	177217493613281
177217516530260	177217547361614	177217509999948
177217533531510	177217564036770	177217526797291
177217549972448	177217580709999	177217542191093
177217568046198	177217597383437	177217556740000
177217584777291	177217614052864	177217573766354
177217600989270	177217630724270	177217586252604
177217616770729	177217647395051	177217601506250
177217633742500	177217664065207	177217624109531
177217650535729	177217680738124	177217640244791
177217667144218	177217697409999	177217659379010
177217683764270	177217714085416	177217673277343
177217712954062	177217730758124	177217712857760
177217717374010	177217747432395	177217717310052
177217733436145	177217764106144	177217719621093
177217750247656	177217780778801	177217737372656
177217769180364	177217797450208	177217768970572
177217783354843	177217814125155	177217776150572
177217800971354	177217830799947	177217794291458
177217817474947	177217847478020	177217808504635
177217833500572	177217864157395	177217819240572
177217850411979	177217880832447	177217836354843
177217866639062	177217897506353	177217851902135
177217883636249	177217914184270	177217871766302
177217900180104	177217930862239	177217885869114
177217916879843	177217947540155	177217906334947
177217933607499	177217964216874	177217932218072
177217950175989	177217980897395	177217944289687
177217966874843	177217997573645	177217958453541
177217983947187	177218014246666	177217972200624
177218001231562	177218030918905	177218001052968
177218023925833	177218047592759	177218023858802
177218036367447	177218064266458	177218036297604
177218052430989	177218080940051	177218052364687
177218077941145	9223372036854775807	177218077828541

=== poll 1790150517.322292295
16666666
177218084695729	177218114289686	177218084620520
177218102427291	177218130966873	177218102326666
177218122917708	177218147640520	177218122839479
177218136808124	177218164314738	177218136736979
177218156203801	177218180985051	177218156132083
177218170562604	177218197656874	177218170486874
177218196304635	177218214329530	177218196218333
177218200820520	177218231005415	177218200764010
177218226581510	177218247681301	177218226492968
177218239834687	177218264357395	177218239755520
177218268098437	177218297706248	177218267970676
177218284366353	177218314384843	177218273490989
177218301352343	177218331060103	177218301241145
177218326155156	177218347732603	177218326073333
177218338463333	177218364404530	177218338401197
177218366157239	177218397753123	177218366045416
177218383876197	177218414429061	177218371077864
177218400258072	177218431101926	177218391072812
177218417377708	177218447778801	177218405060364
177218434763385	177218464455884	177218418274374
177218451131301	177218481135989	177218437811874
177218467441406	177218497815311	177218460704270
177218483896145	177218514494738	177218471535989
177218502307239	177218531171248	177218502214895
177218521451614	177218547847290	177218521385051
177218536441249	177218564524843	177218536378280
177218561352030	177218581199009	177218561261197
177218573443958	177218597874374	177218573363593
177218586717239	177218614547916	177218586651353
177218600815416	177218631217759	177218600755780
177218630999478	177218647893124	177218630894218
177218654874166	177218681239322	177218654810051
177218673337708	177218697910050	177218673294218
177218692668020	177218714579842	177218692473905
177218708629999	177218731250259	177218708557395
177218726306041	177218747924426	177218726215676
177218735203124	177218764598748	177218735164114
177218758450728	177218781275520	177218758350885
177218767522707	177218797953280	177218767396978
177218787615155	177218814631197	177218787545728
177218806246197	177218831310780	177218806162655
177218821260937	177218847992759	177218821191249
177218848316510	177218864672291	177218848235832
177218853396405	177218881347238	177218853337603
177218871825364	177218898024321	177218871762916
177218887734166	177218914702707	177218887677239
177218911821718	177218931379634	177218911715103
177218927345624	177218948058123	177218927250364
177218935899218	177218964735780	177218935833541
177218978681822	177218998090727	177218978581770
177218986652916	177219014766926	177218986594062
177219017450155	177219048113384	177219017357499
177219034382134	177219064791978	177219028935832
177219051670468	177219081471509	177219035907499
177219067792551	177219098146561	177219051855051
177219096143489	177219114820988	177219096061718
177219107259166	177219131497134	177219107212864
177219138311874	177219164846457	177219138203176
177219162763957	177219181524061	177219162662030
177219175127343	177219198198384	177219175046405
177219186499634	177219214872029	177219186433124
177219224135936	177219248223748	177219224042864
177219241232343	177219264900728	177219241147291
177219267116874	177219298251092	177219266973176
177219285183801	177219314926249	177219272500155
177219301731561	177219331600676	177219295774322
177219317986353	177219348272811	177219310197134
177219334356197	177219364945519	177219321198593
177219355948905	177219381617967	177219355867655
177219370120832	177219398292342	177219370056926
177219389715936	177219414967029	177219389645207
177219409262447	177219431640832	177219409184322
177219424287447	177219448319842	177219424200051
177219436063488	177219465001874	177219435988384
177219453911926	177219481677967	177219453843488
177219471346353	177219498356561	177219471263697
177219497001509	177219515033956	177219496932551
177219507099374	177219531710155	177219507043384
177219530894478	177219548384061	177219530780416
177219540758124	177219565058905	177219540699686
177219555335259	177219581733540	177219555255832
177219577224218	177219598409165	177219577124999
177219590659322	177219615082290	177219590592186
177219616843020	177219648427863	177219616747655
177219634571040	177219665105727	177219627936301
177219651204530	177219681779270	177219644403905
177219668074530	177219698451926	177219657994374
177219685572551	177219715124009	177219675006822
177219701869530	177219731794165	177219687766405
177219718079738	177219748467759	177219704109009
177219735477863	177219765141665	177219727860155
177219751636509	177219781816197	177219746939947
177219767853697	177219798488696	177219765585363
177219784612447	177219815161925	177219774167134
177219801534895	177219831834269	177219801460936
177219817971197	177219848509009	177219807458749
177219834522551	177219865183905	177219827384270
177219852876301	177219881858905	177219852790155
177219876767811	177219898533696	177219876698020
177219891506717	177219915204894	177219891426978
177219923312030	177219948549529	177219923204426
177219935803592	177219965221978	177219934863853
177219966741665	177219998576352	177219966643228
177219984639217	177220015253488	177219969604686
177220001295467	177220031929113	177219986020259
177220017720884	177220048603175	177220011996978
177220034433853	177220065276457	177220026850884
177220051158853	177220081950623	177220039255259
177220068182290	177220098625988	177220054689790
177220084634790	177220115301873	177220080084530
177220102208697	177220131980259	177220101743749
177220121647030	177220148656873	177220121585051
177220136239009	177220165331404	177220136165572
177220152504530	177220182006873	177220152411561
177220171869322	177220198679685	177220171798697
177220197570780	177220215351717	177220197502290
177220206638592	177220232027289	177220206575780
177220223672238	177220248703957	177220223592082
177220241473228	177220265379685	177220241408853
177220261523176	177220282052394	177220261446353
177220272801353	177220298727030	177220272739374
177220304088853	177220332073644	177220303951717
177220319440207	177220348748592	177220313611196
177220335110051	177220365426039	177220321996613
177220351342551	177220382104738	177220336070155
177220367880415	177220398785050	177220356198332
177220384734061	9223372036854775807	177220372014426

=== poll 1790150519.627395107
16666666
177220502012811	177220532176769	177220485269321
177220518393748	177220548854269	177220509780780
177220534828748	177220565530831	177220520966873
177220551556040	177220582208905	177220547079894
177220568288905	177220598885623	177220562591717
177220584808957	177220615561821	177220580207655
177220601554373	177220632236456	177220589668905
177220617822655	177220648916508	177220610641978
177220634709061	177220665590831	177220625794217
177220651759998	177220682266664	177220637852915
177220668475467	177220698943436	177220657592759
177220685213384	177220715620102	177220670881457
177220702078853	177220732293018	177220688112238
177220718468800	177220748962758	177220707740311
177220734750363	177220765634113	177220732920363
177220751468853	177220782306769	177220735967967
177220768271925	177220798983800	177220758834478
177220784973071	177220815661508	177220770779790
177220801703175	177220832339477	177220794060103
177220818171665	177220849016664	177220805516665
177220834711873	177220865689113	177220829594009
177220851918540	177220882363435	177220837798280
177220868472186	177220899038487	177220866990988
177220885103175	177220915712445	177220871137082
177220901556821	177220932386404	177220885903644
177220919042134	177220949054633	177220905633175
177220935737550	177220965725988	177220929825519
177220951613748	177220982397238	177220936605415
177220968394582	177220999068019	177220956303748
177220985092394	177221015739737	177220983284373
177221001811092	177221032410831	177220986018800
177221018439842	177221049082862	177221004988592
177221035233905	177221065753123	177221021519790
177221051957446	177221082425519	177221039871040
177221068386196	177221099097393	177221060415675
177221085026925	177221115772967	177221070912446
177221101795832	177221132448331	177221092403227
177221119263384	177221149120571	177221112416665
177221136783019	177221165795258	177221136692498
177221156248488	177221182469113	177221156154425
177221175058957	177221199144842	177221174985311
177221186379113	177221215820727	177221186296717
177221205903488	177221232494633	177221205823019
177221232718123	177221249166612	177221232634009
177221244218123	177221265840258	177221244148279
177221258110050	177221282513123	177221258055467
177221277721352	177221299184738	177221277626300
177221285967602	177221315853279	177221285910571
177221309208019	177221332520831	177221309133123
177221325973071	177221349189476	177221325905050
177221346519686	177221365860727	177221346435779
177221355975571	177221382533435	177221355914529
177221375253644	177221399203903	177221375175311
177221388595571	177221415875049	177221388527811
177221417864009	177221449217341	177221417791352
177221435426665	177221465888487	177221421000727
177221451943279	177221482559425	177221436943227
177221468566613	177221499233279	177221460222394
177221485211613	177221515908852	177221471009842
177221501969477	177221532584685	177221501217863
177221519439373	177221549257289	177221510750154
177221535986873	177221565931039	177221523224738
177221552083488	177221582604841	177221543072811
177221569586873	177221599281821	177221560747602
177221585957758	177221615959581	177221571736508
177221601934061	177221632635414	177221589619686
177221618512238	177221649309217	177221605885206
177221634943279	177221665982133	177221622699946
177221652307550	177221682651820	177221640570883
177221673088852	177221699321873	177221673004217
177221696061300	177221715988643	177221695941561
177221702697342	177221732660883	177221702619998
177221721330311	177221749335570	177221721263800
177221759776665	177221782683851	177221759710936
177221773656925	177221799353383	177221773583748
177221802023123	177221832691091	177221801920883
177221818814425	177221849362758	177221805113383
177221835493904	177221866036092	177221824499217
177221852323175	177221882707601	177221835529998
177221868573071	177221899376091	177221863954842
177221885279894	177221916047029	177221871762758
177221902051769	177221932718591	177221889438956
177221918836300	177221949390466	177221907646613
177221935981560	177221966062758	177221921635571
177221952361873	177221982736872	177221940176508
177221968667290	177221999410466	177221958984946
177221985308592	177222016082446	177221979999425
177222001992550	177222032756873	177221991723175
177222018984373	177222049433435	177222006149425
177222035605675	177222066111508	177222018962290
177222052411717	177222082789372	177222051183540
177222068754112	177222099465050	177222055717081
177222085463852	177222116138018	177222082074842
177222102054060	177222132812393	177222093008956
177222118725154	177222149490414	177222111569529
177222135461769	177222166170154	177222120704217
177222153168748	177222182847289	177222147090415
177222171747654	177222199522028	177222171671300
177222188676248	177222216195623	177222188595519
177222205693175	177222232868903	177222205611612
177222227953019	177222249546404	177222227866821
177222246042602	177222266223018	177222245957810
177222255886404	177222282898539	177222255809060
177222277427081	177222299571820	177222277344998
177222292779060	177222316242914	177222292704269
177222319877342	177222349595049	177222319772602
177222335721560	177222366270987	177222322532446
177222352935779	177222382947341	177222343728175
177222369416352	177222399623122	177222361601092
177222385847394	177222416297810	177222375618383
177222402565623	177222432972184	177222401965154
177222418818435	177222449649529	177222405090779
177222435549477	177222466326560	177222432169008
177222452263852	177222483001664	177222437206404
177222469013019	177222499678070	177222460988227
177222485746716	177222516353226	177222474340935
177222502343383	177222533028174	177222490814737
177222519065935	177222549700727	177222517145935
177222535690519	177222566373330	177222522235519
177222552107081	177222583046456	177222536832133
177222569715727	177222599720310	177222555879373
177222586448852	177222616390310	177222574731925
177222602336925	177222633063330	177222587802081
177222618690623	177222649736143	177222609905987
177222635958227	177222666407133	177222621535102
177222652384581	177222683075675	177222636783800
177222668845362	9223372036854775807	177222663764321

=== poll 1790150521.927742294
16666666
177222777512081	177222799781195	177222777429321
177222791024998	177222816450102	177222790963227
177222814233852	177222833119528	177222814162654
177222828214893	177222849792341	177222828027393
177222843888123	177222866464267	177222843819998
177222857497758	177222883136924	177222857437237
177222876137237	177222899807340	177222876085623
177222896208800	177222916479737	177222896121195
177222909524737	177222933154372	177222909450258
177222921069060	177222949828018	177222921003070
177222948389529	177222966500153	177222948287081
177222953577289	177222983171299	177222953520623
177222971905883	177222999843226	177222971834998
177222986300883	177223016517393	177222986028643
177223008166352	177223033191038	177223008091873
177223028923748	177223049865310	177223028844633
177223036979008	177223066536924	177223036915258
177223057026820	177223083206872	177223056939164
177223071277966	177223099879163	177223071213435
177223098398747	177223116550987	177223098306143
177223119325206	177223149889945	177223119211247
177223136256352	177223166561768	177223126670258
177223152730310	177223183232132	177223139455987
177223169434841	177223199901820	177223156811300
177223186406977	177223216573434	177223175919164
177223203099320	177223233243591	177223189245779
177223219425935	177223249914059	177223211015310
177223235806872	177223266585413	177223231440779
177223252488539	177223283252132	177223240973643
177223269184112	177223299924060	177223260374425
177223286560883	177223316596819	177223277152081
177223303686924	177223333270466	177223301781091
177223319014893	177223349944007	177223305605102
177223336140883	177223366615257	177223327174060
177223352729060	177223383288330	177223340652445
177223369421820	177223399961247	177223362949633
177223386762393	177223416633435	177223379714008
177223403105518	177223433306820	177223390536716
177223419079164	177223449980049	177223408824581
177223436721039	177223466652497	177223426200622
177223452967966	177223483326768	177223441872549
177223482968539	177223499999424	177223482869320
177223488853174	177223516673643	177223488786612
177223507355674	177223533345153	177223507293018
177223523831143	177223550016611	177223523748331
177223539635570	177223566689788	177223539576820
177223563005518	177223583359945	177223562895570
177223581127654	177223600032706	177223581038174
177223594588226	177223616705986	177223594507081
177223608207862	177223633381976	177223608136612
177223621744789	177223650056715	177223621663591
177223642465779	177223666730570	177223642380258
177223667387185	177223700080570	177223667291508
177223686612185	177223716756716	177223673239008
177223703177289	177223733434893	177223698708851
177223719607601	177223750111507	177223707125883
177223736150726	177223766788955	177223727736403
177223752650831	177223783465466	177223748377706
177223777131039	177223800142393	177223777033331
177223788110726	177223816821768	177223788039789
177223819982966	177223850180570	177223819873122
177223837558278	177223866859944	177223837487445
177223870950570	177223900222393	177223870859997
177223898280466	177223916905726	177223898201768
177223913928174	177223933586559	177223913817133
177223922091612	177223950267236	177223922009581
177223940843070	177223966948278	177223940767549
177223971672028	177224000309632	177223971599580
177223991040778	177224016989319	177223990982341
177224006375674	177224033669059	177224006308799
177224034997028	177224067029319	177224034908018
177224053248747	177224083708903	177224038890935
177224069852028	177224100387184	177224059844580
177224086885778	177224117068018	177224084052705
177224103482289	177224133747132	177224087590726
177224120459216	177224150428278	177224115757289
177224136606351	177224167105205	177224120406351
177224153084008	177224183786767	177224141691143
177224169788435	177224200467184	177224166292237
177224192083799	177224217147288	177224193924997
177224206332601	177224233826298	177224206243851
177224220950518	177224250503174	177224220894997
177224259359476	177224283864788	177224259283747
177224276447080	177224300548851	177224276373018
177224286752653	177224317233225	177224286699632
177224310574007	177224333915361	177224310493018
177224320594685	177224350597445	177224320534007
177224345754320	177224367276246	177224345695466
177224356439476	177224383954736	177224356390101
177224378732601	177224400631819	177224378662601
177224400729580	177224417307236	177224400642549
177224406894112	177224433982549	177224406822601
177224421349059	177224450658225	177224421272705
177224448901612	177224467331403	177224448780153
177224456035153	177224484007549	177224455953122
177224471033382	177224500679267	177224475267028
177224492792705	177224517354267	177224492708122
177224506715726	177224534028694	177224506648799
177224523322393	177224550706038	177224523236716
177224540349997	177224567381976	177224540271768
177224555627445	177224584057809	177224555560414
177224584268330	177224600733538	177224584046091
177224592014528	177224617409475	177224591926507
177224610335830	177224634087757	177224610250986
177224623714216	177224650768642	177224623691507
177224641747497	177224667447184	177224641656143
177224657668903	177224684126820	177224657575101
177224679915049	177224700806038	177224679791716
177224692057549	177224717484267	177224691944997
177224711787861	177224734161663	177224711715153
177224724556768	177224750839059	177224724485882
177224738499789	177224767515986	177224738432497
177224761353070	177224784196142	177224761269007
177224773424684	177224800875205	177224773350778
177224796182966	177224817556091	177224796115414
177224812860778	177224834236611	177224812787341
177224820564632	177224850915309	177224820446403
177224844473747	177224867591872	177224844399632
177224863185101	177224884265465	177224863103799
177224876805466	177224900940830	177224876708747
177224889944476	177224917617809	177224889876716
177224914912861	177224934297340	177224914818799
177224924468330	177224950977392	177224924419841
177224938194528	177224967654059	177224938140205
177224961736559	177224984330361	177224961656038
177224971182393	177225001006455	177224971134268
177225000236872	9223372036854775807	177225000150518

=== poll 1790150524.234329532
16666666
177225063497132	177225084408226	177225063426403
177225070948174	177225101086090	177225070557080
177225104603643	177225134434736	177225104510778
177225130600257	177225151109996	177225130513434
177225140791090	177225167788069	177225140718486
177225157109059	177225184469788	177225157021507
177225186853851	177225217825934	177225186767653
177225204199684	177225234499892	177225190376820
177225220788643	177225251176767	177225205608226
177225237533747	177225267851872	177225221714111
177225256602705	177225284522913	177225256523538
177225271225361	177225301194997	177225270968226
177225300971924	177225317871038	177225300885726
177225310673174	177225334546559	177225310609997
177225321412705	177225351222340	177225321356663
177225341427861	177225367902497	177225341362288
177225362540153	177225384580622	177225362452445
177225379326455	177225401258485	177225379254267
177225391166663	177225417936871	177225391099267
177225428618330	177225451295673	177225428504892
177225445466299	177225467975204	177225445392028
177225460709684	177225484657392	177225460567236
177225489001715	177225518016507	177225488882236
177225505851872	177225534691662	177225505712340
177225545567757	177225568046038	177225545470569
177225559182653	177225584720256	177225559130622
177225572848434	177225601395152	177225572785049
177225596271872	177225618072652	177225596190361
177225612746507	177225634747757	177225612663069
177225638933122	177225668099267	177225638847705
177225659482809	177225684773590	177225659393955
177225682700465	177225701447756	177225682623694
177225699007080	177225718123798	177225698932288
177225707917913	177225734800569	177225707854476
177225729303486	177225751478226	177225729235153
177225750866038	177225768154579	177225750797028
177225767989996	177225784832340	177225767922809
177225772831090	177225801508486	177225772764736
177225794937444	177225818184319	177225794847028
177225812826038	177225834861819	177225812713069
177225844665153	177225868214110	177225844544163
177225854451038	177225884889371	177225852388903
177225871534215	177225901564735	177225855984788
177225887929371	177225918240465	177225881799580
177225922822965	177225951601871	177225922723798
177225937498642	177225968282860	177225926373538
177225954282496	177225984959683	177225942395621
177225971171611	177226001636350	177225960911611
177225987431142	177226018310465	177225978878903
177226004402757	177226034986194	177225991476976
177226020939892	177226051663694	177226006442757
177226037857809	177226068338225	177226027452861
177226054590621	177226085016663	177226046880205
177226070968486	177226101695360	177226055872132
177226088427548	177226118373329	177226081431976
177226104784996	177226135047287	177226102399580
177226120931351	177226151720048	177226106067548
177226137722705	177226168396142	177226127977705
177226154556403	177226185071715	177226153544528
177226171084580	177226201746923	177226157200153
177226187875830	177226218421559	177226173635257
177226204609059	177226235095360	177226202399371
177226221148017	177226251769162	177226206595100
177226238103694	177226268447027	177226237806194
177226255476350	177226285123329	177226255410621
177226276564580	177226301801506	177226276498225
177226305334632	177226335161610	177226305253538
177226325867392	177226351844058	177226325795361
177226343261142	177226368526558	177226343174528
177226360747861	177226385210100	177226360664944
177226387819892	177226418572861	177226387705361
177226404733121	177226435252495	177226392896819
177226421274892	177226451931194	177226406646090
177226438033798	177226468611871	177226432769007
177226454796194	177226485290257	177226442199475
177226471397809	177226501969267	177226458165465
177226488525100	177226518649267	177226474243955
177226505059684	177226535328225	177226492227132
177226521215100	177226552007496	177226511981663
177226538091194	177226568689006	177226535927444
177226554821871	177226585368746	177226539129371
177226571497652	177226602051141	177226556635048
177226587935309	177226618730569	177226576489267
177226604599684	177226635407756	177226598120569
177226621250100	177226652085308	177226611161246
177226638069527	177226668762756	177226626720517
177226654739371	177226685442236	177226651783329
177226671615465	177226702119527	177226655725100
177226688912079	177226718797235	177226677149632
177226705543954	177226735478225	177226691119892
177226721374111	177226752154423	177226711048902
177226738223121	177226768831350	177226725573850
177226754887965	177226785506975	177226745900413
177226771503382	177226802182548	177226755668590
177226788386663	177226818856350	177226779931454
177226804712079	177226835530516	177226796836038
177226821424684	177226852205308	177226817250881
177226838374006	177226868878693	177226826411663
177226855104788	177226885556714	177226844655569
177226871917236	177226902237495	177226858527131
177226888978486	177226918917756	177226873267027
177226905511871	177226935595204	177226897360517
177226921450569	177226952274891	177226905859059
177226943113590	177226968948433	177226942982913
177226961502027	177226985621349	177226961416402
177226979005934	177227002296193	177226978948486
177226990598121	177227018975933	177226990534631
177227018341558	177227035655620	177227018245361
177227023180413	177227052333797	177227023127496
177227039955204	177227069010881	177227039883850
177227056183798	177227085684163	177227056116663
177227078208381	177227102359527	177227078129840
177227098958590	177227119032651	177227098879892
177227105864579	177227135707235	177227105812756
177227135052808	177227152383329	177227134945986
177227146039371	177227169061401	177227145971194
177227160488954	177227185736662	177227160421715
177227181623173	177227202416662	177227181540152
177227191109579	177227219092703	177227190969371
177227208102756	177227235769735	177227208047131
177227232641350	177227252447756	177227232541715
177227247285829	177227269126558	177227247206923
177227255657808	177227285805777	177227255597860
177227279036506	177227302485151	177227278953121
177227291424319	177227319161297	177227291357340
177227307741246	177227335839891	177227307683538
177227325866194	9223372036854775807	177227325806298

=== poll 1790150526.604321302
16666666
177227407310673	177227435926194	177227407240465
177227425920777	177227452605672	177227425860152
177227451093642	177227469281142	177227450999319
177227456138121	177227485956975	177227456087548
177227479223225	177227502632235	177227479151402
177227493218381	177227519307704	177227493160777
177227510678121	177227535982548	177227510579787
177227530408537	177227552659631	177227530327027
177227551742756	177227569334735	177227551654579
177227556085100	177227586007131	177227556031819
177227581215308	177227602682339	177227581125100
177227595010673	177227619357912	177227594944110
177227616164579	177227636031766	177227616074371
177227626633642	177227652708120	177227626572235
177227645810673	177227669384005	177227645723121
177227657343173	177227686061349	177227657270933
177227677051923	177227702740151	177227676967131
177227690555569	177227719417964	177227690500881
177227712228329	177227736095256	177227712161975
177227727845308	177227752771558	177227727770829
177227746717496	177227769447547	177227746637860
177227758038485	177227786125307	177227757953642
177227779541767	177227802801089	177227779467392
177227796962392	177227819477860	177227796890621
177227821304839	177227852829475	177227821212912
177227838869423	177227869506923	177227826222027
177227863457496	177227886182859	177227863377808
177227877470360	177227902862339	177227877421350
177227905486350	177227936213068	177227905395412
177227925282548	177227952886558	177227925207131
177227941356402	177227969562808	177227941260933
177227980760777	177228002912651	177227980669839
177227996355048	177228019589630	177227996303277
177228007265464	177228036266297	177228007168433
177228032148589	177228052944318	177228032049944
177228043133016	177228069619735	177228043057079
177228065524683	177228086295777	177228065433694
177228082909266	177228102970516	177228082827600
177228101826298	177228119644526	177228101737548
177228106333485	177228136318381	177228106271558
177228143484162	177228169671975	177228143403693
177228161274787	177228186350411	177228161213277
177228184498798	177228203028276	177228184419006
177228191697079	177228219708901	177228191642339
177228214848381	177228236389839	177228214751871
177228225564214	177228253072183	177228225499943
177228265645464	177228286432391	177228265562183
177228285366506	177228303111297	177228285299579
177228297744735	177228319794057	177228297683746
177228319445673	177228336476193	177228319334995
177228324581923	177228353159370	177228324528277
177228352946037	177228369840881	177228352840464
177228356762235	177228386521766	177228356707860
177228373818641	177228403201870	177228372924110
177228390598381	177228419883536	177228390524214
177228425622704	177228453244995	177228425516245
177228441331402	177228469924839	177228441252600
177228463673537	177228486604943	177228463586766
177228489945985	177228519965047	177228489853954
177228510055412	177228536645412	177228509965620
177228526961089	177228553321193	177228526889370
177228541827391	177228569998901	177228541758381
177228561133433	177228586675203	177228561043797
177228577319891	177228603352443	177228577247652
177228592284162	177228620029682	177228592210829
177228617707027	177228636709370	177228617622235
177228622977443	177228653389943	177228622862339
177228646265725	177228670071974	177228646193537
177228667429422	177228686751713	177228667348433
177228681593016	177228703431349	177228681504214
177228691049683	177228720110984	177228690987443
177228720759839	177228753467547	177228720659214
177228739680516	177228770145984	177228730406141
177228756455256	177228786826974	177228743403277
177228773851141	177228803510620	177228762862339
177228789818954	177228820195932	177228777878797
177228806729058	177228836879891	177228799597912
177228822993954	177228853566869	177228811621402
177228854740204	177228886933276	177228854656714
177228872759683	177228903617026	177228864741558
177228889641922	177228920302547	177228877163537
177228906290933	177228936982547	177228899456349
177228923102912	177228953662859	177228911425829
177228939707027	177228970340828	177228932278902
177228956460881	177228987017026	177228940969006
177228973145933	177229003688953	177228971839735
177228990209422	177229020363015	177228975498901
177229006562547	177229037042078	177228998446089
177229022869943	177229053723485	177229012903433
177229039883120	177229070404161	177229035359006
177229056415204	177229087087130	177229041068485
177229073038485	177229103769787	177229062505464
177229089847912	177229120454839	177229080684474
177229106259006	177229137137026	177229091112339
177229123028068	177229153817130	177229115524370
177229139781818	177229170497391	177229125724787
177229158029579	177229187179630	177229157938641
177229173324110	177229203858901	177229162985099
177229190558433	177229220538432	177229176344839
177229207019526	177229237219422	177229194062078
177229223421089	177229253897547	177229211743328
177229239640151	177229270575619	177229227078901
177229256606193	177229287255099	177229244534891
177229273164214	177229303934682	177229268229631
177229289768172	177229320613067	177229275353276
177229306583797	177229337289526	177229302412599
177229323306349	177229353968953	177229318509370
177229340252651	177229370647755	177229327001558
177229356540047	177229387326714	177229348527703
177229373144006	177229404003901	177229370917078
177229389592808	177229420683328	177229375309318
177229407234318	177229437362078	177229396238276
177229424957860	177229454043328	177229424858380
177229440089214	177229470723745	177229434565151
177229456592183	177229487402702	177229440652287
177229473780308	177229504081713	177229472925203
177229490407130	177229520760463	177229477882808
177229507030255	177229537439109	177229490536349
177229523351037	177229554116297	177229520319630
177229540232235	177229570792547	177229526482339
177229556763068	177229587469682	177229541460880
177229573348120	177229604149005	177229566143641
177229590821818	177229620826869	177229580036766
177229607111766	177229637507130	177229600356505
177229624086610	177229654186504	177229618943901
177229640860203	177229670864057	177229636091714
177229657730099	9223372036854775807	177229652636818

=== poll 1790150529.045712655
16666666
177229923210255	177229954351765	177229913407859
177229940070359	177229971024786	177229931353537
177229957322859	177229987694890	177229952279474
177229973675672	177230004364630	177229959010307
177229990546505	177230021035879	177229981194422
177230006889266	177230037709474	177229992413745
177230024085203	177230054382807	177230014511141
177230040929682	177230071056870	177230027003380
177230057322807	177230087731974	177230045910620
177230073688641	177230104407755	177230067384214
177230090322547	177230121082443	177230075969578
177230106836193	177230137758276	177230095931297
177230123747286	177230154436869	177230110939214
177230140460151	177230171114161	177230125792339
177230157027755	177230187794942	177230140998120
177230173702026	177230204474109	177230162378068
177230190350099	177230221153484	177230186145359
177230207104370	177230237830099	177230191059995
177230225025568	177230254507754	177230224878172
177230257319057	177230287858536	177230257233432
177230273961714	177230304536973	177230261982911
177230290429526	177230321213640	177230280782391
177230307012391	177230337888484	177230295799682
177230323619578	177230354565515	177230315941557
177230340423276	177230371240984	177230330864891
177230357126088	177230387913067	177230344737026
177230373746766	177230404581140	177230362192495
177230390617755	177230421251921	177230381320620
177230407167807	177230437924109	177230391637963
177230424384057	177230454601400	177230415325828
177230441009161	177230471279474	177230429397130
177230457061505	177230487957286	177230447480463
177230474034109	177230504632285	177230469499682
177230490389161	177230521308744	177230476401557
177230507038276	177230537982702	177230505484786
177230523947755	177230554656973	177230510934578
177230540663172	177230571330150	177230525812807
177230557403588	177230588004526	177230551840203
177230574755828	177230604679265	177230563352963
177230590664995	177230621350410	177230580063901
177230611173588	177230638023952	177230611061349
177230638180047	177230654695620	177230638050880
177230642659526	177230671368484	177230642593693
177230661847390	177230688043484	177230661756609
177230674985620	177230704720047	177230674915932
177230694430776	177230721396349	177230694353953
177230711436245	177230738071140	177230711357026
177230725755672	177230754748015	177230725690203
177230757257130	177230788100567	177230757159578
177230774187026	177230804774838	177230759428640
177230795963015	177230821451348	177230795875776
177230814044422	177230838130880	177230813977807
177230831611557	177230854807129	177230831539942
177230846733849	177230871484005	177230846659161
177230863862078	177230888162755	177230863785567
177230876503120	177230904840306	177230876431401
177230907271661	177230938191140	177230907210151
177230924127807	177230954869837	177230911937859
177230940752026	177230971547546	177230931538380
177230957701557	177230988223535	177230948529317
177230974216401	177231004898432	177230965678276
177230991236244	177231021573953	177230988031140
177231007192494	177231038249682	177230994029474
177231024036036	177231054925775	177231010486557
177231040743276	177231071603275	177231030890984
177231058418953	177231088279161	177231054630567
177231074971817	177231104952807	177231063819682
177231090906401	177231121627598	177231085575411
177231107729057	177231138301713	177231095930828
177231124548380	177231154980410	177231113306869
177231140946974	177231171655254	177231133832286
177231157739682	177231188333900	177231146849630
177231176059161	177231205014681	177231175977026
177231195901401	177231221694525	177231195849369
177231210891713	177231238370098	177231210809942
177231242036192	177231271727910	177231241941192
177231261517755	177231288405827	177231261438953
177231286346401	177231305085984	177231286258953
177231291798328	177231321763796	177231291688640
177231310949265	177231338444994	177231310871088
177231329318380	177231355126035	177231329258432
177231345076192	177231371804213	177231345019109
177231377772703	177231405160983	177231377653015
177231391866661	177231421840932	177231387668796
177231408287390	177231438520150	177231392359682
177231424820255	177231455197234	177231409942859
177231441493380	177231471873223	177231434085932
177231457624630	177231488550306	177231446269005
177231476081088	177231505224838	177231475910984
177231492177234	177231521900410	177231482034057
177231508245567	177231538581035	177231498112807
177231524738536	177231555258900	177231515680411
177231541389630	177231571934525	177231526950411
177231557997546	177231588611817	177231545772390
177231574850411	177231605290775	177231565480619
177231591328119	177231621966817	177231582394057
177231608532546	177231638642390	177231600514317
177231624591713	177231655316660	177231613542442
177231641944630	177231671993431	177231633454005
177231658621036	177231688671139	177231649623275
177231675281869	177231705347962	177231665262598
177231692318328	177231722026765	177231680502182
177231710075723	177231738702546	177231697570567
177231726188328	177231755375202	177231717713171
177231741295828	177231772049734	177231733686192
177231758161557	177231788726296	177231746292911
177231774937703	177231805397754	177231772162130
177231791133953	177231822067650	177231775515411
177231807848171	177231838741504	177231800649525
177231829104005	177231855415150	177231829013432
177231845265827	177231872087702	177231845193327
177231858228327	177231888759942	177231853058067
177231875268432	177231905435462	177231862679473
177231891532859	177231922111557	177231878362390
177231908501088	177231938786556	177231901093380
177231925704317	177231955458067	177231910573692
177231941892807	177231972128015	177231926731296
177231957961140	177231988797077	177231945933171
177231974565880	177232005465775	177231960905463
177231991366921	177232022136035	177231986246817
177232008275046	177232038808327	177232006978432
177232024593119	177232055481035	177232020416244
177232041263171	177232072150045	177232035252754
177232057949682	177232088821295	177232048604734
177232075121244	177232105493015	177232066681036
177232091657650	177232122164473	177232091428484
177232107973067	9223372036854775807	177232097368692

=== poll 1790150531.354964373
16666666
177232215816921	177232238874317	177232215751348
177232231411557	177232255544629	177232231347494
177232246264786	177232272215515	177232246194213
177232261002963	177232288889785	177232260912442
177232290158848	177232322236816	177232290075567
177232308288536	177232338911243	177232296834317
177232325661661	177232355586139	177232325572911
177232346399109	177232372262806	177232346331556
177232359813588	177232388937285	177232359752129
177232381823067	177232405612181	177232381719265
177232394709577	177232422285201	177232394646556
177232416094734	177232438959421	177232416019161
177232436068223	177232455634993	177232435980567
177232461411504	177232488981920	177232461339161
177232481522702	177232505655983	177232481459421
177232497134056	177232522328795	177232497069369
177232518934369	177232538996191	177232518819369
177232531846504	177232555665462	177232531749213
177232542708327	177232572335983	177232542483692
177232566155046	177232589004993	177232566078015
177232585668640	177232605674108	177232585567754
177232592162494	177232622343431	177232592109473
177232621766556	177232639012546	177232621682963
177232633182129	177232655685149	177232633114161
177232648259213	177232672360149	177232648194421
177232660907702	177232689031243	177232660846452
177232675515358	177232705703379	177232675443952
177232693892338	177232722376921	177232693831192
177232725799108	177232755722337	177232725668431
177232748371348	177232772395879	177232748293900
177232761284577	177232789072337	177232761208483
177232785383588	177232805749525	177232785272702
177232802578015	177232822423639	177232802516088
177232812729577	177232839098639	177232812667598
177232835840202	177232855773014	177232835745931
177232846168119	177232872446140	177232846118067
177232866904369	177232889117441	177232866828535
177232881982077	177232905790618	177232881903952
177232902194942	177232922464941	177232902118223
177232911010046	177232939137233	177232910944994
177232945002702	177232972485254	177232944916921
177232958564265	177232989155983	177232951904265
177232976176296	177233005826400	177232964631140
177232992462337	177233022499733	177232990061035
177233008529681	177233039172702	177232994942181
177233025254421	177233055845306	177233017474994
177233041834108	177233072518744	177233038965723
177233058521608	177233089190566	177233046260462
177233075502181	177233105862702	177233060714890
177233091789317	177233122537025	177233077043015
177233108869212	177233139209889	177233103692233
177233125294837	177233155882754	177233109021817
177233142014629	177233172554264	177233130345723
177233158431400	177233189228222	177233151174681
177233175586348	177233205901868	177233174509108
177233192451556	177233222575202	177233177800306
177233208639994	177233239246504	177233197694317
177233225124056	177233255919159	177233218371660
177233241714317	177233272591347	177233226416244
177233258618587	177233289262233	177233243663171
177233275338848	177233305932545	177233267921712
177233292360983	177233322600775	177233276062650
177233308928067	177233339265982	177233296318796
177233325498014	177233355932232	177233319210410
177233341711139	177233372601452	177233325700098
177233358323066	177233389274212	177233349472546
177233375276816	177233405947284	177233364763848
177233392233639	177233422620878	177233390952129
177233409212285	177233439292128	177233396169837
177233425789004	177233455964108	177233414879108
177233441784525	177233472635514	177233426395358
177233458391191	177233489311399	177233451739733
177233475268171	177233505987441	177233471136244
177233491955306	177233522663483	177233481098379
177233508569629	177233539340409	177233505515410
177233525272129	177233556014472	177233513893119
177233542744369	177233572691815	177233541618796
177233558807806	177233589368170	177233547418066
177233575681660	177233606044576	177233562179004
177233592445150	177233622723170	177233577265150
177233609142129	177233639404003	177233603311504
177233626004160	177233656085879	177233618639473
177233642066139	177233672769784	177233626327493
177233658608118	177233689448118	177233652825514
177233675597910	177233706126920	177233663110202
177233692212077	177233722803743	177233686269316
177233708784160	177233739481399	177233692986191
177233725424733	177233756158691	177233716464264
177233742066087	177233772836972	177233726314785
177233759362650	177233789513170	177233758165723
177233775243275	177233806191503	177233761590410
177233798379577	177233822870201	177233798320462
177233813441400	177233839546243	177233813353379
177233836422285	177233856222962	177233836322650
177233849100775	177233872900097	177233849032025
177233861438691	177233889576712	177233861373639
177233893132129	177233922929629	177233893049785
177233909224264	177233939608743	177233897763275
177233925618691	177233956286504	177233910968014
177233942228170	177233972964107	177233931033431
177233958999577	177233989643379	177233947676973
177233975807702	177234006321242	177233970411087
177233992422181	177234022998274	177233978116295
177234008694889	177234039676139	177233996445358
177234025305045	177234056356399	177234011569889
177234042864472	177234073036347	177234028174577
177234059511972	177234089718431	177234051942597
177234075520150	177234106399368	177234066747441
177234092277650	177234123074888	177234081150358
177234108900618	177234139752701	177234101067858
177234126269212	177234156429524	177234126193483
177234142531139	177234173106659	177234131151972
177234159016660	177234189783690	177234149669264
177234175523275	177234206464160	177234161205462
177234193725722	177234223142180	177234193658275
177234209011035	177234239822649	177234199576764
177234225962597	177234256503482	177234211420358
177234243253691	177234273183222	177234227182858
177234259631139	177234289861243	177234249957024
177234275975462	177234306538847	177234260437493
177234292518639	177234323215409	177234278619577
177234309029524	177234339893743	177234295718847
177234327903535	177234356572754	177234327786087
177234342653483	177234373254993	177234342333587
177234359005983	177234389937753	177234347256295
177234376303066	177234406619576	177234365175514
177234392495410	9223372036854775807	177234380885097

=== poll 1790150533.649706768
16666666
177234525933691	177234556763326	177234519410618
177234542863014	177234573448743	177234526527024
177234559499264	177234590133586	177234551602024
177234576218899	177234606816191	177234561118326
177234592729733	177234623497857	177234581073795
177234609320931	177234640178274	177234607567181
177234626029212	177234656860149	177234614221087
177234643533222	177234673545774	177234628653795
177234660128118	177234690232545	177234650539785
177234676508170	177234706916607	177234670697806
177234692692597	177234723600409	177234677014733
177234709533014	177234740284837	177234703165774
177234726202181	177234756970565	177234710555097
177234743603847	177234773658326	177234743543847
177234759544160	177234790342284	177234754093535
177234776054628	177234807026191	177234767452285
177234793401920	177234823708638	177234793283691
177234810567753	177234840389680	177234810490253
177234843320358	177234873745149	177234843224785
177234860646399	177234890419732	177234848768274
177234876913535	177234907095097	177234866537753
177234892933326	177234923769680	177234880664055
177234909922076	177234940447076	177234902779889
177234926561555	177234957127545	177234919647024
177234943421451	177234973808117	177234930666295
177234960205930	177234990489836	177234953134941
177234976203535	177235007171399	177234961896451
177234992878587	177235023853170	177234983248587
177235009601139	177235040534888	177235001073951
177235026301920	177235057213795	177235011720566
177235043248222	177235073890669	177235042227649
177235060686868	177235090567493	177235053789941
177235076962180	177235107249784	177235069855253
177235093152910	177235123929784	177235081214108
177235109882857	177235140607232	177235100387962
177235126585149	177235157285357	177235122617337
177235143412597	177235173962440	177235130689889
177235160077493	177235190640461	177235147012024
177235176587285	177235207321867	177235166164576
177235192918482	177235224001607	177235180842024
177235209905149	177235240679367	177235207566816
177235226679889	177235257358326	177235212561660
177235243164368	177235274032232	177235231466712
177235259852180	177235290707232	177235249707910
177235277530462	177235307382544	177235263154368
177235293962701	177235324058222	177235285868326
177235310215201	177235340733169	177235301375878
177235326577701	177235357409680	177235310772232
177235343154680	177235374082857	177235332713430
177235360115305	177235390758378	177235347415618
177235377005514	177235407432075	177235369734889
177235393735305	177235424108118	177235378119732
177235410718222	177235440786034	177235410501191
177235426790462	177235457464992	177235413507753
177235443405045	177235474144627	177235430894784
177235460528170	177235490824888	177235454513743
177235478140722	177235507504992	177235464851034
177235494098014	177235524184888	177235481686191
177235510258014	177235540867024	177235509113170
177235526977389	177235557548638	177235518758274
177235544514107	177235574229784	177235533080045
177235560180409	177235590909732	177235548173378
177235577342649	177235607587961	177235570317389
177235594409211	177235624270721	177235587562180
177235610808482	177235640953065	177235597011034
177235626656139	177235657636190	177235612873639
177235644098274	177235674316972	177235639308274
177235661299420	177235690997492	177235659181920
177235678386399	177235707682909	177235670679628
177235694948534	177235724367753	177235690711555
177235710815722	177235741049836	177235701909524
177235731808378	177235757731138	177235731718222
177235746234576	177235774411502	177235746174420
177235778136086	177235807774054	177235778024211
177235796837857	177235824454836	177235796755253
177235811024472	177235841134524	177235810970722
177235834943170	177235857814002	177235834867805
177235844750357	177235874492909	177235844699784
177235862755149	177235891171919	177235862685826
177235885994472	177235907847440	177235885888170
177235896481191	177235924526347	177235896414003
177235911868847	177235941204524	177235911799316
177235933875774	177235957879628	177235933787545
177235953501243	177235974552700	177235953434420
177235966205409	177235991230461	177235966149055
177235988082440	177236007909471	177235987942180
177236006426451	177236024589315	177236006331659
177236016671295	177236041270097	177236016604368
177236031839159	177236057951294	177236031751138
177236051520618	177236074631294	177236051454263
177236063204732	177236091310304	177236063136815
177236081989107	177236107988951	177236081916034
177236106430045	177236124665982	177236106334368
177236121287493	177236141341658	177236121208013
177236141247284	177236158017493	177236141157232
177236145515982	177236174695878	177236145460461
177236168385774	177236191375253	177236168290565
177236186787909	177236208055148	177236186697857
177236195679159	177236224736242	177236195620357
177236228385722	177236258091607	177236228316138
177236244168742	177236274769211	177236232514211
177236260689263	177236291446815	177236246170670
177236277941503	177236308126190	177236267227388
177236294092440	177236324802805	177236280193482
177236311772701	177236341481398	177236311248742
177236334348795	177236358161346	177236334284315
177236351677232	177236374836398	177236351614003
177236362083795	177236391511346	177236362032336
177236388512284	177236408186867	177236388439888
177236406573899	177236424864731	177236406495253
177236416383274	177236441543638	177236416324732
177236435419680	177236458221034	177236435352336
177236447308065	177236474897908	177236447256138
177236466802492	177236491575044	177236466720774
177236485340722	177236508250616	177236485278065
177236501798690	177236524929055	177236501729211
177236517106138	177236541610461	177236517050669
177236537968899	177236558291763	177236537863013
177236551942180	177236574972648	177236551871294
177236561932180	177236591653690	177236561861972
177236580922544	177236608327127	177236580861815
177236609567284	177236641674314	177236609459419
177236628067336	177236658351450	177236618863274
177236644070513	177236675028742	177236637170305
177236660756815	177236691708273	177236645795201
177236682615617	177236708386919	177236682549732
177236701959315	9223372036854775807	177236701872180

=== poll 1790150535.923432809
16666666
177236794137753	177236825137231	177236792090461
177236810715357	177236841815825	177236796287701
177236827436086	177236858492283	177236815487753
177236844287648	177236875174836	177236831665253
177236861212440	177236891854523	177236853202284
177236877984263	177236908533586	177236869095878
177236894485461	177236925215512	177236885923326
177236911901555	177236941895096	177236903078794
177236928254211	177236958569210	177236915551242
177236944441659	177236975246242	177236939756034
177236961334107	177236991923950	177236950393430
177236977808430	177237008600930	177236966153951
177236994583221	177237025279991	177236987387909
177237011318794	177237041955825	177236998109576
177237028024367	177237058635408	177237021697492
177237044490044	177237075317283	177237031048534
177237063777023	177237092000513	177237063699784
177237078128273	177237108678794	177237074865357
177237094560200	177237125357908	177237087808846
177237111942596	177237142038846	177237101633586
177237128526971	177237158718794	177237115427700
177237144839836	177237175395044	177237130857336
177237161252336	177237192077544	177237153323742
177237177784992	177237208759471	177237166191398
177237194639419	177237225438690	177237192732284
177237211222492	177237242116450	177237197472232
177237228292388	177237258793533	177237217842648
177237244844680	177237275468377	177237232478273
177237261600096	177237292145252	177237249573482
177237278204992	177237308823012	177237272681398
177237294881815	177237325500408	177237281246086
177237322564992	177237342176658	177237322480930
177237333500409	177237358854679	177237333455773
177237354803638	177237375529523	177237354718273
177237365431971	177237392205356	177237365368898
177237381582232	177237408883429	177237381515461
177237398826555	177237425565200	177237398759523
177237416645513	177237442245408	177237416562440
177237446605200	177237475607492	177237446539836
177237466742648	177237492287804	177237466695252
177237483668898	177237508967283	177237483604263
177237498658013	177237525648533	177237498557388
177237518646138	177237542329887	177237518559315
177237535602336	177237559014158	177237535524575
177237552790304	177237575697335	177237552714315
177237565869836	177237592378689	177237565802127
177237587380200	177237609058325	177237587296346
177237600779419	177237625738533	177237600720877
177237625560200	177237642414002	177237625481190
177237635333221	177237659092335	177237635269575
177237648940773	177237675770252	177237648860877
177237668074732	177237692447179	177237667988325
177237687129159	177237709128064	177237687014107
177237709461034	177237725808116	177237709394159
177237719811554	177237742489784	177237719760877
177237748020773	177237775854106	177237747927231
177237762360565	177237792535200	177237751534367
177237778308221	177237809215252	177237767495669
177237808517961	177237825893898	177237808430044
177237816440669	177237842574991	177237816362284
177237830824419	177237859254888	177237830761815
177237850439211	177237875933794	177237850368325
177237867130096	177237892612335	177237867064106
177237880943429	177237909291554	177237880892648
177237915988481	177237942643273	177237915849940
177237929118690	177237959320825	177237923545513
177237946100044	177237975999731	177237931005565
177237962767804	177237992676918	177237950475513
177237978724992	177238009354366	177237966842075
177237995385408	177238026035981	177237986526763
177238012238586	177238042716970	177238007106815
177238029840408	177238059396450	177238025855669
177238046903065	177238076075825	177238032124471
177238063138169	177238092753065	177238046844992
177238079329471	177238109430043	177238069196086
177238095856658	177238126109835	177238082196190
177238112866867	177238142787283	177238098405356
177238129028742	177238159467231	177238116191398
177238146823273	177238176147335	177238138546346
177238162633690	177238192823741	177238148717492
177238185502231	177238209501189	177238185425252
177238198605096	177238226180668	177238198386971
177238221929940	177238242859315	177238221842804
177238230748481	177238259540200	177238230695252
177238247200200	177238276222231	177238247125721
177238274168533	177238292904575	177238274083898
177238279678638	177238309581502	177238279621190
177238313270721	177238342938272	177238313192700
177238331291606	177238359618897	177238331212023
177238352743117	177238376299470	177238352664263
177238376185460	177238392980147	177238376104471
177238381088637	177238409659783	177238381031658
177238405987387	177238426336866	177238405912596
177238416767283	177238443015043	177238416712023
177238442309471	177238459690355	177238442229575
177238446434887	177238476367699	177238446371971
177238478343898	177238509727856	177238478250825
177238496317804	177238526410043	177238482338065
177238512950929	177238543093949	177238501379887
177238529635877	177238559776658	177238516305773
177238546412804	177238576457596	177238536893169
177238563227596	177238593139782	177238557766033
177238579291242	177238609826241	177238565705356
177238596247023	177238626510303	177238594804419
177238612750148	177238643194106	177238598355721
177238629437960	177238659874782	177238614277439
177238646747804	177238676557283	177238641814679
177238663352492	177238693239314	177238651784679
177238679702752	177238709921189	177238671120200
177238696359471	177238726605772	177238681092700
177238713178117	177238743287127	177238703961606
177238729819679	177238759965460	177238715626710
177238746506502	177238776641397	177238736947075
177238763136814	177238793318950	177238750847492
177238779622179	177238809993376	177238771588377
177238796606502	177238826667334	177238782415981
177238813006294	177238843344157	177238801812700
177238829946502	177238860021033	177238815751919
177238846736919	177238876695095	177238842935148
177238863899419	177238893370095	177238850442439
177238879975460	177238910048897	177238867809575
177238896424106	177238926725043	177238886928221
177238913431971	177238943401501	177238906830096
177238929958325	177238960077907	177238926032856
177238946898950	177238976755043	177238930938064
177238963392804	177238993430616	177238956789471
177238980031554	9223372036854775807	177238965938741

=== poll 1790150538.242788694
16666666
177239163500981	177239193575459	177239146948689
177239180160304	177239210256970	177239167016085
177239196723116	177239226939522	177239189466658
177239213893585	177239243623272	177239213053793
177239230871137	177239260306241	177239230799783
177239251327543	177239276987543	177239251248220
177239266686241	177239293669001	177239266620512
177239281214418	177239310348950	177239281148585
177239303827075	177239327032282	177239303743481
177239317036345	177239343713480	177239316961554
177239337442179	177239360396084	177239337371033
177239347190668	177239377078064	177239346764523
177239379080720	177239410440980	177239378919575
177239396931762	177239427124991	177239388957752
177239413732127	177239443806553	177239402115512
177239430353637	177239460488168	177239418417543
177239446879783	177239477170043	177239435507491
177239463422804	177239493851501	177239450840356
177239480362075	177239510534106	177239473611241
177239496747283	177239527214366	177239481394314
177239513286554	177239543891866	177239500603377
177239530559991	177239560569939	177239516113689
177239547166345	177239577247543	177239535737647
177239563948272	177239593928115	177239554967127
177239580666397	177239610612282	177239576907700
177239597276033	177239627292126	177239587653741
177239613541502	177239643974365	177239606611918
177239630595460	177239660654157	177239626344106
177239647075929	177239677333793	177239630876970
177239666607439	177239694014990	177239666525147
177239682301970	177239710696397	177239682241502
177239707497960	177239727380824	177239707396137
177239717697595	177239744064678	177239717635304
177239737256033	177239760749783	177239737156241
177239750818220	177239777435771	177239750735304
177239766324262	177239794116449	177239766258116
177239780959106	177239810801449	177239780900199
177239810722283	177239827484470	177239810635408
177239816809522	177239844172282	177239816758741
177239840354158	177239860859574	177239840266397
177239860443585	177239877546345	177239860352022
177239866130408	177239894236709	177239866069418
177239884461449	177239910921657	177239884359106
177239900995824	177239927604001	177239900930512
177239938738429	177239960967856	177239938658220
177239949525981	177239977651969	177239949478741
177239979944001	177240011019210	177239979850668
177239997705095	177240027701449	177239991943637
177240014249262	177240044383376	177240004870095
177240030876241	177240061063063	177240015864470
177240070317804	177240094422334	177240070222335
177240088629522	177240111099939	177240088543845
177240119156762	177240144456709	177240119063949
177240140318481	177240161132959	177240140181033
177240148281814	177240177809262	177240147717283
177240183467647	177240211161345	177240183382595
177240198349991	177240227835564	177240188508168
177240214255876	177240244511188	177240203260668
177240231453012	177240261185511	177240216631710
177240247820460	177240277864835	177240232745043
177240264505928	177240294544782	177240252270095
177240281162699	177240311223845	177240271280043
177240297975043	177240327901449	177240288314626
177240314271397	177240344578427	177240300849210
177240331215772	177240361258688	177240328142074
177240348042387	177240377939938	177240333453116
177240364538428	177240394619209	177240351047126
177240381168741	177240411299626	177240373341970
177240397699418	177240427979314	177240389505512
177240414303168	177240444660147	177240401581605
177240431224835	177240461340824	177240422912803
177240447694730	177240478019001	177240441715355
177240464402335	177240494697959	177240450919470
177240481522855	177240511378168	177240473141293
177240498191710	177240528058845	177240490396866
177240514439470	177240544738428	177240501016710
177240531629887	177240561420407	177240520460095
177240548084730	177240578101032	177240546230460
177240564446710	177240594784834	177240551545720
177240581113064	177240611468375	177240572432803
177240598045460	177240628156241	177240587741814
177240614612282	177240644841917	177240606117751
177240631025668	177240661527073	177240615533220
177240647933480	177240678212074	177240641553272
177240664969262	177240694896866	177240659376032
177240681417751	177240711580459	177240665206814
177240698047074	177240728267542	177240681778168
177240714385147	177240744953792	177240700586866
177240731416137	177240761636918	177240718265928
177240748017491	177240778322386	177240741762178
177240764840095	177240795005043	177240756749418
177240781314834	177240811687751	177240768509834
177240804419262	177240828370198	177240804321345
177240817558324	177240845049365	177240817484626
177240836416970	177240861727542	177240836326293
177240851511970	177240878409417	177240851426814
177240873121241	177240895087543	177240873010095
177240896585564	177240928454365	177240896499470
177240915043064	177240945139209	177240900541762
177240931405876	177240961818324	177240918620199
177240948343272	177240978499886	177240940696918
177240965520251	177240995182751	177240963875199
177240981769366	177241011865720	177240967086709
177240998390199	177241028547907	177240988402803
177241015119522	177241045228845	177241003353741
177241031650616	177241061911136	177241019419418
177241048503011	177241078590824	177241037792439
177241065055928	177241095270564	177241049775668
177241081784470	177241111955407	177241070966189
177241098606761	177241128637542	177241086622074
177241115204678	177241145321188	177241108192178
177241131796970	177241162006501	177241116117126
177241158710459	177241178691449	177241158570199
177241165807699	177241195378271	177241164359782
177241181867751	177241212067438	177241168347751
177241198684991	177241228755251	177241185929626
177241215433897	177241245441188	177241207704366
177241232266918	177241262127022	177241225159470
177241248763116	177241278812699	177241233929730
177241265262230	177241295496813	177241252435407
177241282258688	177241312180875	177241267133428
177241299307595	177241328864053	177241299143116
177241315271501	177241345549730	177241302610147
177241332196241	177241362237594	177241318923584
177241348780980	177241378925407	177241343107803
177241365324678	177241395612959	177241354375303
177241382013063	9223372036854775807	177241371467647

=== poll 1790150540.622031766
16666666
177241448353376	177241479046135	177241441001136
177241465036813	177241495734313	177241451617803
177241481683168	177241512419834	177241468383688
177241498288376	177241529108844	177241485717282
177241514919782	177241545801084	177241511484522
177241532306345	177241562491136	177241523105355
177241548868636	177241579181240	177241532485355
177241565784001	177241595869990	177241565552230
177241582853063	177241612559886	177241582778011
177241600555199	177241629250042	177241600483897
177241624064574	177241645939938	177241623950615
177241635978949	177241662629156	177241635910772
177241655291345	177241679315980	177241655223115
177241672275824	177241695999417	177241672228532
177241687366032	177241712683844	177241687300615
177241710239261	177241729368011	177241710165251
177241716873897	177241746051657	177241716813115
177241737672855	177241762736865	177241737604417
177241759474313	177241779423114	177241759374574
177241766202438	177241796110042	177241765588011
177241816460355	177241846167698	177241816371240
177241832654834	177241862855927	177241825876761
177241849396240	177241879543062	177241847862699
177241866245199	177241896227021	177241851379105
177241882774053	177241912912125	177241874781449
177241899113844	177241929595302	177241891069782
177241916079469	177241946280198	177241907270511
177241932520667	177241962964208	177241920641136
177241959448324	177241979645563	177241959363949
177241977339417	177241996329574	177241977240251
177242000901553	177242029698114	177242000818219
177242016522959	177242046381448	177242016082438
177242037527022	177242063065980	177242037459261
177242051676605	177242079746864	177242051608688
177242071591501	177242096427593	177242071522074
177242094274521	177242113112750	177242094195876
177242100872959	177242129793427	177242100826344
177242139696240	177242163151969	177242139585615
177242152443011	177242179830562	177242152365563
177242166215146	177242196508583	177242162998219
177242182842803	177242213191344	177242166648844
177242199010928	177242229873949	177242183936605
177242216369209	177242246553167	177242201382386
177242232908896	177242263233114	177242220894521
177242249036084	177242279914313	177242247603532
177242265537959	177242296596500	177242252309365
177242282555199	177242313277802	177242269835042
177242299209886	177242329957698	177242291544521
177242316066709	177242346636709	177242301688115
177242332795146	177242363316396	177242331795251
177242349558219	177242379995614	177242336479938
177242366070511	177242396677802	177242351707073
177242382617959	177242413360041	177242368131240
177242399220876	177242430041708	177242386032386
177242416676032	177242446722282	177242411691396
177242433045980	177242463402959	177242422233011
177242449397646	177242480083010	177242447097594
177242466048688	177242496761917	177242452457490
177242482551084	177242513443583	177242467735771
177242499221136	177242530126291	177242490657230
177242516170719	177242546808115	177242502939886
177242532878167	177242563489468	177242524760563
177242549210719	177242580168635	177242536044782
177242566164000	177242596847750	177242550817646
177242582528115	177242613532490	177242570870511
177242599315042	177242630220093	177242585726032
177242616778688	177242646902959	177242612943011
177242633472959	177242663583791	177242617543167
177242649504990	177242680264677	177242636751865
177242666166709	177242696944365	177242650628688
177242683886032	177242713625614	177242683136553
177242700960511	177242730307594	177242700891813
177242716719834	177242746987906	177242716657021
177242753383011	177242780345875	177242753315980
177242776464157	177242797024261	177242776395355
177242796317177	177242813705614	177242796218011
177242800631813	177242830387854	177242800574209
177242831924417	177242863744938	177242831842490
177242850163584	177242880422645	177242835385250
177242866569157	177242897101760	177242856207542
177242882874886	177242913780875	177242871599209
177242899453480	177242930460614	177242885323427
177242916375198	177242947138791	177242906720823
177242933301136	177242963819052	177242929025615
177242949719000	177242980499208	177242934167438
177242966597698	177242997178062	177242953619729
177242983061500	177243013856396	177242968262907
177242999957386	177243030536187	177242986093792
177243016870875	177243047215407	177243000401969
177243033545459	177243063892386	177243021181188
177243049917229	177243080570718	177243042124834
177243066358740	177243097245823	177243053440563
177243083174834	177243113923166	177243071602125
177243099861292	177243130603583	177243089293636
177243116503167	177243147282281	177243111373792
177243133228479	177243163962490	177243124978167
177243149740927	177243180640979	177243135705042
177243166922959	177243197319364	177243166858323
177243186833844	177243213997385	177243186758063
177243202834938	177243230673010	177243202774834
177243222575615	177243247346761	177243222507594
177243243844052	177243264019886	177243243752959
177243257604104	177243280692958	177243257535979
177243274627906	177243297364104	177243274554052
177243287534104	177243314037177	177243287459104
177243301449886	177243330711239	177243301388167
177243323050146	177243347384676	177243322959313
177243336423896	177243364061240	177243336360667
177243361118896	177243380741604	177243361040094
177243387331500	177243414097124	177243387264938
177243402911552	177243430776083	177243402852542
177243420851656	177243447454104	177243420796708
177243436048427	177243464133218	177243435962125
177243451077906	177243480814729	177243451019625
177243471659469	177243497495197	177243471548427
177243487059625	177243514175562	177243487009313
177243506069156	177243530855718	177243506005198
177243521512802	177243547535614	177243521441240
177243538544886	177243564215250	177243538472646
177243558414938	177243580894676	177243558350354
177243573495511	177243597571396	177243573434886
177243596219521	177243614251760	177243596122333
177243601110042	177243630933583	177243601054833
177243622216448	177243647612437	177243622150667
177243636257333	177243664291291	177243636207229
177243651155615	177243680971031	177243651106604
177243670659313	9223372036854775807	177243670601135

=== poll 1790150542.900682233
16666666
177243726259208	177243747698531	177243726175146
177243746318896	177243764380093	177243746246969
177243750350354	177243781064208	177243750304052
177243768676708	177243797747281	177243768621969
177243787143167	177243814427281	177243787094521
177243805935042	177243831109625	177243805866344
177243826822385	177243847790614	177243826731812
177243835803479	177243864476447	177243835743375
177243854822854	177243881161343	177243854750719
177243872452750	177243897843062	177243872394469
177243891388583	177243914526552	177243891308219
177243909338167	177243931212332	177243909258479
177243920884677	177243947898010	177243920818740
177243947327333	177243964579468	177243947251604
177243957678583	177243981264625	177243957611396
177243981168323	177243997950041	177243981071969
177243986050406	177244014634468	177243986007177
177244008036865	177244031317281	177244007951604
177244031733948	177244047996707	177244031649104
177244036183427	177244064676916	177244036124052
177244055532177	177244081357073	177244055442333
177244072838739	177244098037906	177244072751396
177244087162750	177244114717072	177244087108271
177244106948323	177244131398635	177244106863844
177244131725354	177244148080874	177244131620719
177244135401083	177244164764625	177244135346344
177244151845562	177244181447489	177244151792958
177244176026864	177244198129364	177244175954677
177244199323687	177244231494468	177244199216917
177244217684260	177244248181395	177244206693896
177244234437906	177244264865458	177244222051500
177244257328635	177244281547072	177244257234937
177244278411291	177244298227697	177244278349781
177244285298844	177244314910093	177244285255302
177244309738479	177244331590145	177244309679469
177244322486448	177244348273010	177244322417229
177244342854677	177244364953426	177244342780041
177244357016396	177244381634312	177244356944208
177244376590562	177244398314729	177244376528739
177244386039156	177244414996759	177244385911031
177244403178219	177244431676604	177244403101187
177244426377125	177244448354729	177244426297073
177244446704521	177244465032384	177244446608010
177244452191969	177244481713166	177244452135406
177244487026291	177244515071656	177244486949729
177244512248010	177244531747645	177244512172854
177244521442385	177244548426603	177244521388166
177244535771760	177244565105041	177244535711187
177244556113843	177244581785093	177244556021500
177244574388479	177244598464260	177244574303479
177244593665458	177244615140926	177244593591864
177244607857073	177244631816395	177244607780198
177244626820406	177244648496811	177244626737489
177244640565146	177244665177593	177244640474364
177244655709885	177244681857645	177244655614104
177244681975718	177244698535614	177244681886656
177244686792541	177244715217073	177244686745458
177244706231552	177244731899676	177244706149885
177244721387645	177244748580197	177244721299104
177244737406552	177244765260145	177244737330770
177244766881760	177244798609416	177244766774573
177244784758635	177244815286030	177244770596604
177244801417593	177244831961135	177244793948166
177244818115666	177244848638166	177244805790614
177244834676812	177244865314468	177244826803635
177244851636708	177244881989364	177244844720875
177244868573687	177244898666135	177244853109208
177244885340666	177244915338947	177244878527333
177244901527020	177244932010614	177244894472489
177244918117854	177244948683686	177244909709416
177244934621864	177244965358791	177244926202645
177244951282281	177244982035562	177244941276812
177244967907645	177244998712384	177244955814833
177244984669156	177245015388582	177244977562854
177245001416239	177245032065770	177244994219208
177245017800197	177245048737124	177245002527802
177245034921500	177245065412384	177245024125979
177245051561656	177245082086759	177245049335562
177245068202437	177245098761239	177245052770145
177245085372697	177245115440717	177245083473322
177245101796291	177245132118790	177245086946343
177245121667645	177245148798269	177245121591916
177245147288270	177245165479468	177245147204312
177245156621343	177245182160718	177245156549104
177245177662906	177245198840092	177245177591083
177245187918895	177245215518635	177245187868114
177245225844156	177245248878634	177245225724364
177245240754208	177245265557384	177245240688687
177245255827124	177245282234416	177245255761499
177245275282958	177245298913999	177245275223374
177245285631656	177245315593947	177245285581239
177245311417906	177245332273999	177245311341812
177245337602333	177245365631342	177245337540614
177245364692749	177245382306812	177245364611239
177245377627229	177245398979780	177245377566447
177245387480249	177245415653530	177245387431499
177245416189104	177245432326499	177245416106499
177245420311135	177245449003270	177245420276343
177245439434208	177245465682124	177245439364989
177245458611031	177245482364781	177245458517020
177245486537176	177245515720769	177245486441291
177245505657437	177245532398426	177245505590093
177245538144051	177245565750770	177245538072229
177245561913270	177245582429311	177245561839312
177245581893947	177245599108582	177245581799364
177245585195770	177245615791551	177245585148166
177245608955145	177245632475874	177245608892853
177245621200718	177245649155145	177245621147072
177245644176499	177245665830874	177245643926760
177245666576447	177245699185978	177245666485249
177245685273426	177245715862853	177245670627489
177245701805874	177245732540197	177245691180249
177245718357958	177245749218373	177245714313947
177245735878531	177245765897123	177245721358843
177245752439781	177245782574885	177245741278010
177245768454624	177245799254416	177245759075510
177245784990145	177245815935092	177245775853531
177245801857749	177245832612384	177245787130718
177245818520405	177245849288113	177245806355197
177245834983374	177245865968634	177245821043583
177245851892437	177245882647124	177245842755249
177245868933166	177245899327019	177245865945093
177245885139728	177245916003842	177245871568322
177245902064051	177245932684311	177245888547541
177245918542385	177245949363895	177245905601499
177245935505666	177245966040092	177245923444155
177245955043947	9223372036854775807	177245954975718

=== poll 1790150545.209882701
16666666
177246018560666	177246049426134	177246006246395
177246035501551	177246066100978	177246022903010
177246051853270	177246082775041	177246035672437
177246073140822	177246099447488	177246073073895
177246095359207	177246116121187	177246095285405
177246107341395	177246132794416	177246107251395
177246135330770	177246166142228	177246135186291
177246157594416	177246182820249	177246157522645
177246170539155	177246199497905	177246170486812
177246217037645	177246249520301	177246216934312
177246235491968	177246266195977	177246232036030
177246252447020	177246282875874	177246251893947
177246274238843	177246299556186	177246274176499
177246287144416	177246316235144	177246287084676
177246310946187	177246332912852	177246310876343
177246324253895	177246349590353	177246324140041
177246343675718	177246366268009	177246343449364
177246355169259	177246382947853	177246355103791
177246374573114	177246399623321	177246374493739
177246389703062	177246416298634	177246389623426
177246411875614	177246432974103	177246411792332
177246421767437	177246449648426	177246421692384
177246436347437	177246466319051	177246436294728
177246462416968	177246482989623	177246462353686
177246474403270	177246499659467	177246474338426
177246492778791	177246516335925	177246492717176
177246511288374	177246533008426	177246511215666
177246520416447	177246549683582	177246520361082
177246536126655	177246566358582	177246536072436
177246564315509	177246583035613	177246564225718
177246571013947	177246599711655	177246570950874
177246592834416	177246616388373	177246592764051
177246610689155	177246633064988	177246610611864
177246620541239	177246649743061	177246620485249
177246652435197	177246683088634	177246652356239
177246671793895	177246699763217	177246671717384
177246691752697	177246716439467	177246691675353
177246711696447	177246733116915	177246711611343
177246721066186	177246749790561	177246721016030
177246752158009	177246783141602	177246752078061
177246776095509	177246799818946	177246775970822
177246791606551	177246816498061	177246791529624
177246811846603	177246833177957	177246811752332
177246820585041	177246849858530	177246820516082
177246842301603	177246866541551	177246842247072
177246861515509	177246883222957	177246861447749
177246876726499	177246899898737	177246876642645
177246895665353	177246916572956	177246895604936
177246907557436	177246933248217	177246907491863
177246925647957	177246949920560	177246925578374
177246948265353	177246966595352	177246948180040
177246960957593	177246983269831	177246960873530
177246972378686	177246999941134	177246972292905
177247001855457	177247033288530	177247001767228
177247019320301	177247049964676	177247012558165
177247035829415	177247066645093	177247028737332
177247052790301	177247083326342	177247041088582
177247069191707	177247100009675	177247061574155
177247086126238	177247116693842	177247081450665
177247102655926	177247133378998	177247090484520
177247119396186	177247150063633	177247113569207
177247135965874	177247166747332	177247121697697
177247152775145	177247183429988	177247152129207
177247170005457	177247200110613	177247161566811
177247186768895	177247216785769	177247177958582
177247202657020	177247233462227	177247190141342
177247227180665	177247250135197	177247227088217
177247236983738	177247266809363	177247236927645
177247264200249	177247283487853	177247264110509
177247271554311	177247300165404	177247271484155
177247286911290	177247316844572	177247286846395
177247307522332	177247333522957	177247307427905
177247322755144	177247350203633	177247322685978
177247355985457	177247383563842	177247355902853
177247382161759	177247400239103	177247382097749
177247391820301	177247416913947	177247391759207
177247405042228	177247433587696	177247404982853
177247425957853	177247450263061	177247425896915
177247447954728	177247466938894	177247447884832
177247453591655	177247483615092	177247453544624
177247475264467	177247500289155	177247475172697
177247499137697	177247516963686	177247499033113
177247503561603	177247533641134	177247503506707
177247528229259	177247550321133	177247528162853
177247541689155	177247566999987	177247541626655
177247556551603	177247583676290	177247556490301
177247571477957	177247600352332	177247571381759
177247598030821	177247617027539	177247597951394
177247604273269	177247633703790	177247604211446
177247621605509	177247650381030	177247621530926
177247643527384	177247667058842	177247643440926
177247655879988	177247683734310	177247655808738
177247677826603	177247700410040	177247677752957
177247696124936	177247717085561	177247696046967
177247705642749	177247733758738	177247705583790
177247731390040	177247750433946	177247731319936
177247737598478	177247767106654	177247737533686
177247758459936	177247783776863	177247758377957
177247770536134	177247800448112	177247770472123
177247789034051	177247817121082	177247788674363
177247809979623	177247833795509	177247809916915
177247826013894	177247850468685	177247825948061
177247846832696	177247867144780	177247846743061
177247856211134	177247883818164	177247856146863
177247883193269	177247900490717	177247883112957
177247887683113	177247917162435	177247887641238
177247905693634	177247933839832	177247905614207
177247927311707	177247950517279	177247927247019
177247956243842	177247983871759	177247956150457
177247976976863	177248000547852	177247976900978
177248001498998	177248033901341	177248001410717
177248020598634	177248050579883	177248005924519
177248037044936	177248067254675	177248024429675
177248053130717	177248083928633	177248046770040
177248069931603	177248100603373	177248061260144
177248086741603	177248117277956	177248076468790
177248103311811	177248133954050	177248092056707
177248119967436	177248150628529	177248111694884
177248136901394	177248167304727	177248123193998
177248153166655	177248183982384	177248148670978
177248170176603	177248200658373	177248156895300
177248186964832	177248217331237	177248171041134
177248211310352	177248234000820	177248211219050
177248223747488	177248250672488	177248223678269
177248239553790	177248267347800	177248239484259
177248258130509	177248284027123	177248258061707
177248283179988	9223372036854775807	177248283091811

=== poll 1790150547.505074940
16666666
177248288429259	177248317379414	177248288361602
177248306071238	177248334058321	177248305995561
177248335938530	177248367417695	177248335856967
177248353684050	177248384095039	177248346840457
177248370094936	177248400768842	177248365097696
177248386865873	177248417441445	177248371487488
177248403318582	177248434114675	177248393584623
177248420930977	177248450788113	177248406513009
177248437184884	177248467461394	177248423414832
177248453236759	177248484135456	177248451236967
177248469903217	177248500810977	177248461301082
177248486647436	177248517487331	177248478309311
177248503660665	177248534161810	177248490533790
177248519951550	177248550837123	177248506598998
177248536649519	177248567511862	177248520971498
177248553638738	177248584186393	177248542838165
177248577881602	177248600862852	177248577767852
177248586798425	177248617540091	177248580422332
177248603711134	177248634215091	177248597094936
177248620980092	177248650894154	177248617144050
177248637633894	177248667572383	177248633373529
177248653815092	177248684250092	177248643096863
177248670388217	177248700929570	177248660188998
177248687041915	177248717610351	177248671974675
177248704041394	177248734286810	177248698918738
177248720351290	177248750959935	177248705070977
177248737267956	177248767637383	177248724196290
177248753729988	177248784313269	177248751122644
177248770082956	177248800987279	177248755421498
177248787042956	177248817664414	177248771630196
177248803568165	177248834340820	177248791759571
177248820618581	177248851016550	177248811765509
177248837821290	177248867689102	177248831673790
177248854279936	177248884366185	177248841186238
177248870986602	177248901043633	177248870860404
177248890833165	177248917720091	177248890754519
177248906703946	177248934393841	177248906637592
177248927418998	177248951065768	177248927341290
177248942466342	177248967736393	177248942386446
177248955932748	177248984405768	177248955878790
177248981650144	177249001079779	177248981523008
177248997891342	177249017751758	177248997824519
177249005472123	177249034423165	177249005422071
177249025257800	177249051094831	177249025200508
177249046655613	177249067769831	177249046595196
177249067509154	177249084441602	177249067428529
177249073021915	177249101114362	177249072734935
177249094604935	177249117792539	177249094525040
177249112083165	177249134469623	177249112021238
177249140687383	177249167827695	177249140588633
177249153657852	177249184504362	177249145815873
177249170173060	177249201183425	177249155303425
177249186982435	177249217860091	177249185868165
177249204045092	177249234538841	177249201586081
177249220429467	177249251219258	177249211043165
177249237370144	177249267900247	177249234783060
177249260559988	177249284569883	177249260474154
177249274012123	177249301238841	177249273934258
177249288329831	177249317909570	177249288268529
177249308782540	177249334580769	177249308722279
177249322451290	177249351248581	177249322390196
177249356953477	177249384593425	177249356858529
177249371069050	177249401266705	177249370876290
177249396822956	177249417940924	177249396756394
177249418311081	177249434615769	177249418240352
177249436611446	177249467963164	177249436546602
177249453985404	177249484636132	177249447095873
177249472045925	177249501307643	177249459623998
177249494794675	177249517980768	177249494701706
177249508247487	177249534655768	177249508156862
177249522338998	177249551329935	177249522268633
177249541742800	177249568001549	177249541661602
177249557610977	177249584674466	177249557497748
177249574927435	177249601348216	177249574854571
177249590802748	177249618024466	177249590689467
177249617178685	177249634697643	177249617101394
177249627612800	177249651370821	177249627534154
177249641807331	177249668050247	177249641709675
177249665444519	177249684728372	177249665301081
177249671532123	177249701406966	177249671474623
177249691506602	177249718080508	177249691453373
177249714287019	177249734757383	177249714221706
177249727657227	177249751431289	177249727596081
177249747521914	177249768105455	177249747443998
177249755616810	177249784778372	177249755560612
177249795373269	177249818135404	177249795281237
177249815896810	177249834813581	177249815833060
177249822585352	177249851485403	177249822519466
177249860371394	177249884829987	177249860262279
177249876780873	177249901503580	177249876699831
177249893225769	177249918176393	177249893148581
177249906443529	177249934846133	177249906380560
177249926039831	177249951515351	177249925982175
177249951293060	177249968188997	177249951215039
177249958621393	177249984864101	177249958571550
177249995233998	177250018217122	177249995131914
177250008684883	177250034892538	177250008620716
177250025052435	177250051567070	177250024969727
177250043527591	177250068238893	177250043440143
177250056833060	177250084909987	177250056777279
177250075762956	177250101583007	177250075701862
177250104503893	177250134928997	177250104425039
177250121651446	177250151599726	177250107492435
177250138104675	177250168273008	177250134110352
177250154432383	177250184945195	177250151785091
177250170816185	177250201619101	177250160704935
177250187415664	177250218293372	177250176598789
177250203907487	177250234969205	177250192463477
177250220872800	177250251645820	177250210849362
177250237482695	177250268322330	177250226249466
177250254230820	177250284997278	177250240408373
177250270736289	177250301668633	177250256416810
177250308080248	177250335014622	177250307933425
177250322309466	177250351688840	177250321230560
177250347519414	177250368363633	177250347442331
177250359137383	177250385039361	177250359085873
177250377639622	177250401713216	177250377586758
177250407376133	177250435059257	177250407281185
177250426486758	177250451731497	177250426410925
177250446997800	177250468406601	177250446919258
177250455917175	177250485082122	177250455859206
177250486598529	177250518430455	177250486521966
177250504512956	177250535103789	177250501597122
177250521961550	177250551777643	177250512806654
177250538413789	177250568451445	177250526306497
177250554037695	177250585126497	177250541832852
177250571310039	9223372036854775807	177250562017175

=== poll 1790150549.812734783
16666666
177250455917175	177250485082122	177250455859206
177250486598529	177250518430455	177250486521966
177250504512956	177250535103789	177250501597122
177250521961550	177250551777643	177250512806654
177250538413789	177250568451445	177250526306497
177250554037695	177250585126497	177250541832852
177250571310039	177250601804205	177250562017175
177250588087070	177250618484258	177250575418685
177250604671497	177250635162018	177250596075716
177250621144987	177250651841965	177250612352799
177250641108372	177250668520716	177250641007747
177250654497331	177250685198320	177250646425508
177250670889935	177250701875247	177250655835612
177250687458008	177250718549570	177250686068581
177250704192487	177250735223997	177250696521810
177250721076810	177250751898945	177250706180195
177250738456237	177250768572122	177250727420612
177250761565872	177250785242122	177250761467956
177250780792539	177250801915039	177250780740456
177250791141393	177250818590507	177250791073372
177250832589831	177250851937070	177250832496289
177250844964258	177250868607799	177250844912643
177250858257226	177250885279517	177250858171862
177250877909206	177250901952070	177250877811966
177250903684414	177250935300403	177250903592331
177250927819206	177250951974726	177250927734987
177250943269726	177250968648007	177250943201654
177250983458737	177251001994257	177250983364466
177250995521706	177251018669882	177250995450716
177251013115820	177251035346133	177251013035039
177251026271966	177251052019518	177251026203685
177251040629310	177251068696913	177251040510508
177251069513372	177251102038528	177251069422331
177251088409049	177251118710872	177251072441914
177251104898685	177251135382799	177251101368268
177251121458789	177251152054101	177251106088685
177251138291185	177251168720403	177251126113581
177251155160195	177251185394361	177251142137331
177251171502278	177251202069153	177251157493320
177251188040143	177251218742955	177251182647174
177251204465664	177251235418007	177251190623216
177251221300560	177251252092851	177251212934935
177251243550560	177251268769257	177251243464153
177251255531810	177251285442434	177251255470924
177251273072174	177251302116340	177251273005560
177251293155768	177251318791184	177251293068372
177251322557851	177251352144622	177251322461393
177251337997955	177251368818528	177251331062955
177251355185351	177251385490142	177251342282435
177251371884049	177251402161392	177251355749570
177251388289518	177251418832694	177251376610976
177251404849935	177251435504882	177251393454414
177251421623424	177251452174987	177251407736341
177251438230195	177251468846288	177251430779935
177251454802591	177251485518997	177251445089518
177251472026601	177251502191288	177251470901914
177251494012903	177251518861600	177251493924310
177251511059205	177251535535663	177251510992122
177251527069830	177251552205715	177251527010091
177251551987278	177251568876185	177251551920195
177251566542955	177251585547747	177251566455299
177251582034466	177251602220716	177251581968007
177251590414622	177251618891809	177251590360768
177251608523372	177251635564934	177251608456705
177251635329830	177251652244882	177251635213268
177251640862018	177251668927382	177251640807226
177251659044935	177251685607069	177251658963737
177251673411653	177251702286392	177251673344987
177251691120403	177251718962330	177251691041914
177251710906809	177251735637746	177251710826809
177251750961237	177251768989153	177251750852643
177251767182591	177251785667226	177251767106289
177251780867851	177251802342226	177251780798841
177251821885768	177251852358423	177251821759622
177251838972903	177251869032226	177251835405768
177251855138893	177251885706288	177251841585976
177251871823424	177251902382382	177251858216497
177251888364205	177251919056497	177251872727278
177251904897226	177251935730715	177251891036289
177251940913736	177251969079048	177251940827070
177251969113945	177251985753632	177251969014726
177251992818320	177252019102590	177251992733893
177252007055924	177252035775976	177252005560351
177252038953684	177252069131913	177252038839153
177252056798059	177252085811756	177252056710611
177252095557539	177252119170507	177252095468841
177252114317070	177252135849309	177252114242747
177252123065820	177252152526861	177252123017278
177252150444205	177252169203788	177252150348268
177252155454882	177252185882382	177252155404830
177252186931236	177252219224570	177252186816341
177252206222538	177252235896497	177252205426184
177252226505820	177252252569933	177252226421913
177252272536080	177252302605455	177252272436080
177252306913059	177252335954101	177252306783736
177252322204934	177252352629413	177252311139570
177252338906341	177252369305403	177252323708163
177252355529309	177252385981079	177252342301966
177252372715403	177252402657330	177252360569830
177252388969830	177252419329569	177252381007903
177252415170455	177252436004726	177252415075143
177252429383268	177252452681809	177252429288528
177252438849205	177252469361913	177252432093163
177252455333684	177252486044309	177252440386288
177252472285820	177252502726912	177252456408007
177252488753788	177252519407226	177252473160663
177252506780195	177252536088371	177252506721340
177252532231653	177252552769934	177252532152434
177252544820663	177252569451652	177252544765038
177252563867903	177252586134829	177252563808528
177252577434205	177252602818058	177252577372799
177252596095924	177252619497590	177252595994049
177252607946028	177252636174308	177252607882330
177252635692955	177252652851496	177252635580299
177252645008840	177252669533059	177252644939622
177252659869205	177252686214986	177252659802799
177252678823215	177252702893683	177252678703163
177252690587799	177252719572330	177252690533111
177252716589101	177252736249413	177252716500299
177252725941965	177252752923215	177252725880403
177252751274257	177252769598631	177252751202851
177252759046236	177252786275402	177252758997747
177252789669674	177252819631653	177252789554309
177252806253840	177252836313579	177252798915507
177252823308580	177252852991236	177252811991340
177252839321236	177252869669516	177252829711497
177252855546705	9223372036854775807	177252841857226

=== poll 1790150552.112009834
16666666
177252839321236	177252869669516	177252829711497
177252855546705	177252886347017	177252841857226
177252872155559	177252903026756	177252866916444
177252889029153	177252919705142	177252875568215
177252905771184	177252936385142	177252896061705
177252922260247	177252953064725	177252910717069
177252938763736	177252969744621	177252931991913
177252955717122	177252986422173	177252944425247
177252974718997	177253003102538	177252974612278
177252989098788	177253019781392	177252978063163
177253006220611	177253036457746	177253005998736
177253037359413	177253069813110	177253037248892
177253055996965	177253086491444	177253047611444
177253072315246	177253103174308	177253056655924
177253089097851	177253119856184	177253081530976
177253105331965	177253136532121	177253090637955
177253122618319	177253153209569	177253118342538
177253141814517	177253169888006	177253141721496
177253156786132	177253186565246	177253156723528
177253183038059	177253203240766	177253182949621
177253203589049	177253219916288	177253203510351
177253207675403	177253236594360	177253207621288
177253223741288	177253253272381	177253223687226
177253259684309	177253286629465	177253259587798
177253279599465	177253303307642	177253279518319
177253301946861	177253319986027	177253301671809
177253311328580	177253336666131	177253311248684
177253331549257	177253353345142	177253331486132
177253346811132	177253370022382	177253346748007
177253364783944	177253386698110	177253364724309
177253381867851	177253403378215	177253381792382
177253393824986	177253420058891	177253393742434
177253424644934	177253453419725	177253424581132
177253440080298	177253470099881	177253427787173
177253456534309	177253486775870	177253447517538
177253472681600	177253503450037	177253467443163
177253489720038	177253520128735	177253475975871
177253506198163	177253536809985	177253496600767
177253522747017	177253553489204	177253511431028
177253539435298	177253570171027	177253527210715
177253555662746	177253586855038	177253541003840
177253572933423	177253603536079	177253566607590
177253589937486	177253620214153	177253576986653
177253606098944	177253636895715	177253596199257
177253624473475	177253653577381	177253618300975
177253639885403	177253670255037	177253628549361
177253656461652	177253686930350	177253646063007
177253672819413	177253703605714	177253660926444
177253689600611	177253720282121	177253681660090
177253706030611	177253736957485	177253691728840
177253722755142	177253753634413	177253712541965
177253739405402	177253770313527	177253725233215
177253756140402	177253786989413	177253745641757
177253773033215	177253803663475	177253770211340
177253789696236	177253820337329	177253781216340
177253806263007	177253837012121	177253796580350
177253822844309	177253853686444	177253810447746
177253839584257	177253870362642	177253837034777
177253856643371	177253887037225	177253844924830
177253874629673	177253903712485	177253860343163
177253892539361	177253920387589	177253892463996
177253913122694	177253937065141	177253913042225
177253923632850	177253953742485	177253923529986
177253945785194	177253970418370	177253945705454
177253960851600	177253987093683	177253960790767
177253987937642	177254020448215	177253987859048
177254006665090	177254037124516	177253994963840
177254023065611	177254053799934	177254016293736
177254040502746	177254070475715	177254040304882
177254063705402	177254087151183	177254063614361
177254084110246	177254103827225	177254083993475
177254091394465	177254120502746	177254091341809
177254137470611	177254153848840	177254137358527
177254143441027	177254170523422	177254143378475
177254158156809	177254187193319	177254158087954
177254195059309	177254220536340	177254194967486
177254214172069	177254237208996	177254214097954
177254228604100	177254253880870	177254228528579
177254261974829	177254287230922	177254261882538
177254302267329	177254320584673	177254302146965
177254307495454	177254337257485	177254306594986
177254325410923	177254353928579	177254325346288
177254347320611	177254370601652	177254347263840
177254358513736	177254387274933	177254358468996
177254389211496	177254420624672	177254389110246
177254406737798	177254437301652	177254391659465
177254423271756	177254453978162	177254419337850
177254439906079	177254470655141	177254425933111
177254456721288	177254487333266	177254446441496
177254473115090	177254504012589	177254457505506
177254489864100	177254520690246	177254480780558
177254507184308	177254537366182	177254499819361
177254523585298	177254554044308	177254510228631
177254539976131	177254570720922	177254527057642
177254556828788	177254587398631	177254546968423
177254573477329	177254604073943	177254559669985
177254590182277	177254620750871	177254576279829
177254606783006	177254637425297	177254596814048
177254623401235	177254654097329	177254614349673
177254640037225	177254670769151	177254625912642
177254663179933	177254687442902	177254663066808
177254677254308	177254704118944	177254677190923
177254707585975	177254737473475	177254707472329
177254724579465	177254754147433	177254711217225
177254741097746	177254770822380	177254727896704
177254757000506	177254787499464	177254741071288
177254773174412	177254804174464	177254757137329
177254799393058	177254820849933	177254799324933
177254815026340	177254837529204	177254814966756
177254829562746	177254854207693	177254829495975
177254842389308	177254870884308	177254842324725
177254859782173	177254887563474	177254859700662
177254878600350	177254904242432	177254878519569
177254890921860	177254920920714	177254890856079
177254925861496	177254954279151	177254925772642
177254946559517	177254970958891	177254946495454
177254961179465	177254987638474	177254961112537
177254991616704	177255020995974	177254991501600
177255007004933	177255037675454	177255001250767
177255023470767	177255054355089	177255011032746
177255040048735	177255071032641	177255026144829
177255057060923	177255087708474	177255045724048
177255073536600	177255104384256	177255065380350
177255090515298	177255121060245	177255081863787
177255107303319	177255137738266	177255090871183
177255124090402	177255154415871	177255120184100
177255140316704	177255171092589	177255130774464

=== poll 1790150554.390607906
16666666
177255265224985	177255287835922	177255265159308
177255283693631	177255304510766	177255283615089
177255300812016	177255321184985	177255300743214
177255317906444	177255337859620	177255317813371
177255334329412	177255354532068	177255334222537
177255345431391	177255371209308	177255345347485
177255361420975	177255387887746	177255361329985
177255386412902	177255404566339	177255386354829
177255411530037	177255437917901	177255411463943
177255430453058	177255454594256	177255430395193
177255442543683	177255471268474	177255442478110
177255478990454	177255504617016	177255478882277
177255492163006	177255521291391	177255492086704
177255511148475	177255537965922	177255511087641
177255529598266	177255554641287	177255529529412
177255542147277	177255571316547	177255542079204
177255557788683	177255587996495	177255557710089
177255589419829	177255621354151	177255589352121
177255607238891	177255638032797	177255592904933
177255624256391	177255654712797	177255612676287
177255640625141	177255671389151	177255632513162
177255657368110	177255688065453	177255646369620
177255673965193	177255704741287	177255672719048
177255690638162	177255721419151	177255681100975
177255707636183	177255738093995	177255706324620
177255724752693	177255754767641	177255710519673
177255741461027	177255771441704	177255734577381
177255757562589	177255788113423	177255748900089
177255773941808	177255804788682	177255765789725
177255790642277	177255821467381	177255786191131
177255807206131	177255838145974	177255795838631
177255828158631	177255854821599	177255828095975
177255846363527	177255871494568	177255846296183
177255860757693	177255888169464	177255860690610
177255881743058	177255904843109	177255881680141
177255900898995	177255921520297	177255900802485
177255911631339	177255938196756	177255911554620
177255939351600	177255971551703	177255939254829
177255958223579	177255988231651	177255942774152
177255974272537	177256004911495	177255961573110
177255991031027	177256021589933	177255987469152
177256007487641	177256038266495	177255992322329
177256024294412	177256054946912	177256016685975
177256041058631	177256071626651	177256031541131
177256057702068	177256088307016	177256052378579
177256074327537	177256104987954	177256060625193
177256090794204	177256121664359	177256082352120
177256107748839	177256138342849	177256101909881
177256124539777	177256155021391	177256121090610
177256141322224	177256171699932	177256126226183
177256158145297	177256188375609	177256146206704
177256174614204	177256205047954	177256161336652
177256190963787	177256221720974	177256178027745
177256207802954	177256238398683	177256199829464
177256224186808	177256255073891	177256210855089
177256241073527	177256271747276	177256226839985
177256257830870	177256288422640	177256251779724
177256274860714	177256305100557	177256264728683
177256291150870	177256321780713	177256278904776
177256307978891	177256338464724	177256304253370
177256324447224	177256355141912	177256309862172
177256341117641	177256371817641	177256328158526
177256358702329	177256388494256	177256351404256
177256375264516	177256405172276	177256361527849
177256391658058	177256421846234	177256388302329
177256408213474	177256438523474	177256393160297
177256424541599	177256455201911	177256410948058
177256440914464	177256471880818	177256429366183
177256457458891	177256488559099	177256454709724
177256474655349	177256505236860	177256460342120
177256491385818	177256521912797	177256481774568
177256511636808	177256538585348	177256511557589
177256535953995	177256555257900	177256535842068
177256541505922	177256571931078	177256541399360
177256561407120	177256588603787	177256561326599
177256581844568	177256605278526	177256581772589
177256596018631	177256621953995	177256595943318
177256615204203	177256638628994	177256615143735
177256627270193	177256655303370	177256627199203
177256641858214	177256671972901	177256641796860
177256667725349	177256688645453	177256667622641
177256676094412	177256705318734	177256676016860
177256697492276	177256721989933	177256697428683
177256716044672	177256738659932	177256715966443
177256730525401	177256755335037	177256730449151
177256752018839	177256772010141	177256751937901
177256761282901	177256788684516	177256761228683
177256782983474	177256805357224	177256782904568
177256795699412	177256822028370	177256795628214
177256816490766	177256838698682	177256816401651
177256839950714	177256872046286	177256839841130
177256858280922	177256888722172	177256845999724
177256874740193	177256905399099	177256863209047
177256891346443	177256922072432	177256879724047
177256908019203	177256938748370	177256895862953
177256924659672	177256955426807	177256922473839
177256941408422	177256972104464	177256933896860
177256957952953	177256988782015	177256951343214
177256975621651	177257005457119	177256964635714
177256991994464	177257022129412	177256976954360
177257008172068	177257038800036	177256996554464
177257024883057	177257055472432	177257011058474
177257041544516	177257072149619	177257026895141
177257058141130	177257088826755	177257045999672
177257075234985	177257105503682	177257068375714
177257091644203	177257122178473	177257085608162
177257107846287	177257138848005	177257092291599
177257124719412	177257155520297	177257117996182
177257141550245	177257172193318	177257132773214
177257158299464	177257188867797	177257145795349
177257175843474	177257205543682	177257160615037
177257192035401	177257222221182	177257176609099
177257208143109	177257238896442	177257199440609
177257230599984	177257255570817	177257230483734
177257241484359	177257272244515	177257235314151
177257258411859	177257288916651	177257248653526
177257274848682	177257305590713	177257260778839
177257291296807	177257322264307	177257278776026
177257307790557	177257338936286	177257295217432
177257324799412	177257355609307	177257311581130
177257341768891	177257372283630	177257335928005
177257358395609	177257388960557	177257347948839
177257375561651	177257405636286	177257371128370
177257391839203	177257422310453	177257376214255
177257407994880	177257438986599	177257406580036
177257432648578	177257455663369	177257432565193
177257449999255	9223372036854775807	177257449936703

=== poll 1790150556.708661447
16666666
177257512425974	177257539044411	177257512354047
177257526141599	177257555721650	177257526075870
177257554654568	177257572398681	177257554552016
177257561530089	177257589075296	177257561469099
177257577037068	177257605752275	177257576978630
177257601554880	177257622432016	177257601470870
177257614588943	177257639111547	177257614515349
177257626259411	177257655787431	177257625463370
177257642689724	177257672463577	177257642600453
177257660745401	177257689139359	177257660664724
177257689539984	177257705818057	177257689435505
177257695239620	177257722496599	177257695176443
177257708731859	177257739176077	177257708674099
177257730711703	177257755852901	177257730603630
177257746432745	177257772528421	177257746364307
177257764802953	177257789207692	177257764733891
177257778125036	177257805886598	177257778045661
177257806634255	177257839240297	177257806542745
177257825976859	177257855918525	177257810600922
177257844175193	177257872598213	177257844107536
177257861445557	177257889277015	177257861369255
177257876443213	177257905950921	177257876389568
177257895610245	177257922627379	177257895547120
177257920427536	177257939299203	177257920363578
177257932063318	177257955971233	177257932012328
177257958850088	177257989313526	177257958778474
177257975530609	177258005982640	177257961448005
177257992778057	177258022656495	177257981651547
177258009280453	177258039327328	177258002246859
177258025492172	177258056001494	177258015655818
177258042067745	177258072674254	177258025970609
177258058718786	177258089345661	177258055549359
177258075169724	177258106020453	177258072016651
177258091994984	177258122694098	177258079148838
177258108710453	177258139367172	177258102698526
177258125610140	177258156040921	177258113610765
177258142648578	177258172716546	177258127273578
177258158740505	177258189390973	177258148345036
177258175337120	177258206066337	177258164458317
177258191991286	177258222740244	177258176320036
177258218833838	177258239414567	177258218754099
177258228508005	177258256088265	177258228450974
177258250811547	177258272760816	177258250736234
177258280342067	177258306106390	177258280248422
177258294356755	177258322779358	177258294270244
177258313632119	177258339448942	177258313567067
177258332552276	177258356116963	177258332501599
177258353055401	177258372789150	177258352961078
177258361706234	177258389463630	177258361649359
177258376679255	177258406140609	177258376611442
177258406782328	177258422816547	177258406715453
177258427287744	177258456164724	177258427221599
177258448686807	177258472836129	177258448611859
177258463285609	177258489508682	177258463220140
177258490758838	177258522856130	177258490670713
177258508992588	177258539530140	177258496365088
177258525617640	177258556203942	177258515463890
177258542151442	177258572875764	177258531712224
177258558714046	177258589544827	177258545611026
177258575686234	177258606217952	177258562858838
177258592304099	177258622888838	177258581001703
177258609605349	177258639558942	177258597935869
177258626066130	177258656228838	177258613365140
177258642430713	177258672900869	177258642087640
177258668098630	177258689571077	177258667849515
177258681201651	177258706242796	177258681128369
177258696550765	177258722916390	177258696488682
177258719364984	177258739589671	177258719289098
177258726458786	177258756259723	177258726402276
177258757223890	177258789609671	177258757141390
177258775958578	177258806291545	177258761993421
177258792346963	177258822970608	177258776575921
177258809609567	177258839645920	177258795756755
177258826419932	177258856318994	177258819740401
177258842135921	177258872993056	177258826778421
177258859040765	177258889668733	177258857602432
177258875499984	177258906343108	177258862240140
177258892416442	177258923019255	177258886524567
177258908926963	177258939695713	177258899223317
177258925647380	177258956372639	177258917108838
177258942466130	177258973045660	177258932158525
177258959194828	177258989719462	177258945618890
177258975739255	177259006391806	177258967466963
177258992361130	177259023064619	177258981997692
177259009653994	177259039736285	177258996117588
177259026260296	177259056411858	177259018483525
177259043268578	177259073085973	177259043203682
177259060215296	177259089758577	177259060159515
177259078325400	177259106429827	177259078251338
177259096702275	177259123103109	177259096642953
177259116713682	177259139778942	177259116633369
177259131210817	177259156452587	177259131129255
177259158438161	177259189805243	177259158338786
177259176072536	177259206480868	177259170158786
177259192381234	177259223155400	177259179053838
177259210521234	177259239828108	177259210279150
177259230672952	177259256503577	177259230583890
177259243441963	177259273182536	177259243389723
177259262539671	177259289857484	177259262363057
177259276364098	177259306532796	177259276293369
177259301578942	177259323208681	177259301507848
177259327597380	177259356562483	177259327523317
177259346578525	177259373238056	177259346504827
177259369059671	177259389915504	177259368970661
177259384582171	177259406591493	177259384502327
177259398061702	177259423266650	177259397998890
177259410694619	177259439944306	177259410634567
177259427004254	177259456622274	177259426937692
177259456338317	177259473301077	177259456245452
177259467017275	177259489980035	177259466930400
177259497526182	177259523337484	177259497451911
177259516321807	177259540012066	177259516242067
177259540783734	177259573365192	177259540692015
177259559581286	177259590042640	177259546565765
177259576059984	177259606716910	177259560727640
177259593028681	177259623390817	177259577454359
177259610494879	177259640062535	177259598009254
177259627168004	177259656732483	177259614757796
177259642804359	177259673407899	177259633236442
177259659868681	177259690083004	177259648177223
177259676237900	177259706758004	177259667063317
177259692582796	177259723431702	177259686754046
177259709363265	177259740106858	177259701543681
177259725923421	177259756782379	177259710942275
177259742691911	177259773458941	177259733312848
177259759150921	177259790135504	177259747948838
177259776343733	9223372036854775807	177259767536598

=== poll 1790150559.052907175
16666666
177259826579463	177259856831285	177259811378942
177259842753681	177259873504514	177259837870608
177259859620921	177259890178890	177259854889306
177259876120661	177259906853264	177259861631025
177259892865296	177259923524410	177259881841442
177259909237744	177259940196233	177259901543056
177259925813369	177259956867848	177259919361181
177259942718890	177259973540191	177259930180765
177259959600869	177259990211025	177259945479827
177259976219358	177260006883265	177259965626702
177259992940660	177260023557951	177259987879879
177260009486442	177260040229931	177260004998785
177260026672744	177260056900921	177260011474358
177260043659827	177260073573212	177260031375296
177260059417379	177260090245556	177260052556858
177260076635921	177260106916962	177260066478681
177260092819671	177260123588785	177260087074150
177260109700296	177260140260504	177260103544306
177260126239879	177260156932274	177260111292431
177260143061702	177260173604566	177260131324879
177260159761025	177260190275191	177260152276598
177260177124254	177260206944410	177260176721546
177260196401338	177260223619774	177260196329775
177260217633265	177260240292951	177260217544462
177260228939202	177260256964358	177260228494515
177260248535296	177260273635712	177260248425035
177260263014515	177260290306702	177260262943212
177260286839410	177260306971701	177260286770973
177260305299723	177260323639827	177260305209306
177260311600921	177260340311753	177260311526962
177260328129567	177260356984827	177260328060556
177260346891858	177260373658056	177260346819098
177260366443369	177260390328941	177260366297848
177260385164515	177260407002431	177260385091337
177260396586754	177260423676025	177260396505660
177260411370973	177260440346493	177260411298265
177260433244931	177260457017326	177260433169775
177260446103942	177260473691129	177260446035139
177260471444410	177260490363472	177260471340869
177260477082119	177260507034879	177260476850452
177260502046025	177260523703837	177260501973056
177260517309879	177260540375712	177260517224983
177260537249046	177260557047378	177260537159098
177260545589254	177260573718524	177260545509098
177260562126962	177260590388160	177260562037744
177260587622223	177260607060868	177260587548577
177260598749827	177260623735504	177260598687275
177260618239931	177260640410139	177260618157535
177260627303525	177260657081857	177260627245764
177260659511181	177260690429722	177260659425087
177260681172119	177260707105555	177260681078994
177260696362119	177260723781806	177260696287848
177260711343369	177260740455868	177260711254723
177260748894566	177260773802066	177260748795348
177260762382431	177260790473368	177260762330660
177260789836546	177260807146441	177260789738889
177260804307119	177260823819462	177260804228369
177260811538941	177260840493211	177260811471702
177260828999983	177260857164566	177260828932014
177260851267848	177260873837795	177260851174566
177260861435452	177260890509983	177260861376389
177260894242483	177260923858160	177260894154723
177260909571546	177260940532430	177260901630973
177260926605764	177260957208055	177260911582483
177260943422275	177260973883368	177260936971910
177260959744410	177260990557274	177260943435921
177260976518368	177261007229566	177260968031806
177260993095816	177261023902952	177260981162171
177261010841650	177261040575920	177261010776493
177261039562743	177261057249723	177261039454098
177261047665712	177261073925868	177261047593837
177261070575816	177261090598472	177261070465400
177261082849410	177261107273576	177261082771545
177261096748993	177261123950764	177261096672848
177261123562900	177261140626233	177261123329306
177261131686754	177261157302743	177261131617170
177261174008681	177261190661076	177261173923837
177261178387952	177261207338004	177261178341493
177261198168577	177261224013837	177261198083160
177261216633160	177261240686650	177261216563733
177261237351650	177261257363160	177261237274879
177261248909045	177261274038160	177261248829254
177261269659202	177261290714827	177261269576025
177261282673629	177261307394149	177261282600973
177261296109410	177261324074461	177261296053941
177261375105295	177261407456910	177261374986025
177261394208941	177261424135659	177261381236285
177261412676545	177261440812275	177261412590452
177261426672066	177261457490920	177261417358889
177261443739931	177261474166389	177261432813629
177261460577222	177261490843525	177261453527222
177261477873212	177261507525243	177261474184306
177261514998368	177261540884878	177261514864045
177261526955608	177261557566702	177261517502900
177261543196441	177261574247118	177261531066181
177261560058837	177261590922222	177261556775399
177261581190347	177261607598264	177261581131962
177261603780920	177261624273681	177261603719462
177261617150764	177261640950868	177261617098993
177261633702587	177261657628628	177261633638264
177261657269618	177261674303680	177261657128629
177261662188368	177261690977482	177261662126858
177261697814306	177261724333576	177261697715920
177261711401702	177261741013419	177261710508056
177261736072691	177261757692222	177261735980764
177261745450191	177261774368003	177261745389618
177261760785764	177261791041076	177261760724201
177261795710295	177261824394044	177261795623316
177261817704566	177261841071337	177261817637014
177261840447326	177261857747586	177261840362483
177261854159410	177261874425087	177261854072847
177261860771181	177261891099045	177261860706337
177261882606337	177261907778993	177261882530764
177261906974410	177261924457117	177261906871858
177261911374670	177261941137274	177261911322066
177261931010816	177261957815347	177261930936441
177261954578056	177261974493836	177261954479722
177261964277066	177261991170711	177261964207170
177261978583993	177262007850190	177261978528837
177262007648368	177262024528837	177262007402535
177262012676024	177262041204983	177262012630660
177262028888108	177262057878940	177262028827483
177262046821181	177262074555242	177262046703524
177262069719097	177262091228367	177262069634514
177262083196597	177262107902898	177262083129149
177262105699670	177262124581649	177262105628733
177262118183524	9223372036854775807	177262118122795

=== poll 1790150561.361310664
16666666
177262007648368	177262024528837	177262007402535
177262012676024	177262041204983	177262012630660
177262028888108	177262057878940	177262028827483
177262046821181	177262074555242	177262046703524
177262069719097	177262091228367	177262069634514
177262083196597	177262107902898	177262083129149
177262105699670	177262124581649	177262105628733
177262118183524	177262141257742	177262118122795
177262144021233	177262174611597	177262143776285
177262160693993	177262191287326	177262147803056
177262177571337	177262207963680	177262166229670
177262193755972	177262224639826	177262181536233
177262210337483	177262241315086	177262195493108
177262227281128	177262257989774	177262227219983
177262251707639	177262274666180	177262251645503
177262277486858	177262308016492	177262277406597
177262301205035	177262324692899	177262301114566
177262319693993	177262341364774	177262319601753
177262336106128	177262358039930	177262336028628
177262346197535	177262374714461	177262346136858
177262390319618	177262408063628	177262390233368
177262397191701	177262424738941	177262397143524
177262419147170	177262441412743	177262419067899
177262443311128	177262474763784	177262443218316
177262461000555	177262491438784	177262454162066
177262477356597	177262508112534	177262461225503
177262494085712	177262524788055	177262486544982
177262510712222	177262541460242	177262495483837
177262539218420	177262558132899	177262539122066
177262546776389	177262574805919	177262546694722
177262583692326	177262608153732	177262583584670
177262598296753	177262624829252	177262598235816
177262611183212	177262641506180	177262611130295
177262631395034	177262658180919	177262631335503
177262645410347	177262674855190	177262645357222
177262675032534	177262691529201	177262674942587
177262681917534	177262708201753	177262681849670
177262710753107	177262741547273	177262710652378
177262736352587	177262758220294	177262736256649
177262745611076	177262774895034	177262745548003
177262774840034	177262791569930	177262774747482
177262782490712	177262808243263	177262782431128
177262795535191	177262824919461	177262795483941
177262824219878	177262841597273	177262824150139
177262833622222	177262858273367	177262833558472
177262854116909	177262874947690	177262854031545
177262867321493	177262891623628	177262867245972
177262884992951	177262908298472	177262884924618
177262898986180	177262924972898	177262898914670
177262917062482	177262941648315	177262917005399
177262928738368	177262958325451	177262928678524
177262949131336	177262975004461	177262949051753
177262975342847	177262991676127	177262975260764
177262985256128	177263008352221	177262985183732
177262999766441	177263025030086	177262999696701
177263017823003	177263041706493	177263017747795
177263034871128	177263058384774	177263034784826
177263052160295	177263075061075	177263052096649
177263064607899	177263091739618	177263064543368
177263101232222	177263125094305	177263101117534
177263114561128	177263141775138	177263114484253
177263193616597	177263225169774	177263193524201
177263211593107	177263241846909	177263211527274
177263232746857	177263258522742	177263232682899
177263247064670	177263275197013	177263247006909
177263269761909	177263291870710	177263269692743
177263280838524	177263308546023	177263280779670
177263306960503	177263325219148	177263306902378
177263322611388	177263341889617	177263322539565
177263336280920	177263358563002	177263336203472
177263346431128	177263375236701	177263346301961
177263366310659	177263391910190	177263366254097
177263383453472	177263408586075	177263383333315
177263401850034	177263425260086	177263401753784
177263412678732	177263441935242	177263412619253
177263430652326	177263458612326	177263430534513
177263454349513	177263475287274	177263454281649
177263482004149	177263508636232	177263481893211
177263496152638	177263525313159	177263496088055
177263524593472	177263541990294	177263524502899
177263542100607	177263558667117	177263542029565
177263545357690	177263575345346	177263545297638
177263561729097	177263592021232	177263561658940
177263581987482	177263608701284	177263581895815
177263596101336	177263625379096	177263596042430
177263635601388	177263658731492	177263635477013
177263648334461	177263675404148	177263648275555
177263672344149	177263692076128	177263672269513
177263709067638	177263725420763	177263708964097
177263720748315	177263742093628	177263720682847
177263734079253	177263758768939	177263734000190
177263761996336	177263792116492	177263761921232
177263780659722	177263808792481	177263780593107
177263802024409	177263825469774	177263801970190
177263812569305	177263842145086	177263812526753
177263836805034	177263858822898	177263836736701
177263848811284	177263875499252	177263848755867
177263863343732	177263892173315	177263863264097
177263894163472	177263925520815	177263894064253
177263913796024	177263942195451	177263899111544
177263929187221	177263958869513	177263923698732
177263945019513	177263975545659	177263933723315
177263969737117	177263992220503	177263969651701
177264010011701	177264042246075	177264009893940
177264028317065	177264058919565	177264026193992
177264045021909	177264075595971	177264031833211
177264061684357	177264092273887	177264046406544
177264078506388	177264108951961	177264077601544
177264095602794	177264125631335	177264090795503
177264111508576	177264142307950	177264096410919
177264127761128	177264158985971	177264117119513
177264145064305	177264175661335	177264135808680
177264161657951	177264192337742	177264152841857
177264178167846	177264209012950	177264162629201
177264195808888	177264225686961	177264184414201
177264211894461	177264242363106	177264207937482
177264228630034	177264259034668	177264213377482
177264245408419	177264275703784	177264230194409
177264261717326	177264292375346	177264246344201
177264282008836	177264309048419	177264281951909
177264296824409	177264325722168	177264296765086
177264317114513	177264342392846	177264317001857
177264334575711	177264359063054	177264334505242
177264347834617	177264375737429	177264347773003
177264365568159	177264392411856	177264365521648
177264378709669	177264409091075	177264378655919
177264396213888	177264425771388	177264396144878

=== poll 1790150563.805817330
16666666
177264563871857	177264592528731	177264563795242
177264578510867	177264609203627	177264574323680
177264595255711	177264625881388	177264584575971
177264611752846	177264642556179	177264596075763
177264628341857	177264659229981	177264626747273
177264645184252	177264675909720	177264631155190
177264661889096	177264692589460	177264646067898
177264678131440	177264709262846	177264666126961
177264694918940	177264725937273	177264680308888
177264720583784	177264742609773	177264720502117
177264731964148	177264759282221	177264731904930
177264754304513	177264775956283	177264754223367
177264763616023	177264792630346	177264763544513
177264788899461	177264809303367	177264788796544
177264796443211	177264825973210	177264796386232
177264837424200	177264859320502	177264837317742
177264848957169	177264875995763	177264848896804
177264884084044	177264909350814	177264883972482
177264895903992	177264926029513	177264888503679
177264912494982	177264942708001	177264895859982
177264929419304	177264959383887	177264912583627
177264945552221	177264976064356	177264939939200
177264961824200	177264992746283	177264953495398
177264978741440	177265009424095	177264971766544
177264995109669	177265026101074	177264981987534
177265011856804	177265042781231	177264999074200
177265028839929	177265059462637	177265021701127
177265045755659	177265076141804	177265031247742
177265061880606	177265092819877	177265046023315
177265090334617	177265109496023	177265090265659
177265104725971	177265126170710	177265104659252
177265113259669	177265142847585	177265113183315
177265137977273	177265159525294	177265137892690
177265146486231	177265176201648	177265146075659
177265170675919	177265192879565	177265170597481
177265181903106	177265209556908	177265181827325
177265196028367	177265226237793	177265195958002
177265224664148	177265242918679	177265224583106
177265237579565	177265259594929	177265237528419
177265258555971	177265276273522	177265258468419
177265266082065	177265292951804	177265266036336
177265288785606	177265309630815	177265288663940
177265295888836	177265326313992	177265295768731
177265317095398	177265342994460	177265317024877
177265331868992	177265359672221	177265331794044
177265346860919	177265376349408	177265346800086
177265368425815	177265393028783	177265368231700
177265382505606	177265409707117	177265382440971
177265403571856	177265426385397	177265403508471
177265428296283	177265459739929	177265428205138
177265446314825	177265476417012	177265432455658
177265463142065	177265493096231	177265450779565
177265479741804	177265509776127	177265471444929
177265496212846	177265526455137	177265482771283
177265512467898	177265543130762	177265502767065
177265529207273	177265559805189	177265513699044
177265548155033	177265576480658	177265548067013
177265564843627	177265593154668	177265564775606
177265593678054	177265609828939	177265593570294
177265612369356	177265643177689	177265612283471
177265630652325	177265659854617	177265630603158
177265655950138	177265676530762	177265655876388
177265673516492	177265693207637	177265673442794
177265691005450	177265709882481	177265690927065
177265701822742	177265726559669	177265701767169
177265715849044	177265743239616	177265715793783
177265736702273	177265759918627	177265736646596
177265747206023	177265776595241	177265747151752
177265768270971	177265793272116	177265768216023
177265788569252	177265809949876	177265788493315
177265804707429	177265826627949	177265804519200
177265818227481	177265843301647	177265818036283
177265843335450	177265859976074	177265843011492
177265847380919	177265876651179	177265847310137
177265871592637	177265893324511	177265871516127
177265880571283	177265910000345	177265880521127
177265917835606	177265943349043	177265917762794
177265936372117	177265960021960	177265936304929
177265949563731	177265976696491	177265949484721
177265970605814	177265993370137	177265970543210
177265997035033	177266026722533	177265996948887
177266020819200	177266043400553	177266020744304
177266036742742	177266060077169	177266036655137
177266051097481	177266076752428	177266051019773
177266075132273	177266093426334	177266075070189
177266088160814	177266110101699	177266088092637
177266103847377	177266126779199	177266103788783
177266115786804	177266143452428	177266115709825
177266132369825	177266160129720	177266132300033
177266152022012	177266176805345	177266151928262
177266165976335	177266193483261	177266165904148
177266180983575	177266210163002	177266180914564
177266208871804	177266226842689	177266208768731
177266225946335	177266243524563	177266225856075
177266231375398	177266260206074	177266231319929
177266261691283	177266293567481	177266261630710
177266280269825	177266310250241	177266278218158
177266296816075	177266326931334	177266286769981
177266313459096	177266343606803	177266299059981
177266338556075	177266360284356	177266338473262
177266396163314	177266426986648	177266396044356
177266423663523	177266443663470	177266423529304
177266435447221	177266460341074	177266435345346
177266447358366	177266477018418	177266446862585
177266467783835	177266493696179	177266467704981
177266505845085	177266527051543	177266505729773
177266518794929	177266543730553	177266518692273
177266530544200	177266560406856	177266530474564
177266559525970	177266577085345	177266559417533
177266565358627	177266593764668	177266565292533
177266581343470	177266610442793	177266581265241
177266600614877	177266627119928	177266600547168
177266626904720	177266643796074	177266626839043
177266647608054	177266677146126	177266647544252
177266667871283	177266693822481	177266667806595
177266686549304	177266710498939	177266686493523
177266703398158	177266727175397	177266703319668
177266729550293	177266760529460	177266729473991
177266759307116	177266777206594	177266759192012
177266772024252	177266793884095	177266771927220
177266786943210	177266810565189	177266786879304
177266808828679	177266827247740	177266808713627
177266814699356	177266843930032	177266814634720
177266831578314	177266860609668	177266831517012
177266851033002	177266877287012	177266850976595
177266868508470	177266893966907	177266868437168
177266892142116	9223372036854775807	177266892077377

=== poll 1790150566.125336756
16666666
177266956945918	177266977358105	177266956846022
177266965721335	177266994035761	177266965513054
177266986051283	177267010712272	177266985974460
177267009364304	177267027393678	177267009307689
177267022375658	177267044073574	177267022306127
177267045669512	177267077427428	177267045570293
177267064128783	177267094105970	177267051204720
177267080463158	177267110787532	177267068852689
177267096598731	177267127469564	177267086046647
177267113556647	177267144151230	177267102456908
177267130212845	177267160834772	177267126371960
177267146481335	177267177518678	177267130947793
177267163502533	177267194203835	177267155529408
177267180018158	177267210888886	177267169341908
177267196791335	177267227572896	177267192242585
177267213272897	177267244260605	177267197723418
177267229974616	177267260949303	177267219685085
177267246688679	177267277635762	177267232244199
177267264168887	177267294323053	177267251469408
177267280364147	177267311008522	177267266305345
177267296573366	177267327689876	177267280823939
177267313465345	177267344370709	177267302300918
177267330470710	177267361053522	177267317560293
177267347179460	177267377734564	177267340805762
177267363661804	177267394413210	177267347593522
177267380467272	177267411089667	177267374257272
177267396552533	177267427774668	177267380982481
177267413355033	177267444459824	177267407084095
177267430294616	177267461142115	177267423975345
177267446626439	177267477821751	177267435805918
177267468356856	177267494498783	177267468286647
177267488781908	177267511175814	177267488700658
177267497705085	177267527853678	177267497319928
177267533368001	177267561203522	177267533267949
177267549012168	177267577877168	177267548938887
177267566111803	177267594551542	177267566035033
177267581676595	177267611225813	177267581598678
177267603482064	177267627898313	177267603408678
177267617028053	177267644573782	177267616954668
177267644287949	177267661246543	177267644220449
177267649672845	177267677920605	177267649578314
177267671407220	177267694597376	177267671312845
177267692699980	177267711271855	177267692546491
177267710109355	177267727944928	177267710024928
177267727547689	177267744617584	177267727473053
177267732325241	177267761290970	177267732263574
177267764185189	177267794638730	177267764100189
177267780949303	177267811311594	177267776876751
177267811586595	177267827988417	177267811495658
177267848683314	177267878016646	177267848512272
177267863921387	177267894695657	177267855231126
177267880609355	177267911372896	177267868816230
177267898204668	177267928049198	177267883944616
177267914342793	177267944726907	177267905908991
177267930439251	177267961407064	177267915934147
177267946962585	177267978085917	177267941384095
177267963568053	177267994762740	177267953910918
177267980845814	177268011441282	177267966227585
177267997784147	177268028119407	177267989660970
177268014060970	177268044799459	177267997790970
177268030522585	177268061478626	177268021102689
177268047108835	177268078157740	177268037203730
177268064257532	177268094838366	177268063193887
177268080837428	177268111520917	177268074508262
177268104533418	177268128203678	177268104433730
177268116913574	177268144884459	177268117210501
177268131500241	177268161563625	177268131440918
177268155799355	177268178240292	177268155738574
177268172281178	177268194916386	177268172202949
177268194172324	177268211594199	177268194084459
177268205841855	177268228272845	177268205756126
177268215622168	177268244953365	177268215565866
177268238514564	177268261628938	177268238448418
177268250674928	177268278302532	177268250599251
177268279064668	177268294975969	177268278993939
177268282133418	177268311650709	177268282084095
177268321466282	177268344996438	177268321371439
177268331221491	177268361673365	177268328247324
177268348058730	177268378348157	177268331297532
177268364114772	177268395025709	177268357620866
177268380567741	177268411702428	177268365850084
177268397454043	177268428380501	177268391989095
177268414136855	177268445054250	177268408140709
177268430790709	177268461728573	177268415730449
177268447621022	177268478404199	177268446625293
177268464261439	177268495082583	177268458364251
177268481123678	177268511757011	177268478831595
177268497735084	177268528433261	177268491668157
177268514456803	177268545109875	177268501450241
177268532123001	177268561786855	177268523697324
177268548314720	177268578465709	177268544522741
177268564626126	177268595143209	177268564397793
177268580927063	177268611819302	177268576415970
177268597319928	177268628494719	177268585959251
177268614292116	177268645170136	177268614194563
177268630792324	177268661845969	177268617690709
177268648287949	177268678520761	177268635792116
177268664514355	177268695194824	177268661131386
177268681308418	177268711867532	177268665967741
177268697893105	177268728541334	177268686115918
177268714424355	177268745218677	177268701049720
177268731219668	177268761895501	177268722898782
177268748017845	177268778573000	177268735293261
177268764486490	177268795252844	177268760634615
177268780978157	177268811932583	177268770905084
177268797622115	177268828611802	177268785378209
177268815019147	177268845289251	177268802944407
177268832408157	177268861965813	177268822086907
177268848846126	177268878646385	177268834851907
177268865496230	177268895327271	177268851540032
177268886638105	177268912003885	177268886538730
177268927529355	177268945363156	177268927402897
177268940058157	177268962042844	177268939979668
177268949178105	177268978722896	177268947278209
177268965776699	177268995402375	177268949830865
177268981264355	177269012080448	177268972263730
177268998062011	177269028754459	177268996939459
177269014490292	177269045427428	177269005358313
177269031082115	177269062102063	177269015700501
177269047929251	177269078778574	177269041591074
177269064840917	177269095456177	177269053532167
177269081461178	177269112132376	177269065890449
177269098313938	177269128809928	177269083474824
177269114670970	177269145484824	177269101675032
177269131594459	177269162160969	177269115688522
177269147888365	177269178839094	177269136149876
177269165081490	9223372036854775807	177269151197272

=== poll 1790150568.417455297
16666666
177269098313938	177269128809928	177269083474824
177269114670970	177269145484824	177269101675032
177269131594459	177269162160969	177269115688522
177269147888365	177269178839094	177269136149876
177269165081490	177269195517635	177269151197272
177269187979459	177269212197844	177269187907584
177269203959667	177269228882062	177269203898001
177269221172376	177269245566854	177269221064772
177269232446699	177269262252688	177269232385761
177269252190501	177269278937323	177269252129147
177269279635136	177269312305344	177269279540292
177269299301126	177269328989927	177269290193574
177269315540605	177269345678052	177269304775709
177269335854615	177269362362740	177269335761386
177269350590188	177269379043573	177269350522428
177269385841699	177269412402636	177269385756178
177269404657011	177269429084042	177269404599407
177269421593938	177269445764041	177269421523313
177269442473313	177269462445344	177269442382949
177269459688157	177269479129303	177269459589042
177269466381021	177269495810552	177269466320396
177269488459303	177269512488573	177269488384719
177269507030761	177269529166646	177269506948626
177269515581646	177269545845032	177269515527115
177269545418626	177269562525344	177269545341230
177269561685032	177269579204094	177269561629146
177269571378521	177269595882896	177269571307584
177269588236334	177269612558781	177269588161074
177269605789459	177269629237114	177269605702532
177269615839823	177269645915656	177269615750761
177269648467271	177269679269875	177269648375813
177269665901073	177269695953104	177269651005188
177269685714980	177269712637011	177269685564615
177269707159615	177269729322792	177269707088938
177269721444303	177269746005916	177269721386438
177269739386490	177269762684406	177269739289563
177269751360969	177269779357948	177269751278834
177269766863990	177269796033729	177269766799615
177269786356542	177269812707792	177269786287271
177269809120136	177269829382583	177269809038157
177269823384094	177269846056125	177269823275396
177269837286907	177269862731542	177269837212011
177269857624355	177269879408364	177269857541282
177269870304667	177269896082218	177269870238990
177269895224198	177269912757844	177269895137688
177269901473782	177269929435083	177269901412115
177269916230865	177269946109406	177269916159667
177269936241959	177269962786542	177269936175240
177269966888000	177269996135917	177269966811855
177269993036438	177270012810240	177269992959459
177270001367532	177270029484823	177270001309303
177270020273625	177270046161646	177270020204094
177270035385500	177270062839354	177270035292792
177270056208782	177270079513364	177270056126386
177270091126125	177270112862740	177270090933938
177270107202219	177270129540552	177270107119355
177270119965084	177270146219718	177270119901438
177270148395813	177270179567792	177270148301750
177270165867948	177270196242375	177270153471959
177270182710761	177270212919874	177270168381021
177270199596750	177270229597322	177270183101698
177270215976386	177270246273365	177270201528417
177270241969719	177270262949770	177270241893052
177270257236542	177270279625709	177270257171438
177270285325084	177270312977427	177270285227636
177270307655709	177270329650657	177270307565292
177270321311386	177270346323573	177270321246646
177270343455761	177270362998208	177270343370917
177270357565448	177270379672947	177270357455709
177270366291021	177270396345968	177270366238625
177270402857115	177270429698104	177270402778104
177270425287219	177270446375968	177270425162636
177270435410865	177270463055656	177270435347375
177270461339511	177270479734145	177270461244094
177270471095136	177270496409823	177270471019198
177270496961646	177270513085708	177270496899563
177270505298417	177270529762635	177270505253677
177270523601594	177270546437687	177270523532636
177270536451021	177270563114249	177270536386281
177270550908834	177270579791698	177270550842531
177270572330604	177270596470083	177270572270448
177270593664615	177270613144927	177270593595969
177270601775552	177270629819093	177270601691386
177270618943209	177270646493156	177270618838573
177270637330240	177270663167062	177270637267792
177270655512531	177270679837688	177270655427479
177270688104563	177270713186281	177270687987636
177270704064511	177270729859823	177270703978677
177270742174927	177270763200865	177270742075604
177270754542011	177270779870864	177270754474146
177270767944927	177270796542531	177270767887427
177270785778990	177270813215031	177270785669198
177270812315708	177270829889614	177270812237688
177270816421386	177270846563260	177270816368833
177270837169875	177270863237948	177270837089875
177270853462167	177270879910291	177270853385708
177270887004198	177270913259250	177270886931386
177270904254458	177270929936750	177270904199771
177270926058052	177270946614406	177270925979823
177270939642063	177270963295760	177270939574198
177270954999771	177270979979041	177270954934042
177270969795500	177270996655968	177270969732167
177270984118521	177271013331333	177270984055708
177271001488729	177271030010708	177271001421333
177271031584719	177271063373364	177271031523990
177271049413313	177271080051854	177271046785500
177271066606438	177271096728208	177271066170969
177271091580813	177271113405292	177271091499667
177271105634354	177271130082114	177271105576490
177271126907844	177271146756906	177271126820656
177271146269250	177271163432427	177271146168052
177271150557062	177271180106489	177271150490187
177271177471437	177271196780239	177271177398469
177271191111958	177271213452739	177271191036490
177271203211385	177271230125969	177271203154979
177271218307896	177271246802791	177271218244146
177271236945500	177271263479406	177271236883365
177271252164354	177271280151906	177271252084667
177271271292635	177271296824354	177271271200812
177271292355604	177271313497374	177271292277844
177271311560708	177271330172427	177271311493729
177271316732219	177271346848260	177271316686906
177271389228781	177271413554666	177271389139458
177271416707167	177271446902374	177271416596489
177271433468417	177271463570083	177271431602635
177271449425708	177271480242114	177271437478156
177271465786281	9223372036854775807	177271450426802

=== poll 1790150570.722483056
16666666
177271535591489	177271563598416	177271535519927
177271553275083	177271580268885	177271553231906
177271569091594	177271596944561	177271569039406
177271596050500	177271613619353	177271595958677
177271601133052	177271630294093	177271601090864
177271640383416	177271663641385	177271640266906
177271656055448	177271680313885	177271655981802
177271676511437	177271696988208	177271676442791
177271686992583	177271713663259	177271686928885
177271702301646	177271730335708	177271701836906
177271723175864	177271747009666	177271723107062
177271738963052	177271763683885	177271738914041
177271755935864	177271780357687	177271755881646
177271776571906	177271797029406	177271776482687
177271785668521	177271813703833	177271785618260
177271807398208	177271830375135	177271807328468
177271824719718	177271847046073	177271824626489
177271836156750	177271863717843	177271836081385
177271867201333	177271897059666	177271867128364
177271883162583	177271913733676	177271871677531
177271900043000	177271930407427	177271887890343
177271916585760	177271947081072	177271904804718
177271932982531	177271963753312	177271921200968
177271949766281	177271980425030	177271941523260
177271966390448	177271997094874	177271951392843
177271983351489	177272013762010	177271976728416
177272005087270	177272030429874	177272004979302
177272016373885	177272047100238	177272011570760
177272032948885	177272063773259	177272021376333
177272049702375	177272080448260	177272042764302
177272066963000	177272097123312	177272053752635
177272082922218	177272113798677	177272071701541
177272099433416	177272130469614	177272088553364
177272117310864	177272147139770	177272105657166
177272133738364	177272163811436	177272131280291
177272149786541	177272180484092	177272136956593
177272166533104	177272197155760	177272158070135
177272184742479	177272213827218	177272184637427
177272199634927	177272230497843	177272188657895
177272216509510	177272247166489	177272200897479
177272233096489	177272263836645	177272221051958
177272249545604	177272280508260	177272235879927
177272266268104	177272297180135	177272263184250
177272283290500	177272313851177	177272267683520
177272299907479	177272330522322	177272290283052
177272317829666	177272347198207	177272300376697
177272333726177	177272363873520	177272327504875
177272349708885	177272380550239	177272336636697
177272366421541	177272397227270	177272361941645
177272384162010	177272413905394	177272384077322
177272399736437	177272430583103	177272391139250
177272416743572	177272447258676	177272400646958
177272433115604	177272463933051	177272421533520
177272449660499	177272480611905	177272442175031
177272466201802	177272497286489	177272455471697
177272483694354	177272513961176	177272469263989
177272500180656	177272530632790	177272488994562
177272517308156	177272547305499	177272507964822
177272533867270	177272563977322	177272529524406
177272550576020	177272580650239	177272547039458
177272566942479	177272597324822	177272551877999
177272583537999	177272613996905	177272572462218
177272600315812	177272630665863	177272598245187
177272616761124	177272647338468	177272615947062
177272633302791	177272664009041	177272619814874
177272695748833	177272714031853	177272695621645
177272708241749	177272730706748	177272708166385
177272722934874	177272747380343	177272722858989
177272741732947	177272764052687	177272741669041
177272774372635	177272797394301	177272774177426
177272788802999	177272814063937	177272788713051
177272801159926	177272830732894	177272801091749
177272821071437	177272847401905	177272820992843
177272847101176	177272864073937	177272847037322
177272851071541	177272880748520	177272851016281
177272880268312	177272897422374	177272880193260
177272883732895	177272914097270	177272883672895
177272909155708	177272930774457	177272909078676
177272926727895	177272947451489	177272926656020
177272951829249	177272980802998	177272951724510
177272973552947	177272997478311	177272973488572
177272995490603	177273014155343	177272995399406
177273024602114	177273047508676	177273024487374
177273037868468	177273064186280	177273037783833
177273052129666	177273080864509	177273052066593
177273073591958	177273097541540	177273073521906
177273088482478	177273114220655	177273088411801
177273106976905	177273130898936	177273106905239
177273119697947	177273147579041	177273119607218
177273141019041	177273164255291	177273140938780
177273161351697	177273180927269	177273161254249
177273170831228	177273197600291	177273170751228
177273198992895	177273230945603	177273198879614
177273216928833	177273247620135	177273204186124
177273233703103	177273264296176	177273229207062
177273250303572	177273280972842	177273236201124
177273266931905	177273297650186	177273250945135
177273283573937	177273314326697	177273280079249
177273301168728	177273331001541	177273285539458
177273317286645	177273347679978	177273308416280
177273334074562	177273364359196	177273321021645
177273350600187	177273381039769	177273349241489
177273366898103	177273397721176	177273362636489
177273383510187	177273414398468	177273369002635
177273400760916	177273431075811	177273393441489
177273417000030	177273447749197	177273400932582
177273433447687	177273464421384	177273428324614
177273450217478	177273481096436	177273435477843
177273471035030	177273497775291	177273470967999
177273485891124	177273514451437	177273485827999
177273522363780	177273547805499	177273522307895
177273539124770	177273564484509	177273539058155
177273562467374	177273581164717	177273562384874
177273574523676	177273597842165	177273574447322
177273588729249	177273614517946	177273588668259
177273606382322	177273631194978	177273606306020
177273629632791	177273647870603	177273629556384
177273634932530	177273664544926	177273634883832
177273664713884	177273681219926	177273664609041
177273671266489	177273697891280	177273671199145
177273686634718	177273714564717	177273686562999
177273707845968	177273731239926	177273707773103
177273728083155	177273747918624	177273727988155
177273736559145	177273764595967	177273736498520
177273752884145	177273781272686	177273752837322
177273775263780	177273797951436	177273775194093
177273786975707	9223372036854775807	177273786899978

=== poll 1790150573.037681649
16666666
177273821059197	177273847982113	177273821002843
177273840989301	177273864657790	177273840920030
177273852199926	177273881333155	177273852131332
177273868435395	177273898008259	177273868371489
177273900669093	177273931364821	177273900583364
177273917456384	177273948045291	177273911758468
177273935558468	177273964723207	177273935469666
177273950567114	177273981399405	177273941750759
177273967863051	177273998074718	177273957623155
177273984598572	177274014750758	177273982585968
177274000793363	177274031427581	177273996593051
177274017048468	177274048103259	177274001015447
177274034011072	177274064775811	177274019460968
177274050738780	177274081448936	177274042911228
177274067171488	177274098122269	177274054569041
177274084082530	177274114796644	177274072122634
177274100575863	177274131473207	177274093221697
177274117277686	177274148149300	177274105135186
177274133951645	177274164827165	177274121358051
177274151147686	177274181503258	177274147959770
177274168230551	177274198180134	177274152770238
177274184369041	177274214856175	177274176489197
177274200588832	177274231530915	177274186755551
177274217494718	177274248208467	177274217440290
177274241708259	177274264885602	177274241635343
177274255494249	177274281560029	177274255429457
177274274342113	177274298234717	177274274250030
177274287818415	177274314910186	177274287751228
177274319252009	177274348262112	177274319170134
177274336496853	177274364938415	177274336431957
177274366463155	177274398288050	177274366385707
177274384322530	177274414963676	177274370122895
177274408773624	177274431639040	177274408696905
177274425528676	177274448315290	177274425463936
177274454519457	177274481667529	177274454433624
177274471217999	177274498343467	177274471146488
177274486211280	177274515016384	177274486138259
177274501079457	177274531689405	177274501027947
177274546440238	177274565039249	177274546360967
177274558694822	177274581710915	177274558639978
177274584482426	177274615059977	177274584387165
177274601477270	177274631736332	177274589725499
177274618223936	177274648409197	177274603986645
177274634676697	177274665084144	177274621035759
177274650932009	177274681761071	177274642689561
177274667421697	177274698438050	177274656294509
177274684031749	177274715113623	177274670529353
177274701351749	177274731788103	177274691550811
177274717502009	177274748461957	177274701884769
177274734770707	177274765135655	177274726073519
177274751414092	177274781811384	177274737689769
177274767653884	177274798485654	177274751905290
177274793458832	177274815159978	177274793366592
177274809698519	177274831832425	177274809638676
177274829839561	177274848506696	177274829755030
177274835385915	177274865178206	177274834736749
177274852903467	177274881852321	177274852819561
177274876997530	177274898525446	177274876934926
177274891372530	177274915196800	177274891297686
177274906408519	177274931868571	177274906333728
177274926139040	177274948540707	177274926064821
177274936306019	177274965214144	177274936241176
177274956404613	177274981887373	177274956349613
177274971352582	177274998563884	177274971268311
177274994631905	177275015240915	177274994572478
177275005579665	177275031918884	177275005530655
177275021037946	177275048596800	177275020975082
177275035626540	177275065271904	177275035471488
177275064588571	177275081948154	177275064514873
177275075937217	177275098627685	177275075878884
177275088091071	177275115305655	177275088041019
177275107698103	177275131980654	177275107628519
177275126730342	177275148656071	177275126664144
177275144661071	177275165328727	177275144552686
177275156933155	177275181999196	177275156848988
177275178837113	177275198671175	177275178759248
177275192967582	177275215344925	177275192873363
177275206472842	177275232021852	177275206368519
177275223126957	177275248693988	177275223057998
177275236909040	177275265364352	177275236860186
177275252710915	177275282034508	177275252636436
177275275258415	177275298705238	177275275174144
177275285833623	177275315378779	177275285775238
177275310332634	177275332052373	177275310256853
177275324467321	177275348729769	177275324383623
177275342934665	177275365407841	177275342839092
177275352104561	177275382079612	177275352049509
177275378641280	177275398754404	177275378586592
177275389468675	177275415430654	177275389414717
177275406442321	177275432105498	177275406369925
177275421302425	177275448776696	177275421250550
177275459062946	177275482121800	177275458954821
177275474578623	177275498792113	177275474515967
177275497094196	177275515464352	177275497002321
177275503256852	177275532137581	177275503202998
177275520975394	177275548805185	177275520907269
177275542427634	177275565477321	177275542364821
177275555657217	177275582150550	177275555605238
177275571839405	177275598827373	177275571777582
177275588015915	177275615498883	177275587949509
177275611566123	177275632173466	177275611502165
177275621448259	177275648848987	177275621375863
177275644103832	177275665527164	177275644041227
177275662618727	177275682203935	177275662523311
177275678156123	177275698878936	177275678078727
177275686419405	177275715553571	177275686359613
177275714397946	177275732225863	177275714322530
177275721760238	177275748897581	177275721701227
177275760130290	177275782237945	177275760040082
177275772790029	177275798910237	177275772738988
177275798984248	177275815580810	177275798908832
177275803047321	177275832249144	177275803007009
177275820430446	177275848919976	177275820368102
177275841469613	177275865587893	177275841385342
177275864145498	177275882255550	177275864059457
177275871492529	177275898925550	177275871405707
177275906333884	177275932268414	177275906269196
177275924442061	177275948940758	177275924386332
177275940416123	177275965613310	177275940362425
177275954545290	177275982285133	177275954485186
177275971455446	177275998960029	177275971393311
177275986741123	177276015632008	177275986669509
177276006995342	177276032303987	177276006925811
177276025106175	177276048973102	177276025043102
177276044422113	177276065638206	177276044349509
177276055716696	177276082304873	177276055654144
177276085785967	9223372036854775807	177276085714040

=== poll 1790150575.358202950
16666666
177276006995342	177276032303987	177276006925811
177276025106175	177276048973102	177276025043102
177276044422113	177276065638206	177276044349509
177276055716696	177276082304873	177276055654144
177276085785967	177276115646643	177276085714040
177276107107061	177276132316227	177276107042373
177276121396540	177276148985654	177276121319456
177276141411592	177276165655653	177276141341956
177276161354665	177276182323779	177276161274248
177276173849456	177276198994768	177276173767061
177276185755498	177276215668102	177276185697529
177276213167477	177276232340497	177276213081071
177276222153363	177276249011904	177276222088988
177276245988831	177276265683831	177276245888623
177276257494196	177276282354456	177276257431227
177276277475550	177276299020602	177276277393519
177276291616019	177276315689716	177276291549508
177276305447686	177276332361852	177276305386904
177276379045602	177276399045497	177276378916435
177276404306227	177276432387216	177276404212685
177276419979665	177276449059404	177276419899717
177276434998258	177276465730966	177276422504196
177276451713310	177276482400966	177276435594300
177276468458154	177276499071122	177276458143935
177276497745029	177276515738935	177276497663623
177276503298415	177276532410133	177276503246540
177276524200394	177276549080185	177276524144092
177276535578883	177276565748622	177276535529300
177276556240029	177276582418674	177276556195029
177276572260550	177276599091956	177276572219821
177276596914665	177276615765029	177276596815290
177276616309248	177276632436695	177276616232633
177276624124873	177276649107425	177276624066800
177276635585810	177276665777842	177276635527685
177276655003779	177276682446226	177276654930185
177276681293467	177276699116591	177276681195081
177276686809352	177276715791695	177276686750342
177276713926123	177276732466435	177276713830290
177276719057165	177276749139559	177276718434508
177276753330810	177276782486799	177276753242842
177276768627425	177276799159612	177276766075602
177276785285862	177276815832893	177276774366383
177276804646748	177276832503779	177276804562737
177276827313727	177276849177059	177276827235029
177276842100133	177276865848883	177276842032529
177276863517685	177276882520602	177276863429144
177276871407685	177276899192946	177276871358935
177276913743779	177276932534507	177276913663102
177276928415758	177276949202737	177276928304039
177276942416279	177276965873935	177276942353831
177276972080081	177276999217685	177276971936904
177276985268571	177277015889456	177276976190446
177277001849352	177277032560810	177276989821071
177277018208623	177277049233883	177277009833935
177277034950550	177277065903830	177277020392425
177277057757946	177277082577320	177277057687529
177277077916800	177277099252059	177277077854456
177277086884091	177277115925706	177277086823831
177277112467060	177277132597998	177277112388519
177277126775706	177277149271278	177277126692633
177277150278050	177277182613570	177277150185550
177277168615602	177277199286018	177277156320966
177277184978779	177277215955653	177277170979977
177277205580706	177277232625289	177277205515706
177277223942269	177277249296383	177277223882164
177277250376591	177277282640966	177277250302529
177277269363727	177277299317580	177277254626123
177277288115133	177277315992424	177277287999091
177277304137998	177277332661747	177277304076696
177277323648571	177277349331591	177277323593102
177277346512164	177277366000133	177277346411696
177277358116071	177277382667320	177277358015966
177277384449143	177277416008362	177277384377789
177277402483466	177277432680445	177277388736852
177277418826852	177277449350497	177277411631748
177277436560914	177277466024560	177277436495914
177277451680758	177277482694351	177277445500289
177277468882998	177277499364352	177277462278987
177277500244925	177277532710914	177277500147893
177277535739977	177277566055861	177277535649248
177277553237320	177277582729976	177277552211435
177277575429352	177277599402893	177277575375758
177277606398779	177277632752425	177277606279248
177277621793258	177277649426070	177277621717268
177277639696695	177277666099143	177277639611123
177277655751695	177277682767216	177277655664195
177277676947216	177277699438779	177277676886695
177277696927841	177277716109924	177277696865237
177277716901175	177277749458466	177277716806331
177277735528987	177277766132632	177277728762477
177277752450966	177277782808986	177277742467789
177277768907008	177277799486903	177277756621487
177277785047320	177277816161226	177277776437216
177277801835185	177277832832320	177277789203935
177277823601695	177277849505341	177277823512633
177277841655133	177277866179195	177277841559612
177277855666487	177277882853257	177277855598935
177277870519456	177277899526955	177277870462112
177277890917060	177277916196330	177277890847841
177277908042945	177277932867892	177277908323206
177277923373727	177277949540549	177277923237008
177277956289820	177277982888154	177277956195237
177277971561331	177277999563101	177277971494977
177277989905602	177278016236747	177277989852841
177278010384508	177278032910601	177278010326852
177278020613779	177278049584039	177278020566852
177278049109768	177278066256122	177278049033049
177278066495654	177278082924247	177278066438049
177278070151383	177278099593049	177278070107477
177278107880289	177278132932476	177278107807841
177278132051799	177278149603258	177278131937164
177278136394039	177278166276747	177278136319247
177278162191539	177278182946903	177278162063206
177278178714456	177278199618934	177278178625914
177278191003258	177278216289976	177278190929143
177278208172581	177278232962059	177278208097372
177278225003466	177278249632111	177278224936435
177278251154872	177278282976851	177278251046487
177278269408831	177278299651851	177278260285341
177278285952997	177278316322840	177278274727633
177278302967372	177278332998778	177278290423414
177278319582893	177278349671798	177278307091122
177278335975445	177278366344924	177278321895966
177278352208049	177278383015601	177278337658101
177278376316174	177278399688257	177278376235601
177278396720393	177278416362892	177278396655862
177278410870758	177278433039820	177278410794612

=== poll 1790150577.675248210
16666666
177278485546487	177278516417267	177278474015810
177278506631070	177278533091174	177278506554976
177278519036383	177278549767788	177278511472737
177278535399039	177278566441642	177278520761331
177278552872997	177278583116955	177278552787737
177278569635549	177278599792632	177278561182424
177278586179508	177278616471121	177278571041695
177278602339664	177278633148309	177278593921487
177278619256799	177278649826538	177278609478414
177278635809455	177278666503205	177278621907685
177278652428570	177278683180653	177278641372320
177278669194403	177278699854455	177278664162216
177278686249768	177278716530705	177278685429976
177278702658778	177278733205809	177278700629612
177278719159403	177278749882320	177278703927372
177278735966018	177278766559090	177278721993101
177278752770914	177278783235861	177278742403726
177278769710914	177278799909923	177278763209403
177278787026747	177278816587007	177278779050497
177278802913414	177278833258621	177278796546174
177278820545341	177278849930705	177278820457632
177278844348414	177278866601642	177278844277164
177278857611643	177278883272007	177278857524820
177278890672112	177278916616070	177278890569872
177278935392632	177278966641330	177278935264820
177278952920810	177278983317163	177278948267320
177278969739820	177278999991382	177278953920028
177278986421174	177279016666538	177278977199195
177279002538622	177279033341851	177278987599560
177279026349872	177279050019715	177279026261747
177279036299143	177279066697528	177279036174299
177279056703101	177279083368569	177279056555393
177279071607112	177279100042684	177279071545341
177279087280184	177279116718204	177279087209768
177279111914768	177279133389715	177279111844247
177279126818414	177279150061643	177279126762684
177279151578466	177279183406070	177279151520862
177279169534195	177279200081903	177279161874143
177279186592632	177279216753204	177279183665966
177279203279559	177279233428049	177279192720289
177279219373466	177279250104038	177279213439091
177279236326591	177279266781070	177279231001122
177279252856955	177279283457216	177279241404247
177279269472893	177279300133205	177279258171382
177279286142841	177279316812996	177279270898726
177279302568518	177279333489611	177279291727632
177279319464351	177279350163100	177279305573830
177279338128309	177279366835809	177279338023882
177279353101903	177279383508101	177279343427164
177279369486903	177279400179716	177279357738101
177279386077059	177279416850601	177279375282997
177279402862997	177279433522892	177279395855966
177279419962476	177279450198569	177279411954091
177279436147997	177279466872580	177279427629403
177279452858882	177279483546174	177279452050080
177279469501591	177279500219610	177279455767632
177279486085757	177279516893361	177279476713570
177279502869455	177279533565340	177279498643153
177279519645288	177279550239768	177279511983986
177279536571122	177279566914090	177279527616330
177279553120549	177279583587007	177279538730236
177279569424351	177279600260809	177279556258518
177279585849299	177279616932892	177279574177997
177279602610549	177279633603778	177279593569976
177279620382059	177279650272006	177279609142945
177279636829716	177279666941277	177279626127580
177279653008934	177279683614038	177279643556955
177279670194403	177279700289455	177279657413465
177279686460757	177279716963100	177279676664768
177279704020080	177279733639350	177279695726434
177279720377372	177279750311486	177279717943622
177279736174715	177279766984819	177279729591434
177279752586851	177279783659767	177279740339195
177279772860184	177279800333934	177279772785913
177279791107424	177279817008986	177279791045184
177279806609195	177279833681226	177279806550653
177279825106955	177279850354403	177279825038986
177279845201174	177279867024767	177279845121174
177279856250705	177279883694976	177279856180913
177279900639142	177279917033048	177279900551017
177279917934403	177279950371746	177279917852945
177279936560184	177279967043361	177279927195392
177279952898674	177279983715444	177279946549195
177279969986642	177280000389559	177279959897945
177279986364403	177280017060548	177279972308882
177280003218986	177280033730756	177279993537997
177280020340445	177280050401017	177280006707372
177280036678882	177280067070079	177280020790705
177280052999715	177280083738048	177280045630965
177280069591955	177280100406382	177280056202424
177280086552892	177280117070548	177280077418049
177280103040965	177280133736069	177280096058465
177280119594351	177280150402788	177280105760965
177280136523465	177280167070340	177280128907580
177280153478934	177280183735913	177280147060497
177280170046590	177280200402631	177280156018153
177280186446174	177280217066069	177280176528674
177280203066226	177280233733777	177280196475340
177280219461903	177280250401486	177280205738465
177280237005028	177280267072631	177280220479663
177280253479924	177280283747892	177280241091017
177280269800392	177280300418726	177280264108205
177280286279351	177280317089819	177280276556799
177280303236747	177280333759610	177280289803153
177280319628517	177280350432059	177280311778153
177280336550653	177280367103725	177280330234924
177280353140080	177280383777579	177280337186642
177280369881174	177280400450131	177280362854090
177280386564976	177280417126381	177280370933205
177280414970496	177280433801069	177280414888517
177280425505288	177280450476277	177280425448205
177280449504924	177280467153985	177280449426903
177280453712267	177280483833413	177280453666799
177280475253934	177280500511433	177280475195028
177280488475601	177280517187840	177280488396955
177280508050184	177280533863830	177280507943205
177280520859819	177280550536173	177280520789194
177280562029871	177280583883309	177280561949038
177280571458986	177280600557840	177280571380861
177280592115080	177280617229923	177280592022371
177280624871173	177280650582423	177280624766538
177280645307267	177280667260183	177280645229819
177280658867892	177280683937580	177280658804351
177280676144767	177280700615287	177280676083778
177280688168153	177280717291902	177280688126538
177280711970496	177280733970653	177280711904611
177280721798621	177280750647110	177280721739455

=== poll 1790150580.008427948
16666666
177280711970496	177280733970653	177280711904611
177280721798621	177280750647110	177280721739455
177280755987684	177280783995808	177280755904038
177280775450913	177280800669506	177280775374298
177280793923048	177280817343048	177280793839194
177280820758205	177280850682892	177280820665705
177280839498830	177280867356329	177280839420184
177280870670913	177280900698621	177280870544455
177280889661903	177280917374610	177280889587996
177280909638361	177280934047579	177280909567371
177280938418257	177280967396642	177280938326173
177280961671798	177280984070131	177280961591798
177280979314142	177281000741746	177280979245600
177280990834559	177281017412735	177280990763673
177281009724298	177281034088360	177281009668882
177281025761382	177281050766016	177281025698100
177281050073465	177281067443881	177281049976850
177281060932215	177281084121954	177281060851746
177281071149715	177281100796797	177281071075027
177281096681642	177281117470079	177281096611382
177281105756173	177281134143568	177281105707267
177281124804611	177281150819506	177281124740965
177281144159246	177281167495912	177281144074663
177281155949715	177281184172943	177281155878986
177281176612892	177281200847579	177281176534402
177281191405340	177281217523516	177281191330965
177281208307788	177281234200391	177281208249923
177281227452163	177281250877423	177281227392632
177281252773829	177281284228152	177281252687059
177281270781329	177281300902735	177281257826434
177281287692007	177281317580027	177281272335496
177281304093152	177281334257475	177281293917840
177281320291225	177281350934141	177281318682215
177281337079871	177281367610496	177281327828882
177281353203725	177281384285287	177281344344923
177281370321382	177281400960079	177281359542996
177281387081746	177281417636798	177281373289454
177281403682059	177281434309975	177281390750965
177281462941746	177281484337475	177281462858881
177281482045600	177281501012214	177281481940027
177281491390288	177281517688152	177281491317944
177281505763413	177281534367527	177281505703621
177281545038100	177281567726798	177281544927892
177281555783934	177281584402944	177281555724819
177281580934350	177281601082162	177281580882840
177281602122579	177281634437110	177281602055913
177281620246433	177281651114766	177281607514090
177281637327423	177281667793828	177281637277527
177281663425131	177281684471485	177281663358204
177281685188933	177281717821693	177281685070392
177281705705392	177281734493776	177281705621850
177281721327267	177281751166329	177281721256173
177281746891850	177281767840912	177281746806329
177281757485704	177281784516381	177281757404975
177281778513621	177281801190079	177281778436850
177281790938361	177281817864506	177281790876329
177281809183829	177281834537266	177281809126746
177281822699611	177281851207891	177281822626642
177281847256225	177281867877110	177281847161850
177281856512579	177281884548985	177281856439038
177281876576954	177281901223725	177281876500704
177281890946798	177281917900130	177281890894090
177281915143308	177281934574298	177281915074610
177281923214558	177281951248724	177281923155860
177281945940027	177281967923308	177281945859090
177281955723985	177281984593308	177281955663100
177281980218256	177282001262995	177281980137371
177281988507527	177282017933412	177281988445913
177282013488465	177282034604193	177282013404663
177282039794350	177282067945079	177282039700444
177282061158308	177282084614141	177282061104715
177282072764715	177282101283985	177282072713621
177282094509090	177282117956693	177282094440444
177282107735340	177282134630079	177282107684662
177282140696902	177282167977891	177282140587892
177282160792371	177282184649141	177282160702735
177282183588100	177282201318256	177282183385287
177282197716537	177282217988256	177282197646433
177282224268517	177282251332370	177282224160652
177282242073100	177282268007006	177282241995756
177282259477371	177282284681901	177282259406590
177282276701954	177282301358100	177282276634975
177282297722475	177282318031328	177282297659142
177282307854142	177282334701745	177282307789662
177282321812579	177282351376120	177282321743933
177282346037683	177282368050339	177282345979610
177282362593308	177282384728777	177282362532058
177282377385496	177282401406224	177282377299246
177282394052631	177282418081016	177282393982214
177282417783673	177282434757683	177282417716329
177282434930860	177282451432214	177282434737006
177282452264610	177282484780026	177282452183829
177282471248360	177282501458308	177282456430756
177282487821537	177282518136901	177282487211225
177282504112423	177282534815495	177282499139454
177282531829975	177282551493621	177282531727423
177282570310652	177282601531016	177282570181016
177282587903048	177282618205756	177282587819402
177282615153100	177282634885756	177282614945339
177282627346381	177282651568776	177282627274350
177282652407631	177282684929818	177282652312319
177282671549714	177282701610964	177282656123152
177282687820912	177282718290912	177282675455548
177282704374350	177282734969765	177282691854871
177282720835652	177282751647266	177282706007631
177282737489454	177282768324609	177282724212266
177282754107318	177282785001589	177282744057996
177282770903829	177282801677890	177282755811746
177282787357631	177282818353151	177282781171537
177282804199506	177282835028984	177282796918464
177282821665079	177282851704871	177282810121068
177282838453256	177282868379661	177282825512579
177282854551902	177282885055182	177282849807683
177282870922110	177282901732110	177282857093100
177282887622943	177282918414246	177282876598777
177282904851954	177282935095287	177282890679923
177282921497839	177282951773672	177282905024714
177282938240391	177282968453777	177282936080495
177282954801745	177282985135495	177282944197787
177282971008308	177283001815026	177282963080235
177282988245860	177283018492891	177282975919350
177283005129870	177283035170652	177283005070235
177283021366537	177283051847214	177283014151225
177283038085131	177283068525495	177283027338308
177283056948568	177283085204037	177283056867110
177283072914714	177283101885339	177283072853673
177283094572683	9223372036854775807	177283094495808

=== poll 1790150582.325291802
16666666
177283072914714	177283101885339	177283072853673
177283094572683	177283118565287	177283094495808
177283108912839	177283135246433	177283108825027
177283142920443	177283168605808	177283142813933
177283155601329	177283185285599	177283155544922
177283182061381	177283201966589	177283181995391
177283196169454	177283218647526	177283196104245
177283225517058	177283252012214	177283225417266
177283243532995	177283268690235	177283243454245
177283256262683	177283285367891	177283256180443
177283298920704	177283318719870	177283298821797
177283313125704	177283335396015	177283313068568
177283323746537	177283352070078	177283323684714
177283356656016	177283385420807	177283356559922
177283375182422	177283402099870	177283375105495
177283390962162	177283418775235	177283390891954
177283416966537	177283435452526	177283416875547
177283426182474	177283452132422	177283426127631
177283458058620	177283485488516	177283457968152
177283478600079	177283502167891	177283478537422
177283500750079	177283518844401	177283500658256
177283507843047	177283535522942	177283507796902
177283534453360	177283552201016	177283534328777
177283544977683	177283568880756	177283544929922
177283558810599	177283585561640	177283558755808
177283590458776	177283618919974	177283590365756
177283604678308	177283635598620	177283594029610
177283621383151	177283652279974	177283608101068
177283637992370	177283668961328	177283635045443
177283654737995	177283685641016	177283652508360
177283671477006	177283702321640	177283667857266
177283688748724	177283719001380	177283681885912
177283705585599	177283735676953	177283701329193
177283721415964	177283752355078	177283707927058
177283738665704	177283769031589	177283726533151
177283754959558	177283785710286	177283748543464
177283771505287	177283802385547	177283756372995
177283792487058	177283819060130	177283792420131
177283810134766	177283835732786	177283810066745
177283832240964	177283852408985	177283832164974
177283843451693	177283869087369	177283843388151
177283861999297	177283885764505	177283861936016
177283882008203	177283902442735	177283881920391
177283894352422	177283919117943	177283894270495
177283916838672	177283935792891	177283916767214
177283935462891	177283952469453	177283935301589
177283953767683	177283985822943	177283953643203
177283972304349	177284002498723	177283958039401
177283998878360	177284019173307	177283998787787
177284010418568	177284035849974	177284010356797
177284051444245	177284069196536	177284051343672
177284059699349	177284085871380	177284059646797
177284072361693	177284102548047	177284072218464
177284093683672	177284119225859	177284093622787
177284119501328	177284135903984	177284119416537
177284122965287	177284152585807	177284122925651
177284148374818	177284169266433	177284148285443
177284159503203	177284185948359	177284159431693
177284175300183	177284202629452	177284175221641
177284198570026	177284219309922	177284198487370
177284209223099	177284235990495	177284209163516
177284223607839	177284252670755	177284223519870
177284242027787	177284269347370	177284241945703
177284264389922	177284286024453	177284264312057
177284279978568	177284302700860	177284279917682
177284296399401	177284319375338	177284296314089
177284317179922	177284336052474	177284317107995
177284327338776	177284352733255	177284327268412
177284343098412	177284369411276	177284343001120
177284366089297	177284386092890	177284365995651
177284373183880	177284402776588	177284373116120
177284394665391	177284419459453	177284394599349
177284406900443	177284436141744	177284406842162
177284432567891	177284452825026	177284432487943
177284446339974	177284469508932	177284446268360
177284466919193	177284486189192	177284466832109
177284483226641	177284502868619	177284483152891
177284503016745	177284519547317	177284502812995
177284512705807	177284536223723	177284512633099
177284528040078	177284552898255	177284527939870
177284542620339	177284569572422	177284542542891
177284555875443	177284586249974	177284555815287
177284573304818	177284602927474	177284573243359
177284596826380	177284619607786	177284596745703
177284618097422	177284636288723	177284617984714
177284625881016	177284652965286	177284625805078
177284651516849	177284669644818	177284651422109
177284663633203	177284686319869	177284663572162
177284689286172	177284719672526	177284689178568
177284706077682	177284736350494	177284699129036
177284723053203	177284753028098	177284706126797
177284739806641	177284769707474	177284739261901
177284756281432	177284786387786	177284756203411
177284789459505	177284819742057	177284789369505
177284805969818	177284836420390	177284795145703
177284822315964	177284853099036	177284811565495
177284839177318	177284869775598	177284828124557
177284855789974	177284886452213	177284841991328
177284872603776	177284903129713	177284862060026
177284889110495	177284919808723	177284876575807
177284905715130	177284936487994	177284891601380
177284922291849	177284953167056	177284910855182
177284944752422	177284969845338	177284944673828
177284958589297	177284986522786	177284958530443
177284993322630	177285019882785	177284993197266
177285006303203	177285036563620	177285002947370
177285023061693	177285053244765	177285006818463
177285039166016	177285069924974	177285029024870
177285055968932	177285086603984	177285040646328
177285080963411	177285103284348	177285080877213
177285099379453	177285119967525	177285099308203
177285124397682	177285153326119	177285124292474
177285139493255	177285170004400	177285127476640
177285156967943	177285186682681	177285140785599
177285173394818	177285203357994	177285164490390
177285189319713	177285220034244	177285178657057
177285206186849	177285236711015	177285198529401
177285227010078	177285253387682	177285226929088
177285241885338	177285270064661	177285241817890
177285263868463	177285286743254	177285263647213
177285281635182	177285303422005	177285281552213
177285295535234	177285320103776	177285295475703
177285317135182	177285336784348	177285317058151
177285325762786	177285353465910	177285325706484
177285368136849	177285386830025	177285368070442
177285379004245	177285403512473	177285378946172
177285395121432	177285420191484	177285395050547

=== poll 1790150584.661538311
16666666
177285560979869	177285586997733	177285560901484
177285576607734	177285603676432	177285576537474
177285618025599	177285637032942	177285617947161
177285634674922	177285653714088	177285634615130
177285648683567	177285670393255	177285648603411
177285662668151	177285687072838	177285662590807
177285680752942	177285703751223	177285680683672
177285691117734	177285720430755	177285690834661
177285713981328	177285737112942	177285713899713
177285734374140	177285753795077	177285734284036
177285740753463	177285770475233	177285740699713
177285763674036	177285787157160	177285763602161
177285786300807	177285803838150	177285786220442
177285791698671	177285820519660	177285791644765
177285817379036	177285837200858	177285817312838
177285828601536	177285853884088	177285828433307
177285852368776	177285870566640	177285852280859
177285861823411	177285887250129	177285861696744
177285878009765	177285903932108	177285877950286
177285894272526	177285920610546	177285894204036
177285907938151	177285937288306	177285907863880
177285927672057	177285953967109	177285927581067
177285941413359	177285970648879	177285941340338
177285969200599	177285987325129	177285969119921
177285982480546	177286004001692	177285982422109
177286008092734	177286037353567	177286007983880
177286024165182	177286054032994	177286010451692
177286040510546	177286070711587	177286025639453
177286056782265	177286087389296	177286044999869
177286073648567	177286104068150	177286071389401
177286090052265	177286120745390	177286083522630
177286106755130	177286137423723	177286091008359
177286123408098	177286154104869	177286111250911
177286140287369	177286170788671	177286130834348
177286156529296	177286187471379	177286147082161
177286173563307	177286204151743	177286164255807
177286190277942	177286220830598	177286178694348
177286207728515	177286237510807	177286192753046
177286224018775	177286254191640	177286210472317
177286240088203	177286270870494	177286226141119
177286256765755	177286287552889	177286244660859
177286273597109	177286304238827	177286266779400
177286290144400	177286320919400	177286280185182
177286307096067	177286337596692	177286298414765
177286323627057	177286354277109	177286318335598
177286340311588	177286370954764	177286328518775
177286356692265	177286387634816	177286342762161
177286374015442	177286404315181	177286365155130
177286391706328	177286420997733	177286383962942
177286408111484	177286437681795	177286404323098
177286424595859	177286454362473	177286411041223
177286440818411	177286471043463	177286440489661
177286457156275	177286487725338	177286451905130
177286478542890	177286504406067	177286478457525
177286496413932	177286521086639	177286496353880
177286511926067	177286537764139	177286511845077
177286531353932	177286554444869	177286531267109
177286543213984	177286571126067	177286543150494
177286557522525	177286587809869	177286557466223
177286580193202	177286604493410	177286580129973
177286594771900	177286621175181	177286594695911
177286618083255	177286637857785	177286617916796
177286626853307	177286654539348	177286626787682
177286643798879	177286671223254	177286643725442
177286671355442	177286687906327	177286671288619
177286677848671	177286704585754	177286677797057
177286696567161	177286721267108	177286696488046
177286707651588	177286737944712	177286707596171
177286729454504	177286754624973	177286729389452
177286747517317	177286771300546	177286747448984
177286766082473	177286787976952	177286765983202
177286787876588	177286804655129	177286787769140
177286791821379	177286821332994	177286791760754
177286812714296	177286838011275	177286812642525
177286826621223	177286854688827	177286826551744
177286848224557	177286871368567	177286848111171
177286866804921	177286888047993	177286866718150
177286877185338	177286904725806	177286877115806
177286901457629	177286921404400	177286901392786
177286917251223	177286938083462	177286917159036
177286939534765	177286971437160	177286939456119
177286957739036	177286988116222	177286943206588
177286974000234	177287004794191	177286969440286
177286990904140	177287021472942	177286976634556
177287007726744	177287038153046	177287003465702
177287024774713	177287054830754	177287008383202
177287041476119	177287071509139	177287027048567
177287058940806	177287088187576	177287058864973
177287074348567	177287104865181	177287064481067
177287091079036	177287121541587	177287076974973
177287107423775	177287138217108	177287091233098
177287124273254	177287154894764	177287111829400
177287142281119	177287171574608	177287142203098
177287164387161	177287188255181	177287164299973
177287178340442	177287204935233	177287178272525
177287203900702	177287221615702	177287203820442
177287210353254	177287238293150	177287210300286
177287253284244	177287271648462	177287253184973
177287267821275	177287288329244	177287267756952
177287291297577	177287321687160	177287291224608
177287307772265	177287338370389	177287296730442
177287323931640	177287355053670	177287314050442
177287340627629	177287371732941	177287327081171
177287357511223	177287388411587	177287346308410
177287374077942	177287405093931	177287366565806
177287390922213	177287421775910	177287381872785
177287407434504	177287438458723	177287395741796
177287424204869	177287455140858	177287412093671
177287441294869	177287471825233	177287436175390
177287457993983	177287488506379	177287448451327
177287473996431	177287505188254	177287461051171
177287490745338	177287521869243	177287482540754
177287507994400	177287538547004	177287498478879
177287524734400	177287555228254	177287518519035
177287541192369	177287571905545	177287527790494
177287557900598	177287588580233	177287546894660
177287575018150	177287605257108	177287561568619
177287591353619	177287621932837	177287581618150
177287607913306	177287638608775	177287596371119
177287624604973	177287655283566	177287621211275
177287641938619	177287671959295	177287634717733
177287658463567	177287688640129	177287654307525
177287674410129	177287705320233	177287659498410
177287691278410	177287722001483	177287680014660
177287707774765	177287738680545	177287696519504
177287724806900	177287755358671	177287710566900
177287741269087	9223372036854775807	177287731819452

=== poll 1790150586.978811175
16666666
177287874712004	177287905480701	177287866147421
177287891607056	177287922160285	177287884324035
177287908161379	177287938840545	177287897490754
177287925004139	177287955523462	177287923644764
177287941594087	177287972204087	177287927385077
177287958150441	177287988885597	177287947668046
177287974616119	177288005565025	177287966278254
177287991595129	177288022244920	177287975454035
177288013280129	177288038922784	177288013204400
177288031541119	177288055603723	177288031474244
177288050008775	177288072282160	177288049936275
177288064627525	177288088961066	177288064553410
177288086613150	177288105643410	177288086525598
177288101879400	177288122325910	177288101816639
177288122647056	177288139006795	177288122549296
177288126088098	177288155684086	177288126022108
177288162414296	177288189046691	177288162326379
177288186198098	177288205727680	177288186126327
177288196114660	177288222405805	177288195992316
177288216897473	177288239080754	177288216821275
177288227661535	177288255755285	177288227592993
177288251389035	177288272429555	177288251302160
177288265534712	177288289106118	177288265445858
177288277646171	177288305784712	177288277583827
177288306542421	177288322458097	177288306435441
177288316455337	177288339132941	177288316336952
177288335805077	177288355811847	177288335747264
177288347834816	177288372488618	177288347783931
177288363374868	177288389166222	177288363298410
177288388145545	177288405843931	177288388052733
177288392990181	177288422522680	177288392937108
177288414754139	177288439203253	177288414669295
177288430678879	177288455884399	177288430599191
177288455274295	177288472561586	177288455195650
177288468157889	177288489240754	177288468066275
177288486260910	177288505918774	177288486189452
177288492249973	177288522598358	177288492195181
177288521595233	177288539279400	177288521518514
177288525834504	177288555958565	177288525781691
177288551542941	177288572633618	177288551455441
177288560873670	177288589310180	177288560820285
177288580927785	177288605985181	177288580855025
177288598874816	177288622660857	177288598825545
177288618869920	177288639337420	177288618782629
177288626900545	177288656015701	177288626842212
177288642615077	177288672693826	177288642472368
177288665347577	177288689373357	177288665252629
177288676086431	177288706050233	177288675911795
177288706793879	177288739405232	177288706709400
177288725557577	177288756083097	177288710815441
177288742079191	177288772762004	177288727205493
177288758806535	177288789440805	177288750909452
177288775433670	177288806118514	177288761305389
177288792046118	177288822797836	177288783256535
177288808840702	177288839477264	177288802294139
177288825654816	177288856154503	177288811277212
177288842124972	177288872830233	177288836248514
177288858952941	177288889507004	177288849056952
177288875992629	177288906185336	177288864866691
177288893005545	177288922861274	177288888749191
177288908955077	177288939536117	177288893735077
177288925569660	177288956193410	177288911213254
177288942444243	177288972835754	177288933794868
177288959257316	177288989478253	177288958646691
177288975853254	177289006121118	177288961560910
177288992519504	177289022764659	177288976771066
177289008935702	177289039410024	177288995606483
177289032162785	177289056055961	177289032088931
177289048319660	177289072703149	177289048194972
177289076665858	177289105994399	177289076580441
177289094888722	177289122638044	177289094817108
177289110631951	177289139281586	177289110533670
177289126941326	177289155925232	177289126874243
177289143313462	177289172569399	177289143241118
177289179887108	177289205853461	177289179787733
177289197828826	177289222494972	177289197753097
177289225153462	177289255781170	177289225059035
177289255151431	177289272424868	177289255042576
177289259978306	177289289065701	177289259911951
177289283382524	177289305708722	177289283278983
177289306319608	177289322349191	177289306235389
177289311129451	177289338990336	177289311069868
177289342834295	177289372269191	177289342748097
177289358684764	177289388909711	177289348294972
177289375046743	177289405549555	177289361820701
177289391629868	177289422190961	177289376698618
177289408352993	177289438834764	177289398792003
177289424682941	177289455477993	177289412231326
177289441614191	177289472122523	177289432966014
177289458067212	177289488768357	177289451527108
177289474860753	177289505410962	177289461058097
177289491183410	177289522055076	177289479190545
177289508997108	177289538700285	177289497336014
177289525674243	177289555342628	177289521660701
177289541533670	177289571983826	177289528134868
177289557796795	177289588628462	177289542937368
177289574517628	177289605273253	177289564106847
177289591230753	177289621917003	177289577996899
177289607882941	177289638559868	177289596303305
177289624430024	177289655201326	177289611059399
177289641080649	177289671843669	177289630391430
177289657820024	177289688484607	177289642791639
177289674702003	177289705125597	177289666365285
177289691092524	177289721766378	177289681563983
177289708563618	177289738408617	177289704102732
177289724829295	177289755050180	177289710909139
177289741351691	177289771690752	177289738083670
177289757461222	177289788331899	177289743155076
177289774351847	177289804973514	177289761010962
177289791125753	177289821617107	177289782425597
177289807716587	177289838259660	177289802741899
177289824456482	177289854904920	177289821854660
177289841041482	177289871550024	177289826515285
177289857702316	177289888197575	177289856683253
177289874399191	177289904845909	177289860497472
177289890811430	177289921494763	177289877092837
177289907502628	177289938141222	177289902625076
177289924156482	177289954786170	177289911538774
177289941189972	177289971437524	177289932025545
177289957789243	177289988089347	177289948654399
177289974032159	177290004738617	177289971639295
177289990823462	177290021385961	177289976195545
177290008160962	177290038035389	177290008093149
177290028035545	177290054684763	177290027946534
177290046593982	177290071333356	177290046535180
177290061392420	177290087981690	177290061312628
177290076640805	9223372036854775807	177290076563826

=== poll 1790150589.363063257
16666666
177290046593982	177290071333356	177290046535180
177290061392420	177290087981690	177290061312628
177290076640805	177290104629399	177290076563826
177290098516014	177290121277628	177290098430649
177290126685962	177290154576794	177290126582784
177290141027889	177290171226847	177290140946170
177290158335805	177290187877263	177290158209139
177290179109139	177290204526273	177290179021899
177290193195076	177290221173461	177290193128253
177290210831326	177290237822472	177290210746014
177290242384399	177290271118877	177290242289034
177290268412732	177290287765909	177290268321378
177290274538566	177290304412680	177290274473097
177290297892107	177290321058565	177290297811691
177290309309191	177290337703617	177290309237159
177290325822784	177290354350909	177290325744243
177290360676430	177290387657159	177290360583566
177290377059086	177290404308304	177290376972524
177290400866691	177290420953669	177290400795128
177290418263774	177290437597419	177290418188722
177290427765649	177290454237263	177290427695336
177290446704659	177290470881899	177290446632107
177290457282524	177290487526117	177290457230284
177290485565388	177290504175336	177290485469816
177290491419034	177290520822784	177290491377420
177290530840336	177290554113565	177290530743409
177290545656534	177290570760336	177290545565076
177290596820388	177290620700596	177290596743826
177290610693097	177290637345648	177290610625909
177290627457784	177290653990701	177290627374243
177290651179295	177290670638773	177290651076899
177290658054868	177290687287836	177290657987159
177290685328045	177290703932576	177290685239451
177290690407784	177290720577263	177290690349868
177290741316847	177290770516743	177290741203461
177290762116482	177290787162471	177290762053149
177290777104399	177290803808304	177290777035545
177290794177992	177290820455701	177290794097107
177290811490649	177290837101690	177290811405961
177290832111378	177290853747627	177290832029555
177290847202159	177290870393773	177290847130128
177290862884451	177290887040544	177290862804815
177290876186638	177290903685336	177290876102732
177290918228513	177290936970649	177290918152263
177290928603930	177290953613722	177290928542003
177290943071951	177290970259503	177290942995701
177290957699711	177290986904294	177290957638305
177290990739242	177291020199554	177290990633409
177291011644034	177291036843982	177291011569919
177291026577836	177291053486534	177291026505649
177291040740753	177291070131065	177291040666534
177291082766117	177291103427732	177291082679919
177291091495388	177291120076377	177291091415128
177291108920128	177291136724086	177291108850544
177291137704294	177291170023096	177291137605024
177291156156326	177291186675231	177291141053149
177291172667159	177291203323669	177291163103044
177291189477836	177291219972315	177291179188878
177291205993409	177291236620283	177291191551534
177291249704503	177291269914086	177291249625388
177291266677263	177291286561690	177291266605544
177291275712471	177291303211117	177291275631742
177291301110076	177291319860908	177291301001951
177291310962888	177291336513877	177291310877263
177291337243201	177291369814086	177291337131221
177291356359294	177291386463721	177291340578096
177291372402940	177291403111221	177291356543721
177291389185492	177291419759867	177291375978565
177291405699659	177291436405804	177291391220440
177291422438149	177291453050857	177291412126482
177291440974815	177291469697731	177291440898513
177291457947211	177291486344919	177291457882732
177291473097315	177291502994189	177291472622003
177291496284346	177291519643825	177291496200492
177291518551378	177291536293252	177291518459607
177291531393357	177291552944971	177291531335336
177291542847523	177291569595439	177291542788461
177291566742784	177291586246325	177291566650857
177291587756378	177291619538825	177291587681951
177291606099138	177291636184919	177291591329919
177291622206898	177291652830856	177291611513201
177291641399398	177291669476637	177291641328201
177291656348982	177291686123669	177291655895909
177291677347940	177291702770752	177291677263357
177291693491482	177291719416272	177291693415180
177291708610857	177291736063200	177291708061117
177291725849555	177291752706481	177291725771378
177291744849450	177291769349450	177291744778305
177291757368513	177291785995648	177291757202315
177291778215805	177291802640231	177291778133200
177291791404034	177291819285596	177291791328461
177291813149919	177291835927992	177291813063253
177291823790232	177291852571638	177291823722211
177291841299190	177291869213669	177291841223253
177291857848200	177291885872002	177291857765648
177291872245961	177291902547315	177291872189815
177291915973513	177291935903981	177291915864034
177291928095440	177291952582887	177291927993357
177291943042211	177291969260231	177291942960075
177291964948773	177291985936377	177291964875127
177291980521117	177292002615544	177291980437055
177291993567732	177292019297418	177291993490180
177292029643096	177292052654190	177292029575648
177292040753513	177292069334241	177292040672888
177292057246534	177292086017783	177292057169190
177292072042575	177292102699814	177292071929294
177292091643617	177292119381690	177292091563409
177292106257575	177292136061221	177292106132575
177292134843252	177292152743877	177292134751482
177292148480388	177292169428252	177292148413877
177292171249919	177292202793982	177292171144554
177292188881169	177292219475491	177292174153617
177292205613357	177292236156689	177292200610023
177292222152679	177292252835908	177292207036482
177292238789607	177292269513200	177292226294554
177292255601325	177292286191742	177292248653617
177292272303929	177292302871585	177292261972627
177292288978200	177292319551950	177292282361898
177292306765700	177292336233200	177292295977002
177292322872836	177292352916013	177292311642211
177292338904242	177292369599606	177292326072784
177292356903304	177292386282522	177292356845596
177292373377992	177292402968408	177292373304086
177292395365648	177292419652574	177292395269450
177292408047263	177292436331950	177292407838877
177292426212523	177292453011637	177292426136846
177292458867263	9223372036854775807	177292458782836

=== poll 1790150591.705060600
16666666
177292498230127	177292519732002	177292498150440
177292511943252	177292536412314	177292511871117
177292527035804	177292553091793	177292526851325
177292541624190	177292569769971	177292541547471
177292565479711	177292586448200	177292565398565
177292589569190	177292619802262	177292589494346
177292606046169	177292636482523	177292593844919
177292622595804	177292653165023	177292613643461
177292639684502	177292669844815	177292639607575
177292661766794	177292686525127	177292661681065
177292688477679	177292719881012	177292688406638
177292706218617	177292736557471	177292699911794
177292723113304	177292753237731	177292714007002
177292739898929	177292769915960	177292729317419
177292756094502	177292786593929	177292743069450
177292772687054	177292803269866	177292756470700
177292796547002	177292819947835	177292796475804
177292810643200	177292836624971	177292810572679
177292828184242	177292853305908	177292828098200
177292846974190	177292869986376	177292846756950
177292861718356	177292886665283	177292861633877
177292876319867	177292903348929	177292876234346
177292892519398	177292920032679	177292892460179
177292916370960	177292936717887	177292916281325
177292925775544	177292953398616	177292925701429
177292948498148	177292970076220	177292948382471
177292963678252	177292986755283	177292963596898
177292976583460	177293003436585	177292976506690
177292998807054	177293020114970	177292998725231
177293026933721	177293053483200	177293026842471
177293044700387	177293070169085	177293044620283
177293062906898	177293086854919	177293062821325
177293080634346	177293103537262	177293080543512
177293091368512	177293120216428	177293091297940
177293120288929	177293136894137	177293120188252
177293126785492	177293153573668	177293126709762
177293142250960	177293170254137	177293142178148
177293173315856	177293203609033	177293173195700
177293190134085	177293220284397	177293178469190
177293206188721	177293236960908	177293190775648
177293223215856	177293253638772	177293210654033
177293239694242	177293270318929	177293226660127
177293256371898	177293286997991	177293241444242
177293273287106	177293303680127	177293264613981
177293290241742	177293320363147	177293281185075
177293307452210	177293337045439	177293306922679
177293336628148	177293353725282	177293336475439
177293341857523	177293370408564	177293341799814
177293361743044	177293387093303	177293361518877
177293381490596	177293403776845	177293381415023
177293404128617	177293420458877	177293404037575
177293409153148	177293437142366	177293409102939
177293424743096	177293453824450	177293424683096
177293453979294	177293470509345	177293453882679
177293462252210	177293487193980	177293462174919
177293494117002	177293520561272	177293494028252
177293512269658	177293537245700	177293512184866
177293529889398	177293553932366	177293529801585
177293542469033	177293570616168	177293542398044
177293567703929	177293587298460	177293567597314
177293576145596	177293603981689	177293576074866
177293604744137	177293637339814	177293604671377
177293623437471	177293654021064	177293612650491
177293640353616	177293670702366	177293630049919
177293656782314	177293687383460	177293640512523
177293673421533	177293704065387	177293663958929
177293691557627	177293720745074	177293691468252
177293716811064	177293737426949	177293716728356
177293729489502	177293754111793	177293729431846
177293746198356	177293770797938	177293746095387
177293760508408	177293787484918	177293760437314
177293782323825	177293804166428	177293782248616
177293797920752	177293820852053	177293797813148
177293810952783	177293837536897	177293810873200
177293832176533	177293854220334	177293832090648
177293846640023	177293870904710	177293846567991
177293862176585	177293887589137	177293862107991
177293885941898	177293904270334	177293885833564
177293891758148	177293920952991	177293891683043
177293911921064	177293937634293	177293911853148
177293925142731	177293954313564	177293925073877
177293940901429	177293970993772	177293940830387
177293969739814	177293987673043	177293969658564
177293979621845	177294004352313	177293979526220
177293997828200	177294021033564	177293997738095
177294013477158	177294037715075	177294013413981
177294031771845	177294054397470	177294031704033
177294044739085	177294071078980	177294044661637
177294062499502	177294087761220	177294062395283
177294082596272	177294104442522	177294082513825
177294097827314	177294121126845	177294097751950
177294139289970	177294171182001	177294139189189
177294157558252	177294187866429	177294154495335
177294174670960	177294204548407	177294157848147
177294191285804	177294221235282	177294190933408
177294215298460	177294237921533	177294215243616
177294228480960	177294254607106	177294228418043
177294260421637	177294287978981	177294260325179
177294284079450	177294304663772	177294283950075
177294291202418	177294321348043	177294291145283
177294328809241	177294354717626	177294328710439
177294343430491	177294371402574	177294343350335
177294365859918	177294388085282	177294365757887
177294376342262	177294404768512	177294376280595
177294401560804	177294421450022	177294401473981
177294411015856	177294438136741	177294410956793
177294426375699	177294454820699	177294426312314
177294442219241	177294471506272	177294442140439
177294461283824	177294488187106	177294461203564
177294475451168	177294504868980	177294475386429
177294500464762	177294521550230	177294500373772
177294511386741	177294538234970	177294511310543
177294533311064	177294554917574	177294533243616
177294563806949	177294588286011	177294563715960
177294575749293	177294604971376	177294575690804
177294598922470	177294621656532	177294598829449
177294614466324	177294638342261	177294614395439
177294626428929	177294655024813	177294626368720
177294646827939	177294671710699	177294646758043
177294667652887	177294688394137	177294667599710
177294680382783	177294705080856	177294680303304
177294700071220	177294721764657	177294699985804
177294718534241	177294738447365	177294718400647
177294724864189	177294755134501	177294724811481
177294747178460	177294771821012	177294747094293
177294768572001	177294788505230	177294768494501
177294776102418	9223372036854775807	177294776041324

=== poll 1790150594.071723204
16666666
177294926713460	177294955312053	177294926642001
177294952172262	177294971992522	177294952098824
177294961899605	177294988676897	177294961818564
177294989865335	177295022037834	177294989772210
177295008950074	177295038719657	177294996632262
177295025301012	177295055399344	177295012187001
177295041311376	177295072077677	177295036420647
177295058096428	177295088759032	177295045927730
177295074786220	177295105443824	177295067838251
177295091414762	177295122127730	177295080934137
177295108644710	177295138813980	177295102121585
177295124966949	177295155498720	177295113286585
177295141736480	177295172186792	177295129025335
177295158324189	177295188875229	177295142694345
177295174793616	177295205564501	177295161507053
177295192311532	177295222252052	177295183521116
177295208891324	177295238939397	177295201731793
177295225272314	177295255624814	177295224224397
177295241693303	177295272310126	177295229494189
177295258306324	177295288993928	177295244746272
177295274951585	177295305676740	177295260778355
177295291562835	177295322361012	177295289631012
177295308434032	177295339044761	177295298778720
177295325059814	177295355729032	177295320688147
177295341777574	177295372412209	177295331374345
177295358821532	177295389093563	177295348477730
177295375076741	177295405775386	177295370508720
177295392320855	177295422455855	177295376546741
177295409052053	177295439137000	177295396382366
177295425430803	177295455819969	177295420471845
177295441912105	177295472502991	177295426843355
177295458576168	177295489187261	177295443635439
177295475397209	177295505871115	177295461332209
177295491770647	177295522558042	177295482445855
177295508577887	177295539245647	177295494253928
177295525460387	177295555935230	177295519818720
177295541685803	177295572621063	177295525733772
177295558744605	177295589306688	177295557758043
177295575326376	177295605993771	177295562861428
177295592735647	177295622677261	177295579564241
177295609190751	177295639365594	177295596580387
177295625385595	177295656050334	177295620640959
177295642357261	177295672735438	177295628042470
177295658996741	177295689420699	177295643952730
177295675871168	177295706102782	177295668915386
177295692118876	177295722786688	177295675857470
177295722023303	177295739468459	177295721944032
177295731241376	177295756151480	177295731169761
177295761995074	177295789521272	177295761875178
177295785708355	177295806208250	177295785603147
177295796530959	177295822893824	177295796456584
177295833662313	177295856260073	177295833584813
177295845105438	177295872941688	177295845041741
177295875767001	177295906309917	177295875679918
177295892624397	177295922997313	177295879641220
177295909008095	177295939683146	177295902859084
177295925680178	177295956366532	177295912545803
177295942175178	177295973050750	177295941892834
177295959581168	177295989734657	177295958978147
177295975753251	177296006422001	177295968292522
177295993462782	177296023109032	177295984076845
177296009955543	177296039794917	177295993933772
177296025973355	177296056475699	177296022509084
177296042949761	177296073156896	177296027555282
177296059582313	177296089837261	177296047906115
177296076184605	177296106516949	177296069861845
177296093602782	177296123197365	177296093525543
177296113195595	177296139877105	177296113116272
177296127202418	177296156556688	177296127125126
177296145018043	177296173236324	177296144930178
177296163203563	177296189913563	177296163132313
177296187936636	177296206592365	177296187848511
177296193756584	177296223273355	177296193701115
177296219791532	177296239954917	177296219696897
177296233484188	177296256635802	177296233402157
177296243533043	177296273320907	177296243474605
177296268196688	177296290004344	177296268102157
177296284427678	177296306685490	177296284367470
177296293755595	177296323367209	177296293692782
177296311809136	177296340048302	177296311740178
177296338468303	177296356728198	177296338370647
177296343860595	177296373407990	177296343810595
177296363442990	177296390090230	177296363375334
177296388395074	177296406772729	177296388328876
177296398283407	177296423457052	177296398222990
177296419084657	177296440137521	177296419010230
177296433162261	177296456819136	177296433075647
177296446293667	177296473498980	177296446218147
177296496257990	177296523551167	177296496138824
177296517819709	177296540234969	177296517726376
177296532130751	177296556915229	177296532049813
177296550166011	177296573595490	177296549960959
177296562463667	177296590274969	177296562387782
177296594068928	177296623633510	177296593935438
177296615721584	177296640312157	177296615618407
177296632093147	177296656992834	177296631963042
177296658000386	177296690360750	177296657912313
177296676579397	177296707044500	177296661374084
177296695509344	177296723730594	177296695445594
177296710098615	177296740416792	177296709094865
177296726496480	177296757105646	177296716190699
177296743130542	177296773793928	177296734957209
177296759912417	177296790478250	177296748646063
177296776302417	177296807161011	177296761525438
177296793132834	177296823847000	177296781293094
177296809910542	177296840529813	177296803795074
177296826780855	177296857214761	177296820701688
177296844022574	177296873899864	177296827324813
177296860314709	177296890585699	177296848763928
177296876824240	177296907275438	177296871637417
177296893310178	177296923961323	177296881984813
177296909954396	177296940642468	177296902482001
177296926968615	177296957320594	177296925970698
177296943483928	177296973998407	177296932083928
177296960026271	177296990673927	177296951602053
177296976842886	177297007349605	177296968285907
177296993346063	177297024025333	177296985648823
177297010079917	177297040704656	177296995068459
177297026808980	177297057381480	177297022260751
177297044336115	177297074057417	177297029991219
177297060481376	177297090738928	177297060118928
177297085064344	177297107418719	177297084985073
177297098592053	177297124097782	177297098514084
177297113927209	177297140775489	177297113842938
177297128203875	177297157452416	177297128124709
177297160436428	177297190804708	177297160359657
177297187745803	9223372036854775807	177297187650959

=== poll 1790150596.447167369
16666666
177297187745803	177297207483146	177297187650959
177297194106428	177297224163302	177297194035334
177297216351896	177297240839344	177297216266844
177297245698719	177297274196219	177297245615178
177297260429084	177297290874135	177297248677053
177297277389448	177297307552990	177297264390646
177297294161844	177297324232573	177297291600178
177297310378511	177297340912573	177297298154605
177297326727678	177297357595386	177297312501271
177297354850698	177297374276010	177297354770490
177297373472625	177297390956114	177297373352417
177297390088302	177297407636375	177297390007625
177297395877782	177297424314291	177297395811167
177297421575907	177297440992937	177297421483980
177297439013302	177297457672729	177297438925907
177297447524865	177297474349083	177297447461427
177297469665021	177297491022469	177297469596323
177297489512469	177297507700438	177297489418459
177297499464969	177297524376219	177297499406688
177297568265698	177297591085177	177297568116792
177297585171063	177297607761635	177297585099136
177297601201271	177297624440438	177297601119604
177297637664448	177297657789812	177297637559084
177297651230021	177297674469135	177297651168146
177297665004448	177297691145958	177297664946584
177297683628354	177297707821219	177297683557938
177297698351479	177297724494448	177297698285750
177297722016323	177297741170489	177297721935750
177297734049813	177297757844812	177297733995959
177297751784188	177297774519656	177297751707938
177297773622261	177297791197677	177297773520229
177297779133511	177297807876791	177297782252729
177297805597000	177297824555489	177297805521427
177297822663511	177297841233823	177297822538667
177297829281948	177297857911635	177297829209917
177297848602261	177297874590229	177297848531896
177297874322625	177297891269083	177297874232781
177297886069188	177297907946843	177297885997052
177297897647781	177297924627000	177297897584240
177297916961479	177297941305177	177297916880594
177297931154761	177297957985072	177297931085802
177297956542938	177297974667885	177297956448615
177297963695646	177297991348250	177297963606531
177297979035281	177298008026323	177297978957729
177298030685750	177298058048458	177298030569136
177298044400333	177298074726740	177298036549136
177298060685802	177298091404812	177298049502677
177298077704292	177298108083458	177298066682208
177298094142833	177298124762364	177298078440750
177298111402781	177298141440958	177298102706479
177298128030802	177298158114812	177298119686896
177298144399604	177298174786167	177298144271896
177298169182313	177298191460073	177298169107208
177298189102104	177298208133458	177298189021323
177298201276583	177298224805749	177298201195854
177298213719396	177298241479604	177298213639344
177298242055125	177298258152051	177298241967313
177298246137833	177298274824500	177298246080958
177298284763615	177298308165802	177298284640021
177298300844813	177298324838562	177298300762365
177298320970333	177298341514708	177298320874604
177298329142156	177298358187885	177298329072469
177298355037729	177298374861270	177298354953771
177298363089031	177298391533770	177298363031948
177298381617000	177298408206114	177298381547885
177298410069656	177298441552572	177298409977104
177298427837208	177298458227677	177298413681167
177298444155958	177298474897729	177298439947469
177298461050542	177298491570332	177298447522208
177298477788875	177298508244969	177298467407208
177298498525750	177298524921270	177298498445698
177298513645021	177298541595906	177298513559812
177298535740958	177298558269864	177298535624917
177298557455542	177298574944916	177298557363042
177298563261115	177298591617312	177298563204760
177298588034500	177298608290124	177298587923354
177298599665333	177298624962312	177298599574865
177298630821010	177298658309500	177298630716740
177298655430385	177298674982416	177298655305281
177298664782469	177298691656687	177298664688927
177298684785750	177298708330020	177298684678927
177298703650802	177298725005957	177298703550437
177298712856427	177298741682000	177298712795125
177298751888458	177298775035802	177298751772000
177298771771062	177298791710176	177298771682729
177298782930802	177298808381374	177298782869864
177298801472625	177298825051947	177298801395281
177298826638146	177298858396999	177298826532000
177298844679760	177298875070854	177298832299083
177298862490854	177298891746895	177298846298719
177298878339239	177298908422468	177298864717989
177298901770229	177298925094655	177298901689552
177298922289396	177298941762468	177298922190698
177298928960541	177298958432989	177298928892833
177298951211062	177298975105854	177298951140333
177298968876739	177298991776999	177298968801166
177298994075281	177299025123041	177298993974344
177299011434135	177299041796270	177298998275906
177299027959500	177299058467259	177299013977208
177299044672729	177299075138561	177299029595594
177299061292989	177299091811426	177299052023614
177299077861583	177299108484760	177299063253666
177299101831479	177299125156843	177299101748927
177299120464343	177299141828405	177299120380281
177299136521010	177299158498353	177299136442468
177299151689552	177299175171166	177299151589343
177299163538614	177299191847989	177299163471687
177299178898354	177299208523926	177299178828093
177299198579031	177299225200280	177299198489135
177299232752885	177299258560489	177299232575281
177299244685385	177299275237416	177299238772260
177299263447781	177299291913874	177299263375489
177299278405541	177299308589031	177299278323823
177299304685802	177299325262624	177299304611166
177299317604760	177299341937208	177299317550593
177299331895489	177299358611583	177299331827781
177299349890073	177299375286114	177299349829187
177299384956843	177299408639395	177299384889604
177299398705125	177299425316166	177299398639968
177299417173145	177299441994551	177299417120229
177299442465906	177299458674604	177299442380802
177299448222989	177299475355385	177299448173198
177299463416270	177299492038197	177299463366791
177299479071479	177299508722051	177299479016166
177299500428562	177299525404552	177299500380333
177299514102729	177299542085541	177299514034083
177299533562989	9223372036854775807	177299533507364

=== poll 1790150598.970609139
16666666
177299743156635	177299775582676	177299743067781
177299762007937	177299792263613	177299748325489
177299778823093	177299808942051	177299771431843
177299795214864	177299825625176	177299782750697
177299811562833	177299842306739	177299801928718
177299828435333	177299858985072	177299818643822
177299844931479	177299875664551	177299830470906
177299861790124	177299892341842	177299850521270
177299878252104	177299909020228	177299863172833
177299915265177	177299942378874	177299915176895
177299943331062	177299975735645	177299943249135
177299961780645	177299992414290	177299947499083
177299978397208	177300009095645	177299964388458
177300001342833	177300025772363	177300001243979
177300012567781	177300042450176	177300012209447
177300029123406	177300059128405	177300029062104
177300048126010	177300075804395	177300048042051
177300073905854	177300092479915	177300073836999
177300093507572	177300125826687	177300093443562
177300112038614	177300142502312	177300099856999
177300128430593	177300159178718	177300123485333
177300145183145	177300175854134	177300133567260
177300161957416	177300192526738	177300153780437
177300178533197	177300209198248	177300165703718
177300195810958	177300225874551	177300189200645
177300212326218	177300242547519	177300198088301
177300228676999	177300259223041	177300218322624
177300245300437	177300275902311	177300244150124
177300261894864	177300292577051	177300249743458
177300278388770	177300309251165	177300264274187
177300295319499	177300325925593	177300283147208
177300312426791	177300342601530	177300312255124
177300333397989	177300359274342	177300333319291
177300357094031	177300375949394	177300357000020
177300363832468	177300392625749	177300363773458
177300385130906	177300409298405	177300385074708
177300403550228	177300425972207	177300403483405
177300424102312	177300442650592	177300423994239
177300436817572	177300459326999	177300436686426
177300449682260	177300476002520	177300449604603
177300464402833	177300492677103	177300464334030
177300483434708	177300509350853	177300483368562
177300504877468	177300526024342	177300504799343
177300528584343	177300559371946	177300528500385
177300548893718	177300576044655	177300548818145
177300576729239	177300609390957	177300576637989
177300595514447	177300626069707	177300583341322
177300612810280	177300642746739	177300597737624
177300629389760	177300659425175	177300619386530
177300645273978	177300676101947	177300634588510
177300662063041	177300692774551	177300655206218
177300678684707	177300709449968	177300671546791
177300695254395	177300726127519	177300683008562
177300715228822	177300742803040	177300715055957
177300733585072	177300759477728	177300733504030
177300748059187	177300776151426	177300747983457
177300765542780	177300792826426	177300765469551
177300783322468	177300809504082	177300783240749
177300796505489	177300826181113	177300796448197
177300820900541	177300842858144	177300820796843
177300834809812	177300859535540	177300834728718
177300865829655	177300892892259	177300865752468
177300883338249	177300909569967	177300883252207
177300898398509	177300926249603	177300898299916
177300925289707	177300942928144	177300925212416
177300930044864	177300959606061	177300929993041
177300948664864	177300976285697	177300948584291
177300963812572	177300992965488	177300963746582
177300980772468	177301009643561	177300980714655
177301002190645	177301026320957	177301002118822
177301015168145	177301042997623	177301015096009
177301038625801	177301059674498	177301038540957
177301052096947	177301076348561	177301052018301
177301074733249	177301093021529	177301074649551
177301092570489	177301109696529	177301092471322
177301099300020	177301126370488	177301099220332
177301113637989	177301143039967	177301113570645
177301132302468	177301159709395	177301132228978
177301147532155	177301176379238	177301147400645
177301176345541	177301193052780	177301176218353
177301184085072	177301209726686	177301183996895
177301198394811	177301226401634	177301198314447
177301230867728	177301259749863	177301230772311
177301246640020	177301276420956	177301235357207
177301263068457	177301293093353	177301254142832
177301279198874	177301309767467	177301263303197
177301295798353	177301326443404	177301285983874
177301313047416	177301343117363	177301312780853
177301329530697	177301359784030	177301329455697
177301371446478	177301393120280	177301371369030
177301384615593	177301409795280	177301384420280
177301414197259	177301443138509	177301414029759
177301432690593	177301459810748	177301432618509
177301451308249	177301476480123	177301451112728
177301473235072	177301493152259	177301473135488
177301484621530	177301509821842	177301484550801
177301498770072	177301526489915	177301498698509
177301518882572	177301543161530	177301518752259
177301544793561	177301576503040	177301544729290
177301562596270	177301593175175	177301554295697
177301578915957	177301609846270	177301571647363
177301595685436	177301626516217	177301582474655
177301612556270	177301643184082	177301603080280
177301629272520	177301659851999	177301624027572
177301646450697	177301676521165	177301632534499
177301663128718	177301693192311	177301651475384
177301679207363	177301709862832	177301673289290
177301695902155	177301726531685	177301682615749
177301712594134	177301743198612	177301699965697
177301729347780	177301759867259	177301715676061
177301747102259	177301776536894	177301744274759
177301763238197	177301793208508	177301748808665
177301779402728	177301809875436	177301779345280
177301805760020	177301826538925	177301805679603
177301833783197	177301859872831	177301833686061
177301847725853	177301876545071	177301847653613
177301874391895	177301893216477	177301874296426
177301892330072	177301909891321	177301892246634
177301898174655	177301926563717	177301898100592
177301915003665	177301943238977	177301914935124
177301933504030	177301959914082	177301933412155
177301948465749	177301976585280	177301948393144
177301970840801	177301993255905	177301970633613
177301993300697	177302009929290	177301993215853
177301997678613	177302026597936	177301997624082
177302024885957	177302043267363	177302024823509
177302053731582	9223372036854775807	177302053625853

=== poll 1790150601.351758930
16666666
177302198593405	177302226647831	177302198510696
177302212990384	177302243322050	177302212932884
177302234757155	177302259997414	177302234697415
177302250234134	177302276670488	177302250172571
177302279293196	177302310018977	177302279210801
177302296246842	177302326693977	177302282538405
177302313202103	177302343372362	177302299184238
177302329903092	177302360046217	177302320932624
177302346108040	177302376719394	177302335123665
177302362796061	177302393391425	177302355729082
177302379243873	177302410063561	177302364244707
177302396033353	177302426732206	177302387687988
177302412762988	177302443404185	177302400230540
177302429837936	177302460079966	177302428868405
177302445892988	177302476755748	177302432546426
177302463353873	177302493428404	177302452385540
177302479435071	177302510100227	177302467007155
177302496141061	177302526770696	177302487299446
177302512866113	177302543441113	177302498719967
177302530243144	177302560112935	177302526753769
177302546540801	177302576786217	177302539051790
177302562726373	177302593459707	177302549129498
177302579332363	177302610134342	177302575932155
177302595914967	177302626807988	177302586838301
177302613074498	177302643478560	177302601559446
177302629542155	177302660148925	177302616992311
177302646233561	177302676820332	177302642859394
177302662693405	177302693495332	177302648289134
177302679196894	177302710169914	177302667968613
177302696091946	177302726845435	177302694951634
177302712815280	177302743519863	177302700142675
177302729401894	177302760194030	177302719026738
177302747097050	177302776868196	177302735966321
177302763503092	177302793542362	177302755039082
177302779612571	177302810215383	177302773578665
177302795931790	177302826888612	177302784714863
177302812488665	177302843561529	177302804427988
177302830053769	177302860235175	177302813902363
177302849561530	177302876907154	177302849480644
177302869313925	177302893583821	177302869232363
177302891444759	177302910261269	177302891356790
177302907936894	177302926936061	177302907844030
177302914441790	177302943610384	177302914374394
177302939184082	177302960286685	177302939054602
177302949995800	177302976960852	177302949916009
177302974298248	177302993636893	177302974200852
177302982921790	177303010311633	177302982853821
177303001058561	177303026985591	177303000996530
177303016775592	177303043660383	177303016696373
177303034618925	177303060336425	177303034521790
177303049246009	177303077013768	177303049044602
177303075060488	177303093687727	177303074983092
177303086133144	177303110362883	177303086058769
177303144173509	177303160400904	177303144020436
177303150902363	177303177078404	177303150872363
177303173580019	177303193753092	177303173479550
177303208434446	177303227104342	177303208339967
177303219857154	177303243777154	177303219786321
177303235298457	177303260449550	177303235205800
177303262631321	177303293802258	177303262567779
177303280259550	177303310478560	177303268249967
177303297884550	177303327152883	177303291214550
177303314311581	177303343829289	177303301335592
177303330159654	177303360507153	177303314457259
177303357758300	177303377183716	177303357664706
177303371428092	177303393855539	177303371349863
177303385170644	177303410527101	177303385091842
177303401935019	177303427199602	177303401864498
177303438936842	177303460544862	177303438838613
177303470305696	177303493893769	177303470204863
177303487300852	177303510569758	177303487258300
177303508278092	177303527245956	177303508187623
177303519419498	177303543918977	177303519341321
177303532840227	177303560591216	177303532757988
177303555938821	177303577263768	177303555844186
177303570918873	177303593938873	177303571079186
177303600617311	177303627286476	177303600545852
177303619397883	177303643959550	177303619566217
177303653621946	177303677309185	177303653673248
177303663732363	177303693983039	177303659601113
177303680302258	177303710658821	177303664480279
177303699506113	177303727331842	177303699419342
177303714457779	177303744005644	177303714387154
177303746739863	177303777357362	177303746642623
177303763543717	177303794036112	177303752560956
177303781083456	177303810713820	177303773896581
177303797813769	177303827391893	177303789284602
177303813353196	177303844069289	177303801998769
177303837195488	177303860746789	177303837137415
177303846543925	177303877424341	177303843035071
177303863240331	177303894102935	177303849575644
177303880804498	177303910783299	177303865587727
177303896986060	177303927463664	177303895447727
177303913808456	177303944143247	177303898569133
177303930446998	177303960822779	177303920045592
177303946941998	177303977500175	177303940472467
177303963943717	177303994177883	177303963729602
177303980886477	177304010857309	177303970731112
177303997449967	177304027533664	177303981087154
177304013827935	177304044212050	177304012209446
177304030581425	177304060891737	177304017213248
177304047240852	177304077566789	177304036280175
177304064295696	177304094242414	177304050042987
177304080887206	177304110918872	177304080833248
177304103093248	177304127598039	177304103007935
177304120813612	177304144274184	177304120725748
177304144123508	177304160946841	177304144048977
177304152768248	177304177618092	177304152684133
177304166744237	177304194290644	177304166681269
177304183208196	177304210963508	177304183145904
177304226561321	177304244310383	177304226459967
177304231495696	177304260981685	177304229873769
177304248423821	177304277655956	177304248360800
177304280931477	177304311008821	177304280852310
177304297297623	177304327684966	177304286724967
177304313758456	177304344362205	177304299398352
177304330268612	177304361038299	177304318137935
177304347181321	177304377714289	177304335937519
177304370302779	177304394389862	177304370204602
177304389455539	177304411067779	177304389373248
177304408457779	177304427746789	177304408375279
177304418122414	177304444423143	177304418059185
177304443969185	177304461097258	177304443898716
177304460376894	177304477770226	177304460318456
177304469887779	177304494445955	177304469814289
177304484154446	177304511117674	177304484080852
177304498821998	9223372036854775807	177304498740227

=== poll 1790150603.828296377
16666666
177304597790227	177304627838352	177304597733404
177304626561529	177304644511997	177304626480123
177304632292935	177304661185852	177304632234446
177304652341268	177304677859966	177304652248768
177304668398456	177304694534705	177304668310696
177304690526321	177304711205695	177304690412883
177304706588925	177304727879393	177304706489289
177304729484706	177304761222883	177304729375123
177304747443196	177304777895539	177304733730591
177304764025331	177304794569705	177304747939602
177304780862831	177304811241424	177304775309966
177304797687206	177304827915226	177304790678091
177304814576789	177304844590070	177304798961164
177304831115279	177304861264393	177304817749602
177304847415591	177304877939288	177304832803091
177304863886060	177304894612153	177304847756737
177304880751945	177304911288664	177304868657779
177304897517518	177304927962622	177304892248143
177304913873977	177304944636216	177304899044081
177304930516373	177304961309966	177304921575279
177304947441529	177304977986477	177304935754914
177304964333820	177304994658924	177304959134758
177304981152623	177305011332414	177304968683768
177305003599445	177305028007674	177305003491789
177305018593716	177305044684445	177305018465175
177305040170487	177305061358820	177305040065800
177305056620852	177305078030486	177305056525122
177305068633872	177305094705487	177305068551112
177305086631477	177305111379705	177305086554393
177305116863404	177305144729653	177305116752675
177305139719029	177305161407153	177305139636216
177305159239550	177305178082569	177305159143195
177305168324706	177305194756008	177305168271372
177305186006164	177305211429132	177305185873664
177305207305800	177305228102830	177305207224133
177305218382674	177305244776945	177305218293456
177305251943195	177305278117987	177305251874706
177305268406633	177305294790122	177305268362102
177305290443977	177305311463663	177305290331633
177305303612518	177305328138663	177305303526841
177305316936477	177305344811945	177305316854758
177305347482883	177305378165903	177305347378299
177305365532883	177305394842413	177305364999549
177305386500695	177305411518195	177305386431112
177305399230643	177305428194913	177305399154966
177305423917049	177305444870799	177305423793456
177305439980435	177305461542309	177305439804341
177305457171737	177305478213663	177305457102101
177305467844654	177305494881893	177305467783456
177305485351685	177305511555330	177305485267831
177305507809081	177305528225642	177305507724341
177305520185851	177305544897987	177305520099914
177305537995591	177305561570851	177305537914706
177305558874185	177305578243664	177305558776997
177305568661633	177305594914548	177305568600591
177305590421008	177305611587257	177305590353404
177305611467049	177305628258247	177305611381112
177305615684706	177305644932309	177305615633976
177305635620851	177305661608924	177305635570643
177305658727362	177305678284600	177305658660435
177305686141528	177305711630174	177305686062258
177305701797049	177305728299288	177305701735435
177305721673508	177305744970747	177305721606893
177305741677831	177305761642726	177305741613716
177305748140591	177305778316736	177305748085278
177305776242466	177305794991580	177305776162778
177305782660331	177305811663091	177305782607258
177305822156424	177305845003611	177305822079081
177305840412101	177305861676372	177305840306633
177305858247935	177305878346632	177305858169341
177305870142414	177305895020070	177305870087258
177305899064758	177305928367361	177305898977570
177305917692466	177305945043143	177305917621216
177305943833560	177305961719549	177305943737518
177305948457570	177305978396528	177305948404966
177305974442935	177305995075226	177305974381008
177305988074705	177306011754340	177305988015799
177306005953820	177306028431528	177306005872049
177306036287830	177306061783819	177306036150643
177306053537518	177306078457205	177306053470435
177306071503247	177306095133716	177306071434758
177306083013872	177306111807726	177306082946476
177306105669497	177306128478663	177306105604914
177306118411164	177306145151632	177306118340122
177306148091841	177306178488090	177306147996476
177306165026268	177306195159549	177306156900539
177306181356268	177306211825277	177306172415382
177306198093976	177306228495955	177306192499393
177306214565539	177306245164548	177306200047101
177306231375278	177306261834600	177306218247205
177306247777830	177306278505538	177306237306424
177306264575122	177306295179028	177306258584341
177306284456268	177306311851944	177306284369862
177306303087622	177306328521788	177306303010643
177306330702830	177306361864548	177306330618976
177306348018664	177306378539444	177306335728143
177306364608716	177306395212517	177306358819966
177306381610434	177306411890954	177306372425591
177306397999289	177306428564132	177306382689705
177306414635070	177306445238039	177306413057518
177306431641372	177306461913350	177306430286424
177306447904966	177306478588872	177306439652101
177306464637362	177306495266424	177306456275539
177306481869393	177306511938038	177306468288559
177306498786789	177306528611476	177306483381684
177306514584080	177306545284549	177306499591684
177306531300591	177306561955902	177306529271164
177306547855955	177306578626996	177306532995122
177306584523924	177306611967100	177306584450226
177306603457986	177306628637466	177306603371528
177306626818664	177306645310902	177306626733716
177306636917466	177306661981476	177306636855591
177306653345591	177306678654080	177306653284757
177306674425174	177306695327257	177306674329236
177306683017361	177306712000798	177306682957309
177306701944705	177306728671059	177306701872049
177306718218872	177306745339913	177306718140747
177306748825486	177306778680174	177306748750070
177306764729497	177306795350070	177306757315538
177306781617726	177306812022933	177306778771632
177306798199809	177306828696007	177306782204341
177306814669080	177306845369965	177306804311163
177306831066997	177306862044392	177306823786788
177306847618663	177306878717673	177306837471268
177306864678924	177306895389705	177306858834236
177306881579445	177306912065173	177306878681580
177306898956111	177306928742517	177306884142518

=== poll 1790150606.208855022
16666666
177306998195018	177307028800538	177306993548768
177307014911840	177307045474549	177307005067518
177307031616997	177307062148247	177307019691111
177307048160486	177307078824132	177307037392674
177307064792778	177307095497517	177307053698768
177307081464184	177307112172413	177307068875590
177307099161320	177307128848142	177307089534913
177307115313663	177307145522205	177307099115695
177307131693611	177307162201163	177307125805070
177307148643403	177307178881111	177307143063768
177307164744809	177307195558714	177307148961476
177307181769184	177307212234287	177307176219497
177307198420017	177307228907309	177307193051684
177307214772257	177307245581058	177307199046997
177307231610330	177307262253871	177307221351632
177307248328455	177307278929184	177307235951840
177307264948403	177307295604288	177307253705434
177307281556215	177307312279861	177307270118976
177307299251267	177307328955434	177307298886372
177307321526580	177307345631111	177307321455642
177307353760330	177307378980069	177307353670226
177307368391580	177307395654236	177307368302986
177307399121111	177307429002256	177307399039705
177307428787101	177307445674288	177307428684861
177307436020226	177307462348038	177307435926424
177307452367830	177307479020330	177307452263038
177307466864132	177307495692256	177307466787882
177307487738611	177307512365485	177307487657986
177307504628194	177307529037933	177307504539340
177307518446267	177307545711319	177307518364444
177307550082622	177307579056788	177307549990434
177307579075903	177307595730538	177307578981892
177307588668767	177307612401788	177307588618559
177307609247778	177307629076579	177307609162517
177307623542726	177307645753454	177307623442517
177307633034861	177307662427986	177307632959236
177307665725851	177307695779444	177307665611996
177307681903611	177307712455902	177307671035955
177307699088246	177307729131110	177307684669705
177307715883090	177307745807308	177307714969288
177307731774653	177307762484548	177307723373246
177307748484965	177307779161580	177307743703767
177307765083611	177307795838923	177307753160955
177307781612517	177307812515746	177307775374340
177307798387153	177307829192673	177307786117778
177307815099392	177307845869548	177307803395278
177307832126944	177307862548298	177307827194653
177307848745173	177307879225381	177307833796736
177307865389913	177307895902569	177307853890746
177307881977673	177307912576475	177307874681423
177307899680330	177307929248506	177307899061423
177307925187257	177307945922308	177307925097621
177307946048455	177307962596943	177307945900746
177307949876528	177307979273037	177307949824601
177307968162361	177307995950902	177307968095590
177307989356528	177308012627621	177307989290694
177308008873976	177308029302413	177308008785173
177308018538351	177308045976476	177308018409548
177308035375069	177308062648975	177308035305017
177308059434548	177308079323871	177308059348090
177308076917569	177308095997777	177308076847621
177308083373819	177308112671318	177308083315746
177308112235694	177308129340434	177308112127569
177308125107882	177308146012881	177308125019288
177308132811215	177308162685902	177308132710278
177308162610434	177308179358194	177308162517465
177308167495434	177308196030641	177308167432830
177308191904653	177308212705485	177308191830121
177308210307361	177308229380433	177308210191163
177308232470434	177308262727464	177308232376892
177308252508767	177308279397048	177308252439132
177308280500538	177308312733454	177308280364600
177308299918975	177308329404131	177308285237569
177308315646736	177308346078923	177308303705955
177308332489392	177308362752934	177308317583819
177308350443871	177308379427204	177308350378142
177308365835590	177308396101267	177308364710277
177308381847048	177308412774756	177308374224184
177308398714340	177308429446892	177308391045277
177308415377986	177308446119339	177308403091371
177308432380330	177308462791162	177308432285382
177308452337465	177308479464444	177308452259652
177308474102048	177308496140173	177308473964392
177308482866423	177308512815225	177308482802882
177308505201892	177308529489339	177308505132309
177308538393819	177308562836110	177308538286319
177308553203715	177308579509548	177308553121371
177308579343350	177308596185590	177308579271788
177308593398038	177308612860850	177308593339288
177308603257204	177308629539131	177308603204548
177308625287882	177308646217204	177308625208038
177308638520798	177308662891527	177308638444965
177308661168142	177308679562829	177308661074079
177308668252465	177308696236163	177308668184340
177308690867100	177308712909704	177308690782829
177308702776892	177308729582569	177308702701267
177308745303142	177308762928975	177308745224444
177308754873767	177308779599444	177308754817517
177308769565954	177308796267621	177308769500954
177308784595173	177308812937829	177308784526475
177308807989131	177308829610538	177308807888350
177308817926006	177308846283454	177308817863871
177308835358090	177308862953193	177308835286423
177308871293611	177308896295902	177308871187777
177308884076788	177308912968767	177308883987413
177308905988402	177308929642621	177308905913559
177308924640694	177308946317724	177308924562621
177308935934027	177308962991527	177308935880069
177308960608663	177308979665589	177308960534861
177308977149288	177308996335381	177308977076683
177308992716631	177309013004808	177308992649548
177309010343194	177309029679756	177309010281579
177309028082725	177309046351892	177309027995225
177309039216631	177309063023297	177309039158350
177309059221579	177309079691631	177309059147933
177309071719600	177309096362308	177309071644496
177309093265225	177309113031318	177309093176111
177309100621631	177309129701474	177309100552986
177309132288923	177309163042620	177309132184183
177309151959496	177309179717204	177309151868298
177309177387881	177309196391318	177309177313194
177309193625433	177309213067308	177309193542465
177309211562048	177309229742048	177309211458558
177309221895850	177309246416371	177309221822725
177309236886163	177309263091996	177309236804652
177309256879913	177309279766527	177309256815225
177309284957413	9223372036854775807	177309284649496

=== poll 1790150608.558058667
16666666
177309468526423	177309496517047	177309468461787
177309487405433	177309513187828	177309487297829
177309503994860	177309529857985	177309503905069
177309516926162	177309546528871	177309516867308
177309536608402	177309563203714	177309536532777
177309562797100	177309579875693	177309562736944
177309568419235	177309596544027	177309568360069
177309586822569	177309613212569	177309586753142
177309604021579	177309629883766	177309603931214
177309622113194	177309646557360	177309622033714
177309636257725	177309663229496	177309636158558
177309653893194	177309679903766	177309653835329
177309672514392	177309696578662	177309672430173
177309686892673	177309713249079	177309686785069
177309701205277	177309729921006	177309701136162
177309723785642	177309746591943	177309723695329
177309737287673	177309763261318	177309737200381
177309751308350	177309779935641	177309751378506
177309773643871	177309796608506	177309773560694
177309792455694	177309813278923	177309792373819
177309801999756	177309829946527	177309801930173
177309817485641	177309846619130	177309817404339
177309837882881	177309863292100	177309837780641
177309857151475	177309879964235	177309856799444
177309871333298	177309896636683	177309871270069
177309885562204	177309913310328	177309885475694
177309904411319	177309929985693	177309904328141
177309922357204	177309946661006	177309922281006
177309943926266	177309963335224	177309943841266
177309956414027	177309980009548	177309956343819
177309968812673	177309996681995	177309968750537
177309987214444	177310013352307	177309987134235
177310001923714	177310030027099	177310001833454
177310021555693	177310046700850	177310021495746
177310036858454	177310063373349	177310036768193
177310055337464	177310080049183	177310055254860
177310072798662	177310096724183	177310072727621
177310090521631	177310113402515	177310090444704
177310104552516	177310130078870	177310104448454
177310135836527	177310163433350	177310135751475
177310149617777	177310180108453	177310141427048
177310166260902	177310196785432	177310162276839
177310182804391	177310213461370	177310168273714
177310199367568	177310230137516	177310187527204
177310216844027	177310246814495	177310202936266
177310233209860	177310263493297	177310223511318
177310249613089	177310280170849	177310244172568
177310266463558	177310296849078	177310259528454
177310283021162	177310313529651	177310269472985
177310299525016	177310330206214	177310287798454
177310315773662	177310346882880	177310301985329
177310338489652	177310363563401	177310338405798
177310352401058	177310380243141	177310352318193
177310374617100	177310396920640	177310374535016
177310387588975	177310413597516	177310387511006
177310401768923	177310430278245	177310401697620
177310416971370	177310446957204	177310416550016
177310448390173	177310480308401	177310448323923
177310466755016	177310496980015	177310454040537
177310483232204	177310513657568	177310468830485
177310499799443	177310530333140	177310488597985
177310516569704	177310547008193	177310505910850
177310533009600	177310563685015	177310517634339
177310549779079	177310580359026	177310539443870
177310566623922	177310597034391	177310557558506
177310583183662	177310613710693	177310571918037
177310599813402	177310630387932	177310587365068
177310617436058	177310647067515	177310614200693
177310633816475	177310663748036	177310621857933
177310649809547	177310680426265	177310641007516
177310666343610	177310697107151	177310653542100
177310683063766	177310713784391	177310678442308
177310699875954	177310730461109	177310686172829
177310722696735	177310747139495	177310722620433
177310740716631	177310763818402	177310740626579
177310752092360	177310780498609	177310752022724
177310767301839	177310797178974	177310767242933
177310796438193	177310813858558	177310796348714
177310801331891	177310830537828	177310801271631
177310830243766	177310847216214	177310830147724
177310836389912	177310863895276	177310836328349
177310864700849	177310897258506	177310864583818
177310883380224	177310913935641	177310868468193
177310900086162	177310930612204	177310886867881
177310916549651	177310947288453	177310902078454
177310933826995	177310963967880	177310933758922
177310949891162	177310980646161	177310941425120
177310966765901	177310997320276	177310958210485
177310983849079	177311013996630	177310982984808
177311000080172	177311030673140	177310986794391
177311017092412	177311047350797	177311001748349
177311035978193	177311064021734	177311035888818
177311050038454	177311080698245	177311042391006
177311066779443	177311097376265	177311059028506
177311083394964	177311114056474	177311075052620
177311100178297	177311130736786	177311090069964
177311116715433	177311147418870	177311101075381
177311135944391	177311164100380	177311135865068
177311150325276	177311180783400	177311143308349
177311167064599	177311197466213	177311166624443
177311186774183	177311214148036	177311186688453
177311215176578	177311247506266	177311215073974
177311234340485	177311264185068	177311218995485
177311250887412	177311280867255	177311236801162
177311266801631	177311297550380	177311254930381
177311283643662	177311314233297	177311277573662
177311300292776	177311330912412	177311286486787
177311316864860	177311347592098	177311309153141
177311333693401	177311364268974	177311332516891
177311350222724	177311380946421	177311337241110
177311367474651	177311397626942	177311351923818
177311388456891	177311414310328	177311388369755
177311404551162	177311430990120	177311404489964
177311423202776	177311447674338	177311423127308
177311437293505	177311464360484	177311437217412
177311451725380	177311481040588	177311451796110
177311484688818	177311514403609	177311484590953
177311500426214	177311531084598	177311490041058
177311517251787	177311547762671	177311511659026
177311533704183	177311564437724	177311518487151
177311550081474	177311581117985	177311537213818
177311567374651	177311597799494	177311552546057
177311583884235	177311614481369	177311577449287
177311600517360	177311631159182	177311588775745
177311617306995	177311647838922	177311608108245
177311634535120	177311664519390	177311627696214
177311651298766	9223372036854775807	177311639156839

=== poll 1790150610.942820072
16666666
177311684043922	177311714567671	177311671868141
177311700701787	177311731247203	177311694628453
177311717567412	177311747922046	177311717505068
177311738474443	177311764597672	177311738402932
177311759978349	177311781273088	177311759878922
177311771506370	177311797946890	177311771428297
177311798883662	177311831291161	177311798666578
177311817592984	177311847963505	177311804736474
177311834787724	177311864636630	177311827045380
177311851215016	177311881313244	177311838727880
177311867482151	177311897988297	177311858478505
177311883996162	177311914666109	177311879609755
177311900548505	177311931342150	177311886297880
177311917030276	177311948015380	177311904040537
177311933810641	177311964690848	177311927031266
177311950620276	177311981365900	177311936083609
177311967183193	177311998039495	177311953217359
177311984088714	177312014713192	177311972141422
177312000955849	177312031388349	177312000849234
177312023870745	177312048063557	177312023769443
177312037202672	177312064737307	177312037126318
177312057334391	177312081414026	177312057258661
177312082772359	177312114763557	177312082687776
177312101111161	177312131437984	177312086615380
177312117471786	177312148116526	177312104476422
177312134286682	177312164798973	177312127291422
177312150857828	177312181475536	177312137538505
177312167558870	177312198151995	177312154942099
177312183967984	177312214829182	177312176806995
177312200722047	177312231504390	177312196316370
177312217330172	177312248180067	177312200988349
177312233896734	177312264855432	177312231148193
177312250779078	177312281534599	177312235377203
177312268064911	177312298213817	177312261010016
177312284642932	177312314893713	177312274821526
177312300962776	177312331575015	177312293412984
177312317692724	177312348256265	177312305645224
177312334216318	177312364932984	177312318907307
177312350933609	177312381609703	177312338081474
177312367663922	177312398284755	177312352924859
177312384764078	177312414961682	177312381259755
177312401160172	177312431640692	177312387480953
177312417815120	177312448325067	177312407875068
177312434428193	177312465008140	177312423031318
177312451023505	177312481688088	177312437956161
177312468274755	177312498366838	177312453543765
177312484931890	177312515045067	177312474562515
177312500980120	177312531725848	177312490798036
177312517690276	177312548407619	177312511334338
177312534483140	177312565087983	177312518849495
177312551477515	177312581765379	177312535758193
177312567771422	177312598443452	177312555249859
177312584355224	177312615118452	177312569184963
177312601436630	177312631793557	177312590418661
177312618202724	177312648469858	177312607344963
177312634841682	177312665147775	177312618595328
177312651573922	177312681825744	177312649911942
177312668885536	177312698499859	177312668774911
177312695544182	177312715176629	177312695391317
177312708178922	177312731851056	177312708102151
177312718637307	177312748527567	177312718576213
177312741515224	177312765206786	177312741441057
177312767436057	177312798562879	177312767353453
177312784889599	177312815243661	177312771320172
177312801361734	177312831923765	177312796181734
177312818086213	177312848605484	177312806443922
177312834690692	177312865286994	177312824827307
177312851464807	177312881965015	177312838890588
177312870722776	177312898645223	177312870626474
177312892286942	177312915323817	177312892193869
177312919692203	177312948676369	177312919482672
177312939294078	177312965353921	177312939206161
177312957115328	177312982036369	177312957038817
177312978962255	177312998717567	177312978842099
177312985588244	177313015398297	177312985526682
177313005122828	177313032079337	177313005041422
177313019465744	177313048760171	177313019388661
177313039645172	177313065436369	177313039557151
177313057882099	177313082114754	177313057810640
177313070905067	177313098792358	177313070831994
177313094577359	177313115472202	177313094478557
177313104215380	177313132150171	177313104138609
177313130066526	177313148826473	177313129971213
177313137139911	177313165501733	177313137073140
177313171937776	177313198847879	177313171851734
177313185456161	177313215520900	177313185379911
177313201553713	177313232195483	177313195991630
177313222600953	177313248869702	177313222510901
177313237775744	177313265543504	177313237705953
177313260215640	177313282218192	177313260131786
177313272579911	177313298895431	177313272495692
177313301057515	177313332247358	177313300923348
177313319288609	177313348923608	177313304588661
177313336164859	177313365602671	177313335828348
177313351722203	177313382280223	177313341189026
177313368322255	177313398957618	177313356877255
177313385108765	177313415634963	177313372974911
177313403896890	177313432312202	177313403831213
177313426587671	177313448990223	177313426520276
177313444110744	177313465666786	177313444023036
177313463067515	177313482342880	177313462977046
177313482363088	177313499020015	177313482282619
177313487049390	177313515699025	177313486997723
177313512797723	177313532375743	177313512703400
177313528266369	177313549052150	177313528071578
177313545498036	177313565728920	177313545416578
177313571498921	177313599083139	177313571393400
177313667193453	177313699115275	177313667106005
177313685943505	177313715786525	177313673675119
177313702507880	177313732456837	177313692127203
177313719157619	177313749130014	177313706436578
177313749171890	177313765800431	177313749044338
177313758168192	177313782472410	177313758076786
177313770800796	177313799145483	177313770742411
177313791395171	177313815818087	177313791326577
177313807246838	177313832488504	177313807188869
177313823822255	177313849155847	177313823750796
177313838112775	177313865822723	177313838051421
177313863347202	177313882493764	177313863276473
177313881062723	177313899167359	177313880992150
177313895981265	177313915843400	177313895917411
177313905175484	177313932515587	177313905119025
177313923684338	177313949189910	177313923623817
177313946891369	177313965866108	177313946733713
177313961631421	177313982538713	177313961562775
177313979046734	177313999211681	177313978988244
177314014005536	9223372036854775807	177314013870900

=== poll 1790150613.292529759
16666666
177314105106942	177314132603556	177314105035744
177314121254494	177314149281421	177314121161786
177314143555327	177314165956993	177314143466161
177314152972984	177314182633556	177314152904598
177314176304234	177314199308243	177314176218244
177314196725744	177314215981890	177314196639181
177314208410484	177314232659701	177314208344963
177314225499963	177314249336994	177314225414702
177314240747202	177314266011264	177314240665744
177314259229442	177314282687514	177314259161786
177314295212567	177314316040275	177314295115640
177314305951369	177314332718191	177314305873817
177314329335015	177314349392462	177314329245015
177314339872879	177314366065014	177314339804859
177314361303036	177314382741629	177314361223088
177314381296421	177314399420119	177314381210588
177314387462098	177314416099024	177314387400588
177314410951942	177314432778191	177314410855796
177314420977983	177314449454337	177314420906733
177314450167619	177314482807462	177314450073192
177314468982671	177314499481577	177314456825275
177314487568713	177314516158555	177314487482098
177314505210900	177314532835848	177314505132463
177314530210536	177314549516160	177314530137046
177314539671265	177314566193712	177314539603504
177314558893973	177314582869493	177314558818973
177314572622098	177314599542410	177314572556733
177314589888088	177314616217670	177314589815640
177314608275015	177314632894129	177314608196629
177314632580900	177314649570326	177314632498400
177314636013869	177314666244077	177314635953400
177314674475379	177314699593295	177314674379285
177314696276890	177314716268348	177314696189077
177314715626056	177314732944806	177314715543400
177314719653088	177314749621160	177314719610379
177314743668296	177314766296837	177314743590379
177314765160744	177314782974389	177314764809338
177314771596369	177314799653868	177314771536838
177314800450796	177314833003295	177314800361681
177314819291317	177314849679441	177314805132306
177314835606369	177314866358295	177314820471577
177314852415431	177314883036733	177314840249337
177314869144390	177314899715691	177314860380067
177314885590327	177314916393817	177314884238608
177314902119390	177314933075744	177314894860275
177314918963244	177314949756733	177314910296525
177314935837254	177314966439702	177314921975692
177314953007150	177314983120118	177314945217671
177314969686056	177314999801629	177314955212827
177314986188817	177315016480587	177314979696265
177315002600119	177315033162670	177314987331942
177315021223817	177315049840535	177315021143296
177315039930744	177315066519650	177315039862046
177315061296369	177315083202879	177315061228452
177315077164910	177315099885795	177315076958087
177315100609910	177315133252983	177315100490171
177315119673973	177315149934285	177315105700275
177315136067619	177315166617461	177315120518139
177315153381212	177315183300535	177315140162879
177315169816629	177315199983139	177315163623035
177315185998296	177315216664128	177315174221317
177315202634077	177315233348139	177315189996525
177315219689077	177315250031941	177315212150327
177315236081108	177315266719649	177315228536264
177315252979962	177315283402982	177315241025848
177315269356837	177315300082878	177315261151577
177315286235171	177315316761733	177315276413816
177315302836108	177315333440170	177315291450171
177315319497827	177315350120795	177315311410848
177315336360223	177315366801993	177315333991056
177315353512671	177315383483764	177315340321316
177315370526785	177315400164441	177315370360223
177315390146369	177315416846316	177315389740587
177315417557462	177315450214493	177315417356421
177315436452202	177315466898816	177315422212671
177315452961681	177315483583087	177315440172827
177315469494494	177315500264024	177315456546629
177315486357827	177315516944128	177315477522671
177315503646577	177315533626160	177315503577098
177315527315796	177315550305170	177315527219233
177315540810743	177315566982878	177315540747150
177315555954910	177315583663816	177315555869754
177315571242046	177315600346004	177315571173921
177315589637618	177315617027462	177315589577931
177315607207150	177315633707409	177315607141212
177315629029910	177315650383348	177315628939025
177315639712358	177315667060795	177315639655118
177315658204702	177315683738191	177315658036421
177315675698035	177315700417462	177315675631993
177315690684493	177315717096629	177315690588348
177315711795014	177315733774650	177315711713868
177315724505014	177315750453556	177315724439545
177315743997150	177315767132149	177315743881108
177315756285379	177315783811004	177315756207618
177315775196889	177315800485379	177315774874337
177315790423608	177315817158920	177315790365535
177315811793087	177315833831785	177315811710014
177315824162254	177315850505587	177315824084545
177315840448920	177315867179285	177315840375275
177315856326473	177315883851368	177315856254493
177315877038400	177315900526160	177315876941316
177315895965014	177315917201628	177315895875535
177315905130743	177315933877931	177315905062410
177315938240379	177315967226004	177315938162722
177315953498868	177315983899910	177315945584337
177315969868816	177316000568347	177315963749650
177315986836525	177316017241263	177315984316368
177316003936004	177316033912930	177315988154181
177316020114910	177316050584701	177316004992097
177316036690743	177316067254232	177316026764285
177316055874754	177316083927669	177316055790952
177316075559806	177316100604544	177316075429493
177316098105431	177316117282253	177316098029702
177316113150431	177316133960014	177316113056004
177316126615639	177316150639910	177316126547514
177316144501941	177316167317253	177316144327514
177316155369962	177316183991524	177316155119702
177316175325952	177316200663035	177316175267202
177316205261577	177316234010118	177316205185899
177316226188972	177316250684702	177316226102358
177316242484337	177316267359649	177316242399493
177316261295639	177316284035430	177316261215952
177316277759233	177316300714649	177316277481889
177316291995274	177316317393764	177316291922462
177316305889077	177316334071836	177316305818139
177316322738295	177316350750326	177316322678920
177316347147410	177316367428503	177316347077358

=== poll 1790150615.649844966
16666666
177316553441212	177316584189389	177316540497358
177316593039233	177316617540117	177316592960326
177316612593660	177316634216471	177316612505066
177316637199753	177316667560639	177316637082618
177316654647566	177316684234909	177316640055899
177316670924024	177316700906992	177316662117722
177316687037097	177316717580169	177316675275795
177316703508712	177316734252774	177316696872722
177316720354441	177316750926107	177316710632670
177316737038972	177316767602253	177316724679649
177316753599285	177316784277201	177316745608556
177316770359389	177316800953660	177316756762410
177316786931160	177316817629440	177316783679285
177316803726003	177316834304493	177316789803816
177316820548920	177316850977149	177316816523660
177316837534597	177316867648242	177316821794024
177316854236264	177316884319857	177316845970951
177316870328660	177316900991159	177316856535326
177316887102826	177316917663815	177316876799024
177316903780378	177316934337148	177316890611628
177316920325430	177316951012149	177316905241472
177316937250326	177316967688659	177316932688660
177316953836733	177316984365430	177316949701576
177316970336628	177317001040743	177316956163295
177316987125430	177317017718711	177316974594597
177317003753139	177317034399023	177316991444285
177317020547670	177317051075638	177317010522670
177317036965170	177317067750066	177317023380222
177317054637253	177317084426002	177317041538503
177317070877878	177317101102461	177317055497618
177317087033764	177317117778294	177317075532357
177317103826837	177317134453555	177317097784076
177317120402878	177317151131003	177317114698868
177317137322670	177317167809440	177317122927410
177317153950118	177317184489076	177317140351628
177317170565847	177317201171836	177317156091003
177317187058503	177317217851993	177317175692826
177317204013712	177317234532773	177317187867357
177317220743087	177317251209544	177317207121993
177317237295899	177317267886576	177317221731576
177317254394076	177317284560795	177317244571159
177317271159128	177317301235534	177317261551576
177317287284389	177317317911993	177317280844232
177317306275951	177317334587722	177317306193191
177317324487670	177317351262252	177317324414962
177317346101264	177317367937096	177317346019857
177317355356732	177317384613295	177317355289024
177317381439597	177317401287200	177317381361784
177317395737566	177317417959023	177317395659441
177317405522462	177317434633294	177317405456316
177317434927930	177317451306888	177317434853295
177317446209805	177317467981731	177317446149284
177317467257514	177317484654388	177317467176784
177317471460691	177317501327044	177317471011264
177317500597253	177317518000325	177317500496368
177317506197878	177317534679128	177317506134545
177317525619545	177317551357045	177317525530639
177317545350743	177317568032201	177317545260586
177317554535586	177317584708711	177317554476680
177317577029649	177317601387617	177317576965951
177317594349284	177317618065117	177317594259649
177317621108920	177317651411888	177317620995951
177317637770326	177317668088451	177317626152357
177317654818607	177317684763398	177317654710691
177317681930534	177317701441836	177317681725534
177317698483555	177317718116732	177317698397357
177317709757097	177317734790482	177317709668659
177317728793191	177317751466315	177317728722201
177317746769441	177317768140898	177317746695378
177317765498295	177317784816107	177317765410430
177317778019076	177317801489596	177317777956524
177317809182982	177317834840377	177317809085013
177317824879441	177317851514961	177317824790118
177317847476211	177317868189805	177317847342670
177317863012982	177317884863711	177317862937409
177317875289076	177317901543398	177317875210066
177317896191055	177317918219701	177317896116784
177317907689128	177317934895638	177317907614180
177317932214232	177317951573295	177317931966055
177317939391003	177317968248711	177317939324180
177317956219336	177317984923086	177317956146940
177317974737201	177318001600169	177317974655013
177318002293138	177318034948034	177318002199076
177318021195326	177318051623555	177318008148920
177318037697670	177318068297044	177318024839336
177318054519857	177318084973763	177318047915274
177318071789336	177318101651836	177318064252722
177318088296732	177318118330013	177318076109180
177318104401263	177318135004700	177318096380013
177318121359388	177318151679648	177318114644701
177318137636107	177318168354283	177318121922930
177318154534180	177318185028607	177318148091680
177318171148034	177318201702773	177318163307201
177318187821784	177318218377201	177318175306055
177318209360482	177318235050482	177318209269128
177318221485274	177318251723399	177318215856003
177318238003972	177318268399961	177318223526107
177318254219961	177318285073138	177318246988451
177318271074440	177318301750117	177318260153659
177318288384857	177318318425533	177318280952461
177318305390899	177318335100117	177318297288503
177318321897253	177318351773555	177318313187670
177318337792565	177318368448346	177318327024961
177318354219909	177318385124232	177318345298451
177318371293347	177318401799752	177318367907930
177318388048867	177318418472357	177318382523347
177318404860169	177318435147252	177318390784961
177318421230326	177318451823033	177318407483034
177318437784180	177318468497721	177318426110013
177318454573242	177318485170534	177318443919544
177318471345482	177318501844701	177318460445586
177318488623919	177318518519440	177318475764597
177318504944857	177318535191888	177318490536524
177318521283815	177318551864753	177318517130274
177318537988451	177318568537825	177318534397565
177318554554544	177318585210638	177318541492513
177318571262149	177318601884492	177318561974753
177318588031315	177318618558867	177318580928607
177318604612409	177318635233450	177318590717565
177318621215534	177318651904492	177318607870951
177318637861315	177318668581523	177318625357357
177318654260013	177318685259440	177318645568919
177318671199076	177318701934960	177318659965274
177318688163294	177318718608398	177318675156680
177318705489388	177318735283763	177318693329232
177318721881940	177318751958189	177318711015534
177318738141003	9223372036854775807	177318729680221

=== poll 1790150618.022220538
16666666
177318888125065	177318918671783	177318883708138
177318904923398	177318935343450	177318891673138
177318922017096	177318952013034	177318905533815
177318938602982	177318968682877	177318930832826
177318962432461	177318985354388	177318962343815
177318974347773	177319002029491	177318974240534
177318992063346	177319018702773	177318991964544
177319015504232	177319035376627	177319015409961
177319025322096	177319052051054	177319025248607
177319050272200	177319068721940	177319050182409
177319063546836	177319085395013	177319063475898
177319091377982	177319118746314	177319091301211
177319108547461	177319135420482	177319108405950
177319125942565	177319152094440	177319125869180
177319139776888	177319168766940	177319139697409
177319156233138	177319185441262	177319156158607
177319177806784	177319202115846	177319177729284
177319195303815	177319218791002	177319195231055
177319205366159	177319235467096	177319205297773
177319232074700	177319252142460	177319231988034
177319247315377	177319268818346	177319247244544
177319268101159	177319285496002	177319268031836
177319275156888	177319302171835	177319275084752
177319304819127	177319335519127	177319304719752
177319324877461	177319352194700	177319324802877
177319341733034	177319368874387	177319341660273
177319360470898	177319385549075	177319360388242
177319374822409	177319402225794	177319374730325
177319395658919	177319418902564	177319395592982
177319423552565	177319452250794	177319423441836
177319438783398	177319468927720	177319434628294
177319455073607	177319485607617	177319438981732
177319477163659	177319502285793	177319476898086
177319490133346	177319518960273	177319490051940
177319512468659	177319535632721	177319512384284
177319540936836	177319568980846	177319540831263
177319560141836	177319585659700	177319560053398
177319576504648	177319602338138	177319576443450
177319594584336	177319619015793	177319594514440
177319612398711	177319635692043	177319612332669
177319629582096	177319652372252	177319629506106
177319640259336	177319669048970	177319640191940
177319662312461	177319685725793	177319662236106
177319690993711	177319719078346	177319690892044
177319709961627	177319735750742	177319709862877
177319737197200	177319769100897	177319737002148
177319755269179	177319785776626	177319742529388
177319772343242	177319802454439	177319765607513
177319789109804	177319819131106	177319775113086
177319805086315	177319835808397	177319795190586
177319821870325	177319852490793	177319809029961
177319838640690	177319869173450	177319825023971
177319855716315	177319885851470	177319840566159
177319871933867	177319902525794	177319865046263
177319888572513	177319919200585	177319877531263
177319905680429	177319935879335	177319896328242
177319926157877	177319952556679	177319926062669
177319945693190	177319969230689	177319945628138
177319965624336	177319985904022	177319965552565
177319981085117	177320002577720	177319980998398
177319991404856	177320019254231	177319991331471
177320022124388	177320052607147	177320022045377
177320039016471	177320069281991	177320027747721
177320055665325	177320085956158	177320048075846
177320071981783	177320102632408	177320059943554
177320088775794	177320119311418	177320075685638
177320105459908	177320135989595	177320089781575
177320122483763	177320152666939	177320122354127
177320138772565	177320169342929	177320128223815
177320155334804	177320186016731	177320141126835
177320172194804	177320202694127	177320160606679
177320189498294	177320219369543	177320182247981
177320205967669	177320236047304	177320197914075
177320222115950	177320252724960	177320209826002
177320239365794	177320269401783	177320239265481
177320255624127	177320286079439	177320247402044
177320272048346	177320302757043	177320259946367
177320288988398	177320319435169	177320287360742
177320305742981	177320336112200	177320292811002
177320322178815	177320352787720	177320306431262
177320338821992	177320369462564	177320333072721
177320355586106	177320386137929	177320341709127
177320372103242	177320402814126	177320356151887
177320388919804	177320419490584	177320385085742
177320406145533	177320436168397	177320390653085
177320422835429	177320452841887	177320410740065
177320438858971	177320469514127	177320434343346
177320455497721	177320486187720	177320447800221
177320472323085	177320502860428	177320456351992
177320489083398	177320519531886	177320478389179
177320506027825	177320536202043	177320500903137
177320522453502	177320552871992	177320508225689
177320538938814	177320569540272	177320525603919
177320555679544	177320586210064	177320547624648
177320572414804	177320602881418	177320571088971
177320588784387	177320619555741	177320574419387
177320605582200	177320636228033	177320590391106
177320623309856	177320652903345	177320610996523
177320639377200	177320669574231	177320628276367
177320655969648	177320686247095	177320643046783
177320672343346	177320702915220	177320668908450
177320689180481	177320719583709	177320677537669
177320705641054	177320736256001	177320697798867
177320722406002	177320752929126	177320711306627
177320739203033	177320769605116	177320726650012
177320755500846	177320786278918	177320739935064
177320772367773	177320802951001	177320763282200
177320789142460	177320819622616	177320783760116
177320805777825	177320836296470	177320794258502
177320822997408	177320852969543	177320815510846
177320839536002	177320869641679	177320825075064
177320855709387	177320886314699	177320848703658
177320872457200	177320902988553	177320862468710
177320889127773	177320919658605	177320886115898
177320905678450	177320936330272	177320890017148
177320922506002	177320953004387	177320917074283
177320939103971	177320969678605	177320933383866
177320955664700	177320986352564	177320940036887
177320972430377	177321003028084	177320962718502
177320989909908	177321019703658	177320989767356
177321010877877	177321036378501	177321010802043
177321032189700	177321053051053	177321032097929
177321041783085	177321069725949	177321041612981
177321059334127	177321086402564	177321059273085
177321080208085	177321103080064	177321080142929
177321100306002	177321119751939	177321100217616
177321111121002	9223372036854775807	177321111015950

=== poll 1790150620.384630069
16666666
177321255524439	177321286506002	177321240404179
177321272570533	177321303181626	177321260116731
177321289335741	177321319857616	177321275592668
177321306028710	177321336531209	177321297258658
177321322595481	177321353208501	177321313157668
177321339523710	177321369885064	177321332418450
177321355940168	177321386558813	177321339844908
177321372704908	177321403233761	177321360872460
177321389212147	177321419904803	177321375317616
177321405984387	177321436580533	177321401746627
177321423333450	177321453257251	177321410340637
177321444299804	177321469932355	177321444237043
177321460540637	177321486607876	177321460452043
177321487705637	177321519955272	177321487589908
177321506273918	177321536632720	177321492751575
177321522546991	177321553309074	177321516813397
177321539416366	177321569984855	177321524691991
177321556598241	177321586660636	177321556531366
177321572976054	177321603332772	177321572819752
177321589245168	177321620006001	177321578167200
177321606454647	177321636678970	177321598848554
177321623819439	177321653356887	177321618450585
177321640078241	177321670034439	177321636336835
177321656051210	177321686713240	177321641344647
177321672789231	177321703388344	177321667534335
177321689657668	177321720068241	177321684224491
177321706201887	177321736746001	177321690914804
177321722941054	177321753424803	177321710734074
177321739522772	177321770099646	177321731772043
177321756102772	177321786770845	177321750698762
177321772925168	177321803448449	177321759646002
177321790752252	177321820128658	177321778047824
177321806814699	177321836812043	177321800365116
177321823410585	177321853493501	177321810537095
177321840212043	177321870173709	177321833090220
177321856581626	177321886855896	177321856176314
177321875427929	177321903535011	177321875358137
177321893529960	177321920213813	177321893449699
177321910538085	177321936892199	177321910462981
177321937261626	177321953569386	177321937172929
177321946714699	177321970247720	177321946649960
177321970934856	177321986927251	177321970844960
177321974485481	177322003604230	177321974436001
177322002172199	177322020281001	177322002101679
177322015004804	177322036956730	177322014935637
177322036963345	177322053630428	177322036652043
177322043482408	177322070309595	177322043409751
177322063167147	177322086986991	177322063097199
177322076129178	177322103666209	177322076048033
177322101818553	177322120347251	177322101737147
177322107770272	177322137030167	177322107708710
177322130882928	177322153706835	177322130787824
177322140673189	177322170382719	177322140599283
177322174169439	177322203734699	177322174080481
177322190011106	177322220413553	177322179880168
177322206664960	177322237092251	177322203305897
177322223250637	177322253771314	177322208347095
177322239898606	177322270451209	177322228564647
177322257115428	177322287130949	177322245091887
177322274033918	177322303810428	177322271285637
177322289811574	177322320489022	177322278311522
177322306443449	177322337170064	177322294938241
177322323251470	177322353848345	177322316471105
177322339913605	177322370527042	177322326766678
177322356687043	177322387205793	177322347196470
177322373510376	177322403888188	177322361795220
177322390437355	177322420569542	177322377962720
177322406762980	177322437247303	177322396503085
177322423448189	177322453924125	177322410672928
177322439966626	177322470599542	177322435725324
177322457427512	177322487276469	177322440737928
177322483129387	177322503956209	177322483044855
177322507017720	177322537315219	177322506794282
177322523601730	177322553995272	177322512023710
177322540039335	177322570671782	177322528437668
177322556816522	177322587351886	177322544246678
177322573799282	177322604030480	177322563447043
177322590362824	177322620707198	177322577273553
177322606888501	177322637381261	177322590287355
177322649940532	177322670726887	177322649812407
177322661748970	177322687405637	177322661696730
177322682542772	177322704084491	177322682462668
177322698851105	177322720761886	177322698771626
177322709614699	177322737437459	177322709545272
177322741152251	177322770799334	177322741052043
177322762487303	177322787483761	177322762400845
177322807229855	177322837514907	177322807138501
177322823785897	177322854191365	177322817731522
177322840524647	177322870867980	177322832142720
177322857108605	177322887543917	177322848046105
177322873856678	177322904225532	177322860179491
177322891316157	177322920906209	177322882335741
177322907341626	177322937585324	177322895022199
177322923659803	177322954263605	177322918944074
177322940377095	177322970942459	177322925548189
177322957006782	177322987619229	177322945241001
177322973895897	177323004296469	177322963552355
177322990565168	177323020973084	177322976732459
177323007016366	177323037649074	177323003316418
177323023912928	177323054326261	177323009196157
177323040697043	177323071001313	177323026561678
177323057238345	177323087678656	177323047937043
177323073912251	177323104355375	177323062026105
177323091907511	177323121031938	177323091828657
177323110488345	177323137707303	177323110407720
177323139098657	177323171059698	177323138992928
177323157570220	177323187736260	177323144472043
177323173868241	177323204408293	177323157884022
177323190550949	177323221083084	177323178748918
177323207150376	177323237758396	177323194918293
177323223852095	177323254433657	177323216693449
177323240625428	177323271109750	177323233340480
177323257125688	177323287784073	177323255255949
177323274206522	177323304459022	177323259882563
177323290592980	177323321136105	177323276693084
177323308119022	177323337815636	177323299395636
177323323971261	177323354493865	177323315178188
177323340534386	177323371173292	177323324845324
177323360412563	177323387852563	177323360730688
177323374033970	177323404531678	177323371032355
177323390429647	177323421208813	177323376537355
177323407052251	177323437887980	177323396139022
177323423861418	177323454567147	177323412310376
177323440585897	177323471250115	177323430132459
177323457140845	177323487930115	177323446386157
177323474031261	177323504609594	177323472671001
177323490605063	9223372036854775807	177323477614803

=== poll 1790150622.782065641
16666666
177323691000115	177323721446834	177323685769022
177323707798761	177323738123813	177323696341470
177323724269751	177323754801990	177323712120949
177323741527980	177323771480271	177323725292199
177323758415845	177323788157198	177323747535532
177323774586261	177323804834594	177323772156157
177323791002667	177323821510636	177323777356053
177323807556938	177323838191001	177323795869542
177323824529699	177323854868188	177323821133969
177323840982407	177323871546782	177323824551261
177323857603917	177323888221417	177323849768605
177323874589490	177323904899230	177323866949855
177323891080688	177323921577406	177323878200740
177323907642094	177323938257302	177323897227199
177323924385011	177323954938812	177323911836417
177323941609542	177323971621053	177323933690688
177323958089907	177323988301469	177323944715324
177323974315792	177324004981677	177323967652459
177323991859178	177324021659854	177323991764542
177324007680219	177324038341521	177323995822980
177324024253657	177324055023344	177324010434438
177324042761834	177324071705687	177324042588292
177324057653813	177324088383604	177324048391626
177324074442511	177324105062354	177324069484959
177324091195063	177324121739386	177324079881365
177324108021209	177324138415688	177324102852407
177324124628396	177324155089750	177324108527667
177324141985636	177324171762667	177324137446001
177324158486886	177324188436990	177324155780740
177324174354803	177324205112979	177324159420167
177324191142980	177324221792562	177324180802563
177324211647980	177324238468969	177324211555115
177324230673188	177324255141052	177324230553188
177324252918761	177324271818552	177324252843917
177324273030948	177324305175688	177324272944698
177324291433657	177324321854906	177324275909490
177324307944126	177324338534542	177324292250271
177324324884542	177324355212823	177324319679907
177324341692251	177324371890792	177324326094021
177324358633136	177324388570271	177324345323344
177324374602042	177324405251208	177324366649386
177324391278292	177324421932354	177324390165844
177324407970376	177324438612615	177324394950532
177324424680740	177324455292614	177324417601678
177324448852771	177324471972250	177324448761886
177324464424178	177324488651677	177324464344907
177324478819334	177324505329854	177324478748344
177324505390636	177324522004385	177324505291365
177324510556261	177324538679386	177324510494959
177324537051938	177324555350791	177324536953865
177324559697198	177324588699698	177324559612615
177324577735323	177324605367875	177324577666313
177324596139125	177324622034229	177324596018553
177324615399542	177324638704125	177324615287875
177324630285584	177324655377094	177324630187355
177324658181417	177324688719072	177324657941000
177324675003448	177324705387510	177324663107719
177324691704490	177324722059073	177324682715011
177324708324907	177324738730115	177324695393396
177324725149021	177324755404281	177324721834646
177324741429907	177324772077718	177324727737875
177324758280740	177324788752979	177324744910115
177324775894542	177324805428708	177324761459438
177324792031313	177324822103500	177324775853084
177324808339542	177324838779489	177324794859490
177324824944907	177324855453448	177324817040011
177324841692511	177324872129490	177324840061938
177324858195636	177324888807823	177324844341886
177324874814646	177324905481937	177324862005740
177324891496313	177324922158864	177324881768552
177324908282979	177324938833187	177324905692823
177324924837146	177324955506416	177324914350844
177324941513761	177324972181937	177324932020532
177324958228917	177324988855115	177324950541573
177324974824229	177325005529594	177324960057250
177324992329490	177325022202406	177324990123188
177325008778448	177325038874489	177325001396625
177325025307094	177325055546260	177325024115167
177325042300844	177325072220010	177325028178084
177325058655167	177325088892042	177325057394907
177325074998084	177325105564437	177325060873969
177325091630636	177325122236572	177325079901469
177325108273344	177325138909697	177325102321938
177325125203240	177325155582718	177325124116052
177325141696938	177325172256468	177325130488656
177325158508969	177325188930375	177325146902875
177325174929594	177325205606573	177325167600011
177325192623917	177325222282198	177325187054959
177325209074646	177325238958240	177325195459386
177325225004021	177325255631312	177325213075844
177325241704750	177325272305270	177325231148448
177325258303761	177325288976781	177325245062823
177325278266469	177325305650323	177325278193344
177325291958084	177325322322197	177325283533761
177325308507927	177325338999854	177325295879073
177325325114281	177325355677093	177325314140011
177325341872042	177325372351260	177325331346313
177325358521886	177325389026572	177325346121833
177325375147406	177325405701416	177325368106521
177325392826573	177325422374333	177325379960792
177325408994802	177325439048761	177325395932146
177325425296990	177325455721728	177325410945896
177325442578552	177325472396469	177325442508448
177325458538031	177325489071156	177325447710479
177325475167354	177325505748552	177325465383761
177325491825583	177325522427146	177325482307146
177325508645740	177325539104072	177325501575636
177325525271469	177325555780895	177325519181156
177325541881833	177325572456521	177325530152771
177325560126781	177325589129594	177325560048344
177325580138292	177325605803447	177325579984854
177325602671417	177325622477875	177325602443552
177325619158448	177325639147249	177325619075219
177325631009854	177325655817666	177325630944542
177325646641938	177325672487875	177325646550427
177325670213031	177325689160166	177325670113656
177325680274542	177325705835062	177325680198083
177325697096052	177325722506260	177325697034438
177325713154177	177325739178656	177325713091521
177325735965583	177325755853447	177325735855010
177325747083604	177325772527198	177325747001521
177325767111677	177325789201781	177325767039854
177325780839906	177325805876103	177325780755896
177325807238344	177325839226625	177325807157875
177325825995427	177325855898969	177325810988448
177325842031208	177325872569281	177325839343292
177325858380792	177325889240583	177325842548344

=== poll 1790150625.156102150
16666666
177326042500896	177326072643395	177326042424854
177326058911469	177326089318707	177326048691677
177326075609333	177326105994541	177326070691573
177326092408708	177326122668812	177326080271469
177326108925271	177326139342614	177326097340635
177326125421729	177326156018395	177326113181573
177326142415167	177326172696468	177326138979073
177326158859073	177326189371624	177326143950583
177326175309958	177326206046155	177326160370271
177326192033500	177326222719228	177326179980687
177326208900531	177326239395635	177326196181729
177326226203396	177326256068499	177326218031052
177326242598500	177326272742770	177326230714333
177326258996781	177326289418968	177326258322666
177326275442562	177326306095270	177326265767458
177326292118291	177326322770479	177326282413239
177326308981208	177326339444124	177326300831677
177326325792094	177326356117146	177326310062406
177326342143083	177326372792875	177326326804854
177326366790844	177326389466260	177326366718448
177326388077354	177326406137249	177326387989229
177326393446989	177326422809489	177326393390219
177326413115948	177326439479802	177326412912979
177326438396937	177326456150635	177326438302354
177326445214229	177326472822874	177326445152510
177326472512093	177326489496885	177326472275010
177326478028812	177326506171780	177326477970531
177326494670739	177326522850322	177326494601989
177326516832771	177326539527249	177326516763083
177326538347666	177326556202354	177326538207823
177326544099333	177326572877926	177326544034021
177326562920323	177326589554698	177326562704698
177326584225375	177326606234489	177326584138291
177326597512510	177326622913135	177326597419177
177326616534229	177326639588864	177326616450062
177326632664750	177326656264593	177326632372718
177326655218448	177326672936364	177326655114645
177326660799489	177326689612874	177326660734489
177326688405687	177326706289749	177326688306156
177326694874854	177326722967770	177326694805479
177326720331573	177326739648031	177326720244906
177326735265583	177326756328083	177326735184073
177326749210479	177326773004124	177326749143031
177326783221260	177326806363812	177326783138812
177326799189177	177326823041832	177326798954437
177326824896989	177326856398655	177326824786468
177326842535375	177326873077249	177326831046781
177326859765062	177326889754593	177326844663239
177326876342354	177326906430894	177326862499750
177326892717770	177326923108968	177326891604750
177326909135010	177326939787145	177326897939541
177326925810322	177326956466520	177326913762510
177326942414750	177326973149281	177326929728239
177326959062302	177326989828499	177326951675218
177326976211052	177327006509697	177326974934802
177326992539958	177327023189697	177326980310427
177327009179802	177327039868134	177326995543239
177327025915062	177327056546884	177327017633083
177327042646208	177327073225009	177327032528083
177327063569072	177327089902145	177327063475218
177327086914437	177327106578134	177327086803552
177327095106729	177327123254437	177327095041052
177327115661572	177327139929124	177327115591416
177327140348343	177327156605218	177327140236208
177327145211208	177327173283290	177327145143239
177327179262666	177327206634385	177327179185010
177327192848499	177327223310947	177327186709229
177327209533395	177327239989176	177327201075687
177327226073968	177327256664488	177327217887666
177327242888187	177327273340270	177327238884177
177327260179697	177327290014905	177327246246416
177327276664958	177327306688916	177327268205531
177327292732718	177327323363707	177327282623187
177327309631885	177327340036103	177327305819593
177327325992093	177327356707509	177327310086260
177327342928395	177327373379020	177327332602093
177327359488239	177327390056103	177327351326104
177327376169281	177327406730478	177327360601937
177327392778499	177327423406363	177327385531572
177327409411416	177327440081780	177327395394072
177327426171156	177327456761207	177327425457301
177327442935426	177327473441260	177327441939697
177327460168760	177327490115686	177327451713760
177327480306364	177327506791051	177327480205114
177327504446937	177327523470113	177327504344385
177327511010270	177327540150478	177327510946833
177327535849281	177327556828135	177327535755999
177327548407197	177327573505530	177327548338135
177327565811208	177327590180165	177327565719645
177327580102197	177327606855217	177327579993135
177327608928031	177327640208811	177327608797510
177327626248708	177327656883603	177327614419906
177327646987926	177327673559801	177327646905583
177327664252718	177327690235374	177327664179853
177327680222666	177327706910635	177327680129281
177327713084176	177327740263707	177327713009489
177327740998708	177327773617665	177327740908864
177327759865322	177327790293499	177327744801260
177327776261676	177327806970894	177327769158916
177327793050426	177327823648030	177327781088083
177327809984749	177327840321676	177327804020999
177327827062093	177327856995999	177327824255426
177327843246624	177327873669800	177327836950843
177327859643291	177327890344280	177327845200478
177327876343760	177327907019123	177327872614228
177327893765635	177327923693812	177327887635010
177327910749697	177327940367197	177327910615010
177327930276468	177327957038915	177327930188343
177327957135478	177327973717248	177327957054176
177327962361572	177327990398030	177327962309749
177327986022718	177328007074592	177327985932041
177327998508395	177328023750946	177327998430635
177328010071416	177328040427041	177328010011937
177328036145478	177328057102874	177328036077145
177328052267249	177328073778342	177328052184228
177328060121937	177328090452821	177328060000947
177328081088812	177328107127093	177328081003030
177328103264541	177328123803759	177328103184072
177328114582353	177328140483395	177328114517926
177328135408916	177328157160374	177328135322770
177328148601364	177328173836467	177328148540166
177328166623134	177328190515374	177328166548759
177328177739020	177328207190634	177328177668655
177328206549853	177328223870999	177328206470843
177328217694176	177328240549956	177328217599124
177328229091676	177328257228498	177328229024645
177328248708551	9223372036854775807	177328248623864

=== poll 1790150627.560708399
16666666
177328353775114	177328373973916	177328353691312
177328364965426	177328390653915	177328364907770
177328388320686	177328407334280	177328388233239
177328406643030	177328424017822	177328406560009
177328413107301	177328440701207	177328412997405
177328435055166	177328457382457	177328434971989
177328450813291	177328474066051	177328450733291
177328473102197	177328490748863	177328473024176
177328488275582	177328507429280	177328488191572
177328498182561	177328524110166	177328498098551
177328517849697	177328540794228	177328517752249
177328527709332	177328557480478	177328527646259
177328553423551	177328574167144	177328553233030
177328561915530	177328590850009	177328561855947
177328588203291	177328607533915	177328588108968
177328596626416	177328624213759	177328596556832
177328624578238	177328640891416	177328624503811
177328632471416	177328657572404	177328632396520
177328653305478	177328674253968	177328653223030
177328666783759	177328690934540	177328666706936
177328684236832	177328707615582	177328684140895
177328709486103	177328740975843	177328709390374
177328727755426	177328757654071	177328713168291
177328744148447	177328774330894	177328732144801
177328760542041	177328791006051	177328759341832
177328777040738	177328807681051	177328765926051
177328794032093	177328824357456	177328782727405
177328818280895	177328841031363	177328818153238
177328827171363	177328857708551	177328821040218
177328843693811	177328874382040	177328832290738
177328870583551	177328891055581	177328870520947
177328884603811	177328907733446	177328884522822
177328915244176	177328941088082	177328915124697
177328927783290	177328957765634	177328927713759
177328948629280	177328974445738	177328948535843
177328962385530	177328991122665	177328962312353
177328989059957	177329007798133	177328988973811
177329003706988	177329024473134	177329003630322
177329030248342	177329057827405	177329030144436
177329058159592	177329074498342	177329058055947
177329062994020	177329091170009	177329062927301
177329082255530	177329107847665	177329082182874
177329100859384	177329124527873	177329100786259
177329116916103	177329141207248	177329116844801
177329130422509	177329157891519	177329130347197
177329145029124	177329174573394	177329144957145
177329161855634	177329191249852	177329161566103
177329181893342	177329207926363	177329181790478
177329202809957	177329224603342	177329202727822
177329219423551	177329241284905	177329219337978
177329235520947	177329257963707	177329235440947
177329250421832	177329274645269	177329250330842
177329262144801	177329291325061	177329262070686
177329297338967	177329324689435	177329297197405
177329319364019	177329341370842	177329319281780
177329340864749	177329358053602	177329340786103
177329345964540	177329374733863	177329345908551
177329364162457	177329391411363	177329364080478
177329382387561	177329408087092	177329382322353
177329401735790	177329424763915	177329401598447
177329423145842	177329441440946	177329423079280
177329429491832	177329458119644	177329429426155
177329463930530	177329491475165	177329463825165
177329480999384	177329508156259	177329481075738
177329513649540	177329541514487	177329513568186
177329529642040	177329558191571	177329529556051
177329563783082	177329591543446	177329563684436
177329587021519	177329608221467	177329586916103
177329599062457	177329624902665	177329598984749
177329625266571	177329641583081	177329625183551
177329633996103	177329658263394	177329633922144
177329653494228	177329674948759	177329653418811
177329670194019	177329691631727	177329670103342
177329686719384	177329708312821	177329686625217
177329714629748	177329741678185	177329714468967
177329733543498	177329758362144	177329733455165
177329758337040	177329775045008	177329758241051
177329763951988	177329791726987	177329763902248
177329783230217	177329808409331	177329783134332
177329795300686	177329825090686	177329795236363
177329819777040	177329841772404	177329819692873
177329832153134	177329858458967	177329832077717
177329863866571	177329891823238	177329863696571
177329892918238	177329925194175	177329892794592
177329911488134	177329941878342	177329902742353
177329927863446	177329958562143	177329912597353
177329944491571	177329975245061	177329932281207
177329961248030	177329991927404	177329949798394
177329978756311	177330008609852	177329965235373
177329995112405	177330025292092	177329988672509
177330011334280	177330041973967	177329997296050
177330028107665	177330058656987	177330013187196
177330044906884	177330075339175	177330033382092
177330061320530	177330092017039	177330048086832
177330078124019	177330108696258	177330067385634
177330094921050	177330125375790	177330090341728
177330112046780	177330142058497	177330099093290
177330128323030	177330158737925	177330113177925
177330144818498	177330175414071	177330130915634
177330161430061	177330192090164	177330149934540
177330179097977	177330208766415	177330173113655
177330195257977	177330225446935	177330184964852
177330213029019	177330242128029	177330212920425
177330228318759	177330258809644	177330223040530
177330244834644	177330275491570	177330231991102
177330261507925	177330292170946	177330247868602
177330278285009	177330308849332	177330263241675
177330295068030	177330325528289	177330289906363
177330312432665	177330342209488	177330312362873
177330332462300	177330358890633	177330332380113
177330355866311	177330375570060	177330355778186
177330362818863	177330392249852	177330362757509
177330394170269	177330425609123	177330394094384
177330412224488	177330442287039	177330399711102
177330428473915	177330458965946	177330423591467
177330445028134	177330475645894	177330432092717
177330461588550	177330492327300	177330455292561
177330478379123	177330509009956	177330466586050
177330495037509	177330525689956	177330486890634
177330511980946	177330542369591	177330503792821
177330528302821	177330559048706	177330513542977
177330545193082	177330575729591	177330534493082
177330561937717	177330592409852	177330552615581
177330579030998	177330609088862	177330563671102
177330595455425	177330625764383	177330582405998
177330611872821	177330642441049	177330611702977
177330628423186	9223372036854775807	177330620715686

=== poll 1790150629.952584648
16666666
177330128323030	177330158737925	177330113177925
177330144818498	177330175414071	177330130915634
177330161430061	177330192090164	177330149934540
177330179097977	177330208766415	177330173113655
177330195257977	177330225446935	177330184964852
177330213029019	177330242128029	177330212920425
177330228318759	177330258809644	177330223040530
177330244834644	177330275491570	177330231991102
177330261507925	177330292170946	177330247868602
177330278285009	177330308849332	177330263241675
177330295068030	177330325528289	177330289906363
177330312432665	177330342209488	177330312362873
177330332462300	177330358890633	177330332380113
177330355866311	177330375570060	177330355778186
177330362818863	177330392249852	177330362757509
177330394170269	177330425609123	177330394094384
177330412224488	177330442287039	177330399711102
177330428473915	177330458965946	177330423591467
177330445028134	177330475645894	177330432092717
177330461588550	177330492327300	177330455292561
177330478379123	177330509009956	177330466586050
177330495037509	177330525689956	177330486890634
177330511980946	177330542369591	177330503792821
177330528302821	177330559048706	177330513542977
177330545193082	177330575729591	177330534493082
177330561937717	177330592409852	177330552615581
177330579030998	177330609088862	177330563671102
177330595455425	177330625764383	177330582405998
177330611872821	177330642441049	177330611702977
177330628423186	177330659118186	177330620715686
177330651469331	177330675795216	177330651369644
177330663812404	177330692470633	177330663741727
177330682099852	177330709145061	177330682013498
177330722852144	177330742491935	177330722758134
177330738894956	177330759164018	177330738826102
177330761543081	177330792515320	177330761456154
177330778911936	177330809188081	177330767072456
177330795717144	177330825861570	177330784782144
177330812572925	177330842533601	177330797356623
177330831839748	177330859209748	177330831760373
177330868654904	177330892561622	177330868556311
177330881925842	177330909240008	177330881859800
177330902170008	177330925919331	177330902093290
177330917126519	177330942599279	177330917042404
177330938998498	177330959278133	177330938925373
177330949017508	177330975959330	177330948955008
177330964966883	177330992634227	177330964891727
177330979885581	177331009310425	177330979815790
177331009573446	177331025988133	177331009473238
177331014002665	177331042664799	177331013932925
177331061052769	177331092695164	177331060966206
177331078933185	177331109375060	177331066290998
177331095469331	177331126056206	177331083609331
177331112562925	177331142738810	177331111865842
177331128787873	177331159419695	177331115599383
177331145468185	177331176100737	177331132137040
177331164885685	177331192780581	177331164829592
177331188403290	177331209462300	177331188324279
177331210644696	177331242826206	177331210509123
177331230242352	177331259503341	177331215673342
177331246260321	177331276179487	177331240110425
177331262207456	177331292857560	177331247851831
177331289195894	177331309537820	177331289115373
177331305546571	177331326216778	177331305456258
177331316792352	177331342895425	177331316721623
177331346232144	177331376253446	177331346131154
177331362952821	177331392933706	177331362877925
177331392306415	177331409615268	177331392121987
177331404709487	177331426296310	177331404643394
177331417387456	177331442981987	177331417320946
177331433056154	177331459667403	177331432962039
177331451174852	177331476350893	177331451090789
177331472331467	177331493032560	177331472261779
177331488634592	177331509713237	177331488531623
177331514773185	177331543075841	177331514690737
177331531834435	177331559757039	177331531739696
177331551956258	177331576438185	177331551881727
177331571774696	177331593120580	177331571710737
177331583217196	177331609805789	177331583112092
177331599915737	177331626487924	177331599837925
177331613459904	177331643170476	177331613381154
177331631502144	177331659853393	177331631433706
177331651309227	177331676537299	177331651217456
177331671532925	177331693222403	177331671437612
177331707008341	177331726591778	177331706898446
177331715687716	177331743273028	177331715625894
177331736908185	177331759953914	177331736819071
177331761617248	177331793313550	177331761532456
177331779375008	177331809998237	177331765531466
177331796214696	177331826681258	177331787477196
177331817330581	177331843365894	177331817246362
177331831130685	177331860049330	177331831022300
177331856035008	177331876734903	177331855908550
177331877713758	177331910103550	177331877615060
177331896393758	177331926782508	177331881398446
177331912811727	177331943461883	177331901942716
177331929787821	177331960140372	177331916708237
177331946135581	177331976817560	177331941630164
177331962915164	177331993496414	177331950926935
177331979527456	177332010175529	177331972420373
177331996565789	177332026855529	177331983368966
177332012935946	177332043535789	177332002575946
177332029551050	177332060218028	177332015028237
177332047062196	177332076902039	177332037112977
177332065694591	177332093581517	177332065596623
177332084698133	177332110259747	177332084626258
177332099153706	177332126938549	177332099084695
177332127399331	177332143623654	177332127296727
177332136044018	177332160306310	177332135943706
177332151498445	177332176990216	177332151429800
177332177930581	177332210345372	177332177847143
177332196874800	177332227021154	177332181139800
177332213155841	177332243696466	177332209387560
177332229685841	177332260374539	177332215525945
177332246925581	177332277049851	177332246516154
177332288798654	177332310401518	177332288660737
177332321546518	177332343762872	177332321441102
177332330625997	177332360442611	177332330557612
177332355437716	177332377122247	177332355305008
177332365967664	177332393801882	177332365845268
177332383771779	177332410482195	177332383711518
177332403789331	177332427160945	177332403684175
177332421232195	177332443838549	177332421136102
177332439256466	177332460518132	177332439152820
177332450258341	177332477192715	177332450193914
177332470022195	177332493868341	177332469924643
177332480160737	177332510545633	177332480098497

=== poll 1790150632.213647408
16666666
177330128323030	177330158737925	177330113177925
177330144818498	177330175414071	177330130915634
177330161430061	177330192090164	177330149934540
177330179097977	177330208766415	177330173113655
177330195257977	177330225446935	177330184964852
177330213029019	177330242128029	177330212920425
177330228318759	177330258809644	177330223040530
177330244834644	177330275491570	177330231991102
177330261507925	177330292170946	177330247868602
177330278285009	177330308849332	177330263241675
177330295068030	177330325528289	177330289906363
177330312432665	177330342209488	177330312362873
177330332462300	177330358890633	177330332380113
177330355866311	177330375570060	177330355778186
177330362818863	177330392249852	177330362757509
177330394170269	177330425609123	177330394094384
177330412224488	177330442287039	177330399711102
177330428473915	177330458965946	177330423591467
177330445028134	177330475645894	177330432092717
177330461588550	177330492327300	177330455292561
177330478379123	177330509009956	177330466586050
177330495037509	177330525689956	177330486890634
177330511980946	177330542369591	177330503792821
177330528302821	177330559048706	177330513542977
177330545193082	177330575729591	177330534493082
177330561937717	177330592409852	177330552615581
177330579030998	177330609088862	177330563671102
177330595455425	177330625764383	177330582405998
177330611872821	177330642441049	177330611702977
177330628423186	177330659118186	177330620715686
177330651469331	177330675795216	177330651369644
177330663812404	177330692470633	177330663741727
177330682099852	177330709145061	177330682013498
177330722852144	177330742491935	177330722758134
177330738894956	177330759164018	177330738826102
177330761543081	177330792515320	177330761456154
177330778911936	177330809188081	177330767072456
177330795717144	177330825861570	177330784782144
177330812572925	177330842533601	177330797356623
177330831839748	177330859209748	177330831760373
177330868654904	177330892561622	177330868556311
177330881925842	177330909240008	177330881859800
177330902170008	177330925919331	177330902093290
177330917126519	177330942599279	177330917042404
177330938998498	177330959278133	177330938925373
177330949017508	177330975959330	177330948955008
177330964966883	177330992634227	177330964891727
177330979885581	177331009310425	177330979815790
177331009573446	177331025988133	177331009473238
177331014002665	177331042664799	177331013932925
177331061052769	177331092695164	177331060966206
177331078933185	177331109375060	177331066290998
177331095469331	177331126056206	177331083609331
177331112562925	177331142738810	177331111865842
177331128787873	177331159419695	177331115599383
177331145468185	177331176100737	177331132137040
177331164885685	177331192780581	177331164829592
177331188403290	177331209462300	177331188324279
177331210644696	177331242826206	177331210509123
177331230242352	177331259503341	177331215673342
177331246260321	177331276179487	177331240110425
177331262207456	177331292857560	177331247851831
177331289195894	177331309537820	177331289115373
177331305546571	177331326216778	177331305456258
177331316792352	177331342895425	177331316721623
177331346232144	177331376253446	177331346131154
177331362952821	177331392933706	177331362877925
177331392306415	177331409615268	177331392121987
177331404709487	177331426296310	177331404643394
177331417387456	177331442981987	177331417320946
177331433056154	177331459667403	177331432962039
177331451174852	177331476350893	177331451090789
177331472331467	177331493032560	177331472261779
177331488634592	177331509713237	177331488531623
177331514773185	177331543075841	177331514690737
177331531834435	177331559757039	177331531739696
177331551956258	177331576438185	177331551881727
177331571774696	177331593120580	177331571710737
177331583217196	177331609805789	177331583112092
177331599915737	177331626487924	177331599837925
177331613459904	177331643170476	177331613381154
177331631502144	177331659853393	177331631433706
177331651309227	177331676537299	177331651217456
177331671532925	177331693222403	177331671437612
177331707008341	177331726591778	177331706898446
177331715687716	177331743273028	177331715625894
177331736908185	177331759953914	177331736819071
177331761617248	177331793313550	177331761532456
177331779375008	177331809998237	177331765531466
177331796214696	177331826681258	177331787477196
177331817330581	177331843365894	177331817246362
177331831130685	177331860049330	177331831022300
177331856035008	177331876734903	177331855908550
177331877713758	177331910103550	177331877615060
177331896393758	177331926782508	177331881398446
177331912811727	177331943461883	177331901942716
177331929787821	177331960140372	177331916708237
177331946135581	177331976817560	177331941630164
177331962915164	177331993496414	177331950926935
177331979527456	177332010175529	177331972420373
177331996565789	177332026855529	177331983368966
177332012935946	177332043535789	177332002575946
177332029551050	177332060218028	177332015028237
177332047062196	177332076902039	177332037112977
177332065694591	177332093581517	177332065596623
177332084698133	177332110259747	177332084626258
177332099153706	177332126938549	177332099084695
177332127399331	177332143623654	177332127296727
177332136044018	177332160306310	177332135943706
177332151498445	177332176990216	177332151429800
177332177930581	177332210345372	177332177847143
177332196874800	177332227021154	177332181139800
177332213155841	177332243696466	177332209387560
177332229685841	177332260374539	177332215525945
177332246925581	177332277049851	177332246516154
177332288798654	177332310401518	177332288660737
177332321546518	177332343762872	177332321441102
177332330625997	177332360442611	177332330557612
177332355437716	177332377122247	177332355305008
177332365967664	177332393801882	177332365845268
177332383771779	177332410482195	177332383711518
177332403789331	177332427160945	177332403684175
177332421232195	177332443838549	177332421136102
177332439256466	177332460518132	177332439152820
177332450258341	177332477192715	177332450193914
177332470022195	177332493868341	177332469924643
177332480160737	177332510545633	177332480098497

=== poll 1790150634.591002511
16666666
177330128323030	177330158737925	177330113177925
177330144818498	177330175414071	177330130915634
177330161430061	177330192090164	177330149934540
177330179097977	177330208766415	177330173113655
177330195257977	177330225446935	177330184964852
177330213029019	177330242128029	177330212920425
177330228318759	177330258809644	177330223040530
177330244834644	177330275491570	177330231991102
177330261507925	177330292170946	177330247868602
177330278285009	177330308849332	177330263241675
177330295068030	177330325528289	177330289906363
177330312432665	177330342209488	177330312362873
177330332462300	177330358890633	177330332380113
177330355866311	177330375570060	177330355778186
177330362818863	177330392249852	177330362757509
177330394170269	177330425609123	177330394094384
177330412224488	177330442287039	177330399711102
177330428473915	177330458965946	177330423591467
177330445028134	177330475645894	177330432092717
177330461588550	177330492327300	177330455292561
177330478379123	177330509009956	177330466586050
177330495037509	177330525689956	177330486890634
177330511980946	177330542369591	177330503792821
177330528302821	177330559048706	177330513542977
177330545193082	177330575729591	177330534493082
177330561937717	177330592409852	177330552615581
177330579030998	177330609088862	177330563671102
177330595455425	177330625764383	177330582405998
177330611872821	177330642441049	177330611702977
177330628423186	177330659118186	177330620715686
177330651469331	177330675795216	177330651369644
177330663812404	177330692470633	177330663741727
177330682099852	177330709145061	177330682013498
177330722852144	177330742491935	177330722758134
177330738894956	177330759164018	177330738826102
177330761543081	177330792515320	177330761456154
177330778911936	177330809188081	177330767072456
177330795717144	177330825861570	177330784782144
177330812572925	177330842533601	177330797356623
177330831839748	177330859209748	177330831760373
177330868654904	177330892561622	177330868556311
177330881925842	177330909240008	177330881859800
177330902170008	177330925919331	177330902093290
177330917126519	177330942599279	177330917042404
177330938998498	177330959278133	177330938925373
177330949017508	177330975959330	177330948955008
177330964966883	177330992634227	177330964891727
177330979885581	177331009310425	177330979815790
177331009573446	177331025988133	177331009473238
177331014002665	177331042664799	177331013932925
177331061052769	177331092695164	177331060966206
177331078933185	177331109375060	177331066290998
177331095469331	177331126056206	177331083609331
177331112562925	177331142738810	177331111865842
177331128787873	177331159419695	177331115599383
177331145468185	177331176100737	177331132137040
177331164885685	177331192780581	177331164829592
177331188403290	177331209462300	177331188324279
177331210644696	177331242826206	177331210509123
177331230242352	177331259503341	177331215673342
177331246260321	177331276179487	177331240110425
177331262207456	177331292857560	177331247851831
177331289195894	177331309537820	177331289115373
177331305546571	177331326216778	177331305456258
177331316792352	177331342895425	177331316721623
177331346232144	177331376253446	177331346131154
177331362952821	177331392933706	177331362877925
177331392306415	177331409615268	177331392121987
177331404709487	177331426296310	177331404643394
177331417387456	177331442981987	177331417320946
177331433056154	177331459667403	177331432962039
177331451174852	177331476350893	177331451090789
177331472331467	177331493032560	177331472261779
177331488634592	177331509713237	177331488531623
177331514773185	177331543075841	177331514690737
177331531834435	177331559757039	177331531739696
177331551956258	177331576438185	177331551881727
177331571774696	177331593120580	177331571710737
177331583217196	177331609805789	177331583112092
177331599915737	177331626487924	177331599837925
177331613459904	177331643170476	177331613381154
177331631502144	177331659853393	177331631433706
177331651309227	177331676537299	177331651217456
177331671532925	177331693222403	177331671437612
177331707008341	177331726591778	177331706898446
177331715687716	177331743273028	177331715625894
177331736908185	177331759953914	177331736819071
177331761617248	177331793313550	177331761532456
177331779375008	177331809998237	177331765531466
177331796214696	177331826681258	177331787477196
177331817330581	177331843365894	177331817246362
177331831130685	177331860049330	177331831022300
177331856035008	177331876734903	177331855908550
177331877713758	177331910103550	177331877615060
177331896393758	177331926782508	177331881398446
177331912811727	177331943461883	177331901942716
177331929787821	177331960140372	177331916708237
177331946135581	177331976817560	177331941630164
177331962915164	177331993496414	177331950926935
177331979527456	177332010175529	177331972420373
177331996565789	177332026855529	177331983368966
177332012935946	177332043535789	177332002575946
177332029551050	177332060218028	177332015028237
177332047062196	177332076902039	177332037112977
177332065694591	177332093581517	177332065596623
177332084698133	177332110259747	177332084626258
177332099153706	177332126938549	177332099084695
177332127399331	177332143623654	177332127296727
177332136044018	177332160306310	177332135943706
177332151498445	177332176990216	177332151429800
177332177930581	177332210345372	177332177847143
177332196874800	177332227021154	177332181139800
177332213155841	177332243696466	177332209387560
177332229685841	177332260374539	177332215525945
177332246925581	177332277049851	177332246516154
177332288798654	177332310401518	177332288660737
177332321546518	177332343762872	177332321441102
177332330625997	177332360442611	177332330557612
177332355437716	177332377122247	177332355305008
177332365967664	177332393801882	177332365845268
177332383771779	177332410482195	177332383711518
177332403789331	177332427160945	177332403684175
177332421232195	177332443838549	177332421136102
177332439256466	177332460518132	177332439152820
177332450258341	177332477192715	177332450193914
177332470022195	177332493868341	177332469924643
177332480160737	177332510545633	177332480098497

=== poll 1790150636.846063291
16666666
177330128323030	177330158737925	177330113177925
177330144818498	177330175414071	177330130915634
177330161430061	177330192090164	177330149934540
177330179097977	177330208766415	177330173113655
177330195257977	177330225446935	177330184964852
177330213029019	177330242128029	177330212920425
177330228318759	177330258809644	177330223040530
177330244834644	177330275491570	177330231991102
177330261507925	177330292170946	177330247868602
177330278285009	177330308849332	177330263241675
177330295068030	177330325528289	177330289906363
177330312432665	177330342209488	177330312362873
177330332462300	177330358890633	177330332380113
177330355866311	177330375570060	177330355778186
177330362818863	177330392249852	177330362757509
177330394170269	177330425609123	177330394094384
177330412224488	177330442287039	177330399711102
177330428473915	177330458965946	177330423591467
177330445028134	177330475645894	177330432092717
177330461588550	177330492327300	177330455292561
177330478379123	177330509009956	177330466586050
177330495037509	177330525689956	177330486890634
177330511980946	177330542369591	177330503792821
177330528302821	177330559048706	177330513542977
177330545193082	177330575729591	177330534493082
177330561937717	177330592409852	177330552615581
177330579030998	177330609088862	177330563671102
177330595455425	177330625764383	177330582405998
177330611872821	177330642441049	177330611702977
177330628423186	177330659118186	177330620715686
177330651469331	177330675795216	177330651369644
177330663812404	177330692470633	177330663741727
177330682099852	177330709145061	177330682013498
177330722852144	177330742491935	177330722758134
177330738894956	177330759164018	177330738826102
177330761543081	177330792515320	177330761456154
177330778911936	177330809188081	177330767072456
177330795717144	177330825861570	177330784782144
177330812572925	177330842533601	177330797356623
177330831839748	177330859209748	177330831760373
177330868654904	177330892561622	177330868556311
177330881925842	177330909240008	177330881859800
177330902170008	177330925919331	177330902093290
177330917126519	177330942599279	177330917042404
177330938998498	177330959278133	177330938925373
177330949017508	177330975959330	177330948955008
177330964966883	177330992634227	177330964891727
177330979885581	177331009310425	177330979815790
177331009573446	177331025988133	177331009473238
177331014002665	177331042664799	177331013932925
177331061052769	177331092695164	177331060966206
177331078933185	177331109375060	177331066290998
177331095469331	177331126056206	177331083609331
177331112562925	177331142738810	177331111865842
177331128787873	177331159419695	177331115599383
177331145468185	177331176100737	177331132137040
177331164885685	177331192780581	177331164829592
177331188403290	177331209462300	177331188324279
177331210644696	177331242826206	177331210509123
177331230242352	177331259503341	177331215673342
177331246260321	177331276179487	177331240110425
177331262207456	177331292857560	177331247851831
177331289195894	177331309537820	177331289115373
177331305546571	177331326216778	177331305456258
177331316792352	177331342895425	177331316721623
177331346232144	177331376253446	177331346131154
177331362952821	177331392933706	177331362877925
177331392306415	177331409615268	177331392121987
177331404709487	177331426296310	177331404643394
177331417387456	177331442981987	177331417320946
177331433056154	177331459667403	177331432962039
177331451174852	177331476350893	177331451090789
177331472331467	177331493032560	177331472261779
177331488634592	177331509713237	177331488531623
177331514773185	177331543075841	177331514690737
177331531834435	177331559757039	177331531739696
177331551956258	177331576438185	177331551881727
177331571774696	177331593120580	177331571710737
177331583217196	177331609805789	177331583112092
177331599915737	177331626487924	177331599837925
177331613459904	177331643170476	177331613381154
177331631502144	177331659853393	177331631433706
177331651309227	177331676537299	177331651217456
177331671532925	177331693222403	177331671437612
177331707008341	177331726591778	177331706898446
177331715687716	177331743273028	177331715625894
177331736908185	177331759953914	177331736819071
177331761617248	177331793313550	177331761532456
177331779375008	177331809998237	177331765531466
177331796214696	177331826681258	177331787477196
177331817330581	177331843365894	177331817246362
177331831130685	177331860049330	177331831022300
177331856035008	177331876734903	177331855908550
177331877713758	177331910103550	177331877615060
177331896393758	177331926782508	177331881398446
177331912811727	177331943461883	177331901942716
177331929787821	177331960140372	177331916708237
177331946135581	177331976817560	177331941630164
177331962915164	177331993496414	177331950926935
177331979527456	177332010175529	177331972420373
177331996565789	177332026855529	177331983368966
177332012935946	177332043535789	177332002575946
177332029551050	177332060218028	177332015028237
177332047062196	177332076902039	177332037112977
177332065694591	177332093581517	177332065596623
177332084698133	177332110259747	177332084626258
177332099153706	177332126938549	177332099084695
177332127399331	177332143623654	177332127296727
177332136044018	177332160306310	177332135943706
177332151498445	177332176990216	177332151429800
177332177930581	177332210345372	177332177847143
177332196874800	177332227021154	177332181139800
177332213155841	177332243696466	177332209387560
177332229685841	177332260374539	177332215525945
177332246925581	177332277049851	177332246516154
177332288798654	177332310401518	177332288660737
177332321546518	177332343762872	177332321441102
177332330625997	177332360442611	177332330557612
177332355437716	177332377122247	177332355305008
177332365967664	177332393801882	177332365845268
177332383771779	177332410482195	177332383711518
177332403789331	177332427160945	177332403684175
177332421232195	177332443838549	177332421136102
177332439256466	177332460518132	177332439152820
177332450258341	177332477192715	177332450193914
177332470022195	177332493868341	177332469924643
177332480160737	177332510545633	177332480098497

=== poll 1790150639.125191572
16666666
177330128323030	177330158737925	177330113177925
177330144818498	177330175414071	177330130915634
177330161430061	177330192090164	177330149934540
177330179097977	177330208766415	177330173113655
177330195257977	177330225446935	177330184964852
177330213029019	177330242128029	177330212920425
177330228318759	177330258809644	177330223040530
177330244834644	177330275491570	177330231991102
177330261507925	177330292170946	177330247868602
177330278285009	177330308849332	177330263241675
177330295068030	177330325528289	177330289906363
177330312432665	177330342209488	177330312362873
177330332462300	177330358890633	177330332380113
177330355866311	177330375570060	177330355778186
177330362818863	177330392249852	177330362757509
177330394170269	177330425609123	177330394094384
177330412224488	177330442287039	177330399711102
177330428473915	177330458965946	177330423591467
177330445028134	177330475645894	177330432092717
177330461588550	177330492327300	177330455292561
177330478379123	177330509009956	177330466586050
177330495037509	177330525689956	177330486890634
177330511980946	177330542369591	177330503792821
177330528302821	177330559048706	177330513542977
177330545193082	177330575729591	177330534493082
177330561937717	177330592409852	177330552615581
177330579030998	177330609088862	177330563671102
177330595455425	177330625764383	177330582405998
177330611872821	177330642441049	177330611702977
177330628423186	177330659118186	177330620715686
177330651469331	177330675795216	177330651369644
177330663812404	177330692470633	177330663741727
177330682099852	177330709145061	177330682013498
177330722852144	177330742491935	177330722758134
177330738894956	177330759164018	177330738826102
177330761543081	177330792515320	177330761456154
177330778911936	177330809188081	177330767072456
177330795717144	177330825861570	177330784782144
177330812572925	177330842533601	177330797356623
177330831839748	177330859209748	177330831760373
177330868654904	177330892561622	177330868556311
177330881925842	177330909240008	177330881859800
177330902170008	177330925919331	177330902093290
177330917126519	177330942599279	177330917042404
177330938998498	177330959278133	177330938925373
177330949017508	177330975959330	177330948955008
177330964966883	177330992634227	177330964891727
177330979885581	177331009310425	177330979815790
177331009573446	177331025988133	177331009473238
177331014002665	177331042664799	177331013932925
177331061052769	177331092695164	177331060966206
177331078933185	177331109375060	177331066290998
177331095469331	177331126056206	177331083609331
177331112562925	177331142738810	177331111865842
177331128787873	177331159419695	177331115599383
177331145468185	177331176100737	177331132137040
177331164885685	177331192780581	177331164829592
177331188403290	177331209462300	177331188324279
177331210644696	177331242826206	177331210509123
177331230242352	177331259503341	177331215673342
177331246260321	177331276179487	177331240110425
177331262207456	177331292857560	177331247851831
177331289195894	177331309537820	177331289115373
177331305546571	177331326216778	177331305456258
177331316792352	177331342895425	177331316721623
177331346232144	177331376253446	177331346131154
177331362952821	177331392933706	177331362877925
177331392306415	177331409615268	177331392121987
177331404709487	177331426296310	177331404643394
177331417387456	177331442981987	177331417320946
177331433056154	177331459667403	177331432962039
177331451174852	177331476350893	177331451090789
177331472331467	177331493032560	177331472261779
177331488634592	177331509713237	177331488531623
177331514773185	177331543075841	177331514690737
177331531834435	177331559757039	177331531739696
177331551956258	177331576438185	177331551881727
177331571774696	177331593120580	177331571710737
177331583217196	177331609805789	177331583112092
177331599915737	177331626487924	177331599837925
177331613459904	177331643170476	177331613381154
177331631502144	177331659853393	177331631433706
177331651309227	177331676537299	177331651217456
177331671532925	177331693222403	177331671437612
177331707008341	177331726591778	177331706898446
177331715687716	177331743273028	177331715625894
177331736908185	177331759953914	177331736819071
177331761617248	177331793313550	177331761532456
177331779375008	177331809998237	177331765531466
177331796214696	177331826681258	177331787477196
177331817330581	177331843365894	177331817246362
177331831130685	177331860049330	177331831022300
177331856035008	177331876734903	177331855908550
177331877713758	177331910103550	177331877615060
177331896393758	177331926782508	177331881398446
177331912811727	177331943461883	177331901942716
177331929787821	177331960140372	177331916708237
177331946135581	177331976817560	177331941630164
177331962915164	177331993496414	177331950926935
177331979527456	177332010175529	177331972420373
177331996565789	177332026855529	177331983368966
177332012935946	177332043535789	177332002575946
177332029551050	177332060218028	177332015028237
177332047062196	177332076902039	177332037112977
177332065694591	177332093581517	177332065596623
177332084698133	177332110259747	177332084626258
177332099153706	177332126938549	177332099084695
177332127399331	177332143623654	177332127296727
177332136044018	177332160306310	177332135943706
177332151498445	177332176990216	177332151429800
177332177930581	177332210345372	177332177847143
177332196874800	177332227021154	177332181139800
177332213155841	177332243696466	177332209387560
177332229685841	177332260374539	177332215525945
177332246925581	177332277049851	177332246516154
177332288798654	177332310401518	177332288660737
177332321546518	177332343762872	177332321441102
177332330625997	177332360442611	177332330557612
177332355437716	177332377122247	177332355305008
177332365967664	177332393801882	177332365845268
177332383771779	177332410482195	177332383711518
177332403789331	177332427160945	177332403684175
177332421232195	177332443838549	177332421136102
177332439256466	177332460518132	177332439152820
177332450258341	177332477192715	177332450193914
177332470022195	177332493868341	177332469924643
177332480160737	177332510545633	177332480098497

=== poll 1790150641.485173810
16666666
177330295068030	177330325528289	177330289906363
177330312432665	177330342209488	177330312362873
177330332462300	177330358890633	177330332380113
177330355866311	177330375570060	177330355778186
177330362818863	177330392249852	177330362757509
177330394170269	177330425609123	177330394094384
177330412224488	177330442287039	177330399711102
177330428473915	177330458965946	177330423591467
177330445028134	177330475645894	177330432092717
177330461588550	177330492327300	177330455292561
177330478379123	177330509009956	177330466586050
177330495037509	177330525689956	177330486890634
177330511980946	177330542369591	177330503792821
177330528302821	177330559048706	177330513542977
177330545193082	177330575729591	177330534493082
177330561937717	177330592409852	177330552615581
177330579030998	177330609088862	177330563671102
177330595455425	177330625764383	177330582405998
177330611872821	177330642441049	177330611702977
177330628423186	177330659118186	177330620715686
177330651469331	177330675795216	177330651369644
177330663812404	177330692470633	177330663741727
177330682099852	177330709145061	177330682013498
177330722852144	177330742491935	177330722758134
177330738894956	177330759164018	177330738826102
177330761543081	177330792515320	177330761456154
177330778911936	177330809188081	177330767072456
177330795717144	177330825861570	177330784782144
177330812572925	177330842533601	177330797356623
177330831839748	177330859209748	177330831760373
177330868654904	177330892561622	177330868556311
177330881925842	177330909240008	177330881859800
177330902170008	177330925919331	177330902093290
177330917126519	177330942599279	177330917042404
177330938998498	177330959278133	177330938925373
177330949017508	177330975959330	177330948955008
177330964966883	177330992634227	177330964891727
177330979885581	177331009310425	177330979815790
177331009573446	177331025988133	177331009473238
177331014002665	177331042664799	177331013932925
177331061052769	177331092695164	177331060966206
177331078933185	177331109375060	177331066290998
177331095469331	177331126056206	177331083609331
177331112562925	177331142738810	177331111865842
177331128787873	177331159419695	177331115599383
177331145468185	177331176100737	177331132137040
177331164885685	177331192780581	177331164829592
177331188403290	177331209462300	177331188324279
177331210644696	177331242826206	177331210509123
177331230242352	177331259503341	177331215673342
177331246260321	177331276179487	177331240110425
177331262207456	177331292857560	177331247851831
177331289195894	177331309537820	177331289115373
177331305546571	177331326216778	177331305456258
177331316792352	177331342895425	177331316721623
177331346232144	177331376253446	177331346131154
177331362952821	177331392933706	177331362877925
177331392306415	177331409615268	177331392121987
177331404709487	177331426296310	177331404643394
177331417387456	177331442981987	177331417320946
177331433056154	177331459667403	177331432962039
177331451174852	177331476350893	177331451090789
177331472331467	177331493032560	177331472261779
177331488634592	177331509713237	177331488531623
177331514773185	177331543075841	177331514690737
177331531834435	177331559757039	177331531739696
177331551956258	177331576438185	177331551881727
177331571774696	177331593120580	177331571710737
177331583217196	177331609805789	177331583112092
177331599915737	177331626487924	177331599837925
177331613459904	177331643170476	177331613381154
177331631502144	177331659853393	177331631433706
177331651309227	177331676537299	177331651217456
177331671532925	177331693222403	177331671437612
177331707008341	177331726591778	177331706898446
177331715687716	177331743273028	177331715625894
177331736908185	177331759953914	177331736819071
177331761617248	177331793313550	177331761532456
177331779375008	177331809998237	177331765531466
177331796214696	177331826681258	177331787477196
177331817330581	177331843365894	177331817246362
177331831130685	177331860049330	177331831022300
177331856035008	177331876734903	177331855908550
177331877713758	177331910103550	177331877615060
177331896393758	177331926782508	177331881398446
177331912811727	177331943461883	177331901942716
177331929787821	177331960140372	177331916708237
177331946135581	177331976817560	177331941630164
177331962915164	177331993496414	177331950926935
177331979527456	177332010175529	177331972420373
177331996565789	177332026855529	177331983368966
177332012935946	177332043535789	177332002575946
177332029551050	177332060218028	177332015028237
177332047062196	177332076902039	177332037112977
177332065694591	177332093581517	177332065596623
177332084698133	177332110259747	177332084626258
177332099153706	177332126938549	177332099084695
177332127399331	177332143623654	177332127296727
177332136044018	177332160306310	177332135943706
177332151498445	177332176990216	177332151429800
177332177930581	177332210345372	177332177847143
177332196874800	177332227021154	177332181139800
177332213155841	177332243696466	177332209387560
177332229685841	177332260374539	177332215525945
177332246925581	177332277049851	177332246516154
177332288798654	177332310401518	177332288660737
177332321546518	177332343762872	177332321441102
177332330625997	177332360442611	177332330557612
177332355437716	177332377122247	177332355305008
177332365967664	177332393801882	177332365845268
177332383771779	177332410482195	177332383711518
177332403789331	177332427160945	177332403684175
177332421232195	177332443838549	177332421136102
177332439256466	177332460518132	177332439152820
177332450258341	177332477192715	177332450193914
177332470022195	177332493868341	177332469924643
177332480160737	177332510545633	177332480098497
177343345581775	177343366945159	177343345401566
177343425843441	177343450352608	177343425744431
177343437761097	177343467035732	177343437285785
177343456683285	177343483718024	177343456593597
177343526229847	177343550436254	177343526133806
177343540558858	177343567117086	177343540469743
177343559593337	177343583796149	177343559500264
177343577242035	177343600476305	177343577148754
177343626905733	177343650518858	177343626802087
177343637279327	177343667199742	177343636671618

=== poll 1790150643.936574122
16666666
177330295068030	177330325528289	177330289906363
177330312432665	177330342209488	177330312362873
177330332462300	177330358890633	177330332380113
177330355866311	177330375570060	177330355778186
177330362818863	177330392249852	177330362757509
177330394170269	177330425609123	177330394094384
177330412224488	177330442287039	177330399711102
177330428473915	177330458965946	177330423591467
177330445028134	177330475645894	177330432092717
177330461588550	177330492327300	177330455292561
177330478379123	177330509009956	177330466586050
177330495037509	177330525689956	177330486890634
177330511980946	177330542369591	177330503792821
177330528302821	177330559048706	177330513542977
177330545193082	177330575729591	177330534493082
177330561937717	177330592409852	177330552615581
177330579030998	177330609088862	177330563671102
177330595455425	177330625764383	177330582405998
177330611872821	177330642441049	177330611702977
177330628423186	177330659118186	177330620715686
177330651469331	177330675795216	177330651369644
177330663812404	177330692470633	177330663741727
177330682099852	177330709145061	177330682013498
177330722852144	177330742491935	177330722758134
177330738894956	177330759164018	177330738826102
177330761543081	177330792515320	177330761456154
177330778911936	177330809188081	177330767072456
177330795717144	177330825861570	177330784782144
177330812572925	177330842533601	177330797356623
177330831839748	177330859209748	177330831760373
177330868654904	177330892561622	177330868556311
177330881925842	177330909240008	177330881859800
177330902170008	177330925919331	177330902093290
177330917126519	177330942599279	177330917042404
177330938998498	177330959278133	177330938925373
177330949017508	177330975959330	177330948955008
177330964966883	177330992634227	177330964891727
177330979885581	177331009310425	177330979815790
177331009573446	177331025988133	177331009473238
177331014002665	177331042664799	177331013932925
177331061052769	177331092695164	177331060966206
177331078933185	177331109375060	177331066290998
177331095469331	177331126056206	177331083609331
177331112562925	177331142738810	177331111865842
177331128787873	177331159419695	177331115599383
177331145468185	177331176100737	177331132137040
177331164885685	177331192780581	177331164829592
177331188403290	177331209462300	177331188324279
177331210644696	177331242826206	177331210509123
177331230242352	177331259503341	177331215673342
177331246260321	177331276179487	177331240110425
177331262207456	177331292857560	177331247851831
177331289195894	177331309537820	177331289115373
177331305546571	177331326216778	177331305456258
177331316792352	177331342895425	177331316721623
177331346232144	177331376253446	177331346131154
177331362952821	177331392933706	177331362877925
177331392306415	177331409615268	177331392121987
177331404709487	177331426296310	177331404643394
177331417387456	177331442981987	177331417320946
177331433056154	177331459667403	177331432962039
177331451174852	177331476350893	177331451090789
177331472331467	177331493032560	177331472261779
177331488634592	177331509713237	177331488531623
177331514773185	177331543075841	177331514690737
177331531834435	177331559757039	177331531739696
177331551956258	177331576438185	177331551881727
177331571774696	177331593120580	177331571710737
177331583217196	177331609805789	177331583112092
177331599915737	177331626487924	177331599837925
177331613459904	177331643170476	177331613381154
177331631502144	177331659853393	177331631433706
177331651309227	177331676537299	177331651217456
177331671532925	177331693222403	177331671437612
177331707008341	177331726591778	177331706898446
177331715687716	177331743273028	177331715625894
177331736908185	177331759953914	177331736819071
177331761617248	177331793313550	177331761532456
177331779375008	177331809998237	177331765531466
177331796214696	177331826681258	177331787477196
177331817330581	177331843365894	177331817246362
177331831130685	177331860049330	177331831022300
177331856035008	177331876734903	177331855908550
177331877713758	177331910103550	177331877615060
177331896393758	177331926782508	177331881398446
177331912811727	177331943461883	177331901942716
177331929787821	177331960140372	177331916708237
177331946135581	177331976817560	177331941630164
177331962915164	177331993496414	177331950926935
177331979527456	177332010175529	177331972420373
177331996565789	177332026855529	177331983368966
177332012935946	177332043535789	177332002575946
177332029551050	177332060218028	177332015028237
177332047062196	177332076902039	177332037112977
177332065694591	177332093581517	177332065596623
177332084698133	177332110259747	177332084626258
177332099153706	177332126938549	177332099084695
177332127399331	177332143623654	177332127296727
177332136044018	177332160306310	177332135943706
177332151498445	177332176990216	177332151429800
177332177930581	177332210345372	177332177847143
177332196874800	177332227021154	177332181139800
177332213155841	177332243696466	177332209387560
177332229685841	177332260374539	177332215525945
177332246925581	177332277049851	177332246516154
177332288798654	177332310401518	177332288660737
177332321546518	177332343762872	177332321441102
177332330625997	177332360442611	177332330557612
177332355437716	177332377122247	177332355305008
177332365967664	177332393801882	177332365845268
177332383771779	177332410482195	177332383711518
177332403789331	177332427160945	177332403684175
177332421232195	177332443838549	177332421136102
177332439256466	177332460518132	177332439152820
177332450258341	177332477192715	177332450193914
177332470022195	177332493868341	177332469924643
177332480160737	177332510545633	177332480098497
177343345581775	177343366945159	177343345401566
177343425843441	177343450352608	177343425744431
177343437761097	177343467035732	177343437285785
177343456683285	177343483718024	177343456593597
177343526229847	177343550436254	177343526133806
177343540558858	177343567117086	177343540469743
177343559593337	177343583796149	177343559500264
177343577242035	177343600476305	177343577148754
177343626905733	177343650518858	177343626802087
177343637279327	177343667199742	177343636671618

