[22245:0924/131708.299405:ERROR:dbus/bus.cc:406] Failed to connect to the bus: Failed to connect to socket /run/dbus/system_bus_socket: No such file or directory
Error: Unable to retrieve mac address (unexpected format)
    at uJe (file:///usr/share/cursor/resources/app/out/main.js:385:1979)
    at mJe (file:///usr/share/cursor/resources/app/out/main.js:385:2071)
    at file:///usr/share/cursor/resources/app/out/main.js:385:7270
    at ModuleJob.run (node:internal/modules/esm/module_job:437:25)
    at process.processTicksAndRejections (node:internal/process/task_queues:104:5)
    at async onImport.tracePromise.__proto__ (node:internal/modules/esm/loader:639:26)
    at async node:electron/js2c/browser_init:2:144690
    at async asyncRunEntryPointWithESMLoader (node:internal/modules/run_main:116:5)
(node:22245) [DEP0040] DeprecationWarning: The `punycode` module is deprecated. Please use a userland alternative instead.
(Use `cursor --trace-deprecation ...` to show where the warning was created)
[22245:0924/131711.733744:ERROR:dbus/bus.cc:406] Failed to connect to the bus: Failed to connect to socket /run/dbus/system_bus_socket: No such file or directory
[22245:0924/131711.734506:ERROR:dbus/bus.cc:406] Failed to connect to the bus: Failed to connect to socket /run/dbus/system_bus_socket: No such file or directory
[22245:0924/131711.735109:ERROR:dbus/bus.cc:406] Failed to connect to the bus: Failed to connect to socket /run/dbus/system_bus_socket: No such file or directory
[22245:0924/131711.735593:ERROR:dbus/bus.cc:406] Failed to connect to the bus: Failed to connect to socket /run/dbus/system_bus_socket: No such file or directory
[22245:0924/131711.736124:ERROR:dbus/bus.cc:406] Failed to connect to the bus: Failed to connect to socket /run/dbus/system_bus_socket: No such file or directory
[22245:0924/131711.763816:ERROR:device/udev_linux/udev_watcher.cc:51] Failed to initialize a udev monitor.

DevTools listening on ws://127.0.0.1:9230/devtools/browser/72476f7e-237b-4316-acc0-2729dc6c617d
[22245:0924/131711.840939:WARNING:device/bluetooth/dbus/bluez_dbus_manager.cc:209] Floss manager service not available, cannot set Floss enable/disable.
[22245:0924/131711.841337:WARNING:electron/shell/browser/lib/power_observer_linux.cc:181] Failed to connect to PrepareForShutdown
[22245:0924/131711.841714:WARNING:electron/shell/browser/lib/power_observer_linux.cc:181] Failed to connect to PrepareForSleep
[22245:0924/131711.841791:WARNING:electron/shell/browser/lib/power_observer_linux.cc:70] org.freedesktop.login1 not available
[22245:0924/131711.865839:WARNING:components/dbus/xdg/portal.cc:122] Failed to register with org.freedesktop.host.portal.Registry
Warning: 'remote-debugging-port' is not in the list of known options, but still passed to Electron/Chromium.
Warning: 'enable-logging' is not in the list of known options, but still passed to Electron/Chromium.
[22245:0924/132126.673956:ERROR:dbus/bus.cc:406] Failed to connect to the bus: Failed to connect to socket /run/dbus/system_bus_socket: No such file or directory
[91m[main 2026-09-24T05:21:26.702Z][0m [uncaught exception in main]: Error: EFAULT: bad address in system call argument, write Error: EFAULT: bad address in system call argument, write
    at writeSync (node:fs:917:3)
    at SyncWriteStream._write (node:internal/fs/sync_write_stream:27:5)
    at writeOrBuffer (node:internal/streams/writable:570:12)
    at _write (node:internal/streams/writable:499:10)
    at Writable.write (node:internal/streams/writable:508:10)
    at execSync (node:child_process:1009:20)
    at K6 (file:///usr/share/cursor/resources/app/out/main.js:66:391)
    at $w._getTrueMachineId (file:///usr/share/cursor/resources/app/out/main.js:201:32229)
    at new $w (file:///usr/share/cursor/resources/app/out/main.js:201:31887)
    at GO._createInstance (file:///usr/share/cursor/resources/app/out/main.js:367:1498)
    at GO._createServiceInstance (file:///usr/share/cursor/resources/app/out/main.js:367:5220)
    at GO._createServiceInstanceWithOwner (file:///usr/share/cursor/resources/app/out/main.js:367:3719)
    at GO._createAndCacheServiceInstance (file:///usr/share/cursor/resources/app/out/main.js:367:3366)
    at GO._safeCreateAndCacheServiceInstance (file:///usr/share/cursor/resources/app/out/main.js:367:2413)
    at GO._getOrCreateServiceInstance (file:///usr/share/cursor/resources/app/out/main.js:367:2134)
    at Object.get (file:///usr/share/cursor/resources/app/out/main.js:367:552)
    at ou.initChannels (file:///usr/share/cursor/resources/app/out/main.js:331:19896)
    at file:///usr/share/cursor/resources/app/out/main.js:331:7827
    at GO.invokeFunction (file:///usr/share/cursor/resources/app/out/main.js:367:437)
    at ou.startup (file:///usr/share/cursor/resources/app/out/main.js:331:7804)
    at async sCe.startup (file:///usr/share/cursor/resources/app/out/main.js:371:43868) {
  errno: -14,
  syscall: 'write',
  code: 'EFAULT'
}
[22245:0924/132126.707651:ERROR:dbus/object_proxy.cc:573] Failed to call method: org.freedesktop.login1.Manager.Inhibit: object_path= /org/freedesktop/login1: unknown error type: 
[90m[main 2026-09-24T05:21:26.940Z][0m update#ctor - updates are managed by the deb package manager
[90m[main 2026-09-24T05:21:26.940Z][0m update#setState disabled
[90m[main 2026-09-24T05:21:26.941Z][0m update#ctor - updates are disabled by the platform installation method
[22245:0924/132128.514550:INFO:CONSOLE:797] "This document requires 'TrustedScript' assignment. The action has been blocked.", source: vscode-file://vscode-app/usr/share/cursor/resources/app/out/vs/workbench/workbench.glass.main.js (797)
[22245:0924/132128.514647:INFO:CONSOLE:797] "The JavaScript Function constructor does not accept TrustedString arguments. See https://github.com/w3c/webappsec-trusted-types/wiki/Trusted-Types-for-function-constructor for more information.", source: vscode-file://vscode-app/usr/share/cursor/resources/app/out/vs/workbench/workbench.glass.main.js (797)
[22245:0924/132128.689680:INFO:CONSOLE:78] "This document requires 'TrustedScript' assignment. The action has been blocked.", source: vscode-file://vscode-app/usr/share/cursor/resources/app/out/vs/workbench/workbench.glass.main.js (78)
[22245:0924/132128.689828:INFO:CONSOLE:78] "The JavaScript Function constructor does not accept TrustedString arguments. See https://github.com/w3c/webappsec-trusted-types/wiki/Trusted-Types-for-function-constructor for more information.", source: vscode-file://vscode-app/usr/share/cursor/resources/app/out/vs/workbench/workbench.glass.main.js (78)
[22245:0924/132129.409553:INFO:CONSOLE:62] "%c WARN color: #993 Missing property "alwaysKeepComposerInBound" in oldValue. Filling with value from initValue. Please add a migration if necessary.", source: vscode-file://vscode-app/usr/share/cursor/resources/app/out/vs/workbench/workbench.glass.main.js (62)
[22245:0924/132129.409621:INFO:CONSOLE:62] "%c WARN color: #993 Missing property "defaultCapabilities" in oldValue. Filling with value from initValue. Please add a migration if necessary.", source: vscode-file://vscode-app/usr/share/cursor/resources/app/out/vs/workbench/workbench.glass.main.js (62)
[22245:0924/132129.410722:INFO:CONSOLE:62] "%c WARN color: #993 Missing property "autoApplyFilesOutsideContext" in oldValue. Filling with value from initValue. Please add a migration if necessary.", source: vscode-file://vscode-app/usr/share/cursor/resources/app/out/vs/workbench/workbench.glass.main.js (62)
[22245:0924/132129.410963:INFO:CONSOLE:62] "%c WARN color: #993 Missing property "yoloCommandAllowlist" in oldValue. Filling with value from initValue. Please add a migration if necessary.", source: vscode-file://vscode-app/usr/share/cursor/resources/app/out/vs/workbench/workbench.glass.main.js (62)
[22245:0924/132129.411346:INFO:CONSOLE:62] "%c WARN color: #993 Missing property "yoloCommandDenylist" in oldValue. Filling with value from initValue. Please add a migration if necessary.", source: vscode-file://vscode-app/usr/share/cursor/resources/app/out/vs/workbench/workbench.glass.main.js (62)
[22245:0924/132129.411392:INFO:CONSOLE:62] "%c WARN color: #993 Missing property "smartAllowlistDenylist" in oldValue. Filling with value from initValue. Please add a migration if necessary.", source: vscode-file://vscode-app/usr/share/cursor/resources/app/out/vs/workbench/workbench.glass.main.js (62)
[22245:0924/132129.412000:INFO:CONSOLE:62] "%c WARN color: #993 Missing property "yoloMcpToolsDisabled" in oldValue. Filling with value from initValue. Please add a migration if necessary.", source: vscode-file://vscode-app/usr/share/cursor/resources/app/out/vs/workbench/workbench.glass.main.js (62)
[22245:0924/132129.412034:INFO:CONSOLE:62] "%c WARN color: #993 Missing property "doNotShowYoloModeWarningAgain" in oldValue. Filling with value from initValue. Please add a migration if necessary.", source: vscode-file://vscode-app/usr/share/cursor/resources/app/out/vs/workbench/workbench.glass.main.js (62)
[22245:0924/132129.412350:INFO:CONSOLE:62] "%c WARN color: #993 Missing property "doNotShowFullYoloModeWarningAgain" in oldValue. Filling with value from initValue. Please add a migration if necessary.", source: vscode-file://vscode-app/usr/share/cursor/resources/app/out/vs/workbench/workbench.glass.main.js (62)
[22245:0924/132129.412393:INFO:CONSOLE:62] "%c WARN color: #993 Missing property "selectedFakeStreamerId" in oldValue. Filling with value from initValue. Please add a migration if necessary.", source: vscode-file://vscode-app/usr/share/cursor/resources/app/out/vs/workbench/workbench.glass.main.js (62)
[22245:0924/132129.412694:INFO:CONSOLE:62] "%c WARN color: #993 Missing property "yoloDeleteFileDisabled" in oldValue. Filling with value from initValue. Please add a migration if necessary.", source: vscode-file://vscode-app/usr/share/cursor/resources/app/out/vs/workbench/workbench.glass.main.js (62)
[22245:0924/132129.412722:INFO:CONSOLE:62] "%c WARN color: #993 Missing property "yoloOutsideWorkspaceDisabled" in oldValue. Filling with value from initValue. Please add a migration if necessary.", source: vscode-file://vscode-app/usr/share/cursor/resources/app/out/vs/workbench/workbench.glass.main.js (62)
[22245:0924/132129.413068:INFO:CONSOLE:62] "%c WARN color: #993 Missing property "yoloEnableRunEverything" in oldValue. Filling with value from initValue. Please add a migration if necessary.", source: vscode-file://vscode-app/usr/share/cursor/resources/app/out/vs/workbench/workbench.glass.main.js (62)
[22245:0924/132129.413092:INFO:CONSOLE:62] "%c WARN color: #993 Missing property "enableSmartAuto" in oldValue. Filling with value from initValue. Please add a migration if necessary.", source: vscode-file://vscode-app/usr/share/cursor/resources/app/out/vs/workbench/workbench.glass.main.js (62)
[22245:0924/132129.413357:INFO:CONSOLE:62] "%c WARN color: #993 Missing property "isWebSearchToolEnabled" in oldValue. Filling with value from initValue. Please add a migration if necessary.", source: vscode-file://vscode-app/usr/share/cursor/resources/app/out/vs/workbench/workbench.glass.main.js (62)
[22245:0924/132129.413387:INFO:CONSOLE:62] "%c WARN color: #993 Missing property "isWebSearchToolEnabled2" in oldValue. Filling with value from initValue. Please add a migration if necessary.", source: vscode-file://vscode-app/usr/share/cursor/resources/app/out/vs/workbench/workbench.glass.main.js (62)
[22245:0924/132129.413592:INFO:CONSOLE:62] "%c WARN color: #993 Missing property "isWebSearchToolEnabled3" in oldValue. Filling with value from initValue. Please add a migration if necessary.", source: vscode-file://vscode-app/usr/share/cursor/resources/app/out/vs/workbench/workbench.glass.main.js (62)
[22245:0924/132129.413631:INFO:CONSOLE:62] "%c WARN color: #993 Missing property "autoAcceptWebSearchTool" in oldValue. Filling with value from initValue. Please add a migration if necessary.", source: vscode-file://vscode-app/usr/share/cursor/resources/app/out/vs/workbench/workbench.glass.main.js (62)
[22245:0924/132129.413794:INFO:CONSOLE:62] "%c WARN color: #993 Missing property "isWebFetchToolEnabled" in oldValue. Filling with value from initValue. Please add a migration if necessary.", source: vscode-file://vscode-app/usr/share/cursor/resources/app/out/vs/workbench/workbench.glass.main.js (62)
[22245:0924/132129.413826:INFO:CONSOLE:62] "%c WARN color: #993 Missing property "webFetchDomainAllowlist" in oldValue. Filling with value from initValue. Please add a migration if necessary.", source: vscode-file://vscode-app/usr/share/cursor/resources/app/out/vs/workbench/workbench.glass.main.js (62)
[22245:0924/132129.414000:INFO:CONSOLE:62] "%c WARN color: #993 Missing property "autoApproveModeTransitions" in oldValue. Filling with value from initValue. Please add a migration if necessary.", source: vscode-file://vscode-app/usr/share/cursor/resources/app/out/vs/workbench/workbench.glass.main.js (62)
[22245:0924/132129.414039:INFO:CONSOLE:62] "%c WARN color: #993 Missing property "mcpAuthBlocking" in oldValue. Filling with value from initValue. Please add a migration if necessary.", source: vscode-file://vscode-app/usr/share/cursor/resources/app/out/vs/workbench/workbench.glass.main.js (62)
[22245:0924/132129.414167:INFO:CONSOLE:62] "%c WARN color: #993 Missing property "autoApprovedModeTransitions" in oldValue. Filling with value from initValue. Please add a migration if necessary.", source: vscode-file://vscode-app/usr/share/cursor/resources/app/out/vs/workbench/workbench.glass.main.js (62)
[22245:0924/132129.414197:INFO:CONSOLE:62] "%c WARN color: #993 Missing property "autoRejectedModeTransitions" in oldValue. Filling with value from initValue. Please add a migration if necessary.", source: vscode-file://vscode-app/usr/share/cursor/resources/app/out/vs/workbench/workbench.glass.main.js (62)
[22245:0924/132129.414333:INFO:CONSOLE:62] "%c WARN color: #993 Missing property "backgroundComposerEnv" in oldValue. Filling with value from initValue. Please add a migration if necessary.", source: vscode-file://vscode-app/usr/share/cursor/resources/app/out/vs/workbench/workbench.glass.main.js (62)
[22245:0924/132129.414361:INFO:CONSOLE:62] "%c WARN color: #993 Missing property "useLegacyTerminalTool" in oldValue. Filling with value from initValue. Please add a migration if necessary.", source: vscode-file://vscode-app/usr/share/cursor/resources/app/out/vs/workbench/workbench.glass.main.js (62)
[22245:0924/132129.414511:INFO:CONSOLE:62] "%c WARN color: #993 Missing property "modes4" in oldValue. Filling with value from initValue. Please add a migration if necessary.", source: vscode-file://vscode-app/usr/share/cursor/resources/app/out/vs/workbench/workbench.glass.main.js (62)
[22245:0924/132129.414539:INFO:CONSOLE:62] "%c WARN color: #993 Missing property "codeBlockDisplayPreference" in oldValue. Filling with value from initValue. Please add a migration if necessary.", source: vscode-file://vscode-app/usr/share/cursor/resources/app/out/vs/workbench/workbench.glass.main.js (62)
[22245:0924/132129.414666:INFO:CONSOLE:62] "%c WARN color: #993 Missing property "thinkingLevel" in oldValue. Filling with value from initValue. Please add a migration if necessary.", source: vscode-file://vscode-app/usr/share/cursor/resources/app/out/vs/workbench/workbench.glass.main.js (62)
[22245:0924/132129.414693:INFO:CONSOLE:62] "%c WARN color: #993 Missing property "composerMigrationVersion" in oldValue. Filling with value from initValue. Please add a migration if necessary.", source: vscode-file://vscode-app/usr/share/cursor/resources/app/out/vs/workbench/workbench.glass.main.js (62)
[22245:0924/132129.414920:INFO:CONSOLE:62] "%c WARN color: #993 Missing property "mcpServers" in oldValue. Filling with value from initValue. Please add a migration if necessary.", source: vscode-file://vscode-app/usr/share/cursor/resources/app/out/vs/workbench/workbench.glass.main.js (62)
[22245:0924/132129.414944:INFO:CONSOLE:62] "%c WARN color: #993 Missing property "mcpDisabledTools" in oldValue. Filling with value from initValue. Please add a migration if necessary.", source: vscode-file://vscode-app/usr/share/cursor/resources/app/out/vs/workbench/workbench.glass.main.js (62)
[22245:0924/132129.415082:INFO:CONSOLE:62] "%c WARN color: #993 Missing property "availableDefaultModels2" in oldValue. Filling with value from initValue. Please add a migration if necessary.", source: vscode-file://vscode-app/usr/share/cursor/resources/app/out/vs/workbench/workbench.glass.main.js (62)
[22245:0924/132129.415108:INFO:CONSOLE:62] "%c WARN color: #993 Missing property "featureModelConfigs" in oldValue. Filling with value from initValue. Please add a migration if necessary.", source: vscode-file://vscode-app/usr/share/cursor/resources/app/out/vs/workbench/workbench.glass.main.js (62)
[22245:0924/132129.415243:INFO:CONSOLE:62] "%c WARN color: #993 Missing property "backgroundComposerState" in oldValue. Filling with value from initValue. Please add a migration if necessary.", source: vscode-file://vscode-app/usr/share/cursor/resources/app/out/vs/workbench/workbench.glass.main.js (62)
[22245:0924/132129.415275:INFO:CONSOLE:62] "%c WARN color: #993 Missing property "dialogDontAskAgainPreferences" in oldValue. Filling with value from initValue. Please add a migration if necessary.", source: vscode-file://vscode-app/usr/share/cursor/resources/app/out/vs/workbench/workbench.glass.main.js (62)
[22245:0924/132129.415423:INFO:CONSOLE:62] "%c WARN color: #993 Missing property "cursorIgnore" in oldValue. Filling with value from initValue. Please add a migration if necessary.", source: vscode-file://vscode-app/usr/share/cursor/resources/app/out/vs/workbench/workbench.glass.main.js (62)
[22245:0924/132129.415444:INFO:CONSOLE:62] "%c WARN color: #993 Missing property "teamAdminSettings" in oldValue. Filling with value from initValue. Please add a migration if necessary.", source: vscode-file://vscode-app/usr/share/cursor/resources/app/out/vs/workbench/workbench.glass.main.js (62)
[22245:0924/132129.415638:INFO:CONSOLE:62] "%c WARN color: #993 Missing property "shouldShowViewZoneWhenPreviewBoxIsClipped6" in oldValue. Filling with value from initValue. Please add a migration if necessary.", source: vscode-file://vscode-app/usr/share/cursor/resources/app/out/vs/workbench/workbench.glass.main.js (62)
[22245:0924/132129.415675:INFO:CONSOLE:62] "%c WARN color: #993 Missing property "cppModelsState" in oldValue. Filling with value from initValue. Please add a migration if necessary.", source: vscode-file://vscode-app/usr/share/cursor/resources/app/out/vs/workbench/workbench.glass.main.js (62)
[22245:0924/132129.415885:INFO:CONSOLE:62] "%c WARN color: #993 Missing property "aiSettings" in oldValue. Filling with value from initValue. Please add a migration if necessary.", source: vscode-file://vscode-app/usr/share/cursor/resources/app/out/vs/workbench/workbench.glass.main.js (62)
[22245:0924/132129.415910:INFO:CONSOLE:62] "%c WARN color: #993 Missing property "authenticationSettings" in oldValue. Filling with value from initValue. Please add a migration if necessary.", source: vscode-file://vscode-app/usr/share/cursor/resources/app/out/vs/workbench/workbench.glass.main.js (62)
[22245:0924/132129.416114:INFO:CONSOLE:62] "%c WARN color: #993 Missing property "websiteUrl" in oldValue. Filling with value from initValue. Please add a migration if necessary.", source: vscode-file://vscode-app/usr/share/cursor/resources/app/out/vs/workbench/workbench.glass.main.js (62)
[22245:0924/132129.416135:INFO:CONSOLE:62] "%c WARN color: #993 Missing property "backendUrl" in oldValue. Filling with value from initValue. Please add a migration if necessary.", source: vscode-file://vscode-app/usr/share/cursor/resources/app/out/vs/workbench/workbench.glass.main.js (62)
[22245:0924/132129.416259:INFO:CONSOLE:62] "%c WARN color: #993 Missing property "authClientId" in oldValue. Filling with value from initValue. Please add a migration if necessary.", source: vscode-file://vscode-app/usr/share/cursor/resources/app/out/vs/workbench/workbench.glass.main.js (62)
[22245:0924/132129.416280:INFO:CONSOLE:62] "%c WARN color: #993 Missing property "authDomain" in oldValue. Filling with value from initValue. Please add a migration if necessary.", source: vscode-file://vscode-app/usr/share/cursor/resources/app/out/vs/workbench/workbench.glass.main.js (62)
[22245:0924/132129.416406:INFO:CONSOLE:62] "%c WARN color: #993 Missing property "repoBackendUrl" in oldValue. Filling with value from initValue. Please add a migration if necessary.", source: vscode-file://vscode-app/usr/share/cursor/resources/app/out/vs/workbench/workbench.glass.main.js (62)
[22245:0924/132129.416433:INFO:CONSOLE:62] "%c WARN color: #993 Missing property "telemBackendUrl" in oldValue. Filling with value from initValue. Please add a migration if necessary.", source: vscode-file://vscode-app/usr/share/cursor/resources/app/out/vs/workbench/workbench.glass.main.js (62)
[22245:0924/132129.416558:INFO:CONSOLE:62] "%c WARN color: #993 Missing property "cmdkBackendUrl" in oldValue. Filling with value from initValue. Please add a migration if necessary.", source: vscode-file://vscode-app/usr/share/cursor/resources/app/out/vs/workbench/workbench.glass.main.js (62)
[22245:0924/132129.416579:INFO:CONSOLE:62] "%c WARN color: #993 Missing property "geoCppBackendUrl" in oldValue. Filling with value from initValue. Please add a migration if necessary.", source: vscode-file://vscode-app/usr/share/cursor/resources/app/out/vs/workbench/workbench.glass.main.js (62)
[22245:0924/132129.416711:INFO:CONSOLE:62] "%c WARN color: #993 Missing property "cppConfigBackendUrl" in oldValue. Filling with value from initValue. Please add a migration if necessary.", source: vscode-file://vscode-app/usr/share/cursor/resources/app/out/vs/workbench/workbench.glass.main.js (62)
[22245:0924/132129.416731:INFO:CONSOLE:62] "%c WARN color: #993 Missing property "originBackendUrl" in oldValue. Filling with value from initValue. Please add a migration if necessary.", source: vscode-file://vscode-app/usr/share/cursor/resources/app/out/vs/workbench/workbench.glass.main.js (62)
[22245:0924/132129.416859:INFO:CONSOLE:62] "%c WARN color: #993 Missing property "bcProxyUrl" in oldValue. Filling with value from initValue. Please add a migration if necessary.", source: vscode-file://vscode-app/usr/share/cursor/resources/app/out/vs/workbench/workbench.glass.main.js (62)
[22245:0924/132129.416883:INFO:CONSOLE:62] "%c WARN color: #993 Missing property "agentBackendUrlPrivacy" in oldValue. Filling with value from initValue. Please add a migration if necessary.", source: vscode-file://vscode-app/usr/share/cursor/resources/app/out/vs/workbench/workbench.glass.main.js (62)
[22245:0924/132129.417019:INFO:CONSOLE:62] "%c WARN color: #993 Missing property "agentBackendUrlNonPrivacy" in oldValue. Filling with value from initValue. Please add a migration if necessary.", source: vscode-file://vscode-app/usr/share/cursor/resources/app/out/vs/workbench/workbench.glass.main.js (62)
[22245:0924/132129.417039:INFO:CONSOLE:62] "%c WARN color: #993 Missing property "credentialsDisplayName" in oldValue. Filling with value from initValue. Please add a migration if necessary.", source: vscode-file://vscode-app/usr/share/cursor/resources/app/out/vs/workbench/workbench.glass.main.js (62)
[22245:0924/132129.417168:INFO:CONSOLE:62] "%c WARN color: #993 Missing property "cmdLineHookState" in oldValue. Filling with value from initValue. Please add a migration if necessary.", source: vscode-file://vscode-app/usr/share/cursor/resources/app/out/vs/workbench/workbench.glass.main.js (62)
[22245:0924/132129.417188:INFO:CONSOLE:62] "%c WARN color: #993 Missing property "shouldOnlyImportOnAccept" in oldValue. Filling with value from initValue. Please add a migration if necessary.", source: vscode-file://vscode-app/usr/share/cursor/resources/app/out/vs/workbench/workbench.glass.main.js (62)
[22245:0924/132129.417309:INFO:CONSOLE:62] "%c WARN color: #993 Missing property "cppAutoImportDecorationStyle" in oldValue. Filling with value from initValue. Please add a migration if necessary.", source: vscode-file://vscode-app/usr/share/cursor/resources/app/out/vs/workbench/workbench.glass.main.js (62)
[22245:0924/132129.417332:INFO:CONSOLE:62] "%c WARN color: #993 Missing property "newUserData" in oldValue. Filling with value from initValue. Please add a migration if necessary.", source: vscode-file://vscode-app/usr/share/cursor/resources/app/out/vs/workbench/workbench.glass.main.js (62)
[22245:0924/132129.417481:INFO:CONSOLE:62] "%c WARN color: #993 Missing property "azureState" in oldValue. Filling with value from initValue. Please add a migration if necessary.", source: vscode-file://vscode-app/usr/share/cursor/resources/app/out/vs/workbench/workbench.glass.main.js (62)
[22245:0924/132129.417502:INFO:CONSOLE:62] "%c WARN color: #993 Missing property "personalDocs" in oldValue. Filling with value from initValue. Please add a migration if necessary.", source: vscode-file://vscode-app/usr/share/cursor/resources/app/out/vs/workbench/workbench.glass.main.js (62)
[22245:0924/132129.417631:INFO:CONSOLE:62] "%c WARN color: #993 Missing property "cppInCmdF" in oldValue. Filling with value from initValue. Please add a migration if necessary.", source: vscode-file://vscode-app/usr/share/cursor/resources/app/out/vs/workbench/workbench.glass.main.js (62)
[22245:0924/132129.417654:INFO:CONSOLE:62] "%c WARN color: #993 Missing property "cppTriggerInComments" in oldValue. Filling with value from initValue. Please add a migration if necessary.", source: vscode-file://vscode-app/usr/share/cursor/resources/app/out/vs/workbench/workbench.glass.main.js (62)
[22245:0924/132129.417781:INFO:CONSOLE:62] "%c WARN color: #993 Missing property "cppShowWhitespaceOnlyChanges" in oldValue. Filling with value from initValue. Please add a migration if necessary.", source: vscode-file://vscode-app/usr/share/cursor/resources/app/out/vs/workbench/workbench.glass.main.js (62)
[22245:0924/132129.417800:INFO:CONSOLE:62] "%c WARN color: #993 Missing property "cppConfig" in oldValue. Filling with value from initValue. Please add a migration if necessary.", source: vscode-file://vscode-app/usr/share/cursor/resources/app/out/vs/workbench/workbench.glass.main.js (62)
[22245:0924/132129.417954:INFO:CONSOLE:62] "%c WARN color: #993 Missing property "indexRepository" in oldValue. Filling with value from initValue. Please add a migration if necessary.", source: vscode-file://vscode-app/usr/share/cursor/resources/app/out/vs/workbench/workbench.glass.main.js (62)
[22245:0924/132129.417979:INFO:CONSOLE:62] "%c WARN color: #993 Missing property "haveNotImportedFromVSC" in oldValue. Filling with value from initValue. Please add a migration if necessary.", source: vscode-file://vscode-app/usr/share/cursor/resources/app/out/vs/workbench/workbench.glass.main.js (62)
[22245:0924/132129.418167:INFO:CONSOLE:62] "%c WARN color: #993 Missing property "shouldAutoParseCmdKLinks" in oldValue. Filling with value from initValue. Please add a migration if necessary.", source: vscode-file://vscode-app/usr/share/cursor/resources/app/out/vs/workbench/workbench.glass.main.js (62)
[22245:0924/132129.418203:INFO:CONSOLE:62] "%c WARN color: #993 Missing property "isFileSyncClientEnabled" in oldValue. Filling with value from initValue. Please add a migration if necessary.", source: vscode-file://vscode-app/usr/share/cursor/resources/app/out/vs/workbench/workbench.glass.main.js (62)
[22245:0924/132129.418378:INFO:CONSOLE:62] "%c WARN color: #993 Missing property "membershipType" in oldValue. Filling with value from initValue. Please add a migration if necessary.", source: vscode-file://vscode-app/usr/share/cursor/resources/app/out/vs/workbench/workbench.glass.main.js (62)
[22245:0924/132129.418411:INFO:CONSOLE:62] "%c WARN color: #993 Missing property "fastApplyModelType" in oldValue. Filling with value from initValue. Please add a migration if necessary.", source: vscode-file://vscode-app/usr/share/cursor/resources/app/out/vs/workbench/workbench.glass.main.js (62)
[22245:0924/132129.418655:INFO:CONSOLE:62] "%c WARN color: #993 Missing property "explicitlyEnableSemanticSearch" in oldValue. Filling with value from initValue. Please add a migration if necessary.", source: vscode-file://vscode-app/usr/share/cursor/resources/app/out/vs/workbench/workbench.glass.main.js (62)
[22245:0924/132129.418681:INFO:CONSOLE:62] "%c WARN color: #993 Missing property "backgroundComposerEnv" in oldValue. Filling with value from initValue. Please add a migration if necessary.", source: vscode-file://vscode-app/usr/share/cursor/resources/app/out/vs/workbench/workbench.glass.main.js (62)
[22245:0924/132129.418815:INFO:CONSOLE:62] "%c WARN color: #993 Missing property "preferredEmbeddingModel" in oldValue. Filling with value from initValue. Please add a migration if necessary.", source: vscode-file://vscode-app/usr/share/cursor/resources/app/out/vs/workbench/workbench.glass.main.js (62)
[22245:0924/132129.418840:INFO:CONSOLE:62] "%c WARN color: #993 Missing property "oneTimeSettings" in oldValue. Filling with value from initValue. Please add a migration if necessary.", source: vscode-file://vscode-app/usr/share/cursor/resources/app/out/vs/workbench/workbench.glass.main.js (62)
[22245:0924/132129.418968:INFO:CONSOLE:62] "%c WARN color: #993 Missing property "eligibleForSnippetLearning" in oldValue. Filling with value from initValue. Please add a migration if necessary.", source: vscode-file://vscode-app/usr/share/cursor/resources/app/out/vs/workbench/workbench.glass.main.js (62)
[22245:0924/132129.418990:INFO:CONSOLE:62] "%c WARN color: #993 Missing property "goneThroughCodeSnippetOnboarding" in oldValue. Filling with value from initValue. Please add a migration if necessary.", source: vscode-file://vscode-app/usr/share/cursor/resources/app/out/vs/workbench/workbench.glass.main.js (62)
[22245:0924/132129.419117:INFO:CONSOLE:62] "%c WARN color: #993 Missing property "goneThroughCodeSnippetChangeManagement" in oldValue. Filling with value from initValue. Please add a migration if necessary.", source: vscode-file://vscode-app/usr/share/cursor/resources/app/out/vs/workbench/workbench.glass.main.js (62)
[22245:0924/132129.419138:INFO:CONSOLE:62] "%c WARN color: #993 Missing property "hasResetModelOnce" in oldValue. Filling with value from initValue. Please add a migration if necessary.", source: vscode-file://vscode-app/usr/share/cursor/resources/app/out/vs/workbench/workbench.glass.main.js (62)
[22245:0924/132129.419275:INFO:CONSOLE:62] "%c WARN color: #993 Missing property "rpcFileLoggerEnabled" in oldValue. Filling with value from initValue. Please add a migration if necessary.", source: vscode-file://vscode-app/usr/share/cursor/resources/app/out/vs/workbench/workbench.glass.main.js (62)
[22245:0924/132129.532984:INFO:CONSOLE:21564] "[InstantiationService] Lazy service 'paneCompositePartService' is being constructed (pOk) Error: stack trace", source: vscode-file://vscode-app/usr/share/cursor/resources/app/out/vs/workbench/workbench.glass.main.js (21564)
[22245:0924/132129.670997:INFO:CONSOLE:21155] "[layout] AgentLayoutService constructor initialized missing SIDEBAR_LOCATION from primary config fallback undefined [object Object]", source: vscode-file://vscode-app/usr/share/cursor/resources/app/out/vs/workbench/workbench.glass.main.js (21155)
[29954:0924/132129.925504:WARNING:media/audio/linux/audio_manager_linux.cc:54] Falling back to ALSA for audio output. PulseAudio is not available or could not be initialized.
[90m[main 2026-09-24T05:21:29.939Z][0m [LocalAgentStorage] Scanned 1 recent databases (skipped 0 old), found 0 agent headers, deduped to 0
[22245:0924/132133.979187:INFO:CONSOLE:62] "%c WARN color: #993 Missing property "cppConfig" in oldValue. Filling with value from initValue. Please add a migration if necessary.", source: vscode-file://vscode-app/usr/share/cursor/resources/app/out/vs/workbench/workbench.glass.main.js (62)
[22245:0924/132135.113359:INFO:CONSOLE:62] "%c  ERR color: #f33 Paper Shaders: WebGL is not supported in this browser: Error: Paper Shaders: WebGL is not supported in this browser
    at new zuh (vscode-file://vscode-app/usr/share/cursor/resources/app/out/vs/workbench/workbench.glass.main.js:1909:10770)
    at vscode-file://vscode-app/usr/share/cursor/resources/app/out/vs/workbench/workbench.glass.main.js:2284:3753 Error: Paper Shaders: WebGL is not supported in this browser", source: vscode-file://vscode-app/usr/share/cursor/resources/app/out/vs/workbench/workbench.glass.main.js (62)
[22245:0924/132135.226911:INFO:CONSOLE:21155] "[github_auth] Provider registered [object Object]", source: vscode-file://vscode-app/usr/share/cursor/resources/app/out/vs/workbench/workbench.glass.main.js (21155)
[22245:0924/132135.231430:INFO:CONSOLE:21155] "[github_auth] Provider registered [object Object]", source: vscode-file://vscode-app/usr/share/cursor/resources/app/out/vs/workbench/workbench.glass.main.js (21155)
[22245:0924/132135.899720:INFO:CONSOLE:62] "%c  ERR color: #f33 [Extension Host:unknown] (node:29953) [DEP0040] DeprecationWarning: The `punycode` module is deprecated. Please use a userland alternative instead.
(Use `exe --trace-deprecation ...` to show where the warning was created)", source: vscode-file://vscode-app/usr/share/cursor/resources/app/out/vs/workbench/workbench.glass.main.js (62)
[22245:0924/132135.906816:INFO:CONSOLE:20868] "%c[Extension Host:unknown] %c(node:29953) [DEP0040] DeprecationWarning: The `punycode` module is deprecated. Please use a userland alternative instead.
(Use `exe --trace-deprecation ...` to show where the warning was created) color: blue color: ", source: vscode-file://vscode-app/usr/share/cursor/resources/app/out/vs/workbench/workbench.glass.main.js (20868)
[22245:0924/132136.055867:INFO:CONSOLE:21396] "Failed to get git telemetry attributes: Error: Failed to execute git", source: vscode-file://vscode-app/usr/share/cursor/resources/app/out/vs/workbench/workbench.glass.main.js (21396)
[22245:0924/132136.408478:INFO:CONSOLE:20901] "[ExplorerProviderService] findRepositories waiting for handler registration [object Object]", source: vscode-file://vscode-app/usr/share/cursor/resources/app/out/vs/workbench/workbench.glass.main.js (20901)
[22245:0924/132136.932867:INFO:CONSOLE:7572] "[PluginsProviderService] getInstalledGitHubPlugins took 4782.4ms", source: vscode-file://vscode-app/usr/share/cursor/resources/app/out/vs/workbench/workbench.glass.main.js (7572)
[22245:0924/132136.970381:INFO:CONSOLE:7572] "[PluginsProviderService] getPluginMcpServers took 7486.0ms", source: vscode-file://vscode-app/usr/share/cursor/resources/app/out/vs/workbench/workbench.glass.main.js (7572)
[22245:0924/132136.985394:INFO:CONSOLE:7572] "[PluginsProviderService] getPluginHooks took 6966.3ms", source: vscode-file://vscode-app/usr/share/cursor/resources/app/out/vs/workbench/workbench.glass.main.js (7572)
[22245:0924/132136.985474:INFO:CONSOLE:7572] "[PluginsProviderService] getPluginLoadFailures took 4815.3ms", source: vscode-file://vscode-app/usr/share/cursor/resources/app/out/vs/workbench/workbench.glass.main.js (7572)
[22245:0924/132136.985960:INFO:CONSOLE:7572] "[PluginsProviderService] getPluginSetIncomplete took 4815.3ms", source: vscode-file://vscode-app/usr/share/cursor/resources/app/out/vs/workbench/workbench.glass.main.js (7572)
[22245:0924/132136.986030:INFO:CONSOLE:7572] "[PluginsProviderService] getLoadedPluginsSummary took 4815.4ms", source: vscode-file://vscode-app/usr/share/cursor/resources/app/out/vs/workbench/workbench.glass.main.js (7572)
[22245:0924/132137.726428:INFO:CONSOLE:7572] "[PluginsProviderService] getPluginComponentFiles took 5573.7ms", source: vscode-file://vscode-app/usr/share/cursor/resources/app/out/vs/workbench/workbench.glass.main.js (7572)
[22245:0924/132137.901487:INFO:CONSOLE:62] "%c  ERR color: #f33 [Extension Host:unknown] 05:21:37.899 ERROR [sandboxPreflight] Preflight failed: Command failed: /usr/share/cursor/resources/app/resources/helpers/cursorsandbox --policy /root/.cursor/sandbox-policies/sandbox-policy-de1ebf9aba1ca71b --preflight-only -- /bin/true
Error: Failed to resolve Linux sandbox backend: Unsupported sandbox configuration: Linux auto backend selection failed. Landlock error: Unsupported sandbox configuration: Failed to apply Landlock: Step 5/7 (landlock) failed: Failed to apply Landlock: Landlock V3 filesystem restrictions not supported. Error: fully incompatible access-rights: BitFlags<AccessFs>(0b111111111110010, WriteFile | RemoveDir | RemoveFile | MakeChar | MakeDir | MakeReg | MakeSock | MakeFifo | MakeBlock | MakeSym | Refer | Truncate). Ensure Landlock LSM is enabled (CONFIG_SECURITY_LANDLOCK=y) on a kernel with V3 support.. Bubblewrap error: Unsupported sandbox configuration: Unsupported sandbox configuration: Bubblewrap preflight failed with exit code Some(1): bwrap: fchdir to oldroot: No such file or directory
", source: vscode-file://vscode-app/usr/share/cursor/resources/app/out/vs/workbench/workbench.glass.main.js (62)
[22245:0924/132137.901565:INFO:CONSOLE:20868] "%c[Extension Host:unknown] %c05:21:37.899 ERROR [sandboxPreflight] Preflight failed: Command failed: /usr/share/cursor/resources/app/resources/helpers/cursorsandbox --policy /root/.cursor/sandbox-policies/sandbox-policy-de1ebf9aba1ca71b --preflight-only -- /bin/true
Error: Failed to resolve Linux sandbox backend: Unsupported sandbox configuration: Linux auto backend selection failed. Landlock error: Unsupported sandbox configuration: Failed to apply Landlock: Step 5/7 (landlock) failed: Failed to apply Landlock: Landlock V3 filesystem restrictions not supported. Error: fully incompatible access-rights: BitFlags<AccessFs>(0b111111111110010, WriteFile | RemoveDir | RemoveFile | MakeChar | MakeDir | MakeReg | MakeSock | MakeFifo | MakeBlock | MakeSym | Refer | Truncate). Ensure Landlock LSM is enabled (CONFIG_SECURITY_LANDLOCK=y) on a kernel with V3 support.. Bubblewrap error: Unsupported sandbox configuration: Unsupported sandbox configuration: Bubblewrap preflight failed with exit code Some(1): bwrap: fchdir to oldroot: No such file or directory
 color: blue color: ", source: vscode-file://vscode-app/usr/share/cursor/resources/app/out/vs/workbench/workbench.glass.main.js (20868)
[22245:0924/132137.903319:INFO:CONSOLE:62] "%c  ERR color: #f33 [Extension Host:unknown] 05:21:37.900 ERROR [sandboxPreflight] Exit status: 2", source: vscode-file://vscode-app/usr/share/cursor/resources/app/out/vs/workbench/workbench.glass.main.js (62)
[22245:0924/132137.904462:INFO:CONSOLE:20868] "%c[Extension Host:unknown] %c05:21:37.900 ERROR [sandboxPreflight] Exit status: 2 color: blue color: ", source: vscode-file://vscode-app/usr/share/cursor/resources/app/out/vs/workbench/workbench.glass.main.js (20868)
[22245:0924/132137.905206:INFO:CONSOLE:62] "%c  ERR color: #f33 [Extension Host:unknown] 05:21:37.900 ERROR [sandboxPreflight] Stderr: Error: Failed to resolve Linux sandbox backend: Unsupported sandbox configuration: Linux auto backend selection failed. Landlock error: Unsupported sandbox configuration: Failed to apply Landlock: Step 5/7 (landlock) failed: Failed to apply Landlock: Landlock V3 filesystem restrictions not supported. Error: fully incompatible access-rights: BitFlags<AccessFs>(0b111111111110010, WriteFile | RemoveDir | RemoveFile | MakeChar | MakeDir | MakeReg | MakeSock | MakeFifo | MakeBlock | MakeSym | Refer | Truncate). Ensure Landlock LSM is enabled (CONFIG_SECURITY_LANDLOCK=y) on a kernel with V3 support.. Bubblewrap error: Unsupported sandbox configuration: Unsupported sandbox configuration: Bubblewrap preflight failed with exit code Some(1): bwrap: fchdir to oldroot: No such file or directory
", source: vscode-file://vscode-app/usr/share/cursor/resources/app/out/vs/workbench/workbench.glass.main.js (62)
[22245:0924/132137.905255:INFO:CONSOLE:20868] "%c[Extension Host:unknown] %c05:21:37.900 ERROR [sandboxPreflight] Stderr: Error: Failed to resolve Linux sandbox backend: Unsupported sandbox configuration: Linux auto backend selection failed. Landlock error: Unsupported sandbox configuration: Failed to apply Landlock: Step 5/7 (landlock) failed: Failed to apply Landlock: Landlock V3 filesystem restrictions not supported. Error: fully incompatible access-rights: BitFlags<AccessFs>(0b111111111110010, WriteFile | RemoveDir | RemoveFile | MakeChar | MakeDir | MakeReg | MakeSock | MakeFifo | MakeBlock | MakeSym | Refer | Truncate). Ensure Landlock LSM is enabled (CONFIG_SECURITY_LANDLOCK=y) on a kernel with V3 support.. Bubblewrap error: Unsupported sandbox configuration: Unsupported sandbox configuration: Bubblewrap preflight failed with exit code Some(1): bwrap: fchdir to oldroot: No such file or directory
 color: blue color: ", source: vscode-file://vscode-app/usr/share/cursor/resources/app/out/vs/workbench/workbench.glass.main.js (20868)
[22245:0924/132138.260833:INFO:CONSOLE:20868] "%c[Extension Host:unknown] %c05:21:38.246 WARN  computeGlobalCache: slow ctx=LocalRequestContextExecutor.rebuildGlobalCache/LocalRequestContextExecutor.computeGlobalCache meta={totalMs: 1263, cloudRule: 4, subagents: 4, codebaseRef: 740, cursorRules: 1262, ruleCount: 39} color: blue color: ", source: vscode-file://vscode-app/usr/share/cursor/resources/app/out/vs/workbench/workbench.glass.main.js (20868)
[22245:0924/132145.832018:INFO:CONSOLE:21155] "[transport] Connect error in unary AI connect ConnectError: [unauthenticated] Error [object Object]", source: vscode-file://vscode-app/usr/share/cursor/resources/app/out/vs/workbench/workbench.glass.main.js (21155)
[22245:0924/132145.833123:INFO:CONSOLE:62] "%c WARN color: #993 [remote-control-keep-awake] failed to load remote control setting: [unauthenticated] Error", source: vscode-file://vscode-app/usr/share/cursor/resources/app/out/vs/workbench/workbench.glass.main.js (62)
[22245:0924/132145.899939:INFO:CONSOLE:21155] "[transport] Connect error in unary AI connect ConnectError: [unauthenticated] Error [object Object]", source: vscode-file://vscode-app/usr/share/cursor/resources/app/out/vs/workbench/workbench.glass.main.js (21155)
[22245:0924/132146.027386:INFO:CONSOLE:21155] "[transport] Connect error in unary AI connect ConnectError: [unauthenticated] Error [object Object]", source: vscode-file://vscode-app/usr/share/cursor/resources/app/out/vs/workbench/workbench.glass.main.js (21155)
[22245:0924/132146.028130:INFO:CONSOLE:7572] "[MCPWellKnownDetection] Failed to fetch known servers for icon pre-resolution: ConnectError: [unauthenticated] Error", source: vscode-file://vscode-app/usr/share/cursor/resources/app/out/vs/workbench/workbench.glass.main.js (7572)
[22245:0924/132146.544956:INFO:CONSOLE:21155] "[transport] Connect error in unary AI connect ConnectError: [unauthenticated] Error [object Object]", source: vscode-file://vscode-app/usr/share/cursor/resources/app/out/vs/workbench/workbench.glass.main.js (21155)
[22245:0924/132146.630871:INFO:CONSOLE:21155] "[transport] Connect error in unary AI connect ConnectError: [unauthenticated] Error [object Object]", source: vscode-file://vscode-app/usr/share/cursor/resources/app/out/vs/workbench/workbench.glass.main.js (21155)
[91m[main 2026-09-24T05:21:46.978Z][0m [UtilityProcessWorker]: terminated unexpectedly with code 15, signal: unknown
[22245:0924/132146.985399:ERROR:content/browser/network_service_instance_impl.cc:610] Network service crashed or was terminated, restarting service.
[22245:0924/132146.995614:ERROR:content/browser/gpu/gpu_process_host.cc:1004] GPU process exited unexpectedly: exit_code=15
[22245:0924/132146.995632:WARNING:content/browser/gpu/gpu_process_host.cc:1446] The GPU process has crashed 1 time(s)
[91m[main 2026-09-24T05:21:47.000Z][0m [UtilityProcess type: mcp-process, pid: 30054]: crashed with code 15 and reason 'killed'
[93m[main 2026-09-24T05:21:47.000Z][0m [McpProcess] crashed; will attempt restart
[93m[main 2026-09-24T05:21:47.001Z][0m [McpProcess] crash detected (attempt 1), retrying in 1000ms
[91m[main 2026-09-24T05:21:47.003Z][0m [UtilityProcess type: shared-process, pid: 29735]: crashed with code 15 and reason 'killed'
[90m[main 2026-09-24T05:21:47.024Z][0m Extension host with pid 29953 exited with code: 15, signal: unknown.
[91m[main 2026-09-24T05:21:47.025Z][0m [UtilityProcess id: 1, type: extensionHost, pid: 29953]: crashed with code 15 and reason 'killed'
[22245:0924/132147.039115:ERROR:content/common/zygote/zygote_communication_linux.cc:293] Failed to send GetTerminationStatus message to zygote
[22245:0924/132147.039145:WARNING:content/common/zygote/zygote_communication_linux.cc:305] Socket closed prematurely.
Renderer process clean-exit - see https://www.electronjs.org/docs/tutorial/application-debugging for potential debugging information.
[91m[main 2026-09-24T05:21:47.059Z][0m CodeWindow: renderer process gone (reason: clean-exit, code: <unknown>)
Error sending from webFrameMain:  Error: Render frame was disposed before WebFrameMain could be accessed
    at s.send (node:electron/js2c/browser_init:2:103455)
    at b.send (node:electron/js2c/browser_init:2:87820)
    at Lx.send (file:///usr/share/cursor/resources/app/out/main.js:35:32772)
    at _b.sendBuffer (file:///usr/share/cursor/resources/app/out/main.js:33:12539)
    at _b.send (file:///usr/share/cursor/resources/app/out/main.js:33:12458)
    at _b.sendResponse (file:///usr/share/cursor/resources/app/out/main.js:33:12305)
    at Ou.value (file:///usr/share/cursor/resources/app/out/main.js:34:343)
    at P._deliver (file:///usr/share/cursor/resources/app/out/main.js:32:3595)
    at P.fire (file:///usr/share/cursor/resources/app/out/main.js:32:3915)
    at file:///usr/share/cursor/resources/app/out/main.js:30:7733
    at Ou.value (file:///usr/share/cursor/resources/app/out/main.js:30:6472)
    at P._deliver (file:///usr/share/cursor/resources/app/out/main.js:32:3595)
    at P._deliverQueue (file:///usr/share/cursor/resources/app/out/main.js:32:3686)
    at P.fire (file:///usr/share/cursor/resources/app/out/main.js:32:4022)
    at Ou.value (file:///usr/share/cursor/resources/app/out/main.js:30:6325)
    at P._deliver (file:///usr/share/cursor/resources/app/out/main.js:32:3595)
    at P.fire (file:///usr/share/cursor/resources/app/out/main.js:32:3915)
    at EventEmitter.ae (file:///usr/share/cursor/resources/app/out/main.js:30:8698)
    at EventEmitter.emit (node:events:521:24)
    at BrowserWindow.<anonymous> (node:electron/js2c/browser_init:2:18435)
    at BrowserWindow.emit (node:events:509:28)
[22245:0924/132147.149631:WARNING:content/browser/gpu/gpu_process_host.cc:1026] Reinitialized the GPU process after a crash. The reported initialization time was 0 ms
[22245:0924/132156.489628:ERROR:content/browser/browser_main_loop.cc:290] GLib-GObject: ../../../gobject/gsignal.c:2685: instance '0x4c001d8d90' has no handler with id '2137'
[22245:0924/132156.643520:WARNING:electron/shell/browser/lib/power_observer_linux.cc:115] Trying to unsubscribe to shutdown without being subscribed
Error sending from webFrameMain:  Error: Render frame was disposed before WebFrameMain could be accessed
    at s.send (node:electron/js2c/browser_init:2:103455)
    at b.send (node:electron/js2c/browser_init:2:87820)
    at Lx.send (file:///usr/share/cursor/resources/app/out/main.js:35:32772)
    at _b.sendBuffer (file:///usr/share/cursor/resources/app/out/main.js:33:12539)
    at _b.send (file:///usr/share/cursor/resources/app/out/main.js:33:12458)
    at _b.sendResponse (file:///usr/share/cursor/resources/app/out/main.js:33:12305)
    at Ou.value (file:///usr/share/cursor/resources/app/out/main.js:34:343)
    at P._deliver (file:///usr/share/cursor/resources/app/out/main.js:32:3595)
    at P.fire (file:///usr/share/cursor/resources/app/out/main.js:32:3915)
    at Ou.value (file:///usr/share/cursor/resources/app/out/main.js:30:6325)
    at P._deliver (file:///usr/share/cursor/resources/app/out/main.js:32:3595)
    at P.fire (file:///usr/share/cursor/resources/app/out/main.js:32:3915)
    at Ou.value (file:///usr/share/cursor/resources/app/out/main.js:30:6131)
    at P._deliver (file:///usr/share/cursor/resources/app/out/main.js:32:3595)
    at P._deliverQueue (file:///usr/share/cursor/resources/app/out/main.js:32:3686)
    at P.fire (file:///usr/share/cursor/resources/app/out/main.js:32:4022)
    at nB.deregisterLogger (file:///usr/share/cursor/resources/app/out/main.js:37:20977)
    at nB.deregisterLogger (file:///usr/share/cursor/resources/app/out/main.js:76:37999)
    at nB.deregisterLoggers (file:///usr/share/cursor/resources/app/out/main.js:76:38762)
    at zh.dispose (file:///usr/share/cursor/resources/app/out/main.js:146:514)
    at Ou.value (file:///usr/share/cursor/resources/app/out/main.js:142:44247)
    at P._deliver (file:///usr/share/cursor/resources/app/out/main.js:32:3595)
    at P.fire (file:///usr/share/cursor/resources/app/out/main.js:32:3915)
    at BrowserWindow.ae (file:///usr/share/cursor/resources/app/out/main.js:30:8698)
    at BrowserWindow.emit (node:events:521:24)
    at zh.destroyWindow (file:///usr/share/cursor/resources/app/out/main.js:142:59455)
    at zh.onWindowError (file:///usr/share/cursor/resources/app/out/main.js:142:58756)
Error sending from webFrameMain:  Error: Render frame was disposed before WebFrameMain could be accessed
    at s.send (node:electron/js2c/browser_init:2:103455)
    at b.send (node:electron/js2c/browser_init:2:87820)
    at Lx.send (file:///usr/share/cursor/resources/app/out/main.js:35:32772)
    at _b.sendBuffer (file:///usr/share/cursor/resources/app/out/main.js:33:12539)
    at _b.send (file:///usr/share/cursor/resources/app/out/main.js:33:12458)
    at _b.sendResponse (file:///usr/share/cursor/resources/app/out/main.js:33:12305)
    at Ou.value (file:///usr/share/cursor/resources/app/out/main.js:34:343)
    at P._deliver (file:///usr/share/cursor/resources/app/out/main.js:32:3595)
    at P.fire (file:///usr/share/cursor/resources/app/out/main.js:32:3915)
    at Ou.value (file:///usr/share/cursor/resources/app/out/main.js:30:6325)
    at P._deliver (file:///usr/share/cursor/resources/app/out/main.js:32:3595)
    at P.fire (file:///usr/share/cursor/resources/app/out/main.js:32:3915)
    at Ou.value (file:///usr/share/cursor/resources/app/out/main.js:30:6131)
    at P._deliver (file:///usr/share/cursor/resources/app/out/main.js:32:3595)
    at P._deliverQueue (file:///usr/share/cursor/resources/app/out/main.js:32:3686)
    at P.fire (file:///usr/share/cursor/resources/app/out/main.js:32:4022)
    at nB.deregisterLogger (file:///usr/share/cursor/resources/app/out/main.js:37:20977)
    at nB.deregisterLogger (file:///usr/share/cursor/resources/app/out/main.js:76:37999)
    at nB.deregisterLoggers (file:///usr/share/cursor/resources/app/out/main.js:76:38762)
    at zh.dispose (file:///usr/share/cursor/resources/app/out/main.js:146:514)
    at Ou.value (file:///usr/share/cursor/resources/app/out/main.js:142:44247)
    at P._deliver (file:///usr/share/cursor/resources/app/out/main.js:32:3595)
    at P.fire (file:///usr/share/cursor/resources/app/out/main.js:32:3915)
    at BrowserWindow.ae (file:///usr/share/cursor/resources/app/out/main.js:30:8698)
    at BrowserWindow.emit (node:events:521:24)
    at zh.destroyWindow (file:///usr/share/cursor/resources/app/out/main.js:142:59455)
    at zh.onWindowError (file:///usr/share/cursor/resources/app/out/main.js:142:58756)
Error sending from webFrameMain:  Error: Render frame was disposed before WebFrameMain could be accessed
    at s.send (node:electron/js2c/browser_init:2:103455)
    at b.send (node:electron/js2c/browser_init:2:87820)
    at Lx.send (file:///usr/share/cursor/resources/app/out/main.js:35:32772)
    at _b.sendBuffer (file:///usr/share/cursor/resources/app/out/main.js:33:12539)
    at _b.send (file:///usr/share/cursor/resources/app/out/main.js:33:12458)
    at _b.sendResponse (file:///usr/share/cursor/resources/app/out/main.js:33:12305)
    at Ou.value (file:///usr/share/cursor/resources/app/out/main.js:34:343)
    at P._deliver (file:///usr/share/cursor/resources/app/out/main.js:32:3595)
    at P.fire (file:///usr/share/cursor/resources/app/out/main.js:32:3915)
    at Ou.value (file:///usr/share/cursor/resources/app/out/main.js:30:6325)
    at P._deliver (file:///usr/share/cursor/resources/app/out/main.js:32:3595)
    at P.fire (file:///usr/share/cursor/resources/app/out/main.js:32:3915)
    at Ou.value (file:///usr/share/cursor/resources/app/out/main.js:30:6131)
    at P._deliver (file:///usr/share/cursor/resources/app/out/main.js:32:3595)
    at P._deliverQueue (file:///usr/share/cursor/resources/app/out/main.js:32:3686)
    at P.fire (file:///usr/share/cursor/resources/app/out/main.js:32:4022)
    at nB.deregisterLogger (file:///usr/share/cursor/resources/app/out/main.js:37:20977)
    at nB.deregisterLogger (file:///usr/share/cursor/resources/app/out/main.js:76:37999)
    at nB.deregisterLoggers (file:///usr/share/cursor/resources/app/out/main.js:76:38762)
    at zh.dispose (file:///usr/share/cursor/resources/app/out/main.js:146:514)
    at Ou.value (file:///usr/share/cursor/resources/app/out/main.js:142:44247)
    at P._deliver (file:///usr/share/cursor/resources/app/out/main.js:32:3595)
    at P.fire (file:///usr/share/cursor/resources/app/out/main.js:32:3915)
    at BrowserWindow.ae (file:///usr/share/cursor/resources/app/out/main.js:30:8698)
    at BrowserWindow.emit (node:events:521:24)
    at zh.destroyWindow (file:///usr/share/cursor/resources/app/out/main.js:142:59455)
    at zh.onWindowError (file:///usr/share/cursor/resources/app/out/main.js:142:58756)
Error sending from webFrameMain:  Error: Render frame was disposed before WebFrameMain could be accessed
    at s.send (node:electron/js2c/browser_init:2:103455)
    at b.send (node:electron/js2c/browser_init:2:87820)
    at Lx.send (file:///usr/share/cursor/resources/app/out/main.js:35:32772)
    at _b.sendBuffer (file:///usr/share/cursor/resources/app/out/main.js:33:12539)
    at _b.send (file:///usr/share/cursor/resources/app/out/main.js:33:12458)
    at _b.sendResponse (file:///usr/share/cursor/resources/app/out/main.js:33:12305)
    at Ou.value (file:///usr/share/cursor/resources/app/out/main.js:34:343)
    at P._deliver (file:///usr/share/cursor/resources/app/out/main.js:32:3595)
    at P.fire (file:///usr/share/cursor/resources/app/out/main.js:32:3915)
    at Ou.value (file:///usr/share/cursor/resources/app/out/main.js:30:6325)
    at P._deliver (file:///usr/share/cursor/resources/app/out/main.js:32:3595)
    at P.fire (file:///usr/share/cursor/resources/app/out/main.js:32:3915)
    at Ou.value (file:///usr/share/cursor/resources/app/out/main.js:30:6131)
    at P._deliver (file:///usr/share/cursor/resources/app/out/main.js:32:3595)
    at P._deliverQueue (file:///usr/share/cursor/resources/app/out/main.js:32:3686)
    at P.fire (file:///usr/share/cursor/resources/app/out/main.js:32:4022)
    at nB.deregisterLogger (file:///usr/share/cursor/resources/app/out/main.js:37:20977)
    at nB.deregisterLogger (file:///usr/share/cursor/resources/app/out/main.js:76:37999)
    at nB.deregisterLoggers (file:///usr/share/cursor/resources/app/out/main.js:76:38762)
    at zh.dispose (file:///usr/share/cursor/resources/app/out/main.js:146:514)
    at Ou.value (file:///usr/share/cursor/resources/app/out/main.js:142:44247)
    at P._deliver (file:///usr/share/cursor/resources/app/out/main.js:32:3595)
    at P.fire (file:///usr/share/cursor/resources/app/out/main.js:32:3915)
    at BrowserWindow.ae (file:///usr/share/cursor/resources/app/out/main.js:30:8698)
    at BrowserWindow.emit (node:events:521:24)
    at zh.destroyWindow (file:///usr/share/cursor/resources/app/out/main.js:142:59455)
    at zh.onWindowError (file:///usr/share/cursor/resources/app/out/main.js:142:58756)
Error sending from webFrameMain:  Error: Render frame was disposed before WebFrameMain could be accessed
    at s.send (node:electron/js2c/browser_init:2:103455)
    at b.send (node:electron/js2c/browser_init:2:87820)
    at Lx.send (file:///usr/share/cursor/resources/app/out/main.js:35:32772)
    at _b.sendBuffer (file:///usr/share/cursor/resources/app/out/main.js:33:12539)
    at _b.send (file:///usr/share/cursor/resources/app/out/main.js:33:12458)
    at _b.sendResponse (file:///usr/share/cursor/resources/app/out/main.js:33:12305)
    at Ou.value (file:///usr/share/cursor/resources/app/out/main.js:34:343)
    at P._deliver (file:///usr/share/cursor/resources/app/out/main.js:32:3595)
    at P.fire (file:///usr/share/cursor/resources/app/out/main.js:32:3915)
    at Ou.value (file:///usr/share/cursor/resources/app/out/main.js:30:6325)
    at P._deliver (file:///usr/share/cursor/resources/app/out/main.js:32:3595)
    at P.fire (file:///usr/share/cursor/resources/app/out/main.js:32:3915)
    at Ou.value (file:///usr/share/cursor/resources/app/out/main.js:30:6131)
    at P._deliver (file:///usr/share/cursor/resources/app/out/main.js:32:3595)
    at P._deliverQueue (file:///usr/share/cursor/resources/app/out/main.js:32:3686)
    at P.fire (file:///usr/share/cursor/resources/app/out/main.js:32:4022)
    at nB.deregisterLogger (file:///usr/share/cursor/resources/app/out/main.js:37:20977)
    at nB.deregisterLogger (file:///usr/share/cursor/resources/app/out/main.js:76:37999)
    at nB.deregisterLoggers (file:///usr/share/cursor/resources/app/out/main.js:76:38762)
    at zh.dispose (file:///usr/share/cursor/resources/app/out/main.js:146:514)
    at Ou.value (file:///usr/share/cursor/resources/app/out/main.js:142:44247)
    at P._deliver (file:///usr/share/cursor/resources/app/out/main.js:32:3595)
    at P.fire (file:///usr/share/cursor/resources/app/out/main.js:32:3915)
    at BrowserWindow.ae (file:///usr/share/cursor/resources/app/out/main.js:30:8698)
    at BrowserWindow.emit (node:events:521:24)
    at zh.destroyWindow (file:///usr/share/cursor/resources/app/out/main.js:142:59455)
    at zh.onWindowError (file:///usr/share/cursor/resources/app/out/main.js:142:58756)
Error sending from webFrameMain:  Error: Render frame was disposed before WebFrameMain could be accessed
    at s.send (node:electron/js2c/browser_init:2:103455)
    at b.send (node:electron/js2c/browser_init:2:87820)
    at Lx.send (file:///usr/share/cursor/resources/app/out/main.js:35:32772)
    at _b.sendBuffer (file:///usr/share/cursor/resources/app/out/main.js:33:12539)
    at _b.send (file:///usr/share/cursor/resources/app/out/main.js:33:12458)
    at _b.sendResponse (file:///usr/share/cursor/resources/app/out/main.js:33:12305)
    at Ou.value (file:///usr/share/cursor/resources/app/out/main.js:34:343)
    at P._deliver (file:///usr/share/cursor/resources/app/out/main.js:32:3595)
    at P.fire (file:///usr/share/cursor/resources/app/out/main.js:32:3915)
    at Ou.value (file:///usr/share/cursor/resources/app/out/main.js:30:6325)
    at P._deliver (file:///usr/share/cursor/resources/app/out/main.js:32:3595)
    at P.fire (file:///usr/share/cursor/resources/app/out/main.js:32:3915)
    at Ou.value (file:///usr/share/cursor/resources/app/out/main.js:30:6131)
    at P._deliver (file:///usr/share/cursor/resources/app/out/main.js:32:3595)
    at P._deliverQueue (file:///usr/share/cursor/resources/app/out/main.js:32:3686)
    at P.fire (file:///usr/share/cursor/resources/app/out/main.js:32:4022)
    at nB.deregisterLogger (file:///usr/share/cursor/resources/app/out/main.js:37:20977)
    at nB.deregisterLogger (file:///usr/share/cursor/resources/app/out/main.js:76:37999)
    at nB.deregisterLoggers (file:///usr/share/cursor/resources/app/out/main.js:76:38762)
    at zh.dispose (file:///usr/share/cursor/resources/app/out/main.js:146:514)
    at Ou.value (file:///usr/share/cursor/resources/app/out/main.js:142:44247)
    at P._deliver (file:///usr/share/cursor/resources/app/out/main.js:32:3595)
    at P.fire (file:///usr/share/cursor/resources/app/out/main.js:32:3915)
    at BrowserWindow.ae (file:///usr/share/cursor/resources/app/out/main.js:30:8698)
    at BrowserWindow.emit (node:events:521:24)
    at zh.destroyWindow (file:///usr/share/cursor/resources/app/out/main.js:142:59455)
    at zh.onWindowError (file:///usr/share/cursor/resources/app/out/main.js:142:58756)
Error sending from webFrameMain:  Error: Render frame was disposed before WebFrameMain could be accessed
    at s.send (node:electron/js2c/browser_init:2:103455)
    at b.send (node:electron/js2c/browser_init:2:87820)
    at Lx.send (file:///usr/share/cursor/resources/app/out/main.js:35:32772)
    at _b.sendBuffer (file:///usr/share/cursor/resources/app/out/main.js:33:12539)
    at _b.send (file:///usr/share/cursor/resources/app/out/main.js:33:12458)
    at _b.sendResponse (file:///usr/share/cursor/resources/app/out/main.js:33:12305)
    at Ou.value (file:///usr/share/cursor/resources/app/out/main.js:34:343)
    at P._deliver (file:///usr/share/cursor/resources/app/out/main.js:32:3595)
    at P.fire (file:///usr/share/cursor/resources/app/out/main.js:32:3915)
    at Ou.value (file:///usr/share/cursor/resources/app/out/main.js:30:6325)
    at P._deliver (file:///usr/share/cursor/resources/app/out/main.js:32:3595)
    at P.fire (file:///usr/share/cursor/resources/app/out/main.js:32:3915)
    at Ou.value (file:///usr/share/cursor/resources/app/out/main.js:30:6131)
    at P._deliver (file:///usr/share/cursor/resources/app/out/main.js:32:3595)
    at P._deliverQueue (file:///usr/share/cursor/resources/app/out/main.js:32:3686)
    at P.fire (file:///usr/share/cursor/resources/app/out/main.js:32:4022)
    at nB.deregisterLogger (file:///usr/share/cursor/resources/app/out/main.js:37:20977)
    at nB.deregisterLogger (file:///usr/share/cursor/resources/app/out/main.js:76:37999)
    at nB.deregisterLoggers (file:///usr/share/cursor/resources/app/out/main.js:76:38762)
    at zh.dispose (file:///usr/share/cursor/resources/app/out/main.js:146:514)
    at Ou.value (file:///usr/share/cursor/resources/app/out/main.js:142:44247)
    at P._deliver (file:///usr/share/cursor/resources/app/out/main.js:32:3595)
    at P.fire (file:///usr/share/cursor/resources/app/out/main.js:32:3915)
    at BrowserWindow.ae (file:///usr/share/cursor/resources/app/out/main.js:30:8698)
    at BrowserWindow.emit (node:events:521:24)
    at zh.destroyWindow (file:///usr/share/cursor/resources/app/out/main.js:142:59455)
    at zh.onWindowError (file:///usr/share/cursor/resources/app/out/main.js:142:58756)
Error sending from webFrameMain:  Error: Render frame was disposed before WebFrameMain could be accessed
    at s.send (node:electron/js2c/browser_init:2:103455)
    at b.send (node:electron/js2c/browser_init:2:87820)
    at Lx.send (file:///usr/share/cursor/resources/app/out/main.js:35:32772)
    at _b.sendBuffer (file:///usr/share/cursor/resources/app/out/main.js:33:12539)
    at _b.send (file:///usr/share/cursor/resources/app/out/main.js:33:12458)
    at _b.sendResponse (file:///usr/share/cursor/resources/app/out/main.js:33:12305)
    at Ou.value (file:///usr/share/cursor/resources/app/out/main.js:34:343)
    at P._deliver (file:///usr/share/cursor/resources/app/out/main.js:32:3595)
    at P.fire (file:///usr/share/cursor/resources/app/out/main.js:32:3915)
    at Ou.value (file:///usr/share/cursor/resources/app/out/main.js:30:6325)
    at P._deliver (file:///usr/share/cursor/resources/app/out/main.js:32:3595)
    at P.fire (file:///usr/share/cursor/resources/app/out/main.js:32:3915)
    at Ou.value (file:///usr/share/cursor/resources/app/out/main.js:30:6131)
    at P._deliver (file:///usr/share/cursor/resources/app/out/main.js:32:3595)
    at P._deliverQueue (file:///usr/share/cursor/resources/app/out/main.js:32:3686)
    at P.fire (file:///usr/share/cursor/resources/app/out/main.js:32:4022)
    at nB.deregisterLogger (file:///usr/share/cursor/resources/app/out/main.js:37:20977)
    at nB.deregisterLogger (file:///usr/share/cursor/resources/app/out/main.js:76:37999)
    at nB.deregisterLoggers (file:///usr/share/cursor/resources/app/out/main.js:76:38762)
    at zh.dispose (file:///usr/share/cursor/resources/app/out/main.js:146:514)
    at Ou.value (file:///usr/share/cursor/resources/app/out/main.js:142:44247)
    at P._deliver (file:///usr/share/cursor/resources/app/out/main.js:32:3595)
    at P.fire (file:///usr/share/cursor/resources/app/out/main.js:32:3915)
    at BrowserWindow.ae (file:///usr/share/cursor/resources/app/out/main.js:30:8698)
    at BrowserWindow.emit (node:events:521:24)
    at zh.destroyWindow (file:///usr/share/cursor/resources/app/out/main.js:142:59455)
    at zh.onWindowError (file:///usr/share/cursor/resources/app/out/main.js:142:58756)
Error sending from webFrameMain:  Error: Render frame was disposed before WebFrameMain could be accessed
    at s.send (node:electron/js2c/browser_init:2:103455)
    at b.send (node:electron/js2c/browser_init:2:87820)
    at Lx.send (file:///usr/share/cursor/resources/app/out/main.js:35:32772)
    at _b.sendBuffer (file:///usr/share/cursor/resources/app/out/main.js:33:12539)
    at _b.send (file:///usr/share/cursor/resources/app/out/main.js:33:12458)
    at _b.sendResponse (file:///usr/share/cursor/resources/app/out/main.js:33:12305)
    at Ou.value (file:///usr/share/cursor/resources/app/out/main.js:34:343)
    at P._deliver (file:///usr/share/cursor/resources/app/out/main.js:32:3595)
    at P.fire (file:///usr/share/cursor/resources/app/out/main.js:32:3915)
    at Ou.value (file:///usr/share/cursor/resources/app/out/main.js:30:6325)
    at P._deliver (file:///usr/share/cursor/resources/app/out/main.js:32:3595)
    at P.fire (file:///usr/share/cursor/resources/app/out/main.js:32:3915)
    at Ou.value (file:///usr/share/cursor/resources/app/out/main.js:30:6131)
    at P._deliver (file:///usr/share/cursor/resources/app/out/main.js:32:3595)
    at P._deliverQueue (file:///usr/share/cursor/resources/app/out/main.js:32:3686)
    at P.fire (file:///usr/share/cursor/resources/app/out/main.js:32:4022)
    at nB.deregisterLogger (file:///usr/share/cursor/resources/app/out/main.js:37:20977)
    at nB.deregisterLogger (file:///usr/share/cursor/resources/app/out/main.js:76:37999)
    at nB.deregisterLoggers (file:///usr/share/cursor/resources/app/out/main.js:76:38762)
    at zh.dispose (file:///usr/share/cursor/resources/app/out/main.js:146:514)
    at Ou.value (file:///usr/share/cursor/resources/app/out/main.js:142:44247)
    at P._deliver (file:///usr/share/cursor/resources/app/out/main.js:32:3595)
    at P.fire (file:///usr/share/cursor/resources/app/out/main.js:32:3915)
    at BrowserWindow.ae (file:///usr/share/cursor/resources/app/out/main.js:30:8698)
    at BrowserWindow.emit (node:events:521:24)
    at zh.destroyWindow (file:///usr/share/cursor/resources/app/out/main.js:142:59455)
    at zh.onWindowError (file:///usr/share/cursor/resources/app/out/main.js:142:58756)
Error sending from webFrameMain:  Error: Render frame was disposed before WebFrameMain could be accessed
    at s.send (node:electron/js2c/browser_init:2:103455)
    at b.send (node:electron/js2c/browser_init:2:87820)
    at Lx.send (file:///usr/share/cursor/resources/app/out/main.js:35:32772)
    at _b.sendBuffer (file:///usr/share/cursor/resources/app/out/main.js:33:12539)
    at _b.send (file:///usr/share/cursor/resources/app/out/main.js:33:12458)
    at _b.sendResponse (file:///usr/share/cursor/resources/app/out/main.js:33:12305)
    at Ou.value (file:///usr/share/cursor/resources/app/out/main.js:34:343)
    at P._deliver (file:///usr/share/cursor/resources/app/out/main.js:32:3595)
    at P.fire (file:///usr/share/cursor/resources/app/out/main.js:32:3915)
    at Ou.value (file:///usr/share/cursor/resources/app/out/main.js:30:6325)
    at P._deliver (file:///usr/share/cursor/resources/app/out/main.js:32:3595)
    at P.fire (file:///usr/share/cursor/resources/app/out/main.js:32:3915)
    at Ou.value (file:///usr/share/cursor/resources/app/out/main.js:30:6131)
    at P._deliver (file:///usr/share/cursor/resources/app/out/main.js:32:3595)
    at P._deliverQueue (file:///usr/share/cursor/resources/app/out/main.js:32:3686)
    at P.fire (file:///usr/share/cursor/resources/app/out/main.js:32:4022)
    at nB.deregisterLogger (file:///usr/share/cursor/resources/app/out/main.js:37:20977)
    at nB.deregisterLogger (file:///usr/share/cursor/resources/app/out/main.js:76:37999)
    at nB.deregisterLoggers (file:///usr/share/cursor/resources/app/out/main.js:76:38762)
    at zh.dispose (file:///usr/share/cursor/resources/app/out/main.js:146:514)
    at Ou.value (file:///usr/share/cursor/resources/app/out/main.js:142:44247)
    at P._deliver (file:///usr/share/cursor/resources/app/out/main.js:32:3595)
    at P.fire (file:///usr/share/cursor/resources/app/out/main.js:32:3915)
    at BrowserWindow.ae (file:///usr/share/cursor/resources/app/out/main.js:30:8698)
    at BrowserWindow.emit (node:events:521:24)
    at zh.destroyWindow (file:///usr/share/cursor/resources/app/out/main.js:142:59455)
    at zh.onWindowError (file:///usr/share/cursor/resources/app/out/main.js:142:58756)
Error sending from webFrameMain:  Error: Render frame was disposed before WebFrameMain could be accessed
    at s.send (node:electron/js2c/browser_init:2:103455)
    at b.send (node:electron/js2c/browser_init:2:87820)
    at Lx.send (file:///usr/share/cursor/resources/app/out/main.js:35:32772)
    at _b.sendBuffer (file:///usr/share/cursor/resources/app/out/main.js:33:12539)
    at _b.send (file:///usr/share/cursor/resources/app/out/main.js:33:12458)
    at _b.sendResponse (file:///usr/share/cursor/resources/app/out/main.js:33:12305)
    at Ou.value (file:///usr/share/cursor/resources/app/out/main.js:34:343)
    at P._deliver (file:///usr/share/cursor/resources/app/out/main.js:32:3595)
    at P.fire (file:///usr/share/cursor/resources/app/out/main.js:32:3915)
    at Ou.value (file:///usr/share/cursor/resources/app/out/main.js:30:6325)
    at P._deliver (file:///usr/share/cursor/resources/app/out/main.js:32:3595)
    at P.fire (file:///usr/share/cursor/resources/app/out/main.js:32:3915)
    at Ou.value (file:///usr/share/cursor/resources/app/out/main.js:30:6131)
    at P._deliver (file:///usr/share/cursor/resources/app/out/main.js:32:3595)
    at P._deliverQueue (file:///usr/share/cursor/resources/app/out/main.js:32:3686)
    at P.fire (file:///usr/share/cursor/resources/app/out/main.js:32:4022)
    at nB.deregisterLogger (file:///usr/share/cursor/resources/app/out/main.js:37:20977)
    at nB.deregisterLogger (file:///usr/share/cursor/resources/app/out/main.js:76:37999)
    at nB.deregisterLoggers (file:///usr/share/cursor/resources/app/out/main.js:76:38762)
    at zh.dispose (file:///usr/share/cursor/resources/app/out/main.js:146:514)
    at Ou.value (file:///usr/share/cursor/resources/app/out/main.js:142:44247)
    at P._deliver (file:///usr/share/cursor/resources/app/out/main.js:32:3595)
    at P.fire (file:///usr/share/cursor/resources/app/out/main.js:32:3915)
    at BrowserWindow.ae (file:///usr/share/cursor/resources/app/out/main.js:30:8698)
    at BrowserWindow.emit (node:events:521:24)
    at zh.destroyWindow (file:///usr/share/cursor/resources/app/out/main.js:142:59455)
    at zh.onWindowError (file:///usr/share/cursor/resources/app/out/main.js:142:58756)
Error sending from webFrameMain:  Error: Render frame was disposed before WebFrameMain could be accessed
    at s.send (node:electron/js2c/browser_init:2:103455)
    at b.send (node:electron/js2c/browser_init:2:87820)
    at Lx.send (file:///usr/share/cursor/resources/app/out/main.js:35:32772)
    at _b.sendBuffer (file:///usr/share/cursor/resources/app/out/main.js:33:12539)
    at _b.send (file:///usr/share/cursor/resources/app/out/main.js:33:12458)
    at _b.sendResponse (file:///usr/share/cursor/resources/app/out/main.js:33:12305)
    at Ou.value (file:///usr/share/cursor/resources/app/out/main.js:34:343)
    at P._deliver (file:///usr/share/cursor/resources/app/out/main.js:32:3595)
    at P.fire (file:///usr/share/cursor/resources/app/out/main.js:32:3915)
    at Ou.value (file:///usr/share/cursor/resources/app/out/main.js:30:6325)
    at P._deliver (file:///usr/share/cursor/resources/app/out/main.js:32:3595)
    at P.fire (file:///usr/share/cursor/resources/app/out/main.js:32:3915)
    at Ou.value (file:///usr/share/cursor/resources/app/out/main.js:30:6131)
    at P._deliver (file:///usr/share/cursor/resources/app/out/main.js:32:3595)
    at P._deliverQueue (file:///usr/share/cursor/resources/app/out/main.js:32:3686)
    at P.fire (file:///usr/share/cursor/resources/app/out/main.js:32:4022)
    at nB.deregisterLogger (file:///usr/share/cursor/resources/app/out/main.js:37:20977)
    at nB.deregisterLogger (file:///usr/share/cursor/resources/app/out/main.js:76:37999)
    at nB.deregisterLoggers (file:///usr/share/cursor/resources/app/out/main.js:76:38762)
    at zh.dispose (file:///usr/share/cursor/resources/app/out/main.js:146:514)
    at Ou.value (file:///usr/share/cursor/resources/app/out/main.js:142:44247)
    at P._deliver (file:///usr/share/cursor/resources/app/out/main.js:32:3595)
    at P.fire (file:///usr/share/cursor/resources/app/out/main.js:32:3915)
    at BrowserWindow.ae (file:///usr/share/cursor/resources/app/out/main.js:30:8698)
    at BrowserWindow.emit (node:events:521:24)
    at zh.destroyWindow (file:///usr/share/cursor/resources/app/out/main.js:142:59455)
    at zh.onWindowError (file:///usr/share/cursor/resources/app/out/main.js:142:58756)
Error sending from webFrameMain:  Error: Render frame was disposed before WebFrameMain could be accessed
    at s.send (node:electron/js2c/browser_init:2:103455)
    at b.send (node:electron/js2c/browser_init:2:87820)
    at Lx.send (file:///usr/share/cursor/resources/app/out/main.js:35:32772)
    at _b.sendBuffer (file:///usr/share/cursor/resources/app/out/main.js:33:12539)
    at _b.send (file:///usr/share/cursor/resources/app/out/main.js:33:12458)
    at _b.sendResponse (file:///usr/share/cursor/resources/app/out/main.js:33:12305)
    at Ou.value (file:///usr/share/cursor/resources/app/out/main.js:34:343)
    at P._deliver (file:///usr/share/cursor/resources/app/out/main.js:32:3595)
    at P.fire (file:///usr/share/cursor/resources/app/out/main.js:32:3915)
    at Ou.value (file:///usr/share/cursor/resources/app/out/main.js:30:6325)
    at P._deliver (file:///usr/share/cursor/resources/app/out/main.js:32:3595)
    at P.fire (file:///usr/share/cursor/resources/app/out/main.js:32:3915)
    at Ou.value (file:///usr/share/cursor/resources/app/out/main.js:30:6131)
    at P._deliver (file:///usr/share/cursor/resources/app/out/main.js:32:3595)
    at P._deliverQueue (file:///usr/share/cursor/resources/app/out/main.js:32:3686)
    at P.fire (file:///usr/share/cursor/resources/app/out/main.js:32:4022)
    at nB.deregisterLogger (file:///usr/share/cursor/resources/app/out/main.js:37:20977)
    at nB.deregisterLogger (file:///usr/share/cursor/resources/app/out/main.js:76:37999)
    at nB.deregisterLoggers (file:///usr/share/cursor/resources/app/out/main.js:76:38762)
    at zh.dispose (file:///usr/share/cursor/resources/app/out/main.js:146:514)
    at Ou.value (file:///usr/share/cursor/resources/app/out/main.js:142:44247)
    at P._deliver (file:///usr/share/cursor/resources/app/out/main.js:32:3595)
    at P.fire (file:///usr/share/cursor/resources/app/out/main.js:32:3915)
    at BrowserWindow.ae (file:///usr/share/cursor/resources/app/out/main.js:30:8698)
    at BrowserWindow.emit (node:events:521:24)
    at zh.destroyWindow (file:///usr/share/cursor/resources/app/out/main.js:142:59455)
    at zh.onWindowError (file:///usr/share/cursor/resources/app/out/main.js:142:58756)
Error sending from webFrameMain:  Error: Render frame was disposed before WebFrameMain could be accessed
    at s.send (node:electron/js2c/browser_init:2:103455)
    at b.send (node:electron/js2c/browser_init:2:87820)
    at Lx.send (file:///usr/share/cursor/resources/app/out/main.js:35:32772)
    at _b.sendBuffer (file:///usr/share/cursor/resources/app/out/main.js:33:12539)
    at _b.send (file:///usr/share/cursor/resources/app/out/main.js:33:12458)
    at _b.sendResponse (file:///usr/share/cursor/resources/app/out/main.js:33:12305)
    at Ou.value (file:///usr/share/cursor/resources/app/out/main.js:34:343)
    at P._deliver (file:///usr/share/cursor/resources/app/out/main.js:32:3595)
    at P.fire (file:///usr/share/cursor/resources/app/out/main.js:32:3915)
    at Ou.value (file:///usr/share/cursor/resources/app/out/main.js:30:6325)
    at P._deliver (file:///usr/share/cursor/resources/app/out/main.js:32:3595)
    at P.fire (file:///usr/share/cursor/resources/app/out/main.js:32:3915)
    at Ou.value (file:///usr/share/cursor/resources/app/out/main.js:30:6131)
    at P._deliver (file:///usr/share/cursor/resources/app/out/main.js:32:3595)
    at P._deliverQueue (file:///usr/share/cursor/resources/app/out/main.js:32:3686)
    at P.fire (file:///usr/share/cursor/resources/app/out/main.js:32:4022)
    at nB.deregisterLogger (file:///usr/share/cursor/resources/app/out/main.js:37:20977)
    at nB.deregisterLogger (file:///usr/share/cursor/resources/app/out/main.js:76:37999)
    at nB.deregisterLoggers (file:///usr/share/cursor/resources/app/out/main.js:76:38762)
    at zh.dispose (file:///usr/share/cursor/resources/app/out/main.js:146:514)
    at Ou.value (file:///usr/share/cursor/resources/app/out/main.js:142:44247)
    at P._deliver (file:///usr/share/cursor/resources/app/out/main.js:32:3595)
    at P.fire (file:///usr/share/cursor/resources/app/out/main.js:32:3915)
    at BrowserWindow.ae (file:///usr/share/cursor/resources/app/out/main.js:30:8698)
    at BrowserWindow.emit (node:events:521:24)
    at zh.destroyWindow (file:///usr/share/cursor/resources/app/out/main.js:142:59455)
    at zh.onWindowError (file:///usr/share/cursor/resources/app/out/main.js:142:58756)
Error sending from webFrameMain:  Error: Render frame was disposed before WebFrameMain could be accessed
    at s.send (node:electron/js2c/browser_init:2:103455)
    at b.send (node:electron/js2c/browser_init:2:87820)
    at Lx.send (file:///usr/share/cursor/resources/app/out/main.js:35:32772)
    at _b.sendBuffer (file:///usr/share/cursor/resources/app/out/main.js:33:12539)
    at _b.send (file:///usr/share/cursor/resources/app/out/main.js:33:12458)
    at _b.sendResponse (file:///usr/share/cursor/resources/app/out/main.js:33:12305)
    at Ou.value (file:///usr/share/cursor/resources/app/out/main.js:34:343)
    at P._deliver (file:///usr/share/cursor/resources/app/out/main.js:32:3595)
    at P.fire (file:///usr/share/cursor/resources/app/out/main.js:32:3915)
    at Ou.value (file:///usr/share/cursor/resources/app/out/main.js:30:6325)
    at P._deliver (file:///usr/share/cursor/resources/app/out/main.js:32:3595)
    at P.fire (file:///usr/share/cursor/resources/app/out/main.js:32:3915)
    at Ou.value (file:///usr/share/cursor/resources/app/out/main.js:30:6131)
    at P._deliver (file:///usr/share/cursor/resources/app/out/main.js:32:3595)
    at P._deliverQueue (file:///usr/share/cursor/resources/app/out/main.js:32:3686)
    at P.fire (file:///usr/share/cursor/resources/app/out/main.js:32:4022)
    at nB.deregisterLogger (file:///usr/share/cursor/resources/app/out/main.js:37:20977)
    at nB.deregisterLogger (file:///usr/share/cursor/resources/app/out/main.js:76:37999)
    at nB.deregisterLoggers (file:///usr/share/cursor/resources/app/out/main.js:76:38762)
    at zh.dispose (file:///usr/share/cursor/resources/app/out/main.js:146:514)
    at Ou.value (file:///usr/share/cursor/resources/app/out/main.js:142:44247)
    at P._deliver (file:///usr/share/cursor/resources/app/out/main.js:32:3595)
    at P.fire (file:///usr/share/cursor/resources/app/out/main.js:32:3915)
    at BrowserWindow.ae (file:///usr/share/cursor/resources/app/out/main.js:30:8698)
    at BrowserWindow.emit (node:events:521:24)
    at zh.destroyWindow (file:///usr/share/cursor/resources/app/out/main.js:142:59455)
    at zh.onWindowError (file:///usr/share/cursor/resources/app/out/main.js:142:58756)
Error sending from webFrameMain:  Error: Render frame was disposed before WebFrameMain could be accessed
    at s.send (node:electron/js2c/browser_init:2:103455)
    at b.send (node:electron/js2c/browser_init:2:87820)
    at Lx.send (file:///usr/share/cursor/resources/app/out/main.js:35:32772)
    at _b.sendBuffer (file:///usr/share/cursor/resources/app/out/main.js:33:12539)
    at _b.send (file:///usr/share/cursor/resources/app/out/main.js:33:12458)
    at _b.sendResponse (file:///usr/share/cursor/resources/app/out/main.js:33:12305)
    at Ou.value (file:///usr/share/cursor/resources/app/out/main.js:34:343)
    at P._deliver (file:///usr/share/cursor/resources/app/out/main.js:32:3595)
    at P.fire (file:///usr/share/cursor/resources/app/out/main.js:32:3915)
    at Ou.value (file:///usr/share/cursor/resources/app/out/main.js:30:6325)
    at P._deliver (file:///usr/share/cursor/resources/app/out/main.js:32:3595)
    at P.fire (file:///usr/share/cursor/resources/app/out/main.js:32:3915)
    at Ou.value (file:///usr/share/cursor/resources/app/out/main.js:30:6131)
    at P._deliver (file:///usr/share/cursor/resources/app/out/main.js:32:3595)
    at P._deliverQueue (file:///usr/share/cursor/resources/app/out/main.js:32:3686)
    at P.fire (file:///usr/share/cursor/resources/app/out/main.js:32:4022)
    at nB.deregisterLogger (file:///usr/share/cursor/resources/app/out/main.js:37:20977)
    at nB.deregisterLogger (file:///usr/share/cursor/resources/app/out/main.js:76:37999)
    at nB.deregisterLoggers (file:///usr/share/cursor/resources/app/out/main.js:76:38762)
    at zh.dispose (file:///usr/share/cursor/resources/app/out/main.js:146:514)
    at Ou.value (file:///usr/share/cursor/resources/app/out/main.js:142:44247)
    at P._deliver (file:///usr/share/cursor/resources/app/out/main.js:32:3595)
    at P.fire (file:///usr/share/cursor/resources/app/out/main.js:32:3915)
    at BrowserWindow.ae (file:///usr/share/cursor/resources/app/out/main.js:30:8698)
    at BrowserWindow.emit (node:events:521:24)
    at zh.destroyWindow (file:///usr/share/cursor/resources/app/out/main.js:142:59455)
    at zh.onWindowError (file:///usr/share/cursor/resources/app/out/main.js:142:58756)
Error sending from webFrameMain:  Error: Render frame was disposed before WebFrameMain could be accessed
    at s.send (node:electron/js2c/browser_init:2:103455)
    at b.send (node:electron/js2c/browser_init:2:87820)
    at Lx.send (file:///usr/share/cursor/resources/app/out/main.js:35:32772)
    at _b.sendBuffer (file:///usr/share/cursor/resources/app/out/main.js:33:12539)
    at _b.send (file:///usr/share/cursor/resources/app/out/main.js:33:12458)
    at _b.sendResponse (file:///usr/share/cursor/resources/app/out/main.js:33:12305)
    at Ou.value (file:///usr/share/cursor/resources/app/out/main.js:34:343)
    at P._deliver (file:///usr/share/cursor/resources/app/out/main.js:32:3595)
    at P.fire (file:///usr/share/cursor/resources/app/out/main.js:32:3915)
    at Ou.value (file:///usr/share/cursor/resources/app/out/main.js:30:6325)
    at P._deliver (file:///usr/share/cursor/resources/app/out/main.js:32:3595)
    at P.fire (file:///usr/share/cursor/resources/app/out/main.js:32:3915)
    at Ou.value (file:///usr/share/cursor/resources/app/out/main.js:30:6131)
    at P._deliver (file:///usr/share/cursor/resources/app/out/main.js:32:3595)
    at P._deliverQueue (file:///usr/share/cursor/resources/app/out/main.js:32:3686)
    at P.fire (file:///usr/share/cursor/resources/app/out/main.js:32:4022)
    at nB.deregisterLogger (file:///usr/share/cursor/resources/app/out/main.js:37:20977)
    at nB.deregisterLogger (file:///usr/share/cursor/resources/app/out/main.js:76:37999)
    at nB.deregisterLoggers (file:///usr/share/cursor/resources/app/out/main.js:76:38762)
    at zh.dispose (file:///usr/share/cursor/resources/app/out/main.js:146:514)
    at Ou.value (file:///usr/share/cursor/resources/app/out/main.js:142:44247)
    at P._deliver (file:///usr/share/cursor/resources/app/out/main.js:32:3595)
    at P.fire (file:///usr/share/cursor/resources/app/out/main.js:32:3915)
    at BrowserWindow.ae (file:///usr/share/cursor/resources/app/out/main.js:30:8698)
    at BrowserWindow.emit (node:events:521:24)
    at zh.destroyWindow (file:///usr/share/cursor/resources/app/out/main.js:142:59455)
    at zh.onWindowError (file:///usr/share/cursor/resources/app/out/main.js:142:58756)
Error sending from webFrameMain:  Error: Render frame was disposed before WebFrameMain could be accessed
    at s.send (node:electron/js2c/browser_init:2:103455)
    at b.send (node:electron/js2c/browser_init:2:87820)
    at Lx.send (file:///usr/share/cursor/resources/app/out/main.js:35:32772)
    at _b.sendBuffer (file:///usr/share/cursor/resources/app/out/main.js:33:12539)
    at _b.send (file:///usr/share/cursor/resources/app/out/main.js:33:12458)
    at _b.sendResponse (file:///usr/share/cursor/resources/app/out/main.js:33:12305)
    at Ou.value (file:///usr/share/cursor/resources/app/out/main.js:34:343)
    at P._deliver (file:///usr/share/cursor/resources/app/out/main.js:32:3595)
    at P.fire (file:///usr/share/cursor/resources/app/out/main.js:32:3915)
    at Ou.value (file:///usr/share/cursor/resources/app/out/main.js:30:6325)
    at P._deliver (file:///usr/share/cursor/resources/app/out/main.js:32:3595)
    at P.fire (file:///usr/share/cursor/resources/app/out/main.js:32:3915)
    at Ou.value (file:///usr/share/cursor/resources/app/out/main.js:30:6131)
    at P._deliver (file:///usr/share/cursor/resources/app/out/main.js:32:3595)
    at P._deliverQueue (file:///usr/share/cursor/resources/app/out/main.js:32:3686)
    at P.fire (file:///usr/share/cursor/resources/app/out/main.js:32:4022)
    at nB.deregisterLogger (file:///usr/share/cursor/resources/app/out/main.js:37:20977)
    at nB.deregisterLogger (file:///usr/share/cursor/resources/app/out/main.js:76:37999)
    at nB.deregisterLoggers (file:///usr/share/cursor/resources/app/out/main.js:76:38762)
    at zh.dispose (file:///usr/share/cursor/resources/app/out/main.js:146:514)
    at Ou.value (file:///usr/share/cursor/resources/app/out/main.js:142:44247)
    at P._deliver (file:///usr/share/cursor/resources/app/out/main.js:32:3595)
    at P.fire (file:///usr/share/cursor/resources/app/out/main.js:32:3915)
    at BrowserWindow.ae (file:///usr/share/cursor/resources/app/out/main.js:30:8698)
    at BrowserWindow.emit (node:events:521:24)
    at zh.destroyWindow (file:///usr/share/cursor/resources/app/out/main.js:142:59455)
    at zh.onWindowError (file:///usr/share/cursor/resources/app/out/main.js:142:58756)
Error sending from webFrameMain:  Error: Render frame was disposed before WebFrameMain could be accessed
    at s.send (node:electron/js2c/browser_init:2:103455)
    at b.send (node:electron/js2c/browser_init:2:87820)
    at Lx.send (file:///usr/share/cursor/resources/app/out/main.js:35:32772)
    at _b.sendBuffer (file:///usr/share/cursor/resources/app/out/main.js:33:12539)
    at _b.send (file:///usr/share/cursor/resources/app/out/main.js:33:12458)
    at _b.sendResponse (file:///usr/share/cursor/resources/app/out/main.js:33:12305)
    at Ou.value (file:///usr/share/cursor/resources/app/out/main.js:34:343)
    at P._deliver (file:///usr/share/cursor/resources/app/out/main.js:32:3595)
    at P.fire (file:///usr/share/cursor/resources/app/out/main.js:32:3915)
    at Ou.value (file:///usr/share/cursor/resources/app/out/main.js:30:6325)
    at P._deliver (file:///usr/share/cursor/resources/app/out/main.js:32:3595)
    at P.fire (file:///usr/share/cursor/resources/app/out/main.js:32:3915)
    at Ou.value (file:///usr/share/cursor/resources/app/out/main.js:30:6131)
    at P._deliver (file:///usr/share/cursor/resources/app/out/main.js:32:3595)
    at P._deliverQueue (file:///usr/share/cursor/resources/app/out/main.js:32:3686)
    at P.fire (file:///usr/share/cursor/resources/app/out/main.js:32:4022)
    at nB.deregisterLogger (file:///usr/share/cursor/resources/app/out/main.js:37:20977)
    at nB.deregisterLogger (file:///usr/share/cursor/resources/app/out/main.js:76:37999)
    at nB.deregisterLoggers (file:///usr/share/cursor/resources/app/out/main.js:76:38762)
    at zh.dispose (file:///usr/share/cursor/resources/app/out/main.js:146:514)
    at Ou.value (file:///usr/share/cursor/resources/app/out/main.js:142:44247)
    at P._deliver (file:///usr/share/cursor/resources/app/out/main.js:32:3595)
    at P.fire (file:///usr/share/cursor/resources/app/out/main.js:32:3915)
    at BrowserWindow.ae (file:///usr/share/cursor/resources/app/out/main.js:30:8698)
    at BrowserWindow.emit (node:events:521:24)
    at zh.destroyWindow (file:///usr/share/cursor/resources/app/out/main.js:142:59455)
    at zh.onWindowError (file:///usr/share/cursor/resources/app/out/main.js:142:58756)
Error sending from webFrameMain:  Error: Render frame was disposed before WebFrameMain could be accessed
    at s.send (node:electron/js2c/browser_init:2:103455)
    at b.send (node:electron/js2c/browser_init:2:87820)
    at Lx.send (file:///usr/share/cursor/resources/app/out/main.js:35:32772)
    at _b.sendBuffer (file:///usr/share/cursor/resources/app/out/main.js:33:12539)
    at _b.send (file:///usr/share/cursor/resources/app/out/main.js:33:12458)
    at _b.sendResponse (file:///usr/share/cursor/resources/app/out/main.js:33:12305)
    at Ou.value (file:///usr/share/cursor/resources/app/out/main.js:34:343)
    at P._deliver (file:///usr/share/cursor/resources/app/out/main.js:32:3595)
    at P.fire (file:///usr/share/cursor/resources/app/out/main.js:32:3915)
    at Ou.value (file:///usr/share/cursor/resources/app/out/main.js:30:6325)
    at P._deliver (file:///usr/share/cursor/resources/app/out/main.js:32:3595)
    at P.fire (file:///usr/share/cursor/resources/app/out/main.js:32:3915)
    at Ou.value (file:///usr/share/cursor/resources/app/out/main.js:30:6131)
    at P._deliver (file:///usr/share/cursor/resources/app/out/main.js:32:3595)
    at P._deliverQueue (file:///usr/share/cursor/resources/app/out/main.js:32:3686)
    at P.fire (file:///usr/share/cursor/resources/app/out/main.js:32:4022)
    at nB.deregisterLogger (file:///usr/share/cursor/resources/app/out/main.js:37:20977)
    at nB.deregisterLogger (file:///usr/share/cursor/resources/app/out/main.js:76:37999)
    at nB.deregisterLoggers (file:///usr/share/cursor/resources/app/out/main.js:76:38762)
    at zh.dispose (file:///usr/share/cursor/resources/app/out/main.js:146:514)
    at Ou.value (file:///usr/share/cursor/resources/app/out/main.js:142:44247)
    at P._deliver (file:///usr/share/cursor/resources/app/out/main.js:32:3595)
    at P.fire (file:///usr/share/cursor/resources/app/out/main.js:32:3915)
    at BrowserWindow.ae (file:///usr/share/cursor/resources/app/out/main.js:30:8698)
    at BrowserWindow.emit (node:events:521:24)
    at zh.destroyWindow (file:///usr/share/cursor/resources/app/out/main.js:142:59455)
    at zh.onWindowError (file:///usr/share/cursor/resources/app/out/main.js:142:58756)
Error sending from webFrameMain:  Error: Render frame was disposed before WebFrameMain could be accessed
    at s.send (node:electron/js2c/browser_init:2:103455)
    at b.send (node:electron/js2c/browser_init:2:87820)
    at Lx.send (file:///usr/share/cursor/resources/app/out/main.js:35:32772)
    at _b.sendBuffer (file:///usr/share/cursor/resources/app/out/main.js:33:12539)
    at _b.send (file:///usr/share/cursor/resources/app/out/main.js:33:12458)
    at _b.sendResponse (file:///usr/share/cursor/resources/app/out/main.js:33:12305)
    at Ou.value (file:///usr/share/cursor/resources/app/out/main.js:34:343)
    at P._deliver (file:///usr/share/cursor/resources/app/out/main.js:32:3595)
    at P.fire (file:///usr/share/cursor/resources/app/out/main.js:32:3915)
    at Ou.value (file:///usr/share/cursor/resources/app/out/main.js:30:6325)
    at P._deliver (file:///usr/share/cursor/resources/app/out/main.js:32:3595)
    at P.fire (file:///usr/share/cursor/resources/app/out/main.js:32:3915)
    at Ou.value (file:///usr/share/cursor/resources/app/out/main.js:30:6131)
    at P._deliver (file:///usr/share/cursor/resources/app/out/main.js:32:3595)
    at P._deliverQueue (file:///usr/share/cursor/resources/app/out/main.js:32:3686)
    at P.fire (file:///usr/share/cursor/resources/app/out/main.js:32:4022)
    at nB.deregisterLogger (file:///usr/share/cursor/resources/app/out/main.js:37:20977)
    at nB.deregisterLogger (file:///usr/share/cursor/resources/app/out/main.js:76:37999)
    at nB.deregisterLoggers (file:///usr/share/cursor/resources/app/out/main.js:76:38762)
    at zh.dispose (file:///usr/share/cursor/resources/app/out/main.js:146:514)
    at Ou.value (file:///usr/share/cursor/resources/app/out/main.js:142:44247)
    at P._deliver (file:///usr/share/cursor/resources/app/out/main.js:32:3595)
    at P.fire (file:///usr/share/cursor/resources/app/out/main.js:32:3915)
    at BrowserWindow.ae (file:///usr/share/cursor/resources/app/out/main.js:30:8698)
    at BrowserWindow.emit (node:events:521:24)
    at zh.destroyWindow (file:///usr/share/cursor/resources/app/out/main.js:142:59455)
    at zh.onWindowError (file:///usr/share/cursor/resources/app/out/main.js:142:58756)
Error sending from webFrameMain:  Error: Render frame was disposed before WebFrameMain could be accessed
    at s.send (node:electron/js2c/browser_init:2:103455)
    at b.send (node:electron/js2c/browser_init:2:87820)
    at Lx.send (file:///usr/share/cursor/resources/app/out/main.js:35:32772)
    at _b.sendBuffer (file:///usr/share/cursor/resources/app/out/main.js:33:12539)
    at _b.send (file:///usr/share/cursor/resources/app/out/main.js:33:12458)
    at _b.sendResponse (file:///usr/share/cursor/resources/app/out/main.js:33:12305)
    at Ou.value (file:///usr/share/cursor/resources/app/out/main.js:34:343)
    at P._deliver (file:///usr/share/cursor/resources/app/out/main.js:32:3595)
    at P.fire (file:///usr/share/cursor/resources/app/out/main.js:32:3915)
    at Ou.value (file:///usr/share/cursor/resources/app/out/main.js:30:6325)
    at P._deliver (file:///usr/share/cursor/resources/app/out/main.js:32:3595)
    at P.fire (file:///usr/share/cursor/resources/app/out/main.js:32:3915)
    at Ou.value (file:///usr/share/cursor/resources/app/out/main.js:30:6131)
    at P._deliver (file:///usr/share/cursor/resources/app/out/main.js:32:3595)
    at P._deliverQueue (file:///usr/share/cursor/resources/app/out/main.js:32:3686)
    at P.fire (file:///usr/share/cursor/resources/app/out/main.js:32:4022)
    at nB.deregisterLogger (file:///usr/share/cursor/resources/app/out/main.js:37:20977)
    at nB.deregisterLogger (file:///usr/share/cursor/resources/app/out/main.js:76:37999)
    at nB.deregisterLoggers (file:///usr/share/cursor/resources/app/out/main.js:76:38762)
    at zh.dispose (file:///usr/share/cursor/resources/app/out/main.js:146:514)
    at Ou.value (file:///usr/share/cursor/resources/app/out/main.js:142:44247)
    at P._deliver (file:///usr/share/cursor/resources/app/out/main.js:32:3595)
    at P.fire (file:///usr/share/cursor/resources/app/out/main.js:32:3915)
    at BrowserWindow.ae (file:///usr/share/cursor/resources/app/out/main.js:30:8698)
    at BrowserWindow.emit (node:events:521:24)
    at zh.destroyWindow (file:///usr/share/cursor/resources/app/out/main.js:142:59455)
    at zh.onWindowError (file:///usr/share/cursor/resources/app/out/main.js:142:58756)
Error sending from webFrameMain:  Error: Render frame was disposed before WebFrameMain could be accessed
    at s.send (node:electron/js2c/browser_init:2:103455)
    at b.send (node:electron/js2c/browser_init:2:87820)
    at Lx.send (file:///usr/share/cursor/resources/app/out/main.js:35:32772)
    at _b.sendBuffer (file:///usr/share/cursor/resources/app/out/main.js:33:12539)
    at _b.send (file:///usr/share/cursor/resources/app/out/main.js:33:12458)
    at _b.sendResponse (file:///usr/share/cursor/resources/app/out/main.js:33:12305)
    at Ou.value (file:///usr/share/cursor/resources/app/out/main.js:34:343)
    at P._deliver (file:///usr/share/cursor/resources/app/out/main.js:32:3595)
    at P.fire (file:///usr/share/cursor/resources/app/out/main.js:32:3915)
    at Ou.value (file:///usr/share/cursor/resources/app/out/main.js:30:6325)
    at P._deliver (file:///usr/share/cursor/resources/app/out/main.js:32:3595)
    at P.fire (file:///usr/share/cursor/resources/app/out/main.js:32:3915)
    at Ou.value (file:///usr/share/cursor/resources/app/out/main.js:30:6131)
    at P._deliver (file:///usr/share/cursor/resources/app/out/main.js:32:3595)
    at P._deliverQueue (file:///usr/share/cursor/resources/app/out/main.js:32:3686)
    at P.fire (file:///usr/share/cursor/resources/app/out/main.js:32:4022)
    at nB.deregisterLogger (file:///usr/share/cursor/resources/app/out/main.js:37:20977)
    at nB.deregisterLogger (file:///usr/share/cursor/resources/app/out/main.js:76:37999)
    at nB.deregisterLoggers (file:///usr/share/cursor/resources/app/out/main.js:76:38762)
    at zh.dispose (file:///usr/share/cursor/resources/app/out/main.js:146:514)
    at Ou.value (file:///usr/share/cursor/resources/app/out/main.js:142:44247)
    at P._deliver (file:///usr/share/cursor/resources/app/out/main.js:32:3595)
    at P.fire (file:///usr/share/cursor/resources/app/out/main.js:32:3915)
    at BrowserWindow.ae (file:///usr/share/cursor/resources/app/out/main.js:30:8698)
    at BrowserWindow.emit (node:events:521:24)
    at zh.destroyWindow (file:///usr/share/cursor/resources/app/out/main.js:142:59455)
    at zh.onWindowError (file:///usr/share/cursor/resources/app/out/main.js:142:58756)
Error sending from webFrameMain:  Error: Render frame was disposed before WebFrameMain could be accessed
    at s.send (node:electron/js2c/browser_init:2:103455)
    at b.send (node:electron/js2c/browser_init:2:87820)
    at Lx.send (file:///usr/share/cursor/resources/app/out/main.js:35:32772)
    at _b.sendBuffer (file:///usr/share/cursor/resources/app/out/main.js:33:12539)
    at _b.send (file:///usr/share/cursor/resources/app/out/main.js:33:12458)
    at _b.sendResponse (file:///usr/share/cursor/resources/app/out/main.js:33:12305)
    at Ou.value (file:///usr/share/cursor/resources/app/out/main.js:34:343)
    at P._deliver (file:///usr/share/cursor/resources/app/out/main.js:32:3595)
    at P.fire (file:///usr/share/cursor/resources/app/out/main.js:32:3915)
    at Ou.value (file:///usr/share/cursor/resources/app/out/main.js:30:6325)
    at P._deliver (file:///usr/share/cursor/resources/app/out/main.js:32:3595)
    at P.fire (file:///usr/share/cursor/resources/app/out/main.js:32:3915)
    at Ou.value (file:///usr/share/cursor/resources/app/out/main.js:30:6131)
    at P._deliver (file:///usr/share/cursor/resources/app/out/main.js:32:3595)
    at P._deliverQueue (file:///usr/share/cursor/resources/app/out/main.js:32:3686)
    at P.fire (file:///usr/share/cursor/resources/app/out/main.js:32:4022)
    at nB.deregisterLogger (file:///usr/share/cursor/resources/app/out/main.js:37:20977)
    at nB.deregisterLogger (file:///usr/share/cursor/resources/app/out/main.js:76:37999)
    at nB.deregisterLoggers (file:///usr/share/cursor/resources/app/out/main.js:76:38762)
    at zh.dispose (file:///usr/share/cursor/resources/app/out/main.js:146:514)
    at Ou.value (file:///usr/share/cursor/resources/app/out/main.js:142:44247)
    at P._deliver (file:///usr/share/cursor/resources/app/out/main.js:32:3595)
    at P.fire (file:///usr/share/cursor/resources/app/out/main.js:32:3915)
    at BrowserWindow.ae (file:///usr/share/cursor/resources/app/out/main.js:30:8698)
    at BrowserWindow.emit (node:events:521:24)
    at zh.destroyWindow (file:///usr/share/cursor/resources/app/out/main.js:142:59455)
    at zh.onWindowError (file:///usr/share/cursor/resources/app/out/main.js:142:58756)
Error sending from webFrameMain:  Error: Render frame was disposed before WebFrameMain could be accessed
    at s.send (node:electron/js2c/browser_init:2:103455)
    at b.send (node:electron/js2c/browser_init:2:87820)
    at Lx.send (file:///usr/share/cursor/resources/app/out/main.js:35:32772)
    at _b.sendBuffer (file:///usr/share/cursor/resources/app/out/main.js:33:12539)
    at _b.send (file:///usr/share/cursor/resources/app/out/main.js:33:12458)
    at _b.sendResponse (file:///usr/share/cursor/resources/app/out/main.js:33:12305)
    at Ou.value (file:///usr/share/cursor/resources/app/out/main.js:34:343)
    at P._deliver (file:///usr/share/cursor/resources/app/out/main.js:32:3595)
    at P.fire (file:///usr/share/cursor/resources/app/out/main.js:32:3915)
    at Ou.value (file:///usr/share/cursor/resources/app/out/main.js:30:6325)
    at P._deliver (file:///usr/share/cursor/resources/app/out/main.js:32:3595)
    at P.fire (file:///usr/share/cursor/resources/app/out/main.js:32:3915)
    at Ou.value (file:///usr/share/cursor/resources/app/out/main.js:30:6131)
    at P._deliver (file:///usr/share/cursor/resources/app/out/main.js:32:3595)
    at P._deliverQueue (file:///usr/share/cursor/resources/app/out/main.js:32:3686)
    at P.fire (file:///usr/share/cursor/resources/app/out/main.js:32:4022)
    at nB.deregisterLogger (file:///usr/share/cursor/resources/app/out/main.js:37:20977)
    at nB.deregisterLogger (file:///usr/share/cursor/resources/app/out/main.js:76:37999)
    at nB.deregisterLoggers (file:///usr/share/cursor/resources/app/out/main.js:76:38762)
    at zh.dispose (file:///usr/share/cursor/resources/app/out/main.js:146:514)
    at Ou.value (file:///usr/share/cursor/resources/app/out/main.js:142:44247)
    at P._deliver (file:///usr/share/cursor/resources/app/out/main.js:32:3595)
    at P.fire (file:///usr/share/cursor/resources/app/out/main.js:32:3915)
    at BrowserWindow.ae (file:///usr/share/cursor/resources/app/out/main.js:30:8698)
    at BrowserWindow.emit (node:events:521:24)
    at zh.destroyWindow (file:///usr/share/cursor/resources/app/out/main.js:142:59455)
    at zh.onWindowError (file:///usr/share/cursor/resources/app/out/main.js:142:58756)
Error sending from webFrameMain:  Error: Render frame was disposed before WebFrameMain could be accessed
    at s.send (node:electron/js2c/browser_init:2:103455)
    at b.send (node:electron/js2c/browser_init:2:87820)
    at Lx.send (file:///usr/share/cursor/resources/app/out/main.js:35:32772)
    at _b.sendBuffer (file:///usr/share/cursor/resources/app/out/main.js:33:12539)
    at _b.send (file:///usr/share/cursor/resources/app/out/main.js:33:12458)
    at _b.sendResponse (file:///usr/share/cursor/resources/app/out/main.js:33:12305)
    at Ou.value (file:///usr/share/cursor/resources/app/out/main.js:34:343)
    at P._deliver (file:///usr/share/cursor/resources/app/out/main.js:32:3595)
    at P.fire (file:///usr/share/cursor/resources/app/out/main.js:32:3915)
    at Ou.value (file:///usr/share/cursor/resources/app/out/main.js:30:6325)
    at P._deliver (file:///usr/share/cursor/resources/app/out/main.js:32:3595)
    at P.fire (file:///usr/share/cursor/resources/app/out/main.js:32:3915)
    at Ou.value (file:///usr/share/cursor/resources/app/out/main.js:30:6131)
    at P._deliver (file:///usr/share/cursor/resources/app/out/main.js:32:3595)
    at P._deliverQueue (file:///usr/share/cursor/resources/app/out/main.js:32:3686)
    at P.fire (file:///usr/share/cursor/resources/app/out/main.js:32:4022)
    at nB.deregisterLogger (file:///usr/share/cursor/resources/app/out/main.js:37:20977)
    at nB.deregisterLogger (file:///usr/share/cursor/resources/app/out/main.js:76:37999)
    at nB.deregisterLoggers (file:///usr/share/cursor/resources/app/out/main.js:76:38762)
    at zh.dispose (file:///usr/share/cursor/resources/app/out/main.js:146:514)
    at Ou.value (file:///usr/share/cursor/resources/app/out/main.js:142:44247)
    at P._deliver (file:///usr/share/cursor/resources/app/out/main.js:32:3595)
    at P.fire (file:///usr/share/cursor/resources/app/out/main.js:32:3915)
    at BrowserWindow.ae (file:///usr/share/cursor/resources/app/out/main.js:30:8698)
    at BrowserWindow.emit (node:events:521:24)
    at zh.destroyWindow (file:///usr/share/cursor/resources/app/out/main.js:142:59455)
    at zh.onWindowError (file:///usr/share/cursor/resources/app/out/main.js:142:58756)
Error sending from webFrameMain:  Error: Render frame was disposed before WebFrameMain could be accessed
    at s.send (node:electron/js2c/browser_init:2:103455)
    at b.send (node:electron/js2c/browser_init:2:87820)
    at Lx.send (file:///usr/share/cursor/resources/app/out/main.js:35:32772)
    at _b.sendBuffer (file:///usr/share/cursor/resources/app/out/main.js:33:12539)
    at _b.send (file:///usr/share/cursor/resources/app/out/main.js:33:12458)
    at _b.sendResponse (file:///usr/share/cursor/resources/app/out/main.js:33:12305)
    at Ou.value (file:///usr/share/cursor/resources/app/out/main.js:34:343)
    at P._deliver (file:///usr/share/cursor/resources/app/out/main.js:32:3595)
    at P.fire (file:///usr/share/cursor/resources/app/out/main.js:32:3915)
    at Ou.value (file:///usr/share/cursor/resources/app/out/main.js:30:6325)
    at P._deliver (file:///usr/share/cursor/resources/app/out/main.js:32:3595)
    at P.fire (file:///usr/share/cursor/resources/app/out/main.js:32:3915)
    at Ou.value (file:///usr/share/cursor/resources/app/out/main.js:30:6131)
    at P._deliver (file:///usr/share/cursor/resources/app/out/main.js:32:3595)
    at P._deliverQueue (file:///usr/share/cursor/resources/app/out/main.js:32:3686)
    at P.fire (file:///usr/share/cursor/resources/app/out/main.js:32:4022)
    at nB.deregisterLogger (file:///usr/share/cursor/resources/app/out/main.js:37:20977)
    at nB.deregisterLogger (file:///usr/share/cursor/resources/app/out/main.js:76:37999)
    at nB.deregisterLoggers (file:///usr/share/cursor/resources/app/out/main.js:76:38762)
    at zh.dispose (file:///usr/share/cursor/resources/app/out/main.js:146:514)
    at Ou.value (file:///usr/share/cursor/resources/app/out/main.js:142:44247)
    at P._deliver (file:///usr/share/cursor/resources/app/out/main.js:32:3595)
    at P.fire (file:///usr/share/cursor/resources/app/out/main.js:32:3915)
    at BrowserWindow.ae (file:///usr/share/cursor/resources/app/out/main.js:30:8698)
    at BrowserWindow.emit (node:events:521:24)
    at zh.destroyWindow (file:///usr/share/cursor/resources/app/out/main.js:142:59455)
    at zh.onWindowError (file:///usr/share/cursor/resources/app/out/main.js:142:58756)
Error sending from webFrameMain:  Error: Render frame was disposed before WebFrameMain could be accessed
    at s.send (node:electron/js2c/browser_init:2:103455)
    at b.send (node:electron/js2c/browser_init:2:87820)
    at Lx.send (file:///usr/share/cursor/resources/app/out/main.js:35:32772)
    at _b.sendBuffer (file:///usr/share/cursor/resources/app/out/main.js:33:12539)
    at _b.send (file:///usr/share/cursor/resources/app/out/main.js:33:12458)
    at _b.sendResponse (file:///usr/share/cursor/resources/app/out/main.js:33:12305)
    at Ou.value (file:///usr/share/cursor/resources/app/out/main.js:34:343)
    at P._deliver (file:///usr/share/cursor/resources/app/out/main.js:32:3595)
    at P.fire (file:///usr/share/cursor/resources/app/out/main.js:32:3915)
    at Ou.value (file:///usr/share/cursor/resources/app/out/main.js:30:6325)
    at P._deliver (file:///usr/share/cursor/resources/app/out/main.js:32:3595)
    at P.fire (file:///usr/share/cursor/resources/app/out/main.js:32:3915)
    at Ou.value (file:///usr/share/cursor/resources/app/out/main.js:30:6131)
    at P._deliver (file:///usr/share/cursor/resources/app/out/main.js:32:3595)
    at P._deliverQueue (file:///usr/share/cursor/resources/app/out/main.js:32:3686)
    at P.fire (file:///usr/share/cursor/resources/app/out/main.js:32:4022)
    at nB.deregisterLogger (file:///usr/share/cursor/resources/app/out/main.js:37:20977)
    at nB.deregisterLogger (file:///usr/share/cursor/resources/app/out/main.js:76:37999)
    at nB.deregisterLoggers (file:///usr/share/cursor/resources/app/out/main.js:76:38762)
    at zh.dispose (file:///usr/share/cursor/resources/app/out/main.js:146:514)
    at Ou.value (file:///usr/share/cursor/resources/app/out/main.js:142:44247)
    at P._deliver (file:///usr/share/cursor/resources/app/out/main.js:32:3595)
    at P.fire (file:///usr/share/cursor/resources/app/out/main.js:32:3915)
    at BrowserWindow.ae (file:///usr/share/cursor/resources/app/out/main.js:30:8698)
    at BrowserWindow.emit (node:events:521:24)
    at zh.destroyWindow (file:///usr/share/cursor/resources/app/out/main.js:142:59455)
    at zh.onWindowError (file:///usr/share/cursor/resources/app/out/main.js:142:58756)
Error sending from webFrameMain:  Error: Render frame was disposed before WebFrameMain could be accessed
    at s.send (node:electron/js2c/browser_init:2:103455)
    at b.send (node:electron/js2c/browser_init:2:87820)
    at Lx.send (file:///usr/share/cursor/resources/app/out/main.js:35:32772)
    at _b.sendBuffer (file:///usr/share/cursor/resources/app/out/main.js:33:12539)
    at _b.send (file:///usr/share/cursor/resources/app/out/main.js:33:12458)
    at _b.sendResponse (file:///usr/share/cursor/resources/app/out/main.js:33:12305)
    at Ou.value (file:///usr/share/cursor/resources/app/out/main.js:34:343)
    at P._deliver (file:///usr/share/cursor/resources/app/out/main.js:32:3595)
    at P.fire (file:///usr/share/cursor/resources/app/out/main.js:32:3915)
    at Ou.value (file:///usr/share/cursor/resources/app/out/main.js:30:6325)
    at P._deliver (file:///usr/share/cursor/resources/app/out/main.js:32:3595)
    at P.fire (file:///usr/share/cursor/resources/app/out/main.js:32:3915)
    at Ou.value (file:///usr/share/cursor/resources/app/out/main.js:30:6131)
    at P._deliver (file:///usr/share/cursor/resources/app/out/main.js:32:3595)
    at P._deliverQueue (file:///usr/share/cursor/resources/app/out/main.js:32:3686)
    at P.fire (file:///usr/share/cursor/resources/app/out/main.js:32:4022)
    at nB.deregisterLogger (file:///usr/share/cursor/resources/app/out/main.js:37:20977)
    at nB.deregisterLogger (file:///usr/share/cursor/resources/app/out/main.js:76:37999)
    at nB.deregisterLoggers (file:///usr/share/cursor/resources/app/out/main.js:76:38762)
    at zh.dispose (file:///usr/share/cursor/resources/app/out/main.js:146:514)
    at Ou.value (file:///usr/share/cursor/resources/app/out/main.js:142:44247)
    at P._deliver (file:///usr/share/cursor/resources/app/out/main.js:32:3595)
    at P.fire (file:///usr/share/cursor/resources/app/out/main.js:32:3915)
    at BrowserWindow.ae (file:///usr/share/cursor/resources/app/out/main.js:30:8698)
    at BrowserWindow.emit (node:events:521:24)
    at zh.destroyWindow (file:///usr/share/cursor/resources/app/out/main.js:142:59455)
    at zh.onWindowError (file:///usr/share/cursor/resources/app/out/main.js:142:58756)
Error sending from webFrameMain:  Error: Render frame was disposed before WebFrameMain could be accessed
    at s.send (node:electron/js2c/browser_init:2:103455)
    at b.send (node:electron/js2c/browser_init:2:87820)
    at Lx.send (file:///usr/share/cursor/resources/app/out/main.js:35:32772)
    at _b.sendBuffer (file:///usr/share/cursor/resources/app/out/main.js:33:12539)
    at _b.send (file:///usr/share/cursor/resources/app/out/main.js:33:12458)
    at _b.sendResponse (file:///usr/share/cursor/resources/app/out/main.js:33:12305)
    at Ou.value (file:///usr/share/cursor/resources/app/out/main.js:34:343)
    at P._deliver (file:///usr/share/cursor/resources/app/out/main.js:32:3595)
    at P.fire (file:///usr/share/cursor/resources/app/out/main.js:32:3915)
    at Ou.value (file:///usr/share/cursor/resources/app/out/main.js:30:6325)
    at P._deliver (file:///usr/share/cursor/resources/app/out/main.js:32:3595)
    at P.fire (file:///usr/share/cursor/resources/app/out/main.js:32:3915)
    at Ou.value (file:///usr/share/cursor/resources/app/out/main.js:30:6131)
    at P._deliver (file:///usr/share/cursor/resources/app/out/main.js:32:3595)
    at P._deliverQueue (file:///usr/share/cursor/resources/app/out/main.js:32:3686)
    at P.fire (file:///usr/share/cursor/resources/app/out/main.js:32:4022)
    at nB.deregisterLogger (file:///usr/share/cursor/resources/app/out/main.js:37:20977)
    at nB.deregisterLogger (file:///usr/share/cursor/resources/app/out/main.js:76:37999)
    at nB.deregisterLoggers (file:///usr/share/cursor/resources/app/out/main.js:76:38762)
    at zh.dispose (file:///usr/share/cursor/resources/app/out/main.js:146:514)
    at Ou.value (file:///usr/share/cursor/resources/app/out/main.js:142:44247)
    at P._deliver (file:///usr/share/cursor/resources/app/out/main.js:32:3595)
    at P.fire (file:///usr/share/cursor/resources/app/out/main.js:32:3915)
    at BrowserWindow.ae (file:///usr/share/cursor/resources/app/out/main.js:30:8698)
    at BrowserWindow.emit (node:events:521:24)
    at zh.destroyWindow (file:///usr/share/cursor/resources/app/out/main.js:142:59455)
    at zh.onWindowError (file:///usr/share/cursor/resources/app/out/main.js:142:58756)
Error sending from webFrameMain:  Error: Render frame was disposed before WebFrameMain could be accessed
    at s.send (node:electron/js2c/browser_init:2:103455)
    at b.send (node:electron/js2c/browser_init:2:87820)
    at Lx.send (file:///usr/share/cursor/resources/app/out/main.js:35:32772)
    at _b.sendBuffer (file:///usr/share/cursor/resources/app/out/main.js:33:12539)
    at _b.send (file:///usr/share/cursor/resources/app/out/main.js:33:12458)
    at _b.sendResponse (file:///usr/share/cursor/resources/app/out/main.js:33:12305)
    at Ou.value (file:///usr/share/cursor/resources/app/out/main.js:34:343)
    at P._deliver (file:///usr/share/cursor/resources/app/out/main.js:32:3595)
    at P.fire (file:///usr/share/cursor/resources/app/out/main.js:32:3915)
    at Ou.value (file:///usr/share/cursor/resources/app/out/main.js:30:6325)
    at P._deliver (file:///usr/share/cursor/resources/app/out/main.js:32:3595)
    at P.fire (file:///usr/share/cursor/resources/app/out/main.js:32:3915)
    at Ou.value (file:///usr/share/cursor/resources/app/out/main.js:30:6131)
    at P._deliver (file:///usr/share/cursor/resources/app/out/main.js:32:3595)
    at P._deliverQueue (file:///usr/share/cursor/resources/app/out/main.js:32:3686)
    at P.fire (file:///usr/share/cursor/resources/app/out/main.js:32:4022)
    at nB.deregisterLogger (file:///usr/share/cursor/resources/app/out/main.js:37:20977)
    at nB.deregisterLogger (file:///usr/share/cursor/resources/app/out/main.js:76:37999)
    at nB.deregisterLoggers (file:///usr/share/cursor/resources/app/out/main.js:76:38762)
    at zh.dispose (file:///usr/share/cursor/resources/app/out/main.js:146:514)
    at Ou.value (file:///usr/share/cursor/resources/app/out/main.js:142:44247)
    at P._deliver (file:///usr/share/cursor/resources/app/out/main.js:32:3595)
    at P.fire (file:///usr/share/cursor/resources/app/out/main.js:32:3915)
    at BrowserWindow.ae (file:///usr/share/cursor/resources/app/out/main.js:30:8698)
    at BrowserWindow.emit (node:events:521:24)
    at zh.destroyWindow (file:///usr/share/cursor/resources/app/out/main.js:142:59455)
    at zh.onWindowError (file:///usr/share/cursor/resources/app/out/main.js:142:58756)
Error sending from webFrameMain:  Error: Render frame was disposed before WebFrameMain could be accessed
    at s.send (node:electron/js2c/browser_init:2:103455)
    at b.send (node:electron/js2c/browser_init:2:87820)
    at Lx.send (file:///usr/share/cursor/resources/app/out/main.js:35:32772)
    at _b.sendBuffer (file:///usr/share/cursor/resources/app/out/main.js:33:12539)
    at _b.send (file:///usr/share/cursor/resources/app/out/main.js:33:12458)
    at _b.sendResponse (file:///usr/share/cursor/resources/app/out/main.js:33:12305)
    at Ou.value (file:///usr/share/cursor/resources/app/out/main.js:34:343)
    at P._deliver (file:///usr/share/cursor/resources/app/out/main.js:32:3595)
    at P.fire (file:///usr/share/cursor/resources/app/out/main.js:32:3915)
    at Ou.value (file:///usr/share/cursor/resources/app/out/main.js:30:6325)
    at P._deliver (file:///usr/share/cursor/resources/app/out/main.js:32:3595)
    at P.fire (file:///usr/share/cursor/resources/app/out/main.js:32:3915)
    at Ou.value (file:///usr/share/cursor/resources/app/out/main.js:30:6131)
    at P._deliver (file:///usr/share/cursor/resources/app/out/main.js:32:3595)
    at P._deliverQueue (file:///usr/share/cursor/resources/app/out/main.js:32:3686)
    at P.fire (file:///usr/share/cursor/resources/app/out/main.js:32:4022)
    at nB.deregisterLogger (file:///usr/share/cursor/resources/app/out/main.js:37:20977)
    at nB.deregisterLogger (file:///usr/share/cursor/resources/app/out/main.js:76:37999)
    at nB.deregisterLoggers (file:///usr/share/cursor/resources/app/out/main.js:76:38762)
    at zh.dispose (file:///usr/share/cursor/resources/app/out/main.js:146:514)
    at Ou.value (file:///usr/share/cursor/resources/app/out/main.js:142:44247)
    at P._deliver (file:///usr/share/cursor/resources/app/out/main.js:32:3595)
    at P.fire (file:///usr/share/cursor/resources/app/out/main.js:32:3915)
    at BrowserWindow.ae (file:///usr/share/cursor/resources/app/out/main.js:30:8698)
    at BrowserWindow.emit (node:events:521:24)
    at zh.destroyWindow (file:///usr/share/cursor/resources/app/out/main.js:142:59455)
    at zh.onWindowError (file:///usr/share/cursor/resources/app/out/main.js:142:58756)
Error sending from webFrameMain:  Error: Render frame was disposed before WebFrameMain could be accessed
    at s.send (node:electron/js2c/browser_init:2:103455)
    at b.send (node:electron/js2c/browser_init:2:87820)
    at Lx.send (file:///usr/share/cursor/resources/app/out/main.js:35:32772)
    at _b.sendBuffer (file:///usr/share/cursor/resources/app/out/main.js:33:12539)
    at _b.send (file:///usr/share/cursor/resources/app/out/main.js:33:12458)
    at _b.sendResponse (file:///usr/share/cursor/resources/app/out/main.js:33:12305)
    at Ou.value (file:///usr/share/cursor/resources/app/out/main.js:34:343)
    at P._deliver (file:///usr/share/cursor/resources/app/out/main.js:32:3595)
    at P.fire (file:///usr/share/cursor/resources/app/out/main.js:32:3915)
    at Ou.value (file:///usr/share/cursor/resources/app/out/main.js:30:6325)
    at P._deliver (file:///usr/share/cursor/resources/app/out/main.js:32:3595)
    at P.fire (file:///usr/share/cursor/resources/app/out/main.js:32:3915)
    at Ou.value (file:///usr/share/cursor/resources/app/out/main.js:30:6131)
    at P._deliver (file:///usr/share/cursor/resources/app/out/main.js:32:3595)
    at P._deliverQueue (file:///usr/share/cursor/resources/app/out/main.js:32:3686)
    at P.fire (file:///usr/share/cursor/resources/app/out/main.js:32:4022)
    at nB.deregisterLogger (file:///usr/share/cursor/resources/app/out/main.js:37:20977)
    at nB.deregisterLogger (file:///usr/share/cursor/resources/app/out/main.js:76:37999)
    at nB.deregisterLoggers (file:///usr/share/cursor/resources/app/out/main.js:76:38762)
    at zh.dispose (file:///usr/share/cursor/resources/app/out/main.js:146:514)
    at Ou.value (file:///usr/share/cursor/resources/app/out/main.js:142:44247)
    at P._deliver (file:///usr/share/cursor/resources/app/out/main.js:32:3595)
    at P.fire (file:///usr/share/cursor/resources/app/out/main.js:32:3915)
    at BrowserWindow.ae (file:///usr/share/cursor/resources/app/out/main.js:30:8698)
    at BrowserWindow.emit (node:events:521:24)
    at zh.destroyWindow (file:///usr/share/cursor/resources/app/out/main.js:142:59455)
    at zh.onWindowError (file:///usr/share/cursor/resources/app/out/main.js:142:58756)
Error sending from webFrameMain:  Error: Render frame was disposed before WebFrameMain could be accessed
    at s.send (node:electron/js2c/browser_init:2:103455)
    at b.send (node:electron/js2c/browser_init:2:87820)
    at Lx.send (file:///usr/share/cursor/resources/app/out/main.js:35:32772)
    at _b.sendBuffer (file:///usr/share/cursor/resources/app/out/main.js:33:12539)
    at _b.send (file:///usr/share/cursor/resources/app/out/main.js:33:12458)
    at _b.sendResponse (file:///usr/share/cursor/resources/app/out/main.js:33:12305)
    at Ou.value (file:///usr/share/cursor/resources/app/out/main.js:34:343)
    at P._deliver (file:///usr/share/cursor/resources/app/out/main.js:32:3595)
    at P.fire (file:///usr/share/cursor/resources/app/out/main.js:32:3915)
    at Ou.value (file:///usr/share/cursor/resources/app/out/main.js:30:6325)
    at P._deliver (file:///usr/share/cursor/resources/app/out/main.js:32:3595)
    at P.fire (file:///usr/share/cursor/resources/app/out/main.js:32:3915)
    at Ou.value (file:///usr/share/cursor/resources/app/out/main.js:30:6131)
    at P._deliver (file:///usr/share/cursor/resources/app/out/main.js:32:3595)
    at P._deliverQueue (file:///usr/share/cursor/resources/app/out/main.js:32:3686)
    at P.fire (file:///usr/share/cursor/resources/app/out/main.js:32:4022)
    at nB.deregisterLogger (file:///usr/share/cursor/resources/app/out/main.js:37:20977)
    at nB.deregisterLogger (file:///usr/share/cursor/resources/app/out/main.js:76:37999)
    at nB.deregisterLoggers (file:///usr/share/cursor/resources/app/out/main.js:76:38762)
    at zh.dispose (file:///usr/share/cursor/resources/app/out/main.js:146:514)
    at Ou.value (file:///usr/share/cursor/resources/app/out/main.js:142:44247)
    at P._deliver (file:///usr/share/cursor/resources/app/out/main.js:32:3595)
    at P.fire (file:///usr/share/cursor/resources/app/out/main.js:32:3915)
    at BrowserWindow.ae (file:///usr/share/cursor/resources/app/out/main.js:30:8698)
    at BrowserWindow.emit (node:events:521:24)
    at zh.destroyWindow (file:///usr/share/cursor/resources/app/out/main.js:142:59455)
    at zh.onWindowError (file:///usr/share/cursor/resources/app/out/main.js:142:58756)
Error sending from webFrameMain:  Error: Render frame was disposed before WebFrameMain could be accessed
    at s.send (node:electron/js2c/browser_init:2:103455)
    at b.send (node:electron/js2c/browser_init:2:87820)
    at Lx.send (file:///usr/share/cursor/resources/app/out/main.js:35:32772)
    at _b.sendBuffer (file:///usr/share/cursor/resources/app/out/main.js:33:12539)
    at _b.send (file:///usr/share/cursor/resources/app/out/main.js:33:12458)
    at _b.sendResponse (file:///usr/share/cursor/resources/app/out/main.js:33:12305)
    at Ou.value (file:///usr/share/cursor/resources/app/out/main.js:34:343)
    at P._deliver (file:///usr/share/cursor/resources/app/out/main.js:32:3595)
    at P.fire (file:///usr/share/cursor/resources/app/out/main.js:32:3915)
    at Ou.value (file:///usr/share/cursor/resources/app/out/main.js:30:6325)
    at P._deliver (file:///usr/share/cursor/resources/app/out/main.js:32:3595)
    at P.fire (file:///usr/share/cursor/resources/app/out/main.js:32:3915)
    at Ou.value (file:///usr/share/cursor/resources/app/out/main.js:30:6131)
    at P._deliver (file:///usr/share/cursor/resources/app/out/main.js:32:3595)
    at P._deliverQueue (file:///usr/share/cursor/resources/app/out/main.js:32:3686)
    at P.fire (file:///usr/share/cursor/resources/app/out/main.js:32:4022)
    at nB.deregisterLogger (file:///usr/share/cursor/resources/app/out/main.js:37:20977)
    at nB.deregisterLogger (file:///usr/share/cursor/resources/app/out/main.js:76:37999)
    at nB.deregisterLoggers (file:///usr/share/cursor/resources/app/out/main.js:76:38762)
    at zh.dispose (file:///usr/share/cursor/resources/app/out/main.js:146:514)
    at Ou.value (file:///usr/share/cursor/resources/app/out/main.js:142:44247)
    at P._deliver (file:///usr/share/cursor/resources/app/out/main.js:32:3595)
    at P.fire (file:///usr/share/cursor/resources/app/out/main.js:32:3915)
    at BrowserWindow.ae (file:///usr/share/cursor/resources/app/out/main.js:30:8698)
    at BrowserWindow.emit (node:events:521:24)
    at zh.destroyWindow (file:///usr/share/cursor/resources/app/out/main.js:142:59455)
    at zh.onWindowError (file:///usr/share/cursor/resources/app/out/main.js:142:58756)
Error sending from webFrameMain:  Error: Render frame was disposed before WebFrameMain could be accessed
    at s.send (node:electron/js2c/browser_init:2:103455)
    at b.send (node:electron/js2c/browser_init:2:87820)
    at Lx.send (file:///usr/share/cursor/resources/app/out/main.js:35:32772)
    at _b.sendBuffer (file:///usr/share/cursor/resources/app/out/main.js:33:12539)
    at _b.send (file:///usr/share/cursor/resources/app/out/main.js:33:12458)
    at _b.sendResponse (file:///usr/share/cursor/resources/app/out/main.js:33:12305)
    at Ou.value (file:///usr/share/cursor/resources/app/out/main.js:34:343)
    at P._deliver (file:///usr/share/cursor/resources/app/out/main.js:32:3595)
    at P.fire (file:///usr/share/cursor/resources/app/out/main.js:32:3915)
    at Ou.value (file:///usr/share/cursor/resources/app/out/main.js:30:6325)
    at P._deliver (file:///usr/share/cursor/resources/app/out/main.js:32:3595)
    at P.fire (file:///usr/share/cursor/resources/app/out/main.js:32:3915)
    at Ou.value (file:///usr/share/cursor/resources/app/out/main.js:30:6131)
    at P._deliver (file:///usr/share/cursor/resources/app/out/main.js:32:3595)
    at P._deliverQueue (file:///usr/share/cursor/resources/app/out/main.js:32:3686)
    at P.fire (file:///usr/share/cursor/resources/app/out/main.js:32:4022)
    at nB.deregisterLogger (file:///usr/share/cursor/resources/app/out/main.js:37:20977)
    at nB.deregisterLogger (file:///usr/share/cursor/resources/app/out/main.js:76:37999)
    at nB.deregisterLoggers (file:///usr/share/cursor/resources/app/out/main.js:76:38762)
    at zh.dispose (file:///usr/share/cursor/resources/app/out/main.js:146:514)
    at Ou.value (file:///usr/share/cursor/resources/app/out/main.js:142:44247)
    at P._deliver (file:///usr/share/cursor/resources/app/out/main.js:32:3595)
    at P.fire (file:///usr/share/cursor/resources/app/out/main.js:32:3915)
    at BrowserWindow.ae (file:///usr/share/cursor/resources/app/out/main.js:30:8698)
    at BrowserWindow.emit (node:events:521:24)
    at zh.destroyWindow (file:///usr/share/cursor/resources/app/out/main.js:142:59455)
    at zh.onWindowError (file:///usr/share/cursor/resources/app/out/main.js:142:58756)
Error sending from webFrameMain:  Error: Render frame was disposed before WebFrameMain could be accessed
    at s.send (node:electron/js2c/browser_init:2:103455)
    at b.send (node:electron/js2c/browser_init:2:87820)
    at Lx.send (file:///usr/share/cursor/resources/app/out/main.js:35:32772)
    at _b.sendBuffer (file:///usr/share/cursor/resources/app/out/main.js:33:12539)
    at _b.send (file:///usr/share/cursor/resources/app/out/main.js:33:12458)
    at _b.sendResponse (file:///usr/share/cursor/resources/app/out/main.js:33:12305)
    at Ou.value (file:///usr/share/cursor/resources/app/out/main.js:34:343)
    at P._deliver (file:///usr/share/cursor/resources/app/out/main.js:32:3595)
    at P.fire (file:///usr/share/cursor/resources/app/out/main.js:32:3915)
    at Ou.value (file:///usr/share/cursor/resources/app/out/main.js:30:6325)
    at P._deliver (file:///usr/share/cursor/resources/app/out/main.js:32:3595)
    at P.fire (file:///usr/share/cursor/resources/app/out/main.js:32:3915)
    at Ou.value (file:///usr/share/cursor/resources/app/out/main.js:30:6131)
    at P._deliver (file:///usr/share/cursor/resources/app/out/main.js:32:3595)
    at P._deliverQueue (file:///usr/share/cursor/resources/app/out/main.js:32:3686)
    at P.fire (file:///usr/share/cursor/resources/app/out/main.js:32:4022)
    at nB.deregisterLogger (file:///usr/share/cursor/resources/app/out/main.js:37:20977)
    at nB.deregisterLogger (file:///usr/share/cursor/resources/app/out/main.js:76:37999)
    at nB.deregisterLoggers (file:///usr/share/cursor/resources/app/out/main.js:76:38762)
    at zh.dispose (file:///usr/share/cursor/resources/app/out/main.js:146:514)
    at Ou.value (file:///usr/share/cursor/resources/app/out/main.js:142:44247)
    at P._deliver (file:///usr/share/cursor/resources/app/out/main.js:32:3595)
    at P.fire (file:///usr/share/cursor/resources/app/out/main.js:32:3915)
    at BrowserWindow.ae (file:///usr/share/cursor/resources/app/out/main.js:30:8698)
    at BrowserWindow.emit (node:events:521:24)
    at zh.destroyWindow (file:///usr/share/cursor/resources/app/out/main.js:142:59455)
    at zh.onWindowError (file:///usr/share/cursor/resources/app/out/main.js:142:58756)
