[31618:0924/132200.758941:ERROR:dbus/bus.cc:406] Failed to connect to the bus: Failed to connect to socket /run/dbus/system_bus_socket: No such file or directory
Error: Unable to retrieve mac address (unexpected format)
    at uJe (file:///usr/share/cursor/resources/app/out/main.js:385:1979)
    at mJe (file:///usr/share/cursor/resources/app/out/main.js:385:2071)
    at file:///usr/share/cursor/resources/app/out/main.js:385:7270
    at ModuleJob.run (node:internal/modules/esm/module_job:437:25)
    at process.processTicksAndRejections (node:internal/process/task_queues:104:5)
    at async onImport.tracePromise.__proto__ (node:internal/modules/esm/loader:639:26)
    at async node:electron/js2c/browser_init:2:144690
    at async asyncRunEntryPointWithESMLoader (node:internal/modules/run_main:116:5)
(node:31618) [DEP0040] DeprecationWarning: The `punycode` module is deprecated. Please use a userland alternative instead.
(Use `cursor --trace-deprecation ...` to show where the warning was created)
[31618:0924/132204.018969:ERROR:dbus/bus.cc:406] Failed to connect to the bus: Failed to connect to socket /run/dbus/system_bus_socket: No such file or directory
[31618:0924/132204.019285:ERROR:dbus/bus.cc:406] Failed to connect to the bus: Failed to connect to socket /run/dbus/system_bus_socket: No such file or directory
[31618:0924/132204.019605:ERROR:dbus/bus.cc:406] Failed to connect to the bus: Failed to connect to socket /run/dbus/system_bus_socket: No such file or directory
[31618:0924/132204.020336:ERROR:dbus/bus.cc:406] Failed to connect to the bus: Failed to connect to socket /run/dbus/system_bus_socket: No such file or directory
[31618:0924/132204.020881:ERROR:dbus/bus.cc:406] Failed to connect to the bus: Failed to connect to socket /run/dbus/system_bus_socket: No such file or directory
[31618:0924/132204.089054:ERROR:device/udev_linux/udev_watcher.cc:51] Failed to initialize a udev monitor.

DevTools listening on ws://127.0.0.1:9231/devtools/browser/f13b5cb6-3d44-4e26-a50e-a381a3ead453
[31618:0924/132204.168498:WARNING:device/bluetooth/dbus/bluez_dbus_manager.cc:209] Floss manager service not available, cannot set Floss enable/disable.
[31618:0924/132204.168819:WARNING:electron/shell/browser/lib/power_observer_linux.cc:181] Failed to connect to PrepareForShutdown
[31618:0924/132204.168977:WARNING:electron/shell/browser/lib/power_observer_linux.cc:181] Failed to connect to PrepareForSleep
[31618:0924/132204.169045:WARNING:electron/shell/browser/lib/power_observer_linux.cc:70] org.freedesktop.login1 not available
libEGL warning: DRI3 error: Could not get DRI3 device
libEGL warning: Ensure your X server supports DRI3 to get accelerated rendering
Warning: 'remote-debugging-port' is not in the list of known options, but still passed to Electron/Chromium.
Warning: 'enable-logging' is not in the list of known options, but still passed to Electron/Chromium.
Warning: 'ignore-gpu-blocklist' is not in the list of known options, but still passed to Electron/Chromium.
Warning: 'use-gl' is not in the list of known options, but still passed to Electron/Chromium.
Warning: 'use-angle' is not in the list of known options, but still passed to Electron/Chromium.
[31618:0924/132204.411583:WARNING:components/dbus/xdg/portal.cc:122] Failed to register with org.freedesktop.host.portal.Registry
[31773:0924/132204.488716:WARNING:sandbox/policy/linux/sandbox_linux.cc:404] InitializeSandbox() called with multiple threads in process gpu-process.
[31618:0924/132208.683182:ERROR:dbus/bus.cc:406] Failed to connect to the bus: Failed to connect to socket /run/dbus/system_bus_socket: No such file or directory
[91m[main 2026-09-24T05:22:08.709Z][0m [uncaught exception in main]: Error: EFAULT: bad address in system call argument, write Error: EFAULT: bad address in system call argument, write
    at writeSync (node:fs:917:3)
    at SyncWriteStream._write (node:internal/fs/sync_write_stream:27:5)
    at writeOrBuffer (node:internal/streams/writable:570:12)
    at _write (node:internal/streams/writable:499:10)
    at Writable.write (node:internal/streams/writable:508:10)
    at execSync (node:child_process:1009:20)
    at K6 (file:///usr/share/cursor/resources/app/out/main.js:66:391)
    at $w._getTrueMachineId (file:///usr/share/cursor/resources/app/out/main.js:201:32229)
    at new $w (file:///usr/share/cursor/resources/app/out/main.js:201:31887)
    at GO._createInstance (file:///usr/share/cursor/resources/app/out/main.js:367:1498)
    at GO._createServiceInstance (file:///usr/share/cursor/resources/app/out/main.js:367:5220)
    at GO._createServiceInstanceWithOwner (file:///usr/share/cursor/resources/app/out/main.js:367:3719)
    at GO._createAndCacheServiceInstance (file:///usr/share/cursor/resources/app/out/main.js:367:3366)
    at GO._safeCreateAndCacheServiceInstance (file:///usr/share/cursor/resources/app/out/main.js:367:2413)
    at GO._getOrCreateServiceInstance (file:///usr/share/cursor/resources/app/out/main.js:367:2134)
    at Object.get (file:///usr/share/cursor/resources/app/out/main.js:367:552)
    at ou.initChannels (file:///usr/share/cursor/resources/app/out/main.js:331:19896)
    at file:///usr/share/cursor/resources/app/out/main.js:331:7827
    at GO.invokeFunction (file:///usr/share/cursor/resources/app/out/main.js:367:437)
    at ou.startup (file:///usr/share/cursor/resources/app/out/main.js:331:7804)
    at async sCe.startup (file:///usr/share/cursor/resources/app/out/main.js:371:43868) {
  errno: -14,
  syscall: 'write',
  code: 'EFAULT'
}
[31618:0924/132208.716274:ERROR:dbus/object_proxy.cc:573] Failed to call method: org.freedesktop.login1.Manager.Inhibit: object_path= /org/freedesktop/login1: unknown error type: 
[90m[main 2026-09-24T05:22:08.905Z][0m update#ctor - updates are managed by the deb package manager
[90m[main 2026-09-24T05:22:08.905Z][0m update#setState disabled
[90m[main 2026-09-24T05:22:08.906Z][0m update#ctor - updates are disabled by the platform installation method
MESA: error: ZINK: vkGetCalibratedTimestampsEXT failed (VK_ERROR_OUT_OF_HOST_MEMORY)
MESA: error: ZINK: vkGetCalibratedTimestampsEXT failed (VK_ERROR_OUT_OF_HOST_MEMORY)
MESA: error: ZINK: vkGetCalibratedTimestampsEXT failed (VK_ERROR_OUT_OF_HOST_MEMORY)
MESA: error: ZINK: vkGetCalibratedTimestampsEXT failed (VK_ERROR_OUT_OF_HOST_MEMORY)
[31618:0924/132210.523584:INFO:CONSOLE:797] "This document requires 'TrustedScript' assignment. The action has been blocked.", source: vscode-file://vscode-app/usr/share/cursor/resources/app/out/vs/workbench/workbench.glass.main.js (797)
[31618:0924/132210.523734:INFO:CONSOLE:797] "The JavaScript Function constructor does not accept TrustedString arguments. See https://github.com/w3c/webappsec-trusted-types/wiki/Trusted-Types-for-function-constructor for more information.", source: vscode-file://vscode-app/usr/share/cursor/resources/app/out/vs/workbench/workbench.glass.main.js (797)
[31618:0924/132210.714759:INFO:CONSOLE:78] "This document requires 'TrustedScript' assignment. The action has been blocked.", source: vscode-file://vscode-app/usr/share/cursor/resources/app/out/vs/workbench/workbench.glass.main.js (78)
[31618:0924/132210.714842:INFO:CONSOLE:78] "The JavaScript Function constructor does not accept TrustedString arguments. See https://github.com/w3c/webappsec-trusted-types/wiki/Trusted-Types-for-function-constructor for more information.", source: vscode-file://vscode-app/usr/share/cursor/resources/app/out/vs/workbench/workbench.glass.main.js (78)
[31618:0924/132211.531224:INFO:CONSOLE:62] "%c WARN color: #993 Missing property "alwaysKeepComposerInBound" in oldValue. Filling with value from initValue. Please add a migration if necessary.", source: vscode-file://vscode-app/usr/share/cursor/resources/app/out/vs/workbench/workbench.glass.main.js (62)
[31618:0924/132211.533789:INFO:CONSOLE:62] "%c WARN color: #993 Missing property "defaultCapabilities" in oldValue. Filling with value from initValue. Please add a migration if necessary.", source: vscode-file://vscode-app/usr/share/cursor/resources/app/out/vs/workbench/workbench.glass.main.js (62)
[31618:0924/132211.537080:INFO:CONSOLE:62] "%c WARN color: #993 Missing property "autoApplyFilesOutsideContext" in oldValue. Filling with value from initValue. Please add a migration if necessary.", source: vscode-file://vscode-app/usr/share/cursor/resources/app/out/vs/workbench/workbench.glass.main.js (62)
[31618:0924/132211.537622:INFO:CONSOLE:62] "%c WARN color: #993 Missing property "yoloCommandAllowlist" in oldValue. Filling with value from initValue. Please add a migration if necessary.", source: vscode-file://vscode-app/usr/share/cursor/resources/app/out/vs/workbench/workbench.glass.main.js (62)
[31618:0924/132211.537980:INFO:CONSOLE:62] "%c WARN color: #993 Missing property "yoloCommandDenylist" in oldValue. Filling with value from initValue. Please add a migration if necessary.", source: vscode-file://vscode-app/usr/share/cursor/resources/app/out/vs/workbench/workbench.glass.main.js (62)
[31618:0924/132211.538066:INFO:CONSOLE:62] "%c WARN color: #993 Missing property "smartAllowlistDenylist" in oldValue. Filling with value from initValue. Please add a migration if necessary.", source: vscode-file://vscode-app/usr/share/cursor/resources/app/out/vs/workbench/workbench.glass.main.js (62)
[31618:0924/132211.542375:INFO:CONSOLE:62] "%c WARN color: #993 Missing property "yoloMcpToolsDisabled" in oldValue. Filling with value from initValue. Please add a migration if necessary.", source: vscode-file://vscode-app/usr/share/cursor/resources/app/out/vs/workbench/workbench.glass.main.js (62)
[31618:0924/132211.542430:INFO:CONSOLE:62] "%c WARN color: #993 Missing property "doNotShowYoloModeWarningAgain" in oldValue. Filling with value from initValue. Please add a migration if necessary.", source: vscode-file://vscode-app/usr/share/cursor/resources/app/out/vs/workbench/workbench.glass.main.js (62)
[31618:0924/132211.543293:INFO:CONSOLE:62] "%c WARN color: #993 Missing property "doNotShowFullYoloModeWarningAgain" in oldValue. Filling with value from initValue. Please add a migration if necessary.", source: vscode-file://vscode-app/usr/share/cursor/resources/app/out/vs/workbench/workbench.glass.main.js (62)
[31618:0924/132211.543322:INFO:CONSOLE:62] "%c WARN color: #993 Missing property "selectedFakeStreamerId" in oldValue. Filling with value from initValue. Please add a migration if necessary.", source: vscode-file://vscode-app/usr/share/cursor/resources/app/out/vs/workbench/workbench.glass.main.js (62)
[31618:0924/132211.546819:INFO:CONSOLE:62] "%c WARN color: #993 Missing property "yoloDeleteFileDisabled" in oldValue. Filling with value from initValue. Please add a migration if necessary.", source: vscode-file://vscode-app/usr/share/cursor/resources/app/out/vs/workbench/workbench.glass.main.js (62)
[31618:0924/132211.546850:INFO:CONSOLE:62] "%c WARN color: #993 Missing property "yoloOutsideWorkspaceDisabled" in oldValue. Filling with value from initValue. Please add a migration if necessary.", source: vscode-file://vscode-app/usr/share/cursor/resources/app/out/vs/workbench/workbench.glass.main.js (62)
[31618:0924/132211.549183:INFO:CONSOLE:62] "%c WARN color: #993 Missing property "yoloEnableRunEverything" in oldValue. Filling with value from initValue. Please add a migration if necessary.", source: vscode-file://vscode-app/usr/share/cursor/resources/app/out/vs/workbench/workbench.glass.main.js (62)
[31618:0924/132211.549233:INFO:CONSOLE:62] "%c WARN color: #993 Missing property "enableSmartAuto" in oldValue. Filling with value from initValue. Please add a migration if necessary.", source: vscode-file://vscode-app/usr/share/cursor/resources/app/out/vs/workbench/workbench.glass.main.js (62)
[31618:0924/132211.551053:INFO:CONSOLE:62] "%c WARN color: #993 Missing property "isWebSearchToolEnabled" in oldValue. Filling with value from initValue. Please add a migration if necessary.", source: vscode-file://vscode-app/usr/share/cursor/resources/app/out/vs/workbench/workbench.glass.main.js (62)
[31618:0924/132211.551084:INFO:CONSOLE:62] "%c WARN color: #993 Missing property "isWebSearchToolEnabled2" in oldValue. Filling with value from initValue. Please add a migration if necessary.", source: vscode-file://vscode-app/usr/share/cursor/resources/app/out/vs/workbench/workbench.glass.main.js (62)
[31618:0924/132211.553822:INFO:CONSOLE:62] "%c WARN color: #993 Missing property "isWebSearchToolEnabled3" in oldValue. Filling with value from initValue. Please add a migration if necessary.", source: vscode-file://vscode-app/usr/share/cursor/resources/app/out/vs/workbench/workbench.glass.main.js (62)
[31618:0924/132211.553861:INFO:CONSOLE:62] "%c WARN color: #993 Missing property "autoAcceptWebSearchTool" in oldValue. Filling with value from initValue. Please add a migration if necessary.", source: vscode-file://vscode-app/usr/share/cursor/resources/app/out/vs/workbench/workbench.glass.main.js (62)
[31618:0924/132211.554625:INFO:CONSOLE:62] "%c WARN color: #993 Missing property "isWebFetchToolEnabled" in oldValue. Filling with value from initValue. Please add a migration if necessary.", source: vscode-file://vscode-app/usr/share/cursor/resources/app/out/vs/workbench/workbench.glass.main.js (62)
[31618:0924/132211.554651:INFO:CONSOLE:62] "%c WARN color: #993 Missing property "webFetchDomainAllowlist" in oldValue. Filling with value from initValue. Please add a migration if necessary.", source: vscode-file://vscode-app/usr/share/cursor/resources/app/out/vs/workbench/workbench.glass.main.js (62)
[31618:0924/132211.555613:INFO:CONSOLE:62] "%c WARN color: #993 Missing property "autoApproveModeTransitions" in oldValue. Filling with value from initValue. Please add a migration if necessary.", source: vscode-file://vscode-app/usr/share/cursor/resources/app/out/vs/workbench/workbench.glass.main.js (62)
[31618:0924/132211.555655:INFO:CONSOLE:62] "%c WARN color: #993 Missing property "mcpAuthBlocking" in oldValue. Filling with value from initValue. Please add a migration if necessary.", source: vscode-file://vscode-app/usr/share/cursor/resources/app/out/vs/workbench/workbench.glass.main.js (62)
[31618:0924/132211.556333:INFO:CONSOLE:62] "%c WARN color: #993 Missing property "autoApprovedModeTransitions" in oldValue. Filling with value from initValue. Please add a migration if necessary.", source: vscode-file://vscode-app/usr/share/cursor/resources/app/out/vs/workbench/workbench.glass.main.js (62)
[31618:0924/132211.556378:INFO:CONSOLE:62] "%c WARN color: #993 Missing property "autoRejectedModeTransitions" in oldValue. Filling with value from initValue. Please add a migration if necessary.", source: vscode-file://vscode-app/usr/share/cursor/resources/app/out/vs/workbench/workbench.glass.main.js (62)
[31618:0924/132211.557523:INFO:CONSOLE:62] "%c WARN color: #993 Missing property "backgroundComposerEnv" in oldValue. Filling with value from initValue. Please add a migration if necessary.", source: vscode-file://vscode-app/usr/share/cursor/resources/app/out/vs/workbench/workbench.glass.main.js (62)
[31618:0924/132211.557550:INFO:CONSOLE:62] "%c WARN color: #993 Missing property "useLegacyTerminalTool" in oldValue. Filling with value from initValue. Please add a migration if necessary.", source: vscode-file://vscode-app/usr/share/cursor/resources/app/out/vs/workbench/workbench.glass.main.js (62)
[31618:0924/132211.558328:INFO:CONSOLE:62] "%c WARN color: #993 Missing property "modes4" in oldValue. Filling with value from initValue. Please add a migration if necessary.", source: vscode-file://vscode-app/usr/share/cursor/resources/app/out/vs/workbench/workbench.glass.main.js (62)
[31618:0924/132211.558353:INFO:CONSOLE:62] "%c WARN color: #993 Missing property "codeBlockDisplayPreference" in oldValue. Filling with value from initValue. Please add a migration if necessary.", source: vscode-file://vscode-app/usr/share/cursor/resources/app/out/vs/workbench/workbench.glass.main.js (62)
[31618:0924/132211.567389:INFO:CONSOLE:62] "%c WARN color: #993 Missing property "thinkingLevel" in oldValue. Filling with value from initValue. Please add a migration if necessary.", source: vscode-file://vscode-app/usr/share/cursor/resources/app/out/vs/workbench/workbench.glass.main.js (62)
[31618:0924/132211.567437:INFO:CONSOLE:62] "%c WARN color: #993 Missing property "composerMigrationVersion" in oldValue. Filling with value from initValue. Please add a migration if necessary.", source: vscode-file://vscode-app/usr/share/cursor/resources/app/out/vs/workbench/workbench.glass.main.js (62)
[31618:0924/132211.568035:INFO:CONSOLE:62] "%c WARN color: #993 Missing property "mcpServers" in oldValue. Filling with value from initValue. Please add a migration if necessary.", source: vscode-file://vscode-app/usr/share/cursor/resources/app/out/vs/workbench/workbench.glass.main.js (62)
[31618:0924/132211.568077:INFO:CONSOLE:62] "%c WARN color: #993 Missing property "mcpDisabledTools" in oldValue. Filling with value from initValue. Please add a migration if necessary.", source: vscode-file://vscode-app/usr/share/cursor/resources/app/out/vs/workbench/workbench.glass.main.js (62)
[31618:0924/132211.568293:INFO:CONSOLE:62] "%c WARN color: #993 Missing property "availableDefaultModels2" in oldValue. Filling with value from initValue. Please add a migration if necessary.", source: vscode-file://vscode-app/usr/share/cursor/resources/app/out/vs/workbench/workbench.glass.main.js (62)
[31618:0924/132211.568319:INFO:CONSOLE:62] "%c WARN color: #993 Missing property "featureModelConfigs" in oldValue. Filling with value from initValue. Please add a migration if necessary.", source: vscode-file://vscode-app/usr/share/cursor/resources/app/out/vs/workbench/workbench.glass.main.js (62)
[31618:0924/132211.568764:INFO:CONSOLE:62] "%c WARN color: #993 Missing property "backgroundComposerState" in oldValue. Filling with value from initValue. Please add a migration if necessary.", source: vscode-file://vscode-app/usr/share/cursor/resources/app/out/vs/workbench/workbench.glass.main.js (62)
[31618:0924/132211.568789:INFO:CONSOLE:62] "%c WARN color: #993 Missing property "dialogDontAskAgainPreferences" in oldValue. Filling with value from initValue. Please add a migration if necessary.", source: vscode-file://vscode-app/usr/share/cursor/resources/app/out/vs/workbench/workbench.glass.main.js (62)
[31618:0924/132211.569453:INFO:CONSOLE:62] "%c WARN color: #993 Missing property "cursorIgnore" in oldValue. Filling with value from initValue. Please add a migration if necessary.", source: vscode-file://vscode-app/usr/share/cursor/resources/app/out/vs/workbench/workbench.glass.main.js (62)
[31618:0924/132211.569489:INFO:CONSOLE:62] "%c WARN color: #993 Missing property "teamAdminSettings" in oldValue. Filling with value from initValue. Please add a migration if necessary.", source: vscode-file://vscode-app/usr/share/cursor/resources/app/out/vs/workbench/workbench.glass.main.js (62)
[31618:0924/132211.569945:INFO:CONSOLE:62] "%c WARN color: #993 Missing property "shouldShowViewZoneWhenPreviewBoxIsClipped6" in oldValue. Filling with value from initValue. Please add a migration if necessary.", source: vscode-file://vscode-app/usr/share/cursor/resources/app/out/vs/workbench/workbench.glass.main.js (62)
[31618:0924/132211.569972:INFO:CONSOLE:62] "%c WARN color: #993 Missing property "cppModelsState" in oldValue. Filling with value from initValue. Please add a migration if necessary.", source: vscode-file://vscode-app/usr/share/cursor/resources/app/out/vs/workbench/workbench.glass.main.js (62)
[31618:0924/132211.570459:INFO:CONSOLE:62] "%c WARN color: #993 Missing property "aiSettings" in oldValue. Filling with value from initValue. Please add a migration if necessary.", source: vscode-file://vscode-app/usr/share/cursor/resources/app/out/vs/workbench/workbench.glass.main.js (62)
[31618:0924/132211.570489:INFO:CONSOLE:62] "%c WARN color: #993 Missing property "authenticationSettings" in oldValue. Filling with value from initValue. Please add a migration if necessary.", source: vscode-file://vscode-app/usr/share/cursor/resources/app/out/vs/workbench/workbench.glass.main.js (62)
[31618:0924/132211.571482:INFO:CONSOLE:62] "%c WARN color: #993 Missing property "websiteUrl" in oldValue. Filling with value from initValue. Please add a migration if necessary.", source: vscode-file://vscode-app/usr/share/cursor/resources/app/out/vs/workbench/workbench.glass.main.js (62)
[31618:0924/132211.571519:INFO:CONSOLE:62] "%c WARN color: #993 Missing property "backendUrl" in oldValue. Filling with value from initValue. Please add a migration if necessary.", source: vscode-file://vscode-app/usr/share/cursor/resources/app/out/vs/workbench/workbench.glass.main.js (62)
[31618:0924/132211.572232:INFO:CONSOLE:62] "%c WARN color: #993 Missing property "authClientId" in oldValue. Filling with value from initValue. Please add a migration if necessary.", source: vscode-file://vscode-app/usr/share/cursor/resources/app/out/vs/workbench/workbench.glass.main.js (62)
[31618:0924/132211.572269:INFO:CONSOLE:62] "%c WARN color: #993 Missing property "authDomain" in oldValue. Filling with value from initValue. Please add a migration if necessary.", source: vscode-file://vscode-app/usr/share/cursor/resources/app/out/vs/workbench/workbench.glass.main.js (62)
[31618:0924/132211.573200:INFO:CONSOLE:62] "%c WARN color: #993 Missing property "repoBackendUrl" in oldValue. Filling with value from initValue. Please add a migration if necessary.", source: vscode-file://vscode-app/usr/share/cursor/resources/app/out/vs/workbench/workbench.glass.main.js (62)
[31618:0924/132211.573225:INFO:CONSOLE:62] "%c WARN color: #993 Missing property "telemBackendUrl" in oldValue. Filling with value from initValue. Please add a migration if necessary.", source: vscode-file://vscode-app/usr/share/cursor/resources/app/out/vs/workbench/workbench.glass.main.js (62)
[31618:0924/132211.574264:INFO:CONSOLE:62] "%c WARN color: #993 Missing property "cmdkBackendUrl" in oldValue. Filling with value from initValue. Please add a migration if necessary.", source: vscode-file://vscode-app/usr/share/cursor/resources/app/out/vs/workbench/workbench.glass.main.js (62)
[31618:0924/132211.574288:INFO:CONSOLE:62] "%c WARN color: #993 Missing property "geoCppBackendUrl" in oldValue. Filling with value from initValue. Please add a migration if necessary.", source: vscode-file://vscode-app/usr/share/cursor/resources/app/out/vs/workbench/workbench.glass.main.js (62)
[31618:0924/132211.575016:INFO:CONSOLE:62] "%c WARN color: #993 Missing property "cppConfigBackendUrl" in oldValue. Filling with value from initValue. Please add a migration if necessary.", source: vscode-file://vscode-app/usr/share/cursor/resources/app/out/vs/workbench/workbench.glass.main.js (62)
[31618:0924/132211.575042:INFO:CONSOLE:62] "%c WARN color: #993 Missing property "originBackendUrl" in oldValue. Filling with value from initValue. Please add a migration if necessary.", source: vscode-file://vscode-app/usr/share/cursor/resources/app/out/vs/workbench/workbench.glass.main.js (62)
[31618:0924/132211.575711:INFO:CONSOLE:62] "%c WARN color: #993 Missing property "bcProxyUrl" in oldValue. Filling with value from initValue. Please add a migration if necessary.", source: vscode-file://vscode-app/usr/share/cursor/resources/app/out/vs/workbench/workbench.glass.main.js (62)
[31618:0924/132211.575733:INFO:CONSOLE:62] "%c WARN color: #993 Missing property "agentBackendUrlPrivacy" in oldValue. Filling with value from initValue. Please add a migration if necessary.", source: vscode-file://vscode-app/usr/share/cursor/resources/app/out/vs/workbench/workbench.glass.main.js (62)
[31618:0924/132211.576700:INFO:CONSOLE:62] "%c WARN color: #993 Missing property "agentBackendUrlNonPrivacy" in oldValue. Filling with value from initValue. Please add a migration if necessary.", source: vscode-file://vscode-app/usr/share/cursor/resources/app/out/vs/workbench/workbench.glass.main.js (62)
[31618:0924/132211.576721:INFO:CONSOLE:62] "%c WARN color: #993 Missing property "credentialsDisplayName" in oldValue. Filling with value from initValue. Please add a migration if necessary.", source: vscode-file://vscode-app/usr/share/cursor/resources/app/out/vs/workbench/workbench.glass.main.js (62)
[31618:0924/132211.578872:INFO:CONSOLE:62] "%c WARN color: #993 Missing property "cmdLineHookState" in oldValue. Filling with value from initValue. Please add a migration if necessary.", source: vscode-file://vscode-app/usr/share/cursor/resources/app/out/vs/workbench/workbench.glass.main.js (62)
[31618:0924/132211.578912:INFO:CONSOLE:62] "%c WARN color: #993 Missing property "shouldOnlyImportOnAccept" in oldValue. Filling with value from initValue. Please add a migration if necessary.", source: vscode-file://vscode-app/usr/share/cursor/resources/app/out/vs/workbench/workbench.glass.main.js (62)
[31618:0924/132211.581593:INFO:CONSOLE:62] "%c WARN color: #993 Missing property "cppAutoImportDecorationStyle" in oldValue. Filling with value from initValue. Please add a migration if necessary.", source: vscode-file://vscode-app/usr/share/cursor/resources/app/out/vs/workbench/workbench.glass.main.js (62)
[31618:0924/132211.582150:INFO:CONSOLE:62] "%c WARN color: #993 Missing property "newUserData" in oldValue. Filling with value from initValue. Please add a migration if necessary.", source: vscode-file://vscode-app/usr/share/cursor/resources/app/out/vs/workbench/workbench.glass.main.js (62)
[31618:0924/132211.582185:INFO:CONSOLE:62] "%c WARN color: #993 Missing property "azureState" in oldValue. Filling with value from initValue. Please add a migration if necessary.", source: vscode-file://vscode-app/usr/share/cursor/resources/app/out/vs/workbench/workbench.glass.main.js (62)
[31618:0924/132211.582469:INFO:CONSOLE:62] "%c WARN color: #993 Missing property "personalDocs" in oldValue. Filling with value from initValue. Please add a migration if necessary.", source: vscode-file://vscode-app/usr/share/cursor/resources/app/out/vs/workbench/workbench.glass.main.js (62)
[31618:0924/132211.582502:INFO:CONSOLE:62] "%c WARN color: #993 Missing property "cppInCmdF" in oldValue. Filling with value from initValue. Please add a migration if necessary.", source: vscode-file://vscode-app/usr/share/cursor/resources/app/out/vs/workbench/workbench.glass.main.js (62)
[31618:0924/132211.582669:INFO:CONSOLE:62] "%c WARN color: #993 Missing property "cppTriggerInComments" in oldValue. Filling with value from initValue. Please add a migration if necessary.", source: vscode-file://vscode-app/usr/share/cursor/resources/app/out/vs/workbench/workbench.glass.main.js (62)
[31618:0924/132211.582693:INFO:CONSOLE:62] "%c WARN color: #993 Missing property "cppShowWhitespaceOnlyChanges" in oldValue. Filling with value from initValue. Please add a migration if necessary.", source: vscode-file://vscode-app/usr/share/cursor/resources/app/out/vs/workbench/workbench.glass.main.js (62)
[31618:0924/132211.582819:INFO:CONSOLE:62] "%c WARN color: #993 Missing property "cppConfig" in oldValue. Filling with value from initValue. Please add a migration if necessary.", source: vscode-file://vscode-app/usr/share/cursor/resources/app/out/vs/workbench/workbench.glass.main.js (62)
[31618:0924/132211.582839:INFO:CONSOLE:62] "%c WARN color: #993 Missing property "indexRepository" in oldValue. Filling with value from initValue. Please add a migration if necessary.", source: vscode-file://vscode-app/usr/share/cursor/resources/app/out/vs/workbench/workbench.glass.main.js (62)
[31618:0924/132211.582955:INFO:CONSOLE:62] "%c WARN color: #993 Missing property "haveNotImportedFromVSC" in oldValue. Filling with value from initValue. Please add a migration if necessary.", source: vscode-file://vscode-app/usr/share/cursor/resources/app/out/vs/workbench/workbench.glass.main.js (62)
[31618:0924/132211.582985:INFO:CONSOLE:62] "%c WARN color: #993 Missing property "shouldAutoParseCmdKLinks" in oldValue. Filling with value from initValue. Please add a migration if necessary.", source: vscode-file://vscode-app/usr/share/cursor/resources/app/out/vs/workbench/workbench.glass.main.js (62)
[31618:0924/132211.583110:INFO:CONSOLE:62] "%c WARN color: #993 Missing property "isFileSyncClientEnabled" in oldValue. Filling with value from initValue. Please add a migration if necessary.", source: vscode-file://vscode-app/usr/share/cursor/resources/app/out/vs/workbench/workbench.glass.main.js (62)
[31618:0924/132211.583129:INFO:CONSOLE:62] "%c WARN color: #993 Missing property "membershipType" in oldValue. Filling with value from initValue. Please add a migration if necessary.", source: vscode-file://vscode-app/usr/share/cursor/resources/app/out/vs/workbench/workbench.glass.main.js (62)
[31618:0924/132211.583310:INFO:CONSOLE:62] "%c WARN color: #993 Missing property "fastApplyModelType" in oldValue. Filling with value from initValue. Please add a migration if necessary.", source: vscode-file://vscode-app/usr/share/cursor/resources/app/out/vs/workbench/workbench.glass.main.js (62)
[31618:0924/132211.583330:INFO:CONSOLE:62] "%c WARN color: #993 Missing property "explicitlyEnableSemanticSearch" in oldValue. Filling with value from initValue. Please add a migration if necessary.", source: vscode-file://vscode-app/usr/share/cursor/resources/app/out/vs/workbench/workbench.glass.main.js (62)
[31618:0924/132211.583442:INFO:CONSOLE:62] "%c WARN color: #993 Missing property "backgroundComposerEnv" in oldValue. Filling with value from initValue. Please add a migration if necessary.", source: vscode-file://vscode-app/usr/share/cursor/resources/app/out/vs/workbench/workbench.glass.main.js (62)
[31618:0924/132211.583460:INFO:CONSOLE:62] "%c WARN color: #993 Missing property "preferredEmbeddingModel" in oldValue. Filling with value from initValue. Please add a migration if necessary.", source: vscode-file://vscode-app/usr/share/cursor/resources/app/out/vs/workbench/workbench.glass.main.js (62)
[31618:0924/132211.583718:INFO:CONSOLE:62] "%c WARN color: #993 Missing property "oneTimeSettings" in oldValue. Filling with value from initValue. Please add a migration if necessary.", source: vscode-file://vscode-app/usr/share/cursor/resources/app/out/vs/workbench/workbench.glass.main.js (62)
[31618:0924/132211.583740:INFO:CONSOLE:62] "%c WARN color: #993 Missing property "eligibleForSnippetLearning" in oldValue. Filling with value from initValue. Please add a migration if necessary.", source: vscode-file://vscode-app/usr/share/cursor/resources/app/out/vs/workbench/workbench.glass.main.js (62)
[31618:0924/132211.584021:INFO:CONSOLE:62] "%c WARN color: #993 Missing property "goneThroughCodeSnippetOnboarding" in oldValue. Filling with value from initValue. Please add a migration if necessary.", source: vscode-file://vscode-app/usr/share/cursor/resources/app/out/vs/workbench/workbench.glass.main.js (62)
[31618:0924/132211.584046:INFO:CONSOLE:62] "%c WARN color: #993 Missing property "goneThroughCodeSnippetChangeManagement" in oldValue. Filling with value from initValue. Please add a migration if necessary.", source: vscode-file://vscode-app/usr/share/cursor/resources/app/out/vs/workbench/workbench.glass.main.js (62)
[31618:0924/132211.584308:INFO:CONSOLE:62] "%c WARN color: #993 Missing property "hasResetModelOnce" in oldValue. Filling with value from initValue. Please add a migration if necessary.", source: vscode-file://vscode-app/usr/share/cursor/resources/app/out/vs/workbench/workbench.glass.main.js (62)
[31618:0924/132211.584330:INFO:CONSOLE:62] "%c WARN color: #993 Missing property "rpcFileLoggerEnabled" in oldValue. Filling with value from initValue. Please add a migration if necessary.", source: vscode-file://vscode-app/usr/share/cursor/resources/app/out/vs/workbench/workbench.glass.main.js (62)
[31618:0924/132211.643558:INFO:CONSOLE:21564] "[InstantiationService] Lazy service 'paneCompositePartService' is being constructed (pOk) Error: stack trace", source: vscode-file://vscode-app/usr/share/cursor/resources/app/out/vs/workbench/workbench.glass.main.js (21564)
MESA: error: ZINK: vkGetCalibratedTimestampsEXT failed (VK_ERROR_OUT_OF_HOST_MEMORY)
[31618:0924/132211.720739:INFO:CONSOLE:21155] "[layout] AgentLayoutService constructor initialized missing SIDEBAR_LOCATION from primary config fallback undefined [object Object]", source: vscode-file://vscode-app/usr/share/cursor/resources/app/out/vs/workbench/workbench.glass.main.js (21155)
[90m[main 2026-09-24T05:22:11.808Z][0m [LocalAgentStorage] Scanned 1 recent databases (skipped 0 old), found 0 agent headers, deduped to 0
[32136:0924/132211.950171:WARNING:media/audio/linux/audio_manager_linux.cc:54] Falling back to ALSA for audio output. PulseAudio is not available or could not be initialized.
MESA: error: ZINK: vkGetCalibratedTimestampsEXT failed (VK_ERROR_OUT_OF_HOST_MEMORY)
MESA: error: ZINK: vkGetCalibratedTimestampsEXT failed (VK_ERROR_OUT_OF_HOST_MEMORY)
MESA: error: ZINK: vkGetCalibratedTimestampsEXT failed (VK_ERROR_OUT_OF_HOST_MEMORY)
MESA: error: ZINK: vkGetCalibratedTimestampsEXT failed (VK_ERROR_OUT_OF_HOST_MEMORY)
MESA: error: ZINK: vkGetCalibratedTimestampsEXT failed (VK_ERROR_OUT_OF_HOST_MEMORY)
MESA: error: ZINK: vkGetCalibratedTimestampsEXT failed (VK_ERROR_OUT_OF_HOST_MEMORY)
MESA: error: ZINK: vkGetCalibratedTimestampsEXT failed (VK_ERROR_OUT_OF_HOST_MEMORY)
MESA: error: ZINK: vkGetCalibratedTimestampsEXT failed (VK_ERROR_OUT_OF_HOST_MEMORY)
MESA: error: ZINK: vkGetCalibratedTimestampsEXT failed (VK_ERROR_OUT_OF_HOST_MEMORY)
MESA: error: ZINK: vkGetCalibratedTimestampsEXT failed (VK_ERROR_OUT_OF_HOST_MEMORY)
MESA: error: ZINK: vkGetCalibratedTimestampsEXT failed (VK_ERROR_OUT_OF_HOST_MEMORY)
MESA: error: ZINK: vkGetCalibratedTimestampsEXT failed (VK_ERROR_OUT_OF_HOST_MEMORY)
MESA: error: ZINK: vkGetCalibratedTimestampsEXT failed (VK_ERROR_OUT_OF_HOST_MEMORY)
MESA: error: ZINK: vkGetCalibratedTimestampsEXT failed (VK_ERROR_OUT_OF_HOST_MEMORY)
MESA: error: ZINK: vkGetCalibratedTimestampsEXT failed (VK_ERROR_OUT_OF_HOST_MEMORY)
MESA: error: ZINK: vkGetCalibratedTimestampsEXT failed (VK_ERROR_OUT_OF_HOST_MEMORY)
MESA: error: ZINK: vkGetCalibratedTimestampsEXT failed (VK_ERROR_OUT_OF_HOST_MEMORY)
MESA: error: ZINK: vkGetCalibratedTimestampsEXT failed (VK_ERROR_OUT_OF_HOST_MEMORY)
MESA: error: ZINK: vkGetCalibratedTimestampsEXT failed (VK_ERROR_OUT_OF_HOST_MEMORY)
MESA: error: ZINK: vkGetCalibratedTimestampsEXT failed (VK_ERROR_OUT_OF_HOST_MEMORY)
MESA: error: ZINK: vkGetCalibratedTimestampsEXT failed (VK_ERROR_OUT_OF_HOST_MEMORY)
MESA: error: ZINK: vkGetCalibratedTimestampsEXT failed (VK_ERROR_OUT_OF_HOST_MEMORY)
MESA: error: ZINK: vkGetCalibratedTimestampsEXT failed (VK_ERROR_OUT_OF_HOST_MEMORY)
MESA: error: ZINK: vkGetCalibratedTimestampsEXT failed (VK_ERROR_OUT_OF_HOST_MEMORY)
MESA: error: ZINK: vkGetCalibratedTimestampsEXT failed (VK_ERROR_OUT_OF_HOST_MEMORY)
MESA: error: ZINK: vkGetCalibratedTimestampsEXT failed (VK_ERROR_OUT_OF_HOST_MEMORY)
MESA: error: ZINK: vkGetCalibratedTimestampsEXT failed (VK_ERROR_OUT_OF_HOST_MEMORY)
[31618:0924/132217.016452:INFO:CONSOLE:21155] "[github_auth] Provider registered [object Object]", source: vscode-file://vscode-app/usr/share/cursor/resources/app/out/vs/workbench/workbench.glass.main.js (21155)
MESA: error: ZINK: vkGetCalibratedTimestampsEXT failed (VK_ERROR_OUT_OF_HOST_MEMORY)
[31618:0924/132217.017643:INFO:CONSOLE:21155] "[github_auth] Provider registered [object Object]", source: vscode-file://vscode-app/usr/share/cursor/resources/app/out/vs/workbench/workbench.glass.main.js (21155)
MESA: error: ZINK: vkGetCalibratedTimestampsEXT failed (VK_ERROR_OUT_OF_HOST_MEMORY)
MESA: error: ZINK: vkGetCalibratedTimestampsEXT failed (VK_ERROR_OUT_OF_HOST_MEMORY)
MESA: error: ZINK: vkGetCalibratedTimestampsEXT failed (VK_ERROR_OUT_OF_HOST_MEMORY)
MESA: error: ZINK: vkGetCalibratedTimestampsEXT failed (VK_ERROR_OUT_OF_HOST_MEMORY)
MESA: error: ZINK: vkGetCalibratedTimestampsEXT failed (VK_ERROR_OUT_OF_HOST_MEMORY)
MESA: error: ZINK: vkGetCalibratedTimestampsEXT failed (VK_ERROR_OUT_OF_HOST_MEMORY)
MESA: error: ZINK: vkGetCalibratedTimestampsEXT failed (VK_ERROR_OUT_OF_HOST_MEMORY)
MESA: error: ZINK: vkGetCalibratedTimestampsEXT failed (VK_ERROR_OUT_OF_HOST_MEMORY)
MESA: error: ZINK: vkGetCalibratedTimestampsEXT failed (VK_ERROR_OUT_OF_HOST_MEMORY)
MESA: error: ZINK: vkGetCalibratedTimestampsEXT failed (VK_ERROR_OUT_OF_HOST_MEMORY)
MESA: error: ZINK: vkGetCalibratedTimestampsEXT failed (VK_ERROR_OUT_OF_HOST_MEMORY)
MESA: error: ZINK: vkGetCalibratedTimestampsEXT failed (VK_ERROR_OUT_OF_HOST_MEMORY)
MESA: error: ZINK: vkGetCalibratedTimestampsEXT failed (VK_ERROR_OUT_OF_HOST_MEMORY)
MESA: error: ZINK: vkGetCalibratedTimestampsEXT failed (VK_ERROR_OUT_OF_HOST_MEMORY)
MESA: error: ZINK: vkGetCalibratedTimestampsEXT failed (VK_ERROR_OUT_OF_HOST_MEMORY)
MESA: error: ZINK: vkGetCalibratedTimestampsEXT failed (VK_ERROR_OUT_OF_HOST_MEMORY)
MESA: error: ZINK: vkGetCalibratedTimestampsEXT failed (VK_ERROR_OUT_OF_HOST_MEMORY)
MESA: error: ZINK: vkGetCalibratedTimestampsEXT failed (VK_ERROR_OUT_OF_HOST_MEMORY)
MESA: error: ZINK: vkGetCalibratedTimestampsEXT failed (VK_ERROR_OUT_OF_HOST_MEMORY)
MESA: error: ZINK: vkGetCalibratedTimestampsEXT failed (VK_ERROR_OUT_OF_HOST_MEMORY)
MESA: error: ZINK: vkGetCalibratedTimestampsEXT failed (VK_ERROR_OUT_OF_HOST_MEMORY)
MESA: error: ZINK: vkGetCalibratedTimestampsEXT failed (VK_ERROR_OUT_OF_HOST_MEMORY)
MESA: error: ZINK: vkGetCalibratedTimestampsEXT failed (VK_ERROR_OUT_OF_HOST_MEMORY)
MESA: error: ZINK: vkGetCalibratedTimestampsEXT failed (VK_ERROR_OUT_OF_HOST_MEMORY)
MESA: error: ZINK: vkGetCalibratedTimestampsEXT failed (VK_ERROR_OUT_OF_HOST_MEMORY)
MESA: error: ZINK: vkGetCalibratedTimestampsEXT failed (VK_ERROR_OUT_OF_HOST_MEMORY)
MESA: error: ZINK: vkGetCalibratedTimestampsEXT failed (VK_ERROR_OUT_OF_HOST_MEMORY)
MESA: error: ZINK: vkGetCalibratedTimestampsEXT failed (VK_ERROR_OUT_OF_HOST_MEMORY)
MESA: error: ZINK: vkGetCalibratedTimestampsEXT failed (VK_ERROR_OUT_OF_HOST_MEMORY)
MESA: error: ZINK: vkGetCalibratedTimestampsEXT failed (VK_ERROR_OUT_OF_HOST_MEMORY)
MESA: error: ZINK: vkGetCalibratedTimestampsEXT failed (VK_ERROR_OUT_OF_HOST_MEMORY)
MESA: error: ZINK: vkGetCalibratedTimestampsEXT failed (VK_ERROR_OUT_OF_HOST_MEMORY)
MESA: error: ZINK: vkGetCalibratedTimestampsEXT failed (VK_ERROR_OUT_OF_HOST_MEMORY)
MESA: error: ZINK: vkGetCalibratedTimestampsEXT failed (VK_ERROR_OUT_OF_HOST_MEMORY)
MESA: error: ZINK: vkGetCalibratedTimestampsEXT failed (VK_ERROR_OUT_OF_HOST_MEMORY)
MESA: error: ZINK: vkGetCalibratedTimestampsEXT failed (VK_ERROR_OUT_OF_HOST_MEMORY)
MESA: error: ZINK: vkGetCalibratedTimestampsEXT failed (VK_ERROR_OUT_OF_HOST_MEMORY)
MESA: error: ZINK: vkGetCalibratedTimestampsEXT failed (VK_ERROR_OUT_OF_HOST_MEMORY)
MESA: error: ZINK: vkGetCalibratedTimestampsEXT failed (VK_ERROR_OUT_OF_HOST_MEMORY)
MESA: error: ZINK: vkGetCalibratedTimestampsEXT failed (VK_ERROR_OUT_OF_HOST_MEMORY)
MESA: error: ZINK: vkGetCalibratedTimestampsEXT failed (VK_ERROR_OUT_OF_HOST_MEMORY)
MESA: error: ZINK: vkGetCalibratedTimestampsEXT failed (VK_ERROR_OUT_OF_HOST_MEMORY)
MESA: error: ZINK: vkGetCalibratedTimestampsEXT failed (VK_ERROR_OUT_OF_HOST_MEMORY)
MESA: error: ZINK: vkGetCalibratedTimestampsEXT failed (VK_ERROR_OUT_OF_HOST_MEMORY)
MESA: error: ZINK: vkGetCalibratedTimestampsEXT failed (VK_ERROR_OUT_OF_HOST_MEMORY)
MESA: error: ZINK: vkGetCalibratedTimestampsEXT failed (VK_ERROR_OUT_OF_HOST_MEMORY)
MESA: error: ZINK: vkGetCalibratedTimestampsEXT failed (VK_ERROR_OUT_OF_HOST_MEMORY)
MESA: error: ZINK: vkGetCalibratedTimestampsEXT failed (VK_ERROR_OUT_OF_HOST_MEMORY)
MESA: error: ZINK: vkGetCalibratedTimestampsEXT failed (VK_ERROR_OUT_OF_HOST_MEMORY)
MESA: error: ZINK: vkGetCalibratedTimestampsEXT failed (VK_ERROR_OUT_OF_HOST_MEMORY)
MESA: error: ZINK: vkGetCalibratedTimestampsEXT failed (VK_ERROR_OUT_OF_HOST_MEMORY)
MESA: error: ZINK: vkGetCalibratedTimestampsEXT failed (VK_ERROR_OUT_OF_HOST_MEMORY)
MESA: error: ZINK: vkGetCalibratedTimestampsEXT failed (VK_ERROR_OUT_OF_HOST_MEMORY)
MESA: error: ZINK: vkGetCalibratedTimestampsEXT failed (VK_ERROR_OUT_OF_HOST_MEMORY)
MESA: error: ZINK: vkGetCalibratedTimestampsEXT failed (VK_ERROR_OUT_OF_HOST_MEMORY)
MESA: error: ZINK: vkGetCalibratedTimestampsEXT failed (VK_ERROR_OUT_OF_HOST_MEMORY)
MESA: error: ZINK: vkGetCalibratedTimestampsEXT failed (VK_ERROR_OUT_OF_HOST_MEMORY)
MESA: error: ZINK: vkGetCalibratedTimestampsEXT failed (VK_ERROR_OUT_OF_HOST_MEMORY)
MESA: error: ZINK: vkGetCalibratedTimestampsEXT failed (VK_ERROR_OUT_OF_HOST_MEMORY)
MESA: error: ZINK: vkGetCalibratedTimestampsEXT failed (VK_ERROR_OUT_OF_HOST_MEMORY)
MESA: error: ZINK: vkGetCalibratedTimestampsEXT failed (VK_ERROR_OUT_OF_HOST_MEMORY)
MESA: error: ZINK: vkGetCalibratedTimestampsEXT failed (VK_ERROR_OUT_OF_HOST_MEMORY)
MESA: error: ZINK: vkGetCalibratedTimestampsEXT failed (VK_ERROR_OUT_OF_HOST_MEMORY)
MESA: error: ZINK: vkGetCalibratedTimestampsEXT failed (VK_ERROR_OUT_OF_HOST_MEMORY)
MESA: error: ZINK: vkGetCalibratedTimestampsEXT failed (VK_ERROR_OUT_OF_HOST_MEMORY)
MESA: error: ZINK: vkGetCalibratedTimestampsEXT failed (VK_ERROR_OUT_OF_HOST_MEMORY)
MESA: error: ZINK: vkGetCalibratedTimestampsEXT failed (VK_ERROR_OUT_OF_HOST_MEMORY)
MESA: error: ZINK: vkGetCalibratedTimestampsEXT failed (VK_ERROR_OUT_OF_HOST_MEMORY)
MESA: error: ZINK: vkGetCalibratedTimestampsEXT failed (VK_ERROR_OUT_OF_HOST_MEMORY)
MESA: error: ZINK: vkGetCalibratedTimestampsEXT failed (VK_ERROR_OUT_OF_HOST_MEMORY)
MESA: error: ZINK: vkGetCalibratedTimestampsEXT failed (VK_ERROR_OUT_OF_HOST_MEMORY)
MESA: error: ZINK: vkGetCalibratedTimestampsEXT failed (VK_ERROR_OUT_OF_HOST_MEMORY)
MESA: error: ZINK: vkGetCalibratedTimestampsEXT failed (VK_ERROR_OUT_OF_HOST_MEMORY)
MESA: error: ZINK: vkGetCalibratedTimestampsEXT failed (VK_ERROR_OUT_OF_HOST_MEMORY)
MESA: error: ZINK: vkGetCalibratedTimestampsEXT failed (VK_ERROR_OUT_OF_HOST_MEMORY)
MESA: error: ZINK: vkGetCalibratedTimestampsEXT failed (VK_ERROR_OUT_OF_HOST_MEMORY)
MESA: error: ZINK: vkGetCalibratedTimestampsEXT failed (VK_ERROR_OUT_OF_HOST_MEMORY)
MESA: error: ZINK: vkGetCalibratedTimestampsEXT failed (VK_ERROR_OUT_OF_HOST_MEMORY)
MESA: error: ZINK: vkGetCalibratedTimestampsEXT failed (VK_ERROR_OUT_OF_HOST_MEMORY)
MESA: error: ZINK: vkGetCalibratedTimestampsEXT failed (VK_ERROR_OUT_OF_HOST_MEMORY)
MESA: error: ZINK: vkGetCalibratedTimestampsEXT failed (VK_ERROR_OUT_OF_HOST_MEMORY)
MESA: error: ZINK: vkGetCalibratedTimestampsEXT failed (VK_ERROR_OUT_OF_HOST_MEMORY)
MESA: error: ZINK: vkGetCalibratedTimestampsEXT failed (VK_ERROR_OUT_OF_HOST_MEMORY)
MESA: error: ZINK: vkGetCalibratedTimestampsEXT failed (VK_ERROR_OUT_OF_HOST_MEMORY)
[31618:0924/132217.788130:INFO:CONSOLE:62] "%c  ERR color: #f33 [Extension Host:unknown] (node:32134) [DEP0040] DeprecationWarning: The `punycode` module is deprecated. Please use a userland alternative instead.
(Use `exe --trace-deprecation ...` to show where the warning was created)", source: vscode-file://vscode-app/usr/share/cursor/resources/app/out/vs/workbench/workbench.glass.main.js (62)
[31618:0924/132217.788212:INFO:CONSOLE:20868] "%c[Extension Host:unknown] %c(node:32134) [DEP0040] DeprecationWarning: The `punycode` module is deprecated. Please use a userland alternative instead.
(Use `exe --trace-deprecation ...` to show where the warning was created) color: blue color: ", source: vscode-file://vscode-app/usr/share/cursor/resources/app/out/vs/workbench/workbench.glass.main.js (20868)
MESA: error: ZINK: vkGetCalibratedTimestampsEXT failed (VK_ERROR_OUT_OF_HOST_MEMORY)
MESA: error: ZINK: vkGetCalibratedTimestampsEXT failed (VK_ERROR_OUT_OF_HOST_MEMORY)
MESA: error: ZINK: vkGetCalibratedTimestampsEXT failed (VK_ERROR_OUT_OF_HOST_MEMORY)
MESA: error: ZINK: vkGetCalibratedTimestampsEXT failed (VK_ERROR_OUT_OF_HOST_MEMORY)
MESA: error: ZINK: vkGetCalibratedTimestampsEXT failed (VK_ERROR_OUT_OF_HOST_MEMORY)
MESA: error: ZINK: vkGetCalibratedTimestampsEXT failed (VK_ERROR_OUT_OF_HOST_MEMORY)
MESA: error: ZINK: vkGetCalibratedTimestampsEXT failed (VK_ERROR_OUT_OF_HOST_MEMORY)
MESA: error: ZINK: vkGetCalibratedTimestampsEXT failed (VK_ERROR_OUT_OF_HOST_MEMORY)
MESA: error: ZINK: vkGetCalibratedTimestampsEXT failed (VK_ERROR_OUT_OF_HOST_MEMORY)
MESA: error: ZINK: vkGetCalibratedTimestampsEXT failed (VK_ERROR_OUT_OF_HOST_MEMORY)
MESA: error: ZINK: vkGetCalibratedTimestampsEXT failed (VK_ERROR_OUT_OF_HOST_MEMORY)
MESA: error: ZINK: vkGetCalibratedTimestampsEXT failed (VK_ERROR_OUT_OF_HOST_MEMORY)
MESA: error: ZINK: vkGetCalibratedTimestampsEXT failed (VK_ERROR_OUT_OF_HOST_MEMORY)
MESA: error: ZINK: vkGetCalibratedTimestampsEXT failed (VK_ERROR_OUT_OF_HOST_MEMORY)
MESA: error: ZINK: vkGetCalibratedTimestampsEXT failed (VK_ERROR_OUT_OF_HOST_MEMORY)
[31618:0924/132217.908408:INFO:CONSOLE:21396] "Failed to get git telemetry attributes: Error: Failed to execute git", source: vscode-file://vscode-app/usr/share/cursor/resources/app/out/vs/workbench/workbench.glass.main.js (21396)
MESA: error: ZINK: vkGetCalibratedTimestampsEXT failed (VK_ERROR_OUT_OF_HOST_MEMORY)
MESA: error: ZINK: vkGetCalibratedTimestampsEXT failed (VK_ERROR_OUT_OF_HOST_MEMORY)
MESA: error: ZINK: vkGetCalibratedTimestampsEXT failed (VK_ERROR_OUT_OF_HOST_MEMORY)
MESA: error: ZINK: vkGetCalibratedTimestampsEXT failed (VK_ERROR_OUT_OF_HOST_MEMORY)
MESA: error: ZINK: vkGetCalibratedTimestampsEXT failed (VK_ERROR_OUT_OF_HOST_MEMORY)
MESA: error: ZINK: vkGetCalibratedTimestampsEXT failed (VK_ERROR_OUT_OF_HOST_MEMORY)
MESA: error: ZINK: vkGetCalibratedTimestampsEXT failed (VK_ERROR_OUT_OF_HOST_MEMORY)
MESA: error: ZINK: vkGetCalibratedTimestampsEXT failed (VK_ERROR_OUT_OF_HOST_MEMORY)
MESA: error: ZINK: vkGetCalibratedTimestampsEXT failed (VK_ERROR_OUT_OF_HOST_MEMORY)
MESA: error: ZINK: vkGetCalibratedTimestampsEXT failed (VK_ERROR_OUT_OF_HOST_MEMORY)
MESA: error: ZINK: vkGetCalibratedTimestampsEXT failed (VK_ERROR_OUT_OF_HOST_MEMORY)
MESA: error: ZINK: vkGetCalibratedTimestampsEXT failed (VK_ERROR_OUT_OF_HOST_MEMORY)
MESA: error: ZINK: vkGetCalibratedTimestampsEXT failed (VK_ERROR_OUT_OF_HOST_MEMORY)
MESA: error: ZINK: vkGetCalibratedTimestampsEXT failed (VK_ERROR_OUT_OF_HOST_MEMORY)
MESA: error: ZINK: vkGetCalibratedTimestampsEXT failed (VK_ERROR_OUT_OF_HOST_MEMORY)
MESA: error: ZINK: vkGetCalibratedTimestampsEXT failed (VK_ERROR_OUT_OF_HOST_MEMORY)
MESA: error: ZINK: vkGetCalibratedTimestampsEXT failed (VK_ERROR_OUT_OF_HOST_MEMORY)
MESA: error: ZINK: vkGetCalibratedTimestampsEXT failed (VK_ERROR_OUT_OF_HOST_MEMORY)
MESA: error: ZINK: vkGetCalibratedTimestampsEXT failed (VK_ERROR_OUT_OF_HOST_MEMORY)
MESA: error: ZINK: vkGetCalibratedTimestampsEXT failed (VK_ERROR_OUT_OF_HOST_MEMORY)
MESA: error: ZINK: vkGetCalibratedTimestampsEXT failed (VK_ERROR_OUT_OF_HOST_MEMORY)
MESA: error: ZINK: vkGetCalibratedTimestampsEXT failed (VK_ERROR_OUT_OF_HOST_MEMORY)
MESA: error: ZINK: vkGetCalibratedTimestampsEXT failed (VK_ERROR_OUT_OF_HOST_MEMORY)
MESA: error: ZINK: vkGetCalibratedTimestampsEXT failed (VK_ERROR_OUT_OF_HOST_MEMORY)
MESA: error: ZINK: vkGetCalibratedTimestampsEXT failed (VK_ERROR_OUT_OF_HOST_MEMORY)
MESA: error: ZINK: vkGetCalibratedTimestampsEXT failed (VK_ERROR_OUT_OF_HOST_MEMORY)
MESA: error: ZINK: vkGetCalibratedTimestampsEXT failed (VK_ERROR_OUT_OF_HOST_MEMORY)
MESA: error: ZINK: vkGetCalibratedTimestampsEXT failed (VK_ERROR_OUT_OF_HOST_MEMORY)
MESA: error: ZINK: vkGetCalibratedTimestampsEXT failed (VK_ERROR_OUT_OF_HOST_MEMORY)
MESA: error: ZINK: vkGetCalibratedTimestampsEXT failed (VK_ERROR_OUT_OF_HOST_MEMORY)
[31618:0924/132218.949665:INFO:CONSOLE:7572] "[PluginsProviderService] getInstalledGitHubPlugins took 4528.2ms", source: vscode-file://vscode-app/usr/share/cursor/resources/app/out/vs/workbench/workbench.glass.main.js (7572)
MESA: error: ZINK: vkGetCalibratedTimestampsEXT failed (VK_ERROR_OUT_OF_HOST_MEMORY)
MESA: error: ZINK: vkGetCalibratedTimestampsEXT failed (VK_ERROR_OUT_OF_HOST_MEMORY)
[31618:0924/132218.960638:INFO:CONSOLE:7572] "[PluginsProviderService] getPluginMcpServers took 7288.5ms", source: vscode-file://vscode-app/usr/share/cursor/resources/app/out/vs/workbench/workbench.glass.main.js (7572)
[31618:0924/132218.961904:INFO:CONSOLE:7572] "[PluginsProviderService] getPluginHooks took 6925.1ms", source: vscode-file://vscode-app/usr/share/cursor/resources/app/out/vs/workbench/workbench.glass.main.js (7572)
[31618:0924/132218.961946:INFO:CONSOLE:7572] "[PluginsProviderService] getPluginLoadFailures took 4559.3ms", source: vscode-file://vscode-app/usr/share/cursor/resources/app/out/vs/workbench/workbench.glass.main.js (7572)
[31618:0924/132218.962934:INFO:CONSOLE:7572] "[PluginsProviderService] getPluginSetIncomplete took 4559.4ms", source: vscode-file://vscode-app/usr/share/cursor/resources/app/out/vs/workbench/workbench.glass.main.js (7572)
[31618:0924/132218.962962:INFO:CONSOLE:7572] "[PluginsProviderService] getLoadedPluginsSummary took 4560.6ms", source: vscode-file://vscode-app/usr/share/cursor/resources/app/out/vs/workbench/workbench.glass.main.js (7572)
[31618:0924/132218.964000:INFO:CONSOLE:7572] "[PluginsProviderService] getPluginComponentFiles took 4578.2ms", source: vscode-file://vscode-app/usr/share/cursor/resources/app/out/vs/workbench/workbench.glass.main.js (7572)
MESA: error: ZINK: vkGetCalibratedTimestampsEXT failed (VK_ERROR_OUT_OF_HOST_MEMORY)
[31618:0924/132218.973857:INFO:CONSOLE:20901] "[ExplorerProviderService] findRepositories waiting for handler registration [object Object]", source: vscode-file://vscode-app/usr/share/cursor/resources/app/out/vs/workbench/workbench.glass.main.js (20901)
MESA: error: ZINK: vkGetCalibratedTimestampsEXT failed (VK_ERROR_OUT_OF_HOST_MEMORY)
MESA: error: ZINK: vkGetCalibratedTimestampsEXT failed (VK_ERROR_OUT_OF_HOST_MEMORY)
MESA: error: ZINK: vkGetCalibratedTimestampsEXT failed (VK_ERROR_OUT_OF_HOST_MEMORY)
MESA: error: ZINK: vkGetCalibratedTimestampsEXT failed (VK_ERROR_OUT_OF_HOST_MEMORY)
MESA: error: ZINK: vkGetCalibratedTimestampsEXT failed (VK_ERROR_OUT_OF_HOST_MEMORY)
MESA: error: ZINK: vkGetCalibratedTimestampsEXT failed (VK_ERROR_OUT_OF_HOST_MEMORY)
MESA: error: ZINK: vkGetCalibratedTimestampsEXT failed (VK_ERROR_OUT_OF_HOST_MEMORY)
MESA: error: ZINK: vkGetCalibratedTimestampsEXT failed (VK_ERROR_OUT_OF_HOST_MEMORY)
MESA: error: ZINK: vkGetCalibratedTimestampsEXT failed (VK_ERROR_OUT_OF_HOST_MEMORY)
MESA: error: ZINK: vkGetCalibratedTimestampsEXT failed (VK_ERROR_OUT_OF_HOST_MEMORY)
MESA: error: ZINK: vkGetCalibratedTimestampsEXT failed (VK_ERROR_OUT_OF_HOST_MEMORY)
MESA: error: ZINK: vkGetCalibratedTimestampsEXT failed (VK_ERROR_OUT_OF_HOST_MEMORY)
MESA: error: ZINK: vkGetCalibratedTimestampsEXT failed (VK_ERROR_OUT_OF_HOST_MEMORY)
MESA: error: ZINK: vkGetCalibratedTimestampsEXT failed (VK_ERROR_OUT_OF_HOST_MEMORY)
MESA: error: ZINK: vkGetCalibratedTimestampsEXT failed (VK_ERROR_OUT_OF_HOST_MEMORY)
MESA: error: ZINK: vkGetCalibratedTimestampsEXT failed (VK_ERROR_OUT_OF_HOST_MEMORY)
MESA: error: ZINK: vkGetCalibratedTimestampsEXT failed (VK_ERROR_OUT_OF_HOST_MEMORY)
MESA: error: ZINK: vkGetCalibratedTimestampsEXT failed (VK_ERROR_OUT_OF_HOST_MEMORY)
MESA: error: ZINK: vkGetCalibratedTimestampsEXT failed (VK_ERROR_OUT_OF_HOST_MEMORY)
MESA: error: ZINK: vkGetCalibratedTimestampsEXT failed (VK_ERROR_OUT_OF_HOST_MEMORY)
MESA: error: ZINK: vkGetCalibratedTimestampsEXT failed (VK_ERROR_OUT_OF_HOST_MEMORY)
MESA: error: ZINK: vkGetCalibratedTimestampsEXT failed (VK_ERROR_OUT_OF_HOST_MEMORY)
MESA: error: ZINK: vkGetCalibratedTimestampsEXT failed (VK_ERROR_OUT_OF_HOST_MEMORY)
MESA: error: ZINK: vkGetCalibratedTimestampsEXT failed (VK_ERROR_OUT_OF_HOST_MEMORY)
MESA: error: ZINK: vkGetCalibratedTimestampsEXT failed (VK_ERROR_OUT_OF_HOST_MEMORY)
MESA: error: ZINK: vkGetCalibratedTimestampsEXT failed (VK_ERROR_OUT_OF_HOST_MEMORY)
MESA: error: ZINK: vkGetCalibratedTimestampsEXT failed (VK_ERROR_OUT_OF_HOST_MEMORY)
MESA: error: ZINK: vkGetCalibratedTimestampsEXT failed (VK_ERROR_OUT_OF_HOST_MEMORY)
MESA: error: ZINK: vkGetCalibratedTimestampsEXT failed (VK_ERROR_OUT_OF_HOST_MEMORY)
MESA: error: ZINK: vkGetCalibratedTimestampsEXT failed (VK_ERROR_OUT_OF_HOST_MEMORY)
MESA: error: ZINK: vkGetCalibratedTimestampsEXT failed (VK_ERROR_OUT_OF_HOST_MEMORY)
MESA: error: ZINK: vkGetCalibratedTimestampsEXT failed (VK_ERROR_OUT_OF_HOST_MEMORY)
MESA: error: ZINK: vkGetCalibratedTimestampsEXT failed (VK_ERROR_OUT_OF_HOST_MEMORY)
MESA: error: ZINK: vkGetCalibratedTimestampsEXT failed (VK_ERROR_OUT_OF_HOST_MEMORY)
MESA: error: ZINK: vkGetCalibratedTimestampsEXT failed (VK_ERROR_OUT_OF_HOST_MEMORY)
MESA: error: ZINK: vkGetCalibratedTimestampsEXT failed (VK_ERROR_OUT_OF_HOST_MEMORY)
MESA: error: ZINK: vkGetCalibratedTimestampsEXT failed (VK_ERROR_OUT_OF_HOST_MEMORY)
MESA: error: ZINK: vkGetCalibratedTimestampsEXT failed (VK_ERROR_OUT_OF_HOST_MEMORY)
MESA: error: ZINK: vkGetCalibratedTimestampsEXT failed (VK_ERROR_OUT_OF_HOST_MEMORY)
MESA: error: ZINK: vkGetCalibratedTimestampsEXT failed (VK_ERROR_OUT_OF_HOST_MEMORY)
MESA: error: ZINK: vkGetCalibratedTimestampsEXT failed (VK_ERROR_OUT_OF_HOST_MEMORY)
MESA: error: ZINK: vkGetCalibratedTimestampsEXT failed (VK_ERROR_OUT_OF_HOST_MEMORY)
MESA: error: ZINK: vkGetCalibratedTimestampsEXT failed (VK_ERROR_OUT_OF_HOST_MEMORY)
MESA: error: ZINK: vkGetCalibratedTimestampsEXT failed (VK_ERROR_OUT_OF_HOST_MEMORY)
MESA: error: ZINK: vkGetCalibratedTimestampsEXT failed (VK_ERROR_OUT_OF_HOST_MEMORY)
MESA: error: ZINK: vkGetCalibratedTimestampsEXT failed (VK_ERROR_OUT_OF_HOST_MEMORY)
MESA: error: ZINK: vkGetCalibratedTimestampsEXT failed (VK_ERROR_OUT_OF_HOST_MEMORY)
MESA: error: ZINK: vkGetCalibratedTimestampsEXT failed (VK_ERROR_OUT_OF_HOST_MEMORY)
MESA: error: ZINK: vkGetCalibratedTimestampsEXT failed (VK_ERROR_OUT_OF_HOST_MEMORY)
MESA: error: ZINK: vkGetCalibratedTimestampsEXT failed (VK_ERROR_OUT_OF_HOST_MEMORY)
MESA: error: ZINK: vkGetCalibratedTimestampsEXT failed (VK_ERROR_OUT_OF_HOST_MEMORY)
MESA: error: ZINK: vkGetCalibratedTimestampsEXT failed (VK_ERROR_OUT_OF_HOST_MEMORY)
MESA: error: ZINK: vkGetCalibratedTimestampsEXT failed (VK_ERROR_OUT_OF_HOST_MEMORY)
MESA: error: ZINK: vkGetCalibratedTimestampsEXT failed (VK_ERROR_OUT_OF_HOST_MEMORY)
MESA: error: ZINK: vkGetCalibratedTimestampsEXT failed (VK_ERROR_OUT_OF_HOST_MEMORY)
MESA: error: ZINK: vkGetCalibratedTimestampsEXT failed (VK_ERROR_OUT_OF_HOST_MEMORY)
MESA: error: ZINK: vkGetCalibratedTimestampsEXT failed (VK_ERROR_OUT_OF_HOST_MEMORY)
MESA: error: ZINK: vkGetCalibratedTimestampsEXT failed (VK_ERROR_OUT_OF_HOST_MEMORY)
MESA: error: ZINK: vkGetCalibratedTimestampsEXT failed (VK_ERROR_OUT_OF_HOST_MEMORY)
MESA: error: ZINK: vkGetCalibratedTimestampsEXT failed (VK_ERROR_OUT_OF_HOST_MEMORY)
MESA: error: ZINK: vkGetCalibratedTimestampsEXT failed (VK_ERROR_OUT_OF_HOST_MEMORY)
MESA: error: ZINK: vkGetCalibratedTimestampsEXT failed (VK_ERROR_OUT_OF_HOST_MEMORY)
MESA: error: ZINK: vkGetCalibratedTimestampsEXT failed (VK_ERROR_OUT_OF_HOST_MEMORY)
MESA: error: ZINK: vkGetCalibratedTimestampsEXT failed (VK_ERROR_OUT_OF_HOST_MEMORY)
MESA: error: ZINK: vkGetCalibratedTimestampsEXT failed (VK_ERROR_OUT_OF_HOST_MEMORY)
MESA: error: ZINK: vkGetCalibratedTimestampsEXT failed (VK_ERROR_OUT_OF_HOST_MEMORY)
MESA: error: ZINK: vkGetCalibratedTimestampsEXT failed (VK_ERROR_OUT_OF_HOST_MEMORY)
MESA: error: ZINK: vkGetCalibratedTimestampsEXT failed (VK_ERROR_OUT_OF_HOST_MEMORY)
MESA: error: ZINK: vkGetCalibratedTimestampsEXT failed (VK_ERROR_OUT_OF_HOST_MEMORY)
MESA: error: ZINK: vkGetCalibratedTimestampsEXT failed (VK_ERROR_OUT_OF_HOST_MEMORY)
MESA: error: ZINK: vkGetCalibratedTimestampsEXT failed (VK_ERROR_OUT_OF_HOST_MEMORY)
MESA: error: ZINK: vkGetCalibratedTimestampsEXT failed (VK_ERROR_OUT_OF_HOST_MEMORY)
MESA: error: ZINK: vkGetCalibratedTimestampsEXT failed (VK_ERROR_OUT_OF_HOST_MEMORY)
MESA: error: ZINK: vkGetCalibratedTimestampsEXT failed (VK_ERROR_OUT_OF_HOST_MEMORY)
MESA: error: ZINK: vkGetCalibratedTimestampsEXT failed (VK_ERROR_OUT_OF_HOST_MEMORY)
MESA: error: ZINK: vkGetCalibratedTimestampsEXT failed (VK_ERROR_OUT_OF_HOST_MEMORY)
MESA: error: ZINK: vkGetCalibratedTimestampsEXT failed (VK_ERROR_OUT_OF_HOST_MEMORY)
MESA: error: ZINK: vkGetCalibratedTimestampsEXT failed (VK_ERROR_OUT_OF_HOST_MEMORY)
MESA: error: ZINK: vkGetCalibratedTimestampsEXT failed (VK_ERROR_OUT_OF_HOST_MEMORY)
MESA: error: ZINK: vkGetCalibratedTimestampsEXT failed (VK_ERROR_OUT_OF_HOST_MEMORY)
MESA: error: ZINK: vkGetCalibratedTimestampsEXT failed (VK_ERROR_OUT_OF_HOST_MEMORY)
MESA: error: ZINK: vkGetCalibratedTimestampsEXT failed (VK_ERROR_OUT_OF_HOST_MEMORY)
MESA: error: ZINK: vkGetCalibratedTimestampsEXT failed (VK_ERROR_OUT_OF_HOST_MEMORY)
MESA: error: ZINK: vkGetCalibratedTimestampsEXT failed (VK_ERROR_OUT_OF_HOST_MEMORY)
MESA: error: ZINK: vkGetCalibratedTimestampsEXT failed (VK_ERROR_OUT_OF_HOST_MEMORY)
MESA: error: ZINK: vkGetCalibratedTimestampsEXT failed (VK_ERROR_OUT_OF_HOST_MEMORY)
MESA: error: ZINK: vkGetCalibratedTimestampsEXT failed (VK_ERROR_OUT_OF_HOST_MEMORY)
MESA: error: ZINK: vkGetCalibratedTimestampsEXT failed (VK_ERROR_OUT_OF_HOST_MEMORY)
MESA: error: ZINK: vkGetCalibratedTimestampsEXT failed (VK_ERROR_OUT_OF_HOST_MEMORY)
MESA: error: ZINK: vkGetCalibratedTimestampsEXT failed (VK_ERROR_OUT_OF_HOST_MEMORY)
MESA: error: ZINK: vkGetCalibratedTimestampsEXT failed (VK_ERROR_OUT_OF_HOST_MEMORY)
MESA: error: ZINK: vkGetCalibratedTimestampsEXT failed (VK_ERROR_OUT_OF_HOST_MEMORY)
MESA: error: ZINK: vkGetCalibratedTimestampsEXT failed (VK_ERROR_OUT_OF_HOST_MEMORY)
MESA: error: ZINK: vkGetCalibratedTimestampsEXT failed (VK_ERROR_OUT_OF_HOST_MEMORY)
[31618:0924/132219.879020:INFO:CONSOLE:62] "%c  ERR color: #f33 [Extension Host:unknown] 05:22:19.871 ERROR [sandboxPreflight] Preflight failed: Command failed: /usr/share/cursor/resources/app/resources/helpers/cursorsandbox --policy /root/.cursor/sandbox-policies/sandbox-policy-042956fb1f619cb4 --preflight-only -- /bin/true
Error: Failed to resolve Linux sandbox backend: Unsupported sandbox configuration: Linux auto backend selection failed. Landlock error: Unsupported sandbox configuration: Failed to apply Landlock: Step 5/7 (landlock) failed: Failed to apply Landlock: Landlock V3 filesystem restrictions not supported. Error: fully incompatible access-rights: BitFlags<AccessFs>(0b111111111110010, WriteFile | RemoveDir | RemoveFile | MakeChar | MakeDir | MakeReg | MakeSock | MakeFifo | MakeBlock | MakeSym | Refer | Truncate). Ensure Landlock LSM is enabled (CONFIG_SECURITY_LANDLOCK=y) on a kernel with V3 support.. Bubblewrap error: Unsupported sandbox configuration: Unsupported sandbox configuration: Bubblewrap preflight failed with exit code Some(1): bwrap: fchdir to oldroot: No such file or directory
", source: vscode-file://vscode-app/usr/share/cursor/resources/app/out/vs/workbench/workbench.glass.main.js (62)
MESA: error: ZINK: vkGetCalibratedTimestampsEXT failed (VK_ERROR_OUT_OF_HOST_MEMORY)
[31618:0924/132219.891534:INFO:CONSOLE:20868] "%c[Extension Host:unknown] %c05:22:19.871 ERROR [sandboxPreflight] Preflight failed: Command failed: /usr/share/cursor/resources/app/resources/helpers/cursorsandbox --policy /root/.cursor/sandbox-policies/sandbox-policy-042956fb1f619cb4 --preflight-only -- /bin/true
Error: Failed to resolve Linux sandbox backend: Unsupported sandbox configuration: Linux auto backend selection failed. Landlock error: Unsupported sandbox configuration: Failed to apply Landlock: Step 5/7 (landlock) failed: Failed to apply Landlock: Landlock V3 filesystem restrictions not supported. Error: fully incompatible access-rights: BitFlags<AccessFs>(0b111111111110010, WriteFile | RemoveDir | RemoveFile | MakeChar | MakeDir | MakeReg | MakeSock | MakeFifo | MakeBlock | MakeSym | Refer | Truncate). Ensure Landlock LSM is enabled (CONFIG_SECURITY_LANDLOCK=y) on a kernel with V3 support.. Bubblewrap error: Unsupported sandbox configuration: Unsupported sandbox configuration: Bubblewrap preflight failed with exit code Some(1): bwrap: fchdir to oldroot: No such file or directory
 color: blue color: ", source: vscode-file://vscode-app/usr/share/cursor/resources/app/out/vs/workbench/workbench.glass.main.js (20868)
[31618:0924/132219.894147:INFO:CONSOLE:62] "%c  ERR color: #f33 [Extension Host:unknown] 05:22:19.874 ERROR [sandboxPreflight] Exit status: 2", source: vscode-file://vscode-app/usr/share/cursor/resources/app/out/vs/workbench/workbench.glass.main.js (62)
MESA: error: ZINK: vkGetCalibratedTimestampsEXT failed (VK_ERROR_OUT_OF_HOST_MEMORY)
[31618:0924/132219.896481:INFO:CONSOLE:20868] "%c[Extension Host:unknown] %c05:22:19.874 ERROR [sandboxPreflight] Exit status: 2 color: blue color: ", source: vscode-file://vscode-app/usr/share/cursor/resources/app/out/vs/workbench/workbench.glass.main.js (20868)
[31618:0924/132219.897784:INFO:CONSOLE:62] "%c  ERR color: #f33 [Extension Host:unknown] 05:22:19.875 ERROR [sandboxPreflight] Stderr: Error: Failed to resolve Linux sandbox backend: Unsupported sandbox configuration: Linux auto backend selection failed. Landlock error: Unsupported sandbox configuration: Failed to apply Landlock: Step 5/7 (landlock) failed: Failed to apply Landlock: Landlock V3 filesystem restrictions not supported. Error: fully incompatible access-rights: BitFlags<AccessFs>(0b111111111110010, WriteFile | RemoveDir | RemoveFile | MakeChar | MakeDir | MakeReg | MakeSock | MakeFifo | MakeBlock | MakeSym | Refer | Truncate). Ensure Landlock LSM is enabled (CONFIG_SECURITY_LANDLOCK=y) on a kernel with V3 support.. Bubblewrap error: Unsupported sandbox configuration: Unsupported sandbox configuration: Bubblewrap preflight failed with exit code Some(1): bwrap: fchdir to oldroot: No such file or directory
", source: vscode-file://vscode-app/usr/share/cursor/resources/app/out/vs/workbench/workbench.glass.main.js (62)
[31618:0924/132219.897854:INFO:CONSOLE:20868] "%c[Extension Host:unknown] %c05:22:19.875 ERROR [sandboxPreflight] Stderr: Error: Failed to resolve Linux sandbox backend: Unsupported sandbox configuration: Linux auto backend selection failed. Landlock error: Unsupported sandbox configuration: Failed to apply Landlock: Step 5/7 (landlock) failed: Failed to apply Landlock: Landlock V3 filesystem restrictions not supported. Error: fully incompatible access-rights: BitFlags<AccessFs>(0b111111111110010, WriteFile | RemoveDir | RemoveFile | MakeChar | MakeDir | MakeReg | MakeSock | MakeFifo | MakeBlock | MakeSym | Refer | Truncate). Ensure Landlock LSM is enabled (CONFIG_SECURITY_LANDLOCK=y) on a kernel with V3 support.. Bubblewrap error: Unsupported sandbox configuration: Unsupported sandbox configuration: Bubblewrap preflight failed with exit code Some(1): bwrap: fchdir to oldroot: No such file or directory
 color: blue color: ", source: vscode-file://vscode-app/usr/share/cursor/resources/app/out/vs/workbench/workbench.glass.main.js (20868)
MESA: error: ZINK: vkGetCalibratedTimestampsEXT failed (VK_ERROR_OUT_OF_HOST_MEMORY)
MESA: error: ZINK: vkGetCalibratedTimestampsEXT failed (VK_ERROR_OUT_OF_HOST_MEMORY)
MESA: error: ZINK: vkGetCalibratedTimestampsEXT failed (VK_ERROR_OUT_OF_HOST_MEMORY)
MESA: error: ZINK: vkGetCalibratedTimestampsEXT failed (VK_ERROR_OUT_OF_HOST_MEMORY)
MESA: error: ZINK: vkGetCalibratedTimestampsEXT failed (VK_ERROR_OUT_OF_HOST_MEMORY)
MESA: error: ZINK: vkGetCalibratedTimestampsEXT failed (VK_ERROR_OUT_OF_HOST_MEMORY)
MESA: error: ZINK: vkGetCalibratedTimestampsEXT failed (VK_ERROR_OUT_OF_HOST_MEMORY)
MESA: error: ZINK: vkGetCalibratedTimestampsEXT failed (VK_ERROR_OUT_OF_HOST_MEMORY)
MESA: error: ZINK: vkGetCalibratedTimestampsEXT failed (VK_ERROR_OUT_OF_HOST_MEMORY)
MESA: error: ZINK: vkGetCalibratedTimestampsEXT failed (VK_ERROR_OUT_OF_HOST_MEMORY)
MESA: error: ZINK: vkGetCalibratedTimestampsEXT failed (VK_ERROR_OUT_OF_HOST_MEMORY)
MESA: error: ZINK: vkGetCalibratedTimestampsEXT failed (VK_ERROR_OUT_OF_HOST_MEMORY)
MESA: error: ZINK: vkGetCalibratedTimestampsEXT failed (VK_ERROR_OUT_OF_HOST_MEMORY)
MESA: error: ZINK: vkGetCalibratedTimestampsEXT failed (VK_ERROR_OUT_OF_HOST_MEMORY)
MESA: error: ZINK: vkGetCalibratedTimestampsEXT failed (VK_ERROR_OUT_OF_HOST_MEMORY)
MESA: error: ZINK: vkGetCalibratedTimestampsEXT failed (VK_ERROR_OUT_OF_HOST_MEMORY)
MESA: error: ZINK: vkGetCalibratedTimestampsEXT failed (VK_ERROR_OUT_OF_HOST_MEMORY)
MESA: error: ZINK: vkGetCalibratedTimestampsEXT failed (VK_ERROR_OUT_OF_HOST_MEMORY)
MESA: error: ZINK: vkGetCalibratedTimestampsEXT failed (VK_ERROR_OUT_OF_HOST_MEMORY)
MESA: error: ZINK: vkGetCalibratedTimestampsEXT failed (VK_ERROR_OUT_OF_HOST_MEMORY)
MESA: error: ZINK: vkGetCalibratedTimestampsEXT failed (VK_ERROR_OUT_OF_HOST_MEMORY)
MESA: error: ZINK: vkGetCalibratedTimestampsEXT failed (VK_ERROR_OUT_OF_HOST_MEMORY)
MESA: error: ZINK: vkGetCalibratedTimestampsEXT failed (VK_ERROR_OUT_OF_HOST_MEMORY)
MESA: error: ZINK: vkGetCalibratedTimestampsEXT failed (VK_ERROR_OUT_OF_HOST_MEMORY)
MESA: error: ZINK: vkGetCalibratedTimestampsEXT failed (VK_ERROR_OUT_OF_HOST_MEMORY)
MESA: error: ZINK: vkGetCalibratedTimestampsEXT failed (VK_ERROR_OUT_OF_HOST_MEMORY)
MESA: error: ZINK: vkGetCalibratedTimestampsEXT failed (VK_ERROR_OUT_OF_HOST_MEMORY)
MESA: error: ZINK: vkGetCalibratedTimestampsEXT failed (VK_ERROR_OUT_OF_HOST_MEMORY)
MESA: error: ZINK: vkGetCalibratedTimestampsEXT failed (VK_ERROR_OUT_OF_HOST_MEMORY)
MESA: error: ZINK: vkGetCalibratedTimestampsEXT failed (VK_ERROR_OUT_OF_HOST_MEMORY)
[31618:0924/132220.214391:INFO:CONSOLE:20868] "%c[Extension Host:unknown] %c05:22:20.209 WARN  computeGlobalCache: slow ctx=LocalRequestContextExecutor.rebuildGlobalCache/LocalRequestContextExecutor.computeGlobalCache meta={totalMs: 1267, cloudRule: 4, subagents: 3, codebaseRef: 714, cursorRules: 1266, ruleCount: 39} color: blue color: ", source: vscode-file://vscode-app/usr/share/cursor/resources/app/out/vs/workbench/workbench.glass.main.js (20868)
[31618:0924/132220.214492:INFO:CONSOLE:20868] "%c[Extension Host:unknown] %c05:22:20.210 WARN  computeGlobalCache: slow ctx=LocalRequestContextExecutor.rebuildGlobalCache/LocalRequestContextExecutor.computeGlobalCache meta={totalMs: 1248, cloudRule: 1, subagents: 1, codebaseRef: 695, cursorRules: 1246, ruleCount: 39} color: blue color: ", source: vscode-file://vscode-app/usr/share/cursor/resources/app/out/vs/workbench/workbench.glass.main.js (20868)
[31618:0924/132220.215801:INFO:CONSOLE:20868] "%c[Extension Host:unknown] %c05:22:20.211 WARN  computeGlobalCache: slow ctx=LocalRequestContextExecutor.rebuildGlobalCache/LocalRequestContextExecutor.computeGlobalCache meta={totalMs: 1234, cloudRule: 1, subagents: 1, codebaseRef: 688, cursorRules: 1233, ruleCount: 39} color: blue color: ", source: vscode-file://vscode-app/usr/share/cursor/resources/app/out/vs/workbench/workbench.glass.main.js (20868)
MESA: error: ZINK: vkGetCalibratedTimestampsEXT failed (VK_ERROR_OUT_OF_HOST_MEMORY)
MESA: error: ZINK: vkGetCalibratedTimestampsEXT failed (VK_ERROR_OUT_OF_HOST_MEMORY)
MESA: error: ZINK: vkGetCalibratedTimestampsEXT failed (VK_ERROR_OUT_OF_HOST_MEMORY)
MESA: error: ZINK: vkGetCalibratedTimestampsEXT failed (VK_ERROR_OUT_OF_HOST_MEMORY)
MESA: error: ZINK: vkGetCalibratedTimestampsEXT failed (VK_ERROR_OUT_OF_HOST_MEMORY)
MESA: error: ZINK: vkGetCalibratedTimestampsEXT failed (VK_ERROR_OUT_OF_HOST_MEMORY)
MESA: error: ZINK: vkGetCalibratedTimestampsEXT failed (VK_ERROR_OUT_OF_HOST_MEMORY)
MESA: error: ZINK: vkGetCalibratedTimestampsEXT failed (VK_ERROR_OUT_OF_HOST_MEMORY)
MESA: error: ZINK: vkGetCalibratedTimestampsEXT failed (VK_ERROR_OUT_OF_HOST_MEMORY)
MESA: error: ZINK: vkGetCalibratedTimestampsEXT failed (VK_ERROR_OUT_OF_HOST_MEMORY)
MESA: error: ZINK: vkGetCalibratedTimestampsEXT failed (VK_ERROR_OUT_OF_HOST_MEMORY)
MESA: error: ZINK: vkGetCalibratedTimestampsEXT failed (VK_ERROR_OUT_OF_HOST_MEMORY)
MESA: error: ZINK: vkGetCalibratedTimestampsEXT failed (VK_ERROR_OUT_OF_HOST_MEMORY)
MESA: error: ZINK: vkGetCalibratedTimestampsEXT failed (VK_ERROR_OUT_OF_HOST_MEMORY)
MESA: error: ZINK: vkGetCalibratedTimestampsEXT failed (VK_ERROR_OUT_OF_HOST_MEMORY)
MESA: error: ZINK: vkGetCalibratedTimestampsEXT failed (VK_ERROR_OUT_OF_HOST_MEMORY)
MESA: error: ZINK: vkGetCalibratedTimestampsEXT failed (VK_ERROR_OUT_OF_HOST_MEMORY)
MESA: error: ZINK: vkGetCalibratedTimestampsEXT failed (VK_ERROR_OUT_OF_HOST_MEMORY)
MESA: error: ZINK: vkGetCalibratedTimestampsEXT failed (VK_ERROR_OUT_OF_HOST_MEMORY)
MESA: error: ZINK: vkGetCalibratedTimestampsEXT failed (VK_ERROR_OUT_OF_HOST_MEMORY)
MESA: error: ZINK: vkGetCalibratedTimestampsEXT failed (VK_ERROR_OUT_OF_HOST_MEMORY)
MESA: error: ZINK: vkGetCalibratedTimestampsEXT failed (VK_ERROR_OUT_OF_HOST_MEMORY)
MESA: error: ZINK: vkGetCalibratedTimestampsEXT failed (VK_ERROR_OUT_OF_HOST_MEMORY)
MESA: error: ZINK: vkGetCalibratedTimestampsEXT failed (VK_ERROR_OUT_OF_HOST_MEMORY)
MESA: error: ZINK: vkGetCalibratedTimestampsEXT failed (VK_ERROR_OUT_OF_HOST_MEMORY)
MESA: error: ZINK: vkGetCalibratedTimestampsEXT failed (VK_ERROR_OUT_OF_HOST_MEMORY)
MESA: error: ZINK: vkGetCalibratedTimestampsEXT failed (VK_ERROR_OUT_OF_HOST_MEMORY)
MESA: error: ZINK: vkGetCalibratedTimestampsEXT failed (VK_ERROR_OUT_OF_HOST_MEMORY)
MESA: error: ZINK: vkGetCalibratedTimestampsEXT failed (VK_ERROR_OUT_OF_HOST_MEMORY)
MESA: error: ZINK: vkGetCalibratedTimestampsEXT failed (VK_ERROR_OUT_OF_HOST_MEMORY)
MESA: error: ZINK: vkGetCalibratedTimestampsEXT failed (VK_ERROR_OUT_OF_HOST_MEMORY)
MESA: error: ZINK: vkGetCalibratedTimestampsEXT failed (VK_ERROR_OUT_OF_HOST_MEMORY)
MESA: error: ZINK: vkGetCalibratedTimestampsEXT failed (VK_ERROR_OUT_OF_HOST_MEMORY)
MESA: error: ZINK: vkGetCalibratedTimestampsEXT failed (VK_ERROR_OUT_OF_HOST_MEMORY)
MESA: error: ZINK: vkGetCalibratedTimestampsEXT failed (VK_ERROR_OUT_OF_HOST_MEMORY)
MESA: error: ZINK: vkGetCalibratedTimestampsEXT failed (VK_ERROR_OUT_OF_HOST_MEMORY)
MESA: error: ZINK: vkGetCalibratedTimestampsEXT failed (VK_ERROR_OUT_OF_HOST_MEMORY)
MESA: error: ZINK: vkGetCalibratedTimestampsEXT failed (VK_ERROR_OUT_OF_HOST_MEMORY)
MESA: error: ZINK: vkGetCalibratedTimestampsEXT failed (VK_ERROR_OUT_OF_HOST_MEMORY)
MESA: error: ZINK: vkGetCalibratedTimestampsEXT failed (VK_ERROR_OUT_OF_HOST_MEMORY)
MESA: error: ZINK: vkGetCalibratedTimestampsEXT failed (VK_ERROR_OUT_OF_HOST_MEMORY)
MESA: error: ZINK: vkGetCalibratedTimestampsEXT failed (VK_ERROR_OUT_OF_HOST_MEMORY)
MESA: error: ZINK: vkGetCalibratedTimestampsEXT failed (VK_ERROR_OUT_OF_HOST_MEMORY)
MESA: error: ZINK: vkGetCalibratedTimestampsEXT failed (VK_ERROR_OUT_OF_HOST_MEMORY)
MESA: error: ZINK: vkGetCalibratedTimestampsEXT failed (VK_ERROR_OUT_OF_HOST_MEMORY)
MESA: error: ZINK: vkGetCalibratedTimestampsEXT failed (VK_ERROR_OUT_OF_HOST_MEMORY)
[31618:0924/132220.662374:INFO:CONSOLE:20868] "%c[Extension Host:unknown] %crejected promise not handled within 1 second: Error: No permissions handler found for session id 0f411953-36fd-4fd3-8077-a8098def2bba color: blue color: ", source: vscode-file://vscode-app/usr/share/cursor/resources/app/out/vs/workbench/workbench.glass.main.js (20868)
[31618:0924/132220.662469:INFO:CONSOLE:20868] "%c[Extension Host:unknown] %cstack trace: Error: No permissions handler found for session id 0f411953-36fd-4fd3-8077-a8098def2bba
    at Bks.$getAgentExecPermissions (vscode-file://vscode-app/usr/share/cursor/resources/app/out/vs/workbench/workbench.glass.main.js:20898:491866)
    at KC._doInvokeHandler (vscode-file://vscode-app/usr/share/cursor/resources/app/out/vs/workbench/workbench.glass.main.js:21148:60976)
    at KC._invokeHandler (vscode-file://vscode-app/usr/share/cursor/resources/app/out/vs/workbench/workbench.glass.main.js:21148:60718)
    at KC._receiveRequest (vscode-file://vscode-app/usr/share/cursor/resources/app/out/vs/workbench/workbench.glass.main.js:21148:57437)
    at KC._dispatchOneMessage (vscode-file://vscode-app/usr/share/cursor/resources/app/out/vs/workbench/workbench.glass.main.js:21148:54097)
    at KC._receiveOneMessage (vscode-file://vscode-app/usr/share/cursor/resources/app/out/vs/workbench/workbench.glass.main.js:21148:53627)
    at KC._onIncomingMessage (vscode-file://vscode-app/usr/share/cursor/resources/app/out/vs/workbench/workbench.glass.main.js:21148:52632)
    at $Un.value (vscode-file://vscode-app/usr/share/cursor/resources/app/out/vs/workbench/workbench.glass.main.js:21148:43727)
    at We._deliver (vscode-file://vscode-app/usr/share/cursor/resources/app/out/vs/workbench/workbench.glass.main.js:55:3621)
    at We.fire (vscode-file://vscode-app/usr/share/cursor/resources/app/out/vs/workbench/workbench.glass.main.js:55:3942) color: blue color: ", source: vscode-file://vscode-app/usr/share/cursor/resources/app/out/vs/workbench/workbench.glass.main.js (20868)
[31618:0924/132220.665111:INFO:CONSOLE:62] "%c  ERR color: #f33 No permissions handler found for session id 0f411953-36fd-4fd3-8077-a8098def2bba [object Object]", source: vscode-file://vscode-app/usr/share/cursor/resources/app/out/vs/workbench/workbench.glass.main.js (62)
MESA: error: ZINK: vkGetCalibratedTimestampsEXT failed (VK_ERROR_OUT_OF_HOST_MEMORY)
MESA: error: ZINK: vkGetCalibratedTimestampsEXT failed (VK_ERROR_OUT_OF_HOST_MEMORY)
MESA: error: ZINK: vkGetCalibratedTimestampsEXT failed (VK_ERROR_OUT_OF_HOST_MEMORY)
MESA: error: ZINK: vkGetCalibratedTimestampsEXT failed (VK_ERROR_OUT_OF_HOST_MEMORY)
MESA: error: ZINK: vkGetCalibratedTimestampsEXT failed (VK_ERROR_OUT_OF_HOST_MEMORY)
MESA: error: ZINK: vkGetCalibratedTimestampsEXT failed (VK_ERROR_OUT_OF_HOST_MEMORY)
MESA: error: ZINK: vkGetCalibratedTimestampsEXT failed (VK_ERROR_OUT_OF_HOST_MEMORY)
MESA: error: ZINK: vkGetCalibratedTimestampsEXT failed (VK_ERROR_OUT_OF_HOST_MEMORY)
MESA: error: ZINK: vkGetCalibratedTimestampsEXT failed (VK_ERROR_OUT_OF_HOST_MEMORY)
MESA: error: ZINK: vkGetCalibratedTimestampsEXT failed (VK_ERROR_OUT_OF_HOST_MEMORY)
MESA: error: ZINK: vkGetCalibratedTimestampsEXT failed (VK_ERROR_OUT_OF_HOST_MEMORY)
MESA: error: ZINK: vkGetCalibratedTimestampsEXT failed (VK_ERROR_OUT_OF_HOST_MEMORY)
MESA: error: ZINK: vkGetCalibratedTimestampsEXT failed (VK_ERROR_OUT_OF_HOST_MEMORY)
MESA: error: ZINK: vkGetCalibratedTimestampsEXT failed (VK_ERROR_OUT_OF_HOST_MEMORY)
MESA: error: ZINK: vkGetCalibratedTimestampsEXT failed (VK_ERROR_OUT_OF_HOST_MEMORY)
MESA: error: ZINK: vkGetCalibratedTimestampsEXT failed (VK_ERROR_OUT_OF_HOST_MEMORY)
MESA: error: ZINK: vkGetCalibratedTimestampsEXT failed (VK_ERROR_OUT_OF_HOST_MEMORY)
MESA: error: ZINK: vkGetCalibratedTimestampsEXT failed (VK_ERROR_OUT_OF_HOST_MEMORY)
MESA: error: ZINK: vkGetCalibratedTimestampsEXT failed (VK_ERROR_OUT_OF_HOST_MEMORY)
MESA: error: ZINK: vkGetCalibratedTimestampsEXT failed (VK_ERROR_OUT_OF_HOST_MEMORY)
MESA: error: ZINK: vkGetCalibratedTimestampsEXT failed (VK_ERROR_OUT_OF_HOST_MEMORY)
MESA: error: ZINK: vkGetCalibratedTimestampsEXT failed (VK_ERROR_OUT_OF_HOST_MEMORY)
MESA: error: ZINK: vkGetCalibratedTimestampsEXT failed (VK_ERROR_OUT_OF_HOST_MEMORY)
MESA: error: ZINK: vkGetCalibratedTimestampsEXT failed (VK_ERROR_OUT_OF_HOST_MEMORY)
MESA: error: ZINK: vkGetCalibratedTimestampsEXT failed (VK_ERROR_OUT_OF_HOST_MEMORY)
MESA: error: ZINK: vkGetCalibratedTimestampsEXT failed (VK_ERROR_OUT_OF_HOST_MEMORY)
MESA: error: ZINK: vkGetCalibratedTimestampsEXT failed (VK_ERROR_OUT_OF_HOST_MEMORY)
MESA: error: ZINK: vkGetCalibratedTimestampsEXT failed (VK_ERROR_OUT_OF_HOST_MEMORY)
MESA: error: ZINK: vkGetCalibratedTimestampsEXT failed (VK_ERROR_OUT_OF_HOST_MEMORY)
MESA: error: ZINK: vkGetCalibratedTimestampsEXT failed (VK_ERROR_OUT_OF_HOST_MEMORY)
MESA: error: ZINK: vkGetCalibratedTimestampsEXT failed (VK_ERROR_OUT_OF_HOST_MEMORY)
MESA: error: ZINK: vkGetCalibratedTimestampsEXT failed (VK_ERROR_OUT_OF_HOST_MEMORY)
MESA: error: ZINK: vkGetCalibratedTimestampsEXT failed (VK_ERROR_OUT_OF_HOST_MEMORY)
MESA: error: ZINK: vkGetCalibratedTimestampsEXT failed (VK_ERROR_OUT_OF_HOST_MEMORY)
MESA: error: ZINK: vkGetCalibratedTimestampsEXT failed (VK_ERROR_OUT_OF_HOST_MEMORY)
MESA: error: ZINK: vkGetCalibratedTimestampsEXT failed (VK_ERROR_OUT_OF_HOST_MEMORY)
MESA: error: ZINK: vkGetCalibratedTimestampsEXT failed (VK_ERROR_OUT_OF_HOST_MEMORY)
MESA: error: ZINK: vkGetCalibratedTimestampsEXT failed (VK_ERROR_OUT_OF_HOST_MEMORY)
MESA: error: ZINK: vkGetCalibratedTimestampsEXT failed (VK_ERROR_OUT_OF_HOST_MEMORY)
MESA: error: ZINK: vkGetCalibratedTimestampsEXT failed (VK_ERROR_OUT_OF_HOST_MEMORY)
MESA: error: ZINK: vkGetCalibratedTimestampsEXT failed (VK_ERROR_OUT_OF_HOST_MEMORY)
MESA: error: ZINK: vkGetCalibratedTimestampsEXT failed (VK_ERROR_OUT_OF_HOST_MEMORY)
MESA: error: ZINK: vkGetCalibratedTimestampsEXT failed (VK_ERROR_OUT_OF_HOST_MEMORY)
MESA: error: ZINK: vkGetCalibratedTimestampsEXT failed (VK_ERROR_OUT_OF_HOST_MEMORY)
MESA: error: ZINK: vkGetCalibratedTimestampsEXT failed (VK_ERROR_OUT_OF_HOST_MEMORY)
MESA: error: ZINK: vkGetCalibratedTimestampsEXT failed (VK_ERROR_OUT_OF_HOST_MEMORY)
MESA: error: ZINK: vkGetCalibratedTimestampsEXT failed (VK_ERROR_OUT_OF_HOST_MEMORY)
MESA: error: ZINK: vkGetCalibratedTimestampsEXT failed (VK_ERROR_OUT_OF_HOST_MEMORY)
MESA: error: ZINK: vkGetCalibratedTimestampsEXT failed (VK_ERROR_OUT_OF_HOST_MEMORY)
MESA: error: ZINK: vkGetCalibratedTimestampsEXT failed (VK_ERROR_OUT_OF_HOST_MEMORY)
MESA: error: ZINK: vkGetCalibratedTimestampsEXT failed (VK_ERROR_OUT_OF_HOST_MEMORY)
MESA: error: ZINK: vkGetCalibratedTimestampsEXT failed (VK_ERROR_OUT_OF_HOST_MEMORY)
MESA: error: ZINK: vkGetCalibratedTimestampsEXT failed (VK_ERROR_OUT_OF_HOST_MEMORY)
MESA: error: ZINK: vkGetCalibratedTimestampsEXT failed (VK_ERROR_OUT_OF_HOST_MEMORY)
MESA: error: ZINK: vkGetCalibratedTimestampsEXT failed (VK_ERROR_OUT_OF_HOST_MEMORY)
MESA: error: ZINK: vkGetCalibratedTimestampsEXT failed (VK_ERROR_OUT_OF_HOST_MEMORY)
MESA: error: ZINK: vkGetCalibratedTimestampsEXT failed (VK_ERROR_OUT_OF_HOST_MEMORY)
MESA: error: ZINK: vkGetCalibratedTimestampsEXT failed (VK_ERROR_OUT_OF_HOST_MEMORY)
MESA: error: ZINK: vkGetCalibratedTimestampsEXT failed (VK_ERROR_OUT_OF_HOST_MEMORY)
MESA: error: ZINK: vkGetCalibratedTimestampsEXT failed (VK_ERROR_OUT_OF_HOST_MEMORY)
MESA: error: ZINK: vkGetCalibratedTimestampsEXT failed (VK_ERROR_OUT_OF_HOST_MEMORY)
MESA: error: ZINK: vkGetCalibratedTimestampsEXT failed (VK_ERROR_OUT_OF_HOST_MEMORY)
MESA: error: ZINK: vkGetCalibratedTimestampsEXT failed (VK_ERROR_OUT_OF_HOST_MEMORY)
MESA: error: ZINK: vkGetCalibratedTimestampsEXT failed (VK_ERROR_OUT_OF_HOST_MEMORY)
MESA: error: ZINK: vkGetCalibratedTimestampsEXT failed (VK_ERROR_OUT_OF_HOST_MEMORY)
MESA: error: ZINK: vkGetCalibratedTimestampsEXT failed (VK_ERROR_OUT_OF_HOST_MEMORY)
MESA: error: ZINK: vkGetCalibratedTimestampsEXT failed (VK_ERROR_OUT_OF_HOST_MEMORY)
MESA: error: ZINK: vkGetCalibratedTimestampsEXT failed (VK_ERROR_OUT_OF_HOST_MEMORY)
MESA: error: ZINK: vkGetCalibratedTimestampsEXT failed (VK_ERROR_OUT_OF_HOST_MEMORY)
MESA: error: ZINK: vkGetCalibratedTimestampsEXT failed (VK_ERROR_OUT_OF_HOST_MEMORY)
MESA: error: ZINK: vkGetCalibratedTimestampsEXT failed (VK_ERROR_OUT_OF_HOST_MEMORY)
MESA: error: ZINK: vkGetCalibratedTimestampsEXT failed (VK_ERROR_OUT_OF_HOST_MEMORY)
MESA: error: ZINK: vkGetCalibratedTimestampsEXT failed (VK_ERROR_OUT_OF_HOST_MEMORY)
MESA: error: ZINK: vkGetCalibratedTimestampsEXT failed (VK_ERROR_OUT_OF_HOST_MEMORY)
MESA: error: ZINK: vkGetCalibratedTimestampsEXT failed (VK_ERROR_OUT_OF_HOST_MEMORY)
MESA: error: ZINK: vkGetCalibratedTimestampsEXT failed (VK_ERROR_OUT_OF_HOST_MEMORY)
MESA: error: ZINK: vkGetCalibratedTimestampsEXT failed (VK_ERROR_OUT_OF_HOST_MEMORY)
MESA: error: ZINK: vkGetCalibratedTimestampsEXT failed (VK_ERROR_OUT_OF_HOST_MEMORY)
MESA: error: ZINK: vkGetCalibratedTimestampsEXT failed (VK_ERROR_OUT_OF_HOST_MEMORY)
MESA: error: ZINK: vkGetCalibratedTimestampsEXT failed (VK_ERROR_OUT_OF_HOST_MEMORY)
MESA: error: ZINK: vkGetCalibratedTimestampsEXT failed (VK_ERROR_OUT_OF_HOST_MEMORY)
MESA: error: ZINK: vkGetCalibratedTimestampsEXT failed (VK_ERROR_OUT_OF_HOST_MEMORY)
MESA: error: ZINK: vkGetCalibratedTimestampsEXT failed (VK_ERROR_OUT_OF_HOST_MEMORY)
MESA: error: ZINK: vkGetCalibratedTimestampsEXT failed (VK_ERROR_OUT_OF_HOST_MEMORY)
MESA: error: ZINK: vkGetCalibratedTimestampsEXT failed (VK_ERROR_OUT_OF_HOST_MEMORY)
MESA: error: ZINK: vkGetCalibratedTimestampsEXT failed (VK_ERROR_OUT_OF_HOST_MEMORY)
MESA: error: ZINK: vkGetCalibratedTimestampsEXT failed (VK_ERROR_OUT_OF_HOST_MEMORY)
MESA: error: ZINK: vkGetCalibratedTimestampsEXT failed (VK_ERROR_OUT_OF_HOST_MEMORY)
MESA: error: ZINK: vkGetCalibratedTimestampsEXT failed (VK_ERROR_OUT_OF_HOST_MEMORY)
MESA: error: ZINK: vkGetCalibratedTimestampsEXT failed (VK_ERROR_OUT_OF_HOST_MEMORY)
MESA: error: ZINK: vkGetCalibratedTimestampsEXT failed (VK_ERROR_OUT_OF_HOST_MEMORY)
MESA: error: ZINK: vkGetCalibratedTimestampsEXT failed (VK_ERROR_OUT_OF_HOST_MEMORY)
MESA: error: ZINK: vkGetCalibratedTimestampsEXT failed (VK_ERROR_OUT_OF_HOST_MEMORY)
MESA: error: ZINK: vkGetCalibratedTimestampsEXT failed (VK_ERROR_OUT_OF_HOST_MEMORY)
MESA: error: ZINK: vkGetCalibratedTimestampsEXT failed (VK_ERROR_OUT_OF_HOST_MEMORY)
MESA: error: ZINK: vkGetCalibratedTimestampsEXT failed (VK_ERROR_OUT_OF_HOST_MEMORY)
MESA: error: ZINK: vkGetCalibratedTimestampsEXT failed (VK_ERROR_OUT_OF_HOST_MEMORY)
MESA: error: ZINK: vkGetCalibratedTimestampsEXT failed (VK_ERROR_OUT_OF_HOST_MEMORY)
MESA: error: ZINK: vkGetCalibratedTimestampsEXT failed (VK_ERROR_OUT_OF_HOST_MEMORY)
MESA: error: ZINK: vkGetCalibratedTimestampsEXT failed (VK_ERROR_OUT_OF_HOST_MEMORY)
MESA: error: ZINK: vkGetCalibratedTimestampsEXT failed (VK_ERROR_OUT_OF_HOST_MEMORY)
MESA: error: ZINK: vkGetCalibratedTimestampsEXT failed (VK_ERROR_OUT_OF_HOST_MEMORY)
MESA: error: ZINK: vkGetCalibratedTimestampsEXT failed (VK_ERROR_OUT_OF_HOST_MEMORY)
MESA: error: ZINK: vkGetCalibratedTimestampsEXT failed (VK_ERROR_OUT_OF_HOST_MEMORY)
MESA: error: ZINK: vkGetCalibratedTimestampsEXT failed (VK_ERROR_OUT_OF_HOST_MEMORY)
MESA: error: ZINK: vkGetCalibratedTimestampsEXT failed (VK_ERROR_OUT_OF_HOST_MEMORY)
MESA: error: ZINK: vkGetCalibratedTimestampsEXT failed (VK_ERROR_OUT_OF_HOST_MEMORY)
MESA: error: ZINK: vkGetCalibratedTimestampsEXT failed (VK_ERROR_OUT_OF_HOST_MEMORY)
MESA: error: ZINK: vkGetCalibratedTimestampsEXT failed (VK_ERROR_OUT_OF_HOST_MEMORY)
MESA: error: ZINK: vkGetCalibratedTimestampsEXT failed (VK_ERROR_OUT_OF_HOST_MEMORY)
MESA: error: ZINK: vkGetCalibratedTimestampsEXT failed (VK_ERROR_OUT_OF_HOST_MEMORY)
MESA: error: ZINK: vkGetCalibratedTimestampsEXT failed (VK_ERROR_OUT_OF_HOST_MEMORY)
MESA: error: ZINK: vkGetCalibratedTimestampsEXT failed (VK_ERROR_OUT_OF_HOST_MEMORY)
MESA: error: ZINK: vkGetCalibratedTimestampsEXT failed (VK_ERROR_OUT_OF_HOST_MEMORY)
MESA: error: ZINK: vkGetCalibratedTimestampsEXT failed (VK_ERROR_OUT_OF_HOST_MEMORY)
MESA: error: ZINK: vkGetCalibratedTimestampsEXT failed (VK_ERROR_OUT_OF_HOST_MEMORY)
MESA: error: ZINK: vkGetCalibratedTimestampsEXT failed (VK_ERROR_OUT_OF_HOST_MEMORY)
MESA: error: ZINK: vkGetCalibratedTimestampsEXT failed (VK_ERROR_OUT_OF_HOST_MEMORY)
MESA: error: ZINK: vkGetCalibratedTimestampsEXT failed (VK_ERROR_OUT_OF_HOST_MEMORY)
MESA: error: ZINK: vkGetCalibratedTimestampsEXT failed (VK_ERROR_OUT_OF_HOST_MEMORY)
MESA: error: ZINK: vkGetCalibratedTimestampsEXT failed (VK_ERROR_OUT_OF_HOST_MEMORY)
MESA: error: ZINK: vkGetCalibratedTimestampsEXT failed (VK_ERROR_OUT_OF_HOST_MEMORY)
MESA: error: ZINK: vkGetCalibratedTimestampsEXT failed (VK_ERROR_OUT_OF_HOST_MEMORY)
MESA: error: ZINK: vkGetCalibratedTimestampsEXT failed (VK_ERROR_OUT_OF_HOST_MEMORY)
MESA: error: ZINK: vkGetCalibratedTimestampsEXT failed (VK_ERROR_OUT_OF_HOST_MEMORY)
MESA: error: ZINK: vkGetCalibratedTimestampsEXT failed (VK_ERROR_OUT_OF_HOST_MEMORY)
MESA: error: ZINK: vkGetCalibratedTimestampsEXT failed (VK_ERROR_OUT_OF_HOST_MEMORY)
MESA: error: ZINK: vkGetCalibratedTimestampsEXT failed (VK_ERROR_OUT_OF_HOST_MEMORY)
MESA: error: ZINK: vkGetCalibratedTimestampsEXT failed (VK_ERROR_OUT_OF_HOST_MEMORY)
MESA: error: ZINK: vkGetCalibratedTimestampsEXT failed (VK_ERROR_OUT_OF_HOST_MEMORY)
MESA: error: ZINK: vkGetCalibratedTimestampsEXT failed (VK_ERROR_OUT_OF_HOST_MEMORY)
MESA: error: ZINK: vkGetCalibratedTimestampsEXT failed (VK_ERROR_OUT_OF_HOST_MEMORY)
MESA: error: ZINK: vkGetCalibratedTimestampsEXT failed (VK_ERROR_OUT_OF_HOST_MEMORY)
MESA: error: ZINK: vkGetCalibratedTimestampsEXT failed (VK_ERROR_OUT_OF_HOST_MEMORY)
MESA: error: ZINK: vkGetCalibratedTimestampsEXT failed (VK_ERROR_OUT_OF_HOST_MEMORY)
MESA: error: ZINK: vkGetCalibratedTimestampsEXT failed (VK_ERROR_OUT_OF_HOST_MEMORY)
MESA: error: ZINK: vkGetCalibratedTimestampsEXT failed (VK_ERROR_OUT_OF_HOST_MEMORY)
MESA: error: ZINK: vkGetCalibratedTimestampsEXT failed (VK_ERROR_OUT_OF_HOST_MEMORY)
MESA: error: ZINK: vkGetCalibratedTimestampsEXT failed (VK_ERROR_OUT_OF_HOST_MEMORY)
MESA: error: ZINK: vkGetCalibratedTimestampsEXT failed (VK_ERROR_OUT_OF_HOST_MEMORY)
MESA: error: ZINK: vkGetCalibratedTimestampsEXT failed (VK_ERROR_OUT_OF_HOST_MEMORY)
MESA: error: ZINK: vkGetCalibratedTimestampsEXT failed (VK_ERROR_OUT_OF_HOST_MEMORY)
MESA: error: ZINK: vkGetCalibratedTimestampsEXT failed (VK_ERROR_OUT_OF_HOST_MEMORY)
MESA: error: ZINK: vkGetCalibratedTimestampsEXT failed (VK_ERROR_OUT_OF_HOST_MEMORY)
MESA: error: ZINK: vkGetCalibratedTimestampsEXT failed (VK_ERROR_OUT_OF_HOST_MEMORY)
MESA: error: ZINK: vkGetCalibratedTimestampsEXT failed (VK_ERROR_OUT_OF_HOST_MEMORY)
MESA: error: ZINK: vkGetCalibratedTimestampsEXT failed (VK_ERROR_OUT_OF_HOST_MEMORY)
MESA: error: ZINK: vkGetCalibratedTimestampsEXT failed (VK_ERROR_OUT_OF_HOST_MEMORY)
MESA: error: ZINK: vkGetCalibratedTimestampsEXT failed (VK_ERROR_OUT_OF_HOST_MEMORY)
MESA: error: ZINK: vkGetCalibratedTimestampsEXT failed (VK_ERROR_OUT_OF_HOST_MEMORY)
MESA: error: ZINK: vkGetCalibratedTimestampsEXT failed (VK_ERROR_OUT_OF_HOST_MEMORY)
MESA: error: ZINK: vkGetCalibratedTimestampsEXT failed (VK_ERROR_OUT_OF_HOST_MEMORY)
MESA: error: ZINK: vkGetCalibratedTimestampsEXT failed (VK_ERROR_OUT_OF_HOST_MEMORY)
MESA: error: ZINK: vkGetCalibratedTimestampsEXT failed (VK_ERROR_OUT_OF_HOST_MEMORY)
MESA: error: ZINK: vkGetCalibratedTimestampsEXT failed (VK_ERROR_OUT_OF_HOST_MEMORY)
MESA: error: ZINK: vkGetCalibratedTimestampsEXT failed (VK_ERROR_OUT_OF_HOST_MEMORY)
MESA: error: ZINK: vkGetCalibratedTimestampsEXT failed (VK_ERROR_OUT_OF_HOST_MEMORY)
MESA: error: ZINK: vkGetCalibratedTimestampsEXT failed (VK_ERROR_OUT_OF_HOST_MEMORY)
MESA: error: ZINK: vkGetCalibratedTimestampsEXT failed (VK_ERROR_OUT_OF_HOST_MEMORY)
MESA: error: ZINK: vkGetCalibratedTimestampsEXT failed (VK_ERROR_OUT_OF_HOST_MEMORY)
MESA: error: ZINK: vkGetCalibratedTimestampsEXT failed (VK_ERROR_OUT_OF_HOST_MEMORY)
MESA: error: ZINK: vkGetCalibratedTimestampsEXT failed (VK_ERROR_OUT_OF_HOST_MEMORY)
MESA: error: ZINK: vkGetCalibratedTimestampsEXT failed (VK_ERROR_OUT_OF_HOST_MEMORY)
MESA: error: ZINK: vkGetCalibratedTimestampsEXT failed (VK_ERROR_OUT_OF_HOST_MEMORY)
MESA: error: ZINK: vkGetCalibratedTimestampsEXT failed (VK_ERROR_OUT_OF_HOST_MEMORY)
MESA: error: ZINK: vkGetCalibratedTimestampsEXT failed (VK_ERROR_OUT_OF_HOST_MEMORY)
MESA: error: ZINK: vkGetCalibratedTimestampsEXT failed (VK_ERROR_OUT_OF_HOST_MEMORY)
MESA: error: ZINK: vkGetCalibratedTimestampsEXT failed (VK_ERROR_OUT_OF_HOST_MEMORY)
MESA: error: ZINK: vkGetCalibratedTimestampsEXT failed (VK_ERROR_OUT_OF_HOST_MEMORY)
MESA: error: ZINK: vkGetCalibratedTimestampsEXT failed (VK_ERROR_OUT_OF_HOST_MEMORY)
MESA: error: ZINK: vkGetCalibratedTimestampsEXT failed (VK_ERROR_OUT_OF_HOST_MEMORY)
MESA: error: ZINK: vkGetCalibratedTimestampsEXT failed (VK_ERROR_OUT_OF_HOST_MEMORY)
MESA: error: ZINK: vkGetCalibratedTimestampsEXT failed (VK_ERROR_OUT_OF_HOST_MEMORY)
MESA: error: ZINK: vkGetCalibratedTimestampsEXT failed (VK_ERROR_OUT_OF_HOST_MEMORY)
MESA: error: ZINK: vkGetCalibratedTimestampsEXT failed (VK_ERROR_OUT_OF_HOST_MEMORY)
MESA: error: ZINK: vkGetCalibratedTimestampsEXT failed (VK_ERROR_OUT_OF_HOST_MEMORY)
MESA: error: ZINK: vkGetCalibratedTimestampsEXT failed (VK_ERROR_OUT_OF_HOST_MEMORY)
MESA: error: ZINK: vkGetCalibratedTimestampsEXT failed (VK_ERROR_OUT_OF_HOST_MEMORY)
MESA: error: ZINK: vkGetCalibratedTimestampsEXT failed (VK_ERROR_OUT_OF_HOST_MEMORY)
MESA: error: ZINK: vkGetCalibratedTimestampsEXT failed (VK_ERROR_OUT_OF_HOST_MEMORY)
MESA: error: ZINK: vkGetCalibratedTimestampsEXT failed (VK_ERROR_OUT_OF_HOST_MEMORY)
MESA: error: ZINK: vkGetCalibratedTimestampsEXT failed (VK_ERROR_OUT_OF_HOST_MEMORY)
MESA: error: ZINK: vkGetCalibratedTimestampsEXT failed (VK_ERROR_OUT_OF_HOST_MEMORY)
MESA: error: ZINK: vkGetCalibratedTimestampsEXT failed (VK_ERROR_OUT_OF_HOST_MEMORY)
MESA: error: ZINK: vkGetCalibratedTimestampsEXT failed (VK_ERROR_OUT_OF_HOST_MEMORY)
MESA: error: ZINK: vkGetCalibratedTimestampsEXT failed (VK_ERROR_OUT_OF_HOST_MEMORY)
MESA: error: ZINK: vkGetCalibratedTimestampsEXT failed (VK_ERROR_OUT_OF_HOST_MEMORY)
MESA: error: ZINK: vkGetCalibratedTimestampsEXT failed (VK_ERROR_OUT_OF_HOST_MEMORY)
MESA: error: ZINK: vkGetCalibratedTimestampsEXT failed (VK_ERROR_OUT_OF_HOST_MEMORY)
MESA: error: ZINK: vkGetCalibratedTimestampsEXT failed (VK_ERROR_OUT_OF_HOST_MEMORY)
MESA: error: ZINK: vkGetCalibratedTimestampsEXT failed (VK_ERROR_OUT_OF_HOST_MEMORY)
MESA: error: ZINK: vkGetCalibratedTimestampsEXT failed (VK_ERROR_OUT_OF_HOST_MEMORY)
MESA: error: ZINK: vkGetCalibratedTimestampsEXT failed (VK_ERROR_OUT_OF_HOST_MEMORY)
MESA: error: ZINK: vkGetCalibratedTimestampsEXT failed (VK_ERROR_OUT_OF_HOST_MEMORY)
MESA: error: ZINK: vkGetCalibratedTimestampsEXT failed (VK_ERROR_OUT_OF_HOST_MEMORY)
MESA: error: ZINK: vkGetCalibratedTimestampsEXT failed (VK_ERROR_OUT_OF_HOST_MEMORY)
MESA: error: ZINK: vkGetCalibratedTimestampsEXT failed (VK_ERROR_OUT_OF_HOST_MEMORY)
MESA: error: ZINK: vkGetCalibratedTimestampsEXT failed (VK_ERROR_OUT_OF_HOST_MEMORY)
MESA: error: ZINK: vkGetCalibratedTimestampsEXT failed (VK_ERROR_OUT_OF_HOST_MEMORY)
MESA: error: ZINK: vkGetCalibratedTimestampsEXT failed (VK_ERROR_OUT_OF_HOST_MEMORY)
MESA: error: ZINK: vkGetCalibratedTimestampsEXT failed (VK_ERROR_OUT_OF_HOST_MEMORY)
MESA: error: ZINK: vkGetCalibratedTimestampsEXT failed (VK_ERROR_OUT_OF_HOST_MEMORY)
MESA: error: ZINK: vkGetCalibratedTimestampsEXT failed (VK_ERROR_OUT_OF_HOST_MEMORY)
MESA: error: ZINK: vkGetCalibratedTimestampsEXT failed (VK_ERROR_OUT_OF_HOST_MEMORY)
MESA: error: ZINK: vkGetCalibratedTimestampsEXT failed (VK_ERROR_OUT_OF_HOST_MEMORY)
MESA: error: ZINK: vkGetCalibratedTimestampsEXT failed (VK_ERROR_OUT_OF_HOST_MEMORY)
MESA: error: ZINK: vkGetCalibratedTimestampsEXT failed (VK_ERROR_OUT_OF_HOST_MEMORY)
MESA: error: ZINK: vkGetCalibratedTimestampsEXT failed (VK_ERROR_OUT_OF_HOST_MEMORY)
MESA: error: ZINK: vkGetCalibratedTimestampsEXT failed (VK_ERROR_OUT_OF_HOST_MEMORY)
MESA: error: ZINK: vkGetCalibratedTimestampsEXT failed (VK_ERROR_OUT_OF_HOST_MEMORY)
MESA: error: ZINK: vkGetCalibratedTimestampsEXT failed (VK_ERROR_OUT_OF_HOST_MEMORY)
MESA: error: ZINK: vkGetCalibratedTimestampsEXT failed (VK_ERROR_OUT_OF_HOST_MEMORY)
MESA: error: ZINK: vkGetCalibratedTimestampsEXT failed (VK_ERROR_OUT_OF_HOST_MEMORY)
MESA: error: ZINK: vkGetCalibratedTimestampsEXT failed (VK_ERROR_OUT_OF_HOST_MEMORY)
MESA: error: ZINK: vkGetCalibratedTimestampsEXT failed (VK_ERROR_OUT_OF_HOST_MEMORY)
MESA: error: ZINK: vkGetCalibratedTimestampsEXT failed (VK_ERROR_OUT_OF_HOST_MEMORY)
MESA: error: ZINK: vkGetCalibratedTimestampsEXT failed (VK_ERROR_OUT_OF_HOST_MEMORY)
MESA: error: ZINK: vkGetCalibratedTimestampsEXT failed (VK_ERROR_OUT_OF_HOST_MEMORY)
MESA: error: ZINK: vkGetCalibratedTimestampsEXT failed (VK_ERROR_OUT_OF_HOST_MEMORY)
MESA: error: ZINK: vkGetCalibratedTimestampsEXT failed (VK_ERROR_OUT_OF_HOST_MEMORY)
MESA: error: ZINK: vkGetCalibratedTimestampsEXT failed (VK_ERROR_OUT_OF_HOST_MEMORY)
MESA: error: ZINK: vkGetCalibratedTimestampsEXT failed (VK_ERROR_OUT_OF_HOST_MEMORY)
MESA: error: ZINK: vkGetCalibratedTimestampsEXT failed (VK_ERROR_OUT_OF_HOST_MEMORY)
MESA: error: ZINK: vkGetCalibratedTimestampsEXT failed (VK_ERROR_OUT_OF_HOST_MEMORY)
MESA: error: ZINK: vkGetCalibratedTimestampsEXT failed (VK_ERROR_OUT_OF_HOST_MEMORY)
MESA: error: ZINK: vkGetCalibratedTimestampsEXT failed (VK_ERROR_OUT_OF_HOST_MEMORY)
MESA: error: ZINK: vkGetCalibratedTimestampsEXT failed (VK_ERROR_OUT_OF_HOST_MEMORY)
MESA: error: ZINK: vkGetCalibratedTimestampsEXT failed (VK_ERROR_OUT_OF_HOST_MEMORY)
MESA: error: ZINK: vkGetCalibratedTimestampsEXT failed (VK_ERROR_OUT_OF_HOST_MEMORY)
MESA: error: ZINK: vkGetCalibratedTimestampsEXT failed (VK_ERROR_OUT_OF_HOST_MEMORY)
MESA: error: ZINK: vkGetCalibratedTimestampsEXT failed (VK_ERROR_OUT_OF_HOST_MEMORY)
MESA: error: ZINK: vkGetCalibratedTimestampsEXT failed (VK_ERROR_OUT_OF_HOST_MEMORY)
MESA: error: ZINK: vkGetCalibratedTimestampsEXT failed (VK_ERROR_OUT_OF_HOST_MEMORY)
MESA: error: ZINK: vkGetCalibratedTimestampsEXT failed (VK_ERROR_OUT_OF_HOST_MEMORY)
MESA: error: ZINK: vkGetCalibratedTimestampsEXT failed (VK_ERROR_OUT_OF_HOST_MEMORY)
MESA: error: ZINK: vkGetCalibratedTimestampsEXT failed (VK_ERROR_OUT_OF_HOST_MEMORY)
MESA: error: ZINK: vkGetCalibratedTimestampsEXT failed (VK_ERROR_OUT_OF_HOST_MEMORY)
MESA: error: ZINK: vkGetCalibratedTimestampsEXT failed (VK_ERROR_OUT_OF_HOST_MEMORY)
MESA: error: ZINK: vkGetCalibratedTimestampsEXT failed (VK_ERROR_OUT_OF_HOST_MEMORY)
MESA: error: ZINK: vkGetCalibratedTimestampsEXT failed (VK_ERROR_OUT_OF_HOST_MEMORY)
MESA: error: ZINK: vkGetCalibratedTimestampsEXT failed (VK_ERROR_OUT_OF_HOST_MEMORY)
MESA: error: ZINK: vkGetCalibratedTimestampsEXT failed (VK_ERROR_OUT_OF_HOST_MEMORY)
MESA: error: ZINK: vkGetCalibratedTimestampsEXT failed (VK_ERROR_OUT_OF_HOST_MEMORY)
MESA: error: ZINK: vkGetCalibratedTimestampsEXT failed (VK_ERROR_OUT_OF_HOST_MEMORY)
MESA: error: ZINK: vkGetCalibratedTimestampsEXT failed (VK_ERROR_OUT_OF_HOST_MEMORY)
MESA: error: ZINK: vkGetCalibratedTimestampsEXT failed (VK_ERROR_OUT_OF_HOST_MEMORY)
MESA: error: ZINK: vkGetCalibratedTimestampsEXT failed (VK_ERROR_OUT_OF_HOST_MEMORY)
MESA: error: ZINK: vkGetCalibratedTimestampsEXT failed (VK_ERROR_OUT_OF_HOST_MEMORY)
MESA: error: ZINK: vkGetCalibratedTimestampsEXT failed (VK_ERROR_OUT_OF_HOST_MEMORY)
MESA: error: ZINK: vkGetCalibratedTimestampsEXT failed (VK_ERROR_OUT_OF_HOST_MEMORY)
MESA: error: ZINK: vkGetCalibratedTimestampsEXT failed (VK_ERROR_OUT_OF_HOST_MEMORY)
MESA: error: ZINK: vkGetCalibratedTimestampsEXT failed (VK_ERROR_OUT_OF_HOST_MEMORY)
MESA: error: ZINK: vkGetCalibratedTimestampsEXT failed (VK_ERROR_OUT_OF_HOST_MEMORY)
MESA: error: ZINK: vkGetCalibratedTimestampsEXT failed (VK_ERROR_OUT_OF_HOST_MEMORY)
MESA: error: ZINK: vkGetCalibratedTimestampsEXT failed (VK_ERROR_OUT_OF_HOST_MEMORY)
MESA: error: ZINK: vkGetCalibratedTimestampsEXT failed (VK_ERROR_OUT_OF_HOST_MEMORY)
MESA: error: ZINK: vkGetCalibratedTimestampsEXT failed (VK_ERROR_OUT_OF_HOST_MEMORY)
MESA: error: ZINK: vkGetCalibratedTimestampsEXT failed (VK_ERROR_OUT_OF_HOST_MEMORY)
MESA: error: ZINK: vkGetCalibratedTimestampsEXT failed (VK_ERROR_OUT_OF_HOST_MEMORY)
MESA: error: ZINK: vkGetCalibratedTimestampsEXT failed (VK_ERROR_OUT_OF_HOST_MEMORY)
MESA: error: ZINK: vkGetCalibratedTimestampsEXT failed (VK_ERROR_OUT_OF_HOST_MEMORY)
MESA: error: ZINK: vkGetCalibratedTimestampsEXT failed (VK_ERROR_OUT_OF_HOST_MEMORY)
MESA: error: ZINK: vkGetCalibratedTimestampsEXT failed (VK_ERROR_OUT_OF_HOST_MEMORY)
MESA: error: ZINK: vkGetCalibratedTimestampsEXT failed (VK_ERROR_OUT_OF_HOST_MEMORY)
MESA: error: ZINK: vkGetCalibratedTimestampsEXT failed (VK_ERROR_OUT_OF_HOST_MEMORY)
MESA: error: ZINK: vkGetCalibratedTimestampsEXT failed (VK_ERROR_OUT_OF_HOST_MEMORY)
MESA: error: ZINK: vkGetCalibratedTimestampsEXT failed (VK_ERROR_OUT_OF_HOST_MEMORY)
MESA: error: ZINK: vkGetCalibratedTimestampsEXT failed (VK_ERROR_OUT_OF_HOST_MEMORY)
MESA: error: ZINK: vkGetCalibratedTimestampsEXT failed (VK_ERROR_OUT_OF_HOST_MEMORY)
MESA: error: ZINK: vkGetCalibratedTimestampsEXT failed (VK_ERROR_OUT_OF_HOST_MEMORY)
MESA: error: ZINK: vkGetCalibratedTimestampsEXT failed (VK_ERROR_OUT_OF_HOST_MEMORY)
MESA: error: ZINK: vkGetCalibratedTimestampsEXT failed (VK_ERROR_OUT_OF_HOST_MEMORY)
MESA: error: ZINK: vkGetCalibratedTimestampsEXT failed (VK_ERROR_OUT_OF_HOST_MEMORY)
MESA: error: ZINK: vkGetCalibratedTimestampsEXT failed (VK_ERROR_OUT_OF_HOST_MEMORY)
MESA: error: ZINK: vkGetCalibratedTimestampsEXT failed (VK_ERROR_OUT_OF_HOST_MEMORY)
MESA: error: ZINK: vkGetCalibratedTimestampsEXT failed (VK_ERROR_OUT_OF_HOST_MEMORY)
MESA: error: ZINK: vkGetCalibratedTimestampsEXT failed (VK_ERROR_OUT_OF_HOST_MEMORY)
MESA: error: ZINK: vkGetCalibratedTimestampsEXT failed (VK_ERROR_OUT_OF_HOST_MEMORY)
MESA: error: ZINK: vkGetCalibratedTimestampsEXT failed (VK_ERROR_OUT_OF_HOST_MEMORY)
MESA: error: ZINK: vkGetCalibratedTimestampsEXT failed (VK_ERROR_OUT_OF_HOST_MEMORY)
MESA: error: ZINK: vkGetCalibratedTimestampsEXT failed (VK_ERROR_OUT_OF_HOST_MEMORY)
MESA: error: ZINK: vkGetCalibratedTimestampsEXT failed (VK_ERROR_OUT_OF_HOST_MEMORY)
MESA: error: ZINK: vkGetCalibratedTimestampsEXT failed (VK_ERROR_OUT_OF_HOST_MEMORY)
MESA: error: ZINK: vkGetCalibratedTimestampsEXT failed (VK_ERROR_OUT_OF_HOST_MEMORY)
MESA: error: ZINK: vkGetCalibratedTimestampsEXT failed (VK_ERROR_OUT_OF_HOST_MEMORY)
MESA: error: ZINK: vkGetCalibratedTimestampsEXT failed (VK_ERROR_OUT_OF_HOST_MEMORY)
MESA: error: ZINK: vkGetCalibratedTimestampsEXT failed (VK_ERROR_OUT_OF_HOST_MEMORY)
MESA: error: ZINK: vkGetCalibratedTimestampsEXT failed (VK_ERROR_OUT_OF_HOST_MEMORY)
MESA: error: ZINK: vkGetCalibratedTimestampsEXT failed (VK_ERROR_OUT_OF_HOST_MEMORY)
MESA: error: ZINK: vkGetCalibratedTimestampsEXT failed (VK_ERROR_OUT_OF_HOST_MEMORY)
MESA: error: ZINK: vkGetCalibratedTimestampsEXT failed (VK_ERROR_OUT_OF_HOST_MEMORY)
MESA: error: ZINK: vkGetCalibratedTimestampsEXT failed (VK_ERROR_OUT_OF_HOST_MEMORY)
MESA: error: ZINK: vkGetCalibratedTimestampsEXT failed (VK_ERROR_OUT_OF_HOST_MEMORY)
MESA: error: ZINK: vkGetCalibratedTimestampsEXT failed (VK_ERROR_OUT_OF_HOST_MEMORY)
MESA: error: ZINK: vkGetCalibratedTimestampsEXT failed (VK_ERROR_OUT_OF_HOST_MEMORY)
MESA: error: ZINK: vkGetCalibratedTimestampsEXT failed (VK_ERROR_OUT_OF_HOST_MEMORY)
MESA: error: ZINK: vkGetCalibratedTimestampsEXT failed (VK_ERROR_OUT_OF_HOST_MEMORY)
MESA: error: ZINK: vkGetCalibratedTimestampsEXT failed (VK_ERROR_OUT_OF_HOST_MEMORY)
MESA: error: ZINK: vkGetCalibratedTimestampsEXT failed (VK_ERROR_OUT_OF_HOST_MEMORY)
MESA: error: ZINK: vkGetCalibratedTimestampsEXT failed (VK_ERROR_OUT_OF_HOST_MEMORY)
MESA: error: ZINK: vkGetCalibratedTimestampsEXT failed (VK_ERROR_OUT_OF_HOST_MEMORY)
MESA: error: ZINK: vkGetCalibratedTimestampsEXT failed (VK_ERROR_OUT_OF_HOST_MEMORY)
MESA: error: ZINK: vkGetCalibratedTimestampsEXT failed (VK_ERROR_OUT_OF_HOST_MEMORY)
MESA: error: ZINK: vkGetCalibratedTimestampsEXT failed (VK_ERROR_OUT_OF_HOST_MEMORY)
MESA: error: ZINK: vkGetCalibratedTimestampsEXT failed (VK_ERROR_OUT_OF_HOST_MEMORY)
MESA: error: ZINK: vkGetCalibratedTimestampsEXT failed (VK_ERROR_OUT_OF_HOST_MEMORY)
MESA: error: ZINK: vkGetCalibratedTimestampsEXT failed (VK_ERROR_OUT_OF_HOST_MEMORY)
MESA: error: ZINK: vkGetCalibratedTimestampsEXT failed (VK_ERROR_OUT_OF_HOST_MEMORY)
MESA: error: ZINK: vkGetCalibratedTimestampsEXT failed (VK_ERROR_OUT_OF_HOST_MEMORY)
MESA: error: ZINK: vkGetCalibratedTimestampsEXT failed (VK_ERROR_OUT_OF_HOST_MEMORY)
MESA: error: ZINK: vkGetCalibratedTimestampsEXT failed (VK_ERROR_OUT_OF_HOST_MEMORY)
MESA: error: ZINK: vkGetCalibratedTimestampsEXT failed (VK_ERROR_OUT_OF_HOST_MEMORY)
MESA: error: ZINK: vkGetCalibratedTimestampsEXT failed (VK_ERROR_OUT_OF_HOST_MEMORY)
MESA: error: ZINK: vkGetCalibratedTimestampsEXT failed (VK_ERROR_OUT_OF_HOST_MEMORY)
MESA: error: ZINK: vkGetCalibratedTimestampsEXT failed (VK_ERROR_OUT_OF_HOST_MEMORY)
MESA: error: ZINK: vkGetCalibratedTimestampsEXT failed (VK_ERROR_OUT_OF_HOST_MEMORY)
MESA: error: ZINK: vkGetCalibratedTimestampsEXT failed (VK_ERROR_OUT_OF_HOST_MEMORY)
MESA: error: ZINK: vkGetCalibratedTimestampsEXT failed (VK_ERROR_OUT_OF_HOST_MEMORY)
MESA: error: ZINK: vkGetCalibratedTimestampsEXT failed (VK_ERROR_OUT_OF_HOST_MEMORY)
MESA: error: ZINK: vkGetCalibratedTimestampsEXT failed (VK_ERROR_OUT_OF_HOST_MEMORY)
MESA: error: ZINK: vkGetCalibratedTimestampsEXT failed (VK_ERROR_OUT_OF_HOST_MEMORY)
MESA: error: ZINK: vkGetCalibratedTimestampsEXT failed (VK_ERROR_OUT_OF_HOST_MEMORY)
MESA: error: ZINK: vkGetCalibratedTimestampsEXT failed (VK_ERROR_OUT_OF_HOST_MEMORY)
MESA: error: ZINK: vkGetCalibratedTimestampsEXT failed (VK_ERROR_OUT_OF_HOST_MEMORY)
MESA: error: ZINK: vkGetCalibratedTimestampsEXT failed (VK_ERROR_OUT_OF_HOST_MEMORY)
MESA: error: ZINK: vkGetCalibratedTimestampsEXT failed (VK_ERROR_OUT_OF_HOST_MEMORY)
MESA: error: ZINK: vkGetCalibratedTimestampsEXT failed (VK_ERROR_OUT_OF_HOST_MEMORY)
MESA: error: ZINK: vkGetCalibratedTimestampsEXT failed (VK_ERROR_OUT_OF_HOST_MEMORY)
MESA: error: ZINK: vkGetCalibratedTimestampsEXT failed (VK_ERROR_OUT_OF_HOST_MEMORY)
MESA: error: ZINK: vkGetCalibratedTimestampsEXT failed (VK_ERROR_OUT_OF_HOST_MEMORY)
MESA: error: ZINK: vkGetCalibratedTimestampsEXT failed (VK_ERROR_OUT_OF_HOST_MEMORY)
MESA: error: ZINK: vkGetCalibratedTimestampsEXT failed (VK_ERROR_OUT_OF_HOST_MEMORY)
MESA: error: ZINK: vkGetCalibratedTimestampsEXT failed (VK_ERROR_OUT_OF_HOST_MEMORY)
MESA: error: ZINK: vkGetCalibratedTimestampsEXT failed (VK_ERROR_OUT_OF_HOST_MEMORY)
MESA: error: ZINK: vkGetCalibratedTimestampsEXT failed (VK_ERROR_OUT_OF_HOST_MEMORY)
MESA: error: ZINK: vkGetCalibratedTimestampsEXT failed (VK_ERROR_OUT_OF_HOST_MEMORY)
MESA: error: ZINK: vkGetCalibratedTimestampsEXT failed (VK_ERROR_OUT_OF_HOST_MEMORY)
MESA: error: ZINK: vkGetCalibratedTimestampsEXT failed (VK_ERROR_OUT_OF_HOST_MEMORY)
MESA: error: ZINK: vkGetCalibratedTimestampsEXT failed (VK_ERROR_OUT_OF_HOST_MEMORY)
MESA: error: ZINK: vkGetCalibratedTimestampsEXT failed (VK_ERROR_OUT_OF_HOST_MEMORY)
MESA: error: ZINK: vkGetCalibratedTimestampsEXT failed (VK_ERROR_OUT_OF_HOST_MEMORY)
MESA: error: ZINK: vkGetCalibratedTimestampsEXT failed (VK_ERROR_OUT_OF_HOST_MEMORY)
MESA: error: ZINK: vkGetCalibratedTimestampsEXT failed (VK_ERROR_OUT_OF_HOST_MEMORY)
MESA: error: ZINK: vkGetCalibratedTimestampsEXT failed (VK_ERROR_OUT_OF_HOST_MEMORY)
MESA: error: ZINK: vkGetCalibratedTimestampsEXT failed (VK_ERROR_OUT_OF_HOST_MEMORY)
MESA: error: ZINK: vkGetCalibratedTimestampsEXT failed (VK_ERROR_OUT_OF_HOST_MEMORY)
MESA: error: ZINK: vkGetCalibratedTimestampsEXT failed (VK_ERROR_OUT_OF_HOST_MEMORY)
MESA: error: ZINK: vkGetCalibratedTimestampsEXT failed (VK_ERROR_OUT_OF_HOST_MEMORY)
MESA: error: ZINK: vkGetCalibratedTimestampsEXT failed (VK_ERROR_OUT_OF_HOST_MEMORY)
MESA: error: ZINK: vkGetCalibratedTimestampsEXT failed (VK_ERROR_OUT_OF_HOST_MEMORY)
MESA: error: ZINK: vkGetCalibratedTimestampsEXT failed (VK_ERROR_OUT_OF_HOST_MEMORY)
MESA: error: ZINK: vkGetCalibratedTimestampsEXT failed (VK_ERROR_OUT_OF_HOST_MEMORY)
MESA: error: ZINK: vkGetCalibratedTimestampsEXT failed (VK_ERROR_OUT_OF_HOST_MEMORY)
MESA: error: ZINK: vkGetCalibratedTimestampsEXT failed (VK_ERROR_OUT_OF_HOST_MEMORY)
MESA: error: ZINK: vkGetCalibratedTimestampsEXT failed (VK_ERROR_OUT_OF_HOST_MEMORY)
MESA: error: ZINK: vkGetCalibratedTimestampsEXT failed (VK_ERROR_OUT_OF_HOST_MEMORY)
MESA: error: ZINK: vkGetCalibratedTimestampsEXT failed (VK_ERROR_OUT_OF_HOST_MEMORY)
MESA: error: ZINK: vkGetCalibratedTimestampsEXT failed (VK_ERROR_OUT_OF_HOST_MEMORY)
MESA: error: ZINK: vkGetCalibratedTimestampsEXT failed (VK_ERROR_OUT_OF_HOST_MEMORY)
MESA: error: ZINK: vkGetCalibratedTimestampsEXT failed (VK_ERROR_OUT_OF_HOST_MEMORY)
MESA: error: ZINK: vkGetCalibratedTimestampsEXT failed (VK_ERROR_OUT_OF_HOST_MEMORY)
MESA: error: ZINK: vkGetCalibratedTimestampsEXT failed (VK_ERROR_OUT_OF_HOST_MEMORY)
MESA: error: ZINK: vkGetCalibratedTimestampsEXT failed (VK_ERROR_OUT_OF_HOST_MEMORY)
MESA: error: ZINK: vkGetCalibratedTimestampsEXT failed (VK_ERROR_OUT_OF_HOST_MEMORY)
MESA: error: ZINK: vkGetCalibratedTimestampsEXT failed (VK_ERROR_OUT_OF_HOST_MEMORY)
MESA: error: ZINK: vkGetCalibratedTimestampsEXT failed (VK_ERROR_OUT_OF_HOST_MEMORY)
MESA: error: ZINK: vkGetCalibratedTimestampsEXT failed (VK_ERROR_OUT_OF_HOST_MEMORY)
MESA: error: ZINK: vkGetCalibratedTimestampsEXT failed (VK_ERROR_OUT_OF_HOST_MEMORY)
MESA: error: ZINK: vkGetCalibratedTimestampsEXT failed (VK_ERROR_OUT_OF_HOST_MEMORY)
MESA: error: ZINK: vkGetCalibratedTimestampsEXT failed (VK_ERROR_OUT_OF_HOST_MEMORY)
MESA: error: ZINK: vkGetCalibratedTimestampsEXT failed (VK_ERROR_OUT_OF_HOST_MEMORY)
MESA: error: ZINK: vkGetCalibratedTimestampsEXT failed (VK_ERROR_OUT_OF_HOST_MEMORY)
MESA: error: ZINK: vkGetCalibratedTimestampsEXT failed (VK_ERROR_OUT_OF_HOST_MEMORY)
MESA: error: ZINK: vkGetCalibratedTimestampsEXT failed (VK_ERROR_OUT_OF_HOST_MEMORY)
MESA: error: ZINK: vkGetCalibratedTimestampsEXT failed (VK_ERROR_OUT_OF_HOST_MEMORY)
MESA: error: ZINK: vkGetCalibratedTimestampsEXT failed (VK_ERROR_OUT_OF_HOST_MEMORY)
MESA: error: ZINK: vkGetCalibratedTimestampsEXT failed (VK_ERROR_OUT_OF_HOST_MEMORY)
MESA: error: ZINK: vkGetCalibratedTimestampsEXT failed (VK_ERROR_OUT_OF_HOST_MEMORY)
MESA: error: ZINK: vkGetCalibratedTimestampsEXT failed (VK_ERROR_OUT_OF_HOST_MEMORY)
MESA: error: ZINK: vkGetCalibratedTimestampsEXT failed (VK_ERROR_OUT_OF_HOST_MEMORY)
MESA: error: ZINK: vkGetCalibratedTimestampsEXT failed (VK_ERROR_OUT_OF_HOST_MEMORY)
MESA: error: ZINK: vkGetCalibratedTimestampsEXT failed (VK_ERROR_OUT_OF_HOST_MEMORY)
MESA: error: ZINK: vkGetCalibratedTimestampsEXT failed (VK_ERROR_OUT_OF_HOST_MEMORY)
MESA: error: ZINK: vkGetCalibratedTimestampsEXT failed (VK_ERROR_OUT_OF_HOST_MEMORY)
MESA: error: ZINK: vkGetCalibratedTimestampsEXT failed (VK_ERROR_OUT_OF_HOST_MEMORY)
MESA: error: ZINK: vkGetCalibratedTimestampsEXT failed (VK_ERROR_OUT_OF_HOST_MEMORY)
MESA: error: ZINK: vkGetCalibratedTimestampsEXT failed (VK_ERROR_OUT_OF_HOST_MEMORY)
MESA: error: ZINK: vkGetCalibratedTimestampsEXT failed (VK_ERROR_OUT_OF_HOST_MEMORY)
MESA: error: ZINK: vkGetCalibratedTimestampsEXT failed (VK_ERROR_OUT_OF_HOST_MEMORY)
MESA: error: ZINK: vkGetCalibratedTimestampsEXT failed (VK_ERROR_OUT_OF_HOST_MEMORY)
MESA: error: ZINK: vkGetCalibratedTimestampsEXT failed (VK_ERROR_OUT_OF_HOST_MEMORY)
MESA: error: ZINK: vkGetCalibratedTimestampsEXT failed (VK_ERROR_OUT_OF_HOST_MEMORY)
MESA: error: ZINK: vkGetCalibratedTimestampsEXT failed (VK_ERROR_OUT_OF_HOST_MEMORY)
MESA: error: ZINK: vkGetCalibratedTimestampsEXT failed (VK_ERROR_OUT_OF_HOST_MEMORY)
MESA: error: ZINK: vkGetCalibratedTimestampsEXT failed (VK_ERROR_OUT_OF_HOST_MEMORY)
MESA: error: ZINK: vkGetCalibratedTimestampsEXT failed (VK_ERROR_OUT_OF_HOST_MEMORY)
MESA: error: ZINK: vkGetCalibratedTimestampsEXT failed (VK_ERROR_OUT_OF_HOST_MEMORY)
MESA: error: ZINK: vkGetCalibratedTimestampsEXT failed (VK_ERROR_OUT_OF_HOST_MEMORY)
MESA: error: ZINK: vkGetCalibratedTimestampsEXT failed (VK_ERROR_OUT_OF_HOST_MEMORY)
MESA: error: ZINK: vkGetCalibratedTimestampsEXT failed (VK_ERROR_OUT_OF_HOST_MEMORY)
MESA: error: ZINK: vkGetCalibratedTimestampsEXT failed (VK_ERROR_OUT_OF_HOST_MEMORY)
MESA: error: ZINK: vkGetCalibratedTimestampsEXT failed (VK_ERROR_OUT_OF_HOST_MEMORY)
MESA: error: ZINK: vkGetCalibratedTimestampsEXT failed (VK_ERROR_OUT_OF_HOST_MEMORY)
MESA: error: ZINK: vkGetCalibratedTimestampsEXT failed (VK_ERROR_OUT_OF_HOST_MEMORY)
MESA: error: ZINK: vkGetCalibratedTimestampsEXT failed (VK_ERROR_OUT_OF_HOST_MEMORY)
MESA: error: ZINK: vkGetCalibratedTimestampsEXT failed (VK_ERROR_OUT_OF_HOST_MEMORY)
MESA: error: ZINK: vkGetCalibratedTimestampsEXT failed (VK_ERROR_OUT_OF_HOST_MEMORY)
MESA: error: ZINK: vkGetCalibratedTimestampsEXT failed (VK_ERROR_OUT_OF_HOST_MEMORY)
MESA: error: ZINK: vkGetCalibratedTimestampsEXT failed (VK_ERROR_OUT_OF_HOST_MEMORY)
MESA: error: ZINK: vkGetCalibratedTimestampsEXT failed (VK_ERROR_OUT_OF_HOST_MEMORY)
MESA: error: ZINK: vkGetCalibratedTimestampsEXT failed (VK_ERROR_OUT_OF_HOST_MEMORY)
MESA: error: ZINK: vkGetCalibratedTimestampsEXT failed (VK_ERROR_OUT_OF_HOST_MEMORY)
MESA: error: ZINK: vkGetCalibratedTimestampsEXT failed (VK_ERROR_OUT_OF_HOST_MEMORY)
MESA: error: ZINK: vkGetCalibratedTimestampsEXT failed (VK_ERROR_OUT_OF_HOST_MEMORY)
MESA: error: ZINK: vkGetCalibratedTimestampsEXT failed (VK_ERROR_OUT_OF_HOST_MEMORY)
MESA: error: ZINK: vkGetCalibratedTimestampsEXT failed (VK_ERROR_OUT_OF_HOST_MEMORY)
MESA: error: ZINK: vkGetCalibratedTimestampsEXT failed (VK_ERROR_OUT_OF_HOST_MEMORY)
MESA: error: ZINK: vkGetCalibratedTimestampsEXT failed (VK_ERROR_OUT_OF_HOST_MEMORY)
MESA: error: ZINK: vkGetCalibratedTimestampsEXT failed (VK_ERROR_OUT_OF_HOST_MEMORY)
MESA: error: ZINK: vkGetCalibratedTimestampsEXT failed (VK_ERROR_OUT_OF_HOST_MEMORY)
MESA: error: ZINK: vkGetCalibratedTimestampsEXT failed (VK_ERROR_OUT_OF_HOST_MEMORY)
MESA: error: ZINK: vkGetCalibratedTimestampsEXT failed (VK_ERROR_OUT_OF_HOST_MEMORY)
MESA: error: ZINK: vkGetCalibratedTimestampsEXT failed (VK_ERROR_OUT_OF_HOST_MEMORY)
MESA: error: ZINK: vkGetCalibratedTimestampsEXT failed (VK_ERROR_OUT_OF_HOST_MEMORY)
MESA: error: ZINK: vkGetCalibratedTimestampsEXT failed (VK_ERROR_OUT_OF_HOST_MEMORY)
MESA: error: ZINK: vkGetCalibratedTimestampsEXT failed (VK_ERROR_OUT_OF_HOST_MEMORY)
MESA: error: ZINK: vkGetCalibratedTimestampsEXT failed (VK_ERROR_OUT_OF_HOST_MEMORY)
MESA: error: ZINK: vkGetCalibratedTimestampsEXT failed (VK_ERROR_OUT_OF_HOST_MEMORY)
MESA: error: ZINK: vkGetCalibratedTimestampsEXT failed (VK_ERROR_OUT_OF_HOST_MEMORY)
MESA: error: ZINK: vkGetCalibratedTimestampsEXT failed (VK_ERROR_OUT_OF_HOST_MEMORY)
MESA: error: ZINK: vkGetCalibratedTimestampsEXT failed (VK_ERROR_OUT_OF_HOST_MEMORY)
MESA: error: ZINK: vkGetCalibratedTimestampsEXT failed (VK_ERROR_OUT_OF_HOST_MEMORY)
MESA: error: ZINK: vkGetCalibratedTimestampsEXT failed (VK_ERROR_OUT_OF_HOST_MEMORY)
MESA: error: ZINK: vkGetCalibratedTimestampsEXT failed (VK_ERROR_OUT_OF_HOST_MEMORY)
MESA: error: ZINK: vkGetCalibratedTimestampsEXT failed (VK_ERROR_OUT_OF_HOST_MEMORY)
MESA: error: ZINK: vkGetCalibratedTimestampsEXT failed (VK_ERROR_OUT_OF_HOST_MEMORY)
MESA: error: ZINK: vkGetCalibratedTimestampsEXT failed (VK_ERROR_OUT_OF_HOST_MEMORY)
MESA: error: ZINK: vkGetCalibratedTimestampsEXT failed (VK_ERROR_OUT_OF_HOST_MEMORY)
MESA: error: ZINK: vkGetCalibratedTimestampsEXT failed (VK_ERROR_OUT_OF_HOST_MEMORY)
MESA: error: ZINK: vkGetCalibratedTimestampsEXT failed (VK_ERROR_OUT_OF_HOST_MEMORY)
MESA: error: ZINK: vkGetCalibratedTimestampsEXT failed (VK_ERROR_OUT_OF_HOST_MEMORY)
MESA: error: ZINK: vkGetCalibratedTimestampsEXT failed (VK_ERROR_OUT_OF_HOST_MEMORY)
MESA: error: ZINK: vkGetCalibratedTimestampsEXT failed (VK_ERROR_OUT_OF_HOST_MEMORY)
MESA: error: ZINK: vkGetCalibratedTimestampsEXT failed (VK_ERROR_OUT_OF_HOST_MEMORY)
MESA: error: ZINK: vkGetCalibratedTimestampsEXT failed (VK_ERROR_OUT_OF_HOST_MEMORY)
MESA: error: ZINK: vkGetCalibratedTimestampsEXT failed (VK_ERROR_OUT_OF_HOST_MEMORY)
MESA: error: ZINK: vkGetCalibratedTimestampsEXT failed (VK_ERROR_OUT_OF_HOST_MEMORY)
MESA: error: ZINK: vkGetCalibratedTimestampsEXT failed (VK_ERROR_OUT_OF_HOST_MEMORY)
MESA: error: ZINK: vkGetCalibratedTimestampsEXT failed (VK_ERROR_OUT_OF_HOST_MEMORY)
MESA: error: ZINK: vkGetCalibratedTimestampsEXT failed (VK_ERROR_OUT_OF_HOST_MEMORY)
MESA: error: ZINK: vkGetCalibratedTimestampsEXT failed (VK_ERROR_OUT_OF_HOST_MEMORY)
MESA: error: ZINK: vkGetCalibratedTimestampsEXT failed (VK_ERROR_OUT_OF_HOST_MEMORY)
MESA: error: ZINK: vkGetCalibratedTimestampsEXT failed (VK_ERROR_OUT_OF_HOST_MEMORY)
MESA: error: ZINK: vkGetCalibratedTimestampsEXT failed (VK_ERROR_OUT_OF_HOST_MEMORY)
MESA: error: ZINK: vkGetCalibratedTimestampsEXT failed (VK_ERROR_OUT_OF_HOST_MEMORY)
MESA: error: ZINK: vkGetCalibratedTimestampsEXT failed (VK_ERROR_OUT_OF_HOST_MEMORY)
MESA: error: ZINK: vkGetCalibratedTimestampsEXT failed (VK_ERROR_OUT_OF_HOST_MEMORY)
MESA: error: ZINK: vkGetCalibratedTimestampsEXT failed (VK_ERROR_OUT_OF_HOST_MEMORY)
MESA: error: ZINK: vkGetCalibratedTimestampsEXT failed (VK_ERROR_OUT_OF_HOST_MEMORY)
MESA: error: ZINK: vkGetCalibratedTimestampsEXT failed (VK_ERROR_OUT_OF_HOST_MEMORY)
MESA: error: ZINK: vkGetCalibratedTimestampsEXT failed (VK_ERROR_OUT_OF_HOST_MEMORY)
MESA: error: ZINK: vkGetCalibratedTimestampsEXT failed (VK_ERROR_OUT_OF_HOST_MEMORY)
MESA: error: ZINK: vkGetCalibratedTimestampsEXT failed (VK_ERROR_OUT_OF_HOST_MEMORY)
MESA: error: ZINK: vkGetCalibratedTimestampsEXT failed (VK_ERROR_OUT_OF_HOST_MEMORY)
MESA: error: ZINK: vkGetCalibratedTimestampsEXT failed (VK_ERROR_OUT_OF_HOST_MEMORY)
MESA: error: ZINK: vkGetCalibratedTimestampsEXT failed (VK_ERROR_OUT_OF_HOST_MEMORY)
MESA: error: ZINK: vkGetCalibratedTimestampsEXT failed (VK_ERROR_OUT_OF_HOST_MEMORY)
MESA: error: ZINK: vkGetCalibratedTimestampsEXT failed (VK_ERROR_OUT_OF_HOST_MEMORY)
MESA: error: ZINK: vkGetCalibratedTimestampsEXT failed (VK_ERROR_OUT_OF_HOST_MEMORY)
MESA: error: ZINK: vkGetCalibratedTimestampsEXT failed (VK_ERROR_OUT_OF_HOST_MEMORY)
MESA: error: ZINK: vkGetCalibratedTimestampsEXT failed (VK_ERROR_OUT_OF_HOST_MEMORY)
MESA: error: ZINK: vkGetCalibratedTimestampsEXT failed (VK_ERROR_OUT_OF_HOST_MEMORY)
MESA: error: ZINK: vkGetCalibratedTimestampsEXT failed (VK_ERROR_OUT_OF_HOST_MEMORY)
MESA: error: ZINK: vkGetCalibratedTimestampsEXT failed (VK_ERROR_OUT_OF_HOST_MEMORY)
MESA: error: ZINK: vkGetCalibratedTimestampsEXT failed (VK_ERROR_OUT_OF_HOST_MEMORY)
MESA: error: ZINK: vkGetCalibratedTimestampsEXT failed (VK_ERROR_OUT_OF_HOST_MEMORY)
MESA: error: ZINK: vkGetCalibratedTimestampsEXT failed (VK_ERROR_OUT_OF_HOST_MEMORY)
MESA: error: ZINK: vkGetCalibratedTimestampsEXT failed (VK_ERROR_OUT_OF_HOST_MEMORY)
MESA: error: ZINK: vkGetCalibratedTimestampsEXT failed (VK_ERROR_OUT_OF_HOST_MEMORY)
MESA: error: ZINK: vkGetCalibratedTimestampsEXT failed (VK_ERROR_OUT_OF_HOST_MEMORY)
MESA: error: ZINK: vkGetCalibratedTimestampsEXT failed (VK_ERROR_OUT_OF_HOST_MEMORY)
MESA: error: ZINK: vkGetCalibratedTimestampsEXT failed (VK_ERROR_OUT_OF_HOST_MEMORY)
MESA: error: ZINK: vkGetCalibratedTimestampsEXT failed (VK_ERROR_OUT_OF_HOST_MEMORY)
MESA: error: ZINK: vkGetCalibratedTimestampsEXT failed (VK_ERROR_OUT_OF_HOST_MEMORY)
MESA: error: ZINK: vkGetCalibratedTimestampsEXT failed (VK_ERROR_OUT_OF_HOST_MEMORY)
MESA: error: ZINK: vkGetCalibratedTimestampsEXT failed (VK_ERROR_OUT_OF_HOST_MEMORY)
MESA: error: ZINK: vkGetCalibratedTimestampsEXT failed (VK_ERROR_OUT_OF_HOST_MEMORY)
MESA: error: ZINK: vkGetCalibratedTimestampsEXT failed (VK_ERROR_OUT_OF_HOST_MEMORY)
MESA: error: ZINK: vkGetCalibratedTimestampsEXT failed (VK_ERROR_OUT_OF_HOST_MEMORY)
MESA: error: ZINK: vkGetCalibratedTimestampsEXT failed (VK_ERROR_OUT_OF_HOST_MEMORY)
MESA: error: ZINK: vkGetCalibratedTimestampsEXT failed (VK_ERROR_OUT_OF_HOST_MEMORY)
MESA: error: ZINK: vkGetCalibratedTimestampsEXT failed (VK_ERROR_OUT_OF_HOST_MEMORY)
MESA: error: ZINK: vkGetCalibratedTimestampsEXT failed (VK_ERROR_OUT_OF_HOST_MEMORY)
MESA: error: ZINK: vkGetCalibratedTimestampsEXT failed (VK_ERROR_OUT_OF_HOST_MEMORY)
MESA: error: ZINK: vkGetCalibratedTimestampsEXT failed (VK_ERROR_OUT_OF_HOST_MEMORY)
MESA: error: ZINK: vkGetCalibratedTimestampsEXT failed (VK_ERROR_OUT_OF_HOST_MEMORY)
MESA: error: ZINK: vkGetCalibratedTimestampsEXT failed (VK_ERROR_OUT_OF_HOST_MEMORY)
MESA: error: ZINK: vkGetCalibratedTimestampsEXT failed (VK_ERROR_OUT_OF_HOST_MEMORY)
MESA: error: ZINK: vkGetCalibratedTimestampsEXT failed (VK_ERROR_OUT_OF_HOST_MEMORY)
MESA: error: ZINK: vkGetCalibratedTimestampsEXT failed (VK_ERROR_OUT_OF_HOST_MEMORY)
MESA: error: ZINK: vkGetCalibratedTimestampsEXT failed (VK_ERROR_OUT_OF_HOST_MEMORY)
MESA: error: ZINK: vkGetCalibratedTimestampsEXT failed (VK_ERROR_OUT_OF_HOST_MEMORY)
MESA: error: ZINK: vkGetCalibratedTimestampsEXT failed (VK_ERROR_OUT_OF_HOST_MEMORY)
MESA: error: ZINK: vkGetCalibratedTimestampsEXT failed (VK_ERROR_OUT_OF_HOST_MEMORY)
MESA: error: ZINK: vkGetCalibratedTimestampsEXT failed (VK_ERROR_OUT_OF_HOST_MEMORY)
MESA: error: ZINK: vkGetCalibratedTimestampsEXT failed (VK_ERROR_OUT_OF_HOST_MEMORY)
MESA: error: ZINK: vkGetCalibratedTimestampsEXT failed (VK_ERROR_OUT_OF_HOST_MEMORY)
MESA: error: ZINK: vkGetCalibratedTimestampsEXT failed (VK_ERROR_OUT_OF_HOST_MEMORY)
MESA: error: ZINK: vkGetCalibratedTimestampsEXT failed (VK_ERROR_OUT_OF_HOST_MEMORY)
MESA: error: ZINK: vkGetCalibratedTimestampsEXT failed (VK_ERROR_OUT_OF_HOST_MEMORY)
MESA: error: ZINK: vkGetCalibratedTimestampsEXT failed (VK_ERROR_OUT_OF_HOST_MEMORY)
MESA: error: ZINK: vkGetCalibratedTimestampsEXT failed (VK_ERROR_OUT_OF_HOST_MEMORY)
MESA: error: ZINK: vkGetCalibratedTimestampsEXT failed (VK_ERROR_OUT_OF_HOST_MEMORY)
MESA: error: ZINK: vkGetCalibratedTimestampsEXT failed (VK_ERROR_OUT_OF_HOST_MEMORY)
MESA: error: ZINK: vkGetCalibratedTimestampsEXT failed (VK_ERROR_OUT_OF_HOST_MEMORY)
MESA: error: ZINK: vkGetCalibratedTimestampsEXT failed (VK_ERROR_OUT_OF_HOST_MEMORY)
MESA: error: ZINK: vkGetCalibratedTimestampsEXT failed (VK_ERROR_OUT_OF_HOST_MEMORY)
MESA: error: ZINK: vkGetCalibratedTimestampsEXT failed (VK_ERROR_OUT_OF_HOST_MEMORY)
MESA: error: ZINK: vkGetCalibratedTimestampsEXT failed (VK_ERROR_OUT_OF_HOST_MEMORY)
MESA: error: ZINK: vkGetCalibratedTimestampsEXT failed (VK_ERROR_OUT_OF_HOST_MEMORY)
MESA: error: ZINK: vkGetCalibratedTimestampsEXT failed (VK_ERROR_OUT_OF_HOST_MEMORY)
MESA: error: ZINK: vkGetCalibratedTimestampsEXT failed (VK_ERROR_OUT_OF_HOST_MEMORY)
MESA: error: ZINK: vkGetCalibratedTimestampsEXT failed (VK_ERROR_OUT_OF_HOST_MEMORY)
MESA: error: ZINK: vkGetCalibratedTimestampsEXT failed (VK_ERROR_OUT_OF_HOST_MEMORY)
MESA: error: ZINK: vkGetCalibratedTimestampsEXT failed (VK_ERROR_OUT_OF_HOST_MEMORY)
MESA: error: ZINK: vkGetCalibratedTimestampsEXT failed (VK_ERROR_OUT_OF_HOST_MEMORY)
MESA: error: ZINK: vkGetCalibratedTimestampsEXT failed (VK_ERROR_OUT_OF_HOST_MEMORY)
MESA: error: ZINK: vkGetCalibratedTimestampsEXT failed (VK_ERROR_OUT_OF_HOST_MEMORY)
MESA: error: ZINK: vkGetCalibratedTimestampsEXT failed (VK_ERROR_OUT_OF_HOST_MEMORY)
MESA: error: ZINK: vkGetCalibratedTimestampsEXT failed (VK_ERROR_OUT_OF_HOST_MEMORY)
MESA: error: ZINK: vkGetCalibratedTimestampsEXT failed (VK_ERROR_OUT_OF_HOST_MEMORY)
MESA: error: ZINK: vkGetCalibratedTimestampsEXT failed (VK_ERROR_OUT_OF_HOST_MEMORY)
MESA: error: ZINK: vkGetCalibratedTimestampsEXT failed (VK_ERROR_OUT_OF_HOST_MEMORY)
MESA: error: ZINK: vkGetCalibratedTimestampsEXT failed (VK_ERROR_OUT_OF_HOST_MEMORY)
MESA: error: ZINK: vkGetCalibratedTimestampsEXT failed (VK_ERROR_OUT_OF_HOST_MEMORY)
MESA: error: ZINK: vkGetCalibratedTimestampsEXT failed (VK_ERROR_OUT_OF_HOST_MEMORY)
MESA: error: ZINK: vkGetCalibratedTimestampsEXT failed (VK_ERROR_OUT_OF_HOST_MEMORY)
MESA: error: ZINK: vkGetCalibratedTimestampsEXT failed (VK_ERROR_OUT_OF_HOST_MEMORY)
MESA: error: ZINK: vkGetCalibratedTimestampsEXT failed (VK_ERROR_OUT_OF_HOST_MEMORY)
MESA: error: ZINK: vkGetCalibratedTimestampsEXT failed (VK_ERROR_OUT_OF_HOST_MEMORY)
MESA: error: ZINK: vkGetCalibratedTimestampsEXT failed (VK_ERROR_OUT_OF_HOST_MEMORY)
MESA: error: ZINK: vkGetCalibratedTimestampsEXT failed (VK_ERROR_OUT_OF_HOST_MEMORY)
MESA: error: ZINK: vkGetCalibratedTimestampsEXT failed (VK_ERROR_OUT_OF_HOST_MEMORY)
MESA: error: ZINK: vkGetCalibratedTimestampsEXT failed (VK_ERROR_OUT_OF_HOST_MEMORY)
MESA: error: ZINK: vkGetCalibratedTimestampsEXT failed (VK_ERROR_OUT_OF_HOST_MEMORY)
MESA: error: ZINK: vkGetCalibratedTimestampsEXT failed (VK_ERROR_OUT_OF_HOST_MEMORY)
MESA: error: ZINK: vkGetCalibratedTimestampsEXT failed (VK_ERROR_OUT_OF_HOST_MEMORY)
MESA: error: ZINK: vkGetCalibratedTimestampsEXT failed (VK_ERROR_OUT_OF_HOST_MEMORY)
MESA: error: ZINK: vkGetCalibratedTimestampsEXT failed (VK_ERROR_OUT_OF_HOST_MEMORY)
MESA: error: ZINK: vkGetCalibratedTimestampsEXT failed (VK_ERROR_OUT_OF_HOST_MEMORY)
MESA: error: ZINK: vkGetCalibratedTimestampsEXT failed (VK_ERROR_OUT_OF_HOST_MEMORY)
MESA: error: ZINK: vkGetCalibratedTimestampsEXT failed (VK_ERROR_OUT_OF_HOST_MEMORY)
MESA: error: ZINK: vkGetCalibratedTimestampsEXT failed (VK_ERROR_OUT_OF_HOST_MEMORY)
MESA: error: ZINK: vkGetCalibratedTimestampsEXT failed (VK_ERROR_OUT_OF_HOST_MEMORY)
MESA: error: ZINK: vkGetCalibratedTimestampsEXT failed (VK_ERROR_OUT_OF_HOST_MEMORY)
MESA: error: ZINK: vkGetCalibratedTimestampsEXT failed (VK_ERROR_OUT_OF_HOST_MEMORY)
MESA: error: ZINK: vkGetCalibratedTimestampsEXT failed (VK_ERROR_OUT_OF_HOST_MEMORY)
MESA: error: ZINK: vkGetCalibratedTimestampsEXT failed (VK_ERROR_OUT_OF_HOST_MEMORY)
MESA: error: ZINK: vkGetCalibratedTimestampsEXT failed (VK_ERROR_OUT_OF_HOST_MEMORY)
MESA: error: ZINK: vkGetCalibratedTimestampsEXT failed (VK_ERROR_OUT_OF_HOST_MEMORY)
MESA: error: ZINK: vkGetCalibratedTimestampsEXT failed (VK_ERROR_OUT_OF_HOST_MEMORY)
MESA: error: ZINK: vkGetCalibratedTimestampsEXT failed (VK_ERROR_OUT_OF_HOST_MEMORY)
MESA: error: ZINK: vkGetCalibratedTimestampsEXT failed (VK_ERROR_OUT_OF_HOST_MEMORY)
MESA: error: ZINK: vkGetCalibratedTimestampsEXT failed (VK_ERROR_OUT_OF_HOST_MEMORY)
MESA: error: ZINK: vkGetCalibratedTimestampsEXT failed (VK_ERROR_OUT_OF_HOST_MEMORY)
MESA: error: ZINK: vkGetCalibratedTimestampsEXT failed (VK_ERROR_OUT_OF_HOST_MEMORY)
MESA: error: ZINK: vkGetCalibratedTimestampsEXT failed (VK_ERROR_OUT_OF_HOST_MEMORY)
MESA: error: ZINK: vkGetCalibratedTimestampsEXT failed (VK_ERROR_OUT_OF_HOST_MEMORY)
MESA: error: ZINK: vkGetCalibratedTimestampsEXT failed (VK_ERROR_OUT_OF_HOST_MEMORY)
MESA: error: ZINK: vkGetCalibratedTimestampsEXT failed (VK_ERROR_OUT_OF_HOST_MEMORY)
MESA: error: ZINK: vkGetCalibratedTimestampsEXT failed (VK_ERROR_OUT_OF_HOST_MEMORY)
MESA: error: ZINK: vkGetCalibratedTimestampsEXT failed (VK_ERROR_OUT_OF_HOST_MEMORY)
MESA: error: ZINK: vkGetCalibratedTimestampsEXT failed (VK_ERROR_OUT_OF_HOST_MEMORY)
MESA: error: ZINK: vkGetCalibratedTimestampsEXT failed (VK_ERROR_OUT_OF_HOST_MEMORY)
MESA: error: ZINK: vkGetCalibratedTimestampsEXT failed (VK_ERROR_OUT_OF_HOST_MEMORY)
MESA: error: ZINK: vkGetCalibratedTimestampsEXT failed (VK_ERROR_OUT_OF_HOST_MEMORY)
MESA: error: ZINK: vkGetCalibratedTimestampsEXT failed (VK_ERROR_OUT_OF_HOST_MEMORY)
MESA: error: ZINK: vkGetCalibratedTimestampsEXT failed (VK_ERROR_OUT_OF_HOST_MEMORY)
MESA: error: ZINK: vkGetCalibratedTimestampsEXT failed (VK_ERROR_OUT_OF_HOST_MEMORY)
MESA: error: ZINK: vkGetCalibratedTimestampsEXT failed (VK_ERROR_OUT_OF_HOST_MEMORY)
MESA: error: ZINK: vkGetCalibratedTimestampsEXT failed (VK_ERROR_OUT_OF_HOST_MEMORY)
MESA: error: ZINK: vkGetCalibratedTimestampsEXT failed (VK_ERROR_OUT_OF_HOST_MEMORY)
MESA: error: ZINK: vkGetCalibratedTimestampsEXT failed (VK_ERROR_OUT_OF_HOST_MEMORY)
MESA: error: ZINK: vkGetCalibratedTimestampsEXT failed (VK_ERROR_OUT_OF_HOST_MEMORY)
MESA: error: ZINK: vkGetCalibratedTimestampsEXT failed (VK_ERROR_OUT_OF_HOST_MEMORY)
MESA: error: ZINK: vkGetCalibratedTimestampsEXT failed (VK_ERROR_OUT_OF_HOST_MEMORY)
MESA: error: ZINK: vkGetCalibratedTimestampsEXT failed (VK_ERROR_OUT_OF_HOST_MEMORY)
MESA: error: ZINK: vkGetCalibratedTimestampsEXT failed (VK_ERROR_OUT_OF_HOST_MEMORY)
MESA: error: ZINK: vkGetCalibratedTimestampsEXT failed (VK_ERROR_OUT_OF_HOST_MEMORY)
MESA: error: ZINK: vkGetCalibratedTimestampsEXT failed (VK_ERROR_OUT_OF_HOST_MEMORY)
MESA: error: ZINK: vkGetCalibratedTimestampsEXT failed (VK_ERROR_OUT_OF_HOST_MEMORY)
MESA: error: ZINK: vkGetCalibratedTimestampsEXT failed (VK_ERROR_OUT_OF_HOST_MEMORY)
MESA: error: ZINK: vkGetCalibratedTimestampsEXT failed (VK_ERROR_OUT_OF_HOST_MEMORY)
MESA: error: ZINK: vkGetCalibratedTimestampsEXT failed (VK_ERROR_OUT_OF_HOST_MEMORY)
MESA: error: ZINK: vkGetCalibratedTimestampsEXT failed (VK_ERROR_OUT_OF_HOST_MEMORY)
MESA: error: ZINK: vkGetCalibratedTimestampsEXT failed (VK_ERROR_OUT_OF_HOST_MEMORY)
MESA: error: ZINK: vkGetCalibratedTimestampsEXT failed (VK_ERROR_OUT_OF_HOST_MEMORY)
MESA: error: ZINK: vkGetCalibratedTimestampsEXT failed (VK_ERROR_OUT_OF_HOST_MEMORY)
MESA: error: ZINK: vkGetCalibratedTimestampsEXT failed (VK_ERROR_OUT_OF_HOST_MEMORY)
MESA: error: ZINK: vkGetCalibratedTimestampsEXT failed (VK_ERROR_OUT_OF_HOST_MEMORY)
MESA: error: ZINK: vkGetCalibratedTimestampsEXT failed (VK_ERROR_OUT_OF_HOST_MEMORY)
MESA: error: ZINK: vkGetCalibratedTimestampsEXT failed (VK_ERROR_OUT_OF_HOST_MEMORY)
MESA: error: ZINK: vkGetCalibratedTimestampsEXT failed (VK_ERROR_OUT_OF_HOST_MEMORY)
MESA: error: ZINK: vkGetCalibratedTimestampsEXT failed (VK_ERROR_OUT_OF_HOST_MEMORY)
MESA: error: ZINK: vkGetCalibratedTimestampsEXT failed (VK_ERROR_OUT_OF_HOST_MEMORY)
MESA: error: ZINK: vkGetCalibratedTimestampsEXT failed (VK_ERROR_OUT_OF_HOST_MEMORY)
MESA: error: ZINK: vkGetCalibratedTimestampsEXT failed (VK_ERROR_OUT_OF_HOST_MEMORY)
MESA: error: ZINK: vkGetCalibratedTimestampsEXT failed (VK_ERROR_OUT_OF_HOST_MEMORY)
MESA: error: ZINK: vkGetCalibratedTimestampsEXT failed (VK_ERROR_OUT_OF_HOST_MEMORY)
MESA: error: ZINK: vkGetCalibratedTimestampsEXT failed (VK_ERROR_OUT_OF_HOST_MEMORY)
MESA: error: ZINK: vkGetCalibratedTimestampsEXT failed (VK_ERROR_OUT_OF_HOST_MEMORY)
MESA: error: ZINK: vkGetCalibratedTimestampsEXT failed (VK_ERROR_OUT_OF_HOST_MEMORY)
MESA: error: ZINK: vkGetCalibratedTimestampsEXT failed (VK_ERROR_OUT_OF_HOST_MEMORY)
MESA: error: ZINK: vkGetCalibratedTimestampsEXT failed (VK_ERROR_OUT_OF_HOST_MEMORY)
MESA: error: ZINK: vkGetCalibratedTimestampsEXT failed (VK_ERROR_OUT_OF_HOST_MEMORY)
MESA: error: ZINK: vkGetCalibratedTimestampsEXT failed (VK_ERROR_OUT_OF_HOST_MEMORY)
MESA: error: ZINK: vkGetCalibratedTimestampsEXT failed (VK_ERROR_OUT_OF_HOST_MEMORY)
MESA: error: ZINK: vkGetCalibratedTimestampsEXT failed (VK_ERROR_OUT_OF_HOST_MEMORY)
MESA: error: ZINK: vkGetCalibratedTimestampsEXT failed (VK_ERROR_OUT_OF_HOST_MEMORY)
MESA: error: ZINK: vkGetCalibratedTimestampsEXT failed (VK_ERROR_OUT_OF_HOST_MEMORY)
MESA: error: ZINK: vkGetCalibratedTimestampsEXT failed (VK_ERROR_OUT_OF_HOST_MEMORY)
MESA: error: ZINK: vkGetCalibratedTimestampsEXT failed (VK_ERROR_OUT_OF_HOST_MEMORY)
MESA: error: ZINK: vkGetCalibratedTimestampsEXT failed (VK_ERROR_OUT_OF_HOST_MEMORY)
MESA: error: ZINK: vkGetCalibratedTimestampsEXT failed (VK_ERROR_OUT_OF_HOST_MEMORY)
MESA: error: ZINK: vkGetCalibratedTimestampsEXT failed (VK_ERROR_OUT_OF_HOST_MEMORY)
MESA: error: ZINK: vkGetCalibratedTimestampsEXT failed (VK_ERROR_OUT_OF_HOST_MEMORY)
MESA: error: ZINK: vkGetCalibratedTimestampsEXT failed (VK_ERROR_OUT_OF_HOST_MEMORY)
MESA: error: ZINK: vkGetCalibratedTimestampsEXT failed (VK_ERROR_OUT_OF_HOST_MEMORY)
MESA: error: ZINK: vkGetCalibratedTimestampsEXT failed (VK_ERROR_OUT_OF_HOST_MEMORY)
MESA: error: ZINK: vkGetCalibratedTimestampsEXT failed (VK_ERROR_OUT_OF_HOST_MEMORY)
MESA: error: ZINK: vkGetCalibratedTimestampsEXT failed (VK_ERROR_OUT_OF_HOST_MEMORY)
MESA: error: ZINK: vkGetCalibratedTimestampsEXT failed (VK_ERROR_OUT_OF_HOST_MEMORY)
MESA: error: ZINK: vkGetCalibratedTimestampsEXT failed (VK_ERROR_OUT_OF_HOST_MEMORY)
MESA: error: ZINK: vkGetCalibratedTimestampsEXT failed (VK_ERROR_OUT_OF_HOST_MEMORY)
MESA: error: ZINK: vkGetCalibratedTimestampsEXT failed (VK_ERROR_OUT_OF_HOST_MEMORY)
MESA: error: ZINK: vkGetCalibratedTimestampsEXT failed (VK_ERROR_OUT_OF_HOST_MEMORY)
MESA: error: ZINK: vkGetCalibratedTimestampsEXT failed (VK_ERROR_OUT_OF_HOST_MEMORY)
MESA: error: ZINK: vkGetCalibratedTimestampsEXT failed (VK_ERROR_OUT_OF_HOST_MEMORY)
MESA: error: ZINK: vkGetCalibratedTimestampsEXT failed (VK_ERROR_OUT_OF_HOST_MEMORY)
MESA: error: ZINK: vkGetCalibratedTimestampsEXT failed (VK_ERROR_OUT_OF_HOST_MEMORY)
MESA: error: ZINK: vkGetCalibratedTimestampsEXT failed (VK_ERROR_OUT_OF_HOST_MEMORY)
MESA: error: ZINK: vkGetCalibratedTimestampsEXT failed (VK_ERROR_OUT_OF_HOST_MEMORY)
MESA: error: ZINK: vkGetCalibratedTimestampsEXT failed (VK_ERROR_OUT_OF_HOST_MEMORY)
MESA: error: ZINK: vkGetCalibratedTimestampsEXT failed (VK_ERROR_OUT_OF_HOST_MEMORY)
MESA: error: ZINK: vkGetCalibratedTimestampsEXT failed (VK_ERROR_OUT_OF_HOST_MEMORY)
MESA: error: ZINK: vkGetCalibratedTimestampsEXT failed (VK_ERROR_OUT_OF_HOST_MEMORY)
MESA: error: ZINK: vkGetCalibratedTimestampsEXT failed (VK_ERROR_OUT_OF_HOST_MEMORY)
MESA: error: ZINK: vkGetCalibratedTimestampsEXT failed (VK_ERROR_OUT_OF_HOST_MEMORY)
MESA: error: ZINK: vkGetCalibratedTimestampsEXT failed (VK_ERROR_OUT_OF_HOST_MEMORY)
MESA: error: ZINK: vkGetCalibratedTimestampsEXT failed (VK_ERROR_OUT_OF_HOST_MEMORY)
MESA: error: ZINK: vkGetCalibratedTimestampsEXT failed (VK_ERROR_OUT_OF_HOST_MEMORY)
MESA: error: ZINK: vkGetCalibratedTimestampsEXT failed (VK_ERROR_OUT_OF_HOST_MEMORY)
MESA: error: ZINK: vkGetCalibratedTimestampsEXT failed (VK_ERROR_OUT_OF_HOST_MEMORY)
MESA: error: ZINK: vkGetCalibratedTimestampsEXT failed (VK_ERROR_OUT_OF_HOST_MEMORY)
MESA: error: ZINK: vkGetCalibratedTimestampsEXT failed (VK_ERROR_OUT_OF_HOST_MEMORY)
MESA: error: ZINK: vkGetCalibratedTimestampsEXT failed (VK_ERROR_OUT_OF_HOST_MEMORY)
MESA: error: ZINK: vkGetCalibratedTimestampsEXT failed (VK_ERROR_OUT_OF_HOST_MEMORY)
MESA: error: ZINK: vkGetCalibratedTimestampsEXT failed (VK_ERROR_OUT_OF_HOST_MEMORY)
MESA: error: ZINK: vkGetCalibratedTimestampsEXT failed (VK_ERROR_OUT_OF_HOST_MEMORY)
MESA: error: ZINK: vkGetCalibratedTimestampsEXT failed (VK_ERROR_OUT_OF_HOST_MEMORY)
MESA: error: ZINK: vkGetCalibratedTimestampsEXT failed (VK_ERROR_OUT_OF_HOST_MEMORY)
MESA: error: ZINK: vkGetCalibratedTimestampsEXT failed (VK_ERROR_OUT_OF_HOST_MEMORY)
MESA: error: ZINK: vkGetCalibratedTimestampsEXT failed (VK_ERROR_OUT_OF_HOST_MEMORY)
MESA: error: ZINK: vkGetCalibratedTimestampsEXT failed (VK_ERROR_OUT_OF_HOST_MEMORY)
MESA: error: ZINK: vkGetCalibratedTimestampsEXT failed (VK_ERROR_OUT_OF_HOST_MEMORY)
MESA: error: ZINK: vkGetCalibratedTimestampsEXT failed (VK_ERROR_OUT_OF_HOST_MEMORY)
MESA: error: ZINK: vkGetCalibratedTimestampsEXT failed (VK_ERROR_OUT_OF_HOST_MEMORY)
MESA: error: ZINK: vkGetCalibratedTimestampsEXT failed (VK_ERROR_OUT_OF_HOST_MEMORY)
MESA: error: ZINK: vkGetCalibratedTimestampsEXT failed (VK_ERROR_OUT_OF_HOST_MEMORY)
MESA: error: ZINK: vkGetCalibratedTimestampsEXT failed (VK_ERROR_OUT_OF_HOST_MEMORY)
MESA: error: ZINK: vkGetCalibratedTimestampsEXT failed (VK_ERROR_OUT_OF_HOST_MEMORY)
MESA: error: ZINK: vkGetCalibratedTimestampsEXT failed (VK_ERROR_OUT_OF_HOST_MEMORY)
MESA: error: ZINK: vkGetCalibratedTimestampsEXT failed (VK_ERROR_OUT_OF_HOST_MEMORY)
MESA: error: ZINK: vkGetCalibratedTimestampsEXT failed (VK_ERROR_OUT_OF_HOST_MEMORY)
MESA: error: ZINK: vkGetCalibratedTimestampsEXT failed (VK_ERROR_OUT_OF_HOST_MEMORY)
MESA: error: ZINK: vkGetCalibratedTimestampsEXT failed (VK_ERROR_OUT_OF_HOST_MEMORY)
MESA: error: ZINK: vkGetCalibratedTimestampsEXT failed (VK_ERROR_OUT_OF_HOST_MEMORY)
MESA: error: ZINK: vkGetCalibratedTimestampsEXT failed (VK_ERROR_OUT_OF_HOST_MEMORY)
MESA: error: ZINK: vkGetCalibratedTimestampsEXT failed (VK_ERROR_OUT_OF_HOST_MEMORY)
MESA: error: ZINK: vkGetCalibratedTimestampsEXT failed (VK_ERROR_OUT_OF_HOST_MEMORY)
MESA: error: ZINK: vkGetCalibratedTimestampsEXT failed (VK_ERROR_OUT_OF_HOST_MEMORY)
MESA: error: ZINK: vkGetCalibratedTimestampsEXT failed (VK_ERROR_OUT_OF_HOST_MEMORY)
MESA: error: ZINK: vkGetCalibratedTimestampsEXT failed (VK_ERROR_OUT_OF_HOST_MEMORY)
MESA: error: ZINK: vkGetCalibratedTimestampsEXT failed (VK_ERROR_OUT_OF_HOST_MEMORY)
MESA: error: ZINK: vkGetCalibratedTimestampsEXT failed (VK_ERROR_OUT_OF_HOST_MEMORY)
MESA: error: ZINK: vkGetCalibratedTimestampsEXT failed (VK_ERROR_OUT_OF_HOST_MEMORY)
MESA: error: ZINK: vkGetCalibratedTimestampsEXT failed (VK_ERROR_OUT_OF_HOST_MEMORY)
MESA: error: ZINK: vkGetCalibratedTimestampsEXT failed (VK_ERROR_OUT_OF_HOST_MEMORY)
MESA: error: ZINK: vkGetCalibratedTimestampsEXT failed (VK_ERROR_OUT_OF_HOST_MEMORY)
MESA: error: ZINK: vkGetCalibratedTimestampsEXT failed (VK_ERROR_OUT_OF_HOST_MEMORY)
MESA: error: ZINK: vkGetCalibratedTimestampsEXT failed (VK_ERROR_OUT_OF_HOST_MEMORY)
MESA: error: ZINK: vkGetCalibratedTimestampsEXT failed (VK_ERROR_OUT_OF_HOST_MEMORY)
MESA: error: ZINK: vkGetCalibratedTimestampsEXT failed (VK_ERROR_OUT_OF_HOST_MEMORY)
MESA: error: ZINK: vkGetCalibratedTimestampsEXT failed (VK_ERROR_OUT_OF_HOST_MEMORY)
MESA: error: ZINK: vkGetCalibratedTimestampsEXT failed (VK_ERROR_OUT_OF_HOST_MEMORY)
MESA: error: ZINK: vkGetCalibratedTimestampsEXT failed (VK_ERROR_OUT_OF_HOST_MEMORY)
MESA: error: ZINK: vkGetCalibratedTimestampsEXT failed (VK_ERROR_OUT_OF_HOST_MEMORY)
MESA: error: ZINK: vkGetCalibratedTimestampsEXT failed (VK_ERROR_OUT_OF_HOST_MEMORY)
MESA: error: ZINK: vkGetCalibratedTimestampsEXT failed (VK_ERROR_OUT_OF_HOST_MEMORY)
MESA: error: ZINK: vkGetCalibratedTimestampsEXT failed (VK_ERROR_OUT_OF_HOST_MEMORY)
MESA: error: ZINK: vkGetCalibratedTimestampsEXT failed (VK_ERROR_OUT_OF_HOST_MEMORY)
MESA: error: ZINK: vkGetCalibratedTimestampsEXT failed (VK_ERROR_OUT_OF_HOST_MEMORY)
MESA: error: ZINK: vkGetCalibratedTimestampsEXT failed (VK_ERROR_OUT_OF_HOST_MEMORY)
MESA: error: ZINK: vkGetCalibratedTimestampsEXT failed (VK_ERROR_OUT_OF_HOST_MEMORY)
MESA: error: ZINK: vkGetCalibratedTimestampsEXT failed (VK_ERROR_OUT_OF_HOST_MEMORY)
MESA: error: ZINK: vkGetCalibratedTimestampsEXT failed (VK_ERROR_OUT_OF_HOST_MEMORY)
MESA: error: ZINK: vkGetCalibratedTimestampsEXT failed (VK_ERROR_OUT_OF_HOST_MEMORY)
MESA: error: ZINK: vkGetCalibratedTimestampsEXT failed (VK_ERROR_OUT_OF_HOST_MEMORY)
MESA: error: ZINK: vkGetCalibratedTimestampsEXT failed (VK_ERROR_OUT_OF_HOST_MEMORY)
MESA: error: ZINK: vkGetCalibratedTimestampsEXT failed (VK_ERROR_OUT_OF_HOST_MEMORY)
MESA: error: ZINK: vkGetCalibratedTimestampsEXT failed (VK_ERROR_OUT_OF_HOST_MEMORY)
MESA: error: ZINK: vkGetCalibratedTimestampsEXT failed (VK_ERROR_OUT_OF_HOST_MEMORY)
MESA: error: ZINK: vkGetCalibratedTimestampsEXT failed (VK_ERROR_OUT_OF_HOST_MEMORY)
MESA: error: ZINK: vkGetCalibratedTimestampsEXT failed (VK_ERROR_OUT_OF_HOST_MEMORY)
MESA: error: ZINK: vkGetCalibratedTimestampsEXT failed (VK_ERROR_OUT_OF_HOST_MEMORY)
MESA: error: ZINK: vkGetCalibratedTimestampsEXT failed (VK_ERROR_OUT_OF_HOST_MEMORY)
MESA: error: ZINK: vkGetCalibratedTimestampsEXT failed (VK_ERROR_OUT_OF_HOST_MEMORY)
MESA: error: ZINK: vkGetCalibratedTimestampsEXT failed (VK_ERROR_OUT_OF_HOST_MEMORY)
MESA: error: ZINK: vkGetCalibratedTimestampsEXT failed (VK_ERROR_OUT_OF_HOST_MEMORY)
MESA: error: ZINK: vkGetCalibratedTimestampsEXT failed (VK_ERROR_OUT_OF_HOST_MEMORY)
MESA: error: ZINK: vkGetCalibratedTimestampsEXT failed (VK_ERROR_OUT_OF_HOST_MEMORY)
MESA: error: ZINK: vkGetCalibratedTimestampsEXT failed (VK_ERROR_OUT_OF_HOST_MEMORY)
MESA: error: ZINK: vkGetCalibratedTimestampsEXT failed (VK_ERROR_OUT_OF_HOST_MEMORY)
MESA: error: ZINK: vkGetCalibratedTimestampsEXT failed (VK_ERROR_OUT_OF_HOST_MEMORY)
MESA: error: ZINK: vkGetCalibratedTimestampsEXT failed (VK_ERROR_OUT_OF_HOST_MEMORY)
MESA: error: ZINK: vkGetCalibratedTimestampsEXT failed (VK_ERROR_OUT_OF_HOST_MEMORY)
MESA: error: ZINK: vkGetCalibratedTimestampsEXT failed (VK_ERROR_OUT_OF_HOST_MEMORY)
MESA: error: ZINK: vkGetCalibratedTimestampsEXT failed (VK_ERROR_OUT_OF_HOST_MEMORY)
MESA: error: ZINK: vkGetCalibratedTimestampsEXT failed (VK_ERROR_OUT_OF_HOST_MEMORY)
MESA: error: ZINK: vkGetCalibratedTimestampsEXT failed (VK_ERROR_OUT_OF_HOST_MEMORY)
MESA: error: ZINK: vkGetCalibratedTimestampsEXT failed (VK_ERROR_OUT_OF_HOST_MEMORY)
MESA: error: ZINK: vkGetCalibratedTimestampsEXT failed (VK_ERROR_OUT_OF_HOST_MEMORY)
MESA: error: ZINK: vkGetCalibratedTimestampsEXT failed (VK_ERROR_OUT_OF_HOST_MEMORY)
MESA: error: ZINK: vkGetCalibratedTimestampsEXT failed (VK_ERROR_OUT_OF_HOST_MEMORY)
MESA: error: ZINK: vkGetCalibratedTimestampsEXT failed (VK_ERROR_OUT_OF_HOST_MEMORY)
MESA: error: ZINK: vkGetCalibratedTimestampsEXT failed (VK_ERROR_OUT_OF_HOST_MEMORY)
MESA: error: ZINK: vkGetCalibratedTimestampsEXT failed (VK_ERROR_OUT_OF_HOST_MEMORY)
MESA: error: ZINK: vkGetCalibratedTimestampsEXT failed (VK_ERROR_OUT_OF_HOST_MEMORY)
MESA: error: ZINK: vkGetCalibratedTimestampsEXT failed (VK_ERROR_OUT_OF_HOST_MEMORY)
MESA: error: ZINK: vkGetCalibratedTimestampsEXT failed (VK_ERROR_OUT_OF_HOST_MEMORY)
MESA: error: ZINK: vkGetCalibratedTimestampsEXT failed (VK_ERROR_OUT_OF_HOST_MEMORY)
MESA: error: ZINK: vkGetCalibratedTimestampsEXT failed (VK_ERROR_OUT_OF_HOST_MEMORY)
MESA: error: ZINK: vkGetCalibratedTimestampsEXT failed (VK_ERROR_OUT_OF_HOST_MEMORY)
MESA: error: ZINK: vkGetCalibratedTimestampsEXT failed (VK_ERROR_OUT_OF_HOST_MEMORY)
MESA: error: ZINK: vkGetCalibratedTimestampsEXT failed (VK_ERROR_OUT_OF_HOST_MEMORY)
MESA: error: ZINK: vkGetCalibratedTimestampsEXT failed (VK_ERROR_OUT_OF_HOST_MEMORY)
MESA: error: ZINK: vkGetCalibratedTimestampsEXT failed (VK_ERROR_OUT_OF_HOST_MEMORY)
MESA: error: ZINK: vkGetCalibratedTimestampsEXT failed (VK_ERROR_OUT_OF_HOST_MEMORY)
MESA: error: ZINK: vkGetCalibratedTimestampsEXT failed (VK_ERROR_OUT_OF_HOST_MEMORY)
MESA: error: ZINK: vkGetCalibratedTimestampsEXT failed (VK_ERROR_OUT_OF_HOST_MEMORY)
MESA: error: ZINK: vkGetCalibratedTimestampsEXT failed (VK_ERROR_OUT_OF_HOST_MEMORY)
MESA: error: ZINK: vkGetCalibratedTimestampsEXT failed (VK_ERROR_OUT_OF_HOST_MEMORY)
MESA: error: ZINK: vkGetCalibratedTimestampsEXT failed (VK_ERROR_OUT_OF_HOST_MEMORY)
MESA: error: ZINK: vkGetCalibratedTimestampsEXT failed (VK_ERROR_OUT_OF_HOST_MEMORY)
MESA: error: ZINK: vkGetCalibratedTimestampsEXT failed (VK_ERROR_OUT_OF_HOST_MEMORY)
MESA: error: ZINK: vkGetCalibratedTimestampsEXT failed (VK_ERROR_OUT_OF_HOST_MEMORY)
MESA: error: ZINK: vkGetCalibratedTimestampsEXT failed (VK_ERROR_OUT_OF_HOST_MEMORY)
MESA: error: ZINK: vkGetCalibratedTimestampsEXT failed (VK_ERROR_OUT_OF_HOST_MEMORY)
MESA: error: ZINK: vkGetCalibratedTimestampsEXT failed (VK_ERROR_OUT_OF_HOST_MEMORY)
MESA: error: ZINK: vkGetCalibratedTimestampsEXT failed (VK_ERROR_OUT_OF_HOST_MEMORY)
MESA: error: ZINK: vkGetCalibratedTimestampsEXT failed (VK_ERROR_OUT_OF_HOST_MEMORY)
MESA: error: ZINK: vkGetCalibratedTimestampsEXT failed (VK_ERROR_OUT_OF_HOST_MEMORY)
MESA: error: ZINK: vkGetCalibratedTimestampsEXT failed (VK_ERROR_OUT_OF_HOST_MEMORY)
MESA: error: ZINK: vkGetCalibratedTimestampsEXT failed (VK_ERROR_OUT_OF_HOST_MEMORY)
MESA: error: ZINK: vkGetCalibratedTimestampsEXT failed (VK_ERROR_OUT_OF_HOST_MEMORY)
MESA: error: ZINK: vkGetCalibratedTimestampsEXT failed (VK_ERROR_OUT_OF_HOST_MEMORY)
MESA: error: ZINK: vkGetCalibratedTimestampsEXT failed (VK_ERROR_OUT_OF_HOST_MEMORY)
MESA: error: ZINK: vkGetCalibratedTimestampsEXT failed (VK_ERROR_OUT_OF_HOST_MEMORY)
MESA: error: ZINK: vkGetCalibratedTimestampsEXT failed (VK_ERROR_OUT_OF_HOST_MEMORY)
MESA: error: ZINK: vkGetCalibratedTimestampsEXT failed (VK_ERROR_OUT_OF_HOST_MEMORY)
MESA: error: ZINK: vkGetCalibratedTimestampsEXT failed (VK_ERROR_OUT_OF_HOST_MEMORY)
MESA: error: ZINK: vkGetCalibratedTimestampsEXT failed (VK_ERROR_OUT_OF_HOST_MEMORY)
MESA: error: ZINK: vkGetCalibratedTimestampsEXT failed (VK_ERROR_OUT_OF_HOST_MEMORY)
MESA: error: ZINK: vkGetCalibratedTimestampsEXT failed (VK_ERROR_OUT_OF_HOST_MEMORY)
MESA: error: ZINK: vkGetCalibratedTimestampsEXT failed (VK_ERROR_OUT_OF_HOST_MEMORY)
MESA: error: ZINK: vkGetCalibratedTimestampsEXT failed (VK_ERROR_OUT_OF_HOST_MEMORY)
MESA: error: ZINK: vkGetCalibratedTimestampsEXT failed (VK_ERROR_OUT_OF_HOST_MEMORY)
MESA: error: ZINK: vkGetCalibratedTimestampsEXT failed (VK_ERROR_OUT_OF_HOST_MEMORY)
MESA: error: ZINK: vkGetCalibratedTimestampsEXT failed (VK_ERROR_OUT_OF_HOST_MEMORY)
MESA: error: ZINK: vkGetCalibratedTimestampsEXT failed (VK_ERROR_OUT_OF_HOST_MEMORY)
MESA: error: ZINK: vkGetCalibratedTimestampsEXT failed (VK_ERROR_OUT_OF_HOST_MEMORY)
MESA: error: ZINK: vkGetCalibratedTimestampsEXT failed (VK_ERROR_OUT_OF_HOST_MEMORY)
MESA: error: ZINK: vkGetCalibratedTimestampsEXT failed (VK_ERROR_OUT_OF_HOST_MEMORY)
MESA: error: ZINK: vkGetCalibratedTimestampsEXT failed (VK_ERROR_OUT_OF_HOST_MEMORY)
MESA: error: ZINK: vkGetCalibratedTimestampsEXT failed (VK_ERROR_OUT_OF_HOST_MEMORY)
MESA: error: ZINK: vkGetCalibratedTimestampsEXT failed (VK_ERROR_OUT_OF_HOST_MEMORY)
MESA: error: ZINK: vkGetCalibratedTimestampsEXT failed (VK_ERROR_OUT_OF_HOST_MEMORY)
MESA: error: ZINK: vkGetCalibratedTimestampsEXT failed (VK_ERROR_OUT_OF_HOST_MEMORY)
MESA: error: ZINK: vkGetCalibratedTimestampsEXT failed (VK_ERROR_OUT_OF_HOST_MEMORY)
MESA: error: ZINK: vkGetCalibratedTimestampsEXT failed (VK_ERROR_OUT_OF_HOST_MEMORY)
MESA: error: ZINK: vkGetCalibratedTimestampsEXT failed (VK_ERROR_OUT_OF_HOST_MEMORY)
MESA: error: ZINK: vkGetCalibratedTimestampsEXT failed (VK_ERROR_OUT_OF_HOST_MEMORY)
MESA: error: ZINK: vkGetCalibratedTimestampsEXT failed (VK_ERROR_OUT_OF_HOST_MEMORY)
MESA: error: ZINK: vkGetCalibratedTimestampsEXT failed (VK_ERROR_OUT_OF_HOST_MEMORY)
MESA: error: ZINK: vkGetCalibratedTimestampsEXT failed (VK_ERROR_OUT_OF_HOST_MEMORY)
MESA: error: ZINK: vkGetCalibratedTimestampsEXT failed (VK_ERROR_OUT_OF_HOST_MEMORY)
MESA: error: ZINK: vkGetCalibratedTimestampsEXT failed (VK_ERROR_OUT_OF_HOST_MEMORY)
MESA: error: ZINK: vkGetCalibratedTimestampsEXT failed (VK_ERROR_OUT_OF_HOST_MEMORY)
MESA: error: ZINK: vkGetCalibratedTimestampsEXT failed (VK_ERROR_OUT_OF_HOST_MEMORY)
MESA: error: ZINK: vkGetCalibratedTimestampsEXT failed (VK_ERROR_OUT_OF_HOST_MEMORY)
MESA: error: ZINK: vkGetCalibratedTimestampsEXT failed (VK_ERROR_OUT_OF_HOST_MEMORY)
MESA: error: ZINK: vkGetCalibratedTimestampsEXT failed (VK_ERROR_OUT_OF_HOST_MEMORY)
MESA: error: ZINK: vkGetCalibratedTimestampsEXT failed (VK_ERROR_OUT_OF_HOST_MEMORY)
MESA: error: ZINK: vkGetCalibratedTimestampsEXT failed (VK_ERROR_OUT_OF_HOST_MEMORY)
MESA: error: ZINK: vkGetCalibratedTimestampsEXT failed (VK_ERROR_OUT_OF_HOST_MEMORY)
MESA: error: ZINK: vkGetCalibratedTimestampsEXT failed (VK_ERROR_OUT_OF_HOST_MEMORY)
MESA: error: ZINK: vkGetCalibratedTimestampsEXT failed (VK_ERROR_OUT_OF_HOST_MEMORY)
MESA: error: ZINK: vkGetCalibratedTimestampsEXT failed (VK_ERROR_OUT_OF_HOST_MEMORY)
MESA: error: ZINK: vkGetCalibratedTimestampsEXT failed (VK_ERROR_OUT_OF_HOST_MEMORY)
MESA: error: ZINK: vkGetCalibratedTimestampsEXT failed (VK_ERROR_OUT_OF_HOST_MEMORY)
MESA: error: ZINK: vkGetCalibratedTimestampsEXT failed (VK_ERROR_OUT_OF_HOST_MEMORY)
MESA: error: ZINK: vkGetCalibratedTimestampsEXT failed (VK_ERROR_OUT_OF_HOST_MEMORY)
MESA: error: ZINK: vkGetCalibratedTimestampsEXT failed (VK_ERROR_OUT_OF_HOST_MEMORY)
MESA: error: ZINK: vkGetCalibratedTimestampsEXT failed (VK_ERROR_OUT_OF_HOST_MEMORY)
MESA: error: ZINK: vkGetCalibratedTimestampsEXT failed (VK_ERROR_OUT_OF_HOST_MEMORY)
MESA: error: ZINK: vkGetCalibratedTimestampsEXT failed (VK_ERROR_OUT_OF_HOST_MEMORY)
MESA: error: ZINK: vkGetCalibratedTimestampsEXT failed (VK_ERROR_OUT_OF_HOST_MEMORY)
MESA: error: ZINK: vkGetCalibratedTimestampsEXT failed (VK_ERROR_OUT_OF_HOST_MEMORY)
MESA: error: ZINK: vkGetCalibratedTimestampsEXT failed (VK_ERROR_OUT_OF_HOST_MEMORY)
MESA: error: ZINK: vkGetCalibratedTimestampsEXT failed (VK_ERROR_OUT_OF_HOST_MEMORY)
MESA: error: ZINK: vkGetCalibratedTimestampsEXT failed (VK_ERROR_OUT_OF_HOST_MEMORY)
MESA: error: ZINK: vkGetCalibratedTimestampsEXT failed (VK_ERROR_OUT_OF_HOST_MEMORY)
MESA: error: ZINK: vkGetCalibratedTimestampsEXT failed (VK_ERROR_OUT_OF_HOST_MEMORY)
MESA: error: ZINK: vkGetCalibratedTimestampsEXT failed (VK_ERROR_OUT_OF_HOST_MEMORY)
MESA: error: ZINK: vkGetCalibratedTimestampsEXT failed (VK_ERROR_OUT_OF_HOST_MEMORY)
MESA: error: ZINK: vkGetCalibratedTimestampsEXT failed (VK_ERROR_OUT_OF_HOST_MEMORY)
MESA: error: ZINK: vkGetCalibratedTimestampsEXT failed (VK_ERROR_OUT_OF_HOST_MEMORY)
MESA: error: ZINK: vkGetCalibratedTimestampsEXT failed (VK_ERROR_OUT_OF_HOST_MEMORY)
MESA: error: ZINK: vkGetCalibratedTimestampsEXT failed (VK_ERROR_OUT_OF_HOST_MEMORY)
MESA: error: ZINK: vkGetCalibratedTimestampsEXT failed (VK_ERROR_OUT_OF_HOST_MEMORY)
MESA: error: ZINK: vkGetCalibratedTimestampsEXT failed (VK_ERROR_OUT_OF_HOST_MEMORY)
MESA: error: ZINK: vkGetCalibratedTimestampsEXT failed (VK_ERROR_OUT_OF_HOST_MEMORY)
MESA: error: ZINK: vkGetCalibratedTimestampsEXT failed (VK_ERROR_OUT_OF_HOST_MEMORY)
MESA: error: ZINK: vkGetCalibratedTimestampsEXT failed (VK_ERROR_OUT_OF_HOST_MEMORY)
MESA: error: ZINK: vkGetCalibratedTimestampsEXT failed (VK_ERROR_OUT_OF_HOST_MEMORY)
MESA: error: ZINK: vkGetCalibratedTimestampsEXT failed (VK_ERROR_OUT_OF_HOST_MEMORY)
MESA: error: ZINK: vkGetCalibratedTimestampsEXT failed (VK_ERROR_OUT_OF_HOST_MEMORY)
MESA: error: ZINK: vkGetCalibratedTimestampsEXT failed (VK_ERROR_OUT_OF_HOST_MEMORY)
MESA: error: ZINK: vkGetCalibratedTimestampsEXT failed (VK_ERROR_OUT_OF_HOST_MEMORY)
MESA: error: ZINK: vkGetCalibratedTimestampsEXT failed (VK_ERROR_OUT_OF_HOST_MEMORY)
MESA: error: ZINK: vkGetCalibratedTimestampsEXT failed (VK_ERROR_OUT_OF_HOST_MEMORY)
MESA: error: ZINK: vkGetCalibratedTimestampsEXT failed (VK_ERROR_OUT_OF_HOST_MEMORY)
MESA: error: ZINK: vkGetCalibratedTimestampsEXT failed (VK_ERROR_OUT_OF_HOST_MEMORY)
MESA: error: ZINK: vkGetCalibratedTimestampsEXT failed (VK_ERROR_OUT_OF_HOST_MEMORY)
MESA: error: ZINK: vkGetCalibratedTimestampsEXT failed (VK_ERROR_OUT_OF_HOST_MEMORY)
MESA: error: ZINK: vkGetCalibratedTimestampsEXT failed (VK_ERROR_OUT_OF_HOST_MEMORY)
MESA: error: ZINK: vkGetCalibratedTimestampsEXT failed (VK_ERROR_OUT_OF_HOST_MEMORY)
MESA: error: ZINK: vkGetCalibratedTimestampsEXT failed (VK_ERROR_OUT_OF_HOST_MEMORY)
MESA: error: ZINK: vkGetCalibratedTimestampsEXT failed (VK_ERROR_OUT_OF_HOST_MEMORY)
MESA: error: ZINK: vkGetCalibratedTimestampsEXT failed (VK_ERROR_OUT_OF_HOST_MEMORY)
MESA: error: ZINK: vkGetCalibratedTimestampsEXT failed (VK_ERROR_OUT_OF_HOST_MEMORY)
MESA: error: ZINK: vkGetCalibratedTimestampsEXT failed (VK_ERROR_OUT_OF_HOST_MEMORY)
[31618:0924/132227.800869:INFO:CONSOLE:21155] "[transport] Connect error in unary AI connect ConnectError: [unauthenticated] Error [object Object]", source: vscode-file://vscode-app/usr/share/cursor/resources/app/out/vs/workbench/workbench.glass.main.js (21155)
[31618:0924/132227.802321:INFO:CONSOLE:62] "%c WARN color: #993 [remote-control-keep-awake] failed to load remote control setting: [unauthenticated] Error", source: vscode-file://vscode-app/usr/share/cursor/resources/app/out/vs/workbench/workbench.glass.main.js (62)
[31618:0924/132227.802966:INFO:CONSOLE:21155] "[transport] Connect error in unary AI connect ConnectError: [unauthenticated] Error [object Object]", source: vscode-file://vscode-app/usr/share/cursor/resources/app/out/vs/workbench/workbench.glass.main.js (21155)
MESA: error: ZINK: vkGetCalibratedTimestampsEXT failed (VK_ERROR_OUT_OF_HOST_MEMORY)
MESA: error: ZINK: vkGetCalibratedTimestampsEXT failed (VK_ERROR_OUT_OF_HOST_MEMORY)
MESA: error: ZINK: vkGetCalibratedTimestampsEXT failed (VK_ERROR_OUT_OF_HOST_MEMORY)
MESA: error: ZINK: vkGetCalibratedTimestampsEXT failed (VK_ERROR_OUT_OF_HOST_MEMORY)
MESA: error: ZINK: vkGetCalibratedTimestampsEXT failed (VK_ERROR_OUT_OF_HOST_MEMORY)
MESA: error: ZINK: vkGetCalibratedTimestampsEXT failed (VK_ERROR_OUT_OF_HOST_MEMORY)
MESA: error: ZINK: vkGetCalibratedTimestampsEXT failed (VK_ERROR_OUT_OF_HOST_MEMORY)
MESA: error: ZINK: vkGetCalibratedTimestampsEXT failed (VK_ERROR_OUT_OF_HOST_MEMORY)
MESA: error: ZINK: vkGetCalibratedTimestampsEXT failed (VK_ERROR_OUT_OF_HOST_MEMORY)
MESA: error: ZINK: vkGetCalibratedTimestampsEXT failed (VK_ERROR_OUT_OF_HOST_MEMORY)
MESA: error: ZINK: vkGetCalibratedTimestampsEXT failed (VK_ERROR_OUT_OF_HOST_MEMORY)
MESA: error: ZINK: vkGetCalibratedTimestampsEXT failed (VK_ERROR_OUT_OF_HOST_MEMORY)
MESA: error: ZINK: vkGetCalibratedTimestampsEXT failed (VK_ERROR_OUT_OF_HOST_MEMORY)
MESA: error: ZINK: vkGetCalibratedTimestampsEXT failed (VK_ERROR_OUT_OF_HOST_MEMORY)
MESA: error: ZINK: vkGetCalibratedTimestampsEXT failed (VK_ERROR_OUT_OF_HOST_MEMORY)
MESA: error: ZINK: vkGetCalibratedTimestampsEXT failed (VK_ERROR_OUT_OF_HOST_MEMORY)
MESA: error: ZINK: vkGetCalibratedTimestampsEXT failed (VK_ERROR_OUT_OF_HOST_MEMORY)
MESA: error: ZINK: vkGetCalibratedTimestampsEXT failed (VK_ERROR_OUT_OF_HOST_MEMORY)
MESA: error: ZINK: vkGetCalibratedTimestampsEXT failed (VK_ERROR_OUT_OF_HOST_MEMORY)
MESA: error: ZINK: vkGetCalibratedTimestampsEXT failed (VK_ERROR_OUT_OF_HOST_MEMORY)
MESA: error: ZINK: vkGetCalibratedTimestampsEXT failed (VK_ERROR_OUT_OF_HOST_MEMORY)
MESA: error: ZINK: vkGetCalibratedTimestampsEXT failed (VK_ERROR_OUT_OF_HOST_MEMORY)
MESA: error: ZINK: vkGetCalibratedTimestampsEXT failed (VK_ERROR_OUT_OF_HOST_MEMORY)
MESA: error: ZINK: vkGetCalibratedTimestampsEXT failed (VK_ERROR_OUT_OF_HOST_MEMORY)
MESA: error: ZINK: vkGetCalibratedTimestampsEXT failed (VK_ERROR_OUT_OF_HOST_MEMORY)
MESA: error: ZINK: vkGetCalibratedTimestampsEXT failed (VK_ERROR_OUT_OF_HOST_MEMORY)
[31618:0924/132228.024573:INFO:CONSOLE:21155] "[transport] Connect error in unary AI connect ConnectError: [unauthenticated] No authorization header found [object Object]", source: vscode-file://vscode-app/usr/share/cursor/resources/app/out/vs/workbench/workbench.glass.main.js (21155)
MESA: error: ZINK: vkGetCalibratedTimestampsEXT failed (VK_ERROR_OUT_OF_HOST_MEMORY)
MESA: error: ZINK: vkGetCalibratedTimestampsEXT failed (VK_ERROR_OUT_OF_HOST_MEMORY)
MESA: error: ZINK: vkGetCalibratedTimestampsEXT failed (VK_ERROR_OUT_OF_HOST_MEMORY)
MESA: error: ZINK: vkGetCalibratedTimestampsEXT failed (VK_ERROR_OUT_OF_HOST_MEMORY)
MESA: error: ZINK: vkGetCalibratedTimestampsEXT failed (VK_ERROR_OUT_OF_HOST_MEMORY)
MESA: error: ZINK: vkGetCalibratedTimestampsEXT failed (VK_ERROR_OUT_OF_HOST_MEMORY)
MESA: error: ZINK: vkGetCalibratedTimestampsEXT failed (VK_ERROR_OUT_OF_HOST_MEMORY)
MESA: error: ZINK: vkGetCalibratedTimestampsEXT failed (VK_ERROR_OUT_OF_HOST_MEMORY)
MESA: error: ZINK: vkGetCalibratedTimestampsEXT failed (VK_ERROR_OUT_OF_HOST_MEMORY)
MESA: error: ZINK: vkGetCalibratedTimestampsEXT failed (VK_ERROR_OUT_OF_HOST_MEMORY)
MESA: error: ZINK: vkGetCalibratedTimestampsEXT failed (VK_ERROR_OUT_OF_HOST_MEMORY)
MESA: error: ZINK: vkGetCalibratedTimestampsEXT failed (VK_ERROR_OUT_OF_HOST_MEMORY)
MESA: error: ZINK: vkGetCalibratedTimestampsEXT failed (VK_ERROR_OUT_OF_HOST_MEMORY)
[31618:0924/132228.128342:INFO:CONSOLE:21155] "[transport] Connect error in unary AI connect ConnectError: [unauthenticated] Error [object Object]", source: vscode-file://vscode-app/usr/share/cursor/resources/app/out/vs/workbench/workbench.glass.main.js (21155)
[31618:0924/132228.128420:INFO:CONSOLE:7572] "[MCPWellKnownDetection] Failed to fetch known servers for icon pre-resolution: ConnectError: [unauthenticated] Error", source: vscode-file://vscode-app/usr/share/cursor/resources/app/out/vs/workbench/workbench.glass.main.js (7572)
[31618:0924/132228.132260:INFO:CONSOLE:21155] "[transport] Connect error in unary AI connect ConnectError: [unauthenticated] Error [object Object]", source: vscode-file://vscode-app/usr/share/cursor/resources/app/out/vs/workbench/workbench.glass.main.js (21155)
MESA: error: ZINK: vkGetCalibratedTimestampsEXT failed (VK_ERROR_OUT_OF_HOST_MEMORY)
MESA: error: ZINK: vkGetCalibratedTimestampsEXT failed (VK_ERROR_OUT_OF_HOST_MEMORY)
MESA: error: ZINK: vkGetCalibratedTimestampsEXT failed (VK_ERROR_OUT_OF_HOST_MEMORY)
[31618:0924/132228.161724:INFO:CONSOLE:21155] "[transport] Connect error in unary AI connect ConnectError: [unauthenticated] Error [object Object]", source: vscode-file://vscode-app/usr/share/cursor/resources/app/out/vs/workbench/workbench.glass.main.js (21155)
MESA: error: ZINK: vkGetCalibratedTimestampsEXT failed (VK_ERROR_OUT_OF_HOST_MEMORY)
MESA: error: ZINK: vkGetCalibratedTimestampsEXT failed (VK_ERROR_OUT_OF_HOST_MEMORY)
MESA: error: ZINK: vkGetCalibratedTimestampsEXT failed (VK_ERROR_OUT_OF_HOST_MEMORY)
MESA: error: ZINK: vkGetCalibratedTimestampsEXT failed (VK_ERROR_OUT_OF_HOST_MEMORY)
MESA: error: ZINK: vkGetCalibratedTimestampsEXT failed (VK_ERROR_OUT_OF_HOST_MEMORY)
MESA: error: ZINK: vkGetCalibratedTimestampsEXT failed (VK_ERROR_OUT_OF_HOST_MEMORY)
MESA: error: ZINK: vkGetCalibratedTimestampsEXT failed (VK_ERROR_OUT_OF_HOST_MEMORY)
MESA: error: ZINK: vkGetCalibratedTimestampsEXT failed (VK_ERROR_OUT_OF_HOST_MEMORY)
MESA: error: ZINK: vkGetCalibratedTimestampsEXT failed (VK_ERROR_OUT_OF_HOST_MEMORY)
MESA: error: ZINK: vkGetCalibratedTimestampsEXT failed (VK_ERROR_OUT_OF_HOST_MEMORY)
MESA: error: ZINK: vkGetCalibratedTimestampsEXT failed (VK_ERROR_OUT_OF_HOST_MEMORY)
MESA: error: ZINK: vkGetCalibratedTimestampsEXT failed (VK_ERROR_OUT_OF_HOST_MEMORY)
MESA: error: ZINK: vkGetCalibratedTimestampsEXT failed (VK_ERROR_OUT_OF_HOST_MEMORY)
MESA: error: ZINK: vkGetCalibratedTimestampsEXT failed (VK_ERROR_OUT_OF_HOST_MEMORY)
MESA: error: ZINK: vkGetCalibratedTimestampsEXT failed (VK_ERROR_OUT_OF_HOST_MEMORY)
MESA: error: ZINK: vkGetCalibratedTimestampsEXT failed (VK_ERROR_OUT_OF_HOST_MEMORY)
MESA: error: ZINK: vkGetCalibratedTimestampsEXT failed (VK_ERROR_OUT_OF_HOST_MEMORY)
MESA: error: ZINK: vkGetCalibratedTimestampsEXT failed (VK_ERROR_OUT_OF_HOST_MEMORY)
MESA: error: ZINK: vkGetCalibratedTimestampsEXT failed (VK_ERROR_OUT_OF_HOST_MEMORY)
MESA: error: ZINK: vkGetCalibratedTimestampsEXT failed (VK_ERROR_OUT_OF_HOST_MEMORY)
MESA: error: ZINK: vkGetCalibratedTimestampsEXT failed (VK_ERROR_OUT_OF_HOST_MEMORY)
MESA: error: ZINK: vkGetCalibratedTimestampsEXT failed (VK_ERROR_OUT_OF_HOST_MEMORY)
MESA: error: ZINK: vkGetCalibratedTimestampsEXT failed (VK_ERROR_OUT_OF_HOST_MEMORY)
MESA: error: ZINK: vkGetCalibratedTimestampsEXT failed (VK_ERROR_OUT_OF_HOST_MEMORY)
MESA: error: ZINK: vkGetCalibratedTimestampsEXT failed (VK_ERROR_OUT_OF_HOST_MEMORY)
MESA: error: ZINK: vkGetCalibratedTimestampsEXT failed (VK_ERROR_OUT_OF_HOST_MEMORY)
MESA: error: ZINK: vkGetCalibratedTimestampsEXT failed (VK_ERROR_OUT_OF_HOST_MEMORY)
MESA: error: ZINK: vkGetCalibratedTimestampsEXT failed (VK_ERROR_OUT_OF_HOST_MEMORY)
MESA: error: ZINK: vkGetCalibratedTimestampsEXT failed (VK_ERROR_OUT_OF_HOST_MEMORY)
MESA: error: ZINK: vkGetCalibratedTimestampsEXT failed (VK_ERROR_OUT_OF_HOST_MEMORY)
MESA: error: ZINK: vkGetCalibratedTimestampsEXT failed (VK_ERROR_OUT_OF_HOST_MEMORY)
MESA: error: ZINK: vkGetCalibratedTimestampsEXT failed (VK_ERROR_OUT_OF_HOST_MEMORY)
MESA: error: ZINK: vkGetCalibratedTimestampsEXT failed (VK_ERROR_OUT_OF_HOST_MEMORY)
MESA: error: ZINK: vkGetCalibratedTimestampsEXT failed (VK_ERROR_OUT_OF_HOST_MEMORY)
[31618:0924/132228.440331:INFO:CONSOLE:21155] "[transport] Connect error in unary AI connect ConnectError: [unauthenticated] Error [object Object]", source: vscode-file://vscode-app/usr/share/cursor/resources/app/out/vs/workbench/workbench.glass.main.js (21155)
[31618:0924/132228.440399:INFO:CONSOLE:8674] "[KnowledgeBaseService] Failed to fetch knowledge: ConnectError: [unauthenticated] Error", source: vscode-file://vscode-app/usr/share/cursor/resources/app/out/vs/workbench/workbench.glass.main.js (8674)
MESA: error: ZINK: vkGetCalibratedTimestampsEXT failed (VK_ERROR_OUT_OF_HOST_MEMORY)
MESA: error: ZINK: vkGetCalibratedTimestampsEXT failed (VK_ERROR_OUT_OF_HOST_MEMORY)
MESA: error: ZINK: vkGetCalibratedTimestampsEXT failed (VK_ERROR_OUT_OF_HOST_MEMORY)
MESA: error: ZINK: vkGetCalibratedTimestampsEXT failed (VK_ERROR_OUT_OF_HOST_MEMORY)
MESA: error: ZINK: vkGetCalibratedTimestampsEXT failed (VK_ERROR_OUT_OF_HOST_MEMORY)
MESA: error: ZINK: vkGetCalibratedTimestampsEXT failed (VK_ERROR_OUT_OF_HOST_MEMORY)
MESA: error: ZINK: vkGetCalibratedTimestampsEXT failed (VK_ERROR_OUT_OF_HOST_MEMORY)
MESA: error: ZINK: vkGetCalibratedTimestampsEXT failed (VK_ERROR_OUT_OF_HOST_MEMORY)
MESA: error: ZINK: vkGetCalibratedTimestampsEXT failed (VK_ERROR_OUT_OF_HOST_MEMORY)
MESA: error: ZINK: vkGetCalibratedTimestampsEXT failed (VK_ERROR_OUT_OF_HOST_MEMORY)
MESA: error: ZINK: vkGetCalibratedTimestampsEXT failed (VK_ERROR_OUT_OF_HOST_MEMORY)
MESA: error: ZINK: vkGetCalibratedTimestampsEXT failed (VK_ERROR_OUT_OF_HOST_MEMORY)
MESA: error: ZINK: vkGetCalibratedTimestampsEXT failed (VK_ERROR_OUT_OF_HOST_MEMORY)
MESA: error: ZINK: vkGetCalibratedTimestampsEXT failed (VK_ERROR_OUT_OF_HOST_MEMORY)
MESA: error: ZINK: vkGetCalibratedTimestampsEXT failed (VK_ERROR_OUT_OF_HOST_MEMORY)
MESA: error: ZINK: vkGetCalibratedTimestampsEXT failed (VK_ERROR_OUT_OF_HOST_MEMORY)
MESA: error: ZINK: vkGetCalibratedTimestampsEXT failed (VK_ERROR_OUT_OF_HOST_MEMORY)
MESA: error: ZINK: vkGetCalibratedTimestampsEXT failed (VK_ERROR_OUT_OF_HOST_MEMORY)
MESA: error: ZINK: vkGetCalibratedTimestampsEXT failed (VK_ERROR_OUT_OF_HOST_MEMORY)
MESA: error: ZINK: vkGetCalibratedTimestampsEXT failed (VK_ERROR_OUT_OF_HOST_MEMORY)
MESA: error: ZINK: vkGetCalibratedTimestampsEXT failed (VK_ERROR_OUT_OF_HOST_MEMORY)
MESA: error: ZINK: vkGetCalibratedTimestampsEXT failed (VK_ERROR_OUT_OF_HOST_MEMORY)
MESA: error: ZINK: vkGetCalibratedTimestampsEXT failed (VK_ERROR_OUT_OF_HOST_MEMORY)
MESA: error: ZINK: vkGetCalibratedTimestampsEXT failed (VK_ERROR_OUT_OF_HOST_MEMORY)
MESA: error: ZINK: vkGetCalibratedTimestampsEXT failed (VK_ERROR_OUT_OF_HOST_MEMORY)
MESA: error: ZINK: vkGetCalibratedTimestampsEXT failed (VK_ERROR_OUT_OF_HOST_MEMORY)
MESA: error: ZINK: vkGetCalibratedTimestampsEXT failed (VK_ERROR_OUT_OF_HOST_MEMORY)
MESA: error: ZINK: vkGetCalibratedTimestampsEXT failed (VK_ERROR_OUT_OF_HOST_MEMORY)
MESA: error: ZINK: vkGetCalibratedTimestampsEXT failed (VK_ERROR_OUT_OF_HOST_MEMORY)
MESA: error: ZINK: vkGetCalibratedTimestampsEXT failed (VK_ERROR_OUT_OF_HOST_MEMORY)
MESA: error: ZINK: vkGetCalibratedTimestampsEXT failed (VK_ERROR_OUT_OF_HOST_MEMORY)
MESA: error: ZINK: vkGetCalibratedTimestampsEXT failed (VK_ERROR_OUT_OF_HOST_MEMORY)
MESA: error: ZINK: vkGetCalibratedTimestampsEXT failed (VK_ERROR_OUT_OF_HOST_MEMORY)
MESA: error: ZINK: vkGetCalibratedTimestampsEXT failed (VK_ERROR_OUT_OF_HOST_MEMORY)
MESA: error: ZINK: vkGetCalibratedTimestampsEXT failed (VK_ERROR_OUT_OF_HOST_MEMORY)
MESA: error: ZINK: vkGetCalibratedTimestampsEXT failed (VK_ERROR_OUT_OF_HOST_MEMORY)
MESA: error: ZINK: vkGetCalibratedTimestampsEXT failed (VK_ERROR_OUT_OF_HOST_MEMORY)
MESA: error: ZINK: vkGetCalibratedTimestampsEXT failed (VK_ERROR_OUT_OF_HOST_MEMORY)
MESA: error: ZINK: vkGetCalibratedTimestampsEXT failed (VK_ERROR_OUT_OF_HOST_MEMORY)
MESA: error: ZINK: vkGetCalibratedTimestampsEXT failed (VK_ERROR_OUT_OF_HOST_MEMORY)
MESA: error: ZINK: vkGetCalibratedTimestampsEXT failed (VK_ERROR_OUT_OF_HOST_MEMORY)
MESA: error: ZINK: vkGetCalibratedTimestampsEXT failed (VK_ERROR_OUT_OF_HOST_MEMORY)
MESA: error: ZINK: vkGetCalibratedTimestampsEXT failed (VK_ERROR_OUT_OF_HOST_MEMORY)
MESA: error: ZINK: vkGetCalibratedTimestampsEXT failed (VK_ERROR_OUT_OF_HOST_MEMORY)
MESA: error: ZINK: vkGetCalibratedTimestampsEXT failed (VK_ERROR_OUT_OF_HOST_MEMORY)
MESA: error: ZINK: vkGetCalibratedTimestampsEXT failed (VK_ERROR_OUT_OF_HOST_MEMORY)
MESA: error: ZINK: vkGetCalibratedTimestampsEXT failed (VK_ERROR_OUT_OF_HOST_MEMORY)
MESA: error: ZINK: vkGetCalibratedTimestampsEXT failed (VK_ERROR_OUT_OF_HOST_MEMORY)
MESA: error: ZINK: vkGetCalibratedTimestampsEXT failed (VK_ERROR_OUT_OF_HOST_MEMORY)
MESA: error: ZINK: vkGetCalibratedTimestampsEXT failed (VK_ERROR_OUT_OF_HOST_MEMORY)
MESA: error: ZINK: vkGetCalibratedTimestampsEXT failed (VK_ERROR_OUT_OF_HOST_MEMORY)
MESA: error: ZINK: vkGetCalibratedTimestampsEXT failed (VK_ERROR_OUT_OF_HOST_MEMORY)
MESA: error: ZINK: vkGetCalibratedTimestampsEXT failed (VK_ERROR_OUT_OF_HOST_MEMORY)
MESA: error: ZINK: vkGetCalibratedTimestampsEXT failed (VK_ERROR_OUT_OF_HOST_MEMORY)
MESA: error: ZINK: vkGetCalibratedTimestampsEXT failed (VK_ERROR_OUT_OF_HOST_MEMORY)
MESA: error: ZINK: vkGetCalibratedTimestampsEXT failed (VK_ERROR_OUT_OF_HOST_MEMORY)
MESA: error: ZINK: vkGetCalibratedTimestampsEXT failed (VK_ERROR_OUT_OF_HOST_MEMORY)
MESA: error: ZINK: vkGetCalibratedTimestampsEXT failed (VK_ERROR_OUT_OF_HOST_MEMORY)
MESA: error: ZINK: vkGetCalibratedTimestampsEXT failed (VK_ERROR_OUT_OF_HOST_MEMORY)
MESA: error: ZINK: vkGetCalibratedTimestampsEXT failed (VK_ERROR_OUT_OF_HOST_MEMORY)
MESA: error: ZINK: vkGetCalibratedTimestampsEXT failed (VK_ERROR_OUT_OF_HOST_MEMORY)
MESA: error: ZINK: vkGetCalibratedTimestampsEXT failed (VK_ERROR_OUT_OF_HOST_MEMORY)
MESA: error: ZINK: vkGetCalibratedTimestampsEXT failed (VK_ERROR_OUT_OF_HOST_MEMORY)
MESA: error: ZINK: vkGetCalibratedTimestampsEXT failed (VK_ERROR_OUT_OF_HOST_MEMORY)
[31618:0924/132229.002154:INFO:CONSOLE:7388] "[browser-bridge] Initialized OTEL provider with collector callback", source: vscode-file://vscode-app/usr/share/cursor/resources/app/out/vs/workbench/workbench.glass.main.js (7388)
[90m[main 2026-09-24T05:22:29.010Z][0m [CursorProclistService] Config enabled feature (subsample every 10s; memoryPressureMonitorEnabled=true)
MESA: error: ZINK: vkGetCalibratedTimestampsEXT failed (VK_ERROR_OUT_OF_HOST_MEMORY)
MESA: error: ZINK: vkGetCalibratedTimestampsEXT failed (VK_ERROR_OUT_OF_HOST_MEMORY)
MESA: error: ZINK: vkGetCalibratedTimestampsEXT failed (VK_ERROR_OUT_OF_HOST_MEMORY)
[90m[main 2026-09-24T05:22:29.032Z][0m [RendererPing] enabled (intervalMs=5000, blockThresholdMs=15000, stacks=true)
MESA: error: ZINK: vkGetCalibratedTimestampsEXT failed (VK_ERROR_OUT_OF_HOST_MEMORY)
[31618:0924/132229.035399:INFO:CONSOLE:21155] "[transport] Connect error in unary AI connect ConnectError: [unavailable] HTTP 502 [object Object]", source: vscode-file://vscode-app/usr/share/cursor/resources/app/out/vs/workbench/workbench.glass.main.js (21155)
[31618:0924/132229.036178:INFO:CONSOLE:21396] "Failed to flush analytics events: ConnectError: [unavailable] HTTP 502", source: vscode-file://vscode-app/usr/share/cursor/resources/app/out/vs/workbench/workbench.glass.main.js (21396)
MESA: error: ZINK: vkGetCalibratedTimestampsEXT failed (VK_ERROR_OUT_OF_HOST_MEMORY)
MESA: error: ZINK: vkGetCalibratedTimestampsEXT failed (VK_ERROR_OUT_OF_HOST_MEMORY)
MESA: error: ZINK: vkGetCalibratedTimestampsEXT failed (VK_ERROR_OUT_OF_HOST_MEMORY)
MESA: error: ZINK: vkGetCalibratedTimestampsEXT failed (VK_ERROR_OUT_OF_HOST_MEMORY)
MESA: error: ZINK: vkGetCalibratedTimestampsEXT failed (VK_ERROR_OUT_OF_HOST_MEMORY)
MESA: error: ZINK: vkGetCalibratedTimestampsEXT failed (VK_ERROR_OUT_OF_HOST_MEMORY)
MESA: error: ZINK: vkGetCalibratedTimestampsEXT failed (VK_ERROR_OUT_OF_HOST_MEMORY)
MESA: error: ZINK: vkGetCalibratedTimestampsEXT failed (VK_ERROR_OUT_OF_HOST_MEMORY)
MESA: error: ZINK: vkGetCalibratedTimestampsEXT failed (VK_ERROR_OUT_OF_HOST_MEMORY)
MESA: error: ZINK: vkGetCalibratedTimestampsEXT failed (VK_ERROR_OUT_OF_HOST_MEMORY)
MESA: error: ZINK: vkGetCalibratedTimestampsEXT failed (VK_ERROR_OUT_OF_HOST_MEMORY)
MESA: error: ZINK: vkGetCalibratedTimestampsEXT failed (VK_ERROR_OUT_OF_HOST_MEMORY)
MESA: error: ZINK: vkGetCalibratedTimestampsEXT failed (VK_ERROR_OUT_OF_HOST_MEMORY)
MESA: error: ZINK: vkGetCalibratedTimestampsEXT failed (VK_ERROR_OUT_OF_HOST_MEMORY)
MESA: error: ZINK: vkGetCalibratedTimestampsEXT failed (VK_ERROR_OUT_OF_HOST_MEMORY)
MESA: error: ZINK: vkGetCalibratedTimestampsEXT failed (VK_ERROR_OUT_OF_HOST_MEMORY)
MESA: error: ZINK: vkGetCalibratedTimestampsEXT failed (VK_ERROR_OUT_OF_HOST_MEMORY)
MESA: error: ZINK: vkGetCalibratedTimestampsEXT failed (VK_ERROR_OUT_OF_HOST_MEMORY)
MESA: error: ZINK: vkGetCalibratedTimestampsEXT failed (VK_ERROR_OUT_OF_HOST_MEMORY)
MESA: error: ZINK: vkGetCalibratedTimestampsEXT failed (VK_ERROR_OUT_OF_HOST_MEMORY)
MESA: error: ZINK: vkGetCalibratedTimestampsEXT failed (VK_ERROR_OUT_OF_HOST_MEMORY)
MESA: error: ZINK: vkGetCalibratedTimestampsEXT failed (VK_ERROR_OUT_OF_HOST_MEMORY)
MESA: error: ZINK: vkGetCalibratedTimestampsEXT failed (VK_ERROR_OUT_OF_HOST_MEMORY)
MESA: error: ZINK: vkGetCalibratedTimestampsEXT failed (VK_ERROR_OUT_OF_HOST_MEMORY)
MESA: error: ZINK: vkGetCalibratedTimestampsEXT failed (VK_ERROR_OUT_OF_HOST_MEMORY)
MESA: error: ZINK: vkGetCalibratedTimestampsEXT failed (VK_ERROR_OUT_OF_HOST_MEMORY)
MESA: error: ZINK: vkGetCalibratedTimestampsEXT failed (VK_ERROR_OUT_OF_HOST_MEMORY)
MESA: error: ZINK: vkGetCalibratedTimestampsEXT failed (VK_ERROR_OUT_OF_HOST_MEMORY)
MESA: error: ZINK: vkGetCalibratedTimestampsEXT failed (VK_ERROR_OUT_OF_HOST_MEMORY)
MESA: error: ZINK: vkGetCalibratedTimestampsEXT failed (VK_ERROR_OUT_OF_HOST_MEMORY)
MESA: error: ZINK: vkGetCalibratedTimestampsEXT failed (VK_ERROR_OUT_OF_HOST_MEMORY)
MESA: error: ZINK: vkGetCalibratedTimestampsEXT failed (VK_ERROR_OUT_OF_HOST_MEMORY)
MESA: error: ZINK: vkGetCalibratedTimestampsEXT failed (VK_ERROR_OUT_OF_HOST_MEMORY)
MESA: error: ZINK: vkGetCalibratedTimestampsEXT failed (VK_ERROR_OUT_OF_HOST_MEMORY)
MESA: error: ZINK: vkGetCalibratedTimestampsEXT failed (VK_ERROR_OUT_OF_HOST_MEMORY)
MESA: error: ZINK: vkGetCalibratedTimestampsEXT failed (VK_ERROR_OUT_OF_HOST_MEMORY)
MESA: error: ZINK: vkGetCalibratedTimestampsEXT failed (VK_ERROR_OUT_OF_HOST_MEMORY)
MESA: error: ZINK: vkGetCalibratedTimestampsEXT failed (VK_ERROR_OUT_OF_HOST_MEMORY)
MESA: error: ZINK: vkGetCalibratedTimestampsEXT failed (VK_ERROR_OUT_OF_HOST_MEMORY)
MESA: error: ZINK: vkGetCalibratedTimestampsEXT failed (VK_ERROR_OUT_OF_HOST_MEMORY)
MESA: error: ZINK: vkGetCalibratedTimestampsEXT failed (VK_ERROR_OUT_OF_HOST_MEMORY)
MESA: error: ZINK: vkGetCalibratedTimestampsEXT failed (VK_ERROR_OUT_OF_HOST_MEMORY)
MESA: error: ZINK: vkGetCalibratedTimestampsEXT failed (VK_ERROR_OUT_OF_HOST_MEMORY)
MESA: error: ZINK: vkGetCalibratedTimestampsEXT failed (VK_ERROR_OUT_OF_HOST_MEMORY)
MESA: error: ZINK: vkGetCalibratedTimestampsEXT failed (VK_ERROR_OUT_OF_HOST_MEMORY)
MESA: error: ZINK: vkGetCalibratedTimestampsEXT failed (VK_ERROR_OUT_OF_HOST_MEMORY)
MESA: error: ZINK: vkGetCalibratedTimestampsEXT failed (VK_ERROR_OUT_OF_HOST_MEMORY)
MESA: error: ZINK: vkGetCalibratedTimestampsEXT failed (VK_ERROR_OUT_OF_HOST_MEMORY)
MESA: error: ZINK: vkGetCalibratedTimestampsEXT failed (VK_ERROR_OUT_OF_HOST_MEMORY)
MESA: error: ZINK: vkGetCalibratedTimestampsEXT failed (VK_ERROR_OUT_OF_HOST_MEMORY)
MESA: error: ZINK: vkGetCalibratedTimestampsEXT failed (VK_ERROR_OUT_OF_HOST_MEMORY)
MESA: error: ZINK: vkGetCalibratedTimestampsEXT failed (VK_ERROR_OUT_OF_HOST_MEMORY)
MESA: error: ZINK: vkGetCalibratedTimestampsEXT failed (VK_ERROR_OUT_OF_HOST_MEMORY)
MESA: error: ZINK: vkGetCalibratedTimestampsEXT failed (VK_ERROR_OUT_OF_HOST_MEMORY)
MESA: error: ZINK: vkGetCalibratedTimestampsEXT failed (VK_ERROR_OUT_OF_HOST_MEMORY)
MESA: error: ZINK: vkGetCalibratedTimestampsEXT failed (VK_ERROR_OUT_OF_HOST_MEMORY)
MESA: error: ZINK: vkGetCalibratedTimestampsEXT failed (VK_ERROR_OUT_OF_HOST_MEMORY)
MESA: error: ZINK: vkGetCalibratedTimestampsEXT failed (VK_ERROR_OUT_OF_HOST_MEMORY)
MESA: error: ZINK: vkGetCalibratedTimestampsEXT failed (VK_ERROR_OUT_OF_HOST_MEMORY)
MESA: error: ZINK: vkGetCalibratedTimestampsEXT failed (VK_ERROR_OUT_OF_HOST_MEMORY)
MESA: error: ZINK: vkGetCalibratedTimestampsEXT failed (VK_ERROR_OUT_OF_HOST_MEMORY)
MESA: error: ZINK: vkGetCalibratedTimestampsEXT failed (VK_ERROR_OUT_OF_HOST_MEMORY)
MESA: error: ZINK: vkGetCalibratedTimestampsEXT failed (VK_ERROR_OUT_OF_HOST_MEMORY)
MESA: error: ZINK: vkGetCalibratedTimestampsEXT failed (VK_ERROR_OUT_OF_HOST_MEMORY)
MESA: error: ZINK: vkGetCalibratedTimestampsEXT failed (VK_ERROR_OUT_OF_HOST_MEMORY)
MESA: error: ZINK: vkGetCalibratedTimestampsEXT failed (VK_ERROR_OUT_OF_HOST_MEMORY)
MESA: error: ZINK: vkGetCalibratedTimestampsEXT failed (VK_ERROR_OUT_OF_HOST_MEMORY)
MESA: error: ZINK: vkGetCalibratedTimestampsEXT failed (VK_ERROR_OUT_OF_HOST_MEMORY)
MESA: error: ZINK: vkGetCalibratedTimestampsEXT failed (VK_ERROR_OUT_OF_HOST_MEMORY)
MESA: error: ZINK: vkGetCalibratedTimestampsEXT failed (VK_ERROR_OUT_OF_HOST_MEMORY)
MESA: error: ZINK: vkGetCalibratedTimestampsEXT failed (VK_ERROR_OUT_OF_HOST_MEMORY)
MESA: error: ZINK: vkGetCalibratedTimestampsEXT failed (VK_ERROR_OUT_OF_HOST_MEMORY)
MESA: error: ZINK: vkGetCalibratedTimestampsEXT failed (VK_ERROR_OUT_OF_HOST_MEMORY)
MESA: error: ZINK: vkGetCalibratedTimestampsEXT failed (VK_ERROR_OUT_OF_HOST_MEMORY)
MESA: error: ZINK: vkGetCalibratedTimestampsEXT failed (VK_ERROR_OUT_OF_HOST_MEMORY)
MESA: error: ZINK: vkGetCalibratedTimestampsEXT failed (VK_ERROR_OUT_OF_HOST_MEMORY)
[31618:0924/132229.671299:INFO:CONSOLE:21155] "[transport] Connect error in unary AI connect ConnectError: [unauthenticated] Error [object Object]", source: vscode-file://vscode-app/usr/share/cursor/resources/app/out/vs/workbench/workbench.glass.main.js (21155)
MESA: error: ZINK: vkGetCalibratedTimestampsEXT failed (VK_ERROR_OUT_OF_HOST_MEMORY)
MESA: error: ZINK: vkGetCalibratedTimestampsEXT failed (VK_ERROR_OUT_OF_HOST_MEMORY)
MESA: error: ZINK: vkGetCalibratedTimestampsEXT failed (VK_ERROR_OUT_OF_HOST_MEMORY)
MESA: error: ZINK: vkGetCalibratedTimestampsEXT failed (VK_ERROR_OUT_OF_HOST_MEMORY)
MESA: error: ZINK: vkGetCalibratedTimestampsEXT failed (VK_ERROR_OUT_OF_HOST_MEMORY)
MESA: error: ZINK: vkGetCalibratedTimestampsEXT failed (VK_ERROR_OUT_OF_HOST_MEMORY)
MESA: error: ZINK: vkGetCalibratedTimestampsEXT failed (VK_ERROR_OUT_OF_HOST_MEMORY)
MESA: error: ZINK: vkGetCalibratedTimestampsEXT failed (VK_ERROR_OUT_OF_HOST_MEMORY)
MESA: error: ZINK: vkGetCalibratedTimestampsEXT failed (VK_ERROR_OUT_OF_HOST_MEMORY)
MESA: error: ZINK: vkGetCalibratedTimestampsEXT failed (VK_ERROR_OUT_OF_HOST_MEMORY)
MESA: error: ZINK: vkGetCalibratedTimestampsEXT failed (VK_ERROR_OUT_OF_HOST_MEMORY)
MESA: error: ZINK: vkGetCalibratedTimestampsEXT failed (VK_ERROR_OUT_OF_HOST_MEMORY)
MESA: error: ZINK: vkGetCalibratedTimestampsEXT failed (VK_ERROR_OUT_OF_HOST_MEMORY)
MESA: error: ZINK: vkGetCalibratedTimestampsEXT failed (VK_ERROR_OUT_OF_HOST_MEMORY)
MESA: error: ZINK: vkGetCalibratedTimestampsEXT failed (VK_ERROR_OUT_OF_HOST_MEMORY)
MESA: error: ZINK: vkGetCalibratedTimestampsEXT failed (VK_ERROR_OUT_OF_HOST_MEMORY)
MESA: error: ZINK: vkGetCalibratedTimestampsEXT failed (VK_ERROR_OUT_OF_HOST_MEMORY)
MESA: error: ZINK: vkGetCalibratedTimestampsEXT failed (VK_ERROR_OUT_OF_HOST_MEMORY)
MESA: error: ZINK: vkGetCalibratedTimestampsEXT failed (VK_ERROR_OUT_OF_HOST_MEMORY)
MESA: error: ZINK: vkGetCalibratedTimestampsEXT failed (VK_ERROR_OUT_OF_HOST_MEMORY)
MESA: error: ZINK: vkGetCalibratedTimestampsEXT failed (VK_ERROR_OUT_OF_HOST_MEMORY)
MESA: error: ZINK: vkGetCalibratedTimestampsEXT failed (VK_ERROR_OUT_OF_HOST_MEMORY)
MESA: error: ZINK: vkGetCalibratedTimestampsEXT failed (VK_ERROR_OUT_OF_HOST_MEMORY)
MESA: error: ZINK: vkGetCalibratedTimestampsEXT failed (VK_ERROR_OUT_OF_HOST_MEMORY)
MESA: error: ZINK: vkGetCalibratedTimestampsEXT failed (VK_ERROR_OUT_OF_HOST_MEMORY)
MESA: error: ZINK: vkGetCalibratedTimestampsEXT failed (VK_ERROR_OUT_OF_HOST_MEMORY)
MESA: error: ZINK: vkGetCalibratedTimestampsEXT failed (VK_ERROR_OUT_OF_HOST_MEMORY)
MESA: error: ZINK: vkGetCalibratedTimestampsEXT failed (VK_ERROR_OUT_OF_HOST_MEMORY)
MESA: error: ZINK: vkGetCalibratedTimestampsEXT failed (VK_ERROR_OUT_OF_HOST_MEMORY)
MESA: error: ZINK: vkGetCalibratedTimestampsEXT failed (VK_ERROR_OUT_OF_HOST_MEMORY)
MESA: error: ZINK: vkGetCalibratedTimestampsEXT failed (VK_ERROR_OUT_OF_HOST_MEMORY)
MESA: error: ZINK: vkGetCalibratedTimestampsEXT failed (VK_ERROR_OUT_OF_HOST_MEMORY)
MESA: error: ZINK: vkGetCalibratedTimestampsEXT failed (VK_ERROR_OUT_OF_HOST_MEMORY)
MESA: error: ZINK: vkGetCalibratedTimestampsEXT failed (VK_ERROR_OUT_OF_HOST_MEMORY)
MESA: error: ZINK: vkGetCalibratedTimestampsEXT failed (VK_ERROR_OUT_OF_HOST_MEMORY)
MESA: error: ZINK: vkGetCalibratedTimestampsEXT failed (VK_ERROR_OUT_OF_HOST_MEMORY)
MESA: error: ZINK: vkGetCalibratedTimestampsEXT failed (VK_ERROR_OUT_OF_HOST_MEMORY)
MESA: error: ZINK: vkGetCalibratedTimestampsEXT failed (VK_ERROR_OUT_OF_HOST_MEMORY)
MESA: error: ZINK: vkGetCalibratedTimestampsEXT failed (VK_ERROR_OUT_OF_HOST_MEMORY)
MESA: error: ZINK: vkGetCalibratedTimestampsEXT failed (VK_ERROR_OUT_OF_HOST_MEMORY)
MESA: error: ZINK: vkGetCalibratedTimestampsEXT failed (VK_ERROR_OUT_OF_HOST_MEMORY)
MESA: error: ZINK: vkGetCalibratedTimestampsEXT failed (VK_ERROR_OUT_OF_HOST_MEMORY)
MESA: error: ZINK: vkGetCalibratedTimestampsEXT failed (VK_ERROR_OUT_OF_HOST_MEMORY)
MESA: error: ZINK: vkGetCalibratedTimestampsEXT failed (VK_ERROR_OUT_OF_HOST_MEMORY)
MESA: error: ZINK: vkGetCalibratedTimestampsEXT failed (VK_ERROR_OUT_OF_HOST_MEMORY)
MESA: error: ZINK: vkGetCalibratedTimestampsEXT failed (VK_ERROR_OUT_OF_HOST_MEMORY)
MESA: error: ZINK: vkGetCalibratedTimestampsEXT failed (VK_ERROR_OUT_OF_HOST_MEMORY)
MESA: error: ZINK: vkGetCalibratedTimestampsEXT failed (VK_ERROR_OUT_OF_HOST_MEMORY)
MESA: error: ZINK: vkGetCalibratedTimestampsEXT failed (VK_ERROR_OUT_OF_HOST_MEMORY)
MESA: error: ZINK: vkGetCalibratedTimestampsEXT failed (VK_ERROR_OUT_OF_HOST_MEMORY)
MESA: error: ZINK: vkGetCalibratedTimestampsEXT failed (VK_ERROR_OUT_OF_HOST_MEMORY)
MESA: error: ZINK: vkGetCalibratedTimestampsEXT failed (VK_ERROR_OUT_OF_HOST_MEMORY)
MESA: error: ZINK: vkGetCalibratedTimestampsEXT failed (VK_ERROR_OUT_OF_HOST_MEMORY)
MESA: error: ZINK: vkGetCalibratedTimestampsEXT failed (VK_ERROR_OUT_OF_HOST_MEMORY)
MESA: error: ZINK: vkGetCalibratedTimestampsEXT failed (VK_ERROR_OUT_OF_HOST_MEMORY)
MESA: error: ZINK: vkGetCalibratedTimestampsEXT failed (VK_ERROR_OUT_OF_HOST_MEMORY)
MESA: error: ZINK: vkGetCalibratedTimestampsEXT failed (VK_ERROR_OUT_OF_HOST_MEMORY)
MESA: error: ZINK: vkGetCalibratedTimestampsEXT failed (VK_ERROR_OUT_OF_HOST_MEMORY)
MESA: error: ZINK: vkGetCalibratedTimestampsEXT failed (VK_ERROR_OUT_OF_HOST_MEMORY)
MESA: error: ZINK: vkGetCalibratedTimestampsEXT failed (VK_ERROR_OUT_OF_HOST_MEMORY)
MESA: error: ZINK: vkGetCalibratedTimestampsEXT failed (VK_ERROR_OUT_OF_HOST_MEMORY)
MESA: error: ZINK: vkGetCalibratedTimestampsEXT failed (VK_ERROR_OUT_OF_HOST_MEMORY)
MESA: error: ZINK: vkGetCalibratedTimestampsEXT failed (VK_ERROR_OUT_OF_HOST_MEMORY)
MESA: error: ZINK: vkGetCalibratedTimestampsEXT failed (VK_ERROR_OUT_OF_HOST_MEMORY)
MESA: error: ZINK: vkGetCalibratedTimestampsEXT failed (VK_ERROR_OUT_OF_HOST_MEMORY)
MESA: error: ZINK: vkGetCalibratedTimestampsEXT failed (VK_ERROR_OUT_OF_HOST_MEMORY)
MESA: error: ZINK: vkGetCalibratedTimestampsEXT failed (VK_ERROR_OUT_OF_HOST_MEMORY)
MESA: error: ZINK: vkGetCalibratedTimestampsEXT failed (VK_ERROR_OUT_OF_HOST_MEMORY)
MESA: error: ZINK: vkGetCalibratedTimestampsEXT failed (VK_ERROR_OUT_OF_HOST_MEMORY)
MESA: error: ZINK: vkGetCalibratedTimestampsEXT failed (VK_ERROR_OUT_OF_HOST_MEMORY)
MESA: error: ZINK: vkGetCalibratedTimestampsEXT failed (VK_ERROR_OUT_OF_HOST_MEMORY)
MESA: error: ZINK: vkGetCalibratedTimestampsEXT failed (VK_ERROR_OUT_OF_HOST_MEMORY)
MESA: error: ZINK: vkGetCalibratedTimestampsEXT failed (VK_ERROR_OUT_OF_HOST_MEMORY)
MESA: error: ZINK: vkGetCalibratedTimestampsEXT failed (VK_ERROR_OUT_OF_HOST_MEMORY)
MESA: error: ZINK: vkGetCalibratedTimestampsEXT failed (VK_ERROR_OUT_OF_HOST_MEMORY)
MESA: error: ZINK: vkGetCalibratedTimestampsEXT failed (VK_ERROR_OUT_OF_HOST_MEMORY)
MESA: error: ZINK: vkGetCalibratedTimestampsEXT failed (VK_ERROR_OUT_OF_HOST_MEMORY)
MESA: error: ZINK: vkGetCalibratedTimestampsEXT failed (VK_ERROR_OUT_OF_HOST_MEMORY)
MESA: error: ZINK: vkGetCalibratedTimestampsEXT failed (VK_ERROR_OUT_OF_HOST_MEMORY)
MESA: error: ZINK: vkGetCalibratedTimestampsEXT failed (VK_ERROR_OUT_OF_HOST_MEMORY)
MESA: error: ZINK: vkGetCalibratedTimestampsEXT failed (VK_ERROR_OUT_OF_HOST_MEMORY)
MESA: error: ZINK: vkGetCalibratedTimestampsEXT failed (VK_ERROR_OUT_OF_HOST_MEMORY)
MESA: error: ZINK: vkGetCalibratedTimestampsEXT failed (VK_ERROR_OUT_OF_HOST_MEMORY)
MESA: error: ZINK: vkGetCalibratedTimestampsEXT failed (VK_ERROR_OUT_OF_HOST_MEMORY)
MESA: error: ZINK: vkGetCalibratedTimestampsEXT failed (VK_ERROR_OUT_OF_HOST_MEMORY)
MESA: error: ZINK: vkGetCalibratedTimestampsEXT failed (VK_ERROR_OUT_OF_HOST_MEMORY)
MESA: error: ZINK: vkGetCalibratedTimestampsEXT failed (VK_ERROR_OUT_OF_HOST_MEMORY)
MESA: error: ZINK: vkGetCalibratedTimestampsEXT failed (VK_ERROR_OUT_OF_HOST_MEMORY)
MESA: error: ZINK: vkGetCalibratedTimestampsEXT failed (VK_ERROR_OUT_OF_HOST_MEMORY)
MESA: error: ZINK: vkGetCalibratedTimestampsEXT failed (VK_ERROR_OUT_OF_HOST_MEMORY)
MESA: error: ZINK: vkGetCalibratedTimestampsEXT failed (VK_ERROR_OUT_OF_HOST_MEMORY)
MESA: error: ZINK: vkGetCalibratedTimestampsEXT failed (VK_ERROR_OUT_OF_HOST_MEMORY)
MESA: error: ZINK: vkGetCalibratedTimestampsEXT failed (VK_ERROR_OUT_OF_HOST_MEMORY)
MESA: error: ZINK: vkGetCalibratedTimestampsEXT failed (VK_ERROR_OUT_OF_HOST_MEMORY)
MESA: error: ZINK: vkGetCalibratedTimestampsEXT failed (VK_ERROR_OUT_OF_HOST_MEMORY)
MESA: error: ZINK: vkGetCalibratedTimestampsEXT failed (VK_ERROR_OUT_OF_HOST_MEMORY)
MESA: error: ZINK: vkGetCalibratedTimestampsEXT failed (VK_ERROR_OUT_OF_HOST_MEMORY)
MESA: error: ZINK: vkGetCalibratedTimestampsEXT failed (VK_ERROR_OUT_OF_HOST_MEMORY)
MESA: error: ZINK: vkGetCalibratedTimestampsEXT failed (VK_ERROR_OUT_OF_HOST_MEMORY)
MESA: error: ZINK: vkGetCalibratedTimestampsEXT failed (VK_ERROR_OUT_OF_HOST_MEMORY)
MESA: error: ZINK: vkGetCalibratedTimestampsEXT failed (VK_ERROR_OUT_OF_HOST_MEMORY)
MESA: error: ZINK: vkGetCalibratedTimestampsEXT failed (VK_ERROR_OUT_OF_HOST_MEMORY)
MESA: error: ZINK: vkGetCalibratedTimestampsEXT failed (VK_ERROR_OUT_OF_HOST_MEMORY)
MESA: error: ZINK: vkGetCalibratedTimestampsEXT failed (VK_ERROR_OUT_OF_HOST_MEMORY)
MESA: error: ZINK: vkGetCalibratedTimestampsEXT failed (VK_ERROR_OUT_OF_HOST_MEMORY)
MESA: error: ZINK: vkGetCalibratedTimestampsEXT failed (VK_ERROR_OUT_OF_HOST_MEMORY)
MESA: error: ZINK: vkGetCalibratedTimestampsEXT failed (VK_ERROR_OUT_OF_HOST_MEMORY)
MESA: error: ZINK: vkGetCalibratedTimestampsEXT failed (VK_ERROR_OUT_OF_HOST_MEMORY)
MESA: error: ZINK: vkGetCalibratedTimestampsEXT failed (VK_ERROR_OUT_OF_HOST_MEMORY)
MESA: error: ZINK: vkGetCalibratedTimestampsEXT failed (VK_ERROR_OUT_OF_HOST_MEMORY)
MESA: error: ZINK: vkGetCalibratedTimestampsEXT failed (VK_ERROR_OUT_OF_HOST_MEMORY)
MESA: error: ZINK: vkGetCalibratedTimestampsEXT failed (VK_ERROR_OUT_OF_HOST_MEMORY)
MESA: error: ZINK: vkGetCalibratedTimestampsEXT failed (VK_ERROR_OUT_OF_HOST_MEMORY)
MESA: error: ZINK: vkGetCalibratedTimestampsEXT failed (VK_ERROR_OUT_OF_HOST_MEMORY)
MESA: error: ZINK: vkGetCalibratedTimestampsEXT failed (VK_ERROR_OUT_OF_HOST_MEMORY)
MESA: error: ZINK: vkGetCalibratedTimestampsEXT failed (VK_ERROR_OUT_OF_HOST_MEMORY)
MESA: error: ZINK: vkGetCalibratedTimestampsEXT failed (VK_ERROR_OUT_OF_HOST_MEMORY)
MESA: error: ZINK: vkGetCalibratedTimestampsEXT failed (VK_ERROR_OUT_OF_HOST_MEMORY)
MESA: error: ZINK: vkGetCalibratedTimestampsEXT failed (VK_ERROR_OUT_OF_HOST_MEMORY)
MESA: error: ZINK: vkGetCalibratedTimestampsEXT failed (VK_ERROR_OUT_OF_HOST_MEMORY)
MESA: error: ZINK: vkGetCalibratedTimestampsEXT failed (VK_ERROR_OUT_OF_HOST_MEMORY)
MESA: error: ZINK: vkGetCalibratedTimestampsEXT failed (VK_ERROR_OUT_OF_HOST_MEMORY)
MESA: error: ZINK: vkGetCalibratedTimestampsEXT failed (VK_ERROR_OUT_OF_HOST_MEMORY)
MESA: error: ZINK: vkGetCalibratedTimestampsEXT failed (VK_ERROR_OUT_OF_HOST_MEMORY)
MESA: error: ZINK: vkGetCalibratedTimestampsEXT failed (VK_ERROR_OUT_OF_HOST_MEMORY)
MESA: error: ZINK: vkGetCalibratedTimestampsEXT failed (VK_ERROR_OUT_OF_HOST_MEMORY)
MESA: error: ZINK: vkGetCalibratedTimestampsEXT failed (VK_ERROR_OUT_OF_HOST_MEMORY)
MESA: error: ZINK: vkGetCalibratedTimestampsEXT failed (VK_ERROR_OUT_OF_HOST_MEMORY)
MESA: error: ZINK: vkGetCalibratedTimestampsEXT failed (VK_ERROR_OUT_OF_HOST_MEMORY)
MESA: error: ZINK: vkGetCalibratedTimestampsEXT failed (VK_ERROR_OUT_OF_HOST_MEMORY)
MESA: error: ZINK: vkGetCalibratedTimestampsEXT failed (VK_ERROR_OUT_OF_HOST_MEMORY)
MESA: error: ZINK: vkGetCalibratedTimestampsEXT failed (VK_ERROR_OUT_OF_HOST_MEMORY)
MESA: error: ZINK: vkGetCalibratedTimestampsEXT failed (VK_ERROR_OUT_OF_HOST_MEMORY)
MESA: error: ZINK: vkGetCalibratedTimestampsEXT failed (VK_ERROR_OUT_OF_HOST_MEMORY)
MESA: error: ZINK: vkGetCalibratedTimestampsEXT failed (VK_ERROR_OUT_OF_HOST_MEMORY)
MESA: error: ZINK: vkGetCalibratedTimestampsEXT failed (VK_ERROR_OUT_OF_HOST_MEMORY)
MESA: error: ZINK: vkGetCalibratedTimestampsEXT failed (VK_ERROR_OUT_OF_HOST_MEMORY)
MESA: error: ZINK: vkGetCalibratedTimestampsEXT failed (VK_ERROR_OUT_OF_HOST_MEMORY)
MESA: error: ZINK: vkGetCalibratedTimestampsEXT failed (VK_ERROR_OUT_OF_HOST_MEMORY)
MESA: error: ZINK: vkGetCalibratedTimestampsEXT failed (VK_ERROR_OUT_OF_HOST_MEMORY)
MESA: error: ZINK: vkGetCalibratedTimestampsEXT failed (VK_ERROR_OUT_OF_HOST_MEMORY)
MESA: error: ZINK: vkGetCalibratedTimestampsEXT failed (VK_ERROR_OUT_OF_HOST_MEMORY)
MESA: error: ZINK: vkGetCalibratedTimestampsEXT failed (VK_ERROR_OUT_OF_HOST_MEMORY)
MESA: error: ZINK: vkGetCalibratedTimestampsEXT failed (VK_ERROR_OUT_OF_HOST_MEMORY)
MESA: error: ZINK: vkGetCalibratedTimestampsEXT failed (VK_ERROR_OUT_OF_HOST_MEMORY)
MESA: error: ZINK: vkGetCalibratedTimestampsEXT failed (VK_ERROR_OUT_OF_HOST_MEMORY)
MESA: error: ZINK: vkGetCalibratedTimestampsEXT failed (VK_ERROR_OUT_OF_HOST_MEMORY)
MESA: error: ZINK: vkGetCalibratedTimestampsEXT failed (VK_ERROR_OUT_OF_HOST_MEMORY)
MESA: error: ZINK: vkGetCalibratedTimestampsEXT failed (VK_ERROR_OUT_OF_HOST_MEMORY)
MESA: error: ZINK: vkGetCalibratedTimestampsEXT failed (VK_ERROR_OUT_OF_HOST_MEMORY)
MESA: error: ZINK: vkGetCalibratedTimestampsEXT failed (VK_ERROR_OUT_OF_HOST_MEMORY)
MESA: error: ZINK: vkGetCalibratedTimestampsEXT failed (VK_ERROR_OUT_OF_HOST_MEMORY)
MESA: error: ZINK: vkGetCalibratedTimestampsEXT failed (VK_ERROR_OUT_OF_HOST_MEMORY)
MESA: error: ZINK: vkGetCalibratedTimestampsEXT failed (VK_ERROR_OUT_OF_HOST_MEMORY)
MESA: error: ZINK: vkGetCalibratedTimestampsEXT failed (VK_ERROR_OUT_OF_HOST_MEMORY)
MESA: error: ZINK: vkGetCalibratedTimestampsEXT failed (VK_ERROR_OUT_OF_HOST_MEMORY)
MESA: error: ZINK: vkGetCalibratedTimestampsEXT failed (VK_ERROR_OUT_OF_HOST_MEMORY)
MESA: error: ZINK: vkGetCalibratedTimestampsEXT failed (VK_ERROR_OUT_OF_HOST_MEMORY)
MESA: error: ZINK: vkGetCalibratedTimestampsEXT failed (VK_ERROR_OUT_OF_HOST_MEMORY)
MESA: error: ZINK: vkGetCalibratedTimestampsEXT failed (VK_ERROR_OUT_OF_HOST_MEMORY)
MESA: error: ZINK: vkGetCalibratedTimestampsEXT failed (VK_ERROR_OUT_OF_HOST_MEMORY)
MESA: error: ZINK: vkGetCalibratedTimestampsEXT failed (VK_ERROR_OUT_OF_HOST_MEMORY)
MESA: error: ZINK: vkGetCalibratedTimestampsEXT failed (VK_ERROR_OUT_OF_HOST_MEMORY)
MESA: error: ZINK: vkGetCalibratedTimestampsEXT failed (VK_ERROR_OUT_OF_HOST_MEMORY)
MESA: error: ZINK: vkGetCalibratedTimestampsEXT failed (VK_ERROR_OUT_OF_HOST_MEMORY)
MESA: error: ZINK: vkGetCalibratedTimestampsEXT failed (VK_ERROR_OUT_OF_HOST_MEMORY)
MESA: error: ZINK: vkGetCalibratedTimestampsEXT failed (VK_ERROR_OUT_OF_HOST_MEMORY)
MESA: error: ZINK: vkGetCalibratedTimestampsEXT failed (VK_ERROR_OUT_OF_HOST_MEMORY)
MESA: error: ZINK: vkGetCalibratedTimestampsEXT failed (VK_ERROR_OUT_OF_HOST_MEMORY)
MESA: error: ZINK: vkGetCalibratedTimestampsEXT failed (VK_ERROR_OUT_OF_HOST_MEMORY)
MESA: error: ZINK: vkGetCalibratedTimestampsEXT failed (VK_ERROR_OUT_OF_HOST_MEMORY)
MESA: error: ZINK: vkGetCalibratedTimestampsEXT failed (VK_ERROR_OUT_OF_HOST_MEMORY)
MESA: error: ZINK: vkGetCalibratedTimestampsEXT failed (VK_ERROR_OUT_OF_HOST_MEMORY)
MESA: error: ZINK: vkGetCalibratedTimestampsEXT failed (VK_ERROR_OUT_OF_HOST_MEMORY)
MESA: error: ZINK: vkGetCalibratedTimestampsEXT failed (VK_ERROR_OUT_OF_HOST_MEMORY)
MESA: error: ZINK: vkGetCalibratedTimestampsEXT failed (VK_ERROR_OUT_OF_HOST_MEMORY)
MESA: error: ZINK: vkGetCalibratedTimestampsEXT failed (VK_ERROR_OUT_OF_HOST_MEMORY)
MESA: error: ZINK: vkGetCalibratedTimestampsEXT failed (VK_ERROR_OUT_OF_HOST_MEMORY)
MESA: error: ZINK: vkGetCalibratedTimestampsEXT failed (VK_ERROR_OUT_OF_HOST_MEMORY)
MESA: error: ZINK: vkGetCalibratedTimestampsEXT failed (VK_ERROR_OUT_OF_HOST_MEMORY)
MESA: error: ZINK: vkGetCalibratedTimestampsEXT failed (VK_ERROR_OUT_OF_HOST_MEMORY)
MESA: error: ZINK: vkGetCalibratedTimestampsEXT failed (VK_ERROR_OUT_OF_HOST_MEMORY)
MESA: error: ZINK: vkGetCalibratedTimestampsEXT failed (VK_ERROR_OUT_OF_HOST_MEMORY)
MESA: error: ZINK: vkGetCalibratedTimestampsEXT failed (VK_ERROR_OUT_OF_HOST_MEMORY)
MESA: error: ZINK: vkGetCalibratedTimestampsEXT failed (VK_ERROR_OUT_OF_HOST_MEMORY)
MESA: error: ZINK: vkGetCalibratedTimestampsEXT failed (VK_ERROR_OUT_OF_HOST_MEMORY)
MESA: error: ZINK: vkGetCalibratedTimestampsEXT failed (VK_ERROR_OUT_OF_HOST_MEMORY)
MESA: error: ZINK: vkGetCalibratedTimestampsEXT failed (VK_ERROR_OUT_OF_HOST_MEMORY)
MESA: error: ZINK: vkGetCalibratedTimestampsEXT failed (VK_ERROR_OUT_OF_HOST_MEMORY)
MESA: error: ZINK: vkGetCalibratedTimestampsEXT failed (VK_ERROR_OUT_OF_HOST_MEMORY)
MESA: error: ZINK: vkGetCalibratedTimestampsEXT failed (VK_ERROR_OUT_OF_HOST_MEMORY)
MESA: error: ZINK: vkGetCalibratedTimestampsEXT failed (VK_ERROR_OUT_OF_HOST_MEMORY)
MESA: error: ZINK: vkGetCalibratedTimestampsEXT failed (VK_ERROR_OUT_OF_HOST_MEMORY)
MESA: error: ZINK: vkGetCalibratedTimestampsEXT failed (VK_ERROR_OUT_OF_HOST_MEMORY)
MESA: error: ZINK: vkGetCalibratedTimestampsEXT failed (VK_ERROR_OUT_OF_HOST_MEMORY)
MESA: error: ZINK: vkGetCalibratedTimestampsEXT failed (VK_ERROR_OUT_OF_HOST_MEMORY)
MESA: error: ZINK: vkGetCalibratedTimestampsEXT failed (VK_ERROR_OUT_OF_HOST_MEMORY)
MESA: error: ZINK: vkGetCalibratedTimestampsEXT failed (VK_ERROR_OUT_OF_HOST_MEMORY)
MESA: error: ZINK: vkGetCalibratedTimestampsEXT failed (VK_ERROR_OUT_OF_HOST_MEMORY)
MESA: error: ZINK: vkGetCalibratedTimestampsEXT failed (VK_ERROR_OUT_OF_HOST_MEMORY)
MESA: error: ZINK: vkGetCalibratedTimestampsEXT failed (VK_ERROR_OUT_OF_HOST_MEMORY)
MESA: error: ZINK: vkGetCalibratedTimestampsEXT failed (VK_ERROR_OUT_OF_HOST_MEMORY)
MESA: error: ZINK: vkGetCalibratedTimestampsEXT failed (VK_ERROR_OUT_OF_HOST_MEMORY)
MESA: error: ZINK: vkGetCalibratedTimestampsEXT failed (VK_ERROR_OUT_OF_HOST_MEMORY)
MESA: error: ZINK: vkGetCalibratedTimestampsEXT failed (VK_ERROR_OUT_OF_HOST_MEMORY)
MESA: error: ZINK: vkGetCalibratedTimestampsEXT failed (VK_ERROR_OUT_OF_HOST_MEMORY)
MESA: error: ZINK: vkGetCalibratedTimestampsEXT failed (VK_ERROR_OUT_OF_HOST_MEMORY)
[31618:0924/132234.158755:INFO:CONSOLE:21155] "[transport] Connect error in unary AI connect ConnectError: [unauthenticated] Error [object Object]", source: vscode-file://vscode-app/usr/share/cursor/resources/app/out/vs/workbench/workbench.glass.main.js (21155)
MESA: error: ZINK: vkGetCalibratedTimestampsEXT failed (VK_ERROR_OUT_OF_HOST_MEMORY)
MESA: error: ZINK: vkGetCalibratedTimestampsEXT failed (VK_ERROR_OUT_OF_HOST_MEMORY)
MESA: error: ZINK: vkGetCalibratedTimestampsEXT failed (VK_ERROR_OUT_OF_HOST_MEMORY)
MESA: error: ZINK: vkGetCalibratedTimestampsEXT failed (VK_ERROR_OUT_OF_HOST_MEMORY)
MESA: error: ZINK: vkGetCalibratedTimestampsEXT failed (VK_ERROR_OUT_OF_HOST_MEMORY)
MESA: error: ZINK: vkGetCalibratedTimestampsEXT failed (VK_ERROR_OUT_OF_HOST_MEMORY)
MESA: error: ZINK: vkGetCalibratedTimestampsEXT failed (VK_ERROR_OUT_OF_HOST_MEMORY)
MESA: error: ZINK: vkGetCalibratedTimestampsEXT failed (VK_ERROR_OUT_OF_HOST_MEMORY)
MESA: error: ZINK: vkGetCalibratedTimestampsEXT failed (VK_ERROR_OUT_OF_HOST_MEMORY)
MESA: error: ZINK: vkGetCalibratedTimestampsEXT failed (VK_ERROR_OUT_OF_HOST_MEMORY)
MESA: error: ZINK: vkGetCalibratedTimestampsEXT failed (VK_ERROR_OUT_OF_HOST_MEMORY)
MESA: error: ZINK: vkGetCalibratedTimestampsEXT failed (VK_ERROR_OUT_OF_HOST_MEMORY)
MESA: error: ZINK: vkGetCalibratedTimestampsEXT failed (VK_ERROR_OUT_OF_HOST_MEMORY)
MESA: error: ZINK: vkGetCalibratedTimestampsEXT failed (VK_ERROR_OUT_OF_HOST_MEMORY)
MESA: error: ZINK: vkGetCalibratedTimestampsEXT failed (VK_ERROR_OUT_OF_HOST_MEMORY)
MESA: error: ZINK: vkGetCalibratedTimestampsEXT failed (VK_ERROR_OUT_OF_HOST_MEMORY)
MESA: error: ZINK: vkGetCalibratedTimestampsEXT failed (VK_ERROR_OUT_OF_HOST_MEMORY)
MESA: error: ZINK: vkGetCalibratedTimestampsEXT failed (VK_ERROR_OUT_OF_HOST_MEMORY)
MESA: error: ZINK: vkGetCalibratedTimestampsEXT failed (VK_ERROR_OUT_OF_HOST_MEMORY)
MESA: error: ZINK: vkGetCalibratedTimestampsEXT failed (VK_ERROR_OUT_OF_HOST_MEMORY)
MESA: error: ZINK: vkGetCalibratedTimestampsEXT failed (VK_ERROR_OUT_OF_HOST_MEMORY)
MESA: error: ZINK: vkGetCalibratedTimestampsEXT failed (VK_ERROR_OUT_OF_HOST_MEMORY)
MESA: error: ZINK: vkGetCalibratedTimestampsEXT failed (VK_ERROR_OUT_OF_HOST_MEMORY)
MESA: error: ZINK: vkGetCalibratedTimestampsEXT failed (VK_ERROR_OUT_OF_HOST_MEMORY)
MESA: error: ZINK: vkGetCalibratedTimestampsEXT failed (VK_ERROR_OUT_OF_HOST_MEMORY)
MESA: error: ZINK: vkGetCalibratedTimestampsEXT failed (VK_ERROR_OUT_OF_HOST_MEMORY)
MESA: error: ZINK: vkGetCalibratedTimestampsEXT failed (VK_ERROR_OUT_OF_HOST_MEMORY)
MESA: error: ZINK: vkGetCalibratedTimestampsEXT failed (VK_ERROR_OUT_OF_HOST_MEMORY)
MESA: error: ZINK: vkGetCalibratedTimestampsEXT failed (VK_ERROR_OUT_OF_HOST_MEMORY)
MESA: error: ZINK: vkGetCalibratedTimestampsEXT failed (VK_ERROR_OUT_OF_HOST_MEMORY)
MESA: error: ZINK: vkGetCalibratedTimestampsEXT failed (VK_ERROR_OUT_OF_HOST_MEMORY)
MESA: error: ZINK: vkGetCalibratedTimestampsEXT failed (VK_ERROR_OUT_OF_HOST_MEMORY)
MESA: error: ZINK: vkGetCalibratedTimestampsEXT failed (VK_ERROR_OUT_OF_HOST_MEMORY)
MESA: error: ZINK: vkGetCalibratedTimestampsEXT failed (VK_ERROR_OUT_OF_HOST_MEMORY)
MESA: error: ZINK: vkGetCalibratedTimestampsEXT failed (VK_ERROR_OUT_OF_HOST_MEMORY)
MESA: error: ZINK: vkGetCalibratedTimestampsEXT failed (VK_ERROR_OUT_OF_HOST_MEMORY)
MESA: error: ZINK: vkGetCalibratedTimestampsEXT failed (VK_ERROR_OUT_OF_HOST_MEMORY)
MESA: error: ZINK: vkGetCalibratedTimestampsEXT failed (VK_ERROR_OUT_OF_HOST_MEMORY)
MESA: error: ZINK: vkGetCalibratedTimestampsEXT failed (VK_ERROR_OUT_OF_HOST_MEMORY)
MESA: error: ZINK: vkGetCalibratedTimestampsEXT failed (VK_ERROR_OUT_OF_HOST_MEMORY)
MESA: error: ZINK: vkGetCalibratedTimestampsEXT failed (VK_ERROR_OUT_OF_HOST_MEMORY)
MESA: error: ZINK: vkGetCalibratedTimestampsEXT failed (VK_ERROR_OUT_OF_HOST_MEMORY)
MESA: error: ZINK: vkGetCalibratedTimestampsEXT failed (VK_ERROR_OUT_OF_HOST_MEMORY)
MESA: error: ZINK: vkGetCalibratedTimestampsEXT failed (VK_ERROR_OUT_OF_HOST_MEMORY)
MESA: error: ZINK: vkGetCalibratedTimestampsEXT failed (VK_ERROR_OUT_OF_HOST_MEMORY)
MESA: error: ZINK: vkGetCalibratedTimestampsEXT failed (VK_ERROR_OUT_OF_HOST_MEMORY)
MESA: error: ZINK: vkGetCalibratedTimestampsEXT failed (VK_ERROR_OUT_OF_HOST_MEMORY)
MESA: error: ZINK: vkGetCalibratedTimestampsEXT failed (VK_ERROR_OUT_OF_HOST_MEMORY)
MESA: error: ZINK: vkGetCalibratedTimestampsEXT failed (VK_ERROR_OUT_OF_HOST_MEMORY)
MESA: error: ZINK: vkGetCalibratedTimestampsEXT failed (VK_ERROR_OUT_OF_HOST_MEMORY)
MESA: error: ZINK: vkGetCalibratedTimestampsEXT failed (VK_ERROR_OUT_OF_HOST_MEMORY)
MESA: error: ZINK: vkGetCalibratedTimestampsEXT failed (VK_ERROR_OUT_OF_HOST_MEMORY)
MESA: error: ZINK: vkGetCalibratedTimestampsEXT failed (VK_ERROR_OUT_OF_HOST_MEMORY)
MESA: error: ZINK: vkGetCalibratedTimestampsEXT failed (VK_ERROR_OUT_OF_HOST_MEMORY)
MESA: error: ZINK: vkGetCalibratedTimestampsEXT failed (VK_ERROR_OUT_OF_HOST_MEMORY)
MESA: error: ZINK: vkGetCalibratedTimestampsEXT failed (VK_ERROR_OUT_OF_HOST_MEMORY)
MESA: error: ZINK: vkGetCalibratedTimestampsEXT failed (VK_ERROR_OUT_OF_HOST_MEMORY)
MESA: error: ZINK: vkGetCalibratedTimestampsEXT failed (VK_ERROR_OUT_OF_HOST_MEMORY)
MESA: error: ZINK: vkGetCalibratedTimestampsEXT failed (VK_ERROR_OUT_OF_HOST_MEMORY)
MESA: error: ZINK: vkGetCalibratedTimestampsEXT failed (VK_ERROR_OUT_OF_HOST_MEMORY)
MESA: error: ZINK: vkGetCalibratedTimestampsEXT failed (VK_ERROR_OUT_OF_HOST_MEMORY)
MESA: error: ZINK: vkGetCalibratedTimestampsEXT failed (VK_ERROR_OUT_OF_HOST_MEMORY)
MESA: error: ZINK: vkGetCalibratedTimestampsEXT failed (VK_ERROR_OUT_OF_HOST_MEMORY)
MESA: error: ZINK: vkGetCalibratedTimestampsEXT failed (VK_ERROR_OUT_OF_HOST_MEMORY)
MESA: error: ZINK: vkGetCalibratedTimestampsEXT failed (VK_ERROR_OUT_OF_HOST_MEMORY)
MESA: error: ZINK: vkGetCalibratedTimestampsEXT failed (VK_ERROR_OUT_OF_HOST_MEMORY)
MESA: error: ZINK: vkGetCalibratedTimestampsEXT failed (VK_ERROR_OUT_OF_HOST_MEMORY)
MESA: error: ZINK: vkGetCalibratedTimestampsEXT failed (VK_ERROR_OUT_OF_HOST_MEMORY)
MESA: error: ZINK: vkGetCalibratedTimestampsEXT failed (VK_ERROR_OUT_OF_HOST_MEMORY)
MESA: error: ZINK: vkGetCalibratedTimestampsEXT failed (VK_ERROR_OUT_OF_HOST_MEMORY)
MESA: error: ZINK: vkGetCalibratedTimestampsEXT failed (VK_ERROR_OUT_OF_HOST_MEMORY)
MESA: error: ZINK: vkGetCalibratedTimestampsEXT failed (VK_ERROR_OUT_OF_HOST_MEMORY)
MESA: error: ZINK: vkGetCalibratedTimestampsEXT failed (VK_ERROR_OUT_OF_HOST_MEMORY)
MESA: error: ZINK: vkGetCalibratedTimestampsEXT failed (VK_ERROR_OUT_OF_HOST_MEMORY)
MESA: error: ZINK: vkGetCalibratedTimestampsEXT failed (VK_ERROR_OUT_OF_HOST_MEMORY)
MESA: error: ZINK: vkGetCalibratedTimestampsEXT failed (VK_ERROR_OUT_OF_HOST_MEMORY)
MESA: error: ZINK: vkGetCalibratedTimestampsEXT failed (VK_ERROR_OUT_OF_HOST_MEMORY)
MESA: error: ZINK: vkGetCalibratedTimestampsEXT failed (VK_ERROR_OUT_OF_HOST_MEMORY)
MESA: error: ZINK: vkGetCalibratedTimestampsEXT failed (VK_ERROR_OUT_OF_HOST_MEMORY)
MESA: error: ZINK: vkGetCalibratedTimestampsEXT failed (VK_ERROR_OUT_OF_HOST_MEMORY)
MESA: error: ZINK: vkGetCalibratedTimestampsEXT failed (VK_ERROR_OUT_OF_HOST_MEMORY)
MESA: error: ZINK: vkGetCalibratedTimestampsEXT failed (VK_ERROR_OUT_OF_HOST_MEMORY)
MESA: error: ZINK: vkGetCalibratedTimestampsEXT failed (VK_ERROR_OUT_OF_HOST_MEMORY)
MESA: error: ZINK: vkGetCalibratedTimestampsEXT failed (VK_ERROR_OUT_OF_HOST_MEMORY)
MESA: error: ZINK: vkGetCalibratedTimestampsEXT failed (VK_ERROR_OUT_OF_HOST_MEMORY)
MESA: error: ZINK: vkGetCalibratedTimestampsEXT failed (VK_ERROR_OUT_OF_HOST_MEMORY)
MESA: error: ZINK: vkGetCalibratedTimestampsEXT failed (VK_ERROR_OUT_OF_HOST_MEMORY)
MESA: error: ZINK: vkGetCalibratedTimestampsEXT failed (VK_ERROR_OUT_OF_HOST_MEMORY)
MESA: error: ZINK: vkGetCalibratedTimestampsEXT failed (VK_ERROR_OUT_OF_HOST_MEMORY)
MESA: error: ZINK: vkGetCalibratedTimestampsEXT failed (VK_ERROR_OUT_OF_HOST_MEMORY)
MESA: error: ZINK: vkGetCalibratedTimestampsEXT failed (VK_ERROR_OUT_OF_HOST_MEMORY)
MESA: error: ZINK: vkGetCalibratedTimestampsEXT failed (VK_ERROR_OUT_OF_HOST_MEMORY)
MESA: error: ZINK: vkGetCalibratedTimestampsEXT failed (VK_ERROR_OUT_OF_HOST_MEMORY)
MESA: error: ZINK: vkGetCalibratedTimestampsEXT failed (VK_ERROR_OUT_OF_HOST_MEMORY)
MESA: error: ZINK: vkGetCalibratedTimestampsEXT failed (VK_ERROR_OUT_OF_HOST_MEMORY)
MESA: error: ZINK: vkGetCalibratedTimestampsEXT failed (VK_ERROR_OUT_OF_HOST_MEMORY)
MESA: error: ZINK: vkGetCalibratedTimestampsEXT failed (VK_ERROR_OUT_OF_HOST_MEMORY)
MESA: error: ZINK: vkGetCalibratedTimestampsEXT failed (VK_ERROR_OUT_OF_HOST_MEMORY)
MESA: error: ZINK: vkGetCalibratedTimestampsEXT failed (VK_ERROR_OUT_OF_HOST_MEMORY)
MESA: error: ZINK: vkGetCalibratedTimestampsEXT failed (VK_ERROR_OUT_OF_HOST_MEMORY)
MESA: error: ZINK: vkGetCalibratedTimestampsEXT failed (VK_ERROR_OUT_OF_HOST_MEMORY)
MESA: error: ZINK: vkGetCalibratedTimestampsEXT failed (VK_ERROR_OUT_OF_HOST_MEMORY)
MESA: error: ZINK: vkGetCalibratedTimestampsEXT failed (VK_ERROR_OUT_OF_HOST_MEMORY)
MESA: error: ZINK: vkGetCalibratedTimestampsEXT failed (VK_ERROR_OUT_OF_HOST_MEMORY)
MESA: error: ZINK: vkGetCalibratedTimestampsEXT failed (VK_ERROR_OUT_OF_HOST_MEMORY)
MESA: error: ZINK: vkGetCalibratedTimestampsEXT failed (VK_ERROR_OUT_OF_HOST_MEMORY)
MESA: error: ZINK: vkGetCalibratedTimestampsEXT failed (VK_ERROR_OUT_OF_HOST_MEMORY)
MESA: error: ZINK: vkGetCalibratedTimestampsEXT failed (VK_ERROR_OUT_OF_HOST_MEMORY)
MESA: error: ZINK: vkGetCalibratedTimestampsEXT failed (VK_ERROR_OUT_OF_HOST_MEMORY)
MESA: error: ZINK: vkGetCalibratedTimestampsEXT failed (VK_ERROR_OUT_OF_HOST_MEMORY)
MESA: error: ZINK: vkGetCalibratedTimestampsEXT failed (VK_ERROR_OUT_OF_HOST_MEMORY)
MESA: error: ZINK: vkGetCalibratedTimestampsEXT failed (VK_ERROR_OUT_OF_HOST_MEMORY)
MESA: error: ZINK: vkGetCalibratedTimestampsEXT failed (VK_ERROR_OUT_OF_HOST_MEMORY)
MESA: error: ZINK: vkGetCalibratedTimestampsEXT failed (VK_ERROR_OUT_OF_HOST_MEMORY)
MESA: error: ZINK: vkGetCalibratedTimestampsEXT failed (VK_ERROR_OUT_OF_HOST_MEMORY)
MESA: error: ZINK: vkGetCalibratedTimestampsEXT failed (VK_ERROR_OUT_OF_HOST_MEMORY)
MESA: error: ZINK: vkGetCalibratedTimestampsEXT failed (VK_ERROR_OUT_OF_HOST_MEMORY)
MESA: error: ZINK: vkGetCalibratedTimestampsEXT failed (VK_ERROR_OUT_OF_HOST_MEMORY)
MESA: error: ZINK: vkGetCalibratedTimestampsEXT failed (VK_ERROR_OUT_OF_HOST_MEMORY)
MESA: error: ZINK: vkGetCalibratedTimestampsEXT failed (VK_ERROR_OUT_OF_HOST_MEMORY)
MESA: error: ZINK: vkGetCalibratedTimestampsEXT failed (VK_ERROR_OUT_OF_HOST_MEMORY)
MESA: error: ZINK: vkGetCalibratedTimestampsEXT failed (VK_ERROR_OUT_OF_HOST_MEMORY)
MESA: error: ZINK: vkGetCalibratedTimestampsEXT failed (VK_ERROR_OUT_OF_HOST_MEMORY)
MESA: error: ZINK: vkGetCalibratedTimestampsEXT failed (VK_ERROR_OUT_OF_HOST_MEMORY)
MESA: error: ZINK: vkGetCalibratedTimestampsEXT failed (VK_ERROR_OUT_OF_HOST_MEMORY)
MESA: error: ZINK: vkGetCalibratedTimestampsEXT failed (VK_ERROR_OUT_OF_HOST_MEMORY)
MESA: error: ZINK: vkGetCalibratedTimestampsEXT failed (VK_ERROR_OUT_OF_HOST_MEMORY)
MESA: error: ZINK: vkGetCalibratedTimestampsEXT failed (VK_ERROR_OUT_OF_HOST_MEMORY)
MESA: error: ZINK: vkGetCalibratedTimestampsEXT failed (VK_ERROR_OUT_OF_HOST_MEMORY)
MESA: error: ZINK: vkGetCalibratedTimestampsEXT failed (VK_ERROR_OUT_OF_HOST_MEMORY)
MESA: error: ZINK: vkGetCalibratedTimestampsEXT failed (VK_ERROR_OUT_OF_HOST_MEMORY)
MESA: error: ZINK: vkGetCalibratedTimestampsEXT failed (VK_ERROR_OUT_OF_HOST_MEMORY)
MESA: error: ZINK: vkGetCalibratedTimestampsEXT failed (VK_ERROR_OUT_OF_HOST_MEMORY)
MESA: error: ZINK: vkGetCalibratedTimestampsEXT failed (VK_ERROR_OUT_OF_HOST_MEMORY)
MESA: error: ZINK: vkGetCalibratedTimestampsEXT failed (VK_ERROR_OUT_OF_HOST_MEMORY)
MESA: error: ZINK: vkGetCalibratedTimestampsEXT failed (VK_ERROR_OUT_OF_HOST_MEMORY)
MESA: error: ZINK: vkGetCalibratedTimestampsEXT failed (VK_ERROR_OUT_OF_HOST_MEMORY)
MESA: error: ZINK: vkGetCalibratedTimestampsEXT failed (VK_ERROR_OUT_OF_HOST_MEMORY)
MESA: error: ZINK: vkGetCalibratedTimestampsEXT failed (VK_ERROR_OUT_OF_HOST_MEMORY)
MESA: error: ZINK: vkGetCalibratedTimestampsEXT failed (VK_ERROR_OUT_OF_HOST_MEMORY)
MESA: error: ZINK: vkGetCalibratedTimestampsEXT failed (VK_ERROR_OUT_OF_HOST_MEMORY)
MESA: error: ZINK: vkGetCalibratedTimestampsEXT failed (VK_ERROR_OUT_OF_HOST_MEMORY)
MESA: error: ZINK: vkGetCalibratedTimestampsEXT failed (VK_ERROR_OUT_OF_HOST_MEMORY)
MESA: error: ZINK: vkGetCalibratedTimestampsEXT failed (VK_ERROR_OUT_OF_HOST_MEMORY)
MESA: error: ZINK: vkGetCalibratedTimestampsEXT failed (VK_ERROR_OUT_OF_HOST_MEMORY)
MESA: error: ZINK: vkGetCalibratedTimestampsEXT failed (VK_ERROR_OUT_OF_HOST_MEMORY)
MESA: error: ZINK: vkGetCalibratedTimestampsEXT failed (VK_ERROR_OUT_OF_HOST_MEMORY)
MESA: error: ZINK: vkGetCalibratedTimestampsEXT failed (VK_ERROR_OUT_OF_HOST_MEMORY)
MESA: error: ZINK: vkGetCalibratedTimestampsEXT failed (VK_ERROR_OUT_OF_HOST_MEMORY)
MESA: error: ZINK: vkGetCalibratedTimestampsEXT failed (VK_ERROR_OUT_OF_HOST_MEMORY)
MESA: error: ZINK: vkGetCalibratedTimestampsEXT failed (VK_ERROR_OUT_OF_HOST_MEMORY)
MESA: error: ZINK: vkGetCalibratedTimestampsEXT failed (VK_ERROR_OUT_OF_HOST_MEMORY)
MESA: error: ZINK: vkGetCalibratedTimestampsEXT failed (VK_ERROR_OUT_OF_HOST_MEMORY)
MESA: error: ZINK: vkGetCalibratedTimestampsEXT failed (VK_ERROR_OUT_OF_HOST_MEMORY)
MESA: error: ZINK: vkGetCalibratedTimestampsEXT failed (VK_ERROR_OUT_OF_HOST_MEMORY)
MESA: error: ZINK: vkGetCalibratedTimestampsEXT failed (VK_ERROR_OUT_OF_HOST_MEMORY)
MESA: error: ZINK: vkGetCalibratedTimestampsEXT failed (VK_ERROR_OUT_OF_HOST_MEMORY)
MESA: error: ZINK: vkGetCalibratedTimestampsEXT failed (VK_ERROR_OUT_OF_HOST_MEMORY)
MESA: error: ZINK: vkGetCalibratedTimestampsEXT failed (VK_ERROR_OUT_OF_HOST_MEMORY)
MESA: error: ZINK: vkGetCalibratedTimestampsEXT failed (VK_ERROR_OUT_OF_HOST_MEMORY)
MESA: error: ZINK: vkGetCalibratedTimestampsEXT failed (VK_ERROR_OUT_OF_HOST_MEMORY)
MESA: error: ZINK: vkGetCalibratedTimestampsEXT failed (VK_ERROR_OUT_OF_HOST_MEMORY)
MESA: error: ZINK: vkGetCalibratedTimestampsEXT failed (VK_ERROR_OUT_OF_HOST_MEMORY)
MESA: error: ZINK: vkGetCalibratedTimestampsEXT failed (VK_ERROR_OUT_OF_HOST_MEMORY)
MESA: error: ZINK: vkGetCalibratedTimestampsEXT failed (VK_ERROR_OUT_OF_HOST_MEMORY)
MESA: error: ZINK: vkGetCalibratedTimestampsEXT failed (VK_ERROR_OUT_OF_HOST_MEMORY)
MESA: error: ZINK: vkGetCalibratedTimestampsEXT failed (VK_ERROR_OUT_OF_HOST_MEMORY)
MESA: error: ZINK: vkGetCalibratedTimestampsEXT failed (VK_ERROR_OUT_OF_HOST_MEMORY)
MESA: error: ZINK: vkGetCalibratedTimestampsEXT failed (VK_ERROR_OUT_OF_HOST_MEMORY)
MESA: error: ZINK: vkGetCalibratedTimestampsEXT failed (VK_ERROR_OUT_OF_HOST_MEMORY)
MESA: error: ZINK: vkGetCalibratedTimestampsEXT failed (VK_ERROR_OUT_OF_HOST_MEMORY)
MESA: error: ZINK: vkGetCalibratedTimestampsEXT failed (VK_ERROR_OUT_OF_HOST_MEMORY)
MESA: error: ZINK: vkGetCalibratedTimestampsEXT failed (VK_ERROR_OUT_OF_HOST_MEMORY)
MESA: error: ZINK: vkGetCalibratedTimestampsEXT failed (VK_ERROR_OUT_OF_HOST_MEMORY)
MESA: error: ZINK: vkGetCalibratedTimestampsEXT failed (VK_ERROR_OUT_OF_HOST_MEMORY)
MESA: error: ZINK: vkGetCalibratedTimestampsEXT failed (VK_ERROR_OUT_OF_HOST_MEMORY)
MESA: error: ZINK: vkGetCalibratedTimestampsEXT failed (VK_ERROR_OUT_OF_HOST_MEMORY)
MESA: error: ZINK: vkGetCalibratedTimestampsEXT failed (VK_ERROR_OUT_OF_HOST_MEMORY)
MESA: error: ZINK: vkGetCalibratedTimestampsEXT failed (VK_ERROR_OUT_OF_HOST_MEMORY)
MESA: error: ZINK: vkGetCalibratedTimestampsEXT failed (VK_ERROR_OUT_OF_HOST_MEMORY)
MESA: error: ZINK: vkGetCalibratedTimestampsEXT failed (VK_ERROR_OUT_OF_HOST_MEMORY)
MESA: error: ZINK: vkGetCalibratedTimestampsEXT failed (VK_ERROR_OUT_OF_HOST_MEMORY)
MESA: error: ZINK: vkGetCalibratedTimestampsEXT failed (VK_ERROR_OUT_OF_HOST_MEMORY)
MESA: error: ZINK: vkGetCalibratedTimestampsEXT failed (VK_ERROR_OUT_OF_HOST_MEMORY)
MESA: error: ZINK: vkGetCalibratedTimestampsEXT failed (VK_ERROR_OUT_OF_HOST_MEMORY)
MESA: error: ZINK: vkGetCalibratedTimestampsEXT failed (VK_ERROR_OUT_OF_HOST_MEMORY)
MESA: error: ZINK: vkGetCalibratedTimestampsEXT failed (VK_ERROR_OUT_OF_HOST_MEMORY)
MESA: error: ZINK: vkGetCalibratedTimestampsEXT failed (VK_ERROR_OUT_OF_HOST_MEMORY)
MESA: error: ZINK: vkGetCalibratedTimestampsEXT failed (VK_ERROR_OUT_OF_HOST_MEMORY)
MESA: error: ZINK: vkGetCalibratedTimestampsEXT failed (VK_ERROR_OUT_OF_HOST_MEMORY)
MESA: error: ZINK: vkGetCalibratedTimestampsEXT failed (VK_ERROR_OUT_OF_HOST_MEMORY)
MESA: error: ZINK: vkGetCalibratedTimestampsEXT failed (VK_ERROR_OUT_OF_HOST_MEMORY)
MESA: error: ZINK: vkGetCalibratedTimestampsEXT failed (VK_ERROR_OUT_OF_HOST_MEMORY)
MESA: error: ZINK: vkGetCalibratedTimestampsEXT failed (VK_ERROR_OUT_OF_HOST_MEMORY)
MESA: error: ZINK: vkGetCalibratedTimestampsEXT failed (VK_ERROR_OUT_OF_HOST_MEMORY)
MESA: error: ZINK: vkGetCalibratedTimestampsEXT failed (VK_ERROR_OUT_OF_HOST_MEMORY)
MESA: error: ZINK: vkGetCalibratedTimestampsEXT failed (VK_ERROR_OUT_OF_HOST_MEMORY)
MESA: error: ZINK: vkGetCalibratedTimestampsEXT failed (VK_ERROR_OUT_OF_HOST_MEMORY)
MESA: error: ZINK: vkGetCalibratedTimestampsEXT failed (VK_ERROR_OUT_OF_HOST_MEMORY)
MESA: error: ZINK: vkGetCalibratedTimestampsEXT failed (VK_ERROR_OUT_OF_HOST_MEMORY)
MESA: error: ZINK: vkGetCalibratedTimestampsEXT failed (VK_ERROR_OUT_OF_HOST_MEMORY)
MESA: error: ZINK: vkGetCalibratedTimestampsEXT failed (VK_ERROR_OUT_OF_HOST_MEMORY)
MESA: error: ZINK: vkGetCalibratedTimestampsEXT failed (VK_ERROR_OUT_OF_HOST_MEMORY)
MESA: error: ZINK: vkGetCalibratedTimestampsEXT failed (VK_ERROR_OUT_OF_HOST_MEMORY)
MESA: error: ZINK: vkGetCalibratedTimestampsEXT failed (VK_ERROR_OUT_OF_HOST_MEMORY)
MESA: error: ZINK: vkGetCalibratedTimestampsEXT failed (VK_ERROR_OUT_OF_HOST_MEMORY)
MESA: error: ZINK: vkGetCalibratedTimestampsEXT failed (VK_ERROR_OUT_OF_HOST_MEMORY)
MESA: error: ZINK: vkGetCalibratedTimestampsEXT failed (VK_ERROR_OUT_OF_HOST_MEMORY)
MESA: error: ZINK: vkGetCalibratedTimestampsEXT failed (VK_ERROR_OUT_OF_HOST_MEMORY)
MESA: error: ZINK: vkGetCalibratedTimestampsEXT failed (VK_ERROR_OUT_OF_HOST_MEMORY)
MESA: error: ZINK: vkGetCalibratedTimestampsEXT failed (VK_ERROR_OUT_OF_HOST_MEMORY)
MESA: error: ZINK: vkGetCalibratedTimestampsEXT failed (VK_ERROR_OUT_OF_HOST_MEMORY)
MESA: error: ZINK: vkGetCalibratedTimestampsEXT failed (VK_ERROR_OUT_OF_HOST_MEMORY)
MESA: error: ZINK: vkGetCalibratedTimestampsEXT failed (VK_ERROR_OUT_OF_HOST_MEMORY)
MESA: error: ZINK: vkGetCalibratedTimestampsEXT failed (VK_ERROR_OUT_OF_HOST_MEMORY)
MESA: error: ZINK: vkGetCalibratedTimestampsEXT failed (VK_ERROR_OUT_OF_HOST_MEMORY)
MESA: error: ZINK: vkGetCalibratedTimestampsEXT failed (VK_ERROR_OUT_OF_HOST_MEMORY)
MESA: error: ZINK: vkGetCalibratedTimestampsEXT failed (VK_ERROR_OUT_OF_HOST_MEMORY)
MESA: error: ZINK: vkGetCalibratedTimestampsEXT failed (VK_ERROR_OUT_OF_HOST_MEMORY)
MESA: error: ZINK: vkGetCalibratedTimestampsEXT failed (VK_ERROR_OUT_OF_HOST_MEMORY)
MESA: error: ZINK: vkGetCalibratedTimestampsEXT failed (VK_ERROR_OUT_OF_HOST_MEMORY)
MESA: error: ZINK: vkGetCalibratedTimestampsEXT failed (VK_ERROR_OUT_OF_HOST_MEMORY)
MESA: error: ZINK: vkGetCalibratedTimestampsEXT failed (VK_ERROR_OUT_OF_HOST_MEMORY)
MESA: error: ZINK: vkGetCalibratedTimestampsEXT failed (VK_ERROR_OUT_OF_HOST_MEMORY)
MESA: error: ZINK: vkGetCalibratedTimestampsEXT failed (VK_ERROR_OUT_OF_HOST_MEMORY)
MESA: error: ZINK: vkGetCalibratedTimestampsEXT failed (VK_ERROR_OUT_OF_HOST_MEMORY)
MESA: error: ZINK: vkGetCalibratedTimestampsEXT failed (VK_ERROR_OUT_OF_HOST_MEMORY)
MESA: error: ZINK: vkGetCalibratedTimestampsEXT failed (VK_ERROR_OUT_OF_HOST_MEMORY)
MESA: error: ZINK: vkGetCalibratedTimestampsEXT failed (VK_ERROR_OUT_OF_HOST_MEMORY)
MESA: error: ZINK: vkGetCalibratedTimestampsEXT failed (VK_ERROR_OUT_OF_HOST_MEMORY)
MESA: error: ZINK: vkGetCalibratedTimestampsEXT failed (VK_ERROR_OUT_OF_HOST_MEMORY)
MESA: error: ZINK: vkGetCalibratedTimestampsEXT failed (VK_ERROR_OUT_OF_HOST_MEMORY)
MESA: error: ZINK: vkGetCalibratedTimestampsEXT failed (VK_ERROR_OUT_OF_HOST_MEMORY)
MESA: error: ZINK: vkGetCalibratedTimestampsEXT failed (VK_ERROR_OUT_OF_HOST_MEMORY)
MESA: error: ZINK: vkGetCalibratedTimestampsEXT failed (VK_ERROR_OUT_OF_HOST_MEMORY)
MESA: error: ZINK: vkGetCalibratedTimestampsEXT failed (VK_ERROR_OUT_OF_HOST_MEMORY)
MESA: error: ZINK: vkGetCalibratedTimestampsEXT failed (VK_ERROR_OUT_OF_HOST_MEMORY)
MESA: error: ZINK: vkGetCalibratedTimestampsEXT failed (VK_ERROR_OUT_OF_HOST_MEMORY)
MESA: error: ZINK: vkGetCalibratedTimestampsEXT failed (VK_ERROR_OUT_OF_HOST_MEMORY)
MESA: error: ZINK: vkGetCalibratedTimestampsEXT failed (VK_ERROR_OUT_OF_HOST_MEMORY)
MESA: error: ZINK: vkGetCalibratedTimestampsEXT failed (VK_ERROR_OUT_OF_HOST_MEMORY)
MESA: error: ZINK: vkGetCalibratedTimestampsEXT failed (VK_ERROR_OUT_OF_HOST_MEMORY)
MESA: error: ZINK: vkGetCalibratedTimestampsEXT failed (VK_ERROR_OUT_OF_HOST_MEMORY)
MESA: error: ZINK: vkGetCalibratedTimestampsEXT failed (VK_ERROR_OUT_OF_HOST_MEMORY)
MESA: error: ZINK: vkGetCalibratedTimestampsEXT failed (VK_ERROR_OUT_OF_HOST_MEMORY)
MESA: error: ZINK: vkGetCalibratedTimestampsEXT failed (VK_ERROR_OUT_OF_HOST_MEMORY)
MESA: error: ZINK: vkGetCalibratedTimestampsEXT failed (VK_ERROR_OUT_OF_HOST_MEMORY)
MESA: error: ZINK: vkGetCalibratedTimestampsEXT failed (VK_ERROR_OUT_OF_HOST_MEMORY)
MESA: error: ZINK: vkGetCalibratedTimestampsEXT failed (VK_ERROR_OUT_OF_HOST_MEMORY)
MESA: error: ZINK: vkGetCalibratedTimestampsEXT failed (VK_ERROR_OUT_OF_HOST_MEMORY)
MESA: error: ZINK: vkGetCalibratedTimestampsEXT failed (VK_ERROR_OUT_OF_HOST_MEMORY)
MESA: error: ZINK: vkGetCalibratedTimestampsEXT failed (VK_ERROR_OUT_OF_HOST_MEMORY)
MESA: error: ZINK: vkGetCalibratedTimestampsEXT failed (VK_ERROR_OUT_OF_HOST_MEMORY)
MESA: error: ZINK: vkGetCalibratedTimestampsEXT failed (VK_ERROR_OUT_OF_HOST_MEMORY)
MESA: error: ZINK: vkGetCalibratedTimestampsEXT failed (VK_ERROR_OUT_OF_HOST_MEMORY)
MESA: error: ZINK: vkGetCalibratedTimestampsEXT failed (VK_ERROR_OUT_OF_HOST_MEMORY)
MESA: error: ZINK: vkGetCalibratedTimestampsEXT failed (VK_ERROR_OUT_OF_HOST_MEMORY)
MESA: error: ZINK: vkGetCalibratedTimestampsEXT failed (VK_ERROR_OUT_OF_HOST_MEMORY)
MESA: error: ZINK: vkGetCalibratedTimestampsEXT failed (VK_ERROR_OUT_OF_HOST_MEMORY)
MESA: error: ZINK: vkGetCalibratedTimestampsEXT failed (VK_ERROR_OUT_OF_HOST_MEMORY)
MESA: error: ZINK: vkGetCalibratedTimestampsEXT failed (VK_ERROR_OUT_OF_HOST_MEMORY)
MESA: error: ZINK: vkGetCalibratedTimestampsEXT failed (VK_ERROR_OUT_OF_HOST_MEMORY)
MESA: error: ZINK: vkGetCalibratedTimestampsEXT failed (VK_ERROR_OUT_OF_HOST_MEMORY)
MESA: error: ZINK: vkGetCalibratedTimestampsEXT failed (VK_ERROR_OUT_OF_HOST_MEMORY)
MESA: error: ZINK: vkGetCalibratedTimestampsEXT failed (VK_ERROR_OUT_OF_HOST_MEMORY)
MESA: error: ZINK: vkGetCalibratedTimestampsEXT failed (VK_ERROR_OUT_OF_HOST_MEMORY)
MESA: error: ZINK: vkGetCalibratedTimestampsEXT failed (VK_ERROR_OUT_OF_HOST_MEMORY)
MESA: error: ZINK: vkGetCalibratedTimestampsEXT failed (VK_ERROR_OUT_OF_HOST_MEMORY)
MESA: error: ZINK: vkGetCalibratedTimestampsEXT failed (VK_ERROR_OUT_OF_HOST_MEMORY)
MESA: error: ZINK: vkGetCalibratedTimestampsEXT failed (VK_ERROR_OUT_OF_HOST_MEMORY)
MESA: error: ZINK: vkGetCalibratedTimestampsEXT failed (VK_ERROR_OUT_OF_HOST_MEMORY)
MESA: error: ZINK: vkGetCalibratedTimestampsEXT failed (VK_ERROR_OUT_OF_HOST_MEMORY)
MESA: error: ZINK: vkGetCalibratedTimestampsEXT failed (VK_ERROR_OUT_OF_HOST_MEMORY)
MESA: error: ZINK: vkGetCalibratedTimestampsEXT failed (VK_ERROR_OUT_OF_HOST_MEMORY)
MESA: error: ZINK: vkGetCalibratedTimestampsEXT failed (VK_ERROR_OUT_OF_HOST_MEMORY)
MESA: error: ZINK: vkGetCalibratedTimestampsEXT failed (VK_ERROR_OUT_OF_HOST_MEMORY)
MESA: error: ZINK: vkGetCalibratedTimestampsEXT failed (VK_ERROR_OUT_OF_HOST_MEMORY)
MESA: error: ZINK: vkGetCalibratedTimestampsEXT failed (VK_ERROR_OUT_OF_HOST_MEMORY)
MESA: error: ZINK: vkGetCalibratedTimestampsEXT failed (VK_ERROR_OUT_OF_HOST_MEMORY)
MESA: error: ZINK: vkGetCalibratedTimestampsEXT failed (VK_ERROR_OUT_OF_HOST_MEMORY)
MESA: error: ZINK: vkGetCalibratedTimestampsEXT failed (VK_ERROR_OUT_OF_HOST_MEMORY)
MESA: error: ZINK: vkGetCalibratedTimestampsEXT failed (VK_ERROR_OUT_OF_HOST_MEMORY)
MESA: error: ZINK: vkGetCalibratedTimestampsEXT failed (VK_ERROR_OUT_OF_HOST_MEMORY)
MESA: error: ZINK: vkGetCalibratedTimestampsEXT failed (VK_ERROR_OUT_OF_HOST_MEMORY)
MESA: error: ZINK: vkGetCalibratedTimestampsEXT failed (VK_ERROR_OUT_OF_HOST_MEMORY)
MESA: error: ZINK: vkGetCalibratedTimestampsEXT failed (VK_ERROR_OUT_OF_HOST_MEMORY)
MESA: error: ZINK: vkGetCalibratedTimestampsEXT failed (VK_ERROR_OUT_OF_HOST_MEMORY)
MESA: error: ZINK: vkGetCalibratedTimestampsEXT failed (VK_ERROR_OUT_OF_HOST_MEMORY)
MESA: error: ZINK: vkGetCalibratedTimestampsEXT failed (VK_ERROR_OUT_OF_HOST_MEMORY)
MESA: error: ZINK: vkGetCalibratedTimestampsEXT failed (VK_ERROR_OUT_OF_HOST_MEMORY)
MESA: error: ZINK: vkGetCalibratedTimestampsEXT failed (VK_ERROR_OUT_OF_HOST_MEMORY)
MESA: error: ZINK: vkGetCalibratedTimestampsEXT failed (VK_ERROR_OUT_OF_HOST_MEMORY)
MESA: error: ZINK: vkGetCalibratedTimestampsEXT failed (VK_ERROR_OUT_OF_HOST_MEMORY)
MESA: error: ZINK: vkGetCalibratedTimestampsEXT failed (VK_ERROR_OUT_OF_HOST_MEMORY)
MESA: error: ZINK: vkGetCalibratedTimestampsEXT failed (VK_ERROR_OUT_OF_HOST_MEMORY)
MESA: error: ZINK: vkGetCalibratedTimestampsEXT failed (VK_ERROR_OUT_OF_HOST_MEMORY)
MESA: error: ZINK: vkGetCalibratedTimestampsEXT failed (VK_ERROR_OUT_OF_HOST_MEMORY)
MESA: error: ZINK: vkGetCalibratedTimestampsEXT failed (VK_ERROR_OUT_OF_HOST_MEMORY)
MESA: error: ZINK: vkGetCalibratedTimestampsEXT failed (VK_ERROR_OUT_OF_HOST_MEMORY)
MESA: error: ZINK: vkGetCalibratedTimestampsEXT failed (VK_ERROR_OUT_OF_HOST_MEMORY)
MESA: error: ZINK: vkGetCalibratedTimestampsEXT failed (VK_ERROR_OUT_OF_HOST_MEMORY)
MESA: error: ZINK: vkGetCalibratedTimestampsEXT failed (VK_ERROR_OUT_OF_HOST_MEMORY)
MESA: error: ZINK: vkGetCalibratedTimestampsEXT failed (VK_ERROR_OUT_OF_HOST_MEMORY)
MESA: error: ZINK: vkGetCalibratedTimestampsEXT failed (VK_ERROR_OUT_OF_HOST_MEMORY)
MESA: error: ZINK: vkGetCalibratedTimestampsEXT failed (VK_ERROR_OUT_OF_HOST_MEMORY)
MESA: error: ZINK: vkGetCalibratedTimestampsEXT failed (VK_ERROR_OUT_OF_HOST_MEMORY)
MESA: error: ZINK: vkGetCalibratedTimestampsEXT failed (VK_ERROR_OUT_OF_HOST_MEMORY)
MESA: error: ZINK: vkGetCalibratedTimestampsEXT failed (VK_ERROR_OUT_OF_HOST_MEMORY)
MESA: error: ZINK: vkGetCalibratedTimestampsEXT failed (VK_ERROR_OUT_OF_HOST_MEMORY)
MESA: error: ZINK: vkGetCalibratedTimestampsEXT failed (VK_ERROR_OUT_OF_HOST_MEMORY)
MESA: error: ZINK: vkGetCalibratedTimestampsEXT failed (VK_ERROR_OUT_OF_HOST_MEMORY)
MESA: error: ZINK: vkGetCalibratedTimestampsEXT failed (VK_ERROR_OUT_OF_HOST_MEMORY)
MESA: error: ZINK: vkGetCalibratedTimestampsEXT failed (VK_ERROR_OUT_OF_HOST_MEMORY)
MESA: error: ZINK: vkGetCalibratedTimestampsEXT failed (VK_ERROR_OUT_OF_HOST_MEMORY)
MESA: error: ZINK: vkGetCalibratedTimestampsEXT failed (VK_ERROR_OUT_OF_HOST_MEMORY)
MESA: error: ZINK: vkGetCalibratedTimestampsEXT failed (VK_ERROR_OUT_OF_HOST_MEMORY)
MESA: error: ZINK: vkGetCalibratedTimestampsEXT failed (VK_ERROR_OUT_OF_HOST_MEMORY)
MESA: error: ZINK: vkGetCalibratedTimestampsEXT failed (VK_ERROR_OUT_OF_HOST_MEMORY)
MESA: error: ZINK: vkGetCalibratedTimestampsEXT failed (VK_ERROR_OUT_OF_HOST_MEMORY)
MESA: error: ZINK: vkGetCalibratedTimestampsEXT failed (VK_ERROR_OUT_OF_HOST_MEMORY)
MESA: error: ZINK: vkGetCalibratedTimestampsEXT failed (VK_ERROR_OUT_OF_HOST_MEMORY)
MESA: error: ZINK: vkGetCalibratedTimestampsEXT failed (VK_ERROR_OUT_OF_HOST_MEMORY)
MESA: error: ZINK: vkGetCalibratedTimestampsEXT failed (VK_ERROR_OUT_OF_HOST_MEMORY)
MESA: error: ZINK: vkGetCalibratedTimestampsEXT failed (VK_ERROR_OUT_OF_HOST_MEMORY)
MESA: error: ZINK: vkGetCalibratedTimestampsEXT failed (VK_ERROR_OUT_OF_HOST_MEMORY)
MESA: error: ZINK: vkGetCalibratedTimestampsEXT failed (VK_ERROR_OUT_OF_HOST_MEMORY)
MESA: error: ZINK: vkGetCalibratedTimestampsEXT failed (VK_ERROR_OUT_OF_HOST_MEMORY)
MESA: error: ZINK: vkGetCalibratedTimestampsEXT failed (VK_ERROR_OUT_OF_HOST_MEMORY)
MESA: error: ZINK: vkGetCalibratedTimestampsEXT failed (VK_ERROR_OUT_OF_HOST_MEMORY)
MESA: error: ZINK: vkGetCalibratedTimestampsEXT failed (VK_ERROR_OUT_OF_HOST_MEMORY)
MESA: error: ZINK: vkGetCalibratedTimestampsEXT failed (VK_ERROR_OUT_OF_HOST_MEMORY)
MESA: error: ZINK: vkGetCalibratedTimestampsEXT failed (VK_ERROR_OUT_OF_HOST_MEMORY)
MESA: error: ZINK: vkGetCalibratedTimestampsEXT failed (VK_ERROR_OUT_OF_HOST_MEMORY)
MESA: error: ZINK: vkGetCalibratedTimestampsEXT failed (VK_ERROR_OUT_OF_HOST_MEMORY)
MESA: error: ZINK: vkGetCalibratedTimestampsEXT failed (VK_ERROR_OUT_OF_HOST_MEMORY)
MESA: error: ZINK: vkGetCalibratedTimestampsEXT failed (VK_ERROR_OUT_OF_HOST_MEMORY)
MESA: error: ZINK: vkGetCalibratedTimestampsEXT failed (VK_ERROR_OUT_OF_HOST_MEMORY)
MESA: error: ZINK: vkGetCalibratedTimestampsEXT failed (VK_ERROR_OUT_OF_HOST_MEMORY)
MESA: error: ZINK: vkGetCalibratedTimestampsEXT failed (VK_ERROR_OUT_OF_HOST_MEMORY)
MESA: error: ZINK: vkGetCalibratedTimestampsEXT failed (VK_ERROR_OUT_OF_HOST_MEMORY)
MESA: error: ZINK: vkGetCalibratedTimestampsEXT failed (VK_ERROR_OUT_OF_HOST_MEMORY)
MESA: error: ZINK: vkGetCalibratedTimestampsEXT failed (VK_ERROR_OUT_OF_HOST_MEMORY)
MESA: error: ZINK: vkGetCalibratedTimestampsEXT failed (VK_ERROR_OUT_OF_HOST_MEMORY)
MESA: error: ZINK: vkGetCalibratedTimestampsEXT failed (VK_ERROR_OUT_OF_HOST_MEMORY)
MESA: error: ZINK: vkGetCalibratedTimestampsEXT failed (VK_ERROR_OUT_OF_HOST_MEMORY)
MESA: error: ZINK: vkGetCalibratedTimestampsEXT failed (VK_ERROR_OUT_OF_HOST_MEMORY)
MESA: error: ZINK: vkGetCalibratedTimestampsEXT failed (VK_ERROR_OUT_OF_HOST_MEMORY)
MESA: error: ZINK: vkGetCalibratedTimestampsEXT failed (VK_ERROR_OUT_OF_HOST_MEMORY)
MESA: error: ZINK: vkGetCalibratedTimestampsEXT failed (VK_ERROR_OUT_OF_HOST_MEMORY)
MESA: error: ZINK: vkGetCalibratedTimestampsEXT failed (VK_ERROR_OUT_OF_HOST_MEMORY)
MESA: error: ZINK: vkGetCalibratedTimestampsEXT failed (VK_ERROR_OUT_OF_HOST_MEMORY)
MESA: error: ZINK: vkGetCalibratedTimestampsEXT failed (VK_ERROR_OUT_OF_HOST_MEMORY)
MESA: error: ZINK: vkGetCalibratedTimestampsEXT failed (VK_ERROR_OUT_OF_HOST_MEMORY)
MESA: error: ZINK: vkGetCalibratedTimestampsEXT failed (VK_ERROR_OUT_OF_HOST_MEMORY)
MESA: error: ZINK: vkGetCalibratedTimestampsEXT failed (VK_ERROR_OUT_OF_HOST_MEMORY)
MESA: error: ZINK: vkGetCalibratedTimestampsEXT failed (VK_ERROR_OUT_OF_HOST_MEMORY)
MESA: error: ZINK: vkGetCalibratedTimestampsEXT failed (VK_ERROR_OUT_OF_HOST_MEMORY)
MESA: error: ZINK: vkGetCalibratedTimestampsEXT failed (VK_ERROR_OUT_OF_HOST_MEMORY)
MESA: error: ZINK: vkGetCalibratedTimestampsEXT failed (VK_ERROR_OUT_OF_HOST_MEMORY)
MESA: error: ZINK: vkGetCalibratedTimestampsEXT failed (VK_ERROR_OUT_OF_HOST_MEMORY)
MESA: error: ZINK: vkGetCalibratedTimestampsEXT failed (VK_ERROR_OUT_OF_HOST_MEMORY)
MESA: error: ZINK: vkGetCalibratedTimestampsEXT failed (VK_ERROR_OUT_OF_HOST_MEMORY)
MESA: error: ZINK: vkGetCalibratedTimestampsEXT failed (VK_ERROR_OUT_OF_HOST_MEMORY)
MESA: error: ZINK: vkGetCalibratedTimestampsEXT failed (VK_ERROR_OUT_OF_HOST_MEMORY)
MESA: error: ZINK: vkGetCalibratedTimestampsEXT failed (VK_ERROR_OUT_OF_HOST_MEMORY)
MESA: error: ZINK: vkGetCalibratedTimestampsEXT failed (VK_ERROR_OUT_OF_HOST_MEMORY)
MESA: error: ZINK: vkGetCalibratedTimestampsEXT failed (VK_ERROR_OUT_OF_HOST_MEMORY)
MESA: error: ZINK: vkGetCalibratedTimestampsEXT failed (VK_ERROR_OUT_OF_HOST_MEMORY)
MESA: error: ZINK: vkGetCalibratedTimestampsEXT failed (VK_ERROR_OUT_OF_HOST_MEMORY)
MESA: error: ZINK: vkGetCalibratedTimestampsEXT failed (VK_ERROR_OUT_OF_HOST_MEMORY)
MESA: error: ZINK: vkGetCalibratedTimestampsEXT failed (VK_ERROR_OUT_OF_HOST_MEMORY)
MESA: error: ZINK: vkGetCalibratedTimestampsEXT failed (VK_ERROR_OUT_OF_HOST_MEMORY)
MESA: error: ZINK: vkGetCalibratedTimestampsEXT failed (VK_ERROR_OUT_OF_HOST_MEMORY)
MESA: error: ZINK: vkGetCalibratedTimestampsEXT failed (VK_ERROR_OUT_OF_HOST_MEMORY)
MESA: error: ZINK: vkGetCalibratedTimestampsEXT failed (VK_ERROR_OUT_OF_HOST_MEMORY)
MESA: error: ZINK: vkGetCalibratedTimestampsEXT failed (VK_ERROR_OUT_OF_HOST_MEMORY)
MESA: error: ZINK: vkGetCalibratedTimestampsEXT failed (VK_ERROR_OUT_OF_HOST_MEMORY)
MESA: error: ZINK: vkGetCalibratedTimestampsEXT failed (VK_ERROR_OUT_OF_HOST_MEMORY)
MESA: error: ZINK: vkGetCalibratedTimestampsEXT failed (VK_ERROR_OUT_OF_HOST_MEMORY)
MESA: error: ZINK: vkGetCalibratedTimestampsEXT failed (VK_ERROR_OUT_OF_HOST_MEMORY)
MESA: error: ZINK: vkGetCalibratedTimestampsEXT failed (VK_ERROR_OUT_OF_HOST_MEMORY)
MESA: error: ZINK: vkGetCalibratedTimestampsEXT failed (VK_ERROR_OUT_OF_HOST_MEMORY)
MESA: error: ZINK: vkGetCalibratedTimestampsEXT failed (VK_ERROR_OUT_OF_HOST_MEMORY)
MESA: error: ZINK: vkGetCalibratedTimestampsEXT failed (VK_ERROR_OUT_OF_HOST_MEMORY)
MESA: error: ZINK: vkGetCalibratedTimestampsEXT failed (VK_ERROR_OUT_OF_HOST_MEMORY)
MESA: error: ZINK: vkGetCalibratedTimestampsEXT failed (VK_ERROR_OUT_OF_HOST_MEMORY)
MESA: error: ZINK: vkGetCalibratedTimestampsEXT failed (VK_ERROR_OUT_OF_HOST_MEMORY)
MESA: error: ZINK: vkGetCalibratedTimestampsEXT failed (VK_ERROR_OUT_OF_HOST_MEMORY)
MESA: error: ZINK: vkGetCalibratedTimestampsEXT failed (VK_ERROR_OUT_OF_HOST_MEMORY)
MESA: error: ZINK: vkGetCalibratedTimestampsEXT failed (VK_ERROR_OUT_OF_HOST_MEMORY)
MESA: error: ZINK: vkGetCalibratedTimestampsEXT failed (VK_ERROR_OUT_OF_HOST_MEMORY)
MESA: error: ZINK: vkGetCalibratedTimestampsEXT failed (VK_ERROR_OUT_OF_HOST_MEMORY)
MESA: error: ZINK: vkGetCalibratedTimestampsEXT failed (VK_ERROR_OUT_OF_HOST_MEMORY)
MESA: error: ZINK: vkGetCalibratedTimestampsEXT failed (VK_ERROR_OUT_OF_HOST_MEMORY)
MESA: error: ZINK: vkGetCalibratedTimestampsEXT failed (VK_ERROR_OUT_OF_HOST_MEMORY)
MESA: error: ZINK: vkGetCalibratedTimestampsEXT failed (VK_ERROR_OUT_OF_HOST_MEMORY)
MESA: error: ZINK: vkGetCalibratedTimestampsEXT failed (VK_ERROR_OUT_OF_HOST_MEMORY)
MESA: error: ZINK: vkGetCalibratedTimestampsEXT failed (VK_ERROR_OUT_OF_HOST_MEMORY)
MESA: error: ZINK: vkGetCalibratedTimestampsEXT failed (VK_ERROR_OUT_OF_HOST_MEMORY)
MESA: error: ZINK: vkGetCalibratedTimestampsEXT failed (VK_ERROR_OUT_OF_HOST_MEMORY)
MESA: error: ZINK: vkGetCalibratedTimestampsEXT failed (VK_ERROR_OUT_OF_HOST_MEMORY)
MESA: error: ZINK: vkGetCalibratedTimestampsEXT failed (VK_ERROR_OUT_OF_HOST_MEMORY)
MESA: error: ZINK: vkGetCalibratedTimestampsEXT failed (VK_ERROR_OUT_OF_HOST_MEMORY)
MESA: error: ZINK: vkGetCalibratedTimestampsEXT failed (VK_ERROR_OUT_OF_HOST_MEMORY)
MESA: error: ZINK: vkGetCalibratedTimestampsEXT failed (VK_ERROR_OUT_OF_HOST_MEMORY)
MESA: error: ZINK: vkGetCalibratedTimestampsEXT failed (VK_ERROR_OUT_OF_HOST_MEMORY)
MESA: error: ZINK: vkGetCalibratedTimestampsEXT failed (VK_ERROR_OUT_OF_HOST_MEMORY)
MESA: error: ZINK: vkGetCalibratedTimestampsEXT failed (VK_ERROR_OUT_OF_HOST_MEMORY)
MESA: error: ZINK: vkGetCalibratedTimestampsEXT failed (VK_ERROR_OUT_OF_HOST_MEMORY)
MESA: error: ZINK: vkGetCalibratedTimestampsEXT failed (VK_ERROR_OUT_OF_HOST_MEMORY)
MESA: error: ZINK: vkGetCalibratedTimestampsEXT failed (VK_ERROR_OUT_OF_HOST_MEMORY)
MESA: error: ZINK: vkGetCalibratedTimestampsEXT failed (VK_ERROR_OUT_OF_HOST_MEMORY)
MESA: error: ZINK: vkGetCalibratedTimestampsEXT failed (VK_ERROR_OUT_OF_HOST_MEMORY)
MESA: error: ZINK: vkGetCalibratedTimestampsEXT failed (VK_ERROR_OUT_OF_HOST_MEMORY)
MESA: error: ZINK: vkGetCalibratedTimestampsEXT failed (VK_ERROR_OUT_OF_HOST_MEMORY)
MESA: error: ZINK: vkGetCalibratedTimestampsEXT failed (VK_ERROR_OUT_OF_HOST_MEMORY)
MESA: error: ZINK: vkGetCalibratedTimestampsEXT failed (VK_ERROR_OUT_OF_HOST_MEMORY)
MESA: error: ZINK: vkGetCalibratedTimestampsEXT failed (VK_ERROR_OUT_OF_HOST_MEMORY)
MESA: error: ZINK: vkGetCalibratedTimestampsEXT failed (VK_ERROR_OUT_OF_HOST_MEMORY)
MESA: error: ZINK: vkGetCalibratedTimestampsEXT failed (VK_ERROR_OUT_OF_HOST_MEMORY)
MESA: error: ZINK: vkGetCalibratedTimestampsEXT failed (VK_ERROR_OUT_OF_HOST_MEMORY)
MESA: error: ZINK: vkGetCalibratedTimestampsEXT failed (VK_ERROR_OUT_OF_HOST_MEMORY)
MESA: error: ZINK: vkGetCalibratedTimestampsEXT failed (VK_ERROR_OUT_OF_HOST_MEMORY)
MESA: error: ZINK: vkGetCalibratedTimestampsEXT failed (VK_ERROR_OUT_OF_HOST_MEMORY)
MESA: error: ZINK: vkGetCalibratedTimestampsEXT failed (VK_ERROR_OUT_OF_HOST_MEMORY)
MESA: error: ZINK: vkGetCalibratedTimestampsEXT failed (VK_ERROR_OUT_OF_HOST_MEMORY)
MESA: error: ZINK: vkGetCalibratedTimestampsEXT failed (VK_ERROR_OUT_OF_HOST_MEMORY)
MESA: error: ZINK: vkGetCalibratedTimestampsEXT failed (VK_ERROR_OUT_OF_HOST_MEMORY)
MESA: error: ZINK: vkGetCalibratedTimestampsEXT failed (VK_ERROR_OUT_OF_HOST_MEMORY)
MESA: error: ZINK: vkGetCalibratedTimestampsEXT failed (VK_ERROR_OUT_OF_HOST_MEMORY)
MESA: error: ZINK: vkGetCalibratedTimestampsEXT failed (VK_ERROR_OUT_OF_HOST_MEMORY)
MESA: error: ZINK: vkGetCalibratedTimestampsEXT failed (VK_ERROR_OUT_OF_HOST_MEMORY)
MESA: error: ZINK: vkGetCalibratedTimestampsEXT failed (VK_ERROR_OUT_OF_HOST_MEMORY)
MESA: error: ZINK: vkGetCalibratedTimestampsEXT failed (VK_ERROR_OUT_OF_HOST_MEMORY)
MESA: error: ZINK: vkGetCalibratedTimestampsEXT failed (VK_ERROR_OUT_OF_HOST_MEMORY)
MESA: error: ZINK: vkGetCalibratedTimestampsEXT failed (VK_ERROR_OUT_OF_HOST_MEMORY)
MESA: error: ZINK: vkGetCalibratedTimestampsEXT failed (VK_ERROR_OUT_OF_HOST_MEMORY)
MESA: error: ZINK: vkGetCalibratedTimestampsEXT failed (VK_ERROR_OUT_OF_HOST_MEMORY)
MESA: error: ZINK: vkGetCalibratedTimestampsEXT failed (VK_ERROR_OUT_OF_HOST_MEMORY)
MESA: error: ZINK: vkGetCalibratedTimestampsEXT failed (VK_ERROR_OUT_OF_HOST_MEMORY)
MESA: error: ZINK: vkGetCalibratedTimestampsEXT failed (VK_ERROR_OUT_OF_HOST_MEMORY)
MESA: error: ZINK: vkGetCalibratedTimestampsEXT failed (VK_ERROR_OUT_OF_HOST_MEMORY)
MESA: error: ZINK: vkGetCalibratedTimestampsEXT failed (VK_ERROR_OUT_OF_HOST_MEMORY)
MESA: error: ZINK: vkGetCalibratedTimestampsEXT failed (VK_ERROR_OUT_OF_HOST_MEMORY)
MESA: error: ZINK: vkGetCalibratedTimestampsEXT failed (VK_ERROR_OUT_OF_HOST_MEMORY)
MESA: error: ZINK: vkGetCalibratedTimestampsEXT failed (VK_ERROR_OUT_OF_HOST_MEMORY)
MESA: error: ZINK: vkGetCalibratedTimestampsEXT failed (VK_ERROR_OUT_OF_HOST_MEMORY)
MESA: error: ZINK: vkGetCalibratedTimestampsEXT failed (VK_ERROR_OUT_OF_HOST_MEMORY)
MESA: error: ZINK: vkGetCalibratedTimestampsEXT failed (VK_ERROR_OUT_OF_HOST_MEMORY)
MESA: error: ZINK: vkGetCalibratedTimestampsEXT failed (VK_ERROR_OUT_OF_HOST_MEMORY)
MESA: error: ZINK: vkGetCalibratedTimestampsEXT failed (VK_ERROR_OUT_OF_HOST_MEMORY)
MESA: error: ZINK: vkGetCalibratedTimestampsEXT failed (VK_ERROR_OUT_OF_HOST_MEMORY)
MESA: error: ZINK: vkGetCalibratedTimestampsEXT failed (VK_ERROR_OUT_OF_HOST_MEMORY)
MESA: error: ZINK: vkGetCalibratedTimestampsEXT failed (VK_ERROR_OUT_OF_HOST_MEMORY)
MESA: error: ZINK: vkGetCalibratedTimestampsEXT failed (VK_ERROR_OUT_OF_HOST_MEMORY)
MESA: error: ZINK: vkGetCalibratedTimestampsEXT failed (VK_ERROR_OUT_OF_HOST_MEMORY)
MESA: error: ZINK: vkGetCalibratedTimestampsEXT failed (VK_ERROR_OUT_OF_HOST_MEMORY)
MESA: error: ZINK: vkGetCalibratedTimestampsEXT failed (VK_ERROR_OUT_OF_HOST_MEMORY)
MESA: error: ZINK: vkGetCalibratedTimestampsEXT failed (VK_ERROR_OUT_OF_HOST_MEMORY)
MESA: error: ZINK: vkGetCalibratedTimestampsEXT failed (VK_ERROR_OUT_OF_HOST_MEMORY)
MESA: error: ZINK: vkGetCalibratedTimestampsEXT failed (VK_ERROR_OUT_OF_HOST_MEMORY)
MESA: error: ZINK: vkGetCalibratedTimestampsEXT failed (VK_ERROR_OUT_OF_HOST_MEMORY)
MESA: error: ZINK: vkGetCalibratedTimestampsEXT failed (VK_ERROR_OUT_OF_HOST_MEMORY)
MESA: error: ZINK: vkGetCalibratedTimestampsEXT failed (VK_ERROR_OUT_OF_HOST_MEMORY)
MESA: error: ZINK: vkGetCalibratedTimestampsEXT failed (VK_ERROR_OUT_OF_HOST_MEMORY)
MESA: error: ZINK: vkGetCalibratedTimestampsEXT failed (VK_ERROR_OUT_OF_HOST_MEMORY)
MESA: error: ZINK: vkGetCalibratedTimestampsEXT failed (VK_ERROR_OUT_OF_HOST_MEMORY)
MESA: error: ZINK: vkGetCalibratedTimestampsEXT failed (VK_ERROR_OUT_OF_HOST_MEMORY)
MESA: error: ZINK: vkGetCalibratedTimestampsEXT failed (VK_ERROR_OUT_OF_HOST_MEMORY)
MESA: error: ZINK: vkGetCalibratedTimestampsEXT failed (VK_ERROR_OUT_OF_HOST_MEMORY)
MESA: error: ZINK: vkGetCalibratedTimestampsEXT failed (VK_ERROR_OUT_OF_HOST_MEMORY)
MESA: error: ZINK: vkGetCalibratedTimestampsEXT failed (VK_ERROR_OUT_OF_HOST_MEMORY)
MESA: error: ZINK: vkGetCalibratedTimestampsEXT failed (VK_ERROR_OUT_OF_HOST_MEMORY)
MESA: error: ZINK: vkGetCalibratedTimestampsEXT failed (VK_ERROR_OUT_OF_HOST_MEMORY)
MESA: error: ZINK: vkGetCalibratedTimestampsEXT failed (VK_ERROR_OUT_OF_HOST_MEMORY)
MESA: error: ZINK: vkGetCalibratedTimestampsEXT failed (VK_ERROR_OUT_OF_HOST_MEMORY)
MESA: error: ZINK: vkGetCalibratedTimestampsEXT failed (VK_ERROR_OUT_OF_HOST_MEMORY)
MESA: error: ZINK: vkGetCalibratedTimestampsEXT failed (VK_ERROR_OUT_OF_HOST_MEMORY)
MESA: error: ZINK: vkGetCalibratedTimestampsEXT failed (VK_ERROR_OUT_OF_HOST_MEMORY)
MESA: error: ZINK: vkGetCalibratedTimestampsEXT failed (VK_ERROR_OUT_OF_HOST_MEMORY)
MESA: error: ZINK: vkGetCalibratedTimestampsEXT failed (VK_ERROR_OUT_OF_HOST_MEMORY)
MESA: error: ZINK: vkGetCalibratedTimestampsEXT failed (VK_ERROR_OUT_OF_HOST_MEMORY)
MESA: error: ZINK: vkGetCalibratedTimestampsEXT failed (VK_ERROR_OUT_OF_HOST_MEMORY)
MESA: error: ZINK: vkGetCalibratedTimestampsEXT failed (VK_ERROR_OUT_OF_HOST_MEMORY)
MESA: error: ZINK: vkGetCalibratedTimestampsEXT failed (VK_ERROR_OUT_OF_HOST_MEMORY)
MESA: error: ZINK: vkGetCalibratedTimestampsEXT failed (VK_ERROR_OUT_OF_HOST_MEMORY)
MESA: error: ZINK: vkGetCalibratedTimestampsEXT failed (VK_ERROR_OUT_OF_HOST_MEMORY)
MESA: error: ZINK: vkGetCalibratedTimestampsEXT failed (VK_ERROR_OUT_OF_HOST_MEMORY)
MESA: error: ZINK: vkGetCalibratedTimestampsEXT failed (VK_ERROR_OUT_OF_HOST_MEMORY)
MESA: error: ZINK: vkGetCalibratedTimestampsEXT failed (VK_ERROR_OUT_OF_HOST_MEMORY)
MESA: error: ZINK: vkGetCalibratedTimestampsEXT failed (VK_ERROR_OUT_OF_HOST_MEMORY)
MESA: error: ZINK: vkGetCalibratedTimestampsEXT failed (VK_ERROR_OUT_OF_HOST_MEMORY)
MESA: error: ZINK: vkGetCalibratedTimestampsEXT failed (VK_ERROR_OUT_OF_HOST_MEMORY)
MESA: error: ZINK: vkGetCalibratedTimestampsEXT failed (VK_ERROR_OUT_OF_HOST_MEMORY)
MESA: error: ZINK: vkGetCalibratedTimestampsEXT failed (VK_ERROR_OUT_OF_HOST_MEMORY)
MESA: error: ZINK: vkGetCalibratedTimestampsEXT failed (VK_ERROR_OUT_OF_HOST_MEMORY)
MESA: error: ZINK: vkGetCalibratedTimestampsEXT failed (VK_ERROR_OUT_OF_HOST_MEMORY)
MESA: error: ZINK: vkGetCalibratedTimestampsEXT failed (VK_ERROR_OUT_OF_HOST_MEMORY)
MESA: error: ZINK: vkGetCalibratedTimestampsEXT failed (VK_ERROR_OUT_OF_HOST_MEMORY)
MESA: error: ZINK: vkGetCalibratedTimestampsEXT failed (VK_ERROR_OUT_OF_HOST_MEMORY)
MESA: error: ZINK: vkGetCalibratedTimestampsEXT failed (VK_ERROR_OUT_OF_HOST_MEMORY)
MESA: error: ZINK: vkGetCalibratedTimestampsEXT failed (VK_ERROR_OUT_OF_HOST_MEMORY)
MESA: error: ZINK: vkGetCalibratedTimestampsEXT failed (VK_ERROR_OUT_OF_HOST_MEMORY)
MESA: error: ZINK: vkGetCalibratedTimestampsEXT failed (VK_ERROR_OUT_OF_HOST_MEMORY)
MESA: error: ZINK: vkGetCalibratedTimestampsEXT failed (VK_ERROR_OUT_OF_HOST_MEMORY)
MESA: error: ZINK: vkGetCalibratedTimestampsEXT failed (VK_ERROR_OUT_OF_HOST_MEMORY)
MESA: error: ZINK: vkGetCalibratedTimestampsEXT failed (VK_ERROR_OUT_OF_HOST_MEMORY)
MESA: error: ZINK: vkGetCalibratedTimestampsEXT failed (VK_ERROR_OUT_OF_HOST_MEMORY)
MESA: error: ZINK: vkGetCalibratedTimestampsEXT failed (VK_ERROR_OUT_OF_HOST_MEMORY)
MESA: error: ZINK: vkGetCalibratedTimestampsEXT failed (VK_ERROR_OUT_OF_HOST_MEMORY)
MESA: error: ZINK: vkGetCalibratedTimestampsEXT failed (VK_ERROR_OUT_OF_HOST_MEMORY)
MESA: error: ZINK: vkGetCalibratedTimestampsEXT failed (VK_ERROR_OUT_OF_HOST_MEMORY)
MESA: error: ZINK: vkGetCalibratedTimestampsEXT failed (VK_ERROR_OUT_OF_HOST_MEMORY)
MESA: error: ZINK: vkGetCalibratedTimestampsEXT failed (VK_ERROR_OUT_OF_HOST_MEMORY)
MESA: error: ZINK: vkGetCalibratedTimestampsEXT failed (VK_ERROR_OUT_OF_HOST_MEMORY)
MESA: error: ZINK: vkGetCalibratedTimestampsEXT failed (VK_ERROR_OUT_OF_HOST_MEMORY)
MESA: error: ZINK: vkGetCalibratedTimestampsEXT failed (VK_ERROR_OUT_OF_HOST_MEMORY)
MESA: error: ZINK: vkGetCalibratedTimestampsEXT failed (VK_ERROR_OUT_OF_HOST_MEMORY)
MESA: error: ZINK: vkGetCalibratedTimestampsEXT failed (VK_ERROR_OUT_OF_HOST_MEMORY)
MESA: error: ZINK: vkGetCalibratedTimestampsEXT failed (VK_ERROR_OUT_OF_HOST_MEMORY)
MESA: error: ZINK: vkGetCalibratedTimestampsEXT failed (VK_ERROR_OUT_OF_HOST_MEMORY)
MESA: error: ZINK: vkGetCalibratedTimestampsEXT failed (VK_ERROR_OUT_OF_HOST_MEMORY)
MESA: error: ZINK: vkGetCalibratedTimestampsEXT failed (VK_ERROR_OUT_OF_HOST_MEMORY)
MESA: error: ZINK: vkGetCalibratedTimestampsEXT failed (VK_ERROR_OUT_OF_HOST_MEMORY)
MESA: error: ZINK: vkGetCalibratedTimestampsEXT failed (VK_ERROR_OUT_OF_HOST_MEMORY)
MESA: error: ZINK: vkGetCalibratedTimestampsEXT failed (VK_ERROR_OUT_OF_HOST_MEMORY)
MESA: error: ZINK: vkGetCalibratedTimestampsEXT failed (VK_ERROR_OUT_OF_HOST_MEMORY)
MESA: error: ZINK: vkGetCalibratedTimestampsEXT failed (VK_ERROR_OUT_OF_HOST_MEMORY)
MESA: error: ZINK: vkGetCalibratedTimestampsEXT failed (VK_ERROR_OUT_OF_HOST_MEMORY)
MESA: error: ZINK: vkGetCalibratedTimestampsEXT failed (VK_ERROR_OUT_OF_HOST_MEMORY)
MESA: error: ZINK: vkGetCalibratedTimestampsEXT failed (VK_ERROR_OUT_OF_HOST_MEMORY)
MESA: error: ZINK: vkGetCalibratedTimestampsEXT failed (VK_ERROR_OUT_OF_HOST_MEMORY)
MESA: error: ZINK: vkGetCalibratedTimestampsEXT failed (VK_ERROR_OUT_OF_HOST_MEMORY)
MESA: error: ZINK: vkGetCalibratedTimestampsEXT failed (VK_ERROR_OUT_OF_HOST_MEMORY)
MESA: error: ZINK: vkGetCalibratedTimestampsEXT failed (VK_ERROR_OUT_OF_HOST_MEMORY)
MESA: error: ZINK: vkGetCalibratedTimestampsEXT failed (VK_ERROR_OUT_OF_HOST_MEMORY)
MESA: error: ZINK: vkGetCalibratedTimestampsEXT failed (VK_ERROR_OUT_OF_HOST_MEMORY)
MESA: error: ZINK: vkGetCalibratedTimestampsEXT failed (VK_ERROR_OUT_OF_HOST_MEMORY)
MESA: error: ZINK: vkGetCalibratedTimestampsEXT failed (VK_ERROR_OUT_OF_HOST_MEMORY)
MESA: error: ZINK: vkGetCalibratedTimestampsEXT failed (VK_ERROR_OUT_OF_HOST_MEMORY)
MESA: error: ZINK: vkGetCalibratedTimestampsEXT failed (VK_ERROR_OUT_OF_HOST_MEMORY)
MESA: error: ZINK: vkGetCalibratedTimestampsEXT failed (VK_ERROR_OUT_OF_HOST_MEMORY)
MESA: error: ZINK: vkGetCalibratedTimestampsEXT failed (VK_ERROR_OUT_OF_HOST_MEMORY)
MESA: error: ZINK: vkGetCalibratedTimestampsEXT failed (VK_ERROR_OUT_OF_HOST_MEMORY)
MESA: error: ZINK: vkGetCalibratedTimestampsEXT failed (VK_ERROR_OUT_OF_HOST_MEMORY)
MESA: error: ZINK: vkGetCalibratedTimestampsEXT failed (VK_ERROR_OUT_OF_HOST_MEMORY)
MESA: error: ZINK: vkGetCalibratedTimestampsEXT failed (VK_ERROR_OUT_OF_HOST_MEMORY)
MESA: error: ZINK: vkGetCalibratedTimestampsEXT failed (VK_ERROR_OUT_OF_HOST_MEMORY)
MESA: error: ZINK: vkGetCalibratedTimestampsEXT failed (VK_ERROR_OUT_OF_HOST_MEMORY)
MESA: error: ZINK: vkGetCalibratedTimestampsEXT failed (VK_ERROR_OUT_OF_HOST_MEMORY)
MESA: error: ZINK: vkGetCalibratedTimestampsEXT failed (VK_ERROR_OUT_OF_HOST_MEMORY)
MESA: error: ZINK: vkGetCalibratedTimestampsEXT failed (VK_ERROR_OUT_OF_HOST_MEMORY)
MESA: error: ZINK: vkGetCalibratedTimestampsEXT failed (VK_ERROR_OUT_OF_HOST_MEMORY)
MESA: error: ZINK: vkGetCalibratedTimestampsEXT failed (VK_ERROR_OUT_OF_HOST_MEMORY)
MESA: error: ZINK: vkGetCalibratedTimestampsEXT failed (VK_ERROR_OUT_OF_HOST_MEMORY)
MESA: error: ZINK: vkGetCalibratedTimestampsEXT failed (VK_ERROR_OUT_OF_HOST_MEMORY)
MESA: error: ZINK: vkGetCalibratedTimestampsEXT failed (VK_ERROR_OUT_OF_HOST_MEMORY)
MESA: error: ZINK: vkGetCalibratedTimestampsEXT failed (VK_ERROR_OUT_OF_HOST_MEMORY)
MESA: error: ZINK: vkGetCalibratedTimestampsEXT failed (VK_ERROR_OUT_OF_HOST_MEMORY)
MESA: error: ZINK: vkGetCalibratedTimestampsEXT failed (VK_ERROR_OUT_OF_HOST_MEMORY)
MESA: error: ZINK: vkGetCalibratedTimestampsEXT failed (VK_ERROR_OUT_OF_HOST_MEMORY)
MESA: error: ZINK: vkGetCalibratedTimestampsEXT failed (VK_ERROR_OUT_OF_HOST_MEMORY)
MESA: error: ZINK: vkGetCalibratedTimestampsEXT failed (VK_ERROR_OUT_OF_HOST_MEMORY)
MESA: error: ZINK: vkGetCalibratedTimestampsEXT failed (VK_ERROR_OUT_OF_HOST_MEMORY)
MESA: error: ZINK: vkGetCalibratedTimestampsEXT failed (VK_ERROR_OUT_OF_HOST_MEMORY)
MESA: error: ZINK: vkGetCalibratedTimestampsEXT failed (VK_ERROR_OUT_OF_HOST_MEMORY)
MESA: error: ZINK: vkGetCalibratedTimestampsEXT failed (VK_ERROR_OUT_OF_HOST_MEMORY)
MESA: error: ZINK: vkGetCalibratedTimestampsEXT failed (VK_ERROR_OUT_OF_HOST_MEMORY)
MESA: error: ZINK: vkGetCalibratedTimestampsEXT failed (VK_ERROR_OUT_OF_HOST_MEMORY)
MESA: error: ZINK: vkGetCalibratedTimestampsEXT failed (VK_ERROR_OUT_OF_HOST_MEMORY)
MESA: error: ZINK: vkGetCalibratedTimestampsEXT failed (VK_ERROR_OUT_OF_HOST_MEMORY)
MESA: error: ZINK: vkGetCalibratedTimestampsEXT failed (VK_ERROR_OUT_OF_HOST_MEMORY)
MESA: error: ZINK: vkGetCalibratedTimestampsEXT failed (VK_ERROR_OUT_OF_HOST_MEMORY)
MESA: error: ZINK: vkGetCalibratedTimestampsEXT failed (VK_ERROR_OUT_OF_HOST_MEMORY)
MESA: error: ZINK: vkGetCalibratedTimestampsEXT failed (VK_ERROR_OUT_OF_HOST_MEMORY)
MESA: error: ZINK: vkGetCalibratedTimestampsEXT failed (VK_ERROR_OUT_OF_HOST_MEMORY)
MESA: error: ZINK: vkGetCalibratedTimestampsEXT failed (VK_ERROR_OUT_OF_HOST_MEMORY)
MESA: error: ZINK: vkGetCalibratedTimestampsEXT failed (VK_ERROR_OUT_OF_HOST_MEMORY)
MESA: error: ZINK: vkGetCalibratedTimestampsEXT failed (VK_ERROR_OUT_OF_HOST_MEMORY)
MESA: error: ZINK: vkGetCalibratedTimestampsEXT failed (VK_ERROR_OUT_OF_HOST_MEMORY)
MESA: error: ZINK: vkGetCalibratedTimestampsEXT failed (VK_ERROR_OUT_OF_HOST_MEMORY)
MESA: error: ZINK: vkGetCalibratedTimestampsEXT failed (VK_ERROR_OUT_OF_HOST_MEMORY)
MESA: error: ZINK: vkGetCalibratedTimestampsEXT failed (VK_ERROR_OUT_OF_HOST_MEMORY)
MESA: error: ZINK: vkGetCalibratedTimestampsEXT failed (VK_ERROR_OUT_OF_HOST_MEMORY)
MESA: error: ZINK: vkGetCalibratedTimestampsEXT failed (VK_ERROR_OUT_OF_HOST_MEMORY)
MESA: error: ZINK: vkGetCalibratedTimestampsEXT failed (VK_ERROR_OUT_OF_HOST_MEMORY)
MESA: error: ZINK: vkGetCalibratedTimestampsEXT failed (VK_ERROR_OUT_OF_HOST_MEMORY)
MESA: error: ZINK: vkGetCalibratedTimestampsEXT failed (VK_ERROR_OUT_OF_HOST_MEMORY)
MESA: error: ZINK: vkGetCalibratedTimestampsEXT failed (VK_ERROR_OUT_OF_HOST_MEMORY)
MESA: error: ZINK: vkGetCalibratedTimestampsEXT failed (VK_ERROR_OUT_OF_HOST_MEMORY)
MESA: error: ZINK: vkGetCalibratedTimestampsEXT failed (VK_ERROR_OUT_OF_HOST_MEMORY)
MESA: error: ZINK: vkGetCalibratedTimestampsEXT failed (VK_ERROR_OUT_OF_HOST_MEMORY)
MESA: error: ZINK: vkGetCalibratedTimestampsEXT failed (VK_ERROR_OUT_OF_HOST_MEMORY)
MESA: error: ZINK: vkGetCalibratedTimestampsEXT failed (VK_ERROR_OUT_OF_HOST_MEMORY)
MESA: error: ZINK: vkGetCalibratedTimestampsEXT failed (VK_ERROR_OUT_OF_HOST_MEMORY)
MESA: error: ZINK: vkGetCalibratedTimestampsEXT failed (VK_ERROR_OUT_OF_HOST_MEMORY)
MESA: error: ZINK: vkGetCalibratedTimestampsEXT failed (VK_ERROR_OUT_OF_HOST_MEMORY)
MESA: error: ZINK: vkGetCalibratedTimestampsEXT failed (VK_ERROR_OUT_OF_HOST_MEMORY)
MESA: error: ZINK: vkGetCalibratedTimestampsEXT failed (VK_ERROR_OUT_OF_HOST_MEMORY)
MESA: error: ZINK: vkGetCalibratedTimestampsEXT failed (VK_ERROR_OUT_OF_HOST_MEMORY)
MESA: error: ZINK: vkGetCalibratedTimestampsEXT failed (VK_ERROR_OUT_OF_HOST_MEMORY)
MESA: error: ZINK: vkGetCalibratedTimestampsEXT failed (VK_ERROR_OUT_OF_HOST_MEMORY)
MESA: error: ZINK: vkGetCalibratedTimestampsEXT failed (VK_ERROR_OUT_OF_HOST_MEMORY)
MESA: error: ZINK: vkGetCalibratedTimestampsEXT failed (VK_ERROR_OUT_OF_HOST_MEMORY)
MESA: error: ZINK: vkGetCalibratedTimestampsEXT failed (VK_ERROR_OUT_OF_HOST_MEMORY)
MESA: error: ZINK: vkGetCalibratedTimestampsEXT failed (VK_ERROR_OUT_OF_HOST_MEMORY)
MESA: error: ZINK: vkGetCalibratedTimestampsEXT failed (VK_ERROR_OUT_OF_HOST_MEMORY)
MESA: error: ZINK: vkGetCalibratedTimestampsEXT failed (VK_ERROR_OUT_OF_HOST_MEMORY)
MESA: error: ZINK: vkGetCalibratedTimestampsEXT failed (VK_ERROR_OUT_OF_HOST_MEMORY)
MESA: error: ZINK: vkGetCalibratedTimestampsEXT failed (VK_ERROR_OUT_OF_HOST_MEMORY)
MESA: error: ZINK: vkGetCalibratedTimestampsEXT failed (VK_ERROR_OUT_OF_HOST_MEMORY)
MESA: error: ZINK: vkGetCalibratedTimestampsEXT failed (VK_ERROR_OUT_OF_HOST_MEMORY)
MESA: error: ZINK: vkGetCalibratedTimestampsEXT failed (VK_ERROR_OUT_OF_HOST_MEMORY)
MESA: error: ZINK: vkGetCalibratedTimestampsEXT failed (VK_ERROR_OUT_OF_HOST_MEMORY)
MESA: error: ZINK: vkGetCalibratedTimestampsEXT failed (VK_ERROR_OUT_OF_HOST_MEMORY)
MESA: error: ZINK: vkGetCalibratedTimestampsEXT failed (VK_ERROR_OUT_OF_HOST_MEMORY)
MESA: error: ZINK: vkGetCalibratedTimestampsEXT failed (VK_ERROR_OUT_OF_HOST_MEMORY)
MESA: error: ZINK: vkGetCalibratedTimestampsEXT failed (VK_ERROR_OUT_OF_HOST_MEMORY)
MESA: error: ZINK: vkGetCalibratedTimestampsEXT failed (VK_ERROR_OUT_OF_HOST_MEMORY)
MESA: error: ZINK: vkGetCalibratedTimestampsEXT failed (VK_ERROR_OUT_OF_HOST_MEMORY)
MESA: error: ZINK: vkGetCalibratedTimestampsEXT failed (VK_ERROR_OUT_OF_HOST_MEMORY)
MESA: error: ZINK: vkGetCalibratedTimestampsEXT failed (VK_ERROR_OUT_OF_HOST_MEMORY)
MESA: error: ZINK: vkGetCalibratedTimestampsEXT failed (VK_ERROR_OUT_OF_HOST_MEMORY)
MESA: error: ZINK: vkGetCalibratedTimestampsEXT failed (VK_ERROR_OUT_OF_HOST_MEMORY)
MESA: error: ZINK: vkGetCalibratedTimestampsEXT failed (VK_ERROR_OUT_OF_HOST_MEMORY)
MESA: error: ZINK: vkGetCalibratedTimestampsEXT failed (VK_ERROR_OUT_OF_HOST_MEMORY)
MESA: error: ZINK: vkGetCalibratedTimestampsEXT failed (VK_ERROR_OUT_OF_HOST_MEMORY)
MESA: error: ZINK: vkGetCalibratedTimestampsEXT failed (VK_ERROR_OUT_OF_HOST_MEMORY)
MESA: error: ZINK: vkGetCalibratedTimestampsEXT failed (VK_ERROR_OUT_OF_HOST_MEMORY)
MESA: error: ZINK: vkGetCalibratedTimestampsEXT failed (VK_ERROR_OUT_OF_HOST_MEMORY)
MESA: error: ZINK: vkGetCalibratedTimestampsEXT failed (VK_ERROR_OUT_OF_HOST_MEMORY)
MESA: error: ZINK: vkGetCalibratedTimestampsEXT failed (VK_ERROR_OUT_OF_HOST_MEMORY)
MESA: error: ZINK: vkGetCalibratedTimestampsEXT failed (VK_ERROR_OUT_OF_HOST_MEMORY)
MESA: error: ZINK: vkGetCalibratedTimestampsEXT failed (VK_ERROR_OUT_OF_HOST_MEMORY)
MESA: error: ZINK: vkGetCalibratedTimestampsEXT failed (VK_ERROR_OUT_OF_HOST_MEMORY)
MESA: error: ZINK: vkGetCalibratedTimestampsEXT failed (VK_ERROR_OUT_OF_HOST_MEMORY)
MESA: error: ZINK: vkGetCalibratedTimestampsEXT failed (VK_ERROR_OUT_OF_HOST_MEMORY)
MESA: error: ZINK: vkGetCalibratedTimestampsEXT failed (VK_ERROR_OUT_OF_HOST_MEMORY)
MESA: error: ZINK: vkGetCalibratedTimestampsEXT failed (VK_ERROR_OUT_OF_HOST_MEMORY)
MESA: error: ZINK: vkGetCalibratedTimestampsEXT failed (VK_ERROR_OUT_OF_HOST_MEMORY)
MESA: error: ZINK: vkGetCalibratedTimestampsEXT failed (VK_ERROR_OUT_OF_HOST_MEMORY)
MESA: error: ZINK: vkGetCalibratedTimestampsEXT failed (VK_ERROR_OUT_OF_HOST_MEMORY)
MESA: error: ZINK: vkGetCalibratedTimestampsEXT failed (VK_ERROR_OUT_OF_HOST_MEMORY)
MESA: error: ZINK: vkGetCalibratedTimestampsEXT failed (VK_ERROR_OUT_OF_HOST_MEMORY)
MESA: error: ZINK: vkGetCalibratedTimestampsEXT failed (VK_ERROR_OUT_OF_HOST_MEMORY)
MESA: error: ZINK: vkGetCalibratedTimestampsEXT failed (VK_ERROR_OUT_OF_HOST_MEMORY)
MESA: error: ZINK: vkGetCalibratedTimestampsEXT failed (VK_ERROR_OUT_OF_HOST_MEMORY)
MESA: error: ZINK: vkGetCalibratedTimestampsEXT failed (VK_ERROR_OUT_OF_HOST_MEMORY)
MESA: error: ZINK: vkGetCalibratedTimestampsEXT failed (VK_ERROR_OUT_OF_HOST_MEMORY)
MESA: error: ZINK: vkGetCalibratedTimestampsEXT failed (VK_ERROR_OUT_OF_HOST_MEMORY)
MESA: error: ZINK: vkGetCalibratedTimestampsEXT failed (VK_ERROR_OUT_OF_HOST_MEMORY)
MESA: error: ZINK: vkGetCalibratedTimestampsEXT failed (VK_ERROR_OUT_OF_HOST_MEMORY)
MESA: error: ZINK: vkGetCalibratedTimestampsEXT failed (VK_ERROR_OUT_OF_HOST_MEMORY)
MESA: error: ZINK: vkGetCalibratedTimestampsEXT failed (VK_ERROR_OUT_OF_HOST_MEMORY)
MESA: error: ZINK: vkGetCalibratedTimestampsEXT failed (VK_ERROR_OUT_OF_HOST_MEMORY)
MESA: error: ZINK: vkGetCalibratedTimestampsEXT failed (VK_ERROR_OUT_OF_HOST_MEMORY)
MESA: error: ZINK: vkGetCalibratedTimestampsEXT failed (VK_ERROR_OUT_OF_HOST_MEMORY)
MESA: error: ZINK: vkGetCalibratedTimestampsEXT failed (VK_ERROR_OUT_OF_HOST_MEMORY)
MESA: error: ZINK: vkGetCalibratedTimestampsEXT failed (VK_ERROR_OUT_OF_HOST_MEMORY)
MESA: error: ZINK: vkGetCalibratedTimestampsEXT failed (VK_ERROR_OUT_OF_HOST_MEMORY)
MESA: error: ZINK: vkGetCalibratedTimestampsEXT failed (VK_ERROR_OUT_OF_HOST_MEMORY)
MESA: error: ZINK: vkGetCalibratedTimestampsEXT failed (VK_ERROR_OUT_OF_HOST_MEMORY)
MESA: error: ZINK: vkGetCalibratedTimestampsEXT failed (VK_ERROR_OUT_OF_HOST_MEMORY)
MESA: error: ZINK: vkGetCalibratedTimestampsEXT failed (VK_ERROR_OUT_OF_HOST_MEMORY)
MESA: error: ZINK: vkGetCalibratedTimestampsEXT failed (VK_ERROR_OUT_OF_HOST_MEMORY)
MESA: error: ZINK: vkGetCalibratedTimestampsEXT failed (VK_ERROR_OUT_OF_HOST_MEMORY)
MESA: error: ZINK: vkGetCalibratedTimestampsEXT failed (VK_ERROR_OUT_OF_HOST_MEMORY)
MESA: error: ZINK: vkGetCalibratedTimestampsEXT failed (VK_ERROR_OUT_OF_HOST_MEMORY)
MESA: error: ZINK: vkGetCalibratedTimestampsEXT failed (VK_ERROR_OUT_OF_HOST_MEMORY)
MESA: error: ZINK: vkGetCalibratedTimestampsEXT failed (VK_ERROR_OUT_OF_HOST_MEMORY)
MESA: error: ZINK: vkGetCalibratedTimestampsEXT failed (VK_ERROR_OUT_OF_HOST_MEMORY)
MESA: error: ZINK: vkGetCalibratedTimestampsEXT failed (VK_ERROR_OUT_OF_HOST_MEMORY)
MESA: error: ZINK: vkGetCalibratedTimestampsEXT failed (VK_ERROR_OUT_OF_HOST_MEMORY)
MESA: error: ZINK: vkGetCalibratedTimestampsEXT failed (VK_ERROR_OUT_OF_HOST_MEMORY)
MESA: error: ZINK: vkGetCalibratedTimestampsEXT failed (VK_ERROR_OUT_OF_HOST_MEMORY)
MESA: error: ZINK: vkGetCalibratedTimestampsEXT failed (VK_ERROR_OUT_OF_HOST_MEMORY)
MESA: error: ZINK: vkGetCalibratedTimestampsEXT failed (VK_ERROR_OUT_OF_HOST_MEMORY)
MESA: error: ZINK: vkGetCalibratedTimestampsEXT failed (VK_ERROR_OUT_OF_HOST_MEMORY)
MESA: error: ZINK: vkGetCalibratedTimestampsEXT failed (VK_ERROR_OUT_OF_HOST_MEMORY)
MESA: error: ZINK: vkGetCalibratedTimestampsEXT failed (VK_ERROR_OUT_OF_HOST_MEMORY)
MESA: error: ZINK: vkGetCalibratedTimestampsEXT failed (VK_ERROR_OUT_OF_HOST_MEMORY)
MESA: error: ZINK: vkGetCalibratedTimestampsEXT failed (VK_ERROR_OUT_OF_HOST_MEMORY)
MESA: error: ZINK: vkGetCalibratedTimestampsEXT failed (VK_ERROR_OUT_OF_HOST_MEMORY)
MESA: error: ZINK: vkGetCalibratedTimestampsEXT failed (VK_ERROR_OUT_OF_HOST_MEMORY)
MESA: error: ZINK: vkGetCalibratedTimestampsEXT failed (VK_ERROR_OUT_OF_HOST_MEMORY)
MESA: error: ZINK: vkGetCalibratedTimestampsEXT failed (VK_ERROR_OUT_OF_HOST_MEMORY)
MESA: error: ZINK: vkGetCalibratedTimestampsEXT failed (VK_ERROR_OUT_OF_HOST_MEMORY)
MESA: error: ZINK: vkGetCalibratedTimestampsEXT failed (VK_ERROR_OUT_OF_HOST_MEMORY)
MESA: error: ZINK: vkGetCalibratedTimestampsEXT failed (VK_ERROR_OUT_OF_HOST_MEMORY)
MESA: error: ZINK: vkGetCalibratedTimestampsEXT failed (VK_ERROR_OUT_OF_HOST_MEMORY)
MESA: error: ZINK: vkGetCalibratedTimestampsEXT failed (VK_ERROR_OUT_OF_HOST_MEMORY)
MESA: error: ZINK: vkGetCalibratedTimestampsEXT failed (VK_ERROR_OUT_OF_HOST_MEMORY)
MESA: error: ZINK: vkGetCalibratedTimestampsEXT failed (VK_ERROR_OUT_OF_HOST_MEMORY)
MESA: error: ZINK: vkGetCalibratedTimestampsEXT failed (VK_ERROR_OUT_OF_HOST_MEMORY)
MESA: error: ZINK: vkGetCalibratedTimestampsEXT failed (VK_ERROR_OUT_OF_HOST_MEMORY)
MESA: error: ZINK: vkGetCalibratedTimestampsEXT failed (VK_ERROR_OUT_OF_HOST_MEMORY)
MESA: error: ZINK: vkGetCalibratedTimestampsEXT failed (VK_ERROR_OUT_OF_HOST_MEMORY)
MESA: error: ZINK: vkGetCalibratedTimestampsEXT failed (VK_ERROR_OUT_OF_HOST_MEMORY)
MESA: error: ZINK: vkGetCalibratedTimestampsEXT failed (VK_ERROR_OUT_OF_HOST_MEMORY)
MESA: error: ZINK: vkGetCalibratedTimestampsEXT failed (VK_ERROR_OUT_OF_HOST_MEMORY)
MESA: error: ZINK: vkGetCalibratedTimestampsEXT failed (VK_ERROR_OUT_OF_HOST_MEMORY)
MESA: error: ZINK: vkGetCalibratedTimestampsEXT failed (VK_ERROR_OUT_OF_HOST_MEMORY)
MESA: error: ZINK: vkGetCalibratedTimestampsEXT failed (VK_ERROR_OUT_OF_HOST_MEMORY)
MESA: error: ZINK: vkGetCalibratedTimestampsEXT failed (VK_ERROR_OUT_OF_HOST_MEMORY)
MESA: error: ZINK: vkGetCalibratedTimestampsEXT failed (VK_ERROR_OUT_OF_HOST_MEMORY)
MESA: error: ZINK: vkGetCalibratedTimestampsEXT failed (VK_ERROR_OUT_OF_HOST_MEMORY)
MESA: error: ZINK: vkGetCalibratedTimestampsEXT failed (VK_ERROR_OUT_OF_HOST_MEMORY)
MESA: error: ZINK: vkGetCalibratedTimestampsEXT failed (VK_ERROR_OUT_OF_HOST_MEMORY)
MESA: error: ZINK: vkGetCalibratedTimestampsEXT failed (VK_ERROR_OUT_OF_HOST_MEMORY)
MESA: error: ZINK: vkGetCalibratedTimestampsEXT failed (VK_ERROR_OUT_OF_HOST_MEMORY)
MESA: error: ZINK: vkGetCalibratedTimestampsEXT failed (VK_ERROR_OUT_OF_HOST_MEMORY)
MESA: error: ZINK: vkGetCalibratedTimestampsEXT failed (VK_ERROR_OUT_OF_HOST_MEMORY)
MESA: error: ZINK: vkGetCalibratedTimestampsEXT failed (VK_ERROR_OUT_OF_HOST_MEMORY)
MESA: error: ZINK: vkGetCalibratedTimestampsEXT failed (VK_ERROR_OUT_OF_HOST_MEMORY)
MESA: error: ZINK: vkGetCalibratedTimestampsEXT failed (VK_ERROR_OUT_OF_HOST_MEMORY)
MESA: error: ZINK: vkGetCalibratedTimestampsEXT failed (VK_ERROR_OUT_OF_HOST_MEMORY)
MESA: error: ZINK: vkGetCalibratedTimestampsEXT failed (VK_ERROR_OUT_OF_HOST_MEMORY)
MESA: error: ZINK: vkGetCalibratedTimestampsEXT failed (VK_ERROR_OUT_OF_HOST_MEMORY)
MESA: error: ZINK: vkGetCalibratedTimestampsEXT failed (VK_ERROR_OUT_OF_HOST_MEMORY)
MESA: error: ZINK: vkGetCalibratedTimestampsEXT failed (VK_ERROR_OUT_OF_HOST_MEMORY)
MESA: error: ZINK: vkGetCalibratedTimestampsEXT failed (VK_ERROR_OUT_OF_HOST_MEMORY)
MESA: error: ZINK: vkGetCalibratedTimestampsEXT failed (VK_ERROR_OUT_OF_HOST_MEMORY)
MESA: error: ZINK: vkGetCalibratedTimestampsEXT failed (VK_ERROR_OUT_OF_HOST_MEMORY)
MESA: error: ZINK: vkGetCalibratedTimestampsEXT failed (VK_ERROR_OUT_OF_HOST_MEMORY)
MESA: error: ZINK: vkGetCalibratedTimestampsEXT failed (VK_ERROR_OUT_OF_HOST_MEMORY)
MESA: error: ZINK: vkGetCalibratedTimestampsEXT failed (VK_ERROR_OUT_OF_HOST_MEMORY)
MESA: error: ZINK: vkGetCalibratedTimestampsEXT failed (VK_ERROR_OUT_OF_HOST_MEMORY)
MESA: error: ZINK: vkGetCalibratedTimestampsEXT failed (VK_ERROR_OUT_OF_HOST_MEMORY)
MESA: error: ZINK: vkGetCalibratedTimestampsEXT failed (VK_ERROR_OUT_OF_HOST_MEMORY)
MESA: error: ZINK: vkGetCalibratedTimestampsEXT failed (VK_ERROR_OUT_OF_HOST_MEMORY)
MESA: error: ZINK: vkGetCalibratedTimestampsEXT failed (VK_ERROR_OUT_OF_HOST_MEMORY)
MESA: error: ZINK: vkGetCalibratedTimestampsEXT failed (VK_ERROR_OUT_OF_HOST_MEMORY)
MESA: error: ZINK: vkGetCalibratedTimestampsEXT failed (VK_ERROR_OUT_OF_HOST_MEMORY)
MESA: error: ZINK: vkGetCalibratedTimestampsEXT failed (VK_ERROR_OUT_OF_HOST_MEMORY)
MESA: error: ZINK: vkGetCalibratedTimestampsEXT failed (VK_ERROR_OUT_OF_HOST_MEMORY)
MESA: error: ZINK: vkGetCalibratedTimestampsEXT failed (VK_ERROR_OUT_OF_HOST_MEMORY)
MESA: error: ZINK: vkGetCalibratedTimestampsEXT failed (VK_ERROR_OUT_OF_HOST_MEMORY)
MESA: error: ZINK: vkGetCalibratedTimestampsEXT failed (VK_ERROR_OUT_OF_HOST_MEMORY)
MESA: error: ZINK: vkGetCalibratedTimestampsEXT failed (VK_ERROR_OUT_OF_HOST_MEMORY)
MESA: error: ZINK: vkGetCalibratedTimestampsEXT failed (VK_ERROR_OUT_OF_HOST_MEMORY)
MESA: error: ZINK: vkGetCalibratedTimestampsEXT failed (VK_ERROR_OUT_OF_HOST_MEMORY)
MESA: error: ZINK: vkGetCalibratedTimestampsEXT failed (VK_ERROR_OUT_OF_HOST_MEMORY)
MESA: error: ZINK: vkGetCalibratedTimestampsEXT failed (VK_ERROR_OUT_OF_HOST_MEMORY)
MESA: error: ZINK: vkGetCalibratedTimestampsEXT failed (VK_ERROR_OUT_OF_HOST_MEMORY)
MESA: error: ZINK: vkGetCalibratedTimestampsEXT failed (VK_ERROR_OUT_OF_HOST_MEMORY)
MESA: error: ZINK: vkGetCalibratedTimestampsEXT failed (VK_ERROR_OUT_OF_HOST_MEMORY)
MESA: error: ZINK: vkGetCalibratedTimestampsEXT failed (VK_ERROR_OUT_OF_HOST_MEMORY)
MESA: error: ZINK: vkGetCalibratedTimestampsEXT failed (VK_ERROR_OUT_OF_HOST_MEMORY)
MESA: error: ZINK: vkGetCalibratedTimestampsEXT failed (VK_ERROR_OUT_OF_HOST_MEMORY)
MESA: error: ZINK: vkGetCalibratedTimestampsEXT failed (VK_ERROR_OUT_OF_HOST_MEMORY)
MESA: error: ZINK: vkGetCalibratedTimestampsEXT failed (VK_ERROR_OUT_OF_HOST_MEMORY)
MESA: error: ZINK: vkGetCalibratedTimestampsEXT failed (VK_ERROR_OUT_OF_HOST_MEMORY)
MESA: error: ZINK: vkGetCalibratedTimestampsEXT failed (VK_ERROR_OUT_OF_HOST_MEMORY)
MESA: error: ZINK: vkGetCalibratedTimestampsEXT failed (VK_ERROR_OUT_OF_HOST_MEMORY)
MESA: error: ZINK: vkGetCalibratedTimestampsEXT failed (VK_ERROR_OUT_OF_HOST_MEMORY)
MESA: error: ZINK: vkGetCalibratedTimestampsEXT failed (VK_ERROR_OUT_OF_HOST_MEMORY)
MESA: error: ZINK: vkGetCalibratedTimestampsEXT failed (VK_ERROR_OUT_OF_HOST_MEMORY)
MESA: error: ZINK: vkGetCalibratedTimestampsEXT failed (VK_ERROR_OUT_OF_HOST_MEMORY)
MESA: error: ZINK: vkGetCalibratedTimestampsEXT failed (VK_ERROR_OUT_OF_HOST_MEMORY)
MESA: error: ZINK: vkGetCalibratedTimestampsEXT failed (VK_ERROR_OUT_OF_HOST_MEMORY)
MESA: error: ZINK: vkGetCalibratedTimestampsEXT failed (VK_ERROR_OUT_OF_HOST_MEMORY)
MESA: error: ZINK: vkGetCalibratedTimestampsEXT failed (VK_ERROR_OUT_OF_HOST_MEMORY)
MESA: error: ZINK: vkGetCalibratedTimestampsEXT failed (VK_ERROR_OUT_OF_HOST_MEMORY)
MESA: error: ZINK: vkGetCalibratedTimestampsEXT failed (VK_ERROR_OUT_OF_HOST_MEMORY)
MESA: error: ZINK: vkGetCalibratedTimestampsEXT failed (VK_ERROR_OUT_OF_HOST_MEMORY)
MESA: error: ZINK: vkGetCalibratedTimestampsEXT failed (VK_ERROR_OUT_OF_HOST_MEMORY)
MESA: error: ZINK: vkGetCalibratedTimestampsEXT failed (VK_ERROR_OUT_OF_HOST_MEMORY)
MESA: error: ZINK: vkGetCalibratedTimestampsEXT failed (VK_ERROR_OUT_OF_HOST_MEMORY)
MESA: error: ZINK: vkGetCalibratedTimestampsEXT failed (VK_ERROR_OUT_OF_HOST_MEMORY)
MESA: error: ZINK: vkGetCalibratedTimestampsEXT failed (VK_ERROR_OUT_OF_HOST_MEMORY)
MESA: error: ZINK: vkGetCalibratedTimestampsEXT failed (VK_ERROR_OUT_OF_HOST_MEMORY)
MESA: error: ZINK: vkGetCalibratedTimestampsEXT failed (VK_ERROR_OUT_OF_HOST_MEMORY)
MESA: error: ZINK: vkGetCalibratedTimestampsEXT failed (VK_ERROR_OUT_OF_HOST_MEMORY)
MESA: error: ZINK: vkGetCalibratedTimestampsEXT failed (VK_ERROR_OUT_OF_HOST_MEMORY)
MESA: error: ZINK: vkGetCalibratedTimestampsEXT failed (VK_ERROR_OUT_OF_HOST_MEMORY)
MESA: error: ZINK: vkGetCalibratedTimestampsEXT failed (VK_ERROR_OUT_OF_HOST_MEMORY)
MESA: error: ZINK: vkGetCalibratedTimestampsEXT failed (VK_ERROR_OUT_OF_HOST_MEMORY)
MESA: error: ZINK: vkGetCalibratedTimestampsEXT failed (VK_ERROR_OUT_OF_HOST_MEMORY)
MESA: error: ZINK: vkGetCalibratedTimestampsEXT failed (VK_ERROR_OUT_OF_HOST_MEMORY)
MESA: error: ZINK: vkGetCalibratedTimestampsEXT failed (VK_ERROR_OUT_OF_HOST_MEMORY)
MESA: error: ZINK: vkGetCalibratedTimestampsEXT failed (VK_ERROR_OUT_OF_HOST_MEMORY)
MESA: error: ZINK: vkGetCalibratedTimestampsEXT failed (VK_ERROR_OUT_OF_HOST_MEMORY)
MESA: error: ZINK: vkGetCalibratedTimestampsEXT failed (VK_ERROR_OUT_OF_HOST_MEMORY)
MESA: error: ZINK: vkGetCalibratedTimestampsEXT failed (VK_ERROR_OUT_OF_HOST_MEMORY)
MESA: error: ZINK: vkGetCalibratedTimestampsEXT failed (VK_ERROR_OUT_OF_HOST_MEMORY)
MESA: error: ZINK: vkGetCalibratedTimestampsEXT failed (VK_ERROR_OUT_OF_HOST_MEMORY)
MESA: error: ZINK: vkGetCalibratedTimestampsEXT failed (VK_ERROR_OUT_OF_HOST_MEMORY)
MESA: error: ZINK: vkGetCalibratedTimestampsEXT failed (VK_ERROR_OUT_OF_HOST_MEMORY)
MESA: error: ZINK: vkGetCalibratedTimestampsEXT failed (VK_ERROR_OUT_OF_HOST_MEMORY)
MESA: error: ZINK: vkGetCalibratedTimestampsEXT failed (VK_ERROR_OUT_OF_HOST_MEMORY)
MESA: error: ZINK: vkGetCalibratedTimestampsEXT failed (VK_ERROR_OUT_OF_HOST_MEMORY)
MESA: error: ZINK: vkGetCalibratedTimestampsEXT failed (VK_ERROR_OUT_OF_HOST_MEMORY)
MESA: error: ZINK: vkGetCalibratedTimestampsEXT failed (VK_ERROR_OUT_OF_HOST_MEMORY)
MESA: error: ZINK: vkGetCalibratedTimestampsEXT failed (VK_ERROR_OUT_OF_HOST_MEMORY)
MESA: error: ZINK: vkGetCalibratedTimestampsEXT failed (VK_ERROR_OUT_OF_HOST_MEMORY)
MESA: error: ZINK: vkGetCalibratedTimestampsEXT failed (VK_ERROR_OUT_OF_HOST_MEMORY)
MESA: error: ZINK: vkGetCalibratedTimestampsEXT failed (VK_ERROR_OUT_OF_HOST_MEMORY)
MESA: error: ZINK: vkGetCalibratedTimestampsEXT failed (VK_ERROR_OUT_OF_HOST_MEMORY)
MESA: error: ZINK: vkGetCalibratedTimestampsEXT failed (VK_ERROR_OUT_OF_HOST_MEMORY)
MESA: error: ZINK: vkGetCalibratedTimestampsEXT failed (VK_ERROR_OUT_OF_HOST_MEMORY)
MESA: error: ZINK: vkGetCalibratedTimestampsEXT failed (VK_ERROR_OUT_OF_HOST_MEMORY)
MESA: error: ZINK: vkGetCalibratedTimestampsEXT failed (VK_ERROR_OUT_OF_HOST_MEMORY)
MESA: error: ZINK: vkGetCalibratedTimestampsEXT failed (VK_ERROR_OUT_OF_HOST_MEMORY)
MESA: error: ZINK: vkGetCalibratedTimestampsEXT failed (VK_ERROR_OUT_OF_HOST_MEMORY)
MESA: error: ZINK: vkGetCalibratedTimestampsEXT failed (VK_ERROR_OUT_OF_HOST_MEMORY)
MESA: error: ZINK: vkGetCalibratedTimestampsEXT failed (VK_ERROR_OUT_OF_HOST_MEMORY)
MESA: error: ZINK: vkGetCalibratedTimestampsEXT failed (VK_ERROR_OUT_OF_HOST_MEMORY)
MESA: error: ZINK: vkGetCalibratedTimestampsEXT failed (VK_ERROR_OUT_OF_HOST_MEMORY)
MESA: error: ZINK: vkGetCalibratedTimestampsEXT failed (VK_ERROR_OUT_OF_HOST_MEMORY)
MESA: error: ZINK: vkGetCalibratedTimestampsEXT failed (VK_ERROR_OUT_OF_HOST_MEMORY)
MESA: error: ZINK: vkGetCalibratedTimestampsEXT failed (VK_ERROR_OUT_OF_HOST_MEMORY)
MESA: error: ZINK: vkGetCalibratedTimestampsEXT failed (VK_ERROR_OUT_OF_HOST_MEMORY)
MESA: error: ZINK: vkGetCalibratedTimestampsEXT failed (VK_ERROR_OUT_OF_HOST_MEMORY)
MESA: error: ZINK: vkGetCalibratedTimestampsEXT failed (VK_ERROR_OUT_OF_HOST_MEMORY)
MESA: error: ZINK: vkGetCalibratedTimestampsEXT failed (VK_ERROR_OUT_OF_HOST_MEMORY)
MESA: error: ZINK: vkGetCalibratedTimestampsEXT failed (VK_ERROR_OUT_OF_HOST_MEMORY)
MESA: error: ZINK: vkGetCalibratedTimestampsEXT failed (VK_ERROR_OUT_OF_HOST_MEMORY)
MESA: error: ZINK: vkGetCalibratedTimestampsEXT failed (VK_ERROR_OUT_OF_HOST_MEMORY)
MESA: error: ZINK: vkGetCalibratedTimestampsEXT failed (VK_ERROR_OUT_OF_HOST_MEMORY)
MESA: error: ZINK: vkGetCalibratedTimestampsEXT failed (VK_ERROR_OUT_OF_HOST_MEMORY)
MESA: error: ZINK: vkGetCalibratedTimestampsEXT failed (VK_ERROR_OUT_OF_HOST_MEMORY)
MESA: error: ZINK: vkGetCalibratedTimestampsEXT failed (VK_ERROR_OUT_OF_HOST_MEMORY)
MESA: error: ZINK: vkGetCalibratedTimestampsEXT failed (VK_ERROR_OUT_OF_HOST_MEMORY)
MESA: error: ZINK: vkGetCalibratedTimestampsEXT failed (VK_ERROR_OUT_OF_HOST_MEMORY)
MESA: error: ZINK: vkGetCalibratedTimestampsEXT failed (VK_ERROR_OUT_OF_HOST_MEMORY)
MESA: error: ZINK: vkGetCalibratedTimestampsEXT failed (VK_ERROR_OUT_OF_HOST_MEMORY)
MESA: error: ZINK: vkGetCalibratedTimestampsEXT failed (VK_ERROR_OUT_OF_HOST_MEMORY)
[90m[main 2026-09-24T05:22:41.767Z][0m [WorktreeCleanupMainService] Granted cleanup lease id=1 owner=window:1 reason="startup-catchup-worktree-cleanup"
MESA: error: ZINK: vkGetCalibratedTimestampsEXT failed (VK_ERROR_OUT_OF_HOST_MEMORY)
MESA: error: ZINK: vkGetCalibratedTimestampsEXT failed (VK_ERROR_OUT_OF_HOST_MEMORY)
MESA: error: ZINK: vkGetCalibratedTimestampsEXT failed (VK_ERROR_OUT_OF_HOST_MEMORY)
[90m[main 2026-09-24T05:22:41.794Z][0m [WorktreeCleanupMainService] Releasing cleanup lease id=1 owner=window:1 reason="startup-catchup-worktree-cleanup" releaseReason="released" heldForMs=28
MESA: error: ZINK: vkGetCalibratedTimestampsEXT failed (VK_ERROR_OUT_OF_HOST_MEMORY)
MESA: error: ZINK: vkGetCalibratedTimestampsEXT failed (VK_ERROR_OUT_OF_HOST_MEMORY)
MESA: error: ZINK: vkGetCalibratedTimestampsEXT failed (VK_ERROR_OUT_OF_HOST_MEMORY)
MESA: error: ZINK: vkGetCalibratedTimestampsEXT failed (VK_ERROR_OUT_OF_HOST_MEMORY)
MESA: error: ZINK: vkGetCalibratedTimestampsEXT failed (VK_ERROR_OUT_OF_HOST_MEMORY)
MESA: error: ZINK: vkGetCalibratedTimestampsEXT failed (VK_ERROR_OUT_OF_HOST_MEMORY)
MESA: error: ZINK: vkGetCalibratedTimestampsEXT failed (VK_ERROR_OUT_OF_HOST_MEMORY)
MESA: error: ZINK: vkGetCalibratedTimestampsEXT failed (VK_ERROR_OUT_OF_HOST_MEMORY)
MESA: error: ZINK: vkGetCalibratedTimestampsEXT failed (VK_ERROR_OUT_OF_HOST_MEMORY)
MESA: error: ZINK: vkGetCalibratedTimestampsEXT failed (VK_ERROR_OUT_OF_HOST_MEMORY)
MESA: error: ZINK: vkGetCalibratedTimestampsEXT failed (VK_ERROR_OUT_OF_HOST_MEMORY)
MESA: error: ZINK: vkGetCalibratedTimestampsEXT failed (VK_ERROR_OUT_OF_HOST_MEMORY)
MESA: error: ZINK: vkGetCalibratedTimestampsEXT failed (VK_ERROR_OUT_OF_HOST_MEMORY)
MESA: error: ZINK: vkGetCalibratedTimestampsEXT failed (VK_ERROR_OUT_OF_HOST_MEMORY)
MESA: error: ZINK: vkGetCalibratedTimestampsEXT failed (VK_ERROR_OUT_OF_HOST_MEMORY)
MESA: error: ZINK: vkGetCalibratedTimestampsEXT failed (VK_ERROR_OUT_OF_HOST_MEMORY)
MESA: error: ZINK: vkGetCalibratedTimestampsEXT failed (VK_ERROR_OUT_OF_HOST_MEMORY)
MESA: error: ZINK: vkGetCalibratedTimestampsEXT failed (VK_ERROR_OUT_OF_HOST_MEMORY)
MESA: error: ZINK: vkGetCalibratedTimestampsEXT failed (VK_ERROR_OUT_OF_HOST_MEMORY)
MESA: error: ZINK: vkGetCalibratedTimestampsEXT failed (VK_ERROR_OUT_OF_HOST_MEMORY)
MESA: error: ZINK: vkGetCalibratedTimestampsEXT failed (VK_ERROR_OUT_OF_HOST_MEMORY)
MESA: error: ZINK: vkGetCalibratedTimestampsEXT failed (VK_ERROR_OUT_OF_HOST_MEMORY)
MESA: error: ZINK: vkGetCalibratedTimestampsEXT failed (VK_ERROR_OUT_OF_HOST_MEMORY)
MESA: error: ZINK: vkGetCalibratedTimestampsEXT failed (VK_ERROR_OUT_OF_HOST_MEMORY)
MESA: error: ZINK: vkGetCalibratedTimestampsEXT failed (VK_ERROR_OUT_OF_HOST_MEMORY)
MESA: error: ZINK: vkGetCalibratedTimestampsEXT failed (VK_ERROR_OUT_OF_HOST_MEMORY)
MESA: error: ZINK: vkGetCalibratedTimestampsEXT failed (VK_ERROR_OUT_OF_HOST_MEMORY)
MESA: error: ZINK: vkGetCalibratedTimestampsEXT failed (VK_ERROR_OUT_OF_HOST_MEMORY)
MESA: error: ZINK: vkGetCalibratedTimestampsEXT failed (VK_ERROR_OUT_OF_HOST_MEMORY)
MESA: error: ZINK: vkGetCalibratedTimestampsEXT failed (VK_ERROR_OUT_OF_HOST_MEMORY)
MESA: error: ZINK: vkGetCalibratedTimestampsEXT failed (VK_ERROR_OUT_OF_HOST_MEMORY)
MESA: error: ZINK: vkGetCalibratedTimestampsEXT failed (VK_ERROR_OUT_OF_HOST_MEMORY)
MESA: error: ZINK: vkGetCalibratedTimestampsEXT failed (VK_ERROR_OUT_OF_HOST_MEMORY)
MESA: error: ZINK: vkGetCalibratedTimestampsEXT failed (VK_ERROR_OUT_OF_HOST_MEMORY)
MESA: error: ZINK: vkGetCalibratedTimestampsEXT failed (VK_ERROR_OUT_OF_HOST_MEMORY)
MESA: error: ZINK: vkGetCalibratedTimestampsEXT failed (VK_ERROR_OUT_OF_HOST_MEMORY)
MESA: error: ZINK: vkGetCalibratedTimestampsEXT failed (VK_ERROR_OUT_OF_HOST_MEMORY)
MESA: error: ZINK: vkGetCalibratedTimestampsEXT failed (VK_ERROR_OUT_OF_HOST_MEMORY)
MESA: error: ZINK: vkGetCalibratedTimestampsEXT failed (VK_ERROR_OUT_OF_HOST_MEMORY)
MESA: error: ZINK: vkGetCalibratedTimestampsEXT failed (VK_ERROR_OUT_OF_HOST_MEMORY)
MESA: error: ZINK: vkGetCalibratedTimestampsEXT failed (VK_ERROR_OUT_OF_HOST_MEMORY)
MESA: error: ZINK: vkGetCalibratedTimestampsEXT failed (VK_ERROR_OUT_OF_HOST_MEMORY)
MESA: error: ZINK: vkGetCalibratedTimestampsEXT failed (VK_ERROR_OUT_OF_HOST_MEMORY)
MESA: error: ZINK: vkGetCalibratedTimestampsEXT failed (VK_ERROR_OUT_OF_HOST_MEMORY)
MESA: error: ZINK: vkGetCalibratedTimestampsEXT failed (VK_ERROR_OUT_OF_HOST_MEMORY)
MESA: error: ZINK: vkGetCalibratedTimestampsEXT failed (VK_ERROR_OUT_OF_HOST_MEMORY)
MESA: error: ZINK: vkGetCalibratedTimestampsEXT failed (VK_ERROR_OUT_OF_HOST_MEMORY)
MESA: error: ZINK: vkGetCalibratedTimestampsEXT failed (VK_ERROR_OUT_OF_HOST_MEMORY)
MESA: error: ZINK: vkGetCalibratedTimestampsEXT failed (VK_ERROR_OUT_OF_HOST_MEMORY)
MESA: error: ZINK: vkGetCalibratedTimestampsEXT failed (VK_ERROR_OUT_OF_HOST_MEMORY)
MESA: error: ZINK: vkGetCalibratedTimestampsEXT failed (VK_ERROR_OUT_OF_HOST_MEMORY)
MESA: error: ZINK: vkGetCalibratedTimestampsEXT failed (VK_ERROR_OUT_OF_HOST_MEMORY)
MESA: error: ZINK: vkGetCalibratedTimestampsEXT failed (VK_ERROR_OUT_OF_HOST_MEMORY)
MESA: error: ZINK: vkGetCalibratedTimestampsEXT failed (VK_ERROR_OUT_OF_HOST_MEMORY)
MESA: error: ZINK: vkGetCalibratedTimestampsEXT failed (VK_ERROR_OUT_OF_HOST_MEMORY)
MESA: error: ZINK: vkGetCalibratedTimestampsEXT failed (VK_ERROR_OUT_OF_HOST_MEMORY)
MESA: error: ZINK: vkGetCalibratedTimestampsEXT failed (VK_ERROR_OUT_OF_HOST_MEMORY)
MESA: error: ZINK: vkGetCalibratedTimestampsEXT failed (VK_ERROR_OUT_OF_HOST_MEMORY)
MESA: error: ZINK: vkGetCalibratedTimestampsEXT failed (VK_ERROR_OUT_OF_HOST_MEMORY)
MESA: error: ZINK: vkGetCalibratedTimestampsEXT failed (VK_ERROR_OUT_OF_HOST_MEMORY)
MESA: error: ZINK: vkGetCalibratedTimestampsEXT failed (VK_ERROR_OUT_OF_HOST_MEMORY)
MESA: error: ZINK: vkGetCalibratedTimestampsEXT failed (VK_ERROR_OUT_OF_HOST_MEMORY)
MESA: error: ZINK: vkGetCalibratedTimestampsEXT failed (VK_ERROR_OUT_OF_HOST_MEMORY)
MESA: error: ZINK: vkGetCalibratedTimestampsEXT failed (VK_ERROR_OUT_OF_HOST_MEMORY)
MESA: error: ZINK: vkGetCalibratedTimestampsEXT failed (VK_ERROR_OUT_OF_HOST_MEMORY)
MESA: error: ZINK: vkGetCalibratedTimestampsEXT failed (VK_ERROR_OUT_OF_HOST_MEMORY)
MESA: error: ZINK: vkGetCalibratedTimestampsEXT failed (VK_ERROR_OUT_OF_HOST_MEMORY)
MESA: error: ZINK: vkGetCalibratedTimestampsEXT failed (VK_ERROR_OUT_OF_HOST_MEMORY)
MESA: error: ZINK: vkGetCalibratedTimestampsEXT failed (VK_ERROR_OUT_OF_HOST_MEMORY)
MESA: error: ZINK: vkGetCalibratedTimestampsEXT failed (VK_ERROR_OUT_OF_HOST_MEMORY)
MESA: error: ZINK: vkGetCalibratedTimestampsEXT failed (VK_ERROR_OUT_OF_HOST_MEMORY)
MESA: error: ZINK: vkGetCalibratedTimestampsEXT failed (VK_ERROR_OUT_OF_HOST_MEMORY)
MESA: error: ZINK: vkGetCalibratedTimestampsEXT failed (VK_ERROR_OUT_OF_HOST_MEMORY)
MESA: error: ZINK: vkGetCalibratedTimestampsEXT failed (VK_ERROR_OUT_OF_HOST_MEMORY)
MESA: error: ZINK: vkGetCalibratedTimestampsEXT failed (VK_ERROR_OUT_OF_HOST_MEMORY)
MESA: error: ZINK: vkGetCalibratedTimestampsEXT failed (VK_ERROR_OUT_OF_HOST_MEMORY)
MESA: error: ZINK: vkGetCalibratedTimestampsEXT failed (VK_ERROR_OUT_OF_HOST_MEMORY)
MESA: error: ZINK: vkGetCalibratedTimestampsEXT failed (VK_ERROR_OUT_OF_HOST_MEMORY)
MESA: error: ZINK: vkGetCalibratedTimestampsEXT failed (VK_ERROR_OUT_OF_HOST_MEMORY)
MESA: error: ZINK: vkGetCalibratedTimestampsEXT failed (VK_ERROR_OUT_OF_HOST_MEMORY)
MESA: error: ZINK: vkGetCalibratedTimestampsEXT failed (VK_ERROR_OUT_OF_HOST_MEMORY)
MESA: error: ZINK: vkGetCalibratedTimestampsEXT failed (VK_ERROR_OUT_OF_HOST_MEMORY)
MESA: error: ZINK: vkGetCalibratedTimestampsEXT failed (VK_ERROR_OUT_OF_HOST_MEMORY)
MESA: error: ZINK: vkGetCalibratedTimestampsEXT failed (VK_ERROR_OUT_OF_HOST_MEMORY)
MESA: error: ZINK: vkGetCalibratedTimestampsEXT failed (VK_ERROR_OUT_OF_HOST_MEMORY)
MESA: error: ZINK: vkGetCalibratedTimestampsEXT failed (VK_ERROR_OUT_OF_HOST_MEMORY)
MESA: error: ZINK: vkGetCalibratedTimestampsEXT failed (VK_ERROR_OUT_OF_HOST_MEMORY)
MESA: error: ZINK: vkGetCalibratedTimestampsEXT failed (VK_ERROR_OUT_OF_HOST_MEMORY)
MESA: error: ZINK: vkGetCalibratedTimestampsEXT failed (VK_ERROR_OUT_OF_HOST_MEMORY)
MESA: error: ZINK: vkGetCalibratedTimestampsEXT failed (VK_ERROR_OUT_OF_HOST_MEMORY)
MESA: error: ZINK: vkGetCalibratedTimestampsEXT failed (VK_ERROR_OUT_OF_HOST_MEMORY)
MESA: error: ZINK: vkGetCalibratedTimestampsEXT failed (VK_ERROR_OUT_OF_HOST_MEMORY)
MESA: error: ZINK: vkGetCalibratedTimestampsEXT failed (VK_ERROR_OUT_OF_HOST_MEMORY)
MESA: error: ZINK: vkGetCalibratedTimestampsEXT failed (VK_ERROR_OUT_OF_HOST_MEMORY)
MESA: error: ZINK: vkGetCalibratedTimestampsEXT failed (VK_ERROR_OUT_OF_HOST_MEMORY)
MESA: error: ZINK: vkGetCalibratedTimestampsEXT failed (VK_ERROR_OUT_OF_HOST_MEMORY)
MESA: error: ZINK: vkGetCalibratedTimestampsEXT failed (VK_ERROR_OUT_OF_HOST_MEMORY)
MESA: error: ZINK: vkGetCalibratedTimestampsEXT failed (VK_ERROR_OUT_OF_HOST_MEMORY)
MESA: error: ZINK: vkGetCalibratedTimestampsEXT failed (VK_ERROR_OUT_OF_HOST_MEMORY)
MESA: error: ZINK: vkGetCalibratedTimestampsEXT failed (VK_ERROR_OUT_OF_HOST_MEMORY)
MESA: error: ZINK: vkGetCalibratedTimestampsEXT failed (VK_ERROR_OUT_OF_HOST_MEMORY)
MESA: error: ZINK: vkGetCalibratedTimestampsEXT failed (VK_ERROR_OUT_OF_HOST_MEMORY)
MESA: error: ZINK: vkGetCalibratedTimestampsEXT failed (VK_ERROR_OUT_OF_HOST_MEMORY)
MESA: error: ZINK: vkGetCalibratedTimestampsEXT failed (VK_ERROR_OUT_OF_HOST_MEMORY)
MESA: error: ZINK: vkGetCalibratedTimestampsEXT failed (VK_ERROR_OUT_OF_HOST_MEMORY)
MESA: error: ZINK: vkGetCalibratedTimestampsEXT failed (VK_ERROR_OUT_OF_HOST_MEMORY)
MESA: error: ZINK: vkGetCalibratedTimestampsEXT failed (VK_ERROR_OUT_OF_HOST_MEMORY)
MESA: error: ZINK: vkGetCalibratedTimestampsEXT failed (VK_ERROR_OUT_OF_HOST_MEMORY)
MESA: error: ZINK: vkGetCalibratedTimestampsEXT failed (VK_ERROR_OUT_OF_HOST_MEMORY)
MESA: error: ZINK: vkGetCalibratedTimestampsEXT failed (VK_ERROR_OUT_OF_HOST_MEMORY)
MESA: error: ZINK: vkGetCalibratedTimestampsEXT failed (VK_ERROR_OUT_OF_HOST_MEMORY)
MESA: error: ZINK: vkGetCalibratedTimestampsEXT failed (VK_ERROR_OUT_OF_HOST_MEMORY)
MESA: error: ZINK: vkGetCalibratedTimestampsEXT failed (VK_ERROR_OUT_OF_HOST_MEMORY)
MESA: error: ZINK: vkGetCalibratedTimestampsEXT failed (VK_ERROR_OUT_OF_HOST_MEMORY)
MESA: error: ZINK: vkGetCalibratedTimestampsEXT failed (VK_ERROR_OUT_OF_HOST_MEMORY)
MESA: error: ZINK: vkGetCalibratedTimestampsEXT failed (VK_ERROR_OUT_OF_HOST_MEMORY)
MESA: error: ZINK: vkGetCalibratedTimestampsEXT failed (VK_ERROR_OUT_OF_HOST_MEMORY)
MESA: error: ZINK: vkGetCalibratedTimestampsEXT failed (VK_ERROR_OUT_OF_HOST_MEMORY)
MESA: error: ZINK: vkGetCalibratedTimestampsEXT failed (VK_ERROR_OUT_OF_HOST_MEMORY)
MESA: error: ZINK: vkGetCalibratedTimestampsEXT failed (VK_ERROR_OUT_OF_HOST_MEMORY)
MESA: error: ZINK: vkGetCalibratedTimestampsEXT failed (VK_ERROR_OUT_OF_HOST_MEMORY)
MESA: error: ZINK: vkGetCalibratedTimestampsEXT failed (VK_ERROR_OUT_OF_HOST_MEMORY)
MESA: error: ZINK: vkGetCalibratedTimestampsEXT failed (VK_ERROR_OUT_OF_HOST_MEMORY)
MESA: error: ZINK: vkGetCalibratedTimestampsEXT failed (VK_ERROR_OUT_OF_HOST_MEMORY)
MESA: error: ZINK: vkGetCalibratedTimestampsEXT failed (VK_ERROR_OUT_OF_HOST_MEMORY)
MESA: error: ZINK: vkGetCalibratedTimestampsEXT failed (VK_ERROR_OUT_OF_HOST_MEMORY)
MESA: error: ZINK: vkGetCalibratedTimestampsEXT failed (VK_ERROR_OUT_OF_HOST_MEMORY)
MESA: error: ZINK: vkGetCalibratedTimestampsEXT failed (VK_ERROR_OUT_OF_HOST_MEMORY)
MESA: error: ZINK: vkGetCalibratedTimestampsEXT failed (VK_ERROR_OUT_OF_HOST_MEMORY)
MESA: error: ZINK: vkGetCalibratedTimestampsEXT failed (VK_ERROR_OUT_OF_HOST_MEMORY)
MESA: error: ZINK: vkGetCalibratedTimestampsEXT failed (VK_ERROR_OUT_OF_HOST_MEMORY)
MESA: error: ZINK: vkGetCalibratedTimestampsEXT failed (VK_ERROR_OUT_OF_HOST_MEMORY)
MESA: error: ZINK: vkGetCalibratedTimestampsEXT failed (VK_ERROR_OUT_OF_HOST_MEMORY)
MESA: error: ZINK: vkGetCalibratedTimestampsEXT failed (VK_ERROR_OUT_OF_HOST_MEMORY)
MESA: error: ZINK: vkGetCalibratedTimestampsEXT failed (VK_ERROR_OUT_OF_HOST_MEMORY)
MESA: error: ZINK: vkGetCalibratedTimestampsEXT failed (VK_ERROR_OUT_OF_HOST_MEMORY)
MESA: error: ZINK: vkGetCalibratedTimestampsEXT failed (VK_ERROR_OUT_OF_HOST_MEMORY)
MESA: error: ZINK: vkGetCalibratedTimestampsEXT failed (VK_ERROR_OUT_OF_HOST_MEMORY)
MESA: error: ZINK: vkGetCalibratedTimestampsEXT failed (VK_ERROR_OUT_OF_HOST_MEMORY)
MESA: error: ZINK: vkGetCalibratedTimestampsEXT failed (VK_ERROR_OUT_OF_HOST_MEMORY)
MESA: error: ZINK: vkGetCalibratedTimestampsEXT failed (VK_ERROR_OUT_OF_HOST_MEMORY)
MESA: error: ZINK: vkGetCalibratedTimestampsEXT failed (VK_ERROR_OUT_OF_HOST_MEMORY)
MESA: error: ZINK: vkGetCalibratedTimestampsEXT failed (VK_ERROR_OUT_OF_HOST_MEMORY)
MESA: error: ZINK: vkGetCalibratedTimestampsEXT failed (VK_ERROR_OUT_OF_HOST_MEMORY)
MESA: error: ZINK: vkGetCalibratedTimestampsEXT failed (VK_ERROR_OUT_OF_HOST_MEMORY)
MESA: error: ZINK: vkGetCalibratedTimestampsEXT failed (VK_ERROR_OUT_OF_HOST_MEMORY)
MESA: error: ZINK: vkGetCalibratedTimestampsEXT failed (VK_ERROR_OUT_OF_HOST_MEMORY)
MESA: error: ZINK: vkGetCalibratedTimestampsEXT failed (VK_ERROR_OUT_OF_HOST_MEMORY)
MESA: error: ZINK: vkGetCalibratedTimestampsEXT failed (VK_ERROR_OUT_OF_HOST_MEMORY)
MESA: error: ZINK: vkGetCalibratedTimestampsEXT failed (VK_ERROR_OUT_OF_HOST_MEMORY)
MESA: error: ZINK: vkGetCalibratedTimestampsEXT failed (VK_ERROR_OUT_OF_HOST_MEMORY)
MESA: error: ZINK: vkGetCalibratedTimestampsEXT failed (VK_ERROR_OUT_OF_HOST_MEMORY)
MESA: error: ZINK: vkGetCalibratedTimestampsEXT failed (VK_ERROR_OUT_OF_HOST_MEMORY)
MESA: error: ZINK: vkGetCalibratedTimestampsEXT failed (VK_ERROR_OUT_OF_HOST_MEMORY)
MESA: error: ZINK: vkGetCalibratedTimestampsEXT failed (VK_ERROR_OUT_OF_HOST_MEMORY)
MESA: error: ZINK: vkGetCalibratedTimestampsEXT failed (VK_ERROR_OUT_OF_HOST_MEMORY)
MESA: error: ZINK: vkGetCalibratedTimestampsEXT failed (VK_ERROR_OUT_OF_HOST_MEMORY)
MESA: error: ZINK: vkGetCalibratedTimestampsEXT failed (VK_ERROR_OUT_OF_HOST_MEMORY)
MESA: error: ZINK: vkGetCalibratedTimestampsEXT failed (VK_ERROR_OUT_OF_HOST_MEMORY)
MESA: error: ZINK: vkGetCalibratedTimestampsEXT failed (VK_ERROR_OUT_OF_HOST_MEMORY)
MESA: error: ZINK: vkGetCalibratedTimestampsEXT failed (VK_ERROR_OUT_OF_HOST_MEMORY)
MESA: error: ZINK: vkGetCalibratedTimestampsEXT failed (VK_ERROR_OUT_OF_HOST_MEMORY)
MESA: error: ZINK: vkGetCalibratedTimestampsEXT failed (VK_ERROR_OUT_OF_HOST_MEMORY)
MESA: error: ZINK: vkGetCalibratedTimestampsEXT failed (VK_ERROR_OUT_OF_HOST_MEMORY)
MESA: error: ZINK: vkGetCalibratedTimestampsEXT failed (VK_ERROR_OUT_OF_HOST_MEMORY)
MESA: error: ZINK: vkGetCalibratedTimestampsEXT failed (VK_ERROR_OUT_OF_HOST_MEMORY)
MESA: error: ZINK: vkGetCalibratedTimestampsEXT failed (VK_ERROR_OUT_OF_HOST_MEMORY)
MESA: error: ZINK: vkGetCalibratedTimestampsEXT failed (VK_ERROR_OUT_OF_HOST_MEMORY)
MESA: error: ZINK: vkGetCalibratedTimestampsEXT failed (VK_ERROR_OUT_OF_HOST_MEMORY)
MESA: error: ZINK: vkGetCalibratedTimestampsEXT failed (VK_ERROR_OUT_OF_HOST_MEMORY)
MESA: error: ZINK: vkGetCalibratedTimestampsEXT failed (VK_ERROR_OUT_OF_HOST_MEMORY)
MESA: error: ZINK: vkGetCalibratedTimestampsEXT failed (VK_ERROR_OUT_OF_HOST_MEMORY)
MESA: error: ZINK: vkGetCalibratedTimestampsEXT failed (VK_ERROR_OUT_OF_HOST_MEMORY)
MESA: error: ZINK: vkGetCalibratedTimestampsEXT failed (VK_ERROR_OUT_OF_HOST_MEMORY)
MESA: error: ZINK: vkGetCalibratedTimestampsEXT failed (VK_ERROR_OUT_OF_HOST_MEMORY)
MESA: error: ZINK: vkGetCalibratedTimestampsEXT failed (VK_ERROR_OUT_OF_HOST_MEMORY)
MESA: error: ZINK: vkGetCalibratedTimestampsEXT failed (VK_ERROR_OUT_OF_HOST_MEMORY)
MESA: error: ZINK: vkGetCalibratedTimestampsEXT failed (VK_ERROR_OUT_OF_HOST_MEMORY)
MESA: error: ZINK: vkGetCalibratedTimestampsEXT failed (VK_ERROR_OUT_OF_HOST_MEMORY)
MESA: error: ZINK: vkGetCalibratedTimestampsEXT failed (VK_ERROR_OUT_OF_HOST_MEMORY)
MESA: error: ZINK: vkGetCalibratedTimestampsEXT failed (VK_ERROR_OUT_OF_HOST_MEMORY)
MESA: error: ZINK: vkGetCalibratedTimestampsEXT failed (VK_ERROR_OUT_OF_HOST_MEMORY)
MESA: error: ZINK: vkGetCalibratedTimestampsEXT failed (VK_ERROR_OUT_OF_HOST_MEMORY)
MESA: error: ZINK: vkGetCalibratedTimestampsEXT failed (VK_ERROR_OUT_OF_HOST_MEMORY)
MESA: error: ZINK: vkGetCalibratedTimestampsEXT failed (VK_ERROR_OUT_OF_HOST_MEMORY)
MESA: error: ZINK: vkGetCalibratedTimestampsEXT failed (VK_ERROR_OUT_OF_HOST_MEMORY)
MESA: error: ZINK: vkGetCalibratedTimestampsEXT failed (VK_ERROR_OUT_OF_HOST_MEMORY)
MESA: error: ZINK: vkGetCalibratedTimestampsEXT failed (VK_ERROR_OUT_OF_HOST_MEMORY)
MESA: error: ZINK: vkGetCalibratedTimestampsEXT failed (VK_ERROR_OUT_OF_HOST_MEMORY)
MESA: error: ZINK: vkGetCalibratedTimestampsEXT failed (VK_ERROR_OUT_OF_HOST_MEMORY)
MESA: error: ZINK: vkGetCalibratedTimestampsEXT failed (VK_ERROR_OUT_OF_HOST_MEMORY)
MESA: error: ZINK: vkGetCalibratedTimestampsEXT failed (VK_ERROR_OUT_OF_HOST_MEMORY)
MESA: error: ZINK: vkGetCalibratedTimestampsEXT failed (VK_ERROR_OUT_OF_HOST_MEMORY)
MESA: error: ZINK: vkGetCalibratedTimestampsEXT failed (VK_ERROR_OUT_OF_HOST_MEMORY)
MESA: error: ZINK: vkGetCalibratedTimestampsEXT failed (VK_ERROR_OUT_OF_HOST_MEMORY)
MESA: error: ZINK: vkGetCalibratedTimestampsEXT failed (VK_ERROR_OUT_OF_HOST_MEMORY)
MESA: error: ZINK: vkGetCalibratedTimestampsEXT failed (VK_ERROR_OUT_OF_HOST_MEMORY)
MESA: error: ZINK: vkGetCalibratedTimestampsEXT failed (VK_ERROR_OUT_OF_HOST_MEMORY)
MESA: error: ZINK: vkGetCalibratedTimestampsEXT failed (VK_ERROR_OUT_OF_HOST_MEMORY)
MESA: error: ZINK: vkGetCalibratedTimestampsEXT failed (VK_ERROR_OUT_OF_HOST_MEMORY)
MESA: error: ZINK: vkGetCalibratedTimestampsEXT failed (VK_ERROR_OUT_OF_HOST_MEMORY)
MESA: error: ZINK: vkGetCalibratedTimestampsEXT failed (VK_ERROR_OUT_OF_HOST_MEMORY)
MESA: error: ZINK: vkGetCalibratedTimestampsEXT failed (VK_ERROR_OUT_OF_HOST_MEMORY)
MESA: error: ZINK: vkGetCalibratedTimestampsEXT failed (VK_ERROR_OUT_OF_HOST_MEMORY)
MESA: error: ZINK: vkGetCalibratedTimestampsEXT failed (VK_ERROR_OUT_OF_HOST_MEMORY)
MESA: error: ZINK: vkGetCalibratedTimestampsEXT failed (VK_ERROR_OUT_OF_HOST_MEMORY)
MESA: error: ZINK: vkGetCalibratedTimestampsEXT failed (VK_ERROR_OUT_OF_HOST_MEMORY)
MESA: error: ZINK: vkGetCalibratedTimestampsEXT failed (VK_ERROR_OUT_OF_HOST_MEMORY)
MESA: error: ZINK: vkGetCalibratedTimestampsEXT failed (VK_ERROR_OUT_OF_HOST_MEMORY)
MESA: error: ZINK: vkGetCalibratedTimestampsEXT failed (VK_ERROR_OUT_OF_HOST_MEMORY)
MESA: error: ZINK: vkGetCalibratedTimestampsEXT failed (VK_ERROR_OUT_OF_HOST_MEMORY)
MESA: error: ZINK: vkGetCalibratedTimestampsEXT failed (VK_ERROR_OUT_OF_HOST_MEMORY)
MESA: error: ZINK: vkGetCalibratedTimestampsEXT failed (VK_ERROR_OUT_OF_HOST_MEMORY)
MESA: error: ZINK: vkGetCalibratedTimestampsEXT failed (VK_ERROR_OUT_OF_HOST_MEMORY)
MESA: error: ZINK: vkGetCalibratedTimestampsEXT failed (VK_ERROR_OUT_OF_HOST_MEMORY)
MESA: error: ZINK: vkGetCalibratedTimestampsEXT failed (VK_ERROR_OUT_OF_HOST_MEMORY)
MESA: error: ZINK: vkGetCalibratedTimestampsEXT failed (VK_ERROR_OUT_OF_HOST_MEMORY)
MESA: error: ZINK: vkGetCalibratedTimestampsEXT failed (VK_ERROR_OUT_OF_HOST_MEMORY)
MESA: error: ZINK: vkGetCalibratedTimestampsEXT failed (VK_ERROR_OUT_OF_HOST_MEMORY)
MESA: error: ZINK: vkGetCalibratedTimestampsEXT failed (VK_ERROR_OUT_OF_HOST_MEMORY)
MESA: error: ZINK: vkGetCalibratedTimestampsEXT failed (VK_ERROR_OUT_OF_HOST_MEMORY)
MESA: error: ZINK: vkGetCalibratedTimestampsEXT failed (VK_ERROR_OUT_OF_HOST_MEMORY)
MESA: error: ZINK: vkGetCalibratedTimestampsEXT failed (VK_ERROR_OUT_OF_HOST_MEMORY)
MESA: error: ZINK: vkGetCalibratedTimestampsEXT failed (VK_ERROR_OUT_OF_HOST_MEMORY)
MESA: error: ZINK: vkGetCalibratedTimestampsEXT failed (VK_ERROR_OUT_OF_HOST_MEMORY)
MESA: error: ZINK: vkGetCalibratedTimestampsEXT failed (VK_ERROR_OUT_OF_HOST_MEMORY)
MESA: error: ZINK: vkGetCalibratedTimestampsEXT failed (VK_ERROR_OUT_OF_HOST_MEMORY)
MESA: error: ZINK: vkGetCalibratedTimestampsEXT failed (VK_ERROR_OUT_OF_HOST_MEMORY)
MESA: error: ZINK: vkGetCalibratedTimestampsEXT failed (VK_ERROR_OUT_OF_HOST_MEMORY)
MESA: error: ZINK: vkGetCalibratedTimestampsEXT failed (VK_ERROR_OUT_OF_HOST_MEMORY)
MESA: error: ZINK: vkGetCalibratedTimestampsEXT failed (VK_ERROR_OUT_OF_HOST_MEMORY)
MESA: error: ZINK: vkGetCalibratedTimestampsEXT failed (VK_ERROR_OUT_OF_HOST_MEMORY)
MESA: error: ZINK: vkGetCalibratedTimestampsEXT failed (VK_ERROR_OUT_OF_HOST_MEMORY)
MESA: error: ZINK: vkGetCalibratedTimestampsEXT failed (VK_ERROR_OUT_OF_HOST_MEMORY)
MESA: error: ZINK: vkGetCalibratedTimestampsEXT failed (VK_ERROR_OUT_OF_HOST_MEMORY)
MESA: error: ZINK: vkGetCalibratedTimestampsEXT failed (VK_ERROR_OUT_OF_HOST_MEMORY)
MESA: error: ZINK: vkGetCalibratedTimestampsEXT failed (VK_ERROR_OUT_OF_HOST_MEMORY)
MESA: error: ZINK: vkGetCalibratedTimestampsEXT failed (VK_ERROR_OUT_OF_HOST_MEMORY)
MESA: error: ZINK: vkGetCalibratedTimestampsEXT failed (VK_ERROR_OUT_OF_HOST_MEMORY)
MESA: error: ZINK: vkGetCalibratedTimestampsEXT failed (VK_ERROR_OUT_OF_HOST_MEMORY)
MESA: error: ZINK: vkGetCalibratedTimestampsEXT failed (VK_ERROR_OUT_OF_HOST_MEMORY)
MESA: error: ZINK: vkGetCalibratedTimestampsEXT failed (VK_ERROR_OUT_OF_HOST_MEMORY)
MESA: error: ZINK: vkGetCalibratedTimestampsEXT failed (VK_ERROR_OUT_OF_HOST_MEMORY)
MESA: error: ZINK: vkGetCalibratedTimestampsEXT failed (VK_ERROR_OUT_OF_HOST_MEMORY)
MESA: error: ZINK: vkGetCalibratedTimestampsEXT failed (VK_ERROR_OUT_OF_HOST_MEMORY)
MESA: error: ZINK: vkGetCalibratedTimestampsEXT failed (VK_ERROR_OUT_OF_HOST_MEMORY)
MESA: error: ZINK: vkGetCalibratedTimestampsEXT failed (VK_ERROR_OUT_OF_HOST_MEMORY)
MESA: error: ZINK: vkGetCalibratedTimestampsEXT failed (VK_ERROR_OUT_OF_HOST_MEMORY)
MESA: error: ZINK: vkGetCalibratedTimestampsEXT failed (VK_ERROR_OUT_OF_HOST_MEMORY)
MESA: error: ZINK: vkGetCalibratedTimestampsEXT failed (VK_ERROR_OUT_OF_HOST_MEMORY)
MESA: error: ZINK: vkGetCalibratedTimestampsEXT failed (VK_ERROR_OUT_OF_HOST_MEMORY)
MESA: error: ZINK: vkGetCalibratedTimestampsEXT failed (VK_ERROR_OUT_OF_HOST_MEMORY)
MESA: error: ZINK: vkGetCalibratedTimestampsEXT failed (VK_ERROR_OUT_OF_HOST_MEMORY)
MESA: error: ZINK: vkGetCalibratedTimestampsEXT failed (VK_ERROR_OUT_OF_HOST_MEMORY)
MESA: error: ZINK: vkGetCalibratedTimestampsEXT failed (VK_ERROR_OUT_OF_HOST_MEMORY)
MESA: error: ZINK: vkGetCalibratedTimestampsEXT failed (VK_ERROR_OUT_OF_HOST_MEMORY)
MESA: error: ZINK: vkGetCalibratedTimestampsEXT failed (VK_ERROR_OUT_OF_HOST_MEMORY)
MESA: error: ZINK: vkGetCalibratedTimestampsEXT failed (VK_ERROR_OUT_OF_HOST_MEMORY)
MESA: error: ZINK: vkGetCalibratedTimestampsEXT failed (VK_ERROR_OUT_OF_HOST_MEMORY)
MESA: error: ZINK: vkGetCalibratedTimestampsEXT failed (VK_ERROR_OUT_OF_HOST_MEMORY)
MESA: error: ZINK: vkGetCalibratedTimestampsEXT failed (VK_ERROR_OUT_OF_HOST_MEMORY)
MESA: error: ZINK: vkGetCalibratedTimestampsEXT failed (VK_ERROR_OUT_OF_HOST_MEMORY)
MESA: error: ZINK: vkGetCalibratedTimestampsEXT failed (VK_ERROR_OUT_OF_HOST_MEMORY)
MESA: error: ZINK: vkGetCalibratedTimestampsEXT failed (VK_ERROR_OUT_OF_HOST_MEMORY)
MESA: error: ZINK: vkGetCalibratedTimestampsEXT failed (VK_ERROR_OUT_OF_HOST_MEMORY)
MESA: error: ZINK: vkGetCalibratedTimestampsEXT failed (VK_ERROR_OUT_OF_HOST_MEMORY)
MESA: error: ZINK: vkGetCalibratedTimestampsEXT failed (VK_ERROR_OUT_OF_HOST_MEMORY)
MESA: error: ZINK: vkGetCalibratedTimestampsEXT failed (VK_ERROR_OUT_OF_HOST_MEMORY)
MESA: error: ZINK: vkGetCalibratedTimestampsEXT failed (VK_ERROR_OUT_OF_HOST_MEMORY)
MESA: error: ZINK: vkGetCalibratedTimestampsEXT failed (VK_ERROR_OUT_OF_HOST_MEMORY)
MESA: error: ZINK: vkGetCalibratedTimestampsEXT failed (VK_ERROR_OUT_OF_HOST_MEMORY)
MESA: error: ZINK: vkGetCalibratedTimestampsEXT failed (VK_ERROR_OUT_OF_HOST_MEMORY)
MESA: error: ZINK: vkGetCalibratedTimestampsEXT failed (VK_ERROR_OUT_OF_HOST_MEMORY)
MESA: error: ZINK: vkGetCalibratedTimestampsEXT failed (VK_ERROR_OUT_OF_HOST_MEMORY)
MESA: error: ZINK: vkGetCalibratedTimestampsEXT failed (VK_ERROR_OUT_OF_HOST_MEMORY)
MESA: error: ZINK: vkGetCalibratedTimestampsEXT failed (VK_ERROR_OUT_OF_HOST_MEMORY)
MESA: error: ZINK: vkGetCalibratedTimestampsEXT failed (VK_ERROR_OUT_OF_HOST_MEMORY)
MESA: error: ZINK: vkGetCalibratedTimestampsEXT failed (VK_ERROR_OUT_OF_HOST_MEMORY)
MESA: error: ZINK: vkGetCalibratedTimestampsEXT failed (VK_ERROR_OUT_OF_HOST_MEMORY)
MESA: error: ZINK: vkGetCalibratedTimestampsEXT failed (VK_ERROR_OUT_OF_HOST_MEMORY)
MESA: error: ZINK: vkGetCalibratedTimestampsEXT failed (VK_ERROR_OUT_OF_HOST_MEMORY)
MESA: error: ZINK: vkGetCalibratedTimestampsEXT failed (VK_ERROR_OUT_OF_HOST_MEMORY)
MESA: error: ZINK: vkGetCalibratedTimestampsEXT failed (VK_ERROR_OUT_OF_HOST_MEMORY)
MESA: error: ZINK: vkGetCalibratedTimestampsEXT failed (VK_ERROR_OUT_OF_HOST_MEMORY)
MESA: error: ZINK: vkGetCalibratedTimestampsEXT failed (VK_ERROR_OUT_OF_HOST_MEMORY)
MESA: error: ZINK: vkGetCalibratedTimestampsEXT failed (VK_ERROR_OUT_OF_HOST_MEMORY)
MESA: error: ZINK: vkGetCalibratedTimestampsEXT failed (VK_ERROR_OUT_OF_HOST_MEMORY)
MESA: error: ZINK: vkGetCalibratedTimestampsEXT failed (VK_ERROR_OUT_OF_HOST_MEMORY)
MESA: error: ZINK: vkGetCalibratedTimestampsEXT failed (VK_ERROR_OUT_OF_HOST_MEMORY)
MESA: error: ZINK: vkGetCalibratedTimestampsEXT failed (VK_ERROR_OUT_OF_HOST_MEMORY)
MESA: error: ZINK: vkGetCalibratedTimestampsEXT failed (VK_ERROR_OUT_OF_HOST_MEMORY)
MESA: error: ZINK: vkGetCalibratedTimestampsEXT failed (VK_ERROR_OUT_OF_HOST_MEMORY)
MESA: error: ZINK: vkGetCalibratedTimestampsEXT failed (VK_ERROR_OUT_OF_HOST_MEMORY)
MESA: error: ZINK: vkGetCalibratedTimestampsEXT failed (VK_ERROR_OUT_OF_HOST_MEMORY)
MESA: error: ZINK: vkGetCalibratedTimestampsEXT failed (VK_ERROR_OUT_OF_HOST_MEMORY)
MESA: error: ZINK: vkGetCalibratedTimestampsEXT failed (VK_ERROR_OUT_OF_HOST_MEMORY)
MESA: error: ZINK: vkGetCalibratedTimestampsEXT failed (VK_ERROR_OUT_OF_HOST_MEMORY)
MESA: error: ZINK: vkGetCalibratedTimestampsEXT failed (VK_ERROR_OUT_OF_HOST_MEMORY)
MESA: error: ZINK: vkGetCalibratedTimestampsEXT failed (VK_ERROR_OUT_OF_HOST_MEMORY)
MESA: error: ZINK: vkGetCalibratedTimestampsEXT failed (VK_ERROR_OUT_OF_HOST_MEMORY)
MESA: error: ZINK: vkGetCalibratedTimestampsEXT failed (VK_ERROR_OUT_OF_HOST_MEMORY)
MESA: error: ZINK: vkGetCalibratedTimestampsEXT failed (VK_ERROR_OUT_OF_HOST_MEMORY)
MESA: error: ZINK: vkGetCalibratedTimestampsEXT failed (VK_ERROR_OUT_OF_HOST_MEMORY)
MESA: error: ZINK: vkGetCalibratedTimestampsEXT failed (VK_ERROR_OUT_OF_HOST_MEMORY)
MESA: error: ZINK: vkGetCalibratedTimestampsEXT failed (VK_ERROR_OUT_OF_HOST_MEMORY)
MESA: error: ZINK: vkGetCalibratedTimestampsEXT failed (VK_ERROR_OUT_OF_HOST_MEMORY)
MESA: error: ZINK: vkGetCalibratedTimestampsEXT failed (VK_ERROR_OUT_OF_HOST_MEMORY)
MESA: error: ZINK: vkGetCalibratedTimestampsEXT failed (VK_ERROR_OUT_OF_HOST_MEMORY)
MESA: error: ZINK: vkGetCalibratedTimestampsEXT failed (VK_ERROR_OUT_OF_HOST_MEMORY)
MESA: error: ZINK: vkGetCalibratedTimestampsEXT failed (VK_ERROR_OUT_OF_HOST_MEMORY)
MESA: error: ZINK: vkGetCalibratedTimestampsEXT failed (VK_ERROR_OUT_OF_HOST_MEMORY)
MESA: error: ZINK: vkGetCalibratedTimestampsEXT failed (VK_ERROR_OUT_OF_HOST_MEMORY)
MESA: error: ZINK: vkGetCalibratedTimestampsEXT failed (VK_ERROR_OUT_OF_HOST_MEMORY)
MESA: error: ZINK: vkGetCalibratedTimestampsEXT failed (VK_ERROR_OUT_OF_HOST_MEMORY)
MESA: error: ZINK: vkGetCalibratedTimestampsEXT failed (VK_ERROR_OUT_OF_HOST_MEMORY)
MESA: error: ZINK: vkGetCalibratedTimestampsEXT failed (VK_ERROR_OUT_OF_HOST_MEMORY)
MESA: error: ZINK: vkGetCalibratedTimestampsEXT failed (VK_ERROR_OUT_OF_HOST_MEMORY)
MESA: error: ZINK: vkGetCalibratedTimestampsEXT failed (VK_ERROR_OUT_OF_HOST_MEMORY)
MESA: error: ZINK: vkGetCalibratedTimestampsEXT failed (VK_ERROR_OUT_OF_HOST_MEMORY)
MESA: error: ZINK: vkGetCalibratedTimestampsEXT failed (VK_ERROR_OUT_OF_HOST_MEMORY)
MESA: error: ZINK: vkGetCalibratedTimestampsEXT failed (VK_ERROR_OUT_OF_HOST_MEMORY)
MESA: error: ZINK: vkGetCalibratedTimestampsEXT failed (VK_ERROR_OUT_OF_HOST_MEMORY)
MESA: error: ZINK: vkGetCalibratedTimestampsEXT failed (VK_ERROR_OUT_OF_HOST_MEMORY)
MESA: error: ZINK: vkGetCalibratedTimestampsEXT failed (VK_ERROR_OUT_OF_HOST_MEMORY)
MESA: error: ZINK: vkGetCalibratedTimestampsEXT failed (VK_ERROR_OUT_OF_HOST_MEMORY)
MESA: error: ZINK: vkGetCalibratedTimestampsEXT failed (VK_ERROR_OUT_OF_HOST_MEMORY)
MESA: error: ZINK: vkGetCalibratedTimestampsEXT failed (VK_ERROR_OUT_OF_HOST_MEMORY)
MESA: error: ZINK: vkGetCalibratedTimestampsEXT failed (VK_ERROR_OUT_OF_HOST_MEMORY)
MESA: error: ZINK: vkGetCalibratedTimestampsEXT failed (VK_ERROR_OUT_OF_HOST_MEMORY)
MESA: error: ZINK: vkGetCalibratedTimestampsEXT failed (VK_ERROR_OUT_OF_HOST_MEMORY)
MESA: error: ZINK: vkGetCalibratedTimestampsEXT failed (VK_ERROR_OUT_OF_HOST_MEMORY)
MESA: error: ZINK: vkGetCalibratedTimestampsEXT failed (VK_ERROR_OUT_OF_HOST_MEMORY)
MESA: error: ZINK: vkGetCalibratedTimestampsEXT failed (VK_ERROR_OUT_OF_HOST_MEMORY)
MESA: error: ZINK: vkGetCalibratedTimestampsEXT failed (VK_ERROR_OUT_OF_HOST_MEMORY)
MESA: error: ZINK: vkGetCalibratedTimestampsEXT failed (VK_ERROR_OUT_OF_HOST_MEMORY)
MESA: error: ZINK: vkGetCalibratedTimestampsEXT failed (VK_ERROR_OUT_OF_HOST_MEMORY)
MESA: error: ZINK: vkGetCalibratedTimestampsEXT failed (VK_ERROR_OUT_OF_HOST_MEMORY)
MESA: error: ZINK: vkGetCalibratedTimestampsEXT failed (VK_ERROR_OUT_OF_HOST_MEMORY)
MESA: error: ZINK: vkGetCalibratedTimestampsEXT failed (VK_ERROR_OUT_OF_HOST_MEMORY)
MESA: error: ZINK: vkGetCalibratedTimestampsEXT failed (VK_ERROR_OUT_OF_HOST_MEMORY)
MESA: error: ZINK: vkGetCalibratedTimestampsEXT failed (VK_ERROR_OUT_OF_HOST_MEMORY)
MESA: error: ZINK: vkGetCalibratedTimestampsEXT failed (VK_ERROR_OUT_OF_HOST_MEMORY)
MESA: error: ZINK: vkGetCalibratedTimestampsEXT failed (VK_ERROR_OUT_OF_HOST_MEMORY)
MESA: error: ZINK: vkGetCalibratedTimestampsEXT failed (VK_ERROR_OUT_OF_HOST_MEMORY)
MESA: error: ZINK: vkGetCalibratedTimestampsEXT failed (VK_ERROR_OUT_OF_HOST_MEMORY)
MESA: error: ZINK: vkGetCalibratedTimestampsEXT failed (VK_ERROR_OUT_OF_HOST_MEMORY)
MESA: error: ZINK: vkGetCalibratedTimestampsEXT failed (VK_ERROR_OUT_OF_HOST_MEMORY)
MESA: error: ZINK: vkGetCalibratedTimestampsEXT failed (VK_ERROR_OUT_OF_HOST_MEMORY)
MESA: error: ZINK: vkGetCalibratedTimestampsEXT failed (VK_ERROR_OUT_OF_HOST_MEMORY)
MESA: error: ZINK: vkGetCalibratedTimestampsEXT failed (VK_ERROR_OUT_OF_HOST_MEMORY)
MESA: error: ZINK: vkGetCalibratedTimestampsEXT failed (VK_ERROR_OUT_OF_HOST_MEMORY)
MESA: error: ZINK: vkGetCalibratedTimestampsEXT failed (VK_ERROR_OUT_OF_HOST_MEMORY)
MESA: error: ZINK: vkGetCalibratedTimestampsEXT failed (VK_ERROR_OUT_OF_HOST_MEMORY)
MESA: error: ZINK: vkGetCalibratedTimestampsEXT failed (VK_ERROR_OUT_OF_HOST_MEMORY)
MESA: error: ZINK: vkGetCalibratedTimestampsEXT failed (VK_ERROR_OUT_OF_HOST_MEMORY)
MESA: error: ZINK: vkGetCalibratedTimestampsEXT failed (VK_ERROR_OUT_OF_HOST_MEMORY)
MESA: error: ZINK: vkGetCalibratedTimestampsEXT failed (VK_ERROR_OUT_OF_HOST_MEMORY)
MESA: error: ZINK: vkGetCalibratedTimestampsEXT failed (VK_ERROR_OUT_OF_HOST_MEMORY)
MESA: error: ZINK: vkGetCalibratedTimestampsEXT failed (VK_ERROR_OUT_OF_HOST_MEMORY)
MESA: error: ZINK: vkGetCalibratedTimestampsEXT failed (VK_ERROR_OUT_OF_HOST_MEMORY)
MESA: error: ZINK: vkGetCalibratedTimestampsEXT failed (VK_ERROR_OUT_OF_HOST_MEMORY)
MESA: error: ZINK: vkGetCalibratedTimestampsEXT failed (VK_ERROR_OUT_OF_HOST_MEMORY)
MESA: error: ZINK: vkGetCalibratedTimestampsEXT failed (VK_ERROR_OUT_OF_HOST_MEMORY)
MESA: error: ZINK: vkGetCalibratedTimestampsEXT failed (VK_ERROR_OUT_OF_HOST_MEMORY)
MESA: error: ZINK: vkGetCalibratedTimestampsEXT failed (VK_ERROR_OUT_OF_HOST_MEMORY)
MESA: error: ZINK: vkGetCalibratedTimestampsEXT failed (VK_ERROR_OUT_OF_HOST_MEMORY)
MESA: error: ZINK: vkGetCalibratedTimestampsEXT failed (VK_ERROR_OUT_OF_HOST_MEMORY)
MESA: error: ZINK: vkGetCalibratedTimestampsEXT failed (VK_ERROR_OUT_OF_HOST_MEMORY)
MESA: error: ZINK: vkGetCalibratedTimestampsEXT failed (VK_ERROR_OUT_OF_HOST_MEMORY)
MESA: error: ZINK: vkGetCalibratedTimestampsEXT failed (VK_ERROR_OUT_OF_HOST_MEMORY)
MESA: error: ZINK: vkGetCalibratedTimestampsEXT failed (VK_ERROR_OUT_OF_HOST_MEMORY)
MESA: error: ZINK: vkGetCalibratedTimestampsEXT failed (VK_ERROR_OUT_OF_HOST_MEMORY)
MESA: error: ZINK: vkGetCalibratedTimestampsEXT failed (VK_ERROR_OUT_OF_HOST_MEMORY)
MESA: error: ZINK: vkGetCalibratedTimestampsEXT failed (VK_ERROR_OUT_OF_HOST_MEMORY)
MESA: error: ZINK: vkGetCalibratedTimestampsEXT failed (VK_ERROR_OUT_OF_HOST_MEMORY)
MESA: error: ZINK: vkGetCalibratedTimestampsEXT failed (VK_ERROR_OUT_OF_HOST_MEMORY)
MESA: error: ZINK: vkGetCalibratedTimestampsEXT failed (VK_ERROR_OUT_OF_HOST_MEMORY)
MESA: error: ZINK: vkGetCalibratedTimestampsEXT failed (VK_ERROR_OUT_OF_HOST_MEMORY)
MESA: error: ZINK: vkGetCalibratedTimestampsEXT failed (VK_ERROR_OUT_OF_HOST_MEMORY)
MESA: error: ZINK: vkGetCalibratedTimestampsEXT failed (VK_ERROR_OUT_OF_HOST_MEMORY)
MESA: error: ZINK: vkGetCalibratedTimestampsEXT failed (VK_ERROR_OUT_OF_HOST_MEMORY)
MESA: error: ZINK: vkGetCalibratedTimestampsEXT failed (VK_ERROR_OUT_OF_HOST_MEMORY)
MESA: error: ZINK: vkGetCalibratedTimestampsEXT failed (VK_ERROR_OUT_OF_HOST_MEMORY)
MESA: error: ZINK: vkGetCalibratedTimestampsEXT failed (VK_ERROR_OUT_OF_HOST_MEMORY)
MESA: error: ZINK: vkGetCalibratedTimestampsEXT failed (VK_ERROR_OUT_OF_HOST_MEMORY)
MESA: error: ZINK: vkGetCalibratedTimestampsEXT failed (VK_ERROR_OUT_OF_HOST_MEMORY)
MESA: error: ZINK: vkGetCalibratedTimestampsEXT failed (VK_ERROR_OUT_OF_HOST_MEMORY)
MESA: error: ZINK: vkGetCalibratedTimestampsEXT failed (VK_ERROR_OUT_OF_HOST_MEMORY)
MESA: error: ZINK: vkGetCalibratedTimestampsEXT failed (VK_ERROR_OUT_OF_HOST_MEMORY)
MESA: error: ZINK: vkGetCalibratedTimestampsEXT failed (VK_ERROR_OUT_OF_HOST_MEMORY)
MESA: error: ZINK: vkGetCalibratedTimestampsEXT failed (VK_ERROR_OUT_OF_HOST_MEMORY)
MESA: error: ZINK: vkGetCalibratedTimestampsEXT failed (VK_ERROR_OUT_OF_HOST_MEMORY)
MESA: error: ZINK: vkGetCalibratedTimestampsEXT failed (VK_ERROR_OUT_OF_HOST_MEMORY)
MESA: error: ZINK: vkGetCalibratedTimestampsEXT failed (VK_ERROR_OUT_OF_HOST_MEMORY)
MESA: error: ZINK: vkGetCalibratedTimestampsEXT failed (VK_ERROR_OUT_OF_HOST_MEMORY)
MESA: error: ZINK: vkGetCalibratedTimestampsEXT failed (VK_ERROR_OUT_OF_HOST_MEMORY)
MESA: error: ZINK: vkGetCalibratedTimestampsEXT failed (VK_ERROR_OUT_OF_HOST_MEMORY)
MESA: error: ZINK: vkGetCalibratedTimestampsEXT failed (VK_ERROR_OUT_OF_HOST_MEMORY)
MESA: error: ZINK: vkGetCalibratedTimestampsEXT failed (VK_ERROR_OUT_OF_HOST_MEMORY)
MESA: error: ZINK: vkGetCalibratedTimestampsEXT failed (VK_ERROR_OUT_OF_HOST_MEMORY)
MESA: error: ZINK: vkGetCalibratedTimestampsEXT failed (VK_ERROR_OUT_OF_HOST_MEMORY)
MESA: error: ZINK: vkGetCalibratedTimestampsEXT failed (VK_ERROR_OUT_OF_HOST_MEMORY)
MESA: error: ZINK: vkGetCalibratedTimestampsEXT failed (VK_ERROR_OUT_OF_HOST_MEMORY)
MESA: error: ZINK: vkGetCalibratedTimestampsEXT failed (VK_ERROR_OUT_OF_HOST_MEMORY)
MESA: error: ZINK: vkGetCalibratedTimestampsEXT failed (VK_ERROR_OUT_OF_HOST_MEMORY)
MESA: error: ZINK: vkGetCalibratedTimestampsEXT failed (VK_ERROR_OUT_OF_HOST_MEMORY)
MESA: error: ZINK: vkGetCalibratedTimestampsEXT failed (VK_ERROR_OUT_OF_HOST_MEMORY)
MESA: error: ZINK: vkGetCalibratedTimestampsEXT failed (VK_ERROR_OUT_OF_HOST_MEMORY)
MESA: error: ZINK: vkGetCalibratedTimestampsEXT failed (VK_ERROR_OUT_OF_HOST_MEMORY)
MESA: error: ZINK: vkGetCalibratedTimestampsEXT failed (VK_ERROR_OUT_OF_HOST_MEMORY)
MESA: error: ZINK: vkGetCalibratedTimestampsEXT failed (VK_ERROR_OUT_OF_HOST_MEMORY)
MESA: error: ZINK: vkGetCalibratedTimestampsEXT failed (VK_ERROR_OUT_OF_HOST_MEMORY)
MESA: error: ZINK: vkGetCalibratedTimestampsEXT failed (VK_ERROR_OUT_OF_HOST_MEMORY)
MESA: error: ZINK: vkGetCalibratedTimestampsEXT failed (VK_ERROR_OUT_OF_HOST_MEMORY)
MESA: error: ZINK: vkGetCalibratedTimestampsEXT failed (VK_ERROR_OUT_OF_HOST_MEMORY)
MESA: error: ZINK: vkGetCalibratedTimestampsEXT failed (VK_ERROR_OUT_OF_HOST_MEMORY)
MESA: error: ZINK: vkGetCalibratedTimestampsEXT failed (VK_ERROR_OUT_OF_HOST_MEMORY)
MESA: error: ZINK: vkGetCalibratedTimestampsEXT failed (VK_ERROR_OUT_OF_HOST_MEMORY)
MESA: error: ZINK: vkGetCalibratedTimestampsEXT failed (VK_ERROR_OUT_OF_HOST_MEMORY)
MESA: error: ZINK: vkGetCalibratedTimestampsEXT failed (VK_ERROR_OUT_OF_HOST_MEMORY)
MESA: error: ZINK: vkGetCalibratedTimestampsEXT failed (VK_ERROR_OUT_OF_HOST_MEMORY)
MESA: error: ZINK: vkGetCalibratedTimestampsEXT failed (VK_ERROR_OUT_OF_HOST_MEMORY)
MESA: error: ZINK: vkGetCalibratedTimestampsEXT failed (VK_ERROR_OUT_OF_HOST_MEMORY)
MESA: error: ZINK: vkGetCalibratedTimestampsEXT failed (VK_ERROR_OUT_OF_HOST_MEMORY)
MESA: error: ZINK: vkGetCalibratedTimestampsEXT failed (VK_ERROR_OUT_OF_HOST_MEMORY)
MESA: error: ZINK: vkGetCalibratedTimestampsEXT failed (VK_ERROR_OUT_OF_HOST_MEMORY)
MESA: error: ZINK: vkGetCalibratedTimestampsEXT failed (VK_ERROR_OUT_OF_HOST_MEMORY)
MESA: error: ZINK: vkGetCalibratedTimestampsEXT failed (VK_ERROR_OUT_OF_HOST_MEMORY)
MESA: error: ZINK: vkGetCalibratedTimestampsEXT failed (VK_ERROR_OUT_OF_HOST_MEMORY)
MESA: error: ZINK: vkGetCalibratedTimestampsEXT failed (VK_ERROR_OUT_OF_HOST_MEMORY)
MESA: error: ZINK: vkGetCalibratedTimestampsEXT failed (VK_ERROR_OUT_OF_HOST_MEMORY)
MESA: error: ZINK: vkGetCalibratedTimestampsEXT failed (VK_ERROR_OUT_OF_HOST_MEMORY)
MESA: error: ZINK: vkGetCalibratedTimestampsEXT failed (VK_ERROR_OUT_OF_HOST_MEMORY)
MESA: error: ZINK: vkGetCalibratedTimestampsEXT failed (VK_ERROR_OUT_OF_HOST_MEMORY)
MESA: error: ZINK: vkGetCalibratedTimestampsEXT failed (VK_ERROR_OUT_OF_HOST_MEMORY)
MESA: error: ZINK: vkGetCalibratedTimestampsEXT failed (VK_ERROR_OUT_OF_HOST_MEMORY)
MESA: error: ZINK: vkGetCalibratedTimestampsEXT failed (VK_ERROR_OUT_OF_HOST_MEMORY)
MESA: error: ZINK: vkGetCalibratedTimestampsEXT failed (VK_ERROR_OUT_OF_HOST_MEMORY)
MESA: error: ZINK: vkGetCalibratedTimestampsEXT failed (VK_ERROR_OUT_OF_HOST_MEMORY)
MESA: error: ZINK: vkGetCalibratedTimestampsEXT failed (VK_ERROR_OUT_OF_HOST_MEMORY)
MESA: error: ZINK: vkGetCalibratedTimestampsEXT failed (VK_ERROR_OUT_OF_HOST_MEMORY)
MESA: error: ZINK: vkGetCalibratedTimestampsEXT failed (VK_ERROR_OUT_OF_HOST_MEMORY)
MESA: error: ZINK: vkGetCalibratedTimestampsEXT failed (VK_ERROR_OUT_OF_HOST_MEMORY)
MESA: error: ZINK: vkGetCalibratedTimestampsEXT failed (VK_ERROR_OUT_OF_HOST_MEMORY)
MESA: error: ZINK: vkGetCalibratedTimestampsEXT failed (VK_ERROR_OUT_OF_HOST_MEMORY)
MESA: error: ZINK: vkGetCalibratedTimestampsEXT failed (VK_ERROR_OUT_OF_HOST_MEMORY)
MESA: error: ZINK: vkGetCalibratedTimestampsEXT failed (VK_ERROR_OUT_OF_HOST_MEMORY)
MESA: error: ZINK: vkGetCalibratedTimestampsEXT failed (VK_ERROR_OUT_OF_HOST_MEMORY)
MESA: error: ZINK: vkGetCalibratedTimestampsEXT failed (VK_ERROR_OUT_OF_HOST_MEMORY)
MESA: error: ZINK: vkGetCalibratedTimestampsEXT failed (VK_ERROR_OUT_OF_HOST_MEMORY)
MESA: error: ZINK: vkGetCalibratedTimestampsEXT failed (VK_ERROR_OUT_OF_HOST_MEMORY)
MESA: error: ZINK: vkGetCalibratedTimestampsEXT failed (VK_ERROR_OUT_OF_HOST_MEMORY)
MESA: error: ZINK: vkGetCalibratedTimestampsEXT failed (VK_ERROR_OUT_OF_HOST_MEMORY)
MESA: error: ZINK: vkGetCalibratedTimestampsEXT failed (VK_ERROR_OUT_OF_HOST_MEMORY)
MESA: error: ZINK: vkGetCalibratedTimestampsEXT failed (VK_ERROR_OUT_OF_HOST_MEMORY)
MESA: error: ZINK: vkGetCalibratedTimestampsEXT failed (VK_ERROR_OUT_OF_HOST_MEMORY)
MESA: error: ZINK: vkGetCalibratedTimestampsEXT failed (VK_ERROR_OUT_OF_HOST_MEMORY)
MESA: error: ZINK: vkGetCalibratedTimestampsEXT failed (VK_ERROR_OUT_OF_HOST_MEMORY)
MESA: error: ZINK: vkGetCalibratedTimestampsEXT failed (VK_ERROR_OUT_OF_HOST_MEMORY)
MESA: error: ZINK: vkGetCalibratedTimestampsEXT failed (VK_ERROR_OUT_OF_HOST_MEMORY)
MESA: error: ZINK: vkGetCalibratedTimestampsEXT failed (VK_ERROR_OUT_OF_HOST_MEMORY)
MESA: error: ZINK: vkGetCalibratedTimestampsEXT failed (VK_ERROR_OUT_OF_HOST_MEMORY)
MESA: error: ZINK: vkGetCalibratedTimestampsEXT failed (VK_ERROR_OUT_OF_HOST_MEMORY)
MESA: error: ZINK: vkGetCalibratedTimestampsEXT failed (VK_ERROR_OUT_OF_HOST_MEMORY)
MESA: error: ZINK: vkGetCalibratedTimestampsEXT failed (VK_ERROR_OUT_OF_HOST_MEMORY)
MESA: error: ZINK: vkGetCalibratedTimestampsEXT failed (VK_ERROR_OUT_OF_HOST_MEMORY)
MESA: error: ZINK: vkGetCalibratedTimestampsEXT failed (VK_ERROR_OUT_OF_HOST_MEMORY)
MESA: error: ZINK: vkGetCalibratedTimestampsEXT failed (VK_ERROR_OUT_OF_HOST_MEMORY)
MESA: error: ZINK: vkGetCalibratedTimestampsEXT failed (VK_ERROR_OUT_OF_HOST_MEMORY)
MESA: error: ZINK: vkGetCalibratedTimestampsEXT failed (VK_ERROR_OUT_OF_HOST_MEMORY)
MESA: error: ZINK: vkGetCalibratedTimestampsEXT failed (VK_ERROR_OUT_OF_HOST_MEMORY)
MESA: error: ZINK: vkGetCalibratedTimestampsEXT failed (VK_ERROR_OUT_OF_HOST_MEMORY)
MESA: error: ZINK: vkGetCalibratedTimestampsEXT failed (VK_ERROR_OUT_OF_HOST_MEMORY)
MESA: error: ZINK: vkGetCalibratedTimestampsEXT failed (VK_ERROR_OUT_OF_HOST_MEMORY)
MESA: error: ZINK: vkGetCalibratedTimestampsEXT failed (VK_ERROR_OUT_OF_HOST_MEMORY)
MESA: error: ZINK: vkGetCalibratedTimestampsEXT failed (VK_ERROR_OUT_OF_HOST_MEMORY)
MESA: error: ZINK: vkGetCalibratedTimestampsEXT failed (VK_ERROR_OUT_OF_HOST_MEMORY)
MESA: error: ZINK: vkGetCalibratedTimestampsEXT failed (VK_ERROR_OUT_OF_HOST_MEMORY)
MESA: error: ZINK: vkGetCalibratedTimestampsEXT failed (VK_ERROR_OUT_OF_HOST_MEMORY)
MESA: error: ZINK: vkGetCalibratedTimestampsEXT failed (VK_ERROR_OUT_OF_HOST_MEMORY)
MESA: error: ZINK: vkGetCalibratedTimestampsEXT failed (VK_ERROR_OUT_OF_HOST_MEMORY)
MESA: error: ZINK: vkGetCalibratedTimestampsEXT failed (VK_ERROR_OUT_OF_HOST_MEMORY)
MESA: error: ZINK: vkGetCalibratedTimestampsEXT failed (VK_ERROR_OUT_OF_HOST_MEMORY)
MESA: error: ZINK: vkGetCalibratedTimestampsEXT failed (VK_ERROR_OUT_OF_HOST_MEMORY)
MESA: error: ZINK: vkGetCalibratedTimestampsEXT failed (VK_ERROR_OUT_OF_HOST_MEMORY)
MESA: error: ZINK: vkGetCalibratedTimestampsEXT failed (VK_ERROR_OUT_OF_HOST_MEMORY)
MESA: error: ZINK: vkGetCalibratedTimestampsEXT failed (VK_ERROR_OUT_OF_HOST_MEMORY)
MESA: error: ZINK: vkGetCalibratedTimestampsEXT failed (VK_ERROR_OUT_OF_HOST_MEMORY)
MESA: error: ZINK: vkGetCalibratedTimestampsEXT failed (VK_ERROR_OUT_OF_HOST_MEMORY)
MESA: error: ZINK: vkGetCalibratedTimestampsEXT failed (VK_ERROR_OUT_OF_HOST_MEMORY)
MESA: error: ZINK: vkGetCalibratedTimestampsEXT failed (VK_ERROR_OUT_OF_HOST_MEMORY)
MESA: error: ZINK: vkGetCalibratedTimestampsEXT failed (VK_ERROR_OUT_OF_HOST_MEMORY)
MESA: error: ZINK: vkGetCalibratedTimestampsEXT failed (VK_ERROR_OUT_OF_HOST_MEMORY)
MESA: error: ZINK: vkGetCalibratedTimestampsEXT failed (VK_ERROR_OUT_OF_HOST_MEMORY)
MESA: error: ZINK: vkGetCalibratedTimestampsEXT failed (VK_ERROR_OUT_OF_HOST_MEMORY)
MESA: error: ZINK: vkGetCalibratedTimestampsEXT failed (VK_ERROR_OUT_OF_HOST_MEMORY)
MESA: error: ZINK: vkGetCalibratedTimestampsEXT failed (VK_ERROR_OUT_OF_HOST_MEMORY)
MESA: error: ZINK: vkGetCalibratedTimestampsEXT failed (VK_ERROR_OUT_OF_HOST_MEMORY)
MESA: error: ZINK: vkGetCalibratedTimestampsEXT failed (VK_ERROR_OUT_OF_HOST_MEMORY)
MESA: error: ZINK: vkGetCalibratedTimestampsEXT failed (VK_ERROR_OUT_OF_HOST_MEMORY)
MESA: error: ZINK: vkGetCalibratedTimestampsEXT failed (VK_ERROR_OUT_OF_HOST_MEMORY)
MESA: error: ZINK: vkGetCalibratedTimestampsEXT failed (VK_ERROR_OUT_OF_HOST_MEMORY)
MESA: error: ZINK: vkGetCalibratedTimestampsEXT failed (VK_ERROR_OUT_OF_HOST_MEMORY)
MESA: error: ZINK: vkGetCalibratedTimestampsEXT failed (VK_ERROR_OUT_OF_HOST_MEMORY)
MESA: error: ZINK: vkGetCalibratedTimestampsEXT failed (VK_ERROR_OUT_OF_HOST_MEMORY)
MESA: error: ZINK: vkGetCalibratedTimestampsEXT failed (VK_ERROR_OUT_OF_HOST_MEMORY)
MESA: error: ZINK: vkGetCalibratedTimestampsEXT failed (VK_ERROR_OUT_OF_HOST_MEMORY)
MESA: error: ZINK: vkGetCalibratedTimestampsEXT failed (VK_ERROR_OUT_OF_HOST_MEMORY)
MESA: error: ZINK: vkGetCalibratedTimestampsEXT failed (VK_ERROR_OUT_OF_HOST_MEMORY)
MESA: error: ZINK: vkGetCalibratedTimestampsEXT failed (VK_ERROR_OUT_OF_HOST_MEMORY)
MESA: error: ZINK: vkGetCalibratedTimestampsEXT failed (VK_ERROR_OUT_OF_HOST_MEMORY)
MESA: error: ZINK: vkGetCalibratedTimestampsEXT failed (VK_ERROR_OUT_OF_HOST_MEMORY)
MESA: error: ZINK: vkGetCalibratedTimestampsEXT failed (VK_ERROR_OUT_OF_HOST_MEMORY)
MESA: error: ZINK: vkGetCalibratedTimestampsEXT failed (VK_ERROR_OUT_OF_HOST_MEMORY)
MESA: error: ZINK: vkGetCalibratedTimestampsEXT failed (VK_ERROR_OUT_OF_HOST_MEMORY)
MESA: error: ZINK: vkGetCalibratedTimestampsEXT failed (VK_ERROR_OUT_OF_HOST_MEMORY)
MESA: error: ZINK: vkGetCalibratedTimestampsEXT failed (VK_ERROR_OUT_OF_HOST_MEMORY)
MESA: error: ZINK: vkGetCalibratedTimestampsEXT failed (VK_ERROR_OUT_OF_HOST_MEMORY)
MESA: error: ZINK: vkGetCalibratedTimestampsEXT failed (VK_ERROR_OUT_OF_HOST_MEMORY)
MESA: error: ZINK: vkGetCalibratedTimestampsEXT failed (VK_ERROR_OUT_OF_HOST_MEMORY)
MESA: error: ZINK: vkGetCalibratedTimestampsEXT failed (VK_ERROR_OUT_OF_HOST_MEMORY)
MESA: error: ZINK: vkGetCalibratedTimestampsEXT failed (VK_ERROR_OUT_OF_HOST_MEMORY)
MESA: error: ZINK: vkGetCalibratedTimestampsEXT failed (VK_ERROR_OUT_OF_HOST_MEMORY)
MESA: error: ZINK: vkGetCalibratedTimestampsEXT failed (VK_ERROR_OUT_OF_HOST_MEMORY)
MESA: error: ZINK: vkGetCalibratedTimestampsEXT failed (VK_ERROR_OUT_OF_HOST_MEMORY)
MESA: error: ZINK: vkGetCalibratedTimestampsEXT failed (VK_ERROR_OUT_OF_HOST_MEMORY)
MESA: error: ZINK: vkGetCalibratedTimestampsEXT failed (VK_ERROR_OUT_OF_HOST_MEMORY)
MESA: error: ZINK: vkGetCalibratedTimestampsEXT failed (VK_ERROR_OUT_OF_HOST_MEMORY)
MESA: error: ZINK: vkGetCalibratedTimestampsEXT failed (VK_ERROR_OUT_OF_HOST_MEMORY)
MESA: error: ZINK: vkGetCalibratedTimestampsEXT failed (VK_ERROR_OUT_OF_HOST_MEMORY)
MESA: error: ZINK: vkGetCalibratedTimestampsEXT failed (VK_ERROR_OUT_OF_HOST_MEMORY)
MESA: error: ZINK: vkGetCalibratedTimestampsEXT failed (VK_ERROR_OUT_OF_HOST_MEMORY)
MESA: error: ZINK: vkGetCalibratedTimestampsEXT failed (VK_ERROR_OUT_OF_HOST_MEMORY)
MESA: error: ZINK: vkGetCalibratedTimestampsEXT failed (VK_ERROR_OUT_OF_HOST_MEMORY)
MESA: error: ZINK: vkGetCalibratedTimestampsEXT failed (VK_ERROR_OUT_OF_HOST_MEMORY)
MESA: error: ZINK: vkGetCalibratedTimestampsEXT failed (VK_ERROR_OUT_OF_HOST_MEMORY)
MESA: error: ZINK: vkGetCalibratedTimestampsEXT failed (VK_ERROR_OUT_OF_HOST_MEMORY)
MESA: error: ZINK: vkGetCalibratedTimestampsEXT failed (VK_ERROR_OUT_OF_HOST_MEMORY)
MESA: error: ZINK: vkGetCalibratedTimestampsEXT failed (VK_ERROR_OUT_OF_HOST_MEMORY)
MESA: error: ZINK: vkGetCalibratedTimestampsEXT failed (VK_ERROR_OUT_OF_HOST_MEMORY)
MESA: error: ZINK: vkGetCalibratedTimestampsEXT failed (VK_ERROR_OUT_OF_HOST_MEMORY)
MESA: error: ZINK: vkGetCalibratedTimestampsEXT failed (VK_ERROR_OUT_OF_HOST_MEMORY)
MESA: error: ZINK: vkGetCalibratedTimestampsEXT failed (VK_ERROR_OUT_OF_HOST_MEMORY)
MESA: error: ZINK: vkGetCalibratedTimestampsEXT failed (VK_ERROR_OUT_OF_HOST_MEMORY)
MESA: error: ZINK: vkGetCalibratedTimestampsEXT failed (VK_ERROR_OUT_OF_HOST_MEMORY)
MESA: error: ZINK: vkGetCalibratedTimestampsEXT failed (VK_ERROR_OUT_OF_HOST_MEMORY)
MESA: error: ZINK: vkGetCalibratedTimestampsEXT failed (VK_ERROR_OUT_OF_HOST_MEMORY)
MESA: error: ZINK: vkGetCalibratedTimestampsEXT failed (VK_ERROR_OUT_OF_HOST_MEMORY)
MESA: error: ZINK: vkGetCalibratedTimestampsEXT failed (VK_ERROR_OUT_OF_HOST_MEMORY)
MESA: error: ZINK: vkGetCalibratedTimestampsEXT failed (VK_ERROR_OUT_OF_HOST_MEMORY)
MESA: error: ZINK: vkGetCalibratedTimestampsEXT failed (VK_ERROR_OUT_OF_HOST_MEMORY)
MESA: error: ZINK: vkGetCalibratedTimestampsEXT failed (VK_ERROR_OUT_OF_HOST_MEMORY)
MESA: error: ZINK: vkGetCalibratedTimestampsEXT failed (VK_ERROR_OUT_OF_HOST_MEMORY)
MESA: error: ZINK: vkGetCalibratedTimestampsEXT failed (VK_ERROR_OUT_OF_HOST_MEMORY)
MESA: error: ZINK: vkGetCalibratedTimestampsEXT failed (VK_ERROR_OUT_OF_HOST_MEMORY)
MESA: error: ZINK: vkGetCalibratedTimestampsEXT failed (VK_ERROR_OUT_OF_HOST_MEMORY)
MESA: error: ZINK: vkGetCalibratedTimestampsEXT failed (VK_ERROR_OUT_OF_HOST_MEMORY)
MESA: error: ZINK: vkGetCalibratedTimestampsEXT failed (VK_ERROR_OUT_OF_HOST_MEMORY)
MESA: error: ZINK: vkGetCalibratedTimestampsEXT failed (VK_ERROR_OUT_OF_HOST_MEMORY)
MESA: error: ZINK: vkGetCalibratedTimestampsEXT failed (VK_ERROR_OUT_OF_HOST_MEMORY)
MESA: error: ZINK: vkGetCalibratedTimestampsEXT failed (VK_ERROR_OUT_OF_HOST_MEMORY)
MESA: error: ZINK: vkGetCalibratedTimestampsEXT failed (VK_ERROR_OUT_OF_HOST_MEMORY)
MESA: error: ZINK: vkGetCalibratedTimestampsEXT failed (VK_ERROR_OUT_OF_HOST_MEMORY)
MESA: error: ZINK: vkGetCalibratedTimestampsEXT failed (VK_ERROR_OUT_OF_HOST_MEMORY)
MESA: error: ZINK: vkGetCalibratedTimestampsEXT failed (VK_ERROR_OUT_OF_HOST_MEMORY)
MESA: error: ZINK: vkGetCalibratedTimestampsEXT failed (VK_ERROR_OUT_OF_HOST_MEMORY)
MESA: error: ZINK: vkGetCalibratedTimestampsEXT failed (VK_ERROR_OUT_OF_HOST_MEMORY)
MESA: error: ZINK: vkGetCalibratedTimestampsEXT failed (VK_ERROR_OUT_OF_HOST_MEMORY)
MESA: error: ZINK: vkGetCalibratedTimestampsEXT failed (VK_ERROR_OUT_OF_HOST_MEMORY)
MESA: error: ZINK: vkGetCalibratedTimestampsEXT failed (VK_ERROR_OUT_OF_HOST_MEMORY)
MESA: error: ZINK: vkGetCalibratedTimestampsEXT failed (VK_ERROR_OUT_OF_HOST_MEMORY)
MESA: error: ZINK: vkGetCalibratedTimestampsEXT failed (VK_ERROR_OUT_OF_HOST_MEMORY)
MESA: error: ZINK: vkGetCalibratedTimestampsEXT failed (VK_ERROR_OUT_OF_HOST_MEMORY)
MESA: error: ZINK: vkGetCalibratedTimestampsEXT failed (VK_ERROR_OUT_OF_HOST_MEMORY)
MESA: error: ZINK: vkGetCalibratedTimestampsEXT failed (VK_ERROR_OUT_OF_HOST_MEMORY)
MESA: error: ZINK: vkGetCalibratedTimestampsEXT failed (VK_ERROR_OUT_OF_HOST_MEMORY)
MESA: error: ZINK: vkGetCalibratedTimestampsEXT failed (VK_ERROR_OUT_OF_HOST_MEMORY)
MESA: error: ZINK: vkGetCalibratedTimestampsEXT failed (VK_ERROR_OUT_OF_HOST_MEMORY)
MESA: error: ZINK: vkGetCalibratedTimestampsEXT failed (VK_ERROR_OUT_OF_HOST_MEMORY)
MESA: error: ZINK: vkGetCalibratedTimestampsEXT failed (VK_ERROR_OUT_OF_HOST_MEMORY)
MESA: error: ZINK: vkGetCalibratedTimestampsEXT failed (VK_ERROR_OUT_OF_HOST_MEMORY)
MESA: error: ZINK: vkGetCalibratedTimestampsEXT failed (VK_ERROR_OUT_OF_HOST_MEMORY)
MESA: error: ZINK: vkGetCalibratedTimestampsEXT failed (VK_ERROR_OUT_OF_HOST_MEMORY)
MESA: error: ZINK: vkGetCalibratedTimestampsEXT failed (VK_ERROR_OUT_OF_HOST_MEMORY)
MESA: error: ZINK: vkGetCalibratedTimestampsEXT failed (VK_ERROR_OUT_OF_HOST_MEMORY)
MESA: error: ZINK: vkGetCalibratedTimestampsEXT failed (VK_ERROR_OUT_OF_HOST_MEMORY)
MESA: error: ZINK: vkGetCalibratedTimestampsEXT failed (VK_ERROR_OUT_OF_HOST_MEMORY)
MESA: error: ZINK: vkGetCalibratedTimestampsEXT failed (VK_ERROR_OUT_OF_HOST_MEMORY)
MESA: error: ZINK: vkGetCalibratedTimestampsEXT failed (VK_ERROR_OUT_OF_HOST_MEMORY)
MESA: error: ZINK: vkGetCalibratedTimestampsEXT failed (VK_ERROR_OUT_OF_HOST_MEMORY)
MESA: error: ZINK: vkGetCalibratedTimestampsEXT failed (VK_ERROR_OUT_OF_HOST_MEMORY)
MESA: error: ZINK: vkGetCalibratedTimestampsEXT failed (VK_ERROR_OUT_OF_HOST_MEMORY)
MESA: error: ZINK: vkGetCalibratedTimestampsEXT failed (VK_ERROR_OUT_OF_HOST_MEMORY)
MESA: error: ZINK: vkGetCalibratedTimestampsEXT failed (VK_ERROR_OUT_OF_HOST_MEMORY)
MESA: error: ZINK: vkGetCalibratedTimestampsEXT failed (VK_ERROR_OUT_OF_HOST_MEMORY)
MESA: error: ZINK: vkGetCalibratedTimestampsEXT failed (VK_ERROR_OUT_OF_HOST_MEMORY)
MESA: error: ZINK: vkGetCalibratedTimestampsEXT failed (VK_ERROR_OUT_OF_HOST_MEMORY)
MESA: error: ZINK: vkGetCalibratedTimestampsEXT failed (VK_ERROR_OUT_OF_HOST_MEMORY)
MESA: error: ZINK: vkGetCalibratedTimestampsEXT failed (VK_ERROR_OUT_OF_HOST_MEMORY)
MESA: error: ZINK: vkGetCalibratedTimestampsEXT failed (VK_ERROR_OUT_OF_HOST_MEMORY)
MESA: error: ZINK: vkGetCalibratedTimestampsEXT failed (VK_ERROR_OUT_OF_HOST_MEMORY)
MESA: error: ZINK: vkGetCalibratedTimestampsEXT failed (VK_ERROR_OUT_OF_HOST_MEMORY)
MESA: error: ZINK: vkGetCalibratedTimestampsEXT failed (VK_ERROR_OUT_OF_HOST_MEMORY)
MESA: error: ZINK: vkGetCalibratedTimestampsEXT failed (VK_ERROR_OUT_OF_HOST_MEMORY)
MESA: error: ZINK: vkGetCalibratedTimestampsEXT failed (VK_ERROR_OUT_OF_HOST_MEMORY)
MESA: error: ZINK: vkGetCalibratedTimestampsEXT failed (VK_ERROR_OUT_OF_HOST_MEMORY)
MESA: error: ZINK: vkGetCalibratedTimestampsEXT failed (VK_ERROR_OUT_OF_HOST_MEMORY)
MESA: error: ZINK: vkGetCalibratedTimestampsEXT failed (VK_ERROR_OUT_OF_HOST_MEMORY)
MESA: error: ZINK: vkGetCalibratedTimestampsEXT failed (VK_ERROR_OUT_OF_HOST_MEMORY)
MESA: error: ZINK: vkGetCalibratedTimestampsEXT failed (VK_ERROR_OUT_OF_HOST_MEMORY)
MESA: error: ZINK: vkGetCalibratedTimestampsEXT failed (VK_ERROR_OUT_OF_HOST_MEMORY)
MESA: error: ZINK: vkGetCalibratedTimestampsEXT failed (VK_ERROR_OUT_OF_HOST_MEMORY)
MESA: error: ZINK: vkGetCalibratedTimestampsEXT failed (VK_ERROR_OUT_OF_HOST_MEMORY)
MESA: error: ZINK: vkGetCalibratedTimestampsEXT failed (VK_ERROR_OUT_OF_HOST_MEMORY)
MESA: error: ZINK: vkGetCalibratedTimestampsEXT failed (VK_ERROR_OUT_OF_HOST_MEMORY)
MESA: error: ZINK: vkGetCalibratedTimestampsEXT failed (VK_ERROR_OUT_OF_HOST_MEMORY)
MESA: error: ZINK: vkGetCalibratedTimestampsEXT failed (VK_ERROR_OUT_OF_HOST_MEMORY)
MESA: error: ZINK: vkGetCalibratedTimestampsEXT failed (VK_ERROR_OUT_OF_HOST_MEMORY)
MESA: error: ZINK: vkGetCalibratedTimestampsEXT failed (VK_ERROR_OUT_OF_HOST_MEMORY)
MESA: error: ZINK: vkGetCalibratedTimestampsEXT failed (VK_ERROR_OUT_OF_HOST_MEMORY)
MESA: error: ZINK: vkGetCalibratedTimestampsEXT failed (VK_ERROR_OUT_OF_HOST_MEMORY)
MESA: error: ZINK: vkGetCalibratedTimestampsEXT failed (VK_ERROR_OUT_OF_HOST_MEMORY)
MESA: error: ZINK: vkGetCalibratedTimestampsEXT failed (VK_ERROR_OUT_OF_HOST_MEMORY)
MESA: error: ZINK: vkGetCalibratedTimestampsEXT failed (VK_ERROR_OUT_OF_HOST_MEMORY)
MESA: error: ZINK: vkGetCalibratedTimestampsEXT failed (VK_ERROR_OUT_OF_HOST_MEMORY)
MESA: error: ZINK: vkGetCalibratedTimestampsEXT failed (VK_ERROR_OUT_OF_HOST_MEMORY)
MESA: error: ZINK: vkGetCalibratedTimestampsEXT failed (VK_ERROR_OUT_OF_HOST_MEMORY)
MESA: error: ZINK: vkGetCalibratedTimestampsEXT failed (VK_ERROR_OUT_OF_HOST_MEMORY)
MESA: error: ZINK: vkGetCalibratedTimestampsEXT failed (VK_ERROR_OUT_OF_HOST_MEMORY)
MESA: error: ZINK: vkGetCalibratedTimestampsEXT failed (VK_ERROR_OUT_OF_HOST_MEMORY)
MESA: error: ZINK: vkGetCalibratedTimestampsEXT failed (VK_ERROR_OUT_OF_HOST_MEMORY)
MESA: error: ZINK: vkGetCalibratedTimestampsEXT failed (VK_ERROR_OUT_OF_HOST_MEMORY)
MESA: error: ZINK: vkGetCalibratedTimestampsEXT failed (VK_ERROR_OUT_OF_HOST_MEMORY)
MESA: error: ZINK: vkGetCalibratedTimestampsEXT failed (VK_ERROR_OUT_OF_HOST_MEMORY)
MESA: error: ZINK: vkGetCalibratedTimestampsEXT failed (VK_ERROR_OUT_OF_HOST_MEMORY)
MESA: error: ZINK: vkGetCalibratedTimestampsEXT failed (VK_ERROR_OUT_OF_HOST_MEMORY)
MESA: error: ZINK: vkGetCalibratedTimestampsEXT failed (VK_ERROR_OUT_OF_HOST_MEMORY)
MESA: error: ZINK: vkGetCalibratedTimestampsEXT failed (VK_ERROR_OUT_OF_HOST_MEMORY)
MESA: error: ZINK: vkGetCalibratedTimestampsEXT failed (VK_ERROR_OUT_OF_HOST_MEMORY)
MESA: error: ZINK: vkGetCalibratedTimestampsEXT failed (VK_ERROR_OUT_OF_HOST_MEMORY)
MESA: error: ZINK: vkGetCalibratedTimestampsEXT failed (VK_ERROR_OUT_OF_HOST_MEMORY)
MESA: error: ZINK: vkGetCalibratedTimestampsEXT failed (VK_ERROR_OUT_OF_HOST_MEMORY)
MESA: error: ZINK: vkGetCalibratedTimestampsEXT failed (VK_ERROR_OUT_OF_HOST_MEMORY)
MESA: error: ZINK: vkGetCalibratedTimestampsEXT failed (VK_ERROR_OUT_OF_HOST_MEMORY)
MESA: error: ZINK: vkGetCalibratedTimestampsEXT failed (VK_ERROR_OUT_OF_HOST_MEMORY)
MESA: error: ZINK: vkGetCalibratedTimestampsEXT failed (VK_ERROR_OUT_OF_HOST_MEMORY)
MESA: error: ZINK: vkGetCalibratedTimestampsEXT failed (VK_ERROR_OUT_OF_HOST_MEMORY)
MESA: error: ZINK: vkGetCalibratedTimestampsEXT failed (VK_ERROR_OUT_OF_HOST_MEMORY)
MESA: error: ZINK: vkGetCalibratedTimestampsEXT failed (VK_ERROR_OUT_OF_HOST_MEMORY)
MESA: error: ZINK: vkGetCalibratedTimestampsEXT failed (VK_ERROR_OUT_OF_HOST_MEMORY)
MESA: error: ZINK: vkGetCalibratedTimestampsEXT failed (VK_ERROR_OUT_OF_HOST_MEMORY)
MESA: error: ZINK: vkGetCalibratedTimestampsEXT failed (VK_ERROR_OUT_OF_HOST_MEMORY)
MESA: error: ZINK: vkGetCalibratedTimestampsEXT failed (VK_ERROR_OUT_OF_HOST_MEMORY)
MESA: error: ZINK: vkGetCalibratedTimestampsEXT failed (VK_ERROR_OUT_OF_HOST_MEMORY)
MESA: error: ZINK: vkGetCalibratedTimestampsEXT failed (VK_ERROR_OUT_OF_HOST_MEMORY)
MESA: error: ZINK: vkGetCalibratedTimestampsEXT failed (VK_ERROR_OUT_OF_HOST_MEMORY)
MESA: error: ZINK: vkGetCalibratedTimestampsEXT failed (VK_ERROR_OUT_OF_HOST_MEMORY)
MESA: error: ZINK: vkGetCalibratedTimestampsEXT failed (VK_ERROR_OUT_OF_HOST_MEMORY)
MESA: error: ZINK: vkGetCalibratedTimestampsEXT failed (VK_ERROR_OUT_OF_HOST_MEMORY)
MESA: error: ZINK: vkGetCalibratedTimestampsEXT failed (VK_ERROR_OUT_OF_HOST_MEMORY)
MESA: error: ZINK: vkGetCalibratedTimestampsEXT failed (VK_ERROR_OUT_OF_HOST_MEMORY)
MESA: error: ZINK: vkGetCalibratedTimestampsEXT failed (VK_ERROR_OUT_OF_HOST_MEMORY)
MESA: error: ZINK: vkGetCalibratedTimestampsEXT failed (VK_ERROR_OUT_OF_HOST_MEMORY)
MESA: error: ZINK: vkGetCalibratedTimestampsEXT failed (VK_ERROR_OUT_OF_HOST_MEMORY)
MESA: error: ZINK: vkGetCalibratedTimestampsEXT failed (VK_ERROR_OUT_OF_HOST_MEMORY)
MESA: error: ZINK: vkGetCalibratedTimestampsEXT failed (VK_ERROR_OUT_OF_HOST_MEMORY)
MESA: error: ZINK: vkGetCalibratedTimestampsEXT failed (VK_ERROR_OUT_OF_HOST_MEMORY)
MESA: error: ZINK: vkGetCalibratedTimestampsEXT failed (VK_ERROR_OUT_OF_HOST_MEMORY)
MESA: error: ZINK: vkGetCalibratedTimestampsEXT failed (VK_ERROR_OUT_OF_HOST_MEMORY)
MESA: error: ZINK: vkGetCalibratedTimestampsEXT failed (VK_ERROR_OUT_OF_HOST_MEMORY)
MESA: error: ZINK: vkGetCalibratedTimestampsEXT failed (VK_ERROR_OUT_OF_HOST_MEMORY)
MESA: error: ZINK: vkGetCalibratedTimestampsEXT failed (VK_ERROR_OUT_OF_HOST_MEMORY)
MESA: error: ZINK: vkGetCalibratedTimestampsEXT failed (VK_ERROR_OUT_OF_HOST_MEMORY)
MESA: error: ZINK: vkGetCalibratedTimestampsEXT failed (VK_ERROR_OUT_OF_HOST_MEMORY)
MESA: error: ZINK: vkGetCalibratedTimestampsEXT failed (VK_ERROR_OUT_OF_HOST_MEMORY)
MESA: error: ZINK: vkGetCalibratedTimestampsEXT failed (VK_ERROR_OUT_OF_HOST_MEMORY)
MESA: error: ZINK: vkGetCalibratedTimestampsEXT failed (VK_ERROR_OUT_OF_HOST_MEMORY)
MESA: error: ZINK: vkGetCalibratedTimestampsEXT failed (VK_ERROR_OUT_OF_HOST_MEMORY)
MESA: error: ZINK: vkGetCalibratedTimestampsEXT failed (VK_ERROR_OUT_OF_HOST_MEMORY)
MESA: error: ZINK: vkGetCalibratedTimestampsEXT failed (VK_ERROR_OUT_OF_HOST_MEMORY)
MESA: error: ZINK: vkGetCalibratedTimestampsEXT failed (VK_ERROR_OUT_OF_HOST_MEMORY)
MESA: error: ZINK: vkGetCalibratedTimestampsEXT failed (VK_ERROR_OUT_OF_HOST_MEMORY)
MESA: error: ZINK: vkGetCalibratedTimestampsEXT failed (VK_ERROR_OUT_OF_HOST_MEMORY)
MESA: error: ZINK: vkGetCalibratedTimestampsEXT failed (VK_ERROR_OUT_OF_HOST_MEMORY)
MESA: error: ZINK: vkGetCalibratedTimestampsEXT failed (VK_ERROR_OUT_OF_HOST_MEMORY)
MESA: error: ZINK: vkGetCalibratedTimestampsEXT failed (VK_ERROR_OUT_OF_HOST_MEMORY)
MESA: error: ZINK: vkGetCalibratedTimestampsEXT failed (VK_ERROR_OUT_OF_HOST_MEMORY)
MESA: error: ZINK: vkGetCalibratedTimestampsEXT failed (VK_ERROR_OUT_OF_HOST_MEMORY)
MESA: error: ZINK: vkGetCalibratedTimestampsEXT failed (VK_ERROR_OUT_OF_HOST_MEMORY)
MESA: error: ZINK: vkGetCalibratedTimestampsEXT failed (VK_ERROR_OUT_OF_HOST_MEMORY)
MESA: error: ZINK: vkGetCalibratedTimestampsEXT failed (VK_ERROR_OUT_OF_HOST_MEMORY)
MESA: error: ZINK: vkGetCalibratedTimestampsEXT failed (VK_ERROR_OUT_OF_HOST_MEMORY)
MESA: error: ZINK: vkGetCalibratedTimestampsEXT failed (VK_ERROR_OUT_OF_HOST_MEMORY)
MESA: error: ZINK: vkGetCalibratedTimestampsEXT failed (VK_ERROR_OUT_OF_HOST_MEMORY)
MESA: error: ZINK: vkGetCalibratedTimestampsEXT failed (VK_ERROR_OUT_OF_HOST_MEMORY)
MESA: error: ZINK: vkGetCalibratedTimestampsEXT failed (VK_ERROR_OUT_OF_HOST_MEMORY)
MESA: error: ZINK: vkGetCalibratedTimestampsEXT failed (VK_ERROR_OUT_OF_HOST_MEMORY)
MESA: error: ZINK: vkGetCalibratedTimestampsEXT failed (VK_ERROR_OUT_OF_HOST_MEMORY)
MESA: error: ZINK: vkGetCalibratedTimestampsEXT failed (VK_ERROR_OUT_OF_HOST_MEMORY)
MESA: error: ZINK: vkGetCalibratedTimestampsEXT failed (VK_ERROR_OUT_OF_HOST_MEMORY)
MESA: error: ZINK: vkGetCalibratedTimestampsEXT failed (VK_ERROR_OUT_OF_HOST_MEMORY)
MESA: error: ZINK: vkGetCalibratedTimestampsEXT failed (VK_ERROR_OUT_OF_HOST_MEMORY)
MESA: error: ZINK: vkGetCalibratedTimestampsEXT failed (VK_ERROR_OUT_OF_HOST_MEMORY)
MESA: error: ZINK: vkGetCalibratedTimestampsEXT failed (VK_ERROR_OUT_OF_HOST_MEMORY)
MESA: error: ZINK: vkGetCalibratedTimestampsEXT failed (VK_ERROR_OUT_OF_HOST_MEMORY)
MESA: error: ZINK: vkGetCalibratedTimestampsEXT failed (VK_ERROR_OUT_OF_HOST_MEMORY)
MESA: error: ZINK: vkGetCalibratedTimestampsEXT failed (VK_ERROR_OUT_OF_HOST_MEMORY)
MESA: error: ZINK: vkGetCalibratedTimestampsEXT failed (VK_ERROR_OUT_OF_HOST_MEMORY)
MESA: error: ZINK: vkGetCalibratedTimestampsEXT failed (VK_ERROR_OUT_OF_HOST_MEMORY)
MESA: error: ZINK: vkGetCalibratedTimestampsEXT failed (VK_ERROR_OUT_OF_HOST_MEMORY)
MESA: error: ZINK: vkGetCalibratedTimestampsEXT failed (VK_ERROR_OUT_OF_HOST_MEMORY)
MESA: error: ZINK: vkGetCalibratedTimestampsEXT failed (VK_ERROR_OUT_OF_HOST_MEMORY)
MESA: error: ZINK: vkGetCalibratedTimestampsEXT failed (VK_ERROR_OUT_OF_HOST_MEMORY)
MESA: error: ZINK: vkGetCalibratedTimestampsEXT failed (VK_ERROR_OUT_OF_HOST_MEMORY)
MESA: error: ZINK: vkGetCalibratedTimestampsEXT failed (VK_ERROR_OUT_OF_HOST_MEMORY)
MESA: error: ZINK: vkGetCalibratedTimestampsEXT failed (VK_ERROR_OUT_OF_HOST_MEMORY)
MESA: error: ZINK: vkGetCalibratedTimestampsEXT failed (VK_ERROR_OUT_OF_HOST_MEMORY)
MESA: error: ZINK: vkGetCalibratedTimestampsEXT failed (VK_ERROR_OUT_OF_HOST_MEMORY)
MESA: error: ZINK: vkGetCalibratedTimestampsEXT failed (VK_ERROR_OUT_OF_HOST_MEMORY)
MESA: error: ZINK: vkGetCalibratedTimestampsEXT failed (VK_ERROR_OUT_OF_HOST_MEMORY)
MESA: error: ZINK: vkGetCalibratedTimestampsEXT failed (VK_ERROR_OUT_OF_HOST_MEMORY)
MESA: error: ZINK: vkGetCalibratedTimestampsEXT failed (VK_ERROR_OUT_OF_HOST_MEMORY)
MESA: error: ZINK: vkGetCalibratedTimestampsEXT failed (VK_ERROR_OUT_OF_HOST_MEMORY)
MESA: error: ZINK: vkGetCalibratedTimestampsEXT failed (VK_ERROR_OUT_OF_HOST_MEMORY)
MESA: error: ZINK: vkGetCalibratedTimestampsEXT failed (VK_ERROR_OUT_OF_HOST_MEMORY)
MESA: error: ZINK: vkGetCalibratedTimestampsEXT failed (VK_ERROR_OUT_OF_HOST_MEMORY)
MESA: error: ZINK: vkGetCalibratedTimestampsEXT failed (VK_ERROR_OUT_OF_HOST_MEMORY)
MESA: error: ZINK: vkGetCalibratedTimestampsEXT failed (VK_ERROR_OUT_OF_HOST_MEMORY)
MESA: error: ZINK: vkGetCalibratedTimestampsEXT failed (VK_ERROR_OUT_OF_HOST_MEMORY)
MESA: error: ZINK: vkGetCalibratedTimestampsEXT failed (VK_ERROR_OUT_OF_HOST_MEMORY)
MESA: error: ZINK: vkGetCalibratedTimestampsEXT failed (VK_ERROR_OUT_OF_HOST_MEMORY)
MESA: error: ZINK: vkGetCalibratedTimestampsEXT failed (VK_ERROR_OUT_OF_HOST_MEMORY)
MESA: error: ZINK: vkGetCalibratedTimestampsEXT failed (VK_ERROR_OUT_OF_HOST_MEMORY)
MESA: error: ZINK: vkGetCalibratedTimestampsEXT failed (VK_ERROR_OUT_OF_HOST_MEMORY)
MESA: error: ZINK: vkGetCalibratedTimestampsEXT failed (VK_ERROR_OUT_OF_HOST_MEMORY)
MESA: error: ZINK: vkGetCalibratedTimestampsEXT failed (VK_ERROR_OUT_OF_HOST_MEMORY)
MESA: error: ZINK: vkGetCalibratedTimestampsEXT failed (VK_ERROR_OUT_OF_HOST_MEMORY)
MESA: error: ZINK: vkGetCalibratedTimestampsEXT failed (VK_ERROR_OUT_OF_HOST_MEMORY)
MESA: error: ZINK: vkGetCalibratedTimestampsEXT failed (VK_ERROR_OUT_OF_HOST_MEMORY)
MESA: error: ZINK: vkGetCalibratedTimestampsEXT failed (VK_ERROR_OUT_OF_HOST_MEMORY)
MESA: error: ZINK: vkGetCalibratedTimestampsEXT failed (VK_ERROR_OUT_OF_HOST_MEMORY)
MESA: error: ZINK: vkGetCalibratedTimestampsEXT failed (VK_ERROR_OUT_OF_HOST_MEMORY)
MESA: error: ZINK: vkGetCalibratedTimestampsEXT failed (VK_ERROR_OUT_OF_HOST_MEMORY)
MESA: error: ZINK: vkGetCalibratedTimestampsEXT failed (VK_ERROR_OUT_OF_HOST_MEMORY)
MESA: error: ZINK: vkGetCalibratedTimestampsEXT failed (VK_ERROR_OUT_OF_HOST_MEMORY)
MESA: error: ZINK: vkGetCalibratedTimestampsEXT failed (VK_ERROR_OUT_OF_HOST_MEMORY)
MESA: error: ZINK: vkGetCalibratedTimestampsEXT failed (VK_ERROR_OUT_OF_HOST_MEMORY)
MESA: error: ZINK: vkGetCalibratedTimestampsEXT failed (VK_ERROR_OUT_OF_HOST_MEMORY)
MESA: error: ZINK: vkGetCalibratedTimestampsEXT failed (VK_ERROR_OUT_OF_HOST_MEMORY)
MESA: error: ZINK: vkGetCalibratedTimestampsEXT failed (VK_ERROR_OUT_OF_HOST_MEMORY)
MESA: error: ZINK: vkGetCalibratedTimestampsEXT failed (VK_ERROR_OUT_OF_HOST_MEMORY)
MESA: error: ZINK: vkGetCalibratedTimestampsEXT failed (VK_ERROR_OUT_OF_HOST_MEMORY)
MESA: error: ZINK: vkGetCalibratedTimestampsEXT failed (VK_ERROR_OUT_OF_HOST_MEMORY)
MESA: error: ZINK: vkGetCalibratedTimestampsEXT failed (VK_ERROR_OUT_OF_HOST_MEMORY)
MESA: error: ZINK: vkGetCalibratedTimestampsEXT failed (VK_ERROR_OUT_OF_HOST_MEMORY)
MESA: error: ZINK: vkGetCalibratedTimestampsEXT failed (VK_ERROR_OUT_OF_HOST_MEMORY)
MESA: error: ZINK: vkGetCalibratedTimestampsEXT failed (VK_ERROR_OUT_OF_HOST_MEMORY)
MESA: error: ZINK: vkGetCalibratedTimestampsEXT failed (VK_ERROR_OUT_OF_HOST_MEMORY)
MESA: error: ZINK: vkGetCalibratedTimestampsEXT failed (VK_ERROR_OUT_OF_HOST_MEMORY)
MESA: error: ZINK: vkGetCalibratedTimestampsEXT failed (VK_ERROR_OUT_OF_HOST_MEMORY)
MESA: error: ZINK: vkGetCalibratedTimestampsEXT failed (VK_ERROR_OUT_OF_HOST_MEMORY)
MESA: error: ZINK: vkGetCalibratedTimestampsEXT failed (VK_ERROR_OUT_OF_HOST_MEMORY)
MESA: error: ZINK: vkGetCalibratedTimestampsEXT failed (VK_ERROR_OUT_OF_HOST_MEMORY)
MESA: error: ZINK: vkGetCalibratedTimestampsEXT failed (VK_ERROR_OUT_OF_HOST_MEMORY)
MESA: error: ZINK: vkGetCalibratedTimestampsEXT failed (VK_ERROR_OUT_OF_HOST_MEMORY)
MESA: error: ZINK: vkGetCalibratedTimestampsEXT failed (VK_ERROR_OUT_OF_HOST_MEMORY)
MESA: error: ZINK: vkGetCalibratedTimestampsEXT failed (VK_ERROR_OUT_OF_HOST_MEMORY)
MESA: error: ZINK: vkGetCalibratedTimestampsEXT failed (VK_ERROR_OUT_OF_HOST_MEMORY)
MESA: error: ZINK: vkGetCalibratedTimestampsEXT failed (VK_ERROR_OUT_OF_HOST_MEMORY)
MESA: error: ZINK: vkGetCalibratedTimestampsEXT failed (VK_ERROR_OUT_OF_HOST_MEMORY)
MESA: error: ZINK: vkGetCalibratedTimestampsEXT failed (VK_ERROR_OUT_OF_HOST_MEMORY)
MESA: error: ZINK: vkGetCalibratedTimestampsEXT failed (VK_ERROR_OUT_OF_HOST_MEMORY)
MESA: error: ZINK: vkGetCalibratedTimestampsEXT failed (VK_ERROR_OUT_OF_HOST_MEMORY)
MESA: error: ZINK: vkGetCalibratedTimestampsEXT failed (VK_ERROR_OUT_OF_HOST_MEMORY)
MESA: error: ZINK: vkGetCalibratedTimestampsEXT failed (VK_ERROR_OUT_OF_HOST_MEMORY)
MESA: error: ZINK: vkGetCalibratedTimestampsEXT failed (VK_ERROR_OUT_OF_HOST_MEMORY)
MESA: error: ZINK: vkGetCalibratedTimestampsEXT failed (VK_ERROR_OUT_OF_HOST_MEMORY)
MESA: error: ZINK: vkGetCalibratedTimestampsEXT failed (VK_ERROR_OUT_OF_HOST_MEMORY)
MESA: error: ZINK: vkGetCalibratedTimestampsEXT failed (VK_ERROR_OUT_OF_HOST_MEMORY)
MESA: error: ZINK: vkGetCalibratedTimestampsEXT failed (VK_ERROR_OUT_OF_HOST_MEMORY)
MESA: error: ZINK: vkGetCalibratedTimestampsEXT failed (VK_ERROR_OUT_OF_HOST_MEMORY)
MESA: error: ZINK: vkGetCalibratedTimestampsEXT failed (VK_ERROR_OUT_OF_HOST_MEMORY)
MESA: error: ZINK: vkGetCalibratedTimestampsEXT failed (VK_ERROR_OUT_OF_HOST_MEMORY)
MESA: error: ZINK: vkGetCalibratedTimestampsEXT failed (VK_ERROR_OUT_OF_HOST_MEMORY)
MESA: error: ZINK: vkGetCalibratedTimestampsEXT failed (VK_ERROR_OUT_OF_HOST_MEMORY)
MESA: error: ZINK: vkGetCalibratedTimestampsEXT failed (VK_ERROR_OUT_OF_HOST_MEMORY)
MESA: error: ZINK: vkGetCalibratedTimestampsEXT failed (VK_ERROR_OUT_OF_HOST_MEMORY)
MESA: error: ZINK: vkGetCalibratedTimestampsEXT failed (VK_ERROR_OUT_OF_HOST_MEMORY)
MESA: error: ZINK: vkGetCalibratedTimestampsEXT failed (VK_ERROR_OUT_OF_HOST_MEMORY)
MESA: error: ZINK: vkGetCalibratedTimestampsEXT failed (VK_ERROR_OUT_OF_HOST_MEMORY)
MESA: error: ZINK: vkGetCalibratedTimestampsEXT failed (VK_ERROR_OUT_OF_HOST_MEMORY)
MESA: error: ZINK: vkGetCalibratedTimestampsEXT failed (VK_ERROR_OUT_OF_HOST_MEMORY)
MESA: error: ZINK: vkGetCalibratedTimestampsEXT failed (VK_ERROR_OUT_OF_HOST_MEMORY)
MESA: error: ZINK: vkGetCalibratedTimestampsEXT failed (VK_ERROR_OUT_OF_HOST_MEMORY)
MESA: error: ZINK: vkGetCalibratedTimestampsEXT failed (VK_ERROR_OUT_OF_HOST_MEMORY)
MESA: error: ZINK: vkGetCalibratedTimestampsEXT failed (VK_ERROR_OUT_OF_HOST_MEMORY)
MESA: error: ZINK: vkGetCalibratedTimestampsEXT failed (VK_ERROR_OUT_OF_HOST_MEMORY)
MESA: error: ZINK: vkGetCalibratedTimestampsEXT failed (VK_ERROR_OUT_OF_HOST_MEMORY)
MESA: error: ZINK: vkGetCalibratedTimestampsEXT failed (VK_ERROR_OUT_OF_HOST_MEMORY)
MESA: error: ZINK: vkGetCalibratedTimestampsEXT failed (VK_ERROR_OUT_OF_HOST_MEMORY)
MESA: error: ZINK: vkGetCalibratedTimestampsEXT failed (VK_ERROR_OUT_OF_HOST_MEMORY)
MESA: error: ZINK: vkGetCalibratedTimestampsEXT failed (VK_ERROR_OUT_OF_HOST_MEMORY)
MESA: error: ZINK: vkGetCalibratedTimestampsEXT failed (VK_ERROR_OUT_OF_HOST_MEMORY)
MESA: error: ZINK: vkGetCalibratedTimestampsEXT failed (VK_ERROR_OUT_OF_HOST_MEMORY)
MESA: error: ZINK: vkGetCalibratedTimestampsEXT failed (VK_ERROR_OUT_OF_HOST_MEMORY)
MESA: error: ZINK: vkGetCalibratedTimestampsEXT failed (VK_ERROR_OUT_OF_HOST_MEMORY)
MESA: error: ZINK: vkGetCalibratedTimestampsEXT failed (VK_ERROR_OUT_OF_HOST_MEMORY)
MESA: error: ZINK: vkGetCalibratedTimestampsEXT failed (VK_ERROR_OUT_OF_HOST_MEMORY)
MESA: error: ZINK: vkGetCalibratedTimestampsEXT failed (VK_ERROR_OUT_OF_HOST_MEMORY)
MESA: error: ZINK: vkGetCalibratedTimestampsEXT failed (VK_ERROR_OUT_OF_HOST_MEMORY)
MESA: error: ZINK: vkGetCalibratedTimestampsEXT failed (VK_ERROR_OUT_OF_HOST_MEMORY)
MESA: error: ZINK: vkGetCalibratedTimestampsEXT failed (VK_ERROR_OUT_OF_HOST_MEMORY)
MESA: error: ZINK: vkGetCalibratedTimestampsEXT failed (VK_ERROR_OUT_OF_HOST_MEMORY)
MESA: error: ZINK: vkGetCalibratedTimestampsEXT failed (VK_ERROR_OUT_OF_HOST_MEMORY)
MESA: error: ZINK: vkGetCalibratedTimestampsEXT failed (VK_ERROR_OUT_OF_HOST_MEMORY)
MESA: error: ZINK: vkGetCalibratedTimestampsEXT failed (VK_ERROR_OUT_OF_HOST_MEMORY)
MESA: error: ZINK: vkGetCalibratedTimestampsEXT failed (VK_ERROR_OUT_OF_HOST_MEMORY)
MESA: error: ZINK: vkGetCalibratedTimestampsEXT failed (VK_ERROR_OUT_OF_HOST_MEMORY)
MESA: error: ZINK: vkGetCalibratedTimestampsEXT failed (VK_ERROR_OUT_OF_HOST_MEMORY)
MESA: error: ZINK: vkGetCalibratedTimestampsEXT failed (VK_ERROR_OUT_OF_HOST_MEMORY)
MESA: error: ZINK: vkGetCalibratedTimestampsEXT failed (VK_ERROR_OUT_OF_HOST_MEMORY)
MESA: error: ZINK: vkGetCalibratedTimestampsEXT failed (VK_ERROR_OUT_OF_HOST_MEMORY)
MESA: error: ZINK: vkGetCalibratedTimestampsEXT failed (VK_ERROR_OUT_OF_HOST_MEMORY)
MESA: error: ZINK: vkGetCalibratedTimestampsEXT failed (VK_ERROR_OUT_OF_HOST_MEMORY)
MESA: error: ZINK: vkGetCalibratedTimestampsEXT failed (VK_ERROR_OUT_OF_HOST_MEMORY)
MESA: error: ZINK: vkGetCalibratedTimestampsEXT failed (VK_ERROR_OUT_OF_HOST_MEMORY)
MESA: error: ZINK: vkGetCalibratedTimestampsEXT failed (VK_ERROR_OUT_OF_HOST_MEMORY)
MESA: error: ZINK: vkGetCalibratedTimestampsEXT failed (VK_ERROR_OUT_OF_HOST_MEMORY)
MESA: error: ZINK: vkGetCalibratedTimestampsEXT failed (VK_ERROR_OUT_OF_HOST_MEMORY)
MESA: error: ZINK: vkGetCalibratedTimestampsEXT failed (VK_ERROR_OUT_OF_HOST_MEMORY)
MESA: error: ZINK: vkGetCalibratedTimestampsEXT failed (VK_ERROR_OUT_OF_HOST_MEMORY)
MESA: error: ZINK: vkGetCalibratedTimestampsEXT failed (VK_ERROR_OUT_OF_HOST_MEMORY)
MESA: error: ZINK: vkGetCalibratedTimestampsEXT failed (VK_ERROR_OUT_OF_HOST_MEMORY)
MESA: error: ZINK: vkGetCalibratedTimestampsEXT failed (VK_ERROR_OUT_OF_HOST_MEMORY)
MESA: error: ZINK: vkGetCalibratedTimestampsEXT failed (VK_ERROR_OUT_OF_HOST_MEMORY)
MESA: error: ZINK: vkGetCalibratedTimestampsEXT failed (VK_ERROR_OUT_OF_HOST_MEMORY)
MESA: error: ZINK: vkGetCalibratedTimestampsEXT failed (VK_ERROR_OUT_OF_HOST_MEMORY)
MESA: error: ZINK: vkGetCalibratedTimestampsEXT failed (VK_ERROR_OUT_OF_HOST_MEMORY)
MESA: error: ZINK: vkGetCalibratedTimestampsEXT failed (VK_ERROR_OUT_OF_HOST_MEMORY)
MESA: error: ZINK: vkGetCalibratedTimestampsEXT failed (VK_ERROR_OUT_OF_HOST_MEMORY)
MESA: error: ZINK: vkGetCalibratedTimestampsEXT failed (VK_ERROR_OUT_OF_HOST_MEMORY)
MESA: error: ZINK: vkGetCalibratedTimestampsEXT failed (VK_ERROR_OUT_OF_HOST_MEMORY)
MESA: error: ZINK: vkGetCalibratedTimestampsEXT failed (VK_ERROR_OUT_OF_HOST_MEMORY)
MESA: error: ZINK: vkGetCalibratedTimestampsEXT failed (VK_ERROR_OUT_OF_HOST_MEMORY)
MESA: error: ZINK: vkGetCalibratedTimestampsEXT failed (VK_ERROR_OUT_OF_HOST_MEMORY)
MESA: error: ZINK: vkGetCalibratedTimestampsEXT failed (VK_ERROR_OUT_OF_HOST_MEMORY)
MESA: error: ZINK: vkGetCalibratedTimestampsEXT failed (VK_ERROR_OUT_OF_HOST_MEMORY)
MESA: error: ZINK: vkGetCalibratedTimestampsEXT failed (VK_ERROR_OUT_OF_HOST_MEMORY)
MESA: error: ZINK: vkGetCalibratedTimestampsEXT failed (VK_ERROR_OUT_OF_HOST_MEMORY)
MESA: error: ZINK: vkGetCalibratedTimestampsEXT failed (VK_ERROR_OUT_OF_HOST_MEMORY)
MESA: error: ZINK: vkGetCalibratedTimestampsEXT failed (VK_ERROR_OUT_OF_HOST_MEMORY)
MESA: error: ZINK: vkGetCalibratedTimestampsEXT failed (VK_ERROR_OUT_OF_HOST_MEMORY)
MESA: error: ZINK: vkGetCalibratedTimestampsEXT failed (VK_ERROR_OUT_OF_HOST_MEMORY)
MESA: error: ZINK: vkGetCalibratedTimestampsEXT failed (VK_ERROR_OUT_OF_HOST_MEMORY)
MESA: error: ZINK: vkGetCalibratedTimestampsEXT failed (VK_ERROR_OUT_OF_HOST_MEMORY)
MESA: error: ZINK: vkGetCalibratedTimestampsEXT failed (VK_ERROR_OUT_OF_HOST_MEMORY)
MESA: error: ZINK: vkGetCalibratedTimestampsEXT failed (VK_ERROR_OUT_OF_HOST_MEMORY)
MESA: error: ZINK: vkGetCalibratedTimestampsEXT failed (VK_ERROR_OUT_OF_HOST_MEMORY)
MESA: error: ZINK: vkGetCalibratedTimestampsEXT failed (VK_ERROR_OUT_OF_HOST_MEMORY)
MESA: error: ZINK: vkGetCalibratedTimestampsEXT failed (VK_ERROR_OUT_OF_HOST_MEMORY)
MESA: error: ZINK: vkGetCalibratedTimestampsEXT failed (VK_ERROR_OUT_OF_HOST_MEMORY)
MESA: error: ZINK: vkGetCalibratedTimestampsEXT failed (VK_ERROR_OUT_OF_HOST_MEMORY)
MESA: error: ZINK: vkGetCalibratedTimestampsEXT failed (VK_ERROR_OUT_OF_HOST_MEMORY)
MESA: error: ZINK: vkGetCalibratedTimestampsEXT failed (VK_ERROR_OUT_OF_HOST_MEMORY)
MESA: error: ZINK: vkGetCalibratedTimestampsEXT failed (VK_ERROR_OUT_OF_HOST_MEMORY)
MESA: error: ZINK: vkGetCalibratedTimestampsEXT failed (VK_ERROR_OUT_OF_HOST_MEMORY)
MESA: error: ZINK: vkGetCalibratedTimestampsEXT failed (VK_ERROR_OUT_OF_HOST_MEMORY)
MESA: error: ZINK: vkGetCalibratedTimestampsEXT failed (VK_ERROR_OUT_OF_HOST_MEMORY)
MESA: error: ZINK: vkGetCalibratedTimestampsEXT failed (VK_ERROR_OUT_OF_HOST_MEMORY)
MESA: error: ZINK: vkGetCalibratedTimestampsEXT failed (VK_ERROR_OUT_OF_HOST_MEMORY)
MESA: error: ZINK: vkGetCalibratedTimestampsEXT failed (VK_ERROR_OUT_OF_HOST_MEMORY)
MESA: error: ZINK: vkGetCalibratedTimestampsEXT failed (VK_ERROR_OUT_OF_HOST_MEMORY)
MESA: error: ZINK: vkGetCalibratedTimestampsEXT failed (VK_ERROR_OUT_OF_HOST_MEMORY)
MESA: error: ZINK: vkGetCalibratedTimestampsEXT failed (VK_ERROR_OUT_OF_HOST_MEMORY)
MESA: error: ZINK: vkGetCalibratedTimestampsEXT failed (VK_ERROR_OUT_OF_HOST_MEMORY)
MESA: error: ZINK: vkGetCalibratedTimestampsEXT failed (VK_ERROR_OUT_OF_HOST_MEMORY)
MESA: error: ZINK: vkGetCalibratedTimestampsEXT failed (VK_ERROR_OUT_OF_HOST_MEMORY)
MESA: error: ZINK: vkGetCalibratedTimestampsEXT failed (VK_ERROR_OUT_OF_HOST_MEMORY)
MESA: error: ZINK: vkGetCalibratedTimestampsEXT failed (VK_ERROR_OUT_OF_HOST_MEMORY)
MESA: error: ZINK: vkGetCalibratedTimestampsEXT failed (VK_ERROR_OUT_OF_HOST_MEMORY)
MESA: error: ZINK: vkGetCalibratedTimestampsEXT failed (VK_ERROR_OUT_OF_HOST_MEMORY)
MESA: error: ZINK: vkGetCalibratedTimestampsEXT failed (VK_ERROR_OUT_OF_HOST_MEMORY)
MESA: error: ZINK: vkGetCalibratedTimestampsEXT failed (VK_ERROR_OUT_OF_HOST_MEMORY)
MESA: error: ZINK: vkGetCalibratedTimestampsEXT failed (VK_ERROR_OUT_OF_HOST_MEMORY)
MESA: error: ZINK: vkGetCalibratedTimestampsEXT failed (VK_ERROR_OUT_OF_HOST_MEMORY)
MESA: error: ZINK: vkGetCalibratedTimestampsEXT failed (VK_ERROR_OUT_OF_HOST_MEMORY)
MESA: error: ZINK: vkGetCalibratedTimestampsEXT failed (VK_ERROR_OUT_OF_HOST_MEMORY)
MESA: error: ZINK: vkGetCalibratedTimestampsEXT failed (VK_ERROR_OUT_OF_HOST_MEMORY)
MESA: error: ZINK: vkGetCalibratedTimestampsEXT failed (VK_ERROR_OUT_OF_HOST_MEMORY)
MESA: error: ZINK: vkGetCalibratedTimestampsEXT failed (VK_ERROR_OUT_OF_HOST_MEMORY)
MESA: error: ZINK: vkGetCalibratedTimestampsEXT failed (VK_ERROR_OUT_OF_HOST_MEMORY)
MESA: error: ZINK: vkGetCalibratedTimestampsEXT failed (VK_ERROR_OUT_OF_HOST_MEMORY)
MESA: error: ZINK: vkGetCalibratedTimestampsEXT failed (VK_ERROR_OUT_OF_HOST_MEMORY)
MESA: error: ZINK: vkGetCalibratedTimestampsEXT failed (VK_ERROR_OUT_OF_HOST_MEMORY)
MESA: error: ZINK: vkGetCalibratedTimestampsEXT failed (VK_ERROR_OUT_OF_HOST_MEMORY)
MESA: error: ZINK: vkGetCalibratedTimestampsEXT failed (VK_ERROR_OUT_OF_HOST_MEMORY)
MESA: error: ZINK: vkGetCalibratedTimestampsEXT failed (VK_ERROR_OUT_OF_HOST_MEMORY)
MESA: error: ZINK: vkGetCalibratedTimestampsEXT failed (VK_ERROR_OUT_OF_HOST_MEMORY)
MESA: error: ZINK: vkGetCalibratedTimestampsEXT failed (VK_ERROR_OUT_OF_HOST_MEMORY)
MESA: error: ZINK: vkGetCalibratedTimestampsEXT failed (VK_ERROR_OUT_OF_HOST_MEMORY)
MESA: error: ZINK: vkGetCalibratedTimestampsEXT failed (VK_ERROR_OUT_OF_HOST_MEMORY)
MESA: error: ZINK: vkGetCalibratedTimestampsEXT failed (VK_ERROR_OUT_OF_HOST_MEMORY)
MESA: error: ZINK: vkGetCalibratedTimestampsEXT failed (VK_ERROR_OUT_OF_HOST_MEMORY)
MESA: error: ZINK: vkGetCalibratedTimestampsEXT failed (VK_ERROR_OUT_OF_HOST_MEMORY)
MESA: error: ZINK: vkGetCalibratedTimestampsEXT failed (VK_ERROR_OUT_OF_HOST_MEMORY)
MESA: error: ZINK: vkGetCalibratedTimestampsEXT failed (VK_ERROR_OUT_OF_HOST_MEMORY)
MESA: error: ZINK: vkGetCalibratedTimestampsEXT failed (VK_ERROR_OUT_OF_HOST_MEMORY)
MESA: error: ZINK: vkGetCalibratedTimestampsEXT failed (VK_ERROR_OUT_OF_HOST_MEMORY)
MESA: error: ZINK: vkGetCalibratedTimestampsEXT failed (VK_ERROR_OUT_OF_HOST_MEMORY)
MESA: error: ZINK: vkGetCalibratedTimestampsEXT failed (VK_ERROR_OUT_OF_HOST_MEMORY)
MESA: error: ZINK: vkGetCalibratedTimestampsEXT failed (VK_ERROR_OUT_OF_HOST_MEMORY)
MESA: error: ZINK: vkGetCalibratedTimestampsEXT failed (VK_ERROR_OUT_OF_HOST_MEMORY)
MESA: error: ZINK: vkGetCalibratedTimestampsEXT failed (VK_ERROR_OUT_OF_HOST_MEMORY)
MESA: error: ZINK: vkGetCalibratedTimestampsEXT failed (VK_ERROR_OUT_OF_HOST_MEMORY)
MESA: error: ZINK: vkGetCalibratedTimestampsEXT failed (VK_ERROR_OUT_OF_HOST_MEMORY)
MESA: error: ZINK: vkGetCalibratedTimestampsEXT failed (VK_ERROR_OUT_OF_HOST_MEMORY)
MESA: error: ZINK: vkGetCalibratedTimestampsEXT failed (VK_ERROR_OUT_OF_HOST_MEMORY)
MESA: error: ZINK: vkGetCalibratedTimestampsEXT failed (VK_ERROR_OUT_OF_HOST_MEMORY)
MESA: error: ZINK: vkGetCalibratedTimestampsEXT failed (VK_ERROR_OUT_OF_HOST_MEMORY)
MESA: error: ZINK: vkGetCalibratedTimestampsEXT failed (VK_ERROR_OUT_OF_HOST_MEMORY)
MESA: error: ZINK: vkGetCalibratedTimestampsEXT failed (VK_ERROR_OUT_OF_HOST_MEMORY)
MESA: error: ZINK: vkGetCalibratedTimestampsEXT failed (VK_ERROR_OUT_OF_HOST_MEMORY)
MESA: error: ZINK: vkGetCalibratedTimestampsEXT failed (VK_ERROR_OUT_OF_HOST_MEMORY)
MESA: error: ZINK: vkGetCalibratedTimestampsEXT failed (VK_ERROR_OUT_OF_HOST_MEMORY)
MESA: error: ZINK: vkGetCalibratedTimestampsEXT failed (VK_ERROR_OUT_OF_HOST_MEMORY)
MESA: error: ZINK: vkGetCalibratedTimestampsEXT failed (VK_ERROR_OUT_OF_HOST_MEMORY)
MESA: error: ZINK: vkGetCalibratedTimestampsEXT failed (VK_ERROR_OUT_OF_HOST_MEMORY)
MESA: error: ZINK: vkGetCalibratedTimestampsEXT failed (VK_ERROR_OUT_OF_HOST_MEMORY)
MESA: error: ZINK: vkGetCalibratedTimestampsEXT failed (VK_ERROR_OUT_OF_HOST_MEMORY)
MESA: error: ZINK: vkGetCalibratedTimestampsEXT failed (VK_ERROR_OUT_OF_HOST_MEMORY)
MESA: error: ZINK: vkGetCalibratedTimestampsEXT failed (VK_ERROR_OUT_OF_HOST_MEMORY)
MESA: error: ZINK: vkGetCalibratedTimestampsEXT failed (VK_ERROR_OUT_OF_HOST_MEMORY)
MESA: error: ZINK: vkGetCalibratedTimestampsEXT failed (VK_ERROR_OUT_OF_HOST_MEMORY)
MESA: error: ZINK: vkGetCalibratedTimestampsEXT failed (VK_ERROR_OUT_OF_HOST_MEMORY)
MESA: error: ZINK: vkGetCalibratedTimestampsEXT failed (VK_ERROR_OUT_OF_HOST_MEMORY)
MESA: error: ZINK: vkGetCalibratedTimestampsEXT failed (VK_ERROR_OUT_OF_HOST_MEMORY)
MESA: error: ZINK: vkGetCalibratedTimestampsEXT failed (VK_ERROR_OUT_OF_HOST_MEMORY)
MESA: error: ZINK: vkGetCalibratedTimestampsEXT failed (VK_ERROR_OUT_OF_HOST_MEMORY)
MESA: error: ZINK: vkGetCalibratedTimestampsEXT failed (VK_ERROR_OUT_OF_HOST_MEMORY)
MESA: error: ZINK: vkGetCalibratedTimestampsEXT failed (VK_ERROR_OUT_OF_HOST_MEMORY)
MESA: error: ZINK: vkGetCalibratedTimestampsEXT failed (VK_ERROR_OUT_OF_HOST_MEMORY)
MESA: error: ZINK: vkGetCalibratedTimestampsEXT failed (VK_ERROR_OUT_OF_HOST_MEMORY)
MESA: error: ZINK: vkGetCalibratedTimestampsEXT failed (VK_ERROR_OUT_OF_HOST_MEMORY)
MESA: error: ZINK: vkGetCalibratedTimestampsEXT failed (VK_ERROR_OUT_OF_HOST_MEMORY)
MESA: error: ZINK: vkGetCalibratedTimestampsEXT failed (VK_ERROR_OUT_OF_HOST_MEMORY)
MESA: error: ZINK: vkGetCalibratedTimestampsEXT failed (VK_ERROR_OUT_OF_HOST_MEMORY)
MESA: error: ZINK: vkGetCalibratedTimestampsEXT failed (VK_ERROR_OUT_OF_HOST_MEMORY)
MESA: error: ZINK: vkGetCalibratedTimestampsEXT failed (VK_ERROR_OUT_OF_HOST_MEMORY)
MESA: error: ZINK: vkGetCalibratedTimestampsEXT failed (VK_ERROR_OUT_OF_HOST_MEMORY)
MESA: error: ZINK: vkGetCalibratedTimestampsEXT failed (VK_ERROR_OUT_OF_HOST_MEMORY)
MESA: error: ZINK: vkGetCalibratedTimestampsEXT failed (VK_ERROR_OUT_OF_HOST_MEMORY)
MESA: error: ZINK: vkGetCalibratedTimestampsEXT failed (VK_ERROR_OUT_OF_HOST_MEMORY)
MESA: error: ZINK: vkGetCalibratedTimestampsEXT failed (VK_ERROR_OUT_OF_HOST_MEMORY)
MESA: error: ZINK: vkGetCalibratedTimestampsEXT failed (VK_ERROR_OUT_OF_HOST_MEMORY)
MESA: error: ZINK: vkGetCalibratedTimestampsEXT failed (VK_ERROR_OUT_OF_HOST_MEMORY)
MESA: error: ZINK: vkGetCalibratedTimestampsEXT failed (VK_ERROR_OUT_OF_HOST_MEMORY)
MESA: error: ZINK: vkGetCalibratedTimestampsEXT failed (VK_ERROR_OUT_OF_HOST_MEMORY)
MESA: error: ZINK: vkGetCalibratedTimestampsEXT failed (VK_ERROR_OUT_OF_HOST_MEMORY)
MESA: error: ZINK: vkGetCalibratedTimestampsEXT failed (VK_ERROR_OUT_OF_HOST_MEMORY)
MESA: error: ZINK: vkGetCalibratedTimestampsEXT failed (VK_ERROR_OUT_OF_HOST_MEMORY)
MESA: error: ZINK: vkGetCalibratedTimestampsEXT failed (VK_ERROR_OUT_OF_HOST_MEMORY)
MESA: error: ZINK: vkGetCalibratedTimestampsEXT failed (VK_ERROR_OUT_OF_HOST_MEMORY)
MESA: error: ZINK: vkGetCalibratedTimestampsEXT failed (VK_ERROR_OUT_OF_HOST_MEMORY)
MESA: error: ZINK: vkGetCalibratedTimestampsEXT failed (VK_ERROR_OUT_OF_HOST_MEMORY)
MESA: error: ZINK: vkGetCalibratedTimestampsEXT failed (VK_ERROR_OUT_OF_HOST_MEMORY)
MESA: error: ZINK: vkGetCalibratedTimestampsEXT failed (VK_ERROR_OUT_OF_HOST_MEMORY)
MESA: error: ZINK: vkGetCalibratedTimestampsEXT failed (VK_ERROR_OUT_OF_HOST_MEMORY)
MESA: error: ZINK: vkGetCalibratedTimestampsEXT failed (VK_ERROR_OUT_OF_HOST_MEMORY)
MESA: error: ZINK: vkGetCalibratedTimestampsEXT failed (VK_ERROR_OUT_OF_HOST_MEMORY)
MESA: error: ZINK: vkGetCalibratedTimestampsEXT failed (VK_ERROR_OUT_OF_HOST_MEMORY)
MESA: error: ZINK: vkGetCalibratedTimestampsEXT failed (VK_ERROR_OUT_OF_HOST_MEMORY)
MESA: error: ZINK: vkGetCalibratedTimestampsEXT failed (VK_ERROR_OUT_OF_HOST_MEMORY)
MESA: error: ZINK: vkGetCalibratedTimestampsEXT failed (VK_ERROR_OUT_OF_HOST_MEMORY)
MESA: error: ZINK: vkGetCalibratedTimestampsEXT failed (VK_ERROR_OUT_OF_HOST_MEMORY)
MESA: error: ZINK: vkGetCalibratedTimestampsEXT failed (VK_ERROR_OUT_OF_HOST_MEMORY)
MESA: error: ZINK: vkGetCalibratedTimestampsEXT failed (VK_ERROR_OUT_OF_HOST_MEMORY)
MESA: error: ZINK: vkGetCalibratedTimestampsEXT failed (VK_ERROR_OUT_OF_HOST_MEMORY)
MESA: error: ZINK: vkGetCalibratedTimestampsEXT failed (VK_ERROR_OUT_OF_HOST_MEMORY)
MESA: error: ZINK: vkGetCalibratedTimestampsEXT failed (VK_ERROR_OUT_OF_HOST_MEMORY)
MESA: error: ZINK: vkGetCalibratedTimestampsEXT failed (VK_ERROR_OUT_OF_HOST_MEMORY)
MESA: error: ZINK: vkGetCalibratedTimestampsEXT failed (VK_ERROR_OUT_OF_HOST_MEMORY)
MESA: error: ZINK: vkGetCalibratedTimestampsEXT failed (VK_ERROR_OUT_OF_HOST_MEMORY)
MESA: error: ZINK: vkGetCalibratedTimestampsEXT failed (VK_ERROR_OUT_OF_HOST_MEMORY)
MESA: error: ZINK: vkGetCalibratedTimestampsEXT failed (VK_ERROR_OUT_OF_HOST_MEMORY)
MESA: error: ZINK: vkGetCalibratedTimestampsEXT failed (VK_ERROR_OUT_OF_HOST_MEMORY)
MESA: error: ZINK: vkGetCalibratedTimestampsEXT failed (VK_ERROR_OUT_OF_HOST_MEMORY)
MESA: error: ZINK: vkGetCalibratedTimestampsEXT failed (VK_ERROR_OUT_OF_HOST_MEMORY)
MESA: error: ZINK: vkGetCalibratedTimestampsEXT failed (VK_ERROR_OUT_OF_HOST_MEMORY)
MESA: error: ZINK: vkGetCalibratedTimestampsEXT failed (VK_ERROR_OUT_OF_HOST_MEMORY)
MESA: error: ZINK: vkGetCalibratedTimestampsEXT failed (VK_ERROR_OUT_OF_HOST_MEMORY)
MESA: error: ZINK: vkGetCalibratedTimestampsEXT failed (VK_ERROR_OUT_OF_HOST_MEMORY)
MESA: error: ZINK: vkGetCalibratedTimestampsEXT failed (VK_ERROR_OUT_OF_HOST_MEMORY)
MESA: error: ZINK: vkGetCalibratedTimestampsEXT failed (VK_ERROR_OUT_OF_HOST_MEMORY)
MESA: error: ZINK: vkGetCalibratedTimestampsEXT failed (VK_ERROR_OUT_OF_HOST_MEMORY)
MESA: error: ZINK: vkGetCalibratedTimestampsEXT failed (VK_ERROR_OUT_OF_HOST_MEMORY)
MESA: error: ZINK: vkGetCalibratedTimestampsEXT failed (VK_ERROR_OUT_OF_HOST_MEMORY)
MESA: error: ZINK: vkGetCalibratedTimestampsEXT failed (VK_ERROR_OUT_OF_HOST_MEMORY)
MESA: error: ZINK: vkGetCalibratedTimestampsEXT failed (VK_ERROR_OUT_OF_HOST_MEMORY)
MESA: error: ZINK: vkGetCalibratedTimestampsEXT failed (VK_ERROR_OUT_OF_HOST_MEMORY)
MESA: error: ZINK: vkGetCalibratedTimestampsEXT failed (VK_ERROR_OUT_OF_HOST_MEMORY)
MESA: error: ZINK: vkGetCalibratedTimestampsEXT failed (VK_ERROR_OUT_OF_HOST_MEMORY)
MESA: error: ZINK: vkGetCalibratedTimestampsEXT failed (VK_ERROR_OUT_OF_HOST_MEMORY)
MESA: error: ZINK: vkGetCalibratedTimestampsEXT failed (VK_ERROR_OUT_OF_HOST_MEMORY)
MESA: error: ZINK: vkGetCalibratedTimestampsEXT failed (VK_ERROR_OUT_OF_HOST_MEMORY)
MESA: error: ZINK: vkGetCalibratedTimestampsEXT failed (VK_ERROR_OUT_OF_HOST_MEMORY)
MESA: error: ZINK: vkGetCalibratedTimestampsEXT failed (VK_ERROR_OUT_OF_HOST_MEMORY)
MESA: error: ZINK: vkGetCalibratedTimestampsEXT failed (VK_ERROR_OUT_OF_HOST_MEMORY)
MESA: error: ZINK: vkGetCalibratedTimestampsEXT failed (VK_ERROR_OUT_OF_HOST_MEMORY)
MESA: error: ZINK: vkGetCalibratedTimestampsEXT failed (VK_ERROR_OUT_OF_HOST_MEMORY)
MESA: error: ZINK: vkGetCalibratedTimestampsEXT failed (VK_ERROR_OUT_OF_HOST_MEMORY)
MESA: error: ZINK: vkGetCalibratedTimestampsEXT failed (VK_ERROR_OUT_OF_HOST_MEMORY)
MESA: error: ZINK: vkGetCalibratedTimestampsEXT failed (VK_ERROR_OUT_OF_HOST_MEMORY)
MESA: error: ZINK: vkGetCalibratedTimestampsEXT failed (VK_ERROR_OUT_OF_HOST_MEMORY)
MESA: error: ZINK: vkGetCalibratedTimestampsEXT failed (VK_ERROR_OUT_OF_HOST_MEMORY)
MESA: error: ZINK: vkGetCalibratedTimestampsEXT failed (VK_ERROR_OUT_OF_HOST_MEMORY)
MESA: error: ZINK: vkGetCalibratedTimestampsEXT failed (VK_ERROR_OUT_OF_HOST_MEMORY)
MESA: error: ZINK: vkGetCalibratedTimestampsEXT failed (VK_ERROR_OUT_OF_HOST_MEMORY)
MESA: error: ZINK: vkGetCalibratedTimestampsEXT failed (VK_ERROR_OUT_OF_HOST_MEMORY)
MESA: error: ZINK: vkGetCalibratedTimestampsEXT failed (VK_ERROR_OUT_OF_HOST_MEMORY)
MESA: error: ZINK: vkGetCalibratedTimestampsEXT failed (VK_ERROR_OUT_OF_HOST_MEMORY)
MESA: error: ZINK: vkGetCalibratedTimestampsEXT failed (VK_ERROR_OUT_OF_HOST_MEMORY)
MESA: error: ZINK: vkGetCalibratedTimestampsEXT failed (VK_ERROR_OUT_OF_HOST_MEMORY)
MESA: error: ZINK: vkGetCalibratedTimestampsEXT failed (VK_ERROR_OUT_OF_HOST_MEMORY)
MESA: error: ZINK: vkGetCalibratedTimestampsEXT failed (VK_ERROR_OUT_OF_HOST_MEMORY)
MESA: error: ZINK: vkGetCalibratedTimestampsEXT failed (VK_ERROR_OUT_OF_HOST_MEMORY)
MESA: error: ZINK: vkGetCalibratedTimestampsEXT failed (VK_ERROR_OUT_OF_HOST_MEMORY)
MESA: error: ZINK: vkGetCalibratedTimestampsEXT failed (VK_ERROR_OUT_OF_HOST_MEMORY)
MESA: error: ZINK: vkGetCalibratedTimestampsEXT failed (VK_ERROR_OUT_OF_HOST_MEMORY)
MESA: error: ZINK: vkGetCalibratedTimestampsEXT failed (VK_ERROR_OUT_OF_HOST_MEMORY)
MESA: error: ZINK: vkGetCalibratedTimestampsEXT failed (VK_ERROR_OUT_OF_HOST_MEMORY)
MESA: error: ZINK: vkGetCalibratedTimestampsEXT failed (VK_ERROR_OUT_OF_HOST_MEMORY)
MESA: error: ZINK: vkGetCalibratedTimestampsEXT failed (VK_ERROR_OUT_OF_HOST_MEMORY)
MESA: error: ZINK: vkGetCalibratedTimestampsEXT failed (VK_ERROR_OUT_OF_HOST_MEMORY)
MESA: error: ZINK: vkGetCalibratedTimestampsEXT failed (VK_ERROR_OUT_OF_HOST_MEMORY)
MESA: error: ZINK: vkGetCalibratedTimestampsEXT failed (VK_ERROR_OUT_OF_HOST_MEMORY)
MESA: error: ZINK: vkGetCalibratedTimestampsEXT failed (VK_ERROR_OUT_OF_HOST_MEMORY)
MESA: error: ZINK: vkGetCalibratedTimestampsEXT failed (VK_ERROR_OUT_OF_HOST_MEMORY)
MESA: error: ZINK: vkGetCalibratedTimestampsEXT failed (VK_ERROR_OUT_OF_HOST_MEMORY)
MESA: error: ZINK: vkGetCalibratedTimestampsEXT failed (VK_ERROR_OUT_OF_HOST_MEMORY)
MESA: error: ZINK: vkGetCalibratedTimestampsEXT failed (VK_ERROR_OUT_OF_HOST_MEMORY)
MESA: error: ZINK: vkGetCalibratedTimestampsEXT failed (VK_ERROR_OUT_OF_HOST_MEMORY)
MESA: error: ZINK: vkGetCalibratedTimestampsEXT failed (VK_ERROR_OUT_OF_HOST_MEMORY)
MESA: error: ZINK: vkGetCalibratedTimestampsEXT failed (VK_ERROR_OUT_OF_HOST_MEMORY)
MESA: error: ZINK: vkGetCalibratedTimestampsEXT failed (VK_ERROR_OUT_OF_HOST_MEMORY)
MESA: error: ZINK: vkGetCalibratedTimestampsEXT failed (VK_ERROR_OUT_OF_HOST_MEMORY)
MESA: error: ZINK: vkGetCalibratedTimestampsEXT failed (VK_ERROR_OUT_OF_HOST_MEMORY)
MESA: error: ZINK: vkGetCalibratedTimestampsEXT failed (VK_ERROR_OUT_OF_HOST_MEMORY)
MESA: error: ZINK: vkGetCalibratedTimestampsEXT failed (VK_ERROR_OUT_OF_HOST_MEMORY)
MESA: error: ZINK: vkGetCalibratedTimestampsEXT failed (VK_ERROR_OUT_OF_HOST_MEMORY)
MESA: error: ZINK: vkGetCalibratedTimestampsEXT failed (VK_ERROR_OUT_OF_HOST_MEMORY)
MESA: error: ZINK: vkGetCalibratedTimestampsEXT failed (VK_ERROR_OUT_OF_HOST_MEMORY)
MESA: error: ZINK: vkGetCalibratedTimestampsEXT failed (VK_ERROR_OUT_OF_HOST_MEMORY)
MESA: error: ZINK: vkGetCalibratedTimestampsEXT failed (VK_ERROR_OUT_OF_HOST_MEMORY)
MESA: error: ZINK: vkGetCalibratedTimestampsEXT failed (VK_ERROR_OUT_OF_HOST_MEMORY)
MESA: error: ZINK: vkGetCalibratedTimestampsEXT failed (VK_ERROR_OUT_OF_HOST_MEMORY)
MESA: error: ZINK: vkGetCalibratedTimestampsEXT failed (VK_ERROR_OUT_OF_HOST_MEMORY)
MESA: error: ZINK: vkGetCalibratedTimestampsEXT failed (VK_ERROR_OUT_OF_HOST_MEMORY)
MESA: error: ZINK: vkGetCalibratedTimestampsEXT failed (VK_ERROR_OUT_OF_HOST_MEMORY)
MESA: error: ZINK: vkGetCalibratedTimestampsEXT failed (VK_ERROR_OUT_OF_HOST_MEMORY)
MESA: error: ZINK: vkGetCalibratedTimestampsEXT failed (VK_ERROR_OUT_OF_HOST_MEMORY)
MESA: error: ZINK: vkGetCalibratedTimestampsEXT failed (VK_ERROR_OUT_OF_HOST_MEMORY)
MESA: error: ZINK: vkGetCalibratedTimestampsEXT failed (VK_ERROR_OUT_OF_HOST_MEMORY)
MESA: error: ZINK: vkGetCalibratedTimestampsEXT failed (VK_ERROR_OUT_OF_HOST_MEMORY)
MESA: error: ZINK: vkGetCalibratedTimestampsEXT failed (VK_ERROR_OUT_OF_HOST_MEMORY)
MESA: error: ZINK: vkGetCalibratedTimestampsEXT failed (VK_ERROR_OUT_OF_HOST_MEMORY)
MESA: error: ZINK: vkGetCalibratedTimestampsEXT failed (VK_ERROR_OUT_OF_HOST_MEMORY)
MESA: error: ZINK: vkGetCalibratedTimestampsEXT failed (VK_ERROR_OUT_OF_HOST_MEMORY)
MESA: error: ZINK: vkGetCalibratedTimestampsEXT failed (VK_ERROR_OUT_OF_HOST_MEMORY)
MESA: error: ZINK: vkGetCalibratedTimestampsEXT failed (VK_ERROR_OUT_OF_HOST_MEMORY)
MESA: error: ZINK: vkGetCalibratedTimestampsEXT failed (VK_ERROR_OUT_OF_HOST_MEMORY)
MESA: error: ZINK: vkGetCalibratedTimestampsEXT failed (VK_ERROR_OUT_OF_HOST_MEMORY)
MESA: error: ZINK: vkGetCalibratedTimestampsEXT failed (VK_ERROR_OUT_OF_HOST_MEMORY)
MESA: error: ZINK: vkGetCalibratedTimestampsEXT failed (VK_ERROR_OUT_OF_HOST_MEMORY)
MESA: error: ZINK: vkGetCalibratedTimestampsEXT failed (VK_ERROR_OUT_OF_HOST_MEMORY)
MESA: error: ZINK: vkGetCalibratedTimestampsEXT failed (VK_ERROR_OUT_OF_HOST_MEMORY)
MESA: error: ZINK: vkGetCalibratedTimestampsEXT failed (VK_ERROR_OUT_OF_HOST_MEMORY)
MESA: error: ZINK: vkGetCalibratedTimestampsEXT failed (VK_ERROR_OUT_OF_HOST_MEMORY)
MESA: error: ZINK: vkGetCalibratedTimestampsEXT failed (VK_ERROR_OUT_OF_HOST_MEMORY)
MESA: error: ZINK: vkGetCalibratedTimestampsEXT failed (VK_ERROR_OUT_OF_HOST_MEMORY)
MESA: error: ZINK: vkGetCalibratedTimestampsEXT failed (VK_ERROR_OUT_OF_HOST_MEMORY)
MESA: error: ZINK: vkGetCalibratedTimestampsEXT failed (VK_ERROR_OUT_OF_HOST_MEMORY)
MESA: error: ZINK: vkGetCalibratedTimestampsEXT failed (VK_ERROR_OUT_OF_HOST_MEMORY)
MESA: error: ZINK: vkGetCalibratedTimestampsEXT failed (VK_ERROR_OUT_OF_HOST_MEMORY)
MESA: error: ZINK: vkGetCalibratedTimestampsEXT failed (VK_ERROR_OUT_OF_HOST_MEMORY)
MESA: error: ZINK: vkGetCalibratedTimestampsEXT failed (VK_ERROR_OUT_OF_HOST_MEMORY)
MESA: error: ZINK: vkGetCalibratedTimestampsEXT failed (VK_ERROR_OUT_OF_HOST_MEMORY)
MESA: error: ZINK: vkGetCalibratedTimestampsEXT failed (VK_ERROR_OUT_OF_HOST_MEMORY)
MESA: error: ZINK: vkGetCalibratedTimestampsEXT failed (VK_ERROR_OUT_OF_HOST_MEMORY)
MESA: error: ZINK: vkGetCalibratedTimestampsEXT failed (VK_ERROR_OUT_OF_HOST_MEMORY)
MESA: error: ZINK: vkGetCalibratedTimestampsEXT failed (VK_ERROR_OUT_OF_HOST_MEMORY)
MESA: error: ZINK: vkGetCalibratedTimestampsEXT failed (VK_ERROR_OUT_OF_HOST_MEMORY)
MESA: error: ZINK: vkGetCalibratedTimestampsEXT failed (VK_ERROR_OUT_OF_HOST_MEMORY)
MESA: error: ZINK: vkGetCalibratedTimestampsEXT failed (VK_ERROR_OUT_OF_HOST_MEMORY)
MESA: error: ZINK: vkGetCalibratedTimestampsEXT failed (VK_ERROR_OUT_OF_HOST_MEMORY)
MESA: error: ZINK: vkGetCalibratedTimestampsEXT failed (VK_ERROR_OUT_OF_HOST_MEMORY)
MESA: error: ZINK: vkGetCalibratedTimestampsEXT failed (VK_ERROR_OUT_OF_HOST_MEMORY)
MESA: error: ZINK: vkGetCalibratedTimestampsEXT failed (VK_ERROR_OUT_OF_HOST_MEMORY)
MESA: error: ZINK: vkGetCalibratedTimestampsEXT failed (VK_ERROR_OUT_OF_HOST_MEMORY)
MESA: error: ZINK: vkGetCalibratedTimestampsEXT failed (VK_ERROR_OUT_OF_HOST_MEMORY)
MESA: error: ZINK: vkGetCalibratedTimestampsEXT failed (VK_ERROR_OUT_OF_HOST_MEMORY)
MESA: error: ZINK: vkGetCalibratedTimestampsEXT failed (VK_ERROR_OUT_OF_HOST_MEMORY)
MESA: error: ZINK: vkGetCalibratedTimestampsEXT failed (VK_ERROR_OUT_OF_HOST_MEMORY)
MESA: error: ZINK: vkGetCalibratedTimestampsEXT failed (VK_ERROR_OUT_OF_HOST_MEMORY)
MESA: error: ZINK: vkGetCalibratedTimestampsEXT failed (VK_ERROR_OUT_OF_HOST_MEMORY)
MESA: error: ZINK: vkGetCalibratedTimestampsEXT failed (VK_ERROR_OUT_OF_HOST_MEMORY)
MESA: error: ZINK: vkGetCalibratedTimestampsEXT failed (VK_ERROR_OUT_OF_HOST_MEMORY)
MESA: error: ZINK: vkGetCalibratedTimestampsEXT failed (VK_ERROR_OUT_OF_HOST_MEMORY)
MESA: error: ZINK: vkGetCalibratedTimestampsEXT failed (VK_ERROR_OUT_OF_HOST_MEMORY)
MESA: error: ZINK: vkGetCalibratedTimestampsEXT failed (VK_ERROR_OUT_OF_HOST_MEMORY)
MESA: error: ZINK: vkGetCalibratedTimestampsEXT failed (VK_ERROR_OUT_OF_HOST_MEMORY)
MESA: error: ZINK: vkGetCalibratedTimestampsEXT failed (VK_ERROR_OUT_OF_HOST_MEMORY)
MESA: error: ZINK: vkGetCalibratedTimestampsEXT failed (VK_ERROR_OUT_OF_HOST_MEMORY)
MESA: error: ZINK: vkGetCalibratedTimestampsEXT failed (VK_ERROR_OUT_OF_HOST_MEMORY)
MESA: error: ZINK: vkGetCalibratedTimestampsEXT failed (VK_ERROR_OUT_OF_HOST_MEMORY)
MESA: error: ZINK: vkGetCalibratedTimestampsEXT failed (VK_ERROR_OUT_OF_HOST_MEMORY)
MESA: error: ZINK: vkGetCalibratedTimestampsEXT failed (VK_ERROR_OUT_OF_HOST_MEMORY)
MESA: error: ZINK: vkGetCalibratedTimestampsEXT failed (VK_ERROR_OUT_OF_HOST_MEMORY)
MESA: error: ZINK: vkGetCalibratedTimestampsEXT failed (VK_ERROR_OUT_OF_HOST_MEMORY)
MESA: error: ZINK: vkGetCalibratedTimestampsEXT failed (VK_ERROR_OUT_OF_HOST_MEMORY)
MESA: error: ZINK: vkGetCalibratedTimestampsEXT failed (VK_ERROR_OUT_OF_HOST_MEMORY)
MESA: error: ZINK: vkGetCalibratedTimestampsEXT failed (VK_ERROR_OUT_OF_HOST_MEMORY)
MESA: error: ZINK: vkGetCalibratedTimestampsEXT failed (VK_ERROR_OUT_OF_HOST_MEMORY)
MESA: error: ZINK: vkGetCalibratedTimestampsEXT failed (VK_ERROR_OUT_OF_HOST_MEMORY)
MESA: error: ZINK: vkGetCalibratedTimestampsEXT failed (VK_ERROR_OUT_OF_HOST_MEMORY)
MESA: error: ZINK: vkGetCalibratedTimestampsEXT failed (VK_ERROR_OUT_OF_HOST_MEMORY)
MESA: error: ZINK: vkGetCalibratedTimestampsEXT failed (VK_ERROR_OUT_OF_HOST_MEMORY)
MESA: error: ZINK: vkGetCalibratedTimestampsEXT failed (VK_ERROR_OUT_OF_HOST_MEMORY)
MESA: error: ZINK: vkGetCalibratedTimestampsEXT failed (VK_ERROR_OUT_OF_HOST_MEMORY)
MESA: error: ZINK: vkGetCalibratedTimestampsEXT failed (VK_ERROR_OUT_OF_HOST_MEMORY)
MESA: error: ZINK: vkGetCalibratedTimestampsEXT failed (VK_ERROR_OUT_OF_HOST_MEMORY)
MESA: error: ZINK: vkGetCalibratedTimestampsEXT failed (VK_ERROR_OUT_OF_HOST_MEMORY)
MESA: error: ZINK: vkGetCalibratedTimestampsEXT failed (VK_ERROR_OUT_OF_HOST_MEMORY)
MESA: error: ZINK: vkGetCalibratedTimestampsEXT failed (VK_ERROR_OUT_OF_HOST_MEMORY)
MESA: error: ZINK: vkGetCalibratedTimestampsEXT failed (VK_ERROR_OUT_OF_HOST_MEMORY)
MESA: error: ZINK: vkGetCalibratedTimestampsEXT failed (VK_ERROR_OUT_OF_HOST_MEMORY)
MESA: error: ZINK: vkGetCalibratedTimestampsEXT failed (VK_ERROR_OUT_OF_HOST_MEMORY)
MESA: error: ZINK: vkGetCalibratedTimestampsEXT failed (VK_ERROR_OUT_OF_HOST_MEMORY)
MESA: error: ZINK: vkGetCalibratedTimestampsEXT failed (VK_ERROR_OUT_OF_HOST_MEMORY)
MESA: error: ZINK: vkGetCalibratedTimestampsEXT failed (VK_ERROR_OUT_OF_HOST_MEMORY)
MESA: error: ZINK: vkGetCalibratedTimestampsEXT failed (VK_ERROR_OUT_OF_HOST_MEMORY)
MESA: error: ZINK: vkGetCalibratedTimestampsEXT failed (VK_ERROR_OUT_OF_HOST_MEMORY)
MESA: error: ZINK: vkGetCalibratedTimestampsEXT failed (VK_ERROR_OUT_OF_HOST_MEMORY)
MESA: error: ZINK: vkGetCalibratedTimestampsEXT failed (VK_ERROR_OUT_OF_HOST_MEMORY)
MESA: error: ZINK: vkGetCalibratedTimestampsEXT failed (VK_ERROR_OUT_OF_HOST_MEMORY)
MESA: error: ZINK: vkGetCalibratedTimestampsEXT failed (VK_ERROR_OUT_OF_HOST_MEMORY)
MESA: error: ZINK: vkGetCalibratedTimestampsEXT failed (VK_ERROR_OUT_OF_HOST_MEMORY)
MESA: error: ZINK: vkGetCalibratedTimestampsEXT failed (VK_ERROR_OUT_OF_HOST_MEMORY)
MESA: error: ZINK: vkGetCalibratedTimestampsEXT failed (VK_ERROR_OUT_OF_HOST_MEMORY)
MESA: error: ZINK: vkGetCalibratedTimestampsEXT failed (VK_ERROR_OUT_OF_HOST_MEMORY)
MESA: error: ZINK: vkGetCalibratedTimestampsEXT failed (VK_ERROR_OUT_OF_HOST_MEMORY)
MESA: error: ZINK: vkGetCalibratedTimestampsEXT failed (VK_ERROR_OUT_OF_HOST_MEMORY)
MESA: error: ZINK: vkGetCalibratedTimestampsEXT failed (VK_ERROR_OUT_OF_HOST_MEMORY)
MESA: error: ZINK: vkGetCalibratedTimestampsEXT failed (VK_ERROR_OUT_OF_HOST_MEMORY)
[91m[main 2026-09-24T05:22:51.963Z][0m [UtilityProcessWorker]: terminated unexpectedly with code 15, signal: unknown
[91m[main 2026-09-24T05:22:51.965Z][0m [UtilityProcess type: mcp-process, pid: 32196]: crashed with code 15 and reason 'killed'
[93m[main 2026-09-24T05:22:51.965Z][0m [McpProcess] crashed; will attempt restart
[93m[main 2026-09-24T05:22:51.965Z][0m [McpProcess] crash detected (attempt 1), retrying in 1000ms
[91m[main 2026-09-24T05:22:51.966Z][0m [UtilityProcess type: shared-process, pid: 31978]: crashed with code 15 and reason 'killed'
[31618:0924/132251.969044:ERROR:content/browser/gpu/gpu_process_host.cc:1004] GPU process exited unexpectedly: exit_code=15
[31618:0924/132251.969056:WARNING:content/browser/gpu/gpu_process_host.cc:1446] The GPU process has crashed 1 time(s)
[31618:0924/132251.974164:ERROR:content/browser/network_service_instance_impl.cc:610] Network service crashed or was terminated, restarting service.
[90m[main 2026-09-24T05:22:51.984Z][0m Extension host with pid 32134 exited with code: 15, signal: unknown.
[91m[main 2026-09-24T05:22:51.984Z][0m [UtilityProcess id: 1, type: extensionHost, pid: 32134]: crashed with code 15 and reason 'killed'
[31618:0924/132252.037340:ERROR:content/common/zygote/zygote_communication_linux.cc:293] Failed to send GetTerminationStatus message to zygote
[31618:0924/132252.037377:WARNING:content/common/zygote/zygote_communication_linux.cc:305] Socket closed prematurely.
Renderer process clean-exit - see https://www.electronjs.org/docs/tutorial/application-debugging for potential debugging information.
[91m[main 2026-09-24T05:22:52.062Z][0m CodeWindow: renderer process gone (reason: clean-exit, code: <unknown>)
Error sending from webFrameMain:  Error: Render frame was disposed before WebFrameMain could be accessed
    at s.send (node:electron/js2c/browser_init:2:103455)
    at b.send (node:electron/js2c/browser_init:2:87820)
    at Lx.send (file:///usr/share/cursor/resources/app/out/main.js:35:32772)
    at _b.sendBuffer (file:///usr/share/cursor/resources/app/out/main.js:33:12539)
    at _b.send (file:///usr/share/cursor/resources/app/out/main.js:33:12458)
    at _b.sendResponse (file:///usr/share/cursor/resources/app/out/main.js:33:12305)
    at Ou.value (file:///usr/share/cursor/resources/app/out/main.js:34:343)
    at P._deliver (file:///usr/share/cursor/resources/app/out/main.js:32:3595)
    at P.fire (file:///usr/share/cursor/resources/app/out/main.js:32:3915)
    at file:///usr/share/cursor/resources/app/out/main.js:30:7733
    at Ou.value (file:///usr/share/cursor/resources/app/out/main.js:30:6472)
    at P._deliver (file:///usr/share/cursor/resources/app/out/main.js:32:3595)
    at P._deliverQueue (file:///usr/share/cursor/resources/app/out/main.js:32:3686)
    at P.fire (file:///usr/share/cursor/resources/app/out/main.js:32:4022)
    at Ou.value (file:///usr/share/cursor/resources/app/out/main.js:30:6325)
    at P._deliver (file:///usr/share/cursor/resources/app/out/main.js:32:3595)
    at P.fire (file:///usr/share/cursor/resources/app/out/main.js:32:3915)
    at EventEmitter.ae (file:///usr/share/cursor/resources/app/out/main.js:30:8698)
    at EventEmitter.emit (node:events:521:24)
    at BrowserWindow.<anonymous> (node:electron/js2c/browser_init:2:18435)
    at BrowserWindow.emit (node:events:509:28)
libEGL warning: DRI3 error: Could not get DRI3 device
libEGL warning: Ensure your X server supports DRI3 to get accelerated rendering
[1833:0924/132252.290131:WARNING:sandbox/policy/linux/sandbox_linux.cc:404] InitializeSandbox() called with multiple threads in process gpu-process.
[31618:0924/132252.306678:WARNING:content/browser/gpu/gpu_process_host.cc:1026] Reinitialized the GPU process after a crash. The reported initialization time was 213 ms
MESA: error: ZINK: vkGetCalibratedTimestampsEXT failed (VK_ERROR_OUT_OF_HOST_MEMORY)
Error sending from webFrameMain:  Error: Render frame was disposed before WebFrameMain could be accessed
    at s.send (node:electron/js2c/browser_init:2:103455)
    at b.send (node:electron/js2c/browser_init:2:87820)
    at Xk._tick (file:///usr/share/cursor/resources/app/out/main.js:77:3161)
    at Timeout._onTimeout (file:///usr/share/cursor/resources/app/out/main.js:77:2165)
    at listOnTimeout (node:internal/timers:605:17)
    at process.processTimers (node:internal/timers:541:7)
Error sending from webFrameMain:  Error: Render frame was disposed before WebFrameMain could be accessed
    at s.send (node:electron/js2c/browser_init:2:103455)
    at b.send (node:electron/js2c/browser_init:2:87820)
    at Xk._tick (file:///usr/share/cursor/resources/app/out/main.js:77:3161)
    at Timeout._onTimeout (file:///usr/share/cursor/resources/app/out/main.js:77:2165)
    at listOnTimeout (node:internal/timers:605:17)
    at process.processTimers (node:internal/timers:541:7)
[31618:0924/132259.578317:ERROR:content/browser/browser_main_loop.cc:290] GLib-GObject: ../../../gobject/gsignal.c:2685: instance '0x4c026ad850' has no handler with id '2027'
[31618:0924/132259.772169:WARNING:electron/shell/browser/lib/power_observer_linux.cc:115] Trying to unsubscribe to shutdown without being subscribed
Error sending from webFrameMain:  Error: Render frame was disposed before WebFrameMain could be accessed
    at s.send (node:electron/js2c/browser_init:2:103455)
    at b.send (node:electron/js2c/browser_init:2:87820)
    at Lx.send (file:///usr/share/cursor/resources/app/out/main.js:35:32772)
    at _b.sendBuffer (file:///usr/share/cursor/resources/app/out/main.js:33:12539)
    at _b.send (file:///usr/share/cursor/resources/app/out/main.js:33:12458)
    at _b.sendResponse (file:///usr/share/cursor/resources/app/out/main.js:33:12305)
    at Ou.value (file:///usr/share/cursor/resources/app/out/main.js:34:343)
    at P._deliver (file:///usr/share/cursor/resources/app/out/main.js:32:3595)
    at P.fire (file:///usr/share/cursor/resources/app/out/main.js:32:3915)
    at Ou.value (file:///usr/share/cursor/resources/app/out/main.js:30:6325)
    at P._deliver (file:///usr/share/cursor/resources/app/out/main.js:32:3595)
    at P.fire (file:///usr/share/cursor/resources/app/out/main.js:32:3915)
    at Ou.value (file:///usr/share/cursor/resources/app/out/main.js:30:6131)
    at P._deliver (file:///usr/share/cursor/resources/app/out/main.js:32:3595)
    at P._deliverQueue (file:///usr/share/cursor/resources/app/out/main.js:32:3686)
    at P.fire (file:///usr/share/cursor/resources/app/out/main.js:32:4022)
    at nB.deregisterLogger (file:///usr/share/cursor/resources/app/out/main.js:37:20977)
    at nB.deregisterLogger (file:///usr/share/cursor/resources/app/out/main.js:76:37999)
    at nB.deregisterLoggers (file:///usr/share/cursor/resources/app/out/main.js:76:38762)
    at zh.dispose (file:///usr/share/cursor/resources/app/out/main.js:146:514)
    at Ou.value (file:///usr/share/cursor/resources/app/out/main.js:142:44247)
    at P._deliver (file:///usr/share/cursor/resources/app/out/main.js:32:3595)
    at P.fire (file:///usr/share/cursor/resources/app/out/main.js:32:3915)
    at BrowserWindow.ae (file:///usr/share/cursor/resources/app/out/main.js:30:8698)
    at BrowserWindow.emit (node:events:521:24)
    at zh.destroyWindow (file:///usr/share/cursor/resources/app/out/main.js:142:59455)
    at zh.onWindowError (file:///usr/share/cursor/resources/app/out/main.js:142:58756)
Error sending from webFrameMain:  Error: Render frame was disposed before WebFrameMain could be accessed
    at s.send (node:electron/js2c/browser_init:2:103455)
    at b.send (node:electron/js2c/browser_init:2:87820)
    at Lx.send (file:///usr/share/cursor/resources/app/out/main.js:35:32772)
    at _b.sendBuffer (file:///usr/share/cursor/resources/app/out/main.js:33:12539)
    at _b.send (file:///usr/share/cursor/resources/app/out/main.js:33:12458)
    at _b.sendResponse (file:///usr/share/cursor/resources/app/out/main.js:33:12305)
    at Ou.value (file:///usr/share/cursor/resources/app/out/main.js:34:343)
    at P._deliver (file:///usr/share/cursor/resources/app/out/main.js:32:3595)
    at P.fire (file:///usr/share/cursor/resources/app/out/main.js:32:3915)
    at Ou.value (file:///usr/share/cursor/resources/app/out/main.js:30:6325)
    at P._deliver (file:///usr/share/cursor/resources/app/out/main.js:32:3595)
    at P.fire (file:///usr/share/cursor/resources/app/out/main.js:32:3915)
    at Ou.value (file:///usr/share/cursor/resources/app/out/main.js:30:6131)
    at P._deliver (file:///usr/share/cursor/resources/app/out/main.js:32:3595)
    at P._deliverQueue (file:///usr/share/cursor/resources/app/out/main.js:32:3686)
    at P.fire (file:///usr/share/cursor/resources/app/out/main.js:32:4022)
    at nB.deregisterLogger (file:///usr/share/cursor/resources/app/out/main.js:37:20977)
    at nB.deregisterLogger (file:///usr/share/cursor/resources/app/out/main.js:76:37999)
    at nB.deregisterLoggers (file:///usr/share/cursor/resources/app/out/main.js:76:38762)
    at zh.dispose (file:///usr/share/cursor/resources/app/out/main.js:146:514)
    at Ou.value (file:///usr/share/cursor/resources/app/out/main.js:142:44247)
    at P._deliver (file:///usr/share/cursor/resources/app/out/main.js:32:3595)
    at P.fire (file:///usr/share/cursor/resources/app/out/main.js:32:3915)
    at BrowserWindow.ae (file:///usr/share/cursor/resources/app/out/main.js:30:8698)
    at BrowserWindow.emit (node:events:521:24)
    at zh.destroyWindow (file:///usr/share/cursor/resources/app/out/main.js:142:59455)
    at zh.onWindowError (file:///usr/share/cursor/resources/app/out/main.js:142:58756)
Error sending from webFrameMain:  Error: Render frame was disposed before WebFrameMain could be accessed
    at s.send (node:electron/js2c/browser_init:2:103455)
    at b.send (node:electron/js2c/browser_init:2:87820)
    at Lx.send (file:///usr/share/cursor/resources/app/out/main.js:35:32772)
    at _b.sendBuffer (file:///usr/share/cursor/resources/app/out/main.js:33:12539)
    at _b.send (file:///usr/share/cursor/resources/app/out/main.js:33:12458)
    at _b.sendResponse (file:///usr/share/cursor/resources/app/out/main.js:33:12305)
    at Ou.value (file:///usr/share/cursor/resources/app/out/main.js:34:343)
    at P._deliver (file:///usr/share/cursor/resources/app/out/main.js:32:3595)
    at P.fire (file:///usr/share/cursor/resources/app/out/main.js:32:3915)
    at Ou.value (file:///usr/share/cursor/resources/app/out/main.js:30:6325)
    at P._deliver (file:///usr/share/cursor/resources/app/out/main.js:32:3595)
    at P.fire (file:///usr/share/cursor/resources/app/out/main.js:32:3915)
    at Ou.value (file:///usr/share/cursor/resources/app/out/main.js:30:6131)
    at P._deliver (file:///usr/share/cursor/resources/app/out/main.js:32:3595)
    at P._deliverQueue (file:///usr/share/cursor/resources/app/out/main.js:32:3686)
    at P.fire (file:///usr/share/cursor/resources/app/out/main.js:32:4022)
    at nB.deregisterLogger (file:///usr/share/cursor/resources/app/out/main.js:37:20977)
    at nB.deregisterLogger (file:///usr/share/cursor/resources/app/out/main.js:76:37999)
    at nB.deregisterLoggers (file:///usr/share/cursor/resources/app/out/main.js:76:38762)
    at zh.dispose (file:///usr/share/cursor/resources/app/out/main.js:146:514)
    at Ou.value (file:///usr/share/cursor/resources/app/out/main.js:142:44247)
    at P._deliver (file:///usr/share/cursor/resources/app/out/main.js:32:3595)
    at P.fire (file:///usr/share/cursor/resources/app/out/main.js:32:3915)
    at BrowserWindow.ae (file:///usr/share/cursor/resources/app/out/main.js:30:8698)
    at BrowserWindow.emit (node:events:521:24)
    at zh.destroyWindow (file:///usr/share/cursor/resources/app/out/main.js:142:59455)
    at zh.onWindowError (file:///usr/share/cursor/resources/app/out/main.js:142:58756)
Error sending from webFrameMain:  Error: Render frame was disposed before WebFrameMain could be accessed
    at s.send (node:electron/js2c/browser_init:2:103455)
    at b.send (node:electron/js2c/browser_init:2:87820)
    at Lx.send (file:///usr/share/cursor/resources/app/out/main.js:35:32772)
    at _b.sendBuffer (file:///usr/share/cursor/resources/app/out/main.js:33:12539)
    at _b.send (file:///usr/share/cursor/resources/app/out/main.js:33:12458)
    at _b.sendResponse (file:///usr/share/cursor/resources/app/out/main.js:33:12305)
    at Ou.value (file:///usr/share/cursor/resources/app/out/main.js:34:343)
    at P._deliver (file:///usr/share/cursor/resources/app/out/main.js:32:3595)
    at P.fire (file:///usr/share/cursor/resources/app/out/main.js:32:3915)
    at Ou.value (file:///usr/share/cursor/resources/app/out/main.js:30:6325)
    at P._deliver (file:///usr/share/cursor/resources/app/out/main.js:32:3595)
    at P.fire (file:///usr/share/cursor/resources/app/out/main.js:32:3915)
    at Ou.value (file:///usr/share/cursor/resources/app/out/main.js:30:6131)
    at P._deliver (file:///usr/share/cursor/resources/app/out/main.js:32:3595)
    at P._deliverQueue (file:///usr/share/cursor/resources/app/out/main.js:32:3686)
    at P.fire (file:///usr/share/cursor/resources/app/out/main.js:32:4022)
    at nB.deregisterLogger (file:///usr/share/cursor/resources/app/out/main.js:37:20977)
    at nB.deregisterLogger (file:///usr/share/cursor/resources/app/out/main.js:76:37999)
    at nB.deregisterLoggers (file:///usr/share/cursor/resources/app/out/main.js:76:38762)
    at zh.dispose (file:///usr/share/cursor/resources/app/out/main.js:146:514)
    at Ou.value (file:///usr/share/cursor/resources/app/out/main.js:142:44247)
    at P._deliver (file:///usr/share/cursor/resources/app/out/main.js:32:3595)
    at P.fire (file:///usr/share/cursor/resources/app/out/main.js:32:3915)
    at BrowserWindow.ae (file:///usr/share/cursor/resources/app/out/main.js:30:8698)
    at BrowserWindow.emit (node:events:521:24)
    at zh.destroyWindow (file:///usr/share/cursor/resources/app/out/main.js:142:59455)
    at zh.onWindowError (file:///usr/share/cursor/resources/app/out/main.js:142:58756)
Error sending from webFrameMain:  Error: Render frame was disposed before WebFrameMain could be accessed
    at s.send (node:electron/js2c/browser_init:2:103455)
    at b.send (node:electron/js2c/browser_init:2:87820)
    at Lx.send (file:///usr/share/cursor/resources/app/out/main.js:35:32772)
    at _b.sendBuffer (file:///usr/share/cursor/resources/app/out/main.js:33:12539)
    at _b.send (file:///usr/share/cursor/resources/app/out/main.js:33:12458)
    at _b.sendResponse (file:///usr/share/cursor/resources/app/out/main.js:33:12305)
    at Ou.value (file:///usr/share/cursor/resources/app/out/main.js:34:343)
    at P._deliver (file:///usr/share/cursor/resources/app/out/main.js:32:3595)
    at P.fire (file:///usr/share/cursor/resources/app/out/main.js:32:3915)
    at Ou.value (file:///usr/share/cursor/resources/app/out/main.js:30:6325)
    at P._deliver (file:///usr/share/cursor/resources/app/out/main.js:32:3595)
    at P.fire (file:///usr/share/cursor/resources/app/out/main.js:32:3915)
    at Ou.value (file:///usr/share/cursor/resources/app/out/main.js:30:6131)
    at P._deliver (file:///usr/share/cursor/resources/app/out/main.js:32:3595)
    at P._deliverQueue (file:///usr/share/cursor/resources/app/out/main.js:32:3686)
    at P.fire (file:///usr/share/cursor/resources/app/out/main.js:32:4022)
    at nB.deregisterLogger (file:///usr/share/cursor/resources/app/out/main.js:37:20977)
    at nB.deregisterLogger (file:///usr/share/cursor/resources/app/out/main.js:76:37999)
    at nB.deregisterLoggers (file:///usr/share/cursor/resources/app/out/main.js:76:38762)
    at zh.dispose (file:///usr/share/cursor/resources/app/out/main.js:146:514)
    at Ou.value (file:///usr/share/cursor/resources/app/out/main.js:142:44247)
    at P._deliver (file:///usr/share/cursor/resources/app/out/main.js:32:3595)
    at P.fire (file:///usr/share/cursor/resources/app/out/main.js:32:3915)
    at BrowserWindow.ae (file:///usr/share/cursor/resources/app/out/main.js:30:8698)
    at BrowserWindow.emit (node:events:521:24)
    at zh.destroyWindow (file:///usr/share/cursor/resources/app/out/main.js:142:59455)
    at zh.onWindowError (file:///usr/share/cursor/resources/app/out/main.js:142:58756)
Error sending from webFrameMain:  Error: Render frame was disposed before WebFrameMain could be accessed
    at s.send (node:electron/js2c/browser_init:2:103455)
    at b.send (node:electron/js2c/browser_init:2:87820)
    at Lx.send (file:///usr/share/cursor/resources/app/out/main.js:35:32772)
    at _b.sendBuffer (file:///usr/share/cursor/resources/app/out/main.js:33:12539)
    at _b.send (file:///usr/share/cursor/resources/app/out/main.js:33:12458)
    at _b.sendResponse (file:///usr/share/cursor/resources/app/out/main.js:33:12305)
    at Ou.value (file:///usr/share/cursor/resources/app/out/main.js:34:343)
    at P._deliver (file:///usr/share/cursor/resources/app/out/main.js:32:3595)
    at P.fire (file:///usr/share/cursor/resources/app/out/main.js:32:3915)
    at Ou.value (file:///usr/share/cursor/resources/app/out/main.js:30:6325)
    at P._deliver (file:///usr/share/cursor/resources/app/out/main.js:32:3595)
    at P.fire (file:///usr/share/cursor/resources/app/out/main.js:32:3915)
    at Ou.value (file:///usr/share/cursor/resources/app/out/main.js:30:6131)
    at P._deliver (file:///usr/share/cursor/resources/app/out/main.js:32:3595)
    at P._deliverQueue (file:///usr/share/cursor/resources/app/out/main.js:32:3686)
    at P.fire (file:///usr/share/cursor/resources/app/out/main.js:32:4022)
    at nB.deregisterLogger (file:///usr/share/cursor/resources/app/out/main.js:37:20977)
    at nB.deregisterLogger (file:///usr/share/cursor/resources/app/out/main.js:76:37999)
    at nB.deregisterLoggers (file:///usr/share/cursor/resources/app/out/main.js:76:38762)
    at zh.dispose (file:///usr/share/cursor/resources/app/out/main.js:146:514)
    at Ou.value (file:///usr/share/cursor/resources/app/out/main.js:142:44247)
    at P._deliver (file:///usr/share/cursor/resources/app/out/main.js:32:3595)
    at P.fire (file:///usr/share/cursor/resources/app/out/main.js:32:3915)
    at BrowserWindow.ae (file:///usr/share/cursor/resources/app/out/main.js:30:8698)
    at BrowserWindow.emit (node:events:521:24)
    at zh.destroyWindow (file:///usr/share/cursor/resources/app/out/main.js:142:59455)
    at zh.onWindowError (file:///usr/share/cursor/resources/app/out/main.js:142:58756)
Error sending from webFrameMain:  Error: Render frame was disposed before WebFrameMain could be accessed
    at s.send (node:electron/js2c/browser_init:2:103455)
    at b.send (node:electron/js2c/browser_init:2:87820)
    at Lx.send (file:///usr/share/cursor/resources/app/out/main.js:35:32772)
    at _b.sendBuffer (file:///usr/share/cursor/resources/app/out/main.js:33:12539)
    at _b.send (file:///usr/share/cursor/resources/app/out/main.js:33:12458)
    at _b.sendResponse (file:///usr/share/cursor/resources/app/out/main.js:33:12305)
    at Ou.value (file:///usr/share/cursor/resources/app/out/main.js:34:343)
    at P._deliver (file:///usr/share/cursor/resources/app/out/main.js:32:3595)
    at P.fire (file:///usr/share/cursor/resources/app/out/main.js:32:3915)
    at Ou.value (file:///usr/share/cursor/resources/app/out/main.js:30:6325)
    at P._deliver (file:///usr/share/cursor/resources/app/out/main.js:32:3595)
    at P.fire (file:///usr/share/cursor/resources/app/out/main.js:32:3915)
    at Ou.value (file:///usr/share/cursor/resources/app/out/main.js:30:6131)
    at P._deliver (file:///usr/share/cursor/resources/app/out/main.js:32:3595)
    at P._deliverQueue (file:///usr/share/cursor/resources/app/out/main.js:32:3686)
    at P.fire (file:///usr/share/cursor/resources/app/out/main.js:32:4022)
    at nB.deregisterLogger (file:///usr/share/cursor/resources/app/out/main.js:37:20977)
    at nB.deregisterLogger (file:///usr/share/cursor/resources/app/out/main.js:76:37999)
    at nB.deregisterLoggers (file:///usr/share/cursor/resources/app/out/main.js:76:38762)
    at zh.dispose (file:///usr/share/cursor/resources/app/out/main.js:146:514)
    at Ou.value (file:///usr/share/cursor/resources/app/out/main.js:142:44247)
    at P._deliver (file:///usr/share/cursor/resources/app/out/main.js:32:3595)
    at P.fire (file:///usr/share/cursor/resources/app/out/main.js:32:3915)
    at BrowserWindow.ae (file:///usr/share/cursor/resources/app/out/main.js:30:8698)
    at BrowserWindow.emit (node:events:521:24)
    at zh.destroyWindow (file:///usr/share/cursor/resources/app/out/main.js:142:59455)
    at zh.onWindowError (file:///usr/share/cursor/resources/app/out/main.js:142:58756)
Error sending from webFrameMain:  Error: Render frame was disposed before WebFrameMain could be accessed
    at s.send (node:electron/js2c/browser_init:2:103455)
    at b.send (node:electron/js2c/browser_init:2:87820)
    at Lx.send (file:///usr/share/cursor/resources/app/out/main.js:35:32772)
    at _b.sendBuffer (file:///usr/share/cursor/resources/app/out/main.js:33:12539)
    at _b.send (file:///usr/share/cursor/resources/app/out/main.js:33:12458)
    at _b.sendResponse (file:///usr/share/cursor/resources/app/out/main.js:33:12305)
    at Ou.value (file:///usr/share/cursor/resources/app/out/main.js:34:343)
    at P._deliver (file:///usr/share/cursor/resources/app/out/main.js:32:3595)
    at P.fire (file:///usr/share/cursor/resources/app/out/main.js:32:3915)
    at Ou.value (file:///usr/share/cursor/resources/app/out/main.js:30:6325)
    at P._deliver (file:///usr/share/cursor/resources/app/out/main.js:32:3595)
    at P.fire (file:///usr/share/cursor/resources/app/out/main.js:32:3915)
    at Ou.value (file:///usr/share/cursor/resources/app/out/main.js:30:6131)
    at P._deliver (file:///usr/share/cursor/resources/app/out/main.js:32:3595)
    at P._deliverQueue (file:///usr/share/cursor/resources/app/out/main.js:32:3686)
    at P.fire (file:///usr/share/cursor/resources/app/out/main.js:32:4022)
    at nB.deregisterLogger (file:///usr/share/cursor/resources/app/out/main.js:37:20977)
    at nB.deregisterLogger (file:///usr/share/cursor/resources/app/out/main.js:76:37999)
    at nB.deregisterLoggers (file:///usr/share/cursor/resources/app/out/main.js:76:38762)
    at zh.dispose (file:///usr/share/cursor/resources/app/out/main.js:146:514)
    at Ou.value (file:///usr/share/cursor/resources/app/out/main.js:142:44247)
    at P._deliver (file:///usr/share/cursor/resources/app/out/main.js:32:3595)
    at P.fire (file:///usr/share/cursor/resources/app/out/main.js:32:3915)
    at BrowserWindow.ae (file:///usr/share/cursor/resources/app/out/main.js:30:8698)
    at BrowserWindow.emit (node:events:521:24)
    at zh.destroyWindow (file:///usr/share/cursor/resources/app/out/main.js:142:59455)
    at zh.onWindowError (file:///usr/share/cursor/resources/app/out/main.js:142:58756)
Error sending from webFrameMain:  Error: Render frame was disposed before WebFrameMain could be accessed
    at s.send (node:electron/js2c/browser_init:2:103455)
    at b.send (node:electron/js2c/browser_init:2:87820)
    at Lx.send (file:///usr/share/cursor/resources/app/out/main.js:35:32772)
    at _b.sendBuffer (file:///usr/share/cursor/resources/app/out/main.js:33:12539)
    at _b.send (file:///usr/share/cursor/resources/app/out/main.js:33:12458)
    at _b.sendResponse (file:///usr/share/cursor/resources/app/out/main.js:33:12305)
    at Ou.value (file:///usr/share/cursor/resources/app/out/main.js:34:343)
    at P._deliver (file:///usr/share/cursor/resources/app/out/main.js:32:3595)
    at P.fire (file:///usr/share/cursor/resources/app/out/main.js:32:3915)
    at Ou.value (file:///usr/share/cursor/resources/app/out/main.js:30:6325)
    at P._deliver (file:///usr/share/cursor/resources/app/out/main.js:32:3595)
    at P.fire (file:///usr/share/cursor/resources/app/out/main.js:32:3915)
    at Ou.value (file:///usr/share/cursor/resources/app/out/main.js:30:6131)
    at P._deliver (file:///usr/share/cursor/resources/app/out/main.js:32:3595)
    at P._deliverQueue (file:///usr/share/cursor/resources/app/out/main.js:32:3686)
    at P.fire (file:///usr/share/cursor/resources/app/out/main.js:32:4022)
    at nB.deregisterLogger (file:///usr/share/cursor/resources/app/out/main.js:37:20977)
    at nB.deregisterLogger (file:///usr/share/cursor/resources/app/out/main.js:76:37999)
    at nB.deregisterLoggers (file:///usr/share/cursor/resources/app/out/main.js:76:38762)
    at zh.dispose (file:///usr/share/cursor/resources/app/out/main.js:146:514)
    at Ou.value (file:///usr/share/cursor/resources/app/out/main.js:142:44247)
    at P._deliver (file:///usr/share/cursor/resources/app/out/main.js:32:3595)
    at P.fire (file:///usr/share/cursor/resources/app/out/main.js:32:3915)
    at BrowserWindow.ae (file:///usr/share/cursor/resources/app/out/main.js:30:8698)
    at BrowserWindow.emit (node:events:521:24)
    at zh.destroyWindow (file:///usr/share/cursor/resources/app/out/main.js:142:59455)
    at zh.onWindowError (file:///usr/share/cursor/resources/app/out/main.js:142:58756)
Error sending from webFrameMain:  Error: Render frame was disposed before WebFrameMain could be accessed
    at s.send (node:electron/js2c/browser_init:2:103455)
    at b.send (node:electron/js2c/browser_init:2:87820)
    at Lx.send (file:///usr/share/cursor/resources/app/out/main.js:35:32772)
    at _b.sendBuffer (file:///usr/share/cursor/resources/app/out/main.js:33:12539)
    at _b.send (file:///usr/share/cursor/resources/app/out/main.js:33:12458)
    at _b.sendResponse (file:///usr/share/cursor/resources/app/out/main.js:33:12305)
    at Ou.value (file:///usr/share/cursor/resources/app/out/main.js:34:343)
    at P._deliver (file:///usr/share/cursor/resources/app/out/main.js:32:3595)
    at P.fire (file:///usr/share/cursor/resources/app/out/main.js:32:3915)
    at Ou.value (file:///usr/share/cursor/resources/app/out/main.js:30:6325)
    at P._deliver (file:///usr/share/cursor/resources/app/out/main.js:32:3595)
    at P.fire (file:///usr/share/cursor/resources/app/out/main.js:32:3915)
    at Ou.value (file:///usr/share/cursor/resources/app/out/main.js:30:6131)
    at P._deliver (file:///usr/share/cursor/resources/app/out/main.js:32:3595)
    at P._deliverQueue (file:///usr/share/cursor/resources/app/out/main.js:32:3686)
    at P.fire (file:///usr/share/cursor/resources/app/out/main.js:32:4022)
    at nB.deregisterLogger (file:///usr/share/cursor/resources/app/out/main.js:37:20977)
    at nB.deregisterLogger (file:///usr/share/cursor/resources/app/out/main.js:76:37999)
    at nB.deregisterLoggers (file:///usr/share/cursor/resources/app/out/main.js:76:38762)
    at zh.dispose (file:///usr/share/cursor/resources/app/out/main.js:146:514)
    at Ou.value (file:///usr/share/cursor/resources/app/out/main.js:142:44247)
    at P._deliver (file:///usr/share/cursor/resources/app/out/main.js:32:3595)
    at P.fire (file:///usr/share/cursor/resources/app/out/main.js:32:3915)
    at BrowserWindow.ae (file:///usr/share/cursor/resources/app/out/main.js:30:8698)
    at BrowserWindow.emit (node:events:521:24)
    at zh.destroyWindow (file:///usr/share/cursor/resources/app/out/main.js:142:59455)
    at zh.onWindowError (file:///usr/share/cursor/resources/app/out/main.js:142:58756)
Error sending from webFrameMain:  Error: Render frame was disposed before WebFrameMain could be accessed
    at s.send (node:electron/js2c/browser_init:2:103455)
    at b.send (node:electron/js2c/browser_init:2:87820)
    at Lx.send (file:///usr/share/cursor/resources/app/out/main.js:35:32772)
    at _b.sendBuffer (file:///usr/share/cursor/resources/app/out/main.js:33:12539)
    at _b.send (file:///usr/share/cursor/resources/app/out/main.js:33:12458)
    at _b.sendResponse (file:///usr/share/cursor/resources/app/out/main.js:33:12305)
    at Ou.value (file:///usr/share/cursor/resources/app/out/main.js:34:343)
    at P._deliver (file:///usr/share/cursor/resources/app/out/main.js:32:3595)
    at P.fire (file:///usr/share/cursor/resources/app/out/main.js:32:3915)
    at Ou.value (file:///usr/share/cursor/resources/app/out/main.js:30:6325)
    at P._deliver (file:///usr/share/cursor/resources/app/out/main.js:32:3595)
    at P.fire (file:///usr/share/cursor/resources/app/out/main.js:32:3915)
    at Ou.value (file:///usr/share/cursor/resources/app/out/main.js:30:6131)
    at P._deliver (file:///usr/share/cursor/resources/app/out/main.js:32:3595)
    at P._deliverQueue (file:///usr/share/cursor/resources/app/out/main.js:32:3686)
    at P.fire (file:///usr/share/cursor/resources/app/out/main.js:32:4022)
    at nB.deregisterLogger (file:///usr/share/cursor/resources/app/out/main.js:37:20977)
    at nB.deregisterLogger (file:///usr/share/cursor/resources/app/out/main.js:76:37999)
    at nB.deregisterLoggers (file:///usr/share/cursor/resources/app/out/main.js:76:38762)
    at zh.dispose (file:///usr/share/cursor/resources/app/out/main.js:146:514)
    at Ou.value (file:///usr/share/cursor/resources/app/out/main.js:142:44247)
    at P._deliver (file:///usr/share/cursor/resources/app/out/main.js:32:3595)
    at P.fire (file:///usr/share/cursor/resources/app/out/main.js:32:3915)
    at BrowserWindow.ae (file:///usr/share/cursor/resources/app/out/main.js:30:8698)
    at BrowserWindow.emit (node:events:521:24)
    at zh.destroyWindow (file:///usr/share/cursor/resources/app/out/main.js:142:59455)
    at zh.onWindowError (file:///usr/share/cursor/resources/app/out/main.js:142:58756)
Error sending from webFrameMain:  Error: Render frame was disposed before WebFrameMain could be accessed
    at s.send (node:electron/js2c/browser_init:2:103455)
    at b.send (node:electron/js2c/browser_init:2:87820)
    at Lx.send (file:///usr/share/cursor/resources/app/out/main.js:35:32772)
    at _b.sendBuffer (file:///usr/share/cursor/resources/app/out/main.js:33:12539)
    at _b.send (file:///usr/share/cursor/resources/app/out/main.js:33:12458)
    at _b.sendResponse (file:///usr/share/cursor/resources/app/out/main.js:33:12305)
    at Ou.value (file:///usr/share/cursor/resources/app/out/main.js:34:343)
    at P._deliver (file:///usr/share/cursor/resources/app/out/main.js:32:3595)
    at P.fire (file:///usr/share/cursor/resources/app/out/main.js:32:3915)
    at Ou.value (file:///usr/share/cursor/resources/app/out/main.js:30:6325)
    at P._deliver (file:///usr/share/cursor/resources/app/out/main.js:32:3595)
    at P.fire (file:///usr/share/cursor/resources/app/out/main.js:32:3915)
    at Ou.value (file:///usr/share/cursor/resources/app/out/main.js:30:6131)
    at P._deliver (file:///usr/share/cursor/resources/app/out/main.js:32:3595)
    at P._deliverQueue (file:///usr/share/cursor/resources/app/out/main.js:32:3686)
    at P.fire (file:///usr/share/cursor/resources/app/out/main.js:32:4022)
    at nB.deregisterLogger (file:///usr/share/cursor/resources/app/out/main.js:37:20977)
    at nB.deregisterLogger (file:///usr/share/cursor/resources/app/out/main.js:76:37999)
    at nB.deregisterLoggers (file:///usr/share/cursor/resources/app/out/main.js:76:38762)
    at zh.dispose (file:///usr/share/cursor/resources/app/out/main.js:146:514)
    at Ou.value (file:///usr/share/cursor/resources/app/out/main.js:142:44247)
    at P._deliver (file:///usr/share/cursor/resources/app/out/main.js:32:3595)
    at P.fire (file:///usr/share/cursor/resources/app/out/main.js:32:3915)
    at BrowserWindow.ae (file:///usr/share/cursor/resources/app/out/main.js:30:8698)
    at BrowserWindow.emit (node:events:521:24)
    at zh.destroyWindow (file:///usr/share/cursor/resources/app/out/main.js:142:59455)
    at zh.onWindowError (file:///usr/share/cursor/resources/app/out/main.js:142:58756)
Error sending from webFrameMain:  Error: Render frame was disposed before WebFrameMain could be accessed
    at s.send (node:electron/js2c/browser_init:2:103455)
    at b.send (node:electron/js2c/browser_init:2:87820)
    at Lx.send (file:///usr/share/cursor/resources/app/out/main.js:35:32772)
    at _b.sendBuffer (file:///usr/share/cursor/resources/app/out/main.js:33:12539)
    at _b.send (file:///usr/share/cursor/resources/app/out/main.js:33:12458)
    at _b.sendResponse (file:///usr/share/cursor/resources/app/out/main.js:33:12305)
    at Ou.value (file:///usr/share/cursor/resources/app/out/main.js:34:343)
    at P._deliver (file:///usr/share/cursor/resources/app/out/main.js:32:3595)
    at P.fire (file:///usr/share/cursor/resources/app/out/main.js:32:3915)
    at Ou.value (file:///usr/share/cursor/resources/app/out/main.js:30:6325)
    at P._deliver (file:///usr/share/cursor/resources/app/out/main.js:32:3595)
    at P.fire (file:///usr/share/cursor/resources/app/out/main.js:32:3915)
    at Ou.value (file:///usr/share/cursor/resources/app/out/main.js:30:6131)
    at P._deliver (file:///usr/share/cursor/resources/app/out/main.js:32:3595)
    at P._deliverQueue (file:///usr/share/cursor/resources/app/out/main.js:32:3686)
    at P.fire (file:///usr/share/cursor/resources/app/out/main.js:32:4022)
    at nB.deregisterLogger (file:///usr/share/cursor/resources/app/out/main.js:37:20977)
    at nB.deregisterLogger (file:///usr/share/cursor/resources/app/out/main.js:76:37999)
    at nB.deregisterLoggers (file:///usr/share/cursor/resources/app/out/main.js:76:38762)
    at zh.dispose (file:///usr/share/cursor/resources/app/out/main.js:146:514)
    at Ou.value (file:///usr/share/cursor/resources/app/out/main.js:142:44247)
    at P._deliver (file:///usr/share/cursor/resources/app/out/main.js:32:3595)
    at P.fire (file:///usr/share/cursor/resources/app/out/main.js:32:3915)
    at BrowserWindow.ae (file:///usr/share/cursor/resources/app/out/main.js:30:8698)
    at BrowserWindow.emit (node:events:521:24)
    at zh.destroyWindow (file:///usr/share/cursor/resources/app/out/main.js:142:59455)
    at zh.onWindowError (file:///usr/share/cursor/resources/app/out/main.js:142:58756)
Error sending from webFrameMain:  Error: Render frame was disposed before WebFrameMain could be accessed
    at s.send (node:electron/js2c/browser_init:2:103455)
    at b.send (node:electron/js2c/browser_init:2:87820)
    at Lx.send (file:///usr/share/cursor/resources/app/out/main.js:35:32772)
    at _b.sendBuffer (file:///usr/share/cursor/resources/app/out/main.js:33:12539)
    at _b.send (file:///usr/share/cursor/resources/app/out/main.js:33:12458)
    at _b.sendResponse (file:///usr/share/cursor/resources/app/out/main.js:33:12305)
    at Ou.value (file:///usr/share/cursor/resources/app/out/main.js:34:343)
    at P._deliver (file:///usr/share/cursor/resources/app/out/main.js:32:3595)
    at P.fire (file:///usr/share/cursor/resources/app/out/main.js:32:3915)
    at Ou.value (file:///usr/share/cursor/resources/app/out/main.js:30:6325)
    at P._deliver (file:///usr/share/cursor/resources/app/out/main.js:32:3595)
    at P.fire (file:///usr/share/cursor/resources/app/out/main.js:32:3915)
    at Ou.value (file:///usr/share/cursor/resources/app/out/main.js:30:6131)
    at P._deliver (file:///usr/share/cursor/resources/app/out/main.js:32:3595)
    at P._deliverQueue (file:///usr/share/cursor/resources/app/out/main.js:32:3686)
    at P.fire (file:///usr/share/cursor/resources/app/out/main.js:32:4022)
    at nB.deregisterLogger (file:///usr/share/cursor/resources/app/out/main.js:37:20977)
    at nB.deregisterLogger (file:///usr/share/cursor/resources/app/out/main.js:76:37999)
    at nB.deregisterLoggers (file:///usr/share/cursor/resources/app/out/main.js:76:38762)
    at zh.dispose (file:///usr/share/cursor/resources/app/out/main.js:146:514)
    at Ou.value (file:///usr/share/cursor/resources/app/out/main.js:142:44247)
    at P._deliver (file:///usr/share/cursor/resources/app/out/main.js:32:3595)
    at P.fire (file:///usr/share/cursor/resources/app/out/main.js:32:3915)
    at BrowserWindow.ae (file:///usr/share/cursor/resources/app/out/main.js:30:8698)
    at BrowserWindow.emit (node:events:521:24)
    at zh.destroyWindow (file:///usr/share/cursor/resources/app/out/main.js:142:59455)
    at zh.onWindowError (file:///usr/share/cursor/resources/app/out/main.js:142:58756)
Error sending from webFrameMain:  Error: Render frame was disposed before WebFrameMain could be accessed
    at s.send (node:electron/js2c/browser_init:2:103455)
    at b.send (node:electron/js2c/browser_init:2:87820)
    at Lx.send (file:///usr/share/cursor/resources/app/out/main.js:35:32772)
    at _b.sendBuffer (file:///usr/share/cursor/resources/app/out/main.js:33:12539)
    at _b.send (file:///usr/share/cursor/resources/app/out/main.js:33:12458)
    at _b.sendResponse (file:///usr/share/cursor/resources/app/out/main.js:33:12305)
    at Ou.value (file:///usr/share/cursor/resources/app/out/main.js:34:343)
    at P._deliver (file:///usr/share/cursor/resources/app/out/main.js:32:3595)
    at P.fire (file:///usr/share/cursor/resources/app/out/main.js:32:3915)
    at Ou.value (file:///usr/share/cursor/resources/app/out/main.js:30:6325)
    at P._deliver (file:///usr/share/cursor/resources/app/out/main.js:32:3595)
    at P.fire (file:///usr/share/cursor/resources/app/out/main.js:32:3915)
    at Ou.value (file:///usr/share/cursor/resources/app/out/main.js:30:6131)
    at P._deliver (file:///usr/share/cursor/resources/app/out/main.js:32:3595)
    at P._deliverQueue (file:///usr/share/cursor/resources/app/out/main.js:32:3686)
    at P.fire (file:///usr/share/cursor/resources/app/out/main.js:32:4022)
    at nB.deregisterLogger (file:///usr/share/cursor/resources/app/out/main.js:37:20977)
    at nB.deregisterLogger (file:///usr/share/cursor/resources/app/out/main.js:76:37999)
    at nB.deregisterLoggers (file:///usr/share/cursor/resources/app/out/main.js:76:38762)
    at zh.dispose (file:///usr/share/cursor/resources/app/out/main.js:146:514)
    at Ou.value (file:///usr/share/cursor/resources/app/out/main.js:142:44247)
    at P._deliver (file:///usr/share/cursor/resources/app/out/main.js:32:3595)
    at P.fire (file:///usr/share/cursor/resources/app/out/main.js:32:3915)
    at BrowserWindow.ae (file:///usr/share/cursor/resources/app/out/main.js:30:8698)
    at BrowserWindow.emit (node:events:521:24)
    at zh.destroyWindow (file:///usr/share/cursor/resources/app/out/main.js:142:59455)
    at zh.onWindowError (file:///usr/share/cursor/resources/app/out/main.js:142:58756)
Error sending from webFrameMain:  Error: Render frame was disposed before WebFrameMain could be accessed
    at s.send (node:electron/js2c/browser_init:2:103455)
    at b.send (node:electron/js2c/browser_init:2:87820)
    at Lx.send (file:///usr/share/cursor/resources/app/out/main.js:35:32772)
    at _b.sendBuffer (file:///usr/share/cursor/resources/app/out/main.js:33:12539)
    at _b.send (file:///usr/share/cursor/resources/app/out/main.js:33:12458)
    at _b.sendResponse (file:///usr/share/cursor/resources/app/out/main.js:33:12305)
    at Ou.value (file:///usr/share/cursor/resources/app/out/main.js:34:343)
    at P._deliver (file:///usr/share/cursor/resources/app/out/main.js:32:3595)
    at P.fire (file:///usr/share/cursor/resources/app/out/main.js:32:3915)
    at Ou.value (file:///usr/share/cursor/resources/app/out/main.js:30:6325)
    at P._deliver (file:///usr/share/cursor/resources/app/out/main.js:32:3595)
    at P.fire (file:///usr/share/cursor/resources/app/out/main.js:32:3915)
    at Ou.value (file:///usr/share/cursor/resources/app/out/main.js:30:6131)
    at P._deliver (file:///usr/share/cursor/resources/app/out/main.js:32:3595)
    at P._deliverQueue (file:///usr/share/cursor/resources/app/out/main.js:32:3686)
    at P.fire (file:///usr/share/cursor/resources/app/out/main.js:32:4022)
    at nB.deregisterLogger (file:///usr/share/cursor/resources/app/out/main.js:37:20977)
    at nB.deregisterLogger (file:///usr/share/cursor/resources/app/out/main.js:76:37999)
    at nB.deregisterLoggers (file:///usr/share/cursor/resources/app/out/main.js:76:38762)
    at zh.dispose (file:///usr/share/cursor/resources/app/out/main.js:146:514)
    at Ou.value (file:///usr/share/cursor/resources/app/out/main.js:142:44247)
    at P._deliver (file:///usr/share/cursor/resources/app/out/main.js:32:3595)
    at P.fire (file:///usr/share/cursor/resources/app/out/main.js:32:3915)
    at BrowserWindow.ae (file:///usr/share/cursor/resources/app/out/main.js:30:8698)
    at BrowserWindow.emit (node:events:521:24)
    at zh.destroyWindow (file:///usr/share/cursor/resources/app/out/main.js:142:59455)
    at zh.onWindowError (file:///usr/share/cursor/resources/app/out/main.js:142:58756)
Error sending from webFrameMain:  Error: Render frame was disposed before WebFrameMain could be accessed
    at s.send (node:electron/js2c/browser_init:2:103455)
    at b.send (node:electron/js2c/browser_init:2:87820)
    at Lx.send (file:///usr/share/cursor/resources/app/out/main.js:35:32772)
    at _b.sendBuffer (file:///usr/share/cursor/resources/app/out/main.js:33:12539)
    at _b.send (file:///usr/share/cursor/resources/app/out/main.js:33:12458)
    at _b.sendResponse (file:///usr/share/cursor/resources/app/out/main.js:33:12305)
    at Ou.value (file:///usr/share/cursor/resources/app/out/main.js:34:343)
    at P._deliver (file:///usr/share/cursor/resources/app/out/main.js:32:3595)
    at P.fire (file:///usr/share/cursor/resources/app/out/main.js:32:3915)
    at Ou.value (file:///usr/share/cursor/resources/app/out/main.js:30:6325)
    at P._deliver (file:///usr/share/cursor/resources/app/out/main.js:32:3595)
    at P.fire (file:///usr/share/cursor/resources/app/out/main.js:32:3915)
    at Ou.value (file:///usr/share/cursor/resources/app/out/main.js:30:6131)
    at P._deliver (file:///usr/share/cursor/resources/app/out/main.js:32:3595)
    at P._deliverQueue (file:///usr/share/cursor/resources/app/out/main.js:32:3686)
    at P.fire (file:///usr/share/cursor/resources/app/out/main.js:32:4022)
    at nB.deregisterLogger (file:///usr/share/cursor/resources/app/out/main.js:37:20977)
    at nB.deregisterLogger (file:///usr/share/cursor/resources/app/out/main.js:76:37999)
    at nB.deregisterLoggers (file:///usr/share/cursor/resources/app/out/main.js:76:38762)
    at zh.dispose (file:///usr/share/cursor/resources/app/out/main.js:146:514)
    at Ou.value (file:///usr/share/cursor/resources/app/out/main.js:142:44247)
    at P._deliver (file:///usr/share/cursor/resources/app/out/main.js:32:3595)
    at P.fire (file:///usr/share/cursor/resources/app/out/main.js:32:3915)
    at BrowserWindow.ae (file:///usr/share/cursor/resources/app/out/main.js:30:8698)
    at BrowserWindow.emit (node:events:521:24)
    at zh.destroyWindow (file:///usr/share/cursor/resources/app/out/main.js:142:59455)
    at zh.onWindowError (file:///usr/share/cursor/resources/app/out/main.js:142:58756)
Error sending from webFrameMain:  Error: Render frame was disposed before WebFrameMain could be accessed
    at s.send (node:electron/js2c/browser_init:2:103455)
    at b.send (node:electron/js2c/browser_init:2:87820)
    at Lx.send (file:///usr/share/cursor/resources/app/out/main.js:35:32772)
    at _b.sendBuffer (file:///usr/share/cursor/resources/app/out/main.js:33:12539)
    at _b.send (file:///usr/share/cursor/resources/app/out/main.js:33:12458)
    at _b.sendResponse (file:///usr/share/cursor/resources/app/out/main.js:33:12305)
    at Ou.value (file:///usr/share/cursor/resources/app/out/main.js:34:343)
    at P._deliver (file:///usr/share/cursor/resources/app/out/main.js:32:3595)
    at P.fire (file:///usr/share/cursor/resources/app/out/main.js:32:3915)
    at Ou.value (file:///usr/share/cursor/resources/app/out/main.js:30:6325)
    at P._deliver (file:///usr/share/cursor/resources/app/out/main.js:32:3595)
    at P.fire (file:///usr/share/cursor/resources/app/out/main.js:32:3915)
    at Ou.value (file:///usr/share/cursor/resources/app/out/main.js:30:6131)
    at P._deliver (file:///usr/share/cursor/resources/app/out/main.js:32:3595)
    at P._deliverQueue (file:///usr/share/cursor/resources/app/out/main.js:32:3686)
    at P.fire (file:///usr/share/cursor/resources/app/out/main.js:32:4022)
    at nB.deregisterLogger (file:///usr/share/cursor/resources/app/out/main.js:37:20977)
    at nB.deregisterLogger (file:///usr/share/cursor/resources/app/out/main.js:76:37999)
    at nB.deregisterLoggers (file:///usr/share/cursor/resources/app/out/main.js:76:38762)
    at zh.dispose (file:///usr/share/cursor/resources/app/out/main.js:146:514)
    at Ou.value (file:///usr/share/cursor/resources/app/out/main.js:142:44247)
    at P._deliver (file:///usr/share/cursor/resources/app/out/main.js:32:3595)
    at P.fire (file:///usr/share/cursor/resources/app/out/main.js:32:3915)
    at BrowserWindow.ae (file:///usr/share/cursor/resources/app/out/main.js:30:8698)
    at BrowserWindow.emit (node:events:521:24)
    at zh.destroyWindow (file:///usr/share/cursor/resources/app/out/main.js:142:59455)
    at zh.onWindowError (file:///usr/share/cursor/resources/app/out/main.js:142:58756)
Error sending from webFrameMain:  Error: Render frame was disposed before WebFrameMain could be accessed
    at s.send (node:electron/js2c/browser_init:2:103455)
    at b.send (node:electron/js2c/browser_init:2:87820)
    at Lx.send (file:///usr/share/cursor/resources/app/out/main.js:35:32772)
    at _b.sendBuffer (file:///usr/share/cursor/resources/app/out/main.js:33:12539)
    at _b.send (file:///usr/share/cursor/resources/app/out/main.js:33:12458)
    at _b.sendResponse (file:///usr/share/cursor/resources/app/out/main.js:33:12305)
    at Ou.value (file:///usr/share/cursor/resources/app/out/main.js:34:343)
    at P._deliver (file:///usr/share/cursor/resources/app/out/main.js:32:3595)
    at P.fire (file:///usr/share/cursor/resources/app/out/main.js:32:3915)
    at Ou.value (file:///usr/share/cursor/resources/app/out/main.js:30:6325)
    at P._deliver (file:///usr/share/cursor/resources/app/out/main.js:32:3595)
    at P.fire (file:///usr/share/cursor/resources/app/out/main.js:32:3915)
    at Ou.value (file:///usr/share/cursor/resources/app/out/main.js:30:6131)
    at P._deliver (file:///usr/share/cursor/resources/app/out/main.js:32:3595)
    at P._deliverQueue (file:///usr/share/cursor/resources/app/out/main.js:32:3686)
    at P.fire (file:///usr/share/cursor/resources/app/out/main.js:32:4022)
    at nB.deregisterLogger (file:///usr/share/cursor/resources/app/out/main.js:37:20977)
    at nB.deregisterLogger (file:///usr/share/cursor/resources/app/out/main.js:76:37999)
    at nB.deregisterLoggers (file:///usr/share/cursor/resources/app/out/main.js:76:38762)
    at zh.dispose (file:///usr/share/cursor/resources/app/out/main.js:146:514)
    at Ou.value (file:///usr/share/cursor/resources/app/out/main.js:142:44247)
    at P._deliver (file:///usr/share/cursor/resources/app/out/main.js:32:3595)
    at P.fire (file:///usr/share/cursor/resources/app/out/main.js:32:3915)
    at BrowserWindow.ae (file:///usr/share/cursor/resources/app/out/main.js:30:8698)
    at BrowserWindow.emit (node:events:521:24)
    at zh.destroyWindow (file:///usr/share/cursor/resources/app/out/main.js:142:59455)
    at zh.onWindowError (file:///usr/share/cursor/resources/app/out/main.js:142:58756)
Error sending from webFrameMain:  Error: Render frame was disposed before WebFrameMain could be accessed
    at s.send (node:electron/js2c/browser_init:2:103455)
    at b.send (node:electron/js2c/browser_init:2:87820)
    at Lx.send (file:///usr/share/cursor/resources/app/out/main.js:35:32772)
    at _b.sendBuffer (file:///usr/share/cursor/resources/app/out/main.js:33:12539)
    at _b.send (file:///usr/share/cursor/resources/app/out/main.js:33:12458)
    at _b.sendResponse (file:///usr/share/cursor/resources/app/out/main.js:33:12305)
    at Ou.value (file:///usr/share/cursor/resources/app/out/main.js:34:343)
    at P._deliver (file:///usr/share/cursor/resources/app/out/main.js:32:3595)
    at P.fire (file:///usr/share/cursor/resources/app/out/main.js:32:3915)
    at Ou.value (file:///usr/share/cursor/resources/app/out/main.js:30:6325)
    at P._deliver (file:///usr/share/cursor/resources/app/out/main.js:32:3595)
    at P.fire (file:///usr/share/cursor/resources/app/out/main.js:32:3915)
    at Ou.value (file:///usr/share/cursor/resources/app/out/main.js:30:6131)
    at P._deliver (file:///usr/share/cursor/resources/app/out/main.js:32:3595)
    at P._deliverQueue (file:///usr/share/cursor/resources/app/out/main.js:32:3686)
    at P.fire (file:///usr/share/cursor/resources/app/out/main.js:32:4022)
    at nB.deregisterLogger (file:///usr/share/cursor/resources/app/out/main.js:37:20977)
    at nB.deregisterLogger (file:///usr/share/cursor/resources/app/out/main.js:76:37999)
    at nB.deregisterLoggers (file:///usr/share/cursor/resources/app/out/main.js:76:38762)
    at zh.dispose (file:///usr/share/cursor/resources/app/out/main.js:146:514)
    at Ou.value (file:///usr/share/cursor/resources/app/out/main.js:142:44247)
    at P._deliver (file:///usr/share/cursor/resources/app/out/main.js:32:3595)
    at P.fire (file:///usr/share/cursor/resources/app/out/main.js:32:3915)
    at BrowserWindow.ae (file:///usr/share/cursor/resources/app/out/main.js:30:8698)
    at BrowserWindow.emit (node:events:521:24)
    at zh.destroyWindow (file:///usr/share/cursor/resources/app/out/main.js:142:59455)
    at zh.onWindowError (file:///usr/share/cursor/resources/app/out/main.js:142:58756)
Error sending from webFrameMain:  Error: Render frame was disposed before WebFrameMain could be accessed
    at s.send (node:electron/js2c/browser_init:2:103455)
    at b.send (node:electron/js2c/browser_init:2:87820)
    at Lx.send (file:///usr/share/cursor/resources/app/out/main.js:35:32772)
    at _b.sendBuffer (file:///usr/share/cursor/resources/app/out/main.js:33:12539)
    at _b.send (file:///usr/share/cursor/resources/app/out/main.js:33:12458)
    at _b.sendResponse (file:///usr/share/cursor/resources/app/out/main.js:33:12305)
    at Ou.value (file:///usr/share/cursor/resources/app/out/main.js:34:343)
    at P._deliver (file:///usr/share/cursor/resources/app/out/main.js:32:3595)
    at P.fire (file:///usr/share/cursor/resources/app/out/main.js:32:3915)
    at Ou.value (file:///usr/share/cursor/resources/app/out/main.js:30:6325)
    at P._deliver (file:///usr/share/cursor/resources/app/out/main.js:32:3595)
    at P.fire (file:///usr/share/cursor/resources/app/out/main.js:32:3915)
    at Ou.value (file:///usr/share/cursor/resources/app/out/main.js:30:6131)
    at P._deliver (file:///usr/share/cursor/resources/app/out/main.js:32:3595)
    at P._deliverQueue (file:///usr/share/cursor/resources/app/out/main.js:32:3686)
    at P.fire (file:///usr/share/cursor/resources/app/out/main.js:32:4022)
    at nB.deregisterLogger (file:///usr/share/cursor/resources/app/out/main.js:37:20977)
    at nB.deregisterLogger (file:///usr/share/cursor/resources/app/out/main.js:76:37999)
    at nB.deregisterLoggers (file:///usr/share/cursor/resources/app/out/main.js:76:38762)
    at zh.dispose (file:///usr/share/cursor/resources/app/out/main.js:146:514)
    at Ou.value (file:///usr/share/cursor/resources/app/out/main.js:142:44247)
    at P._deliver (file:///usr/share/cursor/resources/app/out/main.js:32:3595)
    at P.fire (file:///usr/share/cursor/resources/app/out/main.js:32:3915)
    at BrowserWindow.ae (file:///usr/share/cursor/resources/app/out/main.js:30:8698)
    at BrowserWindow.emit (node:events:521:24)
    at zh.destroyWindow (file:///usr/share/cursor/resources/app/out/main.js:142:59455)
    at zh.onWindowError (file:///usr/share/cursor/resources/app/out/main.js:142:58756)
Error sending from webFrameMain:  Error: Render frame was disposed before WebFrameMain could be accessed
    at s.send (node:electron/js2c/browser_init:2:103455)
    at b.send (node:electron/js2c/browser_init:2:87820)
    at Lx.send (file:///usr/share/cursor/resources/app/out/main.js:35:32772)
    at _b.sendBuffer (file:///usr/share/cursor/resources/app/out/main.js:33:12539)
    at _b.send (file:///usr/share/cursor/resources/app/out/main.js:33:12458)
    at _b.sendResponse (file:///usr/share/cursor/resources/app/out/main.js:33:12305)
    at Ou.value (file:///usr/share/cursor/resources/app/out/main.js:34:343)
    at P._deliver (file:///usr/share/cursor/resources/app/out/main.js:32:3595)
    at P.fire (file:///usr/share/cursor/resources/app/out/main.js:32:3915)
    at Ou.value (file:///usr/share/cursor/resources/app/out/main.js:30:6325)
    at P._deliver (file:///usr/share/cursor/resources/app/out/main.js:32:3595)
    at P.fire (file:///usr/share/cursor/resources/app/out/main.js:32:3915)
    at Ou.value (file:///usr/share/cursor/resources/app/out/main.js:30:6131)
    at P._deliver (file:///usr/share/cursor/resources/app/out/main.js:32:3595)
    at P._deliverQueue (file:///usr/share/cursor/resources/app/out/main.js:32:3686)
    at P.fire (file:///usr/share/cursor/resources/app/out/main.js:32:4022)
    at nB.deregisterLogger (file:///usr/share/cursor/resources/app/out/main.js:37:20977)
    at nB.deregisterLogger (file:///usr/share/cursor/resources/app/out/main.js:76:37999)
    at nB.deregisterLoggers (file:///usr/share/cursor/resources/app/out/main.js:76:38762)
    at zh.dispose (file:///usr/share/cursor/resources/app/out/main.js:146:514)
    at Ou.value (file:///usr/share/cursor/resources/app/out/main.js:142:44247)
    at P._deliver (file:///usr/share/cursor/resources/app/out/main.js:32:3595)
    at P.fire (file:///usr/share/cursor/resources/app/out/main.js:32:3915)
    at BrowserWindow.ae (file:///usr/share/cursor/resources/app/out/main.js:30:8698)
    at BrowserWindow.emit (node:events:521:24)
    at zh.destroyWindow (file:///usr/share/cursor/resources/app/out/main.js:142:59455)
    at zh.onWindowError (file:///usr/share/cursor/resources/app/out/main.js:142:58756)
Error sending from webFrameMain:  Error: Render frame was disposed before WebFrameMain could be accessed
    at s.send (node:electron/js2c/browser_init:2:103455)
    at b.send (node:electron/js2c/browser_init:2:87820)
    at Lx.send (file:///usr/share/cursor/resources/app/out/main.js:35:32772)
    at _b.sendBuffer (file:///usr/share/cursor/resources/app/out/main.js:33:12539)
    at _b.send (file:///usr/share/cursor/resources/app/out/main.js:33:12458)
    at _b.sendResponse (file:///usr/share/cursor/resources/app/out/main.js:33:12305)
    at Ou.value (file:///usr/share/cursor/resources/app/out/main.js:34:343)
    at P._deliver (file:///usr/share/cursor/resources/app/out/main.js:32:3595)
    at P.fire (file:///usr/share/cursor/resources/app/out/main.js:32:3915)
    at Ou.value (file:///usr/share/cursor/resources/app/out/main.js:30:6325)
    at P._deliver (file:///usr/share/cursor/resources/app/out/main.js:32:3595)
    at P.fire (file:///usr/share/cursor/resources/app/out/main.js:32:3915)
    at Ou.value (file:///usr/share/cursor/resources/app/out/main.js:30:6131)
    at P._deliver (file:///usr/share/cursor/resources/app/out/main.js:32:3595)
    at P._deliverQueue (file:///usr/share/cursor/resources/app/out/main.js:32:3686)
    at P.fire (file:///usr/share/cursor/resources/app/out/main.js:32:4022)
    at nB.deregisterLogger (file:///usr/share/cursor/resources/app/out/main.js:37:20977)
    at nB.deregisterLogger (file:///usr/share/cursor/resources/app/out/main.js:76:37999)
    at nB.deregisterLoggers (file:///usr/share/cursor/resources/app/out/main.js:76:38762)
    at zh.dispose (file:///usr/share/cursor/resources/app/out/main.js:146:514)
    at Ou.value (file:///usr/share/cursor/resources/app/out/main.js:142:44247)
    at P._deliver (file:///usr/share/cursor/resources/app/out/main.js:32:3595)
    at P.fire (file:///usr/share/cursor/resources/app/out/main.js:32:3915)
    at BrowserWindow.ae (file:///usr/share/cursor/resources/app/out/main.js:30:8698)
    at BrowserWindow.emit (node:events:521:24)
    at zh.destroyWindow (file:///usr/share/cursor/resources/app/out/main.js:142:59455)
    at zh.onWindowError (file:///usr/share/cursor/resources/app/out/main.js:142:58756)
Error sending from webFrameMain:  Error: Render frame was disposed before WebFrameMain could be accessed
    at s.send (node:electron/js2c/browser_init:2:103455)
    at b.send (node:electron/js2c/browser_init:2:87820)
    at Lx.send (file:///usr/share/cursor/resources/app/out/main.js:35:32772)
    at _b.sendBuffer (file:///usr/share/cursor/resources/app/out/main.js:33:12539)
    at _b.send (file:///usr/share/cursor/resources/app/out/main.js:33:12458)
    at _b.sendResponse (file:///usr/share/cursor/resources/app/out/main.js:33:12305)
    at Ou.value (file:///usr/share/cursor/resources/app/out/main.js:34:343)
    at P._deliver (file:///usr/share/cursor/resources/app/out/main.js:32:3595)
    at P.fire (file:///usr/share/cursor/resources/app/out/main.js:32:3915)
    at Ou.value (file:///usr/share/cursor/resources/app/out/main.js:30:6325)
    at P._deliver (file:///usr/share/cursor/resources/app/out/main.js:32:3595)
    at P.fire (file:///usr/share/cursor/resources/app/out/main.js:32:3915)
    at Ou.value (file:///usr/share/cursor/resources/app/out/main.js:30:6131)
    at P._deliver (file:///usr/share/cursor/resources/app/out/main.js:32:3595)
    at P._deliverQueue (file:///usr/share/cursor/resources/app/out/main.js:32:3686)
    at P.fire (file:///usr/share/cursor/resources/app/out/main.js:32:4022)
    at nB.deregisterLogger (file:///usr/share/cursor/resources/app/out/main.js:37:20977)
    at nB.deregisterLogger (file:///usr/share/cursor/resources/app/out/main.js:76:37999)
    at nB.deregisterLoggers (file:///usr/share/cursor/resources/app/out/main.js:76:38762)
    at zh.dispose (file:///usr/share/cursor/resources/app/out/main.js:146:514)
    at Ou.value (file:///usr/share/cursor/resources/app/out/main.js:142:44247)
    at P._deliver (file:///usr/share/cursor/resources/app/out/main.js:32:3595)
    at P.fire (file:///usr/share/cursor/resources/app/out/main.js:32:3915)
    at BrowserWindow.ae (file:///usr/share/cursor/resources/app/out/main.js:30:8698)
    at BrowserWindow.emit (node:events:521:24)
    at zh.destroyWindow (file:///usr/share/cursor/resources/app/out/main.js:142:59455)
    at zh.onWindowError (file:///usr/share/cursor/resources/app/out/main.js:142:58756)
Error sending from webFrameMain:  Error: Render frame was disposed before WebFrameMain could be accessed
    at s.send (node:electron/js2c/browser_init:2:103455)
    at b.send (node:electron/js2c/browser_init:2:87820)
    at Lx.send (file:///usr/share/cursor/resources/app/out/main.js:35:32772)
    at _b.sendBuffer (file:///usr/share/cursor/resources/app/out/main.js:33:12539)
    at _b.send (file:///usr/share/cursor/resources/app/out/main.js:33:12458)
    at _b.sendResponse (file:///usr/share/cursor/resources/app/out/main.js:33:12305)
    at Ou.value (file:///usr/share/cursor/resources/app/out/main.js:34:343)
    at P._deliver (file:///usr/share/cursor/resources/app/out/main.js:32:3595)
    at P.fire (file:///usr/share/cursor/resources/app/out/main.js:32:3915)
    at Ou.value (file:///usr/share/cursor/resources/app/out/main.js:30:6325)
    at P._deliver (file:///usr/share/cursor/resources/app/out/main.js:32:3595)
    at P.fire (file:///usr/share/cursor/resources/app/out/main.js:32:3915)
    at Ou.value (file:///usr/share/cursor/resources/app/out/main.js:30:6131)
    at P._deliver (file:///usr/share/cursor/resources/app/out/main.js:32:3595)
    at P._deliverQueue (file:///usr/share/cursor/resources/app/out/main.js:32:3686)
    at P.fire (file:///usr/share/cursor/resources/app/out/main.js:32:4022)
    at nB.deregisterLogger (file:///usr/share/cursor/resources/app/out/main.js:37:20977)
    at nB.deregisterLogger (file:///usr/share/cursor/resources/app/out/main.js:76:37999)
    at nB.deregisterLoggers (file:///usr/share/cursor/resources/app/out/main.js:76:38762)
    at zh.dispose (file:///usr/share/cursor/resources/app/out/main.js:146:514)
    at Ou.value (file:///usr/share/cursor/resources/app/out/main.js:142:44247)
    at P._deliver (file:///usr/share/cursor/resources/app/out/main.js:32:3595)
    at P.fire (file:///usr/share/cursor/resources/app/out/main.js:32:3915)
    at BrowserWindow.ae (file:///usr/share/cursor/resources/app/out/main.js:30:8698)
    at BrowserWindow.emit (node:events:521:24)
    at zh.destroyWindow (file:///usr/share/cursor/resources/app/out/main.js:142:59455)
    at zh.onWindowError (file:///usr/share/cursor/resources/app/out/main.js:142:58756)
Error sending from webFrameMain:  Error: Render frame was disposed before WebFrameMain could be accessed
    at s.send (node:electron/js2c/browser_init:2:103455)
    at b.send (node:electron/js2c/browser_init:2:87820)
    at Lx.send (file:///usr/share/cursor/resources/app/out/main.js:35:32772)
    at _b.sendBuffer (file:///usr/share/cursor/resources/app/out/main.js:33:12539)
    at _b.send (file:///usr/share/cursor/resources/app/out/main.js:33:12458)
    at _b.sendResponse (file:///usr/share/cursor/resources/app/out/main.js:33:12305)
    at Ou.value (file:///usr/share/cursor/resources/app/out/main.js:34:343)
    at P._deliver (file:///usr/share/cursor/resources/app/out/main.js:32:3595)
    at P.fire (file:///usr/share/cursor/resources/app/out/main.js:32:3915)
    at Ou.value (file:///usr/share/cursor/resources/app/out/main.js:30:6325)
    at P._deliver (file:///usr/share/cursor/resources/app/out/main.js:32:3595)
    at P.fire (file:///usr/share/cursor/resources/app/out/main.js:32:3915)
    at Ou.value (file:///usr/share/cursor/resources/app/out/main.js:30:6131)
    at P._deliver (file:///usr/share/cursor/resources/app/out/main.js:32:3595)
    at P._deliverQueue (file:///usr/share/cursor/resources/app/out/main.js:32:3686)
    at P.fire (file:///usr/share/cursor/resources/app/out/main.js:32:4022)
    at nB.deregisterLogger (file:///usr/share/cursor/resources/app/out/main.js:37:20977)
    at nB.deregisterLogger (file:///usr/share/cursor/resources/app/out/main.js:76:37999)
    at nB.deregisterLoggers (file:///usr/share/cursor/resources/app/out/main.js:76:38762)
    at zh.dispose (file:///usr/share/cursor/resources/app/out/main.js:146:514)
    at Ou.value (file:///usr/share/cursor/resources/app/out/main.js:142:44247)
    at P._deliver (file:///usr/share/cursor/resources/app/out/main.js:32:3595)
    at P.fire (file:///usr/share/cursor/resources/app/out/main.js:32:3915)
    at BrowserWindow.ae (file:///usr/share/cursor/resources/app/out/main.js:30:8698)
    at BrowserWindow.emit (node:events:521:24)
    at zh.destroyWindow (file:///usr/share/cursor/resources/app/out/main.js:142:59455)
    at zh.onWindowError (file:///usr/share/cursor/resources/app/out/main.js:142:58756)
Error sending from webFrameMain:  Error: Render frame was disposed before WebFrameMain could be accessed
    at s.send (node:electron/js2c/browser_init:2:103455)
    at b.send (node:electron/js2c/browser_init:2:87820)
    at Lx.send (file:///usr/share/cursor/resources/app/out/main.js:35:32772)
    at _b.sendBuffer (file:///usr/share/cursor/resources/app/out/main.js:33:12539)
    at _b.send (file:///usr/share/cursor/resources/app/out/main.js:33:12458)
    at _b.sendResponse (file:///usr/share/cursor/resources/app/out/main.js:33:12305)
    at Ou.value (file:///usr/share/cursor/resources/app/out/main.js:34:343)
    at P._deliver (file:///usr/share/cursor/resources/app/out/main.js:32:3595)
    at P.fire (file:///usr/share/cursor/resources/app/out/main.js:32:3915)
    at Ou.value (file:///usr/share/cursor/resources/app/out/main.js:30:6325)
    at P._deliver (file:///usr/share/cursor/resources/app/out/main.js:32:3595)
    at P.fire (file:///usr/share/cursor/resources/app/out/main.js:32:3915)
    at Ou.value (file:///usr/share/cursor/resources/app/out/main.js:30:6131)
    at P._deliver (file:///usr/share/cursor/resources/app/out/main.js:32:3595)
    at P._deliverQueue (file:///usr/share/cursor/resources/app/out/main.js:32:3686)
    at P.fire (file:///usr/share/cursor/resources/app/out/main.js:32:4022)
    at nB.deregisterLogger (file:///usr/share/cursor/resources/app/out/main.js:37:20977)
    at nB.deregisterLogger (file:///usr/share/cursor/resources/app/out/main.js:76:37999)
    at nB.deregisterLoggers (file:///usr/share/cursor/resources/app/out/main.js:76:38762)
    at zh.dispose (file:///usr/share/cursor/resources/app/out/main.js:146:514)
    at Ou.value (file:///usr/share/cursor/resources/app/out/main.js:142:44247)
    at P._deliver (file:///usr/share/cursor/resources/app/out/main.js:32:3595)
    at P.fire (file:///usr/share/cursor/resources/app/out/main.js:32:3915)
    at BrowserWindow.ae (file:///usr/share/cursor/resources/app/out/main.js:30:8698)
    at BrowserWindow.emit (node:events:521:24)
    at zh.destroyWindow (file:///usr/share/cursor/resources/app/out/main.js:142:59455)
    at zh.onWindowError (file:///usr/share/cursor/resources/app/out/main.js:142:58756)
Error sending from webFrameMain:  Error: Render frame was disposed before WebFrameMain could be accessed
    at s.send (node:electron/js2c/browser_init:2:103455)
    at b.send (node:electron/js2c/browser_init:2:87820)
    at Lx.send (file:///usr/share/cursor/resources/app/out/main.js:35:32772)
    at _b.sendBuffer (file:///usr/share/cursor/resources/app/out/main.js:33:12539)
    at _b.send (file:///usr/share/cursor/resources/app/out/main.js:33:12458)
    at _b.sendResponse (file:///usr/share/cursor/resources/app/out/main.js:33:12305)
    at Ou.value (file:///usr/share/cursor/resources/app/out/main.js:34:343)
    at P._deliver (file:///usr/share/cursor/resources/app/out/main.js:32:3595)
    at P.fire (file:///usr/share/cursor/resources/app/out/main.js:32:3915)
    at Ou.value (file:///usr/share/cursor/resources/app/out/main.js:30:6325)
    at P._deliver (file:///usr/share/cursor/resources/app/out/main.js:32:3595)
    at P.fire (file:///usr/share/cursor/resources/app/out/main.js:32:3915)
    at Ou.value (file:///usr/share/cursor/resources/app/out/main.js:30:6131)
    at P._deliver (file:///usr/share/cursor/resources/app/out/main.js:32:3595)
    at P._deliverQueue (file:///usr/share/cursor/resources/app/out/main.js:32:3686)
    at P.fire (file:///usr/share/cursor/resources/app/out/main.js:32:4022)
    at nB.deregisterLogger (file:///usr/share/cursor/resources/app/out/main.js:37:20977)
    at nB.deregisterLogger (file:///usr/share/cursor/resources/app/out/main.js:76:37999)
    at nB.deregisterLoggers (file:///usr/share/cursor/resources/app/out/main.js:76:38762)
    at zh.dispose (file:///usr/share/cursor/resources/app/out/main.js:146:514)
    at Ou.value (file:///usr/share/cursor/resources/app/out/main.js:142:44247)
    at P._deliver (file:///usr/share/cursor/resources/app/out/main.js:32:3595)
    at P.fire (file:///usr/share/cursor/resources/app/out/main.js:32:3915)
    at BrowserWindow.ae (file:///usr/share/cursor/resources/app/out/main.js:30:8698)
    at BrowserWindow.emit (node:events:521:24)
    at zh.destroyWindow (file:///usr/share/cursor/resources/app/out/main.js:142:59455)
    at zh.onWindowError (file:///usr/share/cursor/resources/app/out/main.js:142:58756)
Error sending from webFrameMain:  Error: Render frame was disposed before WebFrameMain could be accessed
    at s.send (node:electron/js2c/browser_init:2:103455)
    at b.send (node:electron/js2c/browser_init:2:87820)
    at Lx.send (file:///usr/share/cursor/resources/app/out/main.js:35:32772)
    at _b.sendBuffer (file:///usr/share/cursor/resources/app/out/main.js:33:12539)
    at _b.send (file:///usr/share/cursor/resources/app/out/main.js:33:12458)
    at _b.sendResponse (file:///usr/share/cursor/resources/app/out/main.js:33:12305)
    at Ou.value (file:///usr/share/cursor/resources/app/out/main.js:34:343)
    at P._deliver (file:///usr/share/cursor/resources/app/out/main.js:32:3595)
    at P.fire (file:///usr/share/cursor/resources/app/out/main.js:32:3915)
    at Ou.value (file:///usr/share/cursor/resources/app/out/main.js:30:6325)
    at P._deliver (file:///usr/share/cursor/resources/app/out/main.js:32:3595)
    at P.fire (file:///usr/share/cursor/resources/app/out/main.js:32:3915)
    at Ou.value (file:///usr/share/cursor/resources/app/out/main.js:30:6131)
    at P._deliver (file:///usr/share/cursor/resources/app/out/main.js:32:3595)
    at P._deliverQueue (file:///usr/share/cursor/resources/app/out/main.js:32:3686)
    at P.fire (file:///usr/share/cursor/resources/app/out/main.js:32:4022)
    at nB.deregisterLogger (file:///usr/share/cursor/resources/app/out/main.js:37:20977)
    at nB.deregisterLogger (file:///usr/share/cursor/resources/app/out/main.js:76:37999)
    at nB.deregisterLoggers (file:///usr/share/cursor/resources/app/out/main.js:76:38762)
    at zh.dispose (file:///usr/share/cursor/resources/app/out/main.js:146:514)
    at Ou.value (file:///usr/share/cursor/resources/app/out/main.js:142:44247)
    at P._deliver (file:///usr/share/cursor/resources/app/out/main.js:32:3595)
    at P.fire (file:///usr/share/cursor/resources/app/out/main.js:32:3915)
    at BrowserWindow.ae (file:///usr/share/cursor/resources/app/out/main.js:30:8698)
    at BrowserWindow.emit (node:events:521:24)
    at zh.destroyWindow (file:///usr/share/cursor/resources/app/out/main.js:142:59455)
    at zh.onWindowError (file:///usr/share/cursor/resources/app/out/main.js:142:58756)
Error sending from webFrameMain:  Error: Render frame was disposed before WebFrameMain could be accessed
    at s.send (node:electron/js2c/browser_init:2:103455)
    at b.send (node:electron/js2c/browser_init:2:87820)
    at Lx.send (file:///usr/share/cursor/resources/app/out/main.js:35:32772)
    at _b.sendBuffer (file:///usr/share/cursor/resources/app/out/main.js:33:12539)
    at _b.send (file:///usr/share/cursor/resources/app/out/main.js:33:12458)
    at _b.sendResponse (file:///usr/share/cursor/resources/app/out/main.js:33:12305)
    at Ou.value (file:///usr/share/cursor/resources/app/out/main.js:34:343)
    at P._deliver (file:///usr/share/cursor/resources/app/out/main.js:32:3595)
    at P.fire (file:///usr/share/cursor/resources/app/out/main.js:32:3915)
    at Ou.value (file:///usr/share/cursor/resources/app/out/main.js:30:6325)
    at P._deliver (file:///usr/share/cursor/resources/app/out/main.js:32:3595)
    at P.fire (file:///usr/share/cursor/resources/app/out/main.js:32:3915)
    at Ou.value (file:///usr/share/cursor/resources/app/out/main.js:30:6131)
    at P._deliver (file:///usr/share/cursor/resources/app/out/main.js:32:3595)
    at P._deliverQueue (file:///usr/share/cursor/resources/app/out/main.js:32:3686)
    at P.fire (file:///usr/share/cursor/resources/app/out/main.js:32:4022)
    at nB.deregisterLogger (file:///usr/share/cursor/resources/app/out/main.js:37:20977)
    at nB.deregisterLogger (file:///usr/share/cursor/resources/app/out/main.js:76:37999)
    at nB.deregisterLoggers (file:///usr/share/cursor/resources/app/out/main.js:76:38762)
    at zh.dispose (file:///usr/share/cursor/resources/app/out/main.js:146:514)
    at Ou.value (file:///usr/share/cursor/resources/app/out/main.js:142:44247)
    at P._deliver (file:///usr/share/cursor/resources/app/out/main.js:32:3595)
    at P.fire (file:///usr/share/cursor/resources/app/out/main.js:32:3915)
    at BrowserWindow.ae (file:///usr/share/cursor/resources/app/out/main.js:30:8698)
    at BrowserWindow.emit (node:events:521:24)
    at zh.destroyWindow (file:///usr/share/cursor/resources/app/out/main.js:142:59455)
    at zh.onWindowError (file:///usr/share/cursor/resources/app/out/main.js:142:58756)
Error sending from webFrameMain:  Error: Render frame was disposed before WebFrameMain could be accessed
    at s.send (node:electron/js2c/browser_init:2:103455)
    at b.send (node:electron/js2c/browser_init:2:87820)
    at Lx.send (file:///usr/share/cursor/resources/app/out/main.js:35:32772)
    at _b.sendBuffer (file:///usr/share/cursor/resources/app/out/main.js:33:12539)
    at _b.send (file:///usr/share/cursor/resources/app/out/main.js:33:12458)
    at _b.sendResponse (file:///usr/share/cursor/resources/app/out/main.js:33:12305)
    at Ou.value (file:///usr/share/cursor/resources/app/out/main.js:34:343)
    at P._deliver (file:///usr/share/cursor/resources/app/out/main.js:32:3595)
    at P.fire (file:///usr/share/cursor/resources/app/out/main.js:32:3915)
    at Ou.value (file:///usr/share/cursor/resources/app/out/main.js:30:6325)
    at P._deliver (file:///usr/share/cursor/resources/app/out/main.js:32:3595)
    at P.fire (file:///usr/share/cursor/resources/app/out/main.js:32:3915)
    at Ou.value (file:///usr/share/cursor/resources/app/out/main.js:30:6131)
    at P._deliver (file:///usr/share/cursor/resources/app/out/main.js:32:3595)
    at P._deliverQueue (file:///usr/share/cursor/resources/app/out/main.js:32:3686)
    at P.fire (file:///usr/share/cursor/resources/app/out/main.js:32:4022)
    at nB.deregisterLogger (file:///usr/share/cursor/resources/app/out/main.js:37:20977)
    at nB.deregisterLogger (file:///usr/share/cursor/resources/app/out/main.js:76:37999)
    at nB.deregisterLoggers (file:///usr/share/cursor/resources/app/out/main.js:76:38762)
    at zh.dispose (file:///usr/share/cursor/resources/app/out/main.js:146:514)
    at Ou.value (file:///usr/share/cursor/resources/app/out/main.js:142:44247)
    at P._deliver (file:///usr/share/cursor/resources/app/out/main.js:32:3595)
    at P.fire (file:///usr/share/cursor/resources/app/out/main.js:32:3915)
    at BrowserWindow.ae (file:///usr/share/cursor/resources/app/out/main.js:30:8698)
    at BrowserWindow.emit (node:events:521:24)
    at zh.destroyWindow (file:///usr/share/cursor/resources/app/out/main.js:142:59455)
    at zh.onWindowError (file:///usr/share/cursor/resources/app/out/main.js:142:58756)
Error sending from webFrameMain:  Error: Render frame was disposed before WebFrameMain could be accessed
    at s.send (node:electron/js2c/browser_init:2:103455)
    at b.send (node:electron/js2c/browser_init:2:87820)
    at Lx.send (file:///usr/share/cursor/resources/app/out/main.js:35:32772)
    at _b.sendBuffer (file:///usr/share/cursor/resources/app/out/main.js:33:12539)
    at _b.send (file:///usr/share/cursor/resources/app/out/main.js:33:12458)
    at _b.sendResponse (file:///usr/share/cursor/resources/app/out/main.js:33:12305)
    at Ou.value (file:///usr/share/cursor/resources/app/out/main.js:34:343)
    at P._deliver (file:///usr/share/cursor/resources/app/out/main.js:32:3595)
    at P.fire (file:///usr/share/cursor/resources/app/out/main.js:32:3915)
    at Ou.value (file:///usr/share/cursor/resources/app/out/main.js:30:6325)
    at P._deliver (file:///usr/share/cursor/resources/app/out/main.js:32:3595)
    at P.fire (file:///usr/share/cursor/resources/app/out/main.js:32:3915)
    at Ou.value (file:///usr/share/cursor/resources/app/out/main.js:30:6131)
    at P._deliver (file:///usr/share/cursor/resources/app/out/main.js:32:3595)
    at P._deliverQueue (file:///usr/share/cursor/resources/app/out/main.js:32:3686)
    at P.fire (file:///usr/share/cursor/resources/app/out/main.js:32:4022)
    at nB.deregisterLogger (file:///usr/share/cursor/resources/app/out/main.js:37:20977)
    at nB.deregisterLogger (file:///usr/share/cursor/resources/app/out/main.js:76:37999)
    at nB.deregisterLoggers (file:///usr/share/cursor/resources/app/out/main.js:76:38762)
    at zh.dispose (file:///usr/share/cursor/resources/app/out/main.js:146:514)
    at Ou.value (file:///usr/share/cursor/resources/app/out/main.js:142:44247)
    at P._deliver (file:///usr/share/cursor/resources/app/out/main.js:32:3595)
    at P.fire (file:///usr/share/cursor/resources/app/out/main.js:32:3915)
    at BrowserWindow.ae (file:///usr/share/cursor/resources/app/out/main.js:30:8698)
    at BrowserWindow.emit (node:events:521:24)
    at zh.destroyWindow (file:///usr/share/cursor/resources/app/out/main.js:142:59455)
    at zh.onWindowError (file:///usr/share/cursor/resources/app/out/main.js:142:58756)
Error sending from webFrameMain:  Error: Render frame was disposed before WebFrameMain could be accessed
    at s.send (node:electron/js2c/browser_init:2:103455)
    at b.send (node:electron/js2c/browser_init:2:87820)
    at Lx.send (file:///usr/share/cursor/resources/app/out/main.js:35:32772)
    at _b.sendBuffer (file:///usr/share/cursor/resources/app/out/main.js:33:12539)
    at _b.send (file:///usr/share/cursor/resources/app/out/main.js:33:12458)
    at _b.sendResponse (file:///usr/share/cursor/resources/app/out/main.js:33:12305)
    at Ou.value (file:///usr/share/cursor/resources/app/out/main.js:34:343)
    at P._deliver (file:///usr/share/cursor/resources/app/out/main.js:32:3595)
    at P.fire (file:///usr/share/cursor/resources/app/out/main.js:32:3915)
    at Ou.value (file:///usr/share/cursor/resources/app/out/main.js:30:6325)
    at P._deliver (file:///usr/share/cursor/resources/app/out/main.js:32:3595)
    at P.fire (file:///usr/share/cursor/resources/app/out/main.js:32:3915)
    at Ou.value (file:///usr/share/cursor/resources/app/out/main.js:30:6131)
    at P._deliver (file:///usr/share/cursor/resources/app/out/main.js:32:3595)
    at P._deliverQueue (file:///usr/share/cursor/resources/app/out/main.js:32:3686)
    at P.fire (file:///usr/share/cursor/resources/app/out/main.js:32:4022)
    at nB.deregisterLogger (file:///usr/share/cursor/resources/app/out/main.js:37:20977)
    at nB.deregisterLogger (file:///usr/share/cursor/resources/app/out/main.js:76:37999)
    at nB.deregisterLoggers (file:///usr/share/cursor/resources/app/out/main.js:76:38762)
    at zh.dispose (file:///usr/share/cursor/resources/app/out/main.js:146:514)
    at Ou.value (file:///usr/share/cursor/resources/app/out/main.js:142:44247)
    at P._deliver (file:///usr/share/cursor/resources/app/out/main.js:32:3595)
    at P.fire (file:///usr/share/cursor/resources/app/out/main.js:32:3915)
    at BrowserWindow.ae (file:///usr/share/cursor/resources/app/out/main.js:30:8698)
    at BrowserWindow.emit (node:events:521:24)
    at zh.destroyWindow (file:///usr/share/cursor/resources/app/out/main.js:142:59455)
    at zh.onWindowError (file:///usr/share/cursor/resources/app/out/main.js:142:58756)
Error sending from webFrameMain:  Error: Render frame was disposed before WebFrameMain could be accessed
    at s.send (node:electron/js2c/browser_init:2:103455)
    at b.send (node:electron/js2c/browser_init:2:87820)
    at Lx.send (file:///usr/share/cursor/resources/app/out/main.js:35:32772)
    at _b.sendBuffer (file:///usr/share/cursor/resources/app/out/main.js:33:12539)
    at _b.send (file:///usr/share/cursor/resources/app/out/main.js:33:12458)
    at _b.sendResponse (file:///usr/share/cursor/resources/app/out/main.js:33:12305)
    at Ou.value (file:///usr/share/cursor/resources/app/out/main.js:34:343)
    at P._deliver (file:///usr/share/cursor/resources/app/out/main.js:32:3595)
    at P.fire (file:///usr/share/cursor/resources/app/out/main.js:32:3915)
    at Ou.value (file:///usr/share/cursor/resources/app/out/main.js:30:6325)
    at P._deliver (file:///usr/share/cursor/resources/app/out/main.js:32:3595)
    at P.fire (file:///usr/share/cursor/resources/app/out/main.js:32:3915)
    at Ou.value (file:///usr/share/cursor/resources/app/out/main.js:30:6131)
    at P._deliver (file:///usr/share/cursor/resources/app/out/main.js:32:3595)
    at P._deliverQueue (file:///usr/share/cursor/resources/app/out/main.js:32:3686)
    at P.fire (file:///usr/share/cursor/resources/app/out/main.js:32:4022)
    at nB.deregisterLogger (file:///usr/share/cursor/resources/app/out/main.js:37:20977)
    at nB.deregisterLogger (file:///usr/share/cursor/resources/app/out/main.js:76:37999)
    at nB.deregisterLoggers (file:///usr/share/cursor/resources/app/out/main.js:76:38762)
    at zh.dispose (file:///usr/share/cursor/resources/app/out/main.js:146:514)
    at Ou.value (file:///usr/share/cursor/resources/app/out/main.js:142:44247)
    at P._deliver (file:///usr/share/cursor/resources/app/out/main.js:32:3595)
    at P.fire (file:///usr/share/cursor/resources/app/out/main.js:32:3915)
    at BrowserWindow.ae (file:///usr/share/cursor/resources/app/out/main.js:30:8698)
    at BrowserWindow.emit (node:events:521:24)
    at zh.destroyWindow (file:///usr/share/cursor/resources/app/out/main.js:142:59455)
    at zh.onWindowError (file:///usr/share/cursor/resources/app/out/main.js:142:58756)
Error sending from webFrameMain:  Error: Render frame was disposed before WebFrameMain could be accessed
    at s.send (node:electron/js2c/browser_init:2:103455)
    at b.send (node:electron/js2c/browser_init:2:87820)
    at Lx.send (file:///usr/share/cursor/resources/app/out/main.js:35:32772)
    at _b.sendBuffer (file:///usr/share/cursor/resources/app/out/main.js:33:12539)
    at _b.send (file:///usr/share/cursor/resources/app/out/main.js:33:12458)
    at _b.sendResponse (file:///usr/share/cursor/resources/app/out/main.js:33:12305)
    at Ou.value (file:///usr/share/cursor/resources/app/out/main.js:34:343)
    at P._deliver (file:///usr/share/cursor/resources/app/out/main.js:32:3595)
    at P.fire (file:///usr/share/cursor/resources/app/out/main.js:32:3915)
    at Ou.value (file:///usr/share/cursor/resources/app/out/main.js:30:6325)
    at P._deliver (file:///usr/share/cursor/resources/app/out/main.js:32:3595)
    at P.fire (file:///usr/share/cursor/resources/app/out/main.js:32:3915)
    at Ou.value (file:///usr/share/cursor/resources/app/out/main.js:30:6131)
    at P._deliver (file:///usr/share/cursor/resources/app/out/main.js:32:3595)
    at P._deliverQueue (file:///usr/share/cursor/resources/app/out/main.js:32:3686)
    at P.fire (file:///usr/share/cursor/resources/app/out/main.js:32:4022)
    at nB.deregisterLogger (file:///usr/share/cursor/resources/app/out/main.js:37:20977)
    at nB.deregisterLogger (file:///usr/share/cursor/resources/app/out/main.js:76:37999)
    at nB.deregisterLoggers (file:///usr/share/cursor/resources/app/out/main.js:76:38762)
    at zh.dispose (file:///usr/share/cursor/resources/app/out/main.js:146:514)
    at Ou.value (file:///usr/share/cursor/resources/app/out/main.js:142:44247)
    at P._deliver (file:///usr/share/cursor/resources/app/out/main.js:32:3595)
    at P.fire (file:///usr/share/cursor/resources/app/out/main.js:32:3915)
    at BrowserWindow.ae (file:///usr/share/cursor/resources/app/out/main.js:30:8698)
    at BrowserWindow.emit (node:events:521:24)
    at zh.destroyWindow (file:///usr/share/cursor/resources/app/out/main.js:142:59455)
    at zh.onWindowError (file:///usr/share/cursor/resources/app/out/main.js:142:58756)
Error sending from webFrameMain:  Error: Render frame was disposed before WebFrameMain could be accessed
    at s.send (node:electron/js2c/browser_init:2:103455)
    at b.send (node:electron/js2c/browser_init:2:87820)
    at Lx.send (file:///usr/share/cursor/resources/app/out/main.js:35:32772)
    at _b.sendBuffer (file:///usr/share/cursor/resources/app/out/main.js:33:12539)
    at _b.send (file:///usr/share/cursor/resources/app/out/main.js:33:12458)
    at _b.sendResponse (file:///usr/share/cursor/resources/app/out/main.js:33:12305)
    at Ou.value (file:///usr/share/cursor/resources/app/out/main.js:34:343)
    at P._deliver (file:///usr/share/cursor/resources/app/out/main.js:32:3595)
    at P.fire (file:///usr/share/cursor/resources/app/out/main.js:32:3915)
    at Ou.value (file:///usr/share/cursor/resources/app/out/main.js:30:6325)
    at P._deliver (file:///usr/share/cursor/resources/app/out/main.js:32:3595)
    at P.fire (file:///usr/share/cursor/resources/app/out/main.js:32:3915)
    at Ou.value (file:///usr/share/cursor/resources/app/out/main.js:30:6131)
    at P._deliver (file:///usr/share/cursor/resources/app/out/main.js:32:3595)
    at P._deliverQueue (file:///usr/share/cursor/resources/app/out/main.js:32:3686)
    at P.fire (file:///usr/share/cursor/resources/app/out/main.js:32:4022)
    at nB.deregisterLogger (file:///usr/share/cursor/resources/app/out/main.js:37:20977)
    at nB.deregisterLogger (file:///usr/share/cursor/resources/app/out/main.js:76:37999)
    at nB.deregisterLoggers (file:///usr/share/cursor/resources/app/out/main.js:76:38762)
    at zh.dispose (file:///usr/share/cursor/resources/app/out/main.js:146:514)
    at Ou.value (file:///usr/share/cursor/resources/app/out/main.js:142:44247)
    at P._deliver (file:///usr/share/cursor/resources/app/out/main.js:32:3595)
    at P.fire (file:///usr/share/cursor/resources/app/out/main.js:32:3915)
    at BrowserWindow.ae (file:///usr/share/cursor/resources/app/out/main.js:30:8698)
    at BrowserWindow.emit (node:events:521:24)
    at zh.destroyWindow (file:///usr/share/cursor/resources/app/out/main.js:142:59455)
    at zh.onWindowError (file:///usr/share/cursor/resources/app/out/main.js:142:58756)
Error sending from webFrameMain:  Error: Render frame was disposed before WebFrameMain could be accessed
    at s.send (node:electron/js2c/browser_init:2:103455)
    at b.send (node:electron/js2c/browser_init:2:87820)
    at Lx.send (file:///usr/share/cursor/resources/app/out/main.js:35:32772)
    at _b.sendBuffer (file:///usr/share/cursor/resources/app/out/main.js:33:12539)
    at _b.send (file:///usr/share/cursor/resources/app/out/main.js:33:12458)
    at _b.sendResponse (file:///usr/share/cursor/resources/app/out/main.js:33:12305)
    at Ou.value (file:///usr/share/cursor/resources/app/out/main.js:34:343)
    at P._deliver (file:///usr/share/cursor/resources/app/out/main.js:32:3595)
    at P.fire (file:///usr/share/cursor/resources/app/out/main.js:32:3915)
    at Ou.value (file:///usr/share/cursor/resources/app/out/main.js:30:6325)
    at P._deliver (file:///usr/share/cursor/resources/app/out/main.js:32:3595)
    at P.fire (file:///usr/share/cursor/resources/app/out/main.js:32:3915)
    at Ou.value (file:///usr/share/cursor/resources/app/out/main.js:30:6131)
    at P._deliver (file:///usr/share/cursor/resources/app/out/main.js:32:3595)
    at P._deliverQueue (file:///usr/share/cursor/resources/app/out/main.js:32:3686)
    at P.fire (file:///usr/share/cursor/resources/app/out/main.js:32:4022)
    at nB.deregisterLogger (file:///usr/share/cursor/resources/app/out/main.js:37:20977)
    at nB.deregisterLogger (file:///usr/share/cursor/resources/app/out/main.js:76:37999)
    at nB.deregisterLoggers (file:///usr/share/cursor/resources/app/out/main.js:76:38762)
    at zh.dispose (file:///usr/share/cursor/resources/app/out/main.js:146:514)
    at Ou.value (file:///usr/share/cursor/resources/app/out/main.js:142:44247)
    at P._deliver (file:///usr/share/cursor/resources/app/out/main.js:32:3595)
    at P.fire (file:///usr/share/cursor/resources/app/out/main.js:32:3915)
    at BrowserWindow.ae (file:///usr/share/cursor/resources/app/out/main.js:30:8698)
    at BrowserWindow.emit (node:events:521:24)
    at zh.destroyWindow (file:///usr/share/cursor/resources/app/out/main.js:142:59455)
    at zh.onWindowError (file:///usr/share/cursor/resources/app/out/main.js:142:58756)
Error sending from webFrameMain:  Error: Render frame was disposed before WebFrameMain could be accessed
    at s.send (node:electron/js2c/browser_init:2:103455)
    at b.send (node:electron/js2c/browser_init:2:87820)
    at Lx.send (file:///usr/share/cursor/resources/app/out/main.js:35:32772)
    at _b.sendBuffer (file:///usr/share/cursor/resources/app/out/main.js:33:12539)
    at _b.send (file:///usr/share/cursor/resources/app/out/main.js:33:12458)
    at _b.sendResponse (file:///usr/share/cursor/resources/app/out/main.js:33:12305)
    at Ou.value (file:///usr/share/cursor/resources/app/out/main.js:34:343)
    at P._deliver (file:///usr/share/cursor/resources/app/out/main.js:32:3595)
    at P.fire (file:///usr/share/cursor/resources/app/out/main.js:32:3915)
    at Ou.value (file:///usr/share/cursor/resources/app/out/main.js:30:6325)
    at P._deliver (file:///usr/share/cursor/resources/app/out/main.js:32:3595)
    at P.fire (file:///usr/share/cursor/resources/app/out/main.js:32:3915)
    at Ou.value (file:///usr/share/cursor/resources/app/out/main.js:30:6131)
    at P._deliver (file:///usr/share/cursor/resources/app/out/main.js:32:3595)
    at P._deliverQueue (file:///usr/share/cursor/resources/app/out/main.js:32:3686)
    at P.fire (file:///usr/share/cursor/resources/app/out/main.js:32:4022)
    at nB.deregisterLogger (file:///usr/share/cursor/resources/app/out/main.js:37:20977)
    at nB.deregisterLogger (file:///usr/share/cursor/resources/app/out/main.js:76:37999)
    at nB.deregisterLoggers (file:///usr/share/cursor/resources/app/out/main.js:76:38762)
    at zh.dispose (file:///usr/share/cursor/resources/app/out/main.js:146:514)
    at Ou.value (file:///usr/share/cursor/resources/app/out/main.js:142:44247)
    at P._deliver (file:///usr/share/cursor/resources/app/out/main.js:32:3595)
    at P.fire (file:///usr/share/cursor/resources/app/out/main.js:32:3915)
    at BrowserWindow.ae (file:///usr/share/cursor/resources/app/out/main.js:30:8698)
    at BrowserWindow.emit (node:events:521:24)
    at zh.destroyWindow (file:///usr/share/cursor/resources/app/out/main.js:142:59455)
    at zh.onWindowError (file:///usr/share/cursor/resources/app/out/main.js:142:58756)
