[4215:0924/132303.747714:ERROR:dbus/bus.cc:406] Failed to connect to the bus: Failed to connect to socket /run/dbus/system_bus_socket: No such file or directory
Error: Unable to retrieve mac address (unexpected format)
    at uJe (file:///usr/share/cursor/resources/app/out/main.js:385:1979)
    at mJe (file:///usr/share/cursor/resources/app/out/main.js:385:2071)
    at file:///usr/share/cursor/resources/app/out/main.js:385:7270
    at ModuleJob.run (node:internal/modules/esm/module_job:437:25)
    at process.processTicksAndRejections (node:internal/process/task_queues:104:5)
    at async onImport.tracePromise.__proto__ (node:internal/modules/esm/loader:639:26)
    at async node:electron/js2c/browser_init:2:144690
    at async asyncRunEntryPointWithESMLoader (node:internal/modules/run_main:116:5)
(node:4215) [DEP0040] DeprecationWarning: The `punycode` module is deprecated. Please use a userland alternative instead.
(Use `cursor --trace-deprecation ...` to show where the warning was created)
[4215:0924/132307.060427:ERROR:dbus/bus.cc:406] Failed to connect to the bus: Failed to connect to socket /run/dbus/system_bus_socket: No such file or directory
[4215:0924/132307.061357:ERROR:dbus/bus.cc:406] Failed to connect to the bus: Failed to connect to socket /run/dbus/system_bus_socket: No such file or directory
[4215:0924/132307.061901:ERROR:dbus/bus.cc:406] Failed to connect to the bus: Failed to connect to socket /run/dbus/system_bus_socket: No such file or directory
[4215:0924/132307.062300:ERROR:dbus/bus.cc:406] Failed to connect to the bus: Failed to connect to socket /run/dbus/system_bus_socket: No such file or directory
[4215:0924/132307.062585:ERROR:dbus/bus.cc:406] Failed to connect to the bus: Failed to connect to socket /run/dbus/system_bus_socket: No such file or directory
[4215:0924/132307.105334:ERROR:device/udev_linux/udev_watcher.cc:51] Failed to initialize a udev monitor.

DevTools listening on ws://127.0.0.1:9232/devtools/browser/44af2627-fa79-4475-87dd-b444f163ce34
[4215:0924/132307.189827:WARNING:device/bluetooth/dbus/bluez_dbus_manager.cc:209] Floss manager service not available, cannot set Floss enable/disable.
[4215:0924/132307.190642:WARNING:electron/shell/browser/lib/power_observer_linux.cc:181] Failed to connect to PrepareForShutdown
[4215:0924/132307.192106:WARNING:electron/shell/browser/lib/power_observer_linux.cc:181] Failed to connect to PrepareForSleep
[4215:0924/132307.192985:WARNING:electron/shell/browser/lib/power_observer_linux.cc:70] org.freedesktop.login1 not available
[4508:0924/132307.305551:WARNING:sandbox/policy/linux/sandbox_linux.cc:404] InitializeSandbox() called with multiple threads in process gpu-process.
Warning: 'remote-debugging-port' is not in the list of known options, but still passed to Electron/Chromium.
Warning: 'enable-logging' is not in the list of known options, but still passed to Electron/Chromium.
Warning: 'ignore-gpu-blocklist' is not in the list of known options, but still passed to Electron/Chromium.
Warning: 'use-gl' is not in the list of known options, but still passed to Electron/Chromium.
Warning: 'use-angle' is not in the list of known options, but still passed to Electron/Chromium.
Warning: 'enable-features' is not in the list of known options, but still passed to Electron/Chromium.
[4215:0924/132307.399209:WARNING:components/dbus/xdg/portal.cc:122] Failed to register with org.freedesktop.host.portal.Registry
[4215:0924/132337.814101:ERROR:dbus/bus.cc:406] Failed to connect to the bus: Failed to connect to socket /run/dbus/system_bus_socket: No such file or directory
[91m[main 2026-09-24T05:23:37.836Z][0m [uncaught exception in main]: Error: EFAULT: bad address in system call argument, write Error: EFAULT: bad address in system call argument, write
    at writeSync (node:fs:917:3)
    at SyncWriteStream._write (node:internal/fs/sync_write_stream:27:5)
    at writeOrBuffer (node:internal/streams/writable:570:12)
    at _write (node:internal/streams/writable:499:10)
    at Writable.write (node:internal/streams/writable:508:10)
    at execSync (node:child_process:1009:20)
    at K6 (file:///usr/share/cursor/resources/app/out/main.js:66:391)
    at $w._getTrueMachineId (file:///usr/share/cursor/resources/app/out/main.js:201:32229)
    at new $w (file:///usr/share/cursor/resources/app/out/main.js:201:31887)
    at GO._createInstance (file:///usr/share/cursor/resources/app/out/main.js:367:1498)
    at GO._createServiceInstance (file:///usr/share/cursor/resources/app/out/main.js:367:5220)
    at GO._createServiceInstanceWithOwner (file:///usr/share/cursor/resources/app/out/main.js:367:3719)
    at GO._createAndCacheServiceInstance (file:///usr/share/cursor/resources/app/out/main.js:367:3366)
    at GO._safeCreateAndCacheServiceInstance (file:///usr/share/cursor/resources/app/out/main.js:367:2413)
    at GO._getOrCreateServiceInstance (file:///usr/share/cursor/resources/app/out/main.js:367:2134)
    at Object.get (file:///usr/share/cursor/resources/app/out/main.js:367:552)
    at ou.initChannels (file:///usr/share/cursor/resources/app/out/main.js:331:19896)
    at file:///usr/share/cursor/resources/app/out/main.js:331:7827
    at GO.invokeFunction (file:///usr/share/cursor/resources/app/out/main.js:367:437)
    at ou.startup (file:///usr/share/cursor/resources/app/out/main.js:331:7804)
    at async sCe.startup (file:///usr/share/cursor/resources/app/out/main.js:371:43868) {
  errno: -14,
  syscall: 'write',
  code: 'EFAULT'
}
[4215:0924/132337.841436:ERROR:dbus/object_proxy.cc:573] Failed to call method: org.freedesktop.login1.Manager.Inhibit: object_path= /org/freedesktop/login1: unknown error type: 
[90m[main 2026-09-24T05:23:38.081Z][0m update#ctor - updates are managed by the deb package manager
[90m[main 2026-09-24T05:23:38.082Z][0m update#setState disabled
[90m[main 2026-09-24T05:23:38.082Z][0m update#ctor - updates are disabled by the platform installation method
[4215:0924/132339.786266:INFO:CONSOLE:797] "This document requires 'TrustedScript' assignment. The action has been blocked.", source: vscode-file://vscode-app/usr/share/cursor/resources/app/out/vs/workbench/workbench.glass.main.js (797)
[4215:0924/132339.786401:INFO:CONSOLE:797] "The JavaScript Function constructor does not accept TrustedString arguments. See https://github.com/w3c/webappsec-trusted-types/wiki/Trusted-Types-for-function-constructor for more information.", source: vscode-file://vscode-app/usr/share/cursor/resources/app/out/vs/workbench/workbench.glass.main.js (797)
[4215:0924/132339.980301:INFO:CONSOLE:78] "This document requires 'TrustedScript' assignment. The action has been blocked.", source: vscode-file://vscode-app/usr/share/cursor/resources/app/out/vs/workbench/workbench.glass.main.js (78)
[4215:0924/132339.980381:INFO:CONSOLE:78] "The JavaScript Function constructor does not accept TrustedString arguments. See https://github.com/w3c/webappsec-trusted-types/wiki/Trusted-Types-for-function-constructor for more information.", source: vscode-file://vscode-app/usr/share/cursor/resources/app/out/vs/workbench/workbench.glass.main.js (78)
[4215:0924/132340.846058:INFO:CONSOLE:62] "%c WARN color: #993 Missing property "alwaysKeepComposerInBound" in oldValue. Filling with value from initValue. Please add a migration if necessary.", source: vscode-file://vscode-app/usr/share/cursor/resources/app/out/vs/workbench/workbench.glass.main.js (62)
[4215:0924/132340.846118:INFO:CONSOLE:62] "%c WARN color: #993 Missing property "defaultCapabilities" in oldValue. Filling with value from initValue. Please add a migration if necessary.", source: vscode-file://vscode-app/usr/share/cursor/resources/app/out/vs/workbench/workbench.glass.main.js (62)
[4215:0924/132340.849556:INFO:CONSOLE:62] "%c WARN color: #993 Missing property "autoApplyFilesOutsideContext" in oldValue. Filling with value from initValue. Please add a migration if necessary.", source: vscode-file://vscode-app/usr/share/cursor/resources/app/out/vs/workbench/workbench.glass.main.js (62)
[4215:0924/132340.849592:INFO:CONSOLE:62] "%c WARN color: #993 Missing property "yoloCommandAllowlist" in oldValue. Filling with value from initValue. Please add a migration if necessary.", source: vscode-file://vscode-app/usr/share/cursor/resources/app/out/vs/workbench/workbench.glass.main.js (62)
[4215:0924/132340.850100:INFO:CONSOLE:62] "%c WARN color: #993 Missing property "yoloCommandDenylist" in oldValue. Filling with value from initValue. Please add a migration if necessary.", source: vscode-file://vscode-app/usr/share/cursor/resources/app/out/vs/workbench/workbench.glass.main.js (62)
[4215:0924/132340.850140:INFO:CONSOLE:62] "%c WARN color: #993 Missing property "smartAllowlistDenylist" in oldValue. Filling with value from initValue. Please add a migration if necessary.", source: vscode-file://vscode-app/usr/share/cursor/resources/app/out/vs/workbench/workbench.glass.main.js (62)
[4215:0924/132340.851298:INFO:CONSOLE:62] "%c WARN color: #993 Missing property "yoloMcpToolsDisabled" in oldValue. Filling with value from initValue. Please add a migration if necessary.", source: vscode-file://vscode-app/usr/share/cursor/resources/app/out/vs/workbench/workbench.glass.main.js (62)
[4215:0924/132340.851324:INFO:CONSOLE:62] "%c WARN color: #993 Missing property "doNotShowYoloModeWarningAgain" in oldValue. Filling with value from initValue. Please add a migration if necessary.", source: vscode-file://vscode-app/usr/share/cursor/resources/app/out/vs/workbench/workbench.glass.main.js (62)
[4215:0924/132340.851816:INFO:CONSOLE:62] "%c WARN color: #993 Missing property "doNotShowFullYoloModeWarningAgain" in oldValue. Filling with value from initValue. Please add a migration if necessary.", source: vscode-file://vscode-app/usr/share/cursor/resources/app/out/vs/workbench/workbench.glass.main.js (62)
[4215:0924/132340.851846:INFO:CONSOLE:62] "%c WARN color: #993 Missing property "selectedFakeStreamerId" in oldValue. Filling with value from initValue. Please add a migration if necessary.", source: vscode-file://vscode-app/usr/share/cursor/resources/app/out/vs/workbench/workbench.glass.main.js (62)
[4215:0924/132340.852576:INFO:CONSOLE:62] "%c WARN color: #993 Missing property "yoloDeleteFileDisabled" in oldValue. Filling with value from initValue. Please add a migration if necessary.", source: vscode-file://vscode-app/usr/share/cursor/resources/app/out/vs/workbench/workbench.glass.main.js (62)
[4215:0924/132340.852599:INFO:CONSOLE:62] "%c WARN color: #993 Missing property "yoloOutsideWorkspaceDisabled" in oldValue. Filling with value from initValue. Please add a migration if necessary.", source: vscode-file://vscode-app/usr/share/cursor/resources/app/out/vs/workbench/workbench.glass.main.js (62)
[4215:0924/132340.853172:INFO:CONSOLE:62] "%c WARN color: #993 Missing property "yoloEnableRunEverything" in oldValue. Filling with value from initValue. Please add a migration if necessary.", source: vscode-file://vscode-app/usr/share/cursor/resources/app/out/vs/workbench/workbench.glass.main.js (62)
[4215:0924/132340.853217:INFO:CONSOLE:62] "%c WARN color: #993 Missing property "enableSmartAuto" in oldValue. Filling with value from initValue. Please add a migration if necessary.", source: vscode-file://vscode-app/usr/share/cursor/resources/app/out/vs/workbench/workbench.glass.main.js (62)
[4215:0924/132340.853470:INFO:CONSOLE:62] "%c WARN color: #993 Missing property "isWebSearchToolEnabled" in oldValue. Filling with value from initValue. Please add a migration if necessary.", source: vscode-file://vscode-app/usr/share/cursor/resources/app/out/vs/workbench/workbench.glass.main.js (62)
[4215:0924/132340.853523:INFO:CONSOLE:62] "%c WARN color: #993 Missing property "isWebSearchToolEnabled2" in oldValue. Filling with value from initValue. Please add a migration if necessary.", source: vscode-file://vscode-app/usr/share/cursor/resources/app/out/vs/workbench/workbench.glass.main.js (62)
[4215:0924/132340.853700:INFO:CONSOLE:62] "%c WARN color: #993 Missing property "isWebSearchToolEnabled3" in oldValue. Filling with value from initValue. Please add a migration if necessary.", source: vscode-file://vscode-app/usr/share/cursor/resources/app/out/vs/workbench/workbench.glass.main.js (62)
[4215:0924/132340.853738:INFO:CONSOLE:62] "%c WARN color: #993 Missing property "autoAcceptWebSearchTool" in oldValue. Filling with value from initValue. Please add a migration if necessary.", source: vscode-file://vscode-app/usr/share/cursor/resources/app/out/vs/workbench/workbench.glass.main.js (62)
[4215:0924/132340.853921:INFO:CONSOLE:62] "%c WARN color: #993 Missing property "isWebFetchToolEnabled" in oldValue. Filling with value from initValue. Please add a migration if necessary.", source: vscode-file://vscode-app/usr/share/cursor/resources/app/out/vs/workbench/workbench.glass.main.js (62)
[4215:0924/132340.853952:INFO:CONSOLE:62] "%c WARN color: #993 Missing property "webFetchDomainAllowlist" in oldValue. Filling with value from initValue. Please add a migration if necessary.", source: vscode-file://vscode-app/usr/share/cursor/resources/app/out/vs/workbench/workbench.glass.main.js (62)
[4215:0924/132340.854179:INFO:CONSOLE:62] "%c WARN color: #993 Missing property "autoApproveModeTransitions" in oldValue. Filling with value from initValue. Please add a migration if necessary.", source: vscode-file://vscode-app/usr/share/cursor/resources/app/out/vs/workbench/workbench.glass.main.js (62)
[4215:0924/132340.854209:INFO:CONSOLE:62] "%c WARN color: #993 Missing property "mcpAuthBlocking" in oldValue. Filling with value from initValue. Please add a migration if necessary.", source: vscode-file://vscode-app/usr/share/cursor/resources/app/out/vs/workbench/workbench.glass.main.js (62)
[4215:0924/132340.854394:INFO:CONSOLE:62] "%c WARN color: #993 Missing property "autoApprovedModeTransitions" in oldValue. Filling with value from initValue. Please add a migration if necessary.", source: vscode-file://vscode-app/usr/share/cursor/resources/app/out/vs/workbench/workbench.glass.main.js (62)
[4215:0924/132340.854429:INFO:CONSOLE:62] "%c WARN color: #993 Missing property "autoRejectedModeTransitions" in oldValue. Filling with value from initValue. Please add a migration if necessary.", source: vscode-file://vscode-app/usr/share/cursor/resources/app/out/vs/workbench/workbench.glass.main.js (62)
[4215:0924/132340.854608:INFO:CONSOLE:62] "%c WARN color: #993 Missing property "backgroundComposerEnv" in oldValue. Filling with value from initValue. Please add a migration if necessary.", source: vscode-file://vscode-app/usr/share/cursor/resources/app/out/vs/workbench/workbench.glass.main.js (62)
[4215:0924/132340.854637:INFO:CONSOLE:62] "%c WARN color: #993 Missing property "useLegacyTerminalTool" in oldValue. Filling with value from initValue. Please add a migration if necessary.", source: vscode-file://vscode-app/usr/share/cursor/resources/app/out/vs/workbench/workbench.glass.main.js (62)
[4215:0924/132340.854830:INFO:CONSOLE:62] "%c WARN color: #993 Missing property "modes4" in oldValue. Filling with value from initValue. Please add a migration if necessary.", source: vscode-file://vscode-app/usr/share/cursor/resources/app/out/vs/workbench/workbench.glass.main.js (62)
[4215:0924/132340.854860:INFO:CONSOLE:62] "%c WARN color: #993 Missing property "codeBlockDisplayPreference" in oldValue. Filling with value from initValue. Please add a migration if necessary.", source: vscode-file://vscode-app/usr/share/cursor/resources/app/out/vs/workbench/workbench.glass.main.js (62)
[4215:0924/132340.855095:INFO:CONSOLE:62] "%c WARN color: #993 Missing property "thinkingLevel" in oldValue. Filling with value from initValue. Please add a migration if necessary.", source: vscode-file://vscode-app/usr/share/cursor/resources/app/out/vs/workbench/workbench.glass.main.js (62)
[4215:0924/132340.855145:INFO:CONSOLE:62] "%c WARN color: #993 Missing property "composerMigrationVersion" in oldValue. Filling with value from initValue. Please add a migration if necessary.", source: vscode-file://vscode-app/usr/share/cursor/resources/app/out/vs/workbench/workbench.glass.main.js (62)
[4215:0924/132340.855443:INFO:CONSOLE:62] "%c WARN color: #993 Missing property "mcpServers" in oldValue. Filling with value from initValue. Please add a migration if necessary.", source: vscode-file://vscode-app/usr/share/cursor/resources/app/out/vs/workbench/workbench.glass.main.js (62)
[4215:0924/132340.855488:INFO:CONSOLE:62] "%c WARN color: #993 Missing property "mcpDisabledTools" in oldValue. Filling with value from initValue. Please add a migration if necessary.", source: vscode-file://vscode-app/usr/share/cursor/resources/app/out/vs/workbench/workbench.glass.main.js (62)
[4215:0924/132340.855697:INFO:CONSOLE:62] "%c WARN color: #993 Missing property "availableDefaultModels2" in oldValue. Filling with value from initValue. Please add a migration if necessary.", source: vscode-file://vscode-app/usr/share/cursor/resources/app/out/vs/workbench/workbench.glass.main.js (62)
[4215:0924/132340.855728:INFO:CONSOLE:62] "%c WARN color: #993 Missing property "featureModelConfigs" in oldValue. Filling with value from initValue. Please add a migration if necessary.", source: vscode-file://vscode-app/usr/share/cursor/resources/app/out/vs/workbench/workbench.glass.main.js (62)
[4215:0924/132340.855911:INFO:CONSOLE:62] "%c WARN color: #993 Missing property "backgroundComposerState" in oldValue. Filling with value from initValue. Please add a migration if necessary.", source: vscode-file://vscode-app/usr/share/cursor/resources/app/out/vs/workbench/workbench.glass.main.js (62)
[4215:0924/132340.855943:INFO:CONSOLE:62] "%c WARN color: #993 Missing property "dialogDontAskAgainPreferences" in oldValue. Filling with value from initValue. Please add a migration if necessary.", source: vscode-file://vscode-app/usr/share/cursor/resources/app/out/vs/workbench/workbench.glass.main.js (62)
[4215:0924/132340.856124:INFO:CONSOLE:62] "%c WARN color: #993 Missing property "cursorIgnore" in oldValue. Filling with value from initValue. Please add a migration if necessary.", source: vscode-file://vscode-app/usr/share/cursor/resources/app/out/vs/workbench/workbench.glass.main.js (62)
[4215:0924/132340.856152:INFO:CONSOLE:62] "%c WARN color: #993 Missing property "teamAdminSettings" in oldValue. Filling with value from initValue. Please add a migration if necessary.", source: vscode-file://vscode-app/usr/share/cursor/resources/app/out/vs/workbench/workbench.glass.main.js (62)
[4215:0924/132340.856339:INFO:CONSOLE:62] "%c WARN color: #993 Missing property "shouldShowViewZoneWhenPreviewBoxIsClipped6" in oldValue. Filling with value from initValue. Please add a migration if necessary.", source: vscode-file://vscode-app/usr/share/cursor/resources/app/out/vs/workbench/workbench.glass.main.js (62)
[4215:0924/132340.856367:INFO:CONSOLE:62] "%c WARN color: #993 Missing property "cppModelsState" in oldValue. Filling with value from initValue. Please add a migration if necessary.", source: vscode-file://vscode-app/usr/share/cursor/resources/app/out/vs/workbench/workbench.glass.main.js (62)
[4215:0924/132340.856547:INFO:CONSOLE:62] "%c WARN color: #993 Missing property "aiSettings" in oldValue. Filling with value from initValue. Please add a migration if necessary.", source: vscode-file://vscode-app/usr/share/cursor/resources/app/out/vs/workbench/workbench.glass.main.js (62)
[4215:0924/132340.856579:INFO:CONSOLE:62] "%c WARN color: #993 Missing property "authenticationSettings" in oldValue. Filling with value from initValue. Please add a migration if necessary.", source: vscode-file://vscode-app/usr/share/cursor/resources/app/out/vs/workbench/workbench.glass.main.js (62)
[4215:0924/132340.856762:INFO:CONSOLE:62] "%c WARN color: #993 Missing property "websiteUrl" in oldValue. Filling with value from initValue. Please add a migration if necessary.", source: vscode-file://vscode-app/usr/share/cursor/resources/app/out/vs/workbench/workbench.glass.main.js (62)
[4215:0924/132340.856790:INFO:CONSOLE:62] "%c WARN color: #993 Missing property "backendUrl" in oldValue. Filling with value from initValue. Please add a migration if necessary.", source: vscode-file://vscode-app/usr/share/cursor/resources/app/out/vs/workbench/workbench.glass.main.js (62)
[4215:0924/132340.856986:INFO:CONSOLE:62] "%c WARN color: #993 Missing property "authClientId" in oldValue. Filling with value from initValue. Please add a migration if necessary.", source: vscode-file://vscode-app/usr/share/cursor/resources/app/out/vs/workbench/workbench.glass.main.js (62)
[4215:0924/132340.857028:INFO:CONSOLE:62] "%c WARN color: #993 Missing property "authDomain" in oldValue. Filling with value from initValue. Please add a migration if necessary.", source: vscode-file://vscode-app/usr/share/cursor/resources/app/out/vs/workbench/workbench.glass.main.js (62)
[4215:0924/132340.857214:INFO:CONSOLE:62] "%c WARN color: #993 Missing property "repoBackendUrl" in oldValue. Filling with value from initValue. Please add a migration if necessary.", source: vscode-file://vscode-app/usr/share/cursor/resources/app/out/vs/workbench/workbench.glass.main.js (62)
[4215:0924/132340.857246:INFO:CONSOLE:62] "%c WARN color: #993 Missing property "telemBackendUrl" in oldValue. Filling with value from initValue. Please add a migration if necessary.", source: vscode-file://vscode-app/usr/share/cursor/resources/app/out/vs/workbench/workbench.glass.main.js (62)
[4215:0924/132340.857430:INFO:CONSOLE:62] "%c WARN color: #993 Missing property "cmdkBackendUrl" in oldValue. Filling with value from initValue. Please add a migration if necessary.", source: vscode-file://vscode-app/usr/share/cursor/resources/app/out/vs/workbench/workbench.glass.main.js (62)
[4215:0924/132340.857459:INFO:CONSOLE:62] "%c WARN color: #993 Missing property "geoCppBackendUrl" in oldValue. Filling with value from initValue. Please add a migration if necessary.", source: vscode-file://vscode-app/usr/share/cursor/resources/app/out/vs/workbench/workbench.glass.main.js (62)
[4215:0924/132340.857659:INFO:CONSOLE:62] "%c WARN color: #993 Missing property "cppConfigBackendUrl" in oldValue. Filling with value from initValue. Please add a migration if necessary.", source: vscode-file://vscode-app/usr/share/cursor/resources/app/out/vs/workbench/workbench.glass.main.js (62)
[4215:0924/132340.857688:INFO:CONSOLE:62] "%c WARN color: #993 Missing property "originBackendUrl" in oldValue. Filling with value from initValue. Please add a migration if necessary.", source: vscode-file://vscode-app/usr/share/cursor/resources/app/out/vs/workbench/workbench.glass.main.js (62)
[4215:0924/132340.857852:INFO:CONSOLE:62] "%c WARN color: #993 Missing property "bcProxyUrl" in oldValue. Filling with value from initValue. Please add a migration if necessary.", source: vscode-file://vscode-app/usr/share/cursor/resources/app/out/vs/workbench/workbench.glass.main.js (62)
[4215:0924/132340.857881:INFO:CONSOLE:62] "%c WARN color: #993 Missing property "agentBackendUrlPrivacy" in oldValue. Filling with value from initValue. Please add a migration if necessary.", source: vscode-file://vscode-app/usr/share/cursor/resources/app/out/vs/workbench/workbench.glass.main.js (62)
[4215:0924/132340.858064:INFO:CONSOLE:62] "%c WARN color: #993 Missing property "agentBackendUrlNonPrivacy" in oldValue. Filling with value from initValue. Please add a migration if necessary.", source: vscode-file://vscode-app/usr/share/cursor/resources/app/out/vs/workbench/workbench.glass.main.js (62)
[4215:0924/132340.858117:INFO:CONSOLE:62] "%c WARN color: #993 Missing property "credentialsDisplayName" in oldValue. Filling with value from initValue. Please add a migration if necessary.", source: vscode-file://vscode-app/usr/share/cursor/resources/app/out/vs/workbench/workbench.glass.main.js (62)
[4215:0924/132340.858364:INFO:CONSOLE:62] "%c WARN color: #993 Missing property "cmdLineHookState" in oldValue. Filling with value from initValue. Please add a migration if necessary.", source: vscode-file://vscode-app/usr/share/cursor/resources/app/out/vs/workbench/workbench.glass.main.js (62)
[4215:0924/132340.858393:INFO:CONSOLE:62] "%c WARN color: #993 Missing property "shouldOnlyImportOnAccept" in oldValue. Filling with value from initValue. Please add a migration if necessary.", source: vscode-file://vscode-app/usr/share/cursor/resources/app/out/vs/workbench/workbench.glass.main.js (62)
[4215:0924/132340.858556:INFO:CONSOLE:62] "%c WARN color: #993 Missing property "cppAutoImportDecorationStyle" in oldValue. Filling with value from initValue. Please add a migration if necessary.", source: vscode-file://vscode-app/usr/share/cursor/resources/app/out/vs/workbench/workbench.glass.main.js (62)
[4215:0924/132340.858595:INFO:CONSOLE:62] "%c WARN color: #993 Missing property "newUserData" in oldValue. Filling with value from initValue. Please add a migration if necessary.", source: vscode-file://vscode-app/usr/share/cursor/resources/app/out/vs/workbench/workbench.glass.main.js (62)
[4215:0924/132340.858783:INFO:CONSOLE:62] "%c WARN color: #993 Missing property "azureState" in oldValue. Filling with value from initValue. Please add a migration if necessary.", source: vscode-file://vscode-app/usr/share/cursor/resources/app/out/vs/workbench/workbench.glass.main.js (62)
[4215:0924/132340.858812:INFO:CONSOLE:62] "%c WARN color: #993 Missing property "personalDocs" in oldValue. Filling with value from initValue. Please add a migration if necessary.", source: vscode-file://vscode-app/usr/share/cursor/resources/app/out/vs/workbench/workbench.glass.main.js (62)
[4215:0924/132340.859011:INFO:CONSOLE:62] "%c WARN color: #993 Missing property "cppInCmdF" in oldValue. Filling with value from initValue. Please add a migration if necessary.", source: vscode-file://vscode-app/usr/share/cursor/resources/app/out/vs/workbench/workbench.glass.main.js (62)
[4215:0924/132340.859040:INFO:CONSOLE:62] "%c WARN color: #993 Missing property "cppTriggerInComments" in oldValue. Filling with value from initValue. Please add a migration if necessary.", source: vscode-file://vscode-app/usr/share/cursor/resources/app/out/vs/workbench/workbench.glass.main.js (62)
[4215:0924/132340.859216:INFO:CONSOLE:62] "%c WARN color: #993 Missing property "cppShowWhitespaceOnlyChanges" in oldValue. Filling with value from initValue. Please add a migration if necessary.", source: vscode-file://vscode-app/usr/share/cursor/resources/app/out/vs/workbench/workbench.glass.main.js (62)
[4215:0924/132340.859247:INFO:CONSOLE:62] "%c WARN color: #993 Missing property "cppConfig" in oldValue. Filling with value from initValue. Please add a migration if necessary.", source: vscode-file://vscode-app/usr/share/cursor/resources/app/out/vs/workbench/workbench.glass.main.js (62)
[4215:0924/132340.859405:INFO:CONSOLE:62] "%c WARN color: #993 Missing property "indexRepository" in oldValue. Filling with value from initValue. Please add a migration if necessary.", source: vscode-file://vscode-app/usr/share/cursor/resources/app/out/vs/workbench/workbench.glass.main.js (62)
[4215:0924/132340.859436:INFO:CONSOLE:62] "%c WARN color: #993 Missing property "haveNotImportedFromVSC" in oldValue. Filling with value from initValue. Please add a migration if necessary.", source: vscode-file://vscode-app/usr/share/cursor/resources/app/out/vs/workbench/workbench.glass.main.js (62)
[4215:0924/132340.859585:INFO:CONSOLE:62] "%c WARN color: #993 Missing property "shouldAutoParseCmdKLinks" in oldValue. Filling with value from initValue. Please add a migration if necessary.", source: vscode-file://vscode-app/usr/share/cursor/resources/app/out/vs/workbench/workbench.glass.main.js (62)
[4215:0924/132340.859614:INFO:CONSOLE:62] "%c WARN color: #993 Missing property "isFileSyncClientEnabled" in oldValue. Filling with value from initValue. Please add a migration if necessary.", source: vscode-file://vscode-app/usr/share/cursor/resources/app/out/vs/workbench/workbench.glass.main.js (62)
[4215:0924/132340.859989:INFO:CONSOLE:62] "%c WARN color: #993 Missing property "membershipType" in oldValue. Filling with value from initValue. Please add a migration if necessary.", source: vscode-file://vscode-app/usr/share/cursor/resources/app/out/vs/workbench/workbench.glass.main.js (62)
[4215:0924/132340.860032:INFO:CONSOLE:62] "%c WARN color: #993 Missing property "fastApplyModelType" in oldValue. Filling with value from initValue. Please add a migration if necessary.", source: vscode-file://vscode-app/usr/share/cursor/resources/app/out/vs/workbench/workbench.glass.main.js (62)
[4215:0924/132340.860228:INFO:CONSOLE:62] "%c WARN color: #993 Missing property "explicitlyEnableSemanticSearch" in oldValue. Filling with value from initValue. Please add a migration if necessary.", source: vscode-file://vscode-app/usr/share/cursor/resources/app/out/vs/workbench/workbench.glass.main.js (62)
[4215:0924/132340.860258:INFO:CONSOLE:62] "%c WARN color: #993 Missing property "backgroundComposerEnv" in oldValue. Filling with value from initValue. Please add a migration if necessary.", source: vscode-file://vscode-app/usr/share/cursor/resources/app/out/vs/workbench/workbench.glass.main.js (62)
[4215:0924/132340.860660:INFO:CONSOLE:62] "%c WARN color: #993 Missing property "preferredEmbeddingModel" in oldValue. Filling with value from initValue. Please add a migration if necessary.", source: vscode-file://vscode-app/usr/share/cursor/resources/app/out/vs/workbench/workbench.glass.main.js (62)
[4215:0924/132340.860687:INFO:CONSOLE:62] "%c WARN color: #993 Missing property "oneTimeSettings" in oldValue. Filling with value from initValue. Please add a migration if necessary.", source: vscode-file://vscode-app/usr/share/cursor/resources/app/out/vs/workbench/workbench.glass.main.js (62)
[4215:0924/132340.861284:INFO:CONSOLE:62] "%c WARN color: #993 Missing property "eligibleForSnippetLearning" in oldValue. Filling with value from initValue. Please add a migration if necessary.", source: vscode-file://vscode-app/usr/share/cursor/resources/app/out/vs/workbench/workbench.glass.main.js (62)
[4215:0924/132340.861316:INFO:CONSOLE:62] "%c WARN color: #993 Missing property "goneThroughCodeSnippetOnboarding" in oldValue. Filling with value from initValue. Please add a migration if necessary.", source: vscode-file://vscode-app/usr/share/cursor/resources/app/out/vs/workbench/workbench.glass.main.js (62)
[4215:0924/132340.861824:INFO:CONSOLE:62] "%c WARN color: #993 Missing property "goneThroughCodeSnippetChangeManagement" in oldValue. Filling with value from initValue. Please add a migration if necessary.", source: vscode-file://vscode-app/usr/share/cursor/resources/app/out/vs/workbench/workbench.glass.main.js (62)
[4215:0924/132340.861867:INFO:CONSOLE:62] "%c WARN color: #993 Missing property "hasResetModelOnce" in oldValue. Filling with value from initValue. Please add a migration if necessary.", source: vscode-file://vscode-app/usr/share/cursor/resources/app/out/vs/workbench/workbench.glass.main.js (62)
[4215:0924/132340.862368:INFO:CONSOLE:62] "%c WARN color: #993 Missing property "rpcFileLoggerEnabled" in oldValue. Filling with value from initValue. Please add a migration if necessary.", source: vscode-file://vscode-app/usr/share/cursor/resources/app/out/vs/workbench/workbench.glass.main.js (62)
[4215:0924/132340.962894:INFO:CONSOLE:21564] "[InstantiationService] Lazy service 'paneCompositePartService' is being constructed (pOk) Error: stack trace", source: vscode-file://vscode-app/usr/share/cursor/resources/app/out/vs/workbench/workbench.glass.main.js (21564)
[4215:0924/132341.162732:INFO:CONSOLE:21155] "[layout] AgentLayoutService constructor initialized missing SIDEBAR_LOCATION from primary config fallback undefined [object Object]", source: vscode-file://vscode-app/usr/share/cursor/resources/app/out/vs/workbench/workbench.glass.main.js (21155)
[90m[main 2026-09-24T05:23:41.235Z][0m [LocalAgentStorage] Scanned 1 recent databases (skipped 0 old), found 0 agent headers, deduped to 0
[7309:0924/132341.353847:WARNING:media/audio/linux/audio_manager_linux.cc:54] Falling back to ALSA for audio output. PulseAudio is not available or could not be initialized.
[4215:0924/132342.848567:INFO:CONSOLE:62] "%c WARN color: #993 Missing property "cppConfig" in oldValue. Filling with value from initValue. Please add a migration if necessary.", source: vscode-file://vscode-app/usr/share/cursor/resources/app/out/vs/workbench/workbench.glass.main.js (62)
[4215:0924/132346.530586:INFO:CONSOLE:62] "%c  ERR color: #f33 [Extension Host:unknown] (node:7296) [DEP0040] DeprecationWarning: The `punycode` module is deprecated. Please use a userland alternative instead.
(Use `exe --trace-deprecation ...` to show where the warning was created)", source: vscode-file://vscode-app/usr/share/cursor/resources/app/out/vs/workbench/workbench.glass.main.js (62)
[4215:0924/132346.532739:INFO:CONSOLE:20868] "%c[Extension Host:unknown] %c(node:7296) [DEP0040] DeprecationWarning: The `punycode` module is deprecated. Please use a userland alternative instead.
(Use `exe --trace-deprecation ...` to show where the warning was created) color: blue color: ", source: vscode-file://vscode-app/usr/share/cursor/resources/app/out/vs/workbench/workbench.glass.main.js (20868)
[4215:0924/132346.637014:INFO:CONSOLE:21155] "[github_auth] Provider registered [object Object]", source: vscode-file://vscode-app/usr/share/cursor/resources/app/out/vs/workbench/workbench.glass.main.js (21155)
[4215:0924/132346.637453:INFO:CONSOLE:21155] "[github_auth] Provider registered [object Object]", source: vscode-file://vscode-app/usr/share/cursor/resources/app/out/vs/workbench/workbench.glass.main.js (21155)
[4215:0924/132346.644494:INFO:CONSOLE:21396] "Failed to get git telemetry attributes: Error: Failed to execute git", source: vscode-file://vscode-app/usr/share/cursor/resources/app/out/vs/workbench/workbench.glass.main.js (21396)
[4215:0924/132346.862194:INFO:CONSOLE:20901] "[ExplorerProviderService] findRepositories waiting for handler registration [object Object]", source: vscode-file://vscode-app/usr/share/cursor/resources/app/out/vs/workbench/workbench.glass.main.js (20901)
[4215:0924/132347.331664:INFO:CONSOLE:7572] "[PluginsProviderService] getInstalledGitHubPlugins took 2481.3ms", source: vscode-file://vscode-app/usr/share/cursor/resources/app/out/vs/workbench/workbench.glass.main.js (7572)
[4215:0924/132347.368249:INFO:CONSOLE:7572] "[PluginsProviderService] getPluginMcpServers took 6422.2ms", source: vscode-file://vscode-app/usr/share/cursor/resources/app/out/vs/workbench/workbench.glass.main.js (7572)
[4215:0924/132347.368958:INFO:CONSOLE:7572] "[PluginsProviderService] getPluginHooks took 5948.0ms", source: vscode-file://vscode-app/usr/share/cursor/resources/app/out/vs/workbench/workbench.glass.main.js (7572)
[4215:0924/132347.368996:INFO:CONSOLE:7572] "[PluginsProviderService] getPluginLoadFailures took 2516.4ms", source: vscode-file://vscode-app/usr/share/cursor/resources/app/out/vs/workbench/workbench.glass.main.js (7572)
[4215:0924/132347.369216:INFO:CONSOLE:7572] "[PluginsProviderService] getPluginSetIncomplete took 2516.4ms", source: vscode-file://vscode-app/usr/share/cursor/resources/app/out/vs/workbench/workbench.glass.main.js (7572)
[4215:0924/132347.369236:INFO:CONSOLE:7572] "[PluginsProviderService] getLoadedPluginsSummary took 2516.6ms", source: vscode-file://vscode-app/usr/share/cursor/resources/app/out/vs/workbench/workbench.glass.main.js (7572)
[4215:0924/132348.039278:INFO:CONSOLE:7572] "[PluginsProviderService] getPluginComponentFiles took 3188.7ms", source: vscode-file://vscode-app/usr/share/cursor/resources/app/out/vs/workbench/workbench.glass.main.js (7572)
[4215:0924/132348.256125:INFO:CONSOLE:62] "%c  ERR color: #f33 [Extension Host:unknown] 05:23:48.249 ERROR [sandboxPreflight] Preflight failed: Command failed: /usr/share/cursor/resources/app/resources/helpers/cursorsandbox --policy /root/.cursor/sandbox-policies/sandbox-policy-13b3ec9f0569b2f0 --preflight-only -- /bin/true
Error: Failed to resolve Linux sandbox backend: Unsupported sandbox configuration: Linux auto backend selection failed. Landlock error: Unsupported sandbox configuration: Failed to apply Landlock: Step 5/7 (landlock) failed: Failed to apply Landlock: Landlock V3 filesystem restrictions not supported. Error: fully incompatible access-rights: BitFlags<AccessFs>(0b111111111110010, WriteFile | RemoveDir | RemoveFile | MakeChar | MakeDir | MakeReg | MakeSock | MakeFifo | MakeBlock | MakeSym | Refer | Truncate). Ensure Landlock LSM is enabled (CONFIG_SECURITY_LANDLOCK=y) on a kernel with V3 support.. Bubblewrap error: Unsupported sandbox configuration: Unsupported sandbox configuration: Bubblewrap preflight failed with exit code Some(1): bwrap: fchdir to oldroot: No such file or directory
", source: vscode-file://vscode-app/usr/share/cursor/resources/app/out/vs/workbench/workbench.glass.main.js (62)
[4215:0924/132348.256248:INFO:CONSOLE:20868] "%c[Extension Host:unknown] %c05:23:48.249 ERROR [sandboxPreflight] Preflight failed: Command failed: /usr/share/cursor/resources/app/resources/helpers/cursorsandbox --policy /root/.cursor/sandbox-policies/sandbox-policy-13b3ec9f0569b2f0 --preflight-only -- /bin/true
Error: Failed to resolve Linux sandbox backend: Unsupported sandbox configuration: Linux auto backend selection failed. Landlock error: Unsupported sandbox configuration: Failed to apply Landlock: Step 5/7 (landlock) failed: Failed to apply Landlock: Landlock V3 filesystem restrictions not supported. Error: fully incompatible access-rights: BitFlags<AccessFs>(0b111111111110010, WriteFile | RemoveDir | RemoveFile | MakeChar | MakeDir | MakeReg | MakeSock | MakeFifo | MakeBlock | MakeSym | Refer | Truncate). Ensure Landlock LSM is enabled (CONFIG_SECURITY_LANDLOCK=y) on a kernel with V3 support.. Bubblewrap error: Unsupported sandbox configuration: Unsupported sandbox configuration: Bubblewrap preflight failed with exit code Some(1): bwrap: fchdir to oldroot: No such file or directory
 color: blue color: ", source: vscode-file://vscode-app/usr/share/cursor/resources/app/out/vs/workbench/workbench.glass.main.js (20868)
[4215:0924/132348.259834:INFO:CONSOLE:62] "%c  ERR color: #f33 [Extension Host:unknown] 05:23:48.249 ERROR [sandboxPreflight] Exit status: 2", source: vscode-file://vscode-app/usr/share/cursor/resources/app/out/vs/workbench/workbench.glass.main.js (62)
[4215:0924/132348.259895:INFO:CONSOLE:20868] "%c[Extension Host:unknown] %c05:23:48.249 ERROR [sandboxPreflight] Exit status: 2 color: blue color: ", source: vscode-file://vscode-app/usr/share/cursor/resources/app/out/vs/workbench/workbench.glass.main.js (20868)
[4215:0924/132348.260914:INFO:CONSOLE:62] "%c  ERR color: #f33 [Extension Host:unknown] 05:23:48.254 ERROR [sandboxPreflight] Stderr: Error: Failed to resolve Linux sandbox backend: Unsupported sandbox configuration: Linux auto backend selection failed. Landlock error: Unsupported sandbox configuration: Failed to apply Landlock: Step 5/7 (landlock) failed: Failed to apply Landlock: Landlock V3 filesystem restrictions not supported. Error: fully incompatible access-rights: BitFlags<AccessFs>(0b111111111110010, WriteFile | RemoveDir | RemoveFile | MakeChar | MakeDir | MakeReg | MakeSock | MakeFifo | MakeBlock | MakeSym | Refer | Truncate). Ensure Landlock LSM is enabled (CONFIG_SECURITY_LANDLOCK=y) on a kernel with V3 support.. Bubblewrap error: Unsupported sandbox configuration: Unsupported sandbox configuration: Bubblewrap preflight failed with exit code Some(1): bwrap: fchdir to oldroot: No such file or directory
", source: vscode-file://vscode-app/usr/share/cursor/resources/app/out/vs/workbench/workbench.glass.main.js (62)
[4215:0924/132348.261684:INFO:CONSOLE:20868] "%c[Extension Host:unknown] %c05:23:48.254 ERROR [sandboxPreflight] Stderr: Error: Failed to resolve Linux sandbox backend: Unsupported sandbox configuration: Linux auto backend selection failed. Landlock error: Unsupported sandbox configuration: Failed to apply Landlock: Step 5/7 (landlock) failed: Failed to apply Landlock: Landlock V3 filesystem restrictions not supported. Error: fully incompatible access-rights: BitFlags<AccessFs>(0b111111111110010, WriteFile | RemoveDir | RemoveFile | MakeChar | MakeDir | MakeReg | MakeSock | MakeFifo | MakeBlock | MakeSym | Refer | Truncate). Ensure Landlock LSM is enabled (CONFIG_SECURITY_LANDLOCK=y) on a kernel with V3 support.. Bubblewrap error: Unsupported sandbox configuration: Unsupported sandbox configuration: Bubblewrap preflight failed with exit code Some(1): bwrap: fchdir to oldroot: No such file or directory
 color: blue color: ", source: vscode-file://vscode-app/usr/share/cursor/resources/app/out/vs/workbench/workbench.glass.main.js (20868)
[4215:0924/132348.741419:INFO:CONSOLE:20868] "%c[Extension Host:unknown] %c05:23:48.739 WARN  computeGlobalCache: slow ctx=LocalRequestContextExecutor.rebuildGlobalCache/LocalRequestContextExecutor.computeGlobalCache meta={totalMs: 1361, cloudRule: 4, subagents: 4, codebaseRef: 661, cursorRules: 1360, ruleCount: 39} color: blue color: ", source: vscode-file://vscode-app/usr/share/cursor/resources/app/out/vs/workbench/workbench.glass.main.js (20868)
[4215:0924/132357.151098:INFO:CONSOLE:21155] "[transport] Connect error in unary AI connect ConnectError: [unauthenticated] No authorization header found [object Object]", source: vscode-file://vscode-app/usr/share/cursor/resources/app/out/vs/workbench/workbench.glass.main.js (21155)
[4215:0924/132357.152582:INFO:CONSOLE:21155] "[transport] Connect error in unary AI connect ConnectError: [unauthenticated] Error [object Object]", source: vscode-file://vscode-app/usr/share/cursor/resources/app/out/vs/workbench/workbench.glass.main.js (21155)
[4215:0924/132357.235278:INFO:CONSOLE:21155] "[transport] Connect error in unary AI connect ConnectError: [unauthenticated] Error [object Object]", source: vscode-file://vscode-app/usr/share/cursor/resources/app/out/vs/workbench/workbench.glass.main.js (21155)
[4215:0924/132357.349630:INFO:CONSOLE:21155] "[transport] Connect error in unary AI connect ConnectError: [unauthenticated] Error [object Object]", source: vscode-file://vscode-app/usr/share/cursor/resources/app/out/vs/workbench/workbench.glass.main.js (21155)
[4215:0924/132357.350893:INFO:CONSOLE:7572] "[MCPWellKnownDetection] Failed to fetch known servers for icon pre-resolution: ConnectError: [unauthenticated] Error", source: vscode-file://vscode-app/usr/share/cursor/resources/app/out/vs/workbench/workbench.glass.main.js (7572)
[4215:0924/132357.660360:INFO:CONSOLE:7388] "[browser-bridge] Initialized OTEL provider with collector callback", source: vscode-file://vscode-app/usr/share/cursor/resources/app/out/vs/workbench/workbench.glass.main.js (7388)
[90m[main 2026-09-24T05:23:57.667Z][0m [CursorProclistService] Config enabled feature (subsample every 10s; memoryPressureMonitorEnabled=true)
[90m[main 2026-09-24T05:23:57.714Z][0m [RendererPing] enabled (intervalMs=5000, blockThresholdMs=15000, stacks=true)
[4215:0924/132357.794457:INFO:CONSOLE:21155] "[transport] Connect error in unary AI connect ConnectError: [unauthenticated] Error [object Object]", source: vscode-file://vscode-app/usr/share/cursor/resources/app/out/vs/workbench/workbench.glass.main.js (21155)
[4215:0924/132357.819901:INFO:CONSOLE:21155] "[transport] Connect error in unary AI connect ConnectError: [unauthenticated] Error [object Object]", source: vscode-file://vscode-app/usr/share/cursor/resources/app/out/vs/workbench/workbench.glass.main.js (21155)
[4215:0924/132357.820382:INFO:CONSOLE:8674] "[KnowledgeBaseService] Failed to fetch knowledge: ConnectError: [unauthenticated] Error", source: vscode-file://vscode-app/usr/share/cursor/resources/app/out/vs/workbench/workbench.glass.main.js (8674)
[91m[main 2026-09-24T05:23:58.458Z][0m [UtilityProcess type: mcp-process, pid: 7416]: crashed with code 15 and reason 'killed'
[93m[main 2026-09-24T05:23:58.458Z][0m [McpProcess] crashed; will attempt restart
[93m[main 2026-09-24T05:23:58.459Z][0m [McpProcess] crash detected (attempt 1), retrying in 1000ms
[91m[main 2026-09-24T05:23:58.460Z][0m [UtilityProcessWorker]: terminated unexpectedly with code 15, signal: unknown
[91m[main 2026-09-24T05:23:58.463Z][0m [UtilityProcess type: shared-process, pid: 6649]: crashed with code 15 and reason 'killed'
[4215:0924/132358.463977:ERROR:content/browser/network_service_instance_impl.cc:610] Network service crashed or was terminated, restarting service.
[4215:0924/132358.475163:ERROR:content/browser/gpu/gpu_process_host.cc:1004] GPU process exited unexpectedly: exit_code=15
[4215:0924/132358.475186:WARNING:content/browser/gpu/gpu_process_host.cc:1446] The GPU process has crashed 1 time(s)
[90m[main 2026-09-24T05:23:58.494Z][0m Extension host with pid 7296 exited with code: 15, signal: unknown.
[91m[main 2026-09-24T05:23:58.496Z][0m [UtilityProcess id: 1, type: extensionHost, pid: 7296]: crashed with code 15 and reason 'killed'
[4215:0924/132358.555025:ERROR:content/common/zygote/zygote_communication_linux.cc:293] Failed to send GetTerminationStatus message to zygote
[4215:0924/132358.555059:WARNING:content/common/zygote/zygote_communication_linux.cc:305] Socket closed prematurely.
Renderer process clean-exit - see https://www.electronjs.org/docs/tutorial/application-debugging for potential debugging information.
[91m[main 2026-09-24T05:23:58.576Z][0m CodeWindow: renderer process gone (reason: clean-exit, code: <unknown>)
Error sending from webFrameMain:  Error: Render frame was disposed before WebFrameMain could be accessed
    at s.send (node:electron/js2c/browser_init:2:103455)
    at b.send (node:electron/js2c/browser_init:2:87820)
    at Lx.send (file:///usr/share/cursor/resources/app/out/main.js:35:32772)
    at _b.sendBuffer (file:///usr/share/cursor/resources/app/out/main.js:33:12539)
    at _b.send (file:///usr/share/cursor/resources/app/out/main.js:33:12458)
    at _b.sendResponse (file:///usr/share/cursor/resources/app/out/main.js:33:12305)
    at Ou.value (file:///usr/share/cursor/resources/app/out/main.js:34:343)
    at P._deliver (file:///usr/share/cursor/resources/app/out/main.js:32:3595)
    at P.fire (file:///usr/share/cursor/resources/app/out/main.js:32:3915)
    at file:///usr/share/cursor/resources/app/out/main.js:30:7733
    at Ou.value (file:///usr/share/cursor/resources/app/out/main.js:30:6472)
    at P._deliver (file:///usr/share/cursor/resources/app/out/main.js:32:3595)
    at P._deliverQueue (file:///usr/share/cursor/resources/app/out/main.js:32:3686)
    at P.fire (file:///usr/share/cursor/resources/app/out/main.js:32:4022)
    at Ou.value (file:///usr/share/cursor/resources/app/out/main.js:30:6325)
    at P._deliver (file:///usr/share/cursor/resources/app/out/main.js:32:3595)
    at P.fire (file:///usr/share/cursor/resources/app/out/main.js:32:3915)
    at EventEmitter.ae (file:///usr/share/cursor/resources/app/out/main.js:30:8698)
    at EventEmitter.emit (node:events:521:24)
    at BrowserWindow.<anonymous> (node:electron/js2c/browser_init:2:18435)
    at BrowserWindow.emit (node:events:509:28)
[8353:0924/132358.675803:WARNING:sandbox/policy/linux/sandbox_linux.cc:404] InitializeSandbox() called with multiple threads in process gpu-process.
[4215:0924/132358.681907:WARNING:content/browser/gpu/gpu_process_host.cc:1026] Reinitialized the GPU process after a crash. The reported initialization time was 83 ms
Error sending from webFrameMain:  Error: Render frame was disposed before WebFrameMain could be accessed
    at s.send (node:electron/js2c/browser_init:2:103455)
    at b.send (node:electron/js2c/browser_init:2:87820)
    at Xk._tick (file:///usr/share/cursor/resources/app/out/main.js:77:3161)
    at Timeout._onTimeout (file:///usr/share/cursor/resources/app/out/main.js:77:2165)
    at listOnTimeout (node:internal/timers:605:17)
    at process.processTimers (node:internal/timers:541:7)
[4215:0924/132406.590076:ERROR:content/browser/browser_main_loop.cc:290] GLib-GObject: ../../../gobject/gsignal.c:2685: instance '0x1c001d8710' has no handler with id '2089'
[4215:0924/132406.788991:WARNING:electron/shell/browser/lib/power_observer_linux.cc:115] Trying to unsubscribe to shutdown without being subscribed
Error sending from webFrameMain:  Error: Render frame was disposed before WebFrameMain could be accessed
    at s.send (node:electron/js2c/browser_init:2:103455)
    at b.send (node:electron/js2c/browser_init:2:87820)
    at Lx.send (file:///usr/share/cursor/resources/app/out/main.js:35:32772)
    at _b.sendBuffer (file:///usr/share/cursor/resources/app/out/main.js:33:12539)
    at _b.send (file:///usr/share/cursor/resources/app/out/main.js:33:12458)
    at _b.sendResponse (file:///usr/share/cursor/resources/app/out/main.js:33:12305)
    at Ou.value (file:///usr/share/cursor/resources/app/out/main.js:34:343)
    at P._deliver (file:///usr/share/cursor/resources/app/out/main.js:32:3595)
    at P.fire (file:///usr/share/cursor/resources/app/out/main.js:32:3915)
    at Ou.value (file:///usr/share/cursor/resources/app/out/main.js:30:6325)
    at P._deliver (file:///usr/share/cursor/resources/app/out/main.js:32:3595)
    at P.fire (file:///usr/share/cursor/resources/app/out/main.js:32:3915)
    at Ou.value (file:///usr/share/cursor/resources/app/out/main.js:30:6131)
    at P._deliver (file:///usr/share/cursor/resources/app/out/main.js:32:3595)
    at P._deliverQueue (file:///usr/share/cursor/resources/app/out/main.js:32:3686)
    at P.fire (file:///usr/share/cursor/resources/app/out/main.js:32:4022)
    at nB.deregisterLogger (file:///usr/share/cursor/resources/app/out/main.js:37:20977)
    at nB.deregisterLogger (file:///usr/share/cursor/resources/app/out/main.js:76:37999)
    at nB.deregisterLoggers (file:///usr/share/cursor/resources/app/out/main.js:76:38762)
    at zh.dispose (file:///usr/share/cursor/resources/app/out/main.js:146:514)
    at Ou.value (file:///usr/share/cursor/resources/app/out/main.js:142:44247)
    at P._deliver (file:///usr/share/cursor/resources/app/out/main.js:32:3595)
    at P.fire (file:///usr/share/cursor/resources/app/out/main.js:32:3915)
    at BrowserWindow.ae (file:///usr/share/cursor/resources/app/out/main.js:30:8698)
    at BrowserWindow.emit (node:events:521:24)
    at zh.destroyWindow (file:///usr/share/cursor/resources/app/out/main.js:142:59455)
    at zh.onWindowError (file:///usr/share/cursor/resources/app/out/main.js:142:58756)
Error sending from webFrameMain:  Error: Render frame was disposed before WebFrameMain could be accessed
    at s.send (node:electron/js2c/browser_init:2:103455)
    at b.send (node:electron/js2c/browser_init:2:87820)
    at Lx.send (file:///usr/share/cursor/resources/app/out/main.js:35:32772)
    at _b.sendBuffer (file:///usr/share/cursor/resources/app/out/main.js:33:12539)
    at _b.send (file:///usr/share/cursor/resources/app/out/main.js:33:12458)
    at _b.sendResponse (file:///usr/share/cursor/resources/app/out/main.js:33:12305)
    at Ou.value (file:///usr/share/cursor/resources/app/out/main.js:34:343)
    at P._deliver (file:///usr/share/cursor/resources/app/out/main.js:32:3595)
    at P.fire (file:///usr/share/cursor/resources/app/out/main.js:32:3915)
    at Ou.value (file:///usr/share/cursor/resources/app/out/main.js:30:6325)
    at P._deliver (file:///usr/share/cursor/resources/app/out/main.js:32:3595)
    at P.fire (file:///usr/share/cursor/resources/app/out/main.js:32:3915)
    at Ou.value (file:///usr/share/cursor/resources/app/out/main.js:30:6131)
    at P._deliver (file:///usr/share/cursor/resources/app/out/main.js:32:3595)
    at P._deliverQueue (file:///usr/share/cursor/resources/app/out/main.js:32:3686)
    at P.fire (file:///usr/share/cursor/resources/app/out/main.js:32:4022)
    at nB.deregisterLogger (file:///usr/share/cursor/resources/app/out/main.js:37:20977)
    at nB.deregisterLogger (file:///usr/share/cursor/resources/app/out/main.js:76:37999)
    at nB.deregisterLoggers (file:///usr/share/cursor/resources/app/out/main.js:76:38762)
    at zh.dispose (file:///usr/share/cursor/resources/app/out/main.js:146:514)
    at Ou.value (file:///usr/share/cursor/resources/app/out/main.js:142:44247)
    at P._deliver (file:///usr/share/cursor/resources/app/out/main.js:32:3595)
    at P.fire (file:///usr/share/cursor/resources/app/out/main.js:32:3915)
    at BrowserWindow.ae (file:///usr/share/cursor/resources/app/out/main.js:30:8698)
    at BrowserWindow.emit (node:events:521:24)
    at zh.destroyWindow (file:///usr/share/cursor/resources/app/out/main.js:142:59455)
    at zh.onWindowError (file:///usr/share/cursor/resources/app/out/main.js:142:58756)
Error sending from webFrameMain:  Error: Render frame was disposed before WebFrameMain could be accessed
    at s.send (node:electron/js2c/browser_init:2:103455)
    at b.send (node:electron/js2c/browser_init:2:87820)
    at Lx.send (file:///usr/share/cursor/resources/app/out/main.js:35:32772)
    at _b.sendBuffer (file:///usr/share/cursor/resources/app/out/main.js:33:12539)
    at _b.send (file:///usr/share/cursor/resources/app/out/main.js:33:12458)
    at _b.sendResponse (file:///usr/share/cursor/resources/app/out/main.js:33:12305)
    at Ou.value (file:///usr/share/cursor/resources/app/out/main.js:34:343)
    at P._deliver (file:///usr/share/cursor/resources/app/out/main.js:32:3595)
    at P.fire (file:///usr/share/cursor/resources/app/out/main.js:32:3915)
    at Ou.value (file:///usr/share/cursor/resources/app/out/main.js:30:6325)
    at P._deliver (file:///usr/share/cursor/resources/app/out/main.js:32:3595)
    at P.fire (file:///usr/share/cursor/resources/app/out/main.js:32:3915)
    at Ou.value (file:///usr/share/cursor/resources/app/out/main.js:30:6131)
    at P._deliver (file:///usr/share/cursor/resources/app/out/main.js:32:3595)
    at P._deliverQueue (file:///usr/share/cursor/resources/app/out/main.js:32:3686)
    at P.fire (file:///usr/share/cursor/resources/app/out/main.js:32:4022)
    at nB.deregisterLogger (file:///usr/share/cursor/resources/app/out/main.js:37:20977)
    at nB.deregisterLogger (file:///usr/share/cursor/resources/app/out/main.js:76:37999)
    at nB.deregisterLoggers (file:///usr/share/cursor/resources/app/out/main.js:76:38762)
    at zh.dispose (file:///usr/share/cursor/resources/app/out/main.js:146:514)
    at Ou.value (file:///usr/share/cursor/resources/app/out/main.js:142:44247)
    at P._deliver (file:///usr/share/cursor/resources/app/out/main.js:32:3595)
    at P.fire (file:///usr/share/cursor/resources/app/out/main.js:32:3915)
    at BrowserWindow.ae (file:///usr/share/cursor/resources/app/out/main.js:30:8698)
    at BrowserWindow.emit (node:events:521:24)
    at zh.destroyWindow (file:///usr/share/cursor/resources/app/out/main.js:142:59455)
    at zh.onWindowError (file:///usr/share/cursor/resources/app/out/main.js:142:58756)
Error sending from webFrameMain:  Error: Render frame was disposed before WebFrameMain could be accessed
    at s.send (node:electron/js2c/browser_init:2:103455)
    at b.send (node:electron/js2c/browser_init:2:87820)
    at Lx.send (file:///usr/share/cursor/resources/app/out/main.js:35:32772)
    at _b.sendBuffer (file:///usr/share/cursor/resources/app/out/main.js:33:12539)
    at _b.send (file:///usr/share/cursor/resources/app/out/main.js:33:12458)
    at _b.sendResponse (file:///usr/share/cursor/resources/app/out/main.js:33:12305)
    at Ou.value (file:///usr/share/cursor/resources/app/out/main.js:34:343)
    at P._deliver (file:///usr/share/cursor/resources/app/out/main.js:32:3595)
    at P.fire (file:///usr/share/cursor/resources/app/out/main.js:32:3915)
    at Ou.value (file:///usr/share/cursor/resources/app/out/main.js:30:6325)
    at P._deliver (file:///usr/share/cursor/resources/app/out/main.js:32:3595)
    at P.fire (file:///usr/share/cursor/resources/app/out/main.js:32:3915)
    at Ou.value (file:///usr/share/cursor/resources/app/out/main.js:30:6131)
    at P._deliver (file:///usr/share/cursor/resources/app/out/main.js:32:3595)
    at P._deliverQueue (file:///usr/share/cursor/resources/app/out/main.js:32:3686)
    at P.fire (file:///usr/share/cursor/resources/app/out/main.js:32:4022)
    at nB.deregisterLogger (file:///usr/share/cursor/resources/app/out/main.js:37:20977)
    at nB.deregisterLogger (file:///usr/share/cursor/resources/app/out/main.js:76:37999)
    at nB.deregisterLoggers (file:///usr/share/cursor/resources/app/out/main.js:76:38762)
    at zh.dispose (file:///usr/share/cursor/resources/app/out/main.js:146:514)
    at Ou.value (file:///usr/share/cursor/resources/app/out/main.js:142:44247)
    at P._deliver (file:///usr/share/cursor/resources/app/out/main.js:32:3595)
    at P.fire (file:///usr/share/cursor/resources/app/out/main.js:32:3915)
    at BrowserWindow.ae (file:///usr/share/cursor/resources/app/out/main.js:30:8698)
    at BrowserWindow.emit (node:events:521:24)
    at zh.destroyWindow (file:///usr/share/cursor/resources/app/out/main.js:142:59455)
    at zh.onWindowError (file:///usr/share/cursor/resources/app/out/main.js:142:58756)
Error sending from webFrameMain:  Error: Render frame was disposed before WebFrameMain could be accessed
    at s.send (node:electron/js2c/browser_init:2:103455)
    at b.send (node:electron/js2c/browser_init:2:87820)
    at Lx.send (file:///usr/share/cursor/resources/app/out/main.js:35:32772)
    at _b.sendBuffer (file:///usr/share/cursor/resources/app/out/main.js:33:12539)
    at _b.send (file:///usr/share/cursor/resources/app/out/main.js:33:12458)
    at _b.sendResponse (file:///usr/share/cursor/resources/app/out/main.js:33:12305)
    at Ou.value (file:///usr/share/cursor/resources/app/out/main.js:34:343)
    at P._deliver (file:///usr/share/cursor/resources/app/out/main.js:32:3595)
    at P.fire (file:///usr/share/cursor/resources/app/out/main.js:32:3915)
    at Ou.value (file:///usr/share/cursor/resources/app/out/main.js:30:6325)
    at P._deliver (file:///usr/share/cursor/resources/app/out/main.js:32:3595)
    at P.fire (file:///usr/share/cursor/resources/app/out/main.js:32:3915)
    at Ou.value (file:///usr/share/cursor/resources/app/out/main.js:30:6131)
    at P._deliver (file:///usr/share/cursor/resources/app/out/main.js:32:3595)
    at P._deliverQueue (file:///usr/share/cursor/resources/app/out/main.js:32:3686)
    at P.fire (file:///usr/share/cursor/resources/app/out/main.js:32:4022)
    at nB.deregisterLogger (file:///usr/share/cursor/resources/app/out/main.js:37:20977)
    at nB.deregisterLogger (file:///usr/share/cursor/resources/app/out/main.js:76:37999)
    at nB.deregisterLoggers (file:///usr/share/cursor/resources/app/out/main.js:76:38762)
    at zh.dispose (file:///usr/share/cursor/resources/app/out/main.js:146:514)
    at Ou.value (file:///usr/share/cursor/resources/app/out/main.js:142:44247)
    at P._deliver (file:///usr/share/cursor/resources/app/out/main.js:32:3595)
    at P.fire (file:///usr/share/cursor/resources/app/out/main.js:32:3915)
    at BrowserWindow.ae (file:///usr/share/cursor/resources/app/out/main.js:30:8698)
    at BrowserWindow.emit (node:events:521:24)
    at zh.destroyWindow (file:///usr/share/cursor/resources/app/out/main.js:142:59455)
    at zh.onWindowError (file:///usr/share/cursor/resources/app/out/main.js:142:58756)
Error sending from webFrameMain:  Error: Render frame was disposed before WebFrameMain could be accessed
    at s.send (node:electron/js2c/browser_init:2:103455)
    at b.send (node:electron/js2c/browser_init:2:87820)
    at Lx.send (file:///usr/share/cursor/resources/app/out/main.js:35:32772)
    at _b.sendBuffer (file:///usr/share/cursor/resources/app/out/main.js:33:12539)
    at _b.send (file:///usr/share/cursor/resources/app/out/main.js:33:12458)
    at _b.sendResponse (file:///usr/share/cursor/resources/app/out/main.js:33:12305)
    at Ou.value (file:///usr/share/cursor/resources/app/out/main.js:34:343)
    at P._deliver (file:///usr/share/cursor/resources/app/out/main.js:32:3595)
    at P.fire (file:///usr/share/cursor/resources/app/out/main.js:32:3915)
    at Ou.value (file:///usr/share/cursor/resources/app/out/main.js:30:6325)
    at P._deliver (file:///usr/share/cursor/resources/app/out/main.js:32:3595)
    at P.fire (file:///usr/share/cursor/resources/app/out/main.js:32:3915)
    at Ou.value (file:///usr/share/cursor/resources/app/out/main.js:30:6131)
    at P._deliver (file:///usr/share/cursor/resources/app/out/main.js:32:3595)
    at P._deliverQueue (file:///usr/share/cursor/resources/app/out/main.js:32:3686)
    at P.fire (file:///usr/share/cursor/resources/app/out/main.js:32:4022)
    at nB.deregisterLogger (file:///usr/share/cursor/resources/app/out/main.js:37:20977)
    at nB.deregisterLogger (file:///usr/share/cursor/resources/app/out/main.js:76:37999)
    at nB.deregisterLoggers (file:///usr/share/cursor/resources/app/out/main.js:76:38762)
    at zh.dispose (file:///usr/share/cursor/resources/app/out/main.js:146:514)
    at Ou.value (file:///usr/share/cursor/resources/app/out/main.js:142:44247)
    at P._deliver (file:///usr/share/cursor/resources/app/out/main.js:32:3595)
    at P.fire (file:///usr/share/cursor/resources/app/out/main.js:32:3915)
    at BrowserWindow.ae (file:///usr/share/cursor/resources/app/out/main.js:30:8698)
    at BrowserWindow.emit (node:events:521:24)
    at zh.destroyWindow (file:///usr/share/cursor/resources/app/out/main.js:142:59455)
    at zh.onWindowError (file:///usr/share/cursor/resources/app/out/main.js:142:58756)
Error sending from webFrameMain:  Error: Render frame was disposed before WebFrameMain could be accessed
    at s.send (node:electron/js2c/browser_init:2:103455)
    at b.send (node:electron/js2c/browser_init:2:87820)
    at Lx.send (file:///usr/share/cursor/resources/app/out/main.js:35:32772)
    at _b.sendBuffer (file:///usr/share/cursor/resources/app/out/main.js:33:12539)
    at _b.send (file:///usr/share/cursor/resources/app/out/main.js:33:12458)
    at _b.sendResponse (file:///usr/share/cursor/resources/app/out/main.js:33:12305)
    at Ou.value (file:///usr/share/cursor/resources/app/out/main.js:34:343)
    at P._deliver (file:///usr/share/cursor/resources/app/out/main.js:32:3595)
    at P.fire (file:///usr/share/cursor/resources/app/out/main.js:32:3915)
    at Ou.value (file:///usr/share/cursor/resources/app/out/main.js:30:6325)
    at P._deliver (file:///usr/share/cursor/resources/app/out/main.js:32:3595)
    at P.fire (file:///usr/share/cursor/resources/app/out/main.js:32:3915)
    at Ou.value (file:///usr/share/cursor/resources/app/out/main.js:30:6131)
    at P._deliver (file:///usr/share/cursor/resources/app/out/main.js:32:3595)
    at P._deliverQueue (file:///usr/share/cursor/resources/app/out/main.js:32:3686)
    at P.fire (file:///usr/share/cursor/resources/app/out/main.js:32:4022)
    at nB.deregisterLogger (file:///usr/share/cursor/resources/app/out/main.js:37:20977)
    at nB.deregisterLogger (file:///usr/share/cursor/resources/app/out/main.js:76:37999)
    at nB.deregisterLoggers (file:///usr/share/cursor/resources/app/out/main.js:76:38762)
    at zh.dispose (file:///usr/share/cursor/resources/app/out/main.js:146:514)
    at Ou.value (file:///usr/share/cursor/resources/app/out/main.js:142:44247)
    at P._deliver (file:///usr/share/cursor/resources/app/out/main.js:32:3595)
    at P.fire (file:///usr/share/cursor/resources/app/out/main.js:32:3915)
    at BrowserWindow.ae (file:///usr/share/cursor/resources/app/out/main.js:30:8698)
    at BrowserWindow.emit (node:events:521:24)
    at zh.destroyWindow (file:///usr/share/cursor/resources/app/out/main.js:142:59455)
    at zh.onWindowError (file:///usr/share/cursor/resources/app/out/main.js:142:58756)
Error sending from webFrameMain:  Error: Render frame was disposed before WebFrameMain could be accessed
    at s.send (node:electron/js2c/browser_init:2:103455)
    at b.send (node:electron/js2c/browser_init:2:87820)
    at Lx.send (file:///usr/share/cursor/resources/app/out/main.js:35:32772)
    at _b.sendBuffer (file:///usr/share/cursor/resources/app/out/main.js:33:12539)
    at _b.send (file:///usr/share/cursor/resources/app/out/main.js:33:12458)
    at _b.sendResponse (file:///usr/share/cursor/resources/app/out/main.js:33:12305)
    at Ou.value (file:///usr/share/cursor/resources/app/out/main.js:34:343)
    at P._deliver (file:///usr/share/cursor/resources/app/out/main.js:32:3595)
    at P.fire (file:///usr/share/cursor/resources/app/out/main.js:32:3915)
    at Ou.value (file:///usr/share/cursor/resources/app/out/main.js:30:6325)
    at P._deliver (file:///usr/share/cursor/resources/app/out/main.js:32:3595)
    at P.fire (file:///usr/share/cursor/resources/app/out/main.js:32:3915)
    at Ou.value (file:///usr/share/cursor/resources/app/out/main.js:30:6131)
    at P._deliver (file:///usr/share/cursor/resources/app/out/main.js:32:3595)
    at P._deliverQueue (file:///usr/share/cursor/resources/app/out/main.js:32:3686)
    at P.fire (file:///usr/share/cursor/resources/app/out/main.js:32:4022)
    at nB.deregisterLogger (file:///usr/share/cursor/resources/app/out/main.js:37:20977)
    at nB.deregisterLogger (file:///usr/share/cursor/resources/app/out/main.js:76:37999)
    at nB.deregisterLoggers (file:///usr/share/cursor/resources/app/out/main.js:76:38762)
    at zh.dispose (file:///usr/share/cursor/resources/app/out/main.js:146:514)
    at Ou.value (file:///usr/share/cursor/resources/app/out/main.js:142:44247)
    at P._deliver (file:///usr/share/cursor/resources/app/out/main.js:32:3595)
    at P.fire (file:///usr/share/cursor/resources/app/out/main.js:32:3915)
    at BrowserWindow.ae (file:///usr/share/cursor/resources/app/out/main.js:30:8698)
    at BrowserWindow.emit (node:events:521:24)
    at zh.destroyWindow (file:///usr/share/cursor/resources/app/out/main.js:142:59455)
    at zh.onWindowError (file:///usr/share/cursor/resources/app/out/main.js:142:58756)
Error sending from webFrameMain:  Error: Render frame was disposed before WebFrameMain could be accessed
    at s.send (node:electron/js2c/browser_init:2:103455)
    at b.send (node:electron/js2c/browser_init:2:87820)
    at Lx.send (file:///usr/share/cursor/resources/app/out/main.js:35:32772)
    at _b.sendBuffer (file:///usr/share/cursor/resources/app/out/main.js:33:12539)
    at _b.send (file:///usr/share/cursor/resources/app/out/main.js:33:12458)
    at _b.sendResponse (file:///usr/share/cursor/resources/app/out/main.js:33:12305)
    at Ou.value (file:///usr/share/cursor/resources/app/out/main.js:34:343)
    at P._deliver (file:///usr/share/cursor/resources/app/out/main.js:32:3595)
    at P.fire (file:///usr/share/cursor/resources/app/out/main.js:32:3915)
    at Ou.value (file:///usr/share/cursor/resources/app/out/main.js:30:6325)
    at P._deliver (file:///usr/share/cursor/resources/app/out/main.js:32:3595)
    at P.fire (file:///usr/share/cursor/resources/app/out/main.js:32:3915)
    at Ou.value (file:///usr/share/cursor/resources/app/out/main.js:30:6131)
    at P._deliver (file:///usr/share/cursor/resources/app/out/main.js:32:3595)
    at P._deliverQueue (file:///usr/share/cursor/resources/app/out/main.js:32:3686)
    at P.fire (file:///usr/share/cursor/resources/app/out/main.js:32:4022)
    at nB.deregisterLogger (file:///usr/share/cursor/resources/app/out/main.js:37:20977)
    at nB.deregisterLogger (file:///usr/share/cursor/resources/app/out/main.js:76:37999)
    at nB.deregisterLoggers (file:///usr/share/cursor/resources/app/out/main.js:76:38762)
    at zh.dispose (file:///usr/share/cursor/resources/app/out/main.js:146:514)
    at Ou.value (file:///usr/share/cursor/resources/app/out/main.js:142:44247)
    at P._deliver (file:///usr/share/cursor/resources/app/out/main.js:32:3595)
    at P.fire (file:///usr/share/cursor/resources/app/out/main.js:32:3915)
    at BrowserWindow.ae (file:///usr/share/cursor/resources/app/out/main.js:30:8698)
    at BrowserWindow.emit (node:events:521:24)
    at zh.destroyWindow (file:///usr/share/cursor/resources/app/out/main.js:142:59455)
    at zh.onWindowError (file:///usr/share/cursor/resources/app/out/main.js:142:58756)
Error sending from webFrameMain:  Error: Render frame was disposed before WebFrameMain could be accessed
    at s.send (node:electron/js2c/browser_init:2:103455)
    at b.send (node:electron/js2c/browser_init:2:87820)
    at Lx.send (file:///usr/share/cursor/resources/app/out/main.js:35:32772)
    at _b.sendBuffer (file:///usr/share/cursor/resources/app/out/main.js:33:12539)
    at _b.send (file:///usr/share/cursor/resources/app/out/main.js:33:12458)
    at _b.sendResponse (file:///usr/share/cursor/resources/app/out/main.js:33:12305)
    at Ou.value (file:///usr/share/cursor/resources/app/out/main.js:34:343)
    at P._deliver (file:///usr/share/cursor/resources/app/out/main.js:32:3595)
    at P.fire (file:///usr/share/cursor/resources/app/out/main.js:32:3915)
    at Ou.value (file:///usr/share/cursor/resources/app/out/main.js:30:6325)
    at P._deliver (file:///usr/share/cursor/resources/app/out/main.js:32:3595)
    at P.fire (file:///usr/share/cursor/resources/app/out/main.js:32:3915)
    at Ou.value (file:///usr/share/cursor/resources/app/out/main.js:30:6131)
    at P._deliver (file:///usr/share/cursor/resources/app/out/main.js:32:3595)
    at P._deliverQueue (file:///usr/share/cursor/resources/app/out/main.js:32:3686)
    at P.fire (file:///usr/share/cursor/resources/app/out/main.js:32:4022)
    at nB.deregisterLogger (file:///usr/share/cursor/resources/app/out/main.js:37:20977)
    at nB.deregisterLogger (file:///usr/share/cursor/resources/app/out/main.js:76:37999)
    at nB.deregisterLoggers (file:///usr/share/cursor/resources/app/out/main.js:76:38762)
    at zh.dispose (file:///usr/share/cursor/resources/app/out/main.js:146:514)
    at Ou.value (file:///usr/share/cursor/resources/app/out/main.js:142:44247)
    at P._deliver (file:///usr/share/cursor/resources/app/out/main.js:32:3595)
    at P.fire (file:///usr/share/cursor/resources/app/out/main.js:32:3915)
    at BrowserWindow.ae (file:///usr/share/cursor/resources/app/out/main.js:30:8698)
    at BrowserWindow.emit (node:events:521:24)
    at zh.destroyWindow (file:///usr/share/cursor/resources/app/out/main.js:142:59455)
    at zh.onWindowError (file:///usr/share/cursor/resources/app/out/main.js:142:58756)
Error sending from webFrameMain:  Error: Render frame was disposed before WebFrameMain could be accessed
    at s.send (node:electron/js2c/browser_init:2:103455)
    at b.send (node:electron/js2c/browser_init:2:87820)
    at Lx.send (file:///usr/share/cursor/resources/app/out/main.js:35:32772)
    at _b.sendBuffer (file:///usr/share/cursor/resources/app/out/main.js:33:12539)
    at _b.send (file:///usr/share/cursor/resources/app/out/main.js:33:12458)
    at _b.sendResponse (file:///usr/share/cursor/resources/app/out/main.js:33:12305)
    at Ou.value (file:///usr/share/cursor/resources/app/out/main.js:34:343)
    at P._deliver (file:///usr/share/cursor/resources/app/out/main.js:32:3595)
    at P.fire (file:///usr/share/cursor/resources/app/out/main.js:32:3915)
    at Ou.value (file:///usr/share/cursor/resources/app/out/main.js:30:6325)
    at P._deliver (file:///usr/share/cursor/resources/app/out/main.js:32:3595)
    at P.fire (file:///usr/share/cursor/resources/app/out/main.js:32:3915)
    at Ou.value (file:///usr/share/cursor/resources/app/out/main.js:30:6131)
    at P._deliver (file:///usr/share/cursor/resources/app/out/main.js:32:3595)
    at P._deliverQueue (file:///usr/share/cursor/resources/app/out/main.js:32:3686)
    at P.fire (file:///usr/share/cursor/resources/app/out/main.js:32:4022)
    at nB.deregisterLogger (file:///usr/share/cursor/resources/app/out/main.js:37:20977)
    at nB.deregisterLogger (file:///usr/share/cursor/resources/app/out/main.js:76:37999)
    at nB.deregisterLoggers (file:///usr/share/cursor/resources/app/out/main.js:76:38762)
    at zh.dispose (file:///usr/share/cursor/resources/app/out/main.js:146:514)
    at Ou.value (file:///usr/share/cursor/resources/app/out/main.js:142:44247)
    at P._deliver (file:///usr/share/cursor/resources/app/out/main.js:32:3595)
    at P.fire (file:///usr/share/cursor/resources/app/out/main.js:32:3915)
    at BrowserWindow.ae (file:///usr/share/cursor/resources/app/out/main.js:30:8698)
    at BrowserWindow.emit (node:events:521:24)
    at zh.destroyWindow (file:///usr/share/cursor/resources/app/out/main.js:142:59455)
    at zh.onWindowError (file:///usr/share/cursor/resources/app/out/main.js:142:58756)
Error sending from webFrameMain:  Error: Render frame was disposed before WebFrameMain could be accessed
    at s.send (node:electron/js2c/browser_init:2:103455)
    at b.send (node:electron/js2c/browser_init:2:87820)
    at Lx.send (file:///usr/share/cursor/resources/app/out/main.js:35:32772)
    at _b.sendBuffer (file:///usr/share/cursor/resources/app/out/main.js:33:12539)
    at _b.send (file:///usr/share/cursor/resources/app/out/main.js:33:12458)
    at _b.sendResponse (file:///usr/share/cursor/resources/app/out/main.js:33:12305)
    at Ou.value (file:///usr/share/cursor/resources/app/out/main.js:34:343)
    at P._deliver (file:///usr/share/cursor/resources/app/out/main.js:32:3595)
    at P.fire (file:///usr/share/cursor/resources/app/out/main.js:32:3915)
    at Ou.value (file:///usr/share/cursor/resources/app/out/main.js:30:6325)
    at P._deliver (file:///usr/share/cursor/resources/app/out/main.js:32:3595)
    at P.fire (file:///usr/share/cursor/resources/app/out/main.js:32:3915)
    at Ou.value (file:///usr/share/cursor/resources/app/out/main.js:30:6131)
    at P._deliver (file:///usr/share/cursor/resources/app/out/main.js:32:3595)
    at P._deliverQueue (file:///usr/share/cursor/resources/app/out/main.js:32:3686)
    at P.fire (file:///usr/share/cursor/resources/app/out/main.js:32:4022)
    at nB.deregisterLogger (file:///usr/share/cursor/resources/app/out/main.js:37:20977)
    at nB.deregisterLogger (file:///usr/share/cursor/resources/app/out/main.js:76:37999)
    at nB.deregisterLoggers (file:///usr/share/cursor/resources/app/out/main.js:76:38762)
    at zh.dispose (file:///usr/share/cursor/resources/app/out/main.js:146:514)
    at Ou.value (file:///usr/share/cursor/resources/app/out/main.js:142:44247)
    at P._deliver (file:///usr/share/cursor/resources/app/out/main.js:32:3595)
    at P.fire (file:///usr/share/cursor/resources/app/out/main.js:32:3915)
    at BrowserWindow.ae (file:///usr/share/cursor/resources/app/out/main.js:30:8698)
    at BrowserWindow.emit (node:events:521:24)
    at zh.destroyWindow (file:///usr/share/cursor/resources/app/out/main.js:142:59455)
    at zh.onWindowError (file:///usr/share/cursor/resources/app/out/main.js:142:58756)
Error sending from webFrameMain:  Error: Render frame was disposed before WebFrameMain could be accessed
    at s.send (node:electron/js2c/browser_init:2:103455)
    at b.send (node:electron/js2c/browser_init:2:87820)
    at Lx.send (file:///usr/share/cursor/resources/app/out/main.js:35:32772)
    at _b.sendBuffer (file:///usr/share/cursor/resources/app/out/main.js:33:12539)
    at _b.send (file:///usr/share/cursor/resources/app/out/main.js:33:12458)
    at _b.sendResponse (file:///usr/share/cursor/resources/app/out/main.js:33:12305)
    at Ou.value (file:///usr/share/cursor/resources/app/out/main.js:34:343)
    at P._deliver (file:///usr/share/cursor/resources/app/out/main.js:32:3595)
    at P.fire (file:///usr/share/cursor/resources/app/out/main.js:32:3915)
    at Ou.value (file:///usr/share/cursor/resources/app/out/main.js:30:6325)
    at P._deliver (file:///usr/share/cursor/resources/app/out/main.js:32:3595)
    at P.fire (file:///usr/share/cursor/resources/app/out/main.js:32:3915)
    at Ou.value (file:///usr/share/cursor/resources/app/out/main.js:30:6131)
    at P._deliver (file:///usr/share/cursor/resources/app/out/main.js:32:3595)
    at P._deliverQueue (file:///usr/share/cursor/resources/app/out/main.js:32:3686)
    at P.fire (file:///usr/share/cursor/resources/app/out/main.js:32:4022)
    at nB.deregisterLogger (file:///usr/share/cursor/resources/app/out/main.js:37:20977)
    at nB.deregisterLogger (file:///usr/share/cursor/resources/app/out/main.js:76:37999)
    at nB.deregisterLoggers (file:///usr/share/cursor/resources/app/out/main.js:76:38762)
    at zh.dispose (file:///usr/share/cursor/resources/app/out/main.js:146:514)
    at Ou.value (file:///usr/share/cursor/resources/app/out/main.js:142:44247)
    at P._deliver (file:///usr/share/cursor/resources/app/out/main.js:32:3595)
    at P.fire (file:///usr/share/cursor/resources/app/out/main.js:32:3915)
    at BrowserWindow.ae (file:///usr/share/cursor/resources/app/out/main.js:30:8698)
    at BrowserWindow.emit (node:events:521:24)
    at zh.destroyWindow (file:///usr/share/cursor/resources/app/out/main.js:142:59455)
    at zh.onWindowError (file:///usr/share/cursor/resources/app/out/main.js:142:58756)
Error sending from webFrameMain:  Error: Render frame was disposed before WebFrameMain could be accessed
    at s.send (node:electron/js2c/browser_init:2:103455)
    at b.send (node:electron/js2c/browser_init:2:87820)
    at Lx.send (file:///usr/share/cursor/resources/app/out/main.js:35:32772)
    at _b.sendBuffer (file:///usr/share/cursor/resources/app/out/main.js:33:12539)
    at _b.send (file:///usr/share/cursor/resources/app/out/main.js:33:12458)
    at _b.sendResponse (file:///usr/share/cursor/resources/app/out/main.js:33:12305)
    at Ou.value (file:///usr/share/cursor/resources/app/out/main.js:34:343)
    at P._deliver (file:///usr/share/cursor/resources/app/out/main.js:32:3595)
    at P.fire (file:///usr/share/cursor/resources/app/out/main.js:32:3915)
    at Ou.value (file:///usr/share/cursor/resources/app/out/main.js:30:6325)
    at P._deliver (file:///usr/share/cursor/resources/app/out/main.js:32:3595)
    at P.fire (file:///usr/share/cursor/resources/app/out/main.js:32:3915)
    at Ou.value (file:///usr/share/cursor/resources/app/out/main.js:30:6131)
    at P._deliver (file:///usr/share/cursor/resources/app/out/main.js:32:3595)
    at P._deliverQueue (file:///usr/share/cursor/resources/app/out/main.js:32:3686)
    at P.fire (file:///usr/share/cursor/resources/app/out/main.js:32:4022)
    at nB.deregisterLogger (file:///usr/share/cursor/resources/app/out/main.js:37:20977)
    at nB.deregisterLogger (file:///usr/share/cursor/resources/app/out/main.js:76:37999)
    at nB.deregisterLoggers (file:///usr/share/cursor/resources/app/out/main.js:76:38762)
    at zh.dispose (file:///usr/share/cursor/resources/app/out/main.js:146:514)
    at Ou.value (file:///usr/share/cursor/resources/app/out/main.js:142:44247)
    at P._deliver (file:///usr/share/cursor/resources/app/out/main.js:32:3595)
    at P.fire (file:///usr/share/cursor/resources/app/out/main.js:32:3915)
    at BrowserWindow.ae (file:///usr/share/cursor/resources/app/out/main.js:30:8698)
    at BrowserWindow.emit (node:events:521:24)
    at zh.destroyWindow (file:///usr/share/cursor/resources/app/out/main.js:142:59455)
    at zh.onWindowError (file:///usr/share/cursor/resources/app/out/main.js:142:58756)
Error sending from webFrameMain:  Error: Render frame was disposed before WebFrameMain could be accessed
    at s.send (node:electron/js2c/browser_init:2:103455)
    at b.send (node:electron/js2c/browser_init:2:87820)
    at Lx.send (file:///usr/share/cursor/resources/app/out/main.js:35:32772)
    at _b.sendBuffer (file:///usr/share/cursor/resources/app/out/main.js:33:12539)
    at _b.send (file:///usr/share/cursor/resources/app/out/main.js:33:12458)
    at _b.sendResponse (file:///usr/share/cursor/resources/app/out/main.js:33:12305)
    at Ou.value (file:///usr/share/cursor/resources/app/out/main.js:34:343)
    at P._deliver (file:///usr/share/cursor/resources/app/out/main.js:32:3595)
    at P.fire (file:///usr/share/cursor/resources/app/out/main.js:32:3915)
    at Ou.value (file:///usr/share/cursor/resources/app/out/main.js:30:6325)
    at P._deliver (file:///usr/share/cursor/resources/app/out/main.js:32:3595)
    at P.fire (file:///usr/share/cursor/resources/app/out/main.js:32:3915)
    at Ou.value (file:///usr/share/cursor/resources/app/out/main.js:30:6131)
    at P._deliver (file:///usr/share/cursor/resources/app/out/main.js:32:3595)
    at P._deliverQueue (file:///usr/share/cursor/resources/app/out/main.js:32:3686)
    at P.fire (file:///usr/share/cursor/resources/app/out/main.js:32:4022)
    at nB.deregisterLogger (file:///usr/share/cursor/resources/app/out/main.js:37:20977)
    at nB.deregisterLogger (file:///usr/share/cursor/resources/app/out/main.js:76:37999)
    at nB.deregisterLoggers (file:///usr/share/cursor/resources/app/out/main.js:76:38762)
    at zh.dispose (file:///usr/share/cursor/resources/app/out/main.js:146:514)
    at Ou.value (file:///usr/share/cursor/resources/app/out/main.js:142:44247)
    at P._deliver (file:///usr/share/cursor/resources/app/out/main.js:32:3595)
    at P.fire (file:///usr/share/cursor/resources/app/out/main.js:32:3915)
    at BrowserWindow.ae (file:///usr/share/cursor/resources/app/out/main.js:30:8698)
    at BrowserWindow.emit (node:events:521:24)
    at zh.destroyWindow (file:///usr/share/cursor/resources/app/out/main.js:142:59455)
    at zh.onWindowError (file:///usr/share/cursor/resources/app/out/main.js:142:58756)
Error sending from webFrameMain:  Error: Render frame was disposed before WebFrameMain could be accessed
    at s.send (node:electron/js2c/browser_init:2:103455)
    at b.send (node:electron/js2c/browser_init:2:87820)
    at Lx.send (file:///usr/share/cursor/resources/app/out/main.js:35:32772)
    at _b.sendBuffer (file:///usr/share/cursor/resources/app/out/main.js:33:12539)
    at _b.send (file:///usr/share/cursor/resources/app/out/main.js:33:12458)
    at _b.sendResponse (file:///usr/share/cursor/resources/app/out/main.js:33:12305)
    at Ou.value (file:///usr/share/cursor/resources/app/out/main.js:34:343)
    at P._deliver (file:///usr/share/cursor/resources/app/out/main.js:32:3595)
    at P.fire (file:///usr/share/cursor/resources/app/out/main.js:32:3915)
    at Ou.value (file:///usr/share/cursor/resources/app/out/main.js:30:6325)
    at P._deliver (file:///usr/share/cursor/resources/app/out/main.js:32:3595)
    at P.fire (file:///usr/share/cursor/resources/app/out/main.js:32:3915)
    at Ou.value (file:///usr/share/cursor/resources/app/out/main.js:30:6131)
    at P._deliver (file:///usr/share/cursor/resources/app/out/main.js:32:3595)
    at P._deliverQueue (file:///usr/share/cursor/resources/app/out/main.js:32:3686)
    at P.fire (file:///usr/share/cursor/resources/app/out/main.js:32:4022)
    at nB.deregisterLogger (file:///usr/share/cursor/resources/app/out/main.js:37:20977)
    at nB.deregisterLogger (file:///usr/share/cursor/resources/app/out/main.js:76:37999)
    at nB.deregisterLoggers (file:///usr/share/cursor/resources/app/out/main.js:76:38762)
    at zh.dispose (file:///usr/share/cursor/resources/app/out/main.js:146:514)
    at Ou.value (file:///usr/share/cursor/resources/app/out/main.js:142:44247)
    at P._deliver (file:///usr/share/cursor/resources/app/out/main.js:32:3595)
    at P.fire (file:///usr/share/cursor/resources/app/out/main.js:32:3915)
    at BrowserWindow.ae (file:///usr/share/cursor/resources/app/out/main.js:30:8698)
    at BrowserWindow.emit (node:events:521:24)
    at zh.destroyWindow (file:///usr/share/cursor/resources/app/out/main.js:142:59455)
    at zh.onWindowError (file:///usr/share/cursor/resources/app/out/main.js:142:58756)
Error sending from webFrameMain:  Error: Render frame was disposed before WebFrameMain could be accessed
    at s.send (node:electron/js2c/browser_init:2:103455)
    at b.send (node:electron/js2c/browser_init:2:87820)
    at Lx.send (file:///usr/share/cursor/resources/app/out/main.js:35:32772)
    at _b.sendBuffer (file:///usr/share/cursor/resources/app/out/main.js:33:12539)
    at _b.send (file:///usr/share/cursor/resources/app/out/main.js:33:12458)
    at _b.sendResponse (file:///usr/share/cursor/resources/app/out/main.js:33:12305)
    at Ou.value (file:///usr/share/cursor/resources/app/out/main.js:34:343)
    at P._deliver (file:///usr/share/cursor/resources/app/out/main.js:32:3595)
    at P.fire (file:///usr/share/cursor/resources/app/out/main.js:32:3915)
    at Ou.value (file:///usr/share/cursor/resources/app/out/main.js:30:6325)
    at P._deliver (file:///usr/share/cursor/resources/app/out/main.js:32:3595)
    at P.fire (file:///usr/share/cursor/resources/app/out/main.js:32:3915)
    at Ou.value (file:///usr/share/cursor/resources/app/out/main.js:30:6131)
    at P._deliver (file:///usr/share/cursor/resources/app/out/main.js:32:3595)
    at P._deliverQueue (file:///usr/share/cursor/resources/app/out/main.js:32:3686)
    at P.fire (file:///usr/share/cursor/resources/app/out/main.js:32:4022)
    at nB.deregisterLogger (file:///usr/share/cursor/resources/app/out/main.js:37:20977)
    at nB.deregisterLogger (file:///usr/share/cursor/resources/app/out/main.js:76:37999)
    at nB.deregisterLoggers (file:///usr/share/cursor/resources/app/out/main.js:76:38762)
    at zh.dispose (file:///usr/share/cursor/resources/app/out/main.js:146:514)
    at Ou.value (file:///usr/share/cursor/resources/app/out/main.js:142:44247)
    at P._deliver (file:///usr/share/cursor/resources/app/out/main.js:32:3595)
    at P.fire (file:///usr/share/cursor/resources/app/out/main.js:32:3915)
    at BrowserWindow.ae (file:///usr/share/cursor/resources/app/out/main.js:30:8698)
    at BrowserWindow.emit (node:events:521:24)
    at zh.destroyWindow (file:///usr/share/cursor/resources/app/out/main.js:142:59455)
    at zh.onWindowError (file:///usr/share/cursor/resources/app/out/main.js:142:58756)
Error sending from webFrameMain:  Error: Render frame was disposed before WebFrameMain could be accessed
    at s.send (node:electron/js2c/browser_init:2:103455)
    at b.send (node:electron/js2c/browser_init:2:87820)
    at Lx.send (file:///usr/share/cursor/resources/app/out/main.js:35:32772)
    at _b.sendBuffer (file:///usr/share/cursor/resources/app/out/main.js:33:12539)
    at _b.send (file:///usr/share/cursor/resources/app/out/main.js:33:12458)
    at _b.sendResponse (file:///usr/share/cursor/resources/app/out/main.js:33:12305)
    at Ou.value (file:///usr/share/cursor/resources/app/out/main.js:34:343)
    at P._deliver (file:///usr/share/cursor/resources/app/out/main.js:32:3595)
    at P.fire (file:///usr/share/cursor/resources/app/out/main.js:32:3915)
    at Ou.value (file:///usr/share/cursor/resources/app/out/main.js:30:6325)
    at P._deliver (file:///usr/share/cursor/resources/app/out/main.js:32:3595)
    at P.fire (file:///usr/share/cursor/resources/app/out/main.js:32:3915)
    at Ou.value (file:///usr/share/cursor/resources/app/out/main.js:30:6131)
    at P._deliver (file:///usr/share/cursor/resources/app/out/main.js:32:3595)
    at P._deliverQueue (file:///usr/share/cursor/resources/app/out/main.js:32:3686)
    at P.fire (file:///usr/share/cursor/resources/app/out/main.js:32:4022)
    at nB.deregisterLogger (file:///usr/share/cursor/resources/app/out/main.js:37:20977)
    at nB.deregisterLogger (file:///usr/share/cursor/resources/app/out/main.js:76:37999)
    at nB.deregisterLoggers (file:///usr/share/cursor/resources/app/out/main.js:76:38762)
    at zh.dispose (file:///usr/share/cursor/resources/app/out/main.js:146:514)
    at Ou.value (file:///usr/share/cursor/resources/app/out/main.js:142:44247)
    at P._deliver (file:///usr/share/cursor/resources/app/out/main.js:32:3595)
    at P.fire (file:///usr/share/cursor/resources/app/out/main.js:32:3915)
    at BrowserWindow.ae (file:///usr/share/cursor/resources/app/out/main.js:30:8698)
    at BrowserWindow.emit (node:events:521:24)
    at zh.destroyWindow (file:///usr/share/cursor/resources/app/out/main.js:142:59455)
    at zh.onWindowError (file:///usr/share/cursor/resources/app/out/main.js:142:58756)
Error sending from webFrameMain:  Error: Render frame was disposed before WebFrameMain could be accessed
    at s.send (node:electron/js2c/browser_init:2:103455)
    at b.send (node:electron/js2c/browser_init:2:87820)
    at Lx.send (file:///usr/share/cursor/resources/app/out/main.js:35:32772)
    at _b.sendBuffer (file:///usr/share/cursor/resources/app/out/main.js:33:12539)
    at _b.send (file:///usr/share/cursor/resources/app/out/main.js:33:12458)
    at _b.sendResponse (file:///usr/share/cursor/resources/app/out/main.js:33:12305)
    at Ou.value (file:///usr/share/cursor/resources/app/out/main.js:34:343)
    at P._deliver (file:///usr/share/cursor/resources/app/out/main.js:32:3595)
    at P.fire (file:///usr/share/cursor/resources/app/out/main.js:32:3915)
    at Ou.value (file:///usr/share/cursor/resources/app/out/main.js:30:6325)
    at P._deliver (file:///usr/share/cursor/resources/app/out/main.js:32:3595)
    at P.fire (file:///usr/share/cursor/resources/app/out/main.js:32:3915)
    at Ou.value (file:///usr/share/cursor/resources/app/out/main.js:30:6131)
    at P._deliver (file:///usr/share/cursor/resources/app/out/main.js:32:3595)
    at P._deliverQueue (file:///usr/share/cursor/resources/app/out/main.js:32:3686)
    at P.fire (file:///usr/share/cursor/resources/app/out/main.js:32:4022)
    at nB.deregisterLogger (file:///usr/share/cursor/resources/app/out/main.js:37:20977)
    at nB.deregisterLogger (file:///usr/share/cursor/resources/app/out/main.js:76:37999)
    at nB.deregisterLoggers (file:///usr/share/cursor/resources/app/out/main.js:76:38762)
    at zh.dispose (file:///usr/share/cursor/resources/app/out/main.js:146:514)
    at Ou.value (file:///usr/share/cursor/resources/app/out/main.js:142:44247)
    at P._deliver (file:///usr/share/cursor/resources/app/out/main.js:32:3595)
    at P.fire (file:///usr/share/cursor/resources/app/out/main.js:32:3915)
    at BrowserWindow.ae (file:///usr/share/cursor/resources/app/out/main.js:30:8698)
    at BrowserWindow.emit (node:events:521:24)
    at zh.destroyWindow (file:///usr/share/cursor/resources/app/out/main.js:142:59455)
    at zh.onWindowError (file:///usr/share/cursor/resources/app/out/main.js:142:58756)
Error sending from webFrameMain:  Error: Render frame was disposed before WebFrameMain could be accessed
    at s.send (node:electron/js2c/browser_init:2:103455)
    at b.send (node:electron/js2c/browser_init:2:87820)
    at Lx.send (file:///usr/share/cursor/resources/app/out/main.js:35:32772)
    at _b.sendBuffer (file:///usr/share/cursor/resources/app/out/main.js:33:12539)
    at _b.send (file:///usr/share/cursor/resources/app/out/main.js:33:12458)
    at _b.sendResponse (file:///usr/share/cursor/resources/app/out/main.js:33:12305)
    at Ou.value (file:///usr/share/cursor/resources/app/out/main.js:34:343)
    at P._deliver (file:///usr/share/cursor/resources/app/out/main.js:32:3595)
    at P.fire (file:///usr/share/cursor/resources/app/out/main.js:32:3915)
    at Ou.value (file:///usr/share/cursor/resources/app/out/main.js:30:6325)
    at P._deliver (file:///usr/share/cursor/resources/app/out/main.js:32:3595)
    at P.fire (file:///usr/share/cursor/resources/app/out/main.js:32:3915)
    at Ou.value (file:///usr/share/cursor/resources/app/out/main.js:30:6131)
    at P._deliver (file:///usr/share/cursor/resources/app/out/main.js:32:3595)
    at P._deliverQueue (file:///usr/share/cursor/resources/app/out/main.js:32:3686)
    at P.fire (file:///usr/share/cursor/resources/app/out/main.js:32:4022)
    at nB.deregisterLogger (file:///usr/share/cursor/resources/app/out/main.js:37:20977)
    at nB.deregisterLogger (file:///usr/share/cursor/resources/app/out/main.js:76:37999)
    at nB.deregisterLoggers (file:///usr/share/cursor/resources/app/out/main.js:76:38762)
    at zh.dispose (file:///usr/share/cursor/resources/app/out/main.js:146:514)
    at Ou.value (file:///usr/share/cursor/resources/app/out/main.js:142:44247)
    at P._deliver (file:///usr/share/cursor/resources/app/out/main.js:32:3595)
    at P.fire (file:///usr/share/cursor/resources/app/out/main.js:32:3915)
    at BrowserWindow.ae (file:///usr/share/cursor/resources/app/out/main.js:30:8698)
    at BrowserWindow.emit (node:events:521:24)
    at zh.destroyWindow (file:///usr/share/cursor/resources/app/out/main.js:142:59455)
    at zh.onWindowError (file:///usr/share/cursor/resources/app/out/main.js:142:58756)
Error sending from webFrameMain:  Error: Render frame was disposed before WebFrameMain could be accessed
    at s.send (node:electron/js2c/browser_init:2:103455)
    at b.send (node:electron/js2c/browser_init:2:87820)
    at Lx.send (file:///usr/share/cursor/resources/app/out/main.js:35:32772)
    at _b.sendBuffer (file:///usr/share/cursor/resources/app/out/main.js:33:12539)
    at _b.send (file:///usr/share/cursor/resources/app/out/main.js:33:12458)
    at _b.sendResponse (file:///usr/share/cursor/resources/app/out/main.js:33:12305)
    at Ou.value (file:///usr/share/cursor/resources/app/out/main.js:34:343)
    at P._deliver (file:///usr/share/cursor/resources/app/out/main.js:32:3595)
    at P.fire (file:///usr/share/cursor/resources/app/out/main.js:32:3915)
    at Ou.value (file:///usr/share/cursor/resources/app/out/main.js:30:6325)
    at P._deliver (file:///usr/share/cursor/resources/app/out/main.js:32:3595)
    at P.fire (file:///usr/share/cursor/resources/app/out/main.js:32:3915)
    at Ou.value (file:///usr/share/cursor/resources/app/out/main.js:30:6131)
    at P._deliver (file:///usr/share/cursor/resources/app/out/main.js:32:3595)
    at P._deliverQueue (file:///usr/share/cursor/resources/app/out/main.js:32:3686)
    at P.fire (file:///usr/share/cursor/resources/app/out/main.js:32:4022)
    at nB.deregisterLogger (file:///usr/share/cursor/resources/app/out/main.js:37:20977)
    at nB.deregisterLogger (file:///usr/share/cursor/resources/app/out/main.js:76:37999)
    at nB.deregisterLoggers (file:///usr/share/cursor/resources/app/out/main.js:76:38762)
    at zh.dispose (file:///usr/share/cursor/resources/app/out/main.js:146:514)
    at Ou.value (file:///usr/share/cursor/resources/app/out/main.js:142:44247)
    at P._deliver (file:///usr/share/cursor/resources/app/out/main.js:32:3595)
    at P.fire (file:///usr/share/cursor/resources/app/out/main.js:32:3915)
    at BrowserWindow.ae (file:///usr/share/cursor/resources/app/out/main.js:30:8698)
    at BrowserWindow.emit (node:events:521:24)
    at zh.destroyWindow (file:///usr/share/cursor/resources/app/out/main.js:142:59455)
    at zh.onWindowError (file:///usr/share/cursor/resources/app/out/main.js:142:58756)
Error sending from webFrameMain:  Error: Render frame was disposed before WebFrameMain could be accessed
    at s.send (node:electron/js2c/browser_init:2:103455)
    at b.send (node:electron/js2c/browser_init:2:87820)
    at Lx.send (file:///usr/share/cursor/resources/app/out/main.js:35:32772)
    at _b.sendBuffer (file:///usr/share/cursor/resources/app/out/main.js:33:12539)
    at _b.send (file:///usr/share/cursor/resources/app/out/main.js:33:12458)
    at _b.sendResponse (file:///usr/share/cursor/resources/app/out/main.js:33:12305)
    at Ou.value (file:///usr/share/cursor/resources/app/out/main.js:34:343)
    at P._deliver (file:///usr/share/cursor/resources/app/out/main.js:32:3595)
    at P.fire (file:///usr/share/cursor/resources/app/out/main.js:32:3915)
    at Ou.value (file:///usr/share/cursor/resources/app/out/main.js:30:6325)
    at P._deliver (file:///usr/share/cursor/resources/app/out/main.js:32:3595)
    at P.fire (file:///usr/share/cursor/resources/app/out/main.js:32:3915)
    at Ou.value (file:///usr/share/cursor/resources/app/out/main.js:30:6131)
    at P._deliver (file:///usr/share/cursor/resources/app/out/main.js:32:3595)
    at P._deliverQueue (file:///usr/share/cursor/resources/app/out/main.js:32:3686)
    at P.fire (file:///usr/share/cursor/resources/app/out/main.js:32:4022)
    at nB.deregisterLogger (file:///usr/share/cursor/resources/app/out/main.js:37:20977)
    at nB.deregisterLogger (file:///usr/share/cursor/resources/app/out/main.js:76:37999)
    at nB.deregisterLoggers (file:///usr/share/cursor/resources/app/out/main.js:76:38762)
    at zh.dispose (file:///usr/share/cursor/resources/app/out/main.js:146:514)
    at Ou.value (file:///usr/share/cursor/resources/app/out/main.js:142:44247)
    at P._deliver (file:///usr/share/cursor/resources/app/out/main.js:32:3595)
    at P.fire (file:///usr/share/cursor/resources/app/out/main.js:32:3915)
    at BrowserWindow.ae (file:///usr/share/cursor/resources/app/out/main.js:30:8698)
    at BrowserWindow.emit (node:events:521:24)
    at zh.destroyWindow (file:///usr/share/cursor/resources/app/out/main.js:142:59455)
    at zh.onWindowError (file:///usr/share/cursor/resources/app/out/main.js:142:58756)
Error sending from webFrameMain:  Error: Render frame was disposed before WebFrameMain could be accessed
    at s.send (node:electron/js2c/browser_init:2:103455)
    at b.send (node:electron/js2c/browser_init:2:87820)
    at Lx.send (file:///usr/share/cursor/resources/app/out/main.js:35:32772)
    at _b.sendBuffer (file:///usr/share/cursor/resources/app/out/main.js:33:12539)
    at _b.send (file:///usr/share/cursor/resources/app/out/main.js:33:12458)
    at _b.sendResponse (file:///usr/share/cursor/resources/app/out/main.js:33:12305)
    at Ou.value (file:///usr/share/cursor/resources/app/out/main.js:34:343)
    at P._deliver (file:///usr/share/cursor/resources/app/out/main.js:32:3595)
    at P.fire (file:///usr/share/cursor/resources/app/out/main.js:32:3915)
    at Ou.value (file:///usr/share/cursor/resources/app/out/main.js:30:6325)
    at P._deliver (file:///usr/share/cursor/resources/app/out/main.js:32:3595)
    at P.fire (file:///usr/share/cursor/resources/app/out/main.js:32:3915)
    at Ou.value (file:///usr/share/cursor/resources/app/out/main.js:30:6131)
    at P._deliver (file:///usr/share/cursor/resources/app/out/main.js:32:3595)
    at P._deliverQueue (file:///usr/share/cursor/resources/app/out/main.js:32:3686)
    at P.fire (file:///usr/share/cursor/resources/app/out/main.js:32:4022)
    at nB.deregisterLogger (file:///usr/share/cursor/resources/app/out/main.js:37:20977)
    at nB.deregisterLogger (file:///usr/share/cursor/resources/app/out/main.js:76:37999)
    at nB.deregisterLoggers (file:///usr/share/cursor/resources/app/out/main.js:76:38762)
    at zh.dispose (file:///usr/share/cursor/resources/app/out/main.js:146:514)
    at Ou.value (file:///usr/share/cursor/resources/app/out/main.js:142:44247)
    at P._deliver (file:///usr/share/cursor/resources/app/out/main.js:32:3595)
    at P.fire (file:///usr/share/cursor/resources/app/out/main.js:32:3915)
    at BrowserWindow.ae (file:///usr/share/cursor/resources/app/out/main.js:30:8698)
    at BrowserWindow.emit (node:events:521:24)
    at zh.destroyWindow (file:///usr/share/cursor/resources/app/out/main.js:142:59455)
    at zh.onWindowError (file:///usr/share/cursor/resources/app/out/main.js:142:58756)
Error sending from webFrameMain:  Error: Render frame was disposed before WebFrameMain could be accessed
    at s.send (node:electron/js2c/browser_init:2:103455)
    at b.send (node:electron/js2c/browser_init:2:87820)
    at Lx.send (file:///usr/share/cursor/resources/app/out/main.js:35:32772)
    at _b.sendBuffer (file:///usr/share/cursor/resources/app/out/main.js:33:12539)
    at _b.send (file:///usr/share/cursor/resources/app/out/main.js:33:12458)
    at _b.sendResponse (file:///usr/share/cursor/resources/app/out/main.js:33:12305)
    at Ou.value (file:///usr/share/cursor/resources/app/out/main.js:34:343)
    at P._deliver (file:///usr/share/cursor/resources/app/out/main.js:32:3595)
    at P.fire (file:///usr/share/cursor/resources/app/out/main.js:32:3915)
    at Ou.value (file:///usr/share/cursor/resources/app/out/main.js:30:6325)
    at P._deliver (file:///usr/share/cursor/resources/app/out/main.js:32:3595)
    at P.fire (file:///usr/share/cursor/resources/app/out/main.js:32:3915)
    at Ou.value (file:///usr/share/cursor/resources/app/out/main.js:30:6131)
    at P._deliver (file:///usr/share/cursor/resources/app/out/main.js:32:3595)
    at P._deliverQueue (file:///usr/share/cursor/resources/app/out/main.js:32:3686)
    at P.fire (file:///usr/share/cursor/resources/app/out/main.js:32:4022)
    at nB.deregisterLogger (file:///usr/share/cursor/resources/app/out/main.js:37:20977)
    at nB.deregisterLogger (file:///usr/share/cursor/resources/app/out/main.js:76:37999)
    at nB.deregisterLoggers (file:///usr/share/cursor/resources/app/out/main.js:76:38762)
    at zh.dispose (file:///usr/share/cursor/resources/app/out/main.js:146:514)
    at Ou.value (file:///usr/share/cursor/resources/app/out/main.js:142:44247)
    at P._deliver (file:///usr/share/cursor/resources/app/out/main.js:32:3595)
    at P.fire (file:///usr/share/cursor/resources/app/out/main.js:32:3915)
    at BrowserWindow.ae (file:///usr/share/cursor/resources/app/out/main.js:30:8698)
    at BrowserWindow.emit (node:events:521:24)
    at zh.destroyWindow (file:///usr/share/cursor/resources/app/out/main.js:142:59455)
    at zh.onWindowError (file:///usr/share/cursor/resources/app/out/main.js:142:58756)
Error sending from webFrameMain:  Error: Render frame was disposed before WebFrameMain could be accessed
    at s.send (node:electron/js2c/browser_init:2:103455)
    at b.send (node:electron/js2c/browser_init:2:87820)
    at Lx.send (file:///usr/share/cursor/resources/app/out/main.js:35:32772)
    at _b.sendBuffer (file:///usr/share/cursor/resources/app/out/main.js:33:12539)
    at _b.send (file:///usr/share/cursor/resources/app/out/main.js:33:12458)
    at _b.sendResponse (file:///usr/share/cursor/resources/app/out/main.js:33:12305)
    at Ou.value (file:///usr/share/cursor/resources/app/out/main.js:34:343)
    at P._deliver (file:///usr/share/cursor/resources/app/out/main.js:32:3595)
    at P.fire (file:///usr/share/cursor/resources/app/out/main.js:32:3915)
    at Ou.value (file:///usr/share/cursor/resources/app/out/main.js:30:6325)
    at P._deliver (file:///usr/share/cursor/resources/app/out/main.js:32:3595)
    at P.fire (file:///usr/share/cursor/resources/app/out/main.js:32:3915)
    at Ou.value (file:///usr/share/cursor/resources/app/out/main.js:30:6131)
    at P._deliver (file:///usr/share/cursor/resources/app/out/main.js:32:3595)
    at P._deliverQueue (file:///usr/share/cursor/resources/app/out/main.js:32:3686)
    at P.fire (file:///usr/share/cursor/resources/app/out/main.js:32:4022)
    at nB.deregisterLogger (file:///usr/share/cursor/resources/app/out/main.js:37:20977)
    at nB.deregisterLogger (file:///usr/share/cursor/resources/app/out/main.js:76:37999)
    at nB.deregisterLoggers (file:///usr/share/cursor/resources/app/out/main.js:76:38762)
    at zh.dispose (file:///usr/share/cursor/resources/app/out/main.js:146:514)
    at Ou.value (file:///usr/share/cursor/resources/app/out/main.js:142:44247)
    at P._deliver (file:///usr/share/cursor/resources/app/out/main.js:32:3595)
    at P.fire (file:///usr/share/cursor/resources/app/out/main.js:32:3915)
    at BrowserWindow.ae (file:///usr/share/cursor/resources/app/out/main.js:30:8698)
    at BrowserWindow.emit (node:events:521:24)
    at zh.destroyWindow (file:///usr/share/cursor/resources/app/out/main.js:142:59455)
    at zh.onWindowError (file:///usr/share/cursor/resources/app/out/main.js:142:58756)
Error sending from webFrameMain:  Error: Render frame was disposed before WebFrameMain could be accessed
    at s.send (node:electron/js2c/browser_init:2:103455)
    at b.send (node:electron/js2c/browser_init:2:87820)
    at Lx.send (file:///usr/share/cursor/resources/app/out/main.js:35:32772)
    at _b.sendBuffer (file:///usr/share/cursor/resources/app/out/main.js:33:12539)
    at _b.send (file:///usr/share/cursor/resources/app/out/main.js:33:12458)
    at _b.sendResponse (file:///usr/share/cursor/resources/app/out/main.js:33:12305)
    at Ou.value (file:///usr/share/cursor/resources/app/out/main.js:34:343)
    at P._deliver (file:///usr/share/cursor/resources/app/out/main.js:32:3595)
    at P.fire (file:///usr/share/cursor/resources/app/out/main.js:32:3915)
    at Ou.value (file:///usr/share/cursor/resources/app/out/main.js:30:6325)
    at P._deliver (file:///usr/share/cursor/resources/app/out/main.js:32:3595)
    at P.fire (file:///usr/share/cursor/resources/app/out/main.js:32:3915)
    at Ou.value (file:///usr/share/cursor/resources/app/out/main.js:30:6131)
    at P._deliver (file:///usr/share/cursor/resources/app/out/main.js:32:3595)
    at P._deliverQueue (file:///usr/share/cursor/resources/app/out/main.js:32:3686)
    at P.fire (file:///usr/share/cursor/resources/app/out/main.js:32:4022)
    at nB.deregisterLogger (file:///usr/share/cursor/resources/app/out/main.js:37:20977)
    at nB.deregisterLogger (file:///usr/share/cursor/resources/app/out/main.js:76:37999)
    at nB.deregisterLoggers (file:///usr/share/cursor/resources/app/out/main.js:76:38762)
    at zh.dispose (file:///usr/share/cursor/resources/app/out/main.js:146:514)
    at Ou.value (file:///usr/share/cursor/resources/app/out/main.js:142:44247)
    at P._deliver (file:///usr/share/cursor/resources/app/out/main.js:32:3595)
    at P.fire (file:///usr/share/cursor/resources/app/out/main.js:32:3915)
    at BrowserWindow.ae (file:///usr/share/cursor/resources/app/out/main.js:30:8698)
    at BrowserWindow.emit (node:events:521:24)
    at zh.destroyWindow (file:///usr/share/cursor/resources/app/out/main.js:142:59455)
    at zh.onWindowError (file:///usr/share/cursor/resources/app/out/main.js:142:58756)
Error sending from webFrameMain:  Error: Render frame was disposed before WebFrameMain could be accessed
    at s.send (node:electron/js2c/browser_init:2:103455)
    at b.send (node:electron/js2c/browser_init:2:87820)
    at Lx.send (file:///usr/share/cursor/resources/app/out/main.js:35:32772)
    at _b.sendBuffer (file:///usr/share/cursor/resources/app/out/main.js:33:12539)
    at _b.send (file:///usr/share/cursor/resources/app/out/main.js:33:12458)
    at _b.sendResponse (file:///usr/share/cursor/resources/app/out/main.js:33:12305)
    at Ou.value (file:///usr/share/cursor/resources/app/out/main.js:34:343)
    at P._deliver (file:///usr/share/cursor/resources/app/out/main.js:32:3595)
    at P.fire (file:///usr/share/cursor/resources/app/out/main.js:32:3915)
    at Ou.value (file:///usr/share/cursor/resources/app/out/main.js:30:6325)
    at P._deliver (file:///usr/share/cursor/resources/app/out/main.js:32:3595)
    at P.fire (file:///usr/share/cursor/resources/app/out/main.js:32:3915)
    at Ou.value (file:///usr/share/cursor/resources/app/out/main.js:30:6131)
    at P._deliver (file:///usr/share/cursor/resources/app/out/main.js:32:3595)
    at P._deliverQueue (file:///usr/share/cursor/resources/app/out/main.js:32:3686)
    at P.fire (file:///usr/share/cursor/resources/app/out/main.js:32:4022)
    at nB.deregisterLogger (file:///usr/share/cursor/resources/app/out/main.js:37:20977)
    at nB.deregisterLogger (file:///usr/share/cursor/resources/app/out/main.js:76:37999)
    at nB.deregisterLoggers (file:///usr/share/cursor/resources/app/out/main.js:76:38762)
    at zh.dispose (file:///usr/share/cursor/resources/app/out/main.js:146:514)
    at Ou.value (file:///usr/share/cursor/resources/app/out/main.js:142:44247)
    at P._deliver (file:///usr/share/cursor/resources/app/out/main.js:32:3595)
    at P.fire (file:///usr/share/cursor/resources/app/out/main.js:32:3915)
    at BrowserWindow.ae (file:///usr/share/cursor/resources/app/out/main.js:30:8698)
    at BrowserWindow.emit (node:events:521:24)
    at zh.destroyWindow (file:///usr/share/cursor/resources/app/out/main.js:142:59455)
    at zh.onWindowError (file:///usr/share/cursor/resources/app/out/main.js:142:58756)
Error sending from webFrameMain:  Error: Render frame was disposed before WebFrameMain could be accessed
    at s.send (node:electron/js2c/browser_init:2:103455)
    at b.send (node:electron/js2c/browser_init:2:87820)
    at Lx.send (file:///usr/share/cursor/resources/app/out/main.js:35:32772)
    at _b.sendBuffer (file:///usr/share/cursor/resources/app/out/main.js:33:12539)
    at _b.send (file:///usr/share/cursor/resources/app/out/main.js:33:12458)
    at _b.sendResponse (file:///usr/share/cursor/resources/app/out/main.js:33:12305)
    at Ou.value (file:///usr/share/cursor/resources/app/out/main.js:34:343)
    at P._deliver (file:///usr/share/cursor/resources/app/out/main.js:32:3595)
    at P.fire (file:///usr/share/cursor/resources/app/out/main.js:32:3915)
    at Ou.value (file:///usr/share/cursor/resources/app/out/main.js:30:6325)
    at P._deliver (file:///usr/share/cursor/resources/app/out/main.js:32:3595)
    at P.fire (file:///usr/share/cursor/resources/app/out/main.js:32:3915)
    at Ou.value (file:///usr/share/cursor/resources/app/out/main.js:30:6131)
    at P._deliver (file:///usr/share/cursor/resources/app/out/main.js:32:3595)
    at P._deliverQueue (file:///usr/share/cursor/resources/app/out/main.js:32:3686)
    at P.fire (file:///usr/share/cursor/resources/app/out/main.js:32:4022)
    at nB.deregisterLogger (file:///usr/share/cursor/resources/app/out/main.js:37:20977)
    at nB.deregisterLogger (file:///usr/share/cursor/resources/app/out/main.js:76:37999)
    at nB.deregisterLoggers (file:///usr/share/cursor/resources/app/out/main.js:76:38762)
    at zh.dispose (file:///usr/share/cursor/resources/app/out/main.js:146:514)
    at Ou.value (file:///usr/share/cursor/resources/app/out/main.js:142:44247)
    at P._deliver (file:///usr/share/cursor/resources/app/out/main.js:32:3595)
    at P.fire (file:///usr/share/cursor/resources/app/out/main.js:32:3915)
    at BrowserWindow.ae (file:///usr/share/cursor/resources/app/out/main.js:30:8698)
    at BrowserWindow.emit (node:events:521:24)
    at zh.destroyWindow (file:///usr/share/cursor/resources/app/out/main.js:142:59455)
    at zh.onWindowError (file:///usr/share/cursor/resources/app/out/main.js:142:58756)
Error sending from webFrameMain:  Error: Render frame was disposed before WebFrameMain could be accessed
    at s.send (node:electron/js2c/browser_init:2:103455)
    at b.send (node:electron/js2c/browser_init:2:87820)
    at Lx.send (file:///usr/share/cursor/resources/app/out/main.js:35:32772)
    at _b.sendBuffer (file:///usr/share/cursor/resources/app/out/main.js:33:12539)
    at _b.send (file:///usr/share/cursor/resources/app/out/main.js:33:12458)
    at _b.sendResponse (file:///usr/share/cursor/resources/app/out/main.js:33:12305)
    at Ou.value (file:///usr/share/cursor/resources/app/out/main.js:34:343)
    at P._deliver (file:///usr/share/cursor/resources/app/out/main.js:32:3595)
    at P.fire (file:///usr/share/cursor/resources/app/out/main.js:32:3915)
    at Ou.value (file:///usr/share/cursor/resources/app/out/main.js:30:6325)
    at P._deliver (file:///usr/share/cursor/resources/app/out/main.js:32:3595)
    at P.fire (file:///usr/share/cursor/resources/app/out/main.js:32:3915)
    at Ou.value (file:///usr/share/cursor/resources/app/out/main.js:30:6131)
    at P._deliver (file:///usr/share/cursor/resources/app/out/main.js:32:3595)
    at P._deliverQueue (file:///usr/share/cursor/resources/app/out/main.js:32:3686)
    at P.fire (file:///usr/share/cursor/resources/app/out/main.js:32:4022)
    at nB.deregisterLogger (file:///usr/share/cursor/resources/app/out/main.js:37:20977)
    at nB.deregisterLogger (file:///usr/share/cursor/resources/app/out/main.js:76:37999)
    at nB.deregisterLoggers (file:///usr/share/cursor/resources/app/out/main.js:76:38762)
    at zh.dispose (file:///usr/share/cursor/resources/app/out/main.js:146:514)
    at Ou.value (file:///usr/share/cursor/resources/app/out/main.js:142:44247)
    at P._deliver (file:///usr/share/cursor/resources/app/out/main.js:32:3595)
    at P.fire (file:///usr/share/cursor/resources/app/out/main.js:32:3915)
    at BrowserWindow.ae (file:///usr/share/cursor/resources/app/out/main.js:30:8698)
    at BrowserWindow.emit (node:events:521:24)
    at zh.destroyWindow (file:///usr/share/cursor/resources/app/out/main.js:142:59455)
    at zh.onWindowError (file:///usr/share/cursor/resources/app/out/main.js:142:58756)
Error sending from webFrameMain:  Error: Render frame was disposed before WebFrameMain could be accessed
    at s.send (node:electron/js2c/browser_init:2:103455)
    at b.send (node:electron/js2c/browser_init:2:87820)
    at Lx.send (file:///usr/share/cursor/resources/app/out/main.js:35:32772)
    at _b.sendBuffer (file:///usr/share/cursor/resources/app/out/main.js:33:12539)
    at _b.send (file:///usr/share/cursor/resources/app/out/main.js:33:12458)
    at _b.sendResponse (file:///usr/share/cursor/resources/app/out/main.js:33:12305)
    at Ou.value (file:///usr/share/cursor/resources/app/out/main.js:34:343)
    at P._deliver (file:///usr/share/cursor/resources/app/out/main.js:32:3595)
    at P.fire (file:///usr/share/cursor/resources/app/out/main.js:32:3915)
    at Ou.value (file:///usr/share/cursor/resources/app/out/main.js:30:6325)
    at P._deliver (file:///usr/share/cursor/resources/app/out/main.js:32:3595)
    at P.fire (file:///usr/share/cursor/resources/app/out/main.js:32:3915)
    at Ou.value (file:///usr/share/cursor/resources/app/out/main.js:30:6131)
    at P._deliver (file:///usr/share/cursor/resources/app/out/main.js:32:3595)
    at P._deliverQueue (file:///usr/share/cursor/resources/app/out/main.js:32:3686)
    at P.fire (file:///usr/share/cursor/resources/app/out/main.js:32:4022)
    at nB.deregisterLogger (file:///usr/share/cursor/resources/app/out/main.js:37:20977)
    at nB.deregisterLogger (file:///usr/share/cursor/resources/app/out/main.js:76:37999)
    at nB.deregisterLoggers (file:///usr/share/cursor/resources/app/out/main.js:76:38762)
    at zh.dispose (file:///usr/share/cursor/resources/app/out/main.js:146:514)
    at Ou.value (file:///usr/share/cursor/resources/app/out/main.js:142:44247)
    at P._deliver (file:///usr/share/cursor/resources/app/out/main.js:32:3595)
    at P.fire (file:///usr/share/cursor/resources/app/out/main.js:32:3915)
    at BrowserWindow.ae (file:///usr/share/cursor/resources/app/out/main.js:30:8698)
    at BrowserWindow.emit (node:events:521:24)
    at zh.destroyWindow (file:///usr/share/cursor/resources/app/out/main.js:142:59455)
    at zh.onWindowError (file:///usr/share/cursor/resources/app/out/main.js:142:58756)
Error sending from webFrameMain:  Error: Render frame was disposed before WebFrameMain could be accessed
    at s.send (node:electron/js2c/browser_init:2:103455)
    at b.send (node:electron/js2c/browser_init:2:87820)
    at Lx.send (file:///usr/share/cursor/resources/app/out/main.js:35:32772)
    at _b.sendBuffer (file:///usr/share/cursor/resources/app/out/main.js:33:12539)
    at _b.send (file:///usr/share/cursor/resources/app/out/main.js:33:12458)
    at _b.sendResponse (file:///usr/share/cursor/resources/app/out/main.js:33:12305)
    at Ou.value (file:///usr/share/cursor/resources/app/out/main.js:34:343)
    at P._deliver (file:///usr/share/cursor/resources/app/out/main.js:32:3595)
    at P.fire (file:///usr/share/cursor/resources/app/out/main.js:32:3915)
    at Ou.value (file:///usr/share/cursor/resources/app/out/main.js:30:6325)
    at P._deliver (file:///usr/share/cursor/resources/app/out/main.js:32:3595)
    at P.fire (file:///usr/share/cursor/resources/app/out/main.js:32:3915)
    at Ou.value (file:///usr/share/cursor/resources/app/out/main.js:30:6131)
    at P._deliver (file:///usr/share/cursor/resources/app/out/main.js:32:3595)
    at P._deliverQueue (file:///usr/share/cursor/resources/app/out/main.js:32:3686)
    at P.fire (file:///usr/share/cursor/resources/app/out/main.js:32:4022)
    at nB.deregisterLogger (file:///usr/share/cursor/resources/app/out/main.js:37:20977)
    at nB.deregisterLogger (file:///usr/share/cursor/resources/app/out/main.js:76:37999)
    at nB.deregisterLoggers (file:///usr/share/cursor/resources/app/out/main.js:76:38762)
    at zh.dispose (file:///usr/share/cursor/resources/app/out/main.js:146:514)
    at Ou.value (file:///usr/share/cursor/resources/app/out/main.js:142:44247)
    at P._deliver (file:///usr/share/cursor/resources/app/out/main.js:32:3595)
    at P.fire (file:///usr/share/cursor/resources/app/out/main.js:32:3915)
    at BrowserWindow.ae (file:///usr/share/cursor/resources/app/out/main.js:30:8698)
    at BrowserWindow.emit (node:events:521:24)
    at zh.destroyWindow (file:///usr/share/cursor/resources/app/out/main.js:142:59455)
    at zh.onWindowError (file:///usr/share/cursor/resources/app/out/main.js:142:58756)
Error sending from webFrameMain:  Error: Render frame was disposed before WebFrameMain could be accessed
    at s.send (node:electron/js2c/browser_init:2:103455)
    at b.send (node:electron/js2c/browser_init:2:87820)
    at Lx.send (file:///usr/share/cursor/resources/app/out/main.js:35:32772)
    at _b.sendBuffer (file:///usr/share/cursor/resources/app/out/main.js:33:12539)
    at _b.send (file:///usr/share/cursor/resources/app/out/main.js:33:12458)
    at _b.sendResponse (file:///usr/share/cursor/resources/app/out/main.js:33:12305)
    at Ou.value (file:///usr/share/cursor/resources/app/out/main.js:34:343)
    at P._deliver (file:///usr/share/cursor/resources/app/out/main.js:32:3595)
    at P.fire (file:///usr/share/cursor/resources/app/out/main.js:32:3915)
    at Ou.value (file:///usr/share/cursor/resources/app/out/main.js:30:6325)
    at P._deliver (file:///usr/share/cursor/resources/app/out/main.js:32:3595)
    at P.fire (file:///usr/share/cursor/resources/app/out/main.js:32:3915)
    at Ou.value (file:///usr/share/cursor/resources/app/out/main.js:30:6131)
    at P._deliver (file:///usr/share/cursor/resources/app/out/main.js:32:3595)
    at P._deliverQueue (file:///usr/share/cursor/resources/app/out/main.js:32:3686)
    at P.fire (file:///usr/share/cursor/resources/app/out/main.js:32:4022)
    at nB.deregisterLogger (file:///usr/share/cursor/resources/app/out/main.js:37:20977)
    at nB.deregisterLogger (file:///usr/share/cursor/resources/app/out/main.js:76:37999)
    at nB.deregisterLoggers (file:///usr/share/cursor/resources/app/out/main.js:76:38762)
    at zh.dispose (file:///usr/share/cursor/resources/app/out/main.js:146:514)
    at Ou.value (file:///usr/share/cursor/resources/app/out/main.js:142:44247)
    at P._deliver (file:///usr/share/cursor/resources/app/out/main.js:32:3595)
    at P.fire (file:///usr/share/cursor/resources/app/out/main.js:32:3915)
    at BrowserWindow.ae (file:///usr/share/cursor/resources/app/out/main.js:30:8698)
    at BrowserWindow.emit (node:events:521:24)
    at zh.destroyWindow (file:///usr/share/cursor/resources/app/out/main.js:142:59455)
    at zh.onWindowError (file:///usr/share/cursor/resources/app/out/main.js:142:58756)
Error sending from webFrameMain:  Error: Render frame was disposed before WebFrameMain could be accessed
    at s.send (node:electron/js2c/browser_init:2:103455)
    at b.send (node:electron/js2c/browser_init:2:87820)
    at Lx.send (file:///usr/share/cursor/resources/app/out/main.js:35:32772)
    at _b.sendBuffer (file:///usr/share/cursor/resources/app/out/main.js:33:12539)
    at _b.send (file:///usr/share/cursor/resources/app/out/main.js:33:12458)
    at _b.sendResponse (file:///usr/share/cursor/resources/app/out/main.js:33:12305)
    at Ou.value (file:///usr/share/cursor/resources/app/out/main.js:34:343)
    at P._deliver (file:///usr/share/cursor/resources/app/out/main.js:32:3595)
    at P.fire (file:///usr/share/cursor/resources/app/out/main.js:32:3915)
    at Ou.value (file:///usr/share/cursor/resources/app/out/main.js:30:6325)
    at P._deliver (file:///usr/share/cursor/resources/app/out/main.js:32:3595)
    at P.fire (file:///usr/share/cursor/resources/app/out/main.js:32:3915)
    at Ou.value (file:///usr/share/cursor/resources/app/out/main.js:30:6131)
    at P._deliver (file:///usr/share/cursor/resources/app/out/main.js:32:3595)
    at P._deliverQueue (file:///usr/share/cursor/resources/app/out/main.js:32:3686)
    at P.fire (file:///usr/share/cursor/resources/app/out/main.js:32:4022)
    at nB.deregisterLogger (file:///usr/share/cursor/resources/app/out/main.js:37:20977)
    at nB.deregisterLogger (file:///usr/share/cursor/resources/app/out/main.js:76:37999)
    at nB.deregisterLoggers (file:///usr/share/cursor/resources/app/out/main.js:76:38762)
    at zh.dispose (file:///usr/share/cursor/resources/app/out/main.js:146:514)
    at Ou.value (file:///usr/share/cursor/resources/app/out/main.js:142:44247)
    at P._deliver (file:///usr/share/cursor/resources/app/out/main.js:32:3595)
    at P.fire (file:///usr/share/cursor/resources/app/out/main.js:32:3915)
    at BrowserWindow.ae (file:///usr/share/cursor/resources/app/out/main.js:30:8698)
    at BrowserWindow.emit (node:events:521:24)
    at zh.destroyWindow (file:///usr/share/cursor/resources/app/out/main.js:142:59455)
    at zh.onWindowError (file:///usr/share/cursor/resources/app/out/main.js:142:58756)
Error sending from webFrameMain:  Error: Render frame was disposed before WebFrameMain could be accessed
    at s.send (node:electron/js2c/browser_init:2:103455)
    at b.send (node:electron/js2c/browser_init:2:87820)
    at Lx.send (file:///usr/share/cursor/resources/app/out/main.js:35:32772)
    at _b.sendBuffer (file:///usr/share/cursor/resources/app/out/main.js:33:12539)
    at _b.send (file:///usr/share/cursor/resources/app/out/main.js:33:12458)
    at _b.sendResponse (file:///usr/share/cursor/resources/app/out/main.js:33:12305)
    at Ou.value (file:///usr/share/cursor/resources/app/out/main.js:34:343)
    at P._deliver (file:///usr/share/cursor/resources/app/out/main.js:32:3595)
    at P.fire (file:///usr/share/cursor/resources/app/out/main.js:32:3915)
    at Ou.value (file:///usr/share/cursor/resources/app/out/main.js:30:6325)
    at P._deliver (file:///usr/share/cursor/resources/app/out/main.js:32:3595)
    at P.fire (file:///usr/share/cursor/resources/app/out/main.js:32:3915)
    at Ou.value (file:///usr/share/cursor/resources/app/out/main.js:30:6131)
    at P._deliver (file:///usr/share/cursor/resources/app/out/main.js:32:3595)
    at P._deliverQueue (file:///usr/share/cursor/resources/app/out/main.js:32:3686)
    at P.fire (file:///usr/share/cursor/resources/app/out/main.js:32:4022)
    at nB.deregisterLogger (file:///usr/share/cursor/resources/app/out/main.js:37:20977)
    at nB.deregisterLogger (file:///usr/share/cursor/resources/app/out/main.js:76:37999)
    at nB.deregisterLoggers (file:///usr/share/cursor/resources/app/out/main.js:76:38762)
    at zh.dispose (file:///usr/share/cursor/resources/app/out/main.js:146:514)
    at Ou.value (file:///usr/share/cursor/resources/app/out/main.js:142:44247)
    at P._deliver (file:///usr/share/cursor/resources/app/out/main.js:32:3595)
    at P.fire (file:///usr/share/cursor/resources/app/out/main.js:32:3915)
    at BrowserWindow.ae (file:///usr/share/cursor/resources/app/out/main.js:30:8698)
    at BrowserWindow.emit (node:events:521:24)
    at zh.destroyWindow (file:///usr/share/cursor/resources/app/out/main.js:142:59455)
    at zh.onWindowError (file:///usr/share/cursor/resources/app/out/main.js:142:58756)
Error sending from webFrameMain:  Error: Render frame was disposed before WebFrameMain could be accessed
    at s.send (node:electron/js2c/browser_init:2:103455)
    at b.send (node:electron/js2c/browser_init:2:87820)
    at Lx.send (file:///usr/share/cursor/resources/app/out/main.js:35:32772)
    at _b.sendBuffer (file:///usr/share/cursor/resources/app/out/main.js:33:12539)
    at _b.send (file:///usr/share/cursor/resources/app/out/main.js:33:12458)
    at _b.sendResponse (file:///usr/share/cursor/resources/app/out/main.js:33:12305)
    at Ou.value (file:///usr/share/cursor/resources/app/out/main.js:34:343)
    at P._deliver (file:///usr/share/cursor/resources/app/out/main.js:32:3595)
    at P.fire (file:///usr/share/cursor/resources/app/out/main.js:32:3915)
    at Ou.value (file:///usr/share/cursor/resources/app/out/main.js:30:6325)
    at P._deliver (file:///usr/share/cursor/resources/app/out/main.js:32:3595)
    at P.fire (file:///usr/share/cursor/resources/app/out/main.js:32:3915)
    at Ou.value (file:///usr/share/cursor/resources/app/out/main.js:30:6131)
    at P._deliver (file:///usr/share/cursor/resources/app/out/main.js:32:3595)
    at P._deliverQueue (file:///usr/share/cursor/resources/app/out/main.js:32:3686)
    at P.fire (file:///usr/share/cursor/resources/app/out/main.js:32:4022)
    at nB.deregisterLogger (file:///usr/share/cursor/resources/app/out/main.js:37:20977)
    at nB.deregisterLogger (file:///usr/share/cursor/resources/app/out/main.js:76:37999)
    at nB.deregisterLoggers (file:///usr/share/cursor/resources/app/out/main.js:76:38762)
    at zh.dispose (file:///usr/share/cursor/resources/app/out/main.js:146:514)
    at Ou.value (file:///usr/share/cursor/resources/app/out/main.js:142:44247)
    at P._deliver (file:///usr/share/cursor/resources/app/out/main.js:32:3595)
    at P.fire (file:///usr/share/cursor/resources/app/out/main.js:32:3915)
    at BrowserWindow.ae (file:///usr/share/cursor/resources/app/out/main.js:30:8698)
    at BrowserWindow.emit (node:events:521:24)
    at zh.destroyWindow (file:///usr/share/cursor/resources/app/out/main.js:142:59455)
    at zh.onWindowError (file:///usr/share/cursor/resources/app/out/main.js:142:58756)
Error sending from webFrameMain:  Error: Render frame was disposed before WebFrameMain could be accessed
    at s.send (node:electron/js2c/browser_init:2:103455)
    at b.send (node:electron/js2c/browser_init:2:87820)
    at Lx.send (file:///usr/share/cursor/resources/app/out/main.js:35:32772)
    at _b.sendBuffer (file:///usr/share/cursor/resources/app/out/main.js:33:12539)
    at _b.send (file:///usr/share/cursor/resources/app/out/main.js:33:12458)
    at _b.sendResponse (file:///usr/share/cursor/resources/app/out/main.js:33:12305)
    at Ou.value (file:///usr/share/cursor/resources/app/out/main.js:34:343)
    at P._deliver (file:///usr/share/cursor/resources/app/out/main.js:32:3595)
    at P.fire (file:///usr/share/cursor/resources/app/out/main.js:32:3915)
    at Ou.value (file:///usr/share/cursor/resources/app/out/main.js:30:6325)
    at P._deliver (file:///usr/share/cursor/resources/app/out/main.js:32:3595)
    at P.fire (file:///usr/share/cursor/resources/app/out/main.js:32:3915)
    at Ou.value (file:///usr/share/cursor/resources/app/out/main.js:30:6131)
    at P._deliver (file:///usr/share/cursor/resources/app/out/main.js:32:3595)
    at P._deliverQueue (file:///usr/share/cursor/resources/app/out/main.js:32:3686)
    at P.fire (file:///usr/share/cursor/resources/app/out/main.js:32:4022)
    at nB.deregisterLogger (file:///usr/share/cursor/resources/app/out/main.js:37:20977)
    at nB.deregisterLogger (file:///usr/share/cursor/resources/app/out/main.js:76:37999)
    at nB.deregisterLoggers (file:///usr/share/cursor/resources/app/out/main.js:76:38762)
    at zh.dispose (file:///usr/share/cursor/resources/app/out/main.js:146:514)
    at Ou.value (file:///usr/share/cursor/resources/app/out/main.js:142:44247)
    at P._deliver (file:///usr/share/cursor/resources/app/out/main.js:32:3595)
    at P.fire (file:///usr/share/cursor/resources/app/out/main.js:32:3915)
    at BrowserWindow.ae (file:///usr/share/cursor/resources/app/out/main.js:30:8698)
    at BrowserWindow.emit (node:events:521:24)
    at zh.destroyWindow (file:///usr/share/cursor/resources/app/out/main.js:142:59455)
    at zh.onWindowError (file:///usr/share/cursor/resources/app/out/main.js:142:58756)
Error sending from webFrameMain:  Error: Render frame was disposed before WebFrameMain could be accessed
    at s.send (node:electron/js2c/browser_init:2:103455)
    at b.send (node:electron/js2c/browser_init:2:87820)
    at Lx.send (file:///usr/share/cursor/resources/app/out/main.js:35:32772)
    at _b.sendBuffer (file:///usr/share/cursor/resources/app/out/main.js:33:12539)
    at _b.send (file:///usr/share/cursor/resources/app/out/main.js:33:12458)
    at _b.sendResponse (file:///usr/share/cursor/resources/app/out/main.js:33:12305)
    at Ou.value (file:///usr/share/cursor/resources/app/out/main.js:34:343)
    at P._deliver (file:///usr/share/cursor/resources/app/out/main.js:32:3595)
    at P.fire (file:///usr/share/cursor/resources/app/out/main.js:32:3915)
    at Ou.value (file:///usr/share/cursor/resources/app/out/main.js:30:6325)
    at P._deliver (file:///usr/share/cursor/resources/app/out/main.js:32:3595)
    at P.fire (file:///usr/share/cursor/resources/app/out/main.js:32:3915)
    at Ou.value (file:///usr/share/cursor/resources/app/out/main.js:30:6131)
    at P._deliver (file:///usr/share/cursor/resources/app/out/main.js:32:3595)
    at P._deliverQueue (file:///usr/share/cursor/resources/app/out/main.js:32:3686)
    at P.fire (file:///usr/share/cursor/resources/app/out/main.js:32:4022)
    at nB.deregisterLogger (file:///usr/share/cursor/resources/app/out/main.js:37:20977)
    at nB.deregisterLogger (file:///usr/share/cursor/resources/app/out/main.js:76:37999)
    at nB.deregisterLoggers (file:///usr/share/cursor/resources/app/out/main.js:76:38762)
    at zh.dispose (file:///usr/share/cursor/resources/app/out/main.js:146:514)
    at Ou.value (file:///usr/share/cursor/resources/app/out/main.js:142:44247)
    at P._deliver (file:///usr/share/cursor/resources/app/out/main.js:32:3595)
    at P.fire (file:///usr/share/cursor/resources/app/out/main.js:32:3915)
    at BrowserWindow.ae (file:///usr/share/cursor/resources/app/out/main.js:30:8698)
    at BrowserWindow.emit (node:events:521:24)
    at zh.destroyWindow (file:///usr/share/cursor/resources/app/out/main.js:142:59455)
    at zh.onWindowError (file:///usr/share/cursor/resources/app/out/main.js:142:58756)
Error sending from webFrameMain:  Error: Render frame was disposed before WebFrameMain could be accessed
    at s.send (node:electron/js2c/browser_init:2:103455)
    at b.send (node:electron/js2c/browser_init:2:87820)
    at Lx.send (file:///usr/share/cursor/resources/app/out/main.js:35:32772)
    at _b.sendBuffer (file:///usr/share/cursor/resources/app/out/main.js:33:12539)
    at _b.send (file:///usr/share/cursor/resources/app/out/main.js:33:12458)
    at _b.sendResponse (file:///usr/share/cursor/resources/app/out/main.js:33:12305)
    at Ou.value (file:///usr/share/cursor/resources/app/out/main.js:34:343)
    at P._deliver (file:///usr/share/cursor/resources/app/out/main.js:32:3595)
    at P.fire (file:///usr/share/cursor/resources/app/out/main.js:32:3915)
    at Ou.value (file:///usr/share/cursor/resources/app/out/main.js:30:6325)
    at P._deliver (file:///usr/share/cursor/resources/app/out/main.js:32:3595)
    at P.fire (file:///usr/share/cursor/resources/app/out/main.js:32:3915)
    at Ou.value (file:///usr/share/cursor/resources/app/out/main.js:30:6131)
    at P._deliver (file:///usr/share/cursor/resources/app/out/main.js:32:3595)
    at P._deliverQueue (file:///usr/share/cursor/resources/app/out/main.js:32:3686)
    at P.fire (file:///usr/share/cursor/resources/app/out/main.js:32:4022)
    at nB.deregisterLogger (file:///usr/share/cursor/resources/app/out/main.js:37:20977)
    at nB.deregisterLogger (file:///usr/share/cursor/resources/app/out/main.js:76:37999)
    at nB.deregisterLoggers (file:///usr/share/cursor/resources/app/out/main.js:76:38762)
    at zh.dispose (file:///usr/share/cursor/resources/app/out/main.js:146:514)
    at Ou.value (file:///usr/share/cursor/resources/app/out/main.js:142:44247)
    at P._deliver (file:///usr/share/cursor/resources/app/out/main.js:32:3595)
    at P.fire (file:///usr/share/cursor/resources/app/out/main.js:32:3915)
    at BrowserWindow.ae (file:///usr/share/cursor/resources/app/out/main.js:30:8698)
    at BrowserWindow.emit (node:events:521:24)
    at zh.destroyWindow (file:///usr/share/cursor/resources/app/out/main.js:142:59455)
    at zh.onWindowError (file:///usr/share/cursor/resources/app/out/main.js:142:58756)
