[9416:0924/132410.727715:ERROR:dbus/bus.cc:406] Failed to connect to the bus: Failed to connect to socket /run/dbus/system_bus_socket: No such file or directory
Error: Unable to retrieve mac address (unexpected format)
    at uJe (file:///usr/share/cursor/resources/app/out/main.js:385:1979)
    at mJe (file:///usr/share/cursor/resources/app/out/main.js:385:2071)
    at file:///usr/share/cursor/resources/app/out/main.js:385:7270
    at ModuleJob.run (node:internal/modules/esm/module_job:437:25)
    at process.processTicksAndRejections (node:internal/process/task_queues:104:5)
    at async onImport.tracePromise.__proto__ (node:internal/modules/esm/loader:639:26)
    at async node:electron/js2c/browser_init:2:144690
    at async asyncRunEntryPointWithESMLoader (node:internal/modules/run_main:116:5)
(node:9416) [DEP0040] DeprecationWarning: The `punycode` module is deprecated. Please use a userland alternative instead.
(Use `cursor --trace-deprecation ...` to show where the warning was created)
[9416:0924/132414.094000:ERROR:dbus/bus.cc:406] Failed to connect to the bus: Failed to connect to socket /run/dbus/system_bus_socket: No such file or directory
[9416:0924/132414.100120:ERROR:dbus/bus.cc:406] Failed to connect to the bus: Failed to connect to socket /run/dbus/system_bus_socket: No such file or directory
[9416:0924/132414.101807:ERROR:dbus/bus.cc:406] Failed to connect to the bus: Failed to connect to socket /run/dbus/system_bus_socket: No such file or directory
[9416:0924/132414.102299:ERROR:dbus/bus.cc:406] Failed to connect to the bus: Failed to connect to socket /run/dbus/system_bus_socket: No such file or directory
[9416:0924/132414.103077:ERROR:dbus/bus.cc:406] Failed to connect to the bus: Failed to connect to socket /run/dbus/system_bus_socket: No such file or directory
[9416:0924/132414.138242:ERROR:device/udev_linux/udev_watcher.cc:51] Failed to initialize a udev monitor.

DevTools listening on ws://127.0.0.1:9233/devtools/browser/0bf419ce-7b72-450b-a515-b97942522be2
[9416:0924/132414.215194:WARNING:device/bluetooth/dbus/bluez_dbus_manager.cc:209] Floss manager service not available, cannot set Floss enable/disable.
[9416:0924/132414.215475:WARNING:electron/shell/browser/lib/power_observer_linux.cc:181] Failed to connect to PrepareForShutdown
[9416:0924/132414.215619:WARNING:electron/shell/browser/lib/power_observer_linux.cc:181] Failed to connect to PrepareForSleep
[9416:0924/132414.215708:WARNING:electron/shell/browser/lib/power_observer_linux.cc:70] org.freedesktop.login1 not available
[9416:0924/132414.287786:WARNING:components/dbus/xdg/portal.cc:122] Failed to register with org.freedesktop.host.portal.Registry
Warning: 'remote-debugging-port' is not in the list of known options, but still passed to Electron/Chromium.
Warning: 'enable-logging' is not in the list of known options, but still passed to Electron/Chromium.
Warning: 'ignore-gpu-blocklist' is not in the list of known options, but still passed to Electron/Chromium.
[9570:0924/132414.636434:INFO:third_party/skia/src/gpu/vk/VulkanPreferredFeatures.cpp:421] WARNING: VulkanPreferredFeatures::addFeaturesToQuery() was not called

[9570:0924/132414.636542:INFO:third_party/skia/src/gpu/vk/VulkanPreferredFeatures.cpp:424] WARNING: VulkanPreferredFeatures::addFeaturesToEnable() was not called

[9570:0924/132414.640853:WARNING:sandbox/policy/linux/sandbox_linux.cc:404] InitializeSandbox() called with multiple threads in process gpu-process.
[9416:0924/132414.696891:ERROR:dbus/bus.cc:406] Failed to connect to the bus: Failed to connect to socket /run/dbus/system_bus_socket: No such file or directory
[91m[main 2026-09-24T05:24:14.712Z][0m [uncaught exception in main]: Error: EFAULT: bad address in system call argument, write Error: EFAULT: bad address in system call argument, write
    at writeSync (node:fs:917:3)
    at SyncWriteStream._write (node:internal/fs/sync_write_stream:27:5)
    at writeOrBuffer (node:internal/streams/writable:570:12)
    at _write (node:internal/streams/writable:499:10)
    at Writable.write (node:internal/streams/writable:508:10)
    at execSync (node:child_process:1009:20)
    at K6 (file:///usr/share/cursor/resources/app/out/main.js:66:391)
    at $w._getTrueMachineId (file:///usr/share/cursor/resources/app/out/main.js:201:32229)
    at new $w (file:///usr/share/cursor/resources/app/out/main.js:201:31887)
    at GO._createInstance (file:///usr/share/cursor/resources/app/out/main.js:367:1498)
    at GO._createServiceInstance (file:///usr/share/cursor/resources/app/out/main.js:367:5220)
    at GO._createServiceInstanceWithOwner (file:///usr/share/cursor/resources/app/out/main.js:367:3719)
    at GO._createAndCacheServiceInstance (file:///usr/share/cursor/resources/app/out/main.js:367:3366)
    at GO._safeCreateAndCacheServiceInstance (file:///usr/share/cursor/resources/app/out/main.js:367:2413)
    at GO._getOrCreateServiceInstance (file:///usr/share/cursor/resources/app/out/main.js:367:2134)
    at Object.get (file:///usr/share/cursor/resources/app/out/main.js:367:552)
    at ou.initChannels (file:///usr/share/cursor/resources/app/out/main.js:331:19896)
    at file:///usr/share/cursor/resources/app/out/main.js:331:7827
    at GO.invokeFunction (file:///usr/share/cursor/resources/app/out/main.js:367:437)
    at ou.startup (file:///usr/share/cursor/resources/app/out/main.js:331:7804)
    at async sCe.startup (file:///usr/share/cursor/resources/app/out/main.js:371:43868) {
  errno: -14,
  syscall: 'write',
  code: 'EFAULT'
}
[9416:0924/132414.717420:ERROR:dbus/object_proxy.cc:573] Failed to call method: org.freedesktop.login1.Manager.Inhibit: object_path= /org/freedesktop/login1: unknown error type: 
[90m[main 2026-09-24T05:24:14.957Z][0m update#ctor - updates are managed by the deb package manager
[90m[main 2026-09-24T05:24:14.957Z][0m update#setState disabled
[90m[main 2026-09-24T05:24:14.957Z][0m update#ctor - updates are disabled by the platform installation method
[9416:0924/132416.615726:INFO:CONSOLE:797] "This document requires 'TrustedScript' assignment. The action has been blocked.", source: vscode-file://vscode-app/usr/share/cursor/resources/app/out/vs/workbench/workbench.glass.main.js (797)
[9416:0924/132416.615854:INFO:CONSOLE:797] "The JavaScript Function constructor does not accept TrustedString arguments. See https://github.com/w3c/webappsec-trusted-types/wiki/Trusted-Types-for-function-constructor for more information.", source: vscode-file://vscode-app/usr/share/cursor/resources/app/out/vs/workbench/workbench.glass.main.js (797)
[9416:0924/132416.789858:INFO:CONSOLE:78] "This document requires 'TrustedScript' assignment. The action has been blocked.", source: vscode-file://vscode-app/usr/share/cursor/resources/app/out/vs/workbench/workbench.glass.main.js (78)
[9416:0924/132416.789922:INFO:CONSOLE:78] "The JavaScript Function constructor does not accept TrustedString arguments. See https://github.com/w3c/webappsec-trusted-types/wiki/Trusted-Types-for-function-constructor for more information.", source: vscode-file://vscode-app/usr/share/cursor/resources/app/out/vs/workbench/workbench.glass.main.js (78)
[9416:0924/132417.594700:INFO:CONSOLE:62] "%c WARN color: #993 Missing property "alwaysKeepComposerInBound" in oldValue. Filling with value from initValue. Please add a migration if necessary.", source: vscode-file://vscode-app/usr/share/cursor/resources/app/out/vs/workbench/workbench.glass.main.js (62)
[9416:0924/132417.595457:INFO:CONSOLE:62] "%c WARN color: #993 Missing property "defaultCapabilities" in oldValue. Filling with value from initValue. Please add a migration if necessary.", source: vscode-file://vscode-app/usr/share/cursor/resources/app/out/vs/workbench/workbench.glass.main.js (62)
[9416:0924/132417.595517:INFO:CONSOLE:62] "%c WARN color: #993 Missing property "autoApplyFilesOutsideContext" in oldValue. Filling with value from initValue. Please add a migration if necessary.", source: vscode-file://vscode-app/usr/share/cursor/resources/app/out/vs/workbench/workbench.glass.main.js (62)
[9416:0924/132417.596287:INFO:CONSOLE:62] "%c WARN color: #993 Missing property "yoloCommandAllowlist" in oldValue. Filling with value from initValue. Please add a migration if necessary.", source: vscode-file://vscode-app/usr/share/cursor/resources/app/out/vs/workbench/workbench.glass.main.js (62)
[9416:0924/132417.596336:INFO:CONSOLE:62] "%c WARN color: #993 Missing property "yoloCommandDenylist" in oldValue. Filling with value from initValue. Please add a migration if necessary.", source: vscode-file://vscode-app/usr/share/cursor/resources/app/out/vs/workbench/workbench.glass.main.js (62)
[9416:0924/132417.596587:INFO:CONSOLE:62] "%c WARN color: #993 Missing property "smartAllowlistDenylist" in oldValue. Filling with value from initValue. Please add a migration if necessary.", source: vscode-file://vscode-app/usr/share/cursor/resources/app/out/vs/workbench/workbench.glass.main.js (62)
[9416:0924/132417.596623:INFO:CONSOLE:62] "%c WARN color: #993 Missing property "yoloMcpToolsDisabled" in oldValue. Filling with value from initValue. Please add a migration if necessary.", source: vscode-file://vscode-app/usr/share/cursor/resources/app/out/vs/workbench/workbench.glass.main.js (62)
[9416:0924/132417.596908:INFO:CONSOLE:62] "%c WARN color: #993 Missing property "doNotShowYoloModeWarningAgain" in oldValue. Filling with value from initValue. Please add a migration if necessary.", source: vscode-file://vscode-app/usr/share/cursor/resources/app/out/vs/workbench/workbench.glass.main.js (62)
[9416:0924/132417.596979:INFO:CONSOLE:62] "%c WARN color: #993 Missing property "doNotShowFullYoloModeWarningAgain" in oldValue. Filling with value from initValue. Please add a migration if necessary.", source: vscode-file://vscode-app/usr/share/cursor/resources/app/out/vs/workbench/workbench.glass.main.js (62)
[9416:0924/132417.597264:INFO:CONSOLE:62] "%c WARN color: #993 Missing property "selectedFakeStreamerId" in oldValue. Filling with value from initValue. Please add a migration if necessary.", source: vscode-file://vscode-app/usr/share/cursor/resources/app/out/vs/workbench/workbench.glass.main.js (62)
[9416:0924/132417.597313:INFO:CONSOLE:62] "%c WARN color: #993 Missing property "yoloDeleteFileDisabled" in oldValue. Filling with value from initValue. Please add a migration if necessary.", source: vscode-file://vscode-app/usr/share/cursor/resources/app/out/vs/workbench/workbench.glass.main.js (62)
[9416:0924/132417.597567:INFO:CONSOLE:62] "%c WARN color: #993 Missing property "yoloOutsideWorkspaceDisabled" in oldValue. Filling with value from initValue. Please add a migration if necessary.", source: vscode-file://vscode-app/usr/share/cursor/resources/app/out/vs/workbench/workbench.glass.main.js (62)
[9416:0924/132417.597607:INFO:CONSOLE:62] "%c WARN color: #993 Missing property "yoloEnableRunEverything" in oldValue. Filling with value from initValue. Please add a migration if necessary.", source: vscode-file://vscode-app/usr/share/cursor/resources/app/out/vs/workbench/workbench.glass.main.js (62)
[9416:0924/132417.597884:INFO:CONSOLE:62] "%c WARN color: #993 Missing property "enableSmartAuto" in oldValue. Filling with value from initValue. Please add a migration if necessary.", source: vscode-file://vscode-app/usr/share/cursor/resources/app/out/vs/workbench/workbench.glass.main.js (62)
[9416:0924/132417.597924:INFO:CONSOLE:62] "%c WARN color: #993 Missing property "isWebSearchToolEnabled" in oldValue. Filling with value from initValue. Please add a migration if necessary.", source: vscode-file://vscode-app/usr/share/cursor/resources/app/out/vs/workbench/workbench.glass.main.js (62)
[9416:0924/132417.598202:INFO:CONSOLE:62] "%c WARN color: #993 Missing property "isWebSearchToolEnabled2" in oldValue. Filling with value from initValue. Please add a migration if necessary.", source: vscode-file://vscode-app/usr/share/cursor/resources/app/out/vs/workbench/workbench.glass.main.js (62)
[9416:0924/132417.598245:INFO:CONSOLE:62] "%c WARN color: #993 Missing property "isWebSearchToolEnabled3" in oldValue. Filling with value from initValue. Please add a migration if necessary.", source: vscode-file://vscode-app/usr/share/cursor/resources/app/out/vs/workbench/workbench.glass.main.js (62)
[9416:0924/132417.598567:INFO:CONSOLE:62] "%c WARN color: #993 Missing property "autoAcceptWebSearchTool" in oldValue. Filling with value from initValue. Please add a migration if necessary.", source: vscode-file://vscode-app/usr/share/cursor/resources/app/out/vs/workbench/workbench.glass.main.js (62)
[9416:0924/132417.598606:INFO:CONSOLE:62] "%c WARN color: #993 Missing property "isWebFetchToolEnabled" in oldValue. Filling with value from initValue. Please add a migration if necessary.", source: vscode-file://vscode-app/usr/share/cursor/resources/app/out/vs/workbench/workbench.glass.main.js (62)
[9416:0924/132417.598892:INFO:CONSOLE:62] "%c WARN color: #993 Missing property "webFetchDomainAllowlist" in oldValue. Filling with value from initValue. Please add a migration if necessary.", source: vscode-file://vscode-app/usr/share/cursor/resources/app/out/vs/workbench/workbench.glass.main.js (62)
[9416:0924/132417.598931:INFO:CONSOLE:62] "%c WARN color: #993 Missing property "autoApproveModeTransitions" in oldValue. Filling with value from initValue. Please add a migration if necessary.", source: vscode-file://vscode-app/usr/share/cursor/resources/app/out/vs/workbench/workbench.glass.main.js (62)
[9416:0924/132417.600919:INFO:CONSOLE:62] "%c WARN color: #993 Missing property "mcpAuthBlocking" in oldValue. Filling with value from initValue. Please add a migration if necessary.", source: vscode-file://vscode-app/usr/share/cursor/resources/app/out/vs/workbench/workbench.glass.main.js (62)
[9416:0924/132417.601354:INFO:CONSOLE:62] "%c WARN color: #993 Missing property "autoApprovedModeTransitions" in oldValue. Filling with value from initValue. Please add a migration if necessary.", source: vscode-file://vscode-app/usr/share/cursor/resources/app/out/vs/workbench/workbench.glass.main.js (62)
[9416:0924/132417.601392:INFO:CONSOLE:62] "%c WARN color: #993 Missing property "autoRejectedModeTransitions" in oldValue. Filling with value from initValue. Please add a migration if necessary.", source: vscode-file://vscode-app/usr/share/cursor/resources/app/out/vs/workbench/workbench.glass.main.js (62)
[9416:0924/132417.601604:INFO:CONSOLE:62] "%c WARN color: #993 Missing property "backgroundComposerEnv" in oldValue. Filling with value from initValue. Please add a migration if necessary.", source: vscode-file://vscode-app/usr/share/cursor/resources/app/out/vs/workbench/workbench.glass.main.js (62)
[9416:0924/132417.601640:INFO:CONSOLE:62] "%c WARN color: #993 Missing property "useLegacyTerminalTool" in oldValue. Filling with value from initValue. Please add a migration if necessary.", source: vscode-file://vscode-app/usr/share/cursor/resources/app/out/vs/workbench/workbench.glass.main.js (62)
[9416:0924/132417.601835:INFO:CONSOLE:62] "%c WARN color: #993 Missing property "modes4" in oldValue. Filling with value from initValue. Please add a migration if necessary.", source: vscode-file://vscode-app/usr/share/cursor/resources/app/out/vs/workbench/workbench.glass.main.js (62)
[9416:0924/132417.601873:INFO:CONSOLE:62] "%c WARN color: #993 Missing property "codeBlockDisplayPreference" in oldValue. Filling with value from initValue. Please add a migration if necessary.", source: vscode-file://vscode-app/usr/share/cursor/resources/app/out/vs/workbench/workbench.glass.main.js (62)
[9416:0924/132417.602126:INFO:CONSOLE:62] "%c WARN color: #993 Missing property "thinkingLevel" in oldValue. Filling with value from initValue. Please add a migration if necessary.", source: vscode-file://vscode-app/usr/share/cursor/resources/app/out/vs/workbench/workbench.glass.main.js (62)
[9416:0924/132417.602163:INFO:CONSOLE:62] "%c WARN color: #993 Missing property "composerMigrationVersion" in oldValue. Filling with value from initValue. Please add a migration if necessary.", source: vscode-file://vscode-app/usr/share/cursor/resources/app/out/vs/workbench/workbench.glass.main.js (62)
[9416:0924/132417.602641:INFO:CONSOLE:62] "%c WARN color: #993 Missing property "mcpServers" in oldValue. Filling with value from initValue. Please add a migration if necessary.", source: vscode-file://vscode-app/usr/share/cursor/resources/app/out/vs/workbench/workbench.glass.main.js (62)
[9416:0924/132417.602724:INFO:CONSOLE:62] "%c WARN color: #993 Missing property "mcpDisabledTools" in oldValue. Filling with value from initValue. Please add a migration if necessary.", source: vscode-file://vscode-app/usr/share/cursor/resources/app/out/vs/workbench/workbench.glass.main.js (62)
[9416:0924/132417.603012:INFO:CONSOLE:62] "%c WARN color: #993 Missing property "availableDefaultModels2" in oldValue. Filling with value from initValue. Please add a migration if necessary.", source: vscode-file://vscode-app/usr/share/cursor/resources/app/out/vs/workbench/workbench.glass.main.js (62)
[9416:0924/132417.603056:INFO:CONSOLE:62] "%c WARN color: #993 Missing property "featureModelConfigs" in oldValue. Filling with value from initValue. Please add a migration if necessary.", source: vscode-file://vscode-app/usr/share/cursor/resources/app/out/vs/workbench/workbench.glass.main.js (62)
[9416:0924/132417.603479:INFO:CONSOLE:62] "%c WARN color: #993 Missing property "backgroundComposerState" in oldValue. Filling with value from initValue. Please add a migration if necessary.", source: vscode-file://vscode-app/usr/share/cursor/resources/app/out/vs/workbench/workbench.glass.main.js (62)
[9416:0924/132417.603520:INFO:CONSOLE:62] "%c WARN color: #993 Missing property "dialogDontAskAgainPreferences" in oldValue. Filling with value from initValue. Please add a migration if necessary.", source: vscode-file://vscode-app/usr/share/cursor/resources/app/out/vs/workbench/workbench.glass.main.js (62)
[9416:0924/132417.603782:INFO:CONSOLE:62] "%c WARN color: #993 Missing property "cursorIgnore" in oldValue. Filling with value from initValue. Please add a migration if necessary.", source: vscode-file://vscode-app/usr/share/cursor/resources/app/out/vs/workbench/workbench.glass.main.js (62)
[9416:0924/132417.603822:INFO:CONSOLE:62] "%c WARN color: #993 Missing property "teamAdminSettings" in oldValue. Filling with value from initValue. Please add a migration if necessary.", source: vscode-file://vscode-app/usr/share/cursor/resources/app/out/vs/workbench/workbench.glass.main.js (62)
[9416:0924/132417.604178:INFO:CONSOLE:62] "%c WARN color: #993 Missing property "shouldShowViewZoneWhenPreviewBoxIsClipped6" in oldValue. Filling with value from initValue. Please add a migration if necessary.", source: vscode-file://vscode-app/usr/share/cursor/resources/app/out/vs/workbench/workbench.glass.main.js (62)
[9416:0924/132417.604237:INFO:CONSOLE:62] "%c WARN color: #993 Missing property "cppModelsState" in oldValue. Filling with value from initValue. Please add a migration if necessary.", source: vscode-file://vscode-app/usr/share/cursor/resources/app/out/vs/workbench/workbench.glass.main.js (62)
[9416:0924/132417.604639:INFO:CONSOLE:62] "%c WARN color: #993 Missing property "aiSettings" in oldValue. Filling with value from initValue. Please add a migration if necessary.", source: vscode-file://vscode-app/usr/share/cursor/resources/app/out/vs/workbench/workbench.glass.main.js (62)
[9416:0924/132417.604681:INFO:CONSOLE:62] "%c WARN color: #993 Missing property "authenticationSettings" in oldValue. Filling with value from initValue. Please add a migration if necessary.", source: vscode-file://vscode-app/usr/share/cursor/resources/app/out/vs/workbench/workbench.glass.main.js (62)
[9416:0924/132417.605171:INFO:CONSOLE:62] "%c WARN color: #993 Missing property "websiteUrl" in oldValue. Filling with value from initValue. Please add a migration if necessary.", source: vscode-file://vscode-app/usr/share/cursor/resources/app/out/vs/workbench/workbench.glass.main.js (62)
[9416:0924/132417.605252:INFO:CONSOLE:62] "%c WARN color: #993 Missing property "backendUrl" in oldValue. Filling with value from initValue. Please add a migration if necessary.", source: vscode-file://vscode-app/usr/share/cursor/resources/app/out/vs/workbench/workbench.glass.main.js (62)
[9416:0924/132417.605611:INFO:CONSOLE:62] "%c WARN color: #993 Missing property "authClientId" in oldValue. Filling with value from initValue. Please add a migration if necessary.", source: vscode-file://vscode-app/usr/share/cursor/resources/app/out/vs/workbench/workbench.glass.main.js (62)
[9416:0924/132417.605695:INFO:CONSOLE:62] "%c WARN color: #993 Missing property "authDomain" in oldValue. Filling with value from initValue. Please add a migration if necessary.", source: vscode-file://vscode-app/usr/share/cursor/resources/app/out/vs/workbench/workbench.glass.main.js (62)
[9416:0924/132417.606112:INFO:CONSOLE:62] "%c WARN color: #993 Missing property "repoBackendUrl" in oldValue. Filling with value from initValue. Please add a migration if necessary.", source: vscode-file://vscode-app/usr/share/cursor/resources/app/out/vs/workbench/workbench.glass.main.js (62)
[9416:0924/132417.606174:INFO:CONSOLE:62] "%c WARN color: #993 Missing property "telemBackendUrl" in oldValue. Filling with value from initValue. Please add a migration if necessary.", source: vscode-file://vscode-app/usr/share/cursor/resources/app/out/vs/workbench/workbench.glass.main.js (62)
[9416:0924/132417.606830:INFO:CONSOLE:62] "%c WARN color: #993 Missing property "cmdkBackendUrl" in oldValue. Filling with value from initValue. Please add a migration if necessary.", source: vscode-file://vscode-app/usr/share/cursor/resources/app/out/vs/workbench/workbench.glass.main.js (62)
[9416:0924/132417.606891:INFO:CONSOLE:62] "%c WARN color: #993 Missing property "geoCppBackendUrl" in oldValue. Filling with value from initValue. Please add a migration if necessary.", source: vscode-file://vscode-app/usr/share/cursor/resources/app/out/vs/workbench/workbench.glass.main.js (62)
[9416:0924/132417.607224:INFO:CONSOLE:62] "%c WARN color: #993 Missing property "cppConfigBackendUrl" in oldValue. Filling with value from initValue. Please add a migration if necessary.", source: vscode-file://vscode-app/usr/share/cursor/resources/app/out/vs/workbench/workbench.glass.main.js (62)
[9416:0924/132417.607284:INFO:CONSOLE:62] "%c WARN color: #993 Missing property "originBackendUrl" in oldValue. Filling with value from initValue. Please add a migration if necessary.", source: vscode-file://vscode-app/usr/share/cursor/resources/app/out/vs/workbench/workbench.glass.main.js (62)
[9416:0924/132417.607680:INFO:CONSOLE:62] "%c WARN color: #993 Missing property "bcProxyUrl" in oldValue. Filling with value from initValue. Please add a migration if necessary.", source: vscode-file://vscode-app/usr/share/cursor/resources/app/out/vs/workbench/workbench.glass.main.js (62)
[9416:0924/132417.607747:INFO:CONSOLE:62] "%c WARN color: #993 Missing property "agentBackendUrlPrivacy" in oldValue. Filling with value from initValue. Please add a migration if necessary.", source: vscode-file://vscode-app/usr/share/cursor/resources/app/out/vs/workbench/workbench.glass.main.js (62)
[9416:0924/132417.608101:INFO:CONSOLE:62] "%c WARN color: #993 Missing property "agentBackendUrlNonPrivacy" in oldValue. Filling with value from initValue. Please add a migration if necessary.", source: vscode-file://vscode-app/usr/share/cursor/resources/app/out/vs/workbench/workbench.glass.main.js (62)
[9416:0924/132417.608162:INFO:CONSOLE:62] "%c WARN color: #993 Missing property "credentialsDisplayName" in oldValue. Filling with value from initValue. Please add a migration if necessary.", source: vscode-file://vscode-app/usr/share/cursor/resources/app/out/vs/workbench/workbench.glass.main.js (62)
[9416:0924/132417.608535:INFO:CONSOLE:62] "%c WARN color: #993 Missing property "cmdLineHookState" in oldValue. Filling with value from initValue. Please add a migration if necessary.", source: vscode-file://vscode-app/usr/share/cursor/resources/app/out/vs/workbench/workbench.glass.main.js (62)
[9416:0924/132417.608595:INFO:CONSOLE:62] "%c WARN color: #993 Missing property "shouldOnlyImportOnAccept" in oldValue. Filling with value from initValue. Please add a migration if necessary.", source: vscode-file://vscode-app/usr/share/cursor/resources/app/out/vs/workbench/workbench.glass.main.js (62)
[9416:0924/132417.609004:INFO:CONSOLE:62] "%c WARN color: #993 Missing property "cppAutoImportDecorationStyle" in oldValue. Filling with value from initValue. Please add a migration if necessary.", source: vscode-file://vscode-app/usr/share/cursor/resources/app/out/vs/workbench/workbench.glass.main.js (62)
[9416:0924/132417.609073:INFO:CONSOLE:62] "%c WARN color: #993 Missing property "newUserData" in oldValue. Filling with value from initValue. Please add a migration if necessary.", source: vscode-file://vscode-app/usr/share/cursor/resources/app/out/vs/workbench/workbench.glass.main.js (62)
[9416:0924/132417.609411:INFO:CONSOLE:62] "%c WARN color: #993 Missing property "azureState" in oldValue. Filling with value from initValue. Please add a migration if necessary.", source: vscode-file://vscode-app/usr/share/cursor/resources/app/out/vs/workbench/workbench.glass.main.js (62)
[9416:0924/132417.609478:INFO:CONSOLE:62] "%c WARN color: #993 Missing property "personalDocs" in oldValue. Filling with value from initValue. Please add a migration if necessary.", source: vscode-file://vscode-app/usr/share/cursor/resources/app/out/vs/workbench/workbench.glass.main.js (62)
[9416:0924/132417.609815:INFO:CONSOLE:62] "%c WARN color: #993 Missing property "cppInCmdF" in oldValue. Filling with value from initValue. Please add a migration if necessary.", source: vscode-file://vscode-app/usr/share/cursor/resources/app/out/vs/workbench/workbench.glass.main.js (62)
[9416:0924/132417.609875:INFO:CONSOLE:62] "%c WARN color: #993 Missing property "cppTriggerInComments" in oldValue. Filling with value from initValue. Please add a migration if necessary.", source: vscode-file://vscode-app/usr/share/cursor/resources/app/out/vs/workbench/workbench.glass.main.js (62)
[9416:0924/132417.610248:INFO:CONSOLE:62] "%c WARN color: #993 Missing property "cppShowWhitespaceOnlyChanges" in oldValue. Filling with value from initValue. Please add a migration if necessary.", source: vscode-file://vscode-app/usr/share/cursor/resources/app/out/vs/workbench/workbench.glass.main.js (62)
[9416:0924/132417.610308:INFO:CONSOLE:62] "%c WARN color: #993 Missing property "cppConfig" in oldValue. Filling with value from initValue. Please add a migration if necessary.", source: vscode-file://vscode-app/usr/share/cursor/resources/app/out/vs/workbench/workbench.glass.main.js (62)
[9416:0924/132417.610897:INFO:CONSOLE:62] "%c WARN color: #993 Missing property "indexRepository" in oldValue. Filling with value from initValue. Please add a migration if necessary.", source: vscode-file://vscode-app/usr/share/cursor/resources/app/out/vs/workbench/workbench.glass.main.js (62)
[9416:0924/132417.611020:INFO:CONSOLE:62] "%c WARN color: #993 Missing property "haveNotImportedFromVSC" in oldValue. Filling with value from initValue. Please add a migration if necessary.", source: vscode-file://vscode-app/usr/share/cursor/resources/app/out/vs/workbench/workbench.glass.main.js (62)
[9416:0924/132417.611489:INFO:CONSOLE:62] "%c WARN color: #993 Missing property "shouldAutoParseCmdKLinks" in oldValue. Filling with value from initValue. Please add a migration if necessary.", source: vscode-file://vscode-app/usr/share/cursor/resources/app/out/vs/workbench/workbench.glass.main.js (62)
[9416:0924/132417.611572:INFO:CONSOLE:62] "%c WARN color: #993 Missing property "isFileSyncClientEnabled" in oldValue. Filling with value from initValue. Please add a migration if necessary.", source: vscode-file://vscode-app/usr/share/cursor/resources/app/out/vs/workbench/workbench.glass.main.js (62)
[9416:0924/132417.611964:INFO:CONSOLE:62] "%c WARN color: #993 Missing property "membershipType" in oldValue. Filling with value from initValue. Please add a migration if necessary.", source: vscode-file://vscode-app/usr/share/cursor/resources/app/out/vs/workbench/workbench.glass.main.js (62)
[9416:0924/132417.612029:INFO:CONSOLE:62] "%c WARN color: #993 Missing property "fastApplyModelType" in oldValue. Filling with value from initValue. Please add a migration if necessary.", source: vscode-file://vscode-app/usr/share/cursor/resources/app/out/vs/workbench/workbench.glass.main.js (62)
[9416:0924/132417.612422:INFO:CONSOLE:62] "%c WARN color: #993 Missing property "explicitlyEnableSemanticSearch" in oldValue. Filling with value from initValue. Please add a migration if necessary.", source: vscode-file://vscode-app/usr/share/cursor/resources/app/out/vs/workbench/workbench.glass.main.js (62)
[9416:0924/132417.612487:INFO:CONSOLE:62] "%c WARN color: #993 Missing property "backgroundComposerEnv" in oldValue. Filling with value from initValue. Please add a migration if necessary.", source: vscode-file://vscode-app/usr/share/cursor/resources/app/out/vs/workbench/workbench.glass.main.js (62)
[9416:0924/132417.612886:INFO:CONSOLE:62] "%c WARN color: #993 Missing property "preferredEmbeddingModel" in oldValue. Filling with value from initValue. Please add a migration if necessary.", source: vscode-file://vscode-app/usr/share/cursor/resources/app/out/vs/workbench/workbench.glass.main.js (62)
[9416:0924/132417.613024:INFO:CONSOLE:62] "%c WARN color: #993 Missing property "oneTimeSettings" in oldValue. Filling with value from initValue. Please add a migration if necessary.", source: vscode-file://vscode-app/usr/share/cursor/resources/app/out/vs/workbench/workbench.glass.main.js (62)
[9416:0924/132417.613457:INFO:CONSOLE:62] "%c WARN color: #993 Missing property "eligibleForSnippetLearning" in oldValue. Filling with value from initValue. Please add a migration if necessary.", source: vscode-file://vscode-app/usr/share/cursor/resources/app/out/vs/workbench/workbench.glass.main.js (62)
[9416:0924/132417.613507:INFO:CONSOLE:62] "%c WARN color: #993 Missing property "goneThroughCodeSnippetOnboarding" in oldValue. Filling with value from initValue. Please add a migration if necessary.", source: vscode-file://vscode-app/usr/share/cursor/resources/app/out/vs/workbench/workbench.glass.main.js (62)
[9416:0924/132417.613810:INFO:CONSOLE:62] "%c WARN color: #993 Missing property "goneThroughCodeSnippetChangeManagement" in oldValue. Filling with value from initValue. Please add a migration if necessary.", source: vscode-file://vscode-app/usr/share/cursor/resources/app/out/vs/workbench/workbench.glass.main.js (62)
[9416:0924/132417.613850:INFO:CONSOLE:62] "%c WARN color: #993 Missing property "hasResetModelOnce" in oldValue. Filling with value from initValue. Please add a migration if necessary.", source: vscode-file://vscode-app/usr/share/cursor/resources/app/out/vs/workbench/workbench.glass.main.js (62)
[9416:0924/132417.614164:INFO:CONSOLE:62] "%c WARN color: #993 Missing property "rpcFileLoggerEnabled" in oldValue. Filling with value from initValue. Please add a migration if necessary.", source: vscode-file://vscode-app/usr/share/cursor/resources/app/out/vs/workbench/workbench.glass.main.js (62)
[9416:0924/132417.714084:INFO:CONSOLE:21564] "[InstantiationService] Lazy service 'paneCompositePartService' is being constructed (pOk) Error: stack trace", source: vscode-file://vscode-app/usr/share/cursor/resources/app/out/vs/workbench/workbench.glass.main.js (21564)
[9416:0924/132417.852370:INFO:CONSOLE:21155] "[layout] AgentLayoutService constructor initialized missing SIDEBAR_LOCATION from primary config fallback undefined [object Object]", source: vscode-file://vscode-app/usr/share/cursor/resources/app/out/vs/workbench/workbench.glass.main.js (21155)
[90m[main 2026-09-24T05:24:18.023Z][0m [LocalAgentStorage] Scanned 1 recent databases (skipped 0 old), found 0 agent headers, deduped to 0
[9897:0924/132418.057997:WARNING:media/audio/linux/audio_manager_linux.cc:54] Falling back to ALSA for audio output. PulseAudio is not available or could not be initialized.
[9416:0924/132419.571924:INFO:CONSOLE:62] "%c WARN color: #993 Missing property "cppConfig" in oldValue. Filling with value from initValue. Please add a migration if necessary.", source: vscode-file://vscode-app/usr/share/cursor/resources/app/out/vs/workbench/workbench.glass.main.js (62)
[9416:0924/132425.249594:INFO:CONSOLE:62] "%c  ERR color: #f33 [Extension Host:unknown] (node:9895) [DEP0040] DeprecationWarning: The `punycode` module is deprecated. Please use a userland alternative instead.
(Use `exe --trace-deprecation ...` to show where the warning was created)", source: vscode-file://vscode-app/usr/share/cursor/resources/app/out/vs/workbench/workbench.glass.main.js (62)
[9416:0924/132425.252500:INFO:CONSOLE:20868] "%c[Extension Host:unknown] %c(node:9895) [DEP0040] DeprecationWarning: The `punycode` module is deprecated. Please use a userland alternative instead.
(Use `exe --trace-deprecation ...` to show where the warning was created) color: blue color: ", source: vscode-file://vscode-app/usr/share/cursor/resources/app/out/vs/workbench/workbench.glass.main.js (20868)
[9416:0924/132425.395782:INFO:CONSOLE:21396] "Failed to get git telemetry attributes: Error: Failed to execute git", source: vscode-file://vscode-app/usr/share/cursor/resources/app/out/vs/workbench/workbench.glass.main.js (21396)
[9416:0924/132426.415259:INFO:CONSOLE:7572] "[PluginsProviderService] getPluginMcpServers took 8653.2ms", source: vscode-file://vscode-app/usr/share/cursor/resources/app/out/vs/workbench/workbench.glass.main.js (7572)
[9416:0924/132426.416556:INFO:CONSOLE:7572] "[PluginsProviderService] getPluginHooks took 8175.2ms", source: vscode-file://vscode-app/usr/share/cursor/resources/app/out/vs/workbench/workbench.glass.main.js (7572)
[9416:0924/132426.568867:INFO:CONSOLE:20901] "[ExplorerProviderService] findRepositories waiting for handler registration [object Object]", source: vscode-file://vscode-app/usr/share/cursor/resources/app/out/vs/workbench/workbench.glass.main.js (20901)
[9416:0924/132427.375652:INFO:CONSOLE:62] "%c  ERR color: #f33 [Extension Host:unknown] 05:24:27.367 ERROR [sandboxPreflight] Preflight failed: Command failed: /usr/share/cursor/resources/app/resources/helpers/cursorsandbox --policy /root/.cursor/sandbox-policies/sandbox-policy-dc4fa96e8d460281 --preflight-only -- /bin/true
Error: Failed to resolve Linux sandbox backend: Unsupported sandbox configuration: Linux auto backend selection failed. Landlock error: Unsupported sandbox configuration: Failed to apply Landlock: Step 5/7 (landlock) failed: Failed to apply Landlock: Landlock V3 filesystem restrictions not supported. Error: fully incompatible access-rights: BitFlags<AccessFs>(0b111111111110010, WriteFile | RemoveDir | RemoveFile | MakeChar | MakeDir | MakeReg | MakeSock | MakeFifo | MakeBlock | MakeSym | Refer | Truncate). Ensure Landlock LSM is enabled (CONFIG_SECURITY_LANDLOCK=y) on a kernel with V3 support.. Bubblewrap error: Unsupported sandbox configuration: Unsupported sandbox configuration: Bubblewrap preflight failed with exit code Some(1): bwrap: fchdir to oldroot: No such file or directory
", source: vscode-file://vscode-app/usr/share/cursor/resources/app/out/vs/workbench/workbench.glass.main.js (62)
[9416:0924/132427.375737:INFO:CONSOLE:20868] "%c[Extension Host:unknown] %c05:24:27.367 ERROR [sandboxPreflight] Preflight failed: Command failed: /usr/share/cursor/resources/app/resources/helpers/cursorsandbox --policy /root/.cursor/sandbox-policies/sandbox-policy-dc4fa96e8d460281 --preflight-only -- /bin/true
Error: Failed to resolve Linux sandbox backend: Unsupported sandbox configuration: Linux auto backend selection failed. Landlock error: Unsupported sandbox configuration: Failed to apply Landlock: Step 5/7 (landlock) failed: Failed to apply Landlock: Landlock V3 filesystem restrictions not supported. Error: fully incompatible access-rights: BitFlags<AccessFs>(0b111111111110010, WriteFile | RemoveDir | RemoveFile | MakeChar | MakeDir | MakeReg | MakeSock | MakeFifo | MakeBlock | MakeSym | Refer | Truncate). Ensure Landlock LSM is enabled (CONFIG_SECURITY_LANDLOCK=y) on a kernel with V3 support.. Bubblewrap error: Unsupported sandbox configuration: Unsupported sandbox configuration: Bubblewrap preflight failed with exit code Some(1): bwrap: fchdir to oldroot: No such file or directory
 color: blue color: ", source: vscode-file://vscode-app/usr/share/cursor/resources/app/out/vs/workbench/workbench.glass.main.js (20868)
[9416:0924/132427.385124:INFO:CONSOLE:62] "%c  ERR color: #f33 [Extension Host:unknown] 05:24:27.368 ERROR [sandboxPreflight] Exit status: 2", source: vscode-file://vscode-app/usr/share/cursor/resources/app/out/vs/workbench/workbench.glass.main.js (62)
[9416:0924/132427.392123:INFO:CONSOLE:20868] "%c[Extension Host:unknown] %c05:24:27.368 ERROR [sandboxPreflight] Exit status: 2 color: blue color: ", source: vscode-file://vscode-app/usr/share/cursor/resources/app/out/vs/workbench/workbench.glass.main.js (20868)
[9416:0924/132427.393089:INFO:CONSOLE:62] "%c  ERR color: #f33 [Extension Host:unknown] 05:24:27.368 ERROR [sandboxPreflight] Stderr: Error: Failed to resolve Linux sandbox backend: Unsupported sandbox configuration: Linux auto backend selection failed. Landlock error: Unsupported sandbox configuration: Failed to apply Landlock: Step 5/7 (landlock) failed: Failed to apply Landlock: Landlock V3 filesystem restrictions not supported. Error: fully incompatible access-rights: BitFlags<AccessFs>(0b111111111110010, WriteFile | RemoveDir | RemoveFile | MakeChar | MakeDir | MakeReg | MakeSock | MakeFifo | MakeBlock | MakeSym | Refer | Truncate). Ensure Landlock LSM is enabled (CONFIG_SECURITY_LANDLOCK=y) on a kernel with V3 support.. Bubblewrap error: Unsupported sandbox configuration: Unsupported sandbox configuration: Bubblewrap preflight failed with exit code Some(1): bwrap: fchdir to oldroot: No such file or directory
", source: vscode-file://vscode-app/usr/share/cursor/resources/app/out/vs/workbench/workbench.glass.main.js (62)
[9416:0924/132427.393150:INFO:CONSOLE:20868] "%c[Extension Host:unknown] %c05:24:27.368 ERROR [sandboxPreflight] Stderr: Error: Failed to resolve Linux sandbox backend: Unsupported sandbox configuration: Linux auto backend selection failed. Landlock error: Unsupported sandbox configuration: Failed to apply Landlock: Step 5/7 (landlock) failed: Failed to apply Landlock: Landlock V3 filesystem restrictions not supported. Error: fully incompatible access-rights: BitFlags<AccessFs>(0b111111111110010, WriteFile | RemoveDir | RemoveFile | MakeChar | MakeDir | MakeReg | MakeSock | MakeFifo | MakeBlock | MakeSym | Refer | Truncate). Ensure Landlock LSM is enabled (CONFIG_SECURITY_LANDLOCK=y) on a kernel with V3 support.. Bubblewrap error: Unsupported sandbox configuration: Unsupported sandbox configuration: Bubblewrap preflight failed with exit code Some(1): bwrap: fchdir to oldroot: No such file or directory
 color: blue color: ", source: vscode-file://vscode-app/usr/share/cursor/resources/app/out/vs/workbench/workbench.glass.main.js (20868)
[9416:0924/132427.817058:INFO:CONSOLE:20868] "%c[Extension Host:unknown] %c05:24:27.812 WARN  computeGlobalCache: slow ctx=LocalRequestContextExecutor.rebuildGlobalCache/LocalRequestContextExecutor.computeGlobalCache meta={totalMs: 1459, cloudRule: 3, codebaseRef: 790, subagents: 1177, cursorRules: 1458, ruleCount: 39} color: blue color: ", source: vscode-file://vscode-app/usr/share/cursor/resources/app/out/vs/workbench/workbench.glass.main.js (20868)
[9416:0924/132427.817157:INFO:CONSOLE:20868] "%c[Extension Host:unknown] %c05:24:27.815 WARN  computeGlobalCache: slow ctx=LocalRequestContextExecutor.rebuildGlobalCache/LocalRequestContextExecutor.computeGlobalCache meta={totalMs: 1445, cloudRule: 1, codebaseRef: 775, subagents: 1161, cursorRules: 1443, ruleCount: 39} color: blue color: ", source: vscode-file://vscode-app/usr/share/cursor/resources/app/out/vs/workbench/workbench.glass.main.js (20868)
[9416:0924/132427.821052:INFO:CONSOLE:20868] "%c[Extension Host:unknown] %c05:24:27.815 WARN  computeGlobalCache: slow ctx=LocalRequestContextExecutor.rebuildGlobalCache/LocalRequestContextExecutor.computeGlobalCache meta={totalMs: 1434, cloudRule: 1, codebaseRef: 765, subagents: 1149, cursorRules: 1431, ruleCount: 39} color: blue color: ", source: vscode-file://vscode-app/usr/share/cursor/resources/app/out/vs/workbench/workbench.glass.main.js (20868)
[9416:0924/132428.169711:INFO:CONSOLE:20868] "%c[Extension Host:unknown] %crejected promise not handled within 1 second: Error: No permissions handler found for session id fc0d21e4-c5c0-4679-a157-f8848728f710 color: blue color: ", source: vscode-file://vscode-app/usr/share/cursor/resources/app/out/vs/workbench/workbench.glass.main.js (20868)
[9416:0924/132428.171267:INFO:CONSOLE:20868] "%c[Extension Host:unknown] %cstack trace: Error: No permissions handler found for session id fc0d21e4-c5c0-4679-a157-f8848728f710
    at Bks.$getAgentExecPermissions (vscode-file://vscode-app/usr/share/cursor/resources/app/out/vs/workbench/workbench.glass.main.js:20898:491866)
    at KC._doInvokeHandler (vscode-file://vscode-app/usr/share/cursor/resources/app/out/vs/workbench/workbench.glass.main.js:21148:60976)
    at KC._invokeHandler (vscode-file://vscode-app/usr/share/cursor/resources/app/out/vs/workbench/workbench.glass.main.js:21148:60718)
    at KC._receiveRequest (vscode-file://vscode-app/usr/share/cursor/resources/app/out/vs/workbench/workbench.glass.main.js:21148:57437)
    at KC._dispatchOneMessage (vscode-file://vscode-app/usr/share/cursor/resources/app/out/vs/workbench/workbench.glass.main.js:21148:54097)
    at KC._receiveOneMessage (vscode-file://vscode-app/usr/share/cursor/resources/app/out/vs/workbench/workbench.glass.main.js:21148:53627)
    at KC._onIncomingMessage (vscode-file://vscode-app/usr/share/cursor/resources/app/out/vs/workbench/workbench.glass.main.js:21148:52632)
    at $Un.value (vscode-file://vscode-app/usr/share/cursor/resources/app/out/vs/workbench/workbench.glass.main.js:21148:43727)
    at We._deliver (vscode-file://vscode-app/usr/share/cursor/resources/app/out/vs/workbench/workbench.glass.main.js:55:3621)
    at We.fire (vscode-file://vscode-app/usr/share/cursor/resources/app/out/vs/workbench/workbench.glass.main.js:55:3942) color: blue color: ", source: vscode-file://vscode-app/usr/share/cursor/resources/app/out/vs/workbench/workbench.glass.main.js (20868)
[9416:0924/132428.171312:INFO:CONSOLE:62] "%c  ERR color: #f33 No permissions handler found for session id fc0d21e4-c5c0-4679-a157-f8848728f710 [object Object]", source: vscode-file://vscode-app/usr/share/cursor/resources/app/out/vs/workbench/workbench.glass.main.js (62)
[9416:0924/132433.274952:INFO:CONSOLE:21155] "[transport] Connect error in unary AI connect ConnectError: [unauthenticated] Error [object Object]", source: vscode-file://vscode-app/usr/share/cursor/resources/app/out/vs/workbench/workbench.glass.main.js (21155)
[9416:0924/132433.495282:INFO:CONSOLE:21155] "[transport] Connect error in unary AI connect ConnectError: [unauthenticated] Error [object Object]", source: vscode-file://vscode-app/usr/share/cursor/resources/app/out/vs/workbench/workbench.glass.main.js (21155)
[9416:0924/132433.495348:INFO:CONSOLE:62] "%c WARN color: #993 [remote-control-keep-awake] failed to load remote control setting: [unauthenticated] Error", source: vscode-file://vscode-app/usr/share/cursor/resources/app/out/vs/workbench/workbench.glass.main.js (62)
[9416:0924/132436.065169:INFO:CONSOLE:21155] "[transport] Connect error in unary AI connect ConnectError: [unauthenticated] Error [object Object]", source: vscode-file://vscode-app/usr/share/cursor/resources/app/out/vs/workbench/workbench.glass.main.js (21155)
[9416:0924/132436.065237:INFO:CONSOLE:7572] "[MCPWellKnownDetection] Failed to fetch known servers for icon pre-resolution: ConnectError: [unauthenticated] Error", source: vscode-file://vscode-app/usr/share/cursor/resources/app/out/vs/workbench/workbench.glass.main.js (7572)
[9416:0924/132436.226232:INFO:CONSOLE:21155] "[transport] Connect error in unary AI connect ConnectError: [unauthenticated] No authorization header found [object Object]", source: vscode-file://vscode-app/usr/share/cursor/resources/app/out/vs/workbench/workbench.glass.main.js (21155)
[9416:0924/132436.313847:INFO:CONSOLE:21155] "[transport] Connect error in unary AI connect ConnectError: [unauthenticated] Error [object Object]", source: vscode-file://vscode-app/usr/share/cursor/resources/app/out/vs/workbench/workbench.glass.main.js (21155)
[9416:0924/132436.844995:INFO:CONSOLE:21155] "[transport] Connect error in unary AI connect ConnectError: [unauthenticated] Error [object Object]", source: vscode-file://vscode-app/usr/share/cursor/resources/app/out/vs/workbench/workbench.glass.main.js (21155)
[9416:0924/132436.845081:INFO:CONSOLE:8674] "[KnowledgeBaseService] Failed to fetch knowledge: ConnectError: [unauthenticated] Error", source: vscode-file://vscode-app/usr/share/cursor/resources/app/out/vs/workbench/workbench.glass.main.js (8674)
[9416:0924/132436.861106:INFO:CONSOLE:21155] "[transport] Connect error in unary AI connect ConnectError: [unauthenticated] Error [object Object]", source: vscode-file://vscode-app/usr/share/cursor/resources/app/out/vs/workbench/workbench.glass.main.js (21155)
[9416:0924/132437.498631:INFO:CONSOLE:7388] "[browser-bridge] Initialized OTEL provider with collector callback", source: vscode-file://vscode-app/usr/share/cursor/resources/app/out/vs/workbench/workbench.glass.main.js (7388)
[90m[main 2026-09-24T05:24:37.520Z][0m [CursorProclistService] Config enabled feature (subsample every 10s; memoryPressureMonitorEnabled=true)
[90m[main 2026-09-24T05:24:37.621Z][0m [RendererPing] enabled (intervalMs=5000, blockThresholdMs=15000, stacks=true)
[9416:0924/132438.871145:INFO:CONSOLE:21155] "[transport] Connect error in unary AI connect ConnectError: [unauthenticated] Error [object Object]", source: vscode-file://vscode-app/usr/share/cursor/resources/app/out/vs/workbench/workbench.glass.main.js (21155)
[9416:0924/132442.219507:INFO:CONSOLE:21155] "[transport] Connect error in unary AI connect ConnectError: [unauthenticated] Error [object Object]", source: vscode-file://vscode-app/usr/share/cursor/resources/app/out/vs/workbench/workbench.glass.main.js (21155)
[90m[main 2026-09-24T05:24:47.870Z][0m [WorktreeCleanupMainService] Granted cleanup lease id=1 owner=window:1 reason="startup-catchup-worktree-cleanup"
[90m[main 2026-09-24T05:24:48.099Z][0m [WorktreeCleanupMainService] Releasing cleanup lease id=1 owner=window:1 reason="startup-catchup-worktree-cleanup" releaseReason="released" heldForMs=229
[9416:0924/132501.966182:ERROR:content/browser/network_service_instance_impl.cc:610] Network service crashed or was terminated, restarting service.
[91m[main 2026-09-24T05:25:01.984Z][0m [UtilityProcessWorker]: terminated unexpectedly with code 15, signal: unknown
[91m[main 2026-09-24T05:25:01.993Z][0m [UtilityProcess type: mcp-process, pid: 9980]: crashed with code 15 and reason 'killed'
[93m[main 2026-09-24T05:25:01.994Z][0m [McpProcess] crashed; will attempt restart
[93m[main 2026-09-24T05:25:01.994Z][0m [McpProcess] crash detected (attempt 1), retrying in 1000ms
[91m[main 2026-09-24T05:25:01.997Z][0m [UtilityProcess type: shared-process, pid: 9640]: crashed with code 15 and reason 'killed'
[9416:0924/132502.005214:ERROR:content/browser/gpu/gpu_process_host.cc:1004] GPU process exited unexpectedly: exit_code=15
[9416:0924/132502.005241:WARNING:content/browser/gpu/gpu_process_host.cc:1446] The GPU process has crashed 1 time(s)
[90m[main 2026-09-24T05:25:02.020Z][0m Extension host with pid 9895 exited with code: 15, signal: unknown.
[91m[main 2026-09-24T05:25:02.020Z][0m [UtilityProcess id: 1, type: extensionHost, pid: 9895]: crashed with code 15 and reason 'killed'
[9416:0924/132502.035535:ERROR:content/common/zygote/zygote_communication_linux.cc:293] Failed to send GetTerminationStatus message to zygote
[9416:0924/132502.035559:WARNING:content/common/zygote/zygote_communication_linux.cc:305] Socket closed prematurely.
Renderer process clean-exit - see https://www.electronjs.org/docs/tutorial/application-debugging for potential debugging information.
[91m[main 2026-09-24T05:25:02.054Z][0m CodeWindow: renderer process gone (reason: clean-exit, code: <unknown>)
Error sending from webFrameMain:  Error: Render frame was disposed before WebFrameMain could be accessed
    at s.send (node:electron/js2c/browser_init:2:103455)
    at b.send (node:electron/js2c/browser_init:2:87820)
    at Lx.send (file:///usr/share/cursor/resources/app/out/main.js:35:32772)
    at _b.sendBuffer (file:///usr/share/cursor/resources/app/out/main.js:33:12539)
    at _b.send (file:///usr/share/cursor/resources/app/out/main.js:33:12458)
    at _b.sendResponse (file:///usr/share/cursor/resources/app/out/main.js:33:12305)
    at Ou.value (file:///usr/share/cursor/resources/app/out/main.js:34:343)
    at P._deliver (file:///usr/share/cursor/resources/app/out/main.js:32:3595)
    at P.fire (file:///usr/share/cursor/resources/app/out/main.js:32:3915)
    at file:///usr/share/cursor/resources/app/out/main.js:30:7733
    at Ou.value (file:///usr/share/cursor/resources/app/out/main.js:30:6472)
    at P._deliver (file:///usr/share/cursor/resources/app/out/main.js:32:3595)
    at P._deliverQueue (file:///usr/share/cursor/resources/app/out/main.js:32:3686)
    at P.fire (file:///usr/share/cursor/resources/app/out/main.js:32:4022)
    at Ou.value (file:///usr/share/cursor/resources/app/out/main.js:30:6325)
    at P._deliver (file:///usr/share/cursor/resources/app/out/main.js:32:3595)
    at P.fire (file:///usr/share/cursor/resources/app/out/main.js:32:3915)
    at EventEmitter.ae (file:///usr/share/cursor/resources/app/out/main.js:30:8698)
    at EventEmitter.emit (node:events:521:24)
    at BrowserWindow.<anonymous> (node:electron/js2c/browser_init:2:18435)
    at BrowserWindow.emit (node:events:509:28)
[11985:0924/132502.353719:INFO:third_party/skia/src/gpu/vk/VulkanPreferredFeatures.cpp:421] WARNING: VulkanPreferredFeatures::addFeaturesToQuery() was not called

[11985:0924/132502.353774:INFO:third_party/skia/src/gpu/vk/VulkanPreferredFeatures.cpp:424] WARNING: VulkanPreferredFeatures::addFeaturesToEnable() was not called

[11985:0924/132502.357946:WARNING:sandbox/policy/linux/sandbox_linux.cc:404] InitializeSandbox() called with multiple threads in process gpu-process.
[9416:0924/132502.368209:WARNING:content/browser/gpu/gpu_process_host.cc:1026] Reinitialized the GPU process after a crash. The reported initialization time was 284 ms
Error sending from webFrameMain:  Error: Render frame was disposed before WebFrameMain could be accessed
    at s.send (node:electron/js2c/browser_init:2:103455)
    at b.send (node:electron/js2c/browser_init:2:87820)
    at Xk._tick (file:///usr/share/cursor/resources/app/out/main.js:77:3161)
    at Timeout._onTimeout (file:///usr/share/cursor/resources/app/out/main.js:77:2165)
    at listOnTimeout (node:internal/timers:605:17)
    at process.processTimers (node:internal/timers:541:7)
[9416:0924/132503.748402:ERROR:content/browser/browser_main_loop.cc:290] GLib-GObject: ../../../gobject/gsignal.c:2685: instance '0x4c026aa010' has no handler with id '1845'
[9416:0924/132504.057019:WARNING:electron/shell/browser/lib/power_observer_linux.cc:115] Trying to unsubscribe to shutdown without being subscribed
Error sending from webFrameMain:  Error: Render frame was disposed before WebFrameMain could be accessed
    at s.send (node:electron/js2c/browser_init:2:103455)
    at b.send (node:electron/js2c/browser_init:2:87820)
    at Lx.send (file:///usr/share/cursor/resources/app/out/main.js:35:32772)
    at _b.sendBuffer (file:///usr/share/cursor/resources/app/out/main.js:33:12539)
    at _b.send (file:///usr/share/cursor/resources/app/out/main.js:33:12458)
    at _b.sendResponse (file:///usr/share/cursor/resources/app/out/main.js:33:12305)
    at Ou.value (file:///usr/share/cursor/resources/app/out/main.js:34:343)
    at P._deliver (file:///usr/share/cursor/resources/app/out/main.js:32:3595)
    at P.fire (file:///usr/share/cursor/resources/app/out/main.js:32:3915)
    at Ou.value (file:///usr/share/cursor/resources/app/out/main.js:30:6325)
    at P._deliver (file:///usr/share/cursor/resources/app/out/main.js:32:3595)
    at P.fire (file:///usr/share/cursor/resources/app/out/main.js:32:3915)
    at Ou.value (file:///usr/share/cursor/resources/app/out/main.js:30:6131)
    at P._deliver (file:///usr/share/cursor/resources/app/out/main.js:32:3595)
    at P._deliverQueue (file:///usr/share/cursor/resources/app/out/main.js:32:3686)
    at P.fire (file:///usr/share/cursor/resources/app/out/main.js:32:4022)
    at nB.deregisterLogger (file:///usr/share/cursor/resources/app/out/main.js:37:20977)
    at nB.deregisterLogger (file:///usr/share/cursor/resources/app/out/main.js:76:37999)
    at nB.deregisterLoggers (file:///usr/share/cursor/resources/app/out/main.js:76:38762)
    at zh.dispose (file:///usr/share/cursor/resources/app/out/main.js:146:514)
    at Ou.value (file:///usr/share/cursor/resources/app/out/main.js:142:44247)
    at P._deliver (file:///usr/share/cursor/resources/app/out/main.js:32:3595)
    at P.fire (file:///usr/share/cursor/resources/app/out/main.js:32:3915)
    at BrowserWindow.ae (file:///usr/share/cursor/resources/app/out/main.js:30:8698)
    at BrowserWindow.emit (node:events:521:24)
    at zh.destroyWindow (file:///usr/share/cursor/resources/app/out/main.js:142:59455)
    at zh.onWindowError (file:///usr/share/cursor/resources/app/out/main.js:142:58756)
Error sending from webFrameMain:  Error: Render frame was disposed before WebFrameMain could be accessed
    at s.send (node:electron/js2c/browser_init:2:103455)
    at b.send (node:electron/js2c/browser_init:2:87820)
    at Lx.send (file:///usr/share/cursor/resources/app/out/main.js:35:32772)
    at _b.sendBuffer (file:///usr/share/cursor/resources/app/out/main.js:33:12539)
    at _b.send (file:///usr/share/cursor/resources/app/out/main.js:33:12458)
    at _b.sendResponse (file:///usr/share/cursor/resources/app/out/main.js:33:12305)
    at Ou.value (file:///usr/share/cursor/resources/app/out/main.js:34:343)
    at P._deliver (file:///usr/share/cursor/resources/app/out/main.js:32:3595)
    at P.fire (file:///usr/share/cursor/resources/app/out/main.js:32:3915)
    at Ou.value (file:///usr/share/cursor/resources/app/out/main.js:30:6325)
    at P._deliver (file:///usr/share/cursor/resources/app/out/main.js:32:3595)
    at P.fire (file:///usr/share/cursor/resources/app/out/main.js:32:3915)
    at Ou.value (file:///usr/share/cursor/resources/app/out/main.js:30:6131)
    at P._deliver (file:///usr/share/cursor/resources/app/out/main.js:32:3595)
    at P._deliverQueue (file:///usr/share/cursor/resources/app/out/main.js:32:3686)
    at P.fire (file:///usr/share/cursor/resources/app/out/main.js:32:4022)
    at nB.deregisterLogger (file:///usr/share/cursor/resources/app/out/main.js:37:20977)
    at nB.deregisterLogger (file:///usr/share/cursor/resources/app/out/main.js:76:37999)
    at nB.deregisterLoggers (file:///usr/share/cursor/resources/app/out/main.js:76:38762)
    at zh.dispose (file:///usr/share/cursor/resources/app/out/main.js:146:514)
    at Ou.value (file:///usr/share/cursor/resources/app/out/main.js:142:44247)
    at P._deliver (file:///usr/share/cursor/resources/app/out/main.js:32:3595)
    at P.fire (file:///usr/share/cursor/resources/app/out/main.js:32:3915)
    at BrowserWindow.ae (file:///usr/share/cursor/resources/app/out/main.js:30:8698)
    at BrowserWindow.emit (node:events:521:24)
    at zh.destroyWindow (file:///usr/share/cursor/resources/app/out/main.js:142:59455)
    at zh.onWindowError (file:///usr/share/cursor/resources/app/out/main.js:142:58756)
Error sending from webFrameMain:  Error: Render frame was disposed before WebFrameMain could be accessed
    at s.send (node:electron/js2c/browser_init:2:103455)
    at b.send (node:electron/js2c/browser_init:2:87820)
    at Lx.send (file:///usr/share/cursor/resources/app/out/main.js:35:32772)
    at _b.sendBuffer (file:///usr/share/cursor/resources/app/out/main.js:33:12539)
    at _b.send (file:///usr/share/cursor/resources/app/out/main.js:33:12458)
    at _b.sendResponse (file:///usr/share/cursor/resources/app/out/main.js:33:12305)
    at Ou.value (file:///usr/share/cursor/resources/app/out/main.js:34:343)
    at P._deliver (file:///usr/share/cursor/resources/app/out/main.js:32:3595)
    at P.fire (file:///usr/share/cursor/resources/app/out/main.js:32:3915)
    at Ou.value (file:///usr/share/cursor/resources/app/out/main.js:30:6325)
    at P._deliver (file:///usr/share/cursor/resources/app/out/main.js:32:3595)
    at P.fire (file:///usr/share/cursor/resources/app/out/main.js:32:3915)
    at Ou.value (file:///usr/share/cursor/resources/app/out/main.js:30:6131)
    at P._deliver (file:///usr/share/cursor/resources/app/out/main.js:32:3595)
    at P._deliverQueue (file:///usr/share/cursor/resources/app/out/main.js:32:3686)
    at P.fire (file:///usr/share/cursor/resources/app/out/main.js:32:4022)
    at nB.deregisterLogger (file:///usr/share/cursor/resources/app/out/main.js:37:20977)
    at nB.deregisterLogger (file:///usr/share/cursor/resources/app/out/main.js:76:37999)
    at nB.deregisterLoggers (file:///usr/share/cursor/resources/app/out/main.js:76:38762)
    at zh.dispose (file:///usr/share/cursor/resources/app/out/main.js:146:514)
    at Ou.value (file:///usr/share/cursor/resources/app/out/main.js:142:44247)
    at P._deliver (file:///usr/share/cursor/resources/app/out/main.js:32:3595)
    at P.fire (file:///usr/share/cursor/resources/app/out/main.js:32:3915)
    at BrowserWindow.ae (file:///usr/share/cursor/resources/app/out/main.js:30:8698)
    at BrowserWindow.emit (node:events:521:24)
    at zh.destroyWindow (file:///usr/share/cursor/resources/app/out/main.js:142:59455)
    at zh.onWindowError (file:///usr/share/cursor/resources/app/out/main.js:142:58756)
Error sending from webFrameMain:  Error: Render frame was disposed before WebFrameMain could be accessed
    at s.send (node:electron/js2c/browser_init:2:103455)
    at b.send (node:electron/js2c/browser_init:2:87820)
    at Lx.send (file:///usr/share/cursor/resources/app/out/main.js:35:32772)
    at _b.sendBuffer (file:///usr/share/cursor/resources/app/out/main.js:33:12539)
    at _b.send (file:///usr/share/cursor/resources/app/out/main.js:33:12458)
    at _b.sendResponse (file:///usr/share/cursor/resources/app/out/main.js:33:12305)
    at Ou.value (file:///usr/share/cursor/resources/app/out/main.js:34:343)
    at P._deliver (file:///usr/share/cursor/resources/app/out/main.js:32:3595)
    at P.fire (file:///usr/share/cursor/resources/app/out/main.js:32:3915)
    at Ou.value (file:///usr/share/cursor/resources/app/out/main.js:30:6325)
    at P._deliver (file:///usr/share/cursor/resources/app/out/main.js:32:3595)
    at P.fire (file:///usr/share/cursor/resources/app/out/main.js:32:3915)
    at Ou.value (file:///usr/share/cursor/resources/app/out/main.js:30:6131)
    at P._deliver (file:///usr/share/cursor/resources/app/out/main.js:32:3595)
    at P._deliverQueue (file:///usr/share/cursor/resources/app/out/main.js:32:3686)
    at P.fire (file:///usr/share/cursor/resources/app/out/main.js:32:4022)
    at nB.deregisterLogger (file:///usr/share/cursor/resources/app/out/main.js:37:20977)
    at nB.deregisterLogger (file:///usr/share/cursor/resources/app/out/main.js:76:37999)
    at nB.deregisterLoggers (file:///usr/share/cursor/resources/app/out/main.js:76:38762)
    at zh.dispose (file:///usr/share/cursor/resources/app/out/main.js:146:514)
    at Ou.value (file:///usr/share/cursor/resources/app/out/main.js:142:44247)
    at P._deliver (file:///usr/share/cursor/resources/app/out/main.js:32:3595)
    at P.fire (file:///usr/share/cursor/resources/app/out/main.js:32:3915)
    at BrowserWindow.ae (file:///usr/share/cursor/resources/app/out/main.js:30:8698)
    at BrowserWindow.emit (node:events:521:24)
    at zh.destroyWindow (file:///usr/share/cursor/resources/app/out/main.js:142:59455)
    at zh.onWindowError (file:///usr/share/cursor/resources/app/out/main.js:142:58756)
Error sending from webFrameMain:  Error: Render frame was disposed before WebFrameMain could be accessed
    at s.send (node:electron/js2c/browser_init:2:103455)
    at b.send (node:electron/js2c/browser_init:2:87820)
    at Lx.send (file:///usr/share/cursor/resources/app/out/main.js:35:32772)
    at _b.sendBuffer (file:///usr/share/cursor/resources/app/out/main.js:33:12539)
    at _b.send (file:///usr/share/cursor/resources/app/out/main.js:33:12458)
    at _b.sendResponse (file:///usr/share/cursor/resources/app/out/main.js:33:12305)
    at Ou.value (file:///usr/share/cursor/resources/app/out/main.js:34:343)
    at P._deliver (file:///usr/share/cursor/resources/app/out/main.js:32:3595)
    at P.fire (file:///usr/share/cursor/resources/app/out/main.js:32:3915)
    at Ou.value (file:///usr/share/cursor/resources/app/out/main.js:30:6325)
    at P._deliver (file:///usr/share/cursor/resources/app/out/main.js:32:3595)
    at P.fire (file:///usr/share/cursor/resources/app/out/main.js:32:3915)
    at Ou.value (file:///usr/share/cursor/resources/app/out/main.js:30:6131)
    at P._deliver (file:///usr/share/cursor/resources/app/out/main.js:32:3595)
    at P._deliverQueue (file:///usr/share/cursor/resources/app/out/main.js:32:3686)
    at P.fire (file:///usr/share/cursor/resources/app/out/main.js:32:4022)
    at nB.deregisterLogger (file:///usr/share/cursor/resources/app/out/main.js:37:20977)
    at nB.deregisterLogger (file:///usr/share/cursor/resources/app/out/main.js:76:37999)
    at nB.deregisterLoggers (file:///usr/share/cursor/resources/app/out/main.js:76:38762)
    at zh.dispose (file:///usr/share/cursor/resources/app/out/main.js:146:514)
    at Ou.value (file:///usr/share/cursor/resources/app/out/main.js:142:44247)
    at P._deliver (file:///usr/share/cursor/resources/app/out/main.js:32:3595)
    at P.fire (file:///usr/share/cursor/resources/app/out/main.js:32:3915)
    at BrowserWindow.ae (file:///usr/share/cursor/resources/app/out/main.js:30:8698)
    at BrowserWindow.emit (node:events:521:24)
    at zh.destroyWindow (file:///usr/share/cursor/resources/app/out/main.js:142:59455)
    at zh.onWindowError (file:///usr/share/cursor/resources/app/out/main.js:142:58756)
Error sending from webFrameMain:  Error: Render frame was disposed before WebFrameMain could be accessed
    at s.send (node:electron/js2c/browser_init:2:103455)
    at b.send (node:electron/js2c/browser_init:2:87820)
    at Lx.send (file:///usr/share/cursor/resources/app/out/main.js:35:32772)
    at _b.sendBuffer (file:///usr/share/cursor/resources/app/out/main.js:33:12539)
    at _b.send (file:///usr/share/cursor/resources/app/out/main.js:33:12458)
    at _b.sendResponse (file:///usr/share/cursor/resources/app/out/main.js:33:12305)
    at Ou.value (file:///usr/share/cursor/resources/app/out/main.js:34:343)
    at P._deliver (file:///usr/share/cursor/resources/app/out/main.js:32:3595)
    at P.fire (file:///usr/share/cursor/resources/app/out/main.js:32:3915)
    at Ou.value (file:///usr/share/cursor/resources/app/out/main.js:30:6325)
    at P._deliver (file:///usr/share/cursor/resources/app/out/main.js:32:3595)
    at P.fire (file:///usr/share/cursor/resources/app/out/main.js:32:3915)
    at Ou.value (file:///usr/share/cursor/resources/app/out/main.js:30:6131)
    at P._deliver (file:///usr/share/cursor/resources/app/out/main.js:32:3595)
    at P._deliverQueue (file:///usr/share/cursor/resources/app/out/main.js:32:3686)
    at P.fire (file:///usr/share/cursor/resources/app/out/main.js:32:4022)
    at nB.deregisterLogger (file:///usr/share/cursor/resources/app/out/main.js:37:20977)
    at nB.deregisterLogger (file:///usr/share/cursor/resources/app/out/main.js:76:37999)
    at nB.deregisterLoggers (file:///usr/share/cursor/resources/app/out/main.js:76:38762)
    at zh.dispose (file:///usr/share/cursor/resources/app/out/main.js:146:514)
    at Ou.value (file:///usr/share/cursor/resources/app/out/main.js:142:44247)
    at P._deliver (file:///usr/share/cursor/resources/app/out/main.js:32:3595)
    at P.fire (file:///usr/share/cursor/resources/app/out/main.js:32:3915)
    at BrowserWindow.ae (file:///usr/share/cursor/resources/app/out/main.js:30:8698)
    at BrowserWindow.emit (node:events:521:24)
    at zh.destroyWindow (file:///usr/share/cursor/resources/app/out/main.js:142:59455)
    at zh.onWindowError (file:///usr/share/cursor/resources/app/out/main.js:142:58756)
Error sending from webFrameMain:  Error: Render frame was disposed before WebFrameMain could be accessed
    at s.send (node:electron/js2c/browser_init:2:103455)
    at b.send (node:electron/js2c/browser_init:2:87820)
    at Lx.send (file:///usr/share/cursor/resources/app/out/main.js:35:32772)
    at _b.sendBuffer (file:///usr/share/cursor/resources/app/out/main.js:33:12539)
    at _b.send (file:///usr/share/cursor/resources/app/out/main.js:33:12458)
    at _b.sendResponse (file:///usr/share/cursor/resources/app/out/main.js:33:12305)
    at Ou.value (file:///usr/share/cursor/resources/app/out/main.js:34:343)
    at P._deliver (file:///usr/share/cursor/resources/app/out/main.js:32:3595)
    at P.fire (file:///usr/share/cursor/resources/app/out/main.js:32:3915)
    at Ou.value (file:///usr/share/cursor/resources/app/out/main.js:30:6325)
    at P._deliver (file:///usr/share/cursor/resources/app/out/main.js:32:3595)
    at P.fire (file:///usr/share/cursor/resources/app/out/main.js:32:3915)
    at Ou.value (file:///usr/share/cursor/resources/app/out/main.js:30:6131)
    at P._deliver (file:///usr/share/cursor/resources/app/out/main.js:32:3595)
    at P._deliverQueue (file:///usr/share/cursor/resources/app/out/main.js:32:3686)
    at P.fire (file:///usr/share/cursor/resources/app/out/main.js:32:4022)
    at nB.deregisterLogger (file:///usr/share/cursor/resources/app/out/main.js:37:20977)
    at nB.deregisterLogger (file:///usr/share/cursor/resources/app/out/main.js:76:37999)
    at nB.deregisterLoggers (file:///usr/share/cursor/resources/app/out/main.js:76:38762)
    at zh.dispose (file:///usr/share/cursor/resources/app/out/main.js:146:514)
    at Ou.value (file:///usr/share/cursor/resources/app/out/main.js:142:44247)
    at P._deliver (file:///usr/share/cursor/resources/app/out/main.js:32:3595)
    at P.fire (file:///usr/share/cursor/resources/app/out/main.js:32:3915)
    at BrowserWindow.ae (file:///usr/share/cursor/resources/app/out/main.js:30:8698)
    at BrowserWindow.emit (node:events:521:24)
    at zh.destroyWindow (file:///usr/share/cursor/resources/app/out/main.js:142:59455)
    at zh.onWindowError (file:///usr/share/cursor/resources/app/out/main.js:142:58756)
Error sending from webFrameMain:  Error: Render frame was disposed before WebFrameMain could be accessed
    at s.send (node:electron/js2c/browser_init:2:103455)
    at b.send (node:electron/js2c/browser_init:2:87820)
    at Lx.send (file:///usr/share/cursor/resources/app/out/main.js:35:32772)
    at _b.sendBuffer (file:///usr/share/cursor/resources/app/out/main.js:33:12539)
    at _b.send (file:///usr/share/cursor/resources/app/out/main.js:33:12458)
    at _b.sendResponse (file:///usr/share/cursor/resources/app/out/main.js:33:12305)
    at Ou.value (file:///usr/share/cursor/resources/app/out/main.js:34:343)
    at P._deliver (file:///usr/share/cursor/resources/app/out/main.js:32:3595)
    at P.fire (file:///usr/share/cursor/resources/app/out/main.js:32:3915)
    at Ou.value (file:///usr/share/cursor/resources/app/out/main.js:30:6325)
    at P._deliver (file:///usr/share/cursor/resources/app/out/main.js:32:3595)
    at P.fire (file:///usr/share/cursor/resources/app/out/main.js:32:3915)
    at Ou.value (file:///usr/share/cursor/resources/app/out/main.js:30:6131)
    at P._deliver (file:///usr/share/cursor/resources/app/out/main.js:32:3595)
    at P._deliverQueue (file:///usr/share/cursor/resources/app/out/main.js:32:3686)
    at P.fire (file:///usr/share/cursor/resources/app/out/main.js:32:4022)
    at nB.deregisterLogger (file:///usr/share/cursor/resources/app/out/main.js:37:20977)
    at nB.deregisterLogger (file:///usr/share/cursor/resources/app/out/main.js:76:37999)
    at nB.deregisterLoggers (file:///usr/share/cursor/resources/app/out/main.js:76:38762)
    at zh.dispose (file:///usr/share/cursor/resources/app/out/main.js:146:514)
    at Ou.value (file:///usr/share/cursor/resources/app/out/main.js:142:44247)
    at P._deliver (file:///usr/share/cursor/resources/app/out/main.js:32:3595)
    at P.fire (file:///usr/share/cursor/resources/app/out/main.js:32:3915)
    at BrowserWindow.ae (file:///usr/share/cursor/resources/app/out/main.js:30:8698)
    at BrowserWindow.emit (node:events:521:24)
    at zh.destroyWindow (file:///usr/share/cursor/resources/app/out/main.js:142:59455)
    at zh.onWindowError (file:///usr/share/cursor/resources/app/out/main.js:142:58756)
Error sending from webFrameMain:  Error: Render frame was disposed before WebFrameMain could be accessed
    at s.send (node:electron/js2c/browser_init:2:103455)
    at b.send (node:electron/js2c/browser_init:2:87820)
    at Lx.send (file:///usr/share/cursor/resources/app/out/main.js:35:32772)
    at _b.sendBuffer (file:///usr/share/cursor/resources/app/out/main.js:33:12539)
    at _b.send (file:///usr/share/cursor/resources/app/out/main.js:33:12458)
    at _b.sendResponse (file:///usr/share/cursor/resources/app/out/main.js:33:12305)
    at Ou.value (file:///usr/share/cursor/resources/app/out/main.js:34:343)
    at P._deliver (file:///usr/share/cursor/resources/app/out/main.js:32:3595)
    at P.fire (file:///usr/share/cursor/resources/app/out/main.js:32:3915)
    at Ou.value (file:///usr/share/cursor/resources/app/out/main.js:30:6325)
    at P._deliver (file:///usr/share/cursor/resources/app/out/main.js:32:3595)
    at P.fire (file:///usr/share/cursor/resources/app/out/main.js:32:3915)
    at Ou.value (file:///usr/share/cursor/resources/app/out/main.js:30:6131)
    at P._deliver (file:///usr/share/cursor/resources/app/out/main.js:32:3595)
    at P._deliverQueue (file:///usr/share/cursor/resources/app/out/main.js:32:3686)
    at P.fire (file:///usr/share/cursor/resources/app/out/main.js:32:4022)
    at nB.deregisterLogger (file:///usr/share/cursor/resources/app/out/main.js:37:20977)
    at nB.deregisterLogger (file:///usr/share/cursor/resources/app/out/main.js:76:37999)
    at nB.deregisterLoggers (file:///usr/share/cursor/resources/app/out/main.js:76:38762)
    at zh.dispose (file:///usr/share/cursor/resources/app/out/main.js:146:514)
    at Ou.value (file:///usr/share/cursor/resources/app/out/main.js:142:44247)
    at P._deliver (file:///usr/share/cursor/resources/app/out/main.js:32:3595)
    at P.fire (file:///usr/share/cursor/resources/app/out/main.js:32:3915)
    at BrowserWindow.ae (file:///usr/share/cursor/resources/app/out/main.js:30:8698)
    at BrowserWindow.emit (node:events:521:24)
    at zh.destroyWindow (file:///usr/share/cursor/resources/app/out/main.js:142:59455)
    at zh.onWindowError (file:///usr/share/cursor/resources/app/out/main.js:142:58756)
Error sending from webFrameMain:  Error: Render frame was disposed before WebFrameMain could be accessed
    at s.send (node:electron/js2c/browser_init:2:103455)
    at b.send (node:electron/js2c/browser_init:2:87820)
    at Lx.send (file:///usr/share/cursor/resources/app/out/main.js:35:32772)
    at _b.sendBuffer (file:///usr/share/cursor/resources/app/out/main.js:33:12539)
    at _b.send (file:///usr/share/cursor/resources/app/out/main.js:33:12458)
    at _b.sendResponse (file:///usr/share/cursor/resources/app/out/main.js:33:12305)
    at Ou.value (file:///usr/share/cursor/resources/app/out/main.js:34:343)
    at P._deliver (file:///usr/share/cursor/resources/app/out/main.js:32:3595)
    at P.fire (file:///usr/share/cursor/resources/app/out/main.js:32:3915)
    at Ou.value (file:///usr/share/cursor/resources/app/out/main.js:30:6325)
    at P._deliver (file:///usr/share/cursor/resources/app/out/main.js:32:3595)
    at P.fire (file:///usr/share/cursor/resources/app/out/main.js:32:3915)
    at Ou.value (file:///usr/share/cursor/resources/app/out/main.js:30:6131)
    at P._deliver (file:///usr/share/cursor/resources/app/out/main.js:32:3595)
    at P._deliverQueue (file:///usr/share/cursor/resources/app/out/main.js:32:3686)
    at P.fire (file:///usr/share/cursor/resources/app/out/main.js:32:4022)
    at nB.deregisterLogger (file:///usr/share/cursor/resources/app/out/main.js:37:20977)
    at nB.deregisterLogger (file:///usr/share/cursor/resources/app/out/main.js:76:37999)
    at nB.deregisterLoggers (file:///usr/share/cursor/resources/app/out/main.js:76:38762)
    at zh.dispose (file:///usr/share/cursor/resources/app/out/main.js:146:514)
    at Ou.value (file:///usr/share/cursor/resources/app/out/main.js:142:44247)
    at P._deliver (file:///usr/share/cursor/resources/app/out/main.js:32:3595)
    at P.fire (file:///usr/share/cursor/resources/app/out/main.js:32:3915)
    at BrowserWindow.ae (file:///usr/share/cursor/resources/app/out/main.js:30:8698)
    at BrowserWindow.emit (node:events:521:24)
    at zh.destroyWindow (file:///usr/share/cursor/resources/app/out/main.js:142:59455)
    at zh.onWindowError (file:///usr/share/cursor/resources/app/out/main.js:142:58756)
Error sending from webFrameMain:  Error: Render frame was disposed before WebFrameMain could be accessed
    at s.send (node:electron/js2c/browser_init:2:103455)
    at b.send (node:electron/js2c/browser_init:2:87820)
    at Lx.send (file:///usr/share/cursor/resources/app/out/main.js:35:32772)
    at _b.sendBuffer (file:///usr/share/cursor/resources/app/out/main.js:33:12539)
    at _b.send (file:///usr/share/cursor/resources/app/out/main.js:33:12458)
    at _b.sendResponse (file:///usr/share/cursor/resources/app/out/main.js:33:12305)
    at Ou.value (file:///usr/share/cursor/resources/app/out/main.js:34:343)
    at P._deliver (file:///usr/share/cursor/resources/app/out/main.js:32:3595)
    at P.fire (file:///usr/share/cursor/resources/app/out/main.js:32:3915)
    at Ou.value (file:///usr/share/cursor/resources/app/out/main.js:30:6325)
    at P._deliver (file:///usr/share/cursor/resources/app/out/main.js:32:3595)
    at P.fire (file:///usr/share/cursor/resources/app/out/main.js:32:3915)
    at Ou.value (file:///usr/share/cursor/resources/app/out/main.js:30:6131)
    at P._deliver (file:///usr/share/cursor/resources/app/out/main.js:32:3595)
    at P._deliverQueue (file:///usr/share/cursor/resources/app/out/main.js:32:3686)
    at P.fire (file:///usr/share/cursor/resources/app/out/main.js:32:4022)
    at nB.deregisterLogger (file:///usr/share/cursor/resources/app/out/main.js:37:20977)
    at nB.deregisterLogger (file:///usr/share/cursor/resources/app/out/main.js:76:37999)
    at nB.deregisterLoggers (file:///usr/share/cursor/resources/app/out/main.js:76:38762)
    at zh.dispose (file:///usr/share/cursor/resources/app/out/main.js:146:514)
    at Ou.value (file:///usr/share/cursor/resources/app/out/main.js:142:44247)
    at P._deliver (file:///usr/share/cursor/resources/app/out/main.js:32:3595)
    at P.fire (file:///usr/share/cursor/resources/app/out/main.js:32:3915)
    at BrowserWindow.ae (file:///usr/share/cursor/resources/app/out/main.js:30:8698)
    at BrowserWindow.emit (node:events:521:24)
    at zh.destroyWindow (file:///usr/share/cursor/resources/app/out/main.js:142:59455)
    at zh.onWindowError (file:///usr/share/cursor/resources/app/out/main.js:142:58756)
Error sending from webFrameMain:  Error: Render frame was disposed before WebFrameMain could be accessed
    at s.send (node:electron/js2c/browser_init:2:103455)
    at b.send (node:electron/js2c/browser_init:2:87820)
    at Lx.send (file:///usr/share/cursor/resources/app/out/main.js:35:32772)
    at _b.sendBuffer (file:///usr/share/cursor/resources/app/out/main.js:33:12539)
    at _b.send (file:///usr/share/cursor/resources/app/out/main.js:33:12458)
    at _b.sendResponse (file:///usr/share/cursor/resources/app/out/main.js:33:12305)
    at Ou.value (file:///usr/share/cursor/resources/app/out/main.js:34:343)
    at P._deliver (file:///usr/share/cursor/resources/app/out/main.js:32:3595)
    at P.fire (file:///usr/share/cursor/resources/app/out/main.js:32:3915)
    at Ou.value (file:///usr/share/cursor/resources/app/out/main.js:30:6325)
    at P._deliver (file:///usr/share/cursor/resources/app/out/main.js:32:3595)
    at P.fire (file:///usr/share/cursor/resources/app/out/main.js:32:3915)
    at Ou.value (file:///usr/share/cursor/resources/app/out/main.js:30:6131)
    at P._deliver (file:///usr/share/cursor/resources/app/out/main.js:32:3595)
    at P._deliverQueue (file:///usr/share/cursor/resources/app/out/main.js:32:3686)
    at P.fire (file:///usr/share/cursor/resources/app/out/main.js:32:4022)
    at nB.deregisterLogger (file:///usr/share/cursor/resources/app/out/main.js:37:20977)
    at nB.deregisterLogger (file:///usr/share/cursor/resources/app/out/main.js:76:37999)
    at nB.deregisterLoggers (file:///usr/share/cursor/resources/app/out/main.js:76:38762)
    at zh.dispose (file:///usr/share/cursor/resources/app/out/main.js:146:514)
    at Ou.value (file:///usr/share/cursor/resources/app/out/main.js:142:44247)
    at P._deliver (file:///usr/share/cursor/resources/app/out/main.js:32:3595)
    at P.fire (file:///usr/share/cursor/resources/app/out/main.js:32:3915)
    at BrowserWindow.ae (file:///usr/share/cursor/resources/app/out/main.js:30:8698)
    at BrowserWindow.emit (node:events:521:24)
    at zh.destroyWindow (file:///usr/share/cursor/resources/app/out/main.js:142:59455)
    at zh.onWindowError (file:///usr/share/cursor/resources/app/out/main.js:142:58756)
Error sending from webFrameMain:  Error: Render frame was disposed before WebFrameMain could be accessed
    at s.send (node:electron/js2c/browser_init:2:103455)
    at b.send (node:electron/js2c/browser_init:2:87820)
    at Lx.send (file:///usr/share/cursor/resources/app/out/main.js:35:32772)
    at _b.sendBuffer (file:///usr/share/cursor/resources/app/out/main.js:33:12539)
    at _b.send (file:///usr/share/cursor/resources/app/out/main.js:33:12458)
    at _b.sendResponse (file:///usr/share/cursor/resources/app/out/main.js:33:12305)
    at Ou.value (file:///usr/share/cursor/resources/app/out/main.js:34:343)
    at P._deliver (file:///usr/share/cursor/resources/app/out/main.js:32:3595)
    at P.fire (file:///usr/share/cursor/resources/app/out/main.js:32:3915)
    at Ou.value (file:///usr/share/cursor/resources/app/out/main.js:30:6325)
    at P._deliver (file:///usr/share/cursor/resources/app/out/main.js:32:3595)
    at P.fire (file:///usr/share/cursor/resources/app/out/main.js:32:3915)
    at Ou.value (file:///usr/share/cursor/resources/app/out/main.js:30:6131)
    at P._deliver (file:///usr/share/cursor/resources/app/out/main.js:32:3595)
    at P._deliverQueue (file:///usr/share/cursor/resources/app/out/main.js:32:3686)
    at P.fire (file:///usr/share/cursor/resources/app/out/main.js:32:4022)
    at nB.deregisterLogger (file:///usr/share/cursor/resources/app/out/main.js:37:20977)
    at nB.deregisterLogger (file:///usr/share/cursor/resources/app/out/main.js:76:37999)
    at nB.deregisterLoggers (file:///usr/share/cursor/resources/app/out/main.js:76:38762)
    at zh.dispose (file:///usr/share/cursor/resources/app/out/main.js:146:514)
    at Ou.value (file:///usr/share/cursor/resources/app/out/main.js:142:44247)
    at P._deliver (file:///usr/share/cursor/resources/app/out/main.js:32:3595)
    at P.fire (file:///usr/share/cursor/resources/app/out/main.js:32:3915)
    at BrowserWindow.ae (file:///usr/share/cursor/resources/app/out/main.js:30:8698)
    at BrowserWindow.emit (node:events:521:24)
    at zh.destroyWindow (file:///usr/share/cursor/resources/app/out/main.js:142:59455)
    at zh.onWindowError (file:///usr/share/cursor/resources/app/out/main.js:142:58756)
Error sending from webFrameMain:  Error: Render frame was disposed before WebFrameMain could be accessed
    at s.send (node:electron/js2c/browser_init:2:103455)
    at b.send (node:electron/js2c/browser_init:2:87820)
    at Lx.send (file:///usr/share/cursor/resources/app/out/main.js:35:32772)
    at _b.sendBuffer (file:///usr/share/cursor/resources/app/out/main.js:33:12539)
    at _b.send (file:///usr/share/cursor/resources/app/out/main.js:33:12458)
    at _b.sendResponse (file:///usr/share/cursor/resources/app/out/main.js:33:12305)
    at Ou.value (file:///usr/share/cursor/resources/app/out/main.js:34:343)
    at P._deliver (file:///usr/share/cursor/resources/app/out/main.js:32:3595)
    at P.fire (file:///usr/share/cursor/resources/app/out/main.js:32:3915)
    at Ou.value (file:///usr/share/cursor/resources/app/out/main.js:30:6325)
    at P._deliver (file:///usr/share/cursor/resources/app/out/main.js:32:3595)
    at P.fire (file:///usr/share/cursor/resources/app/out/main.js:32:3915)
    at Ou.value (file:///usr/share/cursor/resources/app/out/main.js:30:6131)
    at P._deliver (file:///usr/share/cursor/resources/app/out/main.js:32:3595)
    at P._deliverQueue (file:///usr/share/cursor/resources/app/out/main.js:32:3686)
    at P.fire (file:///usr/share/cursor/resources/app/out/main.js:32:4022)
    at nB.deregisterLogger (file:///usr/share/cursor/resources/app/out/main.js:37:20977)
    at nB.deregisterLogger (file:///usr/share/cursor/resources/app/out/main.js:76:37999)
    at nB.deregisterLoggers (file:///usr/share/cursor/resources/app/out/main.js:76:38762)
    at zh.dispose (file:///usr/share/cursor/resources/app/out/main.js:146:514)
    at Ou.value (file:///usr/share/cursor/resources/app/out/main.js:142:44247)
    at P._deliver (file:///usr/share/cursor/resources/app/out/main.js:32:3595)
    at P.fire (file:///usr/share/cursor/resources/app/out/main.js:32:3915)
    at BrowserWindow.ae (file:///usr/share/cursor/resources/app/out/main.js:30:8698)
    at BrowserWindow.emit (node:events:521:24)
    at zh.destroyWindow (file:///usr/share/cursor/resources/app/out/main.js:142:59455)
    at zh.onWindowError (file:///usr/share/cursor/resources/app/out/main.js:142:58756)
Error sending from webFrameMain:  Error: Render frame was disposed before WebFrameMain could be accessed
    at s.send (node:electron/js2c/browser_init:2:103455)
    at b.send (node:electron/js2c/browser_init:2:87820)
    at Lx.send (file:///usr/share/cursor/resources/app/out/main.js:35:32772)
    at _b.sendBuffer (file:///usr/share/cursor/resources/app/out/main.js:33:12539)
    at _b.send (file:///usr/share/cursor/resources/app/out/main.js:33:12458)
    at _b.sendResponse (file:///usr/share/cursor/resources/app/out/main.js:33:12305)
    at Ou.value (file:///usr/share/cursor/resources/app/out/main.js:34:343)
    at P._deliver (file:///usr/share/cursor/resources/app/out/main.js:32:3595)
    at P.fire (file:///usr/share/cursor/resources/app/out/main.js:32:3915)
    at Ou.value (file:///usr/share/cursor/resources/app/out/main.js:30:6325)
    at P._deliver (file:///usr/share/cursor/resources/app/out/main.js:32:3595)
    at P.fire (file:///usr/share/cursor/resources/app/out/main.js:32:3915)
    at Ou.value (file:///usr/share/cursor/resources/app/out/main.js:30:6131)
    at P._deliver (file:///usr/share/cursor/resources/app/out/main.js:32:3595)
    at P._deliverQueue (file:///usr/share/cursor/resources/app/out/main.js:32:3686)
    at P.fire (file:///usr/share/cursor/resources/app/out/main.js:32:4022)
    at nB.deregisterLogger (file:///usr/share/cursor/resources/app/out/main.js:37:20977)
    at nB.deregisterLogger (file:///usr/share/cursor/resources/app/out/main.js:76:37999)
    at nB.deregisterLoggers (file:///usr/share/cursor/resources/app/out/main.js:76:38762)
    at zh.dispose (file:///usr/share/cursor/resources/app/out/main.js:146:514)
    at Ou.value (file:///usr/share/cursor/resources/app/out/main.js:142:44247)
    at P._deliver (file:///usr/share/cursor/resources/app/out/main.js:32:3595)
    at P.fire (file:///usr/share/cursor/resources/app/out/main.js:32:3915)
    at BrowserWindow.ae (file:///usr/share/cursor/resources/app/out/main.js:30:8698)
    at BrowserWindow.emit (node:events:521:24)
    at zh.destroyWindow (file:///usr/share/cursor/resources/app/out/main.js:142:59455)
    at zh.onWindowError (file:///usr/share/cursor/resources/app/out/main.js:142:58756)
Error sending from webFrameMain:  Error: Render frame was disposed before WebFrameMain could be accessed
    at s.send (node:electron/js2c/browser_init:2:103455)
    at b.send (node:electron/js2c/browser_init:2:87820)
    at Lx.send (file:///usr/share/cursor/resources/app/out/main.js:35:32772)
    at _b.sendBuffer (file:///usr/share/cursor/resources/app/out/main.js:33:12539)
    at _b.send (file:///usr/share/cursor/resources/app/out/main.js:33:12458)
    at _b.sendResponse (file:///usr/share/cursor/resources/app/out/main.js:33:12305)
    at Ou.value (file:///usr/share/cursor/resources/app/out/main.js:34:343)
    at P._deliver (file:///usr/share/cursor/resources/app/out/main.js:32:3595)
    at P.fire (file:///usr/share/cursor/resources/app/out/main.js:32:3915)
    at Ou.value (file:///usr/share/cursor/resources/app/out/main.js:30:6325)
    at P._deliver (file:///usr/share/cursor/resources/app/out/main.js:32:3595)
    at P.fire (file:///usr/share/cursor/resources/app/out/main.js:32:3915)
    at Ou.value (file:///usr/share/cursor/resources/app/out/main.js:30:6131)
    at P._deliver (file:///usr/share/cursor/resources/app/out/main.js:32:3595)
    at P._deliverQueue (file:///usr/share/cursor/resources/app/out/main.js:32:3686)
    at P.fire (file:///usr/share/cursor/resources/app/out/main.js:32:4022)
    at nB.deregisterLogger (file:///usr/share/cursor/resources/app/out/main.js:37:20977)
    at nB.deregisterLogger (file:///usr/share/cursor/resources/app/out/main.js:76:37999)
    at nB.deregisterLoggers (file:///usr/share/cursor/resources/app/out/main.js:76:38762)
    at zh.dispose (file:///usr/share/cursor/resources/app/out/main.js:146:514)
    at Ou.value (file:///usr/share/cursor/resources/app/out/main.js:142:44247)
    at P._deliver (file:///usr/share/cursor/resources/app/out/main.js:32:3595)
    at P.fire (file:///usr/share/cursor/resources/app/out/main.js:32:3915)
    at BrowserWindow.ae (file:///usr/share/cursor/resources/app/out/main.js:30:8698)
    at BrowserWindow.emit (node:events:521:24)
    at zh.destroyWindow (file:///usr/share/cursor/resources/app/out/main.js:142:59455)
    at zh.onWindowError (file:///usr/share/cursor/resources/app/out/main.js:142:58756)
Error sending from webFrameMain:  Error: Render frame was disposed before WebFrameMain could be accessed
    at s.send (node:electron/js2c/browser_init:2:103455)
    at b.send (node:electron/js2c/browser_init:2:87820)
    at Lx.send (file:///usr/share/cursor/resources/app/out/main.js:35:32772)
    at _b.sendBuffer (file:///usr/share/cursor/resources/app/out/main.js:33:12539)
    at _b.send (file:///usr/share/cursor/resources/app/out/main.js:33:12458)
    at _b.sendResponse (file:///usr/share/cursor/resources/app/out/main.js:33:12305)
    at Ou.value (file:///usr/share/cursor/resources/app/out/main.js:34:343)
    at P._deliver (file:///usr/share/cursor/resources/app/out/main.js:32:3595)
    at P.fire (file:///usr/share/cursor/resources/app/out/main.js:32:3915)
    at Ou.value (file:///usr/share/cursor/resources/app/out/main.js:30:6325)
    at P._deliver (file:///usr/share/cursor/resources/app/out/main.js:32:3595)
    at P.fire (file:///usr/share/cursor/resources/app/out/main.js:32:3915)
    at Ou.value (file:///usr/share/cursor/resources/app/out/main.js:30:6131)
    at P._deliver (file:///usr/share/cursor/resources/app/out/main.js:32:3595)
    at P._deliverQueue (file:///usr/share/cursor/resources/app/out/main.js:32:3686)
    at P.fire (file:///usr/share/cursor/resources/app/out/main.js:32:4022)
    at nB.deregisterLogger (file:///usr/share/cursor/resources/app/out/main.js:37:20977)
    at nB.deregisterLogger (file:///usr/share/cursor/resources/app/out/main.js:76:37999)
    at nB.deregisterLoggers (file:///usr/share/cursor/resources/app/out/main.js:76:38762)
    at zh.dispose (file:///usr/share/cursor/resources/app/out/main.js:146:514)
    at Ou.value (file:///usr/share/cursor/resources/app/out/main.js:142:44247)
    at P._deliver (file:///usr/share/cursor/resources/app/out/main.js:32:3595)
    at P.fire (file:///usr/share/cursor/resources/app/out/main.js:32:3915)
    at BrowserWindow.ae (file:///usr/share/cursor/resources/app/out/main.js:30:8698)
    at BrowserWindow.emit (node:events:521:24)
    at zh.destroyWindow (file:///usr/share/cursor/resources/app/out/main.js:142:59455)
    at zh.onWindowError (file:///usr/share/cursor/resources/app/out/main.js:142:58756)
Error sending from webFrameMain:  Error: Render frame was disposed before WebFrameMain could be accessed
    at s.send (node:electron/js2c/browser_init:2:103455)
    at b.send (node:electron/js2c/browser_init:2:87820)
    at Lx.send (file:///usr/share/cursor/resources/app/out/main.js:35:32772)
    at _b.sendBuffer (file:///usr/share/cursor/resources/app/out/main.js:33:12539)
    at _b.send (file:///usr/share/cursor/resources/app/out/main.js:33:12458)
    at _b.sendResponse (file:///usr/share/cursor/resources/app/out/main.js:33:12305)
    at Ou.value (file:///usr/share/cursor/resources/app/out/main.js:34:343)
    at P._deliver (file:///usr/share/cursor/resources/app/out/main.js:32:3595)
    at P.fire (file:///usr/share/cursor/resources/app/out/main.js:32:3915)
    at Ou.value (file:///usr/share/cursor/resources/app/out/main.js:30:6325)
    at P._deliver (file:///usr/share/cursor/resources/app/out/main.js:32:3595)
    at P.fire (file:///usr/share/cursor/resources/app/out/main.js:32:3915)
    at Ou.value (file:///usr/share/cursor/resources/app/out/main.js:30:6131)
    at P._deliver (file:///usr/share/cursor/resources/app/out/main.js:32:3595)
    at P._deliverQueue (file:///usr/share/cursor/resources/app/out/main.js:32:3686)
    at P.fire (file:///usr/share/cursor/resources/app/out/main.js:32:4022)
    at nB.deregisterLogger (file:///usr/share/cursor/resources/app/out/main.js:37:20977)
    at nB.deregisterLogger (file:///usr/share/cursor/resources/app/out/main.js:76:37999)
    at nB.deregisterLoggers (file:///usr/share/cursor/resources/app/out/main.js:76:38762)
    at zh.dispose (file:///usr/share/cursor/resources/app/out/main.js:146:514)
    at Ou.value (file:///usr/share/cursor/resources/app/out/main.js:142:44247)
    at P._deliver (file:///usr/share/cursor/resources/app/out/main.js:32:3595)
    at P.fire (file:///usr/share/cursor/resources/app/out/main.js:32:3915)
    at BrowserWindow.ae (file:///usr/share/cursor/resources/app/out/main.js:30:8698)
    at BrowserWindow.emit (node:events:521:24)
    at zh.destroyWindow (file:///usr/share/cursor/resources/app/out/main.js:142:59455)
    at zh.onWindowError (file:///usr/share/cursor/resources/app/out/main.js:142:58756)
Error sending from webFrameMain:  Error: Render frame was disposed before WebFrameMain could be accessed
    at s.send (node:electron/js2c/browser_init:2:103455)
    at b.send (node:electron/js2c/browser_init:2:87820)
    at Lx.send (file:///usr/share/cursor/resources/app/out/main.js:35:32772)
    at _b.sendBuffer (file:///usr/share/cursor/resources/app/out/main.js:33:12539)
    at _b.send (file:///usr/share/cursor/resources/app/out/main.js:33:12458)
    at _b.sendResponse (file:///usr/share/cursor/resources/app/out/main.js:33:12305)
    at Ou.value (file:///usr/share/cursor/resources/app/out/main.js:34:343)
    at P._deliver (file:///usr/share/cursor/resources/app/out/main.js:32:3595)
    at P.fire (file:///usr/share/cursor/resources/app/out/main.js:32:3915)
    at Ou.value (file:///usr/share/cursor/resources/app/out/main.js:30:6325)
    at P._deliver (file:///usr/share/cursor/resources/app/out/main.js:32:3595)
    at P.fire (file:///usr/share/cursor/resources/app/out/main.js:32:3915)
    at Ou.value (file:///usr/share/cursor/resources/app/out/main.js:30:6131)
    at P._deliver (file:///usr/share/cursor/resources/app/out/main.js:32:3595)
    at P._deliverQueue (file:///usr/share/cursor/resources/app/out/main.js:32:3686)
    at P.fire (file:///usr/share/cursor/resources/app/out/main.js:32:4022)
    at nB.deregisterLogger (file:///usr/share/cursor/resources/app/out/main.js:37:20977)
    at nB.deregisterLogger (file:///usr/share/cursor/resources/app/out/main.js:76:37999)
    at nB.deregisterLoggers (file:///usr/share/cursor/resources/app/out/main.js:76:38762)
    at zh.dispose (file:///usr/share/cursor/resources/app/out/main.js:146:514)
    at Ou.value (file:///usr/share/cursor/resources/app/out/main.js:142:44247)
    at P._deliver (file:///usr/share/cursor/resources/app/out/main.js:32:3595)
    at P.fire (file:///usr/share/cursor/resources/app/out/main.js:32:3915)
    at BrowserWindow.ae (file:///usr/share/cursor/resources/app/out/main.js:30:8698)
    at BrowserWindow.emit (node:events:521:24)
    at zh.destroyWindow (file:///usr/share/cursor/resources/app/out/main.js:142:59455)
    at zh.onWindowError (file:///usr/share/cursor/resources/app/out/main.js:142:58756)
Error sending from webFrameMain:  Error: Render frame was disposed before WebFrameMain could be accessed
    at s.send (node:electron/js2c/browser_init:2:103455)
    at b.send (node:electron/js2c/browser_init:2:87820)
    at Lx.send (file:///usr/share/cursor/resources/app/out/main.js:35:32772)
    at _b.sendBuffer (file:///usr/share/cursor/resources/app/out/main.js:33:12539)
    at _b.send (file:///usr/share/cursor/resources/app/out/main.js:33:12458)
    at _b.sendResponse (file:///usr/share/cursor/resources/app/out/main.js:33:12305)
    at Ou.value (file:///usr/share/cursor/resources/app/out/main.js:34:343)
    at P._deliver (file:///usr/share/cursor/resources/app/out/main.js:32:3595)
    at P.fire (file:///usr/share/cursor/resources/app/out/main.js:32:3915)
    at Ou.value (file:///usr/share/cursor/resources/app/out/main.js:30:6325)
    at P._deliver (file:///usr/share/cursor/resources/app/out/main.js:32:3595)
    at P.fire (file:///usr/share/cursor/resources/app/out/main.js:32:3915)
    at Ou.value (file:///usr/share/cursor/resources/app/out/main.js:30:6131)
    at P._deliver (file:///usr/share/cursor/resources/app/out/main.js:32:3595)
    at P._deliverQueue (file:///usr/share/cursor/resources/app/out/main.js:32:3686)
    at P.fire (file:///usr/share/cursor/resources/app/out/main.js:32:4022)
    at nB.deregisterLogger (file:///usr/share/cursor/resources/app/out/main.js:37:20977)
    at nB.deregisterLogger (file:///usr/share/cursor/resources/app/out/main.js:76:37999)
    at nB.deregisterLoggers (file:///usr/share/cursor/resources/app/out/main.js:76:38762)
    at zh.dispose (file:///usr/share/cursor/resources/app/out/main.js:146:514)
    at Ou.value (file:///usr/share/cursor/resources/app/out/main.js:142:44247)
    at P._deliver (file:///usr/share/cursor/resources/app/out/main.js:32:3595)
    at P.fire (file:///usr/share/cursor/resources/app/out/main.js:32:3915)
    at BrowserWindow.ae (file:///usr/share/cursor/resources/app/out/main.js:30:8698)
    at BrowserWindow.emit (node:events:521:24)
    at zh.destroyWindow (file:///usr/share/cursor/resources/app/out/main.js:142:59455)
    at zh.onWindowError (file:///usr/share/cursor/resources/app/out/main.js:142:58756)
Error sending from webFrameMain:  Error: Render frame was disposed before WebFrameMain could be accessed
    at s.send (node:electron/js2c/browser_init:2:103455)
    at b.send (node:electron/js2c/browser_init:2:87820)
    at Lx.send (file:///usr/share/cursor/resources/app/out/main.js:35:32772)
    at _b.sendBuffer (file:///usr/share/cursor/resources/app/out/main.js:33:12539)
    at _b.send (file:///usr/share/cursor/resources/app/out/main.js:33:12458)
    at _b.sendResponse (file:///usr/share/cursor/resources/app/out/main.js:33:12305)
    at Ou.value (file:///usr/share/cursor/resources/app/out/main.js:34:343)
    at P._deliver (file:///usr/share/cursor/resources/app/out/main.js:32:3595)
    at P.fire (file:///usr/share/cursor/resources/app/out/main.js:32:3915)
    at Ou.value (file:///usr/share/cursor/resources/app/out/main.js:30:6325)
    at P._deliver (file:///usr/share/cursor/resources/app/out/main.js:32:3595)
    at P.fire (file:///usr/share/cursor/resources/app/out/main.js:32:3915)
    at Ou.value (file:///usr/share/cursor/resources/app/out/main.js:30:6131)
    at P._deliver (file:///usr/share/cursor/resources/app/out/main.js:32:3595)
    at P._deliverQueue (file:///usr/share/cursor/resources/app/out/main.js:32:3686)
    at P.fire (file:///usr/share/cursor/resources/app/out/main.js:32:4022)
    at nB.deregisterLogger (file:///usr/share/cursor/resources/app/out/main.js:37:20977)
    at nB.deregisterLogger (file:///usr/share/cursor/resources/app/out/main.js:76:37999)
    at nB.deregisterLoggers (file:///usr/share/cursor/resources/app/out/main.js:76:38762)
    at zh.dispose (file:///usr/share/cursor/resources/app/out/main.js:146:514)
    at Ou.value (file:///usr/share/cursor/resources/app/out/main.js:142:44247)
    at P._deliver (file:///usr/share/cursor/resources/app/out/main.js:32:3595)
    at P.fire (file:///usr/share/cursor/resources/app/out/main.js:32:3915)
    at BrowserWindow.ae (file:///usr/share/cursor/resources/app/out/main.js:30:8698)
    at BrowserWindow.emit (node:events:521:24)
    at zh.destroyWindow (file:///usr/share/cursor/resources/app/out/main.js:142:59455)
    at zh.onWindowError (file:///usr/share/cursor/resources/app/out/main.js:142:58756)
Error sending from webFrameMain:  Error: Render frame was disposed before WebFrameMain could be accessed
    at s.send (node:electron/js2c/browser_init:2:103455)
    at b.send (node:electron/js2c/browser_init:2:87820)
    at Lx.send (file:///usr/share/cursor/resources/app/out/main.js:35:32772)
    at _b.sendBuffer (file:///usr/share/cursor/resources/app/out/main.js:33:12539)
    at _b.send (file:///usr/share/cursor/resources/app/out/main.js:33:12458)
    at _b.sendResponse (file:///usr/share/cursor/resources/app/out/main.js:33:12305)
    at Ou.value (file:///usr/share/cursor/resources/app/out/main.js:34:343)
    at P._deliver (file:///usr/share/cursor/resources/app/out/main.js:32:3595)
    at P.fire (file:///usr/share/cursor/resources/app/out/main.js:32:3915)
    at Ou.value (file:///usr/share/cursor/resources/app/out/main.js:30:6325)
    at P._deliver (file:///usr/share/cursor/resources/app/out/main.js:32:3595)
    at P.fire (file:///usr/share/cursor/resources/app/out/main.js:32:3915)
    at Ou.value (file:///usr/share/cursor/resources/app/out/main.js:30:6131)
    at P._deliver (file:///usr/share/cursor/resources/app/out/main.js:32:3595)
    at P._deliverQueue (file:///usr/share/cursor/resources/app/out/main.js:32:3686)
    at P.fire (file:///usr/share/cursor/resources/app/out/main.js:32:4022)
    at nB.deregisterLogger (file:///usr/share/cursor/resources/app/out/main.js:37:20977)
    at nB.deregisterLogger (file:///usr/share/cursor/resources/app/out/main.js:76:37999)
    at nB.deregisterLoggers (file:///usr/share/cursor/resources/app/out/main.js:76:38762)
    at zh.dispose (file:///usr/share/cursor/resources/app/out/main.js:146:514)
    at Ou.value (file:///usr/share/cursor/resources/app/out/main.js:142:44247)
    at P._deliver (file:///usr/share/cursor/resources/app/out/main.js:32:3595)
    at P.fire (file:///usr/share/cursor/resources/app/out/main.js:32:3915)
    at BrowserWindow.ae (file:///usr/share/cursor/resources/app/out/main.js:30:8698)
    at BrowserWindow.emit (node:events:521:24)
    at zh.destroyWindow (file:///usr/share/cursor/resources/app/out/main.js:142:59455)
    at zh.onWindowError (file:///usr/share/cursor/resources/app/out/main.js:142:58756)
Error sending from webFrameMain:  Error: Render frame was disposed before WebFrameMain could be accessed
    at s.send (node:electron/js2c/browser_init:2:103455)
    at b.send (node:electron/js2c/browser_init:2:87820)
    at Lx.send (file:///usr/share/cursor/resources/app/out/main.js:35:32772)
    at _b.sendBuffer (file:///usr/share/cursor/resources/app/out/main.js:33:12539)
    at _b.send (file:///usr/share/cursor/resources/app/out/main.js:33:12458)
    at _b.sendResponse (file:///usr/share/cursor/resources/app/out/main.js:33:12305)
    at Ou.value (file:///usr/share/cursor/resources/app/out/main.js:34:343)
    at P._deliver (file:///usr/share/cursor/resources/app/out/main.js:32:3595)
    at P.fire (file:///usr/share/cursor/resources/app/out/main.js:32:3915)
    at Ou.value (file:///usr/share/cursor/resources/app/out/main.js:30:6325)
    at P._deliver (file:///usr/share/cursor/resources/app/out/main.js:32:3595)
    at P.fire (file:///usr/share/cursor/resources/app/out/main.js:32:3915)
    at Ou.value (file:///usr/share/cursor/resources/app/out/main.js:30:6131)
    at P._deliver (file:///usr/share/cursor/resources/app/out/main.js:32:3595)
    at P._deliverQueue (file:///usr/share/cursor/resources/app/out/main.js:32:3686)
    at P.fire (file:///usr/share/cursor/resources/app/out/main.js:32:4022)
    at nB.deregisterLogger (file:///usr/share/cursor/resources/app/out/main.js:37:20977)
    at nB.deregisterLogger (file:///usr/share/cursor/resources/app/out/main.js:76:37999)
    at nB.deregisterLoggers (file:///usr/share/cursor/resources/app/out/main.js:76:38762)
    at zh.dispose (file:///usr/share/cursor/resources/app/out/main.js:146:514)
    at Ou.value (file:///usr/share/cursor/resources/app/out/main.js:142:44247)
    at P._deliver (file:///usr/share/cursor/resources/app/out/main.js:32:3595)
    at P.fire (file:///usr/share/cursor/resources/app/out/main.js:32:3915)
    at BrowserWindow.ae (file:///usr/share/cursor/resources/app/out/main.js:30:8698)
    at BrowserWindow.emit (node:events:521:24)
    at zh.destroyWindow (file:///usr/share/cursor/resources/app/out/main.js:142:59455)
    at zh.onWindowError (file:///usr/share/cursor/resources/app/out/main.js:142:58756)
Error sending from webFrameMain:  Error: Render frame was disposed before WebFrameMain could be accessed
    at s.send (node:electron/js2c/browser_init:2:103455)
    at b.send (node:electron/js2c/browser_init:2:87820)
    at Lx.send (file:///usr/share/cursor/resources/app/out/main.js:35:32772)
    at _b.sendBuffer (file:///usr/share/cursor/resources/app/out/main.js:33:12539)
    at _b.send (file:///usr/share/cursor/resources/app/out/main.js:33:12458)
    at _b.sendResponse (file:///usr/share/cursor/resources/app/out/main.js:33:12305)
    at Ou.value (file:///usr/share/cursor/resources/app/out/main.js:34:343)
    at P._deliver (file:///usr/share/cursor/resources/app/out/main.js:32:3595)
    at P.fire (file:///usr/share/cursor/resources/app/out/main.js:32:3915)
    at Ou.value (file:///usr/share/cursor/resources/app/out/main.js:30:6325)
    at P._deliver (file:///usr/share/cursor/resources/app/out/main.js:32:3595)
    at P.fire (file:///usr/share/cursor/resources/app/out/main.js:32:3915)
    at Ou.value (file:///usr/share/cursor/resources/app/out/main.js:30:6131)
    at P._deliver (file:///usr/share/cursor/resources/app/out/main.js:32:3595)
    at P._deliverQueue (file:///usr/share/cursor/resources/app/out/main.js:32:3686)
    at P.fire (file:///usr/share/cursor/resources/app/out/main.js:32:4022)
    at nB.deregisterLogger (file:///usr/share/cursor/resources/app/out/main.js:37:20977)
    at nB.deregisterLogger (file:///usr/share/cursor/resources/app/out/main.js:76:37999)
    at nB.deregisterLoggers (file:///usr/share/cursor/resources/app/out/main.js:76:38762)
    at zh.dispose (file:///usr/share/cursor/resources/app/out/main.js:146:514)
    at Ou.value (file:///usr/share/cursor/resources/app/out/main.js:142:44247)
    at P._deliver (file:///usr/share/cursor/resources/app/out/main.js:32:3595)
    at P.fire (file:///usr/share/cursor/resources/app/out/main.js:32:3915)
    at BrowserWindow.ae (file:///usr/share/cursor/resources/app/out/main.js:30:8698)
    at BrowserWindow.emit (node:events:521:24)
    at zh.destroyWindow (file:///usr/share/cursor/resources/app/out/main.js:142:59455)
    at zh.onWindowError (file:///usr/share/cursor/resources/app/out/main.js:142:58756)
Error sending from webFrameMain:  Error: Render frame was disposed before WebFrameMain could be accessed
    at s.send (node:electron/js2c/browser_init:2:103455)
    at b.send (node:electron/js2c/browser_init:2:87820)
    at Lx.send (file:///usr/share/cursor/resources/app/out/main.js:35:32772)
    at _b.sendBuffer (file:///usr/share/cursor/resources/app/out/main.js:33:12539)
    at _b.send (file:///usr/share/cursor/resources/app/out/main.js:33:12458)
    at _b.sendResponse (file:///usr/share/cursor/resources/app/out/main.js:33:12305)
    at Ou.value (file:///usr/share/cursor/resources/app/out/main.js:34:343)
    at P._deliver (file:///usr/share/cursor/resources/app/out/main.js:32:3595)
    at P.fire (file:///usr/share/cursor/resources/app/out/main.js:32:3915)
    at Ou.value (file:///usr/share/cursor/resources/app/out/main.js:30:6325)
    at P._deliver (file:///usr/share/cursor/resources/app/out/main.js:32:3595)
    at P.fire (file:///usr/share/cursor/resources/app/out/main.js:32:3915)
    at Ou.value (file:///usr/share/cursor/resources/app/out/main.js:30:6131)
    at P._deliver (file:///usr/share/cursor/resources/app/out/main.js:32:3595)
    at P._deliverQueue (file:///usr/share/cursor/resources/app/out/main.js:32:3686)
    at P.fire (file:///usr/share/cursor/resources/app/out/main.js:32:4022)
    at nB.deregisterLogger (file:///usr/share/cursor/resources/app/out/main.js:37:20977)
    at nB.deregisterLogger (file:///usr/share/cursor/resources/app/out/main.js:76:37999)
    at nB.deregisterLoggers (file:///usr/share/cursor/resources/app/out/main.js:76:38762)
    at zh.dispose (file:///usr/share/cursor/resources/app/out/main.js:146:514)
    at Ou.value (file:///usr/share/cursor/resources/app/out/main.js:142:44247)
    at P._deliver (file:///usr/share/cursor/resources/app/out/main.js:32:3595)
    at P.fire (file:///usr/share/cursor/resources/app/out/main.js:32:3915)
    at BrowserWindow.ae (file:///usr/share/cursor/resources/app/out/main.js:30:8698)
    at BrowserWindow.emit (node:events:521:24)
    at zh.destroyWindow (file:///usr/share/cursor/resources/app/out/main.js:142:59455)
    at zh.onWindowError (file:///usr/share/cursor/resources/app/out/main.js:142:58756)
Error sending from webFrameMain:  Error: Render frame was disposed before WebFrameMain could be accessed
    at s.send (node:electron/js2c/browser_init:2:103455)
    at b.send (node:electron/js2c/browser_init:2:87820)
    at Lx.send (file:///usr/share/cursor/resources/app/out/main.js:35:32772)
    at _b.sendBuffer (file:///usr/share/cursor/resources/app/out/main.js:33:12539)
    at _b.send (file:///usr/share/cursor/resources/app/out/main.js:33:12458)
    at _b.sendResponse (file:///usr/share/cursor/resources/app/out/main.js:33:12305)
    at Ou.value (file:///usr/share/cursor/resources/app/out/main.js:34:343)
    at P._deliver (file:///usr/share/cursor/resources/app/out/main.js:32:3595)
    at P.fire (file:///usr/share/cursor/resources/app/out/main.js:32:3915)
    at Ou.value (file:///usr/share/cursor/resources/app/out/main.js:30:6325)
    at P._deliver (file:///usr/share/cursor/resources/app/out/main.js:32:3595)
    at P.fire (file:///usr/share/cursor/resources/app/out/main.js:32:3915)
    at Ou.value (file:///usr/share/cursor/resources/app/out/main.js:30:6131)
    at P._deliver (file:///usr/share/cursor/resources/app/out/main.js:32:3595)
    at P._deliverQueue (file:///usr/share/cursor/resources/app/out/main.js:32:3686)
    at P.fire (file:///usr/share/cursor/resources/app/out/main.js:32:4022)
    at nB.deregisterLogger (file:///usr/share/cursor/resources/app/out/main.js:37:20977)
    at nB.deregisterLogger (file:///usr/share/cursor/resources/app/out/main.js:76:37999)
    at nB.deregisterLoggers (file:///usr/share/cursor/resources/app/out/main.js:76:38762)
    at zh.dispose (file:///usr/share/cursor/resources/app/out/main.js:146:514)
    at Ou.value (file:///usr/share/cursor/resources/app/out/main.js:142:44247)
    at P._deliver (file:///usr/share/cursor/resources/app/out/main.js:32:3595)
    at P.fire (file:///usr/share/cursor/resources/app/out/main.js:32:3915)
    at BrowserWindow.ae (file:///usr/share/cursor/resources/app/out/main.js:30:8698)
    at BrowserWindow.emit (node:events:521:24)
    at zh.destroyWindow (file:///usr/share/cursor/resources/app/out/main.js:142:59455)
    at zh.onWindowError (file:///usr/share/cursor/resources/app/out/main.js:142:58756)
Error sending from webFrameMain:  Error: Render frame was disposed before WebFrameMain could be accessed
    at s.send (node:electron/js2c/browser_init:2:103455)
    at b.send (node:electron/js2c/browser_init:2:87820)
    at Lx.send (file:///usr/share/cursor/resources/app/out/main.js:35:32772)
    at _b.sendBuffer (file:///usr/share/cursor/resources/app/out/main.js:33:12539)
    at _b.send (file:///usr/share/cursor/resources/app/out/main.js:33:12458)
    at _b.sendResponse (file:///usr/share/cursor/resources/app/out/main.js:33:12305)
    at Ou.value (file:///usr/share/cursor/resources/app/out/main.js:34:343)
    at P._deliver (file:///usr/share/cursor/resources/app/out/main.js:32:3595)
    at P.fire (file:///usr/share/cursor/resources/app/out/main.js:32:3915)
    at Ou.value (file:///usr/share/cursor/resources/app/out/main.js:30:6325)
    at P._deliver (file:///usr/share/cursor/resources/app/out/main.js:32:3595)
    at P.fire (file:///usr/share/cursor/resources/app/out/main.js:32:3915)
    at Ou.value (file:///usr/share/cursor/resources/app/out/main.js:30:6131)
    at P._deliver (file:///usr/share/cursor/resources/app/out/main.js:32:3595)
    at P._deliverQueue (file:///usr/share/cursor/resources/app/out/main.js:32:3686)
    at P.fire (file:///usr/share/cursor/resources/app/out/main.js:32:4022)
    at nB.deregisterLogger (file:///usr/share/cursor/resources/app/out/main.js:37:20977)
    at nB.deregisterLogger (file:///usr/share/cursor/resources/app/out/main.js:76:37999)
    at nB.deregisterLoggers (file:///usr/share/cursor/resources/app/out/main.js:76:38762)
    at zh.dispose (file:///usr/share/cursor/resources/app/out/main.js:146:514)
    at Ou.value (file:///usr/share/cursor/resources/app/out/main.js:142:44247)
    at P._deliver (file:///usr/share/cursor/resources/app/out/main.js:32:3595)
    at P.fire (file:///usr/share/cursor/resources/app/out/main.js:32:3915)
    at BrowserWindow.ae (file:///usr/share/cursor/resources/app/out/main.js:30:8698)
    at BrowserWindow.emit (node:events:521:24)
    at zh.destroyWindow (file:///usr/share/cursor/resources/app/out/main.js:142:59455)
    at zh.onWindowError (file:///usr/share/cursor/resources/app/out/main.js:142:58756)
Error sending from webFrameMain:  Error: Render frame was disposed before WebFrameMain could be accessed
    at s.send (node:electron/js2c/browser_init:2:103455)
    at b.send (node:electron/js2c/browser_init:2:87820)
    at Lx.send (file:///usr/share/cursor/resources/app/out/main.js:35:32772)
    at _b.sendBuffer (file:///usr/share/cursor/resources/app/out/main.js:33:12539)
    at _b.send (file:///usr/share/cursor/resources/app/out/main.js:33:12458)
    at _b.sendResponse (file:///usr/share/cursor/resources/app/out/main.js:33:12305)
    at Ou.value (file:///usr/share/cursor/resources/app/out/main.js:34:343)
    at P._deliver (file:///usr/share/cursor/resources/app/out/main.js:32:3595)
    at P.fire (file:///usr/share/cursor/resources/app/out/main.js:32:3915)
    at Ou.value (file:///usr/share/cursor/resources/app/out/main.js:30:6325)
    at P._deliver (file:///usr/share/cursor/resources/app/out/main.js:32:3595)
    at P.fire (file:///usr/share/cursor/resources/app/out/main.js:32:3915)
    at Ou.value (file:///usr/share/cursor/resources/app/out/main.js:30:6131)
    at P._deliver (file:///usr/share/cursor/resources/app/out/main.js:32:3595)
    at P._deliverQueue (file:///usr/share/cursor/resources/app/out/main.js:32:3686)
    at P.fire (file:///usr/share/cursor/resources/app/out/main.js:32:4022)
    at nB.deregisterLogger (file:///usr/share/cursor/resources/app/out/main.js:37:20977)
    at nB.deregisterLogger (file:///usr/share/cursor/resources/app/out/main.js:76:37999)
    at nB.deregisterLoggers (file:///usr/share/cursor/resources/app/out/main.js:76:38762)
    at zh.dispose (file:///usr/share/cursor/resources/app/out/main.js:146:514)
    at Ou.value (file:///usr/share/cursor/resources/app/out/main.js:142:44247)
    at P._deliver (file:///usr/share/cursor/resources/app/out/main.js:32:3595)
    at P.fire (file:///usr/share/cursor/resources/app/out/main.js:32:3915)
    at BrowserWindow.ae (file:///usr/share/cursor/resources/app/out/main.js:30:8698)
    at BrowserWindow.emit (node:events:521:24)
    at zh.destroyWindow (file:///usr/share/cursor/resources/app/out/main.js:142:59455)
    at zh.onWindowError (file:///usr/share/cursor/resources/app/out/main.js:142:58756)
Error sending from webFrameMain:  Error: Render frame was disposed before WebFrameMain could be accessed
    at s.send (node:electron/js2c/browser_init:2:103455)
    at b.send (node:electron/js2c/browser_init:2:87820)
    at Lx.send (file:///usr/share/cursor/resources/app/out/main.js:35:32772)
    at _b.sendBuffer (file:///usr/share/cursor/resources/app/out/main.js:33:12539)
    at _b.send (file:///usr/share/cursor/resources/app/out/main.js:33:12458)
    at _b.sendResponse (file:///usr/share/cursor/resources/app/out/main.js:33:12305)
    at Ou.value (file:///usr/share/cursor/resources/app/out/main.js:34:343)
    at P._deliver (file:///usr/share/cursor/resources/app/out/main.js:32:3595)
    at P.fire (file:///usr/share/cursor/resources/app/out/main.js:32:3915)
    at Ou.value (file:///usr/share/cursor/resources/app/out/main.js:30:6325)
    at P._deliver (file:///usr/share/cursor/resources/app/out/main.js:32:3595)
    at P.fire (file:///usr/share/cursor/resources/app/out/main.js:32:3915)
    at Ou.value (file:///usr/share/cursor/resources/app/out/main.js:30:6131)
    at P._deliver (file:///usr/share/cursor/resources/app/out/main.js:32:3595)
    at P._deliverQueue (file:///usr/share/cursor/resources/app/out/main.js:32:3686)
    at P.fire (file:///usr/share/cursor/resources/app/out/main.js:32:4022)
    at nB.deregisterLogger (file:///usr/share/cursor/resources/app/out/main.js:37:20977)
    at nB.deregisterLogger (file:///usr/share/cursor/resources/app/out/main.js:76:37999)
    at nB.deregisterLoggers (file:///usr/share/cursor/resources/app/out/main.js:76:38762)
    at zh.dispose (file:///usr/share/cursor/resources/app/out/main.js:146:514)
    at Ou.value (file:///usr/share/cursor/resources/app/out/main.js:142:44247)
    at P._deliver (file:///usr/share/cursor/resources/app/out/main.js:32:3595)
    at P.fire (file:///usr/share/cursor/resources/app/out/main.js:32:3915)
    at BrowserWindow.ae (file:///usr/share/cursor/resources/app/out/main.js:30:8698)
    at BrowserWindow.emit (node:events:521:24)
    at zh.destroyWindow (file:///usr/share/cursor/resources/app/out/main.js:142:59455)
    at zh.onWindowError (file:///usr/share/cursor/resources/app/out/main.js:142:58756)
Error sending from webFrameMain:  Error: Render frame was disposed before WebFrameMain could be accessed
    at s.send (node:electron/js2c/browser_init:2:103455)
    at b.send (node:electron/js2c/browser_init:2:87820)
    at Lx.send (file:///usr/share/cursor/resources/app/out/main.js:35:32772)
    at _b.sendBuffer (file:///usr/share/cursor/resources/app/out/main.js:33:12539)
    at _b.send (file:///usr/share/cursor/resources/app/out/main.js:33:12458)
    at _b.sendResponse (file:///usr/share/cursor/resources/app/out/main.js:33:12305)
    at Ou.value (file:///usr/share/cursor/resources/app/out/main.js:34:343)
    at P._deliver (file:///usr/share/cursor/resources/app/out/main.js:32:3595)
    at P.fire (file:///usr/share/cursor/resources/app/out/main.js:32:3915)
    at Ou.value (file:///usr/share/cursor/resources/app/out/main.js:30:6325)
    at P._deliver (file:///usr/share/cursor/resources/app/out/main.js:32:3595)
    at P.fire (file:///usr/share/cursor/resources/app/out/main.js:32:3915)
    at Ou.value (file:///usr/share/cursor/resources/app/out/main.js:30:6131)
    at P._deliver (file:///usr/share/cursor/resources/app/out/main.js:32:3595)
    at P._deliverQueue (file:///usr/share/cursor/resources/app/out/main.js:32:3686)
    at P.fire (file:///usr/share/cursor/resources/app/out/main.js:32:4022)
    at nB.deregisterLogger (file:///usr/share/cursor/resources/app/out/main.js:37:20977)
    at nB.deregisterLogger (file:///usr/share/cursor/resources/app/out/main.js:76:37999)
    at nB.deregisterLoggers (file:///usr/share/cursor/resources/app/out/main.js:76:38762)
    at zh.dispose (file:///usr/share/cursor/resources/app/out/main.js:146:514)
    at Ou.value (file:///usr/share/cursor/resources/app/out/main.js:142:44247)
    at P._deliver (file:///usr/share/cursor/resources/app/out/main.js:32:3595)
    at P.fire (file:///usr/share/cursor/resources/app/out/main.js:32:3915)
    at BrowserWindow.ae (file:///usr/share/cursor/resources/app/out/main.js:30:8698)
    at BrowserWindow.emit (node:events:521:24)
    at zh.destroyWindow (file:///usr/share/cursor/resources/app/out/main.js:142:59455)
    at zh.onWindowError (file:///usr/share/cursor/resources/app/out/main.js:142:58756)
Error sending from webFrameMain:  Error: Render frame was disposed before WebFrameMain could be accessed
    at s.send (node:electron/js2c/browser_init:2:103455)
    at b.send (node:electron/js2c/browser_init:2:87820)
    at Lx.send (file:///usr/share/cursor/resources/app/out/main.js:35:32772)
    at _b.sendBuffer (file:///usr/share/cursor/resources/app/out/main.js:33:12539)
    at _b.send (file:///usr/share/cursor/resources/app/out/main.js:33:12458)
    at _b.sendResponse (file:///usr/share/cursor/resources/app/out/main.js:33:12305)
    at Ou.value (file:///usr/share/cursor/resources/app/out/main.js:34:343)
    at P._deliver (file:///usr/share/cursor/resources/app/out/main.js:32:3595)
    at P.fire (file:///usr/share/cursor/resources/app/out/main.js:32:3915)
    at Ou.value (file:///usr/share/cursor/resources/app/out/main.js:30:6325)
    at P._deliver (file:///usr/share/cursor/resources/app/out/main.js:32:3595)
    at P.fire (file:///usr/share/cursor/resources/app/out/main.js:32:3915)
    at Ou.value (file:///usr/share/cursor/resources/app/out/main.js:30:6131)
    at P._deliver (file:///usr/share/cursor/resources/app/out/main.js:32:3595)
    at P._deliverQueue (file:///usr/share/cursor/resources/app/out/main.js:32:3686)
    at P.fire (file:///usr/share/cursor/resources/app/out/main.js:32:4022)
    at nB.deregisterLogger (file:///usr/share/cursor/resources/app/out/main.js:37:20977)
    at nB.deregisterLogger (file:///usr/share/cursor/resources/app/out/main.js:76:37999)
    at nB.deregisterLoggers (file:///usr/share/cursor/resources/app/out/main.js:76:38762)
    at zh.dispose (file:///usr/share/cursor/resources/app/out/main.js:146:514)
    at Ou.value (file:///usr/share/cursor/resources/app/out/main.js:142:44247)
    at P._deliver (file:///usr/share/cursor/resources/app/out/main.js:32:3595)
    at P.fire (file:///usr/share/cursor/resources/app/out/main.js:32:3915)
    at BrowserWindow.ae (file:///usr/share/cursor/resources/app/out/main.js:30:8698)
    at BrowserWindow.emit (node:events:521:24)
    at zh.destroyWindow (file:///usr/share/cursor/resources/app/out/main.js:142:59455)
    at zh.onWindowError (file:///usr/share/cursor/resources/app/out/main.js:142:58756)
Error sending from webFrameMain:  Error: Render frame was disposed before WebFrameMain could be accessed
    at s.send (node:electron/js2c/browser_init:2:103455)
    at b.send (node:electron/js2c/browser_init:2:87820)
    at Lx.send (file:///usr/share/cursor/resources/app/out/main.js:35:32772)
    at _b.sendBuffer (file:///usr/share/cursor/resources/app/out/main.js:33:12539)
    at _b.send (file:///usr/share/cursor/resources/app/out/main.js:33:12458)
    at _b.sendResponse (file:///usr/share/cursor/resources/app/out/main.js:33:12305)
    at Ou.value (file:///usr/share/cursor/resources/app/out/main.js:34:343)
    at P._deliver (file:///usr/share/cursor/resources/app/out/main.js:32:3595)
    at P.fire (file:///usr/share/cursor/resources/app/out/main.js:32:3915)
    at Ou.value (file:///usr/share/cursor/resources/app/out/main.js:30:6325)
    at P._deliver (file:///usr/share/cursor/resources/app/out/main.js:32:3595)
    at P.fire (file:///usr/share/cursor/resources/app/out/main.js:32:3915)
    at Ou.value (file:///usr/share/cursor/resources/app/out/main.js:30:6131)
    at P._deliver (file:///usr/share/cursor/resources/app/out/main.js:32:3595)
    at P._deliverQueue (file:///usr/share/cursor/resources/app/out/main.js:32:3686)
    at P.fire (file:///usr/share/cursor/resources/app/out/main.js:32:4022)
    at nB.deregisterLogger (file:///usr/share/cursor/resources/app/out/main.js:37:20977)
    at nB.deregisterLogger (file:///usr/share/cursor/resources/app/out/main.js:76:37999)
    at nB.deregisterLoggers (file:///usr/share/cursor/resources/app/out/main.js:76:38762)
    at zh.dispose (file:///usr/share/cursor/resources/app/out/main.js:146:514)
    at Ou.value (file:///usr/share/cursor/resources/app/out/main.js:142:44247)
    at P._deliver (file:///usr/share/cursor/resources/app/out/main.js:32:3595)
    at P.fire (file:///usr/share/cursor/resources/app/out/main.js:32:3915)
    at BrowserWindow.ae (file:///usr/share/cursor/resources/app/out/main.js:30:8698)
    at BrowserWindow.emit (node:events:521:24)
    at zh.destroyWindow (file:///usr/share/cursor/resources/app/out/main.js:142:59455)
    at zh.onWindowError (file:///usr/share/cursor/resources/app/out/main.js:142:58756)
Error sending from webFrameMain:  Error: Render frame was disposed before WebFrameMain could be accessed
    at s.send (node:electron/js2c/browser_init:2:103455)
    at b.send (node:electron/js2c/browser_init:2:87820)
    at Lx.send (file:///usr/share/cursor/resources/app/out/main.js:35:32772)
    at _b.sendBuffer (file:///usr/share/cursor/resources/app/out/main.js:33:12539)
    at _b.send (file:///usr/share/cursor/resources/app/out/main.js:33:12458)
    at _b.sendResponse (file:///usr/share/cursor/resources/app/out/main.js:33:12305)
    at Ou.value (file:///usr/share/cursor/resources/app/out/main.js:34:343)
    at P._deliver (file:///usr/share/cursor/resources/app/out/main.js:32:3595)
    at P.fire (file:///usr/share/cursor/resources/app/out/main.js:32:3915)
    at Ou.value (file:///usr/share/cursor/resources/app/out/main.js:30:6325)
    at P._deliver (file:///usr/share/cursor/resources/app/out/main.js:32:3595)
    at P.fire (file:///usr/share/cursor/resources/app/out/main.js:32:3915)
    at Ou.value (file:///usr/share/cursor/resources/app/out/main.js:30:6131)
    at P._deliver (file:///usr/share/cursor/resources/app/out/main.js:32:3595)
    at P._deliverQueue (file:///usr/share/cursor/resources/app/out/main.js:32:3686)
    at P.fire (file:///usr/share/cursor/resources/app/out/main.js:32:4022)
    at nB.deregisterLogger (file:///usr/share/cursor/resources/app/out/main.js:37:20977)
    at nB.deregisterLogger (file:///usr/share/cursor/resources/app/out/main.js:76:37999)
    at nB.deregisterLoggers (file:///usr/share/cursor/resources/app/out/main.js:76:38762)
    at zh.dispose (file:///usr/share/cursor/resources/app/out/main.js:146:514)
    at Ou.value (file:///usr/share/cursor/resources/app/out/main.js:142:44247)
    at P._deliver (file:///usr/share/cursor/resources/app/out/main.js:32:3595)
    at P.fire (file:///usr/share/cursor/resources/app/out/main.js:32:3915)
    at BrowserWindow.ae (file:///usr/share/cursor/resources/app/out/main.js:30:8698)
    at BrowserWindow.emit (node:events:521:24)
    at zh.destroyWindow (file:///usr/share/cursor/resources/app/out/main.js:142:59455)
    at zh.onWindowError (file:///usr/share/cursor/resources/app/out/main.js:142:58756)
Error sending from webFrameMain:  Error: Render frame was disposed before WebFrameMain could be accessed
    at s.send (node:electron/js2c/browser_init:2:103455)
    at b.send (node:electron/js2c/browser_init:2:87820)
    at Lx.send (file:///usr/share/cursor/resources/app/out/main.js:35:32772)
    at _b.sendBuffer (file:///usr/share/cursor/resources/app/out/main.js:33:12539)
    at _b.send (file:///usr/share/cursor/resources/app/out/main.js:33:12458)
    at _b.sendResponse (file:///usr/share/cursor/resources/app/out/main.js:33:12305)
    at Ou.value (file:///usr/share/cursor/resources/app/out/main.js:34:343)
    at P._deliver (file:///usr/share/cursor/resources/app/out/main.js:32:3595)
    at P.fire (file:///usr/share/cursor/resources/app/out/main.js:32:3915)
    at Ou.value (file:///usr/share/cursor/resources/app/out/main.js:30:6325)
    at P._deliver (file:///usr/share/cursor/resources/app/out/main.js:32:3595)
    at P.fire (file:///usr/share/cursor/resources/app/out/main.js:32:3915)
    at Ou.value (file:///usr/share/cursor/resources/app/out/main.js:30:6131)
    at P._deliver (file:///usr/share/cursor/resources/app/out/main.js:32:3595)
    at P._deliverQueue (file:///usr/share/cursor/resources/app/out/main.js:32:3686)
    at P.fire (file:///usr/share/cursor/resources/app/out/main.js:32:4022)
    at nB.deregisterLogger (file:///usr/share/cursor/resources/app/out/main.js:37:20977)
    at nB.deregisterLogger (file:///usr/share/cursor/resources/app/out/main.js:76:37999)
    at nB.deregisterLoggers (file:///usr/share/cursor/resources/app/out/main.js:76:38762)
    at zh.dispose (file:///usr/share/cursor/resources/app/out/main.js:146:514)
    at Ou.value (file:///usr/share/cursor/resources/app/out/main.js:142:44247)
    at P._deliver (file:///usr/share/cursor/resources/app/out/main.js:32:3595)
    at P.fire (file:///usr/share/cursor/resources/app/out/main.js:32:3915)
    at BrowserWindow.ae (file:///usr/share/cursor/resources/app/out/main.js:30:8698)
    at BrowserWindow.emit (node:events:521:24)
    at zh.destroyWindow (file:///usr/share/cursor/resources/app/out/main.js:142:59455)
    at zh.onWindowError (file:///usr/share/cursor/resources/app/out/main.js:142:58756)
Error sending from webFrameMain:  Error: Render frame was disposed before WebFrameMain could be accessed
    at s.send (node:electron/js2c/browser_init:2:103455)
    at b.send (node:electron/js2c/browser_init:2:87820)
    at Lx.send (file:///usr/share/cursor/resources/app/out/main.js:35:32772)
    at _b.sendBuffer (file:///usr/share/cursor/resources/app/out/main.js:33:12539)
    at _b.send (file:///usr/share/cursor/resources/app/out/main.js:33:12458)
    at _b.sendResponse (file:///usr/share/cursor/resources/app/out/main.js:33:12305)
    at Ou.value (file:///usr/share/cursor/resources/app/out/main.js:34:343)
    at P._deliver (file:///usr/share/cursor/resources/app/out/main.js:32:3595)
    at P.fire (file:///usr/share/cursor/resources/app/out/main.js:32:3915)
    at Ou.value (file:///usr/share/cursor/resources/app/out/main.js:30:6325)
    at P._deliver (file:///usr/share/cursor/resources/app/out/main.js:32:3595)
    at P.fire (file:///usr/share/cursor/resources/app/out/main.js:32:3915)
    at Ou.value (file:///usr/share/cursor/resources/app/out/main.js:30:6131)
    at P._deliver (file:///usr/share/cursor/resources/app/out/main.js:32:3595)
    at P._deliverQueue (file:///usr/share/cursor/resources/app/out/main.js:32:3686)
    at P.fire (file:///usr/share/cursor/resources/app/out/main.js:32:4022)
    at nB.deregisterLogger (file:///usr/share/cursor/resources/app/out/main.js:37:20977)
    at nB.deregisterLogger (file:///usr/share/cursor/resources/app/out/main.js:76:37999)
    at nB.deregisterLoggers (file:///usr/share/cursor/resources/app/out/main.js:76:38762)
    at zh.dispose (file:///usr/share/cursor/resources/app/out/main.js:146:514)
    at Ou.value (file:///usr/share/cursor/resources/app/out/main.js:142:44247)
    at P._deliver (file:///usr/share/cursor/resources/app/out/main.js:32:3595)
    at P.fire (file:///usr/share/cursor/resources/app/out/main.js:32:3915)
    at BrowserWindow.ae (file:///usr/share/cursor/resources/app/out/main.js:30:8698)
    at BrowserWindow.emit (node:events:521:24)
    at zh.destroyWindow (file:///usr/share/cursor/resources/app/out/main.js:142:59455)
    at zh.onWindowError (file:///usr/share/cursor/resources/app/out/main.js:142:58756)
Error sending from webFrameMain:  Error: Render frame was disposed before WebFrameMain could be accessed
    at s.send (node:electron/js2c/browser_init:2:103455)
    at b.send (node:electron/js2c/browser_init:2:87820)
    at Lx.send (file:///usr/share/cursor/resources/app/out/main.js:35:32772)
    at _b.sendBuffer (file:///usr/share/cursor/resources/app/out/main.js:33:12539)
    at _b.send (file:///usr/share/cursor/resources/app/out/main.js:33:12458)
    at _b.sendResponse (file:///usr/share/cursor/resources/app/out/main.js:33:12305)
    at Ou.value (file:///usr/share/cursor/resources/app/out/main.js:34:343)
    at P._deliver (file:///usr/share/cursor/resources/app/out/main.js:32:3595)
    at P.fire (file:///usr/share/cursor/resources/app/out/main.js:32:3915)
    at Ou.value (file:///usr/share/cursor/resources/app/out/main.js:30:6325)
    at P._deliver (file:///usr/share/cursor/resources/app/out/main.js:32:3595)
    at P.fire (file:///usr/share/cursor/resources/app/out/main.js:32:3915)
    at Ou.value (file:///usr/share/cursor/resources/app/out/main.js:30:6131)
    at P._deliver (file:///usr/share/cursor/resources/app/out/main.js:32:3595)
    at P._deliverQueue (file:///usr/share/cursor/resources/app/out/main.js:32:3686)
    at P.fire (file:///usr/share/cursor/resources/app/out/main.js:32:4022)
    at nB.deregisterLogger (file:///usr/share/cursor/resources/app/out/main.js:37:20977)
    at nB.deregisterLogger (file:///usr/share/cursor/resources/app/out/main.js:76:37999)
    at nB.deregisterLoggers (file:///usr/share/cursor/resources/app/out/main.js:76:38762)
    at zh.dispose (file:///usr/share/cursor/resources/app/out/main.js:146:514)
    at Ou.value (file:///usr/share/cursor/resources/app/out/main.js:142:44247)
    at P._deliver (file:///usr/share/cursor/resources/app/out/main.js:32:3595)
    at P.fire (file:///usr/share/cursor/resources/app/out/main.js:32:3915)
    at BrowserWindow.ae (file:///usr/share/cursor/resources/app/out/main.js:30:8698)
    at BrowserWindow.emit (node:events:521:24)
    at zh.destroyWindow (file:///usr/share/cursor/resources/app/out/main.js:142:59455)
    at zh.onWindowError (file:///usr/share/cursor/resources/app/out/main.js:142:58756)
Error sending from webFrameMain:  Error: Render frame was disposed before WebFrameMain could be accessed
    at s.send (node:electron/js2c/browser_init:2:103455)
    at b.send (node:electron/js2c/browser_init:2:87820)
    at Lx.send (file:///usr/share/cursor/resources/app/out/main.js:35:32772)
    at _b.sendBuffer (file:///usr/share/cursor/resources/app/out/main.js:33:12539)
    at _b.send (file:///usr/share/cursor/resources/app/out/main.js:33:12458)
    at _b.sendResponse (file:///usr/share/cursor/resources/app/out/main.js:33:12305)
    at Ou.value (file:///usr/share/cursor/resources/app/out/main.js:34:343)
    at P._deliver (file:///usr/share/cursor/resources/app/out/main.js:32:3595)
    at P.fire (file:///usr/share/cursor/resources/app/out/main.js:32:3915)
    at Ou.value (file:///usr/share/cursor/resources/app/out/main.js:30:6325)
    at P._deliver (file:///usr/share/cursor/resources/app/out/main.js:32:3595)
    at P.fire (file:///usr/share/cursor/resources/app/out/main.js:32:3915)
    at Ou.value (file:///usr/share/cursor/resources/app/out/main.js:30:6131)
    at P._deliver (file:///usr/share/cursor/resources/app/out/main.js:32:3595)
    at P._deliverQueue (file:///usr/share/cursor/resources/app/out/main.js:32:3686)
    at P.fire (file:///usr/share/cursor/resources/app/out/main.js:32:4022)
    at nB.deregisterLogger (file:///usr/share/cursor/resources/app/out/main.js:37:20977)
    at nB.deregisterLogger (file:///usr/share/cursor/resources/app/out/main.js:76:37999)
    at nB.deregisterLoggers (file:///usr/share/cursor/resources/app/out/main.js:76:38762)
    at zh.dispose (file:///usr/share/cursor/resources/app/out/main.js:146:514)
    at Ou.value (file:///usr/share/cursor/resources/app/out/main.js:142:44247)
    at P._deliver (file:///usr/share/cursor/resources/app/out/main.js:32:3595)
    at P.fire (file:///usr/share/cursor/resources/app/out/main.js:32:3915)
    at BrowserWindow.ae (file:///usr/share/cursor/resources/app/out/main.js:30:8698)
    at BrowserWindow.emit (node:events:521:24)
    at zh.destroyWindow (file:///usr/share/cursor/resources/app/out/main.js:142:59455)
    at zh.onWindowError (file:///usr/share/cursor/resources/app/out/main.js:142:58756)
DIAG _exit(0) pid=11985
