=== poll 1790360370.720978774
8333333
0	0	0
0	0	0
0	0	0
0	0	0
0	0	0
0	0	0
0	0	0
0	0	0
0	0	0
0	0	0
0	0	0
0	0	0
0	0	0
0	0	0
0	0	0
0	0	0
0	0	0
0	0	0
0	0	0
0	0	0
0	0	0
0	0	0
0	0	0
0	0	0
0	0	0
0	0	0
0	0	0
0	0	0
0	0	0
0	0	0
0	0	0
0	0	0
0	0	0
0	0	0
0	0	0
0	0	0
0	0	0
0	0	0
0	0	0
0	0	0
0	0	0
0	0	0
0	0	0
0	0	0
0	0	0
0	0	0
0	0	0
0	0	0
0	0	0
0	0	0
0	0	0
0	0	0
0	0	0
0	0	0
0	0	0
0	0	0
0	0	0
0	0	0
0	0	0
0	0	0
0	0	0
0	0	0
0	0	0
0	0	0
0	0	0
0	0	0
0	0	0
0	0	0
0	0	0
0	0	0
0	0	0
0	0	0
0	0	0
0	0	0
0	0	0
0	0	0
0	0	0
0	0	0
0	0	0
0	0	0
0	0	0
0	0	0
0	0	0
0	0	0
0	0	0
0	0	0
0	0	0
0	0	0
0	0	0
0	0	0
0	0	0
0	0	0
0	0	0
0	0	0
0	0	0
0	0	0
0	0	0
0	0	0
0	0	0
0	0	0
0	0	0
0	0	0
0	0	0
0	0	0
0	0	0
0	0	0
0	0	0
0	0	0
0	0	0
0	0	0
0	0	0
0	0	0
0	0	0
0	0	0
0	0	0
0	0	0
0	0	0
0	0	0
0	0	0
0	0	0
0	0	0
0	0	0
0	0	0
0	0	0
0	0	0
0	0	0
115850195563410	115850212832628	115850195411274

=== poll 1790360373.141777263
8333333
0	0	0
0	0	0
0	0	0
0	0	0
0	0	0
0	0	0
0	0	0
0	0	0
0	0	0
0	0	0
0	0	0
0	0	0
0	0	0
0	0	0
0	0	0
0	0	0
0	0	0
0	0	0
0	0	0
0	0	0
0	0	0
0	0	0
0	0	0
0	0	0
0	0	0
0	0	0
0	0	0
0	0	0
0	0	0
0	0	0
0	0	0
0	0	0
0	0	0
0	0	0
0	0	0
0	0	0
0	0	0
0	0	0
0	0	0
0	0	0
0	0	0
0	0	0
0	0	0
0	0	0
0	0	0
0	0	0
0	0	0
0	0	0
0	0	0
0	0	0
0	0	0
0	0	0
0	0	0
0	0	0
0	0	0
0	0	0
0	0	0
0	0	0
0	0	0
0	0	0
0	0	0
0	0	0
0	0	0
0	0	0
0	0	0
0	0	0
0	0	0
0	0	0
0	0	0
0	0	0
0	0	0
0	0	0
0	0	0
0	0	0
0	0	0
0	0	0
0	0	0
0	0	0
0	0	0
0	0	0
0	0	0
0	0	0
0	0	0
0	0	0
0	0	0
0	0	0
0	0	0
0	0	0
0	0	0
0	0	0
0	0	0
0	0	0
0	0	0
0	0	0
0	0	0
0	0	0
0	0	0
0	0	0
0	0	0
0	0	0
0	0	0
0	0	0
0	0	0
0	0	0
0	0	0
0	0	0
0	0	0
0	0	0
0	0	0
0	0	0
0	0	0
0	0	0
0	0	0
0	0	0
0	0	0
0	0	0
0	0	0
0	0	0
0	0	0
0	0	0
0	0	0
0	0	0
0	0	0
0	0	0
0	0	0
0	0	0
115850195563410	115850212832628	115850195411274

=== poll 1790360375.416463772
8333333
0	0	0
0	0	0
0	0	0
0	0	0
0	0	0
0	0	0
0	0	0
0	0	0
0	0	0
0	0	0
0	0	0
0	0	0
0	0	0
0	0	0
0	0	0
0	0	0
0	0	0
0	0	0
0	0	0
0	0	0
0	0	0
0	0	0
0	0	0
0	0	0
0	0	0
0	0	0
0	0	0
0	0	0
0	0	0
0	0	0
0	0	0
0	0	0
0	0	0
0	0	0
0	0	0
0	0	0
0	0	0
0	0	0
0	0	0
0	0	0
0	0	0
0	0	0
0	0	0
0	0	0
0	0	0
0	0	0
0	0	0
0	0	0
0	0	0
0	0	0
0	0	0
0	0	0
0	0	0
0	0	0
0	0	0
0	0	0
0	0	0
0	0	0
0	0	0
0	0	0
0	0	0
0	0	0
0	0	0
0	0	0
0	0	0
0	0	0
0	0	0
0	0	0
0	0	0
0	0	0
0	0	0
0	0	0
0	0	0
0	0	0
0	0	0
0	0	0
0	0	0
0	0	0
0	0	0
0	0	0
0	0	0
0	0	0
0	0	0
0	0	0
0	0	0
0	0	0
0	0	0
0	0	0
0	0	0
0	0	0
0	0	0
0	0	0
0	0	0
0	0	0
0	0	0
0	0	0
0	0	0
0	0	0
0	0	0
0	0	0
0	0	0
0	0	0
0	0	0
0	0	0
0	0	0
0	0	0
115850195563410	115850212832628	115850195411274
115859263687886	115859280622937	115859263296584
115859374668667	115859388975906	115859374569188
115859382912000	115859397311010	115859382866375
115859691202833	115859705681115	115859691082990
115860573839656	115860589140541	115860573739187
115860642716375	115860655818145	115860642617625
115860650280489	115860664153405	115860650221062
115860666952520	115860680820228	115860666860958
115860717620698	115860730821791	115860717545385
115860828427312	115860839191061	115860828259135
115860842280854	115860855858613	115860842210593
115860850460906	115860864193093	115860850409447
115860858875645	115860872527155	115860858819656
115861267542312	115861280942155	115861267429656
115861295675437	115861314280696	115861295546531
115861317639083	115861330948770	115861317507937
115861335702051	115861347622468	115861335600645
115861341750593	115861355960124	115861341712208
115861351676843	115861364295228	115861351599395
115861368643614	115861380962520	115861368592312

=== poll 1790360377.692229344
8333333
0	0	0
0	0	0
0	0	0
0	0	0
0	0	0
0	0	0
0	0	0
0	0	0
0	0	0
0	0	0
0	0	0
0	0	0
0	0	0
0	0	0
0	0	0
0	0	0
0	0	0
0	0	0
0	0	0
0	0	0
0	0	0
0	0	0
0	0	0
0	0	0
0	0	0
0	0	0
0	0	0
0	0	0
0	0	0
0	0	0
0	0	0
0	0	0
0	0	0
0	0	0
0	0	0
0	0	0
0	0	0
0	0	0
0	0	0
0	0	0
0	0	0
0	0	0
0	0	0
0	0	0
0	0	0
0	0	0
0	0	0
0	0	0
0	0	0
0	0	0
0	0	0
0	0	0
0	0	0
0	0	0
0	0	0
0	0	0
0	0	0
0	0	0
0	0	0
0	0	0
0	0	0
0	0	0
0	0	0
0	0	0
0	0	0
0	0	0
0	0	0
0	0	0
0	0	0
0	0	0
0	0	0
0	0	0
0	0	0
0	0	0
0	0	0
0	0	0
0	0	0
0	0	0
0	0	0
0	0	0
0	0	0
0	0	0
0	0	0
0	0	0
0	0	0
0	0	0
0	0	0
0	0	0
0	0	0
0	0	0
0	0	0
0	0	0
0	0	0
0	0	0
0	0	0
115850195563410	115850212832628	115850195411274
115859263687886	115859280622937	115859263296584
115859374668667	115859388975906	115859374569188
115859382912000	115859397311010	115859382866375
115859691202833	115859705681115	115859691082990
115860573839656	115860589140541	115860573739187
115860642716375	115860655818145	115860642617625
115860650280489	115860664153405	115860650221062
115860666952520	115860680820228	115860666860958
115860717620698	115860730821791	115860717545385
115860828427312	115860839191061	115860828259135
115860842280854	115860855858613	115860842210593
115860850460906	115860864193093	115860850409447
115860858875645	115860872527155	115860858819656
115861267542312	115861280942155	115861267429656
115861295675437	115861314280696	115861295546531
115861317639083	115861330948770	115861317507937
115861335702051	115861347622468	115861335600645
115861341750593	115861355960124	115861341712208
115861351676843	115861364295228	115861351599395
115861368643614	115861380962520	115861368592312
115861392142468	115861405962728	115861392048614
115861408778458	115861422632468	115861408699604
115861426359395	115861439300957	115861426276791
115861442481479	115861455970697	115861442408666
115861471631114	115861489305384	115861471502312
115861475685593	115861497638821	115861475627624
115861494114343	115861505971947	115861494031947
115861518751478	115861530976009	115861518635958
115861527793770	115861539311321	115861527698249
115861545281114	115861564315592	115861545174812
115862284290228	115862297797988	115862284088770

=== poll 1790360379.944929968
8333333
0	0	0
0	0	0
0	0	0
0	0	0
0	0	0
0	0	0
0	0	0
0	0	0
0	0	0
0	0	0
0	0	0
0	0	0
0	0	0
0	0	0
0	0	0
0	0	0
0	0	0
0	0	0
0	0	0
0	0	0
0	0	0
0	0	0
0	0	0
0	0	0
0	0	0
0	0	0
0	0	0
0	0	0
0	0	0
0	0	0
0	0	0
0	0	0
0	0	0
0	0	0
0	0	0
0	0	0
0	0	0
0	0	0
0	0	0
0	0	0
0	0	0
0	0	0
0	0	0
0	0	0
0	0	0
0	0	0
0	0	0
0	0	0
0	0	0
0	0	0
0	0	0
0	0	0
0	0	0
0	0	0
0	0	0
0	0	0
0	0	0
0	0	0
0	0	0
0	0	0
0	0	0
0	0	0
0	0	0
0	0	0
0	0	0
0	0	0
0	0	0
0	0	0
0	0	0
0	0	0
0	0	0
0	0	0
0	0	0
0	0	0
0	0	0
0	0	0
0	0	0
0	0	0
0	0	0
0	0	0
0	0	0
0	0	0
0	0	0
0	0	0
0	0	0
0	0	0
0	0	0
0	0	0
0	0	0
0	0	0
0	0	0
0	0	0
0	0	0
0	0	0
0	0	0
115850195563410	115850212832628	115850195411274
115859263687886	115859280622937	115859263296584
115859374668667	115859388975906	115859374569188
115859382912000	115859397311010	115859382866375
115859691202833	115859705681115	115859691082990
115860573839656	115860589140541	115860573739187
115860642716375	115860655818145	115860642617625
115860650280489	115860664153405	115860650221062
115860666952520	115860680820228	115860666860958
115860717620698	115860730821791	115860717545385
115860828427312	115860839191061	115860828259135
115860842280854	115860855858613	115860842210593
115860850460906	115860864193093	115860850409447
115860858875645	115860872527155	115860858819656
115861267542312	115861280942155	115861267429656
115861295675437	115861314280696	115861295546531
115861317639083	115861330948770	115861317507937
115861335702051	115861347622468	115861335600645
115861341750593	115861355960124	115861341712208
115861351676843	115861364295228	115861351599395
115861368643614	115861380962520	115861368592312
115861392142468	115861405962728	115861392048614
115861408778458	115861422632468	115861408699604
115861426359395	115861439300957	115861426276791
115861442481479	115861455970697	115861442408666
115861471631114	115861489305384	115861471502312
115861475685593	115861497638821	115861475627624
115861494114343	115861505971947	115861494031947
115861518751478	115861530976009	115861518635958
115861527793770	115861539311321	115861527698249
115861545281114	115861564315592	115861545174812
115862284290228	115862297797988	115862284088770

=== poll 1790360382.211764707
8333333
0	0	0
0	0	0
0	0	0
0	0	0
0	0	0
0	0	0
0	0	0
0	0	0
0	0	0
0	0	0
0	0	0
0	0	0
0	0	0
0	0	0
0	0	0
0	0	0
0	0	0
0	0	0
0	0	0
0	0	0
0	0	0
0	0	0
0	0	0
0	0	0
0	0	0
0	0	0
0	0	0
0	0	0
0	0	0
0	0	0
0	0	0
0	0	0
0	0	0
0	0	0
0	0	0
0	0	0
0	0	0
0	0	0
0	0	0
0	0	0
0	0	0
0	0	0
0	0	0
0	0	0
0	0	0
0	0	0
0	0	0
0	0	0
0	0	0
0	0	0
0	0	0
0	0	0
0	0	0
0	0	0
0	0	0
0	0	0
0	0	0
0	0	0
0	0	0
0	0	0
0	0	0
0	0	0
0	0	0
0	0	0
0	0	0
0	0	0
0	0	0
0	0	0
0	0	0
0	0	0
0	0	0
0	0	0
0	0	0
0	0	0
0	0	0
0	0	0
0	0	0
0	0	0
0	0	0
0	0	0
0	0	0
0	0	0
0	0	0
0	0	0
0	0	0
0	0	0
0	0	0
0	0	0
0	0	0
0	0	0
0	0	0
0	0	0
0	0	0
0	0	0
0	0	0
115850195563410	115850212832628	115850195411274
115859263687886	115859280622937	115859263296584
115859374668667	115859388975906	115859374569188
115859382912000	115859397311010	115859382866375
115859691202833	115859705681115	115859691082990
115860573839656	115860589140541	115860573739187
115860642716375	115860655818145	115860642617625
115860650280489	115860664153405	115860650221062
115860666952520	115860680820228	115860666860958
115860717620698	115860730821791	115860717545385
115860828427312	115860839191061	115860828259135
115860842280854	115860855858613	115860842210593
115860850460906	115860864193093	115860850409447
115860858875645	115860872527155	115860858819656
115861267542312	115861280942155	115861267429656
115861295675437	115861314280696	115861295546531
115861317639083	115861330948770	115861317507937
115861335702051	115861347622468	115861335600645
115861341750593	115861355960124	115861341712208
115861351676843	115861364295228	115861351599395
115861368643614	115861380962520	115861368592312
115861392142468	115861405962728	115861392048614
115861408778458	115861422632468	115861408699604
115861426359395	115861439300957	115861426276791
115861442481479	115861455970697	115861442408666
115861471631114	115861489305384	115861471502312
115861475685593	115861497638821	115861475627624
115861494114343	115861505971947	115861494031947
115861518751478	115861530976009	115861518635958
115861527793770	115861539311321	115861527698249
115861545281114	115861564315592	115861545174812
115862284290228	115862297797988	115862284088770

=== poll 1790360384.477697310
8333333
0	0	0
0	0	0
0	0	0
0	0	0
0	0	0
0	0	0
0	0	0
0	0	0
0	0	0
0	0	0
0	0	0
0	0	0
0	0	0
0	0	0
0	0	0
0	0	0
0	0	0
0	0	0
0	0	0
0	0	0
0	0	0
0	0	0
0	0	0
0	0	0
0	0	0
0	0	0
0	0	0
0	0	0
0	0	0
0	0	0
0	0	0
0	0	0
0	0	0
0	0	0
0	0	0
0	0	0
0	0	0
0	0	0
0	0	0
0	0	0
0	0	0
0	0	0
0	0	0
0	0	0
0	0	0
0	0	0
0	0	0
0	0	0
0	0	0
0	0	0
0	0	0
0	0	0
0	0	0
0	0	0
0	0	0
0	0	0
0	0	0
0	0	0
0	0	0
0	0	0
0	0	0
0	0	0
0	0	0
0	0	0
0	0	0
0	0	0
0	0	0
0	0	0
0	0	0
0	0	0
0	0	0
0	0	0
0	0	0
0	0	0
0	0	0
0	0	0
0	0	0
0	0	0
0	0	0
0	0	0
0	0	0
0	0	0
0	0	0
0	0	0
0	0	0
0	0	0
0	0	0
0	0	0
0	0	0
0	0	0
0	0	0
0	0	0
0	0	0
0	0	0
0	0	0
115850195563410	115850212832628	115850195411274
115859263687886	115859280622937	115859263296584
115859374668667	115859388975906	115859374569188
115859382912000	115859397311010	115859382866375
115859691202833	115859705681115	115859691082990
115860573839656	115860589140541	115860573739187
115860642716375	115860655818145	115860642617625
115860650280489	115860664153405	115860650221062
115860666952520	115860680820228	115860666860958
115860717620698	115860730821791	115860717545385
115860828427312	115860839191061	115860828259135
115860842280854	115860855858613	115860842210593
115860850460906	115860864193093	115860850409447
115860858875645	115860872527155	115860858819656
115861267542312	115861280942155	115861267429656
115861295675437	115861314280696	115861295546531
115861317639083	115861330948770	115861317507937
115861335702051	115861347622468	115861335600645
115861341750593	115861355960124	115861341712208
115861351676843	115861364295228	115861351599395
115861368643614	115861380962520	115861368592312
115861392142468	115861405962728	115861392048614
115861408778458	115861422632468	115861408699604
115861426359395	115861439300957	115861426276791
115861442481479	115861455970697	115861442408666
115861471631114	115861489305384	115861471502312
115861475685593	115861497638821	115861475627624
115861494114343	115861505971947	115861494031947
115861518751478	115861530976009	115861518635958
115861527793770	115861539311321	115861527698249
115861545281114	115861564315592	115861545174812
115862284290228	115862297797988	115862284088770

=== poll 1790360386.729676528
8333333
0	0	0
0	0	0
0	0	0
0	0	0
0	0	0
0	0	0
0	0	0
0	0	0
0	0	0
0	0	0
0	0	0
0	0	0
0	0	0
0	0	0
0	0	0
0	0	0
0	0	0
0	0	0
0	0	0
0	0	0
0	0	0
0	0	0
0	0	0
0	0	0
0	0	0
0	0	0
0	0	0
0	0	0
0	0	0
0	0	0
0	0	0
0	0	0
0	0	0
0	0	0
0	0	0
0	0	0
0	0	0
0	0	0
0	0	0
0	0	0
0	0	0
0	0	0
0	0	0
0	0	0
0	0	0
0	0	0
0	0	0
0	0	0
0	0	0
0	0	0
0	0	0
0	0	0
0	0	0
0	0	0
0	0	0
0	0	0
0	0	0
0	0	0
0	0	0
0	0	0
0	0	0
0	0	0
0	0	0
0	0	0
0	0	0
0	0	0
0	0	0
0	0	0
0	0	0
0	0	0
0	0	0
0	0	0
0	0	0
0	0	0
0	0	0
0	0	0
0	0	0
0	0	0
0	0	0
0	0	0
0	0	0
0	0	0
0	0	0
0	0	0
0	0	0
0	0	0
0	0	0
0	0	0
0	0	0
0	0	0
0	0	0
0	0	0
0	0	0
0	0	0
0	0	0
115850195563410	115850212832628	115850195411274
115859263687886	115859280622937	115859263296584
115859374668667	115859388975906	115859374569188
115859382912000	115859397311010	115859382866375
115859691202833	115859705681115	115859691082990
115860573839656	115860589140541	115860573739187
115860642716375	115860655818145	115860642617625
115860650280489	115860664153405	115860650221062
115860666952520	115860680820228	115860666860958
115860717620698	115860730821791	115860717545385
115860828427312	115860839191061	115860828259135
115860842280854	115860855858613	115860842210593
115860850460906	115860864193093	115860850409447
115860858875645	115860872527155	115860858819656
115861267542312	115861280942155	115861267429656
115861295675437	115861314280696	115861295546531
115861317639083	115861330948770	115861317507937
115861335702051	115861347622468	115861335600645
115861341750593	115861355960124	115861341712208
115861351676843	115861364295228	115861351599395
115861368643614	115861380962520	115861368592312
115861392142468	115861405962728	115861392048614
115861408778458	115861422632468	115861408699604
115861426359395	115861439300957	115861426276791
115861442481479	115861455970697	115861442408666
115861471631114	115861489305384	115861471502312
115861475685593	115861497638821	115861475627624
115861494114343	115861505971947	115861494031947
115861518751478	115861530976009	115861518635958
115861527793770	115861539311321	115861527698249
115861545281114	115861564315592	115861545174812
115862284290228	115862297797988	115862284088770

=== poll 1790360388.985663767
8333333
0	0	0
0	0	0
0	0	0
0	0	0
0	0	0
0	0	0
0	0	0
0	0	0
0	0	0
0	0	0
0	0	0
0	0	0
0	0	0
0	0	0
0	0	0
0	0	0
0	0	0
0	0	0
0	0	0
0	0	0
0	0	0
0	0	0
0	0	0
0	0	0
0	0	0
0	0	0
0	0	0
0	0	0
0	0	0
0	0	0
0	0	0
0	0	0
0	0	0
0	0	0
0	0	0
0	0	0
0	0	0
0	0	0
0	0	0
0	0	0
0	0	0
0	0	0
0	0	0
0	0	0
0	0	0
0	0	0
0	0	0
0	0	0
0	0	0
0	0	0
0	0	0
0	0	0
0	0	0
0	0	0
0	0	0
0	0	0
0	0	0
0	0	0
0	0	0
0	0	0
0	0	0
0	0	0
0	0	0
0	0	0
0	0	0
0	0	0
0	0	0
0	0	0
0	0	0
0	0	0
0	0	0
0	0	0
0	0	0
0	0	0
0	0	0
0	0	0
0	0	0
0	0	0
0	0	0
0	0	0
0	0	0
0	0	0
0	0	0
0	0	0
0	0	0
0	0	0
0	0	0
0	0	0
0	0	0
0	0	0
0	0	0
0	0	0
0	0	0
0	0	0
0	0	0
115850195563410	115850212832628	115850195411274
115859263687886	115859280622937	115859263296584
115859374668667	115859388975906	115859374569188
115859382912000	115859397311010	115859382866375
115859691202833	115859705681115	115859691082990
115860573839656	115860589140541	115860573739187
115860642716375	115860655818145	115860642617625
115860650280489	115860664153405	115860650221062
115860666952520	115860680820228	115860666860958
115860717620698	115860730821791	115860717545385
115860828427312	115860839191061	115860828259135
115860842280854	115860855858613	115860842210593
115860850460906	115860864193093	115860850409447
115860858875645	115860872527155	115860858819656
115861267542312	115861280942155	115861267429656
115861295675437	115861314280696	115861295546531
115861317639083	115861330948770	115861317507937
115861335702051	115861347622468	115861335600645
115861341750593	115861355960124	115861341712208
115861351676843	115861364295228	115861351599395
115861368643614	115861380962520	115861368592312
115861392142468	115861405962728	115861392048614
115861408778458	115861422632468	115861408699604
115861426359395	115861439300957	115861426276791
115861442481479	115861455970697	115861442408666
115861471631114	115861489305384	115861471502312
115861475685593	115861497638821	115861475627624
115861494114343	115861505971947	115861494031947
115861518751478	115861530976009	115861518635958
115861527793770	115861539311321	115861527698249
115861545281114	115861564315592	115861545174812
115862284290228	115862297797988	115862284088770

=== poll 1790360391.249584808
8333333
0	0	0
0	0	0
0	0	0
0	0	0
0	0	0
0	0	0
0	0	0
0	0	0
0	0	0
0	0	0
0	0	0
0	0	0
0	0	0
0	0	0
0	0	0
0	0	0
0	0	0
0	0	0
0	0	0
0	0	0
0	0	0
0	0	0
0	0	0
0	0	0
0	0	0
0	0	0
0	0	0
0	0	0
0	0	0
0	0	0
0	0	0
0	0	0
0	0	0
0	0	0
0	0	0
0	0	0
0	0	0
0	0	0
0	0	0
0	0	0
0	0	0
0	0	0
0	0	0
0	0	0
0	0	0
0	0	0
0	0	0
0	0	0
0	0	0
0	0	0
0	0	0
0	0	0
0	0	0
0	0	0
0	0	0
0	0	0
0	0	0
0	0	0
0	0	0
0	0	0
0	0	0
0	0	0
0	0	0
0	0	0
0	0	0
0	0	0
0	0	0
0	0	0
0	0	0
0	0	0
0	0	0
0	0	0
0	0	0
0	0	0
0	0	0
0	0	0
0	0	0
0	0	0
0	0	0
0	0	0
0	0	0
0	0	0
0	0	0
0	0	0
0	0	0
0	0	0
0	0	0
0	0	0
0	0	0
0	0	0
0	0	0
0	0	0
0	0	0
0	0	0
0	0	0
115850195563410	115850212832628	115850195411274
115859263687886	115859280622937	115859263296584
115859374668667	115859388975906	115859374569188
115859382912000	115859397311010	115859382866375
115859691202833	115859705681115	115859691082990
115860573839656	115860589140541	115860573739187
115860642716375	115860655818145	115860642617625
115860650280489	115860664153405	115860650221062
115860666952520	115860680820228	115860666860958
115860717620698	115860730821791	115860717545385
115860828427312	115860839191061	115860828259135
115860842280854	115860855858613	115860842210593
115860850460906	115860864193093	115860850409447
115860858875645	115860872527155	115860858819656
115861267542312	115861280942155	115861267429656
115861295675437	115861314280696	115861295546531
115861317639083	115861330948770	115861317507937
115861335702051	115861347622468	115861335600645
115861341750593	115861355960124	115861341712208
115861351676843	115861364295228	115861351599395
115861368643614	115861380962520	115861368592312
115861392142468	115861405962728	115861392048614
115861408778458	115861422632468	115861408699604
115861426359395	115861439300957	115861426276791
115861442481479	115861455970697	115861442408666
115861471631114	115861489305384	115861471502312
115861475685593	115861497638821	115861475627624
115861494114343	115861505971947	115861494031947
115861518751478	115861530976009	115861518635958
115861527793770	115861539311321	115861527698249
115861545281114	115861564315592	115861545174812
115862284290228	115862297797988	115862284088770

=== poll 1790360393.516218609
8333333
0	0	0
0	0	0
0	0	0
0	0	0
0	0	0
0	0	0
0	0	0
0	0	0
0	0	0
0	0	0
0	0	0
0	0	0
0	0	0
0	0	0
0	0	0
0	0	0
0	0	0
0	0	0
0	0	0
0	0	0
0	0	0
0	0	0
0	0	0
0	0	0
0	0	0
0	0	0
0	0	0
0	0	0
0	0	0
0	0	0
0	0	0
0	0	0
0	0	0
0	0	0
0	0	0
0	0	0
0	0	0
0	0	0
0	0	0
0	0	0
0	0	0
0	0	0
0	0	0
0	0	0
0	0	0
0	0	0
0	0	0
0	0	0
0	0	0
0	0	0
0	0	0
0	0	0
0	0	0
0	0	0
0	0	0
0	0	0
0	0	0
0	0	0
0	0	0
0	0	0
0	0	0
0	0	0
0	0	0
0	0	0
0	0	0
0	0	0
0	0	0
0	0	0
0	0	0
0	0	0
0	0	0
0	0	0
0	0	0
0	0	0
0	0	0
0	0	0
0	0	0
0	0	0
0	0	0
0	0	0
0	0	0
0	0	0
0	0	0
0	0	0
0	0	0
0	0	0
0	0	0
0	0	0
0	0	0
0	0	0
0	0	0
0	0	0
0	0	0
0	0	0
0	0	0
115850195563410	115850212832628	115850195411274
115859263687886	115859280622937	115859263296584
115859374668667	115859388975906	115859374569188
115859382912000	115859397311010	115859382866375
115859691202833	115859705681115	115859691082990
115860573839656	115860589140541	115860573739187
115860642716375	115860655818145	115860642617625
115860650280489	115860664153405	115860650221062
115860666952520	115860680820228	115860666860958
115860717620698	115860730821791	115860717545385
115860828427312	115860839191061	115860828259135
115860842280854	115860855858613	115860842210593
115860850460906	115860864193093	115860850409447
115860858875645	115860872527155	115860858819656
115861267542312	115861280942155	115861267429656
115861295675437	115861314280696	115861295546531
115861317639083	115861330948770	115861317507937
115861335702051	115861347622468	115861335600645
115861341750593	115861355960124	115861341712208
115861351676843	115861364295228	115861351599395
115861368643614	115861380962520	115861368592312
115861392142468	115861405962728	115861392048614
115861408778458	115861422632468	115861408699604
115861426359395	115861439300957	115861426276791
115861442481479	115861455970697	115861442408666
115861471631114	115861489305384	115861471502312
115861475685593	115861497638821	115861475627624
115861494114343	115861505971947	115861494031947
115861518751478	115861530976009	115861518635958
115861527793770	115861539311321	115861527698249
115861545281114	115861564315592	115861545174812
115862284290228	115862297797988	115862284088770

=== poll 1790360395.773525848
8333333
0	0	0
0	0	0
0	0	0
0	0	0
0	0	0
0	0	0
0	0	0
0	0	0
0	0	0
0	0	0
0	0	0
0	0	0
0	0	0
0	0	0
0	0	0
0	0	0
0	0	0
0	0	0
0	0	0
0	0	0
0	0	0
0	0	0
0	0	0
0	0	0
0	0	0
0	0	0
0	0	0
0	0	0
0	0	0
0	0	0
0	0	0
0	0	0
0	0	0
0	0	0
0	0	0
0	0	0
0	0	0
0	0	0
0	0	0
0	0	0
0	0	0
0	0	0
0	0	0
0	0	0
0	0	0
0	0	0
0	0	0
0	0	0
0	0	0
0	0	0
0	0	0
0	0	0
0	0	0
0	0	0
0	0	0
0	0	0
0	0	0
0	0	0
0	0	0
0	0	0
0	0	0
0	0	0
0	0	0
0	0	0
0	0	0
0	0	0
0	0	0
0	0	0
0	0	0
0	0	0
0	0	0
0	0	0
0	0	0
0	0	0
0	0	0
0	0	0
0	0	0
0	0	0
0	0	0
0	0	0
0	0	0
0	0	0
0	0	0
0	0	0
0	0	0
0	0	0
0	0	0
0	0	0
0	0	0
0	0	0
0	0	0
0	0	0
0	0	0
0	0	0
0	0	0
115850195563410	115850212832628	115850195411274
115859263687886	115859280622937	115859263296584
115859374668667	115859388975906	115859374569188
115859382912000	115859397311010	115859382866375
115859691202833	115859705681115	115859691082990
115860573839656	115860589140541	115860573739187
115860642716375	115860655818145	115860642617625
115860650280489	115860664153405	115860650221062
115860666952520	115860680820228	115860666860958
115860717620698	115860730821791	115860717545385
115860828427312	115860839191061	115860828259135
115860842280854	115860855858613	115860842210593
115860850460906	115860864193093	115860850409447
115860858875645	115860872527155	115860858819656
115861267542312	115861280942155	115861267429656
115861295675437	115861314280696	115861295546531
115861317639083	115861330948770	115861317507937
115861335702051	115861347622468	115861335600645
115861341750593	115861355960124	115861341712208
115861351676843	115861364295228	115861351599395
115861368643614	115861380962520	115861368592312
115861392142468	115861405962728	115861392048614
115861408778458	115861422632468	115861408699604
115861426359395	115861439300957	115861426276791
115861442481479	115861455970697	115861442408666
115861471631114	115861489305384	115861471502312
115861475685593	115861497638821	115861475627624
115861494114343	115861505971947	115861494031947
115861518751478	115861530976009	115861518635958
115861527793770	115861539311321	115861527698249
115861545281114	115861564315592	115861545174812
115862284290228	115862297797988	115862284088770

=== poll 1790360398.047428920
8333333
0	0	0
0	0	0
0	0	0
0	0	0
0	0	0
0	0	0
0	0	0
0	0	0
0	0	0
0	0	0
0	0	0
0	0	0
0	0	0
0	0	0
0	0	0
0	0	0
0	0	0
0	0	0
0	0	0
0	0	0
0	0	0
0	0	0
0	0	0
0	0	0
0	0	0
0	0	0
0	0	0
0	0	0
0	0	0
0	0	0
0	0	0
0	0	0
0	0	0
0	0	0
0	0	0
0	0	0
0	0	0
0	0	0
0	0	0
0	0	0
0	0	0
0	0	0
0	0	0
0	0	0
0	0	0
0	0	0
0	0	0
0	0	0
0	0	0
0	0	0
0	0	0
0	0	0
0	0	0
0	0	0
0	0	0
0	0	0
0	0	0
0	0	0
0	0	0
0	0	0
0	0	0
0	0	0
0	0	0
0	0	0
0	0	0
0	0	0
0	0	0
0	0	0
0	0	0
0	0	0
0	0	0
0	0	0
0	0	0
0	0	0
0	0	0
0	0	0
0	0	0
0	0	0
0	0	0
0	0	0
0	0	0
0	0	0
115850195563410	115850212832628	115850195411274
115859263687886	115859280622937	115859263296584
115859374668667	115859388975906	115859374569188
115859382912000	115859397311010	115859382866375
115859691202833	115859705681115	115859691082990
115860573839656	115860589140541	115860573739187
115860642716375	115860655818145	115860642617625
115860650280489	115860664153405	115860650221062
115860666952520	115860680820228	115860666860958
115860717620698	115860730821791	115860717545385
115860828427312	115860839191061	115860828259135
115860842280854	115860855858613	115860842210593
115860850460906	115860864193093	115860850409447
115860858875645	115860872527155	115860858819656
115861267542312	115861280942155	115861267429656
115861295675437	115861314280696	115861295546531
115861317639083	115861330948770	115861317507937
115861335702051	115861347622468	115861335600645
115861341750593	115861355960124	115861341712208
115861351676843	115861364295228	115861351599395
115861368643614	115861380962520	115861368592312
115861392142468	115861405962728	115861392048614
115861408778458	115861422632468	115861408699604
115861426359395	115861439300957	115861426276791
115861442481479	115861455970697	115861442408666
115861471631114	115861489305384	115861471502312
115861475685593	115861497638821	115861475627624
115861494114343	115861505971947	115861494031947
115861518751478	115861530976009	115861518635958
115861527793770	115861539311321	115861527698249
115861545281114	115861564315592	115861545174812
115862284290228	115862297797988	115862284088770
115882963736522	115882978496209	115882963571887
115882965561835	115882986833970	115882965519387
115882975135012	115882995170897	115882975017408
115882989488866	115883003507981	115882989421262
115883048095272	115883061862824	115883047977824
115883163796887	115883178568501	115883163674491
115883269804439	115883286917251	115883269717460
115883380253710	115883395282251	115883380173606
115883496814908	115883511980376	115883496652356
115883606401991	115883620334594	115883606313866
115883721851418	115883737051782	115883721750480
115883841796418	115883862101418	115883841613814
115883953613866	115883970490012	115883953511210

=== poll 1790360400.338020273
8333333
0	0	0
0	0	0
0	0	0
0	0	0
0	0	0
0	0	0
0	0	0
0	0	0
0	0	0
0	0	0
0	0	0
0	0	0
0	0	0
0	0	0
0	0	0
0	0	0
0	0	0
0	0	0
0	0	0
0	0	0
0	0	0
0	0	0
0	0	0
0	0	0
0	0	0
0	0	0
0	0	0
0	0	0
0	0	0
0	0	0
0	0	0
0	0	0
0	0	0
0	0	0
0	0	0
0	0	0
0	0	0
0	0	0
0	0	0
0	0	0
0	0	0
0	0	0
0	0	0
0	0	0
0	0	0
0	0	0
0	0	0
0	0	0
0	0	0
0	0	0
0	0	0
0	0	0
0	0	0
0	0	0
0	0	0
0	0	0
0	0	0
0	0	0
0	0	0
0	0	0
0	0	0
115850195563410	115850212832628	115850195411274
115859263687886	115859280622937	115859263296584
115859374668667	115859388975906	115859374569188
115859382912000	115859397311010	115859382866375
115859691202833	115859705681115	115859691082990
115860573839656	115860589140541	115860573739187
115860642716375	115860655818145	115860642617625
115860650280489	115860664153405	115860650221062
115860666952520	115860680820228	115860666860958
115860717620698	115860730821791	115860717545385
115860828427312	115860839191061	115860828259135
115860842280854	115860855858613	115860842210593
115860850460906	115860864193093	115860850409447
115860858875645	115860872527155	115860858819656
115861267542312	115861280942155	115861267429656
115861295675437	115861314280696	115861295546531
115861317639083	115861330948770	115861317507937
115861335702051	115861347622468	115861335600645
115861341750593	115861355960124	115861341712208
115861351676843	115861364295228	115861351599395
115861368643614	115861380962520	115861368592312
115861392142468	115861405962728	115861392048614
115861408778458	115861422632468	115861408699604
115861426359395	115861439300957	115861426276791
115861442481479	115861455970697	115861442408666
115861471631114	115861489305384	115861471502312
115861475685593	115861497638821	115861475627624
115861494114343	115861505971947	115861494031947
115861518751478	115861530976009	115861518635958
115861527793770	115861539311321	115861527698249
115861545281114	115861564315592	115861545174812
115862284290228	115862297797988	115862284088770
115882963736522	115882978496209	115882963571887
115882965561835	115882986833970	115882965519387
115882975135012	115882995170897	115882975017408
115882989488866	115883003507981	115882989421262
115883048095272	115883061862824	115883047977824
115883163796887	115883178568501	115883163674491
115883269804439	115883286917251	115883269717460
115883380253710	115883395282251	115883380173606
115883496814908	115883511980376	115883496652356
115883606401991	115883620334594	115883606313866
115883721851418	115883737051782	115883721750480
115883841796418	115883862101418	115883841613814
115883953613866	115883970490012	115883953511210
115884063728970	115884078871521	115884063597199
115884170147407	115884187240115	115884170043762
115884273428189	115884287288031	115884273343345
115884387782147	115884404010115	115884387684647
115884496968866	115884512413240	115884496864022
115884613224230	115884629138604	115884613122511
115884731622563	115884745869958	115884731445011
115884846906522	115884862604178	115884846789022
115884956263136	115884970985011	115884956177824
115885072327563	115885087708187	115885071993032
115885190448761	115885204454646	115885190238136
115885310078553	115885321171625	115885309902146
115885415347719	115885429528813	115885415231365
115885520904334	115885537893709	115885520805271
115885639636209	115885654603239	115885639143709
115885748156625	115885762976312	115885747973396
115885857998813	115885871338552	115885857934594
115885974793500	115885988055323	115885974688188
115885982135480	115885996390948	115885982082302
115886080036000	115886096428136	115886079954542
115886195989334	115886213136729	115886195871261

=== poll 1790360402.605730272
8333333
0	0	0
0	0	0
0	0	0
0	0	0
0	0	0
0	0	0
0	0	0
0	0	0
0	0	0
0	0	0
0	0	0
0	0	0
0	0	0
0	0	0
0	0	0
0	0	0
0	0	0
0	0	0
0	0	0
0	0	0
115850195563410	115850212832628	115850195411274
115859263687886	115859280622937	115859263296584
115859374668667	115859388975906	115859374569188
115859382912000	115859397311010	115859382866375
115859691202833	115859705681115	115859691082990
115860573839656	115860589140541	115860573739187
115860642716375	115860655818145	115860642617625
115860650280489	115860664153405	115860650221062
115860666952520	115860680820228	115860666860958
115860717620698	115860730821791	115860717545385
115860828427312	115860839191061	115860828259135
115860842280854	115860855858613	115860842210593
115860850460906	115860864193093	115860850409447
115860858875645	115860872527155	115860858819656
115861267542312	115861280942155	115861267429656
115861295675437	115861314280696	115861295546531
115861317639083	115861330948770	115861317507937
115861335702051	115861347622468	115861335600645
115861341750593	115861355960124	115861341712208
115861351676843	115861364295228	115861351599395
115861368643614	115861380962520	115861368592312
115861392142468	115861405962728	115861392048614
115861408778458	115861422632468	115861408699604
115861426359395	115861439300957	115861426276791
115861442481479	115861455970697	115861442408666
115861471631114	115861489305384	115861471502312
115861475685593	115861497638821	115861475627624
115861494114343	115861505971947	115861494031947
115861518751478	115861530976009	115861518635958
115861527793770	115861539311321	115861527698249
115861545281114	115861564315592	115861545174812
115862284290228	115862297797988	115862284088770
115882963736522	115882978496209	115882963571887
115882965561835	115882986833970	115882965519387
115882975135012	115882995170897	115882975017408
115882989488866	115883003507981	115882989421262
115883048095272	115883061862824	115883047977824
115883163796887	115883178568501	115883163674491
115883269804439	115883286917251	115883269717460
115883380253710	115883395282251	115883380173606
115883496814908	115883511980376	115883496652356
115883606401991	115883620334594	115883606313866
115883721851418	115883737051782	115883721750480
115883841796418	115883862101418	115883841613814
115883953613866	115883970490012	115883953511210
115884063728970	115884078871521	115884063597199
115884170147407	115884187240115	115884170043762
115884273428189	115884287288031	115884273343345
115884387782147	115884404010115	115884387684647
115884496968866	115884512413240	115884496864022
115884613224230	115884629138604	115884613122511
115884731622563	115884745869958	115884731445011
115884846906522	115884862604178	115884846789022
115884956263136	115884970985011	115884956177824
115885072327563	115885087708187	115885071993032
115885190448761	115885204454646	115885190238136
115885310078553	115885321171625	115885309902146
115885415347719	115885429528813	115885415231365
115885520904334	115885537893709	115885520805271
115885639636209	115885654603239	115885639143709
115885748156625	115885762976312	115885747973396
115885857998813	115885871338552	115885857934594
115885974793500	115885988055323	115885974688188
115885982135480	115885996390948	115885982082302
115886080036000	115886096428136	115886079954542
115886195989334	115886213136729	115886195871261
115886305209229	115886321506521	115886305064386
115886430340948	115886446527250	115886430233292
115886541341781	115886554901469	115886541131209
115886648563813	115886663277354	115886647954333
115886757510427	115886771633395	115886757323917
115886862914906	115886879983187	115886862845375
115886981911938	115886996675843	115886981810427
115887099145375	115887113389281	115887098938292
115887205286885	115887221757978	115887205171885
115887314179021	115887330118812	115887314035896
115887432118396	115887446813447	115887431972979
115887538501312	115887555190010	115887538353604
115887656910271	115887671884176	115887656789489
115887764378916	115887780245895	115887764239021
115887872236781	115887888613187	115887872121729
115887934049854	115887946950114	115887933947406
115887941092145	115887955284906	115887941046260
115887949645948	115887963621416	115887949601000
115887968658812	115887980289437	115887968599958
115887975742718	115887988624540	115887975671104
115887983877875	115887996960062	115887983822093
115887993722979	115888005295218	115887993661573
115888008305427	115888021966780	115888008222093
115888025547041	115888038636052	115888025487198
115888035249125	115888046973135	115888035193239
115888045252458	115888063649176	115888045203135
115888059000791	115888071986728	115888058950687
115888078174229	115888096992509	115888078092875
115888093442302	115888105327718	115888093381937
115888110015010	115888121998447	115888109943448
115888128037823	115888147004489	115888127976260
115888144727614	115888155340739	115888144677718
115888160665270	115888172012718	115888160610531
115888179267510	115888197017040	115888179189385
115888191335947	115888205354697	115888191286052
115888258435687	115888272048186	115888258355010
115888299851364	115888313728812	115888299777718
115888366918031	115888380428134	115888366843343
115888408474072	115888422119437	115888408326104
115888483182197	115888497165530	115888483101520
115888525052510	115888538849645	115888524988552

=== poll 1790360404.857118917
8333333
115861267542312	115861280942155	115861267429656
115861295675437	115861314280696	115861295546531
115861317639083	115861330948770	115861317507937
115861335702051	115861347622468	115861335600645
115861341750593	115861355960124	115861341712208
115861351676843	115861364295228	115861351599395
115861368643614	115861380962520	115861368592312
115861392142468	115861405962728	115861392048614
115861408778458	115861422632468	115861408699604
115861426359395	115861439300957	115861426276791
115861442481479	115861455970697	115861442408666
115861471631114	115861489305384	115861471502312
115861475685593	115861497638821	115861475627624
115861494114343	115861505971947	115861494031947
115861518751478	115861530976009	115861518635958
115861527793770	115861539311321	115861527698249
115861545281114	115861564315592	115861545174812
115862284290228	115862297797988	115862284088770
115882963736522	115882978496209	115882963571887
115882965561835	115882986833970	115882965519387
115882975135012	115882995170897	115882975017408
115882989488866	115883003507981	115882989421262
115883048095272	115883061862824	115883047977824
115883163796887	115883178568501	115883163674491
115883269804439	115883286917251	115883269717460
115883380253710	115883395282251	115883380173606
115883496814908	115883511980376	115883496652356
115883606401991	115883620334594	115883606313866
115883721851418	115883737051782	115883721750480
115883841796418	115883862101418	115883841613814
115883953613866	115883970490012	115883953511210
115884063728970	115884078871521	115884063597199
115884170147407	115884187240115	115884170043762
115884273428189	115884287288031	115884273343345
115884387782147	115884404010115	115884387684647
115884496968866	115884512413240	115884496864022
115884613224230	115884629138604	115884613122511
115884731622563	115884745869958	115884731445011
115884846906522	115884862604178	115884846789022
115884956263136	115884970985011	115884956177824
115885072327563	115885087708187	115885071993032
115885190448761	115885204454646	115885190238136
115885310078553	115885321171625	115885309902146
115885415347719	115885429528813	115885415231365
115885520904334	115885537893709	115885520805271
115885639636209	115885654603239	115885639143709
115885748156625	115885762976312	115885747973396
115885857998813	115885871338552	115885857934594
115885974793500	115885988055323	115885974688188
115885982135480	115885996390948	115885982082302
115886080036000	115886096428136	115886079954542
115886195989334	115886213136729	115886195871261
115886305209229	115886321506521	115886305064386
115886430340948	115886446527250	115886430233292
115886541341781	115886554901469	115886541131209
115886648563813	115886663277354	115886647954333
115886757510427	115886771633395	115886757323917
115886862914906	115886879983187	115886862845375
115886981911938	115886996675843	115886981810427
115887099145375	115887113389281	115887098938292
115887205286885	115887221757978	115887205171885
115887314179021	115887330118812	115887314035896
115887432118396	115887446813447	115887431972979
115887538501312	115887555190010	115887538353604
115887656910271	115887671884176	115887656789489
115887764378916	115887780245895	115887764239021
115887872236781	115887888613187	115887872121729
115887934049854	115887946950114	115887933947406
115887941092145	115887955284906	115887941046260
115887949645948	115887963621416	115887949601000
115887968658812	115887980289437	115887968599958
115887975742718	115887988624540	115887975671104
115887983877875	115887996960062	115887983822093
115887993722979	115888005295218	115887993661573
115888008305427	115888021966780	115888008222093
115888025547041	115888038636052	115888025487198
115888035249125	115888046973135	115888035193239
115888045252458	115888063649176	115888045203135
115888059000791	115888071986728	115888058950687
115888078174229	115888096992509	115888078092875
115888093442302	115888105327718	115888093381937
115888110015010	115888121998447	115888109943448
115888128037823	115888147004489	115888127976260
115888144727614	115888155340739	115888144677718
115888160665270	115888172012718	115888160610531
115888179267510	115888197017040	115888179189385
115888191335947	115888205354697	115888191286052
115888258435687	115888272048186	115888258355010
115888299851364	115888313728812	115888299777718
115888366918031	115888380428134	115888366843343
115888408474072	115888422119437	115888408326104
115888483182197	115888497165530	115888483101520
115888525052510	115888538849645	115888524988552
115888591908968	115888605540895	115888591818968
115888625041104	115888638884541	115888624959906
115888716874541	115888730567926	115888716754020
115888733016051	115888747237717	115888732955843
115888827111103	115888838928238	115888827004385
115888842038551	115888855594749	115888841911728
115888940561416	115888955604176	115888940457458
115888949704124	115888963939853	115888949656103
115889067923864	115889080626103	115889067811208
115889069394437	115889088962145	115889069356937
115889174310166	115889188997457	115889174209853
115889183216780	115889197334800	115889183166468
115889290113343	115889305691363	115889290003655
115889291749801	115889314025790	115889291699437
115889402186051	115889414046468	115889402075739
115889408167405	115889422381415	115889408115739
115889517841207	115889530749228	115889517730009
115889524967301	115889539085582	115889524920739
115889633826259	115889647434332	115889633723291
115889635238082	115889655770686	115889635215009
115889741400009	115889755790425	115889741296207
115889749955478	115889764125373	115889749912353
115889857760478	115889872484227	115889857658603
115889859201728	115889880822770	115889859167041
115889975304124	115889989219227	115889975195478
115889976890426	115889997560165	115889976831832
115890089999176	115890105932040	115890089815530
115890206987718	115890222616675	115890206837040
115890324606155	115890339300530	115890324375009
115890430464072	115890447667040	115890430384853
115890541008238	115890556027144	115890540842197
115890650051624	115890664388498	115890649934384
115890659443134	115890672728706	115890659346051
115890764770582	115890781090425	115890764664957

=== poll 1790360407.267802145
8333333
115885748156625	115885762976312	115885747973396
115885857998813	115885871338552	115885857934594
115885974793500	115885988055323	115885974688188
115885982135480	115885996390948	115885982082302
115886080036000	115886096428136	115886079954542
115886195989334	115886213136729	115886195871261
115886305209229	115886321506521	115886305064386
115886430340948	115886446527250	115886430233292
115886541341781	115886554901469	115886541131209
115886648563813	115886663277354	115886647954333
115886757510427	115886771633395	115886757323917
115886862914906	115886879983187	115886862845375
115886981911938	115886996675843	115886981810427
115887099145375	115887113389281	115887098938292
115887205286885	115887221757978	115887205171885
115887314179021	115887330118812	115887314035896
115887432118396	115887446813447	115887431972979
115887538501312	115887555190010	115887538353604
115887656910271	115887671884176	115887656789489
115887764378916	115887780245895	115887764239021
115887872236781	115887888613187	115887872121729
115887934049854	115887946950114	115887933947406
115887941092145	115887955284906	115887941046260
115887949645948	115887963621416	115887949601000
115887968658812	115887980289437	115887968599958
115887975742718	115887988624540	115887975671104
115887983877875	115887996960062	115887983822093
115887993722979	115888005295218	115887993661573
115888008305427	115888021966780	115888008222093
115888025547041	115888038636052	115888025487198
115888035249125	115888046973135	115888035193239
115888045252458	115888063649176	115888045203135
115888059000791	115888071986728	115888058950687
115888078174229	115888096992509	115888078092875
115888093442302	115888105327718	115888093381937
115888110015010	115888121998447	115888109943448
115888128037823	115888147004489	115888127976260
115888144727614	115888155340739	115888144677718
115888160665270	115888172012718	115888160610531
115888179267510	115888197017040	115888179189385
115888191335947	115888205354697	115888191286052
115888258435687	115888272048186	115888258355010
115888299851364	115888313728812	115888299777718
115888366918031	115888380428134	115888366843343
115888408474072	115888422119437	115888408326104
115888483182197	115888497165530	115888483101520
115888525052510	115888538849645	115888524988552
115888591908968	115888605540895	115888591818968
115888625041104	115888638884541	115888624959906
115888716874541	115888730567926	115888716754020
115888733016051	115888747237717	115888732955843
115888827111103	115888838928238	115888827004385
115888842038551	115888855594749	115888841911728
115888940561416	115888955604176	115888940457458
115888949704124	115888963939853	115888949656103
115889067923864	115889080626103	115889067811208
115889069394437	115889088962145	115889069356937
115889174310166	115889188997457	115889174209853
115889183216780	115889197334800	115889183166468
115889290113343	115889305691363	115889290003655
115889291749801	115889314025790	115889291699437
115889402186051	115889414046468	115889402075739
115889408167405	115889422381415	115889408115739
115889517841207	115889530749228	115889517730009
115889524967301	115889539085582	115889524920739
115889633826259	115889647434332	115889633723291
115889635238082	115889655770686	115889635215009
115889741400009	115889755790425	115889741296207
115889749955478	115889764125373	115889749912353
115889857760478	115889872484227	115889857658603
115889859201728	115889880822770	115889859167041
115889975304124	115889989219227	115889975195478
115889976890426	115889997560165	115889976831832
115890089999176	115890105932040	115890089815530
115890206987718	115890222616675	115890206837040
115890324606155	115890339300530	115890324375009
115890430464072	115890447667040	115890430384853
115890541008238	115890556027144	115890540842197
115890650051624	115890664388498	115890649934384
115890659443134	115890672728706	115890659346051
115890764770582	115890781090425	115890764664957
115890872941728	115890889438185	115890872835374
115890875189280	115890897772873	115890875136988
115890981789436	115890997794123	115890981675998
115890983289071	115891006129227	115890983250269
115891099442873	115891114498967	115891099355998
115891110928603	115891122835061	115891110850634
115891214750061	115891231194644	115891214646155
115891322299800	115891339550686	115891322204644
115891440548863	115891456242300	115891440287300
115891547775061	115891564609332	115891547675061
115891558832405	115891572946571	115891558768238
115891659171363	115891672966883	115891659072352
115891668727457	115891681301519	115891668660582
115891773676571	115891789634018	115891773585842
115891875912404	115891889649696	115891875803342
115891877412300	115891897985737	115891877372248
115891990522665	115892006331622	115891990445269
115891992057300	115892014668758	115891992017144
115892107627561	115892123030841	115892107519956
115892109296779	115892131367248	115892109221102
115892228355373	115892248061102	115892228210477
115892331702196	115892348081102	115892331582925
115892447502560	115892464723862	115892447398602
115892559791467	115892573032247	115892559583029
115892664445529	115892681366206	115892664292665
115892773199383	115892789697039	115892773121414
115892775646675	115892798029852	115892775593498
115892882082352	115892898011570	115892881972039
115892884152977	115892906345320	115892884097300
115892968982560	115892981340841	115892968874175
115892978288498	115892989673549	115892978227144
115893005105477	115893023006935	115893005027612
115893011037664	115893031342612	115893010960529
115893017560737	115893039677872	115893017500269
115893034186414	115893048013914	115893034120581
115893050791519	115893064682664	115893050728862
115893072850633	115893089686674	115893072781883
115893087762612	115893106354278	115893087699696
115893102826258	115893114689904	115893102752352
115893117818966	115893131358497	115893117740216
115893134523133	115893148026101	115893134458602
115893152835581	115893164696570	115893152764696
115893167672352	115893181367091	115893167612508
115893177262091	115893189702612	115893177194018
115893187088758	115893198038601	115893187030737
115893211681779	9223372036854775807	115893211601883

=== poll 1790360409.515994228
8333333
115888625041104	115888638884541	115888624959906
115888716874541	115888730567926	115888716754020
115888733016051	115888747237717	115888732955843
115888827111103	115888838928238	115888827004385
115888842038551	115888855594749	115888841911728
115888940561416	115888955604176	115888940457458
115888949704124	115888963939853	115888949656103
115889067923864	115889080626103	115889067811208
115889069394437	115889088962145	115889069356937
115889174310166	115889188997457	115889174209853
115889183216780	115889197334800	115889183166468
115889290113343	115889305691363	115889290003655
115889291749801	115889314025790	115889291699437
115889402186051	115889414046468	115889402075739
115889408167405	115889422381415	115889408115739
115889517841207	115889530749228	115889517730009
115889524967301	115889539085582	115889524920739
115889633826259	115889647434332	115889633723291
115889635238082	115889655770686	115889635215009
115889741400009	115889755790425	115889741296207
115889749955478	115889764125373	115889749912353
115889857760478	115889872484227	115889857658603
115889859201728	115889880822770	115889859167041
115889975304124	115889989219227	115889975195478
115889976890426	115889997560165	115889976831832
115890089999176	115890105932040	115890089815530
115890206987718	115890222616675	115890206837040
115890324606155	115890339300530	115890324375009
115890430464072	115890447667040	115890430384853
115890541008238	115890556027144	115890540842197
115890650051624	115890664388498	115890649934384
115890659443134	115890672728706	115890659346051
115890764770582	115890781090425	115890764664957
115890872941728	115890889438185	115890872835374
115890875189280	115890897772873	115890875136988
115890981789436	115890997794123	115890981675998
115890983289071	115891006129227	115890983250269
115891099442873	115891114498967	115891099355998
115891110928603	115891122835061	115891110850634
115891214750061	115891231194644	115891214646155
115891322299800	115891339550686	115891322204644
115891440548863	115891456242300	115891440287300
115891547775061	115891564609332	115891547675061
115891558832405	115891572946571	115891558768238
115891659171363	115891672966883	115891659072352
115891668727457	115891681301519	115891668660582
115891773676571	115891789634018	115891773585842
115891875912404	115891889649696	115891875803342
115891877412300	115891897985737	115891877372248
115891990522665	115892006331622	115891990445269
115891992057300	115892014668758	115891992017144
115892107627561	115892123030841	115892107519956
115892109296779	115892131367248	115892109221102
115892228355373	115892248061102	115892228210477
115892331702196	115892348081102	115892331582925
115892447502560	115892464723862	115892447398602
115892559791467	115892573032247	115892559583029
115892664445529	115892681366206	115892664292665
115892773199383	115892789697039	115892773121414
115892775646675	115892798029852	115892775593498
115892882082352	115892898011570	115892881972039
115892884152977	115892906345320	115892884097300
115892968982560	115892981340841	115892968874175
115892978288498	115892989673549	115892978227144
115893005105477	115893023006935	115893005027612
115893011037664	115893031342612	115893010960529
115893017560737	115893039677872	115893017500269
115893034186414	115893048013914	115893034120581
115893050791519	115893064682664	115893050728862
115893072850633	115893089686674	115893072781883
115893087762612	115893106354278	115893087699696
115893102826258	115893114689904	115893102752352
115893117818966	115893131358497	115893117740216
115893134523133	115893148026101	115893134458602
115893152835581	115893164696570	115893152764696
115893167672352	115893181367091	115893167612508
115893177262091	115893189702612	115893177194018
115893187088758	115893198038601	115893187030737
115893211681779	115893223035164	115893211601883
115893221812821	115893239703237	115893221739123
115893226973706	115893248036258	115893226923237
115893246751466	115893264704643	115893246697821
115893259031831	115893273037351	115893258972404
115893289101518	115893306376934	115893289024539
115893313899018	115893331383081	115893313803446
115893317236206	115893339718653	115893317204383
115893393665581	115893406408862	115893393575373
115893421852300	115893439748445	115893421791727
115893425639643	115893448084070	115893425595685
115893519641050	115893531426778	115893519560112
115893536793393	115893548097872	115893536725268
115893542242612	115893556434330	115893542196727
115893618777039	115893631445632	115893618678810
115893643164747	115893656450581	115893643068029
115893739017664	115893756478497	115893738965997
115893762057612	115893773150008	115893762001570
115893846464852	115893864829278	115893846397872
115893870478237	115893881495945	115893870427039
115893954525529	115893973173081	115893954464070
115893979698237	115893998179956	115893979613654
115893986186622	115894006515164	115893986143237
115894072135685	115894089868392	115894072068289
115894092843654	115894106535320	115894092791779
115894194258081	115894206553392	115894194174487
115894209521101	115894223223497	115894209441414
115894304154591	115894314895371	115894304054643
115894317377247	115894331565580	115894317317560
115894415978133	115894431589799	115894415893393
115894434353028	115894448259799	115894434276258
115894534525580	115894548280215	115894534438185
115894550735528	115894564949382	115894550674226
115894644130476	115894656625163	115894644035685
115894652877351	115894664957767	115894652826049
115894658899487	115894673291309	115894658865060
115894759913497	115894773298549	115894759798289
115894767695528	115894781633496	115894767641310
115894870205007	115894881664330	115894870115580
115894879013185	115894890000319	115894878916622
115894884090997	115894898336830	115894884037143
115894987256257	115894998367767	115894987160424
115895000831466	115895015038653	115895000773080
115895124522924	115895140074694	115895124426362
115895234484851	115895248440684	115895234365528
115895283970424	115895298458601	115895236087403
115895337625372	115895348485215	115895337526622
115895384113288	115895398503184	115895342745528
115895451805841	115895465189642	115895451719330

=== poll 1790360411.788617039
8333333
115891099442873	115891114498967	115891099355998
115891110928603	115891122835061	115891110850634
115891214750061	115891231194644	115891214646155
115891322299800	115891339550686	115891322204644
115891440548863	115891456242300	115891440287300
115891547775061	115891564609332	115891547675061
115891558832405	115891572946571	115891558768238
115891659171363	115891672966883	115891659072352
115891668727457	115891681301519	115891668660582
115891773676571	115891789634018	115891773585842
115891875912404	115891889649696	115891875803342
115891877412300	115891897985737	115891877372248
115891990522665	115892006331622	115891990445269
115891992057300	115892014668758	115891992017144
115892107627561	115892123030841	115892107519956
115892109296779	115892131367248	115892109221102
115892228355373	115892248061102	115892228210477
115892331702196	115892348081102	115892331582925
115892447502560	115892464723862	115892447398602
115892559791467	115892573032247	115892559583029
115892664445529	115892681366206	115892664292665
115892773199383	115892789697039	115892773121414
115892775646675	115892798029852	115892775593498
115892882082352	115892898011570	115892881972039
115892884152977	115892906345320	115892884097300
115892968982560	115892981340841	115892968874175
115892978288498	115892989673549	115892978227144
115893005105477	115893023006935	115893005027612
115893011037664	115893031342612	115893010960529
115893017560737	115893039677872	115893017500269
115893034186414	115893048013914	115893034120581
115893050791519	115893064682664	115893050728862
115893072850633	115893089686674	115893072781883
115893087762612	115893106354278	115893087699696
115893102826258	115893114689904	115893102752352
115893117818966	115893131358497	115893117740216
115893134523133	115893148026101	115893134458602
115893152835581	115893164696570	115893152764696
115893167672352	115893181367091	115893167612508
115893177262091	115893189702612	115893177194018
115893187088758	115893198038601	115893187030737
115893211681779	115893223035164	115893211601883
115893221812821	115893239703237	115893221739123
115893226973706	115893248036258	115893226923237
115893246751466	115893264704643	115893246697821
115893259031831	115893273037351	115893258972404
115893289101518	115893306376934	115893289024539
115893313899018	115893331383081	115893313803446
115893317236206	115893339718653	115893317204383
115893393665581	115893406408862	115893393575373
115893421852300	115893439748445	115893421791727
115893425639643	115893448084070	115893425595685
115893519641050	115893531426778	115893519560112
115893536793393	115893548097872	115893536725268
115893542242612	115893556434330	115893542196727
115893618777039	115893631445632	115893618678810
115893643164747	115893656450581	115893643068029
115893739017664	115893756478497	115893738965997
115893762057612	115893773150008	115893762001570
115893846464852	115893864829278	115893846397872
115893870478237	115893881495945	115893870427039
115893954525529	115893973173081	115893954464070
115893979698237	115893998179956	115893979613654
115893986186622	115894006515164	115893986143237
115894072135685	115894089868392	115894072068289
115894092843654	115894106535320	115894092791779
115894194258081	115894206553392	115894194174487
115894209521101	115894223223497	115894209441414
115894304154591	115894314895371	115894304054643
115894317377247	115894331565580	115894317317560
115894415978133	115894431589799	115894415893393
115894434353028	115894448259799	115894434276258
115894534525580	115894548280215	115894534438185
115894550735528	115894564949382	115894550674226
115894644130476	115894656625163	115894644035685
115894652877351	115894664957767	115894652826049
115894658899487	115894673291309	115894658865060
115894759913497	115894773298549	115894759798289
115894767695528	115894781633496	115894767641310
115894870205007	115894881664330	115894870115580
115894879013185	115894890000319	115894878916622
115894884090997	115894898336830	115894884037143
115894987256257	115894998367767	115894987160424
115895000831466	115895015038653	115895000773080
115895124522924	115895140074694	115895124426362
115895234484851	115895248440684	115895234365528
115895283970424	115895298458601	115895236087403
115895337625372	115895348485215	115895337526622
115895384113288	115895398503184	115895342745528
115895451805841	115895465189642	115895451719330
115895500795997	115895515215111	115895459345007
115895559917976	115895573580111	115895559834851
115895609104903	115895623602663	115895567817455
115895659562663	115895673609955	115895659479018
115895709237663	115895723617142	115895667819747
115895778281986	115895790297350	115895778175372
115895784473653	115895798635111	115895784421674
115895884848184	115895898659590	115895884726309
115895886387559	115895906996725	115895886343080
115895892856726	115895915334851	115895892803236
115896007652507	115896023723756	115896007510840
115896115815788	115896132110944	115896115731413
115896117807559	115896140448965	115896117761309
115896216213757	115896232155631	115896216072090
115896218560944	115896240494486	115896218488601
115896226920736	115896248833809	115896226871621
115896324767611	115896340541725	115896324658496
115896376086621	115896390555527	115896326310267
115896426148861	115896440576673	115896418783444
115896476325007	115896490597507	115896428512663
115896526167142	115896540626256	115896480095632
115896576267403	115896590644486	115896543270007
115896666913444	115896682361517	115896666806465
115896769826725	115896782419017	115896769695736
115896818210059	115896832450579	115896778815371
115896879382038	115896890822766	115896879324173
115896993993496	115897007546673	115896993927455
115897108257194	115897124282662	115897108083861
115897210600059	115897224315840	115897210491673
115897212143757	115897232651620	115897212105840
115897218444434	115897240987975	115897218404746
115897315917715	115897332676100	115897315822506
115897434222038	115897449391100	115897433753131
115897436450111	115897457729016	115897436371934
115897541451204	115897557777245	115897541331621
115897628062350	115897641158131	115897627962975
115897643870579	115897657837923	115897643803704

=== poll 1790360414.067716987
8333333
115893152835581	115893164696570	115893152764696
115893167672352	115893181367091	115893167612508
115893177262091	115893189702612	115893177194018
115893187088758	115893198038601	115893187030737
115893211681779	115893223035164	115893211601883
115893221812821	115893239703237	115893221739123
115893226973706	115893248036258	115893226923237
115893246751466	115893264704643	115893246697821
115893259031831	115893273037351	115893258972404
115893289101518	115893306376934	115893289024539
115893313899018	115893331383081	115893313803446
115893317236206	115893339718653	115893317204383
115893393665581	115893406408862	115893393575373
115893421852300	115893439748445	115893421791727
115893425639643	115893448084070	115893425595685
115893519641050	115893531426778	115893519560112
115893536793393	115893548097872	115893536725268
115893542242612	115893556434330	115893542196727
115893618777039	115893631445632	115893618678810
115893643164747	115893656450581	115893643068029
115893739017664	115893756478497	115893738965997
115893762057612	115893773150008	115893762001570
115893846464852	115893864829278	115893846397872
115893870478237	115893881495945	115893870427039
115893954525529	115893973173081	115893954464070
115893979698237	115893998179956	115893979613654
115893986186622	115894006515164	115893986143237
115894072135685	115894089868392	115894072068289
115894092843654	115894106535320	115894092791779
115894194258081	115894206553392	115894194174487
115894209521101	115894223223497	115894209441414
115894304154591	115894314895371	115894304054643
115894317377247	115894331565580	115894317317560
115894415978133	115894431589799	115894415893393
115894434353028	115894448259799	115894434276258
115894534525580	115894548280215	115894534438185
115894550735528	115894564949382	115894550674226
115894644130476	115894656625163	115894644035685
115894652877351	115894664957767	115894652826049
115894658899487	115894673291309	115894658865060
115894759913497	115894773298549	115894759798289
115894767695528	115894781633496	115894767641310
115894870205007	115894881664330	115894870115580
115894879013185	115894890000319	115894878916622
115894884090997	115894898336830	115894884037143
115894987256257	115894998367767	115894987160424
115895000831466	115895015038653	115895000773080
115895124522924	115895140074694	115895124426362
115895234484851	115895248440684	115895234365528
115895283970424	115895298458601	115895236087403
115895337625372	115895348485215	115895337526622
115895384113288	115895398503184	115895342745528
115895451805841	115895465189642	115895451719330
115895500795997	115895515215111	115895459345007
115895559917976	115895573580111	115895559834851
115895609104903	115895623602663	115895567817455
115895659562663	115895673609955	115895659479018
115895709237663	115895723617142	115895667819747
115895778281986	115895790297350	115895778175372
115895784473653	115895798635111	115895784421674
115895884848184	115895898659590	115895884726309
115895886387559	115895906996725	115895886343080
115895892856726	115895915334851	115895892803236
115896007652507	115896023723756	115896007510840
115896115815788	115896132110944	115896115731413
115896117807559	115896140448965	115896117761309
115896216213757	115896232155631	115896216072090
115896218560944	115896240494486	115896218488601
115896226920736	115896248833809	115896226871621
115896324767611	115896340541725	115896324658496
115896376086621	115896390555527	115896326310267
115896426148861	115896440576673	115896418783444
115896476325007	115896490597507	115896428512663
115896526167142	115896540626256	115896480095632
115896576267403	115896590644486	115896543270007
115896666913444	115896682361517	115896666806465
115896769826725	115896782419017	115896769695736
115896818210059	115896832450579	115896778815371
115896879382038	115896890822766	115896879324173
115896993993496	115897007546673	115896993927455
115897108257194	115897124282662	115897108083861
115897210600059	115897224315840	115897210491673
115897212143757	115897232651620	115897212105840
115897218444434	115897240987975	115897218404746
115897315917715	115897332676100	115897315822506
115897434222038	115897449391100	115897433753131
115897436450111	115897457729016	115897436371934
115897541451204	115897557777245	115897541331621
115897628062350	115897641158131	115897627962975
115897643870579	115897657837923	115897643803704
115897765330423	115897782903079	115897765242975
115897856320892	115897874619746	115897856227142
115897860487350	115897882959173	115897860424746
115897868759642	115897891300840	115897868686829
115897970800579	115897983005839	115897970653392
115897972915162	115897991341360	115897972832194
115898084820423	115898099710266	115898084498756
115898183354225	115898199742402	115898183263912
115898194208860	115898208078652	115898194139173
115898293546100	115898308121099	115898293447610
115898295066673	115898316459694	115898295027975
115898404699121	115898416509849	115898404592766
115898406246048	115898424848703	115898406178704
115898412613287	115898433186568	115898412531985
115898526920631	115898541565995	115898526747662
115898624296621	115898641595995	115898624205214
115898744064850	115898758312870	115898743884485
115898746040787	115898766652140	115898745960631
115898851062037	115898866690266	115898850907923
115898955236256	115898966747766	115898955103860
115898956900995	115898975084120	115898956856256
115899053067870	115899066784432	115899052969225
115899060945058	115899075121932	115899060880006
115899180227766	115899191845214	115899180115475
115899181809172	115899200182870	115899181753495
115899186643547	115899208521516	115899186571829
115899295029277	115899308548131	115899294907297
115899296441724	115899316882349	115899296403131
115899409085318	115899425236411	115899408938443
115899510201620	115899525275057	115899510110579
115899519361412	115899533612036	115899519304068
115899634494120	115899650339120	115899634324485
115899742478339	115899758715995	115899742382766
115899744679381	115899767055161	115899744592974
115899851375995	115899867105526	115899851267453
115899853579068	115899875445422	115899853496568
115899967716151	115899983853338	115899967592974

=== poll 1790360416.337451673
8333333
115894652877351	115894664957767	115894652826049
115894658899487	115894673291309	115894658865060
115894759913497	115894773298549	115894759798289
115894767695528	115894781633496	115894767641310
115894870205007	115894881664330	115894870115580
115894879013185	115894890000319	115894878916622
115894884090997	115894898336830	115894884037143
115894987256257	115894998367767	115894987160424
115895000831466	115895015038653	115895000773080
115895124522924	115895140074694	115895124426362
115895234484851	115895248440684	115895234365528
115895283970424	115895298458601	115895236087403
115895337625372	115895348485215	115895337526622
115895384113288	115895398503184	115895342745528
115895451805841	115895465189642	115895451719330
115895500795997	115895515215111	115895459345007
115895559917976	115895573580111	115895559834851
115895609104903	115895623602663	115895567817455
115895659562663	115895673609955	115895659479018
115895709237663	115895723617142	115895667819747
115895778281986	115895790297350	115895778175372
115895784473653	115895798635111	115895784421674
115895884848184	115895898659590	115895884726309
115895886387559	115895906996725	115895886343080
115895892856726	115895915334851	115895892803236
115896007652507	115896023723756	115896007510840
115896115815788	115896132110944	115896115731413
115896117807559	115896140448965	115896117761309
115896216213757	115896232155631	115896216072090
115896218560944	115896240494486	115896218488601
115896226920736	115896248833809	115896226871621
115896324767611	115896340541725	115896324658496
115896376086621	115896390555527	115896326310267
115896426148861	115896440576673	115896418783444
115896476325007	115896490597507	115896428512663
115896526167142	115896540626256	115896480095632
115896576267403	115896590644486	115896543270007
115896666913444	115896682361517	115896666806465
115896769826725	115896782419017	115896769695736
115896818210059	115896832450579	115896778815371
115896879382038	115896890822766	115896879324173
115896993993496	115897007546673	115896993927455
115897108257194	115897124282662	115897108083861
115897210600059	115897224315840	115897210491673
115897212143757	115897232651620	115897212105840
115897218444434	115897240987975	115897218404746
115897315917715	115897332676100	115897315822506
115897434222038	115897449391100	115897433753131
115897436450111	115897457729016	115897436371934
115897541451204	115897557777245	115897541331621
115897628062350	115897641158131	115897627962975
115897643870579	115897657837923	115897643803704
115897765330423	115897782903079	115897765242975
115897856320892	115897874619746	115897856227142
115897860487350	115897882959173	115897860424746
115897868759642	115897891300840	115897868686829
115897970800579	115897983005839	115897970653392
115897972915162	115897991341360	115897972832194
115898084820423	115898099710266	115898084498756
115898183354225	115898199742402	115898183263912
115898194208860	115898208078652	115898194139173
115898293546100	115898308121099	115898293447610
115898295066673	115898316459694	115898295027975
115898404699121	115898416509849	115898404592766
115898406246048	115898424848703	115898406178704
115898412613287	115898433186568	115898412531985
115898526920631	115898541565995	115898526747662
115898624296621	115898641595995	115898624205214
115898744064850	115898758312870	115898743884485
115898746040787	115898766652140	115898745960631
115898851062037	115898866690266	115898850907923
115898955236256	115898966747766	115898955103860
115898956900995	115898975084120	115898956856256
115899053067870	115899066784432	115899052969225
115899060945058	115899075121932	115899060880006
115899180227766	115899191845214	115899180115475
115899181809172	115899200182870	115899181753495
115899186643547	115899208521516	115899186571829
115899295029277	115899308548131	115899294907297
115899296441724	115899316882349	115899296403131
115899409085318	115899425236411	115899408938443
115899510201620	115899525275057	115899510110579
115899519361412	115899533612036	115899519304068
115899634494120	115899650339120	115899634324485
115899742478339	115899758715995	115899742382766
115899744679381	115899767055161	115899744592974
115899851375995	115899867105526	115899851267453
115899853579068	115899875445422	115899853496568
115899967716151	115899983853338	115899967592974
115900060301308	115900075581567	115900060194589
115900061832870	115900083921880	115900061788495
115900070473183	115900092260943	115900070414693
115900184885682	115900200688859	115900184712662
115900277429016	115900292435526	115900277329432
115900286920943	115900300777557	115900286835630
115900385611516	115900400870630	115900385521828
115900395217297	115900409213286	115900395124432
115900493399328	115900509298598	115900493267922
115900494865162	115900517640630	115900494817089
115900618073286	115900634405369	115900617945057
115900714964276	115900726121619	115900714867141
115900729040578	115900742797400	115900728926620
115900835596099	115900851202556	115900835479380
115900837854641	115900859542141	115900837783599
115900943451411	115900959606880	115900943361568
115901032279797	115901042986202	115901032192661
115901045750943	115901059663858	115901045688911
115901168573547	115901184728703	115901168470213
115901275696932	115901293123546	115901275623807
115901379519745	115901393161098	115901379398651
115901381061463	115901401497192	115901381019588
115901387320786	115901409833859	115901387288703
115901477763026	115901493199796	115901477593286
115901481315786	115901501537973	115901481254015
115901487458911	115901509875109	115901487410474
115901602043859	115901618235525	115901601918234
115901604043859	115901626569535	115901603986984
115901687954015	115901701596098	115901687832192
115901697650317	115901709931619	115901697587661
115901704276463	115901718267244	115901704210265
115901818936099	115901834982401	115901818791724
115901926708911	115901943350577	115901926612713
115902035538078	115902051706879	115902035430578
115902138186463	115902151725473	115902138081411
115902139718182	115902160059900	115902139676775
115902145714744	115902168396567	115902145677713
115902260376203	115902276749119	115902260268703

=== poll 1790360418.603851829
8333333
115898194208860	115898208078652	115898194139173
115898293546100	115898308121099	115898293447610
115898295066673	115898316459694	115898295027975
115898404699121	115898416509849	115898404592766
115898406246048	115898424848703	115898406178704
115898412613287	115898433186568	115898412531985
115898526920631	115898541565995	115898526747662
115898624296621	115898641595995	115898624205214
115898744064850	115898758312870	115898743884485
115898746040787	115898766652140	115898745960631
115898851062037	115898866690266	115898850907923
115898955236256	115898966747766	115898955103860
115898956900995	115898975084120	115898956856256
115899053067870	115899066784432	115899052969225
115899060945058	115899075121932	115899060880006
115899180227766	115899191845214	115899180115475
115899181809172	115899200182870	115899181753495
115899186643547	115899208521516	115899186571829
115899295029277	115899308548131	115899294907297
115899296441724	115899316882349	115899296403131
115899409085318	115899425236411	115899408938443
115899510201620	115899525275057	115899510110579
115899519361412	115899533612036	115899519304068
115899634494120	115899650339120	115899634324485
115899742478339	115899758715995	115899742382766
115899744679381	115899767055161	115899744592974
115899851375995	115899867105526	115899851267453
115899853579068	115899875445422	115899853496568
115899967716151	115899983853338	115899967592974
115900060301308	115900075581567	115900060194589
115900061832870	115900083921880	115900061788495
115900070473183	115900092260943	115900070414693
115900184885682	115900200688859	115900184712662
115900277429016	115900292435526	115900277329432
115900286920943	115900300777557	115900286835630
115900385611516	115900400870630	115900385521828
115900395217297	115900409213286	115900395124432
115900493399328	115900509298598	115900493267922
115900494865162	115900517640630	115900494817089
115900618073286	115900634405369	115900617945057
115900714964276	115900726121619	115900714867141
115900729040578	115900742797400	115900728926620
115900835596099	115900851202556	115900835479380
115900837854641	115900859542141	115900837783599
115900943451411	115900959606880	115900943361568
115901032279797	115901042986202	115901032192661
115901045750943	115901059663858	115901045688911
115901168573547	115901184728703	115901168470213
115901275696932	115901293123546	115901275623807
115901379519745	115901393161098	115901379398651
115901381061463	115901401497192	115901381019588
115901387320786	115901409833859	115901387288703
115901477763026	115901493199796	115901477593286
115901481315786	115901501537973	115901481254015
115901487458911	115901509875109	115901487410474
115901602043859	115901618235525	115901601918234
115901604043859	115901626569535	115901603986984
115901687954015	115901701596098	115901687832192
115901697650317	115901709931619	115901697587661
115901704276463	115901718267244	115901704210265
115901818936099	115901834982401	115901818791724
115901926708911	115901943350577	115901926612713
115902035538078	115902051706879	115902035430578
115902138186463	115902151725473	115902138081411
115902139718182	115902160059900	115902139676775
115902145714744	115902168396567	115902145677713
115902260376203	115902276749119	115902260268703
115902368093807	115902385124223	115902367990109
115902370796984	115902393461671	115902370755473
115902462389900	115902476821880	115902462282557
115902463959119	115902485156045	115902463909900
115902470949171	115902493490108	115902470894744
115902577322296	115902593499640	115902577203286
115902579884171	115902601832244	115902579827088
115902589621723	115902610165473	115902589542765
115902697859015	115902710177816	115902697761932
115902699501515	115902718512139	115902699440942
115902704445369	115902726845316	115902704390369
115902740501254	115902751845317	115902740429744
115902750499848	115902768510837	115902750443598
115902780844379	115902793509378	115902780761723
115902790437296	115902801843285	115902790356098
115902800740525	115902818510525	115902800688077
115902805404379	115902826845941	115902805361463
115902821302348	115902835181462	115902821244119
115902831013806	115902843516358	115902830945786
115902850781827	115902868522192	115902850723702
115902875693859	115902893529587	115902875631150
115902891028702	115902901863650	115902890955786
115902900663546	115902918530213	115902900614067
115902906112400	115902926862921	115902906071671
115902925902296	115902943528546	115902925842192
115902940784431	115902951861202	115902940713025
115902950849431	115902968528024	115902950788702
115902988326150	115903001862348	115902988234015
115903000496411	115903018528285	115903000449952
115903005599640	115903026862816	115903005555108
115903021763233	115903035198233	115903021684744
115903088081827	115903101868389	115903087955213
115903105796515	115903118541045	115903105711098
115903113024275	115903126877347	115903112955473
115903213638442	115903226884848	115903213519223
115903215303754	115903235218650	115903215256983
115903229520369	115903243551983	115903229461827
115903327039588	115903343551566	115903326925213
115903330133910	115903351886618	115903330067400
115903337851567	115903360220837	115903337800733
115903435542296	115903451905212	115903435429379
115903439531150	115903460241098	115903439461358
115903447162556	115903468576253	115903447034848
115903552095837	115903568606305	115903551956462
115903661870212	115903676966306	115903661774587
115903671245160	115903685300889	115903671185473
115903777233442	115903793634691	115903777145473
115903876726410	115903893647764	115903876620056
115903987399691	115904001991878	115903987283754
115903989697608	115904010327659	115903989642556
115904085964900	115904102008493	115904085847921
115904089727921	115904110344743	115904089662087
115904096843077	115904118680316	115904096787348
115904202980368	115904218676670	115904202867348
115904204735212	115904227010004	115904204684014
115904312728754	115904327017087	115904312586931
115904314838910	115904335351045	115904314779379
115904420554014	115904435366514	115904420444327
115904422121410	115904443701722	115904422070316
115904535522400	115904552038649	115904535430525

=== poll 1790360420.860408338
8333333
115901926708911	115901943350577	115901926612713
115902035538078	115902051706879	115902035430578
115902138186463	115902151725473	115902138081411
115902139718182	115902160059900	115902139676775
115902145714744	115902168396567	115902145677713
115902260376203	115902276749119	115902260268703
115902368093807	115902385124223	115902367990109
115902370796984	115902393461671	115902370755473
115902462389900	115902476821880	115902462282557
115902463959119	115902485156045	115902463909900
115902470949171	115902493490108	115902470894744
115902577322296	115902593499640	115902577203286
115902579884171	115902601832244	115902579827088
115902589621723	115902610165473	115902589542765
115902697859015	115902710177816	115902697761932
115902699501515	115902718512139	115902699440942
115902704445369	115902726845316	115902704390369
115902740501254	115902751845317	115902740429744
115902750499848	115902768510837	115902750443598
115902780844379	115902793509378	115902780761723
115902790437296	115902801843285	115902790356098
115902800740525	115902818510525	115902800688077
115902805404379	115902826845941	115902805361463
115902821302348	115902835181462	115902821244119
115902831013806	115902843516358	115902830945786
115902850781827	115902868522192	115902850723702
115902875693859	115902893529587	115902875631150
115902891028702	115902901863650	115902890955786
115902900663546	115902918530213	115902900614067
115902906112400	115902926862921	115902906071671
115902925902296	115902943528546	115902925842192
115902940784431	115902951861202	115902940713025
115902950849431	115902968528024	115902950788702
115902988326150	115903001862348	115902988234015
115903000496411	115903018528285	115903000449952
115903005599640	115903026862816	115903005555108
115903021763233	115903035198233	115903021684744
115903088081827	115903101868389	115903087955213
115903105796515	115903118541045	115903105711098
115903113024275	115903126877347	115903112955473
115903213638442	115903226884848	115903213519223
115903215303754	115903235218650	115903215256983
115903229520369	115903243551983	115903229461827
115903327039588	115903343551566	115903326925213
115903330133910	115903351886618	115903330067400
115903337851567	115903360220837	115903337800733
115903435542296	115903451905212	115903435429379
115903439531150	115903460241098	115903439461358
115903447162556	115903468576253	115903447034848
115903552095837	115903568606305	115903551956462
115903661870212	115903676966306	115903661774587
115903671245160	115903685300889	115903671185473
115903777233442	115903793634691	115903777145473
115903876726410	115903893647764	115903876620056
115903987399691	115904001991878	115903987283754
115903989697608	115904010327659	115903989642556
115904085964900	115904102008493	115904085847921
115904089727921	115904110344743	115904089662087
115904096843077	115904118680316	115904096787348
115904202980368	115904218676670	115904202867348
115904204735212	115904227010004	115904204684014
115904312728754	115904327017087	115904312586931
115904314838910	115904335351045	115904314779379
115904420554014	115904435366514	115904420444327
115904422121410	115904443701722	115904422070316
115904535522400	115904552038649	115904535430525
115904647838389	115904660361930	115904647718025
115904649605472	115904668697087	115904649511618
115904691014327	115904702031879	115904690906879
115904701055889	115904718702816	115904700991566
115904730772504	115904743707347	115904730711983
115904741000733	115904752042295	115904740946254
115904766143024	115904777049378	115904766062243
115904781586774	115904793720576	115904781504483
115904791193493	115904802056254	115904791139066
115904806134639	115904818725681	115904806071254
115904826401670	115904843731357	115904826340160
115904851259170	115904868740680	115904851197556
115904866265108	115904877078337	115904866072972
115904880984118	115904893753076	115904880920108
115904901153545	115904918761982	115904901088858
115904916469952	115904927098858	115904916420837
115904926365733	115904943774065	115904926317816
115904955510941	115904968779065	115904955433441
115904966552608	115904985449273	115904966480785
115904981363754	115904993785836	115904981295472
115905001532816	115905018794795	115905001474691
115905013217139	115905027132868	115905013125629
115905038586201	115905052143232	115905038517191
115905058273129	115905077146721	115905058208597
115905062952035	115905085480107	115905062927504
115905171943337	115905185510211	115905171827295
115905179728024	115905193848285	115905179663128
115905277606931	115905293894013	115905277521097
115905288850576	115905302233544	115905288779170
115905387427608	115905402262191	115905387334222
115905388927556	115905410597659	115905388888649
115905404801358	115905418933284	115905404730941
115905512954222	115905527296982	115905512838753
115905546288649	115905560640576	115905514681878
115905579554066	115905593986253	115905549559535
115905615032191	115905627323284	115905614940264
115905646307347	115905660662607	115905621417868
115905740388441	115905752364014	115905740278545
115905771331462	115905785710732	115905741978076
115905804771462	115905819057086	115905774092712
115905838547607	115905852396669	115905838468909
115905871383545	115905885731773	115905846701930
115905950730368	115905969063232	115905950648024
115905988140055	115906002386253	115905964034430
115906087703805	115906102399951	115906087596305
115906186709899	115906202435575	115906186578909
115906238272347	115906252450159	115906188187920
115906297782138	115906310794534	115906297690576
115906346453857	115906360804534	115906305048076
115906413514118	115906427467242	115906413424326
115906527855732	115906544153232	115906527755784
115906579809586	115906594161096	115906529917086
115906631644690	115906644161513	115906631545107
115906679756097	115906694163753	115906638525368
115906696943388	115906710831148	115906696864586
115906738749274	115906752494378	115906738667451
115906758627972	115906777490106	115906758562347
115906763449899	115906785824377	115906763406305
115906788590524	115906802491877	115906788532920
115906798600940	115906810824482	115906798540420
115906808433701	9223372036854775807	115906808359586

=== poll 1790360423.101991671
8333333
115904202980368	115904218676670	115904202867348
115904204735212	115904227010004	115904204684014
115904312728754	115904327017087	115904312586931
115904314838910	115904335351045	115904314779379
115904420554014	115904435366514	115904420444327
115904422121410	115904443701722	115904422070316
115904535522400	115904552038649	115904535430525
115904647838389	115904660361930	115904647718025
115904649605472	115904668697087	115904649511618
115904691014327	115904702031879	115904690906879
115904701055889	115904718702816	115904700991566
115904730772504	115904743707347	115904730711983
115904741000733	115904752042295	115904740946254
115904766143024	115904777049378	115904766062243
115904781586774	115904793720576	115904781504483
115904791193493	115904802056254	115904791139066
115904806134639	115904818725681	115904806071254
115904826401670	115904843731357	115904826340160
115904851259170	115904868740680	115904851197556
115904866265108	115904877078337	115904866072972
115904880984118	115904893753076	115904880920108
115904901153545	115904918761982	115904901088858
115904916469952	115904927098858	115904916420837
115904926365733	115904943774065	115904926317816
115904955510941	115904968779065	115904955433441
115904966552608	115904985449273	115904966480785
115904981363754	115904993785836	115904981295472
115905001532816	115905018794795	115905001474691
115905013217139	115905027132868	115905013125629
115905038586201	115905052143232	115905038517191
115905058273129	115905077146721	115905058208597
115905062952035	115905085480107	115905062927504
115905171943337	115905185510211	115905171827295
115905179728024	115905193848285	115905179663128
115905277606931	115905293894013	115905277521097
115905288850576	115905302233544	115905288779170
115905387427608	115905402262191	115905387334222
115905388927556	115905410597659	115905388888649
115905404801358	115905418933284	115905404730941
115905512954222	115905527296982	115905512838753
115905546288649	115905560640576	115905514681878
115905579554066	115905593986253	115905549559535
115905615032191	115905627323284	115905614940264
115905646307347	115905660662607	115905621417868
115905740388441	115905752364014	115905740278545
115905771331462	115905785710732	115905741978076
115905804771462	115905819057086	115905774092712
115905838547607	115905852396669	115905838468909
115905871383545	115905885731773	115905846701930
115905950730368	115905969063232	115905950648024
115905988140055	115906002386253	115905964034430
115906087703805	115906102399951	115906087596305
115906186709899	115906202435575	115906186578909
115906238272347	115906252450159	115906188187920
115906297782138	115906310794534	115906297690576
115906346453857	115906360804534	115906305048076
115906413514118	115906427467242	115906413424326
115906527855732	115906544153232	115906527755784
115906579809586	115906594161096	115906529917086
115906631644690	115906644161513	115906631545107
115906679756097	115906694163753	115906638525368
115906696943388	115906710831148	115906696864586
115906738749274	115906752494378	115906738667451
115906758627972	115906777490106	115906758562347
115906763449899	115906785824377	115906763406305
115906788590524	115906802491877	115906788532920
115906798600940	115906810824482	115906798540420
115906808433701	115906819156773	115906808359586
115906849006513	115906860815992	115906848890315
115906858999534	115906877481304	115906858925888
115906863681565	115906885815627	115906863639690
115906883505992	115906894150419	115906883433232
115906898915784	115906910820263	115906898865263
115906913722086	115906927489742	115906913665836
115906934369117	115906952488492	115906934282503
115906964382555	115906977487971	115906964311565
115906973981669	115906985822398	115906973891930
115906989385211	115907002491305	115906989331669
115906996820524	115907010826148	115906996757607
115907064728961	115907077497190	115907064649169
115907083184274	115907094165836	115907083113076
115907187609899	115907202522554	115907187515263
115907196616774	115907210859846	115907196559951
115907295889117	115907310874064	115907295792711
115907305222919	115907319208283	115907305157399
115907414133596	115907427542346	115907414057659
115907421591773	115907435874429	115907421542451
115907536201201	115907552577034	115907536098180
115907637894586	115907652611982	115907637775471
115907639482711	115907660948544	115907639435107
115907747129325	115907760968283	115907747010263
115907755652555	115907769302085	115907755599534
115907869900680	115907885988492	115907869788596
115907987286773	115908002680731	115907987137867
115908087644794	115908102688075	115908087542294
115908089410784	115908111022241	115908089345211
115908197885054	115908211038283	115908197781721
115908199387242	115908219374741	115908199327659
115908206141825	115908227710575	115908206077034
115908311682398	115908327723752	115908311560159
115908422108596	115908436070522	115908422006929
115908423801981	115908444405835	115908423716304
115908528633648	115908544422346	115908528498700
115908532657971	115908552755627	115908532600263
115908538573388	115908561089429	115908538520211
115908649432658	115908661108492	115908649295263
115908651711200	115908669442814	115908651645992
115908699799846	115908711116980	115908699720523
115908705275627	115908719452866	115908705221721
115908742230002	115908761124429	115908742140523
115908757020315	115908769459898	115908756952294
115908767064221	115908777793804	115908767004585
115908772212294	115908786129220	115908772158127
115908797500106	115908811136199	115908797425783
115908817620523	115908836143491	115908817549429
115908857624117	115908869482606	115908857527971
115908867689221	115908886153960	115908867617710
115908872382502	115908894490314	115908872316096
115908892557554	115908911161043	115908892489221
115908897972190	115908919498022	115908897904794
115908917524012	115908936166407	115908917457346
115908957496929	115908969516460	115908957416721
115908972498023	115908986192502	115908972438335
115908992650054	115909011208283	115908992592137
115909007843335	115909019545783	115909007756877
115909017829481	115909036218700	115909017769012
115909033489846	115909044555679	115909033391460

=== poll 1790360425.358513857
8333333
115906527855732	115906544153232	115906527755784
115906579809586	115906594161096	115906529917086
115906631644690	115906644161513	115906631545107
115906679756097	115906694163753	115906638525368
115906696943388	115906710831148	115906696864586
115906738749274	115906752494378	115906738667451
115906758627972	115906777490106	115906758562347
115906763449899	115906785824377	115906763406305
115906788590524	115906802491877	115906788532920
115906798600940	115906810824482	115906798540420
115906808433701	115906819156773	115906808359586
115906849006513	115906860815992	115906848890315
115906858999534	115906877481304	115906858925888
115906863681565	115906885815627	115906863639690
115906883505992	115906894150419	115906883433232
115906898915784	115906910820263	115906898865263
115906913722086	115906927489742	115906913665836
115906934369117	115906952488492	115906934282503
115906964382555	115906977487971	115906964311565
115906973981669	115906985822398	115906973891930
115906989385211	115907002491305	115906989331669
115906996820524	115907010826148	115906996757607
115907064728961	115907077497190	115907064649169
115907083184274	115907094165836	115907083113076
115907187609899	115907202522554	115907187515263
115907196616774	115907210859846	115907196559951
115907295889117	115907310874064	115907295792711
115907305222919	115907319208283	115907305157399
115907414133596	115907427542346	115907414057659
115907421591773	115907435874429	115907421542451
115907536201201	115907552577034	115907536098180
115907637894586	115907652611982	115907637775471
115907639482711	115907660948544	115907639435107
115907747129325	115907760968283	115907747010263
115907755652555	115907769302085	115907755599534
115907869900680	115907885988492	115907869788596
115907987286773	115908002680731	115907987137867
115908087644794	115908102688075	115908087542294
115908089410784	115908111022241	115908089345211
115908197885054	115908211038283	115908197781721
115908199387242	115908219374741	115908199327659
115908206141825	115908227710575	115908206077034
115908311682398	115908327723752	115908311560159
115908422108596	115908436070522	115908422006929
115908423801981	115908444405835	115908423716304
115908528633648	115908544422346	115908528498700
115908532657971	115908552755627	115908532600263
115908538573388	115908561089429	115908538520211
115908649432658	115908661108492	115908649295263
115908651711200	115908669442814	115908651645992
115908699799846	115908711116980	115908699720523
115908705275627	115908719452866	115908705221721
115908742230002	115908761124429	115908742140523
115908757020315	115908769459898	115908756952294
115908767064221	115908777793804	115908767004585
115908772212294	115908786129220	115908772158127
115908797500106	115908811136199	115908797425783
115908817620523	115908836143491	115908817549429
115908857624117	115908869482606	115908857527971
115908867689221	115908886153960	115908867617710
115908872382502	115908894490314	115908872316096
115908892557554	115908911161043	115908892489221
115908897972190	115908919498022	115908897904794
115908917524012	115908936166407	115908917457346
115908957496929	115908969516460	115908957416721
115908972498023	115908986192502	115908972438335
115908992650054	115909011208283	115908992592137
115909007843335	115909019545783	115909007756877
115909017829481	115909036218700	115909017769012
115909033489846	115909044555679	115909033391460
115909058521460	115909069566355	115909058435210
115909072309117	115909086241512	115909072237033
115909180983596	115909194614376	115909180893231
115909197102710	115909211285835	115909197040054
115909298204637	115909311325054	115909298087919
115909305401564	115909319663334	115909305352189
115909403976616	115909419714481	115909403872866
115909405950575	115909428053179	115909405902814
115909414338752	115909436392137	115909414296252
115909513574325	115909528105783	115909513467971
115909522138596	115909536442866	115909522085939
115909630369012	115909644813127	115909630240575
115909680414898	115909694836043	115909632028700
115909730402554	115909744854220	115909682496304
115909780502085	115909794865574	115909741825262
115909830446616	115909844877865	115909786170366
115909880480314	115909894892553	115909857484741
115909930480679	115909944908335	115909882913023
115909980484064	115909994930366	115909967195106
115910030534064	115910044951876	115909983153543
115910082482189	115910094969897	115910082413075
115910130723960	115910144993803	115910092621772
115910181531825	115910195017501	115910181439741
115910197758387	115910211691824	115910197701147
115910322261564	115910336726876	115910322114377
115910331605991	115910345060887	115910331532918
115910449742710	115910470092084	115910449537241
115910523798960	115910536751407	115910523713335
115910539173856	115910553423283	115910539115418
115910651347241	115910670108907	115910651269116
115910655890626	115910678447344	115910655838699
115910697855314	115910711791043	115910697776928
115910724481720	115910736800314	115910724409897
115910734178751	115910745138543	115910734135001
115910739561251	115910753476512	115910739525053
115910759841824	115910778483543	115910759763751
115910774543283	115910786820418	115910774497137
115910789442501	115910803492084	115910789391460
115910809556356	115910820161355	115910809511928
115910824899533	115910836828907	115910824848178
115910840029428	115910853497396	115910839959585
115910864634480	115910878503803	115910864546512
115910874757762	115910886838438	115910874695314
115910884393491	115910895174219	115910884335210
115910899455470	115910911844688	115910899401512
115910909830210	115910928516667	115910909786251
115910924406460	115910936851876	115910924363908
115910957858855	115910970198022	115910957789012
115910969809376	115910986872136	115910969747762
115910984470418	115910995209532	115910984406616
115910999643439	115911011881823	115910999593855
115911014539272	115911028550834	115911014494480
115911068368803	115911086905573	115911068299480
115911073261355	115911095243230	115911073227501
115911089948699	115911103581199	115911089879324
115911189204480	115911203630938	115911189107189
115911197613543	115911211967970	115911197565991

=== poll 1790360427.637418231
8333333
115908817620523	115908836143491	115908817549429
115908857624117	115908869482606	115908857527971
115908867689221	115908886153960	115908867617710
115908872382502	115908894490314	115908872316096
115908892557554	115908911161043	115908892489221
115908897972190	115908919498022	115908897904794
115908917524012	115908936166407	115908917457346
115908957496929	115908969516460	115908957416721
115908972498023	115908986192502	115908972438335
115908992650054	115909011208283	115908992592137
115909007843335	115909019545783	115909007756877
115909017829481	115909036218700	115909017769012
115909033489846	115909044555679	115909033391460
115909058521460	115909069566355	115909058435210
115909072309117	115909086241512	115909072237033
115909180983596	115909194614376	115909180893231
115909197102710	115909211285835	115909197040054
115909298204637	115909311325054	115909298087919
115909305401564	115909319663334	115909305352189
115909403976616	115909419714481	115909403872866
115909405950575	115909428053179	115909405902814
115909414338752	115909436392137	115909414296252
115909513574325	115909528105783	115909513467971
115909522138596	115909536442866	115909522085939
115909630369012	115909644813127	115909630240575
115909680414898	115909694836043	115909632028700
115909730402554	115909744854220	115909682496304
115909780502085	115909794865574	115909741825262
115909830446616	115909844877865	115909786170366
115909880480314	115909894892553	115909857484741
115909930480679	115909944908335	115909882913023
115909980484064	115909994930366	115909967195106
115910030534064	115910044951876	115909983153543
115910082482189	115910094969897	115910082413075
115910130723960	115910144993803	115910092621772
115910181531825	115910195017501	115910181439741
115910197758387	115910211691824	115910197701147
115910322261564	115910336726876	115910322114377
115910331605991	115910345060887	115910331532918
115910449742710	115910470092084	115910449537241
115910523798960	115910536751407	115910523713335
115910539173856	115910553423283	115910539115418
115910651347241	115910670108907	115910651269116
115910655890626	115910678447344	115910655838699
115910697855314	115910711791043	115910697776928
115910724481720	115910736800314	115910724409897
115910734178751	115910745138543	115910734135001
115910739561251	115910753476512	115910739525053
115910759841824	115910778483543	115910759763751
115910774543283	115910786820418	115910774497137
115910789442501	115910803492084	115910789391460
115910809556356	115910820161355	115910809511928
115910824899533	115910836828907	115910824848178
115910840029428	115910853497396	115910839959585
115910864634480	115910878503803	115910864546512
115910874757762	115910886838438	115910874695314
115910884393491	115910895174219	115910884335210
115910899455470	115910911844688	115910899401512
115910909830210	115910928516667	115910909786251
115910924406460	115910936851876	115910924363908
115910957858855	115910970198022	115910957789012
115910969809376	115910986872136	115910969747762
115910984470418	115910995209532	115910984406616
115910999643439	115911011881823	115910999593855
115911014539272	115911028550834	115911014494480
115911068368803	115911086905573	115911068299480
115911073261355	115911095243230	115911073227501
115911089948699	115911103581199	115911089879324
115911189204480	115911203630938	115911189107189
115911197613543	115911211967970	115911197565991
115911312923282	115911328717865	115911312834064
115911314427866	115911337055886	115911314388178
115911322967449	115911345394636	115911322916355
115911430582189	115911445444480	115911430476720
115911432284584	115911453781927	115911432208230
115911439612293	115911462119271	115911439543959
115911539026564	115911553819792	115911538926928
115911540547501	115911562157448	115911540494741
115911548890314	115911570493959	115911548834636
115911656103491	115911670523073	115911655973907
115911657713126	115911678858282	115911657659532
115911664854428	115911687194115	115911664770834
115911762412032	115911778895938	115911762330001
115911879487241	115911895604115	115911879371459
115911979886459	115911995637553	115911979810105
115911981341303	115912003974792	115911981317865
115912088215626	115912104017396	115912088109063
115912089708178	115912112355052	115912089678178
115912189785834	115912204058646	115912189688699
115912198443178	115912212395521	115912198388282
115912313927188	115912329093385	115912313814740
115912315478438	115912337427448	115912315420105
115912323729792	115912345761563	115912323662501
115912432103751	115912445785781	115912431945574
115912434315678	115912454122812	115912434247709
115912548586928	115912562507865	115912548473647
115912557446303	115912570846458	115912557369532
115912654414584	115912670877552	115912654317761
115912656654584	115912679212343	115912656594063
115912698990105	115912712553073	115912698903178
115912736852344	115912754229323	115912736788074
115912761865626	115912779236094	115912761809792
115912784429636	115912795908178	115912784362032
115912792224480	115912804242656	115912792182240
115912802327396	115912820913281	115912802234532
115912816964949	115912829248750	115912816923178
115912841910053	115912854260469	115912841847969
115912861816980	115912879277135	115912861681928
115912876981459	115912887615833	115912876934740
115912894001303	115912912632396	115912893952084
115912902483073	115912920970885	115912902433646
115912918436719	115912929310677	115912918367865
115912953078282	115912970997812	115912953022605
115912958761146	115912979335001	115912958717084
115912978488646	115912996008125	115912978438959
115912992664271	115913004347031	115912992621146
115913065874948	115913079393542	115913065781823
115913073714896	115913087729843	115913073657969
115913174755053	115913187745781	115913174658125
115913186194792	115913204417865	115913186133230
115913284168125	115913296105937	115913284061198
115913290150000	115913304442760	115913290108386
115913406849115	115913421127708	115913406734636
115913408410677	115913429463124	115913408371667
115913415321198	115913437798541	115913415284167
115913508841875	115913521144322	115913508724584
115913515193542	115913529480677	115913515144115

=== poll 1790360429.920355574
8333333
115910924406460	115910936851876	115910924363908
115910957858855	115910970198022	115910957789012
115910969809376	115910986872136	115910969747762
115910984470418	115910995209532	115910984406616
115910999643439	115911011881823	115910999593855
115911014539272	115911028550834	115911014494480
115911068368803	115911086905573	115911068299480
115911073261355	115911095243230	115911073227501
115911089948699	115911103581199	115911089879324
115911189204480	115911203630938	115911189107189
115911197613543	115911211967970	115911197565991
115911312923282	115911328717865	115911312834064
115911314427866	115911337055886	115911314388178
115911322967449	115911345394636	115911322916355
115911430582189	115911445444480	115911430476720
115911432284584	115911453781927	115911432208230
115911439612293	115911462119271	115911439543959
115911539026564	115911553819792	115911538926928
115911540547501	115911562157448	115911540494741
115911548890314	115911570493959	115911548834636
115911656103491	115911670523073	115911655973907
115911657713126	115911678858282	115911657659532
115911664854428	115911687194115	115911664770834
115911762412032	115911778895938	115911762330001
115911879487241	115911895604115	115911879371459
115911979886459	115911995637553	115911979810105
115911981341303	115912003974792	115911981317865
115912088215626	115912104017396	115912088109063
115912089708178	115912112355052	115912089678178
115912189785834	115912204058646	115912189688699
115912198443178	115912212395521	115912198388282
115912313927188	115912329093385	115912313814740
115912315478438	115912337427448	115912315420105
115912323729792	115912345761563	115912323662501
115912432103751	115912445785781	115912431945574
115912434315678	115912454122812	115912434247709
115912548586928	115912562507865	115912548473647
115912557446303	115912570846458	115912557369532
115912654414584	115912670877552	115912654317761
115912656654584	115912679212343	115912656594063
115912698990105	115912712553073	115912698903178
115912736852344	115912754229323	115912736788074
115912761865626	115912779236094	115912761809792
115912784429636	115912795908178	115912784362032
115912792224480	115912804242656	115912792182240
115912802327396	115912820913281	115912802234532
115912816964949	115912829248750	115912816923178
115912841910053	115912854260469	115912841847969
115912861816980	115912879277135	115912861681928
115912876981459	115912887615833	115912876934740
115912894001303	115912912632396	115912893952084
115912902483073	115912920970885	115912902433646
115912918436719	115912929310677	115912918367865
115912953078282	115912970997812	115912953022605
115912958761146	115912979335001	115912958717084
115912978488646	115912996008125	115912978438959
115912992664271	115913004347031	115912992621146
115913065874948	115913079393542	115913065781823
115913073714896	115913087729843	115913073657969
115913174755053	115913187745781	115913174658125
115913186194792	115913204417865	115913186133230
115913284168125	115913296105937	115913284061198
115913290150000	115913304442760	115913290108386
115913406849115	115913421127708	115913406734636
115913408410677	115913429463124	115913408371667
115913415321198	115913437798541	115913415284167
115913508841875	115913521144322	115913508724584
115913515193542	115913529480677	115913515144115
115913639583959	115913654494271	115913639481823
115913690110469	115913704507865	115913641102761
115913740111667	115913754510104	115913692390000
115913790308594	115913804510052	115913749048177
115913840107865	115913854529844	115913793429688
115913890165573	115913904537291	115913849206563
115913940133125	115913954541666	115913893532292
115913990224167	115914004555000	115913957299896
115914066169427	115914079567708	115914065986979
115914115210990	115914129567604	115914073853594
115914182725469	115914196233333	115914182646146
115914190638750	115914204565104	115914190583594
115914298986250	115914312893542	115914298870260
115914300387969	115914321225885	115914300362083
115914407387552	115914421220676	115914407280104
115914408897812	115914429556354	115914408862760
115914415442135	115914437891458	115914415403437
115914521605312	115914537914895	115914521483542
115914623221406	115914637947344	115914623102969
115914624774844	115914646281718	115914624737812
115914632077604	115914654618125	115914631985104
115914731115000	115914746294948	115914730995989
115914732570208	115914754628802	115914732540364
115914741513281	115914762964582	115914741462812
115914749292708	115914771298593	115914749251198
115914769187239	115914787969791	115914769135989
115914784282864	115914796306562	115914784215833
115914794625156	115914812973177	115914794560416
115914848537916	115914862968958	115914834775312
115914850443802	115914871302239	115914850384271
115914869649271	115914887969635	115914869589375
115914884942135	115914896303593	115914884879479
115914895020104	115914912973906	115914894949739
115914924570521	115914937979843	115914924491510
115914934822187	115914946315520	115914934763437
115914944558177	115914962986874	115914944509635
115914949971302	115914971322708	115914949933698
115914969874114	115914987998645	115914969805937
115914984540781	115914996337135	115914984470156
115914999422760	115915013009583	115914999367396
115915009664166	115915021342707	115915009612760
115915025179948	115915038012187	115915025110208
115915044982448	115915063019270	115915044926458
115915048910208	115915071356405	115915048850000
115915143381927	115915154724479	115915143292031
115915152207656	115915163060624	115915152153906
115915157039427	115915171396406	115915156990573
115915265244010	115915279734322	115915265112552
115915266957552	115915288069895	115915266916458
115915390390000	115915404744114	115915390305885
115915401070260	115915413077395	115915400979270
115915496309479	115915513095729	115915496171875
115915498831562	115915521431614	115915498787864
115915615667708	115915629801405	115915615552968
115915617269687	115915638140051	115915617215989
115915624431770	115915646477499	115915624344843
115915733934479	115915746519738	115915733827395
115915735470468	115915754856770	115915735438177
115915855019479	9223372036854775807	115915854930468

=== poll 1790360432.176796719
8333333
115912958761146	115912979335001	115912958717084
115912978488646	115912996008125	115912978438959
115912992664271	115913004347031	115912992621146
115913065874948	115913079393542	115913065781823
115913073714896	115913087729843	115913073657969
115913174755053	115913187745781	115913174658125
115913186194792	115913204417865	115913186133230
115913284168125	115913296105937	115913284061198
115913290150000	115913304442760	115913290108386
115913406849115	115913421127708	115913406734636
115913408410677	115913429463124	115913408371667
115913415321198	115913437798541	115913415284167
115913508841875	115913521144322	115913508724584
115913515193542	115913529480677	115913515144115
115913639583959	115913654494271	115913639481823
115913690110469	115913704507865	115913641102761
115913740111667	115913754510104	115913692390000
115913790308594	115913804510052	115913749048177
115913840107865	115913854529844	115913793429688
115913890165573	115913904537291	115913849206563
115913940133125	115913954541666	115913893532292
115913990224167	115914004555000	115913957299896
115914066169427	115914079567708	115914065986979
115914115210990	115914129567604	115914073853594
115914182725469	115914196233333	115914182646146
115914190638750	115914204565104	115914190583594
115914298986250	115914312893542	115914298870260
115914300387969	115914321225885	115914300362083
115914407387552	115914421220676	115914407280104
115914408897812	115914429556354	115914408862760
115914415442135	115914437891458	115914415403437
115914521605312	115914537914895	115914521483542
115914623221406	115914637947344	115914623102969
115914624774844	115914646281718	115914624737812
115914632077604	115914654618125	115914631985104
115914731115000	115914746294948	115914730995989
115914732570208	115914754628802	115914732540364
115914741513281	115914762964582	115914741462812
115914749292708	115914771298593	115914749251198
115914769187239	115914787969791	115914769135989
115914784282864	115914796306562	115914784215833
115914794625156	115914812973177	115914794560416
115914848537916	115914862968958	115914834775312
115914850443802	115914871302239	115914850384271
115914869649271	115914887969635	115914869589375
115914884942135	115914896303593	115914884879479
115914895020104	115914912973906	115914894949739
115914924570521	115914937979843	115914924491510
115914934822187	115914946315520	115914934763437
115914944558177	115914962986874	115914944509635
115914949971302	115914971322708	115914949933698
115914969874114	115914987998645	115914969805937
115914984540781	115914996337135	115914984470156
115914999422760	115915013009583	115914999367396
115915009664166	115915021342707	115915009612760
115915025179948	115915038012187	115915025110208
115915044982448	115915063019270	115915044926458
115915048910208	115915071356405	115915048850000
115915143381927	115915154724479	115915143292031
115915152207656	115915163060624	115915152153906
115915157039427	115915171396406	115915156990573
115915265244010	115915279734322	115915265112552
115915266957552	115915288069895	115915266916458
115915390390000	115915404744114	115915390305885
115915401070260	115915413077395	115915400979270
115915496309479	115915513095729	115915496171875
115915498831562	115915521431614	115915498787864
115915615667708	115915629801405	115915615552968
115915617269687	115915638140051	115915617215989
115915624431770	115915646477499	115915624344843
115915733934479	115915746519738	115915733827395
115915735470468	115915754856770	115915735438177
115915855019479	115915871567343	115915854930468
115915957200989	115915971558958	115915957090156
115915958659166	115915979892655	115915958617968
115916065859895	115916079876353	115916065732864
115916067445416	115916088208437	115916067392187
115916163585937	115916179870259	115916163491978
115916174004947	115916188203801	115916173938593
115916297104062	115916313225780	115916296975051
115916406306978	115916421566874	115916406201353
115916407775520	115916429904165	115916407747655
115916516682760	115916529912082	115916516577187
115916518079999	115916538246093	115916518050312
115916638767812	115916654936301	115916638686770
115916736047603	115916754938071	115916735964114
115916741530572	115916763271509	115916741483072
115916748934010	115916771606144	115916748888853
115916769667812	115916788273280	115916769617030
115916775198124	115916796607603	115916775163541
115916785102603	115916804941717	115916785047916
115916800014999	115916813276353	115916799944791
115916841853020	115916854945884	115916841764687
115916850017082	115916863281093	115916849977655
115916859966874	115916871616561	115916859918072
115916875173801	115916888287394	115916875113645
115916894936509	115916913300571	115916894884634
115916909768384	115916921637655	115916909726614
115916924932291	115916938314634	115916924854114
115916960763072	115916971669738	115916960683697
115916969986822	115916988341508	115916969939843
115916985077395	115916996677082	115916985022395
115917000434009	115917013350988	115917000358332
115917010007916	115917021688488	115917009950884
115917024377916	115917038359842	115917024316301
115917062804114	115917080044843	115917062726926
115917074373280	115917088383175	115917074315103
115917176544426	115917188441821	115917176459999
115917182660728	115917196780519	115917182607082
115917274883124	115917288476352	115917274780624
115917283821301	115917296810676	115917283744843
115917290813645	115917305145988	115917290773541
115917392326197	115917405193175	115917392230728
115917399472395	115917413532186	115917399402030
115917509722290	115917521912655	115917509612968
115917518126301	115917530252394	115917518059582
115917524184686	115917538590624	115917524144270
115917632090936	115917646979165	115917631975572
115917633713020	115917655318957	115917633666613
115917642063332	115917663658800	115917641995988
115917754856770	115917772070259	115917754745051
115917858765155	115917872134269	115917858676405
115917866660988	115917880472342	115917866589842
115917973934165	115917988852550	115917973760155
115918081282655	115918097241613	115918081177707
115918084778592	115918105579269	115918084724269
115918092407863	115918113916769	115918092355936

=== poll 1790360434.441946302
8333333
115914999422760	115915013009583	115914999367396
115915009664166	115915021342707	115915009612760
115915025179948	115915038012187	115915025110208
115915044982448	115915063019270	115915044926458
115915048910208	115915071356405	115915048850000
115915143381927	115915154724479	115915143292031
115915152207656	115915163060624	115915152153906
115915157039427	115915171396406	115915156990573
115915265244010	115915279734322	115915265112552
115915266957552	115915288069895	115915266916458
115915390390000	115915404744114	115915390305885
115915401070260	115915413077395	115915400979270
115915496309479	115915513095729	115915496171875
115915498831562	115915521431614	115915498787864
115915615667708	115915629801405	115915615552968
115915617269687	115915638140051	115915617215989
115915624431770	115915646477499	115915624344843
115915733934479	115915746519738	115915733827395
115915735470468	115915754856770	115915735438177
115915855019479	115915871567343	115915854930468
115915957200989	115915971558958	115915957090156
115915958659166	115915979892655	115915958617968
115916065859895	115916079876353	115916065732864
115916067445416	115916088208437	115916067392187
115916163585937	115916179870259	115916163491978
115916174004947	115916188203801	115916173938593
115916297104062	115916313225780	115916296975051
115916406306978	115916421566874	115916406201353
115916407775520	115916429904165	115916407747655
115916516682760	115916529912082	115916516577187
115916518079999	115916538246093	115916518050312
115916638767812	115916654936301	115916638686770
115916736047603	115916754938071	115916735964114
115916741530572	115916763271509	115916741483072
115916748934010	115916771606144	115916748888853
115916769667812	115916788273280	115916769617030
115916775198124	115916796607603	115916775163541
115916785102603	115916804941717	115916785047916
115916800014999	115916813276353	115916799944791
115916841853020	115916854945884	115916841764687
115916850017082	115916863281093	115916849977655
115916859966874	115916871616561	115916859918072
115916875173801	115916888287394	115916875113645
115916894936509	115916913300571	115916894884634
115916909768384	115916921637655	115916909726614
115916924932291	115916938314634	115916924854114
115916960763072	115916971669738	115916960683697
115916969986822	115916988341508	115916969939843
115916985077395	115916996677082	115916985022395
115917000434009	115917013350988	115917000358332
115917010007916	115917021688488	115917009950884
115917024377916	115917038359842	115917024316301
115917062804114	115917080044843	115917062726926
115917074373280	115917088383175	115917074315103
115917176544426	115917188441821	115917176459999
115917182660728	115917196780519	115917182607082
115917274883124	115917288476352	115917274780624
115917283821301	115917296810676	115917283744843
115917290813645	115917305145988	115917290773541
115917392326197	115917405193175	115917392230728
115917399472395	115917413532186	115917399402030
115917509722290	115917521912655	115917509612968
115917518126301	115917530252394	115917518059582
115917524184686	115917538590624	115917524144270
115917632090936	115917646979165	115917631975572
115917633713020	115917655318957	115917633666613
115917642063332	115917663658800	115917641995988
115917754856770	115917772070259	115917754745051
115917858765155	115917872134269	115917858676405
115917866660988	115917880472342	115917866589842
115917973934165	115917988852550	115917973760155
115918081282655	115918097241613	115918081177707
115918084778592	115918105579269	115918084724269
115918092407863	115918113916769	115918092355936
115918183424894	115918197277185	115918183302290
115918184951092	115918205613540	115918184900363
115918297959530	115918313991873	115918297838019
115918299517603	115918322328956	115918299475780
115918402106561	115918414046196	115918401980259
115918403792238	115918422383592	115918403738123
115918507222498	115918522417290	115918507067238
115918510418332	115918530755050	115918510361873
115918516661978	115918539091977	115918516617759
115918624413592	115918639131404	115918624267186
115918626746196	115918647469165	115918626682759
115918634077394	115918655808696	115918633978071
115918725993957	115918739184686	115918725893592
115918734759373	115918747520675	115918734701821
115918749915207	115918764193748	115918749862498
115918783521248	115918797539685	115918783449477
115918793447915	115918805875727	115918793389842
115918819002290	115918830888644	115918818915259
115918853883332	115918872570154	115918853794530
115918858691873	115918880905935	115918858644321
115918878841092	115918897579477	115918878770207
115918894175207	115918905916925	115918894128436
115918908871613	115918922586821	115918908809061
115918933790415	115918947594529	115918933711405
115918952492394	115918964269946	115918952417082
115918967063123	115918980945519	115918966978019
115918986760154	115918997620102	115918986703384
115918991899009	115919005958800	115918991853540
115919027005102	115919039307186	115919026919634
115919050691769	115919064318644	115919050637238
115919058766821	115919072656352	115919058722446
115919152574009	115919164366612	115919152498696
115919166683071	115919181043644	115919166634269
115919265378904	115919281085622	115919265171873
115919269206873	115919289422706	115919269152915
115919283536300	115919297760623	115919283471613
115919385527550	115919397830883	115919385434686
115919392308904	115919406170987	115919392243748
115919507625050	115919522897028	115919507425623
115919615236144	115919631270310	115919615150363
115919617249685	115919639604529	115919617180154
115919733825571	115919747974373	115919733717290
115919735283123	115919756312185	115919735247810
115919848297133	115919864670049	115919848164269
115919943252237	115919956334164	115919943172550
115919950723383	115919964666977	115919950669581
115920058942185	115920072999529	115920058852029
115920067543748	115920081333748	115920067492029
115920183583956	115920197991143	115920183479425
115920185242602	115920206324372	115920185169164
115920285467185	115920297971924	115920285350727
115920287026769	115920306304320	115920286995154
115920293304998	115920314638174	115920293247550

=== poll 1790360436.712944374
8333333
115917518126301	115917530252394	115917518059582
115917524184686	115917538590624	115917524144270
115917632090936	115917646979165	115917631975572
115917633713020	115917655318957	115917633666613
115917642063332	115917663658800	115917641995988
115917754856770	115917772070259	115917754745051
115917858765155	115917872134269	115917858676405
115917866660988	115917880472342	115917866589842
115917973934165	115917988852550	115917973760155
115918081282655	115918097241613	115918081177707
115918084778592	115918105579269	115918084724269
115918092407863	115918113916769	115918092355936
115918183424894	115918197277185	115918183302290
115918184951092	115918205613540	115918184900363
115918297959530	115918313991873	115918297838019
115918299517603	115918322328956	115918299475780
115918402106561	115918414046196	115918401980259
115918403792238	115918422383592	115918403738123
115918507222498	115918522417290	115918507067238
115918510418332	115918530755050	115918510361873
115918516661978	115918539091977	115918516617759
115918624413592	115918639131404	115918624267186
115918626746196	115918647469165	115918626682759
115918634077394	115918655808696	115918633978071
115918725993957	115918739184686	115918725893592
115918734759373	115918747520675	115918734701821
115918749915207	115918764193748	115918749862498
115918783521248	115918797539685	115918783449477
115918793447915	115918805875727	115918793389842
115918819002290	115918830888644	115918818915259
115918853883332	115918872570154	115918853794530
115918858691873	115918880905935	115918858644321
115918878841092	115918897579477	115918878770207
115918894175207	115918905916925	115918894128436
115918908871613	115918922586821	115918908809061
115918933790415	115918947594529	115918933711405
115918952492394	115918964269946	115918952417082
115918967063123	115918980945519	115918966978019
115918986760154	115918997620102	115918986703384
115918991899009	115919005958800	115918991853540
115919027005102	115919039307186	115919026919634
115919050691769	115919064318644	115919050637238
115919058766821	115919072656352	115919058722446
115919152574009	115919164366612	115919152498696
115919166683071	115919181043644	115919166634269
115919265378904	115919281085622	115919265171873
115919269206873	115919289422706	115919269152915
115919283536300	115919297760623	115919283471613
115919385527550	115919397830883	115919385434686
115919392308904	115919406170987	115919392243748
115919507625050	115919522897028	115919507425623
115919615236144	115919631270310	115919615150363
115919617249685	115919639604529	115919617180154
115919733825571	115919747974373	115919733717290
115919735283123	115919756312185	115919735247810
115919848297133	115919864670049	115919848164269
115919943252237	115919956334164	115919943172550
115919950723383	115919964666977	115919950669581
115920058942185	115920072999529	115920058852029
115920067543748	115920081333748	115920067492029
115920183583956	115920197991143	115920183479425
115920185242602	115920206324372	115920185169164
115920285467185	115920297971924	115920285350727
115920287026769	115920306304320	115920286995154
115920293304998	115920314638174	115920293247550
115920409024789	115920422968279	115920408908644
115920410532862	115920431301925	115920410488279
115920517150831	115920531296195	115920517057862
115920526134425	115920539629112	115920526059425
115920625234841	115920639629112	115920625114529
115920626784581	115920647963330	115920626744321
115920633753748	115920656295831	115920633709268
115920732199268	115920747956404	115920732048487
115920736736873	115920756293070	115920736693018
115920761897185	115920772962080	115920761816716
115920771667810	115920789630882	115920771613331
115920797000050	115920814634841	115920796928018
115920811708695	115920822970726	115920811626820
115920836851612	115920847978330	115920836753591
115920847015154	115920864646664	115920846936039
115920852054581	115920872980935	115920851990310
115920872224737	115920889649424	115920872161664
115920886909425	115920897984216	115920886842810
115920901924789	115920914654216	115920901847550
115920936985518	115920948001299	115920936897237
115920946639477	115920964672185	115920946560570
115920961777706	115920973007080	115920961720570
115920972149372	115920989675101	115920972074789
115920986895102	115920998008174	115920986836664
115921001926925	115921014674685	115921001870518
115921036634945	115921048011976	115921036561091
115921046831300	115921064682445	115921046777445
115921059104945	115921073017601	115921059056820
115921150149893	115921164689372	115921150015258
115921151775154	115921173021663	115921151723539
115921167265831	115921181354268	115921167203383
115921269682133	115921281371039	115921269568331
115921275905466	115921289706924	115921275851768
115921375523799	115921389759320	115921375418956
115921383889685	115921398096351	115921383819581
115921494584216	115921506463903	115921494470310
115921496225726	115921514799580	115921496136820
115921500951976	115921523138278	115921500901768
115921607359424	115921623165414	115921607241456
115921609324789	115921631501976	115921609284528
115921724851716	115921739868226	115921724772133
115921734472758	115921748207289	115921734411143
115921834346091	115921848254268	115921834222601
115921835851508	115921856590205	115921835815622
115921842582862	115921864925048	115921842524997
115921943264372	115921956599788	115921943153018
115921944839685	115921964934580	115921944769841
115921950937133	115921973269892	115921950884945
115922074648174	115922089959111	115922074478070
115922170470101	115922181660413	115922170351403
115922171997653	115922190000257	115922171954320
115922176235830	115922198339684	115922176179528
115922273839893	115922290041507	115922273761507
115922276365934	115922298376663	115922276325414
115922284099841	115922306712757	115922284058747
115922399797341	115922415081507	115922399612914
115922401609632	115922423418069	115922401554528
115922411135362	115922431754893	115922411061247
115922485165049	115922498439371	115922485084007
115922501157184	115922515108695	115922501100622
115922615940778	115922631790205	115922615821039
115922617679320	115922640125882	115922617610518

=== poll 1790360438.982516404
8333333
115920625234841	115920639629112	115920625114529
115920626784581	115920647963330	115920626744321
115920633753748	115920656295831	115920633709268
115920732199268	115920747956404	115920732048487
115920736736873	115920756293070	115920736693018
115920761897185	115920772962080	115920761816716
115920771667810	115920789630882	115920771613331
115920797000050	115920814634841	115920796928018
115920811708695	115920822970726	115920811626820
115920836851612	115920847978330	115920836753591
115920847015154	115920864646664	115920846936039
115920852054581	115920872980935	115920851990310
115920872224737	115920889649424	115920872161664
115920886909425	115920897984216	115920886842810
115920901924789	115920914654216	115920901847550
115920936985518	115920948001299	115920936897237
115920946639477	115920964672185	115920946560570
115920961777706	115920973007080	115920961720570
115920972149372	115920989675101	115920972074789
115920986895102	115920998008174	115920986836664
115921001926925	115921014674685	115921001870518
115921036634945	115921048011976	115921036561091
115921046831300	115921064682445	115921046777445
115921059104945	115921073017601	115921059056820
115921150149893	115921164689372	115921150015258
115921151775154	115921173021663	115921151723539
115921167265831	115921181354268	115921167203383
115921269682133	115921281371039	115921269568331
115921275905466	115921289706924	115921275851768
115921375523799	115921389759320	115921375418956
115921383889685	115921398096351	115921383819581
115921494584216	115921506463903	115921494470310
115921496225726	115921514799580	115921496136820
115921500951976	115921523138278	115921500901768
115921607359424	115921623165414	115921607241456
115921609324789	115921631501976	115921609284528
115921724851716	115921739868226	115921724772133
115921734472758	115921748207289	115921734411143
115921834346091	115921848254268	115921834222601
115921835851508	115921856590205	115921835815622
115921842582862	115921864925048	115921842524997
115921943264372	115921956599788	115921943153018
115921944839685	115921964934580	115921944769841
115921950937133	115921973269892	115921950884945
115922074648174	115922089959111	115922074478070
115922170470101	115922181660413	115922170351403
115922171997653	115922190000257	115922171954320
115922176235830	115922198339684	115922176179528
115922273839893	115922290041507	115922273761507
115922276365934	115922298376663	115922276325414
115922284099841	115922306712757	115922284058747
115922399797341	115922415081507	115922399612914
115922401609632	115922423418069	115922401554528
115922411135362	115922431754893	115922411061247
115922485165049	115922498439371	115922485084007
115922501157184	115922515108695	115922501100622
115922615940778	115922631790205	115922615821039
115922617679320	115922640125882	115922617610518
115922724027080	115922740141924	115922723901351
115922725678330	115922748476663	115922725638486
115922752900361	115922765143851	115922752827028
115922762864736	115922773478851	115922762800205
115922777908330	115922790149111	115922777852653
115922793071455	115922806821454	115922792992393
115922813014997	115922831828902	115922812936143
115922818006872	115922840164372	115922817963486
115922838454528	115922856833017	115922838405361
115922843304007	115922865168486	115922843267653
115922863560518	115922881837965	115922863514424
115922868132601	115922890174267	115922868092653
115922913021663	115922931843069	115922912932288
115922918068747	115922940177445	115922918007965
115922928628643	115922948511246	115922928556611
115922943270778	115922956846299	115922943203695
115922962903955	115922973516767	115922962840257
115922978136351	115922990183486	115922978070361
115922988297132	115923006853381	115922988241038
115923018074163	115923031854996	115923017969163
115923028268486	115923040189840	115923028198851
115923042999320	115923056857757	115923042922236
115923129406403	115923140193955	115923129311299
115923143195830	115923156861038	115923143119163
115923242553903	115923256853746	115923242418955
115923251667497	115923265186767	115923251606455
115923349668122	115923365189684	115923349561767
115923353375361	115923373523746	115923353320778
115923367641507	115923381858225	115923367572757
115923474315934	115923490193694	115923474196455
115923478135882	115923498526767	115923478036194
115923484427965	115923506859840	115923484375830
115923584550621	115923598517340	115923584438851
115923586320569	115923606852496	115923586256194
115923592834892	115923615187860	115923592766611
115923699073226	115923715184684	115923698944111
115923701209684	115923723519007	115923701151715
115923710078121	115923731852080	115923710026246
115923824360048	115923840185412	115923824190569
115923926996976	115923940177184	115923926860569
115923929235517	115923948511975	115923929162080
115924033199944	115924048491975	115924033108382
115924042725778	115924056824892	115924042660673
115924156885100	115924173486871	115924156800153
115924257917184	115924273494996	115924257808642
115924262390986	115924281827704	115924262311923
115924267688746	115924290162757	115924267636559
115924368245777	115924381830725	115924368138069
115924371250465	115924390163954	115924371192027
115924377190100	115924398498849	115924377119267
115924482505829	115924498511298	115924482402079
115924486204579	115924506846558	115924486135100
115924492680465	115924515181193	115924492617704
115924595765257	115924606858693	115924595682184
115924601096975	115924615192652	115924601034840
115924716743746	115924731870256	115924716623329
115924718340152	115924740206193	115924718288902
115924731010569	115924748542496	115924730940829
115924742704371	115924756879631	115924742647600
115924751119840	115924765216974	115924751069996
115924761394840	115924773553172	115924761331038
115924776307600	115924790224684	115924776246871
115924819932548	115924831892964	115924819813590
115924826903069	115924840223225	115924826852027
115924836572392	115924848554162	115924836508486
115924856593486	115924873548277	115924856521871
115924871507444	115924890216298	115924871431819
115924881909058	115924898549579	115924881832548
115924922010829	9223372036854775807	115924921922236

=== poll 1790360441.368378591
8333333
115922752900361	115922765143851	115922752827028
115922762864736	115922773478851	115922762800205
115922777908330	115922790149111	115922777852653
115922793071455	115922806821454	115922792992393
115922813014997	115922831828902	115922812936143
115922818006872	115922840164372	115922817963486
115922838454528	115922856833017	115922838405361
115922843304007	115922865168486	115922843267653
115922863560518	115922881837965	115922863514424
115922868132601	115922890174267	115922868092653
115922913021663	115922931843069	115922912932288
115922918068747	115922940177445	115922918007965
115922928628643	115922948511246	115922928556611
115922943270778	115922956846299	115922943203695
115922962903955	115922973516767	115922962840257
115922978136351	115922990183486	115922978070361
115922988297132	115923006853381	115922988241038
115923018074163	115923031854996	115923017969163
115923028268486	115923040189840	115923028198851
115923042999320	115923056857757	115923042922236
115923129406403	115923140193955	115923129311299
115923143195830	115923156861038	115923143119163
115923242553903	115923256853746	115923242418955
115923251667497	115923265186767	115923251606455
115923349668122	115923365189684	115923349561767
115923353375361	115923373523746	115923353320778
115923367641507	115923381858225	115923367572757
115923474315934	115923490193694	115923474196455
115923478135882	115923498526767	115923478036194
115923484427965	115923506859840	115923484375830
115923584550621	115923598517340	115923584438851
115923586320569	115923606852496	115923586256194
115923592834892	115923615187860	115923592766611
115923699073226	115923715184684	115923698944111
115923701209684	115923723519007	115923701151715
115923710078121	115923731852080	115923710026246
115923824360048	115923840185412	115923824190569
115923926996976	115923940177184	115923926860569
115923929235517	115923948511975	115923929162080
115924033199944	115924048491975	115924033108382
115924042725778	115924056824892	115924042660673
115924156885100	115924173486871	115924156800153
115924257917184	115924273494996	115924257808642
115924262390986	115924281827704	115924262311923
115924267688746	115924290162757	115924267636559
115924368245777	115924381830725	115924368138069
115924371250465	115924390163954	115924371192027
115924377190100	115924398498849	115924377119267
115924482505829	115924498511298	115924482402079
115924486204579	115924506846558	115924486135100
115924492680465	115924515181193	115924492617704
115924595765257	115924606858693	115924595682184
115924601096975	115924615192652	115924601034840
115924716743746	115924731870256	115924716623329
115924718340152	115924740206193	115924718288902
115924731010569	115924748542496	115924730940829
115924742704371	115924756879631	115924742647600
115924751119840	115924765216974	115924751069996
115924761394840	115924773553172	115924761331038
115924776307600	115924790224684	115924776246871
115924819932548	115924831892964	115924819813590
115924826903069	115924840223225	115924826852027
115924836572392	115924848554162	115924836508486
115924856593486	115924873548277	115924856521871
115924871507444	115924890216298	115924871431819
115924881909058	115924898549579	115924881832548
115924922010829	115924940212704	115924921922236
115924926877340	115924948546245	115924926812652
115924946930986	115924965213329	115924946857444
115924962149006	115924973548017	115924962084579
115924971813850	115924990218381	115924971727079
115924984828850	115924998553381	115924984758277
115925042915100	115925056891350	115925042822131
115925127696871	115925140241349	115925127598538
115925137687340	115925148573120	115925137626194
115925151125829	115925165242131	115925151065881
115925266135725	115925281914527	115925265968850
115925352972860	115925365245256	115925352891923
115925367718381	115925381913329	115925367657912
115925492061298	115925506933276	115925491885204
115925493970100	115925515268693	115925493924267
115925590797756	115925606941923	115925590693017
115925592721714	115925615277599	115925592660933
115925693856558	115925706972183	115925693795360
115925701049058	115925715308484	115925701002392
115925804626141	115925815334995	115925804557027
115925812375256	115925823672182	115925812325516
115925928834579	115925940358120	115925928783902
115926038566714	115926057067704	115926038497600
115926045045152	115926065403536	115926045010673
115926151820204	115926165427390	115926151754631
115926261480725	115926273772807	115926261364579
115926263092391	115926282104838	115926263033798
115926276286193	115926290437547	115926276234839
115926383034318	115926398766088	115926382930464
115926384767027	115926407098432	115926384689422
115926490949162	115926507066506	115926490841350
115926493599318	115926515398901	115926493552027
115926501358433	115926523729891	115926501305516
115926591129318	115926607037651	115926591022183
115926595613485	115926615370047	115926595524162
115926601267912	115926623703172	115926601230777
115926715959422	115926732024526	115926715847547
115926719423589	115926740357131	115926719364162
115926726112756	115926748689369	115926726068745
115926753060308	115926765355412	115926752986610
115926763005256	115926773689109	115926762888537
115926778255099	115926790354318	115926778182391
115926813259943	115926832016193	115926813186193
115926818417339	115926840351037	115926818327651
115926838462495	115926857020724	115926838390881
115926853667756	115926865354891	115926853606974
115926863214943	115926882021036	115926863160724
115926878572183	115926890355880	115926878509370
115926918773433	115926932029057	115926918689787
115926938354891	115926957030359	115926938280360
115926953559474	115926965362130	115926953490151
115926968186349	115926982028432	115926968122235
115926978581401	115926990360776	115926978527235
115927018431401	115927032024526	115927018341193
115927028381662	115927040358120	115927028323745
115927034583641	115927048690880	115927034536610
115927136448641	115927148698224	115927136357235
115927144239006	115927157030776	115927144172391
115927151120828	115927165364838	115927151082860
115927240723380	115927257028849	115927240630203
115927251264058	115927265360880	115927251195516

=== poll 1790360443.638958538
8333333
115924492680465	115924515181193	115924492617704
115924595765257	115924606858693	115924595682184
115924601096975	115924615192652	115924601034840
115924716743746	115924731870256	115924716623329
115924718340152	115924740206193	115924718288902
115924731010569	115924748542496	115924730940829
115924742704371	115924756879631	115924742647600
115924751119840	115924765216974	115924751069996
115924761394840	115924773553172	115924761331038
115924776307600	115924790224684	115924776246871
115924819932548	115924831892964	115924819813590
115924826903069	115924840223225	115924826852027
115924836572392	115924848554162	115924836508486
115924856593486	115924873548277	115924856521871
115924871507444	115924890216298	115924871431819
115924881909058	115924898549579	115924881832548
115924922010829	115924940212704	115924921922236
115924926877340	115924948546245	115924926812652
115924946930986	115924965213329	115924946857444
115924962149006	115924973548017	115924962084579
115924971813850	115924990218381	115924971727079
115924984828850	115924998553381	115924984758277
115925042915100	115925056891350	115925042822131
115925127696871	115925140241349	115925127598538
115925137687340	115925148573120	115925137626194
115925151125829	115925165242131	115925151065881
115925266135725	115925281914527	115925265968850
115925352972860	115925365245256	115925352891923
115925367718381	115925381913329	115925367657912
115925492061298	115925506933276	115925491885204
115925493970100	115925515268693	115925493924267
115925590797756	115925606941923	115925590693017
115925592721714	115925615277599	115925592660933
115925693856558	115925706972183	115925693795360
115925701049058	115925715308484	115925701002392
115925804626141	115925815334995	115925804557027
115925812375256	115925823672182	115925812325516
115925928834579	115925940358120	115925928783902
115926038566714	115926057067704	115926038497600
115926045045152	115926065403536	115926045010673
115926151820204	115926165427390	115926151754631
115926261480725	115926273772807	115926261364579
115926263092391	115926282104838	115926263033798
115926276286193	115926290437547	115926276234839
115926383034318	115926398766088	115926382930464
115926384767027	115926407098432	115926384689422
115926490949162	115926507066506	115926490841350
115926493599318	115926515398901	115926493552027
115926501358433	115926523729891	115926501305516
115926591129318	115926607037651	115926591022183
115926595613485	115926615370047	115926595524162
115926601267912	115926623703172	115926601230777
115926715959422	115926732024526	115926715847547
115926719423589	115926740357131	115926719364162
115926726112756	115926748689369	115926726068745
115926753060308	115926765355412	115926752986610
115926763005256	115926773689109	115926762888537
115926778255099	115926790354318	115926778182391
115926813259943	115926832016193	115926813186193
115926818417339	115926840351037	115926818327651
115926838462495	115926857020724	115926838390881
115926853667756	115926865354891	115926853606974
115926863214943	115926882021036	115926863160724
115926878572183	115926890355880	115926878509370
115926918773433	115926932029057	115926918689787
115926938354891	115926957030359	115926938280360
115926953559474	115926965362130	115926953490151
115926968186349	115926982028432	115926968122235
115926978581401	115926990360776	115926978527235
115927018431401	115927032024526	115927018341193
115927028381662	115927040358120	115927028323745
115927034583641	115927048690880	115927034536610
115927136448641	115927148698224	115927136357235
115927144239006	115927157030776	115927144172391
115927151120828	115927165364838	115927151082860
115927240723380	115927257028849	115927240630203
115927251264058	115927265360880	115927251195516
115927368297391	115927382004578	115927368175255
115927370360412	115927390335620	115927370308328
115927482708328	115927498642963	115927482543745
115927589480932	115927606974005	115927589404266
115927699899578	115927715306973	115927699805412
115927701407391	115927723641609	115927701366401
115927811688068	115927823662599	115927811568484
115927813157130	115927831997129	115927813116193
115927932616609	115927948664525	115927932496609
115928036689422	115928048683171	115928036585516
115928042791036	115928057018171	115928042736870
115928149820724	115928165357651	115928149725672
115928151477495	115928173694370	115928151400516
115928267642963	115928282033640	115928267534161
115928269237755	115928290368328	115928269182807
115928374760880	115928390373224	115928374636140
115928376350776	115928398706400	115928376312963
115928485702807	115928498710620	115928485602859
115928496780151	115928515374473	115928496735515
115928593172755	115928607036401	115928593045984
115928594657338	115928615368535	115928594619630
115928601025203	115928623700098	115928600991192
115928710431765	115928723681609	115928710341765
115928719472911	115928732014057	115928719432182
115928738796765	115928757011921	115928738743484
115928753744474	115928765345514	115928753694213
115928763909422	115928782016974	115928763872599
115928778501661	115928790353900	115928778455151
115928813827234	115928832033744	115928813760255
115928819031088	115928840369161	115928818990359
115928838634057	115928857037598	115928838589369
115928845264474	115928865373431	115928845228953
115928864044057	115928882042911	115928863979682
115928878743224	115928890377651	115928878679994
115928893996505	115928907045984	115928893914422
115928920896765	115928932049630	115928920815463
115928938620255	115928957052181	115928938567234
115928953784213	115928965386244	115928953729682
115928964147078	115928982053900	115928964107338
115928978779682	115928990388848	115928978730724
115928998446453	115929015386713	115928998391713
115929026923224	115929040385098	115929026857859
115929042998484	115929057051504	115929042953119
115929136556036	115929148717494	115929136451661
115929143202651	115929157051817	115929143152182
115929252611348	115929265400827	115929252517442
115929259528536	115929273736557	115929259480151
115929359636505	115929373756504	115929359542494
115929368554942	115929382090879	115929368508953
115929482501192	115929498759005	115929482392286

=== poll 1790360445.899180256
8333333
115926763005256	115926773689109	115926762888537
115926778255099	115926790354318	115926778182391
115926813259943	115926832016193	115926813186193
115926818417339	115926840351037	115926818327651
115926838462495	115926857020724	115926838390881
115926853667756	115926865354891	115926853606974
115926863214943	115926882021036	115926863160724
115926878572183	115926890355880	115926878509370
115926918773433	115926932029057	115926918689787
115926938354891	115926957030359	115926938280360
115926953559474	115926965362130	115926953490151
115926968186349	115926982028432	115926968122235
115926978581401	115926990360776	115926978527235
115927018431401	115927032024526	115927018341193
115927028381662	115927040358120	115927028323745
115927034583641	115927048690880	115927034536610
115927136448641	115927148698224	115927136357235
115927144239006	115927157030776	115927144172391
115927151120828	115927165364838	115927151082860
115927240723380	115927257028849	115927240630203
115927251264058	115927265360880	115927251195516
115927368297391	115927382004578	115927368175255
115927370360412	115927390335620	115927370308328
115927482708328	115927498642963	115927482543745
115927589480932	115927606974005	115927589404266
115927699899578	115927715306973	115927699805412
115927701407391	115927723641609	115927701366401
115927811688068	115927823662599	115927811568484
115927813157130	115927831997129	115927813116193
115927932616609	115927948664525	115927932496609
115928036689422	115928048683171	115928036585516
115928042791036	115928057018171	115928042736870
115928149820724	115928165357651	115928149725672
115928151477495	115928173694370	115928151400516
115928267642963	115928282033640	115928267534161
115928269237755	115928290368328	115928269182807
115928374760880	115928390373224	115928374636140
115928376350776	115928398706400	115928376312963
115928485702807	115928498710620	115928485602859
115928496780151	115928515374473	115928496735515
115928593172755	115928607036401	115928593045984
115928594657338	115928615368535	115928594619630
115928601025203	115928623700098	115928600991192
115928710431765	115928723681609	115928710341765
115928719472911	115928732014057	115928719432182
115928738796765	115928757011921	115928738743484
115928753744474	115928765345514	115928753694213
115928763909422	115928782016974	115928763872599
115928778501661	115928790353900	115928778455151
115928813827234	115928832033744	115928813760255
115928819031088	115928840369161	115928818990359
115928838634057	115928857037598	115928838589369
115928845264474	115928865373431	115928845228953
115928864044057	115928882042911	115928863979682
115928878743224	115928890377651	115928878679994
115928893996505	115928907045984	115928893914422
115928920896765	115928932049630	115928920815463
115928938620255	115928957052181	115928938567234
115928953784213	115928965386244	115928953729682
115928964147078	115928982053900	115928964107338
115928978779682	115928990388848	115928978730724
115928998446453	115929015386713	115928998391713
115929026923224	115929040385098	115929026857859
115929042998484	115929057051504	115929042953119
115929136556036	115929148717494	115929136451661
115929143202651	115929157051817	115929143152182
115929252611348	115929265400827	115929252517442
115929259528536	115929273736557	115929259480151
115929359636505	115929373756504	115929359542494
115929368554942	115929382090879	115929368508953
115929482501192	115929498759005	115929482392286
115929592281036	115929607103692	115929592163640
115929593764786	115929615438275	115929593725880
115929700351452	115929715447702	115929700207025
115929701897598	115929723782077	115929701841713
115929709408640	115929732114733	115929709372702
115929810031661	115929823792181	115929809896348
115929811469577	115929832126712	115929811423327
115929916410671	115929932137806	115929916275254
115929918103848	115929940471244	115929918063692
115930032592598	115930048795931	115930032475307
115930034293119	115930057130670	115930034254213
115930120559421	115930132133743	115930120461036
115930134935359	115930148804368	115930134864577
115930142939421	115930157138692	115930142890723
115930257593536	115930273817910	115930257476140
115930366006713	115930382163326	115930365862963
115930367576244	115930390498431	115930367539629
115930483248431	115930498851921	115930483122754
115930484722077	115930507188327	115930484681713
115930609151035	115930623862129	115930609014108
115930611245671	115930632195046	115930611178692
115930717009213	115930732201660	115930716900515
115930718542546	115930740537441	115930718500150
115930728335931	115930748872806	115930728258015
115930739563067	115930757208170	115930739492181
115930764952702	115930782210827	115930764888952
115930769738692	115930790546920	115930769689421
115930784785202	115930798881816	115930784726817
115930829922754	115930848889421	115930829799733
115930839748015	115930857224056	115930839686348
115930844905254	115930865559056	115930844868119
115930864854681	115930882225306	115930864785671
115930869119108	115930890558743	115930869055410
115930889272181	115930907224733	115930889106608
115930929581556	115930940558379	115930929481035
115930944694212	115930957224681	115930944607806
115930964355306	115930982221764	115930964287962
115930969682181	115930990553327	115930969597962
115930985170046	115930998883899	115930985075306
115931043474473	115931057202389	115931043376348
115931060063639	115931073867181	115931059969473
115931158208431	115931173838378	115931158094577
115931161660775	115931182169837	115931161609264
115931167981452	115931190502650	115931167950514
115931282722650	115931298837129	115931282588275
115931390745358	115931407170618	115931390641243
115931392914421	115931415504576	115931392843014
115931499713223	115931515496086	115931499574941
115931502278379	115931523826660	115931502226087
115931513647285	115931532157806	115931513599941
115931616299473	115931632147493	115931616205879
115931617966764	115931640481556	115931617935827
115931626683535	115931648815878	115931626637025
115931724176660	115931740496191	115931724096556
115931827991191	115931840501295	115931827871764
115931834534629	115931848834940	115931834488431

=== poll 1790360448.146207546
8333333
115928593172755	115928607036401	115928593045984
115928594657338	115928615368535	115928594619630
115928601025203	115928623700098	115928600991192
115928710431765	115928723681609	115928710341765
115928719472911	115928732014057	115928719432182
115928738796765	115928757011921	115928738743484
115928753744474	115928765345514	115928753694213
115928763909422	115928782016974	115928763872599
115928778501661	115928790353900	115928778455151
115928813827234	115928832033744	115928813760255
115928819031088	115928840369161	115928818990359
115928838634057	115928857037598	115928838589369
115928845264474	115928865373431	115928845228953
115928864044057	115928882042911	115928863979682
115928878743224	115928890377651	115928878679994
115928893996505	115928907045984	115928893914422
115928920896765	115928932049630	115928920815463
115928938620255	115928957052181	115928938567234
115928953784213	115928965386244	115928953729682
115928964147078	115928982053900	115928964107338
115928978779682	115928990388848	115928978730724
115928998446453	115929015386713	115928998391713
115929026923224	115929040385098	115929026857859
115929042998484	115929057051504	115929042953119
115929136556036	115929148717494	115929136451661
115929143202651	115929157051817	115929143152182
115929252611348	115929265400827	115929252517442
115929259528536	115929273736557	115929259480151
115929359636505	115929373756504	115929359542494
115929368554942	115929382090879	115929368508953
115929482501192	115929498759005	115929482392286
115929592281036	115929607103692	115929592163640
115929593764786	115929615438275	115929593725880
115929700351452	115929715447702	115929700207025
115929701897598	115929723782077	115929701841713
115929709408640	115929732114733	115929709372702
115929810031661	115929823792181	115929809896348
115929811469577	115929832126712	115929811423327
115929916410671	115929932137806	115929916275254
115929918103848	115929940471244	115929918063692
115930032592598	115930048795931	115930032475307
115930034293119	115930057130670	115930034254213
115930120559421	115930132133743	115930120461036
115930134935359	115930148804368	115930134864577
115930142939421	115930157138692	115930142890723
115930257593536	115930273817910	115930257476140
115930366006713	115930382163326	115930365862963
115930367576244	115930390498431	115930367539629
115930483248431	115930498851921	115930483122754
115930484722077	115930507188327	115930484681713
115930609151035	115930623862129	115930609014108
115930611245671	115930632195046	115930611178692
115930717009213	115930732201660	115930716900515
115930718542546	115930740537441	115930718500150
115930728335931	115930748872806	115930728258015
115930739563067	115930757208170	115930739492181
115930764952702	115930782210827	115930764888952
115930769738692	115930790546920	115930769689421
115930784785202	115930798881816	115930784726817
115930829922754	115930848889421	115930829799733
115930839748015	115930857224056	115930839686348
115930844905254	115930865559056	115930844868119
115930864854681	115930882225306	115930864785671
115930869119108	115930890558743	115930869055410
115930889272181	115930907224733	115930889106608
115930929581556	115930940558379	115930929481035
115930944694212	115930957224681	115930944607806
115930964355306	115930982221764	115930964287962
115930969682181	115930990553327	115930969597962
115930985170046	115930998883899	115930985075306
115931043474473	115931057202389	115931043376348
115931060063639	115931073867181	115931059969473
115931158208431	115931173838378	115931158094577
115931161660775	115931182169837	115931161609264
115931167981452	115931190502650	115931167950514
115931282722650	115931298837129	115931282588275
115931390745358	115931407170618	115931390641243
115931392914421	115931415504576	115931392843014
115931499713223	115931515496086	115931499574941
115931502278379	115931523826660	115931502226087
115931513647285	115931532157806	115931513599941
115931616299473	115931632147493	115931616205879
115931617966764	115931640481556	115931617935827
115931626683535	115931648815878	115931626637025
115931724176660	115931740496191	115931724096556
115931827991191	115931840501295	115931827871764
115931834534629	115931848834940	115931834488431
115931949484941	115931965519264	115931949377025
115932043848327	115932057195670	115932043754004
115932051234681	115932065532232	115932051172024
115932160808691	115932173884940	115932160677493
115932162524368	115932182219629	115932162460462
115932274696920	115932290564628	115932274556816
115932382841920	115932398927284	115932382725410
115932384436764	115932407262388	115932384359837
115932468455306	115932482282753	115932468361191
115932476840931	115932490617128	115932476782962
115932484572337	115932498952492	115932484532233
115932607367389	115932623964680	115932607260722
115932708175462	115932723982648	115932708067233
115932710412337	115932732317284	115932710368795
115932717977805	115932740653014	115932717933847
115932811547076	115932823997493	115932811456972
115932819626608	115932832333482	115932819575358
115932826344524	115932840667648	115932826306920
115932932510357	115932949009316	115932932413066
115933033263066	115933049002857	115933033134993
115933034888066	115933057334784	115933034843430
115933142800462	115933157332075	115933142702024
115933144303274	115933165664940	115933144251868
115933266264889	115933282286607	115933266126764
115933375493014	115933390607961	115933375400201
115933376981607	115933398940357	115933376946764
115933478393222	115933490583534	115933478274316
115933479964003	115933498914575	115933479890409
115933484904889	115933507246503	115933484848743
115933577368326	115933590571763	115933577286920
115933584572232	115933598904940	115933584524263
115933707996555	115933723876399	115933707858951
115933709797545	115933732208117	115933709731816
115933718754472	115933740539055	115933718681659
115933807928170	115933823852440	115933807759888
115933919467284	115933932162335	115933919340409
115933921176347	115933940495878	115933921088378
115933927189784	115933948828221	115933927118951
115934026922180	115934040471815	115934026823378
115934028378586	115934048804576	115934028348795

=== poll 1790360450.419746243
8333333
115929916410671	115929932137806	115929916275254
115929918103848	115929940471244	115929918063692
115930032592598	115930048795931	115930032475307
115930034293119	115930057130670	115930034254213
115930120559421	115930132133743	115930120461036
115930134935359	115930148804368	115930134864577
115930142939421	115930157138692	115930142890723
115930257593536	115930273817910	115930257476140
115930366006713	115930382163326	115930365862963
115930367576244	115930390498431	115930367539629
115930483248431	115930498851921	115930483122754
115930484722077	115930507188327	115930484681713
115930609151035	115930623862129	115930609014108
115930611245671	115930632195046	115930611178692
115930717009213	115930732201660	115930716900515
115930718542546	115930740537441	115930718500150
115930728335931	115930748872806	115930728258015
115930739563067	115930757208170	115930739492181
115930764952702	115930782210827	115930764888952
115930769738692	115930790546920	115930769689421
115930784785202	115930798881816	115930784726817
115930829922754	115930848889421	115930829799733
115930839748015	115930857224056	115930839686348
115930844905254	115930865559056	115930844868119
115930864854681	115930882225306	115930864785671
115930869119108	115930890558743	115930869055410
115930889272181	115930907224733	115930889106608
115930929581556	115930940558379	115930929481035
115930944694212	115930957224681	115930944607806
115930964355306	115930982221764	115930964287962
115930969682181	115930990553327	115930969597962
115930985170046	115930998883899	115930985075306
115931043474473	115931057202389	115931043376348
115931060063639	115931073867181	115931059969473
115931158208431	115931173838378	115931158094577
115931161660775	115931182169837	115931161609264
115931167981452	115931190502650	115931167950514
115931282722650	115931298837129	115931282588275
115931390745358	115931407170618	115931390641243
115931392914421	115931415504576	115931392843014
115931499713223	115931515496086	115931499574941
115931502278379	115931523826660	115931502226087
115931513647285	115931532157806	115931513599941
115931616299473	115931632147493	115931616205879
115931617966764	115931640481556	115931617935827
115931626683535	115931648815878	115931626637025
115931724176660	115931740496191	115931724096556
115931827991191	115931840501295	115931827871764
115931834534629	115931848834940	115931834488431
115931949484941	115931965519264	115931949377025
115932043848327	115932057195670	115932043754004
115932051234681	115932065532232	115932051172024
115932160808691	115932173884940	115932160677493
115932162524368	115932182219629	115932162460462
115932274696920	115932290564628	115932274556816
115932382841920	115932398927284	115932382725410
115932384436764	115932407262388	115932384359837
115932468455306	115932482282753	115932468361191
115932476840931	115932490617128	115932476782962
115932484572337	115932498952492	115932484532233
115932607367389	115932623964680	115932607260722
115932708175462	115932723982648	115932708067233
115932710412337	115932732317284	115932710368795
115932717977805	115932740653014	115932717933847
115932811547076	115932823997493	115932811456972
115932819626608	115932832333482	115932819575358
115932826344524	115932840667648	115932826306920
115932932510357	115932949009316	115932932413066
115933033263066	115933049002857	115933033134993
115933034888066	115933057334784	115933034843430
115933142800462	115933157332075	115933142702024
115933144303274	115933165664940	115933144251868
115933266264889	115933282286607	115933266126764
115933375493014	115933390607961	115933375400201
115933376981607	115933398940357	115933376946764
115933478393222	115933490583534	115933478274316
115933479964003	115933498914575	115933479890409
115933484904889	115933507246503	115933484848743
115933577368326	115933590571763	115933577286920
115933584572232	115933598904940	115933584524263
115933707996555	115933723876399	115933707858951
115933709797545	115933732208117	115933709731816
115933718754472	115933740539055	115933718681659
115933807928170	115933823852440	115933807759888
115933919467284	115933932162335	115933919340409
115933921176347	115933940495878	115933921088378
115933927189784	115933948828221	115933927118951
115934026922180	115934040471815	115934026823378
115934028378586	115934048804576	115934028348795
115934140057076	115934157145982	115934139913013
115934247998638	115934265487179	115934247885982
115934357168013	115934373838950	115934357083794
115934473490096	115934490503690	115934473362440
115934575043013	115934590520252	115934574737961
115934576608378	115934598853638	115934576553013
115934677390669	115934690517492	115934677267492
115934684775044	115934698852283	115934684694367
115934692976815	115934707187596	115934692940513
115934799203221	115934815535825	115934799094471
115934801504107	115934823867752	115934801439107
115934907579888	115934923878846	115934907465200
115935017406086	115935032214575	115935017268898
115935018976086	115935040545356	115935018884419
115935132970513	115935148889210	115935132829367
115935226706242	115935240545929	115935226592596
115935228256294	115935248881554	115935228205305
115935236570669	115935257216607	115935236526815
115935349088429	115935365551033	115935348998742
115935457844627	115935473906137	115935457730252
115935459699159	115935482239731	115935459599263
115935569941971	115935582251138	115935569837648
115935571588221	115935590585096	115935571529731
115935576563221	115935598919263	115935576491086
115935677215148	115935690594106	115935677094367
115935678627648	115935698930981	115935678586554
115935693260252	115935707266554	115935693200929
115935782889627	115935798949783	115935782804679
115935891141294	115935907296085	115935891035461
115935942849002	115935957297543	115935893247804
115935993932492	115936007291241	115935993822440
115936042914523	115936057292231	115936001689263
115936103410408	115936115623116	115936103328481
115936151263638	115936165628273	115936110096242
115936210283794	115936223948533	115936210189262
115936259543690	115936273934731	115936218381919
115936318455252	115936332254991	115936318352804
115936367879054	115936382243845	115936326678898

=== poll 1790360452.702008170
8333333
115931282722650	115931298837129	115931282588275
115931390745358	115931407170618	115931390641243
115931392914421	115931415504576	115931392843014
115931499713223	115931515496086	115931499574941
115931502278379	115931523826660	115931502226087
115931513647285	115931532157806	115931513599941
115931616299473	115931632147493	115931616205879
115931617966764	115931640481556	115931617935827
115931626683535	115931648815878	115931626637025
115931724176660	115931740496191	115931724096556
115931827991191	115931840501295	115931827871764
115931834534629	115931848834940	115931834488431
115931949484941	115931965519264	115931949377025
115932043848327	115932057195670	115932043754004
115932051234681	115932065532232	115932051172024
115932160808691	115932173884940	115932160677493
115932162524368	115932182219629	115932162460462
115932274696920	115932290564628	115932274556816
115932382841920	115932398927284	115932382725410
115932384436764	115932407262388	115932384359837
115932468455306	115932482282753	115932468361191
115932476840931	115932490617128	115932476782962
115932484572337	115932498952492	115932484532233
115932607367389	115932623964680	115932607260722
115932708175462	115932723982648	115932708067233
115932710412337	115932732317284	115932710368795
115932717977805	115932740653014	115932717933847
115932811547076	115932823997493	115932811456972
115932819626608	115932832333482	115932819575358
115932826344524	115932840667648	115932826306920
115932932510357	115932949009316	115932932413066
115933033263066	115933049002857	115933033134993
115933034888066	115933057334784	115933034843430
115933142800462	115933157332075	115933142702024
115933144303274	115933165664940	115933144251868
115933266264889	115933282286607	115933266126764
115933375493014	115933390607961	115933375400201
115933376981607	115933398940357	115933376946764
115933478393222	115933490583534	115933478274316
115933479964003	115933498914575	115933479890409
115933484904889	115933507246503	115933484848743
115933577368326	115933590571763	115933577286920
115933584572232	115933598904940	115933584524263
115933707996555	115933723876399	115933707858951
115933709797545	115933732208117	115933709731816
115933718754472	115933740539055	115933718681659
115933807928170	115933823852440	115933807759888
115933919467284	115933932162335	115933919340409
115933921176347	115933940495878	115933921088378
115933927189784	115933948828221	115933927118951
115934026922180	115934040471815	115934026823378
115934028378586	115934048804576	115934028348795
115934140057076	115934157145982	115934139913013
115934247998638	115934265487179	115934247885982
115934357168013	115934373838950	115934357083794
115934473490096	115934490503690	115934473362440
115934575043013	115934590520252	115934574737961
115934576608378	115934598853638	115934576553013
115934677390669	115934690517492	115934677267492
115934684775044	115934698852283	115934684694367
115934692976815	115934707187596	115934692940513
115934799203221	115934815535825	115934799094471
115934801504107	115934823867752	115934801439107
115934907579888	115934923878846	115934907465200
115935017406086	115935032214575	115935017268898
115935018976086	115935040545356	115935018884419
115935132970513	115935148889210	115935132829367
115935226706242	115935240545929	115935226592596
115935228256294	115935248881554	115935228205305
115935236570669	115935257216607	115935236526815
115935349088429	115935365551033	115935348998742
115935457844627	115935473906137	115935457730252
115935459699159	115935482239731	115935459599263
115935569941971	115935582251138	115935569837648
115935571588221	115935590585096	115935571529731
115935576563221	115935598919263	115935576491086
115935677215148	115935690594106	115935677094367
115935678627648	115935698930981	115935678586554
115935693260252	115935707266554	115935693200929
115935782889627	115935798949783	115935782804679
115935891141294	115935907296085	115935891035461
115935942849002	115935957297543	115935893247804
115935993932492	115936007291241	115935993822440
115936042914523	115936057292231	115936001689263
115936103410408	115936115623116	115936103328481
115936151263638	115936165628273	115936110096242
115936210283794	115936223948533	115936210189262
115936259543690	115936273934731	115936218381919
115936318455252	115936332254991	115936318352804
115936367879054	115936382243845	115936326678898
115936418769210	115936432231919	115936418670096
115936426461294	115936440563376	115936426406867
115936549818325	115936565548376	115936549712908
115936551342700	115936573880148	115936551302179
115936649663064	115936665516814	115936649485669
115936693092231	115936707174939	115936693012179
115936751414262	115936765493741	115936751302960
115936861193689	115936873813064	115936861093012
115936868615825	115936882147022	115936868542439
115936975087908	115936990446345	115936974962179
115936976687023	115936998778324	115936976634887
115937087358012	115937098764365	115937087252335
115937088938429	115937107099887	115937088871241
115937092670252	115937115433897	115937092635304
115937198833950	115937215406918	115937198744991
115937314706606	115937332052074	115937314631397
115937418161241	115937432035355	115937418064575
115937419641137	115937440368064	115937419601554
115937532615668	115937548697855	115937532482752
115937534146762	115937557033168	115937534108220
115937649191449	115937665358949	115937649029627
115937693578637	115937707029730	115937693491606
115937753338012	115937765374887	115937753206137
115937759529626	115937773710459	115937759473637
115937857395199	115937873741397	115937857304418
115937868873845	115937882078272	115937868812960
115937979208533	115937990435199	115937979095095
115937984569835	115937998769105	115937984495199
115938100161501	115938115425355	115938099941501
115938206592283	115938223763063	115938206477908
115938209477387	115938232096813	115938209410408
115938325652543	115938340436240	115938325534053
115938327343793	115938348771865	115938327247699
115938433739418	115938448771084	115938433624678
115938435194157	115938457104261	115938435166085
115938541065147	115938557091709	115938540930876
115938542845043	115938565425615	115938542809157

=== poll 1790360454.972149575
8333333
115933478393222	115933490583534	115933478274316
115933479964003	115933498914575	115933479890409
115933484904889	115933507246503	115933484848743
115933577368326	115933590571763	115933577286920
115933584572232	115933598904940	115933584524263
115933707996555	115933723876399	115933707858951
115933709797545	115933732208117	115933709731816
115933718754472	115933740539055	115933718681659
115933807928170	115933823852440	115933807759888
115933919467284	115933932162335	115933919340409
115933921176347	115933940495878	115933921088378
115933927189784	115933948828221	115933927118951
115934026922180	115934040471815	115934026823378
115934028378586	115934048804576	115934028348795
115934140057076	115934157145982	115934139913013
115934247998638	115934265487179	115934247885982
115934357168013	115934373838950	115934357083794
115934473490096	115934490503690	115934473362440
115934575043013	115934590520252	115934574737961
115934576608378	115934598853638	115934576553013
115934677390669	115934690517492	115934677267492
115934684775044	115934698852283	115934684694367
115934692976815	115934707187596	115934692940513
115934799203221	115934815535825	115934799094471
115934801504107	115934823867752	115934801439107
115934907579888	115934923878846	115934907465200
115935017406086	115935032214575	115935017268898
115935018976086	115935040545356	115935018884419
115935132970513	115935148889210	115935132829367
115935226706242	115935240545929	115935226592596
115935228256294	115935248881554	115935228205305
115935236570669	115935257216607	115935236526815
115935349088429	115935365551033	115935348998742
115935457844627	115935473906137	115935457730252
115935459699159	115935482239731	115935459599263
115935569941971	115935582251138	115935569837648
115935571588221	115935590585096	115935571529731
115935576563221	115935598919263	115935576491086
115935677215148	115935690594106	115935677094367
115935678627648	115935698930981	115935678586554
115935693260252	115935707266554	115935693200929
115935782889627	115935798949783	115935782804679
115935891141294	115935907296085	115935891035461
115935942849002	115935957297543	115935893247804
115935993932492	115936007291241	115935993822440
115936042914523	115936057292231	115936001689263
115936103410408	115936115623116	115936103328481
115936151263638	115936165628273	115936110096242
115936210283794	115936223948533	115936210189262
115936259543690	115936273934731	115936218381919
115936318455252	115936332254991	115936318352804
115936367879054	115936382243845	115936326678898
115936418769210	115936432231919	115936418670096
115936426461294	115936440563376	115936426406867
115936549818325	115936565548376	115936549712908
115936551342700	115936573880148	115936551302179
115936649663064	115936665516814	115936649485669
115936693092231	115936707174939	115936693012179
115936751414262	115936765493741	115936751302960
115936861193689	115936873813064	115936861093012
115936868615825	115936882147022	115936868542439
115936975087908	115936990446345	115936974962179
115936976687023	115936998778324	115936976634887
115937087358012	115937098764365	115937087252335
115937088938429	115937107099887	115937088871241
115937092670252	115937115433897	115937092635304
115937198833950	115937215406918	115937198744991
115937314706606	115937332052074	115937314631397
115937418161241	115937432035355	115937418064575
115937419641137	115937440368064	115937419601554
115937532615668	115937548697855	115937532482752
115937534146762	115937557033168	115937534108220
115937649191449	115937665358949	115937649029627
115937693578637	115937707029730	115937693491606
115937753338012	115937765374887	115937753206137
115937759529626	115937773710459	115937759473637
115937857395199	115937873741397	115937857304418
115937868873845	115937882078272	115937868812960
115937979208533	115937990435199	115937979095095
115937984569835	115937998769105	115937984495199
115938100161501	115938115425355	115938099941501
115938206592283	115938223763063	115938206477908
115938209477387	115938232096813	115938209410408
115938325652543	115938340436240	115938325534053
115938327343793	115938348771865	115938327247699
115938433739418	115938448771084	115938433624678
115938435194157	115938457104261	115938435166085
115938541065147	115938557091709	115938540930876
115938542845043	115938565425615	115938542809157
115938661647230	115938673758376	115938661523845
115938663161762	115938682093636	115938663102959
115938667936084	115938690426501	115938667884262
115938693244887	115938707095147	115938693149105
115938769966605	115938782095667	115938769883376
115938817766449	115938832099521	115938776587439
115938884878480	115938907100043	115938884745876
115938994096189	115939007100407	115938993977647
115939042822699	115939057105459	115939001591293
115939093317282	115939107109313	115939093234470
115939142714001	115939157107074	115939101206501
115939219424001	115939232120250	115939219186084
115939267695459	115939282125771	115939228583532
115939326469730	115939340466292	115939326387803
115939441189105	115939457143532	115939441044626
115939443478897	115939465476761	115939443433376
115939557344834	115939573820459	115939557254365
115939666870303	115939682168375	115939666748532
115939668627803	115939690500667	115939668575303
115939693223219	115939707167802	115939693159834
115939776500303	115939790515875	115939776414522
115939900566397	115939915544729	115939900413792
115940006856761	115940023908948	115940006748011
115940108962126	115940123911031	115940108859053
115940110395615	115940132244208	115940110366813
115940212585823	115940223911448	115940212474886
115940218012959	115940232245042	115940217966188
115940326890042	115940340606709	115940326781501
115940328355511	115940348943115	115940328304053
115940450449105	115940465631136	115940450243948
115940548948688	115940565630146	115940548869678
115940657042490	115940673946552	115940656915094
115940659799521	115940682281760	115940659740875
115940693297334	115940707289729	115940693221084
115940744230667	115940757301812	115940744158271
115940751202959	115940765637177	115940751163584
115940874991761	115940890662073	115940874876709
115940876736604	115940898997386	115940876659157

=== poll 1790360457.246782126
8333333
115935569941971	115935582251138	115935569837648
115935571588221	115935590585096	115935571529731
115935576563221	115935598919263	115935576491086
115935677215148	115935690594106	115935677094367
115935678627648	115935698930981	115935678586554
115935693260252	115935707266554	115935693200929
115935782889627	115935798949783	115935782804679
115935891141294	115935907296085	115935891035461
115935942849002	115935957297543	115935893247804
115935993932492	115936007291241	115935993822440
115936042914523	115936057292231	115936001689263
115936103410408	115936115623116	115936103328481
115936151263638	115936165628273	115936110096242
115936210283794	115936223948533	115936210189262
115936259543690	115936273934731	115936218381919
115936318455252	115936332254991	115936318352804
115936367879054	115936382243845	115936326678898
115936418769210	115936432231919	115936418670096
115936426461294	115936440563376	115936426406867
115936549818325	115936565548376	115936549712908
115936551342700	115936573880148	115936551302179
115936649663064	115936665516814	115936649485669
115936693092231	115936707174939	115936693012179
115936751414262	115936765493741	115936751302960
115936861193689	115936873813064	115936861093012
115936868615825	115936882147022	115936868542439
115936975087908	115936990446345	115936974962179
115936976687023	115936998778324	115936976634887
115937087358012	115937098764365	115937087252335
115937088938429	115937107099887	115937088871241
115937092670252	115937115433897	115937092635304
115937198833950	115937215406918	115937198744991
115937314706606	115937332052074	115937314631397
115937418161241	115937432035355	115937418064575
115937419641137	115937440368064	115937419601554
115937532615668	115937548697855	115937532482752
115937534146762	115937557033168	115937534108220
115937649191449	115937665358949	115937649029627
115937693578637	115937707029730	115937693491606
115937753338012	115937765374887	115937753206137
115937759529626	115937773710459	115937759473637
115937857395199	115937873741397	115937857304418
115937868873845	115937882078272	115937868812960
115937979208533	115937990435199	115937979095095
115937984569835	115937998769105	115937984495199
115938100161501	115938115425355	115938099941501
115938206592283	115938223763063	115938206477908
115938209477387	115938232096813	115938209410408
115938325652543	115938340436240	115938325534053
115938327343793	115938348771865	115938327247699
115938433739418	115938448771084	115938433624678
115938435194157	115938457104261	115938435166085
115938541065147	115938557091709	115938540930876
115938542845043	115938565425615	115938542809157
115938661647230	115938673758376	115938661523845
115938663161762	115938682093636	115938663102959
115938667936084	115938690426501	115938667884262
115938693244887	115938707095147	115938693149105
115938769966605	115938782095667	115938769883376
115938817766449	115938832099521	115938776587439
115938884878480	115938907100043	115938884745876
115938994096189	115939007100407	115938993977647
115939042822699	115939057105459	115939001591293
115939093317282	115939107109313	115939093234470
115939142714001	115939157107074	115939101206501
115939219424001	115939232120250	115939219186084
115939267695459	115939282125771	115939228583532
115939326469730	115939340466292	115939326387803
115939441189105	115939457143532	115939441044626
115939443478897	115939465476761	115939443433376
115939557344834	115939573820459	115939557254365
115939666870303	115939682168375	115939666748532
115939668627803	115939690500667	115939668575303
115939693223219	115939707167802	115939693159834
115939776500303	115939790515875	115939776414522
115939900566397	115939915544729	115939900413792
115940006856761	115940023908948	115940006748011
115940108962126	115940123911031	115940108859053
115940110395615	115940132244208	115940110366813
115940212585823	115940223911448	115940212474886
115940218012959	115940232245042	115940217966188
115940326890042	115940340606709	115940326781501
115940328355511	115940348943115	115940328304053
115940450449105	115940465631136	115940450243948
115940548948688	115940565630146	115940548869678
115940657042490	115940673946552	115940656915094
115940659799521	115940682281760	115940659740875
115940693297334	115940707289729	115940693221084
115940744230667	115940757301812	115940744158271
115940751202959	115940765637177	115940751163584
115940874991761	115940890662073	115940874876709
115940876736604	115940898997386	115940876659157
115940975421344	115940990669052	115940975313011
115940977106761	115940999004313	115940977027750
115940984765615	115941007338739	115940984711709
115941091290146	115941107342437	115941091187646
115941198366969	115941215686239	115941198286656
115941310693636	115941324028166	115941310608896
115941359594886	115941374038531	115941318203583
115941418292698	115941432376135	115941418199208
115941524448635	115941540704832	115941524351135
115941576303219	115941590707854	115941526509625
115941635076813	115941649044989	115941634982333
115941694465146	115941707385614	115941694418219
115941742956917	115941757389000	115941703261760
115941793014625	115941807399885	115941745397906
115941842936187	115941857409989	115941798585875
115941854297698	115941865744364	115941854251240
115941971280562	115941982397749	115941971187229
115942079285875	115942090705614	115942079227177
115942086953375	115942099038270	115942086914989
115942178343323	115942190708896	115942178270146
115942193734677	115942207376708	115942193668114
115942307761916	115942324037228	115942307670458
115942418390614	115942432353374	115942418263271
115942420115979	115942440687958	115942420035718
115942518126239	115942532339573	115942518016604
115942519603479	115942540669833	115942519573791
115942641765041	115942657307697	115942641552698
115942686971968	115942698968479	115942686818010
115942696113114	115942707299885	115942696017489
115942743427958	115942757291447	115942743346552
115942858107593	115942873939989	115942857934156
115942965126083	115942982254780	115942965045093
115943075391343	115943090585927	115943075283739
115943184211239	115943198910353	115943184112072
115943185659208	115943207247228	115943185634104

=== poll 1790360459.515511553
8333333
115937857395199	115937873741397	115937857304418
115937868873845	115937882078272	115937868812960
115937979208533	115937990435199	115937979095095
115937984569835	115937998769105	115937984495199
115938100161501	115938115425355	115938099941501
115938206592283	115938223763063	115938206477908
115938209477387	115938232096813	115938209410408
115938325652543	115938340436240	115938325534053
115938327343793	115938348771865	115938327247699
115938433739418	115938448771084	115938433624678
115938435194157	115938457104261	115938435166085
115938541065147	115938557091709	115938540930876
115938542845043	115938565425615	115938542809157
115938661647230	115938673758376	115938661523845
115938663161762	115938682093636	115938663102959
115938667936084	115938690426501	115938667884262
115938693244887	115938707095147	115938693149105
115938769966605	115938782095667	115938769883376
115938817766449	115938832099521	115938776587439
115938884878480	115938907100043	115938884745876
115938994096189	115939007100407	115938993977647
115939042822699	115939057105459	115939001591293
115939093317282	115939107109313	115939093234470
115939142714001	115939157107074	115939101206501
115939219424001	115939232120250	115939219186084
115939267695459	115939282125771	115939228583532
115939326469730	115939340466292	115939326387803
115939441189105	115939457143532	115939441044626
115939443478897	115939465476761	115939443433376
115939557344834	115939573820459	115939557254365
115939666870303	115939682168375	115939666748532
115939668627803	115939690500667	115939668575303
115939693223219	115939707167802	115939693159834
115939776500303	115939790515875	115939776414522
115939900566397	115939915544729	115939900413792
115940006856761	115940023908948	115940006748011
115940108962126	115940123911031	115940108859053
115940110395615	115940132244208	115940110366813
115940212585823	115940223911448	115940212474886
115940218012959	115940232245042	115940217966188
115940326890042	115940340606709	115940326781501
115940328355511	115940348943115	115940328304053
115940450449105	115940465631136	115940450243948
115940548948688	115940565630146	115940548869678
115940657042490	115940673946552	115940656915094
115940659799521	115940682281760	115940659740875
115940693297334	115940707289729	115940693221084
115940744230667	115940757301812	115940744158271
115940751202959	115940765637177	115940751163584
115940874991761	115940890662073	115940874876709
115940876736604	115940898997386	115940876659157
115940975421344	115940990669052	115940975313011
115940977106761	115940999004313	115940977027750
115940984765615	115941007338739	115940984711709
115941091290146	115941107342437	115941091187646
115941198366969	115941215686239	115941198286656
115941310693636	115941324028166	115941310608896
115941359594886	115941374038531	115941318203583
115941418292698	115941432376135	115941418199208
115941524448635	115941540704832	115941524351135
115941576303219	115941590707854	115941526509625
115941635076813	115941649044989	115941634982333
115941694465146	115941707385614	115941694418219
115941742956917	115941757389000	115941703261760
115941793014625	115941807399885	115941745397906
115941842936187	115941857409989	115941798585875
115941854297698	115941865744364	115941854251240
115941971280562	115941982397749	115941971187229
115942079285875	115942090705614	115942079227177
115942086953375	115942099038270	115942086914989
115942178343323	115942190708896	115942178270146
115942193734677	115942207376708	115942193668114
115942307761916	115942324037228	115942307670458
115942418390614	115942432353374	115942418263271
115942420115979	115942440687958	115942420035718
115942518126239	115942532339573	115942518016604
115942519603479	115942540669833	115942519573791
115942641765041	115942657307697	115942641552698
115942686971968	115942698968479	115942686818010
115942696113114	115942707299885	115942696017489
115942743427958	115942757291447	115942743346552
115942858107593	115942873939989	115942857934156
115942965126083	115942982254780	115942965045093
115943075391343	115943090585927	115943075283739
115943184211239	115943198910353	115943184112072
115943185659208	115943207247228	115943185634104
115943290922489	115943307257436	115943290806760
115943293180093	115943315592176	115943293117697
115943301530406	115943323925562	115943301472906
115943390997124	115943407267853	115943390907176
115943508870770	115943523960197	115943508754728
115943510761291	115943532294520	115943510689416
115943617838791	115943632290874	115943617684781
115943619665874	115943640625562	115943619570406
115943715951343	115943732289103	115943715862020
115943719151864	115943740620770	115943719108270
115943726543166	115943748953791	115943726500614
115943734578270	115943757287592	115943734536708
115943833719937	115943848936446	115943833599572
115943836161030	115943857270978	115943836125666
115943957537280	115943973907541	115943957454416
115944065013843	115944082226967	115944064888947
115944170816082	115944182234780	115944170708218
115944172453999	115944190567123	115944172394676
115944177304624	115944198898009	115944177231707
115944272441864	115944290555613	115944272336551
115944326208843	115944340555405	115944276160562
115944387811239	115944398900249	115944387722957
115944434532905	115944448900457	115944393003634
115944501436968	115944515571967	115944501349311
115944603126343	115944615586186	115944603023999
115944651116134	115944665601915	115944604652593
115944701105249	115944715617071	115944653369988
115944751173738	115944765622435	115944712036395
115944801121655	115944815634207	115944757170613
115944822643530	115944840635144	115944822585405
115944828785509	115944848970821	115944828739728
115944928283947	115944940654154	115944928195718
115944937051863	115944948990925	115944937007801
115945045951655	115945057353634	115945045892645
115945153699363	115945165737800	115945153588426
115945159839051	115945174076030	115945159775978
115945266694936	115945282444207	115945266584780
115945270483165	115945290780873	115945270438582
115945276849259	115945299116550	115945276798582
115945383363478	115945399152540	115945383251238
115945384966342	115945407488738	115945384916915

=== poll 1790360461.783091708
8333333
115940450449105	115940465631136	115940450243948
115940548948688	115940565630146	115940548869678
115940657042490	115940673946552	115940656915094
115940659799521	115940682281760	115940659740875
115940693297334	115940707289729	115940693221084
115940744230667	115940757301812	115940744158271
115940751202959	115940765637177	115940751163584
115940874991761	115940890662073	115940874876709
115940876736604	115940898997386	115940876659157
115940975421344	115940990669052	115940975313011
115940977106761	115940999004313	115940977027750
115940984765615	115941007338739	115940984711709
115941091290146	115941107342437	115941091187646
115941198366969	115941215686239	115941198286656
115941310693636	115941324028166	115941310608896
115941359594886	115941374038531	115941318203583
115941418292698	115941432376135	115941418199208
115941524448635	115941540704832	115941524351135
115941576303219	115941590707854	115941526509625
115941635076813	115941649044989	115941634982333
115941694465146	115941707385614	115941694418219
115941742956917	115941757389000	115941703261760
115941793014625	115941807399885	115941745397906
115941842936187	115941857409989	115941798585875
115941854297698	115941865744364	115941854251240
115941971280562	115941982397749	115941971187229
115942079285875	115942090705614	115942079227177
115942086953375	115942099038270	115942086914989
115942178343323	115942190708896	115942178270146
115942193734677	115942207376708	115942193668114
115942307761916	115942324037228	115942307670458
115942418390614	115942432353374	115942418263271
115942420115979	115942440687958	115942420035718
115942518126239	115942532339573	115942518016604
115942519603479	115942540669833	115942519573791
115942641765041	115942657307697	115942641552698
115942686971968	115942698968479	115942686818010
115942696113114	115942707299885	115942696017489
115942743427958	115942757291447	115942743346552
115942858107593	115942873939989	115942857934156
115942965126083	115942982254780	115942965045093
115943075391343	115943090585927	115943075283739
115943184211239	115943198910353	115943184112072
115943185659208	115943207247228	115943185634104
115943290922489	115943307257436	115943290806760
115943293180093	115943315592176	115943293117697
115943301530406	115943323925562	115943301472906
115943390997124	115943407267853	115943390907176
115943508870770	115943523960197	115943508754728
115943510761291	115943532294520	115943510689416
115943617838791	115943632290874	115943617684781
115943619665874	115943640625562	115943619570406
115943715951343	115943732289103	115943715862020
115943719151864	115943740620770	115943719108270
115943726543166	115943748953791	115943726500614
115943734578270	115943757287592	115943734536708
115943833719937	115943848936446	115943833599572
115943836161030	115943857270978	115943836125666
115943957537280	115943973907541	115943957454416
115944065013843	115944082226967	115944064888947
115944170816082	115944182234780	115944170708218
115944172453999	115944190567123	115944172394676
115944177304624	115944198898009	115944177231707
115944272441864	115944290555613	115944272336551
115944326208843	115944340555405	115944276160562
115944387811239	115944398900249	115944387722957
115944434532905	115944448900457	115944393003634
115944501436968	115944515571967	115944501349311
115944603126343	115944615586186	115944603023999
115944651116134	115944665601915	115944604652593
115944701105249	115944715617071	115944653369988
115944751173738	115944765622435	115944712036395
115944801121655	115944815634207	115944757170613
115944822643530	115944840635144	115944822585405
115944828785509	115944848970821	115944828739728
115944928283947	115944940654154	115944928195718
115944937051863	115944948990925	115944937007801
115945045951655	115945057353634	115945045892645
115945153699363	115945165737800	115945153588426
115945159839051	115945174076030	115945159775978
115945266694936	115945282444207	115945266584780
115945270483165	115945290780873	115945270438582
115945276849259	115945299116550	115945276798582
115945383363478	115945399152540	115945383251238
115945384966342	115945407488738	115945384916915
115945499503842	115945515856029	115945499388738
115945606869780	115945624210873	115945606783634
115945701626030	115945715918998	115945701518426
115945703268530	115945724256290	115945703213634
115945709911134	115945732594466	115945709871811
115945825819675	115945840965196	115945825705665
115945827316603	115945849301602	115945827254936
115945919399571	115945932660404	115945919283634
115945926923321	115945940996966	115945926870196
115946041670509	115946057714935	115946041565300
115946152466186	115946166082384	115946152354259
115946154014311	115946174419466	115946153974363
115946260209727	115946274447904	115946260100144
115946261700404	115946282782383	115946261661915
115946268587904	115946291117800	115946268544050
115946374652696	115946391137904	115946374563321
115946476337436	115946491161967	115946476231238
115946485262592	115946499496915	115946485218165
115946594256342	115946607850143	115946594163425
115946595779363	115946616187071	115946595748321
115946602008634	115946624525352	115946601959727
115946702640925	115946716225091	115946702545508
115946704223790	115946724561393	115946704168581
115946710406290	115946732897852	115946710365717
115946818152852	115946832922123	115946818037436
115946819677852	115946841257123	115946819620248
115946827617175	115946849592747	115946827560613
115946925076238	115946941291133	115946924946133
115946928546498	115946949628633	115946928468477
115946936077435	115946957967695	115946936032175
115947033758790	115947049678841	115947033619727
115947035994883	115947058014570	115947035900925
115947151575925	115947166377383	115947151472227
115947153409258	115947174714883	115947153328425
115947268318008	115947283065612	115947268154987
115947376653425	115947391427122	115947376338894
115947483617852	115947499794414	115947483504571
115947583442071	115947599841758	115947583334519
115947585738112	115947608180143	115947585678789
115947700503998	115947716571810	115947700391602
115947702940352	115947724910351	115947702887279
115947710903216	115947733249310	115947710845769

=== poll 1790360464.054034988
8333333
115942641765041	115942657307697	115942641552698
115942686971968	115942698968479	115942686818010
115942696113114	115942707299885	115942696017489
115942743427958	115942757291447	115942743346552
115942858107593	115942873939989	115942857934156
115942965126083	115942982254780	115942965045093
115943075391343	115943090585927	115943075283739
115943184211239	115943198910353	115943184112072
115943185659208	115943207247228	115943185634104
115943290922489	115943307257436	115943290806760
115943293180093	115943315592176	115943293117697
115943301530406	115943323925562	115943301472906
115943390997124	115943407267853	115943390907176
115943508870770	115943523960197	115943508754728
115943510761291	115943532294520	115943510689416
115943617838791	115943632290874	115943617684781
115943619665874	115943640625562	115943619570406
115943715951343	115943732289103	115943715862020
115943719151864	115943740620770	115943719108270
115943726543166	115943748953791	115943726500614
115943734578270	115943757287592	115943734536708
115943833719937	115943848936446	115943833599572
115943836161030	115943857270978	115943836125666
115943957537280	115943973907541	115943957454416
115944065013843	115944082226967	115944064888947
115944170816082	115944182234780	115944170708218
115944172453999	115944190567123	115944172394676
115944177304624	115944198898009	115944177231707
115944272441864	115944290555613	115944272336551
115944326208843	115944340555405	115944276160562
115944387811239	115944398900249	115944387722957
115944434532905	115944448900457	115944393003634
115944501436968	115944515571967	115944501349311
115944603126343	115944615586186	115944603023999
115944651116134	115944665601915	115944604652593
115944701105249	115944715617071	115944653369988
115944751173738	115944765622435	115944712036395
115944801121655	115944815634207	115944757170613
115944822643530	115944840635144	115944822585405
115944828785509	115944848970821	115944828739728
115944928283947	115944940654154	115944928195718
115944937051863	115944948990925	115944937007801
115945045951655	115945057353634	115945045892645
115945153699363	115945165737800	115945153588426
115945159839051	115945174076030	115945159775978
115945266694936	115945282444207	115945266584780
115945270483165	115945290780873	115945270438582
115945276849259	115945299116550	115945276798582
115945383363478	115945399152540	115945383251238
115945384966342	115945407488738	115945384916915
115945499503842	115945515856029	115945499388738
115945606869780	115945624210873	115945606783634
115945701626030	115945715918998	115945701518426
115945703268530	115945724256290	115945703213634
115945709911134	115945732594466	115945709871811
115945825819675	115945840965196	115945825705665
115945827316603	115945849301602	115945827254936
115945919399571	115945932660404	115945919283634
115945926923321	115945940996966	115945926870196
115946041670509	115946057714935	115946041565300
115946152466186	115946166082384	115946152354259
115946154014311	115946174419466	115946153974363
115946260209727	115946274447904	115946260100144
115946261700404	115946282782383	115946261661915
115946268587904	115946291117800	115946268544050
115946374652696	115946391137904	115946374563321
115946476337436	115946491161967	115946476231238
115946485262592	115946499496915	115946485218165
115946594256342	115946607850143	115946594163425
115946595779363	115946616187071	115946595748321
115946602008634	115946624525352	115946601959727
115946702640925	115946716225091	115946702545508
115946704223790	115946724561393	115946704168581
115946710406290	115946732897852	115946710365717
115946818152852	115946832922123	115946818037436
115946819677852	115946841257123	115946819620248
115946827617175	115946849592747	115946827560613
115946925076238	115946941291133	115946924946133
115946928546498	115946949628633	115946928468477
115946936077435	115946957967695	115946936032175
115947033758790	115947049678841	115947033619727
115947035994883	115947058014570	115947035900925
115947151575925	115947166377383	115947151472227
115947153409258	115947174714883	115947153328425
115947268318008	115947283065612	115947268154987
115947376653425	115947391427122	115947376338894
115947483617852	115947499794414	115947483504571
115947583442071	115947599841758	115947583334519
115947585738112	115947608180143	115947585678789
115947700503998	115947716571810	115947700391602
115947702940352	115947724910351	115947702887279
115947710903216	115947733249310	115947710845769
115947786538321	115947799954205	115947786426029
115947794159258	115947808291861	115947794116237
115947910655352	115947925018007	115947910475925
115948012424102	115948025066393	115948012304987
115948019116654	115948033403164	115948019065716
115948125726289	115948141764779	115948125597123
115948127502331	115948150100612	115948127439466
115948243411237	115948258449153	115948243136237
115948352815977	115948366797434	115948352687591
115948363584050	115948375132591	115948363472539
115948467718320	115948483469778	115948467576445
115948576812695	115948591805351	115948576677279
115948578723633	115948600138268	115948578644310
115948692296549	115948708475351	115948692183529
115948694234622	115948716811028	115948694194726
115948802011549	115948816832486	115948801897070
115948812862799	115948825170976	115948812768112
115948911983841	115948925215872	115948911858633
115948914277539	115948933552330	115948914213164
115949018765976	115949033584361	115949018653997
115949020246393	115949041921965	115949020205091
115949135164101	115949150296444	115949135049674
115949137012799	115949158631548	115949136933424
115949242922383	115949258641601	115949242803945
115949245553424	115949266977903	115949245500768
115949255001601	115949275314465	115949254939830
115949350800768	115949366993841	115949350683632
115949352873164	115949375330039	115949352814570
115949460227955	115949475353007	115949459748268
115949576097226	115949592054986	115949575937278
115949578468320	115949600392069	115949578398424
115949692318059	115949708750924	115949692220351
115949800556549	115949817099622	115949800388268
115949895625611	115949908780924	115949895541757
115949902830351	115949917117174	115949902783111

=== poll 1790360466.319800092
8333333
115945045951655	115945057353634	115945045892645
115945153699363	115945165737800	115945153588426
115945159839051	115945174076030	115945159775978
115945266694936	115945282444207	115945266584780
115945270483165	115945290780873	115945270438582
115945276849259	115945299116550	115945276798582
115945383363478	115945399152540	115945383251238
115945384966342	115945407488738	115945384916915
115945499503842	115945515856029	115945499388738
115945606869780	115945624210873	115945606783634
115945701626030	115945715918998	115945701518426
115945703268530	115945724256290	115945703213634
115945709911134	115945732594466	115945709871811
115945825819675	115945840965196	115945825705665
115945827316603	115945849301602	115945827254936
115945919399571	115945932660404	115945919283634
115945926923321	115945940996966	115945926870196
115946041670509	115946057714935	115946041565300
115946152466186	115946166082384	115946152354259
115946154014311	115946174419466	115946153974363
115946260209727	115946274447904	115946260100144
115946261700404	115946282782383	115946261661915
115946268587904	115946291117800	115946268544050
115946374652696	115946391137904	115946374563321
115946476337436	115946491161967	115946476231238
115946485262592	115946499496915	115946485218165
115946594256342	115946607850143	115946594163425
115946595779363	115946616187071	115946595748321
115946602008634	115946624525352	115946601959727
115946702640925	115946716225091	115946702545508
115946704223790	115946724561393	115946704168581
115946710406290	115946732897852	115946710365717
115946818152852	115946832922123	115946818037436
115946819677852	115946841257123	115946819620248
115946827617175	115946849592747	115946827560613
115946925076238	115946941291133	115946924946133
115946928546498	115946949628633	115946928468477
115946936077435	115946957967695	115946936032175
115947033758790	115947049678841	115947033619727
115947035994883	115947058014570	115947035900925
115947151575925	115947166377383	115947151472227
115947153409258	115947174714883	115947153328425
115947268318008	115947283065612	115947268154987
115947376653425	115947391427122	115947376338894
115947483617852	115947499794414	115947483504571
115947583442071	115947599841758	115947583334519
115947585738112	115947608180143	115947585678789
115947700503998	115947716571810	115947700391602
115947702940352	115947724910351	115947702887279
115947710903216	115947733249310	115947710845769
115947786538321	115947799954205	115947786426029
115947794159258	115947808291861	115947794116237
115947910655352	115947925018007	115947910475925
115948012424102	115948025066393	115948012304987
115948019116654	115948033403164	115948019065716
115948125726289	115948141764779	115948125597123
115948127502331	115948150100612	115948127439466
115948243411237	115948258449153	115948243136237
115948352815977	115948366797434	115948352687591
115948363584050	115948375132591	115948363472539
115948467718320	115948483469778	115948467576445
115948576812695	115948591805351	115948576677279
115948578723633	115948600138268	115948578644310
115948692296549	115948708475351	115948692183529
115948694234622	115948716811028	115948694194726
115948802011549	115948816832486	115948801897070
115948812862799	115948825170976	115948812768112
115948911983841	115948925215872	115948911858633
115948914277539	115948933552330	115948914213164
115949018765976	115949033584361	115949018653997
115949020246393	115949041921965	115949020205091
115949135164101	115949150296444	115949135049674
115949137012799	115949158631548	115949136933424
115949242922383	115949258641601	115949242803945
115949245553424	115949266977903	115949245500768
115949255001601	115949275314465	115949254939830
115949350800768	115949366993841	115949350683632
115949352873164	115949375330039	115949352814570
115949460227955	115949475353007	115949459748268
115949576097226	115949592054986	115949575937278
115949578468320	115949600392069	115949578398424
115949692318059	115949708750924	115949692220351
115949800556549	115949817099622	115949800388268
115949895625611	115949908780924	115949895541757
115949902830351	115949917117174	115949902783111
115950012641705	115950025475559	115950012557070
115950019507382	115950033812225	115950019458736
115950127038788	115950142180715	115950126920768
115950128623841	115950150515559	115950128567174
115950136242591	115950158851288	115950136192486
115950213472799	115950225530455	115950213373788
115950228315559	115950242198319	115950228233476
115950344057278	115950358874204	115950343938111
115950345505403	115950367205247	115950345478632
115950459163267	115950475513840	115950459071653
115950545198320	115950558844829	115950545120663
115950555640820	115950567176080	115950555584622
115950561445820	115950575507434	115950561402851
115950664403788	115950675478788	115950664287538
115950669674153	115950683810038	115950669622226
115950686917330	115950700469933	115950686847955
115950694868163	115950708799829	115950694806236
115950784823007	115950800452903	115950784724830
115950786231653	115950808784725	115950786205507
115950902694569	115950917104100	115950902528996
115951003966653	115951017116861	115951003871236
115951005491288	115951025453163	115951005452486
115951011241028	115951033788528	115951011191080
115951119067798	115951133788892	115951118932746
115951120602121	115951142122538	115951120567121
115951234253371	115951250429308	115951234121444
115951334466548	115951350421392	115951334341184
115951335952746	115951358754830	115951335920194
115951445154100	115951458740350	115951445055559
115951446641288	115951467074881	115951446580923
115951452751496	115951475408058	115951452714830
115951552264621	115951567074413	115951552144934
115951553814309	115951575408110	115951553756392
115951561349725	115951583742538	115951561309934
115951660228788	115951675423996	115951660120194
115951711054465	115951725429881	115951661680767
115951760977902	115951775431964	115951713442798
115951811013996	115951825435245	115951778125871
115951878071236	115951892089985	115951877993475
115951999906131	115952017065402	115951999745715
115952108876965	115952125400090	115952108798631
115952216869933	115952233710454	115952216755038

=== poll 1790360468.585185507
8333333
115948127502331	115948150100612	115948127439466
115948243411237	115948258449153	115948243136237
115948352815977	115948366797434	115948352687591
115948363584050	115948375132591	115948363472539
115948467718320	115948483469778	115948467576445
115948576812695	115948591805351	115948576677279
115948578723633	115948600138268	115948578644310
115948692296549	115948708475351	115948692183529
115948694234622	115948716811028	115948694194726
115948802011549	115948816832486	115948801897070
115948812862799	115948825170976	115948812768112
115948911983841	115948925215872	115948911858633
115948914277539	115948933552330	115948914213164
115949018765976	115949033584361	115949018653997
115949020246393	115949041921965	115949020205091
115949135164101	115949150296444	115949135049674
115949137012799	115949158631548	115949136933424
115949242922383	115949258641601	115949242803945
115949245553424	115949266977903	115949245500768
115949255001601	115949275314465	115949254939830
115949350800768	115949366993841	115949350683632
115949352873164	115949375330039	115949352814570
115949460227955	115949475353007	115949459748268
115949576097226	115949592054986	115949575937278
115949578468320	115949600392069	115949578398424
115949692318059	115949708750924	115949692220351
115949800556549	115949817099622	115949800388268
115949895625611	115949908780924	115949895541757
115949902830351	115949917117174	115949902783111
115950012641705	115950025475559	115950012557070
115950019507382	115950033812225	115950019458736
115950127038788	115950142180715	115950126920768
115950128623841	115950150515559	115950128567174
115950136242591	115950158851288	115950136192486
115950213472799	115950225530455	115950213373788
115950228315559	115950242198319	115950228233476
115950344057278	115950358874204	115950343938111
115950345505403	115950367205247	115950345478632
115950459163267	115950475513840	115950459071653
115950545198320	115950558844829	115950545120663
115950555640820	115950567176080	115950555584622
115950561445820	115950575507434	115950561402851
115950664403788	115950675478788	115950664287538
115950669674153	115950683810038	115950669622226
115950686917330	115950700469933	115950686847955
115950694868163	115950708799829	115950694806236
115950784823007	115950800452903	115950784724830
115950786231653	115950808784725	115950786205507
115950902694569	115950917104100	115950902528996
115951003966653	115951017116861	115951003871236
115951005491288	115951025453163	115951005452486
115951011241028	115951033788528	115951011191080
115951119067798	115951133788892	115951118932746
115951120602121	115951142122538	115951120567121
115951234253371	115951250429308	115951234121444
115951334466548	115951350421392	115951334341184
115951335952746	115951358754830	115951335920194
115951445154100	115951458740350	115951445055559
115951446641288	115951467074881	115951446580923
115951452751496	115951475408058	115951452714830
115951552264621	115951567074413	115951552144934
115951553814309	115951575408110	115951553756392
115951561349725	115951583742538	115951561309934
115951660228788	115951675423996	115951660120194
115951711054465	115951725429881	115951661680767
115951760977902	115951775431964	115951713442798
115951811013996	115951825435245	115951778125871
115951878071236	115951892089985	115951877993475
115951999906131	115952017065402	115951999745715
115952108876965	115952125400090	115952108798631
115952216869933	115952233710454	115952216755038
115952303319986	115952317038371	115952303237433
115952311455923	115952325372329	115952311396600
115952434046392	115952450365350	115952433957902
115952521367850	115952533704412	115952521278110
115952527932642	115952542036808	115952527859308
115952536510506	115952550366860	115952536434413
115952643783840	115952658676756	115952643682746
115952645315715	115952667009569	115952645247485
115952652860194	115952675341756	115952652817954
115952696562329	115952708667901	115952696482433
115952704640975	115952717001651	115952704530923
115952711772277	115952725335246	115952711730246
115952719754360	115952733666443	115952719712121
115952744992433	115952758664985	115952744951392
115952764799725	115952783660349	115952764755454
115952786694100	115952800329672	115952786617798
115952845409412	115952858669152	115952845336652
115952877540194	115952892003735	115952856470871
115952911043892	115952925338839	115952879470194
115952964426912	115952975337121	115952964341912
115952994297329	115953008668110	115952974264464
115953027537225	115953041997172	115952996393058
115953072687902	115953083656078	115953072590871
115953102582641	115953116982953	115953086606444
115953183401808	115953200307797	115953183324308
115953219265454	115953233638266	115953187797225
115953252550766	115953266963839	115953221498735
115953295123735	115953308623162	115953295047121
115953327520506	115953341948891	115953314058110
115953360941860	115953375270557	115953329673683
115953421824829	115953433583370	115953421742850
115953428060818	115953441916651	115953427979204
115953529166339	115953541918891	115953529010610
115953536053162	115953550252068	115953535971391
115953627113475	115953641902380	115953627039464
115953637684673	115953650236807	115953637628162
115953644264881	115953658569985	115953644207329
115953746366183	115953758542693	115953746262381
115953755030818	115953766875661	115953754966704
115953760983527	115953775209151	115953760934985
115953836324725	115953850204411	115953836229829
115953869682381	115953883533422	115953869613995
115953963787954	115953975179463	115953963700714
115953972298839	115953983510818	115953972233683
115953986017693	115954000173214	115953985939256
115954084746183	115954100164671	115954084653474
115954086264204	115954108499515	115954086223943
115954095067277	115954116832433	115954094983839
115954197428058	115954208484411	115954197311026
115954204602849	115954216816234	115954204527954
115954210889985	115954225148682	115954210836964
115954312917120	115954325143422	115954312796131
115954319866651	115954333478370	115954319806599
115954411263006	115954425154099	115954411178266
115954427453422	115954441825349	115954427393787
115954526086964	9223372036854775807	115954525991651

=== poll 1790360470.836581392
8333333
115951003966653	115951017116861	115951003871236
115951005491288	115951025453163	115951005452486
115951011241028	115951033788528	115951011191080
115951119067798	115951133788892	115951118932746
115951120602121	115951142122538	115951120567121
115951234253371	115951250429308	115951234121444
115951334466548	115951350421392	115951334341184
115951335952746	115951358754830	115951335920194
115951445154100	115951458740350	115951445055559
115951446641288	115951467074881	115951446580923
115951452751496	115951475408058	115951452714830
115951552264621	115951567074413	115951552144934
115951553814309	115951575408110	115951553756392
115951561349725	115951583742538	115951561309934
115951660228788	115951675423996	115951660120194
115951711054465	115951725429881	115951661680767
115951760977902	115951775431964	115951713442798
115951811013996	115951825435245	115951778125871
115951878071236	115951892089985	115951877993475
115951999906131	115952017065402	115951999745715
115952108876965	115952125400090	115952108798631
115952216869933	115952233710454	115952216755038
115952303319986	115952317038371	115952303237433
115952311455923	115952325372329	115952311396600
115952434046392	115952450365350	115952433957902
115952521367850	115952533704412	115952521278110
115952527932642	115952542036808	115952527859308
115952536510506	115952550366860	115952536434413
115952643783840	115952658676756	115952643682746
115952645315715	115952667009569	115952645247485
115952652860194	115952675341756	115952652817954
115952696562329	115952708667901	115952696482433
115952704640975	115952717001651	115952704530923
115952711772277	115952725335246	115952711730246
115952719754360	115952733666443	115952719712121
115952744992433	115952758664985	115952744951392
115952764799725	115952783660349	115952764755454
115952786694100	115952800329672	115952786617798
115952845409412	115952858669152	115952845336652
115952877540194	115952892003735	115952856470871
115952911043892	115952925338839	115952879470194
115952964426912	115952975337121	115952964341912
115952994297329	115953008668110	115952974264464
115953027537225	115953041997172	115952996393058
115953072687902	115953083656078	115953072590871
115953102582641	115953116982953	115953086606444
115953183401808	115953200307797	115953183324308
115953219265454	115953233638266	115953187797225
115953252550766	115953266963839	115953221498735
115953295123735	115953308623162	115953295047121
115953327520506	115953341948891	115953314058110
115953360941860	115953375270557	115953329673683
115953421824829	115953433583370	115953421742850
115953428060818	115953441916651	115953427979204
115953529166339	115953541918891	115953529010610
115953536053162	115953550252068	115953535971391
115953627113475	115953641902380	115953627039464
115953637684673	115953650236807	115953637628162
115953644264881	115953658569985	115953644207329
115953746366183	115953758542693	115953746262381
115953755030818	115953766875661	115953754966704
115953760983527	115953775209151	115953760934985
115953836324725	115953850204411	115953836229829
115953869682381	115953883533422	115953869613995
115953963787954	115953975179463	115953963700714
115953972298839	115953983510818	115953972233683
115953986017693	115954000173214	115953985939256
115954084746183	115954100164671	115954084653474
115954086264204	115954108499515	115954086223943
115954095067277	115954116832433	115954094983839
115954197428058	115954208484411	115954197311026
115954204602849	115954216816234	115954204527954
115954210889985	115954225148682	115954210836964
115954312917120	115954325143422	115954312796131
115954319866651	115954333478370	115954319806599
115954411263006	115954425154099	115954411178266
115954427453422	115954441825349	115954427393787
115954526086964	115954541816651	115954525991651
115954544529933	115954558481650	115954544460089
115954645693578	115954658481651	115954645589151
115954652659255	115954666815036	115954652590922
115954750741755	115954766795661	115954750614255
115954754538370	115954775129307	115954754491391
115954761274464	115954783461807	115954761230349
115954853038526	115954866779672	115954852914047
115954854540557	115954875110714	115954854491182
115954869120141	115954883443890	115954869074828
115954967594985	115954983438109	115954967492641
115954971184776	115954991772223	115954971124620
115954977911651	115955000105921	115954977854464
115955076474568	115955091776703	115955076371703
115955077943839	115955100112379	115955077906964
115955086238214	115955108448317	115955086194359
115955184806443	115955200115973	115955184703839
115955186303422	115955208448682	115955186269464
115955198094620	115955216782275	115955198050089
115955202360714	115955225116443	115955202318786
115955212425297	115955233448369	115955212388266
115955222031911	115955241782275	115955221996703
115955227882068	115955250116338	115955227824620
115955270319151	115955283450609	115955270247901
115955280501651	115955291785504	115955280425505
115955294312901	115955308458109	115955294277224
115955393400453	115955408462745	115955393278578
115955394982380	115955416796494	115955394927380
115955403227224	115955425130192	115955403175922
115955517426651	115955533463421	115955517296182
115955518977849	115955541798473	115955518940193
115955633596807	115955650156182	115955633499620
115955742899099	115955758517744	115955742771859
115955744472068	115955766854775	115955744414776
115955867665088	115955883525661	115955867584984
115955969115505	115955983536859	115955968977380
115955970782692	115955991870608	115955970718890
115955978081755	115956000205921	115955978016963
115956084663578	115956100214306	115956084579932
115956194233057	115956208544932	115956194113161
115956195846182	115956216879098	115956195806651
115956202496234	115956225214462	115956202461338
115956303177588	115956316899098	115956303058682
115956304632432	115956325234463	115956304593786
115956411345192	115956425250712	115956411222380
115956419449515	115956433586754	115956419390817
115956542293109	115956566912536	115956542210401
115956640216598	115956658568630	115956640136546
115956644362588	115956666902275	115956644323786
115956758727640	115956775241910	115956758645765

=== poll 1790360473.106345766
8333333
115953627113475	115953641902380	115953627039464
115953637684673	115953650236807	115953637628162
115953644264881	115953658569985	115953644207329
115953746366183	115953758542693	115953746262381
115953755030818	115953766875661	115953754966704
115953760983527	115953775209151	115953760934985
115953836324725	115953850204411	115953836229829
115953869682381	115953883533422	115953869613995
115953963787954	115953975179463	115953963700714
115953972298839	115953983510818	115953972233683
115953986017693	115954000173214	115953985939256
115954084746183	115954100164671	115954084653474
115954086264204	115954108499515	115954086223943
115954095067277	115954116832433	115954094983839
115954197428058	115954208484411	115954197311026
115954204602849	115954216816234	115954204527954
115954210889985	115954225148682	115954210836964
115954312917120	115954325143422	115954312796131
115954319866651	115954333478370	115954319806599
115954411263006	115954425154099	115954411178266
115954427453422	115954441825349	115954427393787
115954526086964	115954541816651	115954525991651
115954544529933	115954558481650	115954544460089
115954645693578	115954658481651	115954645589151
115954652659255	115954666815036	115954652590922
115954750741755	115954766795661	115954750614255
115954754538370	115954775129307	115954754491391
115954761274464	115954783461807	115954761230349
115954853038526	115954866779672	115954852914047
115954854540557	115954875110714	115954854491182
115954869120141	115954883443890	115954869074828
115954967594985	115954983438109	115954967492641
115954971184776	115954991772223	115954971124620
115954977911651	115955000105921	115954977854464
115955076474568	115955091776703	115955076371703
115955077943839	115955100112379	115955077906964
115955086238214	115955108448317	115955086194359
115955184806443	115955200115973	115955184703839
115955186303422	115955208448682	115955186269464
115955198094620	115955216782275	115955198050089
115955202360714	115955225116443	115955202318786
115955212425297	115955233448369	115955212388266
115955222031911	115955241782275	115955221996703
115955227882068	115955250116338	115955227824620
115955270319151	115955283450609	115955270247901
115955280501651	115955291785504	115955280425505
115955294312901	115955308458109	115955294277224
115955393400453	115955408462745	115955393278578
115955394982380	115955416796494	115955394927380
115955403227224	115955425130192	115955403175922
115955517426651	115955533463421	115955517296182
115955518977849	115955541798473	115955518940193
115955633596807	115955650156182	115955633499620
115955742899099	115955758517744	115955742771859
115955744472068	115955766854775	115955744414776
115955867665088	115955883525661	115955867584984
115955969115505	115955983536859	115955968977380
115955970782692	115955991870608	115955970718890
115955978081755	115956000205921	115955978016963
115956084663578	115956100214306	115956084579932
115956194233057	115956208544932	115956194113161
115956195846182	115956216879098	115956195806651
115956202496234	115956225214462	115956202461338
115956303177588	115956316899098	115956303058682
115956304632432	115956325234463	115956304593786
115956411345192	115956425250712	115956411222380
115956419449515	115956433586754	115956419390817
115956542293109	115956566912536	115956542210401
115956640216598	115956658568630	115956640136546
115956644362588	115956666902275	115956644323786
115956758727640	115956775241910	115956758645765
115956868112900	115956883573785	115956867918630
115956869829567	115956891906859	115956869762640
115956979186911	115956991901025	115956979076182
115956980664880	115957000235504	115956980629932
115956986309932	115957008570296	115956986249567
115957087200452	115957100254670	115957087092067
115957088623369	115957108589359	115957088593890
115957193583890	115957208580139	115957193498213
115957195570765	115957216913264	115957195530713
115957202691754	115957225246285	115957202651546
115957317752327	115957333572379	115957317677171
115957319171963	115957341906025	115957319128161
115957422246077	115957433564618	115957422129723
115957427941806	115957441900712	115957427890088
115957534276494	115957550206285	115957534155713
115957537901494	115957558538942	115957537849306
115957544404827	115957566871650	115957544339931
115957642807536	115957658515139	115957642687692
115957696945452	115957708518837	115957696856494
115957703213161	115957716853160	115957703139463
115957738920192	115957750190243	115957738866390
115957747842744	115957758522483	115957747799827
115957756552119	115957775187067	115957756512119
115957781133838	115957791853265	115957781061077
115957846282483	115957858500660	115957846204254
115957856067223	115957866831545	115957856024619
115957872664254	115957883495764	115957872588160
115957955274463	115957966832222	115957955220140
115957985783213	115958000167483	115957965658056
115958019039931	115958033496910	115957991276702
115958072397327	115958083501025	115958072326285
115958102421025	115958116839723	115958079047587
115958135776181	115958150178525	115958105209723
115958179831702	115958191842483	115958179775400
115958210797900	115958225171649	115958189428942
115958244136598	115958258499462	115958214341962
115958295891546	115958308486910	115958295801181
115958327436858	115958341809149	115958311528629
115958403076025	115958416783733	115958402975035
115958435923108	115958450106650	115958411508785
115958469047692	115958483437118	115958439185035
115958512654046	115958525101910	115958512566754
115958524161494	115958541769566	115958524100452
115958536079462	115958550102587	115958536029410
115958627563994	115958641750972	115958627466650
115958631097848	115958650081962	115958631040452
115958644259566	115958658411493	115958644212639
115958742400921	115958758398368	115958742320191
115958754148993	115958766730035	115958754056337
115958760922952	115958775063368	115958760855139
115958859960191	115958875046805	115958859864931
115958864163681	115958883378577	115958864112327
115958869073421	115958891710139	115958869033421
115958968786806	115958983359618	115958968658681
115958970229775	115958991694045	115958970183056
115958986080087	115959000027274	115958986016650

=== poll 1790360475.501311078
8333333
115955867665088	115955883525661	115955867584984
115955969115505	115955983536859	115955968977380
115955970782692	115955991870608	115955970718890
115955978081755	115956000205921	115955978016963
115956084663578	115956100214306	115956084579932
115956194233057	115956208544932	115956194113161
115956195846182	115956216879098	115956195806651
115956202496234	115956225214462	115956202461338
115956303177588	115956316899098	115956303058682
115956304632432	115956325234463	115956304593786
115956411345192	115956425250712	115956411222380
115956419449515	115956433586754	115956419390817
115956542293109	115956566912536	115956542210401
115956640216598	115956658568630	115956640136546
115956644362588	115956666902275	115956644323786
115956758727640	115956775241910	115956758645765
115956868112900	115956883573785	115956867918630
115956869829567	115956891906859	115956869762640
115956979186911	115956991901025	115956979076182
115956980664880	115957000235504	115956980629932
115956986309932	115957008570296	115956986249567
115957087200452	115957100254670	115957087092067
115957088623369	115957108589359	115957088593890
115957193583890	115957208580139	115957193498213
115957195570765	115957216913264	115957195530713
115957202691754	115957225246285	115957202651546
115957317752327	115957333572379	115957317677171
115957319171963	115957341906025	115957319128161
115957422246077	115957433564618	115957422129723
115957427941806	115957441900712	115957427890088
115957534276494	115957550206285	115957534155713
115957537901494	115957558538942	115957537849306
115957544404827	115957566871650	115957544339931
115957642807536	115957658515139	115957642687692
115957696945452	115957708518837	115957696856494
115957703213161	115957716853160	115957703139463
115957738920192	115957750190243	115957738866390
115957747842744	115957758522483	115957747799827
115957756552119	115957775187067	115957756512119
115957781133838	115957791853265	115957781061077
115957846282483	115957858500660	115957846204254
115957856067223	115957866831545	115957856024619
115957872664254	115957883495764	115957872588160
115957955274463	115957966832222	115957955220140
115957985783213	115958000167483	115957965658056
115958019039931	115958033496910	115957991276702
115958072397327	115958083501025	115958072326285
115958102421025	115958116839723	115958079047587
115958135776181	115958150178525	115958105209723
115958179831702	115958191842483	115958179775400
115958210797900	115958225171649	115958189428942
115958244136598	115958258499462	115958214341962
115958295891546	115958308486910	115958295801181
115958327436858	115958341809149	115958311528629
115958403076025	115958416783733	115958402975035
115958435923108	115958450106650	115958411508785
115958469047692	115958483437118	115958439185035
115958512654046	115958525101910	115958512566754
115958524161494	115958541769566	115958524100452
115958536079462	115958550102587	115958536029410
115958627563994	115958641750972	115958627466650
115958631097848	115958650081962	115958631040452
115958644259566	115958658411493	115958644212639
115958742400921	115958758398368	115958742320191
115958754148993	115958766730035	115958754056337
115958760922952	115958775063368	115958760855139
115958859960191	115958875046805	115958859864931
115958864163681	115958883378577	115958864112327
115958869073421	115958891710139	115958869033421
115958968786806	115958983359618	115958968658681
115958970229775	115958991694045	115958970183056
115958986080087	115959000027274	115958986016650
115959085198056	115959100031337	115959085077848
115959089189618	115959108365920	115959089111650
115959110794045	115959125033993	115959110723056
115959199162900	115959216692430	115959199032900
115959204410608	115959225026805	115959204348368
115959211170400	115959233362274	115959211108368
115959320931754	115959333385139	115959320820920
115959322510243	115959341720660	115959322462275
115959335796389	115959350057430	115959335720556
115959437979462	115959450058785	115959437833004
115959444499358	115959458393888	115959444441285
115959545381962	115959558408732	115959545257483
115959552436702	115959566742638	115959552390035
115959662871285	115959675079409	115959662728056
115959664399045	115959683412795	115959664353733
115959748840660	115959766730555	115959748734097
115959763622483	115959775063576	115959763563316
115959769191910	115959783398368	115959769152691
115959875673889	115959891735242	115959875577951
115959878174045	115959900069514	115959878120087
115959886003524	115959908403368	115959885960712
115959978010451	115959991735451	115959977894097
115959979627587	115960000070190	115959979592378
115959994266389	115960008405659	115959994213316
115960092601545	115960108408002	115960092481441
115960096405920	115960116740347	115960096328212
115960102757118	115960125070919	115960102713368
115960200924878	115960216725190	115960200791024
115960203014618	115960225059669	115960202968993
115960212902639	115960233394617	115960212850764
115960223948420	115960241728940	115960223882743
115960228444253	115960250061909	115960228397222
115960235706805	115960258393628	115960235666649
115960302853472	115960325068472	115960302758732
115960418506232	115960433401284	115960418282118
115960421108628	115960441733419	115960421027482
115960525505503	115960541713211	115960525391909
115960634886909	115960650021493	115960634774826
115960636365451	115960658353264	115960636318837
115960735876701	115960750006700	115960735764357
115960738064618	115960758341388	115960737995868
115960744636180	115960766675138	115960744579930
115960846975816	115960858340138	115960846923524
115960853932639	115960866674253	115960853882795
115960862995451	115960875007847	115960862969305
115960972312638	115960983341648	115960972251493
115960980049097	115960991675294	115960979953472
115961086673472	115961100008420	115961086580868
115961094437378	115961108342899	115961094379982
115961193359253	115961208328628	115961193247482
115961194980086	115961216659929	115961194939149
115961202820711	115961224992481	115961202750347
115961319719774	115961333326284	115961319546336
115961417648992	115961433313732	115961417553055
115961419309982	115961441642794	115961419249565

=== poll 1790360477.784015712
8333333
115957955274463	115957966832222	115957955220140
115957985783213	115958000167483	115957965658056
115958019039931	115958033496910	115957991276702
115958072397327	115958083501025	115958072326285
115958102421025	115958116839723	115958079047587
115958135776181	115958150178525	115958105209723
115958179831702	115958191842483	115958179775400
115958210797900	115958225171649	115958189428942
115958244136598	115958258499462	115958214341962
115958295891546	115958308486910	115958295801181
115958327436858	115958341809149	115958311528629
115958403076025	115958416783733	115958402975035
115958435923108	115958450106650	115958411508785
115958469047692	115958483437118	115958439185035
115958512654046	115958525101910	115958512566754
115958524161494	115958541769566	115958524100452
115958536079462	115958550102587	115958536029410
115958627563994	115958641750972	115958627466650
115958631097848	115958650081962	115958631040452
115958644259566	115958658411493	115958644212639
115958742400921	115958758398368	115958742320191
115958754148993	115958766730035	115958754056337
115958760922952	115958775063368	115958760855139
115958859960191	115958875046805	115958859864931
115958864163681	115958883378577	115958864112327
115958869073421	115958891710139	115958869033421
115958968786806	115958983359618	115958968658681
115958970229775	115958991694045	115958970183056
115958986080087	115959000027274	115958986016650
115959085198056	115959100031337	115959085077848
115959089189618	115959108365920	115959089111650
115959110794045	115959125033993	115959110723056
115959199162900	115959216692430	115959199032900
115959204410608	115959225026805	115959204348368
115959211170400	115959233362274	115959211108368
115959320931754	115959333385139	115959320820920
115959322510243	115959341720660	115959322462275
115959335796389	115959350057430	115959335720556
115959437979462	115959450058785	115959437833004
115959444499358	115959458393888	115959444441285
115959545381962	115959558408732	115959545257483
115959552436702	115959566742638	115959552390035
115959662871285	115959675079409	115959662728056
115959664399045	115959683412795	115959664353733
115959748840660	115959766730555	115959748734097
115959763622483	115959775063576	115959763563316
115959769191910	115959783398368	115959769152691
115959875673889	115959891735242	115959875577951
115959878174045	115959900069514	115959878120087
115959886003524	115959908403368	115959885960712
115959978010451	115959991735451	115959977894097
115959979627587	115960000070190	115959979592378
115959994266389	115960008405659	115959994213316
115960092601545	115960108408002	115960092481441
115960096405920	115960116740347	115960096328212
115960102757118	115960125070919	115960102713368
115960200924878	115960216725190	115960200791024
115960203014618	115960225059669	115960202968993
115960212902639	115960233394617	115960212850764
115960223948420	115960241728940	115960223882743
115960228444253	115960250061909	115960228397222
115960235706805	115960258393628	115960235666649
115960302853472	115960325068472	115960302758732
115960418506232	115960433401284	115960418282118
115960421108628	115960441733419	115960421027482
115960525505503	115960541713211	115960525391909
115960634886909	115960650021493	115960634774826
115960636365451	115960658353264	115960636318837
115960735876701	115960750006700	115960735764357
115960738064618	115960758341388	115960737995868
115960744636180	115960766675138	115960744579930
115960846975816	115960858340138	115960846923524
115960853932639	115960866674253	115960853882795
115960862995451	115960875007847	115960862969305
115960972312638	115960983341648	115960972251493
115960980049097	115960991675294	115960979953472
115961086673472	115961100008420	115961086580868
115961094437378	115961108342899	115961094379982
115961193359253	115961208328628	115961193247482
115961194980086	115961216659929	115961194939149
115961202820711	115961224992481	115961202750347
115961319719774	115961333326284	115961319546336
115961417648992	115961433313732	115961417553055
115961419309982	115961441642794	115961419249565
115961533608159	115961549945242	115961533508992
115961642283419	115961658259617	115961642178419
115961646707534	115961666590867	115961646638211
115961652925815	115961674921700	115961652860607
115961758781232	115961774907534	115961758646961
115961760544409	115961783239513	115961760469149
115961877637899	115961891558940	115961877449721
115961992204826	115962008205293	115961991967690
115962108026753	115962124839929	115962107883523
115962208682690	115962224800606	115962208562430
115962212465503	115962233131491	115962212383575
115962218809357	115962241461439	115962218769878
115962328173367	115962341418158	115962327968732
115962336774148	115962349751700	115962336668575
115962442384357	115962458045814	115962442251805
115962444253211	115962466378419	115962444172638
115962558376440	115962574693523	115962558264096
115962667931544	115962683002585	115962667707898
115962696869877	115962707987429	115962696781648
115962703904148	115962716315711	115962703844304
115962712243836	115962724644877	115962712180242
115962722257117	115962732974616	115962722192690
115962752441440	115962766293054	115962752370919
115962760824252	115962774623523	115962760758159
115962777254148	115962791284460	115962777187117
115962875278471	115962891246023	115962875179721
115962885427638	115962899578418	115962885372794
115962994687794	115963007883731	115962994590867
115963003142794	115963016216439	115963003064773
115963096409096	115963107865502	115963096290190
115963101964304	115963116196074	115963101897794
115963217035606	115963232839095	115963216934461
115963227133836	115963241170449	115963227082169
115963318650450	115963332820398	115963318553210
115963327215242	115963341152324	115963327161388
115963335163523	115963349485449	115963335119408
115963434340815	115963449462793	115963434172429
115963435874044	115963457794356	115963435821075
115963551539252	115963566110189	115963551446127
115963560079460	115963574442950	115963560025762
115963652145137	115963666092637	115963651985190
115963653882377	115963674424564	115963653829252
115963668595554	115963682758158	115963668547012

=== poll 1790360480.056554878
8333333
115959978010451	115959991735451	115959977894097
115959979627587	115960000070190	115959979592378
115959994266389	115960008405659	115959994213316
115960092601545	115960108408002	115960092481441
115960096405920	115960116740347	115960096328212
115960102757118	115960125070919	115960102713368
115960200924878	115960216725190	115960200791024
115960203014618	115960225059669	115960202968993
115960212902639	115960233394617	115960212850764
115960223948420	115960241728940	115960223882743
115960228444253	115960250061909	115960228397222
115960235706805	115960258393628	115960235666649
115960302853472	115960325068472	115960302758732
115960418506232	115960433401284	115960418282118
115960421108628	115960441733419	115960421027482
115960525505503	115960541713211	115960525391909
115960634886909	115960650021493	115960634774826
115960636365451	115960658353264	115960636318837
115960735876701	115960750006700	115960735764357
115960738064618	115960758341388	115960737995868
115960744636180	115960766675138	115960744579930
115960846975816	115960858340138	115960846923524
115960853932639	115960866674253	115960853882795
115960862995451	115960875007847	115960862969305
115960972312638	115960983341648	115960972251493
115960980049097	115960991675294	115960979953472
115961086673472	115961100008420	115961086580868
115961094437378	115961108342899	115961094379982
115961193359253	115961208328628	115961193247482
115961194980086	115961216659929	115961194939149
115961202820711	115961224992481	115961202750347
115961319719774	115961333326284	115961319546336
115961417648992	115961433313732	115961417553055
115961419309982	115961441642794	115961419249565
115961533608159	115961549945242	115961533508992
115961642283419	115961658259617	115961642178419
115961646707534	115961666590867	115961646638211
115961652925815	115961674921700	115961652860607
115961758781232	115961774907534	115961758646961
115961760544409	115961783239513	115961760469149
115961877637899	115961891558940	115961877449721
115961992204826	115962008205293	115961991967690
115962108026753	115962124839929	115962107883523
115962208682690	115962224800606	115962208562430
115962212465503	115962233131491	115962212383575
115962218809357	115962241461439	115962218769878
115962328173367	115962341418158	115962327968732
115962336774148	115962349751700	115962336668575
115962442384357	115962458045814	115962442251805
115962444253211	115962466378419	115962444172638
115962558376440	115962574693523	115962558264096
115962667931544	115962683002585	115962667707898
115962696869877	115962707987429	115962696781648
115962703904148	115962716315711	115962703844304
115962712243836	115962724644877	115962712180242
115962722257117	115962732974616	115962722192690
115962752441440	115962766293054	115962752370919
115962760824252	115962774623523	115962760758159
115962777254148	115962791284460	115962777187117
115962875278471	115962891246023	115962875179721
115962885427638	115962899578418	115962885372794
115962994687794	115963007883731	115962994590867
115963003142794	115963016216439	115963003064773
115963096409096	115963107865502	115963096290190
115963101964304	115963116196074	115963101897794
115963217035606	115963232839095	115963216934461
115963227133836	115963241170449	115963227082169
115963318650450	115963332820398	115963318553210
115963327215242	115963341152324	115963327161388
115963335163523	115963349485449	115963335119408
115963434340815	115963449462793	115963434172429
115963435874044	115963457794356	115963435821075
115963551539252	115963566110189	115963551446127
115963560079460	115963574442950	115963560025762
115963652145137	115963666092637	115963651985190
115963653882377	115963674424564	115963653829252
115963668595554	115963682758158	115963668547012
115963770138314	115963782719095	115963770024773
115963772207846	115963791048262	115963772162221
115963785136023	115963799378002	115963785083314
115963875469929	115963891009772	115963875361387
115963880154564	115963899341335	115963880088939
115963893606387	115963907671335	115963893552533
115963994983210	115964007652533	115963994871856
115963996539460	115964015984251	115963996443106
115964010098002	115964024317793	115964010051231
115964109006804	115964124318522	115964108895033
115964112117377	115964132653314	115964112061752
115964126882689	115964140989199	115964126834408
115964217547429	115964232652949	115964217411491
115964219046075	115964240986387	115964219005918
115964326763887	115964340988887	115964326616596
115964328291387	115964349322480	115964328240450
115964441472116	115964457644304	115964441369460
115964532211491	115964549312324	115964532126908
115964536750085	115964557647324	115964536708523
115964551798835	115964565981023	115964551756648
115964658972012	115964674293105	115964658888106
115964668437481	115964682627636	115964668376022
115964769234200	115964782636438	115964769088418
115964776920762	115964790972115	115964776868679
115964866553262	115964882617168	115964866380033
115964876785085	115964890949147	115964876718783
115964974953210	115964990935814	115964974866127
115964985980918	115964999268157	115964985913835
115965075862168	115965090922429	115965075769199
115965089547845	115965107587116	115965089492220
115965093355918	115965115918626	115965093304824
115965202551283	115965215893001	115965202451595
115965204667585	115965224223210	115965204615866
115965210539460	115965232555084	115965210470501
115965218729095	115965240886387	115965218690241
115965230270397	115965249217792	115965230219616
115965243448835	115965257547793	115965243386804
115965304193939	115965315863209	115965304101751
115965310032168	115965324195085	115965309977949
115965411664616	115965424172480	115965411548574
115965443166908	115965457493731	115965418359251
115965536475866	115965549122585	115965536302637
115965632284720	115965649110605	115965632192272
115965668087168	115965682438834	115965634790553
115965735180553	115965749110969	115965735097845
115965768056230	115965782442012	115965743057428
115965858714043	115965874130032	115965858514616
115965966083001	115965982454980	115965965945241
115965968658939	115965990789511	115965968587428
115965976620032	115965999124668	115965976553782

=== poll 1790360482.335491544
8333333
115962336774148	115962349751700	115962336668575
115962442384357	115962458045814	115962442251805
115962444253211	115962466378419	115962444172638
115962558376440	115962574693523	115962558264096
115962667931544	115962683002585	115962667707898
115962696869877	115962707987429	115962696781648
115962703904148	115962716315711	115962703844304
115962712243836	115962724644877	115962712180242
115962722257117	115962732974616	115962722192690
115962752441440	115962766293054	115962752370919
115962760824252	115962774623523	115962760758159
115962777254148	115962791284460	115962777187117
115962875278471	115962891246023	115962875179721
115962885427638	115962899578418	115962885372794
115962994687794	115963007883731	115962994590867
115963003142794	115963016216439	115963003064773
115963096409096	115963107865502	115963096290190
115963101964304	115963116196074	115963101897794
115963217035606	115963232839095	115963216934461
115963227133836	115963241170449	115963227082169
115963318650450	115963332820398	115963318553210
115963327215242	115963341152324	115963327161388
115963335163523	115963349485449	115963335119408
115963434340815	115963449462793	115963434172429
115963435874044	115963457794356	115963435821075
115963551539252	115963566110189	115963551446127
115963560079460	115963574442950	115963560025762
115963652145137	115963666092637	115963651985190
115963653882377	115963674424564	115963653829252
115963668595554	115963682758158	115963668547012
115963770138314	115963782719095	115963770024773
115963772207846	115963791048262	115963772162221
115963785136023	115963799378002	115963785083314
115963875469929	115963891009772	115963875361387
115963880154564	115963899341335	115963880088939
115963893606387	115963907671335	115963893552533
115963994983210	115964007652533	115963994871856
115963996539460	115964015984251	115963996443106
115964010098002	115964024317793	115964010051231
115964109006804	115964124318522	115964108895033
115964112117377	115964132653314	115964112061752
115964126882689	115964140989199	115964126834408
115964217547429	115964232652949	115964217411491
115964219046075	115964240986387	115964219005918
115964326763887	115964340988887	115964326616596
115964328291387	115964349322480	115964328240450
115964441472116	115964457644304	115964441369460
115964532211491	115964549312324	115964532126908
115964536750085	115964557647324	115964536708523
115964551798835	115964565981023	115964551756648
115964658972012	115964674293105	115964658888106
115964668437481	115964682627636	115964668376022
115964769234200	115964782636438	115964769088418
115964776920762	115964790972115	115964776868679
115964866553262	115964882617168	115964866380033
115964876785085	115964890949147	115964876718783
115964974953210	115964990935814	115964974866127
115964985980918	115964999268157	115964985913835
115965075862168	115965090922429	115965075769199
115965089547845	115965107587116	115965089492220
115965093355918	115965115918626	115965093304824
115965202551283	115965215893001	115965202451595
115965204667585	115965224223210	115965204615866
115965210539460	115965232555084	115965210470501
115965218729095	115965240886387	115965218690241
115965230270397	115965249217792	115965230219616
115965243448835	115965257547793	115965243386804
115965304193939	115965315863209	115965304101751
115965310032168	115965324195085	115965309977949
115965411664616	115965424172480	115965411548574
115965443166908	115965457493731	115965418359251
115965536475866	115965549122585	115965536302637
115965632284720	115965649110605	115965632192272
115965668087168	115965682438834	115965634790553
115965735180553	115965749110969	115965735097845
115965768056230	115965782442012	115965743057428
115965858714043	115965874130032	115965858514616
115965966083001	115965982454980	115965965945241
115965968658939	115965990789511	115965968587428
115965976620032	115965999124668	115965976553782
115966074635241	115966090796438	115966074502689
115966076301178	115966099130552	115966076264980
115966183065136	115966199139511	115966182932949
115966184529511	115966207474147	115966184489824
115966293668626	115966307504928	115966293542064
115966295114147	115966315840605	115966295073886
115966407617532	115966424177271	115966407502688
115966509732376	115966524189824	115966509617793
115966511327636	115966532523834	115966511263157
115966518337011	115966540858470	115966518291022
115966632826022	115966649207740	115966632710136
115966736600136	115966749226594	115966736512376
115966743319043	115966757562167	115966743262532
115966852316542	115966865892376	115966852214459
115966859980292	115966874225709	115966859928990
115966967795553	115966982540552	115966967705188
115966977694876	115966990871594	115966977631542
115967083206647	115967099180083	115967083089303
115967085158938	115967107512428	115967085111126
115967201982115	115967215833261	115967201843938
115967203843626	115967224168365	115967203773574
115967212290917	115967232502323	115967212194772
115967303018938	115967315841386	115967302941178
115967309876490	115967324176281	115967309827844
115967416185709	115967432507532	115967416101230
115967427282428	115967440841073	115967427214824
115967541098209	115967557511490	115967541012376
115967644808886	115967657492896	115967644713782
115967651515917	115967665825760	115967651471646
115967695744928	115967707485448	115967695585344
115967702480396	115967715818365	115967702423625
115967712550188	115967724152740	115967712499823
115967718284563	115967732487166	115967718241230
115967747729563	115967765823573	115967747666907
115967762704459	115967774157114	115967762651698
115967776923365	115967790824927	115967776843886
115967851913782	115967865835291	115967851815292
115967860650240	115967874168834	115967860601803
115967868563782	115967882502063	115967868493261
115967978088677	115967990829875	115967977976073
115967979608209	115967999163521	115967979574511
115967984892323	115968007496959	115967984845396
115968075345448	115968090833312	115968075248469
115968085313990	115968099165812	115968085250917
115968184758625	115968199168052	115968184637896
115968218117011	115968232503365	115968193311542
115968251423677	115968265835656	115968220228834

=== poll 1790360484.595624616
8333333
115964866553262	115964882617168	115964866380033
115964876785085	115964890949147	115964876718783
115964974953210	115964990935814	115964974866127
115964985980918	115964999268157	115964985913835
115965075862168	115965090922429	115965075769199
115965089547845	115965107587116	115965089492220
115965093355918	115965115918626	115965093304824
115965202551283	115965215893001	115965202451595
115965204667585	115965224223210	115965204615866
115965210539460	115965232555084	115965210470501
115965218729095	115965240886387	115965218690241
115965230270397	115965249217792	115965230219616
115965243448835	115965257547793	115965243386804
115965304193939	115965315863209	115965304101751
115965310032168	115965324195085	115965309977949
115965411664616	115965424172480	115965411548574
115965443166908	115965457493731	115965418359251
115965536475866	115965549122585	115965536302637
115965632284720	115965649110605	115965632192272
115965668087168	115965682438834	115965634790553
115965735180553	115965749110969	115965735097845
115965768056230	115965782442012	115965743057428
115965858714043	115965874130032	115965858514616
115965966083001	115965982454980	115965965945241
115965968658939	115965990789511	115965968587428
115965976620032	115965999124668	115965976553782
115966074635241	115966090796438	115966074502689
115966076301178	115966099130552	115966076264980
115966183065136	115966199139511	115966182932949
115966184529511	115966207474147	115966184489824
115966293668626	115966307504928	115966293542064
115966295114147	115966315840605	115966295073886
115966407617532	115966424177271	115966407502688
115966509732376	115966524189824	115966509617793
115966511327636	115966532523834	115966511263157
115966518337011	115966540858470	115966518291022
115966632826022	115966649207740	115966632710136
115966736600136	115966749226594	115966736512376
115966743319043	115966757562167	115966743262532
115966852316542	115966865892376	115966852214459
115966859980292	115966874225709	115966859928990
115966967795553	115966982540552	115966967705188
115966977694876	115966990871594	115966977631542
115967083206647	115967099180083	115967083089303
115967085158938	115967107512428	115967085111126
115967201982115	115967215833261	115967201843938
115967203843626	115967224168365	115967203773574
115967212290917	115967232502323	115967212194772
115967303018938	115967315841386	115967302941178
115967309876490	115967324176281	115967309827844
115967416185709	115967432507532	115967416101230
115967427282428	115967440841073	115967427214824
115967541098209	115967557511490	115967541012376
115967644808886	115967657492896	115967644713782
115967651515917	115967665825760	115967651471646
115967695744928	115967707485448	115967695585344
115967702480396	115967715818365	115967702423625
115967712550188	115967724152740	115967712499823
115967718284563	115967732487166	115967718241230
115967747729563	115967765823573	115967747666907
115967762704459	115967774157114	115967762651698
115967776923365	115967790824927	115967776843886
115967851913782	115967865835291	115967851815292
115967860650240	115967874168834	115967860601803
115967868563782	115967882502063	115967868493261
115967978088677	115967990829875	115967977976073
115967979608209	115967999163521	115967979574511
115967984892323	115968007496959	115967984845396
115968075345448	115968090833312	115968075248469
115968085313990	115968099165812	115968085250917
115968184758625	115968199168052	115968184637896
115968218117011	115968232503365	115968193311542
115968251423677	115968265835656	115968220228834
115968301979354	115968315826697	115968301895032
115968334797844	115968349150187	115968318531021
115968410459198	115968424120864	115968410374198
115968443140396	115968457446333	115968420885344
115968476411698	115968490777999	115968445402063
115968511038365	115968524108417	115968510955292
115968543113417	115968557435187	115968520970240
115968576432479	115968590761802	115968545297063
115968627832427	115968640771385	115968627753469
115968659674927	115968674112895	115968635317688
115968693093625	115968707448364	115968661782740
115968728245083	115968740787114	115968728163729
115968743854719	115968757455812	115968743774667
115968751797583	115968765790656	115968751739563
115968842829875	115968857448156	115968842679094
115968844479458	115968865779718	115968844428365
115968868414823	115968882443521	115968868343781
115968978006073	115968990765604	115968977854979
115968986098521	115968999099145	115968986019875
115969084169458	115969099058728	115969084070552
115969093189927	115969107388729	115969093142844
115969192982792	115969207353207	115969192886125
115969197761437	115969215687114	115969197716073
115969201932323	115969224022531	115969201884562
115969301498312	115969315694770	115969301379979
115969309984510	115969324027583	115969309875500
115969401906437	115969415664822	115969401818833
115969406183208	115969423995135	115969406139198
115969418298989	115969432326177	115969418239094
115969529420083	115969540626749	115969529288625
115969534799771	115969548957999	115969534737583
115969626111958	115969640594406	115969625997218
115969627709458	115969648925135	115969627652687
115969643198156	115969657256749	115969643144510
115969753048833	115969765556332	115969752901437
115969759913833	115969773887635	115969759832635
115969835588573	115969848867322	115969835515291
115969845210604	115969857199093	115969845153833
115969859724927	115969873864770	115969859655604
115969969600083	115969982208520	115969969491698
115969976326281	115969990544406	115969976256281
115970077176593	115970090557582	115970077083729
115970085209302	115970098891281	115970085150656
115970193223052	115970207253311	115970193129822
115970202421906	115970215591436	115970202372427
115970212385031	115970223928051	115970212330343
115970226250500	115970240597218	115970226193781
115970273200447	115970290611592	115970273129249
115970288025447	115970298947530	115970287949093
115970293591177	115970307282530	115970293533729
115970407710916	115970423992061	115970407597166
115970410134145	115970432327322	115970410059354
115970526353520	115970540687270	115970526227531
115970527831124	115970549023468	115970527781906

=== poll 1790360486.851452844
8333333
115966632826022	115966649207740	115966632710136
115966736600136	115966749226594	115966736512376
115966743319043	115966757562167	115966743262532
115966852316542	115966865892376	115966852214459
115966859980292	115966874225709	115966859928990
115966967795553	115966982540552	115966967705188
115966977694876	115966990871594	115966977631542
115967083206647	115967099180083	115967083089303
115967085158938	115967107512428	115967085111126
115967201982115	115967215833261	115967201843938
115967203843626	115967224168365	115967203773574
115967212290917	115967232502323	115967212194772
115967303018938	115967315841386	115967302941178
115967309876490	115967324176281	115967309827844
115967416185709	115967432507532	115967416101230
115967427282428	115967440841073	115967427214824
115967541098209	115967557511490	115967541012376
115967644808886	115967657492896	115967644713782
115967651515917	115967665825760	115967651471646
115967695744928	115967707485448	115967695585344
115967702480396	115967715818365	115967702423625
115967712550188	115967724152740	115967712499823
115967718284563	115967732487166	115967718241230
115967747729563	115967765823573	115967747666907
115967762704459	115967774157114	115967762651698
115967776923365	115967790824927	115967776843886
115967851913782	115967865835291	115967851815292
115967860650240	115967874168834	115967860601803
115967868563782	115967882502063	115967868493261
115967978088677	115967990829875	115967977976073
115967979608209	115967999163521	115967979574511
115967984892323	115968007496959	115967984845396
115968075345448	115968090833312	115968075248469
115968085313990	115968099165812	115968085250917
115968184758625	115968199168052	115968184637896
115968218117011	115968232503365	115968193311542
115968251423677	115968265835656	115968220228834
115968301979354	115968315826697	115968301895032
115968334797844	115968349150187	115968318531021
115968410459198	115968424120864	115968410374198
115968443140396	115968457446333	115968420885344
115968476411698	115968490777999	115968445402063
115968511038365	115968524108417	115968510955292
115968543113417	115968557435187	115968520970240
115968576432479	115968590761802	115968545297063
115968627832427	115968640771385	115968627753469
115968659674927	115968674112895	115968635317688
115968693093625	115968707448364	115968661782740
115968728245083	115968740787114	115968728163729
115968743854719	115968757455812	115968743774667
115968751797583	115968765790656	115968751739563
115968842829875	115968857448156	115968842679094
115968844479458	115968865779718	115968844428365
115968868414823	115968882443521	115968868343781
115968978006073	115968990765604	115968977854979
115968986098521	115968999099145	115968986019875
115969084169458	115969099058728	115969084070552
115969093189927	115969107388729	115969093142844
115969192982792	115969207353207	115969192886125
115969197761437	115969215687114	115969197716073
115969201932323	115969224022531	115969201884562
115969301498312	115969315694770	115969301379979
115969309984510	115969324027583	115969309875500
115969401906437	115969415664822	115969401818833
115969406183208	115969423995135	115969406139198
115969418298989	115969432326177	115969418239094
115969529420083	115969540626749	115969529288625
115969534799771	115969548957999	115969534737583
115969626111958	115969640594406	115969625997218
115969627709458	115969648925135	115969627652687
115969643198156	115969657256749	115969643144510
115969753048833	115969765556332	115969752901437
115969759913833	115969773887635	115969759832635
115969835588573	115969848867322	115969835515291
115969845210604	115969857199093	115969845153833
115969859724927	115969873864770	115969859655604
115969969600083	115969982208520	115969969491698
115969976326281	115969990544406	115969976256281
115970077176593	115970090557582	115970077083729
115970085209302	115970098891281	115970085150656
115970193223052	115970207253311	115970193129822
115970202421906	115970215591436	115970202372427
115970212385031	115970223928051	115970212330343
115970226250500	115970240597218	115970226193781
115970273200447	115970290611592	115970273129249
115970288025447	115970298947530	115970287949093
115970293591177	115970307282530	115970293533729
115970407710916	115970423992061	115970407597166
115970410134145	115970432327322	115970410059354
115970526353520	115970540687270	115970526227531
115970527831124	115970549023468	115970527781906
115970625342270	115970640702739	115970625231020
115970626793781	115970649037374	115970626756854
115970711785083	115970724039093	115970711698781
115970726618833	115970740706592	115970726558885
115970817553885	115970832384822	115970817466333
115970843553885	115970857385134	115970843451801
115970944422478	115970957404405	115970944304562
115970951558260	115970965740291	115970951485135
115971066823780	115971082435707	115971066688572
115971068639822	115971090772999	115971068601437
115971178097426	115971190806280	115971177984093
115971180335499	115971199140759	115971180272843
115971291735916	115971307496540	115971291591280
115971407032322	115971424221279	115971406917895
115971518513832	115971532590759	115971518293312
115971624756228	115971640959665	115971624599561
115971628253311	115971649296644	115971628172582
115971733738572	115971749314978	115971733585499
115971735432530	115971757647634	115971735350239
115971835069666	115971849320968	115971834960134
115971836620291	115971857653624	115971836552686
115971843378676	115971865988311	115971843326801
115971949663572	115971966007999	115971949567582
115972065672165	115972082684509	115972065530082
115972174656540	115972190997113	115972174539822
115972282131645	115972299309561	115972282053467
115972392968363	115972407608831	115972392743415
115972395272790	115972415939978	115972395178311
115972509318311	115972524260029	115972509179978
115972617284874	115972632549873	115972617085915
115972723914874	115972740863414	115972723813728
115972730664092	115972749195550	115972730608363
115972736349874	115972757529300	115972736295290
115972744488155	115972765863154	115972744442894
115972754211488	115972774196852	115972754167426
115972771763051	115972782530341	115972771709926

=== poll 1790360489.106297114
8333333
115969084169458	115969099058728	115969084070552
115969093189927	115969107388729	115969093142844
115969192982792	115969207353207	115969192886125
115969197761437	115969215687114	115969197716073
115969201932323	115969224022531	115969201884562
115969301498312	115969315694770	115969301379979
115969309984510	115969324027583	115969309875500
115969401906437	115969415664822	115969401818833
115969406183208	115969423995135	115969406139198
115969418298989	115969432326177	115969418239094
115969529420083	115969540626749	115969529288625
115969534799771	115969548957999	115969534737583
115969626111958	115969640594406	115969625997218
115969627709458	115969648925135	115969627652687
115969643198156	115969657256749	115969643144510
115969753048833	115969765556332	115969752901437
115969759913833	115969773887635	115969759832635
115969835588573	115969848867322	115969835515291
115969845210604	115969857199093	115969845153833
115969859724927	115969873864770	115969859655604
115969969600083	115969982208520	115969969491698
115969976326281	115969990544406	115969976256281
115970077176593	115970090557582	115970077083729
115970085209302	115970098891281	115970085150656
115970193223052	115970207253311	115970193129822
115970202421906	115970215591436	115970202372427
115970212385031	115970223928051	115970212330343
115970226250500	115970240597218	115970226193781
115970273200447	115970290611592	115970273129249
115970288025447	115970298947530	115970287949093
115970293591177	115970307282530	115970293533729
115970407710916	115970423992061	115970407597166
115970410134145	115970432327322	115970410059354
115970526353520	115970540687270	115970526227531
115970527831124	115970549023468	115970527781906
115970625342270	115970640702739	115970625231020
115970626793781	115970649037374	115970626756854
115970711785083	115970724039093	115970711698781
115970726618833	115970740706592	115970726558885
115970817553885	115970832384822	115970817466333
115970843553885	115970857385134	115970843451801
115970944422478	115970957404405	115970944304562
115970951558260	115970965740291	115970951485135
115971066823780	115971082435707	115971066688572
115971068639822	115971090772999	115971068601437
115971178097426	115971190806280	115971177984093
115971180335499	115971199140759	115971180272843
115971291735916	115971307496540	115971291591280
115971407032322	115971424221279	115971406917895
115971518513832	115971532590759	115971518293312
115971624756228	115971640959665	115971624599561
115971628253311	115971649296644	115971628172582
115971733738572	115971749314978	115971733585499
115971735432530	115971757647634	115971735350239
115971835069666	115971849320968	115971834960134
115971836620291	115971857653624	115971836552686
115971843378676	115971865988311	115971843326801
115971949663572	115971966007999	115971949567582
115972065672165	115972082684509	115972065530082
115972174656540	115972190997113	115972174539822
115972282131645	115972299309561	115972282053467
115972392968363	115972407608831	115972392743415
115972395272790	115972415939978	115972395178311
115972509318311	115972524260029	115972509179978
115972617284874	115972632549873	115972617085915
115972723914874	115972740863414	115972723813728
115972730664092	115972749195550	115972730608363
115972736349874	115972757529300	115972736295290
115972744488155	115972765863154	115972744442894
115972754211488	115972774196852	115972754167426
115972771763051	115972782530341	115972771709926
115972810421644	115972824196331	115972810302634
115972818423780	115972832528779	115972818364665
115972928051280	115972940839456	115972927927478
115972929532478	115972949169873	115972929490915
115972935362686	115972957500863	115972935309248
115973022682946	115973040812216	115973022596071
115973038756592	115973057478571	115973038680707
115973043215290	115973065811800	115973043158207
115973131006748	115973149117529	115973130907009
115973146521644	115973157448728	115973146441123
115973151624144	115973165780394	115973151576280
115973251269561	115973265751070	115973251159300
115973252944144	115973274082165	115973252817217
115973268198259	115973282414300	115973268148936
115973361743519	115973374068832	115973361636696
115973370170863	115973382400810	115973370101332
115973376701592	115973390734352	115973376619040
115973477414405	115973490724872	115973477307165
115973478939821	115973499056019	115973478891592
115973493139717	115973507387633	115973493073675
115973601319977	115973615691695	115973601153519
115973603115029	115973624023622	115973603013154
115973677343936	115973690677529	115973677267165
115973693180238	115973707338779	115973693113259
115973709791852	115973724000549	115973709741592
115973813232009	115973823969248	115973813161436
115973821785394	115973832298571	115973821732009
115973829144977	115973840628414	115973829108988
115973911468050	115973923921956	115973911418467
115973921484352	115973932251279	115973921406748
115973935400238	115973948911956	115973935341227
115974013644977	115974032206643	115974013578258
115974028358467	115974040535810	115974028296279
115974045543415	115974057196071	115974045477946
115974128167113	115974140516227	115974128112373
115974138140706	115974148847581	115974138094508
115974151893258	115974165509872	115974151842581
115974260748883	115974273828362	115974260662321
115974269099456	115974282160393	115974269035290
115974366309821	115974382145341	115974366205238
115974371859665	115974390477894	115974371818363
115974384525758	115974398809717	115974384479404
115974484145550	115974498795758	115974484029144
115974485665498	115974507127372	115974485617998
115974501647633	115974515457737	115974501569092
115974590947685	115974607108622	115974590844092
115974594659665	115974615441018	115974594588310
115974610019508	115974623774976	115974609838675
115974717866852	115974732104508	115974717769196
115974728348258	115974740436800	115974728232581
115974804272737	115974815407321	115974804171800
115974814181696	115974832070029	115974814126227
115974817868414	115974840401539	115974817828779
115974926276748	115974940370549	115974926187373
115974934734456	115974948701591	115974934673102
115975041963779	9223372036854775807	115975041867321

=== poll 1790360491.356824405
8333333
115970843553885	115970857385134	115970843451801
115970944422478	115970957404405	115970944304562
115970951558260	115970965740291	115970951485135
115971066823780	115971082435707	115971066688572
115971068639822	115971090772999	115971068601437
115971178097426	115971190806280	115971177984093
115971180335499	115971199140759	115971180272843
115971291735916	115971307496540	115971291591280
115971407032322	115971424221279	115971406917895
115971518513832	115971532590759	115971518293312
115971624756228	115971640959665	115971624599561
115971628253311	115971649296644	115971628172582
115971733738572	115971749314978	115971733585499
115971735432530	115971757647634	115971735350239
115971835069666	115971849320968	115971834960134
115971836620291	115971857653624	115971836552686
115971843378676	115971865988311	115971843326801
115971949663572	115971966007999	115971949567582
115972065672165	115972082684509	115972065530082
115972174656540	115972190997113	115972174539822
115972282131645	115972299309561	115972282053467
115972392968363	115972407608831	115972392743415
115972395272790	115972415939978	115972395178311
115972509318311	115972524260029	115972509179978
115972617284874	115972632549873	115972617085915
115972723914874	115972740863414	115972723813728
115972730664092	115972749195550	115972730608363
115972736349874	115972757529300	115972736295290
115972744488155	115972765863154	115972744442894
115972754211488	115972774196852	115972754167426
115972771763051	115972782530341	115972771709926
115972810421644	115972824196331	115972810302634
115972818423780	115972832528779	115972818364665
115972928051280	115972940839456	115972927927478
115972929532478	115972949169873	115972929490915
115972935362686	115972957500863	115972935309248
115973022682946	115973040812216	115973022596071
115973038756592	115973057478571	115973038680707
115973043215290	115973065811800	115973043158207
115973131006748	115973149117529	115973130907009
115973146521644	115973157448728	115973146441123
115973151624144	115973165780394	115973151576280
115973251269561	115973265751070	115973251159300
115973252944144	115973274082165	115973252817217
115973268198259	115973282414300	115973268148936
115973361743519	115973374068832	115973361636696
115973370170863	115973382400810	115973370101332
115973376701592	115973390734352	115973376619040
115973477414405	115973490724872	115973477307165
115973478939821	115973499056019	115973478891592
115973493139717	115973507387633	115973493073675
115973601319977	115973615691695	115973601153519
115973603115029	115973624023622	115973603013154
115973677343936	115973690677529	115973677267165
115973693180238	115973707338779	115973693113259
115973709791852	115973724000549	115973709741592
115973813232009	115973823969248	115973813161436
115973821785394	115973832298571	115973821732009
115973829144977	115973840628414	115973829108988
115973911468050	115973923921956	115973911418467
115973921484352	115973932251279	115973921406748
115973935400238	115973948911956	115973935341227
115974013644977	115974032206643	115974013578258
115974028358467	115974040535810	115974028296279
115974045543415	115974057196071	115974045477946
115974128167113	115974140516227	115974128112373
115974138140706	115974148847581	115974138094508
115974151893258	115974165509872	115974151842581
115974260748883	115974273828362	115974260662321
115974269099456	115974282160393	115974269035290
115974366309821	115974382145341	115974366205238
115974371859665	115974390477894	115974371818363
115974384525758	115974398809717	115974384479404
115974484145550	115974498795758	115974484029144
115974485665498	115974507127372	115974485617998
115974501647633	115974515457737	115974501569092
115974590947685	115974607108622	115974590844092
115974594659665	115974615441018	115974594588310
115974610019508	115974623774976	115974609838675
115974717866852	115974732104508	115974717769196
115974728348258	115974740436800	115974728232581
115974804272737	115974815407321	115974804171800
115974814181696	115974832070029	115974814126227
115974817868414	115974840401539	115974817828779
115974926276748	115974940370549	115974926187373
115974934734456	115974948701591	115974934673102
115975041963779	115975057005914	115975041867321
115975051121435	115975065337789	115975051067373
115975141141018	115975156976695	115975140977581
115975144737841	115975165308414	115975144683258
115975159481852	115975173642685	115975159432998
115975193357581	115975206971955	115975193277321
115975201810185	115975215303674	115975201738258
115975213228206	115975231968883	115975213152685
115975227798414	115975240300758	115975227748362
115975243349248	115975256966174	115975243293623
115975253228362	115975265297008	115975253176331
115975267948258	115975281955966	115975267892529
115975376298675	115975390238779	115975376090341
115975385163258	115975398569872	115975385058727
115975476734039	115975490214351	115975476649664
115975484490289	115975498546122	115975484423518
115975590805237	115975606856122	115975590701435
115975626077529	115975640170549	115975592329612
115975701177737	115975715155653	115975701062945
115975816439352	115975831787945	115975816275706
115975850760810	115975865112372	115975818206279
115975926239404	115975940098830	115975926149560
115976048916122	115976065050081	115976048770237
115976158406904	115976173355497	115976158317476
115976167887476	115976181687424	115976167793622
115976267186799	115976281660028	115976267062841
115976268689872	115976289991226	115976268608153
115976277945497	115976298321798	115976277869768
115976373993726	115976389977528	115976373885185
115976375498101	115976398310861	115976375458622
115976493258205	115976506630288	115976493155393
115976494761330	115976514963413	115976494722320
115976607114143	115976623272267	115976607005341
115976723995549	115976739898674	115976723907528
115976828416122	115976839868257	115976828349768
115976945536382	115976956497997	115976945444195
115977043642528	115977056473049	115977043578622
115977052809143	115977064805861	115977052767111
115977173390445	115977189769559	115977173280809
115977290221695	115977306370809	115977290102424
115977291808257	9223372036854775807	115977291772788

=== poll 1790360493.620152946
8333333
115972929532478	115972949169873	115972929490915
115972935362686	115972957500863	115972935309248
115973022682946	115973040812216	115973022596071
115973038756592	115973057478571	115973038680707
115973043215290	115973065811800	115973043158207
115973131006748	115973149117529	115973130907009
115973146521644	115973157448728	115973146441123
115973151624144	115973165780394	115973151576280
115973251269561	115973265751070	115973251159300
115973252944144	115973274082165	115973252817217
115973268198259	115973282414300	115973268148936
115973361743519	115973374068832	115973361636696
115973370170863	115973382400810	115973370101332
115973376701592	115973390734352	115973376619040
115973477414405	115973490724872	115973477307165
115973478939821	115973499056019	115973478891592
115973493139717	115973507387633	115973493073675
115973601319977	115973615691695	115973601153519
115973603115029	115973624023622	115973603013154
115973677343936	115973690677529	115973677267165
115973693180238	115973707338779	115973693113259
115973709791852	115973724000549	115973709741592
115973813232009	115973823969248	115973813161436
115973821785394	115973832298571	115973821732009
115973829144977	115973840628414	115973829108988
115973911468050	115973923921956	115973911418467
115973921484352	115973932251279	115973921406748
115973935400238	115973948911956	115973935341227
115974013644977	115974032206643	115974013578258
115974028358467	115974040535810	115974028296279
115974045543415	115974057196071	115974045477946
115974128167113	115974140516227	115974128112373
115974138140706	115974148847581	115974138094508
115974151893258	115974165509872	115974151842581
115974260748883	115974273828362	115974260662321
115974269099456	115974282160393	115974269035290
115974366309821	115974382145341	115974366205238
115974371859665	115974390477894	115974371818363
115974384525758	115974398809717	115974384479404
115974484145550	115974498795758	115974484029144
115974485665498	115974507127372	115974485617998
115974501647633	115974515457737	115974501569092
115974590947685	115974607108622	115974590844092
115974594659665	115974615441018	115974594588310
115974610019508	115974623774976	115974609838675
115974717866852	115974732104508	115974717769196
115974728348258	115974740436800	115974728232581
115974804272737	115974815407321	115974804171800
115974814181696	115974832070029	115974814126227
115974817868414	115974840401539	115974817828779
115974926276748	115974940370549	115974926187373
115974934734456	115974948701591	115974934673102
115975041963779	115975057005914	115975041867321
115975051121435	115975065337789	115975051067373
115975141141018	115975156976695	115975140977581
115975144737841	115975165308414	115975144683258
115975159481852	115975173642685	115975159432998
115975193357581	115975206971955	115975193277321
115975201810185	115975215303674	115975201738258
115975213228206	115975231968883	115975213152685
115975227798414	115975240300758	115975227748362
115975243349248	115975256966174	115975243293623
115975253228362	115975265297008	115975253176331
115975267948258	115975281955966	115975267892529
115975376298675	115975390238779	115975376090341
115975385163258	115975398569872	115975385058727
115975476734039	115975490214351	115975476649664
115975484490289	115975498546122	115975484423518
115975590805237	115975606856122	115975590701435
115975626077529	115975640170549	115975592329612
115975701177737	115975715155653	115975701062945
115975816439352	115975831787945	115975816275706
115975850760810	115975865112372	115975818206279
115975926239404	115975940098830	115975926149560
115976048916122	115976065050081	115976048770237
115976158406904	115976173355497	115976158317476
115976167887476	115976181687424	115976167793622
115976267186799	115976281660028	115976267062841
115976268689872	115976289991226	115976268608153
115976277945497	115976298321798	115976277869768
115976373993726	115976389977528	115976373885185
115976375498101	115976398310861	115976375458622
115976493258205	115976506630288	115976493155393
115976494761330	115976514963413	115976494722320
115976607114143	115976623272267	115976607005341
115976723995549	115976739898674	115976723907528
115976828416122	115976839868257	115976828349768
115976945536382	115976956497997	115976945444195
115977043642528	115977056473049	115977043578622
115977052809143	115977064805861	115977052767111
115977173390445	115977189769559	115977173280809
115977290221695	115977306370809	115977290102424
115977291808257	115977314702110	115977291772788
115977398279038	115977414676538	115977398180705
115977506022424	115977522992736	115977505910757
115977508681226	115977531325705	115977508631018
115977616710601	115977631326486	115977616602215
115977618203309	115977639661381	115977618152372
115977723946486	115977739657319	115977723835392
115977725538726	115977747990705	115977725503778
115977848117945	115977864665027	115977848031955
115977934679767	115977947988412	115977934608465
115977950401122	115977964656746	115977950348622
115978064810549	115978081308361	115978064689038
115978067239507	115978089639350	115978067194611
115978183498101	115978197957579	115978183376694
115978184944715	115978206291486	115978184897736
115978290811434	115978306266277	115978290699976
115978292388153	115978314597371	115978292329351
115978409820080	115978422880705	115978409618413
115978507192528	115978522846329	115978507083361
115978509161069	115978531178256	115978509097892
115978615115288	115978631151642	115978615000861
115978616845965	115978639484506	115978616781069
115978731611173	115978747805912	115978731492840
115978833969350	115978847811017	115978833828361
115978835592840	115978856147110	115978835540080
115978842098465	115978864481121	115978842016955
115978948141173	115978964473777	115978948032580
115979056678986	115979072809975	115979056553048
115979058749611	115979081144975	115979058684298
115979176801017	115979189475391	115979176573048
115979178689246	115979197807735	115979178570027
115979281599038	115979297766849	115979281418934
115979389977944	115979406074089	115979389877267
115979391995288	115979414404610	115979391930913
115979506316538	115979522713360	115979506193100

=== poll 1790360495.891097112
8333333
115974501647633	115974515457737	115974501569092
115974590947685	115974607108622	115974590844092
115974594659665	115974615441018	115974594588310
115974610019508	115974623774976	115974609838675
115974717866852	115974732104508	115974717769196
115974728348258	115974740436800	115974728232581
115974804272737	115974815407321	115974804171800
115974814181696	115974832070029	115974814126227
115974817868414	115974840401539	115974817828779
115974926276748	115974940370549	115974926187373
115974934734456	115974948701591	115974934673102
115975041963779	115975057005914	115975041867321
115975051121435	115975065337789	115975051067373
115975141141018	115975156976695	115975140977581
115975144737841	115975165308414	115975144683258
115975159481852	115975173642685	115975159432998
115975193357581	115975206971955	115975193277321
115975201810185	115975215303674	115975201738258
115975213228206	115975231968883	115975213152685
115975227798414	115975240300758	115975227748362
115975243349248	115975256966174	115975243293623
115975253228362	115975265297008	115975253176331
115975267948258	115975281955966	115975267892529
115975376298675	115975390238779	115975376090341
115975385163258	115975398569872	115975385058727
115975476734039	115975490214351	115975476649664
115975484490289	115975498546122	115975484423518
115975590805237	115975606856122	115975590701435
115975626077529	115975640170549	115975592329612
115975701177737	115975715155653	115975701062945
115975816439352	115975831787945	115975816275706
115975850760810	115975865112372	115975818206279
115975926239404	115975940098830	115975926149560
115976048916122	115976065050081	115976048770237
115976158406904	115976173355497	115976158317476
115976167887476	115976181687424	115976167793622
115976267186799	115976281660028	115976267062841
115976268689872	115976289991226	115976268608153
115976277945497	115976298321798	115976277869768
115976373993726	115976389977528	115976373885185
115976375498101	115976398310861	115976375458622
115976493258205	115976506630288	115976493155393
115976494761330	115976514963413	115976494722320
115976607114143	115976623272267	115976607005341
115976723995549	115976739898674	115976723907528
115976828416122	115976839868257	115976828349768
115976945536382	115976956497997	115976945444195
115977043642528	115977056473049	115977043578622
115977052809143	115977064805861	115977052767111
115977173390445	115977189769559	115977173280809
115977290221695	115977306370809	115977290102424
115977291808257	115977314702110	115977291772788
115977398279038	115977414676538	115977398180705
115977506022424	115977522992736	115977505910757
115977508681226	115977531325705	115977508631018
115977616710601	115977631326486	115977616602215
115977618203309	115977639661381	115977618152372
115977723946486	115977739657319	115977723835392
115977725538726	115977747990705	115977725503778
115977848117945	115977864665027	115977848031955
115977934679767	115977947988412	115977934608465
115977950401122	115977964656746	115977950348622
115978064810549	115978081308361	115978064689038
115978067239507	115978089639350	115978067194611
115978183498101	115978197957579	115978183376694
115978184944715	115978206291486	115978184897736
115978290811434	115978306266277	115978290699976
115978292388153	115978314597371	115978292329351
115978409820080	115978422880705	115978409618413
115978507192528	115978522846329	115978507083361
115978509161069	115978531178256	115978509097892
115978615115288	115978631151642	115978615000861
115978616845965	115978639484506	115978616781069
115978731611173	115978747805912	115978731492840
115978833969350	115978847811017	115978833828361
115978835592840	115978856147110	115978835540080
115978842098465	115978864481121	115978842016955
115978948141173	115978964473777	115978948032580
115979056678986	115979072809975	115979056553048
115979058749611	115979081144975	115979058684298
115979176801017	115979189475391	115979176573048
115979178689246	115979197807735	115979178570027
115979281599038	115979297766849	115979281418934
115979389977944	115979406074089	115979389877267
115979391995288	115979414404610	115979391930913
115979506316538	115979522713360	115979506193100
115979608316433	115979622703204	115979608195913
115979610039611	115979631035860	115979609981642
115979617755652	115979639369558	115979617614090
115979726371850	115979739352579	115979726267840
115979727998777	115979747684454	115979727946121
115979733573933	115979756017631	115979733533256
115979809795600	115979822678412	115979809694975
115979816721173	115979831012110	115979816677110
115979925926902	115979939337423	115979925838308
115979933276746	115979947671277	115979933230079
115980048990287	115980064334350	115980048519923
115980050988204	115980072666589	115980050922371
115980156451798	115980172655235	115980156349819
115980267257110	115980280988880	115980267121746
115980275888464	115980289321797	115980275774402
115980381501381	115980397638152	115980381382058
115980383579923	115980405969818	115980383519350
115980489851381	115980505945912	115980489715860
115980491852839	115980514276172	115980491799246
115980607045183	115980622581797	115980606929298
115980707167371	115980722535652	115980707042318
115980708687110	115980730866172	115980708650339
115980823554506	115980839159558	115980823439923
115980825059298	115980847490495	115980825023673
115980933952527	115980947464245	115980933874870
115980941788985	115980955796381	115980941726120
115981047526902	115981064098360	115981047443412
115981156201329	115981172412890	115981156099350
115981263379141	115981280706276	115981263303620
115981373098985	115981389004297	115981372982735
115981374579037	115981397336849	115981374536120
115981482601276	115981497306953	115981482474714
115981484086797	115981505639089	115981484053204
115981491618516	115981513970339	115981491577995
115981599891329	115981613957630	115981599762006
115981601875756	115981622288620	115981601817266
115981706255391	115981722267265	115981706092110
115981707763047	115981730598516	115981707733099
115981815302474	115981830569505	115981815200339
115981816877943	115981838900182	115981816838151
115981824602943	115981847230599	115981824543464

=== poll 1790360498.174868934
8333333
115976167887476	115976181687424	115976167793622
115976267186799	115976281660028	115976267062841
115976268689872	115976289991226	115976268608153
115976277945497	115976298321798	115976277869768
115976373993726	115976389977528	115976373885185
115976375498101	115976398310861	115976375458622
115976493258205	115976506630288	115976493155393
115976494761330	115976514963413	115976494722320
115976607114143	115976623272267	115976607005341
115976723995549	115976739898674	115976723907528
115976828416122	115976839868257	115976828349768
115976945536382	115976956497997	115976945444195
115977043642528	115977056473049	115977043578622
115977052809143	115977064805861	115977052767111
115977173390445	115977189769559	115977173280809
115977290221695	115977306370809	115977290102424
115977291808257	115977314702110	115977291772788
115977398279038	115977414676538	115977398180705
115977506022424	115977522992736	115977505910757
115977508681226	115977531325705	115977508631018
115977616710601	115977631326486	115977616602215
115977618203309	115977639661381	115977618152372
115977723946486	115977739657319	115977723835392
115977725538726	115977747990705	115977725503778
115977848117945	115977864665027	115977848031955
115977934679767	115977947988412	115977934608465
115977950401122	115977964656746	115977950348622
115978064810549	115978081308361	115978064689038
115978067239507	115978089639350	115978067194611
115978183498101	115978197957579	115978183376694
115978184944715	115978206291486	115978184897736
115978290811434	115978306266277	115978290699976
115978292388153	115978314597371	115978292329351
115978409820080	115978422880705	115978409618413
115978507192528	115978522846329	115978507083361
115978509161069	115978531178256	115978509097892
115978615115288	115978631151642	115978615000861
115978616845965	115978639484506	115978616781069
115978731611173	115978747805912	115978731492840
115978833969350	115978847811017	115978833828361
115978835592840	115978856147110	115978835540080
115978842098465	115978864481121	115978842016955
115978948141173	115978964473777	115978948032580
115979056678986	115979072809975	115979056553048
115979058749611	115979081144975	115979058684298
115979176801017	115979189475391	115979176573048
115979178689246	115979197807735	115979178570027
115979281599038	115979297766849	115979281418934
115979389977944	115979406074089	115979389877267
115979391995288	115979414404610	115979391930913
115979506316538	115979522713360	115979506193100
115979608316433	115979622703204	115979608195913
115979610039611	115979631035860	115979609981642
115979617755652	115979639369558	115979617614090
115979726371850	115979739352579	115979726267840
115979727998777	115979747684454	115979727946121
115979733573933	115979756017631	115979733533256
115979809795600	115979822678412	115979809694975
115979816721173	115979831012110	115979816677110
115979925926902	115979939337423	115979925838308
115979933276746	115979947671277	115979933230079
115980048990287	115980064334350	115980048519923
115980050988204	115980072666589	115980050922371
115980156451798	115980172655235	115980156349819
115980267257110	115980280988880	115980267121746
115980275888464	115980289321797	115980275774402
115980381501381	115980397638152	115980381382058
115980383579923	115980405969818	115980383519350
115980489851381	115980505945912	115980489715860
115980491852839	115980514276172	115980491799246
115980607045183	115980622581797	115980606929298
115980707167371	115980722535652	115980707042318
115980708687110	115980730866172	115980708650339
115980823554506	115980839159558	115980823439923
115980825059298	115980847490495	115980825023673
115980933952527	115980947464245	115980933874870
115980941788985	115980955796381	115980941726120
115981047526902	115981064098360	115981047443412
115981156201329	115981172412890	115981156099350
115981263379141	115981280706276	115981263303620
115981373098985	115981389004297	115981372982735
115981374579037	115981397336849	115981374536120
115981482601276	115981497306953	115981482474714
115981484086797	115981505639089	115981484053204
115981491618516	115981513970339	115981491577995
115981599891329	115981613957630	115981599762006
115981601875756	115981622288620	115981601817266
115981706255391	115981722267265	115981706092110
115981707763047	115981730598516	115981707733099
115981815302474	115981830569505	115981815200339
115981816877943	115981838900182	115981816838151
115981824602943	115981847230599	115981824543464
115981922582318	115981938870234	115981922458308
115982034959141	115982047136536	115982034833099
115982037033568	115982055467213	115982036945130
115982042503985	115982063800390	115982042402110
115982140472057	115982155429557	115982139798672
115982255702630	115982272073567	115982255587682
115982258066901	115982280408150	115982257999297
115982364143568	115982380394401	115982364030495
115982459018672	115982472037005	115982458916745
115982466563672	115982480368671	115982466476016
115982574619818	115982588668932	115982574512839
115982576201380	115982597000182	115982576158203
115982582820443	115982605331588	115982582771536
115982689200391	115982705296067	115982689060703
115982691405026	115982713626432	115982691311068
115982760380963	115982771940234	115982760291901
115982766508255	115982780272630	115982766463411
115982775236536	115982788602630	115982775196172
115982786525599	115982805266067	115982786462005
115982799407474	115982813596640	115982799369401
115982897607891	115982913566276	115982897416432
115982996349193	115983013521432	115982996256015
115983100764349	115983113464608	115983100646484
115983102684453	115983121794296	115983102634661
115983208096067	115983221742005	115983207981276
115983323682838	115983338372213	115983323576328
115983332421745	115983346704400	115983332365130
115983430619765	115983446683359	115983430528151
115983432543880	115983455016484	115983432445703
115983547375026	115983563321431	115983547225963
115983654755078	115983671621744	115983654663984
115983764064192	115983779918098	115983763889401
115983882352473	115983896555546	115983882148828
115983989153671	115984004854243	115983989006223
115984104325025	115984121508515	115984104193463

=== poll 1790360500.444714193
8333333
115978064810549	115978081308361	115978064689038
115978067239507	115978089639350	115978067194611
115978183498101	115978197957579	115978183376694
115978184944715	115978206291486	115978184897736
115978290811434	115978306266277	115978290699976
115978292388153	115978314597371	115978292329351
115978409820080	115978422880705	115978409618413
115978507192528	115978522846329	115978507083361
115978509161069	115978531178256	115978509097892
115978615115288	115978631151642	115978615000861
115978616845965	115978639484506	115978616781069
115978731611173	115978747805912	115978731492840
115978833969350	115978847811017	115978833828361
115978835592840	115978856147110	115978835540080
115978842098465	115978864481121	115978842016955
115978948141173	115978964473777	115978948032580
115979056678986	115979072809975	115979056553048
115979058749611	115979081144975	115979058684298
115979176801017	115979189475391	115979176573048
115979178689246	115979197807735	115979178570027
115979281599038	115979297766849	115979281418934
115979389977944	115979406074089	115979389877267
115979391995288	115979414404610	115979391930913
115979506316538	115979522713360	115979506193100
115979608316433	115979622703204	115979608195913
115979610039611	115979631035860	115979609981642
115979617755652	115979639369558	115979617614090
115979726371850	115979739352579	115979726267840
115979727998777	115979747684454	115979727946121
115979733573933	115979756017631	115979733533256
115979809795600	115979822678412	115979809694975
115979816721173	115979831012110	115979816677110
115979925926902	115979939337423	115979925838308
115979933276746	115979947671277	115979933230079
115980048990287	115980064334350	115980048519923
115980050988204	115980072666589	115980050922371
115980156451798	115980172655235	115980156349819
115980267257110	115980280988880	115980267121746
115980275888464	115980289321797	115980275774402
115980381501381	115980397638152	115980381382058
115980383579923	115980405969818	115980383519350
115980489851381	115980505945912	115980489715860
115980491852839	115980514276172	115980491799246
115980607045183	115980622581797	115980606929298
115980707167371	115980722535652	115980707042318
115980708687110	115980730866172	115980708650339
115980823554506	115980839159558	115980823439923
115980825059298	115980847490495	115980825023673
115980933952527	115980947464245	115980933874870
115980941788985	115980955796381	115980941726120
115981047526902	115981064098360	115981047443412
115981156201329	115981172412890	115981156099350
115981263379141	115981280706276	115981263303620
115981373098985	115981389004297	115981372982735
115981374579037	115981397336849	115981374536120
115981482601276	115981497306953	115981482474714
115981484086797	115981505639089	115981484053204
115981491618516	115981513970339	115981491577995
115981599891329	115981613957630	115981599762006
115981601875756	115981622288620	115981601817266
115981706255391	115981722267265	115981706092110
115981707763047	115981730598516	115981707733099
115981815302474	115981830569505	115981815200339
115981816877943	115981838900182	115981816838151
115981824602943	115981847230599	115981824543464
115981922582318	115981938870234	115981922458308
115982034959141	115982047136536	115982034833099
115982037033568	115982055467213	115982036945130
115982042503985	115982063800390	115982042402110
115982140472057	115982155429557	115982139798672
115982255702630	115982272073567	115982255587682
115982258066901	115982280408150	115982257999297
115982364143568	115982380394401	115982364030495
115982459018672	115982472037005	115982458916745
115982466563672	115982480368671	115982466476016
115982574619818	115982588668932	115982574512839
115982576201380	115982597000182	115982576158203
115982582820443	115982605331588	115982582771536
115982689200391	115982705296067	115982689060703
115982691405026	115982713626432	115982691311068
115982760380963	115982771940234	115982760291901
115982766508255	115982780272630	115982766463411
115982775236536	115982788602630	115982775196172
115982786525599	115982805266067	115982786462005
115982799407474	115982813596640	115982799369401
115982897607891	115982913566276	115982897416432
115982996349193	115983013521432	115982996256015
115983100764349	115983113464608	115983100646484
115983102684453	115983121794296	115983102634661
115983208096067	115983221742005	115983207981276
115983323682838	115983338372213	115983323576328
115983332421745	115983346704400	115983332365130
115983430619765	115983446683359	115983430528151
115983432543880	115983455016484	115983432445703
115983547375026	115983563321431	115983547225963
115983654755078	115983671621744	115983654663984
115983764064192	115983779918098	115983763889401
115983882352473	115983896555546	115983882148828
115983989153671	115984004854243	115983989006223
115984104325025	115984121508515	115984104193463
115984207629609	115984221504244	115984207531015
115984215630963	115984229837264	115984215561484
115984321922265	115984338150285	115984321696171
115984432584505	115984446454452	115984432380130
115984548776119	115984563092368	115984548548202
115984657741640	115984671410962	115984657568359
115984666551484	115984679745754	115984666440807
115984764254817	115984779756379	115984764135390
115984765660546	115984788088827	115984765633671
115984880126536	115984896409451	115984879911588
115984996040858	115985013055285	115984995887786
115985108341327	115985121366535	115985108137942
115985222288358	115985238006118	115985222139869
115985330312213	115985346297628	115985330127473
115985437801275	115985454581743	115985437699087
115985546686587	115985562882576	115985546547004
115985654599139	115985671184816	115985654488462
115985656837785	115985679516118	115985656804921
115985774835650	115985787831639	115985774731327
115985783025285	115985796164712	115985782933202
115985888291952	115985904459503	115985888073671
115985996630441	115986012789920	115985996522733
115985998263254	115986021124451	115985998220077
115986113389608	115986129435598	115986113200806
115986215223723	115986229403983	115986215105129
115986216780598	115986237734712	115986216725441
115986329748045	115986346041795	115986329623670

=== poll 1790360502.719298307
8333333
115981156201329	115981172412890	115981156099350
115981263379141	115981280706276	115981263303620
115981373098985	115981389004297	115981372982735
115981374579037	115981397336849	115981374536120
115981482601276	115981497306953	115981482474714
115981484086797	115981505639089	115981484053204
115981491618516	115981513970339	115981491577995
115981599891329	115981613957630	115981599762006
115981601875756	115981622288620	115981601817266
115981706255391	115981722267265	115981706092110
115981707763047	115981730598516	115981707733099
115981815302474	115981830569505	115981815200339
115981816877943	115981838900182	115981816838151
115981824602943	115981847230599	115981824543464
115981922582318	115981938870234	115981922458308
115982034959141	115982047136536	115982034833099
115982037033568	115982055467213	115982036945130
115982042503985	115982063800390	115982042402110
115982140472057	115982155429557	115982139798672
115982255702630	115982272073567	115982255587682
115982258066901	115982280408150	115982257999297
115982364143568	115982380394401	115982364030495
115982459018672	115982472037005	115982458916745
115982466563672	115982480368671	115982466476016
115982574619818	115982588668932	115982574512839
115982576201380	115982597000182	115982576158203
115982582820443	115982605331588	115982582771536
115982689200391	115982705296067	115982689060703
115982691405026	115982713626432	115982691311068
115982760380963	115982771940234	115982760291901
115982766508255	115982780272630	115982766463411
115982775236536	115982788602630	115982775196172
115982786525599	115982805266067	115982786462005
115982799407474	115982813596640	115982799369401
115982897607891	115982913566276	115982897416432
115982996349193	115983013521432	115982996256015
115983100764349	115983113464608	115983100646484
115983102684453	115983121794296	115983102634661
115983208096067	115983221742005	115983207981276
115983323682838	115983338372213	115983323576328
115983332421745	115983346704400	115983332365130
115983430619765	115983446683359	115983430528151
115983432543880	115983455016484	115983432445703
115983547375026	115983563321431	115983547225963
115983654755078	115983671621744	115983654663984
115983764064192	115983779918098	115983763889401
115983882352473	115983896555546	115983882148828
115983989153671	115984004854243	115983989006223
115984104325025	115984121508515	115984104193463
115984207629609	115984221504244	115984207531015
115984215630963	115984229837264	115984215561484
115984321922265	115984338150285	115984321696171
115984432584505	115984446454452	115984432380130
115984548776119	115984563092368	115984548548202
115984657741640	115984671410962	115984657568359
115984666551484	115984679745754	115984666440807
115984764254817	115984779756379	115984764135390
115984765660546	115984788088827	115984765633671
115984880126536	115984896409451	115984879911588
115984996040858	115985013055285	115984995887786
115985108341327	115985121366535	115985108137942
115985222288358	115985238006118	115985222139869
115985330312213	115985346297628	115985330127473
115985437801275	115985454581743	115985437699087
115985546686587	115985562882576	115985546547004
115985654599139	115985671184816	115985654488462
115985656837785	115985679516118	115985656804921
115985774835650	115985787831639	115985774731327
115985783025285	115985796164712	115985782933202
115985888291952	115985904459503	115985888073671
115985996630441	115986012789920	115985996522733
115985998263254	115986021124451	115985998220077
115986113389608	115986129435598	115986113200806
115986215223723	115986229403983	115986215105129
115986216780598	115986237734712	115986216725441
115986329748045	115986346041795	115986329623670
115986438012733	115986454337212	115986437908983
115986555362056	115986570964451	115986555263931
115986556856327	115986579297263	115986556816587
115986664046587	115986679281013	115986663887472
115986666261847	115986687611743	115986666177577
115986779923462	115986795916847	115986779798670
115986888139920	115986904210389	115986888048566
115986889813670	115986912543722	115986889767576
115986997968462	115987012522003	115986997873879
115987007480962	115987020855753	115987007401326
115987112803931	115987129172888	115987112679660
115987228883410	115987245822837	115987228763201
115987346441066	115987362447211	115987346331691
115987445653670	115987462425492	115987445555389
115987557205701	115987570717680	115987557104399
115987558608045	115987579047315	115987558585076
115987672801326	115987687352784	115987672689868
115987674234347	115987695685075	115987674197680
115987787601274	115987803989815	115987787491743
115987894918305	115987912271430	115987894823462
115987965428253	115987978908929	115987965341534
115987976897993	115987995570024	115987976832472
115987993314503	115988003902002	115987993254451
115988003101534	115988020567159	115988003022889
115988007942889	115988028898565	115988007907159
115988023665284	115988037231534	115988023607420
115988033130180	115988045563981	115988033088253
115988048379139	115988062226169	115988048333670
115988068731482	115988087217263	115988068660389
115988082593201	115988095548253	115988082542889
115988117187524	115988128866586	115988117120909
115988123344191	115988137196325	115988123281951
115988142667472	115988153853304	115988142623201
115988152607889	115988170509867	115988152557732
115988167571066	115988178838721	115988167502107
115988173076222	115988187168825	115988173037211
115988182989399	115988195496481	115988182940805
115988207898826	115988220482523	115988207847368
115988217693670	115988228813617	115988217653774
115988231484868	115988245473617	115988231438201
115988281850388	115988295453981	115988281770128
115988325605597	115988337100648	115988325547732
115988331582055	115988345430753	115988331540336
115988390083149	115988403739242	115988390001743
115988431387628	115988445396273	115988431322263
115988506458045	115988520373513	115988506375701
115988540997576	115988553699347	115988540912055
115988548808045	115988562029295	115988548746638
115988629169347	115988645347054	115988629044034
115988648445753	115988662011429	115988648390545
115988656280440	115988670344086	115988656235336

=== poll 1790360504.991525129
8333333
115983654755078	115983671621744	115983654663984
115983764064192	115983779918098	115983763889401
115983882352473	115983896555546	115983882148828
115983989153671	115984004854243	115983989006223
115984104325025	115984121508515	115984104193463
115984207629609	115984221504244	115984207531015
115984215630963	115984229837264	115984215561484
115984321922265	115984338150285	115984321696171
115984432584505	115984446454452	115984432380130
115984548776119	115984563092368	115984548548202
115984657741640	115984671410962	115984657568359
115984666551484	115984679745754	115984666440807
115984764254817	115984779756379	115984764135390
115984765660546	115984788088827	115984765633671
115984880126536	115984896409451	115984879911588
115984996040858	115985013055285	115984995887786
115985108341327	115985121366535	115985108137942
115985222288358	115985238006118	115985222139869
115985330312213	115985346297628	115985330127473
115985437801275	115985454581743	115985437699087
115985546686587	115985562882576	115985546547004
115985654599139	115985671184816	115985654488462
115985656837785	115985679516118	115985656804921
115985774835650	115985787831639	115985774731327
115985783025285	115985796164712	115985782933202
115985888291952	115985904459503	115985888073671
115985996630441	115986012789920	115985996522733
115985998263254	115986021124451	115985998220077
115986113389608	115986129435598	115986113200806
115986215223723	115986229403983	115986215105129
115986216780598	115986237734712	115986216725441
115986329748045	115986346041795	115986329623670
115986438012733	115986454337212	115986437908983
115986555362056	115986570964451	115986555263931
115986556856327	115986579297263	115986556816587
115986664046587	115986679281013	115986663887472
115986666261847	115986687611743	115986666177577
115986779923462	115986795916847	115986779798670
115986888139920	115986904210389	115986888048566
115986889813670	115986912543722	115986889767576
115986997968462	115987012522003	115986997873879
115987007480962	115987020855753	115987007401326
115987112803931	115987129172888	115987112679660
115987228883410	115987245822837	115987228763201
115987346441066	115987362447211	115987346331691
115987445653670	115987462425492	115987445555389
115987557205701	115987570717680	115987557104399
115987558608045	115987579047315	115987558585076
115987672801326	115987687352784	115987672689868
115987674234347	115987695685075	115987674197680
115987787601274	115987803989815	115987787491743
115987894918305	115987912271430	115987894823462
115987965428253	115987978908929	115987965341534
115987976897993	115987995570024	115987976832472
115987993314503	115988003902002	115987993254451
115988003101534	115988020567159	115988003022889
115988007942889	115988028898565	115988007907159
115988023665284	115988037231534	115988023607420
115988033130180	115988045563981	115988033088253
115988048379139	115988062226169	115988048333670
115988068731482	115988087217263	115988068660389
115988082593201	115988095548253	115988082542889
115988117187524	115988128866586	115988117120909
115988123344191	115988137196325	115988123281951
115988142667472	115988153853304	115988142623201
115988152607889	115988170509867	115988152557732
115988167571066	115988178838721	115988167502107
115988173076222	115988187168825	115988173037211
115988182989399	115988195496481	115988182940805
115988207898826	115988220482523	115988207847368
115988217693670	115988228813617	115988217653774
115988231484868	115988245473617	115988231438201
115988281850388	115988295453981	115988281770128
115988325605597	115988337100648	115988325547732
115988331582055	115988345430753	115988331540336
115988390083149	115988403739242	115988390001743
115988431387628	115988445396273	115988431322263
115988506458045	115988520373513	115988506375701
115988540997576	115988553699347	115988540912055
115988548808045	115988562029295	115988548746638
115988629169347	115988645347054	115988629044034
115988648445753	115988662011429	115988648390545
115988656280440	115988670344086	115988656235336
115988735209763	115988753653044	115988735134763
115988764605909	115988778641117	115988764534347
115988845083513	115988861938669	115988844953097
115988864701794	115988878599971	115988864621430
115988872996274	115988886930128	115988872943722
115988965970388	115988978558149	115988965881742
115988980965388	115988995218357	115988980902263
115989080734711	115989095188408	115989080592836
115989097857159	115989111854658	115989097789971
115989191139503	115989203507679	115989191059711
115989205956013	115989220173564	115989205899607
115989296328148	115989311815388	115989296234451
115989322787784	115989336814450	115989322717523
115989413996586	115989428455179	115989413902732
115989439416013	115989453445804	115989439346430
115989533002992	115989545093096	115989532907367
115989547622523	115989561758929	115989547566794
115989638458825	115989653410961	115989638317315
115989656433409	115989670079242	115989656371534
115989664329450	115989678414866	115989664261430
115989758450596	115989770093148	115989758390492
115989805644711	115989820089763	115989767310492
115989855626169	115989870085179	115989811569138
115989905678148	115989920082575	115989866702315
115989955713825	115989970085960	115989911774034
115990005618461	115990020085908	115989976497784
115990055661742	115990070077523	115990007574502
115990105647992	115990120061793	115990090737419
115990155700596	115990170047992	115990107687107
115990205635127	115990220034085	115990162017836
115990255659242	115990270016273	115990210645127
115990305584450	115990320000543	115990259476273
115990314876325	115990328329033	115990314812106
115990324934190	115990336657939	115990324887263
115990330936481	115990344987991	115990330891586
115990445667419	115990461805908	115990445543669
115990447080908	115990469952002	115990447047106
115990562009086	115990578239293	115990561890231
115990678885335	115990694875023	115990678781013
115990780513304	115990794844398	115990780415856
115990782051481	115990803175179	115990781997940
115990789176794	115990811504710	115990789124242
115990897481065	115990911488460	115990897382887
115990898976898	115990919820751	115990898918252

=== poll 1790360507.266729451
8333333
115987445653670	115987462425492	115987445555389
115987557205701	115987570717680	115987557104399
115987558608045	115987579047315	115987558585076
115987672801326	115987687352784	115987672689868
115987674234347	115987695685075	115987674197680
115987787601274	115987803989815	115987787491743
115987894918305	115987912271430	115987894823462
115987965428253	115987978908929	115987965341534
115987976897993	115987995570024	115987976832472
115987993314503	115988003902002	115987993254451
115988003101534	115988020567159	115988003022889
115988007942889	115988028898565	115988007907159
115988023665284	115988037231534	115988023607420
115988033130180	115988045563981	115988033088253
115988048379139	115988062226169	115988048333670
115988068731482	115988087217263	115988068660389
115988082593201	115988095548253	115988082542889
115988117187524	115988128866586	115988117120909
115988123344191	115988137196325	115988123281951
115988142667472	115988153853304	115988142623201
115988152607889	115988170509867	115988152557732
115988167571066	115988178838721	115988167502107
115988173076222	115988187168825	115988173037211
115988182989399	115988195496481	115988182940805
115988207898826	115988220482523	115988207847368
115988217693670	115988228813617	115988217653774
115988231484868	115988245473617	115988231438201
115988281850388	115988295453981	115988281770128
115988325605597	115988337100648	115988325547732
115988331582055	115988345430753	115988331540336
115988390083149	115988403739242	115988390001743
115988431387628	115988445396273	115988431322263
115988506458045	115988520373513	115988506375701
115988540997576	115988553699347	115988540912055
115988548808045	115988562029295	115988548746638
115988629169347	115988645347054	115988629044034
115988648445753	115988662011429	115988648390545
115988656280440	115988670344086	115988656235336
115988735209763	115988753653044	115988735134763
115988764605909	115988778641117	115988764534347
115988845083513	115988861938669	115988844953097
115988864701794	115988878599971	115988864621430
115988872996274	115988886930128	115988872943722
115988965970388	115988978558149	115988965881742
115988980965388	115988995218357	115988980902263
115989080734711	115989095188408	115989080592836
115989097857159	115989111854658	115989097789971
115989191139503	115989203507679	115989191059711
115989205956013	115989220173564	115989205899607
115989296328148	115989311815388	115989296234451
115989322787784	115989336814450	115989322717523
115989413996586	115989428455179	115989413902732
115989439416013	115989453445804	115989439346430
115989533002992	115989545093096	115989532907367
115989547622523	115989561758929	115989547566794
115989638458825	115989653410961	115989638317315
115989656433409	115989670079242	115989656371534
115989664329450	115989678414866	115989664261430
115989758450596	115989770093148	115989758390492
115989805644711	115989820089763	115989767310492
115989855626169	115989870085179	115989811569138
115989905678148	115989920082575	115989866702315
115989955713825	115989970085960	115989911774034
115990005618461	115990020085908	115989976497784
115990055661742	115990070077523	115990007574502
115990105647992	115990120061793	115990090737419
115990155700596	115990170047992	115990107687107
115990205635127	115990220034085	115990162017836
115990255659242	115990270016273	115990210645127
115990305584450	115990320000543	115990259476273
115990314876325	115990328329033	115990314812106
115990324934190	115990336657939	115990324887263
115990330936481	115990344987991	115990330891586
115990445667419	115990461805908	115990445543669
115990447080908	115990469952002	115990447047106
115990562009086	115990578239293	115990561890231
115990678885335	115990694875023	115990678781013
115990780513304	115990794844398	115990780415856
115990782051481	115990803175179	115990781997940
115990789176794	115990811504710	115990789124242
115990897481065	115990911488460	115990897382887
115990898976898	115990919820751	115990898918252
115991011847106	115991028153772	115991011732262
115991122657419	115991136484398	115991122554919
115991124158773	115991144815907	115991124111273
115991231482731	115991244790491	115991231389658
115991233116325	115991253123564	115991233064971
115991329003669	115991344768303	115991328885804
115991333193773	115991353099293	115991333104606
115991338939554	115991361429345	115991338883669
115991446146637	115991461385386	115991446045387
115991447736846	115991469715075	115991447697731
115991455334033	115991478045595	115991455299398
115991562220856	115991578004033	115991562113512
115991563684918	115991586335543	115991563654450
115991671027106	115991686298303	115991670911533
115991778498981	115991794603511	115991778401793
115991780145127	115991802935335	115991780105595
115991886561898	115991902893459	115991886479814
115991888694085	115991911225386	115991888662523
115991994932262	115992011187730	115991994825439
115992082526220	115992094473616	115992082446168
115992097122783	115992111131533	115992097034554
115992212459502	115992227746793	115992212354918
115992214095231	115992236075439	115992214057574
115992221987106	115992244404658	115992221892627
115992314960231	115992327672939	115992314825647
115992321872627	115992336000230	115992321828147
115992430566897	115992444268356	115992430445804
115992432272939	115992452599553	115992432233251
115992438434137	115992460929449	115992438387991
115992544623043	115992560882262	115992544506012
115992547427418	115992569212314	115992547384137
115992555054137	115992577541324	115992555012158
115992656765699	115992669141584	115992656657470
115992658257106	115992677468408	115992658211585
115992773505960	115992785736271	115992773439814
115992780180595	115992794066636	115992780118303
115992875037210	115992885703928	115992874983876
115992882409137	115992894035021	115992882367105
115992981227366	115992994016532	115992981162783
115992989685960	115993002347938	115992989636168
115992998919241	115993010680022	115992998879085
115993074402470	115993085667470	115993074339032
115993082228876	115993094000074	115993082188980
115993088404814	115993102334293	115993088335543
115993211102626	9223372036854775807	115993210979189

=== poll 1790360509.659018148
8333333
115988965970388	115988978558149	115988965881742
115988980965388	115988995218357	115988980902263
115989080734711	115989095188408	115989080592836
115989097857159	115989111854658	115989097789971
115989191139503	115989203507679	115989191059711
115989205956013	115989220173564	115989205899607
115989296328148	115989311815388	115989296234451
115989322787784	115989336814450	115989322717523
115989413996586	115989428455179	115989413902732
115989439416013	115989453445804	115989439346430
115989533002992	115989545093096	115989532907367
115989547622523	115989561758929	115989547566794
115989638458825	115989653410961	115989638317315
115989656433409	115989670079242	115989656371534
115989664329450	115989678414866	115989664261430
115989758450596	115989770093148	115989758390492
115989805644711	115989820089763	115989767310492
115989855626169	115989870085179	115989811569138
115989905678148	115989920082575	115989866702315
115989955713825	115989970085960	115989911774034
115990005618461	115990020085908	115989976497784
115990055661742	115990070077523	115990007574502
115990105647992	115990120061793	115990090737419
115990155700596	115990170047992	115990107687107
115990205635127	115990220034085	115990162017836
115990255659242	115990270016273	115990210645127
115990305584450	115990320000543	115990259476273
115990314876325	115990328329033	115990314812106
115990324934190	115990336657939	115990324887263
115990330936481	115990344987991	115990330891586
115990445667419	115990461805908	115990445543669
115990447080908	115990469952002	115990447047106
115990562009086	115990578239293	115990561890231
115990678885335	115990694875023	115990678781013
115990780513304	115990794844398	115990780415856
115990782051481	115990803175179	115990781997940
115990789176794	115990811504710	115990789124242
115990897481065	115990911488460	115990897382887
115990898976898	115990919820751	115990898918252
115991011847106	115991028153772	115991011732262
115991122657419	115991136484398	115991122554919
115991124158773	115991144815907	115991124111273
115991231482731	115991244790491	115991231389658
115991233116325	115991253123564	115991233064971
115991329003669	115991344768303	115991328885804
115991333193773	115991353099293	115991333104606
115991338939554	115991361429345	115991338883669
115991446146637	115991461385386	115991446045387
115991447736846	115991469715075	115991447697731
115991455334033	115991478045595	115991455299398
115991562220856	115991578004033	115991562113512
115991563684918	115991586335543	115991563654450
115991671027106	115991686298303	115991670911533
115991778498981	115991794603511	115991778401793
115991780145127	115991802935335	115991780105595
115991886561898	115991902893459	115991886479814
115991888694085	115991911225386	115991888662523
115991994932262	115992011187730	115991994825439
115992082526220	115992094473616	115992082446168
115992097122783	115992111131533	115992097034554
115992212459502	115992227746793	115992212354918
115992214095231	115992236075439	115992214057574
115992221987106	115992244404658	115992221892627
115992314960231	115992327672939	115992314825647
115992321872627	115992336000230	115992321828147
115992430566897	115992444268356	115992430445804
115992432272939	115992452599553	115992432233251
115992438434137	115992460929449	115992438387991
115992544623043	115992560882262	115992544506012
115992547427418	115992569212314	115992547384137
115992555054137	115992577541324	115992555012158
115992656765699	115992669141584	115992656657470
115992658257106	115992677468408	115992658211585
115992773505960	115992785736271	115992773439814
115992780180595	115992794066636	115992780118303
115992875037210	115992885703928	115992874983876
115992882409137	115992894035021	115992882367105
115992981227366	115992994016532	115992981162783
115992989685960	115993002347938	115992989636168
115992998919241	115993010680022	115992998879085
115993074402470	115993085667470	115993074339032
115993082228876	115993094000074	115993082188980
115993088404814	115993102334293	115993088335543
115993211102626	115993227307209	115993210979189
115993320434241	115993335582104	115993320304814
115993321969762	115993343912365	115993321934397
115993435721741	115993452199136	115993435627418
115993528765022	115993543832417	115993528631532
115993530906220	115993552162521	115993530856011
115993540039866	115993560491584	115993539951636
115993636792574	115993652120386	115993636672157
115993638473199	115993660449188	115993638397053
115993646307157	115993668777573	115993646244918
115993744185178	115993760383875	115993744037053
115993748138980	115993768711636	115993748059709
115993754836584	115993777039761	115993754769032
115993853448928	115993868655438	115993853333407
115993854992626	115993876987052	115993854952470
115993863247053	115993885318771	115993863182105
115993962843355	115993976937678	115993962704709
115993964464605	115993985266219	115993964350178
115993972140751	115993993595334	115993972069970
115994090250855	115994110208511	115994090017001
115994194087730	115994210159709	115994193921220
115994302570959	115994318438719	115994302467990
115994304243511	115994326769657	115994304184553
115994413749397	115994426737781	115994413635022
115994415369709	115994435068406	115994415323980
115994421639188	115994443398406	115994421574449
115994537537782	115994551665907	115994537396949
115994539805230	115994559995750	115994539708407
115994652173771	115994668267365	115994651985282
115994742377417	115994759886635	115994742296948
115994746733511	115994768216010	115994746685230
115994754341948	115994776544969	115994754283146
115994869101688	115994884824292	115994868968615
115994976019448	115994993116375	115994975898771
115994978847521	115995001447521	115994978797625
115995085157730	115995101423302	115995085062000
115995096310803	115995109753146	115995096232417
115995193412469	115995209704812	115995193247677
115995304037677	115995318005646	115995303885177
115995306498927	115995326336636	115995306359448
115995427176948	115995442976635	115995427056271
115995528307157	115995542953094	115995528161063
115995530254292	115995551283823	115995530188250
115995537570021	115995559615958	115995537496427

=== poll 1790360511.932953824
8333333
115991122657419	115991136484398	115991122554919
115991124158773	115991144815907	115991124111273
115991231482731	115991244790491	115991231389658
115991233116325	115991253123564	115991233064971
115991329003669	115991344768303	115991328885804
115991333193773	115991353099293	115991333104606
115991338939554	115991361429345	115991338883669
115991446146637	115991461385386	115991446045387
115991447736846	115991469715075	115991447697731
115991455334033	115991478045595	115991455299398
115991562220856	115991578004033	115991562113512
115991563684918	115991586335543	115991563654450
115991671027106	115991686298303	115991670911533
115991778498981	115991794603511	115991778401793
115991780145127	115991802935335	115991780105595
115991886561898	115991902893459	115991886479814
115991888694085	115991911225386	115991888662523
115991994932262	115992011187730	115991994825439
115992082526220	115992094473616	115992082446168
115992097122783	115992111131533	115992097034554
115992212459502	115992227746793	115992212354918
115992214095231	115992236075439	115992214057574
115992221987106	115992244404658	115992221892627
115992314960231	115992327672939	115992314825647
115992321872627	115992336000230	115992321828147
115992430566897	115992444268356	115992430445804
115992432272939	115992452599553	115992432233251
115992438434137	115992460929449	115992438387991
115992544623043	115992560882262	115992544506012
115992547427418	115992569212314	115992547384137
115992555054137	115992577541324	115992555012158
115992656765699	115992669141584	115992656657470
115992658257106	115992677468408	115992658211585
115992773505960	115992785736271	115992773439814
115992780180595	115992794066636	115992780118303
115992875037210	115992885703928	115992874983876
115992882409137	115992894035021	115992882367105
115992981227366	115992994016532	115992981162783
115992989685960	115993002347938	115992989636168
115992998919241	115993010680022	115992998879085
115993074402470	115993085667470	115993074339032
115993082228876	115993094000074	115993082188980
115993088404814	115993102334293	115993088335543
115993211102626	115993227307209	115993210979189
115993320434241	115993335582104	115993320304814
115993321969762	115993343912365	115993321934397
115993435721741	115993452199136	115993435627418
115993528765022	115993543832417	115993528631532
115993530906220	115993552162521	115993530856011
115993540039866	115993560491584	115993539951636
115993636792574	115993652120386	115993636672157
115993638473199	115993660449188	115993638397053
115993646307157	115993668777573	115993646244918
115993744185178	115993760383875	115993744037053
115993748138980	115993768711636	115993748059709
115993754836584	115993777039761	115993754769032
115993853448928	115993868655438	115993853333407
115993854992626	115993876987052	115993854952470
115993863247053	115993885318771	115993863182105
115993962843355	115993976937678	115993962704709
115993964464605	115993985266219	115993964350178
115993972140751	115993993595334	115993972069970
115994090250855	115994110208511	115994090017001
115994194087730	115994210159709	115994193921220
115994302570959	115994318438719	115994302467990
115994304243511	115994326769657	115994304184553
115994413749397	115994426737781	115994413635022
115994415369709	115994435068406	115994415323980
115994421639188	115994443398406	115994421574449
115994537537782	115994551665907	115994537396949
115994539805230	115994559995750	115994539708407
115994652173771	115994668267365	115994651985282
115994742377417	115994759886635	115994742296948
115994746733511	115994768216010	115994746685230
115994754341948	115994776544969	115994754283146
115994869101688	115994884824292	115994868968615
115994976019448	115994993116375	115994975898771
115994978847521	115995001447521	115994978797625
115995085157730	115995101423302	115995085062000
115995096310803	115995109753146	115995096232417
115995193412469	115995209704812	115995193247677
115995304037677	115995318005646	115995303885177
115995306498927	115995326336636	115995306359448
115995427176948	115995442976635	115995427056271
115995528307157	115995542953094	115995528161063
115995530254292	115995551283823	115995530188250
115995537570021	115995559615958	115995537496427
115995638025594	115995651266271	115995637915021
115995639561844	115995659599344	115995639516844
115995645154240	115995667933041	115995645115698
115995735464136	115995751252885	115995735358927
115995746545281	115995759587573	115995746481427
115995753771948	115995767920437	115995753707469
115995862410958	115995876213198	115995862301740
115995864048458	115995884542989	115995863966375
115995955044604	115995967856062	115995954945958
115995962158302	115995976187208	115995962108979
115996085126010	115996101137729	115996085029396
115996178470125	115996192753145	115996178359292
115996187758146	115996201082365	115996187706375
115996296803198	115996309374187	115996296689500
115996298547990	115996317705176	115996298515594
115996409921740	115996425994500	115996409836375
115996496275489	115996509290020	115996496174552
115996503572156	115996517620750	115996503512521
115996626535958	115996642569812	115996626430698
115996628118354	115996650898249	115996628074500
115996728757729	115996742526634	115996728603146
115996737158823	115996750858770	115996737114135
115996836864708	115996850808979	115996836717781
115996838566375	115996859137989	115996838508198
115996938119239	115996950759187	115996937987521
115996944907364	115996959087208	115996944850750
115997068633354	115997084023666	115997068485437
115997166995489	115997184014030	115997166918927
115997285760385	115997300653979	115997285544968
115997386367260	115997400634499	115997386255177
115997388040802	115997408965697	115997387980437
115997510880802	115997525592677	115997510703562
115997609799812	115997625586270	115997609687572
115997717577260	115997733911374	115997717500072
115997719446270	115997742244082	115997719420593
115997787347156	115997800565593	115997787216427
115997796455124	115997808897676	115997796403458
115997806416270	115997817228353	115997806372468
115997819543666	115997833890748	115997819498562
115997844881426	115997858886374	115997844830958

=== poll 1790360514.184695438
8333333
115992544623043	115992560882262	115992544506012
115992547427418	115992569212314	115992547384137
115992555054137	115992577541324	115992555012158
115992656765699	115992669141584	115992656657470
115992658257106	115992677468408	115992658211585
115992773505960	115992785736271	115992773439814
115992780180595	115992794066636	115992780118303
115992875037210	115992885703928	115992874983876
115992882409137	115992894035021	115992882367105
115992981227366	115992994016532	115992981162783
115992989685960	115993002347938	115992989636168
115992998919241	115993010680022	115992998879085
115993074402470	115993085667470	115993074339032
115993082228876	115993094000074	115993082188980
115993088404814	115993102334293	115993088335543
115993211102626	115993227307209	115993210979189
115993320434241	115993335582104	115993320304814
115993321969762	115993343912365	115993321934397
115993435721741	115993452199136	115993435627418
115993528765022	115993543832417	115993528631532
115993530906220	115993552162521	115993530856011
115993540039866	115993560491584	115993539951636
115993636792574	115993652120386	115993636672157
115993638473199	115993660449188	115993638397053
115993646307157	115993668777573	115993646244918
115993744185178	115993760383875	115993744037053
115993748138980	115993768711636	115993748059709
115993754836584	115993777039761	115993754769032
115993853448928	115993868655438	115993853333407
115993854992626	115993876987052	115993854952470
115993863247053	115993885318771	115993863182105
115993962843355	115993976937678	115993962704709
115993964464605	115993985266219	115993964350178
115993972140751	115993993595334	115993972069970
115994090250855	115994110208511	115994090017001
115994194087730	115994210159709	115994193921220
115994302570959	115994318438719	115994302467990
115994304243511	115994326769657	115994304184553
115994413749397	115994426737781	115994413635022
115994415369709	115994435068406	115994415323980
115994421639188	115994443398406	115994421574449
115994537537782	115994551665907	115994537396949
115994539805230	115994559995750	115994539708407
115994652173771	115994668267365	115994651985282
115994742377417	115994759886635	115994742296948
115994746733511	115994768216010	115994746685230
115994754341948	115994776544969	115994754283146
115994869101688	115994884824292	115994868968615
115994976019448	115994993116375	115994975898771
115994978847521	115995001447521	115994978797625
115995085157730	115995101423302	115995085062000
115995096310803	115995109753146	115995096232417
115995193412469	115995209704812	115995193247677
115995304037677	115995318005646	115995303885177
115995306498927	115995326336636	115995306359448
115995427176948	115995442976635	115995427056271
115995528307157	115995542953094	115995528161063
115995530254292	115995551283823	115995530188250
115995537570021	115995559615958	115995537496427
115995638025594	115995651266271	115995637915021
115995639561844	115995659599344	115995639516844
115995645154240	115995667933041	115995645115698
115995735464136	115995751252885	115995735358927
115995746545281	115995759587573	115995746481427
115995753771948	115995767920437	115995753707469
115995862410958	115995876213198	115995862301740
115995864048458	115995884542989	115995863966375
115995955044604	115995967856062	115995954945958
115995962158302	115995976187208	115995962108979
115996085126010	115996101137729	115996085029396
115996178470125	115996192753145	115996178359292
115996187758146	115996201082365	115996187706375
115996296803198	115996309374187	115996296689500
115996298547990	115996317705176	115996298515594
115996409921740	115996425994500	115996409836375
115996496275489	115996509290020	115996496174552
115996503572156	115996517620750	115996503512521
115996626535958	115996642569812	115996626430698
115996628118354	115996650898249	115996628074500
115996728757729	115996742526634	115996728603146
115996737158823	115996750858770	115996737114135
115996836864708	115996850808979	115996836717781
115996838566375	115996859137989	115996838508198
115996938119239	115996950759187	115996937987521
115996944907364	115996959087208	115996944850750
115997068633354	115997084023666	115997068485437
115997166995489	115997184014030	115997166918927
115997285760385	115997300653979	115997285544968
115997386367260	115997400634499	115997386255177
115997388040802	115997408965697	115997387980437
115997510880802	115997525592677	115997510703562
115997609799812	115997625586270	115997609687572
115997717577260	115997733911374	115997717500072
115997719446270	115997742244082	115997719420593
115997787347156	115997800565593	115997787216427
115997796455124	115997808897676	115997796403458
115997806416270	115997817228353	115997806372468
115997819543666	115997833890748	115997819498562
115997844881426	115997858886374	115997844830958
115997903513145	115997917206270	115997903431010
115997952759968	115997967187260	115997911633458
115998020120906	115998042159447	115998020037051
115998137965749	115998150446009	115998137804447
115998186129708	115998200424395	115998139588822
115998236875853	115998250412363	115998236787520
115998286190697	115998300402571	115998244502364
115998353107624	115998367043145	115998353009655
115998468483093	115998483665332	115998468387676
115998470011530	115998491997154	115998469964082
115998578299343	115998591970853	115998578135593
115998586716114	115998600303144	115998586600749
115998692443405	115998708595279	115998692304082
115998800102364	115998816873926	115998799960020
115998802986009	115998825204082	115998802913978
115998919288093	115998933493509	115998919098145
115999024751374	115999041799811	115999024637051
115999134769238	115999150117207	115999134668770
115999241700593	115999258436582	115999241564603
115999244417572	115999266768196	115999244346738
115999358761999	115999375057884	115999358661270
115999466210176	115999483340540	115999466068561
115999583568092	115999599974186	115999583470905
115999691078770	115999708261165	115999690942103
115999810537311	115999824874134	115999810410280
115999916059186	115999933173456	115999915940592
116000034943457	116000049790904	116000034797571
116000141533457	9223372036854775807	116000141414290

=== poll 1790360516.457036791
8333333
115993744185178	115993760383875	115993744037053
115993748138980	115993768711636	115993748059709
115993754836584	115993777039761	115993754769032
115993853448928	115993868655438	115993853333407
115993854992626	115993876987052	115993854952470
115993863247053	115993885318771	115993863182105
115993962843355	115993976937678	115993962704709
115993964464605	115993985266219	115993964350178
115993972140751	115993993595334	115993972069970
115994090250855	115994110208511	115994090017001
115994194087730	115994210159709	115994193921220
115994302570959	115994318438719	115994302467990
115994304243511	115994326769657	115994304184553
115994413749397	115994426737781	115994413635022
115994415369709	115994435068406	115994415323980
115994421639188	115994443398406	115994421574449
115994537537782	115994551665907	115994537396949
115994539805230	115994559995750	115994539708407
115994652173771	115994668267365	115994651985282
115994742377417	115994759886635	115994742296948
115994746733511	115994768216010	115994746685230
115994754341948	115994776544969	115994754283146
115994869101688	115994884824292	115994868968615
115994976019448	115994993116375	115994975898771
115994978847521	115995001447521	115994978797625
115995085157730	115995101423302	115995085062000
115995096310803	115995109753146	115995096232417
115995193412469	115995209704812	115995193247677
115995304037677	115995318005646	115995303885177
115995306498927	115995326336636	115995306359448
115995427176948	115995442976635	115995427056271
115995528307157	115995542953094	115995528161063
115995530254292	115995551283823	115995530188250
115995537570021	115995559615958	115995537496427
115995638025594	115995651266271	115995637915021
115995639561844	115995659599344	115995639516844
115995645154240	115995667933041	115995645115698
115995735464136	115995751252885	115995735358927
115995746545281	115995759587573	115995746481427
115995753771948	115995767920437	115995753707469
115995862410958	115995876213198	115995862301740
115995864048458	115995884542989	115995863966375
115995955044604	115995967856062	115995954945958
115995962158302	115995976187208	115995962108979
115996085126010	115996101137729	115996085029396
115996178470125	115996192753145	115996178359292
115996187758146	115996201082365	115996187706375
115996296803198	115996309374187	115996296689500
115996298547990	115996317705176	115996298515594
115996409921740	115996425994500	115996409836375
115996496275489	115996509290020	115996496174552
115996503572156	115996517620750	115996503512521
115996626535958	115996642569812	115996626430698
115996628118354	115996650898249	115996628074500
115996728757729	115996742526634	115996728603146
115996737158823	115996750858770	115996737114135
115996836864708	115996850808979	115996836717781
115996838566375	115996859137989	115996838508198
115996938119239	115996950759187	115996937987521
115996944907364	115996959087208	115996944850750
115997068633354	115997084023666	115997068485437
115997166995489	115997184014030	115997166918927
115997285760385	115997300653979	115997285544968
115997386367260	115997400634499	115997386255177
115997388040802	115997408965697	115997387980437
115997510880802	115997525592677	115997510703562
115997609799812	115997625586270	115997609687572
115997717577260	115997733911374	115997717500072
115997719446270	115997742244082	115997719420593
115997787347156	115997800565593	115997787216427
115997796455124	115997808897676	115997796403458
115997806416270	115997817228353	115997806372468
115997819543666	115997833890748	115997819498562
115997844881426	115997858886374	115997844830958
115997903513145	115997917206270	115997903431010
115997952759968	115997967187260	115997911633458
115998020120906	115998042159447	115998020037051
115998137965749	115998150446009	115998137804447
115998186129708	115998200424395	115998139588822
115998236875853	115998250412363	115998236787520
115998286190697	115998300402571	115998244502364
115998353107624	115998367043145	115998353009655
115998468483093	115998483665332	115998468387676
115998470011530	115998491997154	115998469964082
115998578299343	115998591970853	115998578135593
115998586716114	115998600303144	115998586600749
115998692443405	115998708595279	115998692304082
115998800102364	115998816873926	115998799960020
115998802986009	115998825204082	115998802913978
115998919288093	115998933493509	115998919098145
115999024751374	115999041799811	115999024637051
115999134769238	115999150117207	115999134668770
115999241700593	115999258436582	115999241564603
115999244417572	115999266768196	115999244346738
115999358761999	115999375057884	115999358661270
115999466210176	115999483340540	115999466068561
115999583568092	115999599974186	115999583470905
115999691078770	115999708261165	115999690942103
115999810537311	115999824874134	115999810410280
115999916059186	115999933173456	115999915940592
116000034943457	116000049790904	116000034797571
116000141533457	116000158072311	116000141414290
116000252178248	116000266381530	116000252071894
116000260907311	116000274713248	116000260825696
116000359824134	116000374690384	116000359700853
116000361386321	116000383021685	116000361333561
116000475180800	116000491333196	116000475069446
116000593267155	116000607963091	116000593100332
116000699281477	116000716282622	116000699174186
116000815619134	116000832906164	116000815533665
116000925897779	116000941192675	116000925556217
116001040900279	116001057817466	116001040744654
116001151755748	116001166098769	116001151605279
116001258825331	116001274393509	116001258703873
116001260432831	116001282725799	116001260370175
116001376085540	116001391049550	116001375892154
116001484949863	116001499363924	116001484745852
116001591244863	116001607711373	116001591153248
116001708614133	116001724359290	116001708412310
116001816235175	116001832681060	116001816067362
116001923613612	116001941005487	116001923519342
116002041822987	116002057654289	116002041679967
116002149230956	116002165967414	116002149135123
116002151575852	116002174300695	116002151534654
116002265995331	116002282604133	116002265887779
116002375649706	116002390912518	116002375550591
116002377079550	116002399244080	116002377054446

=== poll 1790360518.740154915
8333333
115996728757729	115996742526634	115996728603146
115996737158823	115996750858770	115996737114135
115996836864708	115996850808979	115996836717781
115996838566375	115996859137989	115996838508198
115996938119239	115996950759187	115996937987521
115996944907364	115996959087208	115996944850750
115997068633354	115997084023666	115997068485437
115997166995489	115997184014030	115997166918927
115997285760385	115997300653979	115997285544968
115997386367260	115997400634499	115997386255177
115997388040802	115997408965697	115997387980437
115997510880802	115997525592677	115997510703562
115997609799812	115997625586270	115997609687572
115997717577260	115997733911374	115997717500072
115997719446270	115997742244082	115997719420593
115997787347156	115997800565593	115997787216427
115997796455124	115997808897676	115997796403458
115997806416270	115997817228353	115997806372468
115997819543666	115997833890748	115997819498562
115997844881426	115997858886374	115997844830958
115997903513145	115997917206270	115997903431010
115997952759968	115997967187260	115997911633458
115998020120906	115998042159447	115998020037051
115998137965749	115998150446009	115998137804447
115998186129708	115998200424395	115998139588822
115998236875853	115998250412363	115998236787520
115998286190697	115998300402571	115998244502364
115998353107624	115998367043145	115998353009655
115998468483093	115998483665332	115998468387676
115998470011530	115998491997154	115998469964082
115998578299343	115998591970853	115998578135593
115998586716114	115998600303144	115998586600749
115998692443405	115998708595279	115998692304082
115998800102364	115998816873926	115998799960020
115998802986009	115998825204082	115998802913978
115998919288093	115998933493509	115998919098145
115999024751374	115999041799811	115999024637051
115999134769238	115999150117207	115999134668770
115999241700593	115999258436582	115999241564603
115999244417572	115999266768196	115999244346738
115999358761999	115999375057884	115999358661270
115999466210176	115999483340540	115999466068561
115999583568092	115999599974186	115999583470905
115999691078770	115999708261165	115999690942103
115999810537311	115999824874134	115999810410280
115999916059186	115999933173456	115999915940592
116000034943457	116000049790904	116000034797571
116000141533457	116000158072311	116000141414290
116000252178248	116000266381530	116000252071894
116000260907311	116000274713248	116000260825696
116000359824134	116000374690384	116000359700853
116000361386321	116000383021685	116000361333561
116000475180800	116000491333196	116000475069446
116000593267155	116000607963091	116000593100332
116000699281477	116000716282622	116000699174186
116000815619134	116000832906164	116000815533665
116000925897779	116000941192675	116000925556217
116001040900279	116001057817466	116001040744654
116001151755748	116001166098769	116001151605279
116001258825331	116001274393509	116001258703873
116001260432831	116001282725799	116001260370175
116001376085540	116001391049550	116001375892154
116001484949863	116001499363924	116001484745852
116001591244863	116001607711373	116001591153248
116001708614133	116001724359290	116001708412310
116001816235175	116001832681060	116001816067362
116001923613612	116001941005487	116001923519342
116002041822987	116002057654289	116002041679967
116002149230956	116002165967414	116002149135123
116002151575852	116002174300695	116002151534654
116002265995331	116002282604133	116002265887779
116002375649706	116002390912518	116002375550591
116002377079550	116002399244080	116002377054446
116002499846841	116002515877206	116002499697883
116002602234081	116002615855018	116002602124602
116002610082154	116002624188195	116002610030018
116002717326998	116002732501997	116002717232518
116002824724654	116002840831684	116002824599341
116002932567206	116002949144862	116002932479810
116002985597727	116002999130226	116002985502258
116002993530539	116003007461216	116002993451008
116003015079602	116003032456372	116003015002779
116003039383612	116003057455695	116003039283091
116003044425852	116003065788872	116003044386008
116003064323143	116003082453664	116003064274914
116003079246529	116003090784757	116003079195904
116003104261529	116003115779236	116003104197622
116003119042674	116003132439288	116003118971789
116003153978456	116003165765538	116003153918508
116003164362049	116003182427413	116003164297154
116003179337570	116003190759601	116003179289237
116003194130852	116003207420382	116003194065956
116003214353247	116003232411840	116003214284029
116003229010956	116003240743560	116003228946737
116003244196997	116003257407101	116003244152310
116003264093612	116003282400642	116003264047987
116003269454601	116003290731008	116003269418247
116003285125122	116003299062882	116003285071216
116003293355279	116003307395643	116003293280956
116003368475695	116003382365278	116003368380799
116003402413247	116003415685070	116003402338768
116003492232362	116003507309132	116003492116268
116003509826945	116003523972570	116003509752987
116003602735851	116003615612101	116003602513508
116003626902935	116003640603612	116003626832414
116003701632726	116003723908559	116003701560799
116003734925226	116003748904497	116003734852258
116003810126893	116003823880486	116003810030851
116003843570903	116003857208611	116003843503039
116003918185435	116003932177309	116003918115278
116003960313507	116003973831840	116003960118612
116004026799653	116004040478820	116004026703195
116004068677310	116004082127622	116004068591737
116004134901945	116004148772830	116004134816737
116004176705070	116004190426788	116004176614601
116004251904080	116004265399340	116004251822987
116004284815903	116004298725642	116004284739653
116004360871893	116004373701007	116004360797882
116004368130695	116004382031528	116004368053820
116004401571841	116004415352622	116004401490226
116004452021997	116004465332777	116004451895851
116004468567153	116004481992309	116004468495226
116004509894236	116004523639132	116004509808039
116004576945799	116004590277205	116004576811736
116004584700070	116004598607881	116004584639288
116004618036632	116004631925277	116004617961163
116004684809028	9223372036854775807	116004684722466

=== poll 1790360520.992538352
8333333
116000034943457	116000049790904	116000034797571
116000141533457	116000158072311	116000141414290
116000252178248	116000266381530	116000252071894
116000260907311	116000274713248	116000260825696
116000359824134	116000374690384	116000359700853
116000361386321	116000383021685	116000361333561
116000475180800	116000491333196	116000475069446
116000593267155	116000607963091	116000593100332
116000699281477	116000716282622	116000699174186
116000815619134	116000832906164	116000815533665
116000925897779	116000941192675	116000925556217
116001040900279	116001057817466	116001040744654
116001151755748	116001166098769	116001151605279
116001258825331	116001274393509	116001258703873
116001260432831	116001282725799	116001260370175
116001376085540	116001391049550	116001375892154
116001484949863	116001499363924	116001484745852
116001591244863	116001607711373	116001591153248
116001708614133	116001724359290	116001708412310
116001816235175	116001832681060	116001816067362
116001923613612	116001941005487	116001923519342
116002041822987	116002057654289	116002041679967
116002149230956	116002165967414	116002149135123
116002151575852	116002174300695	116002151534654
116002265995331	116002282604133	116002265887779
116002375649706	116002390912518	116002375550591
116002377079550	116002399244080	116002377054446
116002499846841	116002515877206	116002499697883
116002602234081	116002615855018	116002602124602
116002610082154	116002624188195	116002610030018
116002717326998	116002732501997	116002717232518
116002824724654	116002840831684	116002824599341
116002932567206	116002949144862	116002932479810
116002985597727	116002999130226	116002985502258
116002993530539	116003007461216	116002993451008
116003015079602	116003032456372	116003015002779
116003039383612	116003057455695	116003039283091
116003044425852	116003065788872	116003044386008
116003064323143	116003082453664	116003064274914
116003079246529	116003090784757	116003079195904
116003104261529	116003115779236	116003104197622
116003119042674	116003132439288	116003118971789
116003153978456	116003165765538	116003153918508
116003164362049	116003182427413	116003164297154
116003179337570	116003190759601	116003179289237
116003194130852	116003207420382	116003194065956
116003214353247	116003232411840	116003214284029
116003229010956	116003240743560	116003228946737
116003244196997	116003257407101	116003244152310
116003264093612	116003282400642	116003264047987
116003269454601	116003290731008	116003269418247
116003285125122	116003299062882	116003285071216
116003293355279	116003307395643	116003293280956
116003368475695	116003382365278	116003368380799
116003402413247	116003415685070	116003402338768
116003492232362	116003507309132	116003492116268
116003509826945	116003523972570	116003509752987
116003602735851	116003615612101	116003602513508
116003626902935	116003640603612	116003626832414
116003701632726	116003723908559	116003701560799
116003734925226	116003748904497	116003734852258
116003810126893	116003823880486	116003810030851
116003843570903	116003857208611	116003843503039
116003918185435	116003932177309	116003918115278
116003960313507	116003973831840	116003960118612
116004026799653	116004040478820	116004026703195
116004068677310	116004082127622	116004068591737
116004134901945	116004148772830	116004134816737
116004176705070	116004190426788	116004176614601
116004251904080	116004265399340	116004251822987
116004284815903	116004298725642	116004284739653
116004360871893	116004373701007	116004360797882
116004368130695	116004382031528	116004368053820
116004401571841	116004415352622	116004401490226
116004452021997	116004465332777	116004451895851
116004468567153	116004481992309	116004468495226
116004509894236	116004523639132	116004509808039
116004576945799	116004590277205	116004576811736
116004584700070	116004598607881	116004584639288
116004618036632	116004631925277	116004617961163
116004684809028	116004698560226	116004684722466
116004728815903	116004740211163	116004728710226
116004801272622	116004815176319	116004801182882
116004834617674	116004848495799	116004834526840
116004901495018	116004915127778	116004901393611
116004943299705	116004956779132	116004943198351
116005009814705	116005023416476	116005009702257
116005059739549	116005073388351	116005059649861
116005126119340	116005140025642	116005126034757
116005167980903	116005181671684	116005167911267
116005226607674	116005239981787	116005226526684
116005234605486	116005248310954	116005234488090
116005276182569	116005289960433	116005276105330
116005334411632	116005348270017	116005334336580
116005342798455	116005356599809	116005342754236
116005384321215	116005398249340	116005384253819
116005459847778	116005481546371	116005459751424
116005492516215	116005506531891	116005492448663
116005559384080	116005581486735	116005559305486
116005609569392	116005623138975	116005609486528
116005675975278	116005698109548	116005675877673
116005717703559	116005731430485	116005717617413
116005786634028	116005798065068	116005786571163
116005833653976	116005848044340	116005828620382
116005895348246	116005906352881	116005895286528
116005942013975	116005956323403	116005936986632
116006002198038	116006014631892	116006002148455
116006011533298	116006022964340	116006011474600
116006058547413	116006072959965	116006045035955
116006120341371	116006131286110	116006120226163
116006166833611	116006181278350	116006161499340
116006217663455	116006231262412	116006217586892
116006267820902	116006281244912	116006267746840
116006334528142	116006347895850	116006334416371
116006383455798	116006397879495	116006375685954
116006442846944	116006464530589	116006442705850
116006491761944	116006506180694	116006484078038
116006546036736	116006564495172	116006545952465
116006550289756	116006572826579	116006550260694
116006600976371	116006614490589	116006600850694
116006655256163	116006672809547	116006655178611
116006658594861	116006681142308	116006658575225
116006709039236	116006722806527	116006708971840
116006767164861	116006781122568	116006767093715
116006817269652	116006831092828	116006817204079
116006883893246	116006897717413	116006883818038
116006933986996	116006947694912	116006933898142

=== poll 1790360523.252059184
8333333
116003293355279	116003307395643	116003293280956
116003368475695	116003382365278	116003368380799
116003402413247	116003415685070	116003402338768
116003492232362	116003507309132	116003492116268
116003509826945	116003523972570	116003509752987
116003602735851	116003615612101	116003602513508
116003626902935	116003640603612	116003626832414
116003701632726	116003723908559	116003701560799
116003734925226	116003748904497	116003734852258
116003810126893	116003823880486	116003810030851
116003843570903	116003857208611	116003843503039
116003918185435	116003932177309	116003918115278
116003960313507	116003973831840	116003960118612
116004026799653	116004040478820	116004026703195
116004068677310	116004082127622	116004068591737
116004134901945	116004148772830	116004134816737
116004176705070	116004190426788	116004176614601
116004251904080	116004265399340	116004251822987
116004284815903	116004298725642	116004284739653
116004360871893	116004373701007	116004360797882
116004368130695	116004382031528	116004368053820
116004401571841	116004415352622	116004401490226
116004452021997	116004465332777	116004451895851
116004468567153	116004481992309	116004468495226
116004509894236	116004523639132	116004509808039
116004576945799	116004590277205	116004576811736
116004584700070	116004598607881	116004584639288
116004618036632	116004631925277	116004617961163
116004684809028	116004698560226	116004684722466
116004728815903	116004740211163	116004728710226
116004801272622	116004815176319	116004801182882
116004834617674	116004848495799	116004834526840
116004901495018	116004915127778	116004901393611
116004943299705	116004956779132	116004943198351
116005009814705	116005023416476	116005009702257
116005059739549	116005073388351	116005059649861
116005126119340	116005140025642	116005126034757
116005167980903	116005181671684	116005167911267
116005226607674	116005239981787	116005226526684
116005234605486	116005248310954	116005234488090
116005276182569	116005289960433	116005276105330
116005334411632	116005348270017	116005334336580
116005342798455	116005356599809	116005342754236
116005384321215	116005398249340	116005384253819
116005459847778	116005481546371	116005459751424
116005492516215	116005506531891	116005492448663
116005559384080	116005581486735	116005559305486
116005609569392	116005623138975	116005609486528
116005675975278	116005698109548	116005675877673
116005717703559	116005731430485	116005717617413
116005786634028	116005798065068	116005786571163
116005833653976	116005848044340	116005828620382
116005895348246	116005906352881	116005895286528
116005942013975	116005956323403	116005936986632
116006002198038	116006014631892	116006002148455
116006011533298	116006022964340	116006011474600
116006058547413	116006072959965	116006045035955
116006120341371	116006131286110	116006120226163
116006166833611	116006181278350	116006161499340
116006217663455	116006231262412	116006217586892
116006267820902	116006281244912	116006267746840
116006334528142	116006347895850	116006334416371
116006383455798	116006397879495	116006375685954
116006442846944	116006464530589	116006442705850
116006491761944	116006506180694	116006484078038
116006546036736	116006564495172	116006545952465
116006550289756	116006572826579	116006550260694
116006600976371	116006614490589	116006600850694
116006655256163	116006672809547	116006655178611
116006658594861	116006681142308	116006658575225
116006709039236	116006722806527	116006708971840
116006767164861	116006781122568	116006767093715
116006817269652	116006831092828	116006817204079
116006883893246	116006897717413	116006883818038
116006933986996	116006947694912	116006933898142
116006975503506	116006989339964	116006975420225
116007041991527	116007055981215	116007041912465
116007068908715	116007080976839	116007068832621
116007083929288	116007097646058	116007083850746
116007160447256	116007172634547	116007160353402
116007167232152	116007180963558	116007167174340
116007183563975	116007197621266	116007183501996
116007258711996	116007272588193	116007258628454
116007275249235	116007289247151	116007275184079
116007291996475	116007305909287	116007291930121
116007391985694	116007405874651	116007391892308
116007400561475	116007414205224	116007400508090
116007408253558	116007422536996	116007408201579
116007506440017	116007522513610	116007506336944
116007516634496	116007530844860	116007516578454
116007615453923	116007630835641	116007615271527
116007618950485	116007639169027	116007618891475
116007625168089	116007647501422	116007625113819
116007732965225	116007747490172	116007732836423
116007734487204	116007755823870	116007734445225
116007741555016	116007764156214	116007741510225
116007840552777	116007855808870	116007840462673
116007844339235	116007864139652	116007844276162
116007850848714	116007872472412	116007850797152
116007964797516	116007980761109	116007964631110
116008067942933	116008080744756	116008067857673
116008075021787	116008089076162	116008074952620
116008183164443	116008197364860	116008183063662
116008184900589	116008205694547	116008184813193
116008194348193	116008214025068	116008194311735
116008290052152	116008305661578	116008289943610
116008293416058	116008313990537	116008293356787
116008299895433	116008322322515	116008299851475
116008407915537	116008422278713	116008407794652
116008409418454	116008430606786	116008409379079
116008416269600	116008438934286	116008416229391
116008524844599	116008538892672	116008524713245
116008526497933	116008547223401	116008526417308
116008533314235	116008555552724	116008533275849
116008631015329	116008647185849	116008630905172
116008633669964	116008655518089	116008633612204
116008641539027	116008663850641	116008641465537
116008749146058	116008763819494	116008749060589
116008758986318	116008772152151	116008758910589
116008859100954	116008872137359	116008859033349
116008866720172	116008880470901	116008866655329
116008960452256	116008972148766	116008960397620
116008970174131	116008988818557	116008970093245
116008974906526	116008997154495	116008974860849
116009084228662	116009097162047	116009084177828
116009093796631	116009105495641	116009093753610
116009197888505	9223372036854775807	116009197760693

=== poll 1790360525.504838663
8333333
116005342798455	116005356599809	116005342754236
116005384321215	116005398249340	116005384253819
116005459847778	116005481546371	116005459751424
116005492516215	116005506531891	116005492448663
116005559384080	116005581486735	116005559305486
116005609569392	116005623138975	116005609486528
116005675975278	116005698109548	116005675877673
116005717703559	116005731430485	116005717617413
116005786634028	116005798065068	116005786571163
116005833653976	116005848044340	116005828620382
116005895348246	116005906352881	116005895286528
116005942013975	116005956323403	116005936986632
116006002198038	116006014631892	116006002148455
116006011533298	116006022964340	116006011474600
116006058547413	116006072959965	116006045035955
116006120341371	116006131286110	116006120226163
116006166833611	116006181278350	116006161499340
116006217663455	116006231262412	116006217586892
116006267820902	116006281244912	116006267746840
116006334528142	116006347895850	116006334416371
116006383455798	116006397879495	116006375685954
116006442846944	116006464530589	116006442705850
116006491761944	116006506180694	116006484078038
116006546036736	116006564495172	116006545952465
116006550289756	116006572826579	116006550260694
116006600976371	116006614490589	116006600850694
116006655256163	116006672809547	116006655178611
116006658594861	116006681142308	116006658575225
116006709039236	116006722806527	116006708971840
116006767164861	116006781122568	116006767093715
116006817269652	116006831092828	116006817204079
116006883893246	116006897717413	116006883818038
116006933986996	116006947694912	116006933898142
116006975503506	116006989339964	116006975420225
116007041991527	116007055981215	116007041912465
116007068908715	116007080976839	116007068832621
116007083929288	116007097646058	116007083850746
116007160447256	116007172634547	116007160353402
116007167232152	116007180963558	116007167174340
116007183563975	116007197621266	116007183501996
116007258711996	116007272588193	116007258628454
116007275249235	116007289247151	116007275184079
116007291996475	116007305909287	116007291930121
116007391985694	116007405874651	116007391892308
116007400561475	116007414205224	116007400508090
116007408253558	116007422536996	116007408201579
116007506440017	116007522513610	116007506336944
116007516634496	116007530844860	116007516578454
116007615453923	116007630835641	116007615271527
116007618950485	116007639169027	116007618891475
116007625168089	116007647501422	116007625113819
116007732965225	116007747490172	116007732836423
116007734487204	116007755823870	116007734445225
116007741555016	116007764156214	116007741510225
116007840552777	116007855808870	116007840462673
116007844339235	116007864139652	116007844276162
116007850848714	116007872472412	116007850797152
116007964797516	116007980761109	116007964631110
116008067942933	116008080744756	116008067857673
116008075021787	116008089076162	116008074952620
116008183164443	116008197364860	116008183063662
116008184900589	116008205694547	116008184813193
116008194348193	116008214025068	116008194311735
116008290052152	116008305661578	116008289943610
116008293416058	116008313990537	116008293356787
116008299895433	116008322322515	116008299851475
116008407915537	116008422278713	116008407794652
116008409418454	116008430606786	116008409379079
116008416269600	116008438934286	116008416229391
116008524844599	116008538892672	116008524713245
116008526497933	116008547223401	116008526417308
116008533314235	116008555552724	116008533275849
116008631015329	116008647185849	116008630905172
116008633669964	116008655518089	116008633612204
116008641539027	116008663850641	116008641465537
116008749146058	116008763819494	116008749060589
116008758986318	116008772152151	116008758910589
116008859100954	116008872137359	116008859033349
116008866720172	116008880470901	116008866655329
116008960452256	116008972148766	116008960397620
116008970174131	116008988818557	116008970093245
116008974906526	116008997154495	116008974860849
116009084228662	116009097162047	116009084177828
116009093796631	116009105495641	116009093753610
116009197888505	116009213837828	116009197760693
116009200283766	116009222170693	116009200248610
116009208540797	116009230504912	116009208483349
116009314274547	116009330495901	116009314161630
116009404989235	116009422148974	116009404906266
116009497738089	116009513812255	116009497591578
116009501770485	116009522144755	116009501723974
116009516411839	116009530477463	116009516355745
116009618481474	116009630464599	116009618380537
116009620023922	116009638798140	116009619969182
116009633271109	116009647131213	116009633186891
116009733972464	116009747120537	116009733853766
116009735571734	116009755454234	116009735520016
116009848282620	116009863787620	116009848197724
116009849789130	116009872118818	116009849752411
116009947813453	116009963774286	116009947704339
116009949436682	116009972107307	116009949394859
116010072311578	116010088778765	116010072224911
116010167850120	116010180444338	116010167734286
116010174515849	116010188776629	116010174467828
116010289583193	116010305440535	116010289451109
116010291323922	116010313773400	116010291242672
116010394110484	116010405423401	116010393897672
116010396184130	116010413755797	116010396141786
116010408263765	116010422087776	116010408179911
116010523100172	116010538737723	116010522862151
116010525415067	116010547071109	116010525344651
116010622769807	116010638700432	116010622661161
116010625058661	116010647030119	116010624983192
116010635673297	116010655359181	116010635556682
116010748111057	116010763656317	116010747895797
116010855660015	116010871954859	116010855546005
116010907658765	116010921929963	116010858369599
116010966388765	116010980240327	116010966291682
116011073868401	116011088532410	116011073742099
116011124203505	116011138512983	116011075432671
116011174129859	116011188500536	116011126893661
116011224241682	116011238486317	116011176877515
116011274088140	116011288466161	116011226850380
116011324091005	116011338443921	116011303347880
116011374026161	116011388428609	116011326972515
116011394657723	116011413423661	116011394561525
116011399620484	116011421755015	116011399574755

=== poll 1790360527.779222933
8333333
116007160447256	116007172634547	116007160353402
116007167232152	116007180963558	116007167174340
116007183563975	116007197621266	116007183501996
116007258711996	116007272588193	116007258628454
116007275249235	116007289247151	116007275184079
116007291996475	116007305909287	116007291930121
116007391985694	116007405874651	116007391892308
116007400561475	116007414205224	116007400508090
116007408253558	116007422536996	116007408201579
116007506440017	116007522513610	116007506336944
116007516634496	116007530844860	116007516578454
116007615453923	116007630835641	116007615271527
116007618950485	116007639169027	116007618891475
116007625168089	116007647501422	116007625113819
116007732965225	116007747490172	116007732836423
116007734487204	116007755823870	116007734445225
116007741555016	116007764156214	116007741510225
116007840552777	116007855808870	116007840462673
116007844339235	116007864139652	116007844276162
116007850848714	116007872472412	116007850797152
116007964797516	116007980761109	116007964631110
116008067942933	116008080744756	116008067857673
116008075021787	116008089076162	116008074952620
116008183164443	116008197364860	116008183063662
116008184900589	116008205694547	116008184813193
116008194348193	116008214025068	116008194311735
116008290052152	116008305661578	116008289943610
116008293416058	116008313990537	116008293356787
116008299895433	116008322322515	116008299851475
116008407915537	116008422278713	116008407794652
116008409418454	116008430606786	116008409379079
116008416269600	116008438934286	116008416229391
116008524844599	116008538892672	116008524713245
116008526497933	116008547223401	116008526417308
116008533314235	116008555552724	116008533275849
116008631015329	116008647185849	116008630905172
116008633669964	116008655518089	116008633612204
116008641539027	116008663850641	116008641465537
116008749146058	116008763819494	116008749060589
116008758986318	116008772152151	116008758910589
116008859100954	116008872137359	116008859033349
116008866720172	116008880470901	116008866655329
116008960452256	116008972148766	116008960397620
116008970174131	116008988818557	116008970093245
116008974906526	116008997154495	116008974860849
116009084228662	116009097162047	116009084177828
116009093796631	116009105495641	116009093753610
116009197888505	116009213837828	116009197760693
116009200283766	116009222170693	116009200248610
116009208540797	116009230504912	116009208483349
116009314274547	116009330495901	116009314161630
116009404989235	116009422148974	116009404906266
116009497738089	116009513812255	116009497591578
116009501770485	116009522144755	116009501723974
116009516411839	116009530477463	116009516355745
116009618481474	116009630464599	116009618380537
116009620023922	116009638798140	116009619969182
116009633271109	116009647131213	116009633186891
116009733972464	116009747120537	116009733853766
116009735571734	116009755454234	116009735520016
116009848282620	116009863787620	116009848197724
116009849789130	116009872118818	116009849752411
116009947813453	116009963774286	116009947704339
116009949436682	116009972107307	116009949394859
116010072311578	116010088778765	116010072224911
116010167850120	116010180444338	116010167734286
116010174515849	116010188776629	116010174467828
116010289583193	116010305440535	116010289451109
116010291323922	116010313773400	116010291242672
116010394110484	116010405423401	116010393897672
116010396184130	116010413755797	116010396141786
116010408263765	116010422087776	116010408179911
116010523100172	116010538737723	116010522862151
116010525415067	116010547071109	116010525344651
116010622769807	116010638700432	116010622661161
116010625058661	116010647030119	116010624983192
116010635673297	116010655359181	116010635556682
116010748111057	116010763656317	116010747895797
116010855660015	116010871954859	116010855546005
116010907658765	116010921929963	116010858369599
116010966388765	116010980240327	116010966291682
116011073868401	116011088532410	116011073742099
116011124203505	116011138512983	116011075432671
116011174129859	116011188500536	116011126893661
116011224241682	116011238486317	116011176877515
116011274088140	116011288466161	116011226850380
116011324091005	116011338443921	116011303347880
116011374026161	116011388428609	116011326972515
116011394657723	116011413423661	116011394561525
116011399620484	116011421755015	116011399574755
116011513960692	116011530063660	116011513830536
116011631483713	116011646737879	116011631348505
116011633110223	116011655072358	116011633067463
116011725219807	116011738380483	116011725126369
116011732610796	116011746708713	116011732551630
116011839415692	116011855005015	116011839301109
116011840938765	116011863335796	116011840892046
116011946839182	116011963307618	116011946716734
116011948865275	116011971638035	116011948828973
116012064374181	116012079947931	116012064260171
116012065948192	116012088280275	116012065907984
116012180865171	116012196580327	116012180760119
116012281037515	116012296549754	116012280915692
116012282459077	116012304880483	116012282425744
116012405173400	116012421518608	116012405059963
116012508415744	116012521500899	116012508300223
116012516422619	116012529829233	116012516357515
116012630456317	116012646456317	116012630372567
116012730706056	116012746416628	116012730590535
116012732358921	116012754750066	116012732301733
116012838896160	116012854720900	116012838795952
116012842705223	116012863051733	116012842656160
116012849004598	116012871382357	116012848938765
116012965461056	116012979707827	116012965274077
116013066286317	116013079693191	116013066177619
116013067977202	116013088025952	116013067900796
116013073756212	116013096359545	116013073696525
116013164729962	116013179675483	116013164603921
116013166235066	116013188007827	116013166188608
116013173669337	116013196340014	116013173626733
116013279692410	116013296302566	116013279607410
116013397248452	116013412932358	116013397120275
116013505778087	116013521232098	116013505616473
116013621537254	116013637833035	116013621437045
116013715821785	116013729430795	116013715710691
116013717361941	116013737758764	116013717321525
116013723470900	9223372036854775807	116013723434702

=== poll 1790360530.050068869
8333333
116008866720172	116008880470901	116008866655329
116008960452256	116008972148766	116008960397620
116008970174131	116008988818557	116008970093245
116008974906526	116008997154495	116008974860849
116009084228662	116009097162047	116009084177828
116009093796631	116009105495641	116009093753610
116009197888505	116009213837828	116009197760693
116009200283766	116009222170693	116009200248610
116009208540797	116009230504912	116009208483349
116009314274547	116009330495901	116009314161630
116009404989235	116009422148974	116009404906266
116009497738089	116009513812255	116009497591578
116009501770485	116009522144755	116009501723974
116009516411839	116009530477463	116009516355745
116009618481474	116009630464599	116009618380537
116009620023922	116009638798140	116009619969182
116009633271109	116009647131213	116009633186891
116009733972464	116009747120537	116009733853766
116009735571734	116009755454234	116009735520016
116009848282620	116009863787620	116009848197724
116009849789130	116009872118818	116009849752411
116009947813453	116009963774286	116009947704339
116009949436682	116009972107307	116009949394859
116010072311578	116010088778765	116010072224911
116010167850120	116010180444338	116010167734286
116010174515849	116010188776629	116010174467828
116010289583193	116010305440535	116010289451109
116010291323922	116010313773400	116010291242672
116010394110484	116010405423401	116010393897672
116010396184130	116010413755797	116010396141786
116010408263765	116010422087776	116010408179911
116010523100172	116010538737723	116010522862151
116010525415067	116010547071109	116010525344651
116010622769807	116010638700432	116010622661161
116010625058661	116010647030119	116010624983192
116010635673297	116010655359181	116010635556682
116010748111057	116010763656317	116010747895797
116010855660015	116010871954859	116010855546005
116010907658765	116010921929963	116010858369599
116010966388765	116010980240327	116010966291682
116011073868401	116011088532410	116011073742099
116011124203505	116011138512983	116011075432671
116011174129859	116011188500536	116011126893661
116011224241682	116011238486317	116011176877515
116011274088140	116011288466161	116011226850380
116011324091005	116011338443921	116011303347880
116011374026161	116011388428609	116011326972515
116011394657723	116011413423661	116011394561525
116011399620484	116011421755015	116011399574755
116011513960692	116011530063660	116011513830536
116011631483713	116011646737879	116011631348505
116011633110223	116011655072358	116011633067463
116011725219807	116011738380483	116011725126369
116011732610796	116011746708713	116011732551630
116011839415692	116011855005015	116011839301109
116011840938765	116011863335796	116011840892046
116011946839182	116011963307618	116011946716734
116011948865275	116011971638035	116011948828973
116012064374181	116012079947931	116012064260171
116012065948192	116012088280275	116012065907984
116012180865171	116012196580327	116012180760119
116012281037515	116012296549754	116012280915692
116012282459077	116012304880483	116012282425744
116012405173400	116012421518608	116012405059963
116012508415744	116012521500899	116012508300223
116012516422619	116012529829233	116012516357515
116012630456317	116012646456317	116012630372567
116012730706056	116012746416628	116012730590535
116012732358921	116012754750066	116012732301733
116012838896160	116012854720900	116012838795952
116012842705223	116012863051733	116012842656160
116012849004598	116012871382357	116012848938765
116012965461056	116012979707827	116012965274077
116013066286317	116013079693191	116013066177619
116013067977202	116013088025952	116013067900796
116013073756212	116013096359545	116013073696525
116013164729962	116013179675483	116013164603921
116013166235066	116013188007827	116013166188608
116013173669337	116013196340014	116013173626733
116013279692410	116013296302566	116013279607410
116013397248452	116013412932358	116013397120275
116013505778087	116013521232098	116013505616473
116013621537254	116013637833035	116013621437045
116013715821785	116013729430795	116013715710691
116013717361941	116013737758764	116013717321525
116013723470900	116013746087982	116013723434702
116013838194285	116013854357878	116013838087358
116013927419233	116013945988712	116013927306368
116013931899337	116013954318972	116013931846056
116014039413660	116014054279597	116014039298139
116014041127358	116014062609180	116014041012983
116014148742774	116014162576681	116014148665014
116014156792462	116014170909180	116014156747670
116014263946368	116014279233972	116014263827879
116014265512983	116014287566993	116014265471420
116014273525014	116014295898867	116014273464129
116014370910795	116014387536680	116014370830431
116014487615483	116014504170378	116014487529441
116014595666003	116014612468712	116014595542618
116014706032774	116014720777357	116014705912618
116014715222462	116014729108972	116014715149128
116014813146160	116014829064284	116014813027514
116014815599753	116014837393191	116014815562878
116014823382305	116014845722982	116014823343035
116014922252722	116014937340898	116014922153920
116014923711889	116014945670273	116014923683243
116014931614337	116014954000951	116014931562305
116015037908816	116015053967982	116015037799337
116015041813243	116015062298868	116015041743764
116015048471212	116015070629127	116015048390587
116015146372670	116015162264649	116015146259337
116015149298712	116015170597304	116015149257566
116015156278659	116015178929753	116015156234805
116015264708920	116015278913606	116015264570691
116015273536212	116015287248398	116015273462514
116015375405951	116015387233138	116015375298243
116015377093920	116015395564753	116015377025639
116015381263034	116015403897200	116015381218920
116015479593451	116015495537096	116015479471784
116015481182201	116015503865586	116015481133607
116015598369649	116015612163555	116015598253920
116015599937201	116015620494752	116015599869284
116015606269701	116015628825586	116015606218347
116015707934545	116015720474857	116015707804388
116015709472774	116015728809180	116015709427357
116015829161159	116015845460482	116015829059024
116015940119701	116015953769857	116015940034701

=== poll 1790360532.328292775
8333333
116010907658765	116010921929963	116010858369599
116010966388765	116010980240327	116010966291682
116011073868401	116011088532410	116011073742099
116011124203505	116011138512983	116011075432671
116011174129859	116011188500536	116011126893661
116011224241682	116011238486317	116011176877515
116011274088140	116011288466161	116011226850380
116011324091005	116011338443921	116011303347880
116011374026161	116011388428609	116011326972515
116011394657723	116011413423661	116011394561525
116011399620484	116011421755015	116011399574755
116011513960692	116011530063660	116011513830536
116011631483713	116011646737879	116011631348505
116011633110223	116011655072358	116011633067463
116011725219807	116011738380483	116011725126369
116011732610796	116011746708713	116011732551630
116011839415692	116011855005015	116011839301109
116011840938765	116011863335796	116011840892046
116011946839182	116011963307618	116011946716734
116011948865275	116011971638035	116011948828973
116012064374181	116012079947931	116012064260171
116012065948192	116012088280275	116012065907984
116012180865171	116012196580327	116012180760119
116012281037515	116012296549754	116012280915692
116012282459077	116012304880483	116012282425744
116012405173400	116012421518608	116012405059963
116012508415744	116012521500899	116012508300223
116012516422619	116012529829233	116012516357515
116012630456317	116012646456317	116012630372567
116012730706056	116012746416628	116012730590535
116012732358921	116012754750066	116012732301733
116012838896160	116012854720900	116012838795952
116012842705223	116012863051733	116012842656160
116012849004598	116012871382357	116012848938765
116012965461056	116012979707827	116012965274077
116013066286317	116013079693191	116013066177619
116013067977202	116013088025952	116013067900796
116013073756212	116013096359545	116013073696525
116013164729962	116013179675483	116013164603921
116013166235066	116013188007827	116013166188608
116013173669337	116013196340014	116013173626733
116013279692410	116013296302566	116013279607410
116013397248452	116013412932358	116013397120275
116013505778087	116013521232098	116013505616473
116013621537254	116013637833035	116013621437045
116013715821785	116013729430795	116013715710691
116013717361941	116013737758764	116013717321525
116013723470900	116013746087982	116013723434702
116013838194285	116013854357878	116013838087358
116013927419233	116013945988712	116013927306368
116013931899337	116013954318972	116013931846056
116014039413660	116014054279597	116014039298139
116014041127358	116014062609180	116014041012983
116014148742774	116014162576681	116014148665014
116014156792462	116014170909180	116014156747670
116014263946368	116014279233972	116014263827879
116014265512983	116014287566993	116014265471420
116014273525014	116014295898867	116014273464129
116014370910795	116014387536680	116014370830431
116014487615483	116014504170378	116014487529441
116014595666003	116014612468712	116014595542618
116014706032774	116014720777357	116014705912618
116014715222462	116014729108972	116014715149128
116014813146160	116014829064284	116014813027514
116014815599753	116014837393191	116014815562878
116014823382305	116014845722982	116014823343035
116014922252722	116014937340898	116014922153920
116014923711889	116014945670273	116014923683243
116014931614337	116014954000951	116014931562305
116015037908816	116015053967982	116015037799337
116015041813243	116015062298868	116015041743764
116015048471212	116015070629127	116015048390587
116015146372670	116015162264649	116015146259337
116015149298712	116015170597304	116015149257566
116015156278659	116015178929753	116015156234805
116015264708920	116015278913606	116015264570691
116015273536212	116015287248398	116015273462514
116015375405951	116015387233138	116015375298243
116015377093920	116015395564753	116015377025639
116015381263034	116015403897200	116015381218920
116015479593451	116015495537096	116015479471784
116015481182201	116015503865586	116015481133607
116015598369649	116015612163555	116015598253920
116015599937201	116015620494752	116015599869284
116015606269701	116015628825586	116015606218347
116015707934545	116015720474857	116015707804388
116015709472774	116015728809180	116015709427357
116015829161159	116015845460482	116015829059024
116015940119701	116015953769857	116015940034701
116016045745222	116016062095065	116016045616055
116016048088555	116016070429231	116016048041003
116016164312669	116016178749179	116016164191003
116016165828451	116016187082096	116016165776628
116016279140326	116016295401054	116016279024440
116016378442149	116016395407878	116016378333503
116016381071107	116016403740117	116016381028867
116016497020221	116016512062617	116016496893503
116016498573919	116016520395846	116016498509180
116016597163242	116016612056992	116016597083294
116016606638346	116016620388450	116016606575846
116016737343503	116016753703502	116016737233451
116016832214544	116016845370637	116016832096315
116016839475221	116016853707304	116016839418815
116016946595378	116016962037721	116016946294961
116016948325430	116016970372565	116016948273919
116016956631263	116016978707929	116016956558138
116017048465325	116017062040585	116017048352825
116017050194388	116017070374387	116017050148398
116017164050690	116017178700065	116017163894544
116017173095846	116017187032824	116017173007148
116017271327148	116017287001626	116017271226888
116017272820429	116017295331471	116017272780690
116017387639492	116017403660168	116017387517304
116017494900325	116017511992408	116017494801731
116017604497877	116017620341211	116017604373659
116017606076627	116017628676418	116017606027200
116017712527721	116017728707564	116017712401106
116017714173086	116017737045689	116017714134336
116017777628606	116017795403553	116017777507044
116017781693138	116017803740064	116017781643086
116017799511367	116017812076210	116017799454023
116017806084856	116017820412460	116017806049648
116017911123450	116017928744908	116017911048710
116018028827773	116018045415897	116018028701783
116018136898242	116018153738710	116018136755637
116018247059596	116018262050637	116018246949283
116018248596679	116018270383137	116018248542981

=== poll 1790360534.611822461
8333333
116012516422619	116012529829233	116012516357515
116012630456317	116012646456317	116012630372567
116012730706056	116012746416628	116012730590535
116012732358921	116012754750066	116012732301733
116012838896160	116012854720900	116012838795952
116012842705223	116012863051733	116012842656160
116012849004598	116012871382357	116012848938765
116012965461056	116012979707827	116012965274077
116013066286317	116013079693191	116013066177619
116013067977202	116013088025952	116013067900796
116013073756212	116013096359545	116013073696525
116013164729962	116013179675483	116013164603921
116013166235066	116013188007827	116013166188608
116013173669337	116013196340014	116013173626733
116013279692410	116013296302566	116013279607410
116013397248452	116013412932358	116013397120275
116013505778087	116013521232098	116013505616473
116013621537254	116013637833035	116013621437045
116013715821785	116013729430795	116013715710691
116013717361941	116013737758764	116013717321525
116013723470900	116013746087982	116013723434702
116013838194285	116013854357878	116013838087358
116013927419233	116013945988712	116013927306368
116013931899337	116013954318972	116013931846056
116014039413660	116014054279597	116014039298139
116014041127358	116014062609180	116014041012983
116014148742774	116014162576681	116014148665014
116014156792462	116014170909180	116014156747670
116014263946368	116014279233972	116014263827879
116014265512983	116014287566993	116014265471420
116014273525014	116014295898867	116014273464129
116014370910795	116014387536680	116014370830431
116014487615483	116014504170378	116014487529441
116014595666003	116014612468712	116014595542618
116014706032774	116014720777357	116014705912618
116014715222462	116014729108972	116014715149128
116014813146160	116014829064284	116014813027514
116014815599753	116014837393191	116014815562878
116014823382305	116014845722982	116014823343035
116014922252722	116014937340898	116014922153920
116014923711889	116014945670273	116014923683243
116014931614337	116014954000951	116014931562305
116015037908816	116015053967982	116015037799337
116015041813243	116015062298868	116015041743764
116015048471212	116015070629127	116015048390587
116015146372670	116015162264649	116015146259337
116015149298712	116015170597304	116015149257566
116015156278659	116015178929753	116015156234805
116015264708920	116015278913606	116015264570691
116015273536212	116015287248398	116015273462514
116015375405951	116015387233138	116015375298243
116015377093920	116015395564753	116015377025639
116015381263034	116015403897200	116015381218920
116015479593451	116015495537096	116015479471784
116015481182201	116015503865586	116015481133607
116015598369649	116015612163555	116015598253920
116015599937201	116015620494752	116015599869284
116015606269701	116015628825586	116015606218347
116015707934545	116015720474857	116015707804388
116015709472774	116015728809180	116015709427357
116015829161159	116015845460482	116015829059024
116015940119701	116015953769857	116015940034701
116016045745222	116016062095065	116016045616055
116016048088555	116016070429231	116016048041003
116016164312669	116016178749179	116016164191003
116016165828451	116016187082096	116016165776628
116016279140326	116016295401054	116016279024440
116016378442149	116016395407878	116016378333503
116016381071107	116016403740117	116016381028867
116016497020221	116016512062617	116016496893503
116016498573919	116016520395846	116016498509180
116016597163242	116016612056992	116016597083294
116016606638346	116016620388450	116016606575846
116016737343503	116016753703502	116016737233451
116016832214544	116016845370637	116016832096315
116016839475221	116016853707304	116016839418815
116016946595378	116016962037721	116016946294961
116016948325430	116016970372565	116016948273919
116016956631263	116016978707929	116016956558138
116017048465325	116017062040585	116017048352825
116017050194388	116017070374387	116017050148398
116017164050690	116017178700065	116017163894544
116017173095846	116017187032824	116017173007148
116017271327148	116017287001626	116017271226888
116017272820429	116017295331471	116017272780690
116017387639492	116017403660168	116017387517304
116017494900325	116017511992408	116017494801731
116017604497877	116017620341211	116017604373659
116017606076627	116017628676418	116017606027200
116017712527721	116017728707564	116017712401106
116017714173086	116017737045689	116017714134336
116017777628606	116017795403553	116017777507044
116017781693138	116017803740064	116017781643086
116017799511367	116017812076210	116017799454023
116017806084856	116017820412460	116017806049648
116017911123450	116017928744908	116017911048710
116018028827773	116018045415897	116018028701783
116018136898242	116018153738710	116018136755637
116018247059596	116018262050637	116018246949283
116018248596679	116018270383137	116018248542981
116018362896262	116018378708710	116018362771783
116018364723867	116018387041575	116018364645325
116018471061106	116018487049230	116018470957512
116018473510169	116018495383189	116018473426627
116018588461002	116018603707720	116018588270898
116018697192252	116018712017408	116018697033658
116018698615221	116018720349335	116018698575898
116018813541158	116018828677668	116018813024335
116018922615116	116018937007616	116018922505377
116019036870377	116019053675324	116019036766366
116019146113502	116019161990585	116019145945273
116019253290220	116019270298865	116019253197825
116019362673606	116019378604595	116019362577772
116019364324804	116019386938553	116019364248762
116019480094856	116019495258397	116019479852095
116019482118814	116019503589022	116019482059335
116019595565637	116019611902719	116019595470637
116019703097095	116019720219646	116019703001106
116019790727876	116019803529751	116019790648397
116019798365949	116019811862407	116019798309022
116019810608345	116019828526574	116019810564595
116019921060116	116019936840167	116019920885324
116020030030324	116020045146157	116020029932199
116020147404855	116020161804022	116020147222408
116020254059751	116020270117876	116020253979908
116020371578032	116020386789386	116020371428137
116020479520168	116020495116730	116020479422095

=== poll 1790360536.884616054
8333333
116013397248452	116013412932358	116013397120275
116013505778087	116013521232098	116013505616473
116013621537254	116013637833035	116013621437045
116013715821785	116013729430795	116013715710691
116013717361941	116013737758764	116013717321525
116013723470900	116013746087982	116013723434702
116013838194285	116013854357878	116013838087358
116013927419233	116013945988712	116013927306368
116013931899337	116013954318972	116013931846056
116014039413660	116014054279597	116014039298139
116014041127358	116014062609180	116014041012983
116014148742774	116014162576681	116014148665014
116014156792462	116014170909180	116014156747670
116014263946368	116014279233972	116014263827879
116014265512983	116014287566993	116014265471420
116014273525014	116014295898867	116014273464129
116014370910795	116014387536680	116014370830431
116014487615483	116014504170378	116014487529441
116014595666003	116014612468712	116014595542618
116014706032774	116014720777357	116014705912618
116014715222462	116014729108972	116014715149128
116014813146160	116014829064284	116014813027514
116014815599753	116014837393191	116014815562878
116014823382305	116014845722982	116014823343035
116014922252722	116014937340898	116014922153920
116014923711889	116014945670273	116014923683243
116014931614337	116014954000951	116014931562305
116015037908816	116015053967982	116015037799337
116015041813243	116015062298868	116015041743764
116015048471212	116015070629127	116015048390587
116015146372670	116015162264649	116015146259337
116015149298712	116015170597304	116015149257566
116015156278659	116015178929753	116015156234805
116015264708920	116015278913606	116015264570691
116015273536212	116015287248398	116015273462514
116015375405951	116015387233138	116015375298243
116015377093920	116015395564753	116015377025639
116015381263034	116015403897200	116015381218920
116015479593451	116015495537096	116015479471784
116015481182201	116015503865586	116015481133607
116015598369649	116015612163555	116015598253920
116015599937201	116015620494752	116015599869284
116015606269701	116015628825586	116015606218347
116015707934545	116015720474857	116015707804388
116015709472774	116015728809180	116015709427357
116015829161159	116015845460482	116015829059024
116015940119701	116015953769857	116015940034701
116016045745222	116016062095065	116016045616055
116016048088555	116016070429231	116016048041003
116016164312669	116016178749179	116016164191003
116016165828451	116016187082096	116016165776628
116016279140326	116016295401054	116016279024440
116016378442149	116016395407878	116016378333503
116016381071107	116016403740117	116016381028867
116016497020221	116016512062617	116016496893503
116016498573919	116016520395846	116016498509180
116016597163242	116016612056992	116016597083294
116016606638346	116016620388450	116016606575846
116016737343503	116016753703502	116016737233451
116016832214544	116016845370637	116016832096315
116016839475221	116016853707304	116016839418815
116016946595378	116016962037721	116016946294961
116016948325430	116016970372565	116016948273919
116016956631263	116016978707929	116016956558138
116017048465325	116017062040585	116017048352825
116017050194388	116017070374387	116017050148398
116017164050690	116017178700065	116017163894544
116017173095846	116017187032824	116017173007148
116017271327148	116017287001626	116017271226888
116017272820429	116017295331471	116017272780690
116017387639492	116017403660168	116017387517304
116017494900325	116017511992408	116017494801731
116017604497877	116017620341211	116017604373659
116017606076627	116017628676418	116017606027200
116017712527721	116017728707564	116017712401106
116017714173086	116017737045689	116017714134336
116017777628606	116017795403553	116017777507044
116017781693138	116017803740064	116017781643086
116017799511367	116017812076210	116017799454023
116017806084856	116017820412460	116017806049648
116017911123450	116017928744908	116017911048710
116018028827773	116018045415897	116018028701783
116018136898242	116018153738710	116018136755637
116018247059596	116018262050637	116018246949283
116018248596679	116018270383137	116018248542981
116018362896262	116018378708710	116018362771783
116018364723867	116018387041575	116018364645325
116018471061106	116018487049230	116018470957512
116018473510169	116018495383189	116018473426627
116018588461002	116018603707720	116018588270898
116018697192252	116018712017408	116018697033658
116018698615221	116018720349335	116018698575898
116018813541158	116018828677668	116018813024335
116018922615116	116018937007616	116018922505377
116019036870377	116019053675324	116019036766366
116019146113502	116019161990585	116019145945273
116019253290220	116019270298865	116019253197825
116019362673606	116019378604595	116019362577772
116019364324804	116019386938553	116019364248762
116019480094856	116019495258397	116019479852095
116019482118814	116019503589022	116019482059335
116019595565637	116019611902719	116019595470637
116019703097095	116019720219646	116019703001106
116019790727876	116019803529751	116019790648397
116019798365949	116019811862407	116019798309022
116019810608345	116019828526574	116019810564595
116019921060116	116019936840167	116019920885324
116020030030324	116020045146157	116020029932199
116020147404855	116020161804022	116020147222408
116020254059751	116020270117876	116020253979908
116020371578032	116020386789386	116020371428137
116020479520168	116020495116730	116020479422095
116020595715428	116020611788813	116020595613137
116020703722043	116020720122199	116020703625012
116020811658084	116020828453188	116020811536834
116020920636574	116020936762979	116020920408970
116021038274959	116021053393657	116021038165324
116021145618032	116021161705897	116021145449126
116021262820063	116021278358136	116021262711261
116021370674751	116021386669125	116021370513397
116021487256105	116021503314282	116021487159647
116021595745167	116021611631625	116021595573345
116021713510167	116021728287927	116021713325844
116021800369594	116021811614229	116021800242511
116021805918136	116021819944751	116021805878292
116021844394803	116021861601157	116021844313240
116021859041574	116021869932041	116021858987615

=== poll 1790360539.146747564
8333333
116013397248452	116013412932358	116013397120275
116013505778087	116013521232098	116013505616473
116013621537254	116013637833035	116013621437045
116013715821785	116013729430795	116013715710691
116013717361941	116013737758764	116013717321525
116013723470900	116013746087982	116013723434702
116013838194285	116013854357878	116013838087358
116013927419233	116013945988712	116013927306368
116013931899337	116013954318972	116013931846056
116014039413660	116014054279597	116014039298139
116014041127358	116014062609180	116014041012983
116014148742774	116014162576681	116014148665014
116014156792462	116014170909180	116014156747670
116014263946368	116014279233972	116014263827879
116014265512983	116014287566993	116014265471420
116014273525014	116014295898867	116014273464129
116014370910795	116014387536680	116014370830431
116014487615483	116014504170378	116014487529441
116014595666003	116014612468712	116014595542618
116014706032774	116014720777357	116014705912618
116014715222462	116014729108972	116014715149128
116014813146160	116014829064284	116014813027514
116014815599753	116014837393191	116014815562878
116014823382305	116014845722982	116014823343035
116014922252722	116014937340898	116014922153920
116014923711889	116014945670273	116014923683243
116014931614337	116014954000951	116014931562305
116015037908816	116015053967982	116015037799337
116015041813243	116015062298868	116015041743764
116015048471212	116015070629127	116015048390587
116015146372670	116015162264649	116015146259337
116015149298712	116015170597304	116015149257566
116015156278659	116015178929753	116015156234805
116015264708920	116015278913606	116015264570691
116015273536212	116015287248398	116015273462514
116015375405951	116015387233138	116015375298243
116015377093920	116015395564753	116015377025639
116015381263034	116015403897200	116015381218920
116015479593451	116015495537096	116015479471784
116015481182201	116015503865586	116015481133607
116015598369649	116015612163555	116015598253920
116015599937201	116015620494752	116015599869284
116015606269701	116015628825586	116015606218347
116015707934545	116015720474857	116015707804388
116015709472774	116015728809180	116015709427357
116015829161159	116015845460482	116015829059024
116015940119701	116015953769857	116015940034701
116016045745222	116016062095065	116016045616055
116016048088555	116016070429231	116016048041003
116016164312669	116016178749179	116016164191003
116016165828451	116016187082096	116016165776628
116016279140326	116016295401054	116016279024440
116016378442149	116016395407878	116016378333503
116016381071107	116016403740117	116016381028867
116016497020221	116016512062617	116016496893503
116016498573919	116016520395846	116016498509180
116016597163242	116016612056992	116016597083294
116016606638346	116016620388450	116016606575846
116016737343503	116016753703502	116016737233451
116016832214544	116016845370637	116016832096315
116016839475221	116016853707304	116016839418815
116016946595378	116016962037721	116016946294961
116016948325430	116016970372565	116016948273919
116016956631263	116016978707929	116016956558138
116017048465325	116017062040585	116017048352825
116017050194388	116017070374387	116017050148398
116017164050690	116017178700065	116017163894544
116017173095846	116017187032824	116017173007148
116017271327148	116017287001626	116017271226888
116017272820429	116017295331471	116017272780690
116017387639492	116017403660168	116017387517304
116017494900325	116017511992408	116017494801731
116017604497877	116017620341211	116017604373659
116017606076627	116017628676418	116017606027200
116017712527721	116017728707564	116017712401106
116017714173086	116017737045689	116017714134336
116017777628606	116017795403553	116017777507044
116017781693138	116017803740064	116017781643086
116017799511367	116017812076210	116017799454023
116017806084856	116017820412460	116017806049648
116017911123450	116017928744908	116017911048710
116018028827773	116018045415897	116018028701783
116018136898242	116018153738710	116018136755637
116018247059596	116018262050637	116018246949283
116018248596679	116018270383137	116018248542981
116018362896262	116018378708710	116018362771783
116018364723867	116018387041575	116018364645325
116018471061106	116018487049230	116018470957512
116018473510169	116018495383189	116018473426627
116018588461002	116018603707720	116018588270898
116018697192252	116018712017408	116018697033658
116018698615221	116018720349335	116018698575898
116018813541158	116018828677668	116018813024335
116018922615116	116018937007616	116018922505377
116019036870377	116019053675324	116019036766366
116019146113502	116019161990585	116019145945273
116019253290220	116019270298865	116019253197825
116019362673606	116019378604595	116019362577772
116019364324804	116019386938553	116019364248762
116019480094856	116019495258397	116019479852095
116019482118814	116019503589022	116019482059335
116019595565637	116019611902719	116019595470637
116019703097095	116019720219646	116019703001106
116019790727876	116019803529751	116019790648397
116019798365949	116019811862407	116019798309022
116019810608345	116019828526574	116019810564595
116019921060116	116019936840167	116019920885324
116020030030324	116020045146157	116020029932199
116020147404855	116020161804022	116020147222408
116020254059751	116020270117876	116020253979908
116020371578032	116020386789386	116020371428137
116020479520168	116020495116730	116020479422095
116020595715428	116020611788813	116020595613137
116020703722043	116020720122199	116020703625012
116020811658084	116020828453188	116020811536834
116020920636574	116020936762979	116020920408970
116021038274959	116021053393657	116021038165324
116021145618032	116021161705897	116021145449126
116021262820063	116021278358136	116021262711261
116021370674751	116021386669125	116021370513397
116021487256105	116021503314282	116021487159647
116021595745167	116021611631625	116021595573345
116021713510167	116021728287927	116021713325844
116021800369594	116021811614229	116021800242511
116021805918136	116021819944751	116021805878292
116021844394803	116021861601157	116021844313240
116021859041574	116021869932041	116021858987615

=== poll 1790360541.398857407
8333333
116013397248452	116013412932358	116013397120275
116013505778087	116013521232098	116013505616473
116013621537254	116013637833035	116013621437045
116013715821785	116013729430795	116013715710691
116013717361941	116013737758764	116013717321525
116013723470900	116013746087982	116013723434702
116013838194285	116013854357878	116013838087358
116013927419233	116013945988712	116013927306368
116013931899337	116013954318972	116013931846056
116014039413660	116014054279597	116014039298139
116014041127358	116014062609180	116014041012983
116014148742774	116014162576681	116014148665014
116014156792462	116014170909180	116014156747670
116014263946368	116014279233972	116014263827879
116014265512983	116014287566993	116014265471420
116014273525014	116014295898867	116014273464129
116014370910795	116014387536680	116014370830431
116014487615483	116014504170378	116014487529441
116014595666003	116014612468712	116014595542618
116014706032774	116014720777357	116014705912618
116014715222462	116014729108972	116014715149128
116014813146160	116014829064284	116014813027514
116014815599753	116014837393191	116014815562878
116014823382305	116014845722982	116014823343035
116014922252722	116014937340898	116014922153920
116014923711889	116014945670273	116014923683243
116014931614337	116014954000951	116014931562305
116015037908816	116015053967982	116015037799337
116015041813243	116015062298868	116015041743764
116015048471212	116015070629127	116015048390587
116015146372670	116015162264649	116015146259337
116015149298712	116015170597304	116015149257566
116015156278659	116015178929753	116015156234805
116015264708920	116015278913606	116015264570691
116015273536212	116015287248398	116015273462514
116015375405951	116015387233138	116015375298243
116015377093920	116015395564753	116015377025639
116015381263034	116015403897200	116015381218920
116015479593451	116015495537096	116015479471784
116015481182201	116015503865586	116015481133607
116015598369649	116015612163555	116015598253920
116015599937201	116015620494752	116015599869284
116015606269701	116015628825586	116015606218347
116015707934545	116015720474857	116015707804388
116015709472774	116015728809180	116015709427357
116015829161159	116015845460482	116015829059024
116015940119701	116015953769857	116015940034701
116016045745222	116016062095065	116016045616055
116016048088555	116016070429231	116016048041003
116016164312669	116016178749179	116016164191003
116016165828451	116016187082096	116016165776628
116016279140326	116016295401054	116016279024440
116016378442149	116016395407878	116016378333503
116016381071107	116016403740117	116016381028867
116016497020221	116016512062617	116016496893503
116016498573919	116016520395846	116016498509180
116016597163242	116016612056992	116016597083294
116016606638346	116016620388450	116016606575846
116016737343503	116016753703502	116016737233451
116016832214544	116016845370637	116016832096315
116016839475221	116016853707304	116016839418815
116016946595378	116016962037721	116016946294961
116016948325430	116016970372565	116016948273919
116016956631263	116016978707929	116016956558138
116017048465325	116017062040585	116017048352825
116017050194388	116017070374387	116017050148398
116017164050690	116017178700065	116017163894544
116017173095846	116017187032824	116017173007148
116017271327148	116017287001626	116017271226888
116017272820429	116017295331471	116017272780690
116017387639492	116017403660168	116017387517304
116017494900325	116017511992408	116017494801731
116017604497877	116017620341211	116017604373659
116017606076627	116017628676418	116017606027200
116017712527721	116017728707564	116017712401106
116017714173086	116017737045689	116017714134336
116017777628606	116017795403553	116017777507044
116017781693138	116017803740064	116017781643086
116017799511367	116017812076210	116017799454023
116017806084856	116017820412460	116017806049648
116017911123450	116017928744908	116017911048710
116018028827773	116018045415897	116018028701783
116018136898242	116018153738710	116018136755637
116018247059596	116018262050637	116018246949283
116018248596679	116018270383137	116018248542981
116018362896262	116018378708710	116018362771783
116018364723867	116018387041575	116018364645325
116018471061106	116018487049230	116018470957512
116018473510169	116018495383189	116018473426627
116018588461002	116018603707720	116018588270898
116018697192252	116018712017408	116018697033658
116018698615221	116018720349335	116018698575898
116018813541158	116018828677668	116018813024335
116018922615116	116018937007616	116018922505377
116019036870377	116019053675324	116019036766366
116019146113502	116019161990585	116019145945273
116019253290220	116019270298865	116019253197825
116019362673606	116019378604595	116019362577772
116019364324804	116019386938553	116019364248762
116019480094856	116019495258397	116019479852095
116019482118814	116019503589022	116019482059335
116019595565637	116019611902719	116019595470637
116019703097095	116019720219646	116019703001106
116019790727876	116019803529751	116019790648397
116019798365949	116019811862407	116019798309022
116019810608345	116019828526574	116019810564595
116019921060116	116019936840167	116019920885324
116020030030324	116020045146157	116020029932199
116020147404855	116020161804022	116020147222408
116020254059751	116020270117876	116020253979908
116020371578032	116020386789386	116020371428137
116020479520168	116020495116730	116020479422095
116020595715428	116020611788813	116020595613137
116020703722043	116020720122199	116020703625012
116020811658084	116020828453188	116020811536834
116020920636574	116020936762979	116020920408970
116021038274959	116021053393657	116021038165324
116021145618032	116021161705897	116021145449126
116021262820063	116021278358136	116021262711261
116021370674751	116021386669125	116021370513397
116021487256105	116021503314282	116021487159647
116021595745167	116021611631625	116021595573345
116021713510167	116021728287927	116021713325844
116021800369594	116021811614229	116021800242511
116021805918136	116021819944751	116021805878292
116021844394803	116021861601157	116021844313240
116021859041574	116021869932041	116021858987615

=== poll 1790360543.806859541
8333333
116013397248452	116013412932358	116013397120275
116013505778087	116013521232098	116013505616473
116013621537254	116013637833035	116013621437045
116013715821785	116013729430795	116013715710691
116013717361941	116013737758764	116013717321525
116013723470900	116013746087982	116013723434702
116013838194285	116013854357878	116013838087358
116013927419233	116013945988712	116013927306368
116013931899337	116013954318972	116013931846056
116014039413660	116014054279597	116014039298139
116014041127358	116014062609180	116014041012983
116014148742774	116014162576681	116014148665014
116014156792462	116014170909180	116014156747670
116014263946368	116014279233972	116014263827879
116014265512983	116014287566993	116014265471420
116014273525014	116014295898867	116014273464129
116014370910795	116014387536680	116014370830431
116014487615483	116014504170378	116014487529441
116014595666003	116014612468712	116014595542618
116014706032774	116014720777357	116014705912618
116014715222462	116014729108972	116014715149128
116014813146160	116014829064284	116014813027514
116014815599753	116014837393191	116014815562878
116014823382305	116014845722982	116014823343035
116014922252722	116014937340898	116014922153920
116014923711889	116014945670273	116014923683243
116014931614337	116014954000951	116014931562305
116015037908816	116015053967982	116015037799337
116015041813243	116015062298868	116015041743764
116015048471212	116015070629127	116015048390587
116015146372670	116015162264649	116015146259337
116015149298712	116015170597304	116015149257566
116015156278659	116015178929753	116015156234805
116015264708920	116015278913606	116015264570691
116015273536212	116015287248398	116015273462514
116015375405951	116015387233138	116015375298243
116015377093920	116015395564753	116015377025639
116015381263034	116015403897200	116015381218920
116015479593451	116015495537096	116015479471784
116015481182201	116015503865586	116015481133607
116015598369649	116015612163555	116015598253920
116015599937201	116015620494752	116015599869284
116015606269701	116015628825586	116015606218347
116015707934545	116015720474857	116015707804388
116015709472774	116015728809180	116015709427357
116015829161159	116015845460482	116015829059024
116015940119701	116015953769857	116015940034701
116016045745222	116016062095065	116016045616055
116016048088555	116016070429231	116016048041003
116016164312669	116016178749179	116016164191003
116016165828451	116016187082096	116016165776628
116016279140326	116016295401054	116016279024440
116016378442149	116016395407878	116016378333503
116016381071107	116016403740117	116016381028867
116016497020221	116016512062617	116016496893503
116016498573919	116016520395846	116016498509180
116016597163242	116016612056992	116016597083294
116016606638346	116016620388450	116016606575846
116016737343503	116016753703502	116016737233451
116016832214544	116016845370637	116016832096315
116016839475221	116016853707304	116016839418815
116016946595378	116016962037721	116016946294961
116016948325430	116016970372565	116016948273919
116016956631263	116016978707929	116016956558138
116017048465325	116017062040585	116017048352825
116017050194388	116017070374387	116017050148398
116017164050690	116017178700065	116017163894544
116017173095846	116017187032824	116017173007148
116017271327148	116017287001626	116017271226888
116017272820429	116017295331471	116017272780690
116017387639492	116017403660168	116017387517304
116017494900325	116017511992408	116017494801731
116017604497877	116017620341211	116017604373659
116017606076627	116017628676418	116017606027200
116017712527721	116017728707564	116017712401106
116017714173086	116017737045689	116017714134336
116017777628606	116017795403553	116017777507044
116017781693138	116017803740064	116017781643086
116017799511367	116017812076210	116017799454023
116017806084856	116017820412460	116017806049648
116017911123450	116017928744908	116017911048710
116018028827773	116018045415897	116018028701783
116018136898242	116018153738710	116018136755637
116018247059596	116018262050637	116018246949283
116018248596679	116018270383137	116018248542981
116018362896262	116018378708710	116018362771783
116018364723867	116018387041575	116018364645325
116018471061106	116018487049230	116018470957512
116018473510169	116018495383189	116018473426627
116018588461002	116018603707720	116018588270898
116018697192252	116018712017408	116018697033658
116018698615221	116018720349335	116018698575898
116018813541158	116018828677668	116018813024335
116018922615116	116018937007616	116018922505377
116019036870377	116019053675324	116019036766366
116019146113502	116019161990585	116019145945273
116019253290220	116019270298865	116019253197825
116019362673606	116019378604595	116019362577772
116019364324804	116019386938553	116019364248762
116019480094856	116019495258397	116019479852095
116019482118814	116019503589022	116019482059335
116019595565637	116019611902719	116019595470637
116019703097095	116019720219646	116019703001106
116019790727876	116019803529751	116019790648397
116019798365949	116019811862407	116019798309022
116019810608345	116019828526574	116019810564595
116019921060116	116019936840167	116019920885324
116020030030324	116020045146157	116020029932199
116020147404855	116020161804022	116020147222408
116020254059751	116020270117876	116020253979908
116020371578032	116020386789386	116020371428137
116020479520168	116020495116730	116020479422095
116020595715428	116020611788813	116020595613137
116020703722043	116020720122199	116020703625012
116020811658084	116020828453188	116020811536834
116020920636574	116020936762979	116020920408970
116021038274959	116021053393657	116021038165324
116021145618032	116021161705897	116021145449126
116021262820063	116021278358136	116021262711261
116021370674751	116021386669125	116021370513397
116021487256105	116021503314282	116021487159647
116021595745167	116021611631625	116021595573345
116021713510167	116021728287927	116021713325844
116021800369594	116021811614229	116021800242511
116021805918136	116021819944751	116021805878292
116021844394803	116021861601157	116021844313240
116021859041574	116021869932041	116021858987615

=== poll 1790360546.078145530
8333333
116013397248452	116013412932358	116013397120275
116013505778087	116013521232098	116013505616473
116013621537254	116013637833035	116013621437045
116013715821785	116013729430795	116013715710691
116013717361941	116013737758764	116013717321525
116013723470900	116013746087982	116013723434702
116013838194285	116013854357878	116013838087358
116013927419233	116013945988712	116013927306368
116013931899337	116013954318972	116013931846056
116014039413660	116014054279597	116014039298139
116014041127358	116014062609180	116014041012983
116014148742774	116014162576681	116014148665014
116014156792462	116014170909180	116014156747670
116014263946368	116014279233972	116014263827879
116014265512983	116014287566993	116014265471420
116014273525014	116014295898867	116014273464129
116014370910795	116014387536680	116014370830431
116014487615483	116014504170378	116014487529441
116014595666003	116014612468712	116014595542618
116014706032774	116014720777357	116014705912618
116014715222462	116014729108972	116014715149128
116014813146160	116014829064284	116014813027514
116014815599753	116014837393191	116014815562878
116014823382305	116014845722982	116014823343035
116014922252722	116014937340898	116014922153920
116014923711889	116014945670273	116014923683243
116014931614337	116014954000951	116014931562305
116015037908816	116015053967982	116015037799337
116015041813243	116015062298868	116015041743764
116015048471212	116015070629127	116015048390587
116015146372670	116015162264649	116015146259337
116015149298712	116015170597304	116015149257566
116015156278659	116015178929753	116015156234805
116015264708920	116015278913606	116015264570691
116015273536212	116015287248398	116015273462514
116015375405951	116015387233138	116015375298243
116015377093920	116015395564753	116015377025639
116015381263034	116015403897200	116015381218920
116015479593451	116015495537096	116015479471784
116015481182201	116015503865586	116015481133607
116015598369649	116015612163555	116015598253920
116015599937201	116015620494752	116015599869284
116015606269701	116015628825586	116015606218347
116015707934545	116015720474857	116015707804388
116015709472774	116015728809180	116015709427357
116015829161159	116015845460482	116015829059024
116015940119701	116015953769857	116015940034701
116016045745222	116016062095065	116016045616055
116016048088555	116016070429231	116016048041003
116016164312669	116016178749179	116016164191003
116016165828451	116016187082096	116016165776628
116016279140326	116016295401054	116016279024440
116016378442149	116016395407878	116016378333503
116016381071107	116016403740117	116016381028867
116016497020221	116016512062617	116016496893503
116016498573919	116016520395846	116016498509180
116016597163242	116016612056992	116016597083294
116016606638346	116016620388450	116016606575846
116016737343503	116016753703502	116016737233451
116016832214544	116016845370637	116016832096315
116016839475221	116016853707304	116016839418815
116016946595378	116016962037721	116016946294961
116016948325430	116016970372565	116016948273919
116016956631263	116016978707929	116016956558138
116017048465325	116017062040585	116017048352825
116017050194388	116017070374387	116017050148398
116017164050690	116017178700065	116017163894544
116017173095846	116017187032824	116017173007148
116017271327148	116017287001626	116017271226888
116017272820429	116017295331471	116017272780690
116017387639492	116017403660168	116017387517304
116017494900325	116017511992408	116017494801731
116017604497877	116017620341211	116017604373659
116017606076627	116017628676418	116017606027200
116017712527721	116017728707564	116017712401106
116017714173086	116017737045689	116017714134336
116017777628606	116017795403553	116017777507044
116017781693138	116017803740064	116017781643086
116017799511367	116017812076210	116017799454023
116017806084856	116017820412460	116017806049648
116017911123450	116017928744908	116017911048710
116018028827773	116018045415897	116018028701783
116018136898242	116018153738710	116018136755637
116018247059596	116018262050637	116018246949283
116018248596679	116018270383137	116018248542981
116018362896262	116018378708710	116018362771783
116018364723867	116018387041575	116018364645325
116018471061106	116018487049230	116018470957512
116018473510169	116018495383189	116018473426627
116018588461002	116018603707720	116018588270898
116018697192252	116018712017408	116018697033658
116018698615221	116018720349335	116018698575898
116018813541158	116018828677668	116018813024335
116018922615116	116018937007616	116018922505377
116019036870377	116019053675324	116019036766366
116019146113502	116019161990585	116019145945273
116019253290220	116019270298865	116019253197825
116019362673606	116019378604595	116019362577772
116019364324804	116019386938553	116019364248762
116019480094856	116019495258397	116019479852095
116019482118814	116019503589022	116019482059335
116019595565637	116019611902719	116019595470637
116019703097095	116019720219646	116019703001106
116019790727876	116019803529751	116019790648397
116019798365949	116019811862407	116019798309022
116019810608345	116019828526574	116019810564595
116019921060116	116019936840167	116019920885324
116020030030324	116020045146157	116020029932199
116020147404855	116020161804022	116020147222408
116020254059751	116020270117876	116020253979908
116020371578032	116020386789386	116020371428137
116020479520168	116020495116730	116020479422095
116020595715428	116020611788813	116020595613137
116020703722043	116020720122199	116020703625012
116020811658084	116020828453188	116020811536834
116020920636574	116020936762979	116020920408970
116021038274959	116021053393657	116021038165324
116021145618032	116021161705897	116021145449126
116021262820063	116021278358136	116021262711261
116021370674751	116021386669125	116021370513397
116021487256105	116021503314282	116021487159647
116021595745167	116021611631625	116021595573345
116021713510167	116021728287927	116021713325844
116021800369594	116021811614229	116021800242511
116021805918136	116021819944751	116021805878292
116021844394803	116021861601157	116021844313240
116021859041574	116021869932041	116021858987615

=== poll 1790360548.343518394
8333333
116013397248452	116013412932358	116013397120275
116013505778087	116013521232098	116013505616473
116013621537254	116013637833035	116013621437045
116013715821785	116013729430795	116013715710691
116013717361941	116013737758764	116013717321525
116013723470900	116013746087982	116013723434702
116013838194285	116013854357878	116013838087358
116013927419233	116013945988712	116013927306368
116013931899337	116013954318972	116013931846056
116014039413660	116014054279597	116014039298139
116014041127358	116014062609180	116014041012983
116014148742774	116014162576681	116014148665014
116014156792462	116014170909180	116014156747670
116014263946368	116014279233972	116014263827879
116014265512983	116014287566993	116014265471420
116014273525014	116014295898867	116014273464129
116014370910795	116014387536680	116014370830431
116014487615483	116014504170378	116014487529441
116014595666003	116014612468712	116014595542618
116014706032774	116014720777357	116014705912618
116014715222462	116014729108972	116014715149128
116014813146160	116014829064284	116014813027514
116014815599753	116014837393191	116014815562878
116014823382305	116014845722982	116014823343035
116014922252722	116014937340898	116014922153920
116014923711889	116014945670273	116014923683243
116014931614337	116014954000951	116014931562305
116015037908816	116015053967982	116015037799337
116015041813243	116015062298868	116015041743764
116015048471212	116015070629127	116015048390587
116015146372670	116015162264649	116015146259337
116015149298712	116015170597304	116015149257566
116015156278659	116015178929753	116015156234805
116015264708920	116015278913606	116015264570691
116015273536212	116015287248398	116015273462514
116015375405951	116015387233138	116015375298243
116015377093920	116015395564753	116015377025639
116015381263034	116015403897200	116015381218920
116015479593451	116015495537096	116015479471784
116015481182201	116015503865586	116015481133607
116015598369649	116015612163555	116015598253920
116015599937201	116015620494752	116015599869284
116015606269701	116015628825586	116015606218347
116015707934545	116015720474857	116015707804388
116015709472774	116015728809180	116015709427357
116015829161159	116015845460482	116015829059024
116015940119701	116015953769857	116015940034701
116016045745222	116016062095065	116016045616055
116016048088555	116016070429231	116016048041003
116016164312669	116016178749179	116016164191003
116016165828451	116016187082096	116016165776628
116016279140326	116016295401054	116016279024440
116016378442149	116016395407878	116016378333503
116016381071107	116016403740117	116016381028867
116016497020221	116016512062617	116016496893503
116016498573919	116016520395846	116016498509180
116016597163242	116016612056992	116016597083294
116016606638346	116016620388450	116016606575846
116016737343503	116016753703502	116016737233451
116016832214544	116016845370637	116016832096315
116016839475221	116016853707304	116016839418815
116016946595378	116016962037721	116016946294961
116016948325430	116016970372565	116016948273919
116016956631263	116016978707929	116016956558138
116017048465325	116017062040585	116017048352825
116017050194388	116017070374387	116017050148398
116017164050690	116017178700065	116017163894544
116017173095846	116017187032824	116017173007148
116017271327148	116017287001626	116017271226888
116017272820429	116017295331471	116017272780690
116017387639492	116017403660168	116017387517304
116017494900325	116017511992408	116017494801731
116017604497877	116017620341211	116017604373659
116017606076627	116017628676418	116017606027200
116017712527721	116017728707564	116017712401106
116017714173086	116017737045689	116017714134336
116017777628606	116017795403553	116017777507044
116017781693138	116017803740064	116017781643086
116017799511367	116017812076210	116017799454023
116017806084856	116017820412460	116017806049648
116017911123450	116017928744908	116017911048710
116018028827773	116018045415897	116018028701783
116018136898242	116018153738710	116018136755637
116018247059596	116018262050637	116018246949283
116018248596679	116018270383137	116018248542981
116018362896262	116018378708710	116018362771783
116018364723867	116018387041575	116018364645325
116018471061106	116018487049230	116018470957512
116018473510169	116018495383189	116018473426627
116018588461002	116018603707720	116018588270898
116018697192252	116018712017408	116018697033658
116018698615221	116018720349335	116018698575898
116018813541158	116018828677668	116018813024335
116018922615116	116018937007616	116018922505377
116019036870377	116019053675324	116019036766366
116019146113502	116019161990585	116019145945273
116019253290220	116019270298865	116019253197825
116019362673606	116019378604595	116019362577772
116019364324804	116019386938553	116019364248762
116019480094856	116019495258397	116019479852095
116019482118814	116019503589022	116019482059335
116019595565637	116019611902719	116019595470637
116019703097095	116019720219646	116019703001106
116019790727876	116019803529751	116019790648397
116019798365949	116019811862407	116019798309022
116019810608345	116019828526574	116019810564595
116019921060116	116019936840167	116019920885324
116020030030324	116020045146157	116020029932199
116020147404855	116020161804022	116020147222408
116020254059751	116020270117876	116020253979908
116020371578032	116020386789386	116020371428137
116020479520168	116020495116730	116020479422095
116020595715428	116020611788813	116020595613137
116020703722043	116020720122199	116020703625012
116020811658084	116020828453188	116020811536834
116020920636574	116020936762979	116020920408970
116021038274959	116021053393657	116021038165324
116021145618032	116021161705897	116021145449126
116021262820063	116021278358136	116021262711261
116021370674751	116021386669125	116021370513397
116021487256105	116021503314282	116021487159647
116021595745167	116021611631625	116021595573345
116021713510167	116021728287927	116021713325844
116021800369594	116021811614229	116021800242511
116021805918136	116021819944751	116021805878292
116021844394803	116021861601157	116021844313240
116021859041574	116021869932041	116021858987615

=== poll 1790360550.643540945
8333333
116013715821785	116013729430795	116013715710691
116013717361941	116013737758764	116013717321525
116013723470900	116013746087982	116013723434702
116013838194285	116013854357878	116013838087358
116013927419233	116013945988712	116013927306368
116013931899337	116013954318972	116013931846056
116014039413660	116014054279597	116014039298139
116014041127358	116014062609180	116014041012983
116014148742774	116014162576681	116014148665014
116014156792462	116014170909180	116014156747670
116014263946368	116014279233972	116014263827879
116014265512983	116014287566993	116014265471420
116014273525014	116014295898867	116014273464129
116014370910795	116014387536680	116014370830431
116014487615483	116014504170378	116014487529441
116014595666003	116014612468712	116014595542618
116014706032774	116014720777357	116014705912618
116014715222462	116014729108972	116014715149128
116014813146160	116014829064284	116014813027514
116014815599753	116014837393191	116014815562878
116014823382305	116014845722982	116014823343035
116014922252722	116014937340898	116014922153920
116014923711889	116014945670273	116014923683243
116014931614337	116014954000951	116014931562305
116015037908816	116015053967982	116015037799337
116015041813243	116015062298868	116015041743764
116015048471212	116015070629127	116015048390587
116015146372670	116015162264649	116015146259337
116015149298712	116015170597304	116015149257566
116015156278659	116015178929753	116015156234805
116015264708920	116015278913606	116015264570691
116015273536212	116015287248398	116015273462514
116015375405951	116015387233138	116015375298243
116015377093920	116015395564753	116015377025639
116015381263034	116015403897200	116015381218920
116015479593451	116015495537096	116015479471784
116015481182201	116015503865586	116015481133607
116015598369649	116015612163555	116015598253920
116015599937201	116015620494752	116015599869284
116015606269701	116015628825586	116015606218347
116015707934545	116015720474857	116015707804388
116015709472774	116015728809180	116015709427357
116015829161159	116015845460482	116015829059024
116015940119701	116015953769857	116015940034701
116016045745222	116016062095065	116016045616055
116016048088555	116016070429231	116016048041003
116016164312669	116016178749179	116016164191003
116016165828451	116016187082096	116016165776628
116016279140326	116016295401054	116016279024440
116016378442149	116016395407878	116016378333503
116016381071107	116016403740117	116016381028867
116016497020221	116016512062617	116016496893503
116016498573919	116016520395846	116016498509180
116016597163242	116016612056992	116016597083294
116016606638346	116016620388450	116016606575846
116016737343503	116016753703502	116016737233451
116016832214544	116016845370637	116016832096315
116016839475221	116016853707304	116016839418815
116016946595378	116016962037721	116016946294961
116016948325430	116016970372565	116016948273919
116016956631263	116016978707929	116016956558138
116017048465325	116017062040585	116017048352825
116017050194388	116017070374387	116017050148398
116017164050690	116017178700065	116017163894544
116017173095846	116017187032824	116017173007148
116017271327148	116017287001626	116017271226888
116017272820429	116017295331471	116017272780690
116017387639492	116017403660168	116017387517304
116017494900325	116017511992408	116017494801731
116017604497877	116017620341211	116017604373659
116017606076627	116017628676418	116017606027200
116017712527721	116017728707564	116017712401106
116017714173086	116017737045689	116017714134336
116017777628606	116017795403553	116017777507044
116017781693138	116017803740064	116017781643086
116017799511367	116017812076210	116017799454023
116017806084856	116017820412460	116017806049648
116017911123450	116017928744908	116017911048710
116018028827773	116018045415897	116018028701783
116018136898242	116018153738710	116018136755637
116018247059596	116018262050637	116018246949283
116018248596679	116018270383137	116018248542981
116018362896262	116018378708710	116018362771783
116018364723867	116018387041575	116018364645325
116018471061106	116018487049230	116018470957512
116018473510169	116018495383189	116018473426627
116018588461002	116018603707720	116018588270898
116018697192252	116018712017408	116018697033658
116018698615221	116018720349335	116018698575898
116018813541158	116018828677668	116018813024335
116018922615116	116018937007616	116018922505377
116019036870377	116019053675324	116019036766366
116019146113502	116019161990585	116019145945273
116019253290220	116019270298865	116019253197825
116019362673606	116019378604595	116019362577772
116019364324804	116019386938553	116019364248762
116019480094856	116019495258397	116019479852095
116019482118814	116019503589022	116019482059335
116019595565637	116019611902719	116019595470637
116019703097095	116019720219646	116019703001106
116019790727876	116019803529751	116019790648397
116019798365949	116019811862407	116019798309022
116019810608345	116019828526574	116019810564595
116019921060116	116019936840167	116019920885324
116020030030324	116020045146157	116020029932199
116020147404855	116020161804022	116020147222408
116020254059751	116020270117876	116020253979908
116020371578032	116020386789386	116020371428137
116020479520168	116020495116730	116020479422095
116020595715428	116020611788813	116020595613137
116020703722043	116020720122199	116020703625012
116020811658084	116020828453188	116020811536834
116020920636574	116020936762979	116020920408970
116021038274959	116021053393657	116021038165324
116021145618032	116021161705897	116021145449126
116021262820063	116021278358136	116021262711261
116021370674751	116021386669125	116021370513397
116021487256105	116021503314282	116021487159647
116021595745167	116021611631625	116021595573345
116021713510167	116021728287927	116021713325844
116021800369594	116021811614229	116021800242511
116021805918136	116021819944751	116021805878292
116021844394803	116021861601157	116021844313240
116021859041574	116021869932041	116021858987615
116034929957714	116034943030891	116034929666725
116034933832246	116034951361880	116034933778964
116034948794433	116034959694589	116034948717454

=== poll 1790360552.979067871
8333333
116013715821785	116013729430795	116013715710691
116013717361941	116013737758764	116013717321525
116013723470900	116013746087982	116013723434702
116013838194285	116013854357878	116013838087358
116013927419233	116013945988712	116013927306368
116013931899337	116013954318972	116013931846056
116014039413660	116014054279597	116014039298139
116014041127358	116014062609180	116014041012983
116014148742774	116014162576681	116014148665014
116014156792462	116014170909180	116014156747670
116014263946368	116014279233972	116014263827879
116014265512983	116014287566993	116014265471420
116014273525014	116014295898867	116014273464129
116014370910795	116014387536680	116014370830431
116014487615483	116014504170378	116014487529441
116014595666003	116014612468712	116014595542618
116014706032774	116014720777357	116014705912618
116014715222462	116014729108972	116014715149128
116014813146160	116014829064284	116014813027514
116014815599753	116014837393191	116014815562878
116014823382305	116014845722982	116014823343035
116014922252722	116014937340898	116014922153920
116014923711889	116014945670273	116014923683243
116014931614337	116014954000951	116014931562305
116015037908816	116015053967982	116015037799337
116015041813243	116015062298868	116015041743764
116015048471212	116015070629127	116015048390587
116015146372670	116015162264649	116015146259337
116015149298712	116015170597304	116015149257566
116015156278659	116015178929753	116015156234805
116015264708920	116015278913606	116015264570691
116015273536212	116015287248398	116015273462514
116015375405951	116015387233138	116015375298243
116015377093920	116015395564753	116015377025639
116015381263034	116015403897200	116015381218920
116015479593451	116015495537096	116015479471784
116015481182201	116015503865586	116015481133607
116015598369649	116015612163555	116015598253920
116015599937201	116015620494752	116015599869284
116015606269701	116015628825586	116015606218347
116015707934545	116015720474857	116015707804388
116015709472774	116015728809180	116015709427357
116015829161159	116015845460482	116015829059024
116015940119701	116015953769857	116015940034701
116016045745222	116016062095065	116016045616055
116016048088555	116016070429231	116016048041003
116016164312669	116016178749179	116016164191003
116016165828451	116016187082096	116016165776628
116016279140326	116016295401054	116016279024440
116016378442149	116016395407878	116016378333503
116016381071107	116016403740117	116016381028867
116016497020221	116016512062617	116016496893503
116016498573919	116016520395846	116016498509180
116016597163242	116016612056992	116016597083294
116016606638346	116016620388450	116016606575846
116016737343503	116016753703502	116016737233451
116016832214544	116016845370637	116016832096315
116016839475221	116016853707304	116016839418815
116016946595378	116016962037721	116016946294961
116016948325430	116016970372565	116016948273919
116016956631263	116016978707929	116016956558138
116017048465325	116017062040585	116017048352825
116017050194388	116017070374387	116017050148398
116017164050690	116017178700065	116017163894544
116017173095846	116017187032824	116017173007148
116017271327148	116017287001626	116017271226888
116017272820429	116017295331471	116017272780690
116017387639492	116017403660168	116017387517304
116017494900325	116017511992408	116017494801731
116017604497877	116017620341211	116017604373659
116017606076627	116017628676418	116017606027200
116017712527721	116017728707564	116017712401106
116017714173086	116017737045689	116017714134336
116017777628606	116017795403553	116017777507044
116017781693138	116017803740064	116017781643086
116017799511367	116017812076210	116017799454023
116017806084856	116017820412460	116017806049648
116017911123450	116017928744908	116017911048710
116018028827773	116018045415897	116018028701783
116018136898242	116018153738710	116018136755637
116018247059596	116018262050637	116018246949283
116018248596679	116018270383137	116018248542981
116018362896262	116018378708710	116018362771783
116018364723867	116018387041575	116018364645325
116018471061106	116018487049230	116018470957512
116018473510169	116018495383189	116018473426627
116018588461002	116018603707720	116018588270898
116018697192252	116018712017408	116018697033658
116018698615221	116018720349335	116018698575898
116018813541158	116018828677668	116018813024335
116018922615116	116018937007616	116018922505377
116019036870377	116019053675324	116019036766366
116019146113502	116019161990585	116019145945273
116019253290220	116019270298865	116019253197825
116019362673606	116019378604595	116019362577772
116019364324804	116019386938553	116019364248762
116019480094856	116019495258397	116019479852095
116019482118814	116019503589022	116019482059335
116019595565637	116019611902719	116019595470637
116019703097095	116019720219646	116019703001106
116019790727876	116019803529751	116019790648397
116019798365949	116019811862407	116019798309022
116019810608345	116019828526574	116019810564595
116019921060116	116019936840167	116019920885324
116020030030324	116020045146157	116020029932199
116020147404855	116020161804022	116020147222408
116020254059751	116020270117876	116020253979908
116020371578032	116020386789386	116020371428137
116020479520168	116020495116730	116020479422095
116020595715428	116020611788813	116020595613137
116020703722043	116020720122199	116020703625012
116020811658084	116020828453188	116020811536834
116020920636574	116020936762979	116020920408970
116021038274959	116021053393657	116021038165324
116021145618032	116021161705897	116021145449126
116021262820063	116021278358136	116021262711261
116021370674751	116021386669125	116021370513397
116021487256105	116021503314282	116021487159647
116021595745167	116021611631625	116021595573345
116021713510167	116021728287927	116021713325844
116021800369594	116021811614229	116021800242511
116021805918136	116021819944751	116021805878292
116021844394803	116021861601157	116021844313240
116021859041574	116021869932041	116021858987615
116034929957714	116034943030891	116034929666725
116034933832246	116034951361880	116034933778964
116034948794433	116034959694589	116034948717454

