RUN_BEGIN cells=263 noise=1 iters=20 warmup=3 every=25 1790154356.840349
MARK CELL_BEGIN N0000 1790154356.840429
MARK CELL_END N0000 1790154356.873695
CELL {"seq":0,"id":"N0000","group":"N","rw":1024,"rh":1024,"sw":1024,"sh":1024,"ratio":"1x","reuse":1,"batch":1,"residency":"warm","readback":"none","iters":20,"iter_ns_p50":800000,"iter_ns_p95":849271,"per_op_ns_p50":800000,"x_cpu_ticks":2,"errors":0,"pixel_ok":true,"wall":[1790154356.840429,1790154356.873695],"iter_ns":[813855,819375,849271,796198,805312,803542,801770,806719,800000,811562,788750,801667,765052,513750,493490,487500,479480,471563,470104,481197]}
MARK CELL_BEGIN A0061 1790154356.873724
MARK CELL_END A0061 1790154356.878733
CELL {"seq":1,"id":"A0061","group":"A","rw":128,"rh":128,"sw":128,"sh":128,"ratio":"1x","reuse":1,"batch":1,"residency":"warm","readback":"immediate","iters":20,"iter_ns_p50":141667,"iter_ns_p95":228281,"per_op_ns_p50":141667,"x_cpu_ticks":0,"errors":0,"pixel_ok":true,"wall":[1790154356.873724,1790154356.878733],"iter_ns":[161146,138750,161615,164167,161302,159896,166302,162031,203334,129166,228281,118959,114167,141667,115312,111042,112031,108958,108177,107761]}
MARK CELL_BEGIN A0055 1790154356.878745
MARK CELL_END A0055 1790154356.884344
CELL {"seq":2,"id":"A0055","group":"A","rw":64,"rh":64,"sw":64,"sh":64,"ratio":"1x","reuse":1,"batch":8,"residency":"warm","readback":"immediate","iters":20,"iter_ns_p50":179896,"iter_ns_p95":257187,"per_op_ns_p50":22487,"x_cpu_ticks":1,"errors":0,"pixel_ok":true,"wall":[1790154356.878745,1790154356.884344],"iter_ns":[167031,172969,177709,179896,257187,188437,204479,192292,242135,197239,184636,168125,175052,175677,171146,233802,182135,168958,171042,165886]}
MARK CELL_BEGIN B0210 1790154356.884357
MARK CELL_END B0210 1790154356.949589
CELL {"seq":3,"id":"B0210","group":"B","rw":1024,"rh":1024,"sw":1024,"sh":1024,"ratio":"1x","reuse":1,"batch":1,"residency":"resize","readback":"none","iters":20,"iter_ns_p50":2010000,"iter_ns_p95":2531510,"per_op_ns_p50":2010000,"x_cpu_ticks":4,"errors":0,"pixel_ok":true,"wall":[1790154356.884357,1790154356.949589],"iter_ns":[2134843,2402500,2167709,2531510,2440520,2431458,2262813,2100209,1946666,1934271,1860677,1916771,1895886,1995989,2064063,2010000,1855469,1951042,1838490,1874636]}
MARK CELL_BEGIN B0182 1790154356.949622
MARK CELL_END B0182 1790154356.957628
CELL {"seq":4,"id":"B0182","group":"B","rw":128,"rh":128,"sw":128,"sh":128,"ratio":"1x","reuse":64,"batch":1,"residency":"warm","readback":"none","iters":20,"iter_ns_p50":82812,"iter_ns_p95":222760,"per_op_ns_p50":82812,"x_cpu_ticks":0,"errors":0,"pixel_ok":true,"wall":[1790154356.949622,1790154356.957628],"iter_ns":[82812,84948,81771,82292,93021,95938,86510,81875,222760,95157,85260,83959,82552,82084,119062,57865,71667,56146,50365,50781]}
MARK CELL_BEGIN C0246 1790154356.957653
MARK CELL_END C0246 1790154356.960992
CELL {"seq":5,"id":"C0246","group":"C","rw":1,"rh":1,"sw":2,"sh":2,"ratio":"4x","reuse":16,"batch":1,"residency":"warm","readback":"delayed","iters":20,"iter_ns_p50":42396,"iter_ns_p95":736719,"per_op_ns_p50":42396,"x_cpu_ticks":1,"errors":0,"pixel_ok":true,"wall":[1790154356.957653,1790154356.960992],"iter_ns":[41250,41562,40573,40885,40208,49687,42917,736719,44323,42448,40625,42865,45417,40260,39792,690000,44167,42396,40625,40573]}
MARK CELL_BEGIN A0114 1790154356.961003
MARK CELL_END A0114 1790154357.306904
CELL {"seq":6,"id":"A0114","group":"A","rw":1200,"rh":2608,"sw":1200,"sh":2608,"ratio":"1x","reuse":1,"batch":8,"residency":"warm","readback":"none","iters":20,"iter_ns_p50":11083490,"iter_ns_p95":12189010,"per_op_ns_p50":1385436,"x_cpu_ticks":26,"errors":0,"pixel_ok":true,"wall":[1790154356.961003,1790154357.306904],"iter_ns":[11083490,11142031,10895260,11525521,10611823,10535885,10536615,10810417,11296146,12189010,11860521,11477916,11365313,11154896,11064584,11077187,11526979,10849427,10965625,10829583]}
MARK CELL_BEGIN A0051 1790154357.306959
MARK CELL_END A0051 1790154357.310457
CELL {"seq":7,"id":"A0051","group":"A","rw":64,"rh":64,"sw":64,"sh":64,"ratio":"1x","reuse":1,"batch":4,"residency":"warm","readback":"none","iters":20,"iter_ns_p50":68594,"iter_ns_p95":160209,"per_op_ns_p50":17148,"x_cpu_ticks":0,"errors":0,"pixel_ok":true,"wall":[1790154357.306959,1790154357.310457],"iter_ns":[74583,68594,67709,67344,67084,66354,66614,65834,92136,69948,65000,66771,80990,66875,160209,81563,66145,94583,90364,89896]}
MARK CELL_BEGIN A0009 1790154357.310481
MARK CELL_END A0009 1790154357.315765
CELL {"seq":8,"id":"A0009","group":"A","rw":1,"rh":1,"sw":1,"sh":1,"ratio":"1x","reuse":1,"batch":16,"residency":"warm","readback":"none","iters":20,"iter_ns_p50":141302,"iter_ns_p95":263229,"per_op_ns_p50":8831,"x_cpu_ticks":0,"errors":0,"pixel_ok":true,"wall":[1790154357.310481,1790154357.315765],"iter_ns":[144479,130312,128542,130677,128906,128333,126563,126927,128073,209010,259323,140468,142188,154167,212604,141302,151927,218958,135521,263229]}
MARK CELL_BEGIN A0005 1790154357.315776
MARK CELL_END A0005 1790154357.318357
CELL {"seq":9,"id":"A0005","group":"A","rw":1,"rh":1,"sw":1,"sh":1,"ratio":"1x","reuse":1,"batch":4,"residency":"warm","readback":"delayed","iters":20,"iter_ns_p50":58750,"iter_ns_p95":105521,"per_op_ns_p50":14687,"x_cpu_ticks":0,"errors":0,"pixel_ok":true,"wall":[1790154357.315776,1790154357.318357],"iter_ns":[58229,57656,57916,57239,70573,58750,58177,98385,59896,59792,57761,57083,105521,75729,58698,98333,60104,58958,57396,57760]}
MARK CELL_BEGIN B0161 1790154357.318367
MARK CELL_END B0161 1790154357.331471
CELL {"seq":10,"id":"B0161","group":"B","rw":32,"rh":32,"sw":1200,"sh":2191,"ratio":"redirected","reuse":1,"batch":1,"residency":"warm","readback":"none","iters":20,"iter_ns_p50":46667,"iter_ns_p95":118490,"per_op_ns_p50":46667,"x_cpu_ticks":0,"errors":0,"pixel_ok":true,"wall":[1790154357.318367,1790154357.331471],"iter_ns":[42917,54584,54323,42500,49063,44948,47031,46406,118490,42135,48073,45885,46667,48541,51771,43177,42187,44583,40625,59011]}
MARK CELL_BEGIN B0203 1790154357.331493
MARK CELL_END B0203 1790154357.359968
CELL {"seq":11,"id":"B0203","group":"B","rw":512,"rh":512,"sw":512,"sh":512,"ratio":"1x","reuse":1,"batch":1,"residency":"recreate","readback":"none","iters":20,"iter_ns_p50":1003437,"iter_ns_p95":1224063,"per_op_ns_p50":1003437,"x_cpu_ticks":1,"errors":0,"pixel_ok":true,"wall":[1790154357.331493,1790154357.359968],"iter_ns":[1022344,1014167,975156,1018645,893541,856458,1003437,953854,1224063,1144219,1123750,949323,898281,840520,919636,1098750,1017708,1190000,835990,821979]}
MARK CELL_BEGIN B0193 1790154357.360014
MARK CELL_END B0193 1790154357.369203
CELL {"seq":12,"id":"B0193","group":"B","rw":256,"rh":256,"sw":256,"sh":256,"ratio":"1x","reuse":1,"batch":1,"residency":"resize","readback":"none","iters":20,"iter_ns_p50":243178,"iter_ns_p95":408698,"per_op_ns_p50":243178,"x_cpu_ticks":0,"errors":0,"pixel_ok":true,"wall":[1790154357.360014,1790154357.369203],"iter_ns":[243178,247136,325572,344583,363073,239479,385573,408698,226511,258594,221667,284323,208229,261459,242657,233490,193698,213073,219896,239218]}
MARK CELL_BEGIN A0034 1790154357.369226
MARK CELL_END A0034 1790154357.375884
CELL {"seq":13,"id":"A0034","group":"A","rw":16,"rh":16,"sw":16,"sh":16,"ratio":"1x","reuse":1,"batch":16,"residency":"warm","readback":"immediate","iters":20,"iter_ns_p50":219166,"iter_ns_p95":345208,"per_op_ns_p50":13697,"x_cpu_ticks":1,"errors":0,"pixel_ok":true,"wall":[1790154357.369226,1790154357.375884],"iter_ns":[233802,270000,240625,207761,265000,192084,217135,195625,218282,345208,209219,215990,224323,221562,219166,222136,204791,201146,196094,283229]}
MARK CELL_BEGIN A0072 1790154357.375905
MARK CELL_END A0072 1790154357.380721
CELL {"seq":14,"id":"A0072","group":"A","rw":256,"rh":256,"sw":256,"sh":256,"ratio":"1x","reuse":1,"batch":1,"residency":"warm","readback":"none","iters":20,"iter_ns_p50":121927,"iter_ns_p95":194791,"per_op_ns_p50":121927,"x_cpu_ticks":0,"errors":0,"pixel_ok":true,"wall":[1790154357.375905,1790154357.380721],"iter_ns":[105104,125990,132344,121927,123855,120261,114375,120261,121563,112969,116718,118906,129895,140156,194791,122500,117187,132448,123333,114062]}
MARK CELL_BEGIN B0188 1790154357.380739
MARK CELL_END B0188 1790154357.405858
CELL {"seq":15,"id":"B0188","group":"B","rw":256,"rh":256,"sw":1200,"sh":2191,"ratio":"redirected","reuse":1,"batch":1,"residency":"warm","readback":"none","iters":20,"iter_ns_p50":174896,"iter_ns_p95":253385,"per_op_ns_p50":174896,"x_cpu_ticks":1,"errors":0,"pixel_ok":true,"wall":[1790154357.380739,1790154357.405858],"iter_ns":[186563,143854,177656,136302,172969,152448,230625,169271,141771,174896,166563,172083,167239,236510,192605,253385,191771,217969,160677,251510]}
MARK CELL_BEGIN A0105 1790154357.405898
MARK CELL_END A0105 1790154357.576796
CELL {"seq":16,"id":"A0105","group":"A","rw":1024,"rh":1024,"sw":1024,"sh":1024,"ratio":"1x","reuse":1,"batch":16,"residency":"warm","readback":"none","iters":20,"iter_ns_p50":6215730,"iter_ns_p95":6463906,"per_op_ns_p50":388483,"x_cpu_ticks":16,"errors":0,"pixel_ok":true,"wall":[1790154357.405898,1790154357.576796],"iter_ns":[6214791,6215730,6204218,6209271,6208750,6192864,6164167,6463906,6239219,6188541,6345625,6253437,6235156,6270781,6213333,6250364,6236198,6197813,6259740,6179270]}
MARK CELL_BEGIN B0180 1790154357.576849
MARK CELL_END B0180 1790154357.583998
CELL {"seq":17,"id":"B0180","group":"B","rw":128,"rh":128,"sw":128,"sh":128,"ratio":"1x","reuse":4,"batch":1,"residency":"warm","readback":"none","iters":20,"iter_ns_p50":138177,"iter_ns_p95":201511,"per_op_ns_p50":138177,"x_cpu_ticks":0,"errors":0,"pixel_ok":true,"wall":[1790154357.576849,1790154357.583998],"iter_ns":[138177,201511,137605,129427,181927,124167,180313,162916,143697,133593,147187,169792,114011,127292,129323,142344,132761,150416,128802,129323]}
MARK CELL_BEGIN A0031 1790154357.584020
MARK CELL_END A0031 1790154357.591762
CELL {"seq":18,"id":"A0031","group":"A","rw":16,"rh":16,"sw":16,"sh":16,"ratio":"1x","reuse":1,"batch":8,"residency":"warm","readback":"immediate","iters":20,"iter_ns_p50":207031,"iter_ns_p95":338073,"per_op_ns_p50":25878,"x_cpu_ticks":1,"errors":0,"pixel_ok":true,"wall":[1790154357.584020,1790154357.591762],"iter_ns":[137969,204427,176302,185469,207031,211979,242188,210989,199427,192813,172448,184791,207136,338073,250104,199011,167760,295781,221198,258073]}
MARK CELL_BEGIN A0049 1790154357.591778
MARK CELL_END A0049 1790154357.595727
CELL {"seq":19,"id":"A0049","group":"A","rw":64,"rh":64,"sw":64,"sh":64,"ratio":"1x","reuse":1,"batch":1,"residency":"warm","readback":"immediate","iters":20,"iter_ns_p50":95886,"iter_ns_p95":219323,"per_op_ns_p50":95886,"x_cpu_ticks":0,"errors":0,"pixel_ok":true,"wall":[1790154357.591778,1790154357.595727],"iter_ns":[92604,157031,89583,100052,95886,92188,219323,123125,94479,92292,89219,90469,105782,93281,120938,95052,102187,112760,95104,98125]}
MARK CELL_BEGIN A0131 1790154357.595744
MARK CELL_END A0131 1790154358.809586
CELL {"seq":20,"id":"A0131","group":"A","rw":3440,"rh":1440,"sw":3440,"sh":1440,"ratio":"1x","reuse":1,"batch":16,"residency":"warm","readback":"delayed","iters":20,"iter_ns_p50":42199479,"iter_ns_p95":67899687,"per_op_ns_p50":2637467,"x_cpu_ticks":104,"errors":0,"pixel_ok":true,"wall":[1790154357.595744,1790154358.809586],"iter_ns":[42075729,42841458,42282657,42453646,42439114,42174844,42294791,50634115,42403125,41846718,41681250,42199479,41795313,41139531,40890729,67899687,43716771,41651198,41187031,41615833]}
MARK CELL_BEGIN A0004 1790154358.809618
MARK CELL_END A0004 1790154358.813046
CELL {"seq":21,"id":"A0004","group":"A","rw":1,"rh":1,"sw":1,"sh":1,"ratio":"1x","reuse":1,"batch":4,"residency":"warm","readback":"immediate","iters":20,"iter_ns_p50":86719,"iter_ns_p95":268281,"per_op_ns_p50":21679,"x_cpu_ticks":0,"errors":0,"pixel_ok":true,"wall":[1790154358.809618,1790154358.813046],"iter_ns":[91198,89115,94583,74480,87708,268281,84531,71823,74270,128073,115156,71146,87917,70052,86719,69219,85625,68907,86823,69270]}
MARK CELL_BEGIN A0113 1790154358.813055
MARK CELL_END A0113 1790154359.086293
CELL {"seq":22,"id":"A0113","group":"A","rw":1200,"rh":2608,"sw":1200,"sh":2608,"ratio":"1x","reuse":1,"batch":4,"residency":"warm","readback":"delayed","iters":20,"iter_ns_p50":5557969,"iter_ns_p95":24332084,"per_op_ns_p50":1389492,"x_cpu_ticks":18,"errors":0,"pixel_ok":true,"wall":[1790154358.813055,1790154359.086293],"iter_ns":[5557969,5452656,5425104,5375572,5363177,5370781,5319688,22714896,6224479,5863854,5559792,5496197,5518907,5602291,5400521,24332084,6538958,5838906,5573646,5509532]}
MARK CELL_BEGIN B0179 1790154359.086332
MARK CELL_END B0179 1790154359.105196
CELL {"seq":23,"id":"B0179","group":"B","rw":128,"rh":128,"sw":1200,"sh":2191,"ratio":"redirected","reuse":1,"batch":1,"residency":"warm","readback":"none","iters":20,"iter_ns_p50":51146,"iter_ns_p95":201458,"per_op_ns_p50":51146,"x_cpu_ticks":1,"errors":0,"pixel_ok":true,"wall":[1790154359.086332,1790154359.105196],"iter_ns":[56562,48021,48958,51146,57500,49531,49323,46563,47552,46979,47552,128021,90990,201458,114948,80937,63021,54948,47969,46510]}
MARK CELL_BEGIN B0222 1790154359.105250
MARK CELL_END B0222 1790154359.991163
CELL {"seq":24,"id":"B0222","group":"B","rw":3440,"rh":1440,"sw":3440,"sh":1440,"ratio":"1x","reuse":1,"batch":1,"residency":"recreate","readback":"none","iters":20,"iter_ns_p50":33428177,"iter_ns_p95":40375000,"per_op_ns_p50":33428177,"x_cpu_ticks":65,"errors":0,"pixel_ok":true,"wall":[1790154359.105250,1790154359.991163],"iter_ns":[34111302,33369480,35148541,32772500,33827812,32908125,32741927,32159687,34392187,32442031,31708021,33428177,40375000,39045781,40368021,34455208,39653073,32522917,32041875,31849271]}
MARK CELL_BEGIN A0038 1790154359.991197
MARK CELL_END A0038 1790154359.994182
CELL {"seq":25,"id":"A0038","group":"A","rw":32,"rh":32,"sw":32,"sh":32,"ratio":"1x","reuse":1,"batch":1,"residency":"warm","readback":"delayed","iters":20,"iter_ns_p50":49479,"iter_ns_p95":139688,"per_op_ns_p50":49479,"x_cpu_ticks":0,"errors":0,"pixel_ok":true,"wall":[1790154359.991197,1790154359.994182],"iter_ns":[53281,46719,106406,48490,139688,49479,58855,128855,43438,42500,41094,111719,45104,43281,92761,101979,43646,42865,41302,78021]}
MARK CELL_BEGIN N0000 1790154359.994190
MARK CELL_END N0000 1790154360.028784
CELL {"seq":26,"id":"N0000","group":"N","rw":1024,"rh":1024,"sw":1024,"sh":1024,"ratio":"1x","reuse":1,"batch":1,"residency":"warm","readback":"none","iters":20,"iter_ns_p50":551667,"iter_ns_p95":654062,"per_op_ns_p50":551667,"x_cpu_ticks":1,"errors":0,"pixel_ok":true,"wall":[1790154359.994190,1790154360.028784],"iter_ns":[581562,654062,598750,564687,590989,547656,517448,512708,533542,514167,516459,537448,521823,593385,556250,513750,551667,519375,610260,572865]}
MARK CELL_BEGIN A0050 1790154360.028818
MARK CELL_END A0050 1790154360.031788
CELL {"seq":27,"id":"A0050","group":"A","rw":64,"rh":64,"sw":64,"sh":64,"ratio":"1x","reuse":1,"batch":1,"residency":"warm","readback":"delayed","iters":20,"iter_ns_p50":50365,"iter_ns_p95":257813,"per_op_ns_p50":50365,"x_cpu_ticks":0,"errors":0,"pixel_ok":true,"wall":[1790154360.028818,1790154360.031788],"iter_ns":[53646,80417,48750,51042,73594,48698,44792,138907,44896,45416,257813,111979,43802,58907,49063,106042,44636,46041,47865,50365]}
MARK CELL_BEGIN C0250 1790154360.031800
MARK CELL_END C0250 1790154360.041157
CELL {"seq":28,"id":"C0250","group":"C","rw":1,"rh":1,"sw":1,"sh":1,"ratio":"1x","reuse":1,"batch":16,"residency":"cold","readback":"immediate","iters":20,"iter_ns_p50":148645,"iter_ns_p95":363854,"per_op_ns_p50":9290,"x_cpu_ticks":0,"errors":0,"pixel_ok":true,"wall":[1790154360.031800,1790154360.041157],"iter_ns":[190312,176510,175677,169115,148645,134792,134844,137239,133437,133594,133541,133437,132761,134115,132604,274843,229479,363854,226563,282084]}
MARK CELL_BEGIN C0240 1790154360.041195
MARK CELL_END C0240 1790154361.837027
CELL {"seq":29,"id":"C0240","group":"C","rw":1200,"rh":2608,"sw":2400,"sh":5216,"ratio":"4x","reuse":1,"batch":16,"residency":"resize","readback":"immediate","iters":20,"iter_ns_p50":62189948,"iter_ns_p95":124519584,"per_op_ns_p50":3886871,"x_cpu_ticks":164,"errors":0,"pixel_ok":true,"wall":[1790154360.041195,1790154361.837027],"iter_ns":[84029323,124519584,121798437,90689739,97790677,44760209,88713177,53001198,53042552,49679063,99225834,56459010,43914896,62189948,90489270,42587084,39415937,95245052,46941511,59398750]}
MARK CELL_BEGIN B0194 1790154361.837118
MARK CELL_END B0194 1790154361.854391
CELL {"seq":30,"id":"B0194","group":"B","rw":256,"rh":256,"sw":256,"sh":256,"ratio":"1x","reuse":1,"batch":1,"residency":"recreate","readback":"none","iters":20,"iter_ns_p50":477031,"iter_ns_p95":811354,"per_op_ns_p50":477031,"x_cpu_ticks":0,"errors":0,"pixel_ok":true,"wall":[1790154361.837118,1790154361.854391],"iter_ns":[692239,633594,811354,570312,476875,497395,504739,492865,470417,423959,557604,446563,482760,437292,447344,477031,392813,447136,434843,474323]}
MARK CELL_BEGIN A0079 1790154361.854440
MARK CELL_END A0079 1790154361.875732
CELL {"seq":31,"id":"A0079","group":"A","rw":256,"rh":256,"sw":256,"sh":256,"ratio":"1x","reuse":1,"batch":8,"residency":"warm","readback":"immediate","iters":20,"iter_ns_p50":802447,"iter_ns_p95":1314219,"per_op_ns_p50":100305,"x_cpu_ticks":2,"errors":0,"pixel_ok":true,"wall":[1790154361.854440,1790154361.875732],"iter_ns":[910365,1314219,1217656,860053,834063,802447,812969,829896,820052,800520,856927,616407,712344,653854,644532,668125,651979,658438,647604,681770]}
MARK CELL_BEGIN A0073 1790154361.875751
MARK CELL_END A0073 1790154361.884085
CELL {"seq":32,"id":"A0073","group":"A","rw":256,"rh":256,"sw":256,"sh":256,"ratio":"1x","reuse":1,"batch":1,"residency":"warm","readback":"immediate","iters":20,"iter_ns_p50":284219,"iter_ns_p95":401563,"per_op_ns_p50":284219,"x_cpu_ticks":1,"errors":0,"pixel_ok":true,"wall":[1790154361.875751,1790154361.884085],"iter_ns":[299688,401563,284219,249219,228958,268959,280209,270313,317240,308437,267917,312604,274688,317864,261198,266822,270468,305833,319948,309011]}
MARK CELL_BEGIN A0108 1790154361.884098
MARK CELL_END A0108 1790154361.972325
CELL {"seq":33,"id":"A0108","group":"A","rw":1200,"rh":2608,"sw":1200,"sh":2608,"ratio":"1x","reuse":1,"batch":1,"residency":"warm","readback":"none","iters":20,"iter_ns_p50":1486771,"iter_ns_p95":1686459,"per_op_ns_p50":1486771,"x_cpu_ticks":4,"errors":0,"pixel_ok":true,"wall":[1790154361.884098,1790154361.972325],"iter_ns":[1500000,1624791,1485000,1523490,1486771,1501406,1475313,1475312,1459479,1551198,1485989,1455521,1590052,1536146,1686459,1544479,1481250,1454896,1461719,1424375]}
MARK CELL_BEGIN B0166 1790154361.972389
MARK CELL_END B0166 1790154361.978252
CELL {"seq":34,"id":"B0166","group":"B","rw":32,"rh":32,"sw":32,"sh":32,"ratio":"1x","reuse":1,"batch":1,"residency":"resize","readback":"none","iters":20,"iter_ns_p50":110521,"iter_ns_p95":167031,"per_op_ns_p50":110521,"x_cpu_ticks":0,"errors":0,"pixel_ok":true,"wall":[1790154361.972389,1790154361.978252],"iter_ns":[137500,105625,108282,106928,104843,110313,107292,120000,124583,122917,167031,142552,103906,121666,105052,124323,134375,105312,109583,110521]}
MARK CELL_BEGIN A0123 1790154361.978272
MARK CELL_END A0123 1790154362.367087
CELL {"seq":35,"id":"A0123","group":"A","rw":3440,"rh":1440,"sw":3440,"sh":1440,"ratio":"1x","reuse":1,"batch":4,"residency":"warm","readback":"none","iters":20,"iter_ns_p50":10642969,"iter_ns_p95":11610000,"per_op_ns_p50":2660742,"x_cpu_ticks":28,"errors":0,"pixel_ok":true,"wall":[1790154361.978272,1790154362.367087],"iter_ns":[11382135,11610000,11581458,10881563,10718334,10680990,10601511,10642969,10678854,10569687,10977969,10974635,10614219,10555261,10525677,10521771,10484218,10499532,10471354,10476979]}
MARK CELL_BEGIN B0176 1790154362.367119
MARK CELL_END B0176 1790154362.370825
CELL {"seq":36,"id":"B0176","group":"B","rw":64,"rh":64,"sw":64,"sh":64,"ratio":"1x","reuse":1,"batch":1,"residency":"recreate","readback":"none","iters":20,"iter_ns_p50":101771,"iter_ns_p95":117552,"per_op_ns_p50":101771,"x_cpu_ticks":0,"errors":0,"pixel_ok":true,"wall":[1790154362.367119,1790154362.370825],"iter_ns":[117552,106511,103906,102500,102396,102187,101875,101042,100156,101302,101041,101406,101719,105521,102605,101094,99583,100729,101771,101250]}
MARK CELL_BEGIN B0216 1790154362.370833
MARK CELL_END B0216 1790154362.693693
CELL {"seq":37,"id":"B0216","group":"B","rw":1200,"rh":2608,"sw":1200,"sh":2608,"ratio":"1x","reuse":1,"batch":1,"residency":"resize","readback":"none","iters":20,"iter_ns_p50":11994895,"iter_ns_p95":12752864,"per_op_ns_p50":11994895,"x_cpu_ticks":26,"errors":0,"pixel_ok":true,"wall":[1790154362.370833,1790154362.693693],"iter_ns":[11709427,12079063,11735573,12752864,12444218,12650625,12042083,12116771,11854011,11980364,11878594,11993334,12405156,11994895,11874635,12120261,11852812,11990365,11719114,12439427]}
MARK CELL_BEGIN B0185 1790154362.693738
MARK CELL_END B0185 1790154362.704701
CELL {"seq":38,"id":"B0185","group":"B","rw":128,"rh":128,"sw":128,"sh":128,"ratio":"1x","reuse":1,"batch":1,"residency":"recreate","readback":"none","iters":20,"iter_ns_p50":299635,"iter_ns_p95":504687,"per_op_ns_p50":299635,"x_cpu_ticks":1,"errors":0,"pixel_ok":true,"wall":[1790154362.693738,1790154362.704701],"iter_ns":[280990,296875,363698,320729,270052,282396,280104,283958,215260,347865,302709,504687,343177,279323,377760,352344,294636,283959,319948,299635]}
MARK CELL_BEGIN A0002 1790154362.704742
MARK CELL_END A0002 1790154362.712074
CELL {"seq":39,"id":"A0002","group":"A","rw":1,"rh":1,"sw":1,"sh":1,"ratio":"1x","reuse":1,"batch":1,"residency":"warm","readback":"delayed","iters":20,"iter_ns_p50":143802,"iter_ns_p95":392656,"per_op_ns_p50":143802,"x_cpu_ticks":0,"errors":0,"pixel_ok":true,"wall":[1790154362.704742,1790154362.712074],"iter_ns":[144687,143802,117031,111406,96303,138437,127657,242447,143593,142708,120833,145782,132135,150885,131770,392656,305156,195729,177032,258073]}
MARK CELL_BEGIN B0133 1790154362.712089
MARK CELL_END B0133 1790154362.718025
CELL {"seq":40,"id":"B0133","group":"B","rw":1,"rh":1,"sw":4,"sh":4,"ratio":"16x","reuse":1,"batch":1,"residency":"warm","readback":"none","iters":20,"iter_ns_p50":168542,"iter_ns_p95":269219,"per_op_ns_p50":168542,"x_cpu_ticks":0,"errors":0,"pixel_ok":true,"wall":[1790154362.712089,1790154362.718025],"iter_ns":[185833,192240,242500,120261,171614,200209,242969,110208,118541,120938,168542,106093,177396,269219,191614,84115,88490,68906,64740,67292]}
MARK CELL_BEGIN B0215 1790154362.718039
MARK CELL_END B0215 1790154363.172584
CELL {"seq":41,"id":"B0215","group":"B","rw":1200,"rh":2608,"sw":1200,"sh":2608,"ratio":"1x","reuse":1,"batch":1,"residency":"cold","readback":"none","iters":20,"iter_ns_p50":1640729,"iter_ns_p95":2070938,"per_op_ns_p50":1640729,"x_cpu_ticks":35,"errors":0,"pixel_ok":true,"wall":[1790154362.718039,1790154363.172584],"iter_ns":[1567292,1609844,1735312,1683750,1576042,1624531,1913125,1553906,1874792,1813073,1727709,1640729,1695521,1848490,2070938,1622656,1606562,1594896,1577656,1622657]}
MARK CELL_BEGIN A0037 1790154363.172649
MARK CELL_END A0037 1790154363.180309
CELL {"seq":42,"id":"A0037","group":"A","rw":32,"rh":32,"sw":32,"sh":32,"ratio":"1x","reuse":1,"batch":1,"residency":"warm","readback":"immediate","iters":20,"iter_ns_p50":222084,"iter_ns_p95":291875,"per_op_ns_p50":222084,"x_cpu_ticks":0,"errors":0,"pixel_ok":true,"wall":[1790154363.172649,1790154363.180309],"iter_ns":[244375,228437,252135,237708,224792,159635,153281,153021,208750,156511,214583,178490,291875,285677,236927,246250,219323,171927,222084,161771]}
MARK CELL_BEGIN B0197 1790154363.180324
MARK CELL_END B0197 1790154363.203002
CELL {"seq":43,"id":"B0197","group":"B","rw":512,"rh":512,"sw":1200,"sh":2191,"ratio":"redirected","reuse":1,"batch":1,"residency":"warm","readback":"none","iters":20,"iter_ns_p50":231302,"iter_ns_p95":397395,"per_op_ns_p50":231302,"x_cpu_ticks":1,"errors":0,"pixel_ok":true,"wall":[1790154363.180324,1790154363.203002],"iter_ns":[230990,228021,225105,261094,243229,257969,229219,228906,219740,231302,280625,216979,221198,230417,228854,397395,365573,357605,264947,331928]}
MARK CELL_BEGIN A0057 1790154363.203041
MARK CELL_END A0057 1790154363.211700
CELL {"seq":44,"id":"A0057","group":"A","rw":64,"rh":64,"sw":64,"sh":64,"ratio":"1x","reuse":1,"batch":16,"residency":"warm","readback":"none","iters":20,"iter_ns_p50":229584,"iter_ns_p95":270365,"per_op_ns_p50":14349,"x_cpu_ticks":0,"errors":0,"pixel_ok":true,"wall":[1790154363.203041,1790154363.211700],"iter_ns":[236406,229583,248021,221041,197500,231042,224688,225938,211042,233697,238541,229584,228802,270365,237500,223490,242708,223854,244895,214479]}
MARK CELL_BEGIN B0158 1790154363.211733
MARK CELL_END B0158 1790154363.216415
CELL {"seq":45,"id":"B0158","group":"B","rw":16,"rh":16,"sw":16,"sh":16,"ratio":"1x","reuse":1,"batch":1,"residency":"recreate","readback":"none","iters":20,"iter_ns_p50":127552,"iter_ns_p95":160729,"per_op_ns_p50":127552,"x_cpu_ticks":0,"errors":0,"pixel_ok":true,"wall":[1790154363.211733,1790154363.216415],"iter_ns":[132760,127500,140781,127969,129166,127552,126041,127552,125781,126250,126094,125781,126250,157605,160729,130364,127135,127865,127239,127708]}
MARK CELL_BEGIN A0060 1790154363.216427
MARK CELL_END A0060 1790154363.219821
CELL {"seq":46,"id":"A0060","group":"A","rw":128,"rh":128,"sw":128,"sh":128,"ratio":"1x","reuse":1,"batch":1,"residency":"warm","readback":"none","iters":20,"iter_ns_p50":78281,"iter_ns_p95":105312,"per_op_ns_p50":78281,"x_cpu_ticks":1,"errors":0,"pixel_ok":true,"wall":[1790154363.216427,1790154363.219821],"iter_ns":[81614,105312,72552,74428,72864,73542,70990,84219,75677,80417,82448,80938,74948,77448,75625,89375,78281,74115,83593,84948]}
MARK CELL_BEGIN C0229 1790154363.219837
MARK CELL_END C0229 1790154363.251003
CELL {"seq":47,"id":"C0229","group":"C","rw":256,"rh":256,"sw":1024,"sh":1024,"ratio":"16x","reuse":4,"batch":8,"residency":"warm","readback":"immediate","iters":20,"iter_ns_p50":616250,"iter_ns_p95":910364,"per_op_ns_p50":77031,"x_cpu_ticks":0,"errors":0,"pixel_ok":true,"wall":[1790154363.219837,1790154363.251003],"iter_ns":[680938,579375,656666,616250,670365,664583,555520,535625,670364,514531,636198,548437,580625,576302,598281,611406,599532,630416,910364,800417]}
MARK CELL_BEGIN B0171 1790154363.251038
MARK CELL_END B0171 1790154363.254326
CELL {"seq":48,"id":"B0171","group":"B","rw":64,"rh":64,"sw":64,"sh":64,"ratio":"1x","reuse":4,"batch":1,"residency":"warm","readback":"none","iters":20,"iter_ns_p50":71198,"iter_ns_p95":124115,"per_op_ns_p50":71198,"x_cpu_ticks":0,"errors":0,"pixel_ok":true,"wall":[1790154363.251038,1790154363.254326],"iter_ns":[71198,124115,77032,65209,71771,63594,96510,81042,72500,71823,68333,67708,64063,67291,87135,71094,64427,70052,72448,63958]}
MARK CELL_BEGIN C0244 1790154363.254339
MARK CELL_END C0244 1790154363.273210
CELL {"seq":49,"id":"C0244","group":"C","rw":64,"rh":64,"sw":128,"sh":128,"ratio":"4x","reuse":64,"batch":1,"residency":"warm","readback":"delayed","iters":20,"iter_ns_p50":74114,"iter_ns_p95":5936979,"per_op_ns_p50":74114,"x_cpu_ticks":1,"errors":0,"pixel_ok":true,"wall":[1790154363.254339,1790154363.273210],"iter_ns":[67448,167448,71979,78177,78073,66823,72031,5329011,75156,75625,68854,70834,74114,73281,65781,5936979,75469,68489,71771,74532]}
MARK CELL_BEGIN C0224 1790154363.273229
MARK CELL_END C0224 1790154363.285885
CELL {"seq":50,"id":"C0224","group":"C","rw":32,"rh":32,"sw":64,"sh":64,"ratio":"4x","reuse":1,"batch":16,"residency":"cold","readback":"none","iters":20,"iter_ns_p50":224010,"iter_ns_p95":380886,"per_op_ns_p50":14000,"x_cpu_ticks":1,"errors":0,"pixel_ok":true,"wall":[1790154363.273229,1790154363.285885],"iter_ns":[218021,218229,224010,218958,212813,228334,348541,380886,198021,245416,200573,207448,258646,287032,225937,260781,200469,197552,220729,232761]}
MARK CELL_BEGIN B0149 1790154363.285902
MARK CELL_END B0149 1790154363.292719
CELL {"seq":51,"id":"B0149","group":"B","rw":5,"rh":24,"sw":5,"sh":24,"ratio":"1x","reuse":1,"batch":1,"residency":"recreate","readback":"none","iters":20,"iter_ns_p50":252865,"iter_ns_p95":341667,"per_op_ns_p50":252865,"x_cpu_ticks":0,"errors":0,"pixel_ok":true,"wall":[1790154363.285902,1790154363.292719],"iter_ns":[247708,179479,268438,236719,331093,181302,264896,252865,325625,279479,177864,266198,229584,213125,168959,254166,276354,219636,174427,341667]}
MARK CELL_BEGIN N0000 1790154363.292731
MARK CELL_END N0000 1790154363.328140
CELL {"seq":52,"id":"N0000","group":"N","rw":1024,"rh":1024,"sw":1024,"sh":1024,"ratio":"1x","reuse":1,"batch":1,"residency":"warm","readback":"none","iters":20,"iter_ns_p50":517500,"iter_ns_p95":995833,"per_op_ns_p50":517500,"x_cpu_ticks":1,"errors":0,"pixel_ok":true,"wall":[1790154363.292731,1790154363.328140],"iter_ns":[995833,653542,562917,519896,500208,517500,521354,502917,493750,554167,488281,487709,649531,502865,499844,532083,520260,496719,490313,490000]}
MARK CELL_BEGIN B0150 1790154363.328185
MARK CELL_END B0150 1790154363.331126
CELL {"seq":53,"id":"B0150","group":"B","rw":16,"rh":16,"sw":32,"sh":32,"ratio":"4x","reuse":1,"batch":1,"residency":"warm","readback":"none","iters":20,"iter_ns_p50":68385,"iter_ns_p95":82083,"per_op_ns_p50":68385,"x_cpu_ticks":0,"errors":0,"pixel_ok":true,"wall":[1790154363.328185,1790154363.331126],"iter_ns":[64792,75416,71875,70208,82083,64219,70469,69219,70521,68385,69167,67865,68073,68750,66927,67760,67864,66771,66823,66302]}
MARK CELL_BEGIN B0163 1790154363.331138
MARK CELL_END B0163 1790154363.334598
CELL {"seq":54,"id":"B0163","group":"B","rw":32,"rh":32,"sw":32,"sh":32,"ratio":"1x","reuse":16,"batch":1,"residency":"warm","readback":"none","iters":20,"iter_ns_p50":69323,"iter_ns_p95":138125,"per_op_ns_p50":69323,"x_cpu_ticks":0,"errors":0,"pixel_ok":true,"wall":[1790154363.331138,1790154363.334598],"iter_ns":[77448,138125,62709,64896,122760,82865,72395,61719,73906,71511,71355,63906,67916,69115,71146,62761,67657,62708,65937,69323]}
MARK CELL_BEGIN C0247 1790154363.334610
MARK CELL_END C0247 1790154363.862814
CELL {"seq":55,"id":"C0247","group":"C","rw":512,"rh":512,"sw":2048,"sh":2048,"ratio":"16x","reuse":1,"batch":16,"residency":"recreate","readback":"immediate","iters":20,"iter_ns_p50":23413490,"iter_ns_p95":34307084,"per_op_ns_p50":1463343,"x_cpu_ticks":38,"errors":0,"pixel_ok":true,"wall":[1790154363.334610,1790154363.862814],"iter_ns":[21828177,31150885,24321771,25286250,15278489,14730208,23413490,34307084,17278750,32260156,23969740,15368542,28147448,24421042,27957136,22304792,15081250,14707136,14870729,14790416]}
MARK CELL_BEGIN A0103 1790154363.862884
MARK CELL_END A0103 1790154364.115669
CELL {"seq":56,"id":"A0103","group":"A","rw":1024,"rh":1024,"sw":1024,"sh":1024,"ratio":"1x","reuse":1,"batch":8,"residency":"warm","readback":"immediate","iters":20,"iter_ns_p50":10767343,"iter_ns_p95":23706875,"per_op_ns_p50":1345917,"x_cpu_ticks":20,"errors":0,"pixel_ok":true,"wall":[1790154363.862884,1790154364.115669],"iter_ns":[12276615,6970885,9096354,10877240,8890677,10871719,11648541,10767343,11242291,4029115,10515468,11112292,8342395,8714584,8194375,6034688,23706875,22208073,14425417,8482552]}
MARK CELL_BEGIN A0100 1790154364.115729
MARK CELL_END A0100 1790154364.384106
CELL {"seq":57,"id":"A0100","group":"A","rw":1024,"rh":1024,"sw":1024,"sh":1024,"ratio":"1x","reuse":1,"batch":4,"residency":"warm","readback":"immediate","iters":20,"iter_ns_p50":12325364,"iter_ns_p95":14024428,"per_op_ns_p50":3081341,"x_cpu_ticks":24,"errors":0,"pixel_ok":true,"wall":[1790154364.115729,1790154364.384106],"iter_ns":[3347135,13195209,12776510,12814584,14024428,12224010,12687031,9778541,12728229,12049583,11408386,12394635,12325364,10586823,8007917,12301615,10250885,12733907,12745156,11988750]}
MARK CELL_BEGIN A0070 1790154364.384171
MARK CELL_END A0070 1790154364.399028
CELL {"seq":58,"id":"A0070","group":"A","rw":128,"rh":128,"sw":128,"sh":128,"ratio":"1x","reuse":1,"batch":16,"residency":"warm","readback":"immediate","iters":20,"iter_ns_p50":471927,"iter_ns_p95":528282,"per_op_ns_p50":29495,"x_cpu_ticks":2,"errors":0,"pixel_ok":true,"wall":[1790154364.384171,1790154364.399028],"iter_ns":[507083,460313,520729,497813,442292,528282,445520,459218,456146,473594,471927,448177,519843,460521,451198,518906,450677,445208,483386,513854]}
MARK CELL_BEGIN B0148 1790154364.399076
MARK CELL_END B0148 1790154364.405326
CELL {"seq":59,"id":"B0148","group":"B","rw":5,"rh":24,"sw":5,"sh":24,"ratio":"1x","reuse":1,"batch":1,"residency":"resize","readback":"none","iters":20,"iter_ns_p50":144427,"iter_ns_p95":295781,"per_op_ns_p50":144427,"x_cpu_ticks":0,"errors":0,"pixel_ok":true,"wall":[1790154364.399076,1790154364.405326],"iter_ns":[135833,143021,182709,151719,120625,144427,172344,129323,124323,129531,157135,192760,159114,131562,141042,125573,164740,295781,269427,78489]}
MARK CELL_BEGIN A0044 1790154364.405349
MARK CELL_END A0044 1790154364.409623
CELL {"seq":60,"id":"A0044","group":"A","rw":32,"rh":32,"sw":32,"sh":32,"ratio":"1x","reuse":1,"batch":8,"residency":"warm","readback":"delayed","iters":20,"iter_ns_p50":128437,"iter_ns_p95":235625,"per_op_ns_p50":16054,"x_cpu_ticks":0,"errors":0,"pixel_ok":true,"wall":[1790154364.405349,1790154364.409623],"iter_ns":[133802,131823,129375,129323,128645,128541,128125,235625,129063,128333,127916,127760,126458,128437,127708,198698,128020,127031,127344,127343]}
MARK CELL_BEGIN A0039 1790154364.409635
MARK CELL_END A0039 1790154364.412855
CELL {"seq":61,"id":"A0039","group":"A","rw":32,"rh":32,"sw":32,"sh":32,"ratio":"1x","reuse":1,"batch":4,"residency":"warm","readback":"none","iters":20,"iter_ns_p50":89480,"iter_ns_p95":131198,"per_op_ns_p50":22370,"x_cpu_ticks":0,"errors":0,"pixel_ok":true,"wall":[1790154364.409635,1790154364.412855],"iter_ns":[87760,106822,92135,91198,90468,89480,90468,96406,83958,89739,89375,88907,131198,92187,89011,85469,84636,81822,83333,81302]}
MARK CELL_BEGIN B0159 1790154364.412864
MARK CELL_END B0159 1790154364.415240
CELL {"seq":62,"id":"B0159","group":"B","rw":32,"rh":32,"sw":64,"sh":64,"ratio":"4x","reuse":1,"batch":1,"residency":"warm","readback":"none","iters":20,"iter_ns_p50":59740,"iter_ns_p95":62396,"per_op_ns_p50":59740,"x_cpu_ticks":0,"errors":0,"pixel_ok":true,"wall":[1790154364.412864,1790154364.415240],"iter_ns":[59895,62396,59687,59948,59948,60156,59167,59740,59479,59739,59114,59427,59688,60053,59271,60938,60365,59844,59479,59739]}
MARK CELL_BEGIN A0017 1790154364.415250
MARK CELL_END A0017 1790154364.418256
CELL {"seq":63,"id":"A0017","group":"A","rw":5,"rh":24,"sw":5,"sh":24,"ratio":"1x","reuse":1,"batch":4,"residency":"warm","readback":"delayed","iters":20,"iter_ns_p50":87708,"iter_ns_p95":136355,"per_op_ns_p50":21927,"x_cpu_ticks":0,"errors":0,"pixel_ok":true,"wall":[1790154364.415250,1790154364.418256],"iter_ns":[77917,79792,77812,79740,77343,79167,77187,129688,89844,88333,87708,88594,87760,88698,87187,136355,87188,87708,87553,88073]}
MARK CELL_BEGIN A0106 1790154364.418264
MARK CELL_END A0106 1790154364.712898
CELL {"seq":64,"id":"A0106","group":"A","rw":1024,"rh":1024,"sw":1024,"sh":1024,"ratio":"1x","reuse":1,"batch":16,"residency":"warm","readback":"immediate","iters":20,"iter_ns_p50":12381094,"iter_ns_p95":17001302,"per_op_ns_p50":773818,"x_cpu_ticks":27,"errors":0,"pixel_ok":true,"wall":[1790154364.418264,1790154364.712898],"iter_ns":[15209323,9031302,8193021,11875000,12209583,14493437,8494062,12381094,11700886,11575053,8211927,12709635,12866562,14765416,11612187,7602709,12406094,14974792,17001302,12423698]}
MARK CELL_BEGIN A0007 1790154364.712961
MARK CELL_END A0007 1790154364.721016
CELL {"seq":65,"id":"A0007","group":"A","rw":1,"rh":1,"sw":1,"sh":1,"ratio":"1x","reuse":1,"batch":8,"residency":"warm","readback":"immediate","iters":20,"iter_ns_p50":176406,"iter_ns_p95":200000,"per_op_ns_p50":22050,"x_cpu_ticks":0,"errors":0,"pixel_ok":true,"wall":[1790154364.712961,1790154364.721016],"iter_ns":[167656,200000,174531,162188,163281,159792,157500,159740,199323,169636,180573,185468,181198,163281,180260,180000,188907,176406,178437,175417]}
MARK CELL_BEGIN A0084 1790154364.721055
MARK CELL_END A0084 1790154364.734088
CELL {"seq":66,"id":"A0084","group":"A","rw":512,"rh":512,"sw":512,"sh":512,"ratio":"1x","reuse":1,"batch":1,"residency":"warm","readback":"none","iters":20,"iter_ns_p50":290625,"iter_ns_p95":359375,"per_op_ns_p50":290625,"x_cpu_ticks":1,"errors":0,"pixel_ok":true,"wall":[1790154364.721055,1790154364.734088],"iter_ns":[236302,226666,190625,258281,288073,287083,268333,301094,297500,298073,310417,359375,290625,355677,306719,306146,272240,292656,240416,279479]}
MARK CELL_BEGIN A0101 1790154364.734107
MARK CELL_END A0101 1790154364.805110
CELL {"seq":67,"id":"A0101","group":"A","rw":1024,"rh":1024,"sw":1024,"sh":1024,"ratio":"1x","reuse":1,"batch":4,"residency":"warm","readback":"delayed","iters":20,"iter_ns_p50":1667812,"iter_ns_p95":7922500,"per_op_ns_p50":416953,"x_cpu_ticks":6,"errors":0,"pixel_ok":true,"wall":[1790154364.734107,1790154364.805110],"iter_ns":[2019635,1657605,1665365,1678593,1678594,1645729,1731094,6243438,1714479,1782500,1654427,1633646,1624166,1655886,1630052,7922500,1691771,1663125,1667812,1662188]}
MARK CELL_BEGIN B0202 1790154364.805162
MARK CELL_END B0202 1790154364.826296
CELL {"seq":68,"id":"B0202","group":"B","rw":512,"rh":512,"sw":512,"sh":512,"ratio":"1x","reuse":1,"batch":1,"residency":"resize","readback":"none","iters":20,"iter_ns_p50":662917,"iter_ns_p95":1014167,"per_op_ns_p50":662917,"x_cpu_ticks":2,"errors":0,"pixel_ok":true,"wall":[1790154364.805162,1790154364.826296],"iter_ns":[684636,631771,622969,735208,660989,699062,684010,667812,661302,671458,641198,636041,614635,662917,601458,725261,616823,696302,576771,1014167]}
MARK CELL_BEGIN A0117 1790154364.826349
MARK CELL_END A0117 1790154365.414124
CELL {"seq":69,"id":"A0117","group":"A","rw":1200,"rh":2608,"sw":1200,"sh":2608,"ratio":"1x","reuse":1,"batch":16,"residency":"warm","readback":"none","iters":20,"iter_ns_p50":20776146,"iter_ns_p95":23078750,"per_op_ns_p50":1298509,"x_cpu_ticks":49,"errors":0,"pixel_ok":true,"wall":[1790154364.826349,1790154365.414124],"iter_ns":[20765364,21083906,21035416,20777656,20576666,20534896,20544792,20776146,20590989,21079011,21674844,20994896,20650781,20577969,20710573,20527292,20780885,23078750,21262396,20656719]}
MARK CELL_BEGIN C0226 1790154365.414157
MARK CELL_END C0226 1790154365.421338
CELL {"seq":70,"id":"C0226","group":"C","rw":128,"rh":128,"sw":128,"sh":128,"ratio":"1x","reuse":1,"batch":1,"residency":"cold","readback":"delayed","iters":20,"iter_ns_p50":52761,"iter_ns_p95":139635,"per_op_ns_p50":52761,"x_cpu_ticks":1,"errors":0,"pixel_ok":true,"wall":[1790154365.414157,1790154365.421338],"iter_ns":[48333,53906,54115,50313,88906,49791,55052,139635,52656,51875,52239,52656,55417,54271,51094,125989,52916,52761,52500,50729]}
MARK CELL_BEGIN A0059 1790154365.421349
MARK CELL_END A0059 1790154365.427319
CELL {"seq":71,"id":"A0059","group":"A","rw":64,"rh":64,"sw":64,"sh":64,"ratio":"1x","reuse":1,"batch":16,"residency":"warm","readback":"delayed","iters":20,"iter_ns_p50":164636,"iter_ns_p95":282031,"per_op_ns_p50":10289,"x_cpu_ticks":0,"errors":0,"pixel_ok":true,"wall":[1790154365.421349,1790154365.427319],"iter_ns":[164844,155416,182604,153021,163646,151615,170417,217916,154583,153698,151458,154011,164636,153646,154271,217864,282031,230313,203125,226041]}
MARK CELL_BEGIN A0125 1790154365.427328
MARK CELL_END A0125 1790154365.926585
CELL {"seq":72,"id":"A0125","group":"A","rw":3440,"rh":1440,"sw":3440,"sh":1440,"ratio":"1x","reuse":1,"batch":4,"residency":"warm","readback":"delayed","iters":20,"iter_ns_p50":10715052,"iter_ns_p95":99625885,"per_op_ns_p50":2678763,"x_cpu_ticks":44,"errors":0,"pixel_ok":true,"wall":[1790154365.427328,1790154365.926585],"iter_ns":[11330677,10910573,10531719,10641562,10597500,10792500,10493958,88711667,11666875,10606197,10562552,10530572,11155677,10544062,10422605,99625885,10919843,11040573,10715052,10555365]}
MARK CELL_BEGIN B0198 1790154365.926641
MARK CELL_END B0198 1790154365.943316
CELL {"seq":73,"id":"B0198","group":"B","rw":512,"rh":512,"sw":512,"sh":512,"ratio":"1x","reuse":4,"batch":1,"residency":"warm","readback":"none","iters":20,"iter_ns_p50":277812,"iter_ns_p95":551563,"per_op_ns_p50":277812,"x_cpu_ticks":0,"errors":0,"pixel_ok":true,"wall":[1790154365.926641,1790154365.943316],"iter_ns":[258698,270052,283542,392604,310781,275052,255156,274583,277812,252448,257968,267344,248802,301979,551563,384635,291875,529792,324323,209687]}
MARK CELL_BEGIN B0218 1790154365.943360
MARK CELL_END B0218 1790154366.093349
CELL {"seq":74,"id":"B0218","group":"B","rw":3440,"rh":1440,"sw":3440,"sh":2191,"ratio":"redirected","reuse":1,"batch":1,"residency":"warm","readback":"none","iters":20,"iter_ns_p50":2832605,"iter_ns_p95":6524010,"per_op_ns_p50":2832605,"x_cpu_ticks":10,"errors":0,"pixel_ok":true,"wall":[1790154365.943360,1790154366.093349],"iter_ns":[2857552,2884323,2767187,2749532,2737187,2830833,6524010,2980937,2895989,3405781,3068645,2832605,2846094,2925938,2667969,2686615,2721511,2713854,2728750,2727292]}
MARK CELL_BEGIN B0135 1790154366.093430
MARK CELL_END B0135 1790154366.100077
CELL {"seq":75,"id":"B0135","group":"B","rw":1,"rh":1,"sw":1,"sh":1,"ratio":"1x","reuse":4,"batch":1,"residency":"warm","readback":"none","iters":20,"iter_ns_p50":121875,"iter_ns_p95":260000,"per_op_ns_p50":121875,"x_cpu_ticks":0,"errors":0,"pixel_ok":true,"wall":[1790154366.093430,1790154366.100077],"iter_ns":[189532,260000,203854,148645,183489,178542,103906,127708,94375,106406,121875,94167,104062,116771,101042,126511,94167,105052,134063,94010]}
MARK CELL_BEGIN B0196 1790154366.100094
MARK CELL_END B0196 1790154366.130661
CELL {"seq":76,"id":"B0196","group":"B","rw":512,"rh":512,"sw":2048,"sh":2048,"ratio":"16x","reuse":1,"batch":1,"residency":"warm","readback":"none","iters":20,"iter_ns_p50":230469,"iter_ns_p95":292969,"per_op_ns_p50":230469,"x_cpu_ticks":1,"errors":0,"pixel_ok":true,"wall":[1790154366.100094,1790154366.130661],"iter_ns":[237396,227292,221511,248385,228438,230833,239062,226042,246927,216198,214948,213958,230469,238177,177135,247448,292969,254688,208646,184844]}
MARK CELL_BEGIN A0127 1790154366.130698
MARK CELL_END A0127 1790154367.978461
CELL {"seq":77,"id":"A0127","group":"A","rw":3440,"rh":1440,"sw":3440,"sh":1440,"ratio":"1x","reuse":1,"batch":8,"residency":"warm","readback":"immediate","iters":20,"iter_ns_p50":67432083,"iter_ns_p95":182541354,"per_op_ns_p50":8429010,"x_cpu_ticks":164,"errors":0,"pixel_ok":true,"wall":[1790154366.130698,1790154367.978461],"iter_ns":[27915416,27755937,27651146,82479843,154869844,141809687,26545521,182541354,26183854,180813802,26393698,75555573,67432083,24562344,112150156,153779687,26962657,103345104,31061719,27207552]}
MARK CELL_BEGIN N0000 1790154367.978500
MARK CELL_END N0000 1790154368.004965
CELL {"seq":78,"id":"N0000","group":"N","rw":1024,"rh":1024,"sw":1024,"sh":1024,"ratio":"1x","reuse":1,"batch":1,"residency":"warm","readback":"none","iters":20,"iter_ns_p50":435208,"iter_ns_p95":529792,"per_op_ns_p50":435208,"x_cpu_ticks":2,"errors":0,"pixel_ok":true,"wall":[1790154367.978500,1790154368.004965],"iter_ns":[450833,440261,438437,435365,433386,458177,429687,431406,424844,444583,455938,438021,529792,435208,430781,419896,424636,423594,421563,426875]}
MARK CELL_BEGIN C0238 1790154368.004995
MARK CELL_END C0238 1790154368.011190
CELL {"seq":79,"id":"C0238","group":"C","rw":1,"rh":1,"sw":4,"sh":4,"ratio":"16x","reuse":64,"batch":16,"residency":"warm","readback":"immediate","iters":20,"iter_ns_p50":153125,"iter_ns_p95":204740,"per_op_ns_p50":9570,"x_cpu_ticks":1,"errors":0,"pixel_ok":true,"wall":[1790154368.004995,1790154368.011190],"iter_ns":[186927,193385,148594,152084,162812,153489,168958,140782,157760,153125,152343,152396,152917,194583,160781,142917,140521,145886,144219,204740]}
MARK CELL_BEGIN C0233 1790154368.011199
MARK CELL_END C0233 1790154368.016658
CELL {"seq":80,"id":"C0233","group":"C","rw":1,"rh":1,"sw":2,"sh":2,"ratio":"4x","reuse":16,"batch":16,"residency":"warm","readback":"none","iters":20,"iter_ns_p50":147761,"iter_ns_p95":252760,"per_op_ns_p50":9235,"x_cpu_ticks":0,"errors":0,"pixel_ok":true,"wall":[1790154368.011199,1790154368.016658],"iter_ns":[141980,187604,146354,133490,159844,178282,174427,199166,147761,143854,137500,151667,150052,140313,208750,141145,135521,138021,140156,252760]}
MARK CELL_BEGIN C0254 1790154368.016666
MARK CELL_END C0254 1790154369.008861
CELL {"seq":81,"id":"C0254","group":"C","rw":1200,"rh":2608,"sw":1200,"sh":2608,"ratio":"1x","reuse":1,"batch":1,"residency":"cold","readback":"immediate","iters":20,"iter_ns_p50":22675469,"iter_ns_p95":64934062,"per_op_ns_p50":22675469,"x_cpu_ticks":84,"errors":0,"pixel_ok":true,"wall":[1790154368.016666,1790154369.008861],"iter_ns":[3609063,22675469,35593073,3605781,5893125,64934062,4471042,26570625,55419010,4339375,53890052,46124062,3680052,30857760,21465886,28780416,3440104,10198385,48654271,3727032]}
MARK CELL_BEGIN C0257 1790154369.008895
MARK CELL_END C0257 1790154369.015854
CELL {"seq":82,"id":"C0257","group":"C","rw":64,"rh":64,"sw":256,"sh":256,"ratio":"16x","reuse":1,"batch":1,"residency":"cold","readback":"immediate","iters":20,"iter_ns_p50":68333,"iter_ns_p95":137917,"per_op_ns_p50":68333,"x_cpu_ticks":1,"errors":0,"pixel_ok":true,"wall":[1790154369.008895,1790154369.015854],"iter_ns":[131303,93230,137917,71979,67083,67344,66719,66042,68333,66406,66459,101927,69010,67969,68906,67760,67448,68542,107657,67084]}
MARK CELL_BEGIN B0155 1790154369.015869
MARK CELL_END B0155 1790154369.018559
CELL {"seq":83,"id":"B0155","group":"B","rw":16,"rh":16,"sw":16,"sh":16,"ratio":"1x","reuse":64,"batch":1,"residency":"warm","readback":"none","iters":20,"iter_ns_p50":42291,"iter_ns_p95":47916,"per_op_ns_p50":42291,"x_cpu_ticks":0,"errors":0,"pixel_ok":true,"wall":[1790154369.015869,1790154369.018559],"iter_ns":[43594,47916,45260,43542,43230,42291,42552,41980,42136,41563,41979,41771,42031,41406,41458,42761,42500,43021,41823,41354]}
MARK CELL_BEGIN A0122 1790154369.018573
MARK CELL_END A0122 1790154369.157056
CELL {"seq":84,"id":"A0122","group":"A","rw":3440,"rh":1440,"sw":3440,"sh":1440,"ratio":"1x","reuse":1,"batch":1,"residency":"warm","readback":"delayed","iters":20,"iter_ns_p50":2765208,"iter_ns_p95":10740417,"per_op_ns_p50":2765208,"x_cpu_ticks":10,"errors":0,"pixel_ok":true,"wall":[1790154369.018573,1790154369.157056],"iter_ns":[2748281,2743334,2849583,2792135,2767032,2724218,2758281,9705053,2692396,2725468,2934167,2755729,2752084,2789896,2714688,10740417,2765208,2715104,2865729,2775208]}
MARK CELL_BEGIN A0036 1790154369.157090
MARK CELL_END A0036 1790154369.162824
CELL {"seq":85,"id":"A0036","group":"A","rw":32,"rh":32,"sw":32,"sh":32,"ratio":"1x","reuse":1,"batch":1,"residency":"warm","readback":"none","iters":20,"iter_ns_p50":105677,"iter_ns_p95":126042,"per_op_ns_p50":105677,"x_cpu_ticks":0,"errors":0,"pixel_ok":true,"wall":[1790154369.157090,1790154369.162824],"iter_ns":[105677,126042,98072,107604,120989,96823,106354,121250,96459,104375,119427,104115,122813,105156,104843,120312,97188,102239,115781,102032]}
MARK CELL_BEGIN A0071 1790154369.162840
MARK CELL_END A0071 1790154369.174904
CELL {"seq":86,"id":"A0071","group":"A","rw":128,"rh":128,"sw":128,"sh":128,"ratio":"1x","reuse":1,"batch":16,"residency":"warm","readback":"delayed","iters":20,"iter_ns_p50":350520,"iter_ns_p95":650364,"per_op_ns_p50":21907,"x_cpu_ticks":1,"errors":0,"pixel_ok":true,"wall":[1790154369.162840,1790154369.174904],"iter_ns":[309791,351042,343021,384427,368437,355052,352135,584896,363542,349583,338438,329375,350520,343854,360417,650364,296927,339375,343958,336562]}
MARK CELL_BEGIN B0187 1790154369.174952
MARK CELL_END B0187 1790154369.187207
CELL {"seq":87,"id":"B0187","group":"B","rw":256,"rh":256,"sw":1024,"sh":1024,"ratio":"16x","reuse":1,"batch":1,"residency":"warm","readback":"none","iters":20,"iter_ns_p50":145730,"iter_ns_p95":323178,"per_op_ns_p50":145730,"x_cpu_ticks":1,"errors":0,"pixel_ok":true,"wall":[1790154369.174952,1790154369.187207],"iter_ns":[185886,204531,172343,172865,126511,145730,174740,187917,323178,169844,139896,129063,167917,121511,122344,114687,117395,138125,120365,118542]}
MARK CELL_BEGIN C0227 1790154369.187225
MARK CELL_END C0227 1790154369.194799
CELL {"seq":88,"id":"C0227","group":"C","rw":32,"rh":32,"sw":64,"sh":64,"ratio":"4x","reuse":1,"batch":8,"residency":"resize","readback":"delayed","iters":20,"iter_ns_p50":158385,"iter_ns_p95":2412657,"per_op_ns_p50":19798,"x_cpu_ticks":0,"errors":0,"pixel_ok":true,"wall":[1790154369.187225,1790154369.194799],"iter_ns":[263438,181250,178386,163645,157552,152240,148333,272657,150833,154896,146459,143229,149063,182812,158385,231406,2412657,250468,157760,147865]}
MARK CELL_BEGIN A0102 1790154369.194816
MARK CELL_END A0102 1790154369.315206
CELL {"seq":89,"id":"A0102","group":"A","rw":1024,"rh":1024,"sw":1024,"sh":1024,"ratio":"1x","reuse":1,"batch":8,"residency":"warm","readback":"none","iters":20,"iter_ns_p50":3344271,"iter_ns_p95":7073073,"per_op_ns_p50":418033,"x_cpu_ticks":9,"errors":0,"pixel_ok":true,"wall":[1790154369.194816,1790154369.315206],"iter_ns":[6068385,7073073,3372761,3475053,3407031,3241927,3485938,3175365,3235416,3184532,3380833,3344271,3374427,3423125,3182395,3178386,3147604,3126667,3196771,3128021]}
MARK CELL_BEGIN B0138 1790154369.315289
MARK CELL_END B0138 1790154369.320247
CELL {"seq":90,"id":"B0138","group":"B","rw":1,"rh":1,"sw":1,"sh":1,"ratio":"1x","reuse":1,"batch":1,"residency":"cold","readback":"none","iters":20,"iter_ns_p50":45156,"iter_ns_p95":78802,"per_op_ns_p50":45156,"x_cpu_ticks":1,"errors":0,"pixel_ok":true,"wall":[1790154369.315289,1790154369.320247],"iter_ns":[78802,48594,44167,39271,45729,45052,45313,44532,44636,46823,45834,45156,47188,64740,45469,44636,45052,45052,44531,44375]}
MARK CELL_BEGIN C0253 1790154369.320276
MARK CELL_END C0253 1790154369.671511
CELL {"seq":91,"id":"C0253","group":"C","rw":1024,"rh":1024,"sw":1200,"sh":2191,"ratio":"redirected","reuse":1,"batch":8,"residency":"recreate","readback":"immediate","iters":20,"iter_ns_p50":15769375,"iter_ns_p95":19436302,"per_op_ns_p50":1971171,"x_cpu_ticks":26,"errors":0,"pixel_ok":true,"wall":[1790154369.320276,1790154369.671511],"iter_ns":[16558229,19176458,17725573,11624219,11054740,17772395,10650937,19436302,11084479,17235000,17297552,11461875,17243125,11121511,17265260,10239166,14195469,12352552,15769375,11585834]}
MARK CELL_BEGIN A0124 1790154369.671574
MARK CELL_END A0124 1790154371.332478
CELL {"seq":92,"id":"A0124","group":"A","rw":3440,"rh":1440,"sw":3440,"sh":1440,"ratio":"1x","reuse":1,"batch":4,"residency":"warm","readback":"immediate","iters":20,"iter_ns_p50":82007292,"iter_ns_p95":132912552,"per_op_ns_p50":20501823,"x_cpu_ticks":160,"errors":0,"pixel_ok":true,"wall":[1790154369.671574,1790154371.332478],"iter_ns":[55479010,118068437,109585677,99068073,73316250,92384532,21365313,65112656,75851823,21549896,40405365,19317604,55012292,130768438,93589011,109827448,102524531,82007292,132912552,15927865]}
MARK CELL_BEGIN A0040 1790154371.332542
MARK CELL_END A0040 1790154371.342257
CELL {"seq":93,"id":"A0040","group":"A","rw":32,"rh":32,"sw":32,"sh":32,"ratio":"1x","reuse":1,"batch":4,"residency":"warm","readback":"immediate","iters":20,"iter_ns_p50":263542,"iter_ns_p95":439375,"per_op_ns_p50":65885,"x_cpu_ticks":0,"errors":0,"pixel_ok":true,"wall":[1790154371.332542,1790154371.342257],"iter_ns":[311927,201250,269271,253177,182500,251719,190990,226250,439375,304480,320261,205417,297188,187969,237344,268698,263542,336875,200209,322083]}
MARK CELL_BEGIN C0256 1790154371.342281
MARK CELL_END C0256 1790154371.374941
CELL {"seq":94,"id":"C0256","group":"C","rw":512,"rh":512,"sw":512,"sh":512,"ratio":"1x","reuse":4,"batch":8,"residency":"warm","readback":"none","iters":20,"iter_ns_p50":935677,"iter_ns_p95":1122291,"per_op_ns_p50":116959,"x_cpu_ticks":3,"errors":0,"pixel_ok":true,"wall":[1790154371.342281,1790154371.374941],"iter_ns":[964479,1122291,940573,971093,988177,953489,975521,915312,940677,922031,922188,914271,935677,931511,918073,915209,981459,930157,923386,924428]}
MARK CELL_BEGIN A0001 1790154371.374985
MARK CELL_END A0001 1790154371.381905
CELL {"seq":95,"id":"A0001","group":"A","rw":1,"rh":1,"sw":1,"sh":1,"ratio":"1x","reuse":1,"batch":1,"residency":"warm","readback":"immediate","iters":20,"iter_ns_p50":123541,"iter_ns_p95":207448,"per_op_ns_p50":123541,"x_cpu_ticks":0,"errors":0,"pixel_ok":true,"wall":[1790154371.374985,1790154371.381905],"iter_ns":[128907,125521,121615,120104,123541,121719,123177,125730,207448,205052,146615,135312,121250,117187,119635,122864,115782,117657,188438,146302]}
MARK CELL_BEGIN B0145 1790154371.381936
MARK CELL_END B0145 1790154371.389132
CELL {"seq":96,"id":"B0145","group":"B","rw":5,"rh":24,"sw":5,"sh":24,"ratio":"1x","reuse":16,"batch":1,"residency":"warm","readback":"none","iters":20,"iter_ns_p50":171718,"iter_ns_p95":277813,"per_op_ns_p50":171718,"x_cpu_ticks":0,"errors":0,"pixel_ok":true,"wall":[1790154371.381936,1790154371.389132],"iter_ns":[179479,182604,140520,171718,204843,194583,139792,186146,277813,132031,191771,231979,160885,138750,251510,110052,150209,103438,158906,125885]}
MARK CELL_BEGIN A0058 1790154371.389147
MARK CELL_END A0058 1790154371.397295
CELL {"seq":97,"id":"A0058","group":"A","rw":64,"rh":64,"sw":64,"sh":64,"ratio":"1x","reuse":1,"batch":16,"residency":"warm","readback":"immediate","iters":20,"iter_ns_p50":295938,"iter_ns_p95":348125,"per_op_ns_p50":18496,"x_cpu_ticks":1,"errors":0,"pixel_ok":true,"wall":[1790154371.389147,1790154371.397295],"iter_ns":[295573,313697,298021,295938,293594,297500,348125,304167,295469,302395,343698,289010,301042,312187,273385,270052,269948,269375,272552,288958]}
MARK CELL_BEGIN B0174 1790154371.397305
MARK CELL_END B0174 1790154371.402428
CELL {"seq":98,"id":"B0174","group":"B","rw":64,"rh":64,"sw":64,"sh":64,"ratio":"1x","reuse":1,"batch":1,"residency":"cold","readback":"none","iters":20,"iter_ns_p50":56615,"iter_ns_p95":85937,"per_op_ns_p50":56615,"x_cpu_ticks":0,"errors":0,"pixel_ok":true,"wall":[1790154371.397305,1790154371.402428],"iter_ns":[54167,56823,56197,56927,73697,55625,57500,55573,57292,55104,56719,55469,56615,55261,85937,55261,57969,55364,57343,55104]}
MARK CELL_BEGIN A0026 1790154371.402439
MARK CELL_END A0026 1790154371.404953
CELL {"seq":99,"id":"A0026","group":"A","rw":16,"rh":16,"sw":16,"sh":16,"ratio":"1x","reuse":1,"batch":1,"residency":"warm","readback":"delayed","iters":20,"iter_ns_p50":60990,"iter_ns_p95":124531,"per_op_ns_p50":60990,"x_cpu_ticks":0,"errors":0,"pixel_ok":true,"wall":[1790154371.402439,1790154371.404953],"iter_ns":[75364,63334,57187,60781,61927,60312,60469,124531,61093,60677,61407,60886,60990,60729,60782,113385,61198,60520,60729,79063]}
MARK CELL_BEGIN A0104 1790154371.404963
MARK CELL_END A0104 1790154371.523567
CELL {"seq":100,"id":"A0104","group":"A","rw":1024,"rh":1024,"sw":1024,"sh":1024,"ratio":"1x","reuse":1,"batch":8,"residency":"warm","readback":"delayed","iters":20,"iter_ns_p50":3270937,"iter_ns_p95":8852500,"per_op_ns_p50":408867,"x_cpu_ticks":10,"errors":0,"pixel_ok":true,"wall":[1790154371.404963,1790154371.523567],"iter_ns":[6042656,6950469,3426302,3568698,3480729,3367864,3375156,7708802,3167865,3162292,3145885,3270937,3176719,3153177,3186041,8852500,3262343,3181563,3128750,3114011]}
MARK CELL_BEGIN A0129 1790154371.523625
MARK CELL_END A0129 1790154372.598242
CELL {"seq":101,"id":"A0129","group":"A","rw":3440,"rh":1440,"sw":3440,"sh":1440,"ratio":"1x","reuse":1,"batch":16,"residency":"warm","readback":"none","iters":20,"iter_ns_p50":40830886,"iter_ns_p95":41791250,"per_op_ns_p50":2551930,"x_cpu_ticks":98,"errors":0,"pixel_ok":true,"wall":[1790154371.523625,1790154372.598242],"iter_ns":[40734532,40831666,40721771,40830886,40682916,40617239,40966823,40811615,41791250,40875156,40951615,41255782,40780885,40855990,40840052,40616667,40751198,40595313,40614792,40895573]}
MARK CELL_BEGIN A0029 1790154372.598276
MARK CELL_END A0029 1790154372.601333
CELL {"seq":102,"id":"A0029","group":"A","rw":16,"rh":16,"sw":16,"sh":16,"ratio":"1x","reuse":1,"batch":4,"residency":"warm","readback":"delayed","iters":20,"iter_ns_p50":64271,"iter_ns_p95":281823,"per_op_ns_p50":16067,"x_cpu_ticks":0,"errors":0,"pixel_ok":true,"wall":[1790154372.598276,1790154372.601333],"iter_ns":[86146,64271,281823,100625,81563,80938,79427,139114,87865,62812,62187,60781,59479,58698,58854,102136,61042,61302,62344,59219]}
MARK CELL_BEGIN B0142 1790154372.601341
MARK CELL_END B0142 1790154372.603258
CELL {"seq":103,"id":"B0142","group":"B","rw":5,"rh":24,"sw":20,"sh":96,"ratio":"16x","reuse":1,"batch":1,"residency":"warm","readback":"none","iters":20,"iter_ns_p50":42084,"iter_ns_p95":51615,"per_op_ns_p50":42084,"x_cpu_ticks":0,"errors":0,"pixel_ok":true,"wall":[1790154372.601341,1790154372.603258],"iter_ns":[43177,40625,42083,42291,41875,42084,41094,51615,42552,44166,45052,42083,41927,41666,40208,42500,49323,42813,41875,42031]}
MARK CELL_BEGIN N0000 1790154372.603266
MARK CELL_END N0000 1790154372.623102
CELL {"seq":104,"id":"N0000","group":"N","rw":1024,"rh":1024,"sw":1024,"sh":1024,"ratio":"1x","reuse":1,"batch":1,"residency":"warm","readback":"none","iters":20,"iter_ns_p50":427500,"iter_ns_p95":547135,"per_op_ns_p50":427500,"x_cpu_ticks":2,"errors":0,"pixel_ok":true,"wall":[1790154372.603266,1790154372.623102],"iter_ns":[456875,447656,547135,444687,460208,434739,440417,447031,427500,425937,421145,421198,420625,475677,420104,415781,415312,413958,412552,412657]}
MARK CELL_BEGIN A0066 1790154372.623128
MARK CELL_END A0066 1790154372.627392
CELL {"seq":105,"id":"A0066","group":"A","rw":128,"rh":128,"sw":128,"sh":128,"ratio":"1x","reuse":1,"batch":8,"residency":"warm","readback":"none","iters":20,"iter_ns_p50":128229,"iter_ns_p95":137135,"per_op_ns_p50":16028,"x_cpu_ticks":0,"errors":0,"pixel_ok":true,"wall":[1790154372.623128,1790154372.627392],"iter_ns":[128229,128229,133073,137135,129427,130053,126615,128438,126719,127865,127135,127864,126198,128073,128281,128490,129010,126302,127291,126250]}
MARK CELL_BEGIN A0010 1790154372.627403
MARK CELL_END A0010 1790154372.633577
CELL {"seq":106,"id":"A0010","group":"A","rw":1,"rh":1,"sw":1,"sh":1,"ratio":"1x","reuse":1,"batch":16,"residency":"warm","readback":"immediate","iters":20,"iter_ns_p50":234427,"iter_ns_p95":281979,"per_op_ns_p50":14651,"x_cpu_ticks":0,"errors":0,"pixel_ok":true,"wall":[1790154372.627403,1790154372.633577],"iter_ns":[155104,147812,281979,242865,238177,202344,247448,165104,272864,241510,131927,267969,232708,234062,232135,234427,230260,163125,266823,235416]}
MARK CELL_BEGIN B0201 1790154372.633585
MARK CELL_END B0201 1790154372.652149
CELL {"seq":107,"id":"B0201","group":"B","rw":512,"rh":512,"sw":512,"sh":512,"ratio":"1x","reuse":1,"batch":1,"residency":"cold","readback":"none","iters":20,"iter_ns_p50":146354,"iter_ns_p95":179114,"per_op_ns_p50":146354,"x_cpu_ticks":1,"errors":0,"pixel_ok":true,"wall":[1790154372.633585,1790154372.652149],"iter_ns":[179114,146354,146875,147760,153750,170677,145416,143437,146771,151771,146355,142604,143177,142604,145261,144948,142604,142553,142761,158073]}
MARK CELL_BEGIN A0045 1790154372.652161
MARK CELL_END A0045 1790154372.660389
CELL {"seq":108,"id":"A0045","group":"A","rw":32,"rh":32,"sw":32,"sh":32,"ratio":"1x","reuse":1,"batch":16,"residency":"warm","readback":"none","iters":20,"iter_ns_p50":234011,"iter_ns_p95":272136,"per_op_ns_p50":14625,"x_cpu_ticks":0,"errors":0,"pixel_ok":true,"wall":[1790154372.652161,1790154372.660389],"iter_ns":[268177,240313,222448,244271,272136,239948,225469,234375,219479,226771,234792,211562,215573,234011,226511,227291,186510,233021,242448,234323]}
MARK CELL_BEGIN A0030 1790154372.660415
MARK CELL_END A0030 1790154372.668767
CELL {"seq":109,"id":"A0030","group":"A","rw":16,"rh":16,"sw":16,"sh":16,"ratio":"1x","reuse":1,"batch":8,"residency":"warm","readback":"none","iters":20,"iter_ns_p50":192865,"iter_ns_p95":300417,"per_op_ns_p50":24108,"x_cpu_ticks":1,"errors":0,"pixel_ok":true,"wall":[1790154372.660415,1790154372.668767],"iter_ns":[230989,224948,218229,217187,192865,166406,191354,166093,188229,167240,206615,170260,164062,196250,132865,196406,171979,190729,300417,258282]}
MARK CELL_BEGIN A0033 1790154372.668793
MARK CELL_END A0033 1790154372.675261
CELL {"seq":110,"id":"A0033","group":"A","rw":16,"rh":16,"sw":16,"sh":16,"ratio":"1x","reuse":1,"batch":16,"residency":"warm","readback":"none","iters":20,"iter_ns_p50":212969,"iter_ns_p95":224323,"per_op_ns_p50":13310,"x_cpu_ticks":0,"errors":0,"pixel_ok":true,"wall":[1790154372.668793,1790154372.675261],"iter_ns":[220625,211823,215833,224323,215105,210364,213385,211354,212552,213646,213125,211823,213073,210782,213073,210781,212969,209531,212813,212135]}
MARK CELL_BEGIN A0000 1790154372.675273
MARK CELL_END A0000 1790154372.677680
CELL {"seq":111,"id":"A0000","group":"A","rw":1,"rh":1,"sw":1,"sh":1,"ratio":"1x","reuse":1,"batch":1,"residency":"warm","readback":"none","iters":20,"iter_ns_p50":59584,"iter_ns_p95":78125,"per_op_ns_p50":59584,"x_cpu_ticks":0,"errors":0,"pixel_ok":true,"wall":[1790154372.675273,1790154372.677680],"iter_ns":[61198,64322,63125,58333,60781,57083,58958,62136,59271,54375,78125,56146,59584,54583,58698,54375,68593,58958,66667,62188]}
MARK CELL_BEGIN B0167 1790154372.677691
MARK CELL_END B0167 1790154372.681963
CELL {"seq":112,"id":"B0167","group":"B","rw":32,"rh":32,"sw":32,"sh":32,"ratio":"1x","reuse":1,"batch":1,"residency":"recreate","readback":"none","iters":20,"iter_ns_p50":140625,"iter_ns_p95":150625,"per_op_ns_p50":140625,"x_cpu_ticks":0,"errors":0,"pixel_ok":true,"wall":[1790154372.677691,1790154372.681963],"iter_ns":[137968,134687,131250,150625,143177,132552,144896,143854,144792,143958,134010,137656,141303,142031,131875,130521,130156,128282,141510,140625]}
MARK CELL_BEGIN A0126 1790154372.681989
MARK CELL_END A0126 1790154373.300725
CELL {"seq":113,"id":"A0126","group":"A","rw":3440,"rh":1440,"sw":3440,"sh":1440,"ratio":"1x","reuse":1,"batch":8,"residency":"warm","readback":"none","iters":20,"iter_ns_p50":20711406,"iter_ns_p95":24079687,"per_op_ns_p50":2588925,"x_cpu_ticks":52,"errors":0,"pixel_ok":true,"wall":[1790154372.681989,1790154373.300725],"iter_ns":[20759219,20700000,20576250,20551042,20508646,20711406,20849479,21099739,24079687,21116406,20686458,20618593,20568750,20526875,21043698,21070312,21640729,20774844,20606511,20587865]}
MARK CELL_BEGIN B0219 1790154373.300757
MARK CELL_END B0219 1790154373.525896
CELL {"seq":114,"id":"B0219","group":"B","rw":3440,"rh":1440,"sw":3440,"sh":1440,"ratio":"1x","reuse":4,"batch":1,"residency":"warm","readback":"none","iters":20,"iter_ns_p50":2859063,"iter_ns_p95":3206823,"per_op_ns_p50":2859063,"x_cpu_ticks":15,"errors":0,"pixel_ok":true,"wall":[1790154373.300757,1790154373.525896],"iter_ns":[3023073,3094063,3206823,2918698,2917135,2850000,2850834,2859063,2938698,3080729,2973907,2853542,2912188,2852239,2787864,2780989,2790885,2799062,2762396,2802813]}
MARK CELL_BEGIN B0132 1790154373.525931
MARK CELL_END B0132 1790154373.531951
CELL {"seq":115,"id":"B0132","group":"B","rw":1,"rh":1,"sw":2,"sh":2,"ratio":"4x","reuse":1,"batch":1,"residency":"warm","readback":"none","iters":20,"iter_ns_p50":108490,"iter_ns_p95":148542,"per_op_ns_p50":108490,"x_cpu_ticks":0,"errors":0,"pixel_ok":true,"wall":[1790154373.525931,1790154373.531951],"iter_ns":[99115,102292,111666,148542,96146,123854,108490,123698,108489,119114,133594,97760,108177,125781,99218,110833,123698,97761,106041,103281]}
MARK CELL_BEGIN B0184 1790154373.531968
MARK CELL_END B0184 1790154373.541813
CELL {"seq":116,"id":"B0184","group":"B","rw":128,"rh":128,"sw":128,"sh":128,"ratio":"1x","reuse":1,"batch":1,"residency":"resize","readback":"none","iters":20,"iter_ns_p50":223698,"iter_ns_p95":558750,"per_op_ns_p50":223698,"x_cpu_ticks":0,"errors":0,"pixel_ok":true,"wall":[1790154373.531968,1790154373.541813],"iter_ns":[287396,154583,177500,130729,183646,295885,220833,148333,223698,290625,221980,558750,489219,214375,233802,322865,345677,215989,248802,149479]}
MARK CELL_BEGIN A0098 1790154373.541835
MARK CELL_END A0098 1790154373.580707
CELL {"seq":117,"id":"A0098","group":"A","rw":1024,"rh":1024,"sw":1024,"sh":1024,"ratio":"1x","reuse":1,"batch":1,"residency":"warm","readback":"delayed","iters":20,"iter_ns_p50":532604,"iter_ns_p95":7209427,"per_op_ns_p50":532604,"x_cpu_ticks":3,"errors":0,"pixel_ok":true,"wall":[1790154373.541835,1790154373.580707],"iter_ns":[574688,557656,540833,539428,525469,526406,523802,7209427,550157,531979,551094,532604,510260,498230,491042,3485990,517500,543229,510157,503281]}
MARK CELL_BEGIN A0119 1790154373.580752
MARK CELL_END A0119 1790154374.226596
CELL {"seq":118,"id":"A0119","group":"A","rw":1200,"rh":2608,"sw":1200,"sh":2608,"ratio":"1x","reuse":1,"batch":16,"residency":"warm","readback":"delayed","iters":20,"iter_ns_p50":21518229,"iter_ns_p95":61640886,"per_op_ns_p50":1344889,"x_cpu_ticks":56,"errors":0,"pixel_ok":true,"wall":[1790154373.580752,1790154374.226596],"iter_ns":[21189479,21062343,20967865,20879739,20943594,21188594,20949584,61640886,23117760,21627032,21352813,21714063,21117917,21613021,21388125,26104219,21518229,21783802,21719427,21699479]}
MARK CELL_BEGIN B0170 1790154374.226629
MARK CELL_END B0170 1790154374.241013
CELL {"seq":119,"id":"B0170","group":"B","rw":64,"rh":64,"sw":1200,"sh":2191,"ratio":"redirected","reuse":1,"batch":1,"residency":"warm","readback":"none","iters":20,"iter_ns_p50":51406,"iter_ns_p95":121250,"per_op_ns_p50":51406,"x_cpu_ticks":1,"errors":0,"pixel_ok":true,"wall":[1790154374.226629,1790154374.241013],"iter_ns":[48750,44271,51406,87136,55833,121250,44896,53959,44323,45208,118281,53125,45885,51823,45053,93282,47500,45521,42917,51979]}
MARK CELL_BEGIN A0085 1790154374.241045
MARK CELL_END A0085 1790154374.256335
CELL {"seq":120,"id":"A0085","group":"A","rw":512,"rh":512,"sw":512,"sh":512,"ratio":"1x","reuse":1,"batch":1,"residency":"warm","readback":"immediate","iters":20,"iter_ns_p50":319167,"iter_ns_p95":954532,"per_op_ns_p50":319167,"x_cpu_ticks":1,"errors":0,"pixel_ok":true,"wall":[1790154374.241045,1790154374.256335],"iter_ns":[328542,301406,282552,798490,298542,778854,284844,791615,314843,313177,293281,423386,301823,319167,275990,758802,281250,564479,954532,800260]}
MARK CELL_BEGIN B0169 1790154374.256352
MARK CELL_END B0169 1790154374.258950
CELL {"seq":121,"id":"B0169","group":"B","rw":64,"rh":64,"sw":256,"sh":256,"ratio":"16x","reuse":1,"batch":1,"residency":"warm","readback":"none","iters":20,"iter_ns_p50":47917,"iter_ns_p95":101666,"per_op_ns_p50":47917,"x_cpu_ticks":0,"errors":0,"pixel_ok":true,"wall":[1790154374.256352,1790154374.258950],"iter_ns":[101666,50886,72760,46823,94843,50156,47917,42187,94219,49271,45781,42136,42135,42136,93489,48698,43802,41563,42396,41146]}
MARK CELL_BEGIN A0035 1790154374.258958
MARK CELL_END A0035 1790154374.267066
CELL {"seq":122,"id":"A0035","group":"A","rw":16,"rh":16,"sw":16,"sh":16,"ratio":"1x","reuse":1,"batch":16,"residency":"warm","readback":"delayed","iters":20,"iter_ns_p50":258177,"iter_ns_p95":386927,"per_op_ns_p50":16136,"x_cpu_ticks":0,"errors":0,"pixel_ok":true,"wall":[1790154374.258958,1790154374.267066],"iter_ns":[188750,133177,130208,127344,190000,260365,298125,386927,225260,257135,266875,277240,281146,249323,261980,384010,224115,256771,264427,258177]}
MARK CELL_BEGIN B0152 1790154374.267097
MARK CELL_END B0152 1790154374.284049
CELL {"seq":123,"id":"B0152","group":"B","rw":16,"rh":16,"sw":1200,"sh":2191,"ratio":"redirected","reuse":1,"batch":1,"residency":"warm","readback":"none","iters":20,"iter_ns_p50":140000,"iter_ns_p95":341094,"per_op_ns_p50":140000,"x_cpu_ticks":0,"errors":0,"pixel_ok":true,"wall":[1790154374.267097,1790154374.284049],"iter_ns":[341094,124792,196302,207083,144739,122864,194531,148334,133542,121666,134584,111875,200469,93489,128177,104792,161146,140000,105937,161927]}
MARK CELL_BEGIN A0121 1790154374.284079
MARK CELL_END A0121 1790154375.984644
CELL {"seq":124,"id":"A0121","group":"A","rw":3440,"rh":1440,"sw":3440,"sh":1440,"ratio":"1x","reuse":1,"batch":1,"residency":"warm","readback":"immediate","iters":20,"iter_ns_p50":76220625,"iter_ns_p95":143103073,"per_op_ns_p50":76220625,"x_cpu_ticks":153,"errors":0,"pixel_ok":true,"wall":[1790154374.284079,1790154375.984644],"iter_ns":[113775312,5805625,7325625,91939375,110421250,6084687,120468073,141459375,113658750,76220625,143103073,10374218,50117656,5903489,5789948,140839844,18261042,5817604,134646406,5889948]}
MARK CELL_BEGIN C0259 1790154375.984674
MARK CELL_END C0259 1790154375.994595
CELL {"seq":125,"id":"C0259","group":"C","rw":128,"rh":128,"sw":512,"sh":512,"ratio":"16x","reuse":1,"batch":16,"residency":"resize","readback":"delayed","iters":20,"iter_ns_p50":305677,"iter_ns_p95":467500,"per_op_ns_p50":19104,"x_cpu_ticks":0,"errors":0,"pixel_ok":true,"wall":[1790154375.984674,1790154375.994595],"iter_ns":[260729,291250,301562,270365,258958,261146,282657,467500,308125,296823,319583,403594,347709,302864,303802,466615,308542,307395,305677,309531]}
MARK CELL_BEGIN A0107 1790154375.994624
MARK CELL_END A0107 1790154376.175933
CELL {"seq":126,"id":"A0107","group":"A","rw":1024,"rh":1024,"sw":1024,"sh":1024,"ratio":"1x","reuse":1,"batch":16,"residency":"warm","readback":"delayed","iters":20,"iter_ns_p50":6180937,"iter_ns_p95":16396823,"per_op_ns_p50":386308,"x_cpu_ticks":16,"errors":0,"pixel_ok":true,"wall":[1790154375.994624,1790154376.175933],"iter_ns":[6169740,6169739,6156459,6144583,6166667,6133698,6172656,16396823,6301823,7114740,6191458,6188281,6147187,6156719,6152552,12447760,6380625,6257292,6247865,6180937]}
MARK CELL_BEGIN B0213 1790154376.175990
MARK CELL_END B0213 1790154376.281601
CELL {"seq":127,"id":"B0213","group":"B","rw":1200,"rh":2608,"sw":1200,"sh":2608,"ratio":"redirected","reuse":1,"batch":1,"residency":"warm","readback":"none","iters":20,"iter_ns_p50":1463334,"iter_ns_p95":1668907,"per_op_ns_p50":1463334,"x_cpu_ticks":5,"errors":0,"pixel_ok":true,"wall":[1790154376.175990,1790154376.281601],"iter_ns":[1463334,1456823,1437083,1456979,1442969,1610208,1668907,1481094,1505104,1526458,1458594,1476042,1439271,1455365,1426615,1428229,1512292,1542917,1436875,1499322]}
MARK CELL_BEGIN C0255 1790154376.281642
MARK CELL_END C0255 1790154376.290235
CELL {"seq":128,"id":"C0255","group":"C","rw":128,"rh":128,"sw":128,"sh":128,"ratio":"1x","reuse":64,"batch":1,"residency":"warm","readback":"immediate","iters":20,"iter_ns_p50":83802,"iter_ns_p95":264219,"per_op_ns_p50":83802,"x_cpu_ticks":0,"errors":0,"pixel_ok":true,"wall":[1790154376.281642,1790154376.290235],"iter_ns":[90937,89375,84895,84687,83802,82240,83281,264219,126927,90573,86042,83177,83802,83541,83073,81927,82969,82604,82031,86823]}
MARK CELL_BEGIN A0012 1790154376.290250
MARK CELL_END A0012 1790154376.292380
CELL {"seq":129,"id":"A0012","group":"A","rw":5,"rh":24,"sw":5,"sh":24,"ratio":"1x","reuse":1,"batch":1,"residency":"warm","readback":"none","iters":20,"iter_ns_p50":43750,"iter_ns_p95":48594,"per_op_ns_p50":43750,"x_cpu_ticks":0,"errors":0,"pixel_ok":true,"wall":[1790154376.290250,1790154376.292380],"iter_ns":[42709,46667,44115,48594,45937,44063,41875,41562,43750,42969,43750,42239,44115,42083,46510,41823,45209,44948,42500,42240]}
MARK CELL_BEGIN N0000 1790154376.292388
MARK CELL_END N0000 1790154376.317365
CELL {"seq":130,"id":"N0000","group":"N","rw":1024,"rh":1024,"sw":1024,"sh":1024,"ratio":"1x","reuse":1,"batch":1,"residency":"warm","readback":"none","iters":20,"iter_ns_p50":441771,"iter_ns_p95":513802,"per_op_ns_p50":441771,"x_cpu_ticks":2,"errors":0,"pixel_ok":true,"wall":[1790154376.292388,1790154376.317365],"iter_ns":[465365,477240,491667,437656,433802,430104,450781,425834,427344,425469,423594,422187,513802,477709,505469,434427,492552,439271,441771,448698]}
MARK CELL_BEGIN B0144 1790154376.317385
MARK CELL_END B0144 1790154376.319374
CELL {"seq":131,"id":"B0144","group":"B","rw":5,"rh":24,"sw":5,"sh":24,"ratio":"1x","reuse":4,"batch":1,"residency":"warm","readback":"none","iters":20,"iter_ns_p50":42135,"iter_ns_p95":58229,"per_op_ns_p50":42135,"x_cpu_ticks":0,"errors":0,"pixel_ok":true,"wall":[1790154376.317385,1790154376.319374],"iter_ns":[45885,41718,44322,41979,43073,42500,42865,50260,43489,41927,42812,40573,42083,41771,41511,42135,40468,58229,40313,40416]}
MARK CELL_BEGIN A0024 1790154376.319382
MARK CELL_END A0024 1790154376.321162
CELL {"seq":132,"id":"A0024","group":"A","rw":16,"rh":16,"sw":16,"sh":16,"ratio":"1x","reuse":1,"batch":1,"residency":"warm","readback":"none","iters":20,"iter_ns_p50":40417,"iter_ns_p95":49166,"per_op_ns_p50":40417,"x_cpu_ticks":1,"errors":0,"pixel_ok":true,"wall":[1790154376.319382,1790154376.321162],"iter_ns":[40729,49166,42084,41458,39583,42084,40417,41198,40417,42552,40105,41667,39583,39948,39948,39896,39480,40052,39218,40052]}
MARK CELL_BEGIN C0245 1790154376.321169
MARK CELL_END C0245 1790154376.325739
CELL {"seq":133,"id":"C0245","group":"C","rw":32,"rh":32,"sw":32,"sh":32,"ratio":"1x","reuse":1,"batch":4,"residency":"recreate","readback":"immediate","iters":20,"iter_ns_p50":128542,"iter_ns_p95":273490,"per_op_ns_p50":32135,"x_cpu_ticks":0,"errors":0,"pixel_ok":true,"wall":[1790154376.321169,1790154376.325739],"iter_ns":[127812,124323,123907,128542,127448,123646,123593,154427,131094,127292,137292,187136,148541,147917,125208,123646,123750,247864,243021,273490]}
MARK CELL_BEGIN B0212 1790154376.325749
MARK CELL_END B0212 1790154376.483818
CELL {"seq":134,"id":"B0212","group":"B","rw":1200,"rh":2608,"sw":2400,"sh":5216,"ratio":"4x","reuse":1,"batch":1,"residency":"warm","readback":"none","iters":20,"iter_ns_p50":1808437,"iter_ns_p95":2074062,"per_op_ns_p50":1808437,"x_cpu_ticks":8,"errors":0,"pixel_ok":true,"wall":[1790154376.325749,1790154376.483818],"iter_ns":[2022083,2074062,1931094,1827552,1808437,1842500,1851927,1733646,1846094,1966927,1834427,1734375,1762813,1706510,1757240,1772240,1704010,1751614,1712760,1684010]}
MARK CELL_BEGIN B0217 1790154376.483894
MARK CELL_END B0217 1790154377.047460
CELL {"seq":135,"id":"B0217","group":"B","rw":1200,"rh":2608,"sw":1200,"sh":2608,"ratio":"1x","reuse":1,"batch":1,"residency":"recreate","readback":"none","iters":20,"iter_ns_p50":20587448,"iter_ns_p95":22719270,"per_op_ns_p50":20587448,"x_cpu_ticks":40,"errors":0,"pixel_ok":true,"wall":[1790154376.483894,1790154377.047460],"iter_ns":[20520052,20542656,20436146,20004063,22719270,20726562,20801563,22397604,20738281,20727032,20123438,20939687,20849219,20632135,20222916,20346563,20587448,20227291,20441354,20288646]}
MARK CELL_BEGIN A0082 1790154377.047494
MARK CELL_END A0082 1790154377.064889
CELL {"seq":136,"id":"A0082","group":"A","rw":256,"rh":256,"sw":256,"sh":256,"ratio":"1x","reuse":1,"batch":16,"residency":"warm","readback":"immediate","iters":20,"iter_ns_p50":668177,"iter_ns_p95":845260,"per_op_ns_p50":41761,"x_cpu_ticks":1,"errors":0,"pixel_ok":true,"wall":[1790154377.047494,1790154377.064889],"iter_ns":[589166,611250,583177,845260,722344,668021,685625,714583,684479,708490,655677,693594,674687,709688,652552,582708,594062,630781,668177,625990]}
MARK CELL_BEGIN A0076 1790154377.064899
MARK CELL_END A0076 1790154377.072973
CELL {"seq":137,"id":"A0076","group":"A","rw":256,"rh":256,"sw":256,"sh":256,"ratio":"1x","reuse":1,"batch":4,"residency":"warm","readback":"immediate","iters":20,"iter_ns_p50":300104,"iter_ns_p95":466407,"per_op_ns_p50":75026,"x_cpu_ticks":1,"errors":0,"pixel_ok":true,"wall":[1790154377.064899,1790154377.072973],"iter_ns":[220417,210000,264688,283125,466407,272500,342552,276355,310937,271094,322135,311614,307708,300416,300104,278229,297916,308750,299479,300990]}
MARK CELL_BEGIN C0261 1790154377.072981
MARK CELL_END C0261 1790154377.077469
CELL {"seq":138,"id":"C0261","group":"C","rw":16,"rh":16,"sw":16,"sh":16,"ratio":"1x","reuse":1,"batch":4,"residency":"cold","readback":"none","iters":20,"iter_ns_p50":64896,"iter_ns_p95":77239,"per_op_ns_p50":16224,"x_cpu_ticks":1,"errors":0,"pixel_ok":true,"wall":[1790154377.072981,1790154377.077469],"iter_ns":[66146,65572,60677,56875,64792,62239,65052,66667,66615,65417,65261,64896,64583,64687,64896,64635,64896,77239,65521,64531]}
MARK CELL_BEGIN B0146 1790154377.077482
MARK CELL_END B0146 1790154377.080054
CELL {"seq":139,"id":"B0146","group":"B","rw":5,"rh":24,"sw":5,"sh":24,"ratio":"1x","reuse":64,"batch":1,"residency":"warm","readback":"none","iters":20,"iter_ns_p50":42135,"iter_ns_p95":53802,"per_op_ns_p50":42135,"x_cpu_ticks":0,"errors":0,"pixel_ok":true,"wall":[1790154377.077482,1790154377.080054],"iter_ns":[43229,43282,43333,43854,42135,43594,41719,42917,41302,53802,42396,42032,41719,41355,42239,41823,41771,41979,41927,41615]}
MARK CELL_BEGIN A0096 1790154377.080064
MARK CELL_END A0096 1790154377.112700
CELL {"seq":140,"id":"A0096","group":"A","rw":1024,"rh":1024,"sw":1024,"sh":1024,"ratio":"1x","reuse":1,"batch":1,"residency":"warm","readback":"none","iters":20,"iter_ns_p50":429948,"iter_ns_p95":468802,"per_op_ns_p50":429948,"x_cpu_ticks":1,"errors":0,"pixel_ok":true,"wall":[1790154377.080064,1790154377.112700],"iter_ns":[466041,435573,429948,428645,423750,424271,419531,420000,415260,444740,447396,418020,444584,418281,468802,436719,448854,440156,417657,424323]}
MARK CELL_BEGIN C0243 1790154377.112729
MARK CELL_END C0243 1790154377.139743
CELL {"seq":141,"id":"C0243","group":"C","rw":1,"rh":1,"sw":1200,"sh":2191,"ratio":"redirected","reuse":1,"batch":4,"residency":"resize","readback":"delayed","iters":20,"iter_ns_p50":181407,"iter_ns_p95":364271,"per_op_ns_p50":45351,"x_cpu_ticks":0,"errors":0,"pixel_ok":true,"wall":[1790154377.112729,1790154377.139743],"iter_ns":[160416,182500,182604,179895,364271,266510,206875,337136,181407,153802,149843,150520,154792,223489,159323,268490,187656,153489,151355,147500]}
MARK CELL_BEGIN A0032 1790154377.139806
MARK CELL_END A0032 1790154377.147777
CELL {"seq":142,"id":"A0032","group":"A","rw":16,"rh":16,"sw":16,"sh":16,"ratio":"1x","reuse":1,"batch":8,"residency":"warm","readback":"delayed","iters":20,"iter_ns_p50":160052,"iter_ns_p95":273021,"per_op_ns_p50":20006,"x_cpu_ticks":0,"errors":0,"pixel_ok":true,"wall":[1790154377.139806,1790154377.147777],"iter_ns":[249687,160052,159792,162344,156875,156198,164323,273021,156719,157812,160156,157500,155156,159687,154844,263698,157187,195208,170885,160521]}
MARK CELL_BEGIN C0260 1790154377.147810
MARK CELL_END C0260 1790154377.694090
CELL {"seq":143,"id":"C0260","group":"C","rw":1024,"rh":1024,"sw":2048,"sh":2048,"ratio":"4x","reuse":1,"batch":4,"residency":"cold","readback":"delayed","iters":20,"iter_ns_p50":2426406,"iter_ns_p95":13114948,"per_op_ns_p50":606601,"x_cpu_ticks":44,"errors":0,"pixel_ok":true,"wall":[1790154377.147810,1790154377.694090],"iter_ns":[2371666,2350313,2268437,2540833,2360729,2416823,2308021,5076458,2400625,2451927,2434427,2417188,2380625,2426406,2606667,13114948,2463854,2388072,2456354,2599427]}
MARK CELL_BEGIN B0191 1790154377.694124
MARK CELL_END B0191 1790154377.722584
CELL {"seq":144,"id":"B0191","group":"B","rw":256,"rh":256,"sw":256,"sh":256,"ratio":"1x","reuse":64,"batch":1,"residency":"warm","readback":"none","iters":20,"iter_ns_p50":145521,"iter_ns_p95":201719,"per_op_ns_p50":145521,"x_cpu_ticks":1,"errors":0,"pixel_ok":true,"wall":[1790154377.694124,1790154377.722584],"iter_ns":[136823,136145,134688,139479,126302,150052,145521,152865,133698,139636,111615,129323,201719,158854,131719,178750,174427,173437,169115,163333]}
MARK CELL_BEGIN A0019 1790154377.722647
MARK CELL_END A0019 1790154377.730569
CELL {"seq":145,"id":"A0019","group":"A","rw":5,"rh":24,"sw":5,"sh":24,"ratio":"1x","reuse":1,"batch":8,"residency":"warm","readback":"immediate","iters":20,"iter_ns_p50":186354,"iter_ns_p95":214167,"per_op_ns_p50":23294,"x_cpu_ticks":1,"errors":0,"pixel_ok":true,"wall":[1790154377.722647,1790154377.730569],"iter_ns":[194687,177136,200677,196980,173386,214167,190885,208177,187500,178281,194219,188021,183959,185677,163177,185833,173385,184583,160990,186354]}
MARK CELL_BEGIN B0211 1790154377.730594
MARK CELL_END B0211 1790154377.823886
CELL {"seq":146,"id":"B0211","group":"B","rw":1024,"rh":1024,"sw":1024,"sh":1024,"ratio":"1x","reuse":1,"batch":1,"residency":"recreate","readback":"none","iters":20,"iter_ns_p50":3545053,"iter_ns_p95":4000625,"per_op_ns_p50":3545053,"x_cpu_ticks":5,"errors":0,"pixel_ok":true,"wall":[1790154377.730594,1790154377.823886],"iter_ns":[3588073,3425313,3463542,3834844,3370625,3545053,3578073,4000625,3595156,3707968,3532917,3574010,3316771,3247395,3308020,3356875,3613177,3294947,3545521,3400938]}
MARK CELL_BEGIN A0025 1790154377.823942
MARK CELL_END A0025 1790154377.830938
CELL {"seq":147,"id":"A0025","group":"A","rw":16,"rh":16,"sw":16,"sh":16,"ratio":"1x","reuse":1,"batch":1,"residency":"warm","readback":"immediate","iters":20,"iter_ns_p50":152031,"iter_ns_p95":223229,"per_op_ns_p50":152031,"x_cpu_ticks":1,"errors":0,"pixel_ok":true,"wall":[1790154377.823942,1790154377.830938],"iter_ns":[129739,120729,205469,155625,213333,216510,152031,163854,208386,223229,139635,136459,141407,152761,147656,120990,139844,161562,138802,142968]}
MARK CELL_BEGIN A0087 1790154377.830966
MARK CELL_END A0087 1790154377.857359
CELL {"seq":148,"id":"A0087","group":"A","rw":512,"rh":512,"sw":512,"sh":512,"ratio":"1x","reuse":1,"batch":4,"residency":"warm","readback":"none","iters":20,"iter_ns_p50":855781,"iter_ns_p95":1438229,"per_op_ns_p50":213945,"x_cpu_ticks":2,"errors":0,"pixel_ok":true,"wall":[1790154377.830966,1790154377.857359],"iter_ns":[660260,571562,541197,855781,886146,819895,803906,847813,814375,826927,842188,744740,1438229,1335209,1300625,920781,945625,906198,945000,907135]}
MARK CELL_BEGIN C0262 1790154377.857378
MARK CELL_END C0262 1790154377.860593
CELL {"seq":149,"id":"C0262","group":"C","rw":32,"rh":32,"sw":128,"sh":128,"ratio":"16x","reuse":1,"batch":1,"residency":"warm","readback":"delayed","iters":20,"iter_ns_p50":69323,"iter_ns_p95":163281,"per_op_ns_p50":69323,"x_cpu_ticks":0,"errors":0,"pixel_ok":true,"wall":[1790154377.857378,1790154377.860593],"iter_ns":[63125,68177,69010,70573,64323,67916,69896,155729,85156,66407,60469,58750,69896,69844,69323,163281,57344,58854,72864,70209]}
MARK CELL_BEGIN C0237 1790154377.860618
MARK CELL_END C0237 1790154378.004670
CELL {"seq":150,"id":"C0237","group":"C","rw":1024,"rh":1024,"sw":1024,"sh":1024,"ratio":"1x","reuse":1,"batch":4,"residency":"cold","readback":"none","iters":20,"iter_ns_p50":1689740,"iter_ns_p95":1892760,"per_op_ns_p50":422435,"x_cpu_ticks":10,"errors":0,"pixel_ok":true,"wall":[1790154377.860618,1790154378.004670],"iter_ns":[1776979,1693438,1689740,1656042,1659427,1660625,1892760,1705834,1668125,1880677,1748229,1683021,1666562,1657708,1646354,1724844,1725625,1667084,1652031,1727448]}
MARK CELL_BEGIN B0208 1790154378.004735
MARK CELL_END B0208 1790154378.117115
CELL {"seq":151,"id":"B0208","group":"B","rw":1024,"rh":1024,"sw":1024,"sh":1024,"ratio":"1x","reuse":16,"batch":1,"residency":"warm","readback":"none","iters":20,"iter_ns_p50":579271,"iter_ns_p95":633855,"per_op_ns_p50":579271,"x_cpu_ticks":8,"errors":0,"pixel_ok":true,"wall":[1790154378.004735,1790154378.117115],"iter_ns":[584792,606355,586354,514947,517031,579271,572604,548646,586719,582916,578073,580261,633855,538489,532553,582188,506458,536719,589844,534271]}
MARK CELL_BEGIN A0064 1790154378.117145
MARK CELL_END A0064 1790154378.128868
CELL {"seq":152,"id":"A0064","group":"A","rw":128,"rh":128,"sw":128,"sh":128,"ratio":"1x","reuse":1,"batch":4,"residency":"warm","readback":"immediate","iters":20,"iter_ns_p50":350156,"iter_ns_p95":478489,"per_op_ns_p50":87539,"x_cpu_ticks":1,"errors":0,"pixel_ok":true,"wall":[1790154378.117145,1790154378.128868],"iter_ns":[334479,357032,311198,450573,350156,318541,326927,334219,330781,332968,313229,329948,325573,416198,395885,368906,478489,364739,387708,360886]}
MARK CELL_BEGIN A0080 1790154378.128957
MARK CELL_END A0080 1790154378.144879
CELL {"seq":153,"id":"A0080","group":"A","rw":256,"rh":256,"sw":256,"sh":256,"ratio":"1x","reuse":1,"batch":8,"residency":"warm","readback":"delayed","iters":20,"iter_ns_p50":553437,"iter_ns_p95":837396,"per_op_ns_p50":69179,"x_cpu_ticks":1,"errors":0,"pixel_ok":true,"wall":[1790154378.128957,1790154378.144879],"iter_ns":[469792,455313,479687,681927,563802,626145,556042,837396,553802,553437,547396,599010,581406,523750,520469,716667,505781,507031,510677,496875]}
MARK CELL_BEGIN B0214 1790154378.144895
MARK CELL_END B0214 1790154378.350389
CELL {"seq":154,"id":"B0214","group":"B","rw":1200,"rh":2608,"sw":1200,"sh":2608,"ratio":"1x","reuse":4,"batch":1,"residency":"warm","readback":"none","iters":20,"iter_ns_p50":1776094,"iter_ns_p95":1933594,"per_op_ns_p50":1776094,"x_cpu_ticks":10,"errors":0,"pixel_ok":true,"wall":[1790154378.144895,1790154378.350389],"iter_ns":[1933594,1790208,1769687,1727865,1909948,1776094,1780729,1781354,1776198,1750417,1827084,1870573,1739844,1742084,1749948,1759896,1821979,1757656,1722188,1763541]}
MARK CELL_BEGIN A0081 1790154378.350420
MARK CELL_END A0081 1790154378.368695
CELL {"seq":155,"id":"A0081","group":"A","rw":256,"rh":256,"sw":256,"sh":256,"ratio":"1x","reuse":1,"batch":16,"residency":"warm","readback":"none","iters":20,"iter_ns_p50":780730,"iter_ns_p95":882187,"per_op_ns_p50":48795,"x_cpu_ticks":2,"errors":0,"pixel_ok":true,"wall":[1790154378.350420,1790154378.368695],"iter_ns":[783073,882187,823906,577396,546094,547031,780730,527969,806041,525052,777760,526303,528542,866615,826459,866406,786875,791823,577656,546771]}
MARK CELL_BEGIN N0000 1790154378.368706
MARK CELL_END N0000 1790154378.390761
CELL {"seq":156,"id":"N0000","group":"N","rw":1024,"rh":1024,"sw":1024,"sh":1024,"ratio":"1x","reuse":1,"batch":1,"residency":"warm","readback":"none","iters":20,"iter_ns_p50":425156,"iter_ns_p95":451927,"per_op_ns_p50":425156,"x_cpu_ticks":1,"errors":0,"pixel_ok":true,"wall":[1790154378.368706,1790154378.390761],"iter_ns":[449375,434167,433021,428646,425156,423230,431927,420469,421406,451927,442396,420209,450104,422188,420365,429323,420313,415885,414844,413177]}
MARK CELL_BEGIN A0089 1790154378.390794
MARK CELL_END A0089 1790154378.406973
CELL {"seq":157,"id":"A0089","group":"A","rw":512,"rh":512,"sw":512,"sh":512,"ratio":"1x","reuse":1,"batch":4,"residency":"warm","readback":"delayed","iters":20,"iter_ns_p50":445156,"iter_ns_p95":1848073,"per_op_ns_p50":111289,"x_cpu_ticks":1,"errors":0,"pixel_ok":true,"wall":[1790154378.390794,1790154378.406973],"iter_ns":[440052,458385,465417,439427,440417,441302,455781,1848073,460781,445156,446094,439219,461302,438490,438073,1292240,443229,439011,453698,438541]}
MARK CELL_BEGIN B0137 1790154378.406991
MARK CELL_END B0137 1790154378.410021
CELL {"seq":158,"id":"B0137","group":"B","rw":1,"rh":1,"sw":1,"sh":1,"ratio":"1x","reuse":64,"batch":1,"residency":"warm","readback":"none","iters":20,"iter_ns_p50":44375,"iter_ns_p95":51927,"per_op_ns_p50":44375,"x_cpu_ticks":0,"errors":0,"pixel_ok":true,"wall":[1790154378.406991,1790154378.410021],"iter_ns":[42761,42657,49271,42656,44583,44531,44375,50208,48854,47604,44375,42396,51927,42136,44427,41042,41823,41094,41771,48073]}
MARK CELL_BEGIN A0118 1790154378.410067
MARK CELL_END A0118 1790154379.580597
CELL {"seq":159,"id":"A0118","group":"A","rw":1200,"rh":2608,"sw":1200,"sh":2608,"ratio":"1x","reuse":1,"batch":16,"residency":"warm","readback":"immediate","iters":20,"iter_ns_p50":49186771,"iter_ns_p95":84926927,"per_op_ns_p50":3074173,"x_cpu_ticks":110,"errors":0,"pixel_ok":true,"wall":[1790154378.410067,1790154379.580597],"iter_ns":[33649896,31668802,54415677,81881146,32829531,49125156,64320521,84926927,73105781,49673594,36935313,26059948,39976823,49186771,56696198,42579115,61242656,42285313,41211615,55718542]}
MARK CELL_BEGIN C0228 1790154379.580663
MARK CELL_END C0228 1790154379.604278
CELL {"seq":160,"id":"C0228","group":"C","rw":128,"rh":128,"sw":512,"sh":512,"ratio":"16x","reuse":16,"batch":1,"residency":"warm","readback":"delayed","iters":20,"iter_ns_p50":156406,"iter_ns_p95":4159687,"per_op_ns_p50":156406,"x_cpu_ticks":1,"errors":0,"pixel_ok":true,"wall":[1790154379.580663,1790154379.604278],"iter_ns":[151198,146198,142344,137083,149532,156406,148490,4011510,185625,191510,128333,128802,123334,249791,145105,4159687,183594,254948,210416,202709]}
MARK CELL_BEGIN B0195 1790154379.604328
MARK CELL_END B0195 1790154379.621094
CELL {"seq":161,"id":"B0195","group":"B","rw":512,"rh":512,"sw":1024,"sh":1024,"ratio":"4x","reuse":1,"batch":1,"residency":"warm","readback":"none","iters":20,"iter_ns_p50":299063,"iter_ns_p95":453230,"per_op_ns_p50":299063,"x_cpu_ticks":0,"errors":0,"pixel_ok":true,"wall":[1790154379.604328,1790154379.621094],"iter_ns":[303125,312552,326875,309062,291770,278281,303282,273698,276302,278802,297135,301823,453230,302761,299063,268542,260521,270677,283125,321458]}
MARK CELL_BEGIN B0205 1790154379.621110
MARK CELL_END B0205 1790154379.765742
CELL {"seq":162,"id":"B0205","group":"B","rw":1024,"rh":1024,"sw":4096,"sh":4096,"ratio":"16x","reuse":1,"batch":1,"residency":"warm","readback":"none","iters":20,"iter_ns_p50":569896,"iter_ns_p95":718073,"per_op_ns_p50":569896,"x_cpu_ticks":7,"errors":0,"pixel_ok":true,"wall":[1790154379.621110,1790154379.765742],"iter_ns":[687604,718073,651250,641303,613229,593125,644948,619791,569896,572188,551094,544844,535208,529010,525000,556093,536146,519219,551875,562656]}
MARK CELL_BEGIN A0006 1790154379.765771
MARK CELL_END A0006 1790154379.773325
CELL {"seq":163,"id":"A0006","group":"A","rw":1,"rh":1,"sw":1,"sh":1,"ratio":"1x","reuse":1,"batch":8,"residency":"warm","readback":"none","iters":20,"iter_ns_p50":157657,"iter_ns_p95":219791,"per_op_ns_p50":19707,"x_cpu_ticks":0,"errors":0,"pixel_ok":true,"wall":[1790154379.765771,1790154379.773325],"iter_ns":[163646,155625,152136,217552,169740,161718,153125,155989,150104,162187,152448,152292,163385,151823,219791,184739,194323,157657,153750,155885]}
MARK CELL_BEGIN A0095 1790154379.773368
MARK CELL_END A0095 1790154379.827381
CELL {"seq":164,"id":"A0095","group":"A","rw":512,"rh":512,"sw":512,"sh":512,"ratio":"1x","reuse":1,"batch":16,"residency":"warm","readback":"delayed","iters":20,"iter_ns_p50":1895729,"iter_ns_p95":3151458,"per_op_ns_p50":118483,"x_cpu_ticks":4,"errors":0,"pixel_ok":true,"wall":[1790154379.773368,1790154379.827381],"iter_ns":[1913020,1914479,1851667,1938125,1805938,1767292,1742084,3151458,2072031,1895729,1764896,1793958,1986094,1739010,1945678,3064740,1773125,1765990,1748906,1961250]}
MARK CELL_BEGIN A0022 1790154379.827461
MARK CELL_END A0022 1790154379.837656
CELL {"seq":165,"id":"A0022","group":"A","rw":5,"rh":24,"sw":5,"sh":24,"ratio":"1x","reuse":1,"batch":16,"residency":"warm","readback":"immediate","iters":20,"iter_ns_p50":257552,"iter_ns_p95":382656,"per_op_ns_p50":16097,"x_cpu_ticks":1,"errors":0,"pixel_ok":true,"wall":[1790154379.827461,1790154379.837656],"iter_ns":[257552,255053,254218,254479,306042,254896,254115,256458,267344,253594,255573,266771,262344,277604,298958,382656,264844,266979,255156,254271]}
MARK CELL_BEGIN B0164 1790154379.837675
MARK CELL_END B0164 1790154379.846371
CELL {"seq":166,"id":"B0164","group":"B","rw":32,"rh":32,"sw":32,"sh":32,"ratio":"1x","reuse":64,"batch":1,"residency":"warm","readback":"none","iters":20,"iter_ns_p50":176510,"iter_ns_p95":247812,"per_op_ns_p50":176510,"x_cpu_ticks":0,"errors":0,"pixel_ok":true,"wall":[1790154379.837675,1790154379.846371],"iter_ns":[175729,146979,147291,176510,147708,132240,130104,175417,186042,235573,214844,133542,188490,247812,198438,196459,215886,212448,97188,78229]}
MARK CELL_BEGIN A0062 1790154379.846386
MARK CELL_END A0062 1790154379.850370
CELL {"seq":167,"id":"A0062","group":"A","rw":128,"rh":128,"sw":128,"sh":128,"ratio":"1x","reuse":1,"batch":1,"residency":"warm","readback":"delayed","iters":20,"iter_ns_p50":93593,"iter_ns_p95":213177,"per_op_ns_p50":93593,"x_cpu_ticks":0,"errors":0,"pixel_ok":true,"wall":[1790154379.846386,1790154379.850370],"iter_ns":[94323,95469,93281,93698,93594,91250,90729,205520,94792,98334,93593,94479,92709,93334,92708,213177,88333,92604,91614,93021]}
MARK CELL_BEGIN B0192 1790154379.850381
MARK CELL_END B0192 1790154379.862390
CELL {"seq":168,"id":"B0192","group":"B","rw":256,"rh":256,"sw":256,"sh":256,"ratio":"1x","reuse":1,"batch":1,"residency":"cold","readback":"none","iters":20,"iter_ns_p50":116198,"iter_ns_p95":134271,"per_op_ns_p50":116198,"x_cpu_ticks":0,"errors":0,"pixel_ok":true,"wall":[1790154379.850381,1790154379.862390],"iter_ns":[126041,115729,117448,115208,115730,118802,115000,116042,115834,114427,116198,117291,113489,116927,134271,117240,115729,116459,115365,132657]}
MARK CELL_BEGIN B0165 1790154379.862405
MARK CELL_END B0165 1790154379.869563
CELL {"seq":169,"id":"B0165","group":"B","rw":32,"rh":32,"sw":32,"sh":32,"ratio":"1x","reuse":1,"batch":1,"residency":"cold","readback":"none","iters":20,"iter_ns_p50":74427,"iter_ns_p95":91146,"per_op_ns_p50":74427,"x_cpu_ticks":1,"errors":0,"pixel_ok":true,"wall":[1790154379.862405,1790154379.869563],"iter_ns":[76770,72396,80156,75782,90677,73594,73645,72760,89948,73490,73021,72969,88802,73959,73489,87917,91146,74427,73125,88802]}
MARK CELL_BEGIN A0112 1790154379.869574
MARK CELL_END A0112 1790154380.886363
CELL {"seq":170,"id":"A0112","group":"A","rw":1200,"rh":2608,"sw":1200,"sh":2608,"ratio":"1x","reuse":1,"batch":4,"residency":"warm","readback":"immediate","iters":20,"iter_ns_p50":44711823,"iter_ns_p95":57772500,"per_op_ns_p50":11177955,"x_cpu_ticks":91,"errors":0,"pixel_ok":true,"wall":[1790154379.869574,1790154380.886363],"iter_ns":[16885313,10579583,11077761,38835208,50766770,54462552,57772500,42445364,8944739,39743438,56932812,56281667,53892604,50075052,47740937,18928073,41240885,51034219,34737188,44711823]}
MARK CELL_BEGIN A0097 1790154380.886405
MARK CELL_END A0097 1790154380.973007
CELL {"seq":171,"id":"A0097","group":"A","rw":1024,"rh":1024,"sw":1024,"sh":1024,"ratio":"1x","reuse":1,"batch":1,"residency":"warm","readback":"immediate","iters":20,"iter_ns_p50":1904218,"iter_ns_p95":9743698,"per_op_ns_p50":1904218,"x_cpu_ticks":7,"errors":0,"pixel_ok":true,"wall":[1790154380.886405,1790154380.973007],"iter_ns":[998490,988802,8314270,1794167,1438333,2875573,7704531,9418281,1794791,2322239,1967761,1509948,1386250,6376823,1287865,1842084,9743698,1161615,6629063,1904218]}
MARK CELL_BEGIN B0140 1790154380.973049
MARK CELL_END B0140 1790154380.976322
CELL {"seq":172,"id":"B0140","group":"B","rw":1,"rh":1,"sw":1,"sh":1,"ratio":"1x","reuse":1,"batch":1,"residency":"recreate","readback":"none","iters":20,"iter_ns_p50":88698,"iter_ns_p95":160364,"per_op_ns_p50":88698,"x_cpu_ticks":0,"errors":0,"pixel_ok":true,"wall":[1790154380.973049,1790154380.976322],"iter_ns":[91459,90417,89427,89062,88386,88333,89271,89010,88698,88334,88594,88333,88750,93646,88229,88073,88334,88333,88541,160364]}
MARK CELL_BEGIN A0074 1790154380.976331
MARK CELL_END A0074 1790154380.979764
CELL {"seq":173,"id":"A0074","group":"A","rw":256,"rh":256,"sw":256,"sh":256,"ratio":"1x","reuse":1,"batch":1,"residency":"warm","readback":"delayed","iters":20,"iter_ns_p50":66771,"iter_ns_p95":214427,"per_op_ns_p50":66771,"x_cpu_ticks":0,"errors":0,"pixel_ok":true,"wall":[1790154380.976331,1790154380.979764],"iter_ns":[69167,69532,70157,66406,66667,65937,65677,214427,66771,65937,66198,65625,66094,67187,67552,201875,86823,66771,66875,66042]}
MARK CELL_BEGIN C0248 1790154380.979772
MARK CELL_END C0248 1790154381.109468
CELL {"seq":174,"id":"C0248","group":"C","rw":64,"rh":64,"sw":1200,"sh":2191,"ratio":"redirected","reuse":16,"batch":8,"residency":"warm","readback":"delayed","iters":20,"iter_ns_p50":104219,"iter_ns_p95":1574948,"per_op_ns_p50":13027,"x_cpu_ticks":11,"errors":0,"pixel_ok":true,"wall":[1790154380.979772,1790154381.109468],"iter_ns":[104219,119844,105990,106355,104584,104219,106042,1051459,103594,102708,101145,101771,101979,98438,95833,1574948,119896,97396,103698,97969]}
MARK CELL_BEGIN A0092 1790154381.109515
MARK CELL_END A0092 1790154381.141444
CELL {"seq":175,"id":"A0092","group":"A","rw":512,"rh":512,"sw":512,"sh":512,"ratio":"1x","reuse":1,"batch":8,"residency":"warm","readback":"delayed","iters":20,"iter_ns_p50":936719,"iter_ns_p95":1975105,"per_op_ns_p50":117089,"x_cpu_ticks":2,"errors":0,"pixel_ok":true,"wall":[1790154381.109515,1790154381.141444],"iter_ns":[936146,931302,932239,1008281,1066198,988333,980677,1914948,932031,950261,914271,958386,928542,917084,930365,1975105,922031,925781,936719,984323]}
MARK CELL_BEGIN A0018 1790154381.141482
MARK CELL_END A0018 1790154381.149549
CELL {"seq":176,"id":"A0018","group":"A","rw":5,"rh":24,"sw":5,"sh":24,"ratio":"1x","reuse":1,"batch":8,"residency":"warm","readback":"none","iters":20,"iter_ns_p50":182656,"iter_ns_p95":276615,"per_op_ns_p50":22832,"x_cpu_ticks":0,"errors":0,"pixel_ok":true,"wall":[1790154381.141482,1790154381.149549],"iter_ns":[211302,190573,207812,185573,207448,182656,170208,178021,175416,170104,166615,173177,170156,169844,169531,216823,204479,187916,276615,143802]}
MARK CELL_BEGIN B0154 1790154381.149565
MARK CELL_END B0154 1790154381.152734
CELL {"seq":177,"id":"B0154","group":"B","rw":16,"rh":16,"sw":16,"sh":16,"ratio":"1x","reuse":16,"batch":1,"residency":"warm","readback":"none","iters":20,"iter_ns_p50":67604,"iter_ns_p95":76198,"per_op_ns_p50":67604,"x_cpu_ticks":0,"errors":0,"pixel_ok":true,"wall":[1790154381.149565,1790154381.152734],"iter_ns":[74948,71198,69687,63750,67292,74219,70833,61146,65781,67604,70469,61927,66927,68750,61146,67136,60209,67031,68386,76198]}
MARK CELL_BEGIN C0258 1790154381.152746
MARK CELL_END C0258 1790154381.295033
CELL {"seq":178,"id":"C0258","group":"C","rw":512,"rh":512,"sw":1200,"sh":2191,"ratio":"redirected","reuse":1,"batch":1,"residency":"recreate","readback":"none","iters":20,"iter_ns_p50":4805364,"iter_ns_p95":6206823,"per_op_ns_p50":4805364,"x_cpu_ticks":9,"errors":0,"pixel_ok":true,"wall":[1790154381.152746,1790154381.295033],"iter_ns":[6206823,5395156,4805364,4911979,4704011,6186458,4917605,4750260,5484323,4709688,4721146,4541407,5225000,4697969,4496458,4689219,4613906,5554375,4826459,4790364]}
MARK CELL_BEGIN A0046 1790154381.295099
MARK CELL_END A0046 1790154381.306664
CELL {"seq":179,"id":"A0046","group":"A","rw":32,"rh":32,"sw":32,"sh":32,"ratio":"1x","reuse":1,"batch":16,"residency":"warm","readback":"immediate","iters":20,"iter_ns_p50":370156,"iter_ns_p95":420781,"per_op_ns_p50":23134,"x_cpu_ticks":0,"errors":0,"pixel_ok":true,"wall":[1790154381.295099,1790154381.306664],"iter_ns":[358072,349584,348698,346823,345886,366407,356198,370156,356094,365156,364531,393021,372708,399843,420781,409635,388854,375677,375677,373802]}
MARK CELL_BEGIN B0206 1790154381.306716
MARK CELL_END B0206 1790154381.354968
CELL {"seq":180,"id":"B0206","group":"B","rw":1024,"rh":1024,"sw":1200,"sh":2191,"ratio":"redirected","reuse":1,"batch":1,"residency":"warm","readback":"none","iters":20,"iter_ns_p50":610208,"iter_ns_p95":1030625,"per_op_ns_p50":610208,"x_cpu_ticks":3,"errors":0,"pixel_ok":true,"wall":[1790154381.306716,1790154381.354968],"iter_ns":[738333,569323,517917,511667,610208,568073,527968,510469,628854,545261,600782,511198,554896,1030625,874166,905469,881823,897084,882135,872813]}
MARK CELL_BEGIN A0023 1790154381.355026
MARK CELL_END A0023 1790154381.360651
CELL {"seq":181,"id":"A0023","group":"A","rw":5,"rh":24,"sw":5,"sh":24,"ratio":"1x","reuse":1,"batch":16,"residency":"warm","readback":"delayed","iters":20,"iter_ns_p50":145573,"iter_ns_p95":268073,"per_op_ns_p50":9098,"x_cpu_ticks":0,"errors":0,"pixel_ok":true,"wall":[1790154381.355026,1790154381.360651],"iter_ns":[263438,222396,152239,150937,156302,268073,145156,248958,145573,150938,135104,137239,136042,134218,131145,174114,134011,132135,132708,130313]}
MARK CELL_BEGIN N0000 1790154381.360679
MARK CELL_END N0000 1790154381.393609
CELL {"seq":182,"id":"N0000","group":"N","rw":1024,"rh":1024,"sw":1024,"sh":1024,"ratio":"1x","reuse":1,"batch":1,"residency":"warm","readback":"none","iters":20,"iter_ns_p50":565521,"iter_ns_p95":615521,"per_op_ns_p50":565521,"x_cpu_ticks":2,"errors":0,"pixel_ok":true,"wall":[1790154381.360679,1790154381.393609],"iter_ns":[545521,535990,526823,531458,560416,550625,524010,530677,530990,530260,575261,615521,601510,571979,568542,565521,594948,589167,610520,577552]}
MARK CELL_BEGIN C0235 1790154381.393640
MARK CELL_END C0235 1790154381.503738
CELL {"seq":183,"id":"C0235","group":"C","rw":16,"rh":16,"sw":1200,"sh":2191,"ratio":"redirected","reuse":1,"batch":4,"residency":"recreate","readback":"none","iters":20,"iter_ns_p50":4206771,"iter_ns_p95":5840521,"per_op_ns_p50":1051692,"x_cpu_ticks":7,"errors":0,"pixel_ok":true,"wall":[1790154381.393640,1790154381.503738],"iter_ns":[4421354,4206771,4281146,4233489,4575521,4363020,4140521,4131250,4657344,4691563,4147135,4193802,5840521,4091094,4463698,4124687,4112396,3922917,4069635,3937917]}
MARK CELL_BEGIN B0190 1790154381.503793
MARK CELL_END B0190 1790154381.515862
CELL {"seq":184,"id":"B0190","group":"B","rw":256,"rh":256,"sw":256,"sh":256,"ratio":"1x","reuse":16,"batch":1,"residency":"warm","readback":"none","iters":20,"iter_ns_p50":160781,"iter_ns_p95":201823,"per_op_ns_p50":160781,"x_cpu_ticks":0,"errors":0,"pixel_ok":true,"wall":[1790154381.503793,1790154381.515862],"iter_ns":[173021,150052,156979,166354,155468,136980,153646,146823,154740,174740,153593,162344,123386,160781,201823,194114,164375,167448,162656,160730]}
MARK CELL_BEGIN C0241 1790154381.515911
MARK CELL_END C0241 1790154382.357966
CELL {"seq":185,"id":"C0241","group":"C","rw":3440,"rh":1440,"sw":3440,"sh":1440,"ratio":"1x","reuse":4,"batch":4,"residency":"warm","readback":"delayed","iters":20,"iter_ns_p50":10751458,"iter_ns_p95":262805625,"per_op_ns_p50":2687864,"x_cpu_ticks":79,"errors":0,"pixel_ok":true,"wall":[1790154381.515911,1790154382.357966],"iter_ns":[10619479,10986771,10899427,10730157,10316927,10668594,10721615,262805625,10493333,10700364,10807969,10941718,10324375,10754740,10751458,207659896,10516979,10731562,10787604,10769531]}
MARK CELL_BEGIN A0053 1790154382.358029
MARK CELL_END A0053 1790154382.366314
CELL {"seq":186,"id":"A0053","group":"A","rw":64,"rh":64,"sw":64,"sh":64,"ratio":"1x","reuse":1,"batch":4,"residency":"warm","readback":"delayed","iters":20,"iter_ns_p50":134740,"iter_ns_p95":377500,"per_op_ns_p50":33685,"x_cpu_ticks":0,"errors":0,"pixel_ok":true,"wall":[1790154382.358029,1790154382.366314],"iter_ns":[149323,137656,143073,131302,134740,116875,129062,377500,161250,141250,128750,132917,128907,189322,147240,274167,129010,133750,128645,122188]}
MARK CELL_BEGIN A0008 1790154382.366353
MARK CELL_END A0008 1790154382.375348
CELL {"seq":187,"id":"A0008","group":"A","rw":1,"rh":1,"sw":1,"sh":1,"ratio":"1x","reuse":1,"batch":8,"residency":"warm","readback":"delayed","iters":20,"iter_ns_p50":244584,"iter_ns_p95":569271,"per_op_ns_p50":30573,"x_cpu_ticks":0,"errors":0,"pixel_ok":true,"wall":[1790154382.366353,1790154382.375348],"iter_ns":[211302,247136,153438,222500,245886,156614,247136,244584,251198,178229,215000,226511,158645,238854,225625,569271,256979,268333,328334,270208]}
MARK CELL_BEGIN A0093 1790154382.375397
MARK CELL_END A0093 1790154382.430677
CELL {"seq":188,"id":"A0093","group":"A","rw":512,"rh":512,"sw":512,"sh":512,"ratio":"1x","reuse":1,"batch":16,"residency":"warm","readback":"none","iters":20,"iter_ns_p50":1775417,"iter_ns_p95":3631562,"per_op_ns_p50":110963,"x_cpu_ticks":4,"errors":0,"pixel_ok":true,"wall":[1790154382.375397,1790154382.430677],"iter_ns":[3631562,1938333,1877239,1757709,1774323,1788907,1737917,1750104,1759011,1775417,1826718,1715417,1784583,1789219,1743334,1766771,1856562,1845573,1768438,1749219]}
MARK CELL_BEGIN B0160 1790154382.430730
MARK CELL_END B0160 1790154382.438085
CELL {"seq":189,"id":"B0160","group":"B","rw":32,"rh":32,"sw":128,"sh":128,"ratio":"16x","reuse":1,"batch":1,"residency":"warm","readback":"none","iters":20,"iter_ns_p50":124948,"iter_ns_p95":206407,"per_op_ns_p50":124948,"x_cpu_ticks":0,"errors":0,"pixel_ok":true,"wall":[1790154382.430730,1790154382.438085],"iter_ns":[124948,124062,122188,121927,178281,195937,125364,206407,111355,124270,120416,157656,154167,130885,121458,116823,115521,116303,186563,142500]}
MARK CELL_BEGIN C0223 1790154382.438126
MARK CELL_END C0223 1790154382.448804
CELL {"seq":190,"id":"C0223","group":"C","rw":64,"rh":64,"sw":256,"sh":256,"ratio":"16x","reuse":4,"batch":8,"residency":"warm","readback":"none","iters":20,"iter_ns_p50":298334,"iter_ns_p95":420261,"per_op_ns_p50":37291,"x_cpu_ticks":0,"errors":0,"pixel_ok":true,"wall":[1790154382.438126,1790154382.448804],"iter_ns":[309427,375677,303958,299740,298334,340260,303645,287969,292604,324219,420261,335729,241562,170260,160834,172657,175730,175990,176458,159010]}
MARK CELL_BEGIN B0209 1790154382.448817
MARK CELL_END B0209 1790154382.568090
CELL {"seq":191,"id":"B0209","group":"B","rw":1024,"rh":1024,"sw":1024,"sh":1024,"ratio":"1x","reuse":1,"batch":1,"residency":"cold","readback":"none","iters":20,"iter_ns_p50":499687,"iter_ns_p95":714948,"per_op_ns_p50":499687,"x_cpu_ticks":6,"errors":0,"pixel_ok":true,"wall":[1790154382.448817,1790154382.568090],"iter_ns":[579219,622864,536407,714948,499687,540417,484323,518542,489427,494323,489948,491146,501615,485261,488438,531146,490261,490417,504688,496770]}
MARK CELL_BEGIN A0078 1790154382.568115
MARK CELL_END A0078 1790154382.581738
CELL {"seq":192,"id":"A0078","group":"A","rw":256,"rh":256,"sw":256,"sh":256,"ratio":"1x","reuse":1,"batch":8,"residency":"warm","readback":"none","iters":20,"iter_ns_p50":380208,"iter_ns_p95":2430156,"per_op_ns_p50":47526,"x_cpu_ticks":1,"errors":0,"pixel_ok":true,"wall":[1790154382.568115,1790154382.581738],"iter_ns":[305000,305209,307604,337604,314218,314895,463854,305365,327917,578854,491042,488073,499428,487187,488125,500104,2430156,380208,371459,369687]}
MARK CELL_BEGIN A0090 1790154382.581786
MARK CELL_END A0090 1790154382.611933
CELL {"seq":193,"id":"A0090","group":"A","rw":512,"rh":512,"sw":512,"sh":512,"ratio":"1x","reuse":1,"batch":8,"residency":"warm","readback":"none","iters":20,"iter_ns_p50":932343,"iter_ns_p95":1004271,"per_op_ns_p50":116542,"x_cpu_ticks":1,"errors":0,"pixel_ok":true,"wall":[1790154382.581786,1790154382.611933],"iter_ns":[953958,927864,940625,918281,923385,925105,923854,970989,946875,1004271,942657,926980,919323,913021,971719,907760,936354,932343,986667,927500]}
MARK CELL_BEGIN A0068 1790154382.611989
MARK CELL_END A0068 1790154382.619762
CELL {"seq":194,"id":"A0068","group":"A","rw":128,"rh":128,"sw":128,"sh":128,"ratio":"1x","reuse":1,"batch":8,"residency":"warm","readback":"delayed","iters":20,"iter_ns_p50":220521,"iter_ns_p95":329011,"per_op_ns_p50":27565,"x_cpu_ticks":0,"errors":0,"pixel_ok":true,"wall":[1790154382.611989,1790154382.619762],"iter_ns":[224427,230104,221042,234427,257500,218958,228333,329011,220521,218385,220469,214844,218333,215417,219688,305521,217187,224635,218750,218229]}
MARK CELL_BEGIN B0168 1790154382.619788
MARK CELL_END B0168 1790154382.622719
CELL {"seq":195,"id":"B0168","group":"B","rw":64,"rh":64,"sw":128,"sh":128,"ratio":"4x","reuse":1,"batch":1,"residency":"warm","readback":"none","iters":20,"iter_ns_p50":70729,"iter_ns_p95":90625,"per_op_ns_p50":70729,"x_cpu_ticks":0,"errors":0,"pixel_ok":true,"wall":[1790154382.619788,1790154382.622719],"iter_ns":[70729,70521,90625,85886,69062,70365,70938,69114,69792,69791,69844,70157,70157,69218,75469,72396,72292,74480,71458,70886]}
MARK CELL_BEGIN A0054 1790154382.622731
MARK CELL_END A0054 1790154382.627567
CELL {"seq":196,"id":"A0054","group":"A","rw":64,"rh":64,"sw":64,"sh":64,"ratio":"1x","reuse":1,"batch":8,"residency":"warm","readback":"none","iters":20,"iter_ns_p50":161354,"iter_ns_p95":164427,"per_op_ns_p50":20169,"x_cpu_ticks":0,"errors":0,"pixel_ok":true,"wall":[1790154382.622731,1790154382.627567],"iter_ns":[157500,150417,155521,164427,160729,162552,159739,161666,161407,161563,161094,161666,161250,161406,160729,162136,161354,162500,160989,154375]}
MARK CELL_BEGIN B0134 1790154382.627577
MARK CELL_END B0134 1790154382.648313
CELL {"seq":197,"id":"B0134","group":"B","rw":1,"rh":1,"sw":1200,"sh":2191,"ratio":"redirected","reuse":1,"batch":1,"residency":"warm","readback":"none","iters":20,"iter_ns_p50":138958,"iter_ns_p95":231042,"per_op_ns_p50":138958,"x_cpu_ticks":2,"errors":0,"pixel_ok":true,"wall":[1790154382.627577,1790154382.648313],"iter_ns":[160312,159010,108490,160104,231042,167656,122188,138958,144219,135416,127969,147135,133125,143802,132240,127604,147604,134635,138281,125677]}
MARK CELL_BEGIN B0175 1790154382.648331
MARK CELL_END B0175 1790154382.651613
CELL {"seq":198,"id":"B0175","group":"B","rw":64,"rh":64,"sw":64,"sh":64,"ratio":"1x","reuse":1,"batch":1,"residency":"resize","readback":"none","iters":20,"iter_ns_p50":82708,"iter_ns_p95":97604,"per_op_ns_p50":82708,"x_cpu_ticks":0,"errors":0,"pixel_ok":true,"wall":[1790154382.648331,1790154382.651613],"iter_ns":[93802,85833,82292,90677,81146,78229,79583,82708,80625,97604,80677,94531,84583,88230,79323,88334,80052,88333,80000,78542]}
MARK CELL_BEGIN C0225 1790154382.651623
MARK CELL_END C0225 1790154382.693595
CELL {"seq":199,"id":"C0225","group":"C","rw":32,"rh":32,"sw":1200,"sh":2191,"ratio":"redirected","reuse":4,"batch":16,"residency":"warm","readback":"delayed","iters":20,"iter_ns_p50":138021,"iter_ns_p95":406458,"per_op_ns_p50":8626,"x_cpu_ticks":3,"errors":0,"pixel_ok":true,"wall":[1790154382.651623,1790154382.693595],"iter_ns":[344843,216250,289479,273125,147136,160833,141302,406458,138021,134323,133698,135208,133646,133073,132657,393021,135469,134479,132760,137344]}
MARK CELL_BEGIN A0003 1790154382.693626
MARK CELL_END A0003 1790154382.696046
CELL {"seq":200,"id":"A0003","group":"A","rw":1,"rh":1,"sw":1,"sh":1,"ratio":"1x","reuse":1,"batch":4,"residency":"warm","readback":"none","iters":20,"iter_ns_p50":59532,"iter_ns_p95":70052,"per_op_ns_p50":14883,"x_cpu_ticks":0,"errors":0,"pixel_ok":true,"wall":[1790154382.693626,1790154382.696046],"iter_ns":[60885,62969,61510,60833,60677,59531,58594,59167,58281,70052,64792,59896,58073,60417,58855,58333,57239,58281,59532,57552]}
MARK CELL_BEGIN C0234 1790154382.696055
MARK CELL_END C0234 1790154382.743742
CELL {"seq":201,"id":"C0234","group":"C","rw":512,"rh":512,"sw":512,"sh":512,"ratio":"1x","reuse":1,"batch":8,"residency":"cold","readback":"none","iters":20,"iter_ns_p50":942917,"iter_ns_p95":1127917,"per_op_ns_p50":117864,"x_cpu_ticks":3,"errors":0,"pixel_ok":true,"wall":[1790154382.696055,1790154382.743742],"iter_ns":[942136,954531,963593,932708,956458,924219,911614,925156,924583,906927,929687,1098646,961771,928958,903125,996666,942917,952552,947760,1127917]}
MARK CELL_BEGIN A0111 1790154382.743775
MARK CELL_END A0111 1790154382.901941
CELL {"seq":202,"id":"A0111","group":"A","rw":1200,"rh":2608,"sw":1200,"sh":2608,"ratio":"1x","reuse":1,"batch":4,"residency":"warm","readback":"none","iters":20,"iter_ns_p50":5178542,"iter_ns_p95":5428959,"per_op_ns_p50":1294635,"x_cpu_ticks":13,"errors":0,"pixel_ok":true,"wall":[1790154382.743775,1790154382.901941],"iter_ns":[5333438,5316614,5182812,5277396,5428959,5178542,5298229,5192032,5155886,5111302,5110000,5108177,5283333,5136666,5260417,5163489,5155625,5103854,5139323,5102968]}
MARK CELL_BEGIN A0088 1790154382.901998
MARK CELL_END A0088 1790154382.935853
CELL {"seq":203,"id":"A0088","group":"A","rw":512,"rh":512,"sw":512,"sh":512,"ratio":"1x","reuse":1,"batch":4,"residency":"warm","readback":"immediate","iters":20,"iter_ns_p50":1237187,"iter_ns_p95":1651980,"per_op_ns_p50":309296,"x_cpu_ticks":2,"errors":0,"pixel_ok":true,"wall":[1790154382.901998,1790154382.935853],"iter_ns":[1308438,1187552,1209479,1211823,1190208,1356406,1240104,1184167,1287343,1146094,1161875,1234375,1307969,1237187,1234635,1651980,1450729,1281823,1295886,1194375]}
MARK CELL_BEGIN C0242 1790154382.935893
MARK CELL_END C0242 1790154382.943397
CELL {"seq":204,"id":"C0242","group":"C","rw":5,"rh":24,"sw":5,"sh":24,"ratio":"1x","reuse":4,"batch":8,"residency":"warm","readback":"none","iters":20,"iter_ns_p50":162865,"iter_ns_p95":326042,"per_op_ns_p50":20358,"x_cpu_ticks":0,"errors":0,"pixel_ok":true,"wall":[1790154382.935893,1790154382.943397],"iter_ns":[216875,260313,326042,220416,166458,308438,291146,249479,319896,136406,162865,126510,120104,137292,128386,132813,160521,142188,145677,143229]}
MARK CELL_BEGIN A0048 1790154382.943412
MARK CELL_END A0048 1790154382.946184
CELL {"seq":205,"id":"A0048","group":"A","rw":64,"rh":64,"sw":64,"sh":64,"ratio":"1x","reuse":1,"batch":1,"residency":"warm","readback":"none","iters":20,"iter_ns_p50":70417,"iter_ns_p95":71927,"per_op_ns_p50":70417,"x_cpu_ticks":0,"errors":0,"pixel_ok":true,"wall":[1790154382.943412,1790154382.946184],"iter_ns":[71927,71718,71302,70886,70625,70417,70209,71615,70625,69739,70833,69896,70781,69271,70052,70104,70209,69844,70104,69479]}
MARK CELL_BEGIN A0027 1790154382.946196
MARK CELL_END A0027 1790154382.949980
CELL {"seq":206,"id":"A0027","group":"A","rw":16,"rh":16,"sw":16,"sh":16,"ratio":"1x","reuse":1,"batch":4,"residency":"warm","readback":"none","iters":20,"iter_ns_p50":99115,"iter_ns_p95":289271,"per_op_ns_p50":24778,"x_cpu_ticks":0,"errors":0,"pixel_ok":true,"wall":[1790154382.946196,1790154382.949980],"iter_ns":[98593,107813,96563,102500,109271,96198,88490,88802,85938,94844,289271,213177,100365,107135,100156,98750,97292,115990,99115,99114]}
MARK CELL_BEGIN C0232 1790154382.949991
MARK CELL_END C0232 1790154383.891911
CELL {"seq":207,"id":"C0232","group":"C","rw":1200,"rh":2608,"sw":1200,"sh":2608,"ratio":"1x","reuse":1,"batch":16,"residency":"cold","readback":"delayed","iters":20,"iter_ns_p50":21781927,"iter_ns_p95":76433594,"per_op_ns_p50":1361370,"x_cpu_ticks":80,"errors":0,"pixel_ok":true,"wall":[1790154382.949991,1790154383.891911],"iter_ns":[21962188,21759271,21616927,21335417,21697292,21421667,21832552,68854375,22331823,21982187,21658542,21697708,21722240,21410781,21555105,76433594,23127552,22146719,24344688,21781927]}
MARK CELL_BEGIN N0000 1790154383.891975
MARK CELL_END N0000 1790154383.925294
CELL {"seq":208,"id":"N0000","group":"N","rw":1024,"rh":1024,"sw":1024,"sh":1024,"ratio":"1x","reuse":1,"batch":1,"residency":"warm","readback":"none","iters":20,"iter_ns_p50":519844,"iter_ns_p95":581979,"per_op_ns_p50":519844,"x_cpu_ticks":1,"errors":0,"pixel_ok":true,"wall":[1790154383.891975,1790154383.925294],"iter_ns":[581979,522552,521718,519844,545677,528958,521562,536250,511042,553750,512605,518489,507500,537344,513438,505208,503438,498125,496875,497292]}
MARK CELL_BEGIN A0063 1790154383.925327
MARK CELL_END A0063 1790154383.928826
CELL {"seq":209,"id":"A0063","group":"A","rw":128,"rh":128,"sw":128,"sh":128,"ratio":"1x","reuse":1,"batch":4,"residency":"warm","readback":"none","iters":20,"iter_ns_p50":85313,"iter_ns_p95":127917,"per_op_ns_p50":21328,"x_cpu_ticks":0,"errors":0,"pixel_ok":true,"wall":[1790154383.925327,1790154383.928826],"iter_ns":[85156,88802,127917,85729,104791,86510,88021,83178,86093,85834,86250,85313,82760,82812,81406,82292,81355,82239,81458,81563]}
MARK CELL_BEGIN B0181 1790154383.928846
MARK CELL_END B0181 1790154383.932377
CELL {"seq":210,"id":"B0181","group":"B","rw":128,"rh":128,"sw":128,"sh":128,"ratio":"1x","reuse":16,"batch":1,"residency":"warm","readback":"none","iters":20,"iter_ns_p50":48438,"iter_ns_p95":73698,"per_op_ns_p50":48438,"x_cpu_ticks":1,"errors":0,"pixel_ok":true,"wall":[1790154383.928846,1790154383.932377],"iter_ns":[50573,53073,48542,50520,46406,49166,48438,73698,61823,52083,49114,47916,47344,46042,47031,45416,46354,45938,46198,46093]}
MARK CELL_BEGIN B0157 1790154383.932386
MARK CELL_END B0157 1790154383.935810
CELL {"seq":211,"id":"B0157","group":"B","rw":16,"rh":16,"sw":16,"sh":16,"ratio":"1x","reuse":1,"batch":1,"residency":"resize","readback":"none","iters":20,"iter_ns_p50":55312,"iter_ns_p95":130625,"per_op_ns_p50":55312,"x_cpu_ticks":0,"errors":0,"pixel_ok":true,"wall":[1790154383.932386,1790154383.935810],"iter_ns":[52136,130625,53490,54896,48594,49375,129739,53281,48073,116042,58594,49532,114948,59010,55312,49687,106511,74323,55521,47864]}
MARK CELL_BEGIN A0077 1790154383.935826
MARK CELL_END A0077 1790154383.943285
CELL {"seq":212,"id":"A0077","group":"A","rw":256,"rh":256,"sw":256,"sh":256,"ratio":"1x","reuse":1,"batch":4,"residency":"warm","readback":"delayed","iters":20,"iter_ns_p50":216667,"iter_ns_p95":435625,"per_op_ns_p50":54166,"x_cpu_ticks":0,"errors":0,"pixel_ok":true,"wall":[1790154383.935826,1790154383.943285],"iter_ns":[162448,160468,236302,164635,279479,166197,163281,349271,183490,240989,216667,164375,181094,180000,194063,435625,285782,354375,234479,325052]}
MARK CELL_BEGIN A0094 1790154383.943317
MARK CELL_END A0094 1790154384.016824
CELL {"seq":213,"id":"A0094","group":"A","rw":512,"rh":512,"sw":512,"sh":512,"ratio":"1x","reuse":1,"batch":16,"residency":"warm","readback":"immediate","iters":20,"iter_ns_p50":2778854,"iter_ns_p95":3650469,"per_op_ns_p50":173678,"x_cpu_ticks":5,"errors":0,"pixel_ok":true,"wall":[1790154383.943317,1790154384.016824],"iter_ns":[3270625,2819896,2778854,3650469,2543073,2863750,3374687,3400469,2714218,2696354,2584479,2905677,2410989,2486145,2562032,2791355,2826562,2505990,2650000,2446094]}
MARK CELL_BEGIN B0153 1790154384.016877
MARK CELL_END B0153 1790154384.023997
CELL {"seq":214,"id":"B0153","group":"B","rw":16,"rh":16,"sw":16,"sh":16,"ratio":"1x","reuse":4,"batch":1,"residency":"warm","readback":"none","iters":20,"iter_ns_p50":160677,"iter_ns_p95":309792,"per_op_ns_p50":160677,"x_cpu_ticks":0,"errors":0,"pixel_ok":true,"wall":[1790154384.016877,1790154384.023997],"iter_ns":[141979,152395,139792,139791,179740,133125,131302,141511,135156,144270,194792,173229,309792,224063,160677,177291,170104,172136,189167,158438]}
MARK CELL_BEGIN B0204 1790154384.024030
MARK CELL_END B0204 1790154384.068636
CELL {"seq":215,"id":"B0204","group":"B","rw":1024,"rh":1024,"sw":2048,"sh":2048,"ratio":"4x","reuse":1,"batch":1,"residency":"warm","readback":"none","iters":20,"iter_ns_p50":591927,"iter_ns_p95":1139011,"per_op_ns_p50":591927,"x_cpu_ticks":2,"errors":0,"pixel_ok":true,"wall":[1790154384.024030,1790154384.068636],"iter_ns":[1139011,772448,680365,673594,638021,604844,591354,599687,592396,578177,593698,567604,587448,581980,561667,548021,576302,551667,591927,578438]}
MARK CELL_BEGIN B0200 1790154384.068690
MARK CELL_END B0200 1790154384.150475
CELL {"seq":216,"id":"B0200","group":"B","rw":512,"rh":512,"sw":512,"sh":512,"ratio":"1x","reuse":64,"batch":1,"residency":"warm","readback":"none","iters":20,"iter_ns_p50":264791,"iter_ns_p95":403802,"per_op_ns_p50":264791,"x_cpu_ticks":6,"errors":0,"pixel_ok":true,"wall":[1790154384.068690,1790154384.150475],"iter_ns":[273229,258906,264791,296719,257708,259115,259740,265104,261771,371511,403802,229011,263229,333802,269479,242969,251042,270417,244895,292708]}
MARK CELL_BEGIN A0069 1790154384.150529
MARK CELL_END A0069 1790154384.162766
CELL {"seq":217,"id":"A0069","group":"A","rw":128,"rh":128,"sw":128,"sh":128,"ratio":"1x","reuse":1,"batch":16,"residency":"warm","readback":"none","iters":20,"iter_ns_p50":321563,"iter_ns_p95":537448,"per_op_ns_p50":20097,"x_cpu_ticks":0,"errors":0,"pixel_ok":true,"wall":[1790154384.150529,1790154384.162766],"iter_ns":[304583,304688,301614,301250,298698,327135,306094,295469,293489,309947,325052,537448,341822,339218,324427,325313,321563,322292,323125,321302]}
MARK CELL_BEGIN C0230 1790154384.162817
MARK CELL_END C0230 1790154384.181913
CELL {"seq":218,"id":"C0230","group":"C","rw":16,"rh":16,"sw":64,"sh":64,"ratio":"16x","reuse":64,"batch":8,"residency":"warm","readback":"delayed","iters":20,"iter_ns_p50":199479,"iter_ns_p95":6800521,"per_op_ns_p50":24934,"x_cpu_ticks":1,"errors":0,"pixel_ok":true,"wall":[1790154384.162817,1790154384.181913],"iter_ns":[205000,272709,238281,354531,211875,199479,226875,6800521,184480,147916,146094,137761,141771,134166,140886,3698334,138177,138698,337448,159010]}
MARK CELL_BEGIN B0189 1790154384.181934
MARK CELL_END B0189 1790154384.194680
CELL {"seq":219,"id":"B0189","group":"B","rw":256,"rh":256,"sw":256,"sh":256,"ratio":"1x","reuse":4,"batch":1,"residency":"warm","readback":"none","iters":20,"iter_ns_p50":135469,"iter_ns_p95":2765365,"per_op_ns_p50":135469,"x_cpu_ticks":1,"errors":0,"pixel_ok":true,"wall":[1790154384.181934,1790154384.194680],"iter_ns":[178334,153750,160573,2765365,341510,175729,127188,138541,214219,132083,129270,137240,135469,127448,131666,124323,129583,123906,129687,122604]}
MARK CELL_BEGIN A0065 1790154384.194699
MARK CELL_END A0065 1790154384.200508
CELL {"seq":220,"id":"A0065","group":"A","rw":128,"rh":128,"sw":128,"sh":128,"ratio":"1x","reuse":1,"batch":4,"residency":"warm","readback":"delayed","iters":20,"iter_ns_p50":158489,"iter_ns_p95":270104,"per_op_ns_p50":39622,"x_cpu_ticks":0,"errors":0,"pixel_ok":true,"wall":[1790154384.194699,1790154384.200508],"iter_ns":[141406,141458,141250,140416,140729,140729,167500,247187,149427,147760,270104,155781,158489,164063,154479,259271,166771,207083,245052,159271]}
MARK CELL_BEGIN C0239 1790154384.200524
MARK CELL_END C0239 1790154384.223581
CELL {"seq":221,"id":"C0239","group":"C","rw":256,"rh":256,"sw":1024,"sh":1024,"ratio":"16x","reuse":1,"batch":4,"residency":"resize","readback":"delayed","iters":20,"iter_ns_p50":418021,"iter_ns_p95":2860469,"per_op_ns_p50":104505,"x_cpu_ticks":1,"errors":0,"pixel_ok":true,"wall":[1790154384.200524,1790154384.223581],"iter_ns":[500573,536823,391771,411927,375938,381042,517760,681093,390417,551406,417032,384688,371407,418021,2860469,1114270,375157,408542,433282,434063]}
MARK CELL_BEGIN C0251 1790154384.223602
MARK CELL_END C0251 1790154384.231539
CELL {"seq":222,"id":"C0251","group":"C","rw":16,"rh":16,"sw":64,"sh":64,"ratio":"16x","reuse":1,"batch":8,"residency":"cold","readback":"immediate","iters":20,"iter_ns_p50":142188,"iter_ns_p95":226198,"per_op_ns_p50":17773,"x_cpu_ticks":0,"errors":0,"pixel_ok":true,"wall":[1790154384.223602,1790154384.231539],"iter_ns":[156927,139635,141510,139739,142969,141406,142292,134010,134167,126718,156667,140157,226198,142187,174479,198438,142188,141146,202917,210468]}
MARK CELL_BEGIN A0011 1790154384.231553
MARK CELL_END A0011 1790154384.237991
CELL {"seq":223,"id":"A0011","group":"A","rw":1,"rh":1,"sw":1,"sh":1,"ratio":"1x","reuse":1,"batch":16,"residency":"warm","readback":"delayed","iters":20,"iter_ns_p50":211719,"iter_ns_p95":366511,"per_op_ns_p50":13232,"x_cpu_ticks":0,"errors":0,"pixel_ok":true,"wall":[1790154384.231553,1790154384.237991],"iter_ns":[215885,215416,207916,210834,207969,202604,204843,258229,213334,212448,230052,208542,203959,202865,202500,264896,366511,234427,211719,211718]}
MARK CELL_BEGIN B0173 1790154384.238004
MARK CELL_END B0173 1790154384.245216
CELL {"seq":224,"id":"B0173","group":"B","rw":64,"rh":64,"sw":64,"sh":64,"ratio":"1x","reuse":64,"batch":1,"residency":"warm","readback":"none","iters":20,"iter_ns_p50":101302,"iter_ns_p95":123698,"per_op_ns_p50":101302,"x_cpu_ticks":1,"errors":0,"pixel_ok":true,"wall":[1790154384.238004,1790154384.245216],"iter_ns":[101302,101302,101458,101250,100104,99740,99583,99635,101302,101302,98750,123698,105469,103489,102761,104011,102656,114063,106406,86979]}
MARK CELL_BEGIN A0021 1790154384.245256
MARK CELL_END A0021 1790154384.251692
CELL {"seq":225,"id":"A0021","group":"A","rw":5,"rh":24,"sw":5,"sh":24,"ratio":"1x","reuse":1,"batch":16,"residency":"warm","readback":"none","iters":20,"iter_ns_p50":215313,"iter_ns_p95":249688,"per_op_ns_p50":13457,"x_cpu_ticks":1,"errors":0,"pixel_ok":true,"wall":[1790154384.245256,1790154384.251692],"iter_ns":[214114,212240,230834,215313,212760,212605,220313,215104,220365,218854,249688,222396,215261,225261,211094,222917,210000,212031,211407,249531]}
MARK CELL_BEGIN A0016 1790154384.251704
MARK CELL_END A0016 1790154384.256305
CELL {"seq":226,"id":"A0016","group":"A","rw":5,"rh":24,"sw":5,"sh":24,"ratio":"1x","reuse":1,"batch":4,"residency":"warm","readback":"immediate","iters":20,"iter_ns_p50":137448,"iter_ns_p95":201458,"per_op_ns_p50":34362,"x_cpu_ticks":0,"errors":0,"pixel_ok":true,"wall":[1790154384.251704,1790154384.256305],"iter_ns":[139115,129896,105521,157291,109375,148437,201458,138541,134427,135885,139479,99114,194271,127552,138177,184531,135469,137448,134740,134271]}
MARK CELL_BEGIN B0143 1790154384.256316
MARK CELL_END B0143 1790154384.281798
CELL {"seq":227,"id":"B0143","group":"B","rw":5,"rh":24,"sw":1200,"sh":2191,"ratio":"redirected","reuse":1,"batch":1,"residency":"warm","readback":"none","iters":20,"iter_ns_p50":155208,"iter_ns_p95":2115625,"per_op_ns_p50":155208,"x_cpu_ticks":0,"errors":0,"pixel_ok":true,"wall":[1790154384.256316,1790154384.281798],"iter_ns":[98593,66823,66979,67031,64739,66875,74844,2115625,318020,179063,160729,208906,162709,220261,155208,152917,147396,144427,166146,166302]}
MARK CELL_BEGIN A0115 1790154384.281822
MARK CELL_END A0115 1790154385.150568
CELL {"seq":228,"id":"A0115","group":"A","rw":1200,"rh":2608,"sw":1200,"sh":2608,"ratio":"1x","reuse":1,"batch":8,"residency":"warm","readback":"immediate","iters":20,"iter_ns_p50":18823750,"iter_ns_p95":85307760,"per_op_ns_p50":2352968,"x_cpu_ticks":79,"errors":0,"pixel_ok":true,"wall":[1790154384.281822,1790154385.150568],"iter_ns":[13924166,17185677,14428750,16250052,73643229,85307760,15350677,46567500,60741302,37037761,15468750,58305208,18823750,17666614,59848229,21935677,20677917,15360260,15788386,15363385]}
MARK CELL_BEGIN B0207 1790154385.150609
MARK CELL_END B0207 1790154385.185371
CELL {"seq":229,"id":"B0207","group":"B","rw":1024,"rh":1024,"sw":1024,"sh":1024,"ratio":"1x","reuse":4,"batch":1,"residency":"warm","readback":"none","iters":20,"iter_ns_p50":518385,"iter_ns_p95":646355,"per_op_ns_p50":518385,"x_cpu_ticks":2,"errors":0,"pixel_ok":true,"wall":[1790154385.150609,1790154385.185371],"iter_ns":[506459,518385,492187,492448,490886,490730,484479,493698,509895,493437,489062,646355,620833,591094,577187,615520,594584,571562,576407,574375]}
MARK CELL_BEGIN B0156 1790154385.185406
MARK CELL_END B0156 1790154385.196777
CELL {"seq":230,"id":"B0156","group":"B","rw":16,"rh":16,"sw":16,"sh":16,"ratio":"1x","reuse":1,"batch":1,"residency":"cold","readback":"none","iters":20,"iter_ns_p50":121146,"iter_ns_p95":159843,"per_op_ns_p50":121146,"x_cpu_ticks":0,"errors":0,"pixel_ok":true,"wall":[1790154385.185406,1790154385.196777],"iter_ns":[122604,126719,94479,96042,98542,121146,91302,128021,105573,128750,96823,126302,127396,102760,151875,88855,111719,159843,127240,96719]}
MARK CELL_BEGIN B0136 1790154385.196807
MARK CELL_END B0136 1790154385.204401
CELL {"seq":231,"id":"B0136","group":"B","rw":1,"rh":1,"sw":1,"sh":1,"ratio":"1x","reuse":16,"batch":1,"residency":"warm","readback":"none","iters":20,"iter_ns_p50":163802,"iter_ns_p95":293333,"per_op_ns_p50":163802,"x_cpu_ticks":0,"errors":0,"pixel_ok":true,"wall":[1790154385.196807,1790154385.204401],"iter_ns":[142813,171458,132240,118437,141980,229635,293333,282500,172448,163802,255052,140781,242448,100313,152396,136771,158177,92760,225469,217031]}
MARK CELL_BEGIN A0075 1790154385.204453
MARK CELL_END A0075 1790154385.214195
CELL {"seq":232,"id":"A0075","group":"A","rw":256,"rh":256,"sw":256,"sh":256,"ratio":"1x","reuse":1,"batch":4,"residency":"warm","readback":"none","iters":20,"iter_ns_p50":306979,"iter_ns_p95":340885,"per_op_ns_p50":76744,"x_cpu_ticks":1,"errors":0,"pixel_ok":true,"wall":[1790154385.204453,1790154385.214195],"iter_ns":[296406,308854,299792,295104,298073,298646,321354,340885,304688,307916,299844,306979,297708,328958,307917,308750,305209,303698,325572,308437]}
MARK CELL_BEGIN C0236 1790154385.214219
MARK CELL_END C0236 1790154385.241663
CELL {"seq":233,"id":"C0236","group":"C","rw":512,"rh":512,"sw":512,"sh":512,"ratio":"1x","reuse":1,"batch":1,"residency":"resize","readback":"delayed","iters":20,"iter_ns_p50":736406,"iter_ns_p95":2745677,"per_op_ns_p50":736406,"x_cpu_ticks":1,"errors":0,"pixel_ok":true,"wall":[1790154385.214219,1790154385.241663],"iter_ns":[826042,736406,2745677,810729,605052,609635,601771,2521198,979218,868802,678229,748750,631666,701667,658333,1382083,641875,1046146,662344,672552]}
MARK CELL_BEGIN N0000 1790154385.241719
MARK CELL_END N0000 1790154385.277408
CELL {"seq":234,"id":"N0000","group":"N","rw":1024,"rh":1024,"sw":1024,"sh":1024,"ratio":"1x","reuse":1,"batch":1,"residency":"warm","readback":"none","iters":20,"iter_ns_p50":567031,"iter_ns_p95":665469,"per_op_ns_p50":567031,"x_cpu_ticks":2,"errors":0,"pixel_ok":true,"wall":[1790154385.241719,1790154385.277408],"iter_ns":[559896,547760,549531,563907,545052,665469,555365,570885,570260,596302,579427,570990,574739,567031,562552,622135,591094,557709,551458,517656]}
MARK CELL_BEGIN A0116 1790154385.277442
MARK CELL_END A0116 1790154385.638128
CELL {"seq":235,"id":"A0116","group":"A","rw":1200,"rh":2608,"sw":1200,"sh":2608,"ratio":"1x","reuse":1,"batch":8,"residency":"warm","readback":"delayed","iters":20,"iter_ns_p50":10679271,"iter_ns_p95":60904532,"per_op_ns_p50":1334908,"x_cpu_ticks":32,"errors":0,"pixel_ok":true,"wall":[1790154385.277442,1790154385.638128],"iter_ns":[10399584,10620156,10366511,10336355,10348385,10297396,10297969,30497500,11970417,11563385,10900521,10763542,10648542,10681511,10679271,60904532,11599115,10739583,10564323,10451302]}
MARK CELL_BEGIN A0015 1790154385.638191
MARK CELL_END A0015 1790154385.645810
CELL {"seq":236,"id":"A0015","group":"A","rw":5,"rh":24,"sw":5,"sh":24,"ratio":"1x","reuse":1,"batch":4,"residency":"warm","readback":"none","iters":20,"iter_ns_p50":138646,"iter_ns_p95":323437,"per_op_ns_p50":34661,"x_cpu_ticks":0,"errors":0,"pixel_ok":true,"wall":[1790154385.638191,1790154385.645810],"iter_ns":[138646,140000,137552,136615,140677,323437,181406,137135,140156,135521,132083,131875,157136,143698,139010,129844,128021,126511,125365,155052]}
MARK CELL_BEGIN A0041 1790154385.645830
MARK CELL_END A0041 1790154385.654601
CELL {"seq":237,"id":"A0041","group":"A","rw":32,"rh":32,"sw":32,"sh":32,"ratio":"1x","reuse":1,"batch":4,"residency":"warm","readback":"delayed","iters":20,"iter_ns_p50":165469,"iter_ns_p95":468593,"per_op_ns_p50":41367,"x_cpu_ticks":0,"errors":0,"pixel_ok":true,"wall":[1790154385.645830,1790154385.654601],"iter_ns":[165469,151823,144270,229375,163958,208073,228177,468229,194844,235833,202448,153542,160365,151146,162865,468593,164479,151718,148750,242760]}
MARK CELL_BEGIN B0139 1790154385.654650
MARK CELL_END B0139 1790154385.662334
CELL {"seq":238,"id":"B0139","group":"B","rw":1,"rh":1,"sw":1,"sh":1,"ratio":"1x","reuse":1,"batch":1,"residency":"resize","readback":"none","iters":20,"iter_ns_p50":203125,"iter_ns_p95":560521,"per_op_ns_p50":203125,"x_cpu_ticks":1,"errors":0,"pixel_ok":true,"wall":[1790154385.654650,1790154385.662334],"iter_ns":[162708,257031,179427,223073,227344,153177,172604,221823,212760,118125,157240,212916,118437,212448,138958,203125,411875,560521,141250,79896]}
MARK CELL_BEGIN A0130 1790154385.662350
MARK CELL_END A0130 1790154387.625385
CELL {"seq":239,"id":"A0130","group":"A","rw":3440,"rh":1440,"sw":3440,"sh":1440,"ratio":"1x","reuse":1,"batch":16,"residency":"warm","readback":"immediate","iters":20,"iter_ns_p50":51520521,"iter_ns_p95":168957969,"per_op_ns_p50":3220032,"x_cpu_ticks":175,"errors":0,"pixel_ok":true,"wall":[1790154385.662350,1790154387.625385],"iter_ns":[139944844,140963437,80017917,105974271,77115000,51096770,48106094,48276094,59522031,48041875,47869584,48576927,168957969,77942865,48561875,51133594,49711302,71526979,47605677,51520521]}
MARK CELL_BEGIN B0199 1790154387.625430
MARK CELL_END B0199 1790154387.643561
CELL {"seq":240,"id":"B0199","group":"B","rw":512,"rh":512,"sw":512,"sh":512,"ratio":"1x","reuse":16,"batch":1,"residency":"warm","readback":"none","iters":20,"iter_ns_p50":160989,"iter_ns_p95":204167,"per_op_ns_p50":160989,"x_cpu_ticks":1,"errors":0,"pixel_ok":true,"wall":[1790154387.625430,1790154387.643561],"iter_ns":[201354,204167,160989,170625,158594,159010,178021,162396,158334,159948,164792,155313,160209,202917,186979,161823,155782,155885,156511,152760]}
MARK CELL_BEGIN A0067 1790154387.643580
MARK CELL_END A0067 1790154387.649226
CELL {"seq":241,"id":"A0067","group":"A","rw":128,"rh":128,"sw":128,"sh":128,"ratio":"1x","reuse":1,"batch":8,"residency":"warm","readback":"immediate","iters":20,"iter_ns_p50":178698,"iter_ns_p95":242188,"per_op_ns_p50":22337,"x_cpu_ticks":0,"errors":0,"pixel_ok":true,"wall":[1790154387.643580,1790154387.649226],"iter_ns":[190416,170573,184062,190469,188854,175834,170104,167917,167813,168021,167865,168229,183490,185937,172500,168489,186979,242188,178698,191666]}
MARK CELL_BEGIN B0147 1790154387.649239
MARK CELL_END B0147 1790154387.653136
CELL {"seq":242,"id":"B0147","group":"B","rw":5,"rh":24,"sw":5,"sh":24,"ratio":"1x","reuse":1,"batch":1,"residency":"cold","readback":"none","iters":20,"iter_ns_p50":45313,"iter_ns_p95":51823,"per_op_ns_p50":45313,"x_cpu_ticks":1,"errors":0,"pixel_ok":true,"wall":[1790154387.649239,1790154387.653136],"iter_ns":[45573,45364,44948,45729,45209,45312,47344,48958,48229,51823,46146,45104,45052,44740,45156,45313,45104,45000,45156,45469]}
MARK CELL_BEGIN B0151 1790154387.653147
MARK CELL_END B0151 1790154387.655460
CELL {"seq":243,"id":"B0151","group":"B","rw":16,"rh":16,"sw":64,"sh":64,"ratio":"16x","reuse":1,"batch":1,"residency":"warm","readback":"none","iters":20,"iter_ns_p50":44479,"iter_ns_p95":106823,"per_op_ns_p50":44479,"x_cpu_ticks":0,"errors":0,"pixel_ok":true,"wall":[1790154387.653147,1790154387.655460],"iter_ns":[60781,80053,46875,44479,42344,106823,60521,46094,41666,41771,41198,41094,41458,44896,44219,45209,41354,48072,41406,42760]}
MARK CELL_BEGIN A0056 1790154387.655471
MARK CELL_END A0056 1790154387.659660
CELL {"seq":244,"id":"A0056","group":"A","rw":64,"rh":64,"sw":64,"sh":64,"ratio":"1x","reuse":1,"batch":8,"residency":"warm","readback":"delayed","iters":20,"iter_ns_p50":106927,"iter_ns_p95":272708,"per_op_ns_p50":13365,"x_cpu_ticks":0,"errors":0,"pixel_ok":true,"wall":[1790154387.655471,1790154387.659660],"iter_ns":[95312,180156,103177,96771,180521,115625,95208,155260,95833,95417,178646,121198,95573,93645,176719,272708,158958,106927,96771,106719]}
MARK CELL_BEGIN B0186 1790154387.659667
MARK CELL_END B0186 1790154387.663371
CELL {"seq":245,"id":"B0186","group":"B","rw":256,"rh":256,"sw":512,"sh":512,"ratio":"4x","reuse":1,"batch":1,"residency":"warm","readback":"none","iters":20,"iter_ns_p50":67031,"iter_ns_p95":157812,"per_op_ns_p50":67031,"x_cpu_ticks":0,"errors":0,"pixel_ok":true,"wall":[1790154387.659667,1790154387.663371],"iter_ns":[157812,72500,69948,67969,67031,67135,66719,66979,67031,66875,67031,67968,66354,66823,67500,66823,66614,66927,65781,66406]}
MARK CELL_BEGIN A0099 1790154387.663387
MARK CELL_END A0099 1790154387.714007
CELL {"seq":246,"id":"A0099","group":"A","rw":1024,"rh":1024,"sw":1024,"sh":1024,"ratio":"1x","reuse":1,"batch":4,"residency":"warm","readback":"none","iters":20,"iter_ns_p50":1596927,"iter_ns_p95":1740834,"per_op_ns_p50":399231,"x_cpu_ticks":4,"errors":0,"pixel_ok":true,"wall":[1790154387.663387,1790154387.714007],"iter_ns":[1601042,1599427,1740834,1652396,1623229,1595573,1588646,1596927,1623697,1571510,1643438,1601928,1596250,1564010,1596823,1578907,1618437,1593072,1548490,1556875]}
MARK CELL_BEGIN A0128 1790154387.714039
MARK CELL_END A0128 1790154388.525773
CELL {"seq":247,"id":"A0128","group":"A","rw":3440,"rh":1440,"sw":3440,"sh":1440,"ratio":"1x","reuse":1,"batch":8,"residency":"warm","readback":"delayed","iters":20,"iter_ns_p50":20478281,"iter_ns_p95":173769584,"per_op_ns_p50":2559785,"x_cpu_ticks":67,"errors":0,"pixel_ok":true,"wall":[1790154387.714039,1790154388.525773],"iter_ns":[20323698,20239219,20690364,20216459,20203907,20153020,20458854,36129323,21301042,20319740,20277864,23120677,20625156,20303541,21071510,173769584,21560938,20491406,20478281,20311875]}
MARK CELL_BEGIN A0042 1790154388.525820
MARK CELL_END A0042 1790154388.530257
CELL {"seq":248,"id":"A0042","group":"A","rw":32,"rh":32,"sw":32,"sh":32,"ratio":"1x","reuse":1,"batch":8,"residency":"warm","readback":"none","iters":20,"iter_ns_p50":91042,"iter_ns_p95":369740,"per_op_ns_p50":11380,"x_cpu_ticks":0,"errors":0,"pixel_ok":true,"wall":[1790154388.525820,1790154388.530257],"iter_ns":[92344,92656,101614,369740,90469,91042,87917,91927,85365,91666,86250,85208,97396,103593,87084,85416,90886,85052,84635,93334]}
MARK CELL_BEGIN B0141 1790154388.530266
MARK CELL_END B0141 1790154388.533004
CELL {"seq":249,"id":"B0141","group":"B","rw":5,"rh":24,"sw":10,"sh":48,"ratio":"4x","reuse":1,"batch":1,"residency":"warm","readback":"none","iters":20,"iter_ns_p50":45677,"iter_ns_p95":113594,"per_op_ns_p50":45677,"x_cpu_ticks":0,"errors":0,"pixel_ok":true,"wall":[1790154388.530266,1790154388.533004],"iter_ns":[44427,93489,53750,43437,50260,44584,41615,40365,50989,41927,40990,113594,68594,45677,44739,53072,41094,40729,49323,59063]}
MARK CELL_BEGIN B0162 1790154388.533012
MARK CELL_END B0162 1790154388.535758
CELL {"seq":250,"id":"B0162","group":"B","rw":32,"rh":32,"sw":32,"sh":32,"ratio":"1x","reuse":4,"batch":1,"residency":"warm","readback":"none","iters":20,"iter_ns_p50":54063,"iter_ns_p95":134531,"per_op_ns_p50":54063,"x_cpu_ticks":1,"errors":0,"pixel_ok":true,"wall":[1790154388.533012,1790154388.535758],"iter_ns":[67292,63750,134531,75885,64635,49270,76771,63959,118333,40938,43177,41198,44427,52917,46354,45365,54063,45989,40573,66041]}
MARK CELL_BEGIN A0020 1790154388.535840
MARK CELL_END A0020 1790154388.539499
CELL {"seq":251,"id":"A0020","group":"A","rw":5,"rh":24,"sw":5,"sh":24,"ratio":"1x","reuse":1,"batch":8,"residency":"warm","readback":"delayed","iters":20,"iter_ns_p50":86928,"iter_ns_p95":139895,"per_op_ns_p50":10866,"x_cpu_ticks":1,"errors":0,"pixel_ok":true,"wall":[1790154388.535840,1790154388.539499],"iter_ns":[127969,88229,86510,139895,126094,87552,83958,128698,85886,84531,86042,84375,84948,84792,86094,131614,88750,87552,86771,86928]}
MARK CELL_BEGIN A0091 1790154388.539507
MARK CELL_END A0091 1790154388.576726
CELL {"seq":252,"id":"A0091","group":"A","rw":512,"rh":512,"sw":512,"sh":512,"ratio":"1x","reuse":1,"batch":8,"residency":"warm","readback":"immediate","iters":20,"iter_ns_p50":1490364,"iter_ns_p95":1668542,"per_op_ns_p50":186295,"x_cpu_ticks":2,"errors":0,"pixel_ok":true,"wall":[1790154388.539507,1790154388.576726],"iter_ns":[1138802,1569270,1463438,1013073,1021407,988438,1017448,996302,1490364,1122344,1627239,1441354,1598229,1274010,1668542,1564375,1627292,1525416,1520729,1548646]}
MARK CELL_BEGIN A0110 1790154388.576752
MARK CELL_END A0110 1790154388.684092
CELL {"seq":253,"id":"A0110","group":"A","rw":1200,"rh":2608,"sw":1200,"sh":2608,"ratio":"1x","reuse":1,"batch":1,"residency":"warm","readback":"delayed","iters":20,"iter_ns_p50":1534166,"iter_ns_p95":20776718,"per_op_ns_p50":1534166,"x_cpu_ticks":8,"errors":0,"pixel_ok":true,"wall":[1790154388.576752,1790154388.684092],"iter_ns":[1576042,1492552,1461823,1436197,1435156,1435052,1409688,20776718,1670781,1596458,1597605,1534166,1499479,1467812,1423542,20164636,1618438,1819740,1584896,1530260]}
MARK CELL_BEGIN A0013 1790154388.684152
MARK CELL_END A0013 1790154388.689561
CELL {"seq":254,"id":"A0013","group":"A","rw":5,"rh":24,"sw":5,"sh":24,"ratio":"1x","reuse":1,"batch":1,"residency":"warm","readback":"immediate","iters":20,"iter_ns_p50":111823,"iter_ns_p95":127239,"per_op_ns_p50":111823,"x_cpu_ticks":0,"errors":0,"pixel_ok":true,"wall":[1790154388.684152,1790154388.689561],"iter_ns":[111823,119166,120781,104218,112969,101719,104010,118646,121667,127239,109583,123802,100573,105156,101980,107500,125990,100312,104739,112552]}
MARK CELL_BEGIN A0014 1790154388.689609
MARK CELL_END A0014 1790154388.696073
CELL {"seq":255,"id":"A0014","group":"A","rw":5,"rh":24,"sw":5,"sh":24,"ratio":"1x","reuse":1,"batch":1,"residency":"warm","readback":"delayed","iters":20,"iter_ns_p50":123593,"iter_ns_p95":591354,"per_op_ns_p50":123593,"x_cpu_ticks":0,"errors":0,"pixel_ok":true,"wall":[1790154388.689609,1790154388.696073],"iter_ns":[108437,123593,109427,102761,108125,97292,95104,255364,116198,100573,106406,144948,101198,135781,200833,591354,246042,254062,287709,174636]}
MARK CELL_BEGIN B0183 1790154388.696093
MARK CELL_END B0183 1790154388.710776
CELL {"seq":256,"id":"B0183","group":"B","rw":128,"rh":128,"sw":128,"sh":128,"ratio":"1x","reuse":1,"batch":1,"residency":"cold","readback":"none","iters":20,"iter_ns_p50":115990,"iter_ns_p95":351094,"per_op_ns_p50":115990,"x_cpu_ticks":1,"errors":0,"pixel_ok":true,"wall":[1790154388.696093,1790154388.710776],"iter_ns":[111354,111198,111145,134322,115990,164479,99271,149375,117187,120208,120989,138281,115104,114584,115261,116250,351094,81094,85208,72865]}
MARK CELL_BEGIN B0172 1790154388.710789
MARK CELL_END B0172 1790154388.714455
CELL {"seq":257,"id":"B0172","group":"B","rw":64,"rh":64,"sw":64,"sh":64,"ratio":"1x","reuse":16,"batch":1,"residency":"warm","readback":"none","iters":20,"iter_ns_p50":71250,"iter_ns_p95":166459,"per_op_ns_p50":71250,"x_cpu_ticks":0,"errors":0,"pixel_ok":true,"wall":[1790154388.710789,1790154388.714455],"iter_ns":[166459,84114,76771,76406,72187,68489,71250,67083,69896,72083,75781,67135,71875,64115,71458,64218,69844,63490,70260,63906]}
MARK CELL_BEGIN A0086 1790154388.714466
MARK CELL_END A0086 1790154388.728788
CELL {"seq":258,"id":"A0086","group":"A","rw":512,"rh":512,"sw":512,"sh":512,"ratio":"1x","reuse":1,"batch":1,"residency":"warm","readback":"delayed","iters":20,"iter_ns_p50":279011,"iter_ns_p95":1914480,"per_op_ns_p50":279011,"x_cpu_ticks":1,"errors":0,"pixel_ok":true,"wall":[1790154388.714466,1790154388.728788],"iter_ns":[294843,271406,267865,307395,304063,285625,268906,1914480,275938,371927,271094,279011,276250,287657,272553,1322344,271927,290573,264531,267448]}
MARK CELL_BEGIN A0028 1790154388.728804
MARK CELL_END A0028 1790154388.732668
CELL {"seq":259,"id":"A0028","group":"A","rw":16,"rh":16,"sw":16,"sh":16,"ratio":"1x","reuse":1,"batch":4,"residency":"warm","readback":"immediate","iters":20,"iter_ns_p50":104375,"iter_ns_p95":125364,"per_op_ns_p50":26093,"x_cpu_ticks":0,"errors":0,"pixel_ok":true,"wall":[1790154388.728804,1790154388.732668],"iter_ns":[111719,125364,103490,117708,102291,116510,101146,115730,101146,103906,116562,117448,102709,114739,101458,104375,103593,116354,100937,102709]}
MARK CELL_BEGIN N0000 1790154388.732681
MARK CELL_END N0000 1790154388.769577
CELL {"seq":260,"id":"N0000","group":"N","rw":1024,"rh":1024,"sw":1024,"sh":1024,"ratio":"1x","reuse":1,"batch":1,"residency":"warm","readback":"none","iters":20,"iter_ns_p50":831511,"iter_ns_p95":1296667,"per_op_ns_p50":831511,"x_cpu_ticks":2,"errors":0,"pixel_ok":true,"wall":[1790154388.732681,1790154388.769577],"iter_ns":[859114,556250,553698,543125,662500,530000,570677,1296667,1295886,1176928,1176823,888906,805989,815678,831511,795052,829167,891563,879427,875989]}
MARK CELL_BEGIN C0249 1790154388.769611
MARK CELL_END C0249 1790154388.782063
CELL {"seq":261,"id":"C0249","group":"C","rw":64,"rh":64,"sw":256,"sh":256,"ratio":"16x","reuse":1,"batch":8,"residency":"resize","readback":"delayed","iters":20,"iter_ns_p50":281146,"iter_ns_p95":2349479,"per_op_ns_p50":35143,"x_cpu_ticks":2,"errors":0,"pixel_ok":true,"wall":[1790154388.769611,1790154388.782063],"iter_ns":[174375,2349479,542240,356562,271041,368229,275990,576407,260000,292083,250313,281146,258645,258698,327760,556250,240677,299896,237761,214063]}
MARK CELL_BEGIN B0177 1790154388.782083
MARK CELL_END B0177 1790154388.786831
CELL {"seq":262,"id":"B0177","group":"B","rw":128,"rh":128,"sw":256,"sh":256,"ratio":"4x","reuse":1,"batch":1,"residency":"warm","readback":"none","iters":20,"iter_ns_p50":82917,"iter_ns_p95":796666,"per_op_ns_p50":82917,"x_cpu_ticks":0,"errors":0,"pixel_ok":true,"wall":[1790154388.782083,1790154388.786831],"iter_ns":[82344,82188,85886,71042,74532,85156,74792,82657,87136,162813,82917,87864,77239,73385,82344,84271,73177,99323,99167,796666]}
MARK CELL_BEGIN A0043 1790154388.786858
MARK CELL_END A0043 1790154388.792855
CELL {"seq":263,"id":"A0043","group":"A","rw":32,"rh":32,"sw":32,"sh":32,"ratio":"1x","reuse":1,"batch":8,"residency":"warm","readback":"immediate","iters":20,"iter_ns_p50":166823,"iter_ns_p95":402396,"per_op_ns_p50":20852,"x_cpu_ticks":0,"errors":0,"pixel_ok":true,"wall":[1790154388.786858,1790154388.792855],"iter_ns":[402396,312813,197136,214271,219271,246771,169635,164844,165000,160469,164427,160625,184531,177812,165990,166823,160521,164479,157968,163854]}
MARK CELL_BEGIN B0221 1790154388.792871
MARK CELL_END B0221 1790154389.319064
CELL {"seq":264,"id":"B0221","group":"B","rw":3440,"rh":1440,"sw":3440,"sh":1440,"ratio":"1x","reuse":1,"batch":1,"residency":"resize","readback":"none","iters":20,"iter_ns_p50":18206406,"iter_ns_p95":23174115,"per_op_ns_p50":18206406,"x_cpu_ticks":38,"errors":0,"pixel_ok":true,"wall":[1790154388.792871,1790154389.319064],"iter_ns":[17000625,18548177,18051303,17834895,18641927,23174115,17514479,16539688,17725365,18206406,18200677,17361823,17792916,20984635,18679688,21209688,19432344,20216667,18280052,17477969]}
MARK CELL_BEGIN A0120 1790154389.319098
MARK CELL_END A0120 1790154389.458332
CELL {"seq":265,"id":"A0120","group":"A","rw":3440,"rh":1440,"sw":3440,"sh":1440,"ratio":"1x","reuse":1,"batch":1,"residency":"warm","readback":"none","iters":20,"iter_ns_p50":2805937,"iter_ns_p95":6518021,"per_op_ns_p50":2805937,"x_cpu_ticks":9,"errors":0,"pixel_ok":true,"wall":[1790154389.319098,1790154389.458332],"iter_ns":[6518021,2934739,3123646,3293802,3259063,2804740,2726667,2697708,2718333,2695520,2670938,2762500,2920261,2711667,2853906,2769843,2805937,2783698,2844375,2963021]}
MARK CELL_BEGIN C0231 1790154389.458368
MARK CELL_END C0231 1790154389.468745
CELL {"seq":266,"id":"C0231","group":"C","rw":1,"rh":1,"sw":2,"sh":2,"ratio":"4x","reuse":1,"batch":16,"residency":"recreate","readback":"immediate","iters":20,"iter_ns_p50":315157,"iter_ns_p95":478802,"per_op_ns_p50":19697,"x_cpu_ticks":0,"errors":0,"pixel_ok":true,"wall":[1790154389.458368,1790154389.468745],"iter_ns":[332084,478802,323958,322813,353386,341666,333229,344531,295625,304270,303125,300573,302292,347031,311042,279740,315157,290521,289114,274896]}
MARK CELL_BEGIN C0252 1790154389.468762
MARK CELL_END C0252 1790154389.695439
CELL {"seq":267,"id":"C0252","group":"C","rw":512,"rh":512,"sw":2048,"sh":2048,"ratio":"16x","reuse":1,"batch":8,"residency":"recreate","readback":"delayed","iters":20,"iter_ns_p50":8925625,"iter_ns_p95":11540260,"per_op_ns_p50":1115703,"x_cpu_ticks":14,"errors":0,"pixel_ok":true,"wall":[1790154389.468762,1790154389.695439],"iter_ns":[8658854,8687969,9257396,8882136,9509219,8593334,8554531,10231875,9000261,11540260,10571667,8925625,8653021,8262813,9760521,10325052,9012968,8899323,8796146,8200834]}
MARK CELL_BEGIN A0083 1790154389.695499
MARK CELL_END A0083 1790154389.716216
CELL {"seq":268,"id":"A0083","group":"A","rw":256,"rh":256,"sw":256,"sh":256,"ratio":"1x","reuse":1,"batch":16,"residency":"warm","readback":"delayed","iters":20,"iter_ns_p50":640937,"iter_ns_p95":1041771,"per_op_ns_p50":40058,"x_cpu_ticks":1,"errors":0,"pixel_ok":true,"wall":[1790154389.695499,1790154389.716216],"iter_ns":[654947,640937,650417,622500,622709,624011,624636,1041771,609740,628125,627865,612760,622187,636979,663646,993750,689740,675053,681510,670209]}
MARK CELL_BEGIN A0052 1790154389.716254
MARK CELL_END A0052 1790154389.725643
CELL {"seq":269,"id":"A0052","group":"A","rw":64,"rh":64,"sw":64,"sh":64,"ratio":"1x","reuse":1,"batch":4,"residency":"warm","readback":"immediate","iters":20,"iter_ns_p50":271823,"iter_ns_p95":392396,"per_op_ns_p50":67955,"x_cpu_ticks":1,"errors":0,"pixel_ok":true,"wall":[1790154389.716254,1790154389.725643],"iter_ns":[267188,268125,370468,392396,289895,277240,271093,271823,313802,295469,288438,276770,267656,263490,262865,259062,262708,259011,265468,288490]}
MARK CELL_BEGIN B0178 1790154389.725667
MARK CELL_END B0178 1790154389.730429
CELL {"seq":270,"id":"B0178","group":"B","rw":128,"rh":128,"sw":512,"sh":512,"ratio":"16x","reuse":1,"batch":1,"residency":"warm","readback":"none","iters":20,"iter_ns_p50":81250,"iter_ns_p95":100156,"per_op_ns_p50":81250,"x_cpu_ticks":0,"errors":0,"pixel_ok":true,"wall":[1790154389.725667,1790154389.730429],"iter_ns":[88542,79427,82916,85416,84740,80834,79739,75260,79062,82500,82344,82656,81250,74844,79010,80677,81667,75365,100156,80833]}
MARK CELL_BEGIN A0047 1790154389.730446
MARK CELL_END A0047 1790154389.737126
CELL {"seq":271,"id":"A0047","group":"A","rw":32,"rh":32,"sw":32,"sh":32,"ratio":"1x","reuse":1,"batch":16,"residency":"warm","readback":"delayed","iters":20,"iter_ns_p50":222605,"iter_ns_p95":317396,"per_op_ns_p50":13912,"x_cpu_ticks":1,"errors":0,"pixel_ok":true,"wall":[1790154389.730446,1790154389.737126],"iter_ns":[224375,222552,225729,221615,241979,222605,232552,317396,217500,221875,216979,227395,250885,232865,206250,281041,211198,204531,204895,201250]}
MARK CELL_BEGIN A0109 1790154389.737137
MARK CELL_END A0109 1790154390.345365
CELL {"seq":272,"id":"A0109","group":"A","rw":1200,"rh":2608,"sw":1200,"sh":2608,"ratio":"1x","reuse":1,"batch":1,"residency":"warm","readback":"immediate","iters":20,"iter_ns_p50":10909896,"iter_ns_p95":65843906,"per_op_ns_p50":10909896,"x_cpu_ticks":56,"errors":0,"pixel_ok":true,"wall":[1790154389.737137,1790154390.345365],"iter_ns":[3490729,39119896,4494063,65843906,3344375,64295000,29544271,3738802,13417656,10909896,7929688,5164115,4545209,55350105,3270938,53676146,3587083,54988281,24181198,3380937]}
MARK CELL_BEGIN B0220 1790154390.345398
MARK CELL_END B0220 1790154391.211139
CELL {"seq":273,"id":"B0220","group":"B","rw":3440,"rh":1440,"sw":3440,"sh":1440,"ratio":"1x","reuse":1,"batch":1,"residency":"cold","readback":"none","iters":20,"iter_ns_p50":2900625,"iter_ns_p95":4610521,"per_op_ns_p50":2900625,"x_cpu_ticks":54,"errors":0,"pixel_ok":true,"wall":[1790154390.345398,1790154391.211139],"iter_ns":[2862968,3045885,2842135,2899792,3008438,2881250,2935989,2887760,2815937,3043697,2900625,2915469,3052864,2896406,2890260,2857605,4610521,2884219,2930677,2952031]}
MARK CELL_BEGIN N0000 1790154391.211172
MARK CELL_END N0000 1790154391.232185
CELL {"seq":274,"id":"N0000","group":"N","rw":1024,"rh":1024,"sw":1024,"sh":1024,"ratio":"1x","reuse":1,"batch":1,"residency":"warm","readback":"none","iters":20,"iter_ns_p50":438489,"iter_ns_p95":482448,"per_op_ns_p50":438489,"x_cpu_ticks":1,"errors":0,"pixel_ok":true,"wall":[1790154391.211172,1790154391.232185],"iter_ns":[458593,453802,448125,482448,443229,438489,435573,448281,434844,429687,430625,431718,440729,474011,444010,421459,423698,425208,417240,420156]}
RUN_END 1790154391.232213
