=== poll 1790328176.952203763
8333333
0	0	0
0	0	0
0	0	0
0	0	0
0	0	0
0	0	0
0	0	0
0	0	0
0	0	0
0	0	0
0	0	0
0	0	0
0	0	0
0	0	0
0	0	0
0	0	0
0	0	0
0	0	0
0	0	0
0	0	0
0	0	0
0	0	0
0	0	0
0	0	0
0	0	0
0	0	0
0	0	0
0	0	0
0	0	0
0	0	0
0	0	0
0	0	0
0	0	0
0	0	0
0	0	0
0	0	0
0	0	0
0	0	0
0	0	0
0	0	0
0	0	0
0	0	0
0	0	0
0	0	0
0	0	0
0	0	0
0	0	0
0	0	0
0	0	0
0	0	0
0	0	0
0	0	0
0	0	0
0	0	0
0	0	0
0	0	0
0	0	0
0	0	0
0	0	0
0	0	0
0	0	0
0	0	0
0	0	0
0	0	0
0	0	0
0	0	0
0	0	0
0	0	0
0	0	0
0	0	0
0	0	0
0	0	0
0	0	0
0	0	0
0	0	0
0	0	0
0	0	0
0	0	0
0	0	0
0	0	0
0	0	0
0	0	0
0	0	0
0	0	0
0	0	0
0	0	0
0	0	0
0	0	0
0	0	0
0	0	0
0	0	0
0	0	0
0	0	0
0	0	0
0	0	0
0	0	0
0	0	0
0	0	0
0	0	0
0	0	0
0	0	0
0	0	0
0	0	0
0	0	0
0	0	0
0	0	0
0	0	0
0	0	0
0	0	0
0	0	0
0	0	0
0	0	0
0	0	0
0	0	0
0	0	0
0	0	0
0	0	0
0	0	0
0	0	0
0	0	0
0	0	0
0	0	0
0	0	0
0	0	0
0	0	0
0	0	0
83656636707982	83656647206055	83656636240847

=== poll 1790328179.345084856
8333333
0	0	0
0	0	0
0	0	0
0	0	0
0	0	0
0	0	0
0	0	0
0	0	0
0	0	0
0	0	0
0	0	0
0	0	0
0	0	0
0	0	0
0	0	0
0	0	0
0	0	0
0	0	0
0	0	0
0	0	0
0	0	0
0	0	0
0	0	0
0	0	0
0	0	0
0	0	0
0	0	0
0	0	0
0	0	0
0	0	0
0	0	0
0	0	0
0	0	0
0	0	0
0	0	0
0	0	0
0	0	0
0	0	0
0	0	0
0	0	0
0	0	0
0	0	0
0	0	0
0	0	0
0	0	0
0	0	0
0	0	0
0	0	0
0	0	0
0	0	0
0	0	0
0	0	0
0	0	0
0	0	0
0	0	0
0	0	0
0	0	0
0	0	0
0	0	0
0	0	0
0	0	0
0	0	0
0	0	0
0	0	0
0	0	0
0	0	0
0	0	0
0	0	0
0	0	0
0	0	0
0	0	0
0	0	0
0	0	0
0	0	0
0	0	0
0	0	0
0	0	0
0	0	0
0	0	0
0	0	0
0	0	0
0	0	0
0	0	0
0	0	0
0	0	0
0	0	0
0	0	0
0	0	0
0	0	0
0	0	0
0	0	0
0	0	0
0	0	0
0	0	0
0	0	0
0	0	0
0	0	0
0	0	0
0	0	0
0	0	0
0	0	0
0	0	0
0	0	0
0	0	0
0	0	0
0	0	0
0	0	0
0	0	0
0	0	0
0	0	0
0	0	0
0	0	0
0	0	0
0	0	0
0	0	0
0	0	0
0	0	0
0	0	0
0	0	0
0	0	0
0	0	0
0	0	0
0	0	0
0	0	0
0	0	0
0	0	0
83656636707982	83656647206055	83656636240847

=== poll 1790328181.607707616
8333333
0	0	0
0	0	0
0	0	0
0	0	0
0	0	0
0	0	0
0	0	0
0	0	0
0	0	0
0	0	0
0	0	0
0	0	0
0	0	0
0	0	0
0	0	0
0	0	0
0	0	0
0	0	0
0	0	0
0	0	0
0	0	0
0	0	0
0	0	0
0	0	0
0	0	0
0	0	0
0	0	0
0	0	0
0	0	0
0	0	0
0	0	0
0	0	0
0	0	0
0	0	0
0	0	0
0	0	0
0	0	0
0	0	0
0	0	0
0	0	0
0	0	0
0	0	0
0	0	0
0	0	0
0	0	0
0	0	0
0	0	0
0	0	0
0	0	0
0	0	0
0	0	0
0	0	0
0	0	0
0	0	0
0	0	0
0	0	0
0	0	0
0	0	0
0	0	0
0	0	0
0	0	0
0	0	0
0	0	0
0	0	0
0	0	0
0	0	0
0	0	0
0	0	0
0	0	0
0	0	0
0	0	0
0	0	0
0	0	0
0	0	0
0	0	0
0	0	0
0	0	0
0	0	0
0	0	0
0	0	0
0	0	0
0	0	0
0	0	0
0	0	0
0	0	0
0	0	0
0	0	0
0	0	0
0	0	0
0	0	0
0	0	0
0	0	0
0	0	0
0	0	0
0	0	0
0	0	0
0	0	0
0	0	0
0	0	0
0	0	0
0	0	0
0	0	0
0	0	0
0	0	0
0	0	0
0	0	0
0	0	0
0	0	0
0	0	0
0	0	0
0	0	0
0	0	0
0	0	0
0	0	0
0	0	0
0	0	0
83656636707982	83656647206055	83656636240847
83665444846260	83665458631364	83665444328917
83665568485323	83665583537979	83665568388552
83665577656208	83665591866000	83665577600062
83665911434750	83665924902354	83665911341833
83667343639072	83667357142145	83667343579176
83667426983812	83667440417926	83667426920114
83667434901676	83667448746936	83667434867041
83667443414749	83667457074332	83667443358135
83667460123916	83667473732666	83667460037041
83667527495843	83667540346363	83667527396416

=== poll 1790328183.967974073
8333333
0	0	0
0	0	0
0	0	0
0	0	0
0	0	0
0	0	0
0	0	0
0	0	0
0	0	0
0	0	0
0	0	0
0	0	0
0	0	0
0	0	0
0	0	0
0	0	0
0	0	0
0	0	0
0	0	0
0	0	0
0	0	0
0	0	0
0	0	0
0	0	0
0	0	0
0	0	0
0	0	0
0	0	0
0	0	0
0	0	0
0	0	0
0	0	0
0	0	0
0	0	0
0	0	0
0	0	0
0	0	0
0	0	0
0	0	0
0	0	0
0	0	0
0	0	0
0	0	0
0	0	0
0	0	0
0	0	0
0	0	0
0	0	0
0	0	0
0	0	0
0	0	0
0	0	0
0	0	0
0	0	0
0	0	0
0	0	0
0	0	0
0	0	0
0	0	0
0	0	0
0	0	0
0	0	0
0	0	0
0	0	0
0	0	0
0	0	0
0	0	0
0	0	0
0	0	0
0	0	0
0	0	0
0	0	0
0	0	0
0	0	0
0	0	0
0	0	0
0	0	0
0	0	0
0	0	0
0	0	0
0	0	0
0	0	0
0	0	0
0	0	0
0	0	0
83656636707982	83656647206055	83656636240847
83665444846260	83665458631364	83665444328917
83665568485323	83665583537979	83665568388552
83665577656208	83665591866000	83665577600062
83665911434750	83665924902354	83665911341833
83667343639072	83667357142145	83667343579176
83667426983812	83667440417926	83667426920114
83667434901676	83667448746936	83667434867041
83667443414749	83667457074332	83667443358135
83667460123916	83667473732666	83667460037041
83667527495843	83667540346363	83667527396416
83667700023187	83667715215425	83667699875739
83667702693291	83667723544749	83667702635634
83667710941520	83667731873759	83667710882770
83667726044853	83667740203655	83667725980582
83667793153343	83667806839123	83667793059957
83667815945061	83667831830530	83667815858916
83667823920947	83667840160530	83667823788030
83667826707197	83667848490894	83667826666989
83667837072197	83667856822561	83667836994749
83667842689384	83667865155894	83667842651572
83667861348082	83667873488082	83667861299176
83667870222093	83667881820269	83667870153239
83667876130009	83667890153082	83667876091572
83667898116468	83667915147717	83667898032249
83667908505374	83667923478654	83667908434332
83667914934436	83667931808186	83667914868447
83667924802718	83667940136988	83667924722822
83667930781207	83667948467249	83667930732509
83667944762666	83667956798186	83667944620061
83667953083082	83667965127978	83667953016468
83667970134541	83667981790895	83667970071780
83667979825061	83667998452770	83667979739853
83667987259020	83668006783811	83667987200895
83668001847509	83668015113238	83668001782926
83668011182405	83668023442405	83668011109853
83668018065843	83668031770061	83668018016155
83668034413238	83668048429072	83668034316988
83668042649436	83668056760738	83668042609541
83668251395790	83668264992926	83668251297926
83668259103395	83668273320217	83668259050322
83669266646676	83669281063707	83669266492665

=== poll 1790328186.216361780
8333333
0	0	0
0	0	0
0	0	0
0	0	0
0	0	0
0	0	0
0	0	0
0	0	0
0	0	0
0	0	0
0	0	0
0	0	0
0	0	0
0	0	0
0	0	0
0	0	0
0	0	0
0	0	0
0	0	0
0	0	0
0	0	0
0	0	0
0	0	0
0	0	0
0	0	0
0	0	0
0	0	0
0	0	0
0	0	0
0	0	0
0	0	0
0	0	0
0	0	0
0	0	0
0	0	0
0	0	0
0	0	0
0	0	0
0	0	0
0	0	0
0	0	0
0	0	0
0	0	0
0	0	0
0	0	0
0	0	0
0	0	0
0	0	0
0	0	0
0	0	0
0	0	0
0	0	0
0	0	0
0	0	0
0	0	0
0	0	0
0	0	0
0	0	0
0	0	0
0	0	0
0	0	0
0	0	0
0	0	0
0	0	0
0	0	0
0	0	0
0	0	0
0	0	0
0	0	0
0	0	0
0	0	0
0	0	0
0	0	0
0	0	0
0	0	0
0	0	0
0	0	0
0	0	0
0	0	0
0	0	0
0	0	0
0	0	0
0	0	0
0	0	0
0	0	0
83656636707982	83656647206055	83656636240847
83665444846260	83665458631364	83665444328917
83665568485323	83665583537979	83665568388552
83665577656208	83665591866000	83665577600062
83665911434750	83665924902354	83665911341833
83667343639072	83667357142145	83667343579176
83667426983812	83667440417926	83667426920114
83667434901676	83667448746936	83667434867041
83667443414749	83667457074332	83667443358135
83667460123916	83667473732666	83667460037041
83667527495843	83667540346363	83667527396416
83667700023187	83667715215425	83667699875739
83667702693291	83667723544749	83667702635634
83667710941520	83667731873759	83667710882770
83667726044853	83667740203655	83667725980582
83667793153343	83667806839123	83667793059957
83667815945061	83667831830530	83667815858916
83667823920947	83667840160530	83667823788030
83667826707197	83667848490894	83667826666989
83667837072197	83667856822561	83667836994749
83667842689384	83667865155894	83667842651572
83667861348082	83667873488082	83667861299176
83667870222093	83667881820269	83667870153239
83667876130009	83667890153082	83667876091572
83667898116468	83667915147717	83667898032249
83667908505374	83667923478654	83667908434332
83667914934436	83667931808186	83667914868447
83667924802718	83667940136988	83667924722822
83667930781207	83667948467249	83667930732509
83667944762666	83667956798186	83667944620061
83667953083082	83667965127978	83667953016468
83667970134541	83667981790895	83667970071780
83667979825061	83667998452770	83667979739853
83667987259020	83668006783811	83667987200895
83668001847509	83668015113238	83668001782926
83668011182405	83668023442405	83668011109853
83668018065843	83668031770061	83668018016155
83668034413238	83668048429072	83668034316988
83668042649436	83668056760738	83668042609541
83668251395790	83668264992926	83668251297926
83668259103395	83668273320217	83668259050322
83669266646676	83669281063707	83669266492665

=== poll 1790328188.438619905
8333333
0	0	0
0	0	0
0	0	0
0	0	0
0	0	0
0	0	0
0	0	0
0	0	0
0	0	0
0	0	0
0	0	0
0	0	0
0	0	0
0	0	0
0	0	0
0	0	0
0	0	0
0	0	0
0	0	0
0	0	0
0	0	0
0	0	0
0	0	0
0	0	0
0	0	0
0	0	0
0	0	0
0	0	0
0	0	0
0	0	0
0	0	0
0	0	0
0	0	0
0	0	0
0	0	0
0	0	0
0	0	0
0	0	0
0	0	0
0	0	0
0	0	0
0	0	0
0	0	0
0	0	0
0	0	0
0	0	0
0	0	0
0	0	0
0	0	0
0	0	0
0	0	0
0	0	0
0	0	0
0	0	0
0	0	0
0	0	0
0	0	0
0	0	0
0	0	0
0	0	0
0	0	0
0	0	0
0	0	0
0	0	0
0	0	0
0	0	0
0	0	0
0	0	0
0	0	0
0	0	0
0	0	0
0	0	0
0	0	0
0	0	0
0	0	0
0	0	0
0	0	0
0	0	0
0	0	0
0	0	0
0	0	0
0	0	0
0	0	0
0	0	0
0	0	0
83656636707982	83656647206055	83656636240847
83665444846260	83665458631364	83665444328917
83665568485323	83665583537979	83665568388552
83665577656208	83665591866000	83665577600062
83665911434750	83665924902354	83665911341833
83667343639072	83667357142145	83667343579176
83667426983812	83667440417926	83667426920114
83667434901676	83667448746936	83667434867041
83667443414749	83667457074332	83667443358135
83667460123916	83667473732666	83667460037041
83667527495843	83667540346363	83667527396416
83667700023187	83667715215425	83667699875739
83667702693291	83667723544749	83667702635634
83667710941520	83667731873759	83667710882770
83667726044853	83667740203655	83667725980582
83667793153343	83667806839123	83667793059957
83667815945061	83667831830530	83667815858916
83667823920947	83667840160530	83667823788030
83667826707197	83667848490894	83667826666989
83667837072197	83667856822561	83667836994749
83667842689384	83667865155894	83667842651572
83667861348082	83667873488082	83667861299176
83667870222093	83667881820269	83667870153239
83667876130009	83667890153082	83667876091572
83667898116468	83667915147717	83667898032249
83667908505374	83667923478654	83667908434332
83667914934436	83667931808186	83667914868447
83667924802718	83667940136988	83667924722822
83667930781207	83667948467249	83667930732509
83667944762666	83667956798186	83667944620061
83667953083082	83667965127978	83667953016468
83667970134541	83667981790895	83667970071780
83667979825061	83667998452770	83667979739853
83667987259020	83668006783811	83667987200895
83668001847509	83668015113238	83668001782926
83668011182405	83668023442405	83668011109853
83668018065843	83668031770061	83668018016155
83668034413238	83668048429072	83668034316988
83668042649436	83668056760738	83668042609541
83668251395790	83668264992926	83668251297926
83668259103395	83668273320217	83668259050322
83669266646676	83669281063707	83669266492665

=== poll 1790328190.682422404
8333333
0	0	0
0	0	0
0	0	0
0	0	0
0	0	0
0	0	0
0	0	0
0	0	0
0	0	0
0	0	0
0	0	0
0	0	0
0	0	0
0	0	0
0	0	0
0	0	0
0	0	0
0	0	0
0	0	0
0	0	0
0	0	0
0	0	0
0	0	0
0	0	0
0	0	0
0	0	0
0	0	0
0	0	0
0	0	0
0	0	0
0	0	0
0	0	0
0	0	0
0	0	0
0	0	0
0	0	0
0	0	0
0	0	0
0	0	0
0	0	0
0	0	0
0	0	0
0	0	0
0	0	0
0	0	0
0	0	0
0	0	0
0	0	0
0	0	0
0	0	0
0	0	0
0	0	0
0	0	0
0	0	0
0	0	0
0	0	0
0	0	0
0	0	0
0	0	0
0	0	0
0	0	0
0	0	0
0	0	0
0	0	0
0	0	0
0	0	0
0	0	0
0	0	0
0	0	0
0	0	0
0	0	0
0	0	0
0	0	0
0	0	0
0	0	0
0	0	0
0	0	0
0	0	0
0	0	0
0	0	0
0	0	0
0	0	0
0	0	0
0	0	0
0	0	0
83656636707982	83656647206055	83656636240847
83665444846260	83665458631364	83665444328917
83665568485323	83665583537979	83665568388552
83665577656208	83665591866000	83665577600062
83665911434750	83665924902354	83665911341833
83667343639072	83667357142145	83667343579176
83667426983812	83667440417926	83667426920114
83667434901676	83667448746936	83667434867041
83667443414749	83667457074332	83667443358135
83667460123916	83667473732666	83667460037041
83667527495843	83667540346363	83667527396416
83667700023187	83667715215425	83667699875739
83667702693291	83667723544749	83667702635634
83667710941520	83667731873759	83667710882770
83667726044853	83667740203655	83667725980582
83667793153343	83667806839123	83667793059957
83667815945061	83667831830530	83667815858916
83667823920947	83667840160530	83667823788030
83667826707197	83667848490894	83667826666989
83667837072197	83667856822561	83667836994749
83667842689384	83667865155894	83667842651572
83667861348082	83667873488082	83667861299176
83667870222093	83667881820269	83667870153239
83667876130009	83667890153082	83667876091572
83667898116468	83667915147717	83667898032249
83667908505374	83667923478654	83667908434332
83667914934436	83667931808186	83667914868447
83667924802718	83667940136988	83667924722822
83667930781207	83667948467249	83667930732509
83667944762666	83667956798186	83667944620061
83667953083082	83667965127978	83667953016468
83667970134541	83667981790895	83667970071780
83667979825061	83667998452770	83667979739853
83667987259020	83668006783811	83667987200895
83668001847509	83668015113238	83668001782926
83668011182405	83668023442405	83668011109853
83668018065843	83668031770061	83668018016155
83668034413238	83668048429072	83668034316988
83668042649436	83668056760738	83668042609541
83668251395790	83668264992926	83668251297926
83668259103395	83668273320217	83668259050322
83669266646676	83669281063707	83669266492665

=== poll 1790328192.926890059
8333333
0	0	0
0	0	0
0	0	0
0	0	0
0	0	0
0	0	0
0	0	0
0	0	0
0	0	0
0	0	0
0	0	0
0	0	0
0	0	0
0	0	0
0	0	0
0	0	0
0	0	0
0	0	0
0	0	0
0	0	0
0	0	0
0	0	0
0	0	0
0	0	0
0	0	0
0	0	0
0	0	0
0	0	0
0	0	0
0	0	0
0	0	0
0	0	0
0	0	0
0	0	0
0	0	0
0	0	0
0	0	0
0	0	0
0	0	0
0	0	0
0	0	0
0	0	0
0	0	0
0	0	0
0	0	0
0	0	0
0	0	0
0	0	0
0	0	0
0	0	0
0	0	0
0	0	0
0	0	0
0	0	0
0	0	0
0	0	0
0	0	0
0	0	0
0	0	0
0	0	0
0	0	0
0	0	0
0	0	0
0	0	0
0	0	0
0	0	0
0	0	0
0	0	0
0	0	0
0	0	0
0	0	0
0	0	0
0	0	0
0	0	0
0	0	0
0	0	0
0	0	0
0	0	0
0	0	0
0	0	0
0	0	0
0	0	0
0	0	0
0	0	0
0	0	0
83656636707982	83656647206055	83656636240847
83665444846260	83665458631364	83665444328917
83665568485323	83665583537979	83665568388552
83665577656208	83665591866000	83665577600062
83665911434750	83665924902354	83665911341833
83667343639072	83667357142145	83667343579176
83667426983812	83667440417926	83667426920114
83667434901676	83667448746936	83667434867041
83667443414749	83667457074332	83667443358135
83667460123916	83667473732666	83667460037041
83667527495843	83667540346363	83667527396416
83667700023187	83667715215425	83667699875739
83667702693291	83667723544749	83667702635634
83667710941520	83667731873759	83667710882770
83667726044853	83667740203655	83667725980582
83667793153343	83667806839123	83667793059957
83667815945061	83667831830530	83667815858916
83667823920947	83667840160530	83667823788030
83667826707197	83667848490894	83667826666989
83667837072197	83667856822561	83667836994749
83667842689384	83667865155894	83667842651572
83667861348082	83667873488082	83667861299176
83667870222093	83667881820269	83667870153239
83667876130009	83667890153082	83667876091572
83667898116468	83667915147717	83667898032249
83667908505374	83667923478654	83667908434332
83667914934436	83667931808186	83667914868447
83667924802718	83667940136988	83667924722822
83667930781207	83667948467249	83667930732509
83667944762666	83667956798186	83667944620061
83667953083082	83667965127978	83667953016468
83667970134541	83667981790895	83667970071780
83667979825061	83667998452770	83667979739853
83667987259020	83668006783811	83667987200895
83668001847509	83668015113238	83668001782926
83668011182405	83668023442405	83668011109853
83668018065843	83668031770061	83668018016155
83668034413238	83668048429072	83668034316988
83668042649436	83668056760738	83668042609541
83668251395790	83668264992926	83668251297926
83668259103395	83668273320217	83668259050322
83669266646676	83669281063707	83669266492665

=== poll 1790328195.168696152
8333333
0	0	0
0	0	0
0	0	0
0	0	0
0	0	0
0	0	0
0	0	0
0	0	0
0	0	0
0	0	0
0	0	0
0	0	0
0	0	0
0	0	0
0	0	0
0	0	0
0	0	0
0	0	0
0	0	0
0	0	0
0	0	0
0	0	0
0	0	0
0	0	0
0	0	0
0	0	0
0	0	0
0	0	0
0	0	0
0	0	0
0	0	0
0	0	0
0	0	0
0	0	0
0	0	0
0	0	0
0	0	0
0	0	0
0	0	0
0	0	0
0	0	0
0	0	0
0	0	0
0	0	0
0	0	0
0	0	0
0	0	0
0	0	0
0	0	0
0	0	0
0	0	0
0	0	0
0	0	0
0	0	0
0	0	0
0	0	0
0	0	0
0	0	0
0	0	0
0	0	0
0	0	0
0	0	0
0	0	0
0	0	0
0	0	0
0	0	0
0	0	0
0	0	0
0	0	0
0	0	0
0	0	0
0	0	0
0	0	0
0	0	0
0	0	0
0	0	0
0	0	0
0	0	0
0	0	0
0	0	0
0	0	0
0	0	0
0	0	0
0	0	0
0	0	0
83656636707982	83656647206055	83656636240847
83665444846260	83665458631364	83665444328917
83665568485323	83665583537979	83665568388552
83665577656208	83665591866000	83665577600062
83665911434750	83665924902354	83665911341833
83667343639072	83667357142145	83667343579176
83667426983812	83667440417926	83667426920114
83667434901676	83667448746936	83667434867041
83667443414749	83667457074332	83667443358135
83667460123916	83667473732666	83667460037041
83667527495843	83667540346363	83667527396416
83667700023187	83667715215425	83667699875739
83667702693291	83667723544749	83667702635634
83667710941520	83667731873759	83667710882770
83667726044853	83667740203655	83667725980582
83667793153343	83667806839123	83667793059957
83667815945061	83667831830530	83667815858916
83667823920947	83667840160530	83667823788030
83667826707197	83667848490894	83667826666989
83667837072197	83667856822561	83667836994749
83667842689384	83667865155894	83667842651572
83667861348082	83667873488082	83667861299176
83667870222093	83667881820269	83667870153239
83667876130009	83667890153082	83667876091572
83667898116468	83667915147717	83667898032249
83667908505374	83667923478654	83667908434332
83667914934436	83667931808186	83667914868447
83667924802718	83667940136988	83667924722822
83667930781207	83667948467249	83667930732509
83667944762666	83667956798186	83667944620061
83667953083082	83667965127978	83667953016468
83667970134541	83667981790895	83667970071780
83667979825061	83667998452770	83667979739853
83667987259020	83668006783811	83667987200895
83668001847509	83668015113238	83668001782926
83668011182405	83668023442405	83668011109853
83668018065843	83668031770061	83668018016155
83668034413238	83668048429072	83668034316988
83668042649436	83668056760738	83668042609541
83668251395790	83668264992926	83668251297926
83668259103395	83668273320217	83668259050322
83669266646676	83669281063707	83669266492665

=== poll 1790328197.407566568
8333333
0	0	0
0	0	0
0	0	0
0	0	0
0	0	0
0	0	0
0	0	0
0	0	0
0	0	0
0	0	0
0	0	0
0	0	0
0	0	0
0	0	0
0	0	0
0	0	0
0	0	0
0	0	0
0	0	0
0	0	0
0	0	0
0	0	0
0	0	0
0	0	0
0	0	0
0	0	0
0	0	0
0	0	0
0	0	0
0	0	0
0	0	0
0	0	0
0	0	0
0	0	0
0	0	0
0	0	0
0	0	0
0	0	0
0	0	0
0	0	0
0	0	0
0	0	0
0	0	0
0	0	0
0	0	0
0	0	0
0	0	0
0	0	0
0	0	0
0	0	0
0	0	0
0	0	0
0	0	0
0	0	0
0	0	0
0	0	0
0	0	0
0	0	0
0	0	0
0	0	0
0	0	0
0	0	0
0	0	0
0	0	0
0	0	0
0	0	0
0	0	0
0	0	0
0	0	0
0	0	0
0	0	0
0	0	0
0	0	0
0	0	0
0	0	0
0	0	0
0	0	0
0	0	0
0	0	0
0	0	0
0	0	0
0	0	0
0	0	0
0	0	0
0	0	0
83656636707982	83656647206055	83656636240847
83665444846260	83665458631364	83665444328917
83665568485323	83665583537979	83665568388552
83665577656208	83665591866000	83665577600062
83665911434750	83665924902354	83665911341833
83667343639072	83667357142145	83667343579176
83667426983812	83667440417926	83667426920114
83667434901676	83667448746936	83667434867041
83667443414749	83667457074332	83667443358135
83667460123916	83667473732666	83667460037041
83667527495843	83667540346363	83667527396416
83667700023187	83667715215425	83667699875739
83667702693291	83667723544749	83667702635634
83667710941520	83667731873759	83667710882770
83667726044853	83667740203655	83667725980582
83667793153343	83667806839123	83667793059957
83667815945061	83667831830530	83667815858916
83667823920947	83667840160530	83667823788030
83667826707197	83667848490894	83667826666989
83667837072197	83667856822561	83667836994749
83667842689384	83667865155894	83667842651572
83667861348082	83667873488082	83667861299176
83667870222093	83667881820269	83667870153239
83667876130009	83667890153082	83667876091572
83667898116468	83667915147717	83667898032249
83667908505374	83667923478654	83667908434332
83667914934436	83667931808186	83667914868447
83667924802718	83667940136988	83667924722822
83667930781207	83667948467249	83667930732509
83667944762666	83667956798186	83667944620061
83667953083082	83667965127978	83667953016468
83667970134541	83667981790895	83667970071780
83667979825061	83667998452770	83667979739853
83667987259020	83668006783811	83667987200895
83668001847509	83668015113238	83668001782926
83668011182405	83668023442405	83668011109853
83668018065843	83668031770061	83668018016155
83668034413238	83668048429072	83668034316988
83668042649436	83668056760738	83668042609541
83668251395790	83668264992926	83668251297926
83668259103395	83668273320217	83668259050322
83669266646676	83669281063707	83669266492665

=== poll 1790328199.643168234
8333333
0	0	0
0	0	0
0	0	0
0	0	0
0	0	0
0	0	0
0	0	0
0	0	0
0	0	0
0	0	0
0	0	0
0	0	0
0	0	0
0	0	0
0	0	0
0	0	0
0	0	0
0	0	0
0	0	0
0	0	0
0	0	0
0	0	0
0	0	0
0	0	0
0	0	0
0	0	0
0	0	0
0	0	0
0	0	0
0	0	0
0	0	0
0	0	0
0	0	0
0	0	0
0	0	0
0	0	0
0	0	0
0	0	0
0	0	0
0	0	0
0	0	0
0	0	0
0	0	0
0	0	0
0	0	0
0	0	0
0	0	0
0	0	0
0	0	0
0	0	0
0	0	0
0	0	0
0	0	0
0	0	0
0	0	0
0	0	0
0	0	0
0	0	0
0	0	0
0	0	0
0	0	0
0	0	0
0	0	0
0	0	0
0	0	0
0	0	0
0	0	0
0	0	0
0	0	0
0	0	0
0	0	0
0	0	0
0	0	0
0	0	0
0	0	0
0	0	0
0	0	0
0	0	0
0	0	0
0	0	0
0	0	0
0	0	0
0	0	0
0	0	0
0	0	0
83656636707982	83656647206055	83656636240847
83665444846260	83665458631364	83665444328917
83665568485323	83665583537979	83665568388552
83665577656208	83665591866000	83665577600062
83665911434750	83665924902354	83665911341833
83667343639072	83667357142145	83667343579176
83667426983812	83667440417926	83667426920114
83667434901676	83667448746936	83667434867041
83667443414749	83667457074332	83667443358135
83667460123916	83667473732666	83667460037041
83667527495843	83667540346363	83667527396416
83667700023187	83667715215425	83667699875739
83667702693291	83667723544749	83667702635634
83667710941520	83667731873759	83667710882770
83667726044853	83667740203655	83667725980582
83667793153343	83667806839123	83667793059957
83667815945061	83667831830530	83667815858916
83667823920947	83667840160530	83667823788030
83667826707197	83667848490894	83667826666989
83667837072197	83667856822561	83667836994749
83667842689384	83667865155894	83667842651572
83667861348082	83667873488082	83667861299176
83667870222093	83667881820269	83667870153239
83667876130009	83667890153082	83667876091572
83667898116468	83667915147717	83667898032249
83667908505374	83667923478654	83667908434332
83667914934436	83667931808186	83667914868447
83667924802718	83667940136988	83667924722822
83667930781207	83667948467249	83667930732509
83667944762666	83667956798186	83667944620061
83667953083082	83667965127978	83667953016468
83667970134541	83667981790895	83667970071780
83667979825061	83667998452770	83667979739853
83667987259020	83668006783811	83667987200895
83668001847509	83668015113238	83668001782926
83668011182405	83668023442405	83668011109853
83668018065843	83668031770061	83668018016155
83668034413238	83668048429072	83668034316988
83668042649436	83668056760738	83668042609541
83668251395790	83668264992926	83668251297926
83668259103395	83668273320217	83668259050322
83669266646676	83669281063707	83669266492665

=== poll 1790328201.874645004
8333333
0	0	0
0	0	0
0	0	0
0	0	0
0	0	0
0	0	0
0	0	0
0	0	0
0	0	0
0	0	0
0	0	0
0	0	0
0	0	0
0	0	0
0	0	0
0	0	0
0	0	0
0	0	0
0	0	0
0	0	0
0	0	0
0	0	0
0	0	0
0	0	0
0	0	0
0	0	0
0	0	0
0	0	0
0	0	0
0	0	0
0	0	0
0	0	0
0	0	0
0	0	0
0	0	0
0	0	0
0	0	0
0	0	0
0	0	0
0	0	0
0	0	0
0	0	0
0	0	0
0	0	0
0	0	0
0	0	0
0	0	0
0	0	0
0	0	0
0	0	0
0	0	0
0	0	0
0	0	0
0	0	0
0	0	0
0	0	0
0	0	0
0	0	0
0	0	0
0	0	0
0	0	0
0	0	0
0	0	0
0	0	0
0	0	0
0	0	0
0	0	0
0	0	0
0	0	0
0	0	0
0	0	0
0	0	0
0	0	0
0	0	0
0	0	0
0	0	0
0	0	0
0	0	0
0	0	0
0	0	0
0	0	0
0	0	0
0	0	0
0	0	0
0	0	0
83656636707982	83656647206055	83656636240847
83665444846260	83665458631364	83665444328917
83665568485323	83665583537979	83665568388552
83665577656208	83665591866000	83665577600062
83665911434750	83665924902354	83665911341833
83667343639072	83667357142145	83667343579176
83667426983812	83667440417926	83667426920114
83667434901676	83667448746936	83667434867041
83667443414749	83667457074332	83667443358135
83667460123916	83667473732666	83667460037041
83667527495843	83667540346363	83667527396416
83667700023187	83667715215425	83667699875739
83667702693291	83667723544749	83667702635634
83667710941520	83667731873759	83667710882770
83667726044853	83667740203655	83667725980582
83667793153343	83667806839123	83667793059957
83667815945061	83667831830530	83667815858916
83667823920947	83667840160530	83667823788030
83667826707197	83667848490894	83667826666989
83667837072197	83667856822561	83667836994749
83667842689384	83667865155894	83667842651572
83667861348082	83667873488082	83667861299176
83667870222093	83667881820269	83667870153239
83667876130009	83667890153082	83667876091572
83667898116468	83667915147717	83667898032249
83667908505374	83667923478654	83667908434332
83667914934436	83667931808186	83667914868447
83667924802718	83667940136988	83667924722822
83667930781207	83667948467249	83667930732509
83667944762666	83667956798186	83667944620061
83667953083082	83667965127978	83667953016468
83667970134541	83667981790895	83667970071780
83667979825061	83667998452770	83667979739853
83667987259020	83668006783811	83667987200895
83668001847509	83668015113238	83668001782926
83668011182405	83668023442405	83668011109853
83668018065843	83668031770061	83668018016155
83668034413238	83668048429072	83668034316988
83668042649436	83668056760738	83668042609541
83668251395790	83668264992926	83668251297926
83668259103395	83668273320217	83668259050322
83669266646676	83669281063707	83669266492665

=== poll 1790328204.104983857
8333333
0	0	0
0	0	0
0	0	0
0	0	0
0	0	0
0	0	0
0	0	0
0	0	0
0	0	0
0	0	0
0	0	0
0	0	0
0	0	0
0	0	0
0	0	0
0	0	0
0	0	0
0	0	0
0	0	0
0	0	0
0	0	0
0	0	0
0	0	0
0	0	0
0	0	0
0	0	0
0	0	0
0	0	0
0	0	0
0	0	0
0	0	0
0	0	0
0	0	0
0	0	0
0	0	0
0	0	0
0	0	0
0	0	0
0	0	0
0	0	0
0	0	0
0	0	0
0	0	0
0	0	0
0	0	0
0	0	0
0	0	0
0	0	0
0	0	0
0	0	0
0	0	0
0	0	0
0	0	0
0	0	0
0	0	0
0	0	0
0	0	0
0	0	0
0	0	0
0	0	0
0	0	0
0	0	0
0	0	0
0	0	0
0	0	0
0	0	0
0	0	0
0	0	0
0	0	0
0	0	0
0	0	0
0	0	0
83656636707982	83656647206055	83656636240847
83665444846260	83665458631364	83665444328917
83665568485323	83665583537979	83665568388552
83665577656208	83665591866000	83665577600062
83665911434750	83665924902354	83665911341833
83667343639072	83667357142145	83667343579176
83667426983812	83667440417926	83667426920114
83667434901676	83667448746936	83667434867041
83667443414749	83667457074332	83667443358135
83667460123916	83667473732666	83667460037041
83667527495843	83667540346363	83667527396416
83667700023187	83667715215425	83667699875739
83667702693291	83667723544749	83667702635634
83667710941520	83667731873759	83667710882770
83667726044853	83667740203655	83667725980582
83667793153343	83667806839123	83667793059957
83667815945061	83667831830530	83667815858916
83667823920947	83667840160530	83667823788030
83667826707197	83667848490894	83667826666989
83667837072197	83667856822561	83667836994749
83667842689384	83667865155894	83667842651572
83667861348082	83667873488082	83667861299176
83667870222093	83667881820269	83667870153239
83667876130009	83667890153082	83667876091572
83667898116468	83667915147717	83667898032249
83667908505374	83667923478654	83667908434332
83667914934436	83667931808186	83667914868447
83667924802718	83667940136988	83667924722822
83667930781207	83667948467249	83667930732509
83667944762666	83667956798186	83667944620061
83667953083082	83667965127978	83667953016468
83667970134541	83667981790895	83667970071780
83667979825061	83667998452770	83667979739853
83667987259020	83668006783811	83667987200895
83668001847509	83668015113238	83668001782926
83668011182405	83668023442405	83668011109853
83668018065843	83668031770061	83668018016155
83668034413238	83668048429072	83668034316988
83668042649436	83668056760738	83668042609541
83668251395790	83668264992926	83668251297926
83668259103395	83668273320217	83668259050322
83669266646676	83669281063707	83669266492665
83689021547449	83689037488907	83689021323439
83689024360158	83689045817188	83689024311147
83689033652501	83689054144376	83689033576980
83689040099741	83689062472917	83689040041824
83689107069376	83689129091563	83689106974845
83689223564793	83689237346719	83689223399897
83689339479324	83689353943698	83689339359585
83689447072970	83689462206824	83689446960522
83689563906407	83689578773855	83689563797345
83689682141355	83689695357865	83689682003647
83689788023647	83689803617344	83689787916147
83689905979584	83689920207501	83689905834949
83690012183022	83690028491771	83690012076251

=== poll 1790328206.352188335
8333333
0	0	0
0	0	0
0	0	0
0	0	0
0	0	0
0	0	0
0	0	0
0	0	0
0	0	0
0	0	0
0	0	0
0	0	0
0	0	0
0	0	0
0	0	0
0	0	0
0	0	0
0	0	0
0	0	0
0	0	0
0	0	0
0	0	0
0	0	0
0	0	0
0	0	0
0	0	0
0	0	0
0	0	0
0	0	0
0	0	0
0	0	0
0	0	0
0	0	0
0	0	0
0	0	0
0	0	0
0	0	0
0	0	0
0	0	0
0	0	0
0	0	0
0	0	0
0	0	0
0	0	0
0	0	0
0	0	0
0	0	0
0	0	0
0	0	0
0	0	0
0	0	0
0	0	0
83656636707982	83656647206055	83656636240847
83665444846260	83665458631364	83665444328917
83665568485323	83665583537979	83665568388552
83665577656208	83665591866000	83665577600062
83665911434750	83665924902354	83665911341833
83667343639072	83667357142145	83667343579176
83667426983812	83667440417926	83667426920114
83667434901676	83667448746936	83667434867041
83667443414749	83667457074332	83667443358135
83667460123916	83667473732666	83667460037041
83667527495843	83667540346363	83667527396416
83667700023187	83667715215425	83667699875739
83667702693291	83667723544749	83667702635634
83667710941520	83667731873759	83667710882770
83667726044853	83667740203655	83667725980582
83667793153343	83667806839123	83667793059957
83667815945061	83667831830530	83667815858916
83667823920947	83667840160530	83667823788030
83667826707197	83667848490894	83667826666989
83667837072197	83667856822561	83667836994749
83667842689384	83667865155894	83667842651572
83667861348082	83667873488082	83667861299176
83667870222093	83667881820269	83667870153239
83667876130009	83667890153082	83667876091572
83667898116468	83667915147717	83667898032249
83667908505374	83667923478654	83667908434332
83667914934436	83667931808186	83667914868447
83667924802718	83667940136988	83667924722822
83667930781207	83667948467249	83667930732509
83667944762666	83667956798186	83667944620061
83667953083082	83667965127978	83667953016468
83667970134541	83667981790895	83667970071780
83667979825061	83667998452770	83667979739853
83667987259020	83668006783811	83667987200895
83668001847509	83668015113238	83668001782926
83668011182405	83668023442405	83668011109853
83668018065843	83668031770061	83668018016155
83668034413238	83668048429072	83668034316988
83668042649436	83668056760738	83668042609541
83668251395790	83668264992926	83668251297926
83668259103395	83668273320217	83668259050322
83669266646676	83669281063707	83669266492665
83689021547449	83689037488907	83689021323439
83689024360158	83689045817188	83689024311147
83689033652501	83689054144376	83689033576980
83689040099741	83689062472917	83689040041824
83689107069376	83689129091563	83689106974845
83689223564793	83689237346719	83689223399897
83689339479324	83689353943698	83689339359585
83689447072970	83689462206824	83689446960522
83689563906407	83689578773855	83689563797345
83689682141355	83689695357865	83689682003647
83689788023647	83689803617344	83689787916147
83689905979584	83689920207501	83689905834949
83690012183022	83690028491771	83690012076251
83690121869115	83690136777135	83690121765365
83690239093386	83690253438698	83690238906928
83690349014272	83690361718385	83690348833959
83690464470834	83690478340157	83690464294949
83690571857657	83690586634844	83690571340053
83690688167084	83690703245574	83690688060313
83690797060886	83690811532709	83690796960730
83690913335001	83690928156458	83690913119688
83691026006198	83691044778021	83691025794063
83691131492240	83691144742136	83691131401198
83691246673334	83691261343073	83691246572657
83691371998542	83691386285053	83691371820313
83691480452657	83691494575938	83691480183438
83691596844948	83691611216718	83691596675834
83691707390313	83691719487864	83691707170886
83691830986302	83691844410886	83691830890573
83691932690469	83691952692239	83691932491250
83692036749948	83692052645833	83692036658594
83692154115417	83692169222447	83692154012917
83692261632292	83692277483645	83692261531302

=== poll 1790328208.602914168
8333333
0	0	0
0	0	0
0	0	0
0	0	0
0	0	0
0	0	0
0	0	0
0	0	0
0	0	0
0	0	0
0	0	0
0	0	0
83656636707982	83656647206055	83656636240847
83665444846260	83665458631364	83665444328917
83665568485323	83665583537979	83665568388552
83665577656208	83665591866000	83665577600062
83665911434750	83665924902354	83665911341833
83667343639072	83667357142145	83667343579176
83667426983812	83667440417926	83667426920114
83667434901676	83667448746936	83667434867041
83667443414749	83667457074332	83667443358135
83667460123916	83667473732666	83667460037041
83667527495843	83667540346363	83667527396416
83667700023187	83667715215425	83667699875739
83667702693291	83667723544749	83667702635634
83667710941520	83667731873759	83667710882770
83667726044853	83667740203655	83667725980582
83667793153343	83667806839123	83667793059957
83667815945061	83667831830530	83667815858916
83667823920947	83667840160530	83667823788030
83667826707197	83667848490894	83667826666989
83667837072197	83667856822561	83667836994749
83667842689384	83667865155894	83667842651572
83667861348082	83667873488082	83667861299176
83667870222093	83667881820269	83667870153239
83667876130009	83667890153082	83667876091572
83667898116468	83667915147717	83667898032249
83667908505374	83667923478654	83667908434332
83667914934436	83667931808186	83667914868447
83667924802718	83667940136988	83667924722822
83667930781207	83667948467249	83667930732509
83667944762666	83667956798186	83667944620061
83667953083082	83667965127978	83667953016468
83667970134541	83667981790895	83667970071780
83667979825061	83667998452770	83667979739853
83667987259020	83668006783811	83667987200895
83668001847509	83668015113238	83668001782926
83668011182405	83668023442405	83668011109853
83668018065843	83668031770061	83668018016155
83668034413238	83668048429072	83668034316988
83668042649436	83668056760738	83668042609541
83668251395790	83668264992926	83668251297926
83668259103395	83668273320217	83668259050322
83669266646676	83669281063707	83669266492665
83689021547449	83689037488907	83689021323439
83689024360158	83689045817188	83689024311147
83689033652501	83689054144376	83689033576980
83689040099741	83689062472917	83689040041824
83689107069376	83689129091563	83689106974845
83689223564793	83689237346719	83689223399897
83689339479324	83689353943698	83689339359585
83689447072970	83689462206824	83689446960522
83689563906407	83689578773855	83689563797345
83689682141355	83689695357865	83689682003647
83689788023647	83689803617344	83689787916147
83689905979584	83689920207501	83689905834949
83690012183022	83690028491771	83690012076251
83690121869115	83690136777135	83690121765365
83690239093386	83690253438698	83690238906928
83690349014272	83690361718385	83690348833959
83690464470834	83690478340157	83690464294949
83690571857657	83690586634844	83690571340053
83690688167084	83690703245574	83690688060313
83690797060886	83690811532709	83690796960730
83690913335001	83690928156458	83690913119688
83691026006198	83691044778021	83691025794063
83691131492240	83691144742136	83691131401198
83691246673334	83691261343073	83691246572657
83691371998542	83691386285053	83691371820313
83691480452657	83691494575938	83691480183438
83691596844948	83691611216718	83691596675834
83691707390313	83691719487864	83691707170886
83691830986302	83691844410886	83691830890573
83691932690469	83691952692239	83691932491250
83692036749948	83692052645833	83692036658594
83692154115417	83692169222447	83692154012917
83692261632292	83692277483645	83692261531302
83692378972552	83692394072604	83692378868594
83692498981823	83692510667031	83692498770000
83692607270104	83692618950937	83692607064323
83692711637031	83692727212812	83692711538542
83692836321614	83692852109635	83692836131614
83692939143541	83692952053333	83692939032916
83693044770729	83693060319687	83693044658073
83693162408437	83693176925208	83693162297135
83693279522864	83693293521874	83693279421771
83693412630833	83693426785780	83693412493437
83693504354479	83693518411301	83693504151562
83693620812187	83693635001041	83693620690520
83693728284218	83693743276666	83693728165364
83693835244791	83693851542187	83693835143489
83693944820572	83693959810885	83693944706510
83694015083854	83694026427291	83694014942864
83694025978645	83694043081718	83694025851666
83694029230312	83694051409635	83694029174687
83694037661666	83694059740156	83694037592031
83694057884218	83694076396197	83694057797343
83694063366770	83694084724739	83694063283229
83694082749895	83694101379061	83694082682968
83694098526510	83694109706145	83694098444531
83694122556354	83694134685884	83694122415676
83694132589947	83694151340937	83694132537760
83694158710729	83694176318801	83694158609322
83694183056770	83694201299270	83694182969270
83694207420885	83694226281874	83694207331406
83694232886718	83694251262291	83694232807499
83694237688176	83694259590833	83694237634322
83694262795260	83694276247187	83694262713385
83694287875572	83694301229843	83694287790364
83694322314635	83694334542082	83694322246458
83694337768749	83694351196197	83694337684426
83694357993333	83694376181925	83694357925051
83694382604010	83694401164061	83694382531041
83694408477968	83694426145467	83694408405416
83694423425468	83694434473853	83694423359322
83694454175728	83694467783436	83694454082135
83694504230572	83694517741197	83694504130103

=== poll 1790328210.854257813
8333333
83667914934436	83667931808186	83667914868447
83667924802718	83667940136988	83667924722822
83667930781207	83667948467249	83667930732509
83667944762666	83667956798186	83667944620061
83667953083082	83667965127978	83667953016468
83667970134541	83667981790895	83667970071780
83667979825061	83667998452770	83667979739853
83667987259020	83668006783811	83667987200895
83668001847509	83668015113238	83668001782926
83668011182405	83668023442405	83668011109853
83668018065843	83668031770061	83668018016155
83668034413238	83668048429072	83668034316988
83668042649436	83668056760738	83668042609541
83668251395790	83668264992926	83668251297926
83668259103395	83668273320217	83668259050322
83669266646676	83669281063707	83669266492665
83689021547449	83689037488907	83689021323439
83689024360158	83689045817188	83689024311147
83689033652501	83689054144376	83689033576980
83689040099741	83689062472917	83689040041824
83689107069376	83689129091563	83689106974845
83689223564793	83689237346719	83689223399897
83689339479324	83689353943698	83689339359585
83689447072970	83689462206824	83689446960522
83689563906407	83689578773855	83689563797345
83689682141355	83689695357865	83689682003647
83689788023647	83689803617344	83689787916147
83689905979584	83689920207501	83689905834949
83690012183022	83690028491771	83690012076251
83690121869115	83690136777135	83690121765365
83690239093386	83690253438698	83690238906928
83690349014272	83690361718385	83690348833959
83690464470834	83690478340157	83690464294949
83690571857657	83690586634844	83690571340053
83690688167084	83690703245574	83690688060313
83690797060886	83690811532709	83690796960730
83690913335001	83690928156458	83690913119688
83691026006198	83691044778021	83691025794063
83691131492240	83691144742136	83691131401198
83691246673334	83691261343073	83691246572657
83691371998542	83691386285053	83691371820313
83691480452657	83691494575938	83691480183438
83691596844948	83691611216718	83691596675834
83691707390313	83691719487864	83691707170886
83691830986302	83691844410886	83691830890573
83691932690469	83691952692239	83691932491250
83692036749948	83692052645833	83692036658594
83692154115417	83692169222447	83692154012917
83692261632292	83692277483645	83692261531302
83692378972552	83692394072604	83692378868594
83692498981823	83692510667031	83692498770000
83692607270104	83692618950937	83692607064323
83692711637031	83692727212812	83692711538542
83692836321614	83692852109635	83692836131614
83692939143541	83692952053333	83692939032916
83693044770729	83693060319687	83693044658073
83693162408437	83693176925208	83693162297135
83693279522864	83693293521874	83693279421771
83693412630833	83693426785780	83693412493437
83693504354479	83693518411301	83693504151562
83693620812187	83693635001041	83693620690520
83693728284218	83693743276666	83693728165364
83693835244791	83693851542187	83693835143489
83693944820572	83693959810885	83693944706510
83694015083854	83694026427291	83694014942864
83694025978645	83694043081718	83694025851666
83694029230312	83694051409635	83694029174687
83694037661666	83694059740156	83694037592031
83694057884218	83694076396197	83694057797343
83694063366770	83694084724739	83694063283229
83694082749895	83694101379061	83694082682968
83694098526510	83694109706145	83694098444531
83694122556354	83694134685884	83694122415676
83694132589947	83694151340937	83694132537760
83694158710729	83694176318801	83694158609322
83694183056770	83694201299270	83694182969270
83694207420885	83694226281874	83694207331406
83694232886718	83694251262291	83694232807499
83694237688176	83694259590833	83694237634322
83694262795260	83694276247187	83694262713385
83694287875572	83694301229843	83694287790364
83694322314635	83694334542082	83694322246458
83694337768749	83694351196197	83694337684426
83694357993333	83694376181925	83694357925051
83694382604010	83694401164061	83694382531041
83694408477968	83694426145467	83694408405416
83694423425468	83694434473853	83694423359322
83694454175728	83694467783436	83694454082135
83694504230572	83694517741197	83694504130103
83694562574791	83694576028592	83694562482968
83694612248228	83694625986301	83694612150155
83694670915937	83694692593228	83694670810416
83694712923228	83694725899998	83694712820832
83694787241457	83694800831301	83694787145572
83694820424478	83694834139165	83694820332551
83694906888332	83694925714843	83694906781718
83694928573905	83694942366352	83694928497499
83695015655728	83695033959270	83695015560468
83695036887030	83695050611769	83695036814478
83695138406718	83695150551822	83695138253489
83695153035728	83695167209165	83695152963541
83695252599009	83695267171821	83695252476145
83695269949426	83695283832915	83695269870520
83695364123020	83695375470155	83695363964582
83695377976613	83695392136925	83695377903436
83695478364374	83695492094009	83695478216561
83695494652916	83695508754321	83695494582030
83695596349634	83695608731665	83695596245832
83695611335936	83695625391560	83695611268957
83695704819530	83695716990467	83695704718749
83695719957447	83695733649530	83695719869999
83695822819686	83695833615884	83695822672395
83695836264738	83695850274634	83695836200988
83695930503020	83695941902759	83695930382863
83695944938488	83695958560415	83695944861874
83696056147811	83696066836144	83696055987863
83696060993749	83696075165155	83696060951353
83696177909842	83696191802707	83696177770311
83696186220467	83696200134946	83696186146301
83696297056196	83696308440415	83696296860155
83696403517915	83696416726613	83696403414426
83696411453436	83696425058123	83696411389269
83696519165259	83696533356352	83696519056144
83696630200051	83696641639530	83696630093540
83696636172759	83696649969998	83696636134217
83696737583071	83696749916352	83696737401821
83696739139425	83696758244268	83696739098592

=== poll 1790328213.257168958
8333333
83691371998542	83691386285053	83691371820313
83691480452657	83691494575938	83691480183438
83691596844948	83691611216718	83691596675834
83691707390313	83691719487864	83691707170886
83691830986302	83691844410886	83691830890573
83691932690469	83691952692239	83691932491250
83692036749948	83692052645833	83692036658594
83692154115417	83692169222447	83692154012917
83692261632292	83692277483645	83692261531302
83692378972552	83692394072604	83692378868594
83692498981823	83692510667031	83692498770000
83692607270104	83692618950937	83692607064323
83692711637031	83692727212812	83692711538542
83692836321614	83692852109635	83692836131614
83692939143541	83692952053333	83692939032916
83693044770729	83693060319687	83693044658073
83693162408437	83693176925208	83693162297135
83693279522864	83693293521874	83693279421771
83693412630833	83693426785780	83693412493437
83693504354479	83693518411301	83693504151562
83693620812187	83693635001041	83693620690520
83693728284218	83693743276666	83693728165364
83693835244791	83693851542187	83693835143489
83693944820572	83693959810885	83693944706510
83694015083854	83694026427291	83694014942864
83694025978645	83694043081718	83694025851666
83694029230312	83694051409635	83694029174687
83694037661666	83694059740156	83694037592031
83694057884218	83694076396197	83694057797343
83694063366770	83694084724739	83694063283229
83694082749895	83694101379061	83694082682968
83694098526510	83694109706145	83694098444531
83694122556354	83694134685884	83694122415676
83694132589947	83694151340937	83694132537760
83694158710729	83694176318801	83694158609322
83694183056770	83694201299270	83694182969270
83694207420885	83694226281874	83694207331406
83694232886718	83694251262291	83694232807499
83694237688176	83694259590833	83694237634322
83694262795260	83694276247187	83694262713385
83694287875572	83694301229843	83694287790364
83694322314635	83694334542082	83694322246458
83694337768749	83694351196197	83694337684426
83694357993333	83694376181925	83694357925051
83694382604010	83694401164061	83694382531041
83694408477968	83694426145467	83694408405416
83694423425468	83694434473853	83694423359322
83694454175728	83694467783436	83694454082135
83694504230572	83694517741197	83694504130103
83694562574791	83694576028592	83694562482968
83694612248228	83694625986301	83694612150155
83694670915937	83694692593228	83694670810416
83694712923228	83694725899998	83694712820832
83694787241457	83694800831301	83694787145572
83694820424478	83694834139165	83694820332551
83694906888332	83694925714843	83694906781718
83694928573905	83694942366352	83694928497499
83695015655728	83695033959270	83695015560468
83695036887030	83695050611769	83695036814478
83695138406718	83695150551822	83695138253489
83695153035728	83695167209165	83695152963541
83695252599009	83695267171821	83695252476145
83695269949426	83695283832915	83695269870520
83695364123020	83695375470155	83695363964582
83695377976613	83695392136925	83695377903436
83695478364374	83695492094009	83695478216561
83695494652916	83695508754321	83695494582030
83695596349634	83695608731665	83695596245832
83695611335936	83695625391560	83695611268957
83695704819530	83695716990467	83695704718749
83695719957447	83695733649530	83695719869999
83695822819686	83695833615884	83695822672395
83695836264738	83695850274634	83695836200988
83695930503020	83695941902759	83695930382863
83695944938488	83695958560415	83695944861874
83696056147811	83696066836144	83696055987863
83696060993749	83696075165155	83696060951353
83696177909842	83696191802707	83696177770311
83696186220467	83696200134946	83696186146301
83696297056196	83696308440415	83696296860155
83696403517915	83696416726613	83696403414426
83696411453436	83696425058123	83696411389269
83696519165259	83696533356352	83696519056144
83696630200051	83696641639530	83696630093540
83696636172759	83696649969998	83696636134217
83696737583071	83696749916352	83696737401821
83696739139425	83696758244268	83696739098592
83696851736196	83696866511143	83696851628748
83696967264738	83696983097029	83696967156821
83697068725571	83697083019112	83697068629686
83697077965727	83697091348695	83697077890311
83697181406665	83697199616925	83697181296613
83697185977029	83697207946717	83697185878748
83697287735050	83697307911768	83697287571196
83697393179842	83697407861872	83697393028384
83697394699009	83697416192550	83697394673644
83697509820571	83697524470518	83697509705519
83697618700311	83697632742966	83697618604269
83697627409686	83697641072185	83697627355415
83697735123800	83697749348956	83697735011144
83697851714060	83697865942810	83697851505206
83697960175102	83697974217810	83697959944946
83698067423696	83698082517758	83698067302342
83698186463644	83698199117497	83698186336248
83698188025727	83698207445622	83698187984581
83698296146717	83698307388383	83698295934008
83698302418748	83698315718435	83698302332185
83698409965935	83698423997653	83698409775623
83698521289164	83698532271300	83698521123800
83698527411300	83698540601247	83698527343487
83698634046873	83698648875830	83698633902498
83698742454633	83698757158643	83698742351352
83698743978956	83698765490049	83698743949268
83698851093748	83698865445675	83698850932810
83698852708070	83698873774268	83698852659373
83698968790935	83698982051872	83698968697966
83699030066248	83699048672340	83699029978591
83699034961664	83699057000206	83699034890623
83699045110883	83699065331404	83699045058331
83699060399320	83699073661924	83699060336508
83699086230362	83699098650779	83699086144112
83699101294425	83699115310101	83699101218070
83699134988018	83699148625153	83699134884893
83699146713279	83699165280831	83699146646404
83699196901664	83699215265726	83699196801716
83699227461143	83699240256820	83699227380102
83699235084112	9223372036854775807	83699235013279

=== poll 1790328215.599006353
8333333
83695138406718	83695150551822	83695138253489
83695153035728	83695167209165	83695152963541
83695252599009	83695267171821	83695252476145
83695269949426	83695283832915	83695269870520
83695364123020	83695375470155	83695363964582
83695377976613	83695392136925	83695377903436
83695478364374	83695492094009	83695478216561
83695494652916	83695508754321	83695494582030
83695596349634	83695608731665	83695596245832
83695611335936	83695625391560	83695611268957
83695704819530	83695716990467	83695704718749
83695719957447	83695733649530	83695719869999
83695822819686	83695833615884	83695822672395
83695836264738	83695850274634	83695836200988
83695930503020	83695941902759	83695930382863
83695944938488	83695958560415	83695944861874
83696056147811	83696066836144	83696055987863
83696060993749	83696075165155	83696060951353
83696177909842	83696191802707	83696177770311
83696186220467	83696200134946	83696186146301
83696297056196	83696308440415	83696296860155
83696403517915	83696416726613	83696403414426
83696411453436	83696425058123	83696411389269
83696519165259	83696533356352	83696519056144
83696630200051	83696641639530	83696630093540
83696636172759	83696649969998	83696636134217
83696737583071	83696749916352	83696737401821
83696739139425	83696758244268	83696739098592
83696851736196	83696866511143	83696851628748
83696967264738	83696983097029	83696967156821
83697068725571	83697083019112	83697068629686
83697077965727	83697091348695	83697077890311
83697181406665	83697199616925	83697181296613
83697185977029	83697207946717	83697185878748
83697287735050	83697307911768	83697287571196
83697393179842	83697407861872	83697393028384
83697394699009	83697416192550	83697394673644
83697509820571	83697524470518	83697509705519
83697618700311	83697632742966	83697618604269
83697627409686	83697641072185	83697627355415
83697735123800	83697749348956	83697735011144
83697851714060	83697865942810	83697851505206
83697960175102	83697974217810	83697959944946
83698067423696	83698082517758	83698067302342
83698186463644	83698199117497	83698186336248
83698188025727	83698207445622	83698187984581
83698296146717	83698307388383	83698295934008
83698302418748	83698315718435	83698302332185
83698409965935	83698423997653	83698409775623
83698521289164	83698532271300	83698521123800
83698527411300	83698540601247	83698527343487
83698634046873	83698648875830	83698633902498
83698742454633	83698757158643	83698742351352
83698743978956	83698765490049	83698743949268
83698851093748	83698865445675	83698850932810
83698852708070	83698873774268	83698852659373
83698968790935	83698982051872	83698968697966
83699030066248	83699048672340	83699029978591
83699034961664	83699057000206	83699034890623
83699045110883	83699065331404	83699045058331
83699060399320	83699073661924	83699060336508
83699086230362	83699098650779	83699086144112
83699101294425	83699115310101	83699101218070
83699134988018	83699148625153	83699134884893
83699146713279	83699165280831	83699146646404
83699196901664	83699215265726	83699196801716
83699227461143	83699240256820	83699227380102
83699235084112	83699248587132	83699235013279
83699268720414	83699281906404	83699268600518
83699297162341	83699315225883	83699297053383
83699302806924	83699323555517	83699302746352
83699326889997	83699340211351	83699326818331
83699352015831	83699365195258	83699351896820
83699362439164	83699373525309	83699362380570
83699401932341	83699415165101	83699401821924
83699427493747	83699440153591	83699427379685
83699452814945	83699465139476	83699452735518
83699461728435	83699473469476	83699461656091
83699497027549	83699515115830	83699496924685
83699522674945	83699540103018	83699522583643
83699527497029	83699548431716	83699527446872
83699552589789	83699565094892	83699552516612
83699577071976	83699590088591	83699576991664
83699586667654	83699598420882	83699586608174
83699627121664	83699640067913	83699627023956
83699636700310	83699648395413	83699636621456
83699659725154	83699673377081	83699659652445
83699684596299	83699698361038	83699684527393
83699751205206	83699773310882	83699751120101
83699793214685	83699806621507	83699793128122
83699851946872	83699864916351	83699851850726
83699859378070	83699873242028	83699859339060
83699901414112	83699914877341	83699901340935
83699955663955	83699973164996	83699955550518
83699968201976	83699981493070	83699968099112
83700017710362	83700031465778	83700017620622
83700067846455	83700081445778	83700067765883
83700126103330	83700139748434	83700126021716
83700176097185	83700189732080	83700175995830
83700246444320	83700264683382	83700246339060
83700284423591	83700297993173	83700284326247
83700292554632	83700306320778	83700292487862
83700362519945	83700381269215	83700362429528
83700409090414	83700422911767	83700409002862
83700476831091	83700489548121	83700476731143
83700521121039	83700539521403	83700520996351
83700525460726	83700547851195	83700525425257
83700594171455	83700606150413	83700594065101
83700638608539	83700656109527	83700638498903
83700642408695	83700664436351	83700642360726
83700714195934	83700731068018	83700714098955
83700751640674	83700764376611	83700751562236
83700758847757	83700772702965	83700758798695
83700831203643	83700847664267	83700831102861
83700900879997	83700922605257	83700900793538
83700934549632	83700947582132	83700934440309
83700983814111	83700997554059	83700983721195
83701062813018	83701080835152	83701062702393
83701092315049	83701105821454	83701092223174
83701100315361	83701114149059	83701100256195
83701211047132	83701222418486	83701210901768
83701217225986	83701230748173	83701217158382
83701309269163	83701322362392	83701309175934
83701325306872	83701339019631	83701325239007
83701453721038	83701472273746	83701453577444
83701455331038	83701480601871	83701455290622
83701463838694	83701488931403	83701458000309

=== poll 1790328217.892075258
8333333
83698186463644	83698199117497	83698186336248
83698188025727	83698207445622	83698187984581
83698296146717	83698307388383	83698295934008
83698302418748	83698315718435	83698302332185
83698409965935	83698423997653	83698409775623
83698521289164	83698532271300	83698521123800
83698527411300	83698540601247	83698527343487
83698634046873	83698648875830	83698633902498
83698742454633	83698757158643	83698742351352
83698743978956	83698765490049	83698743949268
83698851093748	83698865445675	83698850932810
83698852708070	83698873774268	83698852659373
83698968790935	83698982051872	83698968697966
83699030066248	83699048672340	83699029978591
83699034961664	83699057000206	83699034890623
83699045110883	83699065331404	83699045058331
83699060399320	83699073661924	83699060336508
83699086230362	83699098650779	83699086144112
83699101294425	83699115310101	83699101218070
83699134988018	83699148625153	83699134884893
83699146713279	83699165280831	83699146646404
83699196901664	83699215265726	83699196801716
83699227461143	83699240256820	83699227380102
83699235084112	83699248587132	83699235013279
83699268720414	83699281906404	83699268600518
83699297162341	83699315225883	83699297053383
83699302806924	83699323555517	83699302746352
83699326889997	83699340211351	83699326818331
83699352015831	83699365195258	83699351896820
83699362439164	83699373525309	83699362380570
83699401932341	83699415165101	83699401821924
83699427493747	83699440153591	83699427379685
83699452814945	83699465139476	83699452735518
83699461728435	83699473469476	83699461656091
83699497027549	83699515115830	83699496924685
83699522674945	83699540103018	83699522583643
83699527497029	83699548431716	83699527446872
83699552589789	83699565094892	83699552516612
83699577071976	83699590088591	83699576991664
83699586667654	83699598420882	83699586608174
83699627121664	83699640067913	83699627023956
83699636700310	83699648395413	83699636621456
83699659725154	83699673377081	83699659652445
83699684596299	83699698361038	83699684527393
83699751205206	83699773310882	83699751120101
83699793214685	83699806621507	83699793128122
83699851946872	83699864916351	83699851850726
83699859378070	83699873242028	83699859339060
83699901414112	83699914877341	83699901340935
83699955663955	83699973164996	83699955550518
83699968201976	83699981493070	83699968099112
83700017710362	83700031465778	83700017620622
83700067846455	83700081445778	83700067765883
83700126103330	83700139748434	83700126021716
83700176097185	83700189732080	83700175995830
83700246444320	83700264683382	83700246339060
83700284423591	83700297993173	83700284326247
83700292554632	83700306320778	83700292487862
83700362519945	83700381269215	83700362429528
83700409090414	83700422911767	83700409002862
83700476831091	83700489548121	83700476731143
83700521121039	83700539521403	83700520996351
83700525460726	83700547851195	83700525425257
83700594171455	83700606150413	83700594065101
83700638608539	83700656109527	83700638498903
83700642408695	83700664436351	83700642360726
83700714195934	83700731068018	83700714098955
83700751640674	83700764376611	83700751562236
83700758847757	83700772702965	83700758798695
83700831203643	83700847664267	83700831102861
83700900879997	83700922605257	83700900793538
83700934549632	83700947582132	83700934440309
83700983814111	83700997554059	83700983721195
83701062813018	83701080835152	83701062702393
83701092315049	83701105821454	83701092223174
83701100315361	83701114149059	83701100256195
83701211047132	83701222418486	83701210901768
83701217225986	83701230748173	83701217158382
83701309269163	83701322362392	83701309175934
83701325306872	83701339019631	83701325239007
83701453721038	83701472273746	83701453577444
83701455331038	83701480601871	83701455290622
83701463838694	83701488931403	83701458000309
83701561503174	83701580545569	83701561365986
83701563358851	83701588875517	83701563306090
83701572181455	83701597205204	83701566301090
83701661769476	83701680502079	83701661626090
83701666672549	83701688831819	83701666611038
83701753620309	83701772129996	83701753468382
83701768027080	83701780462184	83701767952549
83701774679111	83701788793173	83701774622757
83701844988955	83701863769006	83701844904424
83701899272184	83701913735100	83701883419476
83701954262184	83701972034110	83701954170309
83702007562392	83702022015257	83701994477340
83702016412236	83702030346298	83702016348590
83702088270413	83702105318173	83702088158642
83702159918538	83702171965100	83702159823069
83702179627913	83702196958329	83702179555257
83702301557288	83702313565830	83702301407496
83702303264423	83702321895100	83702303228850
83702466928434	83702480152131	83702466809423
83702478441559	83702496811298	83702478381819
83702616151350	83702630088590	83702615998538
83702617998746	83702638418589	83702617952548
83702642029840	83702655077340	83702641963173
83702760970517	83702780016090	83702760831298
83702767460256	83702788346506	83702767395152
83702912747496	83702929947964	83702912587600
83702918320204	83702938279735	83702918270934
83702944661090	83702963271558	83702944570204
83703054086975	83703071554840	83703053979527
83703068059944	83703079885933	83703067982131
83703225521298	83703238143693	83703225373798
83703227552131	83703246474839	83703227507913
83703242933433	83703254804474	83703242856767
83703388156402	83703404738224	83703388040777
83703394990465	83703413068172	83703394914319
83703408220412	83703421398172	83703408155985
83703510380048	83703521363120	83703510262131
83703528321975	83703546354735	83703528241871
83703542685204	83703554688068	83703542603798
83703605425204	83703621336662	83703605331298
83703659921298	83703671317339	83703659832444
83703682974892	83703696306297	83703682882079
83703777689267	83703796263380	83703777575517
83703843658902	83703854564578	83703843564475

=== poll 1790328220.206458017
8333333
83700831203643	83700847664267	83700831102861
83700900879997	83700922605257	83700900793538
83700934549632	83700947582132	83700934440309
83700983814111	83700997554059	83700983721195
83701062813018	83701080835152	83701062702393
83701092315049	83701105821454	83701092223174
83701100315361	83701114149059	83701100256195
83701211047132	83701222418486	83701210901768
83701217225986	83701230748173	83701217158382
83701309269163	83701322362392	83701309175934
83701325306872	83701339019631	83701325239007
83701453721038	83701472273746	83701453577444
83701455331038	83701480601871	83701455290622
83701463838694	83701488931403	83701458000309
83701561503174	83701580545569	83701561365986
83701563358851	83701588875517	83701563306090
83701572181455	83701597205204	83701566301090
83701661769476	83701680502079	83701661626090
83701666672549	83701688831819	83701666611038
83701753620309	83701772129996	83701753468382
83701768027080	83701780462184	83701767952549
83701774679111	83701788793173	83701774622757
83701844988955	83701863769006	83701844904424
83701899272184	83701913735100	83701883419476
83701954262184	83701972034110	83701954170309
83702007562392	83702022015257	83701994477340
83702016412236	83702030346298	83702016348590
83702088270413	83702105318173	83702088158642
83702159918538	83702171965100	83702159823069
83702179627913	83702196958329	83702179555257
83702301557288	83702313565830	83702301407496
83702303264423	83702321895100	83702303228850
83702466928434	83702480152131	83702466809423
83702478441559	83702496811298	83702478381819
83702616151350	83702630088590	83702615998538
83702617998746	83702638418589	83702617952548
83702642029840	83702655077340	83702641963173
83702760970517	83702780016090	83702760831298
83702767460256	83702788346506	83702767395152
83702912747496	83702929947964	83702912587600
83702918320204	83702938279735	83702918270934
83702944661090	83702963271558	83702944570204
83703054086975	83703071554840	83703053979527
83703068059944	83703079885933	83703067982131
83703225521298	83703238143693	83703225373798
83703227552131	83703246474839	83703227507913
83703242933433	83703254804474	83703242856767
83703388156402	83703404738224	83703388040777
83703394990465	83703413068172	83703394914319
83703408220412	83703421398172	83703408155985
83703510380048	83703521363120	83703510262131
83703528321975	83703546354735	83703528241871
83703542685204	83703554688068	83703542603798
83703605425204	83703621336662	83703605331298
83703659921298	83703671317339	83703659832444
83703682974892	83703696306297	83703682882079
83703777689267	83703796263380	83703777575517
83703843658902	83703854564578	83703843564475
83703893617704	83703904541089	83703893512652
83704001037287	83704012846141	83704000924319
83704032851246	83704046171922	83704032746819
83704078105881	83704096167235	83704078000308
83704175165985	83704187821506	83704175048902
83704202729475	83704221147964	83704202637183
83704323676245	83704337780099	83704323520829
83704325602495	83704346110985	83704325548745
83704368154266	83704379437704	83704368068745
83704499162027	83704512740047	83704499043068
83704500678485	83704521072235	83704500648589
83704552499735	83704571066974	83704552424058
83704557336610	83704579400984	83704557297756
83704601794422	83704612736245	83704601732287
83704612162495	83704629402391	83704612120777
83704662374318	83704679391505	83704662234943
83704667540933	83704687724110	83704667485829
83704712316558	83704729383849	83704712236610
83704716893641	83704737716036	83704716860620
83704727049735	83704746047755	83704727011141
83704767479995	83704779367599	83704767412183
83704776859266	83704787697495	83704776793797
83704817258433	83704829354474	83704817177495
83704827145308	83704837686714	83704827081922
83704831920412	83704846019266	83704831883589
83704867443381	83704879343589	83704867326558
83704877085099	83704887676037	83704877034006
83704891943537	83704904340255	83704891891714
83704917634735	83704929334214	83704917570829
83704926891193	83704937666244	83704926827964
83704932804891	83704945997546	83704932739266
83704977005412	83704987660046	83704976911349
83704982555464	83704995995984	83704982479370
83705027657131	83705045988172	83705027593849
83705032275412	83705054319526	83705032208693
83705041882443	83705062651818	83705041843641
83705082617495	83705095978171	83705082534683
83705092174683	83705104309474	83705092130985
83705132532704	83705145964631	83705132452964
83705142650204	83705154294943	83705142583641
83705182691193	83705195955828	83705182602391
83705192416922	83705204288120	83705192348901
83705201825776	83705212620984	83705201787912
83705206893381	83705220952599	83705206859474
83705301186089	83705312616401	83705301052808
83705303116401	83705320948380	83705303070516
83705331886870	83705345938693	83705331811453
83705409051193	83705420920047	83705408920516
83705434082547	83705445911869	83705433999630
83705525377912	83705537551869	83705525220568
83705527226714	83705545884630	83705527177183
83705548501141	83705562549109	83705548437860
83705639933485	83705654210724	83705639832755
83705652785880	83705670877495	83705652704839
83705656896245	83705679210776	83705656819578
83705758640724	83705770870724	83705758452339
83705761041089	83705779203589	83705760993745
83705773492443	83705787536088	83705773439995
83705865049787	83705879196869	83705864943068
83705873936141	83705887530411	83705873870932
83705881738016	83705895863172	83705881684995
83705994641870	83706012534786	83705994484526
83705999554109	83706020871349	83705999500412
83706006727078	83706029207547	83706006681766
83706083280724	83706095888693	83706083148328
83706093932130	83706112557494	83706093731870
83706098516609	83706120893276	83706098460464
83706190593641	83706204237390	83706190498536
83706206836557	9223372036854775807	83706206756818

=== poll 1790328222.550536610
8333333
83703242933433	83703254804474	83703242856767
83703388156402	83703404738224	83703388040777
83703394990465	83703413068172	83703394914319
83703408220412	83703421398172	83703408155985
83703510380048	83703521363120	83703510262131
83703528321975	83703546354735	83703528241871
83703542685204	83703554688068	83703542603798
83703605425204	83703621336662	83703605331298
83703659921298	83703671317339	83703659832444
83703682974892	83703696306297	83703682882079
83703777689267	83703796263380	83703777575517
83703843658902	83703854564578	83703843564475
83703893617704	83703904541089	83703893512652
83704001037287	83704012846141	83704000924319
83704032851246	83704046171922	83704032746819
83704078105881	83704096167235	83704078000308
83704175165985	83704187821506	83704175048902
83704202729475	83704221147964	83704202637183
83704323676245	83704337780099	83704323520829
83704325602495	83704346110985	83704325548745
83704368154266	83704379437704	83704368068745
83704499162027	83704512740047	83704499043068
83704500678485	83704521072235	83704500648589
83704552499735	83704571066974	83704552424058
83704557336610	83704579400984	83704557297756
83704601794422	83704612736245	83704601732287
83704612162495	83704629402391	83704612120777
83704662374318	83704679391505	83704662234943
83704667540933	83704687724110	83704667485829
83704712316558	83704729383849	83704712236610
83704716893641	83704737716036	83704716860620
83704727049735	83704746047755	83704727011141
83704767479995	83704779367599	83704767412183
83704776859266	83704787697495	83704776793797
83704817258433	83704829354474	83704817177495
83704827145308	83704837686714	83704827081922
83704831920412	83704846019266	83704831883589
83704867443381	83704879343589	83704867326558
83704877085099	83704887676037	83704877034006
83704891943537	83704904340255	83704891891714
83704917634735	83704929334214	83704917570829
83704926891193	83704937666244	83704926827964
83704932804891	83704945997546	83704932739266
83704977005412	83704987660046	83704976911349
83704982555464	83704995995984	83704982479370
83705027657131	83705045988172	83705027593849
83705032275412	83705054319526	83705032208693
83705041882443	83705062651818	83705041843641
83705082617495	83705095978171	83705082534683
83705092174683	83705104309474	83705092130985
83705132532704	83705145964631	83705132452964
83705142650204	83705154294943	83705142583641
83705182691193	83705195955828	83705182602391
83705192416922	83705204288120	83705192348901
83705201825776	83705212620984	83705201787912
83705206893381	83705220952599	83705206859474
83705301186089	83705312616401	83705301052808
83705303116401	83705320948380	83705303070516
83705331886870	83705345938693	83705331811453
83705409051193	83705420920047	83705408920516
83705434082547	83705445911869	83705433999630
83705525377912	83705537551869	83705525220568
83705527226714	83705545884630	83705527177183
83705548501141	83705562549109	83705548437860
83705639933485	83705654210724	83705639832755
83705652785880	83705670877495	83705652704839
83705656896245	83705679210776	83705656819578
83705758640724	83705770870724	83705758452339
83705761041089	83705779203589	83705760993745
83705773492443	83705787536088	83705773439995
83705865049787	83705879196869	83705864943068
83705873936141	83705887530411	83705873870932
83705881738016	83705895863172	83705881684995
83705994641870	83706012534786	83705994484526
83705999554109	83706020871349	83705999500412
83706006727078	83706029207547	83706006681766
83706083280724	83706095888693	83706083148328
83706093932130	83706112557494	83706093731870
83706098516609	83706120893276	83706098460464
83706190593641	83706204237390	83706190498536
83706206836557	83706220903640	83706206756818
83706327097807	83706345880411	83706327004734
83706348542807	83706362546817	83706348441349
83706442361713	83706454210723	83706442193797
83706446161818	83706462545619	83706446112963
83706456630672	83706470879682	83706456575463
83706540789109	83706554195567	83706540696297
83706549693328	83706562525984	83706549615411
83706644760255	83706662508692	83706644691713
83706662675880	83706679167806	83706662537807
83706676215255	83706687498692	83706676116193
83706767753849	83706779149056	83706767301192
83706776683120	83706787484212	83706776622755
83706952790463	83706970786764	83706952667234
83706957912130	83706979119161	83706957847390
83706998850567	83707012440880	83706998768536
83707106184682	83707120742650	83707106042338
83707107980932	83707129072338	83707107936817
83707115121713	83707137402078	83707115065515
83707215701401	83707229027806	83707215558953
83707217586869	83707237358171	83707217538744
83707223896713	83707245687285	83707223840932
83707335311557	83707353980150	83707335156036
83707337230984	83707362308483	83707337184786
83707348204005	83707370637598	83707348156973
83707423533953	83707437281452	83707423427598
83707448528328	83707462269837	83707448455411
83707566124578	83707578884212	83707565971921
83707567958796	83707587213536	83707567915255
83707664175255	83707678852494	83707664066348
83707675356400	83707687184577	83707675292182
83707681445463	83707695517077	83707681404317
83707797888432	83707812152233	83707797783744
83707814851505	83707828815671	83707814757650
83707824819734	83707837145618	83707824763275
83707885927182	83707903800515	83707885836036
83707907012338	83707920466920	83707906934525
83708031443796	83708045440827	83708031340202
83708033181400	83708053771921	83708033101088
83708111003327	83708128759473	83708110882963
83708125051713	83708137090671	83708124988275
83708248589994	83708262061036	83708248421817
83708340799681	83708353703014	83708340720671
83708347990567	83708362034786	83708347931817
83708449734108	83708462008119	83708449606140
83708451639838	83708470340306	83708451595983
83708456088483	83708478671921	83708456040098

=== poll 1790328224.839505568
8333333
83705994641870	83706012534786	83705994484526
83705999554109	83706020871349	83705999500412
83706006727078	83706029207547	83706006681766
83706083280724	83706095888693	83706083148328
83706093932130	83706112557494	83706093731870
83706098516609	83706120893276	83706098460464
83706190593641	83706204237390	83706190498536
83706206836557	83706220903640	83706206756818
83706327097807	83706345880411	83706327004734
83706348542807	83706362546817	83706348441349
83706442361713	83706454210723	83706442193797
83706446161818	83706462545619	83706446112963
83706456630672	83706470879682	83706456575463
83706540789109	83706554195567	83706540696297
83706549693328	83706562525984	83706549615411
83706644760255	83706662508692	83706644691713
83706662675880	83706679167806	83706662537807
83706676215255	83706687498692	83706676116193
83706767753849	83706779149056	83706767301192
83706776683120	83706787484212	83706776622755
83706952790463	83706970786764	83706952667234
83706957912130	83706979119161	83706957847390
83706998850567	83707012440880	83706998768536
83707106184682	83707120742650	83707106042338
83707107980932	83707129072338	83707107936817
83707115121713	83707137402078	83707115065515
83707215701401	83707229027806	83707215558953
83707217586869	83707237358171	83707217538744
83707223896713	83707245687285	83707223840932
83707335311557	83707353980150	83707335156036
83707337230984	83707362308483	83707337184786
83707348204005	83707370637598	83707348156973
83707423533953	83707437281452	83707423427598
83707448528328	83707462269837	83707448455411
83707566124578	83707578884212	83707565971921
83707567958796	83707587213536	83707567915255
83707664175255	83707678852494	83707664066348
83707675356400	83707687184577	83707675292182
83707681445463	83707695517077	83707681404317
83707797888432	83707812152233	83707797783744
83707814851505	83707828815671	83707814757650
83707824819734	83707837145618	83707824763275
83707885927182	83707903800515	83707885836036
83707907012338	83707920466920	83707906934525
83708031443796	83708045440827	83708031340202
83708033181400	83708053771921	83708033101088
83708111003327	83708128759473	83708110882963
83708125051713	83708137090671	83708124988275
83708248589994	83708262061036	83708248421817
83708340799681	83708353703014	83708340720671
83708347990567	83708362034786	83708347931817
83708449734108	83708462008119	83708449606140
83708451639838	83708470340306	83708451595983
83708456088483	83708478671921	83708456040098
83708564711869	83708578655827	83708564555671
83708567137181	83708586989733	83708567071140
83708573295306	83708595322910	83708573235358
83708681963848	83708695325775	83708681783223
83708683840306	83708703658431	83708683790723
83708777138119	83708795313118	83708777025410
83708779238744	83708803644525	83708779177754
83708792466452	83708811976399	83708792410306
83708806476504	83708820309108	83708806407598
83708883696348	83708895298274	83708883577806
83708898842285	83708911959941	83708898757233
83708907974421	83708920291139	83708907913640
83708943394421	83708961947389	83708943274317
83708953870254	83708970278379	83708953777702
83709008124681	83709020265722	83709008036087
83709018688483	83709036925827	83709018612910
83709043435202	83709061916973	83709043349890
83709098457442	83709111886035	83709098362754
83709118195567	83709136873744	83709118139473
83709143733431	83709161863274	83709143656139
83709183575775	83709195186712	83709183423223
83709198489942	83709211845722	83709198424369
83709217903171	83709228505462	83709217838744
83709244063483	83709261825670	83709243946296
83709293585202	83709311803847	83709293469369
83709298015254	83709320133223	83709297950983
83709308607337	83709328464941	83709308554941
83709333504577	83709345123899	83709333435931
83709358835619	83709370117441	83709358753691
83709393032181	83709411779577	83709392949681
83709417941087	83709436773066	83709417852546
83709433491348	83709445105618	83709433428848
83709457719837	83709470099160	83709457655671
83709508402910	83709520078482	83709508295723
83709543151348	83709561725930	83709543073275
83709568549264	83709586716868	83709568483066
83709608744473	83709620033326	83709608642493
83709623483952	83709636687493	83709623393952
83709648091348	83709661672493	83709647982025
83709668835723	83709686658066	83709668761504
83709693472702	83709711645306	83709693401973
83709718041868	83709736633378	83709717935462
83709758075254	83709769945879	83709757990827
83709764810827	83709778274993	83709764739420
83709781340410	83709794932389	83709781263118
83709822911243	83709836571920	83709822783639
83709873044004	83709886552858	83709872961660
83710000652493	83710011504524	83710000539577
83710059807754	83710078139160	83710059721400
83710069884368	83710086468534	83710069823327
83710176946556	83710194755513	83710176839837
83710199271035	83710211415357	83710199196764
83710208242077	83710219745722	83710208170774
83710339179733	83710353002389	83710339062129
83710359174629	83710377989524	83710359087962
83710405202545	83710419637701	83710397803795
83710473513014	83710486270096	83710473413899
83710523995045	83710536247285	83710523907337
83710533244837	83710544575878	83710533191816
83710580119837	83710594547441	83710573153587
83710583025306	83710602874941	83710582980618
83710592848014	83710611204472	83710592786608
83710623370045	83710636193066	83710623311243
83710633350774	83710644521399	83710633306816
83710642836660	83710661177493	83710642795514
83710696726399	83710711161295	83710682819368
83710699003587	83710719494628	83710698948118
83710705513587	83710727827649	83710705462910
83710756256972	83710769478951	83710756165826
83710764807128	83710777807336	83710764742493
83710775122910	83710786134003	83710775041191
83710799932962	83710811114472	83710799851243
83710824927701	83710836094263	83710824837545

=== poll 1790328227.219986661
8333333
83709018688483	83709036925827	83709018612910
83709043435202	83709061916973	83709043349890
83709098457442	83709111886035	83709098362754
83709118195567	83709136873744	83709118139473
83709143733431	83709161863274	83709143656139
83709183575775	83709195186712	83709183423223
83709198489942	83709211845722	83709198424369
83709217903171	83709228505462	83709217838744
83709244063483	83709261825670	83709243946296
83709293585202	83709311803847	83709293469369
83709298015254	83709320133223	83709297950983
83709308607337	83709328464941	83709308554941
83709333504577	83709345123899	83709333435931
83709358835619	83709370117441	83709358753691
83709393032181	83709411779577	83709392949681
83709417941087	83709436773066	83709417852546
83709433491348	83709445105618	83709433428848
83709457719837	83709470099160	83709457655671
83709508402910	83709520078482	83709508295723
83709543151348	83709561725930	83709543073275
83709568549264	83709586716868	83709568483066
83709608744473	83709620033326	83709608642493
83709623483952	83709636687493	83709623393952
83709648091348	83709661672493	83709647982025
83709668835723	83709686658066	83709668761504
83709693472702	83709711645306	83709693401973
83709718041868	83709736633378	83709717935462
83709758075254	83709769945879	83709757990827
83709764810827	83709778274993	83709764739420
83709781340410	83709794932389	83709781263118
83709822911243	83709836571920	83709822783639
83709873044004	83709886552858	83709872961660
83710000652493	83710011504524	83710000539577
83710059807754	83710078139160	83710059721400
83710069884368	83710086468534	83710069823327
83710176946556	83710194755513	83710176839837
83710199271035	83710211415357	83710199196764
83710208242077	83710219745722	83710208170774
83710339179733	83710353002389	83710339062129
83710359174629	83710377989524	83710359087962
83710405202545	83710419637701	83710397803795
83710473513014	83710486270096	83710473413899
83710523995045	83710536247285	83710523907337
83710533244837	83710544575878	83710533191816
83710580119837	83710594547441	83710573153587
83710583025306	83710602874941	83710582980618
83710592848014	83710611204472	83710592786608
83710623370045	83710636193066	83710623311243
83710633350774	83710644521399	83710633306816
83710642836660	83710661177493	83710642795514
83710696726399	83710711161295	83710682819368
83710699003587	83710719494628	83710698948118
83710705513587	83710727827649	83710705462910
83710756256972	83710769478951	83710756165826
83710764807128	83710777807336	83710764742493
83710775122910	83710786134003	83710775041191
83710799932962	83710811114472	83710799851243
83710824927701	83710836094263	83710824837545
83710871676191	83710886058014	83710857242441
83710881768274	83710894386035	83710881691712
83710926194108	83710944356607	83710926050566
83710986133222	83711002661086	83710986055878
83711000354264	83711010990357	83711000285983
83711005422076	83711019318326	83711005364785
83711025362024	83711035975461	83711025271295
83711040785253	83711052631711	83711040638066
83711100668535	83711119269368	83711100530566
83711110279003	83711127602128	83711110170618
83711116737649	83711135935148	83711116657337
83711150514055	83711169260513	83711150445670
83711215690982	83711227575929	83711215602649
83711230783535	83711244243118	83711230723951
83711264791087	83711277571711	83711264716295
83711300284889	83711319226607	83711300191972
83711310685514	83711327558951	83711310640670
83711340299941	83711352557701	83711340224107
83711366503222	83711377558326	83711366400566
83711413971659	83711427561347	83711413868378
83711440212545	83711452556606	83711440124889
83711465602441	83711477550930	83711465532024
83711530739159	83711544203273	83711530651555
83711541503639	83711552533898	83711541446399
83711565737857	83711577528065	83711565655722
83711590788639	83711602516763	83711590707701
83711649303222	83711660826711	83711649211191
83711660928795	83711677487597	83711660850461
83711680697753	83711694147701	83711680608743
83711706264263	83711719134732	83711706163795
83711775373743	83711794094679	83711775264993
83711780759159	83711802424263	83711780696295
83711805614003	83711819083847	83711805541972
83711872229993	83711885719107	83711872136086
83711905230357	83711919037649	83711905153222
83711980436659	83711993997024	83711980338222
83712013553222	83712027313533	83712013475461
83712081220149	83712093948378	83712081125461
83712090145878	83712102276867	83712090084055
83712121903274	83712135593117	83712121824420
83712212903170	83712227221398	83712212807597
83712229816659	83712243883482	83712229743534
83712320155982	83712335532075	83712320030774
83712329665097	83712343864940	83712329609732
83712428850930	83712443859471	83712428757597
83712505142492	83712518850512	83712505012024
83712588548065	83712602192856	83712588452336
83712624523846	83712635529158	83712624449628
83712689636242	83712702193742	83712689550826
83712751285357	83712768859731	83712751181815
83712789915149	83712802195461	83712789825878
83712816182596	83712827195461	83712816102440
83712909328273	83712927182179	83712909202232
83712911141659	83712935515304	83712911097961
83712964399940	83712977177492	83712964264992
83712988571034	83713002171606	83712988478586
83713013335148	83713027165669	83713013242753
83713023311919	83713035498169	83713023210357
83713048524055	83713060496137	83713048434107
83713058349732	83713077157543	83713058279419
83713073486190	83713085489888	83713073387284
83713088932544	83713102154158	83713088851242
83713098318325	83713110487492	83713098261138
83713108709523	83713127155460	83713108645096
83713113717492	83713135489627	83713113627128
83713125436190	83713143824106	83713125378013
83713155543690	83713168824210	83713155463950
83713175711971	83713193824419	83713175597284
83713190805305	83713202158272	83713190738013

=== poll 1790328229.562807754
8333333
83711340299941	83711352557701	83711340224107
83711366503222	83711377558326	83711366400566
83711413971659	83711427561347	83711413868378
83711440212545	83711452556606	83711440124889
83711465602441	83711477550930	83711465532024
83711530739159	83711544203273	83711530651555
83711541503639	83711552533898	83711541446399
83711565737857	83711577528065	83711565655722
83711590788639	83711602516763	83711590707701
83711649303222	83711660826711	83711649211191
83711660928795	83711677487597	83711660850461
83711680697753	83711694147701	83711680608743
83711706264263	83711719134732	83711706163795
83711775373743	83711794094679	83711775264993
83711780759159	83711802424263	83711780696295
83711805614003	83711819083847	83711805541972
83711872229993	83711885719107	83711872136086
83711905230357	83711919037649	83711905153222
83711980436659	83711993997024	83711980338222
83712013553222	83712027313533	83712013475461
83712081220149	83712093948378	83712081125461
83712090145878	83712102276867	83712090084055
83712121903274	83712135593117	83712121824420
83712212903170	83712227221398	83712212807597
83712229816659	83712243883482	83712229743534
83712320155982	83712335532075	83712320030774
83712329665097	83712343864940	83712329609732
83712428850930	83712443859471	83712428757597
83712505142492	83712518850512	83712505012024
83712588548065	83712602192856	83712588452336
83712624523846	83712635529158	83712624449628
83712689636242	83712702193742	83712689550826
83712751285357	83712768859731	83712751181815
83712789915149	83712802195461	83712789825878
83712816182596	83712827195461	83712816102440
83712909328273	83712927182179	83712909202232
83712911141659	83712935515304	83712911097961
83712964399940	83712977177492	83712964264992
83712988571034	83713002171606	83712988478586
83713013335148	83713027165669	83713013242753
83713023311919	83713035498169	83713023210357
83713048524055	83713060496137	83713048434107
83713058349732	83713077157543	83713058279419
83713073486190	83713085489888	83713073387284
83713088932544	83713102154158	83713088851242
83713098318325	83713110487492	83713098261138
83713108709523	83713127155460	83713108645096
83713113717492	83713135489627	83713113627128
83713125436190	83713143824106	83713125378013
83713155543690	83713168824210	83713155463950
83713175711971	83713193824419	83713175597284
83713190805305	83713202158272	83713190738013
83713225479159	83713243820565	83713225324055
83713230073534	83713252153794	83713230025513
83713247030357	83713260487127	83713246954419
83713392561555	83713410440044	83713392470357
83713396953534	83713418771033	83713396895565
83713417805461	83713435433898	83713417687596
83713447080773	83713460426971	83713447011190
83713457492492	83713468759991	83713457420096
83713467225669	83713485421085	83713467172388
83713472324107	83713493751085	83713472290721
83713492769002	83713510412908	83713492711190
83713517073169	83713535398481	83713516966867
83713532414471	83713543725877	83713532363273
83713547499315	83713560383533	83713547456607
83713567535773	83713585375668	83713567478690
83713582589211	83713593706189	83713582542752
83713596441034	83713610366815	83713596383690
83713632874054	83713643683637	83713632801919
83713668177648	83713685332595	83713668091398
83713679720304	83713693663794	83713679669836
83713747705461	83713760315200	83713747620252
83713788394627	83713801974054	83713788306502
83713859780200	83713876960147	83713859683534
83713896752804	83713910289627	83713896603742
83713975362596	83713993601190	83713975231554
83713989405721	83714001931346	83713989327908
83714004799263	83714018592544	83714004737908
83714099374783	83714110241554	83714099244211
83714106978429	83714118574835	83714106923117
83714121063377	83714135240356	83714121005825
83714213137596	83714226900981	83714212993377
83714224845877	83714243564001	83714224779106
83714229538065	83714251896449	83714229489940
83714340669210	83714351890044	83714340519627
83714346237544	83714360224158	83714346187804
83714442699367	83714460219470	83714442542908
83714449926242	83714468551762	83714449748481
83714454310617	83714476883846	83714454266554
83714562512648	83714576875824	83714562392544
83714572056814	83714585208273	83714571945460
83714692016346	83714710198064	83714691884367
83714693704992	83714718530407	83714693678898
83714767797544	83714785204418	83714767704262
83714772699366	83714793538481	83714772649523
83714791008689	83714801872179	83714790929054
83714797942231	83714810206241	83714797847127
83714807606971	83714818540304	83714807525252
83714822966554	83714835208950	83714822901710
83714838184262	83714851879314	83714838107648
83714908305096	83714926894731	83714908166450
83714917437335	83714935228636	83714917316137
83714948182231	83714960226136	83714948097596
83714982537231	83714993557282	83714982440668
83715017727127	83715035217126	83715017603898
83715022271866	83715043553064	83715022225668
83715033468689	83715051887908	83715033172960
83715058460043	83715076886813	83715058389887
83715121605981	83715135214470	83715121486241
83715133023429	83715151877855	83715132946658
83715157569054	83715168542126	83715157496346
83715182644939	83715193540251	83715182545564
83715233145512	83715251876084	83715233042283
83715237941814	83715260210147	83715237887439
83715258048741	83715276877022	83715257922283
83715273223325	83715285208689	83715273168845
83715342481345	83715360182959	83715342352439
83715347413793	83715368516501	83715347362960
83715373185408	83715385180512	83715373092335
83715397481710	83715410179626	83715397395252
83715448070408	83715460182335	83715447932595
83715455510668	83715468515512	83715455450512
83715463139991	83715476849158	83715463071293
83715488071554	83715501848532	83715487925147
83715513312752	83715526846969	83715513233116
83715538288220	83715551848793	83715538181606

=== poll 1790328231.912959367
8333333
83713517073169	83713535398481	83713516966867
83713532414471	83713543725877	83713532363273
83713547499315	83713560383533	83713547456607
83713567535773	83713585375668	83713567478690
83713582589211	83713593706189	83713582542752
83713596441034	83713610366815	83713596383690
83713632874054	83713643683637	83713632801919
83713668177648	83713685332595	83713668091398
83713679720304	83713693663794	83713679669836
83713747705461	83713760315200	83713747620252
83713788394627	83713801974054	83713788306502
83713859780200	83713876960147	83713859683534
83713896752804	83713910289627	83713896603742
83713975362596	83713993601190	83713975231554
83713989405721	83714001931346	83713989327908
83714004799263	83714018592544	83714004737908
83714099374783	83714110241554	83714099244211
83714106978429	83714118574835	83714106923117
83714121063377	83714135240356	83714121005825
83714213137596	83714226900981	83714212993377
83714224845877	83714243564001	83714224779106
83714229538065	83714251896449	83714229489940
83714340669210	83714351890044	83714340519627
83714346237544	83714360224158	83714346187804
83714442699367	83714460219470	83714442542908
83714449926242	83714468551762	83714449748481
83714454310617	83714476883846	83714454266554
83714562512648	83714576875824	83714562392544
83714572056814	83714585208273	83714571945460
83714692016346	83714710198064	83714691884367
83714693704992	83714718530407	83714693678898
83714767797544	83714785204418	83714767704262
83714772699366	83714793538481	83714772649523
83714791008689	83714801872179	83714790929054
83714797942231	83714810206241	83714797847127
83714807606971	83714818540304	83714807525252
83714822966554	83714835208950	83714822901710
83714838184262	83714851879314	83714838107648
83714908305096	83714926894731	83714908166450
83714917437335	83714935228636	83714917316137
83714948182231	83714960226136	83714948097596
83714982537231	83714993557282	83714982440668
83715017727127	83715035217126	83715017603898
83715022271866	83715043553064	83715022225668
83715033468689	83715051887908	83715033172960
83715058460043	83715076886813	83715058389887
83715121605981	83715135214470	83715121486241
83715133023429	83715151877855	83715132946658
83715157569054	83715168542126	83715157496346
83715182644939	83715193540251	83715182545564
83715233145512	83715251876084	83715233042283
83715237941814	83715260210147	83715237887439
83715258048741	83715276877022	83715257922283
83715273223325	83715285208689	83715273168845
83715342481345	83715360182959	83715342352439
83715347413793	83715368516501	83715347362960
83715373185408	83715385180512	83715373092335
83715397481710	83715410179626	83715397395252
83715448070408	83715460182335	83715447932595
83715455510668	83715468515512	83715455450512
83715463139991	83715476849158	83715463071293
83715488071554	83715501848532	83715487925147
83715513312752	83715526846969	83715513233116
83715538288220	83715551848793	83715538181606
83715582531970	83715593513220	83715582395460
83715616785252	83715635177491	83715616690668
83715621340720	83715643510563	83715621303272
83715723851658	83715735181814	83715723707335
83715725657022	83715743517699	83715725606397
83715805316970	83715818513168	83715805130564
83715813067231	83715826845199	83715813005043
83715820831137	83715835177595	83715820790199
83715904831814	83715918503428	83715904726449
83715937382699	83715951833376	83715931316554
83716046512335	83716060137178	83716046364783
83716079076345	83716093463949	83716048416866
83716112403793	83716126789053	83716081039783
83716150181918	83716168427178	83716149999835
83716187383168	83716201746658	83716154585772
83716281489626	83716293366762	83716281332439
83716358982439	83716376666345	83716358837751
83716395690095	83716409989521	83716373125564
83716428989939	83716443313845	83716400966397
83716479596137	83716493295824	83716479428168
83716528935407	83716543277438	83716487657230
83716590909887	83716601583897	83716590781293
83716637277335	83716651569314	83716596021762
83716688608585	83716701552699	83716688492543
83716737150147	83716751537855	83716712639730
83716787129782	83716801524157	83716739589418
83716837104157	83716851509626	83716789467699
83716887120459	83716901496709	83716839648949
83716937056657	83716951486396	83716889428324
83716987047907	83717001470668	83716939699001
83716989465043	83717009801970	83716989406293
83717016625616	83717034793845	83717016531814
83717031199261	83717043126293	83717031152178
83717046417959	83717059788115	83717046343011
83717071519001	83717084781605	83717071448168
83717131249261	83717143101657	83717131156293
83717142628741	83717159763480	83717142569314
83717146524730	83717168093427	83717146490511
83717171671501	83717184756344	83717171583376
83717207323845	83717218083584	83717207218584
83717241406605	83717259745876	83717241316084
83717246080772	83717268079000	83717246047438
83717267037022	83717284743583	83717266954522
83717291413793	83717309743636	83717291338480
83717316861188	83717334744781	83717316781761
83717356919522	83717368077542	83717356816761
83717367280043	83717384742699	83717367142178
83717391773845	83717409737125	83717391694209
83717431552334	83717443053688	83717431450199
83717441674053	83717459713375	83717441617699
83717471260355	83717484701501	83717471174470
83717481563740	83717493031553	83717481496293
83717507301345	83717518025719	83717507228949
83717556749261	83717568020667	83717556658584
83717582196918	83717593020823	83717582102959
83717617211449	83717634689886	83717617134001
83717631065511	83717643023376	83717631001345
83717654350459	83717668017438	83717654253011
83717697197490	83717709673948	83717697106657
83717704238376	83717718005771	83717704141397
83717762453584	83717776327282	83717762375772
83717822874834	83717834650510	83717822753584
83717829002386	83717842984781	83717828948324

=== poll 1790328234.218498898
8333333
83715463139991	83715476849158	83715463071293
83715488071554	83715501848532	83715487925147
83715513312752	83715526846969	83715513233116
83715538288220	83715551848793	83715538181606
83715582531970	83715593513220	83715582395460
83715616785252	83715635177491	83715616690668
83715621340720	83715643510563	83715621303272
83715723851658	83715735181814	83715723707335
83715725657022	83715743517699	83715725606397
83715805316970	83715818513168	83715805130564
83715813067231	83715826845199	83715813005043
83715820831137	83715835177595	83715820790199
83715904831814	83715918503428	83715904726449
83715937382699	83715951833376	83715931316554
83716046512335	83716060137178	83716046364783
83716079076345	83716093463949	83716048416866
83716112403793	83716126789053	83716081039783
83716150181918	83716168427178	83716149999835
83716187383168	83716201746658	83716154585772
83716281489626	83716293366762	83716281332439
83716358982439	83716376666345	83716358837751
83716395690095	83716409989521	83716373125564
83716428989939	83716443313845	83716400966397
83716479596137	83716493295824	83716479428168
83716528935407	83716543277438	83716487657230
83716590909887	83716601583897	83716590781293
83716637277335	83716651569314	83716596021762
83716688608585	83716701552699	83716688492543
83716737150147	83716751537855	83716712639730
83716787129782	83716801524157	83716739589418
83716837104157	83716851509626	83716789467699
83716887120459	83716901496709	83716839648949
83716937056657	83716951486396	83716889428324
83716987047907	83717001470668	83716939699001
83716989465043	83717009801970	83716989406293
83717016625616	83717034793845	83717016531814
83717031199261	83717043126293	83717031152178
83717046417959	83717059788115	83717046343011
83717071519001	83717084781605	83717071448168
83717131249261	83717143101657	83717131156293
83717142628741	83717159763480	83717142569314
83717146524730	83717168093427	83717146490511
83717171671501	83717184756344	83717171583376
83717207323845	83717218083584	83717207218584
83717241406605	83717259745876	83717241316084
83717246080772	83717268079000	83717246047438
83717267037022	83717284743583	83717266954522
83717291413793	83717309743636	83717291338480
83717316861188	83717334744781	83717316781761
83717356919522	83717368077542	83717356816761
83717367280043	83717384742699	83717367142178
83717391773845	83717409737125	83717391694209
83717431552334	83717443053688	83717431450199
83717441674053	83717459713375	83717441617699
83717471260355	83717484701501	83717471174470
83717481563740	83717493031553	83717481496293
83717507301345	83717518025719	83717507228949
83717556749261	83717568020667	83717556658584
83717582196918	83717593020823	83717582102959
83717617211449	83717634689886	83717617134001
83717631065511	83717643023376	83717631001345
83717654350459	83717668017438	83717654253011
83717697197490	83717709673948	83717697106657
83717704238376	83717718005771	83717704141397
83717762453584	83717776327282	83717762375772
83717822874834	83717834650510	83717822753584
83717829002386	83717842984781	83717828948324
83717897404053	83717909652177	83717897306397
83717921180980	83717934653636	83717921060094
83717929123324	83717942988896	83717929072386
83717997579365	83718009672594	83717997479001
83718029630928	83718043004260	83718029534157
83718037577126	83718051336083	83718037507959
83718115941969	83718142994312	83718115813636
83718140702178	83718159660459	83718140582282
83718145634105	83718167993896	83718145604105
83718224996396	83718242998948	83718224758219
83718251167282	83718268003792	83718251041761
83718254052074	83718276338062	83718254019105
83718405610407	83718418007854	83718405490146
83718473584001	83718484672593	83718473490146
83718489053323	83718501343844	83718488984938
83718532976188	83718551345459	83718532888167
83718609083532	83718626321239	83718608991709
83718638687803	83718651316916	83718638594730
83718688425511	83718701306187	83718688340250
83718765947698	83718784630563	83718765849157
83718797985667	83718809627385	83718797892646
83718808767959	83718826291917	83718808710302
83718847973271	83718859620094	83718847884209
83718879998688	83718892945666	83718879919209
83718913513011	83718926271761	83718913406761
83718924405146	83718942934729	83718924348115
83718938207698	83718951266760	83718938149000
83718949105563	83718967931240	83718949030771
83719048675459	83719059586291	83719048592854
83719065299990	83719076249521	83719065226500
83719181115250	83719192880563	83719181011292
83719214782386	83719226201656	83719214698479
83719223411865	83719234531864	83719223352438
83719282713323	83719301186969	83719282629781
83719287746031	83719309520771	83719287702542
83719312824000	83719326186760	83719312755094
83719337651240	83719351181396	83719337592906
83719347599834	83719359512489	83719347551709
83719363314365	83719376168167	83719363257229
83719397957177	83719409485094	83719397886865
83719408261344	83719426145249	83719408192021
83719422743583	83719434474677	83719422654261
83719447906604	83719459466291	83719447832281
83719462449000	83719476127021	83719462395667
83719487937229	83719501123063	83719487864781
83719499909781	83719517787385	83719499822542
83719514891500	83719526118948	83719514828792
83719554667177	83719567779885	83719554580823
83719564804365	83719576113947	83719564763792
83719575146031	83719592780927	83719575106917
83719587216604	83719601114260	83719587178115
83719630860354	83719642770198	83719630756708
83719671110094	83719684426187	83719670989052
83719678730458	83719692758166	83719678687125
83719737458115	83719751079052	83719737378115
83719795841812	83719817733583	83719795746083
83719911459937	83719926021812	83719911358531
83719967171292	83719984327228	83719967077073
83720060204781	83720075953948	83720060081656
83720104291344	83720117605145	83720104184000

=== poll 1790328236.515271136
8333333
83718029630928	83718043004260	83718029534157
83718037577126	83718051336083	83718037507959
83718115941969	83718142994312	83718115813636
83718140702178	83718159660459	83718140582282
83718145634105	83718167993896	83718145604105
83718224996396	83718242998948	83718224758219
83718251167282	83718268003792	83718251041761
83718254052074	83718276338062	83718254019105
83718405610407	83718418007854	83718405490146
83718473584001	83718484672593	83718473490146
83718489053323	83718501343844	83718488984938
83718532976188	83718551345459	83718532888167
83718609083532	83718626321239	83718608991709
83718638687803	83718651316916	83718638594730
83718688425511	83718701306187	83718688340250
83718765947698	83718784630563	83718765849157
83718797985667	83718809627385	83718797892646
83718808767959	83718826291917	83718808710302
83718847973271	83718859620094	83718847884209
83718879998688	83718892945666	83718879919209
83718913513011	83718926271761	83718913406761
83718924405146	83718942934729	83718924348115
83718938207698	83718951266760	83718938149000
83718949105563	83718967931240	83718949030771
83719048675459	83719059586291	83719048592854
83719065299990	83719076249521	83719065226500
83719181115250	83719192880563	83719181011292
83719214782386	83719226201656	83719214698479
83719223411865	83719234531864	83719223352438
83719282713323	83719301186969	83719282629781
83719287746031	83719309520771	83719287702542
83719312824000	83719326186760	83719312755094
83719337651240	83719351181396	83719337592906
83719347599834	83719359512489	83719347551709
83719363314365	83719376168167	83719363257229
83719397957177	83719409485094	83719397886865
83719408261344	83719426145249	83719408192021
83719422743583	83719434474677	83719422654261
83719447906604	83719459466291	83719447832281
83719462449000	83719476127021	83719462395667
83719487937229	83719501123063	83719487864781
83719499909781	83719517787385	83719499822542
83719514891500	83719526118948	83719514828792
83719554667177	83719567779885	83719554580823
83719564804365	83719576113947	83719564763792
83719575146031	83719592780927	83719575106917
83719587216604	83719601114260	83719587178115
83719630860354	83719642770198	83719630756708
83719671110094	83719684426187	83719670989052
83719678730458	83719692758166	83719678687125
83719737458115	83719751079052	83719737378115
83719795841812	83719817733583	83719795746083
83719911459937	83719926021812	83719911358531
83719967171292	83719984327228	83719967077073
83720060204781	83720075953948	83720060081656
83720104291344	83720117605145	83720104184000
83720233688531	83720250886500	83720233575562
83720275711344	83720292538479	83720275621344
83720299115979	83720317524781	83720299013739
83720339666656	83720350840770	83720339580666
83720349665666	83720367498531	83720349575146
83720379132021	83720392485823	83720379064573
83720404278114	83720417472646	83720404195354
83720429594469	83720442464833	83720429517021
83720445166968	83720459130614	83720445116552
83720539888375	83720550789728	83720539798739
83720561702541	83720575786968	83720561635771
83720656902698	83720675768843	83720656788166
83720671756083	83720684102176	83720671689312
83720678423166	83720692436291	83720678366500
83720754904052	83720767446656	83720754787906
83720762761708	83720775781864	83720762700406
83720770333791	83720784116707	83720770280562
83720790498062	83720809119312	83720790408895
83720795093687	83720817452489	83720795033010
83720808497281	83720825785718	83720808402593
83720863689729	83720875774468	83720863596916
83720888067906	83720900765666	83720887973322
83720913505041	83720925760614	83720913412333
83720928656031	83720942424520	83720928582697
83720957862645	83720975748686	83720957778479
83720997924468	83721009064988	83720997828895
83721023114312	83721034058374	83721023036760
83721028903635	83721042390405	83721028844052
83721073047125	83721084053790	83721072956812
83721098433739	83721117382071	83721098365197
83721112826864	83721125717020	83721112769677
83721133074781	83721150716083	83721133007749
83721158350510	83721175713061	83721158230874
83721198507958	83721217374885	83721198403583
83721213110406	83721225708374	83721213052854
83721223553427	83721242373218	83721223466864
83721248061760	83721259038843	83721247987593
83721307668895	83721325670822	83721307575614
83721322144781	83721334000978	83721322082437
83721333538687	83721350662541	83721333452749
83721348093687	83721358994207	83721348034781
83721373512541	83721392316446	83721373423635
83721408705614	83721425642593	83721408603635
83721437481343	83721450633374	83721437399312
83721447924260	83721458962540	83721447871708
83721473405770	83721492285354	83721473341864
83721513881551	83721525612280	83721513785510
83721523151812	83721533943686	83721523074624
83721557637437	83721575600926	83721557559624
83721563186708	83721583931863	83721563133114
83721587907385	83721600591342	83721587826083
83721638569885	83721650574728	83721638479676
83721662770353	83721675567593	83721662684937
83721683497906	83721700560405	83721683400458
83721694942281	83721708889207	83721694886603
83721728859885	83721742211030	83721728710145
83721770287645	83721783865509	83721770163478
83721778303947	83721792197072	83721778256187
83721846053322	83721858843738	83721845871135
83721890258374	83721908835196	83721890172333
83721894746655	83721917166238	83721894709155
83721956728999	83721975486394	83721956597905
83722003382228	83722017155718	83722003291864
83722065202437	83722083825457	83722065111291
83722104014416	83722117159207	83722103907541
83722111757489	83722125491655	83722111689624
83722174893843	83722192139155	83722174767905
83722220083322	83722233779259	83722219990562
83722282955874	83722300416238	83722282854780
83722328565301	83722342061603	83722328481707
83722400139520	83722417032279	83722400040041

=== poll 1790328238.815727021
8333333
83720762761708	83720775781864	83720762700406
83720770333791	83720784116707	83720770280562
83720790498062	83720809119312	83720790408895
83720795093687	83720817452489	83720795033010
83720808497281	83720825785718	83720808402593
83720863689729	83720875774468	83720863596916
83720888067906	83720900765666	83720887973322
83720913505041	83720925760614	83720913412333
83720928656031	83720942424520	83720928582697
83720957862645	83720975748686	83720957778479
83720997924468	83721009064988	83720997828895
83721023114312	83721034058374	83721023036760
83721028903635	83721042390405	83721028844052
83721073047125	83721084053790	83721072956812
83721098433739	83721117382071	83721098365197
83721112826864	83721125717020	83721112769677
83721133074781	83721150716083	83721133007749
83721158350510	83721175713061	83721158230874
83721198507958	83721217374885	83721198403583
83721213110406	83721225708374	83721213052854
83721223553427	83721242373218	83721223466864
83721248061760	83721259038843	83721247987593
83721307668895	83721325670822	83721307575614
83721322144781	83721334000978	83721322082437
83721333538687	83721350662541	83721333452749
83721348093687	83721358994207	83721348034781
83721373512541	83721392316446	83721373423635
83721408705614	83721425642593	83721408603635
83721437481343	83721450633374	83721437399312
83721447924260	83721458962540	83721447871708
83721473405770	83721492285354	83721473341864
83721513881551	83721525612280	83721513785510
83721523151812	83721533943686	83721523074624
83721557637437	83721575600926	83721557559624
83721563186708	83721583931863	83721563133114
83721587907385	83721600591342	83721587826083
83721638569885	83721650574728	83721638479676
83721662770353	83721675567593	83721662684937
83721683497906	83721700560405	83721683400458
83721694942281	83721708889207	83721694886603
83721728859885	83721742211030	83721728710145
83721770287645	83721783865509	83721770163478
83721778303947	83721792197072	83721778256187
83721846053322	83721858843738	83721845871135
83721890258374	83721908835196	83721890172333
83721894746655	83721917166238	83721894709155
83721956728999	83721975486394	83721956597905
83722003382228	83722017155718	83722003291864
83722065202437	83722083825457	83722065111291
83722104014416	83722117159207	83722103907541
83722111757489	83722125491655	83722111689624
83722174893843	83722192139155	83722174767905
83722220083322	83722233779259	83722219990562
83722282955874	83722300416238	83722282854780
83722328565301	83722342061603	83722328481707
83722400139520	83722417032279	83722400040041
83722552442541	83722566976655	83722552341291
83722586664832	83722600296238	83722586570197
83722696936863	83722708581655	83722696810093
83722723213270	83722741898998	83722723122280
83722727665249	83722750226915	83722727618999
83722753163791	83722766883529	83722753110301
83722778002957	83722791870249	83722777945353
83722808110613	83722825183426	83722808025249
83722827810405	83722841842123	83722827759624
83722837833270	83722850171342	83722837775926
83722852997124	83722866832748	83722852944363
83722872775457	83722883491447	83722872709676
83722878085718	83722891821967	83722878041759
83722887925665	83722900152124	83722887876082
83722913058009	83722925140769	83722912990301
83722927805093	83722941796550	83722927720040
83722947846655	83722966781862	83722947765561
83722978286968	83722991767071	83722978218426
83722987482645	83723000095144	83722987430509
83722997783947	83723008423998	83722997745301
83723003518374	83723016753217	83723003476447
83723036521811	83723050065665	83723036429936
83723047984936	83723066726446	83723047931811
83723062801655	83723075058061	83723062739676
83723087740717	83723100050873	83723087668061
83723098045353	83723116714675	83723097992176
83723113204884	83723125047071	83723113158634
83723127841707	83723141711759	83723127785509
83723153218634	83723166705717	83723153150353
83723162790770	83723175037696	83723162717540
83723178517853	83723191701811	83723178419676
83723202916811	83723216697332	83723202852072
83723213647488	83723225028737	83723213608478
83723253328530	83723266688165	83723253233270
83723269318895	83723283352279	83723269266134
83723315878947	83723333336081	83723315791603
83723340184676	83723358325613	83723340106394
83723361000769	83723374993321	83723360931915
83723437449572	83723449982801	83723437313842
83723478097280	83723491645717	83723478007644
83723570056290	83723583313894	83723569926811
83723581782332	83723599978842	83723581722801
83723585702488	83723608312332	83723585655665
83723680872957	83723691624675	83723680729988
83723682534728	83723699955977	83723682502176
83723702775457	83723716617956	83723702703165
83723778178165	83723791600560	83723777929519
83723794597748	83723808267800	83723794478634
83723802537071	83723816601081	83723802485196
83723906830040	83723924914206	83723906706082
83723919653373	83723933245248	83723919589363
83724021847905	83724033218738	83724021690769
83724027605873	83724041552123	83724027551082
83724137108321	83724149880196	83724136983530
83724144439207	83724158212071	83724144378530
83724236115717	83724249873061	83724235965925
83724239390925	83724258207123	83724239337748
83724252460196	83724266539936	83724252387748
83724355340977	83724366523009	83724355232957
83724361135873	83724374856550	83724361083634
83724463236134	83724474831654	83724463113061
83724468909311	83724483164519	83724468856915
83724563092540	83724574808581	83724562962123
83724571786238	83724583141602	83724571723061
83724577267696	83724591476081	83724577211759
83724670767019	83724683125247	83724670613113
83724673620196	83724691456549	83724673572071
83724694280509	83724708120352	83724694207279
83724771018061	83724783119987	83724770925665
83724779421081	83724791452591	83724779241186
83724785728581	83724799785039	83724785663842

=== poll 1790328241.170593739
8333333
83722978286968	83722991767071	83722978218426
83722987482645	83723000095144	83722987430509
83722997783947	83723008423998	83722997745301
83723003518374	83723016753217	83723003476447
83723036521811	83723050065665	83723036429936
83723047984936	83723066726446	83723047931811
83723062801655	83723075058061	83723062739676
83723087740717	83723100050873	83723087668061
83723098045353	83723116714675	83723097992176
83723113204884	83723125047071	83723113158634
83723127841707	83723141711759	83723127785509
83723153218634	83723166705717	83723153150353
83723162790770	83723175037696	83723162717540
83723178517853	83723191701811	83723178419676
83723202916811	83723216697332	83723202852072
83723213647488	83723225028737	83723213608478
83723253328530	83723266688165	83723253233270
83723269318895	83723283352279	83723269266134
83723315878947	83723333336081	83723315791603
83723340184676	83723358325613	83723340106394
83723361000769	83723374993321	83723360931915
83723437449572	83723449982801	83723437313842
83723478097280	83723491645717	83723478007644
83723570056290	83723583313894	83723569926811
83723581782332	83723599978842	83723581722801
83723585702488	83723608312332	83723585655665
83723680872957	83723691624675	83723680729988
83723682534728	83723699955977	83723682502176
83723702775457	83723716617956	83723702703165
83723778178165	83723791600560	83723777929519
83723794597748	83723808267800	83723794478634
83723802537071	83723816601081	83723802485196
83723906830040	83723924914206	83723906706082
83723919653373	83723933245248	83723919589363
83724021847905	83724033218738	83724021690769
83724027605873	83724041552123	83724027551082
83724137108321	83724149880196	83724136983530
83724144439207	83724158212071	83724144378530
83724236115717	83724249873061	83724235965925
83724239390925	83724258207123	83724239337748
83724252460196	83724266539936	83724252387748
83724355340977	83724366523009	83724355232957
83724361135873	83724374856550	83724361083634
83724463236134	83724474831654	83724463113061
83724468909311	83724483164519	83724468856915
83724563092540	83724574808581	83724562962123
83724571786238	83724583141602	83724571723061
83724577267696	83724591476081	83724577211759
83724670767019	83724683125247	83724670613113
83724673620196	83724691456549	83724673572071
83724694280509	83724708120352	83724694207279
83724771018061	83724783119987	83724770925665
83724779421081	83724791452591	83724779241186
83724785728581	83724799785039	83724785663842
83724805211967	83724816451289	83724805108269
83724840687748	83724858118425	83724840590144
83724865987592	83724883123477	83724865899779
83724915516342	83724933123842	83724915360092
83724920510144	83724941455716	83724920451342
83724936078738	83724949786185	83724935990613
83724946134467	83724958117852	83724946066290
83725006125040	83725024781758	83725005969571
83725020382644	83725033113580	83725020314519
83725045775456	83725058105455	83725045704779
83725070164519	83725083091810	83725070056863
83725120325925	83725133063737	83725120205613
83725130561342	83725141393477	83725130487279
83725145471133	83725158050352	83725145361758
83725170677383	83725183038841	83725170574831
83725215200040	83725233024206	83725215063060
83725231279935	83725249684102	83725231201394
83725245685873	83725258012956	83725245558425
83725270200508	83725283000247	83725270133998
83725330584102	83725341312227	83725330479675
83725345556290	83725357973581	83725345478425
83725355474987	83725366302748	83725355387331
83725366451915	83725382958946	83725366358425
83725385998112	83725399614779	83725385933060
83725440614206	83725457904206	83725440517019
83725455365665	83725466230768	83725455282852
83725465764987	83725482885612	83725465675612
83725485694935	83725499541654	83725485642331
83725564319050	83725582816237	83725564183321
83725577258894	83725591145872	83725577201237
83725677125039	83725691093893	83725677019623
83725681317748	83725699424466	83725681271967
83725693685352	83725707754258	83725693637852
83725786252487	83725799374883	83725786103425
83725788121758	83725807703893	83725788079102
83725810194050	83725824365039	83725810138946
83725907291550	83725924332434	83725907138164
83725911843737	83725932665924	83725911803529
83725919681758	83725940998268	83725919637539
83726026985143	83726040983893	83726026844987
83726035340248	83726049316497	83726035263893
83726137641185	83726149306237	83726137495560
83726140852643	83726157636914	83726140801498
83726151995820	83726165967278	83726151919258
83726255326914	83726274279310	83726255189258
83726257146133	83726282612122	83726257053945
83726268268477	83726290944205	83726268225091
83726368913737	83726382602903	83726368760039
83726377115300	83726390938008	83726377044102
83726481744518	83726499242070	83726481598320
83726487562331	83726507573008	83726487495560
83726493532331	83726515904362	83726493480872
83726570173112	83726582538581	83726569938112
83726594139518	83726607528789	83726594046133
83726696146706	83726707494153	83726695981966
83726710131914	83726724153476	83726710067799
83726735199987	83726749145143	83726735114727
83726771601914	83726782460559	83726771411914
83726796757226	83726807453997	83726796636133
83726812473476	83726824117122	83726812395143
83726860760872	83726874096393	83726860672226
83726871619258	83726882425819	83726871531393
83726927188789	83726940729830	83726927071549
83726943744414	83726957390143	83726943632539
83726972192383	83726990707226	83726972059518
83727032533320	83727049024569	83727032462435
83727036973997	83727057357903	83727036905716
83727047570195	83727065690246	83727047509570
83727062155351	83727074022486	83727062045143
83727092986289	83727107352903	83727086557695
83727132322383	83727149012382	83727132236028
83727157197799	83727174003997	83727157078997
83727161986966	9223372036854775807	83727161926185

=== poll 1790328243.548284623
8333333
83725245685873	83725258012956	83725245558425
83725270200508	83725283000247	83725270133998
83725330584102	83725341312227	83725330479675
83725345556290	83725357973581	83725345478425
83725355474987	83725366302748	83725355387331
83725366451915	83725382958946	83725366358425
83725385998112	83725399614779	83725385933060
83725440614206	83725457904206	83725440517019
83725455365665	83725466230768	83725455282852
83725465764987	83725482885612	83725465675612
83725485694935	83725499541654	83725485642331
83725564319050	83725582816237	83725564183321
83725577258894	83725591145872	83725577201237
83725677125039	83725691093893	83725677019623
83725681317748	83725699424466	83725681271967
83725693685352	83725707754258	83725693637852
83725786252487	83725799374883	83725786103425
83725788121758	83725807703893	83725788079102
83725810194050	83725824365039	83725810138946
83725907291550	83725924332434	83725907138164
83725911843737	83725932665924	83725911803529
83725919681758	83725940998268	83725919637539
83726026985143	83726040983893	83726026844987
83726035340248	83726049316497	83726035263893
83726137641185	83726149306237	83726137495560
83726140852643	83726157636914	83726140801498
83726151995820	83726165967278	83726151919258
83726255326914	83726274279310	83726255189258
83726257146133	83726282612122	83726257053945
83726268268477	83726290944205	83726268225091
83726368913737	83726382602903	83726368760039
83726377115300	83726390938008	83726377044102
83726481744518	83726499242070	83726481598320
83726487562331	83726507573008	83726487495560
83726493532331	83726515904362	83726493480872
83726570173112	83726582538581	83726569938112
83726594139518	83726607528789	83726594046133
83726696146706	83726707494153	83726695981966
83726710131914	83726724153476	83726710067799
83726735199987	83726749145143	83726735114727
83726771601914	83726782460559	83726771411914
83726796757226	83726807453997	83726796636133
83726812473476	83726824117122	83726812395143
83726860760872	83726874096393	83726860672226
83726871619258	83726882425819	83726871531393
83726927188789	83726940729830	83726927071549
83726943744414	83726957390143	83726943632539
83726972192383	83726990707226	83726972059518
83727032533320	83727049024569	83727032462435
83727036973997	83727057357903	83727036905716
83727047570195	83727065690246	83727047509570
83727062155351	83727074022486	83727062045143
83727092986289	83727107352903	83727086557695
83727132322383	83727149012382	83727132236028
83727157197799	83727174003997	83727157078997
83727161986966	83727182334726	83727161926185
83727182409518	83727198995090	83727182327331
83727236327174	83727248980768	83727236204726
83727254307383	83727265638476	83727254231914
83727261871080	83727273966236	83727261814518
83727277026966	83727290618632	83727276941601
83727309509987	83727323930247	83727306228893
83727351992591	83727365564882	83727351848476
83727362369726	83727373893632	83727362303216
83727377013008	83727390552590	83727376929883
83727397633112	83727415545559	83727397556497
83727421821393	83727440536080	83727421746185
83727459432539	83727473858059	83727456586185
83727492746028	83727507185715	83727487180560
83727496179830	83727515519829	83727496138112
83727526056080	83727540516445	83727521207278
83727572308841	83727590503372	83727572197591
83727602110195	83727615494934	83727602034310
83727609960768	83727623824882	83727609907955
83727705224362	83727723784777	83727705090976
83727718893893	83727732114361	83727718834674
83727837092903	83727848714830	83727836945559
83727838814466	83727857045298	83727838772591
83727933996341	83727948679778	83727933864622
83727935730039	83727957012746	83727935684778
83727951585507	83727965344881	83727951531132
83728045229986	83728056999830	83728045101914
83728046992591	83728065332851	83728046955299
83728059582018	83728073664986	83728059526393
83728135210403	83728148641601	83728135073893
83728160169882	83728173633632	83728160045299
83728269907330	83728281940246	83728269760143
83728276238059	83728290272173	83728276121913
83728369055872	83728381917382	83728368911913
83728405491757	83728423574049	83728405402643
83728417715559	83728431906653	83728417656601
83728508909726	83728523562643	83728508769570
83728510797382	83728531892642	83728510745455
83728519613893	83728540225558	83728519568580
83728619141965	83728631877850	83728618945299
83728725383320	83728740208475	83728725240767
83728727082695	83728748544048	83728727041809
83728737636705	83728756878319	83728737581288
83728744537955	83728765212434	83728744479726
83728768475976	83728781878788	83728768337955
83728812482382	83728823545142	83728812377330
83728817896653	83728831878736	83728817813632
83728848270403	83728865203007	83728848197694
83728878063632	83728890193944	83728877938267
83728923232278	83728940178319	83728923130299
83728937637486	83728948510558	83728937577590
83728962831861	83728973507381	83728962747069
83728978183424	83728990168787	83728978120924
83729048766288	83729065159465	83729048627746
83729068812903	83729081827486	83729068726028
83729092923788	83729106830715	83729092852642
83729163428632	83729181819100	83729163313215
83729173063267	83729190152485	83729172954517
83729197825715	83729215150454	83729197765038
83729222628528	83729240145246	83729222520663
83729272895246	83729290134517	83729272817590
83729288467538	83729306796600	83729288361392
83729313540559	83729331793839	83729313462851
83729338095663	83729356788683	83729338007330
83729387841080	83729406771756	83729387735194
83729412712590	83729423434048	83729412607798
83729428168632	83729440097902	83729428100507
83729485122486	83729498411704	83729485005194
83729498091132	83729515075923	83729498018684
83729513205350	83729531739829	83729513143632
83729518209465	83729540072746	83729518143371
83729543023059	9223372036854775807	83729542932590

=== poll 1790328245.888411966
8333333
83727377013008	83727390552590	83727376929883
83727397633112	83727415545559	83727397556497
83727421821393	83727440536080	83727421746185
83727459432539	83727473858059	83727456586185
83727492746028	83727507185715	83727487180560
83727496179830	83727515519829	83727496138112
83727526056080	83727540516445	83727521207278
83727572308841	83727590503372	83727572197591
83727602110195	83727615494934	83727602034310
83727609960768	83727623824882	83727609907955
83727705224362	83727723784777	83727705090976
83727718893893	83727732114361	83727718834674
83727837092903	83727848714830	83727836945559
83727838814466	83727857045298	83727838772591
83727933996341	83727948679778	83727933864622
83727935730039	83727957012746	83727935684778
83727951585507	83727965344881	83727951531132
83728045229986	83728056999830	83728045101914
83728046992591	83728065332851	83728046955299
83728059582018	83728073664986	83728059526393
83728135210403	83728148641601	83728135073893
83728160169882	83728173633632	83728160045299
83728269907330	83728281940246	83728269760143
83728276238059	83728290272173	83728276121913
83728369055872	83728381917382	83728368911913
83728405491757	83728423574049	83728405402643
83728417715559	83728431906653	83728417656601
83728508909726	83728523562643	83728508769570
83728510797382	83728531892642	83728510745455
83728519613893	83728540225558	83728519568580
83728619141965	83728631877850	83728618945299
83728725383320	83728740208475	83728725240767
83728727082695	83728748544048	83728727041809
83728737636705	83728756878319	83728737581288
83728744537955	83728765212434	83728744479726
83728768475976	83728781878788	83728768337955
83728812482382	83728823545142	83728812377330
83728817896653	83728831878736	83728817813632
83728848270403	83728865203007	83728848197694
83728878063632	83728890193944	83728877938267
83728923232278	83728940178319	83728923130299
83728937637486	83728948510558	83728937577590
83728962831861	83728973507381	83728962747069
83728978183424	83728990168787	83728978120924
83729048766288	83729065159465	83729048627746
83729068812903	83729081827486	83729068726028
83729092923788	83729106830715	83729092852642
83729163428632	83729181819100	83729163313215
83729173063267	83729190152485	83729172954517
83729197825715	83729215150454	83729197765038
83729222628528	83729240145246	83729222520663
83729272895246	83729290134517	83729272817590
83729288467538	83729306796600	83729288361392
83729313540559	83729331793839	83729313462851
83729338095663	83729356788683	83729338007330
83729387841080	83729406771756	83729387735194
83729412712590	83729423434048	83729412607798
83729428168632	83729440097902	83729428100507
83729485122486	83729498411704	83729485005194
83729498091132	83729515075923	83729498018684
83729513205350	83729531739829	83729513143632
83729518209465	83729540072746	83729518143371
83729543023059	83729556736339	83729542932590
83729605231184	83729623383058	83729605083059
83729626287225	83729640046132	83729626212434
83729725608892	83729740029257	83729725442955
83729743605975	83729756693058	83729743485975
83729750947069	83729765024882	83729750903423
83729868168632	83729881666027	83729868019100
83729869913319	83729889997485	83729869869986
83729967991496	83729981642172	83729967836444
83729976348944	83729989976912	83729976294517
83730083820663	83730098292329	83730083675350
83730085650350	83730106624881	83730085611704
83730092396131	83730114956912	83730092326600
83730209501652	83730223266547	83730209367538
83730211363840	83730231599725	83730211314881
83730217871392	83730239932173	83730217825090
83730293235611	83730306582173	83730293141913
83730303113788	83730314913944	83730303012277
83730309076652	83730323244047	83730309027590
83730411198319	83730423213058	83730411065611
83730426055767	83730439876548	83730425983788
83730533958527	83730548183579	83730533825402
83730535891288	83730556517277	83730535848006
83730542333475	83730564850246	83730542291913
83730644498683	83730656498266	83730644349933
83730646425298	83730664829464	83730646388631
83730651350246	83730673162068	83730651303892
83730749784517	83730764796235	83730749669152
83730751608840	83730773125870	83730751558579
83730759969777	83730781455974	83730759868892
83730769421912	83730789784881	83730769359569
83730778106131	83730798114255	83730778053058
83730838470871	83730856422693	83730838383423
83730843406131	83730864756599	83730843373162
83730878613683	83730889755245	83730878538683
83730903250923	83730914753787	83730903167537
83730913560715	83730931420662	83730913488840
83730969009360	83730981413162	83730968899933
83730988362589	83731006406182	83730988290298
83731013306964	83731031399985	83731013222381
83731069086704	83731081394516	83731069010819
83731087857381	83731106393214	83731087782798
83731113567850	83731131394569	83731113493110
83731142846496	83731156388579	83731142738371
83731178038579	83731189721130	83731177904569
83731188597850	83731206386599	83731188510298
83731203339464	83731214718214	83731203260454
83731253999725	83731264713526	83731253907016
83731288838371	83731306375089	83731288738214
83731303890454	83731314707224	83731303824985
83731328784360	83731339697276	83731328677589
83731362938996	83731381346547	83731362796079
83731393218527	83731406338630	83731393133110
83731403397381	83731414670037	83731403332381
83731428554673	83731439669255	83731428457381
83731481577121	83731498009724	83731481465766
83731521495610	83731539688995	83731521408058
83731526013423	83731548025714	83731525969100
83731576875193	83731589700401	83731576787902
83731626026287	83731639713057	83731625931443
83731633979204	83731648048579	83731633942173
83731692549100	83731706379047	83731692448735
83731751001443	83731764722380	83731750918162
83731801199152	83731814735922	83731801115714
83731851037068	9223372036854775807	83731850937172

=== poll 1790328248.335668892
8333333
83730085650350	83730106624881	83730085611704
83730092396131	83730114956912	83730092326600
83730209501652	83730223266547	83730209367538
83730211363840	83730231599725	83730211314881
83730217871392	83730239932173	83730217825090
83730293235611	83730306582173	83730293141913
83730303113788	83730314913944	83730303012277
83730309076652	83730323244047	83730309027590
83730411198319	83730423213058	83730411065611
83730426055767	83730439876548	83730425983788
83730533958527	83730548183579	83730533825402
83730535891288	83730556517277	83730535848006
83730542333475	83730564850246	83730542291913
83730644498683	83730656498266	83730644349933
83730646425298	83730664829464	83730646388631
83730651350246	83730673162068	83730651303892
83730749784517	83730764796235	83730749669152
83730751608840	83730773125870	83730751558579
83730759969777	83730781455974	83730759868892
83730769421912	83730789784881	83730769359569
83730778106131	83730798114255	83730778053058
83730838470871	83730856422693	83730838383423
83730843406131	83730864756599	83730843373162
83730878613683	83730889755245	83730878538683
83730903250923	83730914753787	83730903167537
83730913560715	83730931420662	83730913488840
83730969009360	83730981413162	83730968899933
83730988362589	83731006406182	83730988290298
83731013306964	83731031399985	83731013222381
83731069086704	83731081394516	83731069010819
83731087857381	83731106393214	83731087782798
83731113567850	83731131394569	83731113493110
83731142846496	83731156388579	83731142738371
83731178038579	83731189721130	83731177904569
83731188597850	83731206386599	83731188510298
83731203339464	83731214718214	83731203260454
83731253999725	83731264713526	83731253907016
83731288838371	83731306375089	83731288738214
83731303890454	83731314707224	83731303824985
83731328784360	83731339697276	83731328677589
83731362938996	83731381346547	83731362796079
83731393218527	83731406338630	83731393133110
83731403397381	83731414670037	83731403332381
83731428554673	83731439669255	83731428457381
83731481577121	83731498009724	83731481465766
83731521495610	83731539688995	83731521408058
83731526013423	83731548025714	83731525969100
83731576875193	83731589700401	83731576787902
83731626026287	83731639713057	83731625931443
83731633979204	83731648048579	83731633942173
83731692549100	83731706379047	83731692448735
83731751001443	83731764722380	83731750918162
83731801199152	83731814735922	83731801115714
83731851037068	83731864747849	83731850937172
83731909385558	83731923100766	83731909284881
83731959692016	83731973104047	83731959567172
83731968098475	83731981438682	83731968038527
83732017634725	83732031443683	83732017542954
83732070161183	83732081448995	83732070059152
83732075733631	83732089782432	83732075692224
83732135556547	83732148113734	83732135411183
83732176329256	83732189781130	83732176199829
83732184632641	83732198115506	83732184591027
83732245560193	83732256455557	83732245473526
83732284462120	83732298117381	83732284335714
83732292791339	83732306449359	83732292741651
83732373412016	83732389776860	83732373301547
83732402418891	83732414772120	83732402334256
83732409280922	83732423103630	83732409216808
83732478697901	83732489749359	83732478608266
83732517616495	83732531406391	83732517541287
83732576923110	83732589723058	83732576834620
83732620864516	83732639708162	83732620770870
83732625876756	83732648038161	83732625844516
83732688613787	83732706362744	83732688517328
83732739828943	83732756353109	83732739732328
83732744730193	83732764683630	83732744687693
83732751271183	83732773015349	83732751211703
83732777988995	83732789679255	83732777903318
83732813195870	83732831338421	83732813082901
83732869097797	83732881333630	83732869009568
83732888088318	83732906332380	83732887998630
83732903281287	83732914668057	83732903215766
83732937773318	83732956342119	83732937630974
83732968364724	83732981347016	83732968274672
83732988407953	83733006351182	83732988307172
83732992602016	83733014685869	83732992557901
83733013714203	83733031353734	83733013595974
83733068082693	83733081352485	83733067919776
83733088425245	83733106354151	83733088355245
83733112918839	83733131354099	83733112819099
83733163055609	83733181349412	83733162945662
83733168481443	83733189682276	83733168421026
83733192762068	83733206345870	83733192663005
83733213287901	83733231340348	83733213216547
83733228696755	83733239674307	83733228608370
83733288416912	83733306335869	83733288294255
83733292697537	83733314671130	83733292630141
83733304238474	83733323005036	83733304136234
83733327810245	83733339672119	83733327641547
83733352987849	83733364668630	83733352848578
83733392649307	83733406333057	83733392564151
83733412708370	83733431328578	83733412614568
83733428181859	83733439662171	83733428120193
83733444052536	83733456327380	83733443923266
83733503740505	83733514657328	83733503588005
83733528604776	83733539657744	83733528505297
83733537801859	83733556325869	83733537748161
83733542862693	83733564659827	83733542816182
83733568356911	83733581326495	83733568249828
83733635767120	83733647994099	83733635621078
83733642321495	83733656330922	83733642283943
83733684594776	83733698002900	83733684493057
83733777958109	83733789680401	83733777852849
83733785953161	83733798014932	83733785853422
83733845333734	83733856352171	83733845253526
83733859683682	83733873020713	83733859624776
83733900852536	83733914688265	83733900785765
83733954631390	83733973018734	83733954546703
83733959376963	83733981352536	83733959324307
83734020850245	83734039692588	83734020738422
83734068204620	83734081368837	83734068119359
83734131073474	83734148052588	83734130977015
83734176129932	83734189726338	83734176038786
83734245273265	83734256387431	83734245171130
83734285725557	83734298051181	83734285594099
83734292550922	9223372036854775807	83734292500453

=== poll 1790328250.646308370
8333333
83732576923110	83732589723058	83732576834620
83732620864516	83732639708162	83732620770870
83732625876756	83732648038161	83732625844516
83732688613787	83732706362744	83732688517328
83732739828943	83732756353109	83732739732328
83732744730193	83732764683630	83732744687693
83732751271183	83732773015349	83732751211703
83732777988995	83732789679255	83732777903318
83732813195870	83732831338421	83732813082901
83732869097797	83732881333630	83732869009568
83732888088318	83732906332380	83732887998630
83732903281287	83732914668057	83732903215766
83732937773318	83732956342119	83732937630974
83732968364724	83732981347016	83732968274672
83732988407953	83733006351182	83732988307172
83732992602016	83733014685869	83732992557901
83733013714203	83733031353734	83733013595974
83733068082693	83733081352485	83733067919776
83733088425245	83733106354151	83733088355245
83733112918839	83733131354099	83733112819099
83733163055609	83733181349412	83733162945662
83733168481443	83733189682276	83733168421026
83733192762068	83733206345870	83733192663005
83733213287901	83733231340348	83733213216547
83733228696755	83733239674307	83733228608370
83733288416912	83733306335869	83733288294255
83733292697537	83733314671130	83733292630141
83733304238474	83733323005036	83733304136234
83733327810245	83733339672119	83733327641547
83733352987849	83733364668630	83733352848578
83733392649307	83733406333057	83733392564151
83733412708370	83733431328578	83733412614568
83733428181859	83733439662171	83733428120193
83733444052536	83733456327380	83733443923266
83733503740505	83733514657328	83733503588005
83733528604776	83733539657744	83733528505297
83733537801859	83733556325869	83733537748161
83733542862693	83733564659827	83733542816182
83733568356911	83733581326495	83733568249828
83733635767120	83733647994099	83733635621078
83733642321495	83733656330922	83733642283943
83733684594776	83733698002900	83733684493057
83733777958109	83733789680401	83733777852849
83733785953161	83733798014932	83733785853422
83733845333734	83733856352171	83733845253526
83733859683682	83733873020713	83733859624776
83733900852536	83733914688265	83733900785765
83733954631390	83733973018734	83733954546703
83733959376963	83733981352536	83733959324307
83734020850245	83734039692588	83734020738422
83734068204620	83734081368837	83734068119359
83734131073474	83734148052588	83734130977015
83734176129932	83734189726338	83734176038786
83734245273265	83734256387431	83734245171130
83734285725557	83734298051181	83734285594099
83734292550922	83734306384046	83734292500453
83734342808994	83734356380505	83734342713838
83734388137015	83734406374046	83734387992588
83734400835974	83734414705401	83734400770088
83734459585609	83734473021077	83734459475036
83734510931078	83734523006286	83734510840140
83734517342380	83734531337848	83734517305244
83734568122276	83734581324775	83734567922119
83734617782276	83734631310609	83734617647692
83734625778057	83734639643941	83734625733369
83734675974411	83734689639984	83734675893109
83734737539515	83734756309827	83734737450244
83734743725921	83734764644463	83734743662223
83734750715869	83734772980348	83734750672432
83734776723005	83734789651233	83734776650192
83734811310296	83734822993160	83734811207432
83734826101026	83734839665608	83734826032067
83734858522953	83734873002588	83734851594359
83734891848994	83734906343629	83734887023890
83734902303734	83734914677327	83734902227067
83734937098213	83734948014202	83734936969932
83734951596442	83734964684202	83734951527432
83734971419255	83734989686806	83734971349619
83734987389255	83734998020452	83734987320400
83735026652953	83735039681702	83735026562380
83735036280869	83735048016233	83735036218578
83735076409775	83735089689254	83735076339515
83735086375088	83735098023473	83735086329880
83735136771338	83735148028108	83735136647119
83735146940869	83735164696858	83735146887484
83735186808005	83735198030400	83735186723525
83735226308525	83735239694202	83735226221130
83735258613525	83735273029567	83735251561442
83735291956859	83735306366859	83735285899932
83735296826286	83735314700191	83735296746598
83735311149046	83735323033577	83735311091286
83735351649515	83735364697795	83735351572119
83735362229463	83735373031390	83735362155557
83735411334254	83735423030191	83735411223890
83735426678109	83735439697847	83735426593473
83735476940504	83735489698368	83735476816650
83735486997484	83735498031389	83735486925817
83735521335192	83735539697327	83735521222223
83735551400140	83735564695608	83735551300869
83735596158681	83735614699149	83735596059359
83735602153161	83735623034306	83735602095192
83735626449306	83735639703837	83735626364150
83735642454463	83735656370191	83735642388890
83735676261494	83735689702014	83735676158056
83735727661077	83735739696806	83735727561442
83735742644567	83735756362535	83735742578265
83735784443108	83735798021911	83735784292796
83735843093994	83735856347067	83735842972015
83735851722848	83735864678785	83735851653161
83735884133994	83735898006337	83735884061494
83735956155504	83735972984254	83735956065713
83735958855088	83735981315868	83735958792327
83735992819202	83736006317848	83735992676129
83736070540817	83736081334150	83736070455088
83736076057379	83736089670400	83736075987588
83736109382796	83736123005921	83736109313577
83736170590192	83736181335452	83736170481858
83736184073160	83736198000660	83736183993525
83736217690504	83736231334462	83736217607483
83736293913629	83736306361962	83736293805660
83736301973056	83736314695816	83736301916702
83736325786858	83736339698577	83736325715504
83736417684723	83736431368941	83736417541806
83736429196494	83736448034982	83736429144671
83736442178525	83736456368576	83736442136025
83736543425296	83736556341858	83736543306858
83736551285817	83736564674045	83736551220869

=== poll 1790328252.978664724
8333333
83734675974411	83734689639984	83734675893109
83734737539515	83734756309827	83734737450244
83734743725921	83734764644463	83734743662223
83734750715869	83734772980348	83734750672432
83734776723005	83734789651233	83734776650192
83734811310296	83734822993160	83734811207432
83734826101026	83734839665608	83734826032067
83734858522953	83734873002588	83734851594359
83734891848994	83734906343629	83734887023890
83734902303734	83734914677327	83734902227067
83734937098213	83734948014202	83734936969932
83734951596442	83734964684202	83734951527432
83734971419255	83734989686806	83734971349619
83734987389255	83734998020452	83734987320400
83735026652953	83735039681702	83735026562380
83735036280869	83735048016233	83735036218578
83735076409775	83735089689254	83735076339515
83735086375088	83735098023473	83735086329880
83735136771338	83735148028108	83735136647119
83735146940869	83735164696858	83735146887484
83735186808005	83735198030400	83735186723525
83735226308525	83735239694202	83735226221130
83735258613525	83735273029567	83735251561442
83735291956859	83735306366859	83735285899932
83735296826286	83735314700191	83735296746598
83735311149046	83735323033577	83735311091286
83735351649515	83735364697795	83735351572119
83735362229463	83735373031390	83735362155557
83735411334254	83735423030191	83735411223890
83735426678109	83735439697847	83735426593473
83735476940504	83735489698368	83735476816650
83735486997484	83735498031389	83735486925817
83735521335192	83735539697327	83735521222223
83735551400140	83735564695608	83735551300869
83735596158681	83735614699149	83735596059359
83735602153161	83735623034306	83735602095192
83735626449306	83735639703837	83735626364150
83735642454463	83735656370191	83735642388890
83735676261494	83735689702014	83735676158056
83735727661077	83735739696806	83735727561442
83735742644567	83735756362535	83735742578265
83735784443108	83735798021911	83735784292796
83735843093994	83735856347067	83735842972015
83735851722848	83735864678785	83735851653161
83735884133994	83735898006337	83735884061494
83735956155504	83735972984254	83735956065713
83735958855088	83735981315868	83735958792327
83735992819202	83736006317848	83735992676129
83736070540817	83736081334150	83736070455088
83736076057379	83736089670400	83736075987588
83736109382796	83736123005921	83736109313577
83736170590192	83736181335452	83736170481858
83736184073160	83736198000660	83736183993525
83736217690504	83736231334462	83736217607483
83736293913629	83736306361962	83736293805660
83736301973056	83736314695816	83736301916702
83736325786858	83736339698577	83736325715504
83736417684723	83736431368941	83736417541806
83736429196494	83736448034982	83736429144671
83736442178525	83736456368576	83736442136025
83736543425296	83736556341858	83736543306858
83736551285817	83736564674045	83736551220869
83736650502483	83736664644618	83736650347379
83736652245504	83736672978107	83736652203160
83736675708577	83736689643577	83736675631806
83736769401285	83736781289879	83736769277535
83736771233212	83736789620295	83736771185139
83736776769306	83736797950868	83736776679202
83736784349775	83736806282691	83736784285556
83736796352535	83736814614983	83736796273004
83736837157639	83736847943420	83736836977483
83736851526858	83736864605035	83736851403629
83736875974358	83736889596336	83736875905504
83736896427223	83736914589930	83736896361754
83736922053941	83736939586024	83736921535139
83736962276702	83736981239254	83736961988837
83736971262587	83736989569202	83736971184618
83736976715660	83736997899775	83736976649410
83737051947587	83737064537535	83737051814827
83737096221181	83737114513264	83737096128629
83737112033993	83737122842847	83737111919462
83737126468681	83737139502222	83737126374514
83737137170295	83737147834045	83737137086910
83737171834410	83737189483837	83737171720400
83737187009202	83737197813576	83737186938368
83737226590348	83737239459878	83737226516025
83737236793368	83737247789513	83737236727066
83737276018785	83737289434462	83737275882275
83737286269514	83737297764149	83737286217014
83737336540191	83737347741024	83737336439983
83737361326441	83737372726701	83737361213004
83737396442587	83737414372274	83737396332118
83737411668785	83737422702066	83737411590920
83737446672275	83737464353212	83737446567118
83737460383837	83737472683055	83737460286754
83737577763837	83737589292379	83737577624462
83737579888577	83737597623993	83737579847274
83737688050452	83737705922066	83737687932014
83737735546129	83737747580503	83737735464149
83737770503264	83737789237482	83737770437795
83737808089201	83737822564774	83737801303785
83737885893472	83737897567795	83737885801858
83737916388056	83737930893836	83737909891649
83737950972951	83737964221545	83737950868785
83738010986545	83738022546024	83738010888628
83738080186649	83738097548055	83738080086597
83738084731493	83738105882014	83738084679306
83738179831441	83738197523055	83738179723889
83738206052222	83738222508263	83738205972691
83738220255712	83738230837586	83738220205555
83738317905972	83738330790347	83738317803264
83738366370295	83738380776232	83738330408993
83738416386493	83738430776544	83738368635035
83738466363472	83738480770346	83738418341701
83738516341232	83738530756544	83738468547170
83738566359514	83738580752638	83738518469357
83738616331962	83738630747742	83738568467326
83738666313107	83738680754670	83738618480399
83738716328472	83738730766388	83738668099930
83738766379097	83738780770243	83738737198784
83738816306180	83738830771440	83738772135659
83738866316597	83738880771909	83738821372014
83738869190659	83738889108420	83738869131753
83738902462482	83738914113628	83738902379253
83738912319982	83738930783159	83738912254514
83738927473472	83738939117274	83738927401389
83738976835711	9223372036854775807	83738976740920

=== poll 1790328255.305702067
8333333
83736293913629	83736306361962	83736293805660
83736301973056	83736314695816	83736301916702
83736325786858	83736339698577	83736325715504
83736417684723	83736431368941	83736417541806
83736429196494	83736448034982	83736429144671
83736442178525	83736456368576	83736442136025
83736543425296	83736556341858	83736543306858
83736551285817	83736564674045	83736551220869
83736650502483	83736664644618	83736650347379
83736652245504	83736672978107	83736652203160
83736675708577	83736689643577	83736675631806
83736769401285	83736781289879	83736769277535
83736771233212	83736789620295	83736771185139
83736776769306	83736797950868	83736776679202
83736784349775	83736806282691	83736784285556
83736796352535	83736814614983	83736796273004
83736837157639	83736847943420	83736836977483
83736851526858	83736864605035	83736851403629
83736875974358	83736889596336	83736875905504
83736896427223	83736914589930	83736896361754
83736922053941	83736939586024	83736921535139
83736962276702	83736981239254	83736961988837
83736971262587	83736989569202	83736971184618
83736976715660	83736997899775	83736976649410
83737051947587	83737064537535	83737051814827
83737096221181	83737114513264	83737096128629
83737112033993	83737122842847	83737111919462
83737126468681	83737139502222	83737126374514
83737137170295	83737147834045	83737137086910
83737171834410	83737189483837	83737171720400
83737187009202	83737197813576	83737186938368
83737226590348	83737239459878	83737226516025
83737236793368	83737247789513	83737236727066
83737276018785	83737289434462	83737275882275
83737286269514	83737297764149	83737286217014
83737336540191	83737347741024	83737336439983
83737361326441	83737372726701	83737361213004
83737396442587	83737414372274	83737396332118
83737411668785	83737422702066	83737411590920
83737446672275	83737464353212	83737446567118
83737460383837	83737472683055	83737460286754
83737577763837	83737589292379	83737577624462
83737579888577	83737597623993	83737579847274
83737688050452	83737705922066	83737687932014
83737735546129	83737747580503	83737735464149
83737770503264	83737789237482	83737770437795
83737808089201	83737822564774	83737801303785
83737885893472	83737897567795	83737885801858
83737916388056	83737930893836	83737909891649
83737950972951	83737964221545	83737950868785
83738010986545	83738022546024	83738010888628
83738080186649	83738097548055	83738080086597
83738084731493	83738105882014	83738084679306
83738179831441	83738197523055	83738179723889
83738206052222	83738222508263	83738205972691
83738220255712	83738230837586	83738220205555
83738317905972	83738330790347	83738317803264
83738366370295	83738380776232	83738330408993
83738416386493	83738430776544	83738368635035
83738466363472	83738480770346	83738418341701
83738516341232	83738530756544	83738468547170
83738566359514	83738580752638	83738518469357
83738616331962	83738630747742	83738568467326
83738666313107	83738680754670	83738618480399
83738716328472	83738730766388	83738668099930
83738766379097	83738780770243	83738737198784
83738816306180	83738830771440	83738772135659
83738866316597	83738880771909	83738821372014
83738869190659	83738889108420	83738869131753
83738902462482	83738914113628	83738902379253
83738912319982	83738930783159	83738912254514
83738927473472	83738939117274	83738927401389
83738976835711	83738989118055	83738976740920
83738983519566	83738997453316	83738983458524
83739093900034	83739105782482	83739093766180
83739100644253	83739114113992	83739100589618
83739167504722	83739180763263	83739167385868
83739177981180	83739189094669	83739177920659
83739191610138	83739205752794	83739191541441
83739285237482	83739297410555	83739285087118
83739296040399	83739314074617	83739295964670
83739308442690	83739322406909	83739308388211
83739383972534	83739397390919	83739383866128
83739403312170	83739414054773	83739403244305
83739416784722	83739430720242	83739416708836
83739512846440	83739530708628	83739512700399
83739520104670	83739539042117	83739520038472
83739525644878	83739547377637	83739525577170
83739628251284	83739639033055	83739628104409
83739635197586	83739647364877	83739635142638
83739641522117	83739655698003	83739641471024
83739738058159	83739755681596	83739737953836
83739750788003	83739764013992	83739750637951
83739758174513	83739772347273	83739758121597
83739867111544	83739880667378	83739866964305
83739868803055	83739889002065	83739868762690
83739997889461	83740013958991	83739997774826
83739999572690	83740022290815	83739999528107
83740097287169	83740113912429	83740097175607
83740099220138	83740122243054	83740099176701
83740108111753	83740130572325	83740108070607
83740178044148	83740188879617	83740177952846
83740187832169	83740205540398	83740187761701
83740191567898	83740213869825	83740191527221
83740286331857	83740297161336	83740286247326
83740297178263	83740313820763	83740297086180
83740308289930	83740322148523	83740308239201
83740410940555	83740422084617	83740410843055
83740416970555	83740430414460	83740416912950
83740510845138	83740522029617	83740510745763
83740524565659	83740538684564	83740524497378
83740624166180	83740638635970	83740624026232
83740625920398	83740646964461	83740625879565
83740641941127	83740655293887	83740641842690
83740741281075	83740755222741	83740741143367
83740743064096	83740763551023	83740743018940
83740750055346	83740771879044	83740750010711
83740851643940	83740863498262	83740851504513
83740858229877	83740871827690	83740858174200
83740966213211	83740980106856	83740966073002
83740967891752	83740988433731	83740967859773
83741078920502	83741096720242	83741078799200
83741080994721	83741105049251	83741080894513
83741091795190	83741113379772	83741091723159
83741184734773	83741196664461	83741184590086
83741186622169	83741204991856	83741186582690
83741190837377	83741213321543	83741190802638

=== poll 1790328257.621354722
8333333
83738206052222	83738222508263	83738205972691
83738220255712	83738230837586	83738220205555
83738317905972	83738330790347	83738317803264
83738366370295	83738380776232	83738330408993
83738416386493	83738430776544	83738368635035
83738466363472	83738480770346	83738418341701
83738516341232	83738530756544	83738468547170
83738566359514	83738580752638	83738518469357
83738616331962	83738630747742	83738568467326
83738666313107	83738680754670	83738618480399
83738716328472	83738730766388	83738668099930
83738766379097	83738780770243	83738737198784
83738816306180	83738830771440	83738772135659
83738866316597	83738880771909	83738821372014
83738869190659	83738889108420	83738869131753
83738902462482	83738914113628	83738902379253
83738912319982	83738930783159	83738912254514
83738927473472	83738939117274	83738927401389
83738976835711	83738989118055	83738976740920
83738983519566	83738997453316	83738983458524
83739093900034	83739105782482	83739093766180
83739100644253	83739114113992	83739100589618
83739167504722	83739180763263	83739167385868
83739177981180	83739189094669	83739177920659
83739191610138	83739205752794	83739191541441
83739285237482	83739297410555	83739285087118
83739296040399	83739314074617	83739295964670
83739308442690	83739322406909	83739308388211
83739383972534	83739397390919	83739383866128
83739403312170	83739414054773	83739403244305
83739416784722	83739430720242	83739416708836
83739512846440	83739530708628	83739512700399
83739520104670	83739539042117	83739520038472
83739525644878	83739547377637	83739525577170
83739628251284	83739639033055	83739628104409
83739635197586	83739647364877	83739635142638
83739641522117	83739655698003	83739641471024
83739738058159	83739755681596	83739737953836
83739750788003	83739764013992	83739750637951
83739758174513	83739772347273	83739758121597
83739867111544	83739880667378	83739866964305
83739868803055	83739889002065	83739868762690
83739997889461	83740013958991	83739997774826
83739999572690	83740022290815	83739999528107
83740097287169	83740113912429	83740097175607
83740099220138	83740122243054	83740099176701
83740108111753	83740130572325	83740108070607
83740178044148	83740188879617	83740177952846
83740187832169	83740205540398	83740187761701
83740191567898	83740213869825	83740191527221
83740286331857	83740297161336	83740286247326
83740297178263	83740313820763	83740297086180
83740308289930	83740322148523	83740308239201
83740410940555	83740422084617	83740410843055
83740416970555	83740430414460	83740416912950
83740510845138	83740522029617	83740510745763
83740524565659	83740538684564	83740524497378
83740624166180	83740638635970	83740624026232
83740625920398	83740646964461	83740625879565
83740641941127	83740655293887	83740641842690
83740741281075	83740755222741	83740741143367
83740743064096	83740763551023	83740743018940
83740750055346	83740771879044	83740750010711
83740851643940	83740863498262	83740851504513
83740858229877	83740871827690	83740858174200
83740966213211	83740980106856	83740966073002
83740967891752	83740988433731	83740967859773
83741078920502	83741096720242	83741078799200
83741080994721	83741105049251	83741080894513
83741091795190	83741113379772	83741091723159
83741184734773	83741196664461	83741184590086
83741186622169	83741204991856	83741186582690
83741190837377	83741213321543	83741190802638
83741299439408	83741313265605	83741299317013
83741301213471	83741321595137	83741301163315
83741383122742	83741396551335	83741383024877
83741399821075	83741413206856	83741399731388
83741407472794	83741421534929	83741407418315
83741511588627	83741529811596	83741511465971
83741535221388	83741546472898	83741535142429
83741579421179	83741596458106	83741579303888
83741677137065	83741688091387	83741677019044
83741699688835	83741713076908	83741699616960
83741709234096	83741721407845	83741709179773
83741824685971	83741838016023	83741824601283
83741826303835	83741846343991	83741826262585
83741834567325	83741854670970	83741834514096
83741840416544	83741862999199	83741840363471
83741854214200	83741871327324	83741854172898
83741884106596	83741896310345	83741884028054
83741904020606	83741921296230	83741903936856
83741908485294	83741929627011	83741908442637
83741923768939	83741937956231	83741923715242
83741948895867	83741962943314	83741948848575
83742016066596	83742029567429	83742015959460
83742052172794	83742062882169	83742052085867
83742057644096	83742071211335	83742057598419
83742135390137	83742146168366	83742135297741
83742165730710	83742179482429	83742165645658
83742282945033	83742296092533	83742282808523
83742284611700	83742304421960	83742284570346
83742369063418	83742387701022	83742368951804
83742384015554	83742396028626	83742383942846
83742390102429	83742404356595	83742390063627
83742492550450	83742504288679	83742492440606
83742499268314	83742512615970	83742499207637
83742619033835	83742637546490	83742618913679
83742621009564	83742645876907	83742620959564
83742629388731	83742654207689	83742623239200
83742784694668	83742795832689	83742784607533
83742816225970	83742829156230	83742816107689
83742825735814	83742837488679	83742825672793
83742834973939	83742845820293	83742834927064
83742844797950	83742862483053	83742844755814
83742900633366	83742912468418	83742900522741
83742910430397	83742929129668	83742910372481
83742973721127	83742987444824	83742973622793
83743064876491	83743079083938	83743064725814
83743066504043	83743087414824	83743066464460
83743150313418	83743162381439	83743150200449
83743181864512	83743195701595	83743181777793
83743291790606	83743304008366	83743291688887
83743298648106	83743312341230	83743298586960
83743375226283	83743387330293	83743375132376
83743406587481	83743420658990	83743406506126
83743514823262	83743528978938	83743514714303
83743523684095	83743537311178	83743523630449

=== poll 1790328259.938264565
8333333
83740410940555	83740422084617	83740410843055
83740416970555	83740430414460	83740416912950
83740510845138	83740522029617	83740510745763
83740524565659	83740538684564	83740524497378
83740624166180	83740638635970	83740624026232
83740625920398	83740646964461	83740625879565
83740641941127	83740655293887	83740641842690
83740741281075	83740755222741	83740741143367
83740743064096	83740763551023	83740743018940
83740750055346	83740771879044	83740750010711
83740851643940	83740863498262	83740851504513
83740858229877	83740871827690	83740858174200
83740966213211	83740980106856	83740966073002
83740967891752	83740988433731	83740967859773
83741078920502	83741096720242	83741078799200
83741080994721	83741105049251	83741080894513
83741091795190	83741113379772	83741091723159
83741184734773	83741196664461	83741184590086
83741186622169	83741204991856	83741186582690
83741190837377	83741213321543	83741190802638
83741299439408	83741313265605	83741299317013
83741301213471	83741321595137	83741301163315
83741383122742	83741396551335	83741383024877
83741399821075	83741413206856	83741399731388
83741407472794	83741421534929	83741407418315
83741511588627	83741529811596	83741511465971
83741535221388	83741546472898	83741535142429
83741579421179	83741596458106	83741579303888
83741677137065	83741688091387	83741677019044
83741699688835	83741713076908	83741699616960
83741709234096	83741721407845	83741709179773
83741824685971	83741838016023	83741824601283
83741826303835	83741846343991	83741826262585
83741834567325	83741854670970	83741834514096
83741840416544	83741862999199	83741840363471
83741854214200	83741871327324	83741854172898
83741884106596	83741896310345	83741884028054
83741904020606	83741921296230	83741903936856
83741908485294	83741929627011	83741908442637
83741923768939	83741937956231	83741923715242
83741948895867	83741962943314	83741948848575
83742016066596	83742029567429	83742015959460
83742052172794	83742062882169	83742052085867
83742057644096	83742071211335	83742057598419
83742135390137	83742146168366	83742135297741
83742165730710	83742179482429	83742165645658
83742282945033	83742296092533	83742282808523
83742284611700	83742304421960	83742284570346
83742369063418	83742387701022	83742368951804
83742384015554	83742396028626	83742383942846
83742390102429	83742404356595	83742390063627
83742492550450	83742504288679	83742492440606
83742499268314	83742512615970	83742499207637
83742619033835	83742637546490	83742618913679
83742621009564	83742645876907	83742620959564
83742629388731	83742654207689	83742623239200
83742784694668	83742795832689	83742784607533
83742816225970	83742829156230	83742816107689
83742825735814	83742837488679	83742825672793
83742834973939	83742845820293	83742834927064
83742844797950	83742862483053	83742844755814
83742900633366	83742912468418	83742900522741
83742910430397	83742929129668	83742910372481
83742973721127	83742987444824	83742973622793
83743064876491	83743079083938	83743064725814
83743066504043	83743087414824	83743066464460
83743150313418	83743162381439	83743150200449
83743181864512	83743195701595	83743181777793
83743291790606	83743304008366	83743291688887
83743298648106	83743312341230	83743298586960
83743375226283	83743387330293	83743375132376
83743406587481	83743420658990	83743406506126
83743514823262	83743528978938	83743514714303
83743523684095	83743537311178	83743523630449
83743626658678	83743645638626	83743626525710
83743639871022	83743653971283	83743639801283
83743755672428	83743770636647	83743755553991
83743757366595	83743778970969	83743757315085
83743765305345	83743787305448	83743765208470
83743824590710	83743837304355	83743824478574
83743848241126	83743862304771	83743848169407
83743927024460	83743945642375	83743926886074
83743956894460	83743970642272	83743956825241
83743965213105	83743978976178	83743965167793
83744053227376	83744070635084	83744053106387
83744073554407	83744087299615	83744073484876
83744190585709	83744203929980	83744190451595
83744192201699	83744212262741	83744192175918
83744298089095	83744312270189	83744297950293
83744299831282	83744320604511	83744299804303
83744397911595	83744412262323	83744397811595
83744407901230	83744420595396	83744407849095
83744414846282	83744428930032	83744414808157
83744517479563	83744528910084	83744517350188
83744524035761	83744537241438	83744523959876
83744531463834	83744545574302	83744531420970
83744640060136	83744653881751	83744639903209
83744641815605	83744662212323	83744641766959
83744761968209	83744778852844	83744761881386
83744766077740	83744787183105	83744766023678
83744774428782	83744795513782	83744774350136
83744781356959	83744803845709	83744781309980
83744874612428	83744887164875	83744874403626
83744971610970	83744987153834	83744971487063
83744973578574	83744995488105	83744973541959
83745092527167	83745103814198	83745092406751
83745094560970	83745112146906	83745094510657
83745097938990	83745120478105	83745097897845
83745200945449	83745212135500	83745200804876
83745202667167	83745220468989	83745202636230
83745306117584	83745320475761	83745305979615
83745308060657	83745328811073	83745307972376
83745314705865	83745337146073	83745314654407
83745426097480	83745437138053	83745425928886
83745432450969	83745445470292	83745432352115
83745524716386	83745537118781	83745524575396
83745526714511	83745545449094	83745526667480
83745539589824	83745553779458	83745539531386
83745618664876	83745637090552	83745618534407
83745631811698	83745645419771	83745631703105
83745639707115	83745653749458	83745639645344
83745748980188	83745762044927	83745748861230
83745750672740	83745770376386	83745750632948
83745756918053	83745778707584	83745756855813
83745840037428	83745853700656	83745839869980
83745851699563	83745870363782	83745851618886
83745856365448	83745878697427	83745856316438

=== poll 1790328262.228481595
8333333
83742369063418	83742387701022	83742368951804
83742384015554	83742396028626	83742383942846
83742390102429	83742404356595	83742390063627
83742492550450	83742504288679	83742492440606
83742499268314	83742512615970	83742499207637
83742619033835	83742637546490	83742618913679
83742621009564	83742645876907	83742620959564
83742629388731	83742654207689	83742623239200
83742784694668	83742795832689	83742784607533
83742816225970	83742829156230	83742816107689
83742825735814	83742837488679	83742825672793
83742834973939	83742845820293	83742834927064
83742844797950	83742862483053	83742844755814
83742900633366	83742912468418	83742900522741
83742910430397	83742929129668	83742910372481
83742973721127	83742987444824	83742973622793
83743064876491	83743079083938	83743064725814
83743066504043	83743087414824	83743066464460
83743150313418	83743162381439	83743150200449
83743181864512	83743195701595	83743181777793
83743291790606	83743304008366	83743291688887
83743298648106	83743312341230	83743298586960
83743375226283	83743387330293	83743375132376
83743406587481	83743420658990	83743406506126
83743514823262	83743528978938	83743514714303
83743523684095	83743537311178	83743523630449
83743626658678	83743645638626	83743626525710
83743639871022	83743653971283	83743639801283
83743755672428	83743770636647	83743755553991
83743757366595	83743778970969	83743757315085
83743765305345	83743787305448	83743765208470
83743824590710	83743837304355	83743824478574
83743848241126	83743862304771	83743848169407
83743927024460	83743945642375	83743926886074
83743956894460	83743970642272	83743956825241
83743965213105	83743978976178	83743965167793
83744053227376	83744070635084	83744053106387
83744073554407	83744087299615	83744073484876
83744190585709	83744203929980	83744190451595
83744192201699	83744212262741	83744192175918
83744298089095	83744312270189	83744297950293
83744299831282	83744320604511	83744299804303
83744397911595	83744412262323	83744397811595
83744407901230	83744420595396	83744407849095
83744414846282	83744428930032	83744414808157
83744517479563	83744528910084	83744517350188
83744524035761	83744537241438	83744523959876
83744531463834	83744545574302	83744531420970
83744640060136	83744653881751	83744639903209
83744641815605	83744662212323	83744641766959
83744761968209	83744778852844	83744761881386
83744766077740	83744787183105	83744766023678
83744774428782	83744795513782	83744774350136
83744781356959	83744803845709	83744781309980
83744874612428	83744887164875	83744874403626
83744971610970	83744987153834	83744971487063
83744973578574	83744995488105	83744973541959
83745092527167	83745103814198	83745092406751
83745094560970	83745112146906	83745094510657
83745097938990	83745120478105	83745097897845
83745200945449	83745212135500	83745200804876
83745202667167	83745220468989	83745202636230
83745306117584	83745320475761	83745305979615
83745308060657	83745328811073	83745307972376
83745314705865	83745337146073	83745314654407
83745426097480	83745437138053	83745425928886
83745432450969	83745445470292	83745432352115
83745524716386	83745537118781	83745524575396
83745526714511	83745545449094	83745526667480
83745539589824	83745553779458	83745539531386
83745618664876	83745637090552	83745618534407
83745631811698	83745645419771	83745631703105
83745639707115	83745653749458	83745639645344
83745748980188	83745762044927	83745748861230
83745750672740	83745770376386	83745750632948
83745756918053	83745778707584	83745756855813
83745840037428	83745853700656	83745839869980
83745851699563	83745870363782	83745851618886
83745856365448	83745878697427	83745856316438
83745954547167	83745970337219	83745954437584
83746080185605	83746095304042	83746080043313
83746082031073	83746103635656	83746081973052
83746089553730	83746111968417	83746089503730
83746160681438	83746178620708	83746160546750
83746173426282	83746186950344	83746173330969
83746184355552	83746195281334	83746184283990
83746283396125	83746295249771	83746283267948
83746285405344	83746303579614	83746285360969
83746289392427	83746311910604	83746289347636
83746400912167	83746411882739	83746400774615
83746406493729	83746420214146	83746406439459
83746500914511	83746511842792	83746500791021
83746514501802	83746528503156	83746514435344
83746639713052	83746653455916	83746639619094
83746739747115	83746753427114	83746739614927
83746741569458	83746761758260	83746741496698
83746748313417	83746770088416	83746748257740
83746756496958	83746778418989	83746756411698
83746858610761	83746870042322	83746858494458
83746860439458	83746878373833	83746860398938
83746941515813	83746953338260	83746941416385
83746951530396	83746969997635	83746951455813
83746955755083	83746978328364	83746955706229
83747075083521	83747086633468	83747074936385
83747081389406	83747094964771	83747081313833
83747183258365	83747194940500	83747183161281
83747189219354	83747203270812	83747189171385
83747299067948	83747311555708	83747298937583
83747300831594	83747319886802	83747300805448
83747405566646	83747419856385	83747405422114
83747407388937	83747428187322	83747407334302
83747416057427	83747436517322	83747415965083
83747522169823	83747536491750	83747522035292
83747624127271	83747636451645	83747623964250
83747630687844	83747644781281	83747630636698
83747740689614	83747753060915	83747740561854
83747742700448	83747761391124	83747742640344
83747750492635	83747769720135	83747750416906
83747848028312	83747861345239	83747847870656
83747849754198	83747869674145	83747849703260
83747948280031	83747961289666	83747948159510
83747950134666	83747969620916	83747950077531
83747963936073	83747977950916	83747963887531
83748057078104	83748069586489	83748056928416
83748063945604	83748077919978	83748063887323
83748180485708	83748194530968	83748180383781
83748189574197	83748202859562	83748189508989

=== poll 1790328264.542639980
8333333
83744531463834	83744545574302	83744531420970
83744640060136	83744653881751	83744639903209
83744641815605	83744662212323	83744641766959
83744761968209	83744778852844	83744761881386
83744766077740	83744787183105	83744766023678
83744774428782	83744795513782	83744774350136
83744781356959	83744803845709	83744781309980
83744874612428	83744887164875	83744874403626
83744971610970	83744987153834	83744971487063
83744973578574	83744995488105	83744973541959
83745092527167	83745103814198	83745092406751
83745094560970	83745112146906	83745094510657
83745097938990	83745120478105	83745097897845
83745200945449	83745212135500	83745200804876
83745202667167	83745220468989	83745202636230
83745306117584	83745320475761	83745305979615
83745308060657	83745328811073	83745307972376
83745314705865	83745337146073	83745314654407
83745426097480	83745437138053	83745425928886
83745432450969	83745445470292	83745432352115
83745524716386	83745537118781	83745524575396
83745526714511	83745545449094	83745526667480
83745539589824	83745553779458	83745539531386
83745618664876	83745637090552	83745618534407
83745631811698	83745645419771	83745631703105
83745639707115	83745653749458	83745639645344
83745748980188	83745762044927	83745748861230
83745750672740	83745770376386	83745750632948
83745756918053	83745778707584	83745756855813
83745840037428	83745853700656	83745839869980
83745851699563	83745870363782	83745851618886
83745856365448	83745878697427	83745856316438
83745954547167	83745970337219	83745954437584
83746080185605	83746095304042	83746080043313
83746082031073	83746103635656	83746081973052
83746089553730	83746111968417	83746089503730
83746160681438	83746178620708	83746160546750
83746173426282	83746186950344	83746173330969
83746184355552	83746195281334	83746184283990
83746283396125	83746295249771	83746283267948
83746285405344	83746303579614	83746285360969
83746289392427	83746311910604	83746289347636
83746400912167	83746411882739	83746400774615
83746406493729	83746420214146	83746406439459
83746500914511	83746511842792	83746500791021
83746514501802	83746528503156	83746514435344
83746639713052	83746653455916	83746639619094
83746739747115	83746753427114	83746739614927
83746741569458	83746761758260	83746741496698
83746748313417	83746770088416	83746748257740
83746756496958	83746778418989	83746756411698
83746858610761	83746870042322	83746858494458
83746860439458	83746878373833	83746860398938
83746941515813	83746953338260	83746941416385
83746951530396	83746969997635	83746951455813
83746955755083	83746978328364	83746955706229
83747075083521	83747086633468	83747074936385
83747081389406	83747094964771	83747081313833
83747183258365	83747194940500	83747183161281
83747189219354	83747203270812	83747189171385
83747299067948	83747311555708	83747298937583
83747300831594	83747319886802	83747300805448
83747405566646	83747419856385	83747405422114
83747407388937	83747428187322	83747407334302
83747416057427	83747436517322	83747415965083
83747522169823	83747536491750	83747522035292
83747624127271	83747636451645	83747623964250
83747630687844	83747644781281	83747630636698
83747740689614	83747753060915	83747740561854
83747742700448	83747761391124	83747742640344
83747750492635	83747769720135	83747750416906
83747848028312	83747861345239	83747847870656
83747849754198	83747869674145	83747849703260
83747948280031	83747961289666	83747948159510
83747950134666	83747969620916	83747950077531
83747963936073	83747977950916	83747963887531
83748057078104	83748069586489	83748056928416
83748063945604	83748077919978	83748063887323
83748180485708	83748194530968	83748180383781
83748189574197	83748202859562	83748189508989
83748281064510	83748294456749	83748280914875
83748283798260	83748302784874	83748283733156
83748288559614	83748311113884	83748288522218
83748388952895	83748402737165	83748388798364
83748397721385	83748411066697	83748397660604
83748508383833	83748519369249	83748508276906
83748513588468	83748527701020	83748513507947
83748606174197	83748619339457	83748606033208
83748608090864	83748627670291	83748608026958
83748613881437	83748636000968	83748613832843
83748729520447	83748744301957	83748729304197
83748731656437	83748752634926	83748731616489
83748738635395	83748760968988	83748738570864
83748838121176	83748852619405	83748837984458
83748945197218	83748960915551	83748945051072
83748947395395	83748969245082	83748947342062
83749048526593	83749060870916	83749048361593
83749050972478	83749069202009	83749050900656
83749164394510	83749177507738	83749164293989
83749171686437	83749185838936	83749171631020
83749288886072	83749302457217	83749288635603
83749394587010	83749410701800	83749394454353
83749500258624	83749518967842	83749500138832
83749504918884	83749527294353	83749504874405
83749592338937	83749610587790	83749592236905
83749604945759	83749618919352	83749604893937
83749739936124	83749752185134	83749739796593
83749742733051	83749760515655	83749742695082
83749747286228	83749768847217	83749747219301
83749754996853	83749777178728	83749754924926
83749853334926	83749868811540	83749853213676
83749855170239	83749877141956	83749855127270
83749954996541	83749968766800	83749954861072
83749956762218	83749977097217	83749956699666
83749963528468	83749985428884	83749963478624
83750071814405	83750085376123	83750071696072
83750073834145	83750093706280	83750073773936
83750079532218	83750102037217	83750079482270
83750180200134	83750193662738	83750180083832
83750182132426	83750201994665	83750182095655
83750188689874	83750210324248	83750188638468
83750288598520	83750301968988	83750288472009
83750290348415	83750310299613	83750290303520
83750387228572	83750401922685	83750387084040
83750389270290	83750410253363	83750389222009
83750396887374	83750418584040	83750396825551
83750512253780	83750526833207	83750512148103

=== poll 1790328266.929447583
8333333
83746756496958	83746778418989	83746756411698
83746858610761	83746870042322	83746858494458
83746860439458	83746878373833	83746860398938
83746941515813	83746953338260	83746941416385
83746951530396	83746969997635	83746951455813
83746955755083	83746978328364	83746955706229
83747075083521	83747086633468	83747074936385
83747081389406	83747094964771	83747081313833
83747183258365	83747194940500	83747183161281
83747189219354	83747203270812	83747189171385
83747299067948	83747311555708	83747298937583
83747300831594	83747319886802	83747300805448
83747405566646	83747419856385	83747405422114
83747407388937	83747428187322	83747407334302
83747416057427	83747436517322	83747415965083
83747522169823	83747536491750	83747522035292
83747624127271	83747636451645	83747623964250
83747630687844	83747644781281	83747630636698
83747740689614	83747753060915	83747740561854
83747742700448	83747761391124	83747742640344
83747750492635	83747769720135	83747750416906
83747848028312	83747861345239	83747847870656
83747849754198	83747869674145	83747849703260
83747948280031	83747961289666	83747948159510
83747950134666	83747969620916	83747950077531
83747963936073	83747977950916	83747963887531
83748057078104	83748069586489	83748056928416
83748063945604	83748077919978	83748063887323
83748180485708	83748194530968	83748180383781
83748189574197	83748202859562	83748189508989
83748281064510	83748294456749	83748280914875
83748283798260	83748302784874	83748283733156
83748288559614	83748311113884	83748288522218
83748388952895	83748402737165	83748388798364
83748397721385	83748411066697	83748397660604
83748508383833	83748519369249	83748508276906
83748513588468	83748527701020	83748513507947
83748606174197	83748619339457	83748606033208
83748608090864	83748627670291	83748608026958
83748613881437	83748636000968	83748613832843
83748729520447	83748744301957	83748729304197
83748731656437	83748752634926	83748731616489
83748738635395	83748760968988	83748738570864
83748838121176	83748852619405	83748837984458
83748945197218	83748960915551	83748945051072
83748947395395	83748969245082	83748947342062
83749048526593	83749060870916	83749048361593
83749050972478	83749069202009	83749050900656
83749164394510	83749177507738	83749164293989
83749171686437	83749185838936	83749171631020
83749288886072	83749302457217	83749288635603
83749394587010	83749410701800	83749394454353
83749500258624	83749518967842	83749500138832
83749504918884	83749527294353	83749504874405
83749592338937	83749610587790	83749592236905
83749604945759	83749618919352	83749604893937
83749739936124	83749752185134	83749739796593
83749742733051	83749760515655	83749742695082
83749747286228	83749768847217	83749747219301
83749754996853	83749777178728	83749754924926
83749853334926	83749868811540	83749853213676
83749855170239	83749877141956	83749855127270
83749954996541	83749968766800	83749954861072
83749956762218	83749977097217	83749956699666
83749963528468	83749985428884	83749963478624
83750071814405	83750085376123	83750071696072
83750073834145	83750093706280	83750073773936
83750079532218	83750102037217	83750079482270
83750180200134	83750193662738	83750180083832
83750182132426	83750201994665	83750182095655
83750188689874	83750210324248	83750188638468
83750288598520	83750301968988	83750288472009
83750290348415	83750310299613	83750290303520
83750387228572	83750401922685	83750387084040
83750389270290	83750410253363	83750389222009
83750396887374	83750418584040	83750396825551
83750512253780	83750526833207	83750512148103
83750604454144	83750618427009	83750604315134
83750606406749	83750626755186	83750606314144
83750613489509	83750635083207	83750613425655
83750732839509	83750751683728	83750732658363
83750734966905	83750760012998	83750734906697
83750743718363	83750768340654	83750737489509
83750835834457	83750851632737	83750835682634
83750838851228	83750859961905	83750838790967
83750849670394	83750868291643	83750849602582
83750862600238	83750876622061	83750862531436
83750922305915	83750934923780	83750922190603
83750942177946	83750959905758	83750942083936
83750945940863	83750968231592	83750945870446
83751048737790	83751059832477	83751048591280
83751050617217	83751068160289	83751050570446
83751054799405	83751076488519	83751054755446
83751142006592	83751159763675	83751141922061
83751178720551	83751193069820	83751154209301
83751212028363	83751226378155	83751182267634
83751271074561	83751284659352	83751270986592
83751386740967	83751401251331	83751386575967
83751420247946	83751434562946	83751389199665
83751491348623	83751509541019	83751491214977
83751528486748	83751542871279	83751496536071
83751561769925	83751576201852	83751534313988
83751612517009	83751626187894	83751612406905
83751645080550	83751659508727	83751620524561
83751714585863	83751726162217	83751714473832
83751761740029	83751776142738	83751729619977
83751811658519	83751826127061	83751768275602
83751861617425	83751876103675	83751816201540
83751911619144	83751926082841	83751879081019
83751961605863	83751976065758	83751914100238
83752011625915	83752026052841	83751964984092
83752061596540	83752076049508	83752014903831
83752111574977	83752126036227	83752071377425
83752161559613	83752176008518	83752115299925
83752211609508	83752225981227	83752196329196
83752261556592	83752275958779	83752214380029
83752311557790	83752325930498	83752304129196
83752412517165	83752425868831	83752412371852
83752414474717	83752434196070	83752414427842
83752420618415	83752442523987	83752420561279
83752529563102	83752542494195	83752529354560
83752635673415	83752650785185	83752635556331
83752637383727	83752659119560	83752637350342
83752755279925	83752767409716	83752755093623
83752762899560	83752775739456	83752762831644
83752861267685	83752875690133	83752861139456
83752871284821	83752884019299	83752871176696

=== poll 1790328269.274467999
8333333
83749048526593	83749060870916	83749048361593
83749050972478	83749069202009	83749050900656
83749164394510	83749177507738	83749164293989
83749171686437	83749185838936	83749171631020
83749288886072	83749302457217	83749288635603
83749394587010	83749410701800	83749394454353
83749500258624	83749518967842	83749500138832
83749504918884	83749527294353	83749504874405
83749592338937	83749610587790	83749592236905
83749604945759	83749618919352	83749604893937
83749739936124	83749752185134	83749739796593
83749742733051	83749760515655	83749742695082
83749747286228	83749768847217	83749747219301
83749754996853	83749777178728	83749754924926
83749853334926	83749868811540	83749853213676
83749855170239	83749877141956	83749855127270
83749954996541	83749968766800	83749954861072
83749956762218	83749977097217	83749956699666
83749963528468	83749985428884	83749963478624
83750071814405	83750085376123	83750071696072
83750073834145	83750093706280	83750073773936
83750079532218	83750102037217	83750079482270
83750180200134	83750193662738	83750180083832
83750182132426	83750201994665	83750182095655
83750188689874	83750210324248	83750188638468
83750288598520	83750301968988	83750288472009
83750290348415	83750310299613	83750290303520
83750387228572	83750401922685	83750387084040
83750389270290	83750410253363	83750389222009
83750396887374	83750418584040	83750396825551
83750512253780	83750526833207	83750512148103
83750604454144	83750618427009	83750604315134
83750606406749	83750626755186	83750606314144
83750613489509	83750635083207	83750613425655
83750732839509	83750751683728	83750732658363
83750734966905	83750760012998	83750734906697
83750743718363	83750768340654	83750737489509
83750835834457	83750851632737	83750835682634
83750838851228	83750859961905	83750838790967
83750849670394	83750868291643	83750849602582
83750862600238	83750876622061	83750862531436
83750922305915	83750934923780	83750922190603
83750942177946	83750959905758	83750942083936
83750945940863	83750968231592	83750945870446
83751048737790	83751059832477	83751048591280
83751050617217	83751068160289	83751050570446
83751054799405	83751076488519	83751054755446
83751142006592	83751159763675	83751141922061
83751178720551	83751193069820	83751154209301
83751212028363	83751226378155	83751182267634
83751271074561	83751284659352	83751270986592
83751386740967	83751401251331	83751386575967
83751420247946	83751434562946	83751389199665
83751491348623	83751509541019	83751491214977
83751528486748	83751542871279	83751496536071
83751561769925	83751576201852	83751534313988
83751612517009	83751626187894	83751612406905
83751645080550	83751659508727	83751620524561
83751714585863	83751726162217	83751714473832
83751761740029	83751776142738	83751729619977
83751811658519	83751826127061	83751768275602
83751861617425	83751876103675	83751816201540
83751911619144	83751926082841	83751879081019
83751961605863	83751976065758	83751914100238
83752011625915	83752026052841	83751964984092
83752061596540	83752076049508	83752014903831
83752111574977	83752126036227	83752071377425
83752161559613	83752176008518	83752115299925
83752211609508	83752225981227	83752196329196
83752261556592	83752275958779	83752214380029
83752311557790	83752325930498	83752304129196
83752412517165	83752425868831	83752412371852
83752414474717	83752434196070	83752414427842
83752420618415	83752442523987	83752420561279
83752529563102	83752542494195	83752529354560
83752635673415	83752650785185	83752635556331
83752637383727	83752659119560	83752637350342
83752755279925	83752767409716	83752755093623
83752762899560	83752775739456	83752762831644
83752861267685	83752875690133	83752861139456
83752871284821	83752884019299	83752871176696
83752977878727	83752992289716	83752977711904
83753076137581	83753092247111	83753075993571
83753079609769	83753100577528	83753079515133
83753087052633	83753108906487	83753086986279
83753195042008	83753208872007	83753194831383
83753302784977	83753317147893	83753302657425
83753304597633	83753325477476	83753304501071
83753414912998	83753433758101	83753414772477
83753420496071	83753442089612	83753420394664
83753512658935	83753525380757	83753512483779
83753515885498	83753533709455	83753515826591
83753521470081	83753542038257	83753521399195
83753635962112	83753650304872	83753635825081
83753637653779	83753658633882	83753637605602
83753752411956	83753766916538	83753752120133
83753754683362	83753775246330	83753754592841
83753761927477	83753783577372	83753761836695
83753862300550	83753875198518	83753862156331
83753870874143	83753883527944	83753870813674
83753978901799	83753991785861	83753978692477
83754070380914	83754083397632	83754070289143
83754077749612	83754091727789	83754077707789
83754194598935	83754208337684	83754194468674
83754196527737	83754216665237	83754196482216
83754203394716	83754224992736	83754203320497
83754311492841	83754324942112	83754311294508
83754313629716	83754333275028	83754313562008
83754319127893	83754341608674	83754319075653
83754426958466	83754441577632	83754426795393
83754429430758	83754449908466	83754429292216
83754546614247	83754558210653	83754546415758
83754642953414	83754658169872	83754642825653
83754645006383	83754666500809	83754644941383
83754654401226	83754674830445	83754654341018
83754762342737	83754774751018	83754762203049
83754764068987	83754783082111	83754764018882
83754769361122	83754791413934	83754769297424
83754777586070	83754799745444	83754777525237
83754868690810	83754883057164	83754868543570
83754870801903	83754891389559	83754870733362
83754994931487	83755008019038	83754994734716
83755093692632	83755107972632	83755093539924
83755096088570	83755116301591	83755095963414
83755212228466	83755224573569	83755212085289
83755214921643	83755232902423	83755214863882
83755223231851	83755241230236	83755223170184

=== poll 1790328271.608857685
8333333
83750862600238	83750876622061	83750862531436
83750922305915	83750934923780	83750922190603
83750942177946	83750959905758	83750942083936
83750945940863	83750968231592	83750945870446
83751048737790	83751059832477	83751048591280
83751050617217	83751068160289	83751050570446
83751054799405	83751076488519	83751054755446
83751142006592	83751159763675	83751141922061
83751178720551	83751193069820	83751154209301
83751212028363	83751226378155	83751182267634
83751271074561	83751284659352	83751270986592
83751386740967	83751401251331	83751386575967
83751420247946	83751434562946	83751389199665
83751491348623	83751509541019	83751491214977
83751528486748	83751542871279	83751496536071
83751561769925	83751576201852	83751534313988
83751612517009	83751626187894	83751612406905
83751645080550	83751659508727	83751620524561
83751714585863	83751726162217	83751714473832
83751761740029	83751776142738	83751729619977
83751811658519	83751826127061	83751768275602
83751861617425	83751876103675	83751816201540
83751911619144	83751926082841	83751879081019
83751961605863	83751976065758	83751914100238
83752011625915	83752026052841	83751964984092
83752061596540	83752076049508	83752014903831
83752111574977	83752126036227	83752071377425
83752161559613	83752176008518	83752115299925
83752211609508	83752225981227	83752196329196
83752261556592	83752275958779	83752214380029
83752311557790	83752325930498	83752304129196
83752412517165	83752425868831	83752412371852
83752414474717	83752434196070	83752414427842
83752420618415	83752442523987	83752420561279
83752529563102	83752542494195	83752529354560
83752635673415	83752650785185	83752635556331
83752637383727	83752659119560	83752637350342
83752755279925	83752767409716	83752755093623
83752762899560	83752775739456	83752762831644
83752861267685	83752875690133	83752861139456
83752871284821	83752884019299	83752871176696
83752977878727	83752992289716	83752977711904
83753076137581	83753092247111	83753075993571
83753079609769	83753100577528	83753079515133
83753087052633	83753108906487	83753086986279
83753195042008	83753208872007	83753194831383
83753302784977	83753317147893	83753302657425
83753304597633	83753325477476	83753304501071
83753414912998	83753433758101	83753414772477
83753420496071	83753442089612	83753420394664
83753512658935	83753525380757	83753512483779
83753515885498	83753533709455	83753515826591
83753521470081	83753542038257	83753521399195
83753635962112	83753650304872	83753635825081
83753637653779	83753658633882	83753637605602
83753752411956	83753766916538	83753752120133
83753754683362	83753775246330	83753754592841
83753761927477	83753783577372	83753761836695
83753862300550	83753875198518	83753862156331
83753870874143	83753883527944	83753870813674
83753978901799	83753991785861	83753978692477
83754070380914	83754083397632	83754070289143
83754077749612	83754091727789	83754077707789
83754194598935	83754208337684	83754194468674
83754196527737	83754216665237	83754196482216
83754203394716	83754224992736	83754203320497
83754311492841	83754324942112	83754311294508
83754313629716	83754333275028	83754313562008
83754319127893	83754341608674	83754319075653
83754426958466	83754441577632	83754426795393
83754429430758	83754449908466	83754429292216
83754546614247	83754558210653	83754546415758
83754642953414	83754658169872	83754642825653
83754645006383	83754666500809	83754644941383
83754654401226	83754674830445	83754654341018
83754762342737	83754774751018	83754762203049
83754764068987	83754783082111	83754764018882
83754769361122	83754791413934	83754769297424
83754777586070	83754799745444	83754777525237
83754868690810	83754883057164	83754868543570
83754870801903	83754891389559	83754870733362
83754994931487	83755008019038	83754994734716
83755093692632	83755107972632	83755093539924
83755096088570	83755116301591	83755095963414
83755212228466	83755224573569	83755212085289
83755214921643	83755232902423	83755214863882
83755223231851	83755241230236	83755223170184
83755286672841	83755299529455	83755286563622
83755302298153	83755316185965	83755302183309
83755413945184	83755432784976	83755413830080
83755423185132	83755441112996	83755423096018
83755427056330	83755449442320	83755426999716
83755536581382	83755549384298	83755536418257
83755538982059	83755557713205	83755538841174
83755543922320	83755566041955	83755543840705
83755652831799	83755665980549	83755652680340
83755654855340	83755674312736	83755654781955
83755752495497	83755765930809	83755752344611
83755754764715	83755774261381	83755754666226
83755761721070	83755782591695	83755761656695
83755768670705	83755790922006	83755768587945
83755875810392	83755890855235	83755875659090
83755877643205	83755899183413	83755877588934
83755994549195	83756007431538	83755994331434
83756093008622	83756107377059	83756092890444
83756094887319	83756115704663	83756094842424
83756222142111	83756240634454	83756221927215
83756327130392	83756340588257	83756327038569
83756451459559	83756465505652	83756451288778
83756460909715	83756482158778	83756460778361
83756559531486	83756573755548	83756559369246
83756677004923	83756690329923	83756676794507
83756775571382	83756790244090	83756775401121
83756779097788	83756798570704	83756779023725
83756784502736	83756806895183	83756784413153
83756902903569	83756915124818	83756902708413
83757000384975	83757015038881	83757000269819
83757002101225	83757023366642	83757002054715
83757127968257	83757139929141	83757127768986
83757224089454	83757239826798	83757223928309
83757226067736	83757248151641	83757226008829
83757234229142	83757256477684	83757234170236
83757350669975	83757364698777	83757350497163
83757449444923	83757464600808	83757449327006
83757451177371	83757472927996	83757451121017
83757458934142	83757481254194	83757458809767
83757574609975	83757589477214	83757574497736

=== poll 1790328273.949763049
8333333
83753635962112	83753650304872	83753635825081
83753637653779	83753658633882	83753637605602
83753752411956	83753766916538	83753752120133
83753754683362	83753775246330	83753754592841
83753761927477	83753783577372	83753761836695
83753862300550	83753875198518	83753862156331
83753870874143	83753883527944	83753870813674
83753978901799	83753991785861	83753978692477
83754070380914	83754083397632	83754070289143
83754077749612	83754091727789	83754077707789
83754194598935	83754208337684	83754194468674
83754196527737	83754216665237	83754196482216
83754203394716	83754224992736	83754203320497
83754311492841	83754324942112	83754311294508
83754313629716	83754333275028	83754313562008
83754319127893	83754341608674	83754319075653
83754426958466	83754441577632	83754426795393
83754429430758	83754449908466	83754429292216
83754546614247	83754558210653	83754546415758
83754642953414	83754658169872	83754642825653
83754645006383	83754666500809	83754644941383
83754654401226	83754674830445	83754654341018
83754762342737	83754774751018	83754762203049
83754764068987	83754783082111	83754764018882
83754769361122	83754791413934	83754769297424
83754777586070	83754799745444	83754777525237
83754868690810	83754883057164	83754868543570
83754870801903	83754891389559	83754870733362
83754994931487	83755008019038	83754994734716
83755093692632	83755107972632	83755093539924
83755096088570	83755116301591	83755095963414
83755212228466	83755224573569	83755212085289
83755214921643	83755232902423	83755214863882
83755223231851	83755241230236	83755223170184
83755286672841	83755299529455	83755286563622
83755302298153	83755316185965	83755302183309
83755413945184	83755432784976	83755413830080
83755423185132	83755441112996	83755423096018
83755427056330	83755449442320	83755426999716
83755536581382	83755549384298	83755536418257
83755538982059	83755557713205	83755538841174
83755543922320	83755566041955	83755543840705
83755652831799	83755665980549	83755652680340
83755654855340	83755674312736	83755654781955
83755752495497	83755765930809	83755752344611
83755754764715	83755774261381	83755754666226
83755761721070	83755782591695	83755761656695
83755768670705	83755790922006	83755768587945
83755875810392	83755890855235	83755875659090
83755877643205	83755899183413	83755877588934
83755994549195	83756007431538	83755994331434
83756093008622	83756107377059	83756092890444
83756094887319	83756115704663	83756094842424
83756222142111	83756240634454	83756221927215
83756327130392	83756340588257	83756327038569
83756451459559	83756465505652	83756451288778
83756460909715	83756482158778	83756460778361
83756559531486	83756573755548	83756559369246
83756677004923	83756690329923	83756676794507
83756775571382	83756790244090	83756775401121
83756779097788	83756798570704	83756779023725
83756784502736	83756806895183	83756784413153
83756902903569	83756915124818	83756902708413
83757000384975	83757015038881	83757000269819
83757002101225	83757023366642	83757002054715
83757127968257	83757139929141	83757127768986
83757224089454	83757239826798	83757223928309
83757226067736	83757248151641	83757226008829
83757234229142	83757256477684	83757234170236
83757350669975	83757364698777	83757350497163
83757449444923	83757464600808	83757449327006
83757451177371	83757472927996	83757451121017
83757458934142	83757481254194	83757458809767
83757574609975	83757589477214	83757574497736
83757676260808	83757689376277	83757676115079
83757683640027	83757697703308	83757683589142
83757790950340	83757805942371	83757790780027
83757792978517	83757814268933	83757792929871
83757802705704	83757822595860	83757802647110
83757808522840	83757830922995	83757808474767
83757892645808	83757905860078	83757892529923
83757901228569	83757914187735	83757901163673
83758016140392	83758030767943	83758016014506
83758017859610	83758039095495	83758017817579
83758024837058	83758047422631	83758024788048
83758125956798	83758139017787	83758125791225
83758133343048	83758147343516	83758133268621
83758241544089	83758255573412	83758241392267
83758291136329	83758305517527	83758243223152
83758341089142	83758355454193	83758293195912
83758391060964	83758405399819	83758343113829
83758440994298	83758455353203	83758393476381
83758490976433	83758505309662	83758442997527
83758540984350	83758555267943	83758493529871
83758590946485	83758605229089	83758562744506
83758640837683	83758655191485	83758594322944
83758690699714	83758705162474	83758685712996
83758740714923	83758755120443	83758692645287
83758790625183	83758805080287	83758778739506
83758792614246	83758813407734	83758792549193
83758800353204	83758821736328	83758800296173
83758812097735	83758830063933	83758812035496
83758885282631	83758896679505	83758885164141
83758904996850	83758921665807	83758904915391
83758924533568	83758938323308	83758924447162
83759001747318	83759013263568	83759001644766
83759024545704	83759038243255	83759024441120
83759100839558	83759113193620	83759100733985
83759120133829	83759138173880	83759120048881
83759132934975	83759146499245	83759132847475
83759217560287	83759229759245	83759217426381
83759227458464	83759238086849	83759227391641
83759241295704	83759254741328	83759241238933
83759340830652	83759354653047	83759340710391
83759357362579	83759371305286	83759357273724
83759452303985	83759471237630	83759452154193
83759466397318	83759479568619	83759466311120
83759564734870	83759579492995	83759564602891
83759566641276	83759587820808	83759566448568
83759590444037	83759604477213	83759590376693
83759682130443	83759696067421	83759682001172
83759691591797	83759704394140	83759691492318
83759790346485	83759804343984	83759790224506
83759792206953	83759812675651	83759792157422
83759815377110	83759829335599	83759815306276
83759914933828	83759929289974	83759914795287
83759916963568	83759937620182	83759916915651

=== poll 1790328276.291642371
8333333
83756784502736	83756806895183	83756784413153
83756902903569	83756915124818	83756902708413
83757000384975	83757015038881	83757000269819
83757002101225	83757023366642	83757002054715
83757127968257	83757139929141	83757127768986
83757224089454	83757239826798	83757223928309
83757226067736	83757248151641	83757226008829
83757234229142	83757256477684	83757234170236
83757350669975	83757364698777	83757350497163
83757449444923	83757464600808	83757449327006
83757451177371	83757472927996	83757451121017
83757458934142	83757481254194	83757458809767
83757574609975	83757589477214	83757574497736
83757676260808	83757689376277	83757676115079
83757683640027	83757697703308	83757683589142
83757790950340	83757805942371	83757790780027
83757792978517	83757814268933	83757792929871
83757802705704	83757822595860	83757802647110
83757808522840	83757830922995	83757808474767
83757892645808	83757905860078	83757892529923
83757901228569	83757914187735	83757901163673
83758016140392	83758030767943	83758016014506
83758017859610	83758039095495	83758017817579
83758024837058	83758047422631	83758024788048
83758125956798	83758139017787	83758125791225
83758133343048	83758147343516	83758133268621
83758241544089	83758255573412	83758241392267
83758291136329	83758305517527	83758243223152
83758341089142	83758355454193	83758293195912
83758391060964	83758405399819	83758343113829
83758440994298	83758455353203	83758393476381
83758490976433	83758505309662	83758442997527
83758540984350	83758555267943	83758493529871
83758590946485	83758605229089	83758562744506
83758640837683	83758655191485	83758594322944
83758690699714	83758705162474	83758685712996
83758740714923	83758755120443	83758692645287
83758790625183	83758805080287	83758778739506
83758792614246	83758813407734	83758792549193
83758800353204	83758821736328	83758800296173
83758812097735	83758830063933	83758812035496
83758885282631	83758896679505	83758885164141
83758904996850	83758921665807	83758904915391
83758924533568	83758938323308	83758924447162
83759001747318	83759013263568	83759001644766
83759024545704	83759038243255	83759024441120
83759100839558	83759113193620	83759100733985
83759120133829	83759138173880	83759120048881
83759132934975	83759146499245	83759132847475
83759217560287	83759229759245	83759217426381
83759227458464	83759238086849	83759227391641
83759241295704	83759254741328	83759241238933
83759340830652	83759354653047	83759340710391
83759357362579	83759371305286	83759357273724
83759452303985	83759471237630	83759452154193
83759466397318	83759479568619	83759466311120
83759564734870	83759579492995	83759564602891
83759566641276	83759587820808	83759566448568
83759590444037	83759604477213	83759590376693
83759682130443	83759696067421	83759682001172
83759691591797	83759704394140	83759691492318
83759790346485	83759804343984	83759790224506
83759792206953	83759812675651	83759792157422
83759815377110	83759829335599	83759815306276
83759914933828	83759929289974	83759914795287
83759916963568	83759937620182	83759916915651
83759940590703	83759954280442	83759940463516
83760031831016	83760045899557	83760031704193
83760048594401	83760062559036	83760048432735
83760140497370	83760154175859	83760140381172
83760156882787	83760170834349	83760156799037
83760235766380	83760254132995	83760235651745
83760240353464	83760262463203	83760240287005
83760265473464	83760279125390	83760265336537
83760356536432	83760370755807	83760356416485
83760361152891	83760379085755	83760361099037
83760373564141	83760387415963	83760373501537
83760466206745	83760479036692	83760466040547
83760468395547	83760487365651	83760468345443
83760490010287	83760504025390	83760489937526
83760581883464	83760595673515	83760581753359
83760583928047	83760604005078	83760583875287
83760607153828	83760620666848	83760607061172
83760682842214	83760695641276	83760682725234
83760692473099	83760703972525	83760692403203
83760715503828	83760728971015	83760715405911
83760815549193	83760828969661	83760815413620
83760817718932	83760837302995	83760817613307
83760840377474	83760853965547	83760840248307
83760933831901	83760945598307	83760933702838
83760935980755	83760953931119	83760935833203
83760956723516	83760970594036	83760956656172
83761035436484	83761053906328	83761035336484
83761056762526	83761070571327	83761056683724
83761166391120	83761178877629	83761166205807
83761181607265	83761195540130	83761181518411
83761253503880	83761278840755	83761253403151
83761263730443	83761287168828	83761263614036
83761269193099	83761295498150	83761269033151
83761273724974	83761303828306	83761273669974
83761302627265	83761320488619	83761302553099
83761315236640	83761328819609	83761315183567
83761336840234	83761353813255	83761336751120
83761362971536	83761378801067	83761362905078
83761366141015	83761387131849	83761366061172
83761376361120	83761395462838	83761376296536
83761391556276	83761403794869	83761391495338
83761401489922	83761412126432	83761401444401
83761406867890	83761420457994	83761406811224
83761431898724	83761445451223	83761431823620
83761485861380	83761503767786	83761485766276
83761491142734	83761512099608	83761491086745
83761498956276	83761520431328	83761498907213
83761616688411	83761628728828	83761616517317
83761619213463	83761637059505	83761619150286
83761622994244	83761645389713	83761622955234
83761722420651	83761737008983	83761722290442
83761724149922	83761745339192	83761724102422
83761831664296	83761845298983	83761831511484
83761839602838	83761853628567	83761839532421
83761955808619	83761970287681	83761955664557
83761958577213	83761978621223	83761958510442
83762067572890	83762078613984	83762067440963
83762069375494	83762086950807	83762069324036
83762167475494	83762178612004	83762167343776
83762175646953	83762186946483	83762175578723
83762181051848	83762195279764	83762180967630

=== poll 1790328278.624742526
8333333
83759340830652	83759354653047	83759340710391
83759357362579	83759371305286	83759357273724
83759452303985	83759471237630	83759452154193
83759466397318	83759479568619	83759466311120
83759564734870	83759579492995	83759564602891
83759566641276	83759587820808	83759566448568
83759590444037	83759604477213	83759590376693
83759682130443	83759696067421	83759682001172
83759691591797	83759704394140	83759691492318
83759790346485	83759804343984	83759790224506
83759792206953	83759812675651	83759792157422
83759815377110	83759829335599	83759815306276
83759914933828	83759929289974	83759914795287
83759916963568	83759937620182	83759916915651
83759940590703	83759954280442	83759940463516
83760031831016	83760045899557	83760031704193
83760048594401	83760062559036	83760048432735
83760140497370	83760154175859	83760140381172
83760156882787	83760170834349	83760156799037
83760235766380	83760254132995	83760235651745
83760240353464	83760262463203	83760240287005
83760265473464	83760279125390	83760265336537
83760356536432	83760370755807	83760356416485
83760361152891	83760379085755	83760361099037
83760373564141	83760387415963	83760373501537
83760466206745	83760479036692	83760466040547
83760468395547	83760487365651	83760468345443
83760490010287	83760504025390	83760489937526
83760581883464	83760595673515	83760581753359
83760583928047	83760604005078	83760583875287
83760607153828	83760620666848	83760607061172
83760682842214	83760695641276	83760682725234
83760692473099	83760703972525	83760692403203
83760715503828	83760728971015	83760715405911
83760815549193	83760828969661	83760815413620
83760817718932	83760837302995	83760817613307
83760840377474	83760853965547	83760840248307
83760933831901	83760945598307	83760933702838
83760935980755	83760953931119	83760935833203
83760956723516	83760970594036	83760956656172
83761035436484	83761053906328	83761035336484
83761056762526	83761070571327	83761056683724
83761166391120	83761178877629	83761166205807
83761181607265	83761195540130	83761181518411
83761253503880	83761278840755	83761253403151
83761263730443	83761287168828	83761263614036
83761269193099	83761295498150	83761269033151
83761273724974	83761303828306	83761273669974
83761302627265	83761320488619	83761302553099
83761315236640	83761328819609	83761315183567
83761336840234	83761353813255	83761336751120
83761362971536	83761378801067	83761362905078
83761366141015	83761387131849	83761366061172
83761376361120	83761395462838	83761376296536
83761391556276	83761403794869	83761391495338
83761401489922	83761412126432	83761401444401
83761406867890	83761420457994	83761406811224
83761431898724	83761445451223	83761431823620
83761485861380	83761503767786	83761485766276
83761491142734	83761512099608	83761491086745
83761498956276	83761520431328	83761498907213
83761616688411	83761628728828	83761616517317
83761619213463	83761637059505	83761619150286
83761622994244	83761645389713	83761622955234
83761722420651	83761737008983	83761722290442
83761724149922	83761745339192	83761724102422
83761831664296	83761845298983	83761831511484
83761839602838	83761853628567	83761839532421
83761955808619	83761970287681	83761955664557
83761958577213	83761978621223	83761958510442
83762067572890	83762078613984	83762067440963
83762069375494	83762086950807	83762069324036
83762167475494	83762178612004	83762167343776
83762175646953	83762186946483	83762175578723
83762181051848	83762195279764	83762180967630
83762305762838	83762320256275	83762305627786
83762307473307	83762328587369	83762307420286
83762408472838	83762420234556	83762408326848
83762415068150	83762428565129	83762415006327
83762523718046	83762536887525	83762523523098
83762525827421	83762545221170	83762525622994
83762531656796	83762553553306	83762531579817
83762641356484	83762653534868	83762640924088
83762643438307	83762661866066	83762643380859
83762648997004	83762670195806	83762648923932
83762756474504	83762770152421	83762756333879
83762758298150	83762778484504	83762758213619
83762872475390	83762886769816	83762872297786
83762874527473	83762895099139	83762874479504
83762882013359	83762903428098	83762881923775
83762982764296	83762995033410	83762982647056
83762984542734	83763003360962	83762984492109
83762989242473	83763011690701	83762989206796
83763094218671	83763111646587	83763094113254
83763107031483	83763119977890	83763106856536
83763181480442	83763194957160	83763181399921
83763206785233	83763219950910	83763206684088
83763214449348	83763228282576	83763214387733
83763325823619	83763336579660	83763325700390
83763331802369	83763344912212	83763331739504
83763424476900	83763436570129	83763424354088
83763439070129	83763453232628	83763438995338
83763565454452	83763578213045	83763565260598
83763663372525	83763678196223	83763663240025
83763665181587	83763686529868	83763665149504
83763772789296	83763786521795	83763772648046
83763790380389	83763803182004	83763790299087
83763800672421	83763811514712	83763800600702
83763809503306	83763828177628	83763809401744
83763874728671	83763886489399	83763874589400
83763889491483	83763903152056	83763889428567
83763905744192	83763919816535	83763905685285
83763996715598	83764011463150	83763996593410
83764022849191	83764036447681	83764022760337
83764116069608	83764128066378	83764115941691
83764123323358	83764136396430	83764123260025
83764139240233	83764153057472	83764139173723
83764233072212	83764244680285	83764232952316
83764240760389	83764253010441	83764240700129
83764256158202	83764269672056	83764255985285
83764348443983	83764361298618	83764348308202
83764372276795	83764386286326	83764372205493
83764468203098	83764486248774	83764468080337
83764474296170	83764494578670	83764474230545
83764481359452	83764502908201	83764481279973
83764579862733	83764594528670	83764579745702
83764597218358	83764611187003	83764597135650

=== poll 1790328280.956317421
8333333
83761491142734	83761512099608	83761491086745
83761498956276	83761520431328	83761498907213
83761616688411	83761628728828	83761616517317
83761619213463	83761637059505	83761619150286
83761622994244	83761645389713	83761622955234
83761722420651	83761737008983	83761722290442
83761724149922	83761745339192	83761724102422
83761831664296	83761845298983	83761831511484
83761839602838	83761853628567	83761839532421
83761955808619	83761970287681	83761955664557
83761958577213	83761978621223	83761958510442
83762067572890	83762078613984	83762067440963
83762069375494	83762086950807	83762069324036
83762167475494	83762178612004	83762167343776
83762175646953	83762186946483	83762175578723
83762181051848	83762195279764	83762180967630
83762305762838	83762320256275	83762305627786
83762307473307	83762328587369	83762307420286
83762408472838	83762420234556	83762408326848
83762415068150	83762428565129	83762415006327
83762523718046	83762536887525	83762523523098
83762525827421	83762545221170	83762525622994
83762531656796	83762553553306	83762531579817
83762641356484	83762653534868	83762640924088
83762643438307	83762661866066	83762643380859
83762648997004	83762670195806	83762648923932
83762756474504	83762770152421	83762756333879
83762758298150	83762778484504	83762758213619
83762872475390	83762886769816	83762872297786
83762874527473	83762895099139	83762874479504
83762882013359	83762903428098	83762881923775
83762982764296	83762995033410	83762982647056
83762984542734	83763003360962	83762984492109
83762989242473	83763011690701	83762989206796
83763094218671	83763111646587	83763094113254
83763107031483	83763119977890	83763106856536
83763181480442	83763194957160	83763181399921
83763206785233	83763219950910	83763206684088
83763214449348	83763228282576	83763214387733
83763325823619	83763336579660	83763325700390
83763331802369	83763344912212	83763331739504
83763424476900	83763436570129	83763424354088
83763439070129	83763453232628	83763438995338
83763565454452	83763578213045	83763565260598
83763663372525	83763678196223	83763663240025
83763665181587	83763686529868	83763665149504
83763772789296	83763786521795	83763772648046
83763790380389	83763803182004	83763790299087
83763800672421	83763811514712	83763800600702
83763809503306	83763828177628	83763809401744
83763874728671	83763886489399	83763874589400
83763889491483	83763903152056	83763889428567
83763905744192	83763919816535	83763905685285
83763996715598	83764011463150	83763996593410
83764022849191	83764036447681	83764022760337
83764116069608	83764128066378	83764115941691
83764123323358	83764136396430	83764123260025
83764139240233	83764153057472	83764139173723
83764233072212	83764244680285	83764232952316
83764240760389	83764253010441	83764240700129
83764256158202	83764269672056	83764255985285
83764348443983	83764361298618	83764348308202
83764372276795	83764386286326	83764372205493
83764468203098	83764486248774	83764468080337
83764474296170	83764494578670	83764474230545
83764481359452	83764502908201	83764481279973
83764579862733	83764594528670	83764579745702
83764597218358	83764611187003	83764597135650
83764701310754	83764719482367	83764701183879
83764705268983	83764727815389	83764705205597
83764790710754	83764802795233	83764790605441
83764815356170	83764827787159	83764815229504
83764822060441	83764836119816	83764822000389
83764930758774	83764944401170	83764930645129
83764947269191	83764961062733	83764947183879
83765040872212	83765052697992	83765040746222
83765048209139	83765061029087	83765048139035
83765063751535	83765077687368	83765063684243
83765156882681	83765169325440	83765156736951
83765158761951	83765177656899	83765158709608
83765204855806	83765219306378	83765200310076
83765254843722	83765269293044	83765249600337
83765264802733	83765277621847	83765264743358
83765271750649	83765285951691	83765271707681
83765381900337	83765394229764	83765381745753
83765383923149	83765402559659	83765383861639
83765481897889	83765494180128	83765481786326
83765483718253	83765502511430	83765483659347
83765505673410	83765519173878	83765505566066
83765599491639	83765610806378	83765599340597
83765607021378	83765619135232	83765606955910
83765696479660	83765710754399	83765696338774
83765698375024	83765719084971	83765698325337
83765721929764	83765735750440	83765721849503
83765812578357	83765827402888	83765812449764
83765814566951	83765835731586	83765814517472
83765830170389	83765844061221	83765830104607
83765930728045	83765944006534	83765930604347
83765938757628	83765952336169	83765938697368
83765946560284	83765960665284	83765946501014
83766053861378	83766068955961	83766053736326
83766064165284	83766077286378	83766064070024
83766156339607	83766168916169	83766156187211
83766158330701	83766177245128	83766158271274
83766171455649	83766185574971	83766171393930
83766242565284	83766260552055	83766242446691
83766248310076	83766268883774	83766248237264
83766255997889	83766277215753	83766255943305
83766276723722	83766293878669	83766276655857
83766289747472	83766302209659	83766289685180
83766296668357	83766310540648	83766296616222
83766307911639	83766318872367	83766307852524
83766363592732	83766377190701	83766363480441
83766372663253	83766385522732	83766372580545
83766383090493	83766393855440	83766383043253
83766388265545	83766402187524	83766388212368
83766483422784	83766502153460	83766483277263
83766488128878	83766510486430	83766488047316
83766589246482	83766602127472	83766589112576
83766591115024	83766610457419	83766591064347
83766596286118	83766618788149	83766596229086
83766691162055	83766702087158	83766691043305
83766704820180	83766718747419	83766704746638
83766772488513	83766785391690	83766772373565
83766807009451	83766818715127	83766806910492
83766812988253	83766827044607	83766812924451
83766929228722	9223372036854775807	83766929104555

=== poll 1790328283.450809764
8333333
83763809503306	83763828177628	83763809401744
83763874728671	83763886489399	83763874589400
83763889491483	83763903152056	83763889428567
83763905744192	83763919816535	83763905685285
83763996715598	83764011463150	83763996593410
83764022849191	83764036447681	83764022760337
83764116069608	83764128066378	83764115941691
83764123323358	83764136396430	83764123260025
83764139240233	83764153057472	83764139173723
83764233072212	83764244680285	83764232952316
83764240760389	83764253010441	83764240700129
83764256158202	83764269672056	83764255985285
83764348443983	83764361298618	83764348308202
83764372276795	83764386286326	83764372205493
83764468203098	83764486248774	83764468080337
83764474296170	83764494578670	83764474230545
83764481359452	83764502908201	83764481279973
83764579862733	83764594528670	83764579745702
83764597218358	83764611187003	83764597135650
83764701310754	83764719482367	83764701183879
83764705268983	83764727815389	83764705205597
83764790710754	83764802795233	83764790605441
83764815356170	83764827787159	83764815229504
83764822060441	83764836119816	83764822000389
83764930758774	83764944401170	83764930645129
83764947269191	83764961062733	83764947183879
83765040872212	83765052697992	83765040746222
83765048209139	83765061029087	83765048139035
83765063751535	83765077687368	83765063684243
83765156882681	83765169325440	83765156736951
83765158761951	83765177656899	83765158709608
83765204855806	83765219306378	83765200310076
83765254843722	83765269293044	83765249600337
83765264802733	83765277621847	83765264743358
83765271750649	83765285951691	83765271707681
83765381900337	83765394229764	83765381745753
83765383923149	83765402559659	83765383861639
83765481897889	83765494180128	83765481786326
83765483718253	83765502511430	83765483659347
83765505673410	83765519173878	83765505566066
83765599491639	83765610806378	83765599340597
83765607021378	83765619135232	83765606955910
83765696479660	83765710754399	83765696338774
83765698375024	83765719084971	83765698325337
83765721929764	83765735750440	83765721849503
83765812578357	83765827402888	83765812449764
83765814566951	83765835731586	83765814517472
83765830170389	83765844061221	83765830104607
83765930728045	83765944006534	83765930604347
83765938757628	83765952336169	83765938697368
83765946560284	83765960665284	83765946501014
83766053861378	83766068955961	83766053736326
83766064165284	83766077286378	83766064070024
83766156339607	83766168916169	83766156187211
83766158330701	83766177245128	83766158271274
83766171455649	83766185574971	83766171393930
83766242565284	83766260552055	83766242446691
83766248310076	83766268883774	83766248237264
83766255997889	83766277215753	83766255943305
83766276723722	83766293878669	83766276655857
83766289747472	83766302209659	83766289685180
83766296668357	83766310540648	83766296616222
83766307911639	83766318872367	83766307852524
83766363592732	83766377190701	83766363480441
83766372663253	83766385522732	83766372580545
83766383090493	83766393855440	83766383043253
83766388265545	83766402187524	83766388212368
83766483422784	83766502153460	83766483277263
83766488128878	83766510486430	83766488047316
83766589246482	83766602127472	83766589112576
83766591115024	83766610457419	83766591064347
83766596286118	83766618788149	83766596229086
83766691162055	83766702087158	83766691043305
83766704820180	83766718747419	83766704746638
83766772488513	83766785391690	83766772373565
83766807009451	83766818715127	83766806910492
83766812988253	83766827044607	83766812924451
83766929228722	83766943642836	83766929104555
83766931087472	83766951971274	83766931029399
83766937866586	83766960298565	83766937800492
83767014490024	83767026925179	83767014373253
83767038262107	83767051906794	83767038147263
83767146539659	83767160177680	83767146404086
83767148357159	83767168507523	83767148308565
83767154411847	83767176837523	83767154356222
83767226411638	83767243460336	83767226263461
83767263276013	83767276776065	83767263176899
83767333136482	83767351732419	83767333012211
83767363637367	83767376718825	83767363561638
83767371155024	83767385047315	83767371096690
83767449898201	83767468334293	83767449792159
83767480094971	83767493322940	83767479913878
83767579191482	83767593272939	83767579076065
83767596202576	83767609929762	83767596089190
83767698220596	83767709858252	83767698085596
83767704204086	83767718186273	83767704131898
83767805045492	83767818122783	83767804929138
83767820875492	83767834779450	83767820780128
83767921567107	83767934708512	83767921436482
83767930920596	83767943037575	83767930828877
83767937732992	83767951366273	83767937653617
83768044824294	83768059647887	83768044698773
83768046565284	83768067977314	83768046523357
83768170685179	83768184599085	83768170517784
83768274471794	83768292896690	83768274324398
83768276360440	83768301225752	83768276318357
83768396934190	83768409504501	83768396754971
83768498153200	83768509461117	83768497999554
83768503736950	83768517790596	83768503679919
83768619831377	83768634397523	83768619687888
83768729212158	83768742687939	83768729101377
83768737229606	83768751019502	83768737170283
83768748210908	83768759352053	83768748151950
83768755275231	83768767682887	83768755195752
83768790538252	83768809338148	83768790398200
83768854397575	83768867670908	83768854289450
83768862362315	83768876001012	83768862293304
83768955011065	83768967634762	83768954897054
83768962058460	83768975965543	83768961990387
83769064555231	83769075944033	83769064338877
83769112116794	83769125933460	83769070637627
83769161448929	83769175913407	83769146990075
83769211483512	83769225887939	83769163570387
83769261446637	83769275869814	83769213951064
83769311470439	83769325857001	83769270416585
83769361469710	83769375833200	83769314111117
83769411397054	9223372036854775807	83769381496325

=== poll 1790328285.776797420
8333333
83766276723722	83766293878669	83766276655857
83766289747472	83766302209659	83766289685180
83766296668357	83766310540648	83766296616222
83766307911639	83766318872367	83766307852524
83766363592732	83766377190701	83766363480441
83766372663253	83766385522732	83766372580545
83766383090493	83766393855440	83766383043253
83766388265545	83766402187524	83766388212368
83766483422784	83766502153460	83766483277263
83766488128878	83766510486430	83766488047316
83766589246482	83766602127472	83766589112576
83766591115024	83766610457419	83766591064347
83766596286118	83766618788149	83766596229086
83766691162055	83766702087158	83766691043305
83766704820180	83766718747419	83766704746638
83766772488513	83766785391690	83766772373565
83766807009451	83766818715127	83766806910492
83766812988253	83766827044607	83766812924451
83766929228722	83766943642836	83766929104555
83766931087472	83766951971274	83766931029399
83766937866586	83766960298565	83766937800492
83767014490024	83767026925179	83767014373253
83767038262107	83767051906794	83767038147263
83767146539659	83767160177680	83767146404086
83767148357159	83767168507523	83767148308565
83767154411847	83767176837523	83767154356222
83767226411638	83767243460336	83767226263461
83767263276013	83767276776065	83767263176899
83767333136482	83767351732419	83767333012211
83767363637367	83767376718825	83767363561638
83767371155024	83767385047315	83767371096690
83767449898201	83767468334293	83767449792159
83767480094971	83767493322940	83767479913878
83767579191482	83767593272939	83767579076065
83767596202576	83767609929762	83767596089190
83767698220596	83767709858252	83767698085596
83767704204086	83767718186273	83767704131898
83767805045492	83767818122783	83767804929138
83767820875492	83767834779450	83767820780128
83767921567107	83767934708512	83767921436482
83767930920596	83767943037575	83767930828877
83767937732992	83767951366273	83767937653617
83768044824294	83768059647887	83768044698773
83768046565284	83768067977314	83768046523357
83768170685179	83768184599085	83768170517784
83768274471794	83768292896690	83768274324398
83768276360440	83768301225752	83768276318357
83768396934190	83768409504501	83768396754971
83768498153200	83768509461117	83768497999554
83768503736950	83768517790596	83768503679919
83768619831377	83768634397523	83768619687888
83768729212158	83768742687939	83768729101377
83768737229606	83768751019502	83768737170283
83768748210908	83768759352053	83768748151950
83768755275231	83768767682887	83768755195752
83768790538252	83768809338148	83768790398200
83768854397575	83768867670908	83768854289450
83768862362315	83768876001012	83768862293304
83768955011065	83768967634762	83768954897054
83768962058460	83768975965543	83768961990387
83769064555231	83769075944033	83769064338877
83769112116794	83769125933460	83769070637627
83769161448929	83769175913407	83769146990075
83769211483512	83769225887939	83769163570387
83769261446637	83769275869814	83769213951064
83769311470439	83769325857001	83769270416585
83769361469710	83769375833200	83769314111117
83769411397054	83769425820752	83769381496325
83769461419919	83769475808877	83769413513981
83769511396481	83769525805595	83769496103721
83769561402627	83769575797886	83769514012366
83769613611898	83769625776845	83769613493877
83769624707523	83769642435752	83769624594554
83769628653564	83769650767783	83769628588512
83769727474762	83769742413096	83769727331898
83769729813460	83769750745387	83769729733252
83769745330387	83769759075543	83769745241533
83769839924970	83769850720855	83769839761533
83769847589137	83769859050595	83769847484658
83769853123825	83769867378251	83769853074814
83769968437783	83769983983303	83769968286273
83769972708095	83769992312678	83769972669293
83770102867106	83770117259137	83770102711637
83770106461950	83770125587679	83770106386585
83770111907158	83770133916376	83770111830647
83770229030335	83770242201480	83770228868616
83770231190491	83770250528980	83770230906585
83770237963408	83770258857834	83770237876533
83770317213460	83770333830699	83770317103304
83770332973408	83770350493563	83770332886585
83770353291585	83770367160751	83770353199189
83770420288512	83770433796793	83770420177366
83770470031376	83770483775751	83770469915804
83770487110908	83770500437314	83770487025335
83770559356324	83770575402470	83770559244033
83770589926741	83770608721428	83770589785960
83770594813512	83770617052990	83770594761012
83770644916168	83770658702470	83770644808408
83770736935595	83770750326167	83770736791272
83770738963303	83770758657001	83770738868981
83770761655439	83770775318147	83770761581220
83770839804866	83770858627574	83770839704710
83770869663772	83770883619137	83770869590908
83770960689397	83770975257938	83770960570439
83770963036064	83770983590021	83770962985074
83770986855908	83771000252573	83770986754449
83771061994918	83771075244293	83771061864449
83771072360960	83771083576428	83771072295647
83771094500855	83771108569865	83771094422158
83771187883199	83771200202105	83771187769814
83771203677470	83771216858094	83771203573460
83771281943772	83771300152157	83771281851637
83771283889605	83771308481376	83771283809241
83771292456585	83771316811011	83771287840543
83771311969814	83771325141949	83771311881064
83771339298720	83771350133407	83771339189085
83771344706689	83771358463876	83771344622626
83771406965022	83771425099605	83771406863668
83771411599241	83771433430126	83771411539137
83771428133459	83771441760230	83771428044866
83771535651428	83771550045646	83771535526949
83771544267939	83771558376376	83771544209345
83771646784553	83771658331792	83771646650907
83771653323407	83771666661115	83771653251741
83771779760647	83771791583303	83771779628616
83771781822261	83771799912157	83771781741532
83771785769449	83771808240073	83771785714397

=== poll 1790328288.169060127
8333333
83768790538252	83768809338148	83768790398200
83768854397575	83768867670908	83768854289450
83768862362315	83768876001012	83768862293304
83768955011065	83768967634762	83768954897054
83768962058460	83768975965543	83768961990387
83769064555231	83769075944033	83769064338877
83769112116794	83769125933460	83769070637627
83769161448929	83769175913407	83769146990075
83769211483512	83769225887939	83769163570387
83769261446637	83769275869814	83769213951064
83769311470439	83769325857001	83769270416585
83769361469710	83769375833200	83769314111117
83769411397054	83769425820752	83769381496325
83769461419919	83769475808877	83769413513981
83769511396481	83769525805595	83769496103721
83769561402627	83769575797886	83769514012366
83769613611898	83769625776845	83769613493877
83769624707523	83769642435752	83769624594554
83769628653564	83769650767783	83769628588512
83769727474762	83769742413096	83769727331898
83769729813460	83769750745387	83769729733252
83769745330387	83769759075543	83769745241533
83769839924970	83769850720855	83769839761533
83769847589137	83769859050595	83769847484658
83769853123825	83769867378251	83769853074814
83769968437783	83769983983303	83769968286273
83769972708095	83769992312678	83769972669293
83770102867106	83770117259137	83770102711637
83770106461950	83770125587679	83770106386585
83770111907158	83770133916376	83770111830647
83770229030335	83770242201480	83770228868616
83770231190491	83770250528980	83770230906585
83770237963408	83770258857834	83770237876533
83770317213460	83770333830699	83770317103304
83770332973408	83770350493563	83770332886585
83770353291585	83770367160751	83770353199189
83770420288512	83770433796793	83770420177366
83770470031376	83770483775751	83770469915804
83770487110908	83770500437314	83770487025335
83770559356324	83770575402470	83770559244033
83770589926741	83770608721428	83770589785960
83770594813512	83770617052990	83770594761012
83770644916168	83770658702470	83770644808408
83770736935595	83770750326167	83770736791272
83770738963303	83770758657001	83770738868981
83770761655439	83770775318147	83770761581220
83770839804866	83770858627574	83770839704710
83770869663772	83770883619137	83770869590908
83770960689397	83770975257938	83770960570439
83770963036064	83770983590021	83770962985074
83770986855908	83771000252573	83770986754449
83771061994918	83771075244293	83771061864449
83771072360960	83771083576428	83771072295647
83771094500855	83771108569865	83771094422158
83771187883199	83771200202105	83771187769814
83771203677470	83771216858094	83771203573460
83771281943772	83771300152157	83771281851637
83771283889605	83771308481376	83771283809241
83771292456585	83771316811011	83771287840543
83771311969814	83771325141949	83771311881064
83771339298720	83771350133407	83771339189085
83771344706689	83771358463876	83771344622626
83771406965022	83771425099605	83771406863668
83771411599241	83771433430126	83771411539137
83771428133459	83771441760230	83771428044866
83771535651428	83771550045646	83771535526949
83771544267939	83771558376376	83771544209345
83771646784553	83771658331792	83771646650907
83771653323407	83771666661115	83771653251741
83771779760647	83771791583303	83771779628616
83771781822261	83771799912157	83771781741532
83771785769449	83771808240073	83771785714397
83771897826480	83771916511844	83771897682574
83771899521324	83771924841844	83771899464709
83772013081636	83772024786688	83772012934501
83772019106584	83772033114917	83772019025699
83772118502678	83772133054656	83772118370334
83772120717626	83772141384656	83772120652834
83772129072053	83772149714292	83772129008199
83772236266011	83772249649240	83772236131792
83772238086688	83772257976220	83772238029761
83772243980855	83772266304240	83772243924397
83772354094970	83772366245646	83772353973720
83772355846272	83772374574188	83772355797782
83772361260647	83772382902781	83772361174345
83772460971636	83772474503927	83772460847469
83772463008615	83772482832001	83772462958824
83772468593824	83772491161635	83772468543511
83772568627782	83772582764656	83772568520438
83772578030022	83772591093094	83772577956949
83772687231011	83772699374656	83772687082469
83772694733928	83772707702416	83772694663042
83772794440959	83772807627052	83772794316792
83772796227469	83772815954031	83772796136219
83772802756271	83772824282001	83772802701949
83772912899032	83772924218302	83772912766584
83772918552938	83772932546740	83772918489917
83773028723355	83773040825906	83773028566480
83773035899969	83773049154604	83773035824448
83773137239813	83773149082573	83773137106480
83773144208667	83773157411271	83773144139865
83773259139136	83773273992313	83773259020750
83773260969605	83773282322573	83773260922261
83773270068198	83773290652052	83773269965282
83773370984188	83773382268822	83773370888250
83773376530802	83773390599656	83773376480907
83773494188771	83773507199291	83773494074969
83773496127000	83773515528823	83773496063719
83773511431896	83773523857885	83773511377625
83773609782521	83773623792989	83773609650698
83773611592521	83773632121843	83773611545229
83773618060073	83773640448979	83773618010594
83773726631740	83773740386323	83773726499917
83773735290959	83773748718719	83773735228198
83773743072521	83773757048874	83773743017573
83773755422469	83773773708614	83773755347417
83773760545490	83773782037729	83773760497365
83773811304084	83773823684708	83773811194240
83773830638927	83773848674551	83773830569656
83773845544604	83773857002885	83773845484084
83773859880750	83773873661166	83773859810698
83773952440334	83773965287417	83773952326844
83773964204761	83773981950437	83773964141844
83773976311479	83773990281167	83773976221115
83774068124083	83774081902729	83774067989656
83774070123250	83774090230177	83774070083823
83774092855490	83774106887208	83774092779969

=== poll 1790328290.501366637
8333333
83771344706689	83771358463876	83771344622626
83771406965022	83771425099605	83771406863668
83771411599241	83771433430126	83771411539137
83771428133459	83771441760230	83771428044866
83771535651428	83771550045646	83771535526949
83771544267939	83771558376376	83771544209345
83771646784553	83771658331792	83771646650907
83771653323407	83771666661115	83771653251741
83771779760647	83771791583303	83771779628616
83771781822261	83771799912157	83771781741532
83771785769449	83771808240073	83771785714397
83771897826480	83771916511844	83771897682574
83771899521324	83771924841844	83771899464709
83772013081636	83772024786688	83772012934501
83772019106584	83772033114917	83772019025699
83772118502678	83772133054656	83772118370334
83772120717626	83772141384656	83772120652834
83772129072053	83772149714292	83772129008199
83772236266011	83772249649240	83772236131792
83772238086688	83772257976220	83772238029761
83772243980855	83772266304240	83772243924397
83772354094970	83772366245646	83772353973720
83772355846272	83772374574188	83772355797782
83772361260647	83772382902781	83772361174345
83772460971636	83772474503927	83772460847469
83772463008615	83772482832001	83772462958824
83772468593824	83772491161635	83772468543511
83772568627782	83772582764656	83772568520438
83772578030022	83772591093094	83772577956949
83772687231011	83772699374656	83772687082469
83772694733928	83772707702416	83772694663042
83772794440959	83772807627052	83772794316792
83772796227469	83772815954031	83772796136219
83772802756271	83772824282001	83772802701949
83772912899032	83772924218302	83772912766584
83772918552938	83772932546740	83772918489917
83773028723355	83773040825906	83773028566480
83773035899969	83773049154604	83773035824448
83773137239813	83773149082573	83773137106480
83773144208667	83773157411271	83773144139865
83773259139136	83773273992313	83773259020750
83773260969605	83773282322573	83773260922261
83773270068198	83773290652052	83773269965282
83773370984188	83773382268822	83773370888250
83773376530802	83773390599656	83773376480907
83773494188771	83773507199291	83773494074969
83773496127000	83773515528823	83773496063719
83773511431896	83773523857885	83773511377625
83773609782521	83773623792989	83773609650698
83773611592521	83773632121843	83773611545229
83773618060073	83773640448979	83773618010594
83773726631740	83773740386323	83773726499917
83773735290959	83773748718719	83773735228198
83773743072521	83773757048874	83773743017573
83773755422469	83773773708614	83773755347417
83773760545490	83773782037729	83773760497365
83773811304084	83773823684708	83773811194240
83773830638927	83773848674551	83773830569656
83773845544604	83773857002885	83773845484084
83773859880750	83773873661166	83773859810698
83773952440334	83773965287417	83773952326844
83773964204761	83773981950437	83773964141844
83773976311479	83773990281167	83773976221115
83774068124083	83774081902729	83774067989656
83774070123250	83774090230177	83774070083823
83774092855490	83774106887208	83774092779969
83774201800750	83774215150437	83774201659448
83774203796948	83774223481688	83774203740333
83774217844031	83774231811375	83774217782885
83774293209969	83774306767104	83774293006792
83774306160021	83774323421166	83774306085594
83774326276219	83774340074604	83774326158875
83774416276896	83774431691635	83774416122000
83774420886479	83774440019239	83774420834500
83774434715750	83774448347676	83774434653823
83774544615906	83774556612260	83774544502365
83774550896635	83774564941687	83774550839240
83774651264552	83774664892156	83774651106479
83774655127989	83774673221322	83774655084656
83774667632104	83774681551010	83774667570021
83774778543146	83774789838249	83774778431583
83774784037469	83774798168353	83774783970750
83774862149291	83774873126374	83774862008719
83774887045073	83774898114863	83774886965229
83774900785906	83774914772624	83774900720646
83774994637677	83775006394812	83774994504135
83775002423823	83775014724812	83775002360073
83775017523771	83775031386218	83775017431479
83775120870385	83775139679811	83775120748302
83775134705229	83775148009707	83775134636010
83775229659916	83775247959395	83775229546948
83775242434343	83775256290125	83775242344552
83775349516843	83775364564864	83775349407468
83775359932937	83775372893926	83775359850020
83775452053875	83775464500489	83775451906427
83775462601166	83775481161478	83775462540073
83775475403458	83775489492207	83775475349656
83775570019864	83775581115593	83775569878197
83775578335385	83775589443926	83775578263302
83775592209395	83775606098562	83775592121062
83775684390802	83775697700645	83775684271218
83775695623041	83775714355801	83775695554031
83775708616843	83775722683458	83775708546010
83775784250749	83775797623978	83775784133979
83775793976114	83775805951269	83775793888822
83775825831010	83775839267520	83775825711322
83775935159760	83775947541530	83775935004083
83775937554395	83775955871999	83775937457051
83775950265541	83775964201478	83775950159239
83776041770697	83776055804447	83776041654656
83776054808926	83776072454707	83776054747416
83776058549551	83776080781582	83776058489447
83776159473822	83776172400697	83776159319656
83776169494760	83776180729967	83776169429187
83776174860385	83776189059186	83776174800072
83776264541426	83776280668561	83776264398041
83776266827156	83776288995280	83776266757728
83776273622156	83776297321530	83776271908926
83776279996062	83776305647415	83776278487781
83776292783197	83776313975437	83776292713041
83776308470489	83776322304395	83776308400072
83776317376270	83776330632988	83776317314551
83776330277103	83776347290384	83776330217051
83776380349187	83776397256686	83776380235541
83776386399343	83776405584967	83776386320176
83776408590749	83776422238978	83776408518614
83776476141166	9223372036854775807	83776476036895

=== poll 1790328292.812168042
8333333
83773494188771	83773507199291	83773494074969
83773496127000	83773515528823	83773496063719
83773511431896	83773523857885	83773511377625
83773609782521	83773623792989	83773609650698
83773611592521	83773632121843	83773611545229
83773618060073	83773640448979	83773618010594
83773726631740	83773740386323	83773726499917
83773735290959	83773748718719	83773735228198
83773743072521	83773757048874	83773743017573
83773755422469	83773773708614	83773755347417
83773760545490	83773782037729	83773760497365
83773811304084	83773823684708	83773811194240
83773830638927	83773848674551	83773830569656
83773845544604	83773857002885	83773845484084
83773859880750	83773873661166	83773859810698
83773952440334	83773965287417	83773952326844
83773964204761	83773981950437	83773964141844
83773976311479	83773990281167	83773976221115
83774068124083	83774081902729	83774067989656
83774070123250	83774090230177	83774070083823
83774092855490	83774106887208	83774092779969
83774201800750	83774215150437	83774201659448
83774203796948	83774223481688	83774203740333
83774217844031	83774231811375	83774217782885
83774293209969	83774306767104	83774293006792
83774306160021	83774323421166	83774306085594
83774326276219	83774340074604	83774326158875
83774416276896	83774431691635	83774416122000
83774420886479	83774440019239	83774420834500
83774434715750	83774448347676	83774434653823
83774544615906	83774556612260	83774544502365
83774550896635	83774564941687	83774550839240
83774651264552	83774664892156	83774651106479
83774655127989	83774673221322	83774655084656
83774667632104	83774681551010	83774667570021
83774778543146	83774789838249	83774778431583
83774784037469	83774798168353	83774783970750
83774862149291	83774873126374	83774862008719
83774887045073	83774898114863	83774886965229
83774900785906	83774914772624	83774900720646
83774994637677	83775006394812	83774994504135
83775002423823	83775014724812	83775002360073
83775017523771	83775031386218	83775017431479
83775120870385	83775139679811	83775120748302
83775134705229	83775148009707	83775134636010
83775229659916	83775247959395	83775229546948
83775242434343	83775256290125	83775242344552
83775349516843	83775364564864	83775349407468
83775359932937	83775372893926	83775359850020
83775452053875	83775464500489	83775451906427
83775462601166	83775481161478	83775462540073
83775475403458	83775489492207	83775475349656
83775570019864	83775581115593	83775569878197
83775578335385	83775589443926	83775578263302
83775592209395	83775606098562	83775592121062
83775684390802	83775697700645	83775684271218
83775695623041	83775714355801	83775695554031
83775708616843	83775722683458	83775708546010
83775784250749	83775797623978	83775784133979
83775793976114	83775805951269	83775793888822
83775825831010	83775839267520	83775825711322
83775935159760	83775947541530	83775935004083
83775937554395	83775955871999	83775937457051
83775950265541	83775964201478	83775950159239
83776041770697	83776055804447	83776041654656
83776054808926	83776072454707	83776054747416
83776058549551	83776080781582	83776058489447
83776159473822	83776172400697	83776159319656
83776169494760	83776180729967	83776169429187
83776174860385	83776189059186	83776174800072
83776264541426	83776280668561	83776264398041
83776266827156	83776288995280	83776266757728
83776273622156	83776297321530	83776271908926
83776279996062	83776305647415	83776278487781
83776292783197	83776313975437	83776292713041
83776308470489	83776322304395	83776308400072
83776317376270	83776330632988	83776317314551
83776330277103	83776347290384	83776330217051
83776380349187	83776397256686	83776380235541
83776386399343	83776405584967	83776386320176
83776408590749	83776422238978	83776408518614
83776476141166	83776488871218	83776476036895
83776486179030	83776497202259	83776486110280
83776491634812	83776505533614	83776491576583
83776598729707	83776613833092	83776598612832
83776601034187	83776622166009	83776600887885
83776608037207	83776630496426	83776607956791
83776708460697	83776722126009	83776708312103
83776710176478	83776730457154	83776710132416
83776825382520	83776838736895	83776825171895
83776931294082	83776946990175	83776931157937
83776933371218	83776955314864	83776933330489
83777061183614	83777080207988	83777060973926
83777156531478	83777171799707	83777156410332
83777158351686	83777180126999	83777158310072
83777266310436	83777280026217	83777266195749
83777274384395	83777288351894	83777274328405
83777379521895	83777396574811	83777379427936
83777391021478	83777404900957	83777390955853
83777499155905	83777513122936	83777499031947
83777500925905	83777521448249	83777500874915
83777614611634	83777629666217	83777614486061
83777616548718	83777637990176	83777616461478
83777625701843	83777646316581	83777625599186
83777723099551	83777737898300	83777722974759
83777724869082	83777746226269	83777724816478
83777841261322	83777854486113	83777841154603
83777849610176	83777862814030	83777849510905
83777956303613	83777971068717	83777956174186
83777958151947	83777979397467	83777958101634
83778058596894	83778070996686	83778058448301
83778060632103	83778079326008	83778060578769
83778065910176	83778087653873	83778065857572
83778189500071	83778204240644	83778189385019
83778291230540	83778304192571	83778291109707
83778298296894	83778312522832	83778298240071
83778415475540	83778429122779	83778415132519
83778507662103	83778520741581	83778507526530
83778514780488	83778529071477	83778514729967
83778630446946	83778645684498	83778630313665
83778632231738	83778654013457	83778632168248
83778741099811	83778753936946	83778740928457
83778744475071	83778762264967	83778744416113
83778749159290	83778770594238	83778749103821
83778756712623	83778778923352	83778756650800
83778765912155	83778787252935	83778765842155
83778778769134	83778795582779	83778778701217

=== poll 1790328295.183777416
8333333
83775684390802	83775697700645	83775684271218
83775695623041	83775714355801	83775695554031
83775708616843	83775722683458	83775708546010
83775784250749	83775797623978	83775784133979
83775793976114	83775805951269	83775793888822
83775825831010	83775839267520	83775825711322
83775935159760	83775947541530	83775935004083
83775937554395	83775955871999	83775937457051
83775950265541	83775964201478	83775950159239
83776041770697	83776055804447	83776041654656
83776054808926	83776072454707	83776054747416
83776058549551	83776080781582	83776058489447
83776159473822	83776172400697	83776159319656
83776169494760	83776180729967	83776169429187
83776174860385	83776189059186	83776174800072
83776264541426	83776280668561	83776264398041
83776266827156	83776288995280	83776266757728
83776273622156	83776297321530	83776271908926
83776279996062	83776305647415	83776278487781
83776292783197	83776313975437	83776292713041
83776308470489	83776322304395	83776308400072
83776317376270	83776330632988	83776317314551
83776330277103	83776347290384	83776330217051
83776380349187	83776397256686	83776380235541
83776386399343	83776405584967	83776386320176
83776408590749	83776422238978	83776408518614
83776476141166	83776488871218	83776476036895
83776486179030	83776497202259	83776486110280
83776491634812	83776505533614	83776491576583
83776598729707	83776613833092	83776598612832
83776601034187	83776622166009	83776600887885
83776608037207	83776630496426	83776607956791
83776708460697	83776722126009	83776708312103
83776710176478	83776730457154	83776710132416
83776825382520	83776838736895	83776825171895
83776931294082	83776946990175	83776931157937
83776933371218	83776955314864	83776933330489
83777061183614	83777080207988	83777060973926
83777156531478	83777171799707	83777156410332
83777158351686	83777180126999	83777158310072
83777266310436	83777280026217	83777266195749
83777274384395	83777288351894	83777274328405
83777379521895	83777396574811	83777379427936
83777391021478	83777404900957	83777390955853
83777499155905	83777513122936	83777499031947
83777500925905	83777521448249	83777500874915
83777614611634	83777629666217	83777614486061
83777616548718	83777637990176	83777616461478
83777625701843	83777646316581	83777625599186
83777723099551	83777737898300	83777722974759
83777724869082	83777746226269	83777724816478
83777841261322	83777854486113	83777841154603
83777849610176	83777862814030	83777849510905
83777956303613	83777971068717	83777956174186
83777958151947	83777979397467	83777958101634
83778058596894	83778070996686	83778058448301
83778060632103	83778079326008	83778060578769
83778065910176	83778087653873	83778065857572
83778189500071	83778204240644	83778189385019
83778291230540	83778304192571	83778291109707
83778298296894	83778312522832	83778298240071
83778415475540	83778429122779	83778415132519
83778507662103	83778520741581	83778507526530
83778514780488	83778529071477	83778514729967
83778630446946	83778645684498	83778630313665
83778632231738	83778654013457	83778632168248
83778741099811	83778753936946	83778740928457
83778744475071	83778762264967	83778744416113
83778749159290	83778770594238	83778749103821
83778756712623	83778778923352	83778756650800
83778765912155	83778787252935	83778765842155
83778778769134	83778795582779	83778778701217
83778824814030	83778837221217	83778824705592
83778852240540	83778870533404	83778852149394
83778857846790	83778878861425	83778857795488
83778884096634	83778895519759	83778883995123
83778949976009	83778962158091	83778949866582
83778957472936	83778970489133	83778957395800
83779068881946	83779087109133	83779068689967
83779071136425	83779095437623	83779071071425
83779082389394	83779103766529	83779082293457
83779172985227	83779187052519	83779172831269
83779174744394	83779195381425	83779174688665
83779288415956	83779303655018	83779288291946
83779298214550	83779311985227	83779298138144
83779374518717	83779386945070	83779374406894
83779394635904	83779411933873	83779394555904
83779406927102	83779420264550	83779406867884
83779506473873	83779520208196	83779506359654
83779508295123	83779528535122	83779508234602
83779514459029	83779536862310	83779514413092
83779614727311	83779628458247	83779614582988
83779618641425	83779636786685	83779618576269
83779623338404	83779645115383	83779623292675
83779721547415	83779736708925	83779721416998
83779723548821	83779745035695	83779723486685
83779730940123	83779753362518	83779730882467
83779841730696	83779853280852	83779841564602
83779848110019	83779861609080	83779848035175
83779956362571	83779969861372	83779956243456
83779964224029	83779978190070	83779964146894
83780063261790	83780078131476	83780063148560
83780065540071	83780086460643	83780065494185
83780073116112	83780094789445	83780073065279
83780175810019	83780194733351	83780175658300
83780189274550	83780203060591	83780189205435
83780297166008	83780311337049	83780297001946
83780298865279	83780319665748	83780298819029
83780406707154	83780419618612	83780406579706
83780414179185	83780427945383	83780414090071
83780515227883	83780527894810	83780515093456
83780518280071	83780536223247	83780518228456
83780530503925	83780544550643	83780530442518
83780624261112	83780636149549	83780624102154
83780630307675	83780644479966	83780630220123
83780729853404	83780744426528	83780729679289
83780732407987	83780752754757	83780732333143
83780747268300	83780761084445	83780747207727
83780824742102	83780836055278	83780824619758
83780834217414	83780852710122	83780834156008
83780855647154	83780869367101	83780855582623
83780948198352	83780960977205	83780948066893
83780956199706	83780969304862	83780956124862
83780963510643	83780977631112	83780963451893
83781079359081	83781094203247	83781079245643
83781088468664	83781102530695	83781088395956
83781182857987	9223372036854775807	83781182736424

=== poll 1790328297.558941425
8333333
83778291230540	83778304192571	83778291109707
83778298296894	83778312522832	83778298240071
83778415475540	83778429122779	83778415132519
83778507662103	83778520741581	83778507526530
83778514780488	83778529071477	83778514729967
83778630446946	83778645684498	83778630313665
83778632231738	83778654013457	83778632168248
83778741099811	83778753936946	83778740928457
83778744475071	83778762264967	83778744416113
83778749159290	83778770594238	83778749103821
83778756712623	83778778923352	83778756650800
83778765912155	83778787252935	83778765842155
83778778769134	83778795582779	83778778701217
83778824814030	83778837221217	83778824705592
83778852240540	83778870533404	83778852149394
83778857846790	83778878861425	83778857795488
83778884096634	83778895519759	83778883995123
83778949976009	83778962158091	83778949866582
83778957472936	83778970489133	83778957395800
83779068881946	83779087109133	83779068689967
83779071136425	83779095437623	83779071071425
83779082389394	83779103766529	83779082293457
83779172985227	83779187052519	83779172831269
83779174744394	83779195381425	83779174688665
83779288415956	83779303655018	83779288291946
83779298214550	83779311985227	83779298138144
83779374518717	83779386945070	83779374406894
83779394635904	83779411933873	83779394555904
83779406927102	83779420264550	83779406867884
83779506473873	83779520208196	83779506359654
83779508295123	83779528535122	83779508234602
83779514459029	83779536862310	83779514413092
83779614727311	83779628458247	83779614582988
83779618641425	83779636786685	83779618576269
83779623338404	83779645115383	83779623292675
83779721547415	83779736708925	83779721416998
83779723548821	83779745035695	83779723486685
83779730940123	83779753362518	83779730882467
83779841730696	83779853280852	83779841564602
83779848110019	83779861609080	83779848035175
83779956362571	83779969861372	83779956243456
83779964224029	83779978190070	83779964146894
83780063261790	83780078131476	83780063148560
83780065540071	83780086460643	83780065494185
83780073116112	83780094789445	83780073065279
83780175810019	83780194733351	83780175658300
83780189274550	83780203060591	83780189205435
83780297166008	83780311337049	83780297001946
83780298865279	83780319665748	83780298819029
83780406707154	83780419618612	83780406579706
83780414179185	83780427945383	83780414090071
83780515227883	83780527894810	83780515093456
83780518280071	83780536223247	83780518228456
83780530503925	83780544550643	83780530442518
83780624261112	83780636149549	83780624102154
83780630307675	83780644479966	83780630220123
83780729853404	83780744426528	83780729679289
83780732407987	83780752754757	83780732333143
83780747268300	83780761084445	83780747207727
83780824742102	83780836055278	83780824619758
83780834217414	83780852710122	83780834156008
83780855647154	83780869367101	83780855582623
83780948198352	83780960977205	83780948066893
83780956199706	83780969304862	83780956124862
83780963510643	83780977631112	83780963451893
83781079359081	83781094203247	83781079245643
83781088468664	83781102530695	83781088395956
83781182857987	83781194143195	83781182736424
83781184678560	83781202474028	83781184625904
83781197214602	83781210805122	83781197137049
83781266113560	83781277439445	83781265991841
83781273103404	83781285769028	83781273032987
83781280768508	83781294096684	83781280697310
83781305825852	83781319085486	83781305740279
83781316182310	83781327416215	83781316062570
83781323327518	83781335746060	83781323253404
83781334764549	83781352404809	83781334692987
83781389345956	83781402367570	83781389240904
83781399767362	83781410694445	83781399701060
83781414798351	83781427347361	83781414738716
83781421772466	83781435675174	83781421661372
83781516372362	83781527260487	83781516228143
83781518585122	83781535584653	83781518531112
83781521519862	83781543910226	83781521471789
83781614673039	83781627182414	83781614546789
83781616638872	83781635510174	83781616586112
83781622142987	83781643838403	83781622092831
83781737266685	83781752079445	83781737089549
83781739191060	83781760405434	83781739119758
83781746786268	83781768733195	83781746701008
83781823200851	83781835346059	83781823090643
83781840857778	83781851996059	83781840786112
83781846331893	83781860322778	83781846278247
83781962052726	83781976894757	83781961931685
83781963840174	83781985219913	83781963783560
83781971295278	83781993543767	83781971241112
83782071369757	83782085118819	83782071260226
83782073291112	83782093444184	83782073238351
83782080470643	83782101772205	83782080416007
83782179697935	83782193370851	83782179513143
83782187671945	83782201697986	83782187616528
83782303438664	83782318269079	83782303326789
83782305567414	83782326597153	83782305519549
83782420621059	83782434845538	83782420400174
83782527196893	83782543087986	83782527071424
83782529127205	83782551415590	83782529060226
83782631507414	83782642996684	83782631407726
83782638569341	83782651323507	83782638502778
83782649631580	83782667971527	83782649522466
83782764624966	83782776212205	83782764492309
83782766759549	83782784538819	83782766704445
83782872528663	83782884466684	83782872406268
83782874537882	83782892793611	83782874437882
83782878673143	83782901121684	83782878628038
83782989850486	83783001056840	83782989736372
83782991667257	83783009382674	83782991620903
83782995496268	83783017707413	83782995379757
83783088589549	83783100973559	83783088483715
83783095136736	83783109298611	83783095089653
83783210892049	83783225865017	83783210765851
83783212919340	83783234190851	83783212865122
83783220855851	83783242515225	83783220802674
83783337326997	83783350746423	83783337169080
83783339257101	83783359074183	83783339205747
83783435596788	83783450654131	83783435477674
83783437587726	83783458982882	83783437509392
83783445620434	83783467310955	83783445566215

=== poll 1790328299.897329862
8333333
83779841730696	83779853280852	83779841564602
83779848110019	83779861609080	83779848035175
83779956362571	83779969861372	83779956243456
83779964224029	83779978190070	83779964146894
83780063261790	83780078131476	83780063148560
83780065540071	83780086460643	83780065494185
83780073116112	83780094789445	83780073065279
83780175810019	83780194733351	83780175658300
83780189274550	83780203060591	83780189205435
83780297166008	83780311337049	83780297001946
83780298865279	83780319665748	83780298819029
83780406707154	83780419618612	83780406579706
83780414179185	83780427945383	83780414090071
83780515227883	83780527894810	83780515093456
83780518280071	83780536223247	83780518228456
83780530503925	83780544550643	83780530442518
83780624261112	83780636149549	83780624102154
83780630307675	83780644479966	83780630220123
83780729853404	83780744426528	83780729679289
83780732407987	83780752754757	83780732333143
83780747268300	83780761084445	83780747207727
83780824742102	83780836055278	83780824619758
83780834217414	83780852710122	83780834156008
83780855647154	83780869367101	83780855582623
83780948198352	83780960977205	83780948066893
83780956199706	83780969304862	83780956124862
83780963510643	83780977631112	83780963451893
83781079359081	83781094203247	83781079245643
83781088468664	83781102530695	83781088395956
83781182857987	83781194143195	83781182736424
83781184678560	83781202474028	83781184625904
83781197214602	83781210805122	83781197137049
83781266113560	83781277439445	83781265991841
83781273103404	83781285769028	83781273032987
83781280768508	83781294096684	83781280697310
83781305825852	83781319085486	83781305740279
83781316182310	83781327416215	83781316062570
83781323327518	83781335746060	83781323253404
83781334764549	83781352404809	83781334692987
83781389345956	83781402367570	83781389240904
83781399767362	83781410694445	83781399701060
83781414798351	83781427347361	83781414738716
83781421772466	83781435675174	83781421661372
83781516372362	83781527260487	83781516228143
83781518585122	83781535584653	83781518531112
83781521519862	83781543910226	83781521471789
83781614673039	83781627182414	83781614546789
83781616638872	83781635510174	83781616586112
83781622142987	83781643838403	83781622092831
83781737266685	83781752079445	83781737089549
83781739191060	83781760405434	83781739119758
83781746786268	83781768733195	83781746701008
83781823200851	83781835346059	83781823090643
83781840857778	83781851996059	83781840786112
83781846331893	83781860322778	83781846278247
83781962052726	83781976894757	83781961931685
83781963840174	83781985219913	83781963783560
83781971295278	83781993543767	83781971241112
83782071369757	83782085118819	83782071260226
83782073291112	83782093444184	83782073238351
83782080470643	83782101772205	83782080416007
83782179697935	83782193370851	83782179513143
83782187671945	83782201697986	83782187616528
83782303438664	83782318269079	83782303326789
83782305567414	83782326597153	83782305519549
83782420621059	83782434845538	83782420400174
83782527196893	83782543087986	83782527071424
83782529127205	83782551415590	83782529060226
83782631507414	83782642996684	83782631407726
83782638569341	83782651323507	83782638502778
83782649631580	83782667971527	83782649522466
83782764624966	83782776212205	83782764492309
83782766759549	83782784538819	83782766704445
83782872528663	83782884466684	83782872406268
83782874537882	83782892793611	83782874437882
83782878673143	83782901121684	83782878628038
83782989850486	83783001056840	83782989736372
83782991667257	83783009382674	83782991620903
83782995496268	83783017707413	83782995379757
83783088589549	83783100973559	83783088483715
83783095136736	83783109298611	83783095089653
83783210892049	83783225865017	83783210765851
83783212919340	83783234190851	83783212865122
83783220855851	83783242515225	83783220802674
83783337326997	83783350746423	83783337169080
83783339257101	83783359074183	83783339205747
83783435596788	83783450654131	83783435477674
83783437587726	83783458982882	83783437509392
83783445620434	83783467310955	83783445566215
83783579848507	83783592204965	83783579717309
83783581539757	83783600529705	83783581488663
83783687243507	83783700439861	83783687094132
83783695452309	83783708764392	83783695382778
83783804317569	83783816986735	83783804197101
83783806213611	83783825313610	83783806163663
83783919636996	83783933537673	83783919492778
83783921796111	83783941863402	83783921690590
83784043786475	83784058426110	83784043674653
83784159125173	83784174998923	83784158994913
83784161157621	83784183326944	83784161105694
83784284933455	83784299893662	83784284820434
83784378018923	83784391493089	83784377917205
83784493711319	83784508100017	83784493569652
83784613155434	83784624676475	83784613050329
83784718637361	83784732939183	83784718521736
83784720515121	83784741267516	83784720441736
83784728400381	83784749596214	83784728344913
83784834751371	83784849539861	83784834620798
83784836528819	83784857867621	83784836487465
83784844774236	83784866194912	83784844716319
83784959831371	83784974471683	83784959676631
83785059283350	83785074379443	83785059158923
83785061253454	83785082705589	83785061200017
83785069537986	83785091032776	83785069485798
83785185488871	83785199291996	83785185254808
83785291684652	83785307567204	83785291550954
83785293709288	83785315893818	83785293641892
83785401942569	83785415787880	83785401795954
83785404227881	83785424113037	83785404158975
83785517936631	83785532321891	83785517802152
83785519700850	83785540645797	83785519646319
83785526979131	83785548967828	83785526891371
83785628621058	83785640531318	83785628496996
83785630359860	83785648857933	83785630326006
83785741737204	83785757099652	83785741630954
83785852443975	83785865337204	83785852346891
83785859661996	9223372036854775807	83785859600798

=== poll 1790328302.234023403
8333333
83781622142987	83781643838403	83781622092831
83781737266685	83781752079445	83781737089549
83781739191060	83781760405434	83781739119758
83781746786268	83781768733195	83781746701008
83781823200851	83781835346059	83781823090643
83781840857778	83781851996059	83781840786112
83781846331893	83781860322778	83781846278247
83781962052726	83781976894757	83781961931685
83781963840174	83781985219913	83781963783560
83781971295278	83781993543767	83781971241112
83782071369757	83782085118819	83782071260226
83782073291112	83782093444184	83782073238351
83782080470643	83782101772205	83782080416007
83782179697935	83782193370851	83782179513143
83782187671945	83782201697986	83782187616528
83782303438664	83782318269079	83782303326789
83782305567414	83782326597153	83782305519549
83782420621059	83782434845538	83782420400174
83782527196893	83782543087986	83782527071424
83782529127205	83782551415590	83782529060226
83782631507414	83782642996684	83782631407726
83782638569341	83782651323507	83782638502778
83782649631580	83782667971527	83782649522466
83782764624966	83782776212205	83782764492309
83782766759549	83782784538819	83782766704445
83782872528663	83782884466684	83782872406268
83782874537882	83782892793611	83782874437882
83782878673143	83782901121684	83782878628038
83782989850486	83783001056840	83782989736372
83782991667257	83783009382674	83782991620903
83782995496268	83783017707413	83782995379757
83783088589549	83783100973559	83783088483715
83783095136736	83783109298611	83783095089653
83783210892049	83783225865017	83783210765851
83783212919340	83783234190851	83783212865122
83783220855851	83783242515225	83783220802674
83783337326997	83783350746423	83783337169080
83783339257101	83783359074183	83783339205747
83783435596788	83783450654131	83783435477674
83783437587726	83783458982882	83783437509392
83783445620434	83783467310955	83783445566215
83783579848507	83783592204965	83783579717309
83783581539757	83783600529705	83783581488663
83783687243507	83783700439861	83783687094132
83783695452309	83783708764392	83783695382778
83783804317569	83783816986735	83783804197101
83783806213611	83783825313610	83783806163663
83783919636996	83783933537673	83783919492778
83783921796111	83783941863402	83783921690590
83784043786475	83784058426110	83784043674653
83784159125173	83784174998923	83784158994913
83784161157621	83784183326944	83784161105694
83784284933455	83784299893662	83784284820434
83784378018923	83784391493089	83784377917205
83784493711319	83784508100017	83784493569652
83784613155434	83784624676475	83784613050329
83784718637361	83784732939183	83784718521736
83784720515121	83784741267516	83784720441736
83784728400381	83784749596214	83784728344913
83784834751371	83784849539861	83784834620798
83784836528819	83784857867621	83784836487465
83784844774236	83784866194912	83784844716319
83784959831371	83784974471683	83784959676631
83785059283350	83785074379443	83785059158923
83785061253454	83785082705589	83785061200017
83785069537986	83785091032776	83785069485798
83785185488871	83785199291996	83785185254808
83785291684652	83785307567204	83785291550954
83785293709288	83785315893818	83785293641892
83785401942569	83785415787880	83785401795954
83785404227881	83785424113037	83785404158975
83785517936631	83785532321891	83785517802152
83785519700850	83785540645797	83785519646319
83785526979131	83785548967828	83785526891371
83785628621058	83785640531318	83785628496996
83785630359860	83785648857933	83785630326006
83785741737204	83785757099652	83785741630954
83785852443975	83785865337204	83785852346891
83785859661996	83785873664339	83785859600798
83785967780537	83785981914860	83785967611475
83786076218558	83786090148141	83786076077048
83786084322152	83786098475901	83786084258089
83786184654183	83786198416630	83786184391318
83786255103818	83786273363714	83786254984339
83786294573298	83786306678662	83786294471579
83786301038558	83786315008037	83786300960902
83786395316058	83786406621943	83786395159183
83786397312673	83786414950485	83786397261787
83786409658818	83786423278661	83786409564964
83786508426422	83786523199807	83786508299079
83786510184339	83786531527255	83786510153350
83786517481891	83786539854234	83786517433662
83786587703193	83786606473141	83786587605381
83786612406735	83786623130485	83786612341683
83786617383141	83786631460380	83786617339339
83786729062829	83786748025745	83786728898402
83786734139443	83786756352359	83786734080433
83786806433141	83786822977099	83786806239183
83786835792308	83786847965641	83786835705433
83786842176631	83786856295380	83786842127099
83786920955745	83786939576630	83786920842933
83786945889131	83786964564339	83786945819912
83786950416110	83786972890954	83786950374131
83787029038089	83787047842672	83787028880276
83787062364339	83787081151161	83787062280537
83787067558714	83787089477568	83787067506683
83787183561058	83787197738296	83787183400120
83787292982047	83787305999807	83787292854183
83787300619599	83787314327776	83787300556526
83787416529078	83787430924182	83787416359547
83787418835589	83787439251213	83787418772516
83787524409755	83787539181109	83787524298349
83787634106578	83787647425692	83787633945432
83787636584182	83787655752932	83787636488662
83787735169547	83787747345275	83787735036370
83787742355641	83787755675744	83787742301630
83787842715693	83787855611890	83787842591162
83787845531734	83787863939807	83787845463974
83787858504755	83787872268036	83787858409182
83787961828870	83787980535380	83787961692307
83787968309807	83787988864026	83787968246422
83787975506057	83787997192463	83787975446839
83788076145745	83788088807984	83788076044807
83788083147568	83788097135693	83788083076109
83788191537672	83788205399650	83788191417932
83788193444182	83788213727828	83788193392932
83788200612724	9223372036854775807	83788200554807

=== poll 1790328304.567515225
8333333
83783437587726	83783458982882	83783437509392
83783445620434	83783467310955	83783445566215
83783579848507	83783592204965	83783579717309
83783581539757	83783600529705	83783581488663
83783687243507	83783700439861	83783687094132
83783695452309	83783708764392	83783695382778
83783804317569	83783816986735	83783804197101
83783806213611	83783825313610	83783806163663
83783919636996	83783933537673	83783919492778
83783921796111	83783941863402	83783921690590
83784043786475	83784058426110	83784043674653
83784159125173	83784174998923	83784158994913
83784161157621	83784183326944	83784161105694
83784284933455	83784299893662	83784284820434
83784378018923	83784391493089	83784377917205
83784493711319	83784508100017	83784493569652
83784613155434	83784624676475	83784613050329
83784718637361	83784732939183	83784718521736
83784720515121	83784741267516	83784720441736
83784728400381	83784749596214	83784728344913
83784834751371	83784849539861	83784834620798
83784836528819	83784857867621	83784836487465
83784844774236	83784866194912	83784844716319
83784959831371	83784974471683	83784959676631
83785059283350	83785074379443	83785059158923
83785061253454	83785082705589	83785061200017
83785069537986	83785091032776	83785069485798
83785185488871	83785199291996	83785185254808
83785291684652	83785307567204	83785291550954
83785293709288	83785315893818	83785293641892
83785401942569	83785415787880	83785401795954
83785404227881	83785424113037	83785404158975
83785517936631	83785532321891	83785517802152
83785519700850	83785540645797	83785519646319
83785526979131	83785548967828	83785526891371
83785628621058	83785640531318	83785628496996
83785630359860	83785648857933	83785630326006
83785741737204	83785757099652	83785741630954
83785852443975	83785865337204	83785852346891
83785859661996	83785873664339	83785859600798
83785967780537	83785981914860	83785967611475
83786076218558	83786090148141	83786076077048
83786084322152	83786098475901	83786084258089
83786184654183	83786198416630	83786184391318
83786255103818	83786273363714	83786254984339
83786294573298	83786306678662	83786294471579
83786301038558	83786315008037	83786300960902
83786395316058	83786406621943	83786395159183
83786397312673	83786414950485	83786397261787
83786409658818	83786423278661	83786409564964
83786508426422	83786523199807	83786508299079
83786510184339	83786531527255	83786510153350
83786517481891	83786539854234	83786517433662
83786587703193	83786606473141	83786587605381
83786612406735	83786623130485	83786612341683
83786617383141	83786631460380	83786617339339
83786729062829	83786748025745	83786728898402
83786734139443	83786756352359	83786734080433
83786806433141	83786822977099	83786806239183
83786835792308	83786847965641	83786835705433
83786842176631	83786856295380	83786842127099
83786920955745	83786939576630	83786920842933
83786945889131	83786964564339	83786945819912
83786950416110	83786972890954	83786950374131
83787029038089	83787047842672	83787028880276
83787062364339	83787081151161	83787062280537
83787067558714	83787089477568	83787067506683
83787183561058	83787197738296	83787183400120
83787292982047	83787305999807	83787292854183
83787300619599	83787314327776	83787300556526
83787416529078	83787430924182	83787416359547
83787418835589	83787439251213	83787418772516
83787524409755	83787539181109	83787524298349
83787634106578	83787647425692	83787633945432
83787636584182	83787655752932	83787636488662
83787735169547	83787747345275	83787735036370
83787742355641	83787755675744	83787742301630
83787842715693	83787855611890	83787842591162
83787845531734	83787863939807	83787845463974
83787858504755	83787872268036	83787858409182
83787961828870	83787980535380	83787961692307
83787968309807	83787988864026	83787968246422
83787975506057	83787997192463	83787975446839
83788076145745	83788088807984	83788076044807
83788083147568	83788097135693	83788083076109
83788191537672	83788205399650	83788191417932
83788193444182	83788213727828	83788193392932
83788200612724	83788222057306	83788200554807
83788301698713	83788313671838	83788301556786
83788303468349	83788322000380	83788303427203
83788307923818	83788330329494	83788307858818
83788415566005	83788430263661	83788415436370
83788417648765	83788438594338	83788417566057
83788424911682	83788446923921	83788424819234
83788540402203	83788555201786	83788540245276
83788639153505	83788655143504	83788639039807
83788640870276	83788663473296	83788640831317
83788767331995	83788780080275	83788767221474
83788774265692	83788788408296	83788774174026
83788824904182	83788838374182	83788824772984
83788833772672	83788846703296	83788833712255
83788843025849	83788855031317	83788842963244
83788852882828	83788871690588	83788852814494
83788878527932	83788896675484	83788878436786
83788899410744	83788913332567	83788899337776
83788960692932	83788971634130	83788960583349
83788966152099	83788979961577	83788966089026
83789075391630	83789088241473	83789075278869
83789077057411	83789096572202	83789077009286
83789208505276	83789221492671	83789208367099
83789307217255	83789321438400	83789307033817
83789416654546	83789429713713	83789416511994
83789424518661	83789438041108	83789424391942
83789532544598	83789546313296	83789532400900
83789541358557	83789554642046	83789541265015
83789648793661	83789662907723	83789648652723
83789766895744	83789779512515	83789766676265
83789872135275	83789887794859	83789871960952
83789873902567	83789896124754	83789873858400
83789991925171	83790004402879	83789991722775
83790097610275	83790112635483	83790097430067
83790099375484	83790120960275	83790099340952
83790214499911	83790229201890	83790214386473
83790332204286	83790345787879	83790331884806
83790439178140	83790454046368	83790439042098
83790441234129	83790462373764	83790441148608
83790547418817	9223372036854775807	83790547291994

=== poll 1790328306.904076943
8333333
83785404227881	83785424113037	83785404158975
83785517936631	83785532321891	83785517802152
83785519700850	83785540645797	83785519646319
83785526979131	83785548967828	83785526891371
83785628621058	83785640531318	83785628496996
83785630359860	83785648857933	83785630326006
83785741737204	83785757099652	83785741630954
83785852443975	83785865337204	83785852346891
83785859661996	83785873664339	83785859600798
83785967780537	83785981914860	83785967611475
83786076218558	83786090148141	83786076077048
83786084322152	83786098475901	83786084258089
83786184654183	83786198416630	83786184391318
83786255103818	83786273363714	83786254984339
83786294573298	83786306678662	83786294471579
83786301038558	83786315008037	83786300960902
83786395316058	83786406621943	83786395159183
83786397312673	83786414950485	83786397261787
83786409658818	83786423278661	83786409564964
83786508426422	83786523199807	83786508299079
83786510184339	83786531527255	83786510153350
83786517481891	83786539854234	83786517433662
83786587703193	83786606473141	83786587605381
83786612406735	83786623130485	83786612341683
83786617383141	83786631460380	83786617339339
83786729062829	83786748025745	83786728898402
83786734139443	83786756352359	83786734080433
83786806433141	83786822977099	83786806239183
83786835792308	83786847965641	83786835705433
83786842176631	83786856295380	83786842127099
83786920955745	83786939576630	83786920842933
83786945889131	83786964564339	83786945819912
83786950416110	83786972890954	83786950374131
83787029038089	83787047842672	83787028880276
83787062364339	83787081151161	83787062280537
83787067558714	83787089477568	83787067506683
83787183561058	83787197738296	83787183400120
83787292982047	83787305999807	83787292854183
83787300619599	83787314327776	83787300556526
83787416529078	83787430924182	83787416359547
83787418835589	83787439251213	83787418772516
83787524409755	83787539181109	83787524298349
83787634106578	83787647425692	83787633945432
83787636584182	83787655752932	83787636488662
83787735169547	83787747345275	83787735036370
83787742355641	83787755675744	83787742301630
83787842715693	83787855611890	83787842591162
83787845531734	83787863939807	83787845463974
83787858504755	83787872268036	83787858409182
83787961828870	83787980535380	83787961692307
83787968309807	83787988864026	83787968246422
83787975506057	83787997192463	83787975446839
83788076145745	83788088807984	83788076044807
83788083147568	83788097135693	83788083076109
83788191537672	83788205399650	83788191417932
83788193444182	83788213727828	83788193392932
83788200612724	83788222057306	83788200554807
83788301698713	83788313671838	83788301556786
83788303468349	83788322000380	83788303427203
83788307923818	83788330329494	83788307858818
83788415566005	83788430263661	83788415436370
83788417648765	83788438594338	83788417566057
83788424911682	83788446923921	83788424819234
83788540402203	83788555201786	83788540245276
83788639153505	83788655143504	83788639039807
83788640870276	83788663473296	83788640831317
83788767331995	83788780080275	83788767221474
83788774265692	83788788408296	83788774174026
83788824904182	83788838374182	83788824772984
83788833772672	83788846703296	83788833712255
83788843025849	83788855031317	83788842963244
83788852882828	83788871690588	83788852814494
83788878527932	83788896675484	83788878436786
83788899410744	83788913332567	83788899337776
83788960692932	83788971634130	83788960583349
83788966152099	83788979961577	83788966089026
83789075391630	83789088241473	83789075278869
83789077057411	83789096572202	83789077009286
83789208505276	83789221492671	83789208367099
83789307217255	83789321438400	83789307033817
83789416654546	83789429713713	83789416511994
83789424518661	83789438041108	83789424391942
83789532544598	83789546313296	83789532400900
83789541358557	83789554642046	83789541265015
83789648793661	83789662907723	83789648652723
83789766895744	83789779512515	83789766676265
83789872135275	83789887794859	83789871960952
83789873902567	83789896124754	83789873858400
83789991925171	83790004402879	83789991722775
83790097610275	83790112635483	83790097430067
83790099375484	83790120960275	83790099340952
83790214499911	83790229201890	83790214386473
83790332204286	83790345787879	83790331884806
83790439178140	83790454046368	83790439042098
83790441234129	83790462373764	83790441148608
83790547418817	83790562299754	83790547291994
83790549291994	83790570627254	83790549238452
83790667413869	83790678850847	83790667271838
83790674005223	83790687176733	83790673917463
83790784686785	83790803720743	83790784511421
83790787209754	83790812047670	83790787145171
83790898354025	83790911949441	83790898140692
83790907176785	83790920273764	83790907070952
83791014221317	83791028500275	83791014057462
83791131413348	83791145051160	83791131112775
83791246458400	83791261609597	83791246281473
83791356920066	83791369844597	83791356792306
83791364478556	83791378171004	83791364422202
83791471852202	83791486400430	83791471741837
83791481220639	83791494726784	83791481166264
83791590067566	83791602958763	83791589892983
83791704385223	83791719511004	83791704204077
83791823965587	83791844408920	83791823753608
83791929718660	83791944317566	83791929568139
83791931628712	83791952643190	83791931581837
83792047201837	83792060882409	83792047052931
83792162927045	83792177443191	83792162771368
83792172489493	83792185766316	83792172421004
83792280908399	83792293998503	83792280769233
83792283264493	83792302325170	83792283210222
83792395703191	83792410563399	83792395550639
83792514856108	83792527126315	83792514641733
83792630766056	83792643704545	83792630591837
83792737674076	83792751947253	83792737562878
83792747182462	83792760273660	83792747112462
83792844424962	83792860213659	83792844280951
83792846299649	83792868541940	83792846248191

=== poll 1790328309.247889598
8333333
83788303468349	83788322000380	83788303427203
83788307923818	83788330329494	83788307858818
83788415566005	83788430263661	83788415436370
83788417648765	83788438594338	83788417566057
83788424911682	83788446923921	83788424819234
83788540402203	83788555201786	83788540245276
83788639153505	83788655143504	83788639039807
83788640870276	83788663473296	83788640831317
83788767331995	83788780080275	83788767221474
83788774265692	83788788408296	83788774174026
83788824904182	83788838374182	83788824772984
83788833772672	83788846703296	83788833712255
83788843025849	83788855031317	83788842963244
83788852882828	83788871690588	83788852814494
83788878527932	83788896675484	83788878436786
83788899410744	83788913332567	83788899337776
83788960692932	83788971634130	83788960583349
83788966152099	83788979961577	83788966089026
83789075391630	83789088241473	83789075278869
83789077057411	83789096572202	83789077009286
83789208505276	83789221492671	83789208367099
83789307217255	83789321438400	83789307033817
83789416654546	83789429713713	83789416511994
83789424518661	83789438041108	83789424391942
83789532544598	83789546313296	83789532400900
83789541358557	83789554642046	83789541265015
83789648793661	83789662907723	83789648652723
83789766895744	83789779512515	83789766676265
83789872135275	83789887794859	83789871960952
83789873902567	83789896124754	83789873858400
83789991925171	83790004402879	83789991722775
83790097610275	83790112635483	83790097430067
83790099375484	83790120960275	83790099340952
83790214499911	83790229201890	83790214386473
83790332204286	83790345787879	83790331884806
83790439178140	83790454046368	83790439042098
83790441234129	83790462373764	83790441148608
83790547418817	83790562299754	83790547291994
83790549291994	83790570627254	83790549238452
83790667413869	83790678850847	83790667271838
83790674005223	83790687176733	83790673917463
83790784686785	83790803720743	83790784511421
83790787209754	83790812047670	83790787145171
83790898354025	83790911949441	83790898140692
83790907176785	83790920273764	83790907070952
83791014221317	83791028500275	83791014057462
83791131413348	83791145051160	83791131112775
83791246458400	83791261609597	83791246281473
83791356920066	83791369844597	83791356792306
83791364478556	83791378171004	83791364422202
83791471852202	83791486400430	83791471741837
83791481220639	83791494726784	83791481166264
83791590067566	83791602958763	83791589892983
83791704385223	83791719511004	83791704204077
83791823965587	83791844408920	83791823753608
83791929718660	83791944317566	83791929568139
83791931628712	83791952643190	83791931581837
83792047201837	83792060882409	83792047052931
83792162927045	83792177443191	83792162771368
83792172489493	83792185766316	83792172421004
83792280908399	83792293998503	83792280769233
83792283264493	83792302325170	83792283210222
83792395703191	83792410563399	83792395550639
83792514856108	83792527126315	83792514641733
83792630766056	83792643704545	83792630591837
83792737674076	83792751947253	83792737562878
83792747182462	83792760273660	83792747112462
83792844424962	83792860213659	83792844280951
83792846299649	83792868541940	83792846248191
83792956286733	83792968476628	83792956142878
83792957961733	83792976804336	83792957903451
83793082649857	83793101715639	83793082475899
83793088150014	83793110043398	83793088034128
83793195826368	83793209953138	83793195624649
83793206978451	83793218277826	83793206874701
83793311595430	83793326524857	83793311468503
83793313963191	83793334852097	83793313865118
83793430261628	83793443103920	83793430104753
83793432339493	83793451431263	83793432247670
83793536537201	83793551353294	83793536427514
83793545797149	83793559682357	83793545724180
83793662643347	83793676248867	83793662498243
83793664497201	83793684573972	83793664460066
83793771505951	83793784492461	83793771373868
83793773230326	83793792818972	83793773182097
83793886975430	83793901070898	83793886837930
83793888807409	83793909396836	83793888755170
83794010944753	83794025977252	83794010780847
83794111324024	83794125901940	83794111204024
83794120984024	83794134227305	83794120918138
83794130001003	83794142552148	83794129942201
83794137336680	83794150877461	83794137281003
83794145231420	83794159203815	83794145182097
83794163207774	83794175855794	83794163121263
83794182536628	83794200832356	83794182460274
83794222840378	83794234141836	83794222725222
83794232775482	83794250796992	83794232710951
83794247921472	83794259124752	83794247848920
83794258185742	83794275781523	83794258126263
83794272936055	83794284109231	83794272863242
83794292272617	83794309089544	83794292182878
83794322307357	83794334069648	83794322213555
83794332984388	83794350722617	83794332885534
83794337681940	83794359049491	83794337602826
83794362224961	83794375700065	83794362126784
83794382880534	83794400675794	83794382732357
83794407772982	83794425653607	83794407639284
83794437889076	83794450635012	83794437810794
83794457065430	83794475613085	83794457002669
83794472782305	83794483940169	83794472722722
83794495105690	83794508918711	83794495032044
83794546432878	83794558873398	83794546323399
83794572140274	83794583851888	83794572062930
83794579169649	83794592179648	83794579095326
83794655978190	83794667115690	83794655855586
83794686710794	83794700429544	83794686635690
83794777203919	83794792020169	83794777039180
83794794976940	83794808674023	83794794906836
83794805379544	83794817000430	83794805295221
83794879620898	83794891936471	83794879506107
83794911431471	83794925238502	83794911339701
83795004430065	83795016815638	83795004306680
83795019843294	83795033463763	83795019744075
83795027689700	83795041787461	83795027640221
83795104433815	83795116703294	83795104336471
83795136254388	83795150004336	83795136136940
83795228836940	9223372036854775807	83795228732200

=== poll 1790328311.572083556
8333333
83790907176785	83790920273764	83790907070952
83791014221317	83791028500275	83791014057462
83791131413348	83791145051160	83791131112775
83791246458400	83791261609597	83791246281473
83791356920066	83791369844597	83791356792306
83791364478556	83791378171004	83791364422202
83791471852202	83791486400430	83791471741837
83791481220639	83791494726784	83791481166264
83791590067566	83791602958763	83791589892983
83791704385223	83791719511004	83791704204077
83791823965587	83791844408920	83791823753608
83791929718660	83791944317566	83791929568139
83791931628712	83791952643190	83791931581837
83792047201837	83792060882409	83792047052931
83792162927045	83792177443191	83792162771368
83792172489493	83792185766316	83792172421004
83792280908399	83792293998503	83792280769233
83792283264493	83792302325170	83792283210222
83792395703191	83792410563399	83792395550639
83792514856108	83792527126315	83792514641733
83792630766056	83792643704545	83792630591837
83792737674076	83792751947253	83792737562878
83792747182462	83792760273660	83792747112462
83792844424962	83792860213659	83792844280951
83792846299649	83792868541940	83792846248191
83792956286733	83792968476628	83792956142878
83792957961733	83792976804336	83792957903451
83793082649857	83793101715639	83793082475899
83793088150014	83793110043398	83793088034128
83793195826368	83793209953138	83793195624649
83793206978451	83793218277826	83793206874701
83793311595430	83793326524857	83793311468503
83793313963191	83793334852097	83793313865118
83793430261628	83793443103920	83793430104753
83793432339493	83793451431263	83793432247670
83793536537201	83793551353294	83793536427514
83793545797149	83793559682357	83793545724180
83793662643347	83793676248867	83793662498243
83793664497201	83793684573972	83793664460066
83793771505951	83793784492461	83793771373868
83793773230326	83793792818972	83793773182097
83793886975430	83793901070898	83793886837930
83793888807409	83793909396836	83793888755170
83794010944753	83794025977252	83794010780847
83794111324024	83794125901940	83794111204024
83794120984024	83794134227305	83794120918138
83794130001003	83794142552148	83794129942201
83794137336680	83794150877461	83794137281003
83794145231420	83794159203815	83794145182097
83794163207774	83794175855794	83794163121263
83794182536628	83794200832356	83794182460274
83794222840378	83794234141836	83794222725222
83794232775482	83794250796992	83794232710951
83794247921472	83794259124752	83794247848920
83794258185742	83794275781523	83794258126263
83794272936055	83794284109231	83794272863242
83794292272617	83794309089544	83794292182878
83794322307357	83794334069648	83794322213555
83794332984388	83794350722617	83794332885534
83794337681940	83794359049491	83794337602826
83794362224961	83794375700065	83794362126784
83794382880534	83794400675794	83794382732357
83794407772982	83794425653607	83794407639284
83794437889076	83794450635012	83794437810794
83794457065430	83794475613085	83794457002669
83794472782305	83794483940169	83794472722722
83794495105690	83794508918711	83794495032044
83794546432878	83794558873398	83794546323399
83794572140274	83794583851888	83794572062930
83794579169649	83794592179648	83794579095326
83794655978190	83794667115690	83794655855586
83794686710794	83794700429544	83794686635690
83794777203919	83794792020169	83794777039180
83794794976940	83794808674023	83794794906836
83794805379544	83794817000430	83794805295221
83794879620898	83794891936471	83794879506107
83794911431471	83794925238502	83794911339701
83795004430065	83795016815638	83795004306680
83795019843294	83795033463763	83795019744075
83795027689700	83795041787461	83795027640221
83795104433815	83795116703294	83795104336471
83795136254388	83795150004336	83795136136940
83795228836940	83795241593607	83795228732200
83795252708294	83795266573970	83795252619023
83795330094127	83795341502825	83795329812357
83795361093450	83795374804543	83795360999857
83795439221211	83795458074700	83795439098138
83795461312252	83795474727200	83795461236992
83795469640690	83795483055533	83795469578815
83795561290325	83795574656574	83795561144544
83795585596054	83795599640429	83795585511992
83795677485481	83795691227929	83795677373554
83795695042825	83795707881106	83795694973867
83795702075742	83795716208450	83795702019752
83795779540065	83795791154179	83795779446784
83795826736367	83795841121522	83795810482669
83795895603763	83795907730377	83795895503867
83795921224961	83795932713606	83795921119961
83795927138554	83795941040533	83795927085169
83796027867981	83796040963970	83796027732096
83796029712200	83796049290064	83796029591627
83796035418190	83796057616575	83796035365481
83796151902721	83796165850012	83796151773971
83796153791210	83796174176314	83796153731679
83796259579804	83796274111782	83796259457044
83796261245012	83796282439127	83796261204023
83796268319960	83796290766366	83796268265221
83796377169075	83796390681678	83796377013190
83796385848606	83796399009283	83796385785169
83796501854960	83796515596731	83796501728242
83796503632304	83796523925012	83796503585950
83796616990117	83796632199543	83796616861471
83796618738033	83796640527876	83796618690898
83796627094908	83796648856835	83796627028242
83796728318294	83796740476991	83796728189804
83796729998450	83796748807095	83796729965221
83796851052877	83796865386053	83796850860012
83796939863971	83796956979960	83796939732043
83796944146783	83796965307460	83796944045533
83796951322148	83796973635064	83796951270689
83797068903293	83797081871157	83797068753554
83797070699543	83797090198345	83797070650637
83797175188918	83797190102512	83797175067252
83797291985481	83797306659595	83797291864335
83797293897981	83797314987459	83797293842564
83797416520429	83797431551314	83797416405377
83797524394908	83797539780637	83797524287772

=== poll 1790328313.885861159
8333333
83794182536628	83794200832356	83794182460274
83794222840378	83794234141836	83794222725222
83794232775482	83794250796992	83794232710951
83794247921472	83794259124752	83794247848920
83794258185742	83794275781523	83794258126263
83794272936055	83794284109231	83794272863242
83794292272617	83794309089544	83794292182878
83794322307357	83794334069648	83794322213555
83794332984388	83794350722617	83794332885534
83794337681940	83794359049491	83794337602826
83794362224961	83794375700065	83794362126784
83794382880534	83794400675794	83794382732357
83794407772982	83794425653607	83794407639284
83794437889076	83794450635012	83794437810794
83794457065430	83794475613085	83794457002669
83794472782305	83794483940169	83794472722722
83794495105690	83794508918711	83794495032044
83794546432878	83794558873398	83794546323399
83794572140274	83794583851888	83794572062930
83794579169649	83794592179648	83794579095326
83794655978190	83794667115690	83794655855586
83794686710794	83794700429544	83794686635690
83794777203919	83794792020169	83794777039180
83794794976940	83794808674023	83794794906836
83794805379544	83794817000430	83794805295221
83794879620898	83794891936471	83794879506107
83794911431471	83794925238502	83794911339701
83795004430065	83795016815638	83795004306680
83795019843294	83795033463763	83795019744075
83795027689700	83795041787461	83795027640221
83795104433815	83795116703294	83795104336471
83795136254388	83795150004336	83795136136940
83795228836940	83795241593607	83795228732200
83795252708294	83795266573970	83795252619023
83795330094127	83795341502825	83795329812357
83795361093450	83795374804543	83795360999857
83795439221211	83795458074700	83795439098138
83795461312252	83795474727200	83795461236992
83795469640690	83795483055533	83795469578815
83795561290325	83795574656574	83795561144544
83795585596054	83795599640429	83795585511992
83795677485481	83795691227929	83795677373554
83795695042825	83795707881106	83795694973867
83795702075742	83795716208450	83795702019752
83795779540065	83795791154179	83795779446784
83795826736367	83795841121522	83795810482669
83795895603763	83795907730377	83795895503867
83795921224961	83795932713606	83795921119961
83795927138554	83795941040533	83795927085169
83796027867981	83796040963970	83796027732096
83796029712200	83796049290064	83796029591627
83796035418190	83796057616575	83796035365481
83796151902721	83796165850012	83796151773971
83796153791210	83796174176314	83796153731679
83796259579804	83796274111782	83796259457044
83796261245012	83796282439127	83796261204023
83796268319960	83796290766366	83796268265221
83796377169075	83796390681678	83796377013190
83796385848606	83796399009283	83796385785169
83796501854960	83796515596731	83796501728242
83796503632304	83796523925012	83796503585950
83796616990117	83796632199543	83796616861471
83796618738033	83796640527876	83796618690898
83796627094908	83796648856835	83796627028242
83796728318294	83796740476991	83796728189804
83796729998450	83796748807095	83796729965221
83796851052877	83796865386053	83796850860012
83796939863971	83796956979960	83796939732043
83796944146783	83796965307460	83796944045533
83796951322148	83796973635064	83796951270689
83797068903293	83797081871157	83797068753554
83797070699543	83797090198345	83797070650637
83797175188918	83797190102512	83797175067252
83797291985481	83797306659595	83797291864335
83797293897981	83797314987459	83797293842564
83797416520429	83797431551314	83797416405377
83797524394908	83797539780637	83797524287772
83797625245481	83797639683240	83797625124960
83797627102616	83797648007980	83797627046470
83797633951418	83797656332147	83797633900168
83797742752981	83797756234491	83797742609127
83797744568918	83797764561106	83797744486887
83797849200949	83797864471418	83797849078033
83797851143762	83797872796366	83797851081679
83797858656939	83797881120532	83797858604126
83797950695897	83797964395897	83797950563397
83797952790168	83797972723813	83797952710897
83797958984804	83797981052564	83797958913501
83798075322720	83798089304751	83798075179335
83798084337147	83798097631261	83798084245481
83798179376262	83798197556521	83798179209751
83798290703710	83798305817407	83798290581158
83798292583814	83798314143917	83798292537616
83798299848033	83798322469439	83798299805897
83798399450741	83798414066521	83798399338814
83798510173814	83798522337823	83798509989178
83798512376574	83798530667980	83798512280324
83798607609230	83798622264178	83798607482720
83798624986053	83798638918449	83798624914074
83798724091053	83798738854386	83798723959699
83798733532407	83798747184543	83798733470376
83798741221939	83798755514074	83798741182407
83798842984855	83798855441938	83798842863293
83798850375168	83798863766730	83798850319178
83798941242772	83798955353396	83798941125845
83798950799022	83798963679177	83798950730480
83798959971782	83798972007719	83798959889959
83799052344282	83799063611418	83799052223866
83799099367459	83799113574542	83799066365220
83799166935063	83799180192250	83799166819126
83799215904178	83799230159229	83799175893084
83799265759334	83799280125688	83799220374386
83799315722459	83799330086938	83799275947772
83799365784386	83799380062042	83799318586157
83799415770845	83799430038240	83799386488605
83799465593657	83799480014125	83799418930532
83799515511574	83799529988969	83799512720324
83799565511626	83799579956209	83799524370636
83799618184803	83799629919281	83799618080636
83799629364595	83799646575531	83799629289438
83799632646834	83799654903396	83799632604647
83799732763657	83799746491729	83799732655688
83799745595532	83799763150062	83799745506782
83799748858969	83799771479073	83799748814282
83799860353969	83799871414386	83799860230688
83799862155949	9223372036854775807	83799862080063
83799865706001	9223372036854775807	83799865656053

=== poll 1790328316.237016262
8333333
83795779540065	83795791154179	83795779446784
83795826736367	83795841121522	83795810482669
83795895603763	83795907730377	83795895503867
83795921224961	83795932713606	83795921119961
83795927138554	83795941040533	83795927085169
83796027867981	83796040963970	83796027732096
83796029712200	83796049290064	83796029591627
83796035418190	83796057616575	83796035365481
83796151902721	83796165850012	83796151773971
83796153791210	83796174176314	83796153731679
83796259579804	83796274111782	83796259457044
83796261245012	83796282439127	83796261204023
83796268319960	83796290766366	83796268265221
83796377169075	83796390681678	83796377013190
83796385848606	83796399009283	83796385785169
83796501854960	83796515596731	83796501728242
83796503632304	83796523925012	83796503585950
83796616990117	83796632199543	83796616861471
83796618738033	83796640527876	83796618690898
83796627094908	83796648856835	83796627028242
83796728318294	83796740476991	83796728189804
83796729998450	83796748807095	83796729965221
83796851052877	83796865386053	83796850860012
83796939863971	83796956979960	83796939732043
83796944146783	83796965307460	83796944045533
83796951322148	83796973635064	83796951270689
83797068903293	83797081871157	83797068753554
83797070699543	83797090198345	83797070650637
83797175188918	83797190102512	83797175067252
83797291985481	83797306659595	83797291864335
83797293897981	83797314987459	83797293842564
83797416520429	83797431551314	83797416405377
83797524394908	83797539780637	83797524287772
83797625245481	83797639683240	83797625124960
83797627102616	83797648007980	83797627046470
83797633951418	83797656332147	83797633900168
83797742752981	83797756234491	83797742609127
83797744568918	83797764561106	83797744486887
83797849200949	83797864471418	83797849078033
83797851143762	83797872796366	83797851081679
83797858656939	83797881120532	83797858604126
83797950695897	83797964395897	83797950563397
83797952790168	83797972723813	83797952710897
83797958984804	83797981052564	83797958913501
83798075322720	83798089304751	83798075179335
83798084337147	83798097631261	83798084245481
83798179376262	83798197556521	83798179209751
83798290703710	83798305817407	83798290581158
83798292583814	83798314143917	83798292537616
83798299848033	83798322469439	83798299805897
83798399450741	83798414066521	83798399338814
83798510173814	83798522337823	83798509989178
83798512376574	83798530667980	83798512280324
83798607609230	83798622264178	83798607482720
83798624986053	83798638918449	83798624914074
83798724091053	83798738854386	83798723959699
83798733532407	83798747184543	83798733470376
83798741221939	83798755514074	83798741182407
83798842984855	83798855441938	83798842863293
83798850375168	83798863766730	83798850319178
83798941242772	83798955353396	83798941125845
83798950799022	83798963679177	83798950730480
83798959971782	83798972007719	83798959889959
83799052344282	83799063611418	83799052223866
83799099367459	83799113574542	83799066365220
83799166935063	83799180192250	83799166819126
83799215904178	83799230159229	83799175893084
83799265759334	83799280125688	83799220374386
83799315722459	83799330086938	83799275947772
83799365784386	83799380062042	83799318586157
83799415770845	83799430038240	83799386488605
83799465593657	83799480014125	83799418930532
83799515511574	83799529988969	83799512720324
83799565511626	83799579956209	83799524370636
83799618184803	83799629919281	83799618080636
83799629364595	83799646575531	83799629289438
83799632646834	83799654903396	83799632604647
83799732763657	83799746491729	83799732655688
83799745595532	83799763150062	83799745506782
83799748858969	83799771479073	83799748814282
83799860353969	83799871414386	83799860230688
83799862155949	83799879742094	83799862080063
83799865706001	83799888070167	83799865656053
83799960708813	83799979688396	83799960600324
83799975671990	83799988017614	83799975603761
83800075951730	83800087966104	83800075832511
83800082271313	83800096294073	83800082149386
83800193170376	83800204550479	83800193030480
83800195021261	83800212878552	83800194964542
83800297928396	83800312806260	83800297703761
83800300453605	83800321133187	83800300402251
83800307045115	83800329459802	83800306988709
83800408657042	83800421055115	83800408495271
83800410811469	83800429383917	83800410758709
83800432474803	83800446041937	83800432363969
83800524242303	83800537655114	83800524130532
83800535494230	83800554309907	83800535414594
83800540205584	83800562638969	83800540163136
83800641590375	83800654260635	83800641465792
83800649030480	83800662591260	83800648967927
83800765305219	83800779205011	83800765201105
83800774214646	83800787532822	83800774080480
83800880891261	83800895784854	83800880779334
83800988209282	83801004041885	83800988084907
83801101005219	83801112295896	83801100881469
83801104295948	83801120622719	83801104204698
83801216875167	83801228846260	83801216692042
83801223663604	83801237171156	83801223563865
83801298364177	83801312100114	83801298262667
83801308269333	83801320429490	83801308206729
83801323595063	83801337083917	83801323494906
83801408519490	83801420352562	83801408396625
83801418569177	83801437005322	83801418501052
83801431514594	83801445332250	83801431456261
83801525874177	83801536927406	83801525738396
83801533390531	83801545256625	83801533300375
83801539389854	83801553585687	83801539342198
83801646649542	83801661858239	83801646510063
83801648515688	83801670186885	83801648465896
83801768358917	83801786776728	83801768175219
83801772185219	83801795105166	83801771630219
83801874498083	83801886715218	83801874368344
83801881545167	83801895043656	83801881480531
83801998720583	83802011639333	83801998558917
83802000727146	83802019967771	83802000646364
83802122729646	83802136577406	83802122583656
83802132876156	83802144906624	83802132796417

=== poll 1790328318.719317199
8333333
83798399450741	83798414066521	83798399338814
83798510173814	83798522337823	83798509989178
83798512376574	83798530667980	83798512280324
83798607609230	83798622264178	83798607482720
83798624986053	83798638918449	83798624914074
83798724091053	83798738854386	83798723959699
83798733532407	83798747184543	83798733470376
83798741221939	83798755514074	83798741182407
83798842984855	83798855441938	83798842863293
83798850375168	83798863766730	83798850319178
83798941242772	83798955353396	83798941125845
83798950799022	83798963679177	83798950730480
83798959971782	83798972007719	83798959889959
83799052344282	83799063611418	83799052223866
83799099367459	83799113574542	83799066365220
83799166935063	83799180192250	83799166819126
83799215904178	83799230159229	83799175893084
83799265759334	83799280125688	83799220374386
83799315722459	83799330086938	83799275947772
83799365784386	83799380062042	83799318586157
83799415770845	83799430038240	83799386488605
83799465593657	83799480014125	83799418930532
83799515511574	83799529988969	83799512720324
83799565511626	83799579956209	83799524370636
83799618184803	83799629919281	83799618080636
83799629364595	83799646575531	83799629289438
83799632646834	83799654903396	83799632604647
83799732763657	83799746491729	83799732655688
83799745595532	83799763150062	83799745506782
83799748858969	83799771479073	83799748814282
83799860353969	83799871414386	83799860230688
83799862155949	83799879742094	83799862080063
83799865706001	83799888070167	83799865656053
83799960708813	83799979688396	83799960600324
83799975671990	83799988017614	83799975603761
83800075951730	83800087966104	83800075832511
83800082271313	83800096294073	83800082149386
83800193170376	83800204550479	83800193030480
83800195021261	83800212878552	83800194964542
83800297928396	83800312806260	83800297703761
83800300453605	83800321133187	83800300402251
83800307045115	83800329459802	83800306988709
83800408657042	83800421055115	83800408495271
83800410811469	83800429383917	83800410758709
83800432474803	83800446041937	83800432363969
83800524242303	83800537655114	83800524130532
83800535494230	83800554309907	83800535414594
83800540205584	83800562638969	83800540163136
83800641590375	83800654260635	83800641465792
83800649030480	83800662591260	83800648967927
83800765305219	83800779205011	83800765201105
83800774214646	83800787532822	83800774080480
83800880891261	83800895784854	83800880779334
83800988209282	83801004041885	83800988084907
83801101005219	83801112295896	83801100881469
83801104295948	83801120622719	83801104204698
83801216875167	83801228846260	83801216692042
83801223663604	83801237171156	83801223563865
83801298364177	83801312100114	83801298262667
83801308269333	83801320429490	83801308206729
83801323595063	83801337083917	83801323494906
83801408519490	83801420352562	83801408396625
83801418569177	83801437005322	83801418501052
83801431514594	83801445332250	83801431456261
83801525874177	83801536927406	83801525738396
83801533390531	83801545256625	83801533300375
83801539389854	83801553585687	83801539342198
83801646649542	83801661858239	83801646510063
83801648515688	83801670186885	83801648465896
83801768358917	83801786776728	83801768175219
83801772185219	83801795105166	83801771630219
83801874498083	83801886715218	83801874368344
83801881545167	83801895043656	83801881480531
83801998720583	83802011639333	83801998558917
83802000727146	83802019967771	83802000646364
83802122729646	83802136577406	83802122583656
83802132876156	83802144906624	83802132796417
83802229928604	83802244843760	83802229756677
83802232077094	83802253171520	83802232016469
83802341584489	83802353117562	83802341453656
83802343446989	83802361448447	83802343407719
83802440615896	83802453061676	83802440471156
83802442320583	83802461389280	83802442269854
83802546393135	83802561335062	83802546258604
83802558957562	83802569665062	83802558865635
83802563745843	83802577993916	83802563700739
83802666085010	83802677934124	83802665942041
83802668124593	83802686264437	83802668061729
83802680586364	83802694593916	83802680499073
83802779550583	83802794541000	83802779422666
83802781535479	83802802871728	83802781491520
83802896501260	83802911132197	83802896332041
83802898445843	83802919457666	83802898382250
83803014200687	83803027707353	83803014034906
83803120621156	83803135957509	83803120495947
83803123365479	83803144285530	83803123288916
83803216189020	83803227580583	83803216050895
83803223583343	83803235911728	83803223496989
83803230145583	83803244241728	83803230101260
83803339313343	83803352513186	83803339198604
83803454218239	83803469115686	83803454102406
83803456500270	83803477441676	83803456421051
83803557082301	83803569038343	83803556949020
83803564608499	83803577366155	83803564537197
83803679270114	83803693939748	83803679132822
83803681819593	83803702265894	83803681750426
83803748510166	83803760548602	83803748418239
83803750703655	83803768875999	83803750659072
83803756274333	83803777203030	83803756223291
83803763715426	83803785530218	83803763664333
83803780877874	83803793858655	83803780821572
83803821872718	83803835496624	83803821771937
83803855027666	83803868808186	83803854937353
83803880080791	83803893791832	83803879986103
83803990746260	83804002024488	83803990600843
83803992681832	83804010352874	83803992614385
83804105000270	83804118607562	83804104731989
83804106807874	83804126934123	83804106768343
83804233552093	83804251827822	83804233333395
83804341147353	83804360073863	83804340978916
83804346959645	83804368400061	83804346892926
83804448499228	83804459991936	83804448346416
83804450713864	83804468318082	83804450607405
83804561636051	83804576574541	83804561499488
83804570675686	83804584903186	83804570613395
83804678775947	83804693183134	83804678655374
83804690628395	83804701513029	83804690478238

=== poll 1790328321.071077562
8333333
83799632646834	83799654903396	83799632604647
83799732763657	83799746491729	83799732655688
83799745595532	83799763150062	83799745506782
83799748858969	83799771479073	83799748814282
83799860353969	83799871414386	83799860230688
83799862155949	83799879742094	83799862080063
83799865706001	83799888070167	83799865656053
83799960708813	83799979688396	83799960600324
83799975671990	83799988017614	83799975603761
83800075951730	83800087966104	83800075832511
83800082271313	83800096294073	83800082149386
83800193170376	83800204550479	83800193030480
83800195021261	83800212878552	83800194964542
83800297928396	83800312806260	83800297703761
83800300453605	83800321133187	83800300402251
83800307045115	83800329459802	83800306988709
83800408657042	83800421055115	83800408495271
83800410811469	83800429383917	83800410758709
83800432474803	83800446041937	83800432363969
83800524242303	83800537655114	83800524130532
83800535494230	83800554309907	83800535414594
83800540205584	83800562638969	83800540163136
83800641590375	83800654260635	83800641465792
83800649030480	83800662591260	83800648967927
83800765305219	83800779205011	83800765201105
83800774214646	83800787532822	83800774080480
83800880891261	83800895784854	83800880779334
83800988209282	83801004041885	83800988084907
83801101005219	83801112295896	83801100881469
83801104295948	83801120622719	83801104204698
83801216875167	83801228846260	83801216692042
83801223663604	83801237171156	83801223563865
83801298364177	83801312100114	83801298262667
83801308269333	83801320429490	83801308206729
83801323595063	83801337083917	83801323494906
83801408519490	83801420352562	83801408396625
83801418569177	83801437005322	83801418501052
83801431514594	83801445332250	83801431456261
83801525874177	83801536927406	83801525738396
83801533390531	83801545256625	83801533300375
83801539389854	83801553585687	83801539342198
83801646649542	83801661858239	83801646510063
83801648515688	83801670186885	83801648465896
83801768358917	83801786776728	83801768175219
83801772185219	83801795105166	83801771630219
83801874498083	83801886715218	83801874368344
83801881545167	83801895043656	83801881480531
83801998720583	83802011639333	83801998558917
83802000727146	83802019967771	83802000646364
83802122729646	83802136577406	83802122583656
83802132876156	83802144906624	83802132796417
83802229928604	83802244843760	83802229756677
83802232077094	83802253171520	83802232016469
83802341584489	83802353117562	83802341453656
83802343446989	83802361448447	83802343407719
83802440615896	83802453061676	83802440471156
83802442320583	83802461389280	83802442269854
83802546393135	83802561335062	83802546258604
83802558957562	83802569665062	83802558865635
83802563745843	83802577993916	83802563700739
83802666085010	83802677934124	83802665942041
83802668124593	83802686264437	83802668061729
83802680586364	83802694593916	83802680499073
83802779550583	83802794541000	83802779422666
83802781535479	83802802871728	83802781491520
83802896501260	83802911132197	83802896332041
83802898445843	83802919457666	83802898382250
83803014200687	83803027707353	83803014034906
83803120621156	83803135957509	83803120495947
83803123365479	83803144285530	83803123288916
83803216189020	83803227580583	83803216050895
83803223583343	83803235911728	83803223496989
83803230145583	83803244241728	83803230101260
83803339313343	83803352513186	83803339198604
83803454218239	83803469115686	83803454102406
83803456500270	83803477441676	83803456421051
83803557082301	83803569038343	83803556949020
83803564608499	83803577366155	83803564537197
83803679270114	83803693939748	83803679132822
83803681819593	83803702265894	83803681750426
83803748510166	83803760548602	83803748418239
83803750703655	83803768875999	83803750659072
83803756274333	83803777203030	83803756223291
83803763715426	83803785530218	83803763664333
83803780877874	83803793858655	83803780821572
83803821872718	83803835496624	83803821771937
83803855027666	83803868808186	83803854937353
83803880080791	83803893791832	83803879986103
83803990746260	83804002024488	83803990600843
83803992681832	83804010352874	83803992614385
83804105000270	83804118607562	83804104731989
83804106807874	83804126934123	83804106768343
83804233552093	83804251827822	83804233333395
83804341147353	83804360073863	83804340978916
83804346959645	83804368400061	83804346892926
83804448499228	83804459991936	83804448346416
83804450713864	83804468318082	83804450607405
83804561636051	83804576574541	83804561499488
83804570675686	83804584903186	83804570613395
83804678775947	83804693183134	83804678655374
83804690628395	83804701513029	83804690478238
83804790121676	83804801418551	83804789996936
83804791988603	83804809746363	83804791903082
83804902687197	83804917977405	83804902560530
83804904492301	83804926300842	83804904453082
83805019421311	83805034534800	83805019290478
83805137995270	83805151117977	83805137842717
83805237320738	83805251032456	83805237140113
83805239020165	83805259361155	83805238983551
83805361976676	83805375915894	83805361783551
83805477225842	83805492482873	83805477121832
83805586395946	83805600725321	83805586215269
83805701786519	83805717278811	83805701640634
83805819525946	83805833836883	83805819343290
83805926443603	83805942104487	83805926333707
83806045167665	83806058671415	83806044889019
83806163232405	83806175236311	83806163028186
83806268988082	83806283459019	83806268851936
83806270774852	83806291784435	83806270726363
83806385857665	83806400007352	83806385653967
83806502341363	83806516569175	83806502199123
83806618554227	83806633119383	83806618404540
83806729411779	83806741343758	83806729247613
83806731780373	83806749669435	83806731684279
83806836132196	83806849582508	83806835980477
83806837826727	83806857910946	83806837783186
83806959441050	83806974460685	83806959299748

=== poll 1790328323.381725947
8333333
83801525874177	83801536927406	83801525738396
83801533390531	83801545256625	83801533300375
83801539389854	83801553585687	83801539342198
83801646649542	83801661858239	83801646510063
83801648515688	83801670186885	83801648465896
83801768358917	83801786776728	83801768175219
83801772185219	83801795105166	83801771630219
83801874498083	83801886715218	83801874368344
83801881545167	83801895043656	83801881480531
83801998720583	83802011639333	83801998558917
83802000727146	83802019967771	83802000646364
83802122729646	83802136577406	83802122583656
83802132876156	83802144906624	83802132796417
83802229928604	83802244843760	83802229756677
83802232077094	83802253171520	83802232016469
83802341584489	83802353117562	83802341453656
83802343446989	83802361448447	83802343407719
83802440615896	83802453061676	83802440471156
83802442320583	83802461389280	83802442269854
83802546393135	83802561335062	83802546258604
83802558957562	83802569665062	83802558865635
83802563745843	83802577993916	83802563700739
83802666085010	83802677934124	83802665942041
83802668124593	83802686264437	83802668061729
83802680586364	83802694593916	83802680499073
83802779550583	83802794541000	83802779422666
83802781535479	83802802871728	83802781491520
83802896501260	83802911132197	83802896332041
83802898445843	83802919457666	83802898382250
83803014200687	83803027707353	83803014034906
83803120621156	83803135957509	83803120495947
83803123365479	83803144285530	83803123288916
83803216189020	83803227580583	83803216050895
83803223583343	83803235911728	83803223496989
83803230145583	83803244241728	83803230101260
83803339313343	83803352513186	83803339198604
83803454218239	83803469115686	83803454102406
83803456500270	83803477441676	83803456421051
83803557082301	83803569038343	83803556949020
83803564608499	83803577366155	83803564537197
83803679270114	83803693939748	83803679132822
83803681819593	83803702265894	83803681750426
83803748510166	83803760548602	83803748418239
83803750703655	83803768875999	83803750659072
83803756274333	83803777203030	83803756223291
83803763715426	83803785530218	83803763664333
83803780877874	83803793858655	83803780821572
83803821872718	83803835496624	83803821771937
83803855027666	83803868808186	83803854937353
83803880080791	83803893791832	83803879986103
83803990746260	83804002024488	83803990600843
83803992681832	83804010352874	83803992614385
83804105000270	83804118607562	83804104731989
83804106807874	83804126934123	83804106768343
83804233552093	83804251827822	83804233333395
83804341147353	83804360073863	83804340978916
83804346959645	83804368400061	83804346892926
83804448499228	83804459991936	83804448346416
83804450713864	83804468318082	83804450607405
83804561636051	83804576574541	83804561499488
83804570675686	83804584903186	83804570613395
83804678775947	83804693183134	83804678655374
83804690628395	83804701513029	83804690478238
83804790121676	83804801418551	83804789996936
83804791988603	83804809746363	83804791903082
83804902687197	83804917977405	83804902560530
83804904492301	83804926300842	83804904453082
83805019421311	83805034534800	83805019290478
83805137995270	83805151117977	83805137842717
83805237320738	83805251032456	83805237140113
83805239020165	83805259361155	83805238983551
83805361976676	83805375915894	83805361783551
83805477225842	83805492482873	83805477121832
83805586395946	83805600725321	83805586215269
83805701786519	83805717278811	83805701640634
83805819525946	83805833836883	83805819343290
83805926443603	83805942104487	83805926333707
83806045167665	83806058671415	83806044889019
83806163232405	83806175236311	83806163028186
83806268988082	83806283459019	83806268851936
83806270774852	83806291784435	83806270726363
83806385857665	83806400007352	83806385653967
83806502341363	83806516569175	83806502199123
83806618554227	83806633119383	83806618404540
83806729411779	83806741343758	83806729247613
83806731780373	83806749669435	83806731684279
83806836132196	83806849582508	83806835980477
83806837826727	83806857910946	83806837783186
83806959441050	83806974460685	83806959299748
83807075073029	83807091034540	83807074959175
83807193261831	83807207594643	83807193105008
83807302321102	83807315823497	83807302139123
83807410171779	83807424061258	83807409949956
83807524788498	83807540619695	83807524676883
83807633963602	83807648857925	83807633793810
83807735102352	83807748767977	83807734949956
83807737053550	83807757095216	83807736998758
83807860254331	83807873675685	83807860115946
83807967493498	83807981941518	83807967393446
83807976731935	83807990271466	83807976651623
83808085149435	83808106874695	83808084954643
83808190883602	83808206816830	83808190773550
83808192912560	83808215144539	83808192846518
83808310882039	83808323406518	83808310685060
83808411358393	83808423333340	83808411246675
83808417499852	83808431659643	83808417440060
83808534220685	83808548229955	83808534088862
83808650034904	83808664803601	83808649841987
83808766328029	83808781397559	83808766180633
83808768576570	83808789729486	83808768530320
83808874760737	83808889667039	83808874650737
83809000421258	83809014568445	83809000279695
83809102196778	83809114504018	83809102091726
83809104195633	83809122832716	83809104066778
83809110965841	83809131160684	83809110867976
83809117358601	83809139487143	83809117300112
83809126264539	83809147816101	83809126208653
83809135886414	83809156145007	83809135837768
83809161596101	83809172801153	83809161504383
83809171452560	83809189455528	83809171377091
83809185990164	83809197783028	83809185915945
83809226549278	83809239427403	83809226462039
83809246544018	83809264412194	83809246464695
83809261453653	83809272740372	83809261370320
83809291617299	83809306054017	83809286133445
83809324982820	83809339367090	83809301245476
83809358301414	9223372036854775807	83809327395112

=== poll 1790328325.726284488
8333333
83803992681832	83804010352874	83803992614385
83804105000270	83804118607562	83804104731989
83804106807874	83804126934123	83804106768343
83804233552093	83804251827822	83804233333395
83804341147353	83804360073863	83804340978916
83804346959645	83804368400061	83804346892926
83804448499228	83804459991936	83804448346416
83804450713864	83804468318082	83804450607405
83804561636051	83804576574541	83804561499488
83804570675686	83804584903186	83804570613395
83804678775947	83804693183134	83804678655374
83804690628395	83804701513029	83804690478238
83804790121676	83804801418551	83804789996936
83804791988603	83804809746363	83804791903082
83804902687197	83804917977405	83804902560530
83804904492301	83804926300842	83804904453082
83805019421311	83805034534800	83805019290478
83805137995270	83805151117977	83805137842717
83805237320738	83805251032456	83805237140113
83805239020165	83805259361155	83805238983551
83805361976676	83805375915894	83805361783551
83805477225842	83805492482873	83805477121832
83805586395946	83805600725321	83805586215269
83805701786519	83805717278811	83805701640634
83805819525946	83805833836883	83805819343290
83805926443603	83805942104487	83805926333707
83806045167665	83806058671415	83806044889019
83806163232405	83806175236311	83806163028186
83806268988082	83806283459019	83806268851936
83806270774852	83806291784435	83806270726363
83806385857665	83806400007352	83806385653967
83806502341363	83806516569175	83806502199123
83806618554227	83806633119383	83806618404540
83806729411779	83806741343758	83806729247613
83806731780373	83806749669435	83806731684279
83806836132196	83806849582508	83806835980477
83806837826727	83806857910946	83806837783186
83806959441050	83806974460685	83806959299748
83807075073029	83807091034540	83807074959175
83807193261831	83807207594643	83807193105008
83807302321102	83807315823497	83807302139123
83807410171779	83807424061258	83807409949956
83807524788498	83807540619695	83807524676883
83807633963602	83807648857925	83807633793810
83807735102352	83807748767977	83807734949956
83807737053550	83807757095216	83807736998758
83807860254331	83807873675685	83807860115946
83807967493498	83807981941518	83807967393446
83807976731935	83807990271466	83807976651623
83808085149435	83808106874695	83808084954643
83808190883602	83808206816830	83808190773550
83808192912560	83808215144539	83808192846518
83808310882039	83808323406518	83808310685060
83808411358393	83808423333340	83808411246675
83808417499852	83808431659643	83808417440060
83808534220685	83808548229955	83808534088862
83808650034904	83808664803601	83808649841987
83808766328029	83808781397559	83808766180633
83808768576570	83808789729486	83808768530320
83808874760737	83808889667039	83808874650737
83809000421258	83809014568445	83809000279695
83809102196778	83809114504018	83809102091726
83809104195633	83809122832716	83809104066778
83809110965841	83809131160684	83809110867976
83809117358601	83809139487143	83809117300112
83809126264539	83809147816101	83809126208653
83809135886414	83809156145007	83809135837768
83809161596101	83809172801153	83809161504383
83809171452560	83809189455528	83809171377091
83809185990164	83809197783028	83809185915945
83809226549278	83809239427403	83809226462039
83809246544018	83809264412194	83809246464695
83809261453653	83809272740372	83809261370320
83809291617299	83809306054017	83809286133445
83809324982820	83809339367090	83809301245476
83809358301414	83809372684903	83809327395112
83809391654747	83809405992976	83809360534018
83809424882560	83809439308184	83809393953601
83809458200789	83809472623184	83809427184695
83809491514799	83809505935840	83809460421778
83809524833601	83809539242559	83809494499174
83809558182195	83809572551309	83809526924174
83809591512716	83809605857715	83809560373497
83809624773184	83809639176621	83809594027612
83809658108705	83809672490632	83809638723809
83809691477351	83809705809069	83809660640320
83809724705997	83809739124069	83809696296362
83809757994903	83809772430632	83809753655216
83809791414591	83809805737611	83809777412403
83809824791518	83809839045059	83809794833861
83809862387143	83809880677038	83809862285111
83809899638341	83809913984694	83809892131205
83809976018028	83809988924746	83809975890893
83810008521101	83810022232819	83810008437195
83810100713913	83810113827090	83810100595268
83810132815580	83810147139382	83810125783445
83810135275216	83810155469381	83810135212403
83810201991726	83810213764955	83810201859122
83810233619434	83810247090736	83810233512455
83810308521205	83810322050372	83810308424018
83810340973132	83810355365163	83810334111361
83810343121986	83810363694954	83810343077559
83810436259538	83810455310371	83810436145632
83810482561517	83810496951413	83810457929434
83810545900215	83810563580371	83810545797038
83810599172820	83810613552767	83810575135580
83810654713653	83810671847923	83810654607299
83810707447715	83810721818600	83810683947924
83810757392194	83810771772351	83810711077819
83810807354955	83810821731986	83810769826309
83810857408340	83810871692037	83810810248028
83810907266205	83810921660683	83810888041153
83810957313340	83810971631309	83810924591413
83811007174590	83811021590840	83811003760892
83811057219642	83811071548496	83811041119017
83811158601257	83811171483027	83811158469903
83811207126986	83811221436778	83811160333965
83811257062819	83811271387975	83811209123861
83811307199173	83811321354277	83811261781882
83811356976934	83811371320527	83811310312351
83811407076934	83811421274590	83811370341517
83811456873548	83811471228444	83811412497403
83811506860059	83811521190788	83811493785684
83811556778184	83811571158027	83811511428757
83811595107819	83811612794537	83811595024330
83811615621257	83811629451517	83811615550163
83811716915371	9223372036854775807	83811716814850

=== poll 1790328328.053427820
8333333
83807633963602	83807648857925	83807633793810
83807735102352	83807748767977	83807734949956
83807737053550	83807757095216	83807736998758
83807860254331	83807873675685	83807860115946
83807967493498	83807981941518	83807967393446
83807976731935	83807990271466	83807976651623
83808085149435	83808106874695	83808084954643
83808190883602	83808206816830	83808190773550
83808192912560	83808215144539	83808192846518
83808310882039	83808323406518	83808310685060
83808411358393	83808423333340	83808411246675
83808417499852	83808431659643	83808417440060
83808534220685	83808548229955	83808534088862
83808650034904	83808664803601	83808649841987
83808766328029	83808781397559	83808766180633
83808768576570	83808789729486	83808768530320
83808874760737	83808889667039	83808874650737
83809000421258	83809014568445	83809000279695
83809102196778	83809114504018	83809102091726
83809104195633	83809122832716	83809104066778
83809110965841	83809131160684	83809110867976
83809117358601	83809139487143	83809117300112
83809126264539	83809147816101	83809126208653
83809135886414	83809156145007	83809135837768
83809161596101	83809172801153	83809161504383
83809171452560	83809189455528	83809171377091
83809185990164	83809197783028	83809185915945
83809226549278	83809239427403	83809226462039
83809246544018	83809264412194	83809246464695
83809261453653	83809272740372	83809261370320
83809291617299	83809306054017	83809286133445
83809324982820	83809339367090	83809301245476
83809358301414	83809372684903	83809327395112
83809391654747	83809405992976	83809360534018
83809424882560	83809439308184	83809393953601
83809458200789	83809472623184	83809427184695
83809491514799	83809505935840	83809460421778
83809524833601	83809539242559	83809494499174
83809558182195	83809572551309	83809526924174
83809591512716	83809605857715	83809560373497
83809624773184	83809639176621	83809594027612
83809658108705	83809672490632	83809638723809
83809691477351	83809705809069	83809660640320
83809724705997	83809739124069	83809696296362
83809757994903	83809772430632	83809753655216
83809791414591	83809805737611	83809777412403
83809824791518	83809839045059	83809794833861
83809862387143	83809880677038	83809862285111
83809899638341	83809913984694	83809892131205
83809976018028	83809988924746	83809975890893
83810008521101	83810022232819	83810008437195
83810100713913	83810113827090	83810100595268
83810132815580	83810147139382	83810125783445
83810135275216	83810155469381	83810135212403
83810201991726	83810213764955	83810201859122
83810233619434	83810247090736	83810233512455
83810308521205	83810322050372	83810308424018
83810340973132	83810355365163	83810334111361
83810343121986	83810363694954	83810343077559
83810436259538	83810455310371	83810436145632
83810482561517	83810496951413	83810457929434
83810545900215	83810563580371	83810545797038
83810599172820	83810613552767	83810575135580
83810654713653	83810671847923	83810654607299
83810707447715	83810721818600	83810683947924
83810757392194	83810771772351	83810711077819
83810807354955	83810821731986	83810769826309
83810857408340	83810871692037	83810810248028
83810907266205	83810921660683	83810888041153
83810957313340	83810971631309	83810924591413
83811007174590	83811021590840	83811003760892
83811057219642	83811071548496	83811041119017
83811158601257	83811171483027	83811158469903
83811207126986	83811221436778	83811160333965
83811257062819	83811271387975	83811209123861
83811307199173	83811321354277	83811261781882
83811356976934	83811371320527	83811310312351
83811407076934	83811421274590	83811370341517
83811456873548	83811471228444	83811412497403
83811506860059	83811521190788	83811493785684
83811556778184	83811571158027	83811511428757
83811595107819	83811612794537	83811595024330
83811615621257	83811629451517	83811615550163
83811716915371	83811729393183	83811716814850
83811732023861	83811746047923	83811731924746
83811834558600	83811845982454	83811834447975
83811841826986	83811854314850	83811841745788
83811848621934	83811862646621	83811848557298
83811974872454	83811987579589	83811974736986
83811976712142	83811995910163	83811976607246
83812076760736	83812087528600	83812076636309
83812078530684	83812095858235	83812078471100
83812199452558	83812212453183	83812199320111
83812201876256	83812220784121	83812201751308
83812300019642	83812312408183	83812299890163
83812301902923	83812320738443	83812301853965
83812423041725	83812437353860	83812422924433
83812431839225	83812445683495	83812431788965
83812531590840	83812545645735	83812531463704
83812533492194	83812553977506	83812533414173
83812539830527	83812562309433	83812539774798
83812648823652	83812662266620	83812648686985
83812651146204	83812670596360	83812651068704
83812764786517	83812778876151	83812764660579
83812767111933	83812787205579	83812767038131
83812872465787	83812887160005	83812872298808
83812990215527	83813003739537	83812990057662
83812992721933	83813012068391	83812992621725
83812998834173	83813020396672	83812998745683
83813099779485	83813112004641	83813099652506
83813106436777	83813120332818	83813106364173
83813197258131	83813211950943	83813197124798
83813199120319	83813220281256	83813199085527
83813206200839	83813228610318	83813206149433
83813305390996	83813320219224	83813305268652
83813307277193	83813328545734	83813307218339
83813323057350	83813336873026	83813322992454
83813430275371	83813445122350	83813430162558
83813534490527	83813553396151	83813534362454
83813541157402	83813561726568	83813541100787
83813547644381	83813570056932	83813547598808
83813654797975	83813670008235	83813654680058
83813766109225	83813778294328	83813765993027
83813773479693	83813786626984	83813773422766
83813880437245	83813894930942	83813880253235
83813882314068	83813903261464	83813882274850
83813996274120	83814011539797	83813996129693

=== poll 1790328330.378832767
8333333
83809624773184	83809639176621	83809594027612
83809658108705	83809672490632	83809638723809
83809691477351	83809705809069	83809660640320
83809724705997	83809739124069	83809696296362
83809757994903	83809772430632	83809753655216
83809791414591	83809805737611	83809777412403
83809824791518	83809839045059	83809794833861
83809862387143	83809880677038	83809862285111
83809899638341	83809913984694	83809892131205
83809976018028	83809988924746	83809975890893
83810008521101	83810022232819	83810008437195
83810100713913	83810113827090	83810100595268
83810132815580	83810147139382	83810125783445
83810135275216	83810155469381	83810135212403
83810201991726	83810213764955	83810201859122
83810233619434	83810247090736	83810233512455
83810308521205	83810322050372	83810308424018
83810340973132	83810355365163	83810334111361
83810343121986	83810363694954	83810343077559
83810436259538	83810455310371	83810436145632
83810482561517	83810496951413	83810457929434
83810545900215	83810563580371	83810545797038
83810599172820	83810613552767	83810575135580
83810654713653	83810671847923	83810654607299
83810707447715	83810721818600	83810683947924
83810757392194	83810771772351	83810711077819
83810807354955	83810821731986	83810769826309
83810857408340	83810871692037	83810810248028
83810907266205	83810921660683	83810888041153
83810957313340	83810971631309	83810924591413
83811007174590	83811021590840	83811003760892
83811057219642	83811071548496	83811041119017
83811158601257	83811171483027	83811158469903
83811207126986	83811221436778	83811160333965
83811257062819	83811271387975	83811209123861
83811307199173	83811321354277	83811261781882
83811356976934	83811371320527	83811310312351
83811407076934	83811421274590	83811370341517
83811456873548	83811471228444	83811412497403
83811506860059	83811521190788	83811493785684
83811556778184	83811571158027	83811511428757
83811595107819	83811612794537	83811595024330
83811615621257	83811629451517	83811615550163
83811716915371	83811729393183	83811716814850
83811732023861	83811746047923	83811731924746
83811834558600	83811845982454	83811834447975
83811841826986	83811854314850	83811841745788
83811848621934	83811862646621	83811848557298
83811974872454	83811987579589	83811974736986
83811976712142	83811995910163	83811976607246
83812076760736	83812087528600	83812076636309
83812078530684	83812095858235	83812078471100
83812199452558	83812212453183	83812199320111
83812201876256	83812220784121	83812201751308
83812300019642	83812312408183	83812299890163
83812301902923	83812320738443	83812301853965
83812423041725	83812437353860	83812422924433
83812431839225	83812445683495	83812431788965
83812531590840	83812545645735	83812531463704
83812533492194	83812553977506	83812533414173
83812539830527	83812562309433	83812539774798
83812648823652	83812662266620	83812648686985
83812651146204	83812670596360	83812651068704
83812764786517	83812778876151	83812764660579
83812767111933	83812787205579	83812767038131
83812872465787	83812887160005	83812872298808
83812990215527	83813003739537	83812990057662
83812992721933	83813012068391	83812992621725
83812998834173	83813020396672	83812998745683
83813099779485	83813112004641	83813099652506
83813106436777	83813120332818	83813106364173
83813197258131	83813211950943	83813197124798
83813199120319	83813220281256	83813199085527
83813206200839	83813228610318	83813206149433
83813305390996	83813320219224	83813305268652
83813307277193	83813328545734	83813307218339
83813323057350	83813336873026	83813322992454
83813430275371	83813445122350	83813430162558
83813534490527	83813553396151	83813534362454
83813541157402	83813561726568	83813541100787
83813547644381	83813570056932	83813547598808
83813654797975	83813670008235	83813654680058
83813766109225	83813778294328	83813765993027
83813773479693	83813786626984	83813773422766
83813880437245	83813894930942	83813880253235
83813882314068	83813903261464	83813882274850
83813996274120	83814011539797	83813996129693
83814096828652	83814111479224	83814096648027
83814196684693	83814211408390	83814196565214
83814205635735	83814219737036	83814205566776
83814322283391	83814336290526	83814322140891
83814420651360	83814436205422	83814420523599
83814424238131	83814444532766	83814424143808
83814430386933	83814452860057	83814430341933
83814530448547	83814544435578	83814530313599
83814532462297	83814552760578	83814532414433
83814539349901	83814561085109	83814539294276
83814654886776	83814669318860	83814654777401
83814772719537	83814785879328	83814772579433
83814864518235	83814877474068	83814864421985
83814871976203	83814885798755	83814871909016
83814981772505	83814994029327	83814981634745
83814989156880	83815002356776	83814989088912
83815089418703	83815102291151	83815089277037
83815096547922	83815110621619	83815096480891
83815216497193	83815235564431	83815216347922
83815218466620	83815243894745	83815218397141
83815301404276	83815318861359	83815301282141
83815321795266	83815335521775	83815321703182
83815429028026	83815443809796	83815428883495
83815439172870	83815452137921	83815439088078
83815537918963	83815552076983	83815537805578
83815540067974	83815560404380	83815540025318
83815547948026	83815568730681	83815547901880
83815656297870	83815668656515	83815656176932
83815663794745	83815676984379	83815663723703
83815779070578	83815793591151	83815778940265
83815780884849	83815801921879	83815780837036
83815881395318	83815893553546	83815881262609
83815888297193	83815901882453	83815888231099
83816003441255	83816018499119	83816003319328
83816005193651	83816026826359	83816005160109
83816098599745	83816110108130	83816098426255
83816145686984	83816160078390	83816105245265
83816199842713	83816218373181	83816199737349
83816253989484	83816268332296	83816214123234
83816303930786	83816318296827	83816257323494

=== poll 1790328332.718385058
8333333
83811841826986	83811854314850	83811841745788
83811848621934	83811862646621	83811848557298
83811974872454	83811987579589	83811974736986
83811976712142	83811995910163	83811976607246
83812076760736	83812087528600	83812076636309
83812078530684	83812095858235	83812078471100
83812199452558	83812212453183	83812199320111
83812201876256	83812220784121	83812201751308
83812300019642	83812312408183	83812299890163
83812301902923	83812320738443	83812301853965
83812423041725	83812437353860	83812422924433
83812431839225	83812445683495	83812431788965
83812531590840	83812545645735	83812531463704
83812533492194	83812553977506	83812533414173
83812539830527	83812562309433	83812539774798
83812648823652	83812662266620	83812648686985
83812651146204	83812670596360	83812651068704
83812764786517	83812778876151	83812764660579
83812767111933	83812787205579	83812767038131
83812872465787	83812887160005	83812872298808
83812990215527	83813003739537	83812990057662
83812992721933	83813012068391	83812992621725
83812998834173	83813020396672	83812998745683
83813099779485	83813112004641	83813099652506
83813106436777	83813120332818	83813106364173
83813197258131	83813211950943	83813197124798
83813199120319	83813220281256	83813199085527
83813206200839	83813228610318	83813206149433
83813305390996	83813320219224	83813305268652
83813307277193	83813328545734	83813307218339
83813323057350	83813336873026	83813322992454
83813430275371	83813445122350	83813430162558
83813534490527	83813553396151	83813534362454
83813541157402	83813561726568	83813541100787
83813547644381	83813570056932	83813547598808
83813654797975	83813670008235	83813654680058
83813766109225	83813778294328	83813765993027
83813773479693	83813786626984	83813773422766
83813880437245	83813894930942	83813880253235
83813882314068	83813903261464	83813882274850
83813996274120	83814011539797	83813996129693
83814096828652	83814111479224	83814096648027
83814196684693	83814211408390	83814196565214
83814205635735	83814219737036	83814205566776
83814322283391	83814336290526	83814322140891
83814420651360	83814436205422	83814420523599
83814424238131	83814444532766	83814424143808
83814430386933	83814452860057	83814430341933
83814530448547	83814544435578	83814530313599
83814532462297	83814552760578	83814532414433
83814539349901	83814561085109	83814539294276
83814654886776	83814669318860	83814654777401
83814772719537	83814785879328	83814772579433
83814864518235	83814877474068	83814864421985
83814871976203	83814885798755	83814871909016
83814981772505	83814994029327	83814981634745
83814989156880	83815002356776	83814989088912
83815089418703	83815102291151	83815089277037
83815096547922	83815110621619	83815096480891
83815216497193	83815235564431	83815216347922
83815218466620	83815243894745	83815218397141
83815301404276	83815318861359	83815301282141
83815321795266	83815335521775	83815321703182
83815429028026	83815443809796	83815428883495
83815439172870	83815452137921	83815439088078
83815537918963	83815552076983	83815537805578
83815540067974	83815560404380	83815540025318
83815547948026	83815568730681	83815547901880
83815656297870	83815668656515	83815656176932
83815663794745	83815676984379	83815663723703
83815779070578	83815793591151	83815778940265
83815780884849	83815801921879	83815780837036
83815881395318	83815893553546	83815881262609
83815888297193	83815901882453	83815888231099
83816003441255	83816018499119	83816003319328
83816005193651	83816026826359	83816005160109
83816098599745	83816110108130	83816098426255
83816145686984	83816160078390	83816105245265
83816199842713	83816218373181	83816199737349
83816253989484	83816268332296	83816214123234
83816303930786	83816318296827	83816257323494
83816353905057	83816368266358	83816315246463
83816404026828	83816418234223	83816356107713
83816453822349	83816468207088	83816438296463
83816503945474	83816518175474	83816456393078
83816554953182	83816568139588	83816554839796
83816661871880	83816676384484	83816661728963
83816663811671	83816684713390	83816663756255
83816670671619	83816693043285	83816670621463
83816764601046	83816776338807	83816764483026
83816779612192	83816792999119	83816779516880
83816872316411	83816884633598	83816872172036
83816882108390	83816892963181	83816882012088
83816887259067	83816901292452	83816887209796
83816989157817	83817001255160	83816989050369
83817003953650	83817017914848	83817003882452
83817112756359	83817126197035	83817112587036
83817114628911	83817134526775	83817114555161
83817120258807	83817142857139	83817120204952
83817237462192	83817251141462	83817237264327
83817336042400	83817351063598	83817335916307
83817337951879	83817359391827	83817337901150
83817345305265	83817367720160	83817345261463
83817447232817	83817459315004	83817447115577
83817454113806	83817467640577	83817454061775
83817571351567	83817584226775	83817571030942
83817574139275	83817592554223	83817573877973
83817669025004	83817684174119	83817668909744
83817670907869	83817692504535	83817670855473
83817687266671	83817700833702	83817687206983
83817804765890	83817817431462	83817804503077
83817903334431	83817917368701	83817903193285
83817912627921	83817925696306	83817912541306
83818019249223	83818033968546	83818019122765
83818028271775	83818042297660	83818028199119
83818143831567	83818158890785	83818143688754
83818145656150	83818167219587	83818145620525
83818253974483	83818267179379	83818253815577
83818262127087	83818275508910	83818262065577
83818360695369	83818375450889	83818360563077
83818362439796	83818383779691	83818362391775
83818481734327	83818500383649	83818481570681
83818484406150	83818508712556	83818484308077
83818588783598	83818600333805	83818588633702
83818596544014	83818608663494	83818596447921
83818697304223	9223372036854775807	83818697181254
83818700526827	9223372036854775807	83818700413181

=== poll 1790328335.046153599
8333333
83814420651360	83814436205422	83814420523599
83814424238131	83814444532766	83814424143808
83814430386933	83814452860057	83814430341933
83814530448547	83814544435578	83814530313599
83814532462297	83814552760578	83814532414433
83814539349901	83814561085109	83814539294276
83814654886776	83814669318860	83814654777401
83814772719537	83814785879328	83814772579433
83814864518235	83814877474068	83814864421985
83814871976203	83814885798755	83814871909016
83814981772505	83814994029327	83814981634745
83814989156880	83815002356776	83814989088912
83815089418703	83815102291151	83815089277037
83815096547922	83815110621619	83815096480891
83815216497193	83815235564431	83815216347922
83815218466620	83815243894745	83815218397141
83815301404276	83815318861359	83815301282141
83815321795266	83815335521775	83815321703182
83815429028026	83815443809796	83815428883495
83815439172870	83815452137921	83815439088078
83815537918963	83815552076983	83815537805578
83815540067974	83815560404380	83815540025318
83815547948026	83815568730681	83815547901880
83815656297870	83815668656515	83815656176932
83815663794745	83815676984379	83815663723703
83815779070578	83815793591151	83815778940265
83815780884849	83815801921879	83815780837036
83815881395318	83815893553546	83815881262609
83815888297193	83815901882453	83815888231099
83816003441255	83816018499119	83816003319328
83816005193651	83816026826359	83816005160109
83816098599745	83816110108130	83816098426255
83816145686984	83816160078390	83816105245265
83816199842713	83816218373181	83816199737349
83816253989484	83816268332296	83816214123234
83816303930786	83816318296827	83816257323494
83816353905057	83816368266358	83816315246463
83816404026828	83816418234223	83816356107713
83816453822349	83816468207088	83816438296463
83816503945474	83816518175474	83816456393078
83816554953182	83816568139588	83816554839796
83816661871880	83816676384484	83816661728963
83816663811671	83816684713390	83816663756255
83816670671619	83816693043285	83816670621463
83816764601046	83816776338807	83816764483026
83816779612192	83816792999119	83816779516880
83816872316411	83816884633598	83816872172036
83816882108390	83816892963181	83816882012088
83816887259067	83816901292452	83816887209796
83816989157817	83817001255160	83816989050369
83817003953650	83817017914848	83817003882452
83817112756359	83817126197035	83817112587036
83817114628911	83817134526775	83817114555161
83817120258807	83817142857139	83817120204952
83817237462192	83817251141462	83817237264327
83817336042400	83817351063598	83817335916307
83817337951879	83817359391827	83817337901150
83817345305265	83817367720160	83817345261463
83817447232817	83817459315004	83817447115577
83817454113806	83817467640577	83817454061775
83817571351567	83817584226775	83817571030942
83817574139275	83817592554223	83817573877973
83817669025004	83817684174119	83817668909744
83817670907869	83817692504535	83817670855473
83817687266671	83817700833702	83817687206983
83817804765890	83817817431462	83817804503077
83817903334431	83817917368701	83817903193285
83817912627921	83817925696306	83817912541306
83818019249223	83818033968546	83818019122765
83818028271775	83818042297660	83818028199119
83818143831567	83818158890785	83818143688754
83818145656150	83818167219587	83818145620525
83818253974483	83818267179379	83818253815577
83818262127087	83818275508910	83818262065577
83818360695369	83818375450889	83818360563077
83818362439796	83818383779691	83818362391775
83818481734327	83818500383649	83818481570681
83818484406150	83818508712556	83818484308077
83818588783598	83818600333805	83818588633702
83818596544014	83818608663494	83818596447921
83818697304223	83818708609951	83818697181254
83818700526827	83818716938805	83818700413181
83818711206619	83818725268858	83818711144119
83818813432921	83818825217504	83818813307764
83818815302348	83818833546931	83818815253962
83818828124587	83818841877035	83818828053962
83818936227973	83818950161461	83818935949796
83819035256723	83819050120628	83819035135577
83819085912660	83819100108649	83819037177920
83819135652191	83819150078805	83819089745889
83819185796306	83819200057242	83819157256045
83819235602764	83819250043388	83819191950993
83819285563545	83819300020889	83819270953650
83819335592295	83819349994534	83819288120941
83819385513181	83819399982451	83819382320577
83819435542920	83819449977660	83819394321775
83819495400889	83819508310576	83819495298024
83819543862556	83819558306982	83819503854639
83819546413962	83819566639638	83819546344222
83819621232191	83819633302660	83819621125160
83819627852868	83819641635888	83819627784639
83819740326514	83819758297503	83819740168441
83819742036879	83819766630471	83819741990108
83819828576201	83819841626983	83819828472087
83819838129483	83819849960836	83819838027451
83819844101097	83819858295472	83819844053597
83819961966306	83819974956097	83819961817035
83819969409691	83819983288961	83819969333858
83820079873180	83820091592711	83820079729639
83820085931201	83820099923024	83820085853962
83820187794899	83820199885680	83820187611149
83820195994847	83820208217919	83820195911670
83820202569691	83820216550680	83820202502764
83820311820941	83820324868805	83820311705576
83820313773857	83820333200940	83820313717399
83820327533285	83820341532607	83820327477399
83820436634326	83820449844222	83820436491462
83820438332660	83820458174170	83820438280003
83820536760784	83820549821409	83820536607659
83820538591566	83820558152972	83820538545159
83820668631930	83820683120471	83820668484482
83820761477451	83820774777763	83820761338493
83820877122034	83820891425419	83820876967555
83820878916566	83820899758752	83820878844222
83820886658857	83820908090003	83820886604534
83820994955576	83821008084170	83820994795732
83820997832711	83821016415888	83820997729482

=== poll 1790328337.381171671
8333333
83817114628911	83817134526775	83817114555161
83817120258807	83817142857139	83817120204952
83817237462192	83817251141462	83817237264327
83817336042400	83817351063598	83817335916307
83817337951879	83817359391827	83817337901150
83817345305265	83817367720160	83817345261463
83817447232817	83817459315004	83817447115577
83817454113806	83817467640577	83817454061775
83817571351567	83817584226775	83817571030942
83817574139275	83817592554223	83817573877973
83817669025004	83817684174119	83817668909744
83817670907869	83817692504535	83817670855473
83817687266671	83817700833702	83817687206983
83817804765890	83817817431462	83817804503077
83817903334431	83817917368701	83817903193285
83817912627921	83817925696306	83817912541306
83818019249223	83818033968546	83818019122765
83818028271775	83818042297660	83818028199119
83818143831567	83818158890785	83818143688754
83818145656150	83818167219587	83818145620525
83818253974483	83818267179379	83818253815577
83818262127087	83818275508910	83818262065577
83818360695369	83818375450889	83818360563077
83818362439796	83818383779691	83818362391775
83818481734327	83818500383649	83818481570681
83818484406150	83818508712556	83818484308077
83818588783598	83818600333805	83818588633702
83818596544014	83818608663494	83818596447921
83818697304223	83818708609951	83818697181254
83818700526827	83818716938805	83818700413181
83818711206619	83818725268858	83818711144119
83818813432921	83818825217504	83818813307764
83818815302348	83818833546931	83818815253962
83818828124587	83818841877035	83818828053962
83818936227973	83818950161461	83818935949796
83819035256723	83819050120628	83819035135577
83819085912660	83819100108649	83819037177920
83819135652191	83819150078805	83819089745889
83819185796306	83819200057242	83819157256045
83819235602764	83819250043388	83819191950993
83819285563545	83819300020889	83819270953650
83819335592295	83819349994534	83819288120941
83819385513181	83819399982451	83819382320577
83819435542920	83819449977660	83819394321775
83819495400889	83819508310576	83819495298024
83819543862556	83819558306982	83819503854639
83819546413962	83819566639638	83819546344222
83819621232191	83819633302660	83819621125160
83819627852868	83819641635888	83819627784639
83819740326514	83819758297503	83819740168441
83819742036879	83819766630471	83819741990108
83819828576201	83819841626983	83819828472087
83819838129483	83819849960836	83819838027451
83819844101097	83819858295472	83819844053597
83819961966306	83819974956097	83819961817035
83819969409691	83819983288961	83819969333858
83820079873180	83820091592711	83820079729639
83820085931201	83820099923024	83820085853962
83820187794899	83820199885680	83820187611149
83820195994847	83820208217919	83820195911670
83820202569691	83820216550680	83820202502764
83820311820941	83820324868805	83820311705576
83820313773857	83820333200940	83820313717399
83820327533285	83820341532607	83820327477399
83820436634326	83820449844222	83820436491462
83820438332660	83820458174170	83820438280003
83820536760784	83820549821409	83820536607659
83820538591566	83820558152972	83820538545159
83820668631930	83820683120471	83820668484482
83820761477451	83820774777763	83820761338493
83820877122034	83820891425419	83820876967555
83820878916566	83820899758752	83820878844222
83820886658857	83820908090003	83820886604534
83820994955576	83821008084170	83820994795732
83820997832711	83821016415888	83820997729482
83821071717659	83821083071357	83821071605368
83821085626774	83821099731201	83821085554795
83821180595524	83821191364481	83821180430888
83821193999795	83821208028440	83821193920107
83821284566774	83821299662971	83821284435211
83821311023649	83821324652711	83821310929899
83821414039638	83821432943440	83821413913701
83821418867503	83821441276356	83821418809847
83821427104378	83821449609482	83821427059170
83821522685888	83821541262190	83821522580472
83821535560888	83821549593961	83821535485524
83821632333076	83821649558753	83821632207815
83821638084534	83821657889169	83821638017972
83821644134794	83821666220523	83821644083701
83821759339013	83821774520575	83821759233909
83821853797607	83821866151981	83821853698857
83821863026878	83821874483440	83821862933232
83821868759899	83821882813492	83821868671721
83821978075055	83821991093960	83821977904117
83821979984169	83821999425054	83821979941253
83821985262711	83822007758023	83821985211096
83822084068596	83822099398960	83822083928336
83822086023648	83822107731304	83822085971044
83822094403232	83822116062607	83822094348023
83822194912398	83822207718804	83822194797138
83822202777242	83822216051617	83822202641982
83822210343388	83822224383128	83822210284846
83822300762034	83822316029533	83822300537346
83822311522763	83822324360835	83822311463336
83822409423909	83822424338700	83822409277503
83822411416930	83822432668179	83822411363180
83822427212398	83822440999534	83822427118700
83822511205471	83822524326304	83822511107971
83822521174221	83822532657554	83822521096200
83822526911825	83822540989637	83822526863544
83822637434690	83822649302137	83822637294898
83822643607346	83822657633960	83822643536565
83822752382554	83822765940210	83822752220471
83822755172190	83822774271460	83822755098909
83822761139429	83822782601304	83822761085679
83822867954377	83822882538179	83822867837138
83822876821929	83822890866668	83822876769377
83822977621096	83822990816199	83822977464586
83822980044169	83822999146043	83822979873075
83822993776981	83823007476044	83822993704794
83823103853596	83823115768127	83823103700627
83823105749117	83823124098908	83823105703492
83823109947867	83823132429950	83823109897554
83823218296044	83823232382450	83823218173544
83823220446461	83823240710158	83823220351356
83823227584377	83823249039481	83823227524065
83823350391773	9223372036854775807	83823350278908

=== poll 1790328339.716235316
8333333
83818828124587	83818841877035	83818828053962
83818936227973	83818950161461	83818935949796
83819035256723	83819050120628	83819035135577
83819085912660	83819100108649	83819037177920
83819135652191	83819150078805	83819089745889
83819185796306	83819200057242	83819157256045
83819235602764	83819250043388	83819191950993
83819285563545	83819300020889	83819270953650
83819335592295	83819349994534	83819288120941
83819385513181	83819399982451	83819382320577
83819435542920	83819449977660	83819394321775
83819495400889	83819508310576	83819495298024
83819543862556	83819558306982	83819503854639
83819546413962	83819566639638	83819546344222
83819621232191	83819633302660	83819621125160
83819627852868	83819641635888	83819627784639
83819740326514	83819758297503	83819740168441
83819742036879	83819766630471	83819741990108
83819828576201	83819841626983	83819828472087
83819838129483	83819849960836	83819838027451
83819844101097	83819858295472	83819844053597
83819961966306	83819974956097	83819961817035
83819969409691	83819983288961	83819969333858
83820079873180	83820091592711	83820079729639
83820085931201	83820099923024	83820085853962
83820187794899	83820199885680	83820187611149
83820195994847	83820208217919	83820195911670
83820202569691	83820216550680	83820202502764
83820311820941	83820324868805	83820311705576
83820313773857	83820333200940	83820313717399
83820327533285	83820341532607	83820327477399
83820436634326	83820449844222	83820436491462
83820438332660	83820458174170	83820438280003
83820536760784	83820549821409	83820536607659
83820538591566	83820558152972	83820538545159
83820668631930	83820683120471	83820668484482
83820761477451	83820774777763	83820761338493
83820877122034	83820891425419	83820876967555
83820878916566	83820899758752	83820878844222
83820886658857	83820908090003	83820886604534
83820994955576	83821008084170	83820994795732
83820997832711	83821016415888	83820997729482
83821071717659	83821083071357	83821071605368
83821085626774	83821099731201	83821085554795
83821180595524	83821191364481	83821180430888
83821193999795	83821208028440	83821193920107
83821284566774	83821299662971	83821284435211
83821311023649	83821324652711	83821310929899
83821414039638	83821432943440	83821413913701
83821418867503	83821441276356	83821418809847
83821427104378	83821449609482	83821427059170
83821522685888	83821541262190	83821522580472
83821535560888	83821549593961	83821535485524
83821632333076	83821649558753	83821632207815
83821638084534	83821657889169	83821638017972
83821644134794	83821666220523	83821644083701
83821759339013	83821774520575	83821759233909
83821853797607	83821866151981	83821853698857
83821863026878	83821874483440	83821862933232
83821868759899	83821882813492	83821868671721
83821978075055	83821991093960	83821977904117
83821979984169	83821999425054	83821979941253
83821985262711	83822007758023	83821985211096
83822084068596	83822099398960	83822083928336
83822086023648	83822107731304	83822085971044
83822094403232	83822116062607	83822094348023
83822194912398	83822207718804	83822194797138
83822202777242	83822216051617	83822202641982
83822210343388	83822224383128	83822210284846
83822300762034	83822316029533	83822300537346
83822311522763	83822324360835	83822311463336
83822409423909	83822424338700	83822409277503
83822411416930	83822432668179	83822411363180
83822427212398	83822440999534	83822427118700
83822511205471	83822524326304	83822511107971
83822521174221	83822532657554	83822521096200
83822526911825	83822540989637	83822526863544
83822637434690	83822649302137	83822637294898
83822643607346	83822657633960	83822643536565
83822752382554	83822765940210	83822752220471
83822755172190	83822774271460	83822755098909
83822761139429	83822782601304	83822761085679
83822867954377	83822882538179	83822867837138
83822876821929	83822890866668	83822876769377
83822977621096	83822990816199	83822977464586
83822980044169	83822999146043	83822979873075
83822993776981	83823007476044	83822993704794
83823103853596	83823115768127	83823103700627
83823105749117	83823124098908	83823105703492
83823109947867	83823132429950	83823109897554
83823218296044	83823232382450	83823218173544
83823220446461	83823240710158	83823220351356
83823227584377	83823249039481	83823227524065
83823350391773	83823365667553	83823350278908
83823444639221	83823457307762	83823444424898
83823452658648	83823465639324	83823452579742
83823460044377	83823473972449	83823459954533
83823567626877	83823582272658	83823567469481
83823569735262	83823590605158	83823569659533
83823576832919	83823598937189	83823576780783
83823685442033	83823698911356	83823685310679
83823687471617	83823707243283	83823687409585
83823693799794	83823715574689	83823693754273
83823748415523	83823765566616	83823748287085
83823751667658	83823773898387	83823751610471
83823762464950	83823782230314	83823762395731
83823772828439	83823790562032	83823772743492
83823785104064	83823798896304	83823785042867
83823793457242	83823807230314	83823793407294
83823894846200	83823907195678	83823894321096
83824009838387	83824023820158	83824009675835
83824118620679	83824132112085	83824118494481
83824120878856	83824140443283	83824120806304
83824235723387	83824248752293	83824235513752
83824351267241	83824365380002	83824351119950
83824470142137	83824481995835	83824469938908
83824583430054	83824598615522	83824583307293
83824693146512	83824706882293	83824692973960
83824808813595	83824823478751	83824808387502
83824928144116	83824940089897	83824927923231
83825032726668	83825048381928	83825032606772
83825150640470	83825164995939	83825150485314
83825277106772	83825289951616	83825276923751
83825359718856	83825373251719	83825359620210
83825367893543	83825381580314	83825367820939
83825483405053	83825498187709	83825483164376
83825598925210	83825614794063	83825598784324

=== poll 1790328342.054191304
8333333
83820311820941	83820324868805	83820311705576
83820313773857	83820333200940	83820313717399
83820327533285	83820341532607	83820327477399
83820436634326	83820449844222	83820436491462
83820438332660	83820458174170	83820438280003
83820536760784	83820549821409	83820536607659
83820538591566	83820558152972	83820538545159
83820668631930	83820683120471	83820668484482
83820761477451	83820774777763	83820761338493
83820877122034	83820891425419	83820876967555
83820878916566	83820899758752	83820878844222
83820886658857	83820908090003	83820886604534
83820994955576	83821008084170	83820994795732
83820997832711	83821016415888	83820997729482
83821071717659	83821083071357	83821071605368
83821085626774	83821099731201	83821085554795
83821180595524	83821191364481	83821180430888
83821193999795	83821208028440	83821193920107
83821284566774	83821299662971	83821284435211
83821311023649	83821324652711	83821310929899
83821414039638	83821432943440	83821413913701
83821418867503	83821441276356	83821418809847
83821427104378	83821449609482	83821427059170
83821522685888	83821541262190	83821522580472
83821535560888	83821549593961	83821535485524
83821632333076	83821649558753	83821632207815
83821638084534	83821657889169	83821638017972
83821644134794	83821666220523	83821644083701
83821759339013	83821774520575	83821759233909
83821853797607	83821866151981	83821853698857
83821863026878	83821874483440	83821862933232
83821868759899	83821882813492	83821868671721
83821978075055	83821991093960	83821977904117
83821979984169	83821999425054	83821979941253
83821985262711	83822007758023	83821985211096
83822084068596	83822099398960	83822083928336
83822086023648	83822107731304	83822085971044
83822094403232	83822116062607	83822094348023
83822194912398	83822207718804	83822194797138
83822202777242	83822216051617	83822202641982
83822210343388	83822224383128	83822210284846
83822300762034	83822316029533	83822300537346
83822311522763	83822324360835	83822311463336
83822409423909	83822424338700	83822409277503
83822411416930	83822432668179	83822411363180
83822427212398	83822440999534	83822427118700
83822511205471	83822524326304	83822511107971
83822521174221	83822532657554	83822521096200
83822526911825	83822540989637	83822526863544
83822637434690	83822649302137	83822637294898
83822643607346	83822657633960	83822643536565
83822752382554	83822765940210	83822752220471
83822755172190	83822774271460	83822755098909
83822761139429	83822782601304	83822761085679
83822867954377	83822882538179	83822867837138
83822876821929	83822890866668	83822876769377
83822977621096	83822990816199	83822977464586
83822980044169	83822999146043	83822979873075
83822993776981	83823007476044	83822993704794
83823103853596	83823115768127	83823103700627
83823105749117	83823124098908	83823105703492
83823109947867	83823132429950	83823109897554
83823218296044	83823232382450	83823218173544
83823220446461	83823240710158	83823220351356
83823227584377	83823249039481	83823227524065
83823350391773	83823365667553	83823350278908
83823444639221	83823457307762	83823444424898
83823452658648	83823465639324	83823452579742
83823460044377	83823473972449	83823459954533
83823567626877	83823582272658	83823567469481
83823569735262	83823590605158	83823569659533
83823576832919	83823598937189	83823576780783
83823685442033	83823698911356	83823685310679
83823687471617	83823707243283	83823687409585
83823693799794	83823715574689	83823693754273
83823748415523	83823765566616	83823748287085
83823751667658	83823773898387	83823751610471
83823762464950	83823782230314	83823762395731
83823772828439	83823790562032	83823772743492
83823785104064	83823798896304	83823785042867
83823793457242	83823807230314	83823793407294
83823894846200	83823907195678	83823894321096
83824009838387	83824023820158	83824009675835
83824118620679	83824132112085	83824118494481
83824120878856	83824140443283	83824120806304
83824235723387	83824248752293	83824235513752
83824351267241	83824365380002	83824351119950
83824470142137	83824481995835	83824469938908
83824583430054	83824598615522	83824583307293
83824693146512	83824706882293	83824692973960
83824808813595	83824823478751	83824808387502
83824928144116	83824940089897	83824927923231
83825032726668	83825048381928	83825032606772
83825150640470	83825164995939	83825150485314
83825277106772	83825289951616	83825276923751
83825359718856	83825373251719	83825359620210
83825367893543	83825381580314	83825367820939
83825483405053	83825498187709	83825483164376
83825598925210	83825614794063	83825598784324
83825709383230	83825723087085	83825709268855
83825717970470	83825731417918	83825717886303
83825793177657	83825806384428	83825793072866
83825796160314	83825814713907	83825796105678
83825800868595	83825823045366	83825800813751
83825809137293	83825831376199	83825809073126
83825916919845	83825931326876	83825916790001
83826034125366	83826047923595	83826033933074
83826148513699	83826164541667	83826148406928
83826268531720	83826281123282	83826268339064
83826373999272	83826389388855	83826373893959
83826492918230	83826506008699	83826492720313
83826599637345	83826614306927	83826599509376
83826708620678	83826722589219	83826708501876
83826835657709	83826847534271	83826835478230
83826941513074	83826955858281	83826941398438
83827057532917	83827072482657	83827057335053
83827174890001	83827189101562	83827174780157
83827291537136	83827305705885	83827291362292
83827401013386	83827413982135	83827400891459
83827527472188	83827538913073	83827527284740
83827632443021	83827647193594	83827632256980
83827747802136	83827763801927	83827747675313
83827836360313	83827855434687	83827836210053
83827855246042	83827872097709	83827855159740
83827858012032	83827880428646	83827857970730
83827869497605	83827888759739	83827869422396
83827874739115	83827897089114	83827874685157

=== poll 1790328344.379538022
8333333
83820311820941	83820324868805	83820311705576
83820313773857	83820333200940	83820313717399
83820327533285	83820341532607	83820327477399
83820436634326	83820449844222	83820436491462
83820438332660	83820458174170	83820438280003
83820536760784	83820549821409	83820536607659
83820538591566	83820558152972	83820538545159
83820668631930	83820683120471	83820668484482
83820761477451	83820774777763	83820761338493
83820877122034	83820891425419	83820876967555
83820878916566	83820899758752	83820878844222
83820886658857	83820908090003	83820886604534
83820994955576	83821008084170	83820994795732
83820997832711	83821016415888	83820997729482
83821071717659	83821083071357	83821071605368
83821085626774	83821099731201	83821085554795
83821180595524	83821191364481	83821180430888
83821193999795	83821208028440	83821193920107
83821284566774	83821299662971	83821284435211
83821311023649	83821324652711	83821310929899
83821414039638	83821432943440	83821413913701
83821418867503	83821441276356	83821418809847
83821427104378	83821449609482	83821427059170
83821522685888	83821541262190	83821522580472
83821535560888	83821549593961	83821535485524
83821632333076	83821649558753	83821632207815
83821638084534	83821657889169	83821638017972
83821644134794	83821666220523	83821644083701
83821759339013	83821774520575	83821759233909
83821853797607	83821866151981	83821853698857
83821863026878	83821874483440	83821862933232
83821868759899	83821882813492	83821868671721
83821978075055	83821991093960	83821977904117
83821979984169	83821999425054	83821979941253
83821985262711	83822007758023	83821985211096
83822084068596	83822099398960	83822083928336
83822086023648	83822107731304	83822085971044
83822094403232	83822116062607	83822094348023
83822194912398	83822207718804	83822194797138
83822202777242	83822216051617	83822202641982
83822210343388	83822224383128	83822210284846
83822300762034	83822316029533	83822300537346
83822311522763	83822324360835	83822311463336
83822409423909	83822424338700	83822409277503
83822411416930	83822432668179	83822411363180
83822427212398	83822440999534	83822427118700
83822511205471	83822524326304	83822511107971
83822521174221	83822532657554	83822521096200
83822526911825	83822540989637	83822526863544
83822637434690	83822649302137	83822637294898
83822643607346	83822657633960	83822643536565
83822752382554	83822765940210	83822752220471
83822755172190	83822774271460	83822755098909
83822761139429	83822782601304	83822761085679
83822867954377	83822882538179	83822867837138
83822876821929	83822890866668	83822876769377
83822977621096	83822990816199	83822977464586
83822980044169	83822999146043	83822979873075
83822993776981	83823007476044	83822993704794
83823103853596	83823115768127	83823103700627
83823105749117	83823124098908	83823105703492
83823109947867	83823132429950	83823109897554
83823218296044	83823232382450	83823218173544
83823220446461	83823240710158	83823220351356
83823227584377	83823249039481	83823227524065
83823350391773	83823365667553	83823350278908
83823444639221	83823457307762	83823444424898
83823452658648	83823465639324	83823452579742
83823460044377	83823473972449	83823459954533
83823567626877	83823582272658	83823567469481
83823569735262	83823590605158	83823569659533
83823576832919	83823598937189	83823576780783
83823685442033	83823698911356	83823685310679
83823687471617	83823707243283	83823687409585
83823693799794	83823715574689	83823693754273
83823748415523	83823765566616	83823748287085
83823751667658	83823773898387	83823751610471
83823762464950	83823782230314	83823762395731
83823772828439	83823790562032	83823772743492
83823785104064	83823798896304	83823785042867
83823793457242	83823807230314	83823793407294
83823894846200	83823907195678	83823894321096
83824009838387	83824023820158	83824009675835
83824118620679	83824132112085	83824118494481
83824120878856	83824140443283	83824120806304
83824235723387	83824248752293	83824235513752
83824351267241	83824365380002	83824351119950
83824470142137	83824481995835	83824469938908
83824583430054	83824598615522	83824583307293
83824693146512	83824706882293	83824692973960
83824808813595	83824823478751	83824808387502
83824928144116	83824940089897	83824927923231
83825032726668	83825048381928	83825032606772
83825150640470	83825164995939	83825150485314
83825277106772	83825289951616	83825276923751
83825359718856	83825373251719	83825359620210
83825367893543	83825381580314	83825367820939
83825483405053	83825498187709	83825483164376
83825598925210	83825614794063	83825598784324
83825709383230	83825723087085	83825709268855
83825717970470	83825731417918	83825717886303
83825793177657	83825806384428	83825793072866
83825796160314	83825814713907	83825796105678
83825800868595	83825823045366	83825800813751
83825809137293	83825831376199	83825809073126
83825916919845	83825931326876	83825916790001
83826034125366	83826047923595	83826033933074
83826148513699	83826164541667	83826148406928
83826268531720	83826281123282	83826268339064
83826373999272	83826389388855	83826373893959
83826492918230	83826506008699	83826492720313
83826599637345	83826614306927	83826599509376
83826708620678	83826722589219	83826708501876
83826835657709	83826847534271	83826835478230
83826941513074	83826955858281	83826941398438
83827057532917	83827072482657	83827057335053
83827174890001	83827189101562	83827174780157
83827291537136	83827305705885	83827291362292
83827401013386	83827413982135	83827400891459
83827527472188	83827538913073	83827527284740
83827632443021	83827647193594	83827632256980
83827747802136	83827763801927	83827747675313
83827836360313	83827855434687	83827836210053
83827855246042	83827872097709	83827855159740
83827858012032	83827880428646	83827857970730
83827869497605	83827888759739	83827869422396
83827874739115	83827897089114	83827874685157

=== poll 1790328346.720707865
8333333
83820311820941	83820324868805	83820311705576
83820313773857	83820333200940	83820313717399
83820327533285	83820341532607	83820327477399
83820436634326	83820449844222	83820436491462
83820438332660	83820458174170	83820438280003
83820536760784	83820549821409	83820536607659
83820538591566	83820558152972	83820538545159
83820668631930	83820683120471	83820668484482
83820761477451	83820774777763	83820761338493
83820877122034	83820891425419	83820876967555
83820878916566	83820899758752	83820878844222
83820886658857	83820908090003	83820886604534
83820994955576	83821008084170	83820994795732
83820997832711	83821016415888	83820997729482
83821071717659	83821083071357	83821071605368
83821085626774	83821099731201	83821085554795
83821180595524	83821191364481	83821180430888
83821193999795	83821208028440	83821193920107
83821284566774	83821299662971	83821284435211
83821311023649	83821324652711	83821310929899
83821414039638	83821432943440	83821413913701
83821418867503	83821441276356	83821418809847
83821427104378	83821449609482	83821427059170
83821522685888	83821541262190	83821522580472
83821535560888	83821549593961	83821535485524
83821632333076	83821649558753	83821632207815
83821638084534	83821657889169	83821638017972
83821644134794	83821666220523	83821644083701
83821759339013	83821774520575	83821759233909
83821853797607	83821866151981	83821853698857
83821863026878	83821874483440	83821862933232
83821868759899	83821882813492	83821868671721
83821978075055	83821991093960	83821977904117
83821979984169	83821999425054	83821979941253
83821985262711	83822007758023	83821985211096
83822084068596	83822099398960	83822083928336
83822086023648	83822107731304	83822085971044
83822094403232	83822116062607	83822094348023
83822194912398	83822207718804	83822194797138
83822202777242	83822216051617	83822202641982
83822210343388	83822224383128	83822210284846
83822300762034	83822316029533	83822300537346
83822311522763	83822324360835	83822311463336
83822409423909	83822424338700	83822409277503
83822411416930	83822432668179	83822411363180
83822427212398	83822440999534	83822427118700
83822511205471	83822524326304	83822511107971
83822521174221	83822532657554	83822521096200
83822526911825	83822540989637	83822526863544
83822637434690	83822649302137	83822637294898
83822643607346	83822657633960	83822643536565
83822752382554	83822765940210	83822752220471
83822755172190	83822774271460	83822755098909
83822761139429	83822782601304	83822761085679
83822867954377	83822882538179	83822867837138
83822876821929	83822890866668	83822876769377
83822977621096	83822990816199	83822977464586
83822980044169	83822999146043	83822979873075
83822993776981	83823007476044	83822993704794
83823103853596	83823115768127	83823103700627
83823105749117	83823124098908	83823105703492
83823109947867	83823132429950	83823109897554
83823218296044	83823232382450	83823218173544
83823220446461	83823240710158	83823220351356
83823227584377	83823249039481	83823227524065
83823350391773	83823365667553	83823350278908
83823444639221	83823457307762	83823444424898
83823452658648	83823465639324	83823452579742
83823460044377	83823473972449	83823459954533
83823567626877	83823582272658	83823567469481
83823569735262	83823590605158	83823569659533
83823576832919	83823598937189	83823576780783
83823685442033	83823698911356	83823685310679
83823687471617	83823707243283	83823687409585
83823693799794	83823715574689	83823693754273
83823748415523	83823765566616	83823748287085
83823751667658	83823773898387	83823751610471
83823762464950	83823782230314	83823762395731
83823772828439	83823790562032	83823772743492
83823785104064	83823798896304	83823785042867
83823793457242	83823807230314	83823793407294
83823894846200	83823907195678	83823894321096
83824009838387	83824023820158	83824009675835
83824118620679	83824132112085	83824118494481
83824120878856	83824140443283	83824120806304
83824235723387	83824248752293	83824235513752
83824351267241	83824365380002	83824351119950
83824470142137	83824481995835	83824469938908
83824583430054	83824598615522	83824583307293
83824693146512	83824706882293	83824692973960
83824808813595	83824823478751	83824808387502
83824928144116	83824940089897	83824927923231
83825032726668	83825048381928	83825032606772
83825150640470	83825164995939	83825150485314
83825277106772	83825289951616	83825276923751
83825359718856	83825373251719	83825359620210
83825367893543	83825381580314	83825367820939
83825483405053	83825498187709	83825483164376
83825598925210	83825614794063	83825598784324
83825709383230	83825723087085	83825709268855
83825717970470	83825731417918	83825717886303
83825793177657	83825806384428	83825793072866
83825796160314	83825814713907	83825796105678
83825800868595	83825823045366	83825800813751
83825809137293	83825831376199	83825809073126
83825916919845	83825931326876	83825916790001
83826034125366	83826047923595	83826033933074
83826148513699	83826164541667	83826148406928
83826268531720	83826281123282	83826268339064
83826373999272	83826389388855	83826373893959
83826492918230	83826506008699	83826492720313
83826599637345	83826614306927	83826599509376
83826708620678	83826722589219	83826708501876
83826835657709	83826847534271	83826835478230
83826941513074	83826955858281	83826941398438
83827057532917	83827072482657	83827057335053
83827174890001	83827189101562	83827174780157
83827291537136	83827305705885	83827291362292
83827401013386	83827413982135	83827400891459
83827527472188	83827538913073	83827527284740
83827632443021	83827647193594	83827632256980
83827747802136	83827763801927	83827747675313
83827836360313	83827855434687	83827836210053
83827855246042	83827872097709	83827855159740
83827858012032	83827880428646	83827857970730
83827869497605	83827888759739	83827869422396
83827874739115	83827897089114	83827874685157

=== poll 1790328349.039402864
8333333
83820311820941	83820324868805	83820311705576
83820313773857	83820333200940	83820313717399
83820327533285	83820341532607	83820327477399
83820436634326	83820449844222	83820436491462
83820438332660	83820458174170	83820438280003
83820536760784	83820549821409	83820536607659
83820538591566	83820558152972	83820538545159
83820668631930	83820683120471	83820668484482
83820761477451	83820774777763	83820761338493
83820877122034	83820891425419	83820876967555
83820878916566	83820899758752	83820878844222
83820886658857	83820908090003	83820886604534
83820994955576	83821008084170	83820994795732
83820997832711	83821016415888	83820997729482
83821071717659	83821083071357	83821071605368
83821085626774	83821099731201	83821085554795
83821180595524	83821191364481	83821180430888
83821193999795	83821208028440	83821193920107
83821284566774	83821299662971	83821284435211
83821311023649	83821324652711	83821310929899
83821414039638	83821432943440	83821413913701
83821418867503	83821441276356	83821418809847
83821427104378	83821449609482	83821427059170
83821522685888	83821541262190	83821522580472
83821535560888	83821549593961	83821535485524
83821632333076	83821649558753	83821632207815
83821638084534	83821657889169	83821638017972
83821644134794	83821666220523	83821644083701
83821759339013	83821774520575	83821759233909
83821853797607	83821866151981	83821853698857
83821863026878	83821874483440	83821862933232
83821868759899	83821882813492	83821868671721
83821978075055	83821991093960	83821977904117
83821979984169	83821999425054	83821979941253
83821985262711	83822007758023	83821985211096
83822084068596	83822099398960	83822083928336
83822086023648	83822107731304	83822085971044
83822094403232	83822116062607	83822094348023
83822194912398	83822207718804	83822194797138
83822202777242	83822216051617	83822202641982
83822210343388	83822224383128	83822210284846
83822300762034	83822316029533	83822300537346
83822311522763	83822324360835	83822311463336
83822409423909	83822424338700	83822409277503
83822411416930	83822432668179	83822411363180
83822427212398	83822440999534	83822427118700
83822511205471	83822524326304	83822511107971
83822521174221	83822532657554	83822521096200
83822526911825	83822540989637	83822526863544
83822637434690	83822649302137	83822637294898
83822643607346	83822657633960	83822643536565
83822752382554	83822765940210	83822752220471
83822755172190	83822774271460	83822755098909
83822761139429	83822782601304	83822761085679
83822867954377	83822882538179	83822867837138
83822876821929	83822890866668	83822876769377
83822977621096	83822990816199	83822977464586
83822980044169	83822999146043	83822979873075
83822993776981	83823007476044	83822993704794
83823103853596	83823115768127	83823103700627
83823105749117	83823124098908	83823105703492
83823109947867	83823132429950	83823109897554
83823218296044	83823232382450	83823218173544
83823220446461	83823240710158	83823220351356
83823227584377	83823249039481	83823227524065
83823350391773	83823365667553	83823350278908
83823444639221	83823457307762	83823444424898
83823452658648	83823465639324	83823452579742
83823460044377	83823473972449	83823459954533
83823567626877	83823582272658	83823567469481
83823569735262	83823590605158	83823569659533
83823576832919	83823598937189	83823576780783
83823685442033	83823698911356	83823685310679
83823687471617	83823707243283	83823687409585
83823693799794	83823715574689	83823693754273
83823748415523	83823765566616	83823748287085
83823751667658	83823773898387	83823751610471
83823762464950	83823782230314	83823762395731
83823772828439	83823790562032	83823772743492
83823785104064	83823798896304	83823785042867
83823793457242	83823807230314	83823793407294
83823894846200	83823907195678	83823894321096
83824009838387	83824023820158	83824009675835
83824118620679	83824132112085	83824118494481
83824120878856	83824140443283	83824120806304
83824235723387	83824248752293	83824235513752
83824351267241	83824365380002	83824351119950
83824470142137	83824481995835	83824469938908
83824583430054	83824598615522	83824583307293
83824693146512	83824706882293	83824692973960
83824808813595	83824823478751	83824808387502
83824928144116	83824940089897	83824927923231
83825032726668	83825048381928	83825032606772
83825150640470	83825164995939	83825150485314
83825277106772	83825289951616	83825276923751
83825359718856	83825373251719	83825359620210
83825367893543	83825381580314	83825367820939
83825483405053	83825498187709	83825483164376
83825598925210	83825614794063	83825598784324
83825709383230	83825723087085	83825709268855
83825717970470	83825731417918	83825717886303
83825793177657	83825806384428	83825793072866
83825796160314	83825814713907	83825796105678
83825800868595	83825823045366	83825800813751
83825809137293	83825831376199	83825809073126
83825916919845	83825931326876	83825916790001
83826034125366	83826047923595	83826033933074
83826148513699	83826164541667	83826148406928
83826268531720	83826281123282	83826268339064
83826373999272	83826389388855	83826373893959
83826492918230	83826506008699	83826492720313
83826599637345	83826614306927	83826599509376
83826708620678	83826722589219	83826708501876
83826835657709	83826847534271	83826835478230
83826941513074	83826955858281	83826941398438
83827057532917	83827072482657	83827057335053
83827174890001	83827189101562	83827174780157
83827291537136	83827305705885	83827291362292
83827401013386	83827413982135	83827400891459
83827527472188	83827538913073	83827527284740
83827632443021	83827647193594	83827632256980
83827747802136	83827763801927	83827747675313
83827836360313	83827855434687	83827836210053
83827855246042	83827872097709	83827855159740
83827858012032	83827880428646	83827857970730
83827869497605	83827888759739	83827869422396
83827874739115	83827897089114	83827874685157

=== poll 1790328351.361328436
8333333
83820311820941	83820324868805	83820311705576
83820313773857	83820333200940	83820313717399
83820327533285	83820341532607	83820327477399
83820436634326	83820449844222	83820436491462
83820438332660	83820458174170	83820438280003
83820536760784	83820549821409	83820536607659
83820538591566	83820558152972	83820538545159
83820668631930	83820683120471	83820668484482
83820761477451	83820774777763	83820761338493
83820877122034	83820891425419	83820876967555
83820878916566	83820899758752	83820878844222
83820886658857	83820908090003	83820886604534
83820994955576	83821008084170	83820994795732
83820997832711	83821016415888	83820997729482
83821071717659	83821083071357	83821071605368
83821085626774	83821099731201	83821085554795
83821180595524	83821191364481	83821180430888
83821193999795	83821208028440	83821193920107
83821284566774	83821299662971	83821284435211
83821311023649	83821324652711	83821310929899
83821414039638	83821432943440	83821413913701
83821418867503	83821441276356	83821418809847
83821427104378	83821449609482	83821427059170
83821522685888	83821541262190	83821522580472
83821535560888	83821549593961	83821535485524
83821632333076	83821649558753	83821632207815
83821638084534	83821657889169	83821638017972
83821644134794	83821666220523	83821644083701
83821759339013	83821774520575	83821759233909
83821853797607	83821866151981	83821853698857
83821863026878	83821874483440	83821862933232
83821868759899	83821882813492	83821868671721
83821978075055	83821991093960	83821977904117
83821979984169	83821999425054	83821979941253
83821985262711	83822007758023	83821985211096
83822084068596	83822099398960	83822083928336
83822086023648	83822107731304	83822085971044
83822094403232	83822116062607	83822094348023
83822194912398	83822207718804	83822194797138
83822202777242	83822216051617	83822202641982
83822210343388	83822224383128	83822210284846
83822300762034	83822316029533	83822300537346
83822311522763	83822324360835	83822311463336
83822409423909	83822424338700	83822409277503
83822411416930	83822432668179	83822411363180
83822427212398	83822440999534	83822427118700
83822511205471	83822524326304	83822511107971
83822521174221	83822532657554	83822521096200
83822526911825	83822540989637	83822526863544
83822637434690	83822649302137	83822637294898
83822643607346	83822657633960	83822643536565
83822752382554	83822765940210	83822752220471
83822755172190	83822774271460	83822755098909
83822761139429	83822782601304	83822761085679
83822867954377	83822882538179	83822867837138
83822876821929	83822890866668	83822876769377
83822977621096	83822990816199	83822977464586
83822980044169	83822999146043	83822979873075
83822993776981	83823007476044	83822993704794
83823103853596	83823115768127	83823103700627
83823105749117	83823124098908	83823105703492
83823109947867	83823132429950	83823109897554
83823218296044	83823232382450	83823218173544
83823220446461	83823240710158	83823220351356
83823227584377	83823249039481	83823227524065
83823350391773	83823365667553	83823350278908
83823444639221	83823457307762	83823444424898
83823452658648	83823465639324	83823452579742
83823460044377	83823473972449	83823459954533
83823567626877	83823582272658	83823567469481
83823569735262	83823590605158	83823569659533
83823576832919	83823598937189	83823576780783
83823685442033	83823698911356	83823685310679
83823687471617	83823707243283	83823687409585
83823693799794	83823715574689	83823693754273
83823748415523	83823765566616	83823748287085
83823751667658	83823773898387	83823751610471
83823762464950	83823782230314	83823762395731
83823772828439	83823790562032	83823772743492
83823785104064	83823798896304	83823785042867
83823793457242	83823807230314	83823793407294
83823894846200	83823907195678	83823894321096
83824009838387	83824023820158	83824009675835
83824118620679	83824132112085	83824118494481
83824120878856	83824140443283	83824120806304
83824235723387	83824248752293	83824235513752
83824351267241	83824365380002	83824351119950
83824470142137	83824481995835	83824469938908
83824583430054	83824598615522	83824583307293
83824693146512	83824706882293	83824692973960
83824808813595	83824823478751	83824808387502
83824928144116	83824940089897	83824927923231
83825032726668	83825048381928	83825032606772
83825150640470	83825164995939	83825150485314
83825277106772	83825289951616	83825276923751
83825359718856	83825373251719	83825359620210
83825367893543	83825381580314	83825367820939
83825483405053	83825498187709	83825483164376
83825598925210	83825614794063	83825598784324
83825709383230	83825723087085	83825709268855
83825717970470	83825731417918	83825717886303
83825793177657	83825806384428	83825793072866
83825796160314	83825814713907	83825796105678
83825800868595	83825823045366	83825800813751
83825809137293	83825831376199	83825809073126
83825916919845	83825931326876	83825916790001
83826034125366	83826047923595	83826033933074
83826148513699	83826164541667	83826148406928
83826268531720	83826281123282	83826268339064
83826373999272	83826389388855	83826373893959
83826492918230	83826506008699	83826492720313
83826599637345	83826614306927	83826599509376
83826708620678	83826722589219	83826708501876
83826835657709	83826847534271	83826835478230
83826941513074	83826955858281	83826941398438
83827057532917	83827072482657	83827057335053
83827174890001	83827189101562	83827174780157
83827291537136	83827305705885	83827291362292
83827401013386	83827413982135	83827400891459
83827527472188	83827538913073	83827527284740
83827632443021	83827647193594	83827632256980
83827747802136	83827763801927	83827747675313
83827836360313	83827855434687	83827836210053
83827855246042	83827872097709	83827855159740
83827858012032	83827880428646	83827857970730
83827869497605	83827888759739	83827869422396
83827874739115	83827897089114	83827874685157

=== poll 1790328353.851549477
8333333
83820311820941	83820324868805	83820311705576
83820313773857	83820333200940	83820313717399
83820327533285	83820341532607	83820327477399
83820436634326	83820449844222	83820436491462
83820438332660	83820458174170	83820438280003
83820536760784	83820549821409	83820536607659
83820538591566	83820558152972	83820538545159
83820668631930	83820683120471	83820668484482
83820761477451	83820774777763	83820761338493
83820877122034	83820891425419	83820876967555
83820878916566	83820899758752	83820878844222
83820886658857	83820908090003	83820886604534
83820994955576	83821008084170	83820994795732
83820997832711	83821016415888	83820997729482
83821071717659	83821083071357	83821071605368
83821085626774	83821099731201	83821085554795
83821180595524	83821191364481	83821180430888
83821193999795	83821208028440	83821193920107
83821284566774	83821299662971	83821284435211
83821311023649	83821324652711	83821310929899
83821414039638	83821432943440	83821413913701
83821418867503	83821441276356	83821418809847
83821427104378	83821449609482	83821427059170
83821522685888	83821541262190	83821522580472
83821535560888	83821549593961	83821535485524
83821632333076	83821649558753	83821632207815
83821638084534	83821657889169	83821638017972
83821644134794	83821666220523	83821644083701
83821759339013	83821774520575	83821759233909
83821853797607	83821866151981	83821853698857
83821863026878	83821874483440	83821862933232
83821868759899	83821882813492	83821868671721
83821978075055	83821991093960	83821977904117
83821979984169	83821999425054	83821979941253
83821985262711	83822007758023	83821985211096
83822084068596	83822099398960	83822083928336
83822086023648	83822107731304	83822085971044
83822094403232	83822116062607	83822094348023
83822194912398	83822207718804	83822194797138
83822202777242	83822216051617	83822202641982
83822210343388	83822224383128	83822210284846
83822300762034	83822316029533	83822300537346
83822311522763	83822324360835	83822311463336
83822409423909	83822424338700	83822409277503
83822411416930	83822432668179	83822411363180
83822427212398	83822440999534	83822427118700
83822511205471	83822524326304	83822511107971
83822521174221	83822532657554	83822521096200
83822526911825	83822540989637	83822526863544
83822637434690	83822649302137	83822637294898
83822643607346	83822657633960	83822643536565
83822752382554	83822765940210	83822752220471
83822755172190	83822774271460	83822755098909
83822761139429	83822782601304	83822761085679
83822867954377	83822882538179	83822867837138
83822876821929	83822890866668	83822876769377
83822977621096	83822990816199	83822977464586
83822980044169	83822999146043	83822979873075
83822993776981	83823007476044	83822993704794
83823103853596	83823115768127	83823103700627
83823105749117	83823124098908	83823105703492
83823109947867	83823132429950	83823109897554
83823218296044	83823232382450	83823218173544
83823220446461	83823240710158	83823220351356
83823227584377	83823249039481	83823227524065
83823350391773	83823365667553	83823350278908
83823444639221	83823457307762	83823444424898
83823452658648	83823465639324	83823452579742
83823460044377	83823473972449	83823459954533
83823567626877	83823582272658	83823567469481
83823569735262	83823590605158	83823569659533
83823576832919	83823598937189	83823576780783
83823685442033	83823698911356	83823685310679
83823687471617	83823707243283	83823687409585
83823693799794	83823715574689	83823693754273
83823748415523	83823765566616	83823748287085
83823751667658	83823773898387	83823751610471
83823762464950	83823782230314	83823762395731
83823772828439	83823790562032	83823772743492
83823785104064	83823798896304	83823785042867
83823793457242	83823807230314	83823793407294
83823894846200	83823907195678	83823894321096
83824009838387	83824023820158	83824009675835
83824118620679	83824132112085	83824118494481
83824120878856	83824140443283	83824120806304
83824235723387	83824248752293	83824235513752
83824351267241	83824365380002	83824351119950
83824470142137	83824481995835	83824469938908
83824583430054	83824598615522	83824583307293
83824693146512	83824706882293	83824692973960
83824808813595	83824823478751	83824808387502
83824928144116	83824940089897	83824927923231
83825032726668	83825048381928	83825032606772
83825150640470	83825164995939	83825150485314
83825277106772	83825289951616	83825276923751
83825359718856	83825373251719	83825359620210
83825367893543	83825381580314	83825367820939
83825483405053	83825498187709	83825483164376
83825598925210	83825614794063	83825598784324
83825709383230	83825723087085	83825709268855
83825717970470	83825731417918	83825717886303
83825793177657	83825806384428	83825793072866
83825796160314	83825814713907	83825796105678
83825800868595	83825823045366	83825800813751
83825809137293	83825831376199	83825809073126
83825916919845	83825931326876	83825916790001
83826034125366	83826047923595	83826033933074
83826148513699	83826164541667	83826148406928
83826268531720	83826281123282	83826268339064
83826373999272	83826389388855	83826373893959
83826492918230	83826506008699	83826492720313
83826599637345	83826614306927	83826599509376
83826708620678	83826722589219	83826708501876
83826835657709	83826847534271	83826835478230
83826941513074	83826955858281	83826941398438
83827057532917	83827072482657	83827057335053
83827174890001	83827189101562	83827174780157
83827291537136	83827305705885	83827291362292
83827401013386	83827413982135	83827400891459
83827527472188	83827538913073	83827527284740
83827632443021	83827647193594	83827632256980
83827747802136	83827763801927	83827747675313
83827836360313	83827855434687	83827836210053
83827855246042	83827872097709	83827855159740
83827858012032	83827880428646	83827857970730
83827869497605	83827888759739	83827869422396
83827874739115	83827897089114	83827874685157

=== poll 1790328356.186213851
8333333
83820536760784	83820549821409	83820536607659
83820538591566	83820558152972	83820538545159
83820668631930	83820683120471	83820668484482
83820761477451	83820774777763	83820761338493
83820877122034	83820891425419	83820876967555
83820878916566	83820899758752	83820878844222
83820886658857	83820908090003	83820886604534
83820994955576	83821008084170	83820994795732
83820997832711	83821016415888	83820997729482
83821071717659	83821083071357	83821071605368
83821085626774	83821099731201	83821085554795
83821180595524	83821191364481	83821180430888
83821193999795	83821208028440	83821193920107
83821284566774	83821299662971	83821284435211
83821311023649	83821324652711	83821310929899
83821414039638	83821432943440	83821413913701
83821418867503	83821441276356	83821418809847
83821427104378	83821449609482	83821427059170
83821522685888	83821541262190	83821522580472
83821535560888	83821549593961	83821535485524
83821632333076	83821649558753	83821632207815
83821638084534	83821657889169	83821638017972
83821644134794	83821666220523	83821644083701
83821759339013	83821774520575	83821759233909
83821853797607	83821866151981	83821853698857
83821863026878	83821874483440	83821862933232
83821868759899	83821882813492	83821868671721
83821978075055	83821991093960	83821977904117
83821979984169	83821999425054	83821979941253
83821985262711	83822007758023	83821985211096
83822084068596	83822099398960	83822083928336
83822086023648	83822107731304	83822085971044
83822094403232	83822116062607	83822094348023
83822194912398	83822207718804	83822194797138
83822202777242	83822216051617	83822202641982
83822210343388	83822224383128	83822210284846
83822300762034	83822316029533	83822300537346
83822311522763	83822324360835	83822311463336
83822409423909	83822424338700	83822409277503
83822411416930	83822432668179	83822411363180
83822427212398	83822440999534	83822427118700
83822511205471	83822524326304	83822511107971
83822521174221	83822532657554	83822521096200
83822526911825	83822540989637	83822526863544
83822637434690	83822649302137	83822637294898
83822643607346	83822657633960	83822643536565
83822752382554	83822765940210	83822752220471
83822755172190	83822774271460	83822755098909
83822761139429	83822782601304	83822761085679
83822867954377	83822882538179	83822867837138
83822876821929	83822890866668	83822876769377
83822977621096	83822990816199	83822977464586
83822980044169	83822999146043	83822979873075
83822993776981	83823007476044	83822993704794
83823103853596	83823115768127	83823103700627
83823105749117	83823124098908	83823105703492
83823109947867	83823132429950	83823109897554
83823218296044	83823232382450	83823218173544
83823220446461	83823240710158	83823220351356
83823227584377	83823249039481	83823227524065
83823350391773	83823365667553	83823350278908
83823444639221	83823457307762	83823444424898
83823452658648	83823465639324	83823452579742
83823460044377	83823473972449	83823459954533
83823567626877	83823582272658	83823567469481
83823569735262	83823590605158	83823569659533
83823576832919	83823598937189	83823576780783
83823685442033	83823698911356	83823685310679
83823687471617	83823707243283	83823687409585
83823693799794	83823715574689	83823693754273
83823748415523	83823765566616	83823748287085
83823751667658	83823773898387	83823751610471
83823762464950	83823782230314	83823762395731
83823772828439	83823790562032	83823772743492
83823785104064	83823798896304	83823785042867
83823793457242	83823807230314	83823793407294
83823894846200	83823907195678	83823894321096
83824009838387	83824023820158	83824009675835
83824118620679	83824132112085	83824118494481
83824120878856	83824140443283	83824120806304
83824235723387	83824248752293	83824235513752
83824351267241	83824365380002	83824351119950
83824470142137	83824481995835	83824469938908
83824583430054	83824598615522	83824583307293
83824693146512	83824706882293	83824692973960
83824808813595	83824823478751	83824808387502
83824928144116	83824940089897	83824927923231
83825032726668	83825048381928	83825032606772
83825150640470	83825164995939	83825150485314
83825277106772	83825289951616	83825276923751
83825359718856	83825373251719	83825359620210
83825367893543	83825381580314	83825367820939
83825483405053	83825498187709	83825483164376
83825598925210	83825614794063	83825598784324
83825709383230	83825723087085	83825709268855
83825717970470	83825731417918	83825717886303
83825793177657	83825806384428	83825793072866
83825796160314	83825814713907	83825796105678
83825800868595	83825823045366	83825800813751
83825809137293	83825831376199	83825809073126
83825916919845	83825931326876	83825916790001
83826034125366	83826047923595	83826033933074
83826148513699	83826164541667	83826148406928
83826268531720	83826281123282	83826268339064
83826373999272	83826389388855	83826373893959
83826492918230	83826506008699	83826492720313
83826599637345	83826614306927	83826599509376
83826708620678	83826722589219	83826708501876
83826835657709	83826847534271	83826835478230
83826941513074	83826955858281	83826941398438
83827057532917	83827072482657	83827057335053
83827174890001	83827189101562	83827174780157
83827291537136	83827305705885	83827291362292
83827401013386	83827413982135	83827400891459
83827527472188	83827538913073	83827527284740
83827632443021	83827647193594	83827632256980
83827747802136	83827763801927	83827747675313
83827836360313	83827855434687	83827836210053
83827855246042	83827872097709	83827855159740
83827858012032	83827880428646	83827857970730
83827869497605	83827888759739	83827869422396
83827874739115	83827897089114	83827874685157
83841409670204	83841423076349	83841409471402
83841418813433	83841431410412	83841418727391
83841427330464	83841439744682	83841427238068
83841458775047	83841473072339	83841458671974
83841461199474	83841481404005	83841461128954

=== poll 1790328358.624301611
8333333
83820536760784	83820549821409	83820536607659
83820538591566	83820558152972	83820538545159
83820668631930	83820683120471	83820668484482
83820761477451	83820774777763	83820761338493
83820877122034	83820891425419	83820876967555
83820878916566	83820899758752	83820878844222
83820886658857	83820908090003	83820886604534
83820994955576	83821008084170	83820994795732
83820997832711	83821016415888	83820997729482
83821071717659	83821083071357	83821071605368
83821085626774	83821099731201	83821085554795
83821180595524	83821191364481	83821180430888
83821193999795	83821208028440	83821193920107
83821284566774	83821299662971	83821284435211
83821311023649	83821324652711	83821310929899
83821414039638	83821432943440	83821413913701
83821418867503	83821441276356	83821418809847
83821427104378	83821449609482	83821427059170
83821522685888	83821541262190	83821522580472
83821535560888	83821549593961	83821535485524
83821632333076	83821649558753	83821632207815
83821638084534	83821657889169	83821638017972
83821644134794	83821666220523	83821644083701
83821759339013	83821774520575	83821759233909
83821853797607	83821866151981	83821853698857
83821863026878	83821874483440	83821862933232
83821868759899	83821882813492	83821868671721
83821978075055	83821991093960	83821977904117
83821979984169	83821999425054	83821979941253
83821985262711	83822007758023	83821985211096
83822084068596	83822099398960	83822083928336
83822086023648	83822107731304	83822085971044
83822094403232	83822116062607	83822094348023
83822194912398	83822207718804	83822194797138
83822202777242	83822216051617	83822202641982
83822210343388	83822224383128	83822210284846
83822300762034	83822316029533	83822300537346
83822311522763	83822324360835	83822311463336
83822409423909	83822424338700	83822409277503
83822411416930	83822432668179	83822411363180
83822427212398	83822440999534	83822427118700
83822511205471	83822524326304	83822511107971
83822521174221	83822532657554	83822521096200
83822526911825	83822540989637	83822526863544
83822637434690	83822649302137	83822637294898
83822643607346	83822657633960	83822643536565
83822752382554	83822765940210	83822752220471
83822755172190	83822774271460	83822755098909
83822761139429	83822782601304	83822761085679
83822867954377	83822882538179	83822867837138
83822876821929	83822890866668	83822876769377
83822977621096	83822990816199	83822977464586
83822980044169	83822999146043	83822979873075
83822993776981	83823007476044	83822993704794
83823103853596	83823115768127	83823103700627
83823105749117	83823124098908	83823105703492
83823109947867	83823132429950	83823109897554
83823218296044	83823232382450	83823218173544
83823220446461	83823240710158	83823220351356
83823227584377	83823249039481	83823227524065
83823350391773	83823365667553	83823350278908
83823444639221	83823457307762	83823444424898
83823452658648	83823465639324	83823452579742
83823460044377	83823473972449	83823459954533
83823567626877	83823582272658	83823567469481
83823569735262	83823590605158	83823569659533
83823576832919	83823598937189	83823576780783
83823685442033	83823698911356	83823685310679
83823687471617	83823707243283	83823687409585
83823693799794	83823715574689	83823693754273
83823748415523	83823765566616	83823748287085
83823751667658	83823773898387	83823751610471
83823762464950	83823782230314	83823762395731
83823772828439	83823790562032	83823772743492
83823785104064	83823798896304	83823785042867
83823793457242	83823807230314	83823793407294
83823894846200	83823907195678	83823894321096
83824009838387	83824023820158	83824009675835
83824118620679	83824132112085	83824118494481
83824120878856	83824140443283	83824120806304
83824235723387	83824248752293	83824235513752
83824351267241	83824365380002	83824351119950
83824470142137	83824481995835	83824469938908
83824583430054	83824598615522	83824583307293
83824693146512	83824706882293	83824692973960
83824808813595	83824823478751	83824808387502
83824928144116	83824940089897	83824927923231
83825032726668	83825048381928	83825032606772
83825150640470	83825164995939	83825150485314
83825277106772	83825289951616	83825276923751
83825359718856	83825373251719	83825359620210
83825367893543	83825381580314	83825367820939
83825483405053	83825498187709	83825483164376
83825598925210	83825614794063	83825598784324
83825709383230	83825723087085	83825709268855
83825717970470	83825731417918	83825717886303
83825793177657	83825806384428	83825793072866
83825796160314	83825814713907	83825796105678
83825800868595	83825823045366	83825800813751
83825809137293	83825831376199	83825809073126
83825916919845	83825931326876	83825916790001
83826034125366	83826047923595	83826033933074
83826148513699	83826164541667	83826148406928
83826268531720	83826281123282	83826268339064
83826373999272	83826389388855	83826373893959
83826492918230	83826506008699	83826492720313
83826599637345	83826614306927	83826599509376
83826708620678	83826722589219	83826708501876
83826835657709	83826847534271	83826835478230
83826941513074	83826955858281	83826941398438
83827057532917	83827072482657	83827057335053
83827174890001	83827189101562	83827174780157
83827291537136	83827305705885	83827291362292
83827401013386	83827413982135	83827400891459
83827527472188	83827538913073	83827527284740
83827632443021	83827647193594	83827632256980
83827747802136	83827763801927	83827747675313
83827836360313	83827855434687	83827836210053
83827855246042	83827872097709	83827855159740
83827858012032	83827880428646	83827857970730
83827869497605	83827888759739	83827869422396
83827874739115	83827897089114	83827874685157
83841409670204	83841423076349	83841409471402
83841418813433	83841431410412	83841418727391
83841427330464	83841439744682	83841427238068
83841458775047	83841473072339	83841458671974
83841461199474	83841481404005	83841461128954

