RUN_BEGIN cells=263 noise=1 iters=20 warmup=3 every=25 1790157302.311528
MARK CELL_BEGIN N0000 1790157302.311635
MARK CELL_END N0000 1790157302.426763
CELL {"seq":0,"id":"N0000","group":"N","rw":1024,"rh":1024,"sw":1024,"sh":1024,"ratio":"1x","reuse":1,"batch":1,"residency":"warm","readback":"none","iters":20,"iter_ns_p50":1708386,"iter_ns_p95":5268750,"per_op_ns_p50":1708386,"x_cpu_ticks":3,"errors":0,"pixel_ok":true,"wall":[1790157302.311635,1790157302.426763],"iter_ns":[2773959,1615000,1504948,1511510,1457500,1467760,1565521,2547709,5268750,1708386,1540989,1555260,1509115,1560000,2768073,1999479,1952083,2005989,2396406,2282916]}
MARK CELL_BEGIN A0049 1790157302.426799
MARK CELL_END A0049 1790157302.456445
CELL {"seq":1,"id":"A0049","group":"A","rw":64,"rh":64,"sw":64,"sh":64,"ratio":"1x","reuse":1,"batch":1,"residency":"warm","readback":"immediate","iters":20,"iter_ns_p50":778125,"iter_ns_p95":1735886,"per_op_ns_p50":778125,"x_cpu_ticks":2,"errors":0,"pixel_ok":true,"wall":[1790157302.426799,1790157302.456445],"iter_ns":[738229,937187,714531,688177,751979,771198,767500,756563,997552,753334,773281,778125,750157,995000,919323,823802,1735886,824218,1123906,1102187]}
MARK CELL_BEGIN B0215 1790157302.456482
MARK CELL_END B0215 1790157303.692034
CELL {"seq":2,"id":"B0215","group":"B","rw":1200,"rh":2608,"sw":1200,"sh":2608,"ratio":"1x","reuse":1,"batch":1,"residency":"cold","readback":"none","iters":20,"iter_ns_p50":14898959,"iter_ns_p95":17349583,"per_op_ns_p50":14898959,"x_cpu_ticks":87,"errors":0,"pixel_ok":true,"wall":[1790157302.456482,1790157303.692034],"iter_ns":[15424427,14046094,17349583,14279896,15356615,13395938,14423646,13724063,17065364,14978594,13174271,16753959,13835000,13873750,14122448,15648333,14171198,14898959,16658594,15396615]}
MARK CELL_BEGIN B0194 1790157303.692086
MARK CELL_END B0194 1790157303.776895
CELL {"seq":3,"id":"B0194","group":"B","rw":256,"rh":256,"sw":256,"sh":256,"ratio":"1x","reuse":1,"batch":1,"residency":"recreate","readback":"none","iters":20,"iter_ns_p50":2893906,"iter_ns_p95":7002917,"per_op_ns_p50":2893906,"x_cpu_ticks":2,"errors":0,"pixel_ok":true,"wall":[1790157303.692086,1790157303.776895],"iter_ns":[2847187,2983907,3000521,4362968,2871823,2893906,2937239,2800261,4676303,3424323,2673750,2638021,2858333,7002917,2886771,3013802,2571458,4341042,2666719,2612500]}
MARK CELL_BEGIN B0157 1790157303.776927
MARK CELL_END B0157 1790157303.822243
CELL {"seq":4,"id":"B0157","group":"B","rw":16,"rh":16,"sw":16,"sh":16,"ratio":"1x","reuse":1,"batch":1,"residency":"resize","readback":"none","iters":20,"iter_ns_p50":1598385,"iter_ns_p95":3259375,"per_op_ns_p50":1598385,"x_cpu_ticks":2,"errors":0,"pixel_ok":true,"wall":[1790157303.776927,1790157303.822243],"iter_ns":[3078073,1436250,1589115,1350990,1418437,1398489,1598385,1656198,1436406,1598125,3259375,1607865,1453437,1777239,1459011,1823229,1738281,1528230,2669948,2307239]}
MARK CELL_BEGIN A0129 1790157303.822271
MARK CELL_END A0129 1790157306.903384
CELL {"seq":5,"id":"A0129","group":"A","rw":3440,"rh":1440,"sw":3440,"sh":1440,"ratio":"1x","reuse":1,"batch":16,"residency":"warm","readback":"none","iters":20,"iter_ns_p50":121750000,"iter_ns_p95":135165052,"per_op_ns_p50":7609375,"x_cpu_ticks":159,"errors":0,"pixel_ok":true,"wall":[1790157303.822271,1790157306.903384],"iter_ns":[117659115,118269375,120262968,122163020,121419584,130021406,134683958,129103802,109379844,103240468,103879687,121626979,121990000,100515885,135165052,130954167,127816979,116834532,125907969,121750000]}
MARK CELL_BEGIN B0221 1790157306.903456
MARK CELL_END B0221 1790157308.223489
CELL {"seq":6,"id":"B0221","group":"B","rw":3440,"rh":1440,"sw":3440,"sh":1440,"ratio":"1x","reuse":1,"batch":1,"residency":"resize","readback":"none","iters":20,"iter_ns_p50":50239948,"iter_ns_p95":55361302,"per_op_ns_p50":50239948,"x_cpu_ticks":96,"errors":0,"pixel_ok":true,"wall":[1790157306.903456,1790157308.223489],"iter_ns":[52071771,52649323,48716615,45474688,47072188,53740052,52249479,40280886,52331146,42910000,51997344,50398021,50239948,44049375,46526511,55361302,51724115,47896563,49571354,44196979]}
MARK CELL_BEGIN A0057 1790157308.223562
MARK CELL_END A0057 1790157308.524484
CELL {"seq":7,"id":"A0057","group":"A","rw":64,"rh":64,"sw":64,"sh":64,"ratio":"1x","reuse":1,"batch":16,"residency":"warm","readback":"none","iters":20,"iter_ns_p50":11793490,"iter_ns_p95":19992969,"per_op_ns_p50":737093,"x_cpu_ticks":5,"errors":0,"pixel_ok":true,"wall":[1790157308.223562,1790157308.524484],"iter_ns":[7742291,8968125,6560156,8925208,7900052,8106719,9943177,11751927,18052813,14939271,19992969,14250886,18435990,16487864,11818542,9653333,6719531,11793490,15949844,16410209]}
MARK CELL_BEGIN C0260 1790157308.524549
MARK CELL_END C0260 1790157309.994737
CELL {"seq":8,"id":"C0260","group":"C","rw":1024,"rh":1024,"sw":2048,"sh":2048,"ratio":"4x","reuse":1,"batch":4,"residency":"cold","readback":"delayed","iters":20,"iter_ns_p50":27566614,"iter_ns_p95":31996042,"per_op_ns_p50":6891653,"x_cpu_ticks":108,"errors":0,"pixel_ok":true,"wall":[1790157308.524549,1790157309.994737],"iter_ns":[27438073,27398229,26574635,28747188,26106979,27643073,28618594,31996042,29218906,29267552,27030573,27480156,28559167,28642813,27566614,28987813,26493125,27338854,26834322,26722500]}
MARK CELL_BEGIN A0051 1790157309.994803
MARK CELL_END A0051 1790157310.070378
CELL {"seq":9,"id":"A0051","group":"A","rw":64,"rh":64,"sw":64,"sh":64,"ratio":"1x","reuse":1,"batch":4,"residency":"warm","readback":"none","iters":20,"iter_ns_p50":2519115,"iter_ns_p95":4962240,"per_op_ns_p50":629778,"x_cpu_ticks":0,"errors":0,"pixel_ok":true,"wall":[1790157309.994803,1790157310.070378],"iter_ns":[1652812,2092657,2061510,2035208,2519115,4127656,2762552,3525313,3219115,1823542,3764948,3489792,3050833,1902761,1768333,2308750,4962240,2237188,2820625,1961927]}
MARK CELL_BEGIN A0026 1790157310.070415
MARK CELL_END A0026 1790157310.097538
CELL {"seq":10,"id":"A0026","group":"A","rw":16,"rh":16,"sw":16,"sh":16,"ratio":"1x","reuse":1,"batch":1,"residency":"warm","readback":"delayed","iters":20,"iter_ns_p50":693958,"iter_ns_p95":1636406,"per_op_ns_p50":693958,"x_cpu_ticks":1,"errors":0,"pixel_ok":true,"wall":[1790157310.070415,1790157310.097538],"iter_ns":[771302,1035572,732761,694063,421250,441354,933438,1100208,686875,693958,1636406,1267969,643489,386770,386979,474791,971927,650261,657291,630000]}
MARK CELL_BEGIN A0064 1790157310.097578
MARK CELL_END A0064 1790157310.184987
CELL {"seq":11,"id":"A0064","group":"A","rw":128,"rh":128,"sw":128,"sh":128,"ratio":"1x","reuse":1,"batch":4,"residency":"warm","readback":"immediate","iters":20,"iter_ns_p50":2945156,"iter_ns_p95":7735625,"per_op_ns_p50":736289,"x_cpu_ticks":2,"errors":0,"pixel_ok":true,"wall":[1790157310.097578,1790157310.184987],"iter_ns":[3121875,3130573,2923593,7735625,4038750,3481667,6254323,2798438,2662708,2945156,2440573,4893125,2557292,2343229,1827240,2251615,2593229,3663021,3240105,2560104]}
MARK CELL_BEGIN A0058 1790157310.185017
MARK CELL_END A0058 1790157310.429589
CELL {"seq":12,"id":"A0058","group":"A","rw":64,"rh":64,"sw":64,"sh":64,"ratio":"1x","reuse":1,"batch":16,"residency":"warm","readback":"immediate","iters":20,"iter_ns_p50":9355261,"iter_ns_p95":15589062,"per_op_ns_p50":584703,"x_cpu_ticks":4,"errors":0,"pixel_ok":true,"wall":[1790157310.185017,1790157310.429589],"iter_ns":[11471094,12358802,11999010,9549167,7972865,6588177,8939740,10481823,13708542,15589062,10653438,7865833,6921980,9283021,6759270,8874218,9355261,10342136,8207812,5932395]}
MARK CELL_BEGIN B0134 1790157310.429624
MARK CELL_END B0134 1790157310.495704
CELL {"seq":13,"id":"B0134","group":"B","rw":1,"rh":1,"sw":1200,"sh":2191,"ratio":"redirected","reuse":1,"batch":1,"residency":"warm","readback":"none","iters":20,"iter_ns_p50":419271,"iter_ns_p95":1631927,"per_op_ns_p50":419271,"x_cpu_ticks":2,"errors":0,"pixel_ok":true,"wall":[1790157310.429624,1790157310.495704],"iter_ns":[943698,643230,419271,378646,371667,429792,423229,384010,388490,390677,385104,380104,369948,402187,374583,898698,931666,919428,701250,1631927]}
MARK CELL_BEGIN A0013 1790157310.495768
MARK CELL_END A0013 1790157310.518045
CELL {"seq":14,"id":"A0013","group":"A","rw":5,"rh":24,"sw":5,"sh":24,"ratio":"1x","reuse":1,"batch":1,"residency":"warm","readback":"immediate","iters":20,"iter_ns_p50":447916,"iter_ns_p95":1698334,"per_op_ns_p50":447916,"x_cpu_ticks":1,"errors":0,"pixel_ok":true,"wall":[1790157310.495768,1790157310.518045],"iter_ns":[1698334,1166614,720208,917760,640834,386145,435365,916198,720364,668229,419167,411719,403959,447916,397864,389166,426146,401302,435157,933282]}
MARK CELL_BEGIN A0009 1790157310.518079
MARK CELL_END A0009 1790157310.707181
CELL {"seq":15,"id":"A0009","group":"A","rw":1,"rh":1,"sw":1,"sh":1,"ratio":"1x","reuse":1,"batch":16,"residency":"warm","readback":"none","iters":20,"iter_ns_p50":8060937,"iter_ns_p95":11020260,"per_op_ns_p50":503808,"x_cpu_ticks":4,"errors":0,"pixel_ok":true,"wall":[1790157310.518079,1790157310.707181],"iter_ns":[5470729,11020260,8944375,7659948,5530312,8348021,8450625,6498438,8155000,8159062,8171563,5975729,7540990,5905364,6232916,7833073,9355104,8060937,6265521,8899010]}
MARK CELL_BEGIN A0062 1790157310.707211
MARK CELL_END A0062 1790157310.736949
CELL {"seq":16,"id":"A0062","group":"A","rw":128,"rh":128,"sw":128,"sh":128,"ratio":"1x","reuse":1,"batch":1,"residency":"warm","readback":"delayed","iters":20,"iter_ns_p50":929740,"iter_ns_p95":1882083,"per_op_ns_p50":929740,"x_cpu_ticks":1,"errors":0,"pixel_ok":true,"wall":[1790157310.707211,1790157310.736949],"iter_ns":[898177,626406,684584,648281,658489,937552,1004740,1882083,1320677,950052,933750,692708,658073,929740,948906,803125,705938,946302,671771,949323]}
MARK CELL_BEGIN A0128 1790157310.736987
MARK CELL_END A0128 1790157312.119573
CELL {"seq":17,"id":"A0128","group":"A","rw":3440,"rh":1440,"sw":3440,"sh":1440,"ratio":"1x","reuse":1,"batch":8,"residency":"warm","readback":"delayed","iters":20,"iter_ns_p50":50608177,"iter_ns_p95":73668334,"per_op_ns_p50":6326022,"x_cpu_ticks":60,"errors":0,"pixel_ok":true,"wall":[1790157310.736987,1790157312.119573],"iter_ns":[52119635,57300052,50288646,51897552,57750833,44280677,50608177,73668334,52427499,45647448,43212969,47652500,55147760,44584375,41449948,50960156,44688229,51636406,42866197,48231406]}
MARK CELL_BEGIN A0124 1790157312.119632
MARK CELL_END A0124 1790157313.035926
CELL {"seq":18,"id":"A0124","group":"A","rw":3440,"rh":1440,"sw":3440,"sh":1440,"ratio":"1x","reuse":1,"batch":4,"residency":"warm","readback":"immediate","iters":20,"iter_ns_p50":30365989,"iter_ns_p95":37248282,"per_op_ns_p50":7591497,"x_cpu_ticks":47,"errors":0,"pixel_ok":true,"wall":[1790157312.119632,1790157313.035926],"iter_ns":[33524323,27995469,28772396,37248282,33030417,30399427,28402135,28680573,28828646,30444010,31274167,31351614,27096666,30365989,33920157,26856510,29840885,26471250,24395625,32733541]}
MARK CELL_BEGIN A0101 1790157313.035980
MARK CELL_END A0101 1790157313.361064
CELL {"seq":19,"id":"A0101","group":"A","rw":1024,"rh":1024,"sw":1024,"sh":1024,"ratio":"1x","reuse":1,"batch":4,"residency":"warm","readback":"delayed","iters":20,"iter_ns_p50":11484688,"iter_ns_p95":17743958,"per_op_ns_p50":2871172,"x_cpu_ticks":11,"errors":0,"pixel_ok":true,"wall":[1790157313.035980,1790157313.361064],"iter_ns":[8388437,8805104,9371875,9589479,11602709,9024115,11830416,17720833,10173489,8191406,11118021,11484688,10327448,11575261,10810365,17743958,12509115,12194896,11959635,12562969]}
MARK CELL_BEGIN A0092 1790157313.361151
MARK CELL_END A0092 1790157313.609730
CELL {"seq":20,"id":"A0092","group":"A","rw":512,"rh":512,"sw":512,"sh":512,"ratio":"1x","reuse":1,"batch":8,"residency":"warm","readback":"delayed","iters":20,"iter_ns_p50":9328073,"iter_ns_p95":14251302,"per_op_ns_p50":1166009,"x_cpu_ticks":6,"errors":0,"pixel_ok":true,"wall":[1790157313.361151,1790157313.609730],"iter_ns":[7223594,8165157,7753073,8337344,6710781,9297813,8359427,14251302,10259062,9469792,11238854,10388646,10321771,9328073,9240520,11110990,8761510,10776145,11278333,7889010]}
MARK CELL_BEGIN A0047 1790157313.609770
MARK CELL_END A0047 1790157313.830224
CELL {"seq":21,"id":"A0047","group":"A","rw":32,"rh":32,"sw":32,"sh":32,"ratio":"1x","reuse":1,"batch":16,"residency":"warm","readback":"delayed","iters":20,"iter_ns_p50":8733125,"iter_ns_p95":12161406,"per_op_ns_p50":545820,"x_cpu_ticks":4,"errors":0,"pixel_ok":true,"wall":[1790157313.609770,1790157313.830224],"iter_ns":[8930365,10169271,9361615,7774584,5668125,10344688,12161406,7694739,6064948,9688229,9369010,10835156,6827292,8733125,9588542,8626145,6784791,7924427,7411250,8346093]}
MARK CELL_BEGIN B0210 1790157313.830278
MARK CELL_END B0210 1790157314.153273
CELL {"seq":22,"id":"B0210","group":"B","rw":1024,"rh":1024,"sw":1024,"sh":1024,"ratio":"1x","reuse":1,"batch":1,"residency":"resize","readback":"none","iters":20,"iter_ns_p50":12003802,"iter_ns_p95":16202604,"per_op_ns_p50":12003802,"x_cpu_ticks":21,"errors":0,"pixel_ok":true,"wall":[1790157313.830278,1790157314.153273],"iter_ns":[11723490,16202604,11953750,12003802,11873021,11348334,11827500,12471563,11792031,11795469,12017500,12504427,10762917,12475157,12751094,12351770,11595364,11821511,12186041,12010625]}
MARK CELL_BEGIN C0253 1790157314.153318
MARK CELL_END C0253 1790157315.365407
CELL {"seq":23,"id":"C0253","group":"C","rw":1024,"rh":1024,"sw":1200,"sh":2191,"ratio":"redirected","reuse":1,"batch":8,"residency":"recreate","readback":"immediate","iters":20,"iter_ns_p50":50347917,"iter_ns_p95":57389114,"per_op_ns_p50":6293489,"x_cpu_ticks":74,"errors":0,"pixel_ok":true,"wall":[1790157314.153318,1790157315.365407],"iter_ns":[54076615,55333646,47418177,46089896,47734167,57389114,48586667,46812396,47584583,54043021,54265729,47431614,50347917,49954531,51493178,51849271,49305938,51026042,50149115,56087031]}
MARK CELL_BEGIN A0118 1790157315.365464
MARK CELL_END A0118 1790157317.312937
CELL {"seq":24,"id":"A0118","group":"A","rw":1200,"rh":2608,"sw":1200,"sh":2608,"ratio":"1x","reuse":1,"batch":16,"residency":"warm","readback":"immediate","iters":20,"iter_ns_p50":78054375,"iter_ns_p95":95993854,"per_op_ns_p50":4878398,"x_cpu_ticks":93,"errors":0,"pixel_ok":true,"wall":[1790157315.365464,1790157317.312937],"iter_ns":[75122812,74711302,84702396,78616042,78054375,71488229,87110885,85848177,95993854,83597031,69979479,68649583,62765730,69903906,68383385,78918907,86293281,73987291,89235989,62763750]}
MARK CELL_BEGIN A0091 1790157317.312988
MARK CELL_END A0091 1790157317.572521
CELL {"seq":25,"id":"A0091","group":"A","rw":512,"rh":512,"sw":512,"sh":512,"ratio":"1x","reuse":1,"batch":8,"residency":"warm","readback":"immediate","iters":20,"iter_ns_p50":9460417,"iter_ns_p95":17653646,"per_op_ns_p50":1182552,"x_cpu_ticks":6,"errors":0,"pixel_ok":true,"wall":[1790157317.312988,1790157317.572521],"iter_ns":[10108281,12028958,8895260,9460417,9100520,8612969,9562656,17653646,12034947,8203333,9731771,9488854,11641563,9087500,9396459,9357760,7360156,10113490,8436823,8977344]}
MARK CELL_BEGIN N0000 1790157317.572574
MARK CELL_END N0000 1790157317.665326
CELL {"seq":26,"id":"N0000","group":"N","rw":1024,"rh":1024,"sw":1024,"sh":1024,"ratio":"1x","reuse":1,"batch":1,"residency":"warm","readback":"none","iters":20,"iter_ns_p50":1922760,"iter_ns_p95":3121927,"per_op_ns_p50":1922760,"x_cpu_ticks":4,"errors":0,"pixel_ok":true,"wall":[1790157317.572574,1790157317.665326],"iter_ns":[1922760,1897969,1885989,1862969,1987292,2938334,1898437,2078541,2092865,1973802,1958958,2032032,3121927,2330521,1761094,1823021,1769531,1768021,1727343,1889687]}
MARK CELL_BEGIN A0126 1790157317.665375
MARK CELL_END A0126 1790157319.077039
CELL {"seq":27,"id":"A0126","group":"A","rw":3440,"rh":1440,"sw":3440,"sh":1440,"ratio":"1x","reuse":1,"batch":8,"residency":"warm","readback":"none","iters":20,"iter_ns_p50":54110677,"iter_ns_p95":66398646,"per_op_ns_p50":6763834,"x_cpu_ticks":66,"errors":0,"pixel_ok":true,"wall":[1790157317.665375,1790157319.077039],"iter_ns":[56178958,57687292,50852135,54110677,56123958,54408750,44591979,56865104,57112916,63380677,55850990,66398646,49386875,49185000,46693229,43107552,41546823,47587657,45674584,41478750]}
MARK CELL_BEGIN A0082 1790157319.077088
MARK CELL_END A0082 1790157319.472224
CELL {"seq":28,"id":"A0082","group":"A","rw":256,"rh":256,"sw":256,"sh":256,"ratio":"1x","reuse":1,"batch":16,"residency":"warm","readback":"immediate","iters":20,"iter_ns_p50":15993021,"iter_ns_p95":24107604,"per_op_ns_p50":999563,"x_cpu_ticks":7,"errors":0,"pixel_ok":true,"wall":[1790157319.077088,1790157319.472224],"iter_ns":[14503125,15488385,18389427,15270364,17815156,15942604,17658958,13750937,15993021,24107604,12844947,12156719,13790052,17452604,19009271,14260209,16707552,19023333,20390104,15269375]}
MARK CELL_BEGIN A0040 1790157319.472287
MARK CELL_END A0040 1790157319.554964
CELL {"seq":29,"id":"A0040","group":"A","rw":32,"rh":32,"sw":32,"sh":32,"ratio":"1x","reuse":1,"batch":4,"residency":"warm","readback":"immediate","iters":20,"iter_ns_p50":3111875,"iter_ns_p95":5504062,"per_op_ns_p50":777968,"x_cpu_ticks":1,"errors":0,"pixel_ok":true,"wall":[1790157319.472287,1790157319.554964],"iter_ns":[3058698,5504062,1761875,2273438,3343959,1816354,3111875,3803698,1876250,1959791,2725729,3251458,3528698,4280625,2018541,3325885,3182136,1860208,4357031,2350208]}
MARK CELL_BEGIN B0191 1790157319.555008
MARK CELL_END B0191 1790157319.767462
CELL {"seq":30,"id":"B0191","group":"B","rw":256,"rh":256,"sw":256,"sh":256,"ratio":"1x","reuse":64,"batch":1,"residency":"warm","readback":"none","iters":20,"iter_ns_p50":9046823,"iter_ns_p95":12027968,"per_op_ns_p50":9046823,"x_cpu_ticks":10,"errors":0,"pixel_ok":true,"wall":[1790157319.555008,1790157319.767462],"iter_ns":[1941927,2042448,2274740,3124583,2034323,8793802,9303229,9275781,9847395,10556927,12027968,10791666,5081822,9385312,9300833,11701666,9046823,5041302,4032812,8818490]}
MARK CELL_BEGIN B0203 1790157319.767505
MARK CELL_END B0203 1790157319.888161
CELL {"seq":31,"id":"B0203","group":"B","rw":512,"rh":512,"sw":512,"sh":512,"ratio":"1x","reuse":1,"batch":1,"residency":"recreate","readback":"none","iters":20,"iter_ns_p50":4525625,"iter_ns_p95":6209792,"per_op_ns_p50":4525625,"x_cpu_ticks":5,"errors":0,"pixel_ok":true,"wall":[1790157319.767505,1790157319.888161],"iter_ns":[4788750,5819323,3936042,4525625,4074584,5898907,4178333,3884531,6209792,4512917,4061875,4250000,5729688,4336042,4261146,5983073,3788281,4700416,4606041,5671562]}
MARK CELL_BEGIN A0066 1790157319.888196
MARK CELL_END A0066 1790157320.061706
CELL {"seq":32,"id":"A0066","group":"A","rw":128,"rh":128,"sw":128,"sh":128,"ratio":"1x","reuse":1,"batch":8,"residency":"warm","readback":"none","iters":20,"iter_ns_p50":7191979,"iter_ns_p95":9001615,"per_op_ns_p50":898997,"x_cpu_ticks":3,"errors":0,"pixel_ok":true,"wall":[1790157319.888196,1790157320.061706],"iter_ns":[8671719,7476927,5484583,7693646,4849166,8030416,6181511,5628177,7902500,6247500,8248958,6913646,7962552,5880469,5340521,7662552,6665156,9001615,6855417,7191979]}
MARK CELL_BEGIN A0060 1790157320.061748
MARK CELL_END A0060 1790157320.091292
CELL {"seq":33,"id":"A0060","group":"A","rw":128,"rh":128,"sw":128,"sh":128,"ratio":"1x","reuse":1,"batch":1,"residency":"warm","readback":"none","iters":20,"iter_ns_p50":814271,"iter_ns_p95":1723594,"per_op_ns_p50":814271,"x_cpu_ticks":1,"errors":0,"pixel_ok":true,"wall":[1790157320.061748,1790157320.091292],"iter_ns":[741354,771719,735938,814271,811980,1221198,956771,1723594,1557968,1017187,934271,948698,931511,662813,746875,669635,952812,661459,684010,707969]}
MARK CELL_BEGIN A0113 1790157320.091482
MARK CELL_END A0113 1790157320.583364
CELL {"seq":34,"id":"A0113","group":"A","rw":1200,"rh":2608,"sw":1200,"sh":2608,"ratio":"1x","reuse":1,"batch":4,"residency":"warm","readback":"delayed","iters":20,"iter_ns_p50":15310313,"iter_ns_p95":27794219,"per_op_ns_p50":3827578,"x_cpu_ticks":20,"errors":0,"pixel_ok":true,"wall":[1790157320.091482,1790157320.583364],"iter_ns":[18424948,17204062,15078698,16018490,18406823,14637864,14673229,27794219,15950156,15672187,18202448,15310313,14441667,14362813,13985677,20730573,15174219,14106718,13909688,14216979]}
MARK CELL_BEGIN B0179 1790157320.583408
MARK CELL_END B0179 1790157320.659969
CELL {"seq":35,"id":"B0179","group":"B","rw":128,"rh":128,"sw":1200,"sh":2191,"ratio":"redirected","reuse":1,"batch":1,"residency":"warm","readback":"none","iters":20,"iter_ns_p50":909115,"iter_ns_p95":2757553,"per_op_ns_p50":909115,"x_cpu_ticks":2,"errors":0,"pixel_ok":true,"wall":[1790157320.583408,1790157320.659969],"iter_ns":[1163698,648802,888437,899271,661875,637708,672448,986823,968177,909115,659218,920989,664583,759427,1127344,1070937,939271,820781,2757553,1125312]}
MARK CELL_BEGIN A0103 1790157320.660053
MARK CELL_END A0103 1790157321.172750
CELL {"seq":36,"id":"A0103","group":"A","rw":1024,"rh":1024,"sw":1024,"sh":1024,"ratio":"1x","reuse":1,"batch":8,"residency":"warm","readback":"immediate","iters":20,"iter_ns_p50":19549114,"iter_ns_p95":28168541,"per_op_ns_p50":2443639,"x_cpu_ticks":20,"errors":0,"pixel_ok":true,"wall":[1790157320.660053,1790157321.172750],"iter_ns":[19803125,17266458,22556146,17467552,22778229,20352292,21211354,19525625,21000105,16241927,17269791,18462761,18878021,17391198,16647604,17980937,28168541,19549114,20418490,22419843]}
MARK CELL_BEGIN A0074 1790157321.172801
MARK CELL_END A0074 1790157321.214085
CELL {"seq":37,"id":"A0074","group":"A","rw":256,"rh":256,"sw":256,"sh":256,"ratio":"1x","reuse":1,"batch":1,"residency":"warm","readback":"delayed","iters":20,"iter_ns_p50":1149896,"iter_ns_p95":2002657,"per_op_ns_p50":1149896,"x_cpu_ticks":1,"errors":0,"pixel_ok":true,"wall":[1790157321.172801,1790157321.214085],"iter_ns":[959844,1222656,1244375,1105782,1104063,1110885,1151927,1728072,2002657,1800157,1164948,1149896,1179739,789948,826979,1297865,1005417,997448,1000417,1045730]}
MARK CELL_BEGIN A0023 1790157321.214127
MARK CELL_END A0023 1790157321.416904
CELL {"seq":38,"id":"A0023","group":"A","rw":5,"rh":24,"sw":5,"sh":24,"ratio":"1x","reuse":1,"batch":16,"residency":"warm","readback":"delayed","iters":20,"iter_ns_p50":8291250,"iter_ns_p95":11425833,"per_op_ns_p50":518203,"x_cpu_ticks":3,"errors":0,"pixel_ok":true,"wall":[1790157321.214127,1790157321.416904],"iter_ns":[8460677,7909011,11425833,8639948,7662448,5842448,8377500,8243229,6665677,8569114,8291250,9353073,8216354,7892031,6798333,10498281,7009583,8591511,8053021,9501042]}
MARK CELL_BEGIN C0244 1790157321.416937
MARK CELL_END C0244 1790157321.574789
CELL {"seq":39,"id":"C0244","group":"C","rw":64,"rh":64,"sw":128,"sh":128,"ratio":"4x","reuse":64,"batch":1,"residency":"warm","readback":"delayed","iters":20,"iter_ns_p50":7194583,"iter_ns_p95":10899427,"per_op_ns_p50":7194583,"x_cpu_ticks":5,"errors":0,"pixel_ok":true,"wall":[1790157321.416937,1790157321.574789],"iter_ns":[2380885,2067447,3749792,2240469,1969948,7287553,9238854,10899427,8452865,7210261,8425416,7194583,2014687,2469167,1838281,9088854,8034479,7120364,6865156,7601041]}
MARK CELL_BEGIN B0190 1790157321.574822
MARK CELL_END B0190 1790157321.692335
CELL {"seq":40,"id":"B0190","group":"B","rw":256,"rh":256,"sw":256,"sh":256,"ratio":"1x","reuse":16,"batch":1,"residency":"warm","readback":"none","iters":20,"iter_ns_p50":3159844,"iter_ns_p95":10645312,"per_op_ns_p50":3159844,"x_cpu_ticks":4,"errors":0,"pixel_ok":true,"wall":[1790157321.574822,1790157321.692335],"iter_ns":[2156563,2354896,3159844,2337500,2179531,8718177,10171875,8828333,10645312,5095729,9763490,3932032,9540990,1286145,940834,973542,934427,876927,2204167,3908229]}
MARK CELL_BEGIN A0042 1790157321.692370
MARK CELL_END A0042 1790157321.799922
CELL {"seq":41,"id":"A0042","group":"A","rw":32,"rh":32,"sw":32,"sh":32,"ratio":"1x","reuse":1,"batch":8,"residency":"warm","readback":"none","iters":20,"iter_ns_p50":4152864,"iter_ns_p95":6040208,"per_op_ns_p50":519108,"x_cpu_ticks":1,"errors":0,"pixel_ok":true,"wall":[1790157321.692370,1790157321.799922],"iter_ns":[3541823,5735469,3117968,4772760,4152864,4266562,4217135,2611458,3249479,5305209,3002344,3529688,5482396,6040208,4120573,4078438,5519166,4998594,3595729,3716458]}
MARK CELL_BEGIN A0043 1790157321.799960
MARK CELL_END A0043 1790157321.901735
CELL {"seq":42,"id":"A0043","group":"A","rw":32,"rh":32,"sw":32,"sh":32,"ratio":"1x","reuse":1,"batch":8,"residency":"warm","readback":"immediate","iters":20,"iter_ns_p50":3653021,"iter_ns_p95":6476458,"per_op_ns_p50":456627,"x_cpu_ticks":1,"errors":0,"pixel_ok":true,"wall":[1790157321.799960,1790157321.901735],"iter_ns":[3496042,3492447,3549948,3653021,5205990,3464323,3514844,3662343,6476458,2905208,4419739,5234948,3624219,2991146,3417656,3749688,5397552,3496094,4037448,3672917]}
MARK CELL_BEGIN A0085 1790157321.901769
MARK CELL_END A0085 1790157321.957103
CELL {"seq":43,"id":"A0085","group":"A","rw":512,"rh":512,"sw":512,"sh":512,"ratio":"1x","reuse":1,"batch":1,"residency":"warm","readback":"immediate","iters":20,"iter_ns_p50":1366198,"iter_ns_p95":2656823,"per_op_ns_p50":1366198,"x_cpu_ticks":3,"errors":0,"pixel_ok":true,"wall":[1790157321.901769,1790157321.957103],"iter_ns":[1317812,1351979,1288855,1480052,2142448,2656823,1104218,1293750,1313854,1308542,1267812,1224792,2361771,1304114,1825989,2361823,1635521,1461718,1366198,1841667]}
MARK CELL_BEGIN B0218 1790157321.957143
MARK CELL_END B0218 1790157322.285602
CELL {"seq":44,"id":"B0218","group":"B","rw":3440,"rh":1440,"sw":3440,"sh":2191,"ratio":"redirected","reuse":1,"batch":1,"residency":"warm","readback":"none","iters":20,"iter_ns_p50":4892500,"iter_ns_p95":9347552,"per_op_ns_p50":4892500,"x_cpu_ticks":13,"errors":0,"pixel_ok":true,"wall":[1790157321.957143,1790157322.285602],"iter_ns":[4221823,5599427,4482135,4085521,4424791,4936354,4462604,4592187,4766510,5748282,4285521,4871302,9347552,5045104,5892083,4877344,5053698,5124062,5762239,4892500]}
MARK CELL_BEGIN B0133 1790157322.285644
MARK CELL_END B0133 1790157322.307587
CELL {"seq":45,"id":"B0133","group":"B","rw":1,"rh":1,"sw":4,"sh":4,"ratio":"16x","reuse":1,"batch":1,"residency":"warm","readback":"none","iters":20,"iter_ns_p50":663958,"iter_ns_p95":1467500,"per_op_ns_p50":663958,"x_cpu_ticks":0,"errors":0,"pixel_ok":true,"wall":[1790157322.285644,1790157322.307587],"iter_ns":[1467500,726094,802864,697188,665365,429791,664062,410156,381303,372344,442813,759896,673281,385468,379583,375416,383906,377448,912292,663958]}
MARK CELL_BEGIN B0200 1790157322.307611
MARK CELL_END B0200 1790157322.650635
CELL {"seq":46,"id":"B0200","group":"B","rw":512,"rh":512,"sw":512,"sh":512,"ratio":"1x","reuse":64,"batch":1,"residency":"warm","readback":"none","iters":20,"iter_ns_p50":9689010,"iter_ns_p95":16121198,"per_op_ns_p50":9689010,"x_cpu_ticks":22,"errors":0,"pixel_ok":true,"wall":[1790157322.307611,1790157322.650635],"iter_ns":[2546041,6593334,3041563,2831302,2806979,9260416,7915000,12275312,12858229,14512032,9689010,12919792,12432708,7610469,7993542,13187917,8185677,12942969,11505104,16121198]}
MARK CELL_BEGIN A0037 1790157322.650669
MARK CELL_END A0037 1790157322.687466
CELL {"seq":47,"id":"A0037","group":"A","rw":32,"rh":32,"sw":32,"sh":32,"ratio":"1x","reuse":1,"batch":1,"residency":"warm","readback":"immediate","iters":20,"iter_ns_p50":1059167,"iter_ns_p95":6002813,"per_op_ns_p50":1059167,"x_cpu_ticks":2,"errors":0,"pixel_ok":true,"wall":[1790157322.650669,1790157322.687466],"iter_ns":[979427,705364,437188,440208,1012084,1746666,6002813,1060573,720677,876250,834532,1114739,911198,1159062,1125833,1059167,907344,2988333,1153906,1120625]}
MARK CELL_BEGIN C0262 1790157322.687510
MARK CELL_END C0262 1790157322.723173
CELL {"seq":48,"id":"C0262","group":"C","rw":32,"rh":32,"sw":128,"sh":128,"ratio":"16x","reuse":1,"batch":1,"residency":"warm","readback":"delayed","iters":20,"iter_ns_p50":1031719,"iter_ns_p95":1884896,"per_op_ns_p50":1031719,"x_cpu_ticks":0,"errors":0,"pixel_ok":true,"wall":[1790157322.687510,1790157322.723173],"iter_ns":[1621093,818958,1059739,1085157,923854,1251562,806667,1293125,863281,753281,737396,1001562,1100677,919427,1884896,1768646,1153386,1031719,802240,786770]}
MARK CELL_BEGIN C0237 1790157322.723218
MARK CELL_END C0237 1790157323.329936
CELL {"seq":49,"id":"C0237","group":"C","rw":1024,"rh":1024,"sw":1024,"sh":1024,"ratio":"1x","reuse":1,"batch":4,"residency":"cold","readback":"none","iters":20,"iter_ns_p50":12437656,"iter_ns_p95":14268333,"per_op_ns_p50":3109414,"x_cpu_ticks":33,"errors":0,"pixel_ok":true,"wall":[1790157322.723218,1790157323.329936],"iter_ns":[12398542,12061511,12198333,13448229,11610365,11953125,12314011,12461094,12200677,12745365,12575209,12586823,13189948,12509427,12437656,11996354,12560677,12382135,12088542,14268333]}
MARK CELL_BEGIN A0104 1790157323.329974
MARK CELL_END A0104 1790157323.792172
CELL {"seq":50,"id":"A0104","group":"A","rw":1024,"rh":1024,"sw":1024,"sh":1024,"ratio":"1x","reuse":1,"batch":8,"residency":"warm","readback":"delayed","iters":20,"iter_ns_p50":16012760,"iter_ns_p95":26062604,"per_op_ns_p50":2001595,"x_cpu_ticks":13,"errors":0,"pixel_ok":true,"wall":[1790157323.329974,1790157323.792172],"iter_ns":[14699063,15192292,15250573,14053385,15590677,16681094,26062604,20478802,14979010,17775625,19698438,13718802,15198021,16012760,14724167,19780781,16027604,16006302,16251510,22386459]}
MARK CELL_BEGIN C0225 1790157323.792340
MARK CELL_END C0225 1790157324.184036
CELL {"seq":51,"id":"C0225","group":"C","rw":32,"rh":32,"sw":1200,"sh":2191,"ratio":"redirected","reuse":4,"batch":16,"residency":"warm","readback":"delayed","iters":20,"iter_ns_p50":11576198,"iter_ns_p95":24392448,"per_op_ns_p50":723512,"x_cpu_ticks":12,"errors":0,"pixel_ok":true,"wall":[1790157323.792340,1790157324.184036],"iter_ns":[24392448,9532708,11576198,7969062,6385781,8301822,6058698,10213802,13223385,12829792,16648073,15540521,7389427,12164219,8880937,13012708,10068177,10897343,15184896,12878281]}
MARK CELL_BEGIN N0000 1790157324.184063
MARK CELL_END N0000 1790157324.284449
CELL {"seq":52,"id":"N0000","group":"N","rw":1024,"rh":1024,"sw":1024,"sh":1024,"ratio":"1x","reuse":1,"batch":1,"residency":"warm","readback":"none","iters":20,"iter_ns_p50":2256563,"iter_ns_p95":3873125,"per_op_ns_p50":2256563,"x_cpu_ticks":3,"errors":0,"pixel_ok":true,"wall":[1790157324.184063,1790157324.284449],"iter_ns":[1859062,1822344,1995417,2695208,2113802,1739948,1750365,2446719,2396667,1919375,2972448,2240000,1967865,2127812,2602552,2584791,2829375,3873125,2709739,2256563]}
MARK CELL_BEGIN B0145 1790157324.284490
MARK CELL_END B0145 1790157324.368795
CELL {"seq":53,"id":"B0145","group":"B","rw":5,"rh":24,"sw":5,"sh":24,"ratio":"1x","reuse":16,"batch":1,"residency":"warm","readback":"none","iters":20,"iter_ns_p50":1744323,"iter_ns_p95":11531302,"per_op_ns_p50":1744323,"x_cpu_ticks":1,"errors":0,"pixel_ok":true,"wall":[1790157324.284490,1790157324.368795],"iter_ns":[1546511,2567968,1744323,1820937,1564479,6921718,1560833,7610573,2403073,11531302,5602865,6954584,3785885,1260000,748021,691094,980781,675938,417813,400157]}
MARK CELL_BEGIN A0107 1790157324.368832
MARK CELL_END A0107 1790157325.413429
CELL {"seq":54,"id":"A0107","group":"A","rw":1024,"rh":1024,"sw":1024,"sh":1024,"ratio":"1x","reuse":1,"batch":16,"residency":"warm","readback":"delayed","iters":20,"iter_ns_p50":42699687,"iter_ns_p95":50491771,"per_op_ns_p50":2668730,"x_cpu_ticks":38,"errors":0,"pixel_ok":true,"wall":[1790157324.368832,1790157325.413429],"iter_ns":[40213229,48862656,50491771,45546980,36282187,35724062,42722552,47505989,44130782,36063230,35696666,40583437,39880313,42699687,43166250,50109167,46651562,36110573,33296719,39452083]}
MARK CELL_BEGIN A0059 1790157325.413475
MARK CELL_END A0059 1790157325.717001
CELL {"seq":55,"id":"A0059","group":"A","rw":64,"rh":64,"sw":64,"sh":64,"ratio":"1x","reuse":1,"batch":16,"residency":"warm","readback":"delayed","iters":20,"iter_ns_p50":11926875,"iter_ns_p95":20223125,"per_op_ns_p50":745429,"x_cpu_ticks":5,"errors":0,"pixel_ok":true,"wall":[1790157325.413475,1790157325.717001],"iter_ns":[12889531,11926875,14223907,11406302,9706927,9936198,10229948,12221823,14451719,10828229,11509375,8333594,20223125,17969323,17356875,19770000,11187709,13731094,7043177,7853282]}
MARK CELL_BEGIN B0196 1790157325.717032
MARK CELL_END B0196 1790157325.844639
CELL {"seq":56,"id":"B0196","group":"B","rw":512,"rh":512,"sw":2048,"sh":2048,"ratio":"16x","reuse":1,"batch":1,"residency":"warm","readback":"none","iters":20,"iter_ns_p50":1106927,"iter_ns_p95":2139167,"per_op_ns_p50":1106927,"x_cpu_ticks":5,"errors":0,"pixel_ok":true,"wall":[1790157325.717032,1790157325.844639],"iter_ns":[1093177,1037812,1036718,1485573,1216719,1242291,2139167,1791302,1055833,1238125,1067083,1072292,1075000,1106927,1035365,1044010,1006614,1205260,1191563,1972969]}
MARK CELL_BEGIN B0159 1790157325.844692
MARK CELL_END B0159 1790157325.873986
CELL {"seq":57,"id":"B0159","group":"B","rw":32,"rh":32,"sw":64,"sh":64,"ratio":"4x","reuse":1,"batch":1,"residency":"warm","readback":"none","iters":20,"iter_ns_p50":738230,"iter_ns_p95":5852761,"per_op_ns_p50":738230,"x_cpu_ticks":0,"errors":0,"pixel_ok":true,"wall":[1790157325.844692,1790157325.873986],"iter_ns":[375573,430781,402500,419115,390104,379375,413177,964948,784480,738230,690469,420625,460417,1014114,740313,797135,1013802,2022761,5852761,744844]}
MARK CELL_BEGIN B0173 1790157325.874035
MARK CELL_END B0173 1790157326.036819
CELL {"seq":58,"id":"B0173","group":"B","rw":64,"rh":64,"sw":64,"sh":64,"ratio":"1x","reuse":64,"batch":1,"residency":"warm","readback":"none","iters":20,"iter_ns_p50":7373281,"iter_ns_p95":9871979,"per_op_ns_p50":7373281,"x_cpu_ticks":5,"errors":0,"pixel_ok":true,"wall":[1790157325.874035,1790157326.036819],"iter_ns":[1777396,1963073,2135469,2041354,3166354,7325677,7373281,9307240,9003489,9512448,3248437,3232552,8878542,2795469,8298177,8250313,4273646,9871979,9228125,8667969]}
MARK CELL_BEGIN C0247 1790157326.036862
MARK CELL_END C0247 1790157327.748063
CELL {"seq":59,"id":"C0247","group":"C","rw":512,"rh":512,"sw":2048,"sh":2048,"ratio":"16x","reuse":1,"batch":16,"residency":"recreate","readback":"immediate","iters":20,"iter_ns_p50":71524844,"iter_ns_p95":75959375,"per_op_ns_p50":4470302,"x_cpu_ticks":112,"errors":0,"pixel_ok":true,"wall":[1790157326.036862,1790157327.748063],"iter_ns":[69245052,69464323,71552865,75229791,75959375,65134115,65207448,74875157,64063802,71524844,72314166,72884688,73386979,67178958,69083907,64069427,74558072,75768698,71466719,65741458]}
MARK CELL_BEGIN B0197 1790157327.748144
MARK CELL_END B0197 1790157327.836785
CELL {"seq":60,"id":"B0197","group":"B","rw":512,"rh":512,"sw":1200,"sh":2191,"ratio":"redirected","reuse":1,"batch":1,"residency":"warm","readback":"none","iters":20,"iter_ns_p50":1029531,"iter_ns_p95":1905416,"per_op_ns_p50":1029531,"x_cpu_ticks":4,"errors":0,"pixel_ok":true,"wall":[1790157327.748144,1790157327.836785],"iter_ns":[976823,978593,1163021,1039792,1243906,993906,1024114,1029531,1028020,1905416,1247500,1011146,1025990,1011927,991042,1004375,1055573,1030156,1034479,1035573]}
MARK CELL_BEGIN B0187 1790157327.836842
MARK CELL_END B0187 1790157327.894648
CELL {"seq":61,"id":"B0187","group":"B","rw":256,"rh":256,"sw":1024,"sh":1024,"ratio":"16x","reuse":1,"batch":1,"residency":"warm","readback":"none","iters":20,"iter_ns_p50":994688,"iter_ns_p95":4689375,"per_op_ns_p50":994688,"x_cpu_ticks":2,"errors":0,"pixel_ok":true,"wall":[1790157327.836842,1790157327.894648],"iter_ns":[986615,960729,954844,986927,966302,1370260,1680261,1764167,4689375,1188177,924739,807500,1209896,994688,750625,800416,878802,1161667,1031979,1859323]}
MARK CELL_BEGIN A0108 1790157327.894681
MARK CELL_END A0108 1790157328.121077
CELL {"seq":62,"id":"A0108","group":"A","rw":1200,"rh":2608,"sw":1200,"sh":2608,"ratio":"1x","reuse":1,"batch":1,"residency":"warm","readback":"none","iters":20,"iter_ns_p50":5235052,"iter_ns_p95":7107344,"per_op_ns_p50":5235052,"x_cpu_ticks":10,"errors":0,"pixel_ok":true,"wall":[1790157327.894681,1790157328.121077],"iter_ns":[5235052,3500937,3551927,3848385,6221980,3897240,3778125,3874323,5436302,4381406,4647240,5393594,6927708,4628229,7107344,5711927,5591719,7023385,4653333,5632083]}
MARK CELL_BEGIN B0146 1790157328.121140
MARK CELL_END B0146 1790157328.238072
CELL {"seq":63,"id":"B0146","group":"B","rw":5,"rh":24,"sw":5,"sh":24,"ratio":"1x","reuse":64,"batch":1,"residency":"warm","readback":"none","iters":20,"iter_ns_p50":3706823,"iter_ns_p95":9167917,"per_op_ns_p50":3706823,"x_cpu_ticks":2,"errors":0,"pixel_ok":true,"wall":[1790157328.121140,1790157328.238072],"iter_ns":[7852188,2227396,1635469,1570521,1824740,3006875,1814740,1858542,1814115,6872605,7845625,8520521,7074218,8237969,9167917,6781250,2210885,3706823,6753437,2306770]}
MARK CELL_BEGIN C0251 1790157328.238107
MARK CELL_END C0251 1790157328.475507
CELL {"seq":64,"id":"C0251","group":"C","rw":16,"rh":16,"sw":64,"sh":64,"ratio":"16x","reuse":1,"batch":8,"residency":"cold","readback":"immediate","iters":20,"iter_ns_p50":9855677,"iter_ns_p95":14560521,"per_op_ns_p50":1231959,"x_cpu_ticks":5,"errors":0,"pixel_ok":true,"wall":[1790157328.238107,1790157328.475507],"iter_ns":[11025782,12115678,7667032,10567031,4578229,9545365,5442813,14560521,9855677,5282448,10599740,12609375,7940468,11336979,10498698,6538021,7385573,4906406,11566562,7920208]}
MARK CELL_BEGIN C0252 1790157328.475546
MARK CELL_END C0252 1790157329.967471
CELL {"seq":65,"id":"C0252","group":"C","rw":512,"rh":512,"sw":2048,"sh":2048,"ratio":"16x","reuse":1,"batch":8,"residency":"recreate","readback":"delayed","iters":20,"iter_ns_p50":62100104,"iter_ns_p95":65453437,"per_op_ns_p50":7762513,"x_cpu_ticks":102,"errors":0,"pixel_ok":true,"wall":[1790157328.475546,1790157329.967471],"iter_ns":[62419948,61190469,62474739,59754844,64182709,55853489,60339531,60701198,65269635,62817500,65453437,64607240,60270990,62565938,59078125,59186094,62100104,61712031,63945052,61720052]}
MARK CELL_BEGIN A0033 1790157329.967519
MARK CELL_END A0033 1790157330.430880
CELL {"seq":66,"id":"A0033","group":"A","rw":16,"rh":16,"sw":16,"sh":16,"ratio":"1x","reuse":1,"batch":16,"residency":"warm","readback":"none","iters":20,"iter_ns_p50":14476146,"iter_ns_p95":62021250,"per_op_ns_p50":904759,"x_cpu_ticks":7,"errors":0,"pixel_ok":true,"wall":[1790157329.967519,1790157330.430880],"iter_ns":[62021250,13374375,19705730,14245833,19377552,20725364,23148959,23274740,26921094,14946718,9946927,14476146,16967500,12839948,10457083,8151718,10500261,7955000,9683802,7770625]}
MARK CELL_BEGIN B0216 1790157330.430921
MARK CELL_END B0216 1790157331.241883
CELL {"seq":67,"id":"B0216","group":"B","rw":1200,"rh":2608,"sw":1200,"sh":2608,"ratio":"1x","reuse":1,"batch":1,"residency":"resize","readback":"none","iters":20,"iter_ns_p50":30127292,"iter_ns_p95":56227292,"per_op_ns_p50":30127292,"x_cpu_ticks":52,"errors":0,"pixel_ok":true,"wall":[1790157330.430921,1790157331.241883],"iter_ns":[31083542,30280052,29879843,30127292,29731979,34329011,35255990,33184219,35704062,56227292,35449948,25146771,27492292,32873125,24975677,25527865,21786718,25066927,22984896,23507916]}
MARK CELL_BEGIN C0229 1790157331.241976
MARK CELL_END C0229 1790157331.490454
CELL {"seq":68,"id":"C0229","group":"C","rw":256,"rh":256,"sw":1024,"sh":1024,"ratio":"16x","reuse":4,"batch":8,"residency":"warm","readback":"immediate","iters":20,"iter_ns_p50":8156614,"iter_ns_p95":20473698,"per_op_ns_p50":1019576,"x_cpu_ticks":5,"errors":0,"pixel_ok":true,"wall":[1790157331.241976,1790157331.490454],"iter_ns":[9921250,7554271,7392500,7389792,8156614,6834375,7507344,7975729,7437760,11556615,10871667,20473698,8487968,7578959,7482552,9653125,8552605,8504479,6447709,8300000]}
MARK CELL_BEGIN A0080 1790157331.490680
MARK CELL_END A0080 1790157331.694833
CELL {"seq":69,"id":"A0080","group":"A","rw":256,"rh":256,"sw":256,"sh":256,"ratio":"1x","reuse":1,"batch":8,"residency":"warm","readback":"delayed","iters":20,"iter_ns_p50":7771406,"iter_ns_p95":12797968,"per_op_ns_p50":971425,"x_cpu_ticks":3,"errors":0,"pixel_ok":true,"wall":[1790157331.490680,1790157331.694833],"iter_ns":[8807917,6851146,7696042,7771406,12797968,10821771,7777708,6461562,8338281,9969167,6795937,5833438,9759427,7258541,11128698,6899115,6331146,6818802,8714791,6905625]}
MARK CELL_BEGIN B0181 1790157331.694865
MARK CELL_END B0181 1790157331.796946
CELL {"seq":70,"id":"B0181","group":"B","rw":128,"rh":128,"sw":128,"sh":128,"ratio":"1x","reuse":16,"batch":1,"residency":"warm","readback":"none","iters":20,"iter_ns_p50":2733750,"iter_ns_p95":8792969,"per_op_ns_p50":2733750,"x_cpu_ticks":2,"errors":0,"pixel_ok":true,"wall":[1790157331.694865,1790157331.796946],"iter_ns":[3399062,2363854,2712292,3325677,2244843,2877395,3507448,8792969,3911093,2733750,2667396,7679219,8212552,1680364,1078854,1594896,1349531,968438,1225052,4924688]}
MARK CELL_BEGIN A0025 1790157331.796977
MARK CELL_END A0025 1790157331.833367
CELL {"seq":71,"id":"A0025","group":"A","rw":16,"rh":16,"sw":16,"sh":16,"ratio":"1x","reuse":1,"batch":1,"residency":"warm","readback":"immediate","iters":20,"iter_ns_p50":983698,"iter_ns_p95":3133906,"per_op_ns_p50":983698,"x_cpu_ticks":1,"errors":0,"pixel_ok":true,"wall":[1790157331.796977,1790157331.833367],"iter_ns":[983698,801666,3133906,1247864,785313,932448,1050156,784427,1575729,735209,730365,1767708,765990,1141146,1453073,1862292,908489,1152916,647604,698438]}
MARK CELL_BEGIN A0098 1790157331.833390
MARK CELL_END A0098 1790157331.957270
CELL {"seq":72,"id":"A0098","group":"A","rw":1024,"rh":1024,"sw":1024,"sh":1024,"ratio":"1x","reuse":1,"batch":1,"residency":"warm","readback":"delayed","iters":20,"iter_ns_p50":2074427,"iter_ns_p95":12164635,"per_op_ns_p50":2074427,"x_cpu_ticks":3,"errors":0,"pixel_ok":true,"wall":[1790157331.833390,1790157331.957270],"iter_ns":[1811406,2588021,1017656,1665573,1696407,2749062,2045416,9323594,2074427,1457083,2913855,3205261,2573229,1913958,1457917,12164635,2744583,1345573,1906198,2150208]}
MARK CELL_BEGIN C0235 1790157331.957304
MARK CELL_END C0235 1790157332.529785
CELL {"seq":73,"id":"C0235","group":"C","rw":16,"rh":16,"sw":1200,"sh":2191,"ratio":"redirected","reuse":1,"batch":4,"residency":"recreate","readback":"none","iters":20,"iter_ns_p50":23291563,"iter_ns_p95":27734948,"per_op_ns_p50":5822890,"x_cpu_ticks":33,"errors":0,"pixel_ok":true,"wall":[1790157331.957304,1790157332.529785],"iter_ns":[27611406,24166302,24365833,24560782,23376615,23448854,20865052,23091875,21543385,22227188,22791771,20396250,22598750,23291563,23362708,22661510,27734948,26576979,19300000,21755417]}
MARK CELL_BEGIN B0174 1790157332.529820
MARK CELL_END B0174 1790157332.610119
CELL {"seq":74,"id":"B0174","group":"B","rw":64,"rh":64,"sw":64,"sh":64,"ratio":"1x","reuse":1,"batch":1,"residency":"cold","readback":"none","iters":20,"iter_ns_p50":1905104,"iter_ns_p95":5602813,"per_op_ns_p50":1905104,"x_cpu_ticks":2,"errors":0,"pixel_ok":true,"wall":[1790157332.529820,1790157332.610119],"iter_ns":[2141458,1759687,1544167,1792916,1905104,2216406,2474791,1566823,2232604,1480938,1432813,1672396,2147343,1626667,1679739,2178073,1639635,5602813,2929323,2665573]}
MARK CELL_BEGIN A0022 1790157332.610141
MARK CELL_END A0022 1790157332.852051
CELL {"seq":75,"id":"A0022","group":"A","rw":5,"rh":24,"sw":5,"sh":24,"ratio":"1x","reuse":1,"batch":16,"residency":"warm","readback":"immediate","iters":20,"iter_ns_p50":9929583,"iter_ns_p95":12937657,"per_op_ns_p50":620598,"x_cpu_ticks":4,"errors":0,"pixel_ok":true,"wall":[1790157332.610141,1790157332.852051],"iter_ns":[7978386,7197657,9923490,12147188,11296146,7924011,12150520,9929583,8828489,11304688,10717604,8582760,11434270,9510833,7507865,10270417,12354947,8732448,9114531,12937657]}
MARK CELL_BEGIN A0012 1790157332.852087
MARK CELL_END A0012 1790157332.886724
CELL {"seq":76,"id":"A0012","group":"A","rw":5,"rh":24,"sw":5,"sh":24,"ratio":"1x","reuse":1,"batch":1,"residency":"warm","readback":"none","iters":20,"iter_ns_p50":884271,"iter_ns_p95":5268750,"per_op_ns_p50":884271,"x_cpu_ticks":1,"errors":0,"pixel_ok":true,"wall":[1790157332.852087,1790157332.886724],"iter_ns":[780260,1051615,935782,681771,605105,869010,793958,884271,1036979,5268750,1735313,1255261,701198,1200156,1135208,725573,848073,1200416,801250,761459]}
MARK CELL_BEGIN A0005 1790157332.886747
MARK CELL_END A0005 1790157332.963865
CELL {"seq":77,"id":"A0005","group":"A","rw":1,"rh":1,"sw":1,"sh":1,"ratio":"1x","reuse":1,"batch":4,"residency":"warm","readback":"delayed","iters":20,"iter_ns_p50":2790104,"iter_ns_p95":4752136,"per_op_ns_p50":697526,"x_cpu_ticks":1,"errors":0,"pixel_ok":true,"wall":[1790157332.886747,1790157332.963865],"iter_ns":[2045052,4752136,2322135,2342865,2944271,3198698,2627344,3267656,1938334,2391562,2853438,2790104,2801146,4712292,2786823,3469010,2004687,2445417,3465990,2470417]}
MARK CELL_BEGIN N0000 1790157332.963897
MARK CELL_END N0000 1790157333.049669
CELL {"seq":78,"id":"N0000","group":"N","rw":1024,"rh":1024,"sw":1024,"sh":1024,"ratio":"1x","reuse":1,"batch":1,"residency":"warm","readback":"none","iters":20,"iter_ns_p50":1620729,"iter_ns_p95":3479167,"per_op_ns_p50":1620729,"x_cpu_ticks":2,"errors":0,"pixel_ok":true,"wall":[1790157332.963897,1790157333.049669],"iter_ns":[1780520,1311198,1472604,3479167,1684844,1400833,1469584,1725990,2087604,2914584,1509114,1620729,2458281,1910677,1489063,1415677,1208333,2738645,1331875,1342604]}
MARK CELL_BEGIN A0016 1790157333.049733
MARK CELL_END A0016 1790157333.138946
CELL {"seq":79,"id":"A0016","group":"A","rw":5,"rh":24,"sw":5,"sh":24,"ratio":"1x","reuse":1,"batch":4,"residency":"warm","readback":"immediate","iters":20,"iter_ns_p50":2896875,"iter_ns_p95":5732031,"per_op_ns_p50":724218,"x_cpu_ticks":2,"errors":0,"pixel_ok":true,"wall":[1790157333.049733,1790157333.138946],"iter_ns":[3482968,5037761,2552917,3471927,2623385,1811510,2361927,3767500,2893385,2896875,3853281,2061406,5732031,2807344,5162604,2821511,4331302,2512917,3574480,2035937]}
MARK CELL_BEGIN A0094 1790157333.139109
MARK CELL_END A0094 1790157333.520085
CELL {"seq":80,"id":"A0094","group":"A","rw":512,"rh":512,"sw":512,"sh":512,"ratio":"1x","reuse":1,"batch":16,"residency":"warm","readback":"immediate","iters":20,"iter_ns_p50":15356094,"iter_ns_p95":20811562,"per_op_ns_p50":959755,"x_cpu_ticks":9,"errors":0,"pixel_ok":true,"wall":[1790157333.139109,1790157333.520085],"iter_ns":[17618385,15356094,20185208,15496250,17352865,13338489,15114219,14824114,17012969,13979375,14778645,15663386,15889479,14841250,18095781,20811562,10891407,14680260,12986979,13597187]}
MARK CELL_BEGIN C0256 1790157333.520113
MARK CELL_END C0256 1790157333.717185
CELL {"seq":81,"id":"C0256","group":"C","rw":512,"rh":512,"sw":512,"sh":512,"ratio":"1x","reuse":4,"batch":8,"residency":"warm","readback":"none","iters":20,"iter_ns_p50":7190104,"iter_ns_p95":9777343,"per_op_ns_p50":898763,"x_cpu_ticks":5,"errors":0,"pixel_ok":true,"wall":[1790157333.520113,1790157333.717185],"iter_ns":[8557188,7783438,8595938,6991979,6909688,5872709,9777343,6800990,6879063,6839375,7703437,7999792,6728750,7575104,5365573,8666562,7412448,6787448,6777657,7190104]}
MARK CELL_BEGIN A0068 1790157333.717213
MARK CELL_END A0068 1790157333.854171
CELL {"seq":82,"id":"A0068","group":"A","rw":128,"rh":128,"sw":128,"sh":128,"ratio":"1x","reuse":1,"batch":8,"residency":"warm","readback":"delayed","iters":20,"iter_ns_p50":5446198,"iter_ns_p95":8043021,"per_op_ns_p50":680774,"x_cpu_ticks":3,"errors":0,"pixel_ok":true,"wall":[1790157333.717213,1790157333.854171],"iter_ns":[6967343,6199531,5010469,4770052,4110052,6086667,5446198,6600469,5658125,4967135,3596771,4783386,4130521,6772500,8043021,5195261,4176042,5762709,4008386,6863802]}
MARK CELL_BEGIN B0178 1790157333.854200
MARK CELL_END B0178 1790157333.889114
CELL {"seq":83,"id":"B0178","group":"B","rw":128,"rh":128,"sw":512,"sh":512,"ratio":"16x","reuse":1,"batch":1,"residency":"warm","readback":"none","iters":20,"iter_ns_p50":881198,"iter_ns_p95":2467864,"per_op_ns_p50":881198,"x_cpu_ticks":0,"errors":0,"pixel_ok":true,"wall":[1790157333.854200,1790157333.889114],"iter_ns":[751094,807031,963229,814219,850313,1119479,1033021,721667,998698,709011,881198,922292,803906,934636,1154011,2467864,901406,852812,804219,745677]}
MARK CELL_BEGIN A0083 1790157333.889143
MARK CELL_END A0083 1790157334.156262
CELL {"seq":84,"id":"A0083","group":"A","rw":256,"rh":256,"sw":256,"sh":256,"ratio":"1x","reuse":1,"batch":16,"residency":"warm","readback":"delayed","iters":20,"iter_ns_p50":10583334,"iter_ns_p95":13761771,"per_op_ns_p50":661458,"x_cpu_ticks":6,"errors":0,"pixel_ok":true,"wall":[1790157333.889143,1790157334.156262],"iter_ns":[11069114,10833229,12142760,9862604,9043489,11642448,11149844,10046354,13761771,8675469,9563229,9431406,13131667,9896563,10583334,12466094,8037656,10335937,9260625,13140677]}
MARK CELL_BEGIN A0030 1790157334.156288
MARK CELL_END A0030 1790157334.295612
CELL {"seq":85,"id":"A0030","group":"A","rw":16,"rh":16,"sw":16,"sh":16,"ratio":"1x","reuse":1,"batch":8,"residency":"warm","readback":"none","iters":20,"iter_ns_p50":5434323,"iter_ns_p95":7393385,"per_op_ns_p50":679290,"x_cpu_ticks":2,"errors":0,"pixel_ok":true,"wall":[1790157334.156288,1790157334.295612],"iter_ns":[6412969,4610468,6075730,7393385,7339895,6032083,4247083,6217500,5434323,6381667,5188906,5710729,4712656,5668021,5293073,5198646,5054167,3273802,4855469,4673854]}
MARK CELL_BEGIN B0192 1790157334.295670
MARK CELL_END B0192 1790157334.392652
CELL {"seq":86,"id":"B0192","group":"B","rw":256,"rh":256,"sw":256,"sh":256,"ratio":"1x","reuse":1,"batch":1,"residency":"cold","readback":"none","iters":20,"iter_ns_p50":2313594,"iter_ns_p95":3170469,"per_op_ns_p50":2313594,"x_cpu_ticks":3,"errors":0,"pixel_ok":true,"wall":[1790157334.295670,1790157334.392652],"iter_ns":[2407240,2306458,2313594,2332136,2354323,2160312,2885208,3170469,2384843,1838438,2485833,2103645,2056823,2992448,2310573,2651303,2018907,2266302,1912968,2186667]}
MARK CELL_BEGIN B0204 1790157334.392683
MARK CELL_END B0204 1790157334.526228
CELL {"seq":87,"id":"B0204","group":"B","rw":1024,"rh":1024,"sw":2048,"sh":2048,"ratio":"4x","reuse":1,"batch":1,"residency":"warm","readback":"none","iters":20,"iter_ns_p50":1684167,"iter_ns_p95":3762396,"per_op_ns_p50":1684167,"x_cpu_ticks":5,"errors":0,"pixel_ok":true,"wall":[1790157334.392683,1790157334.526228],"iter_ns":[1403542,1902604,2357969,2216406,3762396,1277344,1826927,2499375,1679167,1600521,1324844,1312760,2082343,1684167,1400000,1622605,1906771,2761822,1608230,1674114]}
MARK CELL_BEGIN A0065 1790157334.526282
MARK CELL_END A0065 1790157334.608755
CELL {"seq":88,"id":"A0065","group":"A","rw":128,"rh":128,"sw":128,"sh":128,"ratio":"1x","reuse":1,"batch":4,"residency":"warm","readback":"delayed","iters":20,"iter_ns_p50":2819844,"iter_ns_p95":4754843,"per_op_ns_p50":704961,"x_cpu_ticks":2,"errors":0,"pixel_ok":true,"wall":[1790157334.526282,1790157334.608755],"iter_ns":[2926250,3312656,4625208,2555885,3851250,2488750,2755833,4013073,2393385,3730729,2593437,2819844,4754843,2491927,3880833,2173802,1996354,1696615,4438854,1915364]}
MARK CELL_BEGIN A0070 1790157334.608787
MARK CELL_END A0070 1790157334.922430
CELL {"seq":89,"id":"A0070","group":"A","rw":128,"rh":128,"sw":128,"sh":128,"ratio":"1x","reuse":1,"batch":16,"residency":"warm","readback":"immediate","iters":20,"iter_ns_p50":11617708,"iter_ns_p95":39867396,"per_op_ns_p50":726106,"x_cpu_ticks":6,"errors":0,"pixel_ok":true,"wall":[1790157334.608787,1790157334.922430],"iter_ns":[10827031,9020157,10571719,12893229,8660365,11617708,12685261,9815729,9073594,13122448,9752969,8423125,11908854,12921667,10808281,13114115,11259948,39867396,19097865,12802916]}
MARK CELL_BEGIN B0163 1790157334.922460
MARK CELL_END B0163 1790157335.019027
CELL {"seq":90,"id":"B0163","group":"B","rw":32,"rh":32,"sw":32,"sh":32,"ratio":"1x","reuse":16,"batch":1,"residency":"warm","readback":"none","iters":20,"iter_ns_p50":3177917,"iter_ns_p95":11308698,"per_op_ns_p50":3177917,"x_cpu_ticks":2,"errors":0,"pixel_ok":true,"wall":[1790157334.922460,1790157335.019027],"iter_ns":[3248802,3848021,5815364,4326250,4110104,3301459,5136510,2350573,2943646,3751927,2403229,3177917,11308698,2663802,1249896,852500,870157,951875,894532,2701563]}
MARK CELL_BEGIN B0183 1790157335.019057
MARK CELL_END B0183 1790157335.100181
CELL {"seq":91,"id":"B0183","group":"B","rw":128,"rh":128,"sw":128,"sh":128,"ratio":"1x","reuse":1,"batch":1,"residency":"cold","readback":"none","iters":20,"iter_ns_p50":2200312,"iter_ns_p95":3030729,"per_op_ns_p50":2200312,"x_cpu_ticks":3,"errors":0,"pixel_ok":true,"wall":[1790157335.019057,1790157335.100181],"iter_ns":[1923906,1917344,2468021,2312917,3030729,2200312,1580781,2549323,1976666,2910781,2162500,1691771,3009270,1915261,2244063,1832396,1599636,2273177,1675677,2891980]}
MARK CELL_BEGIN B0135 1790157335.100212
MARK CELL_END B0135 1790157335.129337
CELL {"seq":92,"id":"B0135","group":"B","rw":1,"rh":1,"sw":1,"sh":1,"ratio":"1x","reuse":4,"batch":1,"residency":"warm","readback":"none","iters":20,"iter_ns_p50":724480,"iter_ns_p95":1691719,"per_op_ns_p50":724480,"x_cpu_ticks":0,"errors":0,"pixel_ok":true,"wall":[1790157335.100212,1790157335.129337],"iter_ns":[1488229,803385,691459,699948,1030521,1691719,724480,742656,707083,738906,736354,707865,684219,1122760,1163334,373438,636406,677448,688177,649896]}
MARK CELL_BEGIN B0162 1790157335.129366
MARK CELL_END B0162 1790157335.167367
CELL {"seq":93,"id":"B0162","group":"B","rw":32,"rh":32,"sw":32,"sh":32,"ratio":"1x","reuse":4,"batch":1,"residency":"warm","readback":"none","iters":20,"iter_ns_p50":803177,"iter_ns_p95":3420730,"per_op_ns_p50":803177,"x_cpu_ticks":0,"errors":0,"pixel_ok":true,"wall":[1790157335.129366,1790157335.167367],"iter_ns":[3420730,1370677,1094167,1029584,1081927,2080782,1233750,803177,670104,684532,648906,672031,1171718,1695573,787656,698855,636719,678125,681875,692968]}
MARK CELL_BEGIN A0002 1790157335.167404
MARK CELL_END A0002 1790157335.194423
CELL {"seq":94,"id":"A0002","group":"A","rw":1,"rh":1,"sw":1,"sh":1,"ratio":"1x","reuse":1,"batch":1,"residency":"warm","readback":"delayed","iters":20,"iter_ns_p50":711718,"iter_ns_p95":1832552,"per_op_ns_p50":711718,"x_cpu_ticks":1,"errors":0,"pixel_ok":true,"wall":[1790157335.167404,1790157335.194423],"iter_ns":[856927,697500,706979,711718,711666,672605,1039792,1769375,771094,755104,706927,748854,946406,704531,1194218,1832552,679688,693021,656979,656770]}
MARK CELL_BEGIN A0027 1790157335.194452
MARK CELL_END A0027 1790157335.279277
CELL {"seq":95,"id":"A0027","group":"A","rw":16,"rh":16,"sw":16,"sh":16,"ratio":"1x","reuse":1,"batch":4,"residency":"warm","readback":"none","iters":20,"iter_ns_p50":2653490,"iter_ns_p95":5015834,"per_op_ns_p50":663372,"x_cpu_ticks":1,"errors":0,"pixel_ok":true,"wall":[1790157335.194452,1790157335.279277],"iter_ns":[4030677,1897188,2595365,4048541,1738750,2272084,5015834,2555573,3291354,2802136,3395052,3931458,1679375,2222031,3788021,2289167,1967031,4026458,1882187,2653490]}
MARK CELL_BEGIN A0078 1790157335.279309
MARK CELL_END A0078 1790157335.430872
CELL {"seq":96,"id":"A0078","group":"A","rw":256,"rh":256,"sw":256,"sh":256,"ratio":"1x","reuse":1,"batch":8,"residency":"warm","readback":"none","iters":20,"iter_ns_p50":5725781,"iter_ns_p95":7911198,"per_op_ns_p50":715722,"x_cpu_ticks":3,"errors":0,"pixel_ok":true,"wall":[1790157335.279309,1790157335.430872],"iter_ns":[7911198,6976823,6572969,3970521,5633333,3947968,6613594,6215312,4278177,5155209,4683333,4369218,5649792,5834375,5330678,5725781,6139219,4148750,6494687,7494375]}
MARK CELL_BEGIN A0073 1790157335.430902
MARK CELL_END A0073 1790157335.467525
CELL {"seq":97,"id":"A0073","group":"A","rw":256,"rh":256,"sw":256,"sh":256,"ratio":"1x","reuse":1,"batch":1,"residency":"warm","readback":"immediate","iters":20,"iter_ns_p50":970313,"iter_ns_p95":2327604,"per_op_ns_p50":970313,"x_cpu_ticks":1,"errors":0,"pixel_ok":true,"wall":[1790157335.430902,1790157335.467525],"iter_ns":[885521,903854,910573,1460468,1576406,1606302,2327604,831614,927708,885729,1075364,1438542,1140000,1056302,809791,970313,882448,960157,924167,1431718]}
MARK CELL_BEGIN A0029 1790157335.467558
MARK CELL_END A0029 1790157335.555851
CELL {"seq":98,"id":"A0029","group":"A","rw":16,"rh":16,"sw":16,"sh":16,"ratio":"1x","reuse":1,"batch":4,"residency":"warm","readback":"delayed","iters":20,"iter_ns_p50":3282760,"iter_ns_p95":6565105,"per_op_ns_p50":820690,"x_cpu_ticks":1,"errors":0,"pixel_ok":true,"wall":[1790157335.467558,1790157335.555851],"iter_ns":[2186250,3969479,2708125,3994583,1934166,2373698,3206771,2696771,2693021,3861563,2911458,3282760,5485781,2998958,4885260,3746823,2568541,4752344,6565105,5064115]}
MARK CELL_BEGIN A0011 1790157335.555880
MARK CELL_END A0011 1790157335.837905
CELL {"seq":99,"id":"A0011","group":"A","rw":1,"rh":1,"sw":1,"sh":1,"ratio":"1x","reuse":1,"batch":16,"residency":"warm","readback":"delayed","iters":20,"iter_ns_p50":11080156,"iter_ns_p95":13127968,"per_op_ns_p50":692509,"x_cpu_ticks":5,"errors":0,"pixel_ok":true,"wall":[1790157335.555880,1790157335.837905],"iter_ns":[12094740,12042708,13127968,10259115,10399531,9493698,11080156,10990209,11445521,12992761,12474427,10495729,13043177,10979375,11471979,10511458,10898281,10225260,12566875,10963177]}
MARK CELL_BEGIN C0224 1790157335.837932
MARK CELL_END C0224 1790157336.133346
CELL {"seq":100,"id":"C0224","group":"C","rw":32,"rh":32,"sw":64,"sh":64,"ratio":"4x","reuse":1,"batch":16,"residency":"cold","readback":"none","iters":20,"iter_ns_p50":10263802,"iter_ns_p95":18409688,"per_op_ns_p50":641487,"x_cpu_ticks":7,"errors":0,"pixel_ok":true,"wall":[1790157335.837932,1790157336.133346],"iter_ns":[13759531,8273229,10263802,9373959,8818855,11069584,9124427,9557552,10263021,18409688,14352292,9487656,10309792,13870625,11482968,11487708,10959166,9145156,9664583,8722396]}
MARK CELL_BEGIN B0213 1790157336.133390
MARK CELL_END B0213 1790157336.414042
CELL {"seq":101,"id":"B0213","group":"B","rw":1200,"rh":2608,"sw":1200,"sh":2608,"ratio":"redirected","reuse":1,"batch":1,"residency":"warm","readback":"none","iters":20,"iter_ns_p50":4334844,"iter_ns_p95":6242708,"per_op_ns_p50":4334844,"x_cpu_ticks":8,"errors":0,"pixel_ok":true,"wall":[1790157336.133390,1790157336.414042],"iter_ns":[5391094,5097865,4270782,4413437,3397240,4376250,3184531,4614531,3637969,4452395,3513334,5164635,3638489,4485885,3634948,4334844,3536354,6242708,3589583,4183073]}
MARK CELL_BEGIN B0195 1790157336.414087
MARK CELL_END B0195 1790157336.490732
CELL {"seq":102,"id":"B0195","group":"B","rw":512,"rh":512,"sw":1024,"sh":1024,"ratio":"4x","reuse":1,"batch":1,"residency":"warm","readback":"none","iters":20,"iter_ns_p50":1294896,"iter_ns_p95":4783802,"per_op_ns_p50":1294896,"x_cpu_ticks":1,"errors":0,"pixel_ok":true,"wall":[1790157336.414087,1790157336.490732],"iter_ns":[1880156,1500052,1270521,1234219,1418072,1032864,2402812,1037656,1037344,1167448,1118281,1656980,2134270,1019323,1199271,1294896,1133594,1893646,4783802,4295000]}
MARK CELL_BEGIN B0147 1790157336.490775
MARK CELL_END B0147 1790157336.566341
CELL {"seq":103,"id":"B0147","group":"B","rw":5,"rh":24,"sw":5,"sh":24,"ratio":"1x","reuse":1,"batch":1,"residency":"cold","readback":"none","iters":20,"iter_ns_p50":1911562,"iter_ns_p95":2785000,"per_op_ns_p50":1911562,"x_cpu_ticks":2,"errors":0,"pixel_ok":true,"wall":[1790157336.490775,1790157336.566341],"iter_ns":[1748697,2532396,2020989,2396875,1911562,1788281,2580260,1785729,1981875,2785000,1765365,1763229,2691198,1871458,2454427,1781875,1851302,2677136,1779427,1798438]}
MARK CELL_BEGIN N0000 1790157336.566375
MARK CELL_END N0000 1790157336.667708
CELL {"seq":104,"id":"N0000","group":"N","rw":1024,"rh":1024,"sw":1024,"sh":1024,"ratio":"1x","reuse":1,"batch":1,"residency":"warm","readback":"none","iters":20,"iter_ns_p50":2054636,"iter_ns_p95":3276875,"per_op_ns_p50":2054636,"x_cpu_ticks":3,"errors":0,"pixel_ok":true,"wall":[1790157336.566375,1790157336.667708],"iter_ns":[1866979,1815156,2964844,2286875,2425521,3276875,2286511,2047760,2991719,2054636,1948281,1899270,2921927,1834688,1820677,2648281,1768958,1824011,1783438,2727500]}
MARK CELL_BEGIN A0055 1790157336.667763
MARK CELL_END A0055 1790157336.865539
CELL {"seq":105,"id":"A0055","group":"A","rw":64,"rh":64,"sw":64,"sh":64,"ratio":"1x","reuse":1,"batch":8,"residency":"warm","readback":"immediate","iters":20,"iter_ns_p50":8544428,"iter_ns_p95":10470990,"per_op_ns_p50":1068053,"x_cpu_ticks":4,"errors":0,"pixel_ok":true,"wall":[1790157336.667763,1790157336.865539],"iter_ns":[5959792,3681458,5163437,3781979,6422135,6544375,3818750,6801928,7134375,8513698,8544428,9805000,9231458,10470990,10145729,9924843,10390417,8878229,9425781,9389427]}
MARK CELL_BEGIN B0152 1790157336.865587
MARK CELL_END B0152 1790157336.968471
CELL {"seq":106,"id":"B0152","group":"B","rw":16,"rh":16,"sw":1200,"sh":2191,"ratio":"redirected","reuse":1,"batch":1,"residency":"warm","readback":"none","iters":20,"iter_ns_p50":1183437,"iter_ns_p95":4618489,"per_op_ns_p50":1183437,"x_cpu_ticks":4,"errors":0,"pixel_ok":true,"wall":[1790157336.865587,1790157336.968471],"iter_ns":[821510,747396,1081614,4618489,1457396,987552,1225990,1935052,1707760,1183437,900156,850000,1187864,1884375,1501667,1146406,1172291,1098907,1012083,2157552]}
MARK CELL_BEGIN A0099 1790157336.968533
MARK CELL_END A0099 1790157337.300117
CELL {"seq":107,"id":"A0099","group":"A","rw":1024,"rh":1024,"sw":1024,"sh":1024,"ratio":"1x","reuse":1,"batch":4,"residency":"warm","readback":"none","iters":20,"iter_ns_p50":11965677,"iter_ns_p95":20348490,"per_op_ns_p50":2991419,"x_cpu_ticks":12,"errors":0,"pixel_ok":true,"wall":[1790157336.968533,1790157337.300117],"iter_ns":[11570677,14238125,10894167,10527708,10281771,10353802,12625677,15842708,15519635,15469322,8669115,9467760,9132865,10931614,13422552,12718333,12045573,20348490,11965677,10117344]}
MARK CELL_BEGIN C0226 1790157337.300169
MARK CELL_END C0226 1790157337.385810
CELL {"seq":108,"id":"C0226","group":"C","rw":128,"rh":128,"sw":128,"sh":128,"ratio":"1x","reuse":1,"batch":1,"residency":"cold","readback":"delayed","iters":20,"iter_ns_p50":2381719,"iter_ns_p95":4145885,"per_op_ns_p50":2381719,"x_cpu_ticks":4,"errors":0,"pixel_ok":true,"wall":[1790157337.300169,1790157337.385810],"iter_ns":[2637083,2166718,4145885,2208646,2814635,2020312,1951302,2955052,2062917,2652239,2022968,2299584,2799792,1887239,2682083,2381719,2712916,1856250,1911146,2734375]}
MARK CELL_BEGIN C0246 1790157337.385842
MARK CELL_END C0246 1790157337.485869
CELL {"seq":109,"id":"C0246","group":"C","rw":1,"rh":1,"sw":2,"sh":2,"ratio":"4x","reuse":16,"batch":1,"residency":"warm","readback":"delayed","iters":20,"iter_ns_p50":2207448,"iter_ns_p95":12582344,"per_op_ns_p50":2207448,"x_cpu_ticks":3,"errors":0,"pixel_ok":true,"wall":[1790157337.385842,1790157337.485869],"iter_ns":[1895208,2896719,2150417,1766250,2207448,8040990,8573230,12582344,4588802,8375365,8074375,2884219,1777240,819896,1740834,2764115,991875,1690834,1533854,714635]}
MARK CELL_BEGIN A0077 1790157337.485902
MARK CELL_END A0077 1790157337.627711
CELL {"seq":110,"id":"A0077","group":"A","rw":256,"rh":256,"sw":256,"sh":256,"ratio":"1x","reuse":1,"batch":4,"residency":"warm","readback":"delayed","iters":20,"iter_ns_p50":5542916,"iter_ns_p95":8100885,"per_op_ns_p50":1385729,"x_cpu_ticks":3,"errors":0,"pixel_ok":true,"wall":[1790157337.485902,1790157337.627711],"iter_ns":[4365469,6540417,5889114,7480520,8100885,7209063,4886407,5597709,3706563,5542916,5952344,4147812,4844583,3621094,4791354,4010365,5029896,4109219,7170469,7558542]}
MARK CELL_BEGIN A0008 1790157337.627756
MARK CELL_END A0008 1790157337.815718
CELL {"seq":111,"id":"A0008","group":"A","rw":1,"rh":1,"sw":1,"sh":1,"ratio":"1x","reuse":1,"batch":8,"residency":"warm","readback":"delayed","iters":20,"iter_ns_p50":6960782,"iter_ns_p95":11315208,"per_op_ns_p50":870097,"x_cpu_ticks":4,"errors":0,"pixel_ok":true,"wall":[1790157337.627756,1790157337.815718],"iter_ns":[10994844,6977709,6829635,6960782,5304739,3640260,5187552,2751458,6180312,4045000,6512396,7909479,5930573,11315208,7088750,4546980,7632709,8124115,8540365,9661771]}
MARK CELL_BEGIN A0116 1790157337.815777
MARK CELL_END A0116 1790157338.893780
CELL {"seq":112,"id":"A0116","group":"A","rw":1200,"rh":2608,"sw":1200,"sh":2608,"ratio":"1x","reuse":1,"batch":8,"residency":"warm","readback":"delayed","iters":20,"iter_ns_p50":41662709,"iter_ns_p95":60209844,"per_op_ns_p50":5207838,"x_cpu_ticks":54,"errors":0,"pixel_ok":true,"wall":[1790157337.815777,1790157338.893780],"iter_ns":[40263438,41662709,42409844,45739896,42550261,30922135,30524687,46334479,32368073,44687083,43087187,28332084,38576406,37144896,46746823,60209844,39326355,44483229,36716614,32164063]}
MARK CELL_BEGIN B0161 1790157338.893842
MARK CELL_END B0161 1790157338.971816
CELL {"seq":113,"id":"B0161","group":"B","rw":32,"rh":32,"sw":1200,"sh":2191,"ratio":"redirected","reuse":1,"batch":1,"residency":"warm","readback":"none","iters":20,"iter_ns_p50":913646,"iter_ns_p95":2811719,"per_op_ns_p50":913646,"x_cpu_ticks":4,"errors":0,"pixel_ok":true,"wall":[1790157338.893842,1790157338.971816],"iter_ns":[1283542,661927,913646,1277812,1780209,1132552,715312,394531,503021,691667,428333,1153594,733854,800417,1698802,2811719,701875,1001407,697136,998645]}
MARK CELL_BEGIN C0242 1790157338.971866
MARK CELL_END C0242 1790157339.141941
CELL {"seq":114,"id":"C0242","group":"C","rw":5,"rh":24,"sw":5,"sh":24,"ratio":"1x","reuse":4,"batch":8,"residency":"warm","readback":"none","iters":20,"iter_ns_p50":7086302,"iter_ns_p95":8850208,"per_op_ns_p50":885787,"x_cpu_ticks":4,"errors":0,"pixel_ok":true,"wall":[1790157338.971866,1790157339.141941],"iter_ns":[7811458,7086302,8850208,7564844,7162708,7654739,5529219,5929896,4737604,5216771,5753855,6956250,3759635,6663073,7156667,3052084,6951146,7586562,8043803,8352239]}
MARK CELL_BEGIN A0086 1790157339.142158
MARK CELL_END A0086 1790157339.205975
CELL {"seq":115,"id":"A0086","group":"A","rw":512,"rh":512,"sw":512,"sh":512,"ratio":"1x","reuse":1,"batch":1,"residency":"warm","readback":"delayed","iters":20,"iter_ns_p50":1577188,"iter_ns_p95":3629011,"per_op_ns_p50":1577188,"x_cpu_ticks":2,"errors":0,"pixel_ok":true,"wall":[1790157339.142158,1790157339.205975],"iter_ns":[1808282,1565521,1577188,1334219,2595208,1808177,1207344,2022708,1166823,3282292,1094167,1191718,1124115,2164583,1955937,1928021,1139531,1570156,1421979,3629011]}
MARK CELL_BEGIN A0088 1790157339.206032
MARK CELL_END A0088 1790157339.396527
CELL {"seq":116,"id":"A0088","group":"A","rw":512,"rh":512,"sw":512,"sh":512,"ratio":"1x","reuse":1,"batch":4,"residency":"warm","readback":"immediate","iters":20,"iter_ns_p50":7295573,"iter_ns_p95":9792448,"per_op_ns_p50":1823893,"x_cpu_ticks":7,"errors":0,"pixel_ok":true,"wall":[1790157339.206032,1790157339.396527],"iter_ns":[9792448,9383437,7921562,7784323,7378072,6345209,6173750,3917136,6001302,5294375,4173802,5493438,4580156,7295573,8903333,8893593,8124896,7546719,6969791,6981979]}
MARK CELL_BEGIN B0172 1790157339.396578
MARK CELL_END B0172 1790157339.494160
CELL {"seq":117,"id":"B0172","group":"B","rw":64,"rh":64,"sw":64,"sh":64,"ratio":"1x","reuse":16,"batch":1,"residency":"warm","readback":"none","iters":20,"iter_ns_p50":2738750,"iter_ns_p95":9363489,"per_op_ns_p50":2738750,"x_cpu_ticks":3,"errors":0,"pixel_ok":true,"wall":[1790157339.396578,1790157339.494160],"iter_ns":[2827864,3016146,2382760,2585417,2730886,2064896,6975260,2886980,6419062,7162083,2792969,2887761,9363489,2738750,1756875,1201823,2036303,1961927,1028646,1092969]}
MARK CELL_BEGIN B0201 1790157339.494235
MARK CELL_END B0201 1790157339.636616
CELL {"seq":118,"id":"B0201","group":"B","rw":512,"rh":512,"sw":512,"sh":512,"ratio":"1x","reuse":1,"batch":1,"residency":"cold","readback":"none","iters":20,"iter_ns_p50":3870938,"iter_ns_p95":4530572,"per_op_ns_p50":3870938,"x_cpu_ticks":6,"errors":0,"pixel_ok":true,"wall":[1790157339.494235,1790157339.636616],"iter_ns":[3994219,2895729,2598177,3903958,2951094,2531355,4156354,4166146,3571511,3870938,3973959,3019115,3667604,4010261,2943178,3585312,4112917,3218698,4046458,4530572]}
MARK CELL_BEGIN B0222 1790157339.636657
MARK CELL_END B0222 1790157342.123617
CELL {"seq":119,"id":"B0222","group":"B","rw":3440,"rh":1440,"sw":3440,"sh":1440,"ratio":"1x","reuse":1,"batch":1,"residency":"recreate","readback":"none","iters":20,"iter_ns_p50":100759896,"iter_ns_p95":132284531,"per_op_ns_p50":100759896,"x_cpu_ticks":181,"errors":0,"pixel_ok":true,"wall":[1790157339.636657,1790157342.123617],"iter_ns":[100070416,88145833,98019375,111357291,93326146,98352708,100759896,91130156,105872969,104957032,87564583,107362969,102433802,132284531,98537708,91504323,100757239,101621354,126323698,101620312]}
MARK CELL_BEGIN A0093 1790157342.123672
MARK CELL_END A0093 1790157342.694839
CELL {"seq":120,"id":"A0093","group":"A","rw":512,"rh":512,"sw":512,"sh":512,"ratio":"1x","reuse":1,"batch":16,"residency":"warm","readback":"none","iters":20,"iter_ns_p50":24633490,"iter_ns_p95":29928854,"per_op_ns_p50":1539593,"x_cpu_ticks":16,"errors":0,"pixel_ok":true,"wall":[1790157342.123672,1790157342.694839],"iter_ns":[27122031,26299531,27355989,28174427,24633490,20325365,17765156,22353282,25055468,25339010,15129427,22502031,17880781,20277969,18442240,24053386,23094844,27233750,27290313,29928854]}
MARK CELL_BEGIN B0170 1790157342.694892
MARK CELL_END B0170 1790157342.768468
CELL {"seq":121,"id":"B0170","group":"B","rw":64,"rh":64,"sw":1200,"sh":2191,"ratio":"redirected","reuse":1,"batch":1,"residency":"warm","readback":"none","iters":20,"iter_ns_p50":743958,"iter_ns_p95":1608438,"per_op_ns_p50":743958,"x_cpu_ticks":2,"errors":0,"pixel_ok":true,"wall":[1790157342.694892,1790157342.768468],"iter_ns":[755729,728281,775469,1589218,1196197,424219,438333,678698,671771,452240,743958,1001771,843594,1608438,1224531,938907,671875,434011,404271,452969]}
MARK CELL_BEGIN A0119 1790157342.768531
MARK CELL_END A0119 1790157345.740653
CELL {"seq":122,"id":"A0119","group":"A","rw":1200,"rh":2608,"sw":1200,"sh":2608,"ratio":"1x","reuse":1,"batch":16,"residency":"warm","readback":"delayed","iters":20,"iter_ns_p50":132879167,"iter_ns_p95":146049219,"per_op_ns_p50":8304947,"x_cpu_ticks":111,"errors":0,"pixel_ok":true,"wall":[1790157342.768531,1790157345.740653],"iter_ns":[89543385,82801406,140388229,113267917,134496406,132866094,133564844,144961979,100597969,146049219,135646719,132879167,122140885,126114531,144346979,127464948,136489895,135131614,118705105,113180625]}
MARK CELL_BEGIN A0052 1790157345.740741
MARK CELL_END A0052 1790157346.227152
CELL {"seq":123,"id":"A0052","group":"A","rw":64,"rh":64,"sw":64,"sh":64,"ratio":"1x","reuse":1,"batch":4,"residency":"warm","readback":"immediate","iters":20,"iter_ns_p50":18340885,"iter_ns_p95":33623489,"per_op_ns_p50":4585221,"x_cpu_ticks":7,"errors":0,"pixel_ok":true,"wall":[1790157345.740741,1790157346.227152],"iter_ns":[17867083,18340885,15968541,18736614,14857552,13600000,19409375,16333958,14236875,18487032,16569063,16399844,15044791,17792968,31226771,33531511,33197083,33150416,33623489,31903854]}
MARK CELL_BEGIN A0054 1790157346.227210
MARK CELL_END A0054 1790157346.795739
CELL {"seq":124,"id":"A0054","group":"A","rw":64,"rh":64,"sw":64,"sh":64,"ratio":"1x","reuse":1,"batch":8,"residency":"warm","readback":"none","iters":20,"iter_ns_p50":18648698,"iter_ns_p95":67341510,"per_op_ns_p50":2331087,"x_cpu_ticks":11,"errors":0,"pixel_ok":true,"wall":[1790157346.227210,1790157346.795739],"iter_ns":[13690000,18648698,13831718,28302343,67341510,52354479,9483333,10763490,23059948,9998490,16320052,14590625,29274792,66566875,24074427,13222552,28135105,28585573,5050625,4398698]}
MARK CELL_BEGIN A0034 1790157346.795772
MARK CELL_END A0034 1790157347.085212
CELL {"seq":125,"id":"A0034","group":"A","rw":16,"rh":16,"sw":16,"sh":16,"ratio":"1x","reuse":1,"batch":16,"residency":"warm","readback":"immediate","iters":20,"iter_ns_p50":10702761,"iter_ns_p95":22572709,"per_op_ns_p50":668922,"x_cpu_ticks":6,"errors":0,"pixel_ok":true,"wall":[1790157346.795772,1790157347.085212],"iter_ns":[8747812,7889219,7675833,7875000,9357864,7814948,7913125,10702761,7980157,8224948,10195886,14902500,17452812,15404896,22572709,22093125,13210625,16031093,16003594,15512031]}
MARK CELL_BEGIN A0076 1790157347.085251
MARK CELL_END A0076 1790157347.245398
CELL {"seq":126,"id":"A0076","group":"A","rw":256,"rh":256,"sw":256,"sh":256,"ratio":"1x","reuse":1,"batch":4,"residency":"warm","readback":"immediate","iters":20,"iter_ns_p50":6857448,"iter_ns_p95":8680156,"per_op_ns_p50":1714362,"x_cpu_ticks":4,"errors":0,"pixel_ok":true,"wall":[1790157347.085251,1790157347.245398],"iter_ns":[4426979,7801667,7849323,7845625,7869271,6857448,7098645,5441980,7013750,6734896,5728959,4400781,6956510,7474167,8680156,5961614,4863125,3631875,5821771,4153125]}
MARK CELL_BEGIN B0193 1790157347.245448
MARK CELL_END B0193 1790157347.316925
CELL {"seq":127,"id":"B0193","group":"B","rw":256,"rh":256,"sw":256,"sh":256,"ratio":"1x","reuse":1,"batch":1,"residency":"resize","readback":"none","iters":20,"iter_ns_p50":2784166,"iter_ns_p95":3551094,"per_op_ns_p50":2784166,"x_cpu_ticks":2,"errors":0,"pixel_ok":true,"wall":[1790157347.245448,1790157347.316925],"iter_ns":[3541041,3551094,3105573,2787239,2560052,3081510,3037969,1967239,2770156,2861459,2288177,2784166,2773593,1960938,2003646,2900468,2647708,2041406,2789636,2712031]}
MARK CELL_BEGIN C0231 1790157347.316955
MARK CELL_END C0231 1790157347.583971
CELL {"seq":128,"id":"C0231","group":"C","rw":1,"rh":1,"sw":2,"sh":2,"ratio":"4x","reuse":1,"batch":16,"residency":"recreate","readback":"immediate","iters":20,"iter_ns_p50":10684010,"iter_ns_p95":15205260,"per_op_ns_p50":667750,"x_cpu_ticks":6,"errors":0,"pixel_ok":true,"wall":[1790157347.316955,1790157347.583971],"iter_ns":[10886093,9807396,9947761,10798125,9959167,9812864,15205260,9891458,13367500,12804792,12536250,11017083,10514948,10945364,9970573,10684010,9397031,9528750,11096614,9736771]}
MARK CELL_BEGIN A0045 1790157347.584020
MARK CELL_END A0045 1790157347.837696
CELL {"seq":129,"id":"A0045","group":"A","rw":32,"rh":32,"sw":32,"sh":32,"ratio":"1x","reuse":1,"batch":16,"residency":"warm","readback":"none","iters":20,"iter_ns_p50":10128281,"iter_ns_p95":15477240,"per_op_ns_p50":633017,"x_cpu_ticks":5,"errors":0,"pixel_ok":true,"wall":[1790157347.584020,1790157347.837696],"iter_ns":[7654896,15059844,11371614,8156406,11324948,13177135,14257552,13611198,9811354,9300833,8285000,10865000,10384792,10128281,15477240,8983125,7700678,8554270,8717240,8282136]}
MARK CELL_BEGIN N0000 1790157347.837731
MARK CELL_END N0000 1790157347.931000
CELL {"seq":130,"id":"N0000","group":"N","rw":1024,"rh":1024,"sw":1024,"sh":1024,"ratio":"1x","reuse":1,"batch":1,"residency":"warm","readback":"none","iters":20,"iter_ns_p50":2166302,"iter_ns_p95":2898959,"per_op_ns_p50":2166302,"x_cpu_ticks":4,"errors":0,"pixel_ok":true,"wall":[1790157347.837731,1790157347.931000],"iter_ns":[1996927,2041354,2663334,2307656,1917084,1851198,2632344,2221458,2080209,2667240,2222344,1845156,1890052,2607656,2258386,1771927,1790573,2898959,2166302,1998437]}
MARK CELL_BEGIN C0233 1790157347.931049
MARK CELL_END C0233 1790157348.419418
CELL {"seq":131,"id":"C0233","group":"C","rw":1,"rh":1,"sw":2,"sh":2,"ratio":"4x","reuse":16,"batch":16,"residency":"warm","readback":"none","iters":20,"iter_ns_p50":20545313,"iter_ns_p95":36815000,"per_op_ns_p50":1284082,"x_cpu_ticks":10,"errors":0,"pixel_ok":true,"wall":[1790157347.931049,1790157348.419418],"iter_ns":[10920625,9699844,10262656,10708906,10176406,34191563,27851511,27969323,28292708,34662656,35924740,30064167,36815000,15596614,20545313,15744635,22344739,17795625,15089948,20051302]}
MARK CELL_BEGIN B0136 1790157348.419449
MARK CELL_END B0136 1790157348.537264
CELL {"seq":132,"id":"B0136","group":"B","rw":1,"rh":1,"sw":1,"sh":1,"ratio":"1x","reuse":16,"batch":1,"residency":"warm","readback":"none","iters":20,"iter_ns_p50":3187761,"iter_ns_p95":14613177,"per_op_ns_p50":3187761,"x_cpu_ticks":2,"errors":0,"pixel_ok":true,"wall":[1790157348.419449,1790157348.537264],"iter_ns":[1727239,1708333,1787552,1509011,2752032,6563542,7861979,8455104,14613177,8307865,3187761,7457032,9602761,3635260,5985781,2070208,1675885,2102188,1630677,1082500]}
MARK CELL_BEGIN B0198 1790157348.537305
MARK CELL_END B0198 1790157348.613984
CELL {"seq":133,"id":"B0198","group":"B","rw":512,"rh":512,"sw":512,"sh":512,"ratio":"1x","reuse":4,"batch":1,"residency":"warm","readback":"none","iters":20,"iter_ns_p50":1791615,"iter_ns_p95":3920365,"per_op_ns_p50":1791615,"x_cpu_ticks":3,"errors":0,"pixel_ok":true,"wall":[1790157348.537305,1790157348.613984],"iter_ns":[3476406,1307343,1183281,1195833,2166771,1791615,1189063,1228385,1336250,1575313,1332135,3920365,2061615,3078646,2448020,1760416,1808490,3262188,1964323,1569219]}
MARK CELL_BEGIN B0153 1790157348.614021
MARK CELL_END B0153 1790157348.649356
CELL {"seq":134,"id":"B0153","group":"B","rw":16,"rh":16,"sw":16,"sh":16,"ratio":"1x","reuse":4,"batch":1,"residency":"warm","readback":"none","iters":20,"iter_ns_p50":954010,"iter_ns_p95":2439896,"per_op_ns_p50":954010,"x_cpu_ticks":1,"errors":0,"pixel_ok":true,"wall":[1790157348.614021,1790157348.649356],"iter_ns":[1905052,1068125,1586979,1194375,961354,760000,790729,747916,1180156,811354,689739,2439896,665833,954010,677344,955989,653229,709948,378490,2264792]}
MARK CELL_BEGIN A0010 1790157348.649383
MARK CELL_END A0010 1790157348.915523
CELL {"seq":135,"id":"A0010","group":"A","rw":1,"rh":1,"sw":1,"sh":1,"ratio":"1x","reuse":1,"batch":16,"residency":"warm","readback":"immediate","iters":20,"iter_ns_p50":10495572,"iter_ns_p95":17747813,"per_op_ns_p50":655973,"x_cpu_ticks":4,"errors":0,"pixel_ok":true,"wall":[1790157348.649383,1790157348.915523],"iter_ns":[7522760,8642448,12284010,8633125,10495572,11188490,11832709,11251146,13389219,10005625,8322500,13017240,17747813,15474531,17618125,10194739,8018125,9406511,8995157,9626250]}
MARK CELL_BEGIN B0168 1790157348.915571
MARK CELL_END B0168 1790157348.952522
CELL {"seq":136,"id":"B0168","group":"B","rw":64,"rh":64,"sw":128,"sh":128,"ratio":"4x","reuse":1,"batch":1,"residency":"warm","readback":"none","iters":20,"iter_ns_p50":974636,"iter_ns_p95":2321511,"per_op_ns_p50":974636,"x_cpu_ticks":0,"errors":0,"pixel_ok":true,"wall":[1790157348.915571,1790157348.952522],"iter_ns":[762395,1768594,1224427,994271,725052,974636,758645,1152448,772656,2280937,885208,782552,922916,1279375,923593,767708,2321511,1014687,652292,1068125]}
MARK CELL_BEGIN B0143 1790157348.952558
MARK CELL_END B0143 1790157349.033546
CELL {"seq":137,"id":"B0143","group":"B","rw":5,"rh":24,"sw":1200,"sh":2191,"ratio":"redirected","reuse":1,"batch":1,"residency":"warm","readback":"none","iters":20,"iter_ns_p50":982604,"iter_ns_p95":2250677,"per_op_ns_p50":982604,"x_cpu_ticks":2,"errors":0,"pixel_ok":true,"wall":[1790157348.952558,1790157349.033546],"iter_ns":[1208958,662031,436406,404323,989896,982604,959896,679323,2250677,695833,923750,996406,915000,756406,818593,1747708,1586302,1090364,1114427,1130156]}
MARK CELL_BEGIN A0122 1790157349.033595
MARK CELL_END A0122 1790157349.448412
CELL {"seq":138,"id":"A0122","group":"A","rw":3440,"rh":1440,"sw":3440,"sh":1440,"ratio":"1x","reuse":1,"batch":1,"residency":"warm","readback":"delayed","iters":20,"iter_ns_p50":8718177,"iter_ns_p95":23502708,"per_op_ns_p50":8718177,"x_cpu_ticks":21,"errors":0,"pixel_ok":true,"wall":[1790157349.033595,1790157349.448412],"iter_ns":[9221614,8348125,8447552,7494740,8493020,8388750,9600520,20675469,8717187,10123385,8665469,10237344,9470677,9377812,8145885,23502708,8718177,5016562,7065416,10275053]}
MARK CELL_BEGIN B0206 1790157349.448469
MARK CELL_END B0206 1790157349.743369
CELL {"seq":139,"id":"B0206","group":"B","rw":1024,"rh":1024,"sw":1200,"sh":2191,"ratio":"redirected","reuse":1,"batch":1,"residency":"warm","readback":"none","iters":20,"iter_ns_p50":11937708,"iter_ns_p95":19113854,"per_op_ns_p50":11937708,"x_cpu_ticks":8,"errors":0,"pixel_ok":true,"wall":[1790157349.448469,1790157349.743369],"iter_ns":[1833178,1899948,3800677,2654792,6292448,3554740,13416198,4401615,14556615,16475469,16668698,16487188,16380886,16257239,17477187,19113854,11937708,3995156,11790938,3261875]}
MARK CELL_BEGIN C0238 1790157349.743424
MARK CELL_END C0238 1790157350.544523
CELL {"seq":140,"id":"C0238","group":"C","rw":1,"rh":1,"sw":4,"sh":4,"ratio":"16x","reuse":64,"batch":16,"residency":"warm","readback":"immediate","iters":20,"iter_ns_p50":28867865,"iter_ns_p95":118701510,"per_op_ns_p50":1804241,"x_cpu_ticks":17,"errors":0,"pixel_ok":true,"wall":[1790157349.743424,1790157350.544523],"iter_ns":[118701510,19687187,9922187,9970781,13663698,27772709,28829166,32807239,28867865,33060104,28770261,28913594,27721771,33471145,21292500,42622292,32991563,20432032,35350260,41786094]}
MARK CELL_BEGIN A0044 1790157350.544558
MARK CELL_END A0044 1790157350.718618
CELL {"seq":141,"id":"A0044","group":"A","rw":32,"rh":32,"sw":32,"sh":32,"ratio":"1x","reuse":1,"batch":8,"residency":"warm","readback":"delayed","iters":20,"iter_ns_p50":7320053,"iter_ns_p95":12931823,"per_op_ns_p50":915006,"x_cpu_ticks":4,"errors":0,"pixel_ok":true,"wall":[1790157350.544558,1790157350.718618],"iter_ns":[5883802,3446770,5031459,3458593,4950990,5597500,6413698,7443386,7320053,8408698,9175313,9738854,12931823,10719740,10665104,8609896,6680521,7337604,6839167,6516979]}
MARK CELL_BEGIN A0090 1790157350.718668
MARK CELL_END A0090 1790157351.074588
CELL {"seq":142,"id":"A0090","group":"A","rw":512,"rh":512,"sw":512,"sh":512,"ratio":"1x","reuse":1,"batch":8,"residency":"warm","readback":"none","iters":20,"iter_ns_p50":14458177,"iter_ns_p95":18693230,"per_op_ns_p50":1807272,"x_cpu_ticks":10,"errors":0,"pixel_ok":true,"wall":[1790157350.718668,1790157351.074588],"iter_ns":[13606980,12053490,12567656,13523594,13088230,12233125,18693230,13504791,15241406,14050625,14798021,15038021,14458177,9929167,17751979,14984063,14915625,15110781,16386458,11666302]}
MARK CELL_BEGIN A0087 1790157351.074631
MARK CELL_END A0087 1790157351.237855
CELL {"seq":143,"id":"A0087","group":"A","rw":512,"rh":512,"sw":512,"sh":512,"ratio":"1x","reuse":1,"batch":4,"residency":"warm","readback":"none","iters":20,"iter_ns_p50":6319687,"iter_ns_p95":9002708,"per_op_ns_p50":1579921,"x_cpu_ticks":4,"errors":0,"pixel_ok":true,"wall":[1790157351.074631,1790157351.237855],"iter_ns":[5377083,3545729,5796770,6419635,4142761,6019687,6128490,4979375,6465364,6312657,4571615,6997344,7340260,6319687,6517761,4739843,7266875,9002708,8798645,6759375]}
MARK CELL_BEGIN A0001 1790157351.237930
MARK CELL_END A0001 1790157351.277708
CELL {"seq":144,"id":"A0001","group":"A","rw":1,"rh":1,"sw":1,"sh":1,"ratio":"1x","reuse":1,"batch":1,"residency":"warm","readback":"immediate","iters":20,"iter_ns_p50":1031667,"iter_ns_p95":2002031,"per_op_ns_p50":1031667,"x_cpu_ticks":1,"errors":0,"pixel_ok":true,"wall":[1790157351.237930,1790157351.277708],"iter_ns":[1592916,829271,795625,1031667,2002031,1635729,776979,830625,833958,838489,881615,2001927,1566510,731823,806719,1036667,1070885,784635,1708281,1579636]}
MARK CELL_BEGIN B0149 1790157351.277749
MARK CELL_END B0149 1790157351.357704
CELL {"seq":145,"id":"B0149","group":"B","rw":5,"rh":24,"sw":5,"sh":24,"ratio":"1x","reuse":1,"batch":1,"residency":"recreate","readback":"none","iters":20,"iter_ns_p50":2777031,"iter_ns_p95":4474896,"per_op_ns_p50":2777031,"x_cpu_ticks":2,"errors":0,"pixel_ok":true,"wall":[1790157351.277749,1790157351.357704],"iter_ns":[2861250,2580729,4079948,2777031,4378333,2939167,4162812,2605156,2458281,3977188,2474739,2433490,3992447,2227916,2262187,4474896,2427657,3861823,2488333,2264791]}
MARK CELL_BEGIN C0232 1790157351.357765
MARK CELL_END C0232 1790157354.433682
CELL {"seq":146,"id":"C0232","group":"C","rw":1200,"rh":2608,"sw":1200,"sh":2608,"ratio":"1x","reuse":1,"batch":16,"residency":"cold","readback":"delayed","iters":20,"iter_ns_p50":92788073,"iter_ns_p95":106259896,"per_op_ns_p50":5799254,"x_cpu_ticks":174,"errors":0,"pixel_ok":true,"wall":[1790157351.357765,1790157354.433682],"iter_ns":[82277552,92871146,93644375,106259896,92924948,97956667,94847239,100936614,91775521,94763438,91057136,105384479,87466302,88213906,78549844,84000156,73847917,79669479,75400781,92788073]}
MARK CELL_BEGIN A0032 1790157354.433728
MARK CELL_END A0032 1790157354.598388
CELL {"seq":147,"id":"A0032","group":"A","rw":16,"rh":16,"sw":16,"sh":16,"ratio":"1x","reuse":1,"batch":8,"residency":"warm","readback":"delayed","iters":20,"iter_ns_p50":6488438,"iter_ns_p95":11779739,"per_op_ns_p50":811054,"x_cpu_ticks":3,"errors":0,"pixel_ok":true,"wall":[1790157354.433728,1790157354.598388],"iter_ns":[3926041,5614843,4886302,6744271,8120573,6107865,7037084,11779739,9680261,10936667,8972604,6566041,3618177,5210364,4714479,4222552,6488438,3691250,6178802,6832604]}
MARK CELL_BEGIN A0097 1790157354.598423
MARK CELL_END A0097 1790157354.760230
CELL {"seq":148,"id":"A0097","group":"A","rw":1024,"rh":1024,"sw":1024,"sh":1024,"ratio":"1x","reuse":1,"batch":1,"residency":"warm","readback":"immediate","iters":20,"iter_ns_p50":4010469,"iter_ns_p95":9184532,"per_op_ns_p50":4010469,"x_cpu_ticks":8,"errors":0,"pixel_ok":true,"wall":[1790157354.598423,1790157354.760230],"iter_ns":[3197864,3056875,4020625,3014375,3832031,3774688,5019895,7909271,5165469,9184532,4579531,4251927,4028906,3705520,4209219,3199791,4010469,3058958,3891250,2994219]}
MARK CELL_BEGIN A0035 1790157354.760275
MARK CELL_END A0035 1790157354.987168
CELL {"seq":149,"id":"A0035","group":"A","rw":16,"rh":16,"sw":16,"sh":16,"ratio":"1x","reuse":1,"batch":16,"residency":"warm","readback":"delayed","iters":20,"iter_ns_p50":8943334,"iter_ns_p95":12928593,"per_op_ns_p50":558958,"x_cpu_ticks":3,"errors":0,"pixel_ok":true,"wall":[1790157354.760275,1790157354.987168],"iter_ns":[8452188,11548490,9546198,10590937,12928593,9115677,7504427,9386979,8101250,8943334,8644532,11606198,7727812,8109636,9742917,11341094,8915156,8613646,8076979,8456354]}
MARK CELL_BEGIN A0089 1790157354.987209
MARK CELL_END A0089 1790157355.142220
CELL {"seq":150,"id":"A0089","group":"A","rw":512,"rh":512,"sw":512,"sh":512,"ratio":"1x","reuse":1,"batch":4,"residency":"warm","readback":"delayed","iters":20,"iter_ns_p50":5758906,"iter_ns_p95":11767447,"per_op_ns_p50":1439726,"x_cpu_ticks":5,"errors":0,"pixel_ok":true,"wall":[1790157354.987209,1790157355.142220],"iter_ns":[7046771,6739792,4734323,7683750,7494636,11086041,7551041,11767447,5758906,4015417,5799947,3924583,5600156,5381302,3606562,6562709,4771927,3257969,4883490,3779843]}
MARK CELL_BEGIN A0021 1790157355.142263
MARK CELL_END A0021 1790157355.416848
CELL {"seq":151,"id":"A0021","group":"A","rw":5,"rh":24,"sw":5,"sh":24,"ratio":"1x","reuse":1,"batch":16,"residency":"warm","readback":"none","iters":20,"iter_ns_p50":9827135,"iter_ns_p95":20753177,"per_op_ns_p50":614195,"x_cpu_ticks":5,"errors":0,"pixel_ok":true,"wall":[1790157355.142263,1790157355.416848],"iter_ns":[8343906,8315834,9305937,11895208,10055469,10161042,9786042,13258386,20753177,8225156,11721719,9827135,8887291,9223854,8657656,8942344,8194739,14154427,14576094,15703385]}
MARK CELL_BEGIN B0189 1790157355.416916
MARK CELL_END B0189 1790157355.475382
CELL {"seq":152,"id":"B0189","group":"B","rw":256,"rh":256,"sw":256,"sh":256,"ratio":"1x","reuse":4,"batch":1,"residency":"warm","readback":"none","iters":20,"iter_ns_p50":1023177,"iter_ns_p95":3913646,"per_op_ns_p50":1023177,"x_cpu_ticks":2,"errors":0,"pixel_ok":true,"wall":[1790157355.416916,1790157355.475382],"iter_ns":[3913646,1914218,1031354,1017552,1023177,1054010,716875,3092500,1004115,957812,848593,710260,1469427,3114531,1001094,941303,1047188,962396,717969,3360573]}
MARK CELL_BEGIN C0236 1790157355.475411
MARK CELL_END C0236 1790157355.576706
CELL {"seq":153,"id":"C0236","group":"C","rw":512,"rh":512,"sw":512,"sh":512,"ratio":"1x","reuse":1,"batch":1,"residency":"resize","readback":"delayed","iters":20,"iter_ns_p50":3519635,"iter_ns_p95":8332760,"per_op_ns_p50":3519635,"x_cpu_ticks":4,"errors":0,"pixel_ok":true,"wall":[1790157355.475411,1790157355.576706],"iter_ns":[2520990,2536406,4454167,3519635,3069323,2692761,2924635,8332760,3253073,5269114,4946771,3017344,5577292,3460208,4592552,4464948,2803542,3063021,3989479,4732136]}
MARK CELL_BEGIN A0125 1790157355.576756
MARK CELL_END A0125 1790157356.484157
CELL {"seq":154,"id":"A0125","group":"A","rw":3440,"rh":1440,"sw":3440,"sh":1440,"ratio":"1x","reuse":1,"batch":4,"residency":"warm","readback":"delayed","iters":20,"iter_ns_p50":32029687,"iter_ns_p95":47805937,"per_op_ns_p50":8007421,"x_cpu_ticks":46,"errors":0,"pixel_ok":true,"wall":[1790157355.576756,1790157356.484157],"iter_ns":[25611771,22997187,23290052,26623645,22611875,24890364,30346823,47805937,21068385,20651614,33086875,32997813,33481302,32029687,35634270,42014479,31290209,34515573,32632084,33688854]}
MARK CELL_BEGIN C0228 1790157356.484212
MARK CELL_END C0228 1790157356.631055
CELL {"seq":155,"id":"C0228","group":"C","rw":128,"rh":128,"sw":512,"sh":512,"ratio":"16x","reuse":16,"batch":1,"residency":"warm","readback":"delayed","iters":20,"iter_ns_p50":3435105,"iter_ns_p95":11357135,"per_op_ns_p50":3435105,"x_cpu_ticks":6,"errors":0,"pixel_ok":true,"wall":[1790157356.484212,1790157356.631055],"iter_ns":[2580208,3039583,5339687,2435677,3130938,9705521,3435105,11357135,9821094,6665885,10606614,10987604,10348750,1669687,2511563,5654791,986094,714948,999531,723073]}
MARK CELL_BEGIN N0000 1790157356.631089
MARK CELL_END N0000 1790157356.733527
CELL {"seq":156,"id":"N0000","group":"N","rw":1024,"rh":1024,"sw":1024,"sh":1024,"ratio":"1x","reuse":1,"batch":1,"residency":"warm","readback":"none","iters":20,"iter_ns_p50":2608073,"iter_ns_p95":5447761,"per_op_ns_p50":2608073,"x_cpu_ticks":4,"errors":0,"pixel_ok":true,"wall":[1790157356.631089,1790157356.733527],"iter_ns":[2067500,1913489,3212916,2181666,2258229,3270990,2450573,2235468,3168959,2184635,1989011,5447761,3208229,3639218,2608073,2708594,2379687,3940104,2296146,2928490]}
MARK CELL_BEGIN B0177 1790157356.733564
MARK CELL_END B0177 1790157356.769666
CELL {"seq":157,"id":"B0177","group":"B","rw":128,"rh":128,"sw":256,"sh":256,"ratio":"4x","reuse":1,"batch":1,"residency":"warm","readback":"none","iters":20,"iter_ns_p50":997083,"iter_ns_p95":2281719,"per_op_ns_p50":997083,"x_cpu_ticks":0,"errors":0,"pixel_ok":true,"wall":[1790157356.733564,1790157356.769666],"iter_ns":[693125,1805157,1441406,667448,649115,715104,934062,978854,907552,1058906,740208,2281719,997083,762864,1012031,1181302,1123229,1967708,1577135,806719]}
MARK CELL_BEGIN A0004 1790157356.769723
MARK CELL_END A0004 1790157356.876592
CELL {"seq":158,"id":"A0004","group":"A","rw":1,"rh":1,"sw":1,"sh":1,"ratio":"1x","reuse":1,"batch":4,"residency":"warm","readback":"immediate","iters":20,"iter_ns_p50":4244948,"iter_ns_p95":6441927,"per_op_ns_p50":1061237,"x_cpu_ticks":3,"errors":0,"pixel_ok":true,"wall":[1790157356.769723,1790157356.876592],"iter_ns":[3593333,2984688,2517917,4770937,2609740,4998958,2752032,5021666,3416407,4876510,2536042,4244948,3621771,3859740,5473645,5317136,4520052,6441927,4850104,3595000]}
MARK CELL_BEGIN B0208 1790157356.876644
MARK CELL_END B0208 1790157357.383808
CELL {"seq":159,"id":"B0208","group":"B","rw":1024,"rh":1024,"sw":1024,"sh":1024,"ratio":"1x","reuse":16,"batch":1,"residency":"warm","readback":"none","iters":20,"iter_ns_p50":7240781,"iter_ns_p95":38896614,"per_op_ns_p50":7240781,"x_cpu_ticks":33,"errors":0,"pixel_ok":true,"wall":[1790157356.876644,1790157357.383808],"iter_ns":[6563282,7125677,5850781,7240781,7741719,31597500,25912032,38896614,35325781,27611198,27167708,31624895,34896562,3675313,4189948,3279375,2279010,3211719,2325938,2240729]}
MARK CELL_BEGIN A0031 1790157357.383847
MARK CELL_END A0031 1790157357.509343
CELL {"seq":160,"id":"A0031","group":"A","rw":16,"rh":16,"sw":16,"sh":16,"ratio":"1x","reuse":1,"batch":8,"residency":"warm","readback":"immediate","iters":20,"iter_ns_p50":5280834,"iter_ns_p95":6334219,"per_op_ns_p50":660104,"x_cpu_ticks":2,"errors":0,"pixel_ok":true,"wall":[1790157357.383847,1790157357.509343],"iter_ns":[6244948,5280834,3517188,5665208,3668802,5023438,6334219,5290885,5712240,3095625,6167084,5868802,3886875,6012708,3557343,5150156,5409948,3541042,4931927,3191614]}
MARK CELL_BEGIN B0132 1790157357.509373
MARK CELL_END B0132 1790157357.542844
CELL {"seq":161,"id":"B0132","group":"B","rw":1,"rh":1,"sw":2,"sh":2,"ratio":"4x","reuse":1,"batch":1,"residency":"warm","readback":"none","iters":20,"iter_ns_p50":839062,"iter_ns_p95":4186771,"per_op_ns_p50":839062,"x_cpu_ticks":1,"errors":0,"pixel_ok":true,"wall":[1790157357.509373,1790157357.542844],"iter_ns":[1177396,4186771,1193802,395000,422084,473906,713802,992605,733177,2311094,980156,1007761,692865,839062,792812,760729,1779427,1481979,745313,755834]}
MARK CELL_BEGIN A0079 1790157357.542875
MARK CELL_END A0079 1790157357.746706
CELL {"seq":162,"id":"A0079","group":"A","rw":256,"rh":256,"sw":256,"sh":256,"ratio":"1x","reuse":1,"batch":8,"residency":"warm","readback":"immediate","iters":20,"iter_ns_p50":7819584,"iter_ns_p95":11981979,"per_op_ns_p50":977448,"x_cpu_ticks":4,"errors":0,"pixel_ok":true,"wall":[1790157357.542875,1790157357.746706],"iter_ns":[8301302,8687344,8774895,11437917,7819584,8088229,6725730,7505052,7427187,6163021,7483490,6795937,6607136,7707188,7523125,8219531,8105105,8203020,6158489,11981979]}
MARK CELL_BEGIN A0019 1790157357.746740
MARK CELL_END A0019 1790157357.887408
CELL {"seq":163,"id":"A0019","group":"A","rw":5,"rh":24,"sw":5,"sh":24,"ratio":"1x","reuse":1,"batch":8,"residency":"warm","readback":"immediate","iters":20,"iter_ns_p50":5883906,"iter_ns_p95":7084635,"per_op_ns_p50":735488,"x_cpu_ticks":2,"errors":0,"pixel_ok":true,"wall":[1790157357.746740,1790157357.887408],"iter_ns":[4881667,5943802,5932813,4371823,5970990,5485417,4195833,5883906,5418177,6162916,5592188,3154115,4733281,3569635,6021980,6987500,5182448,6600313,6276198,7084635]}
MARK CELL_BEGIN B0219 1790157357.887463
MARK CELL_END B0219 1790157358.453671
CELL {"seq":164,"id":"B0219","group":"B","rw":3440,"rh":1440,"sw":3440,"sh":1440,"ratio":"1x","reuse":4,"batch":1,"residency":"warm","readback":"none","iters":20,"iter_ns_p50":5846667,"iter_ns_p95":41356823,"per_op_ns_p50":5846667,"x_cpu_ticks":34,"errors":0,"pixel_ok":true,"wall":[1790157357.887463,1790157358.453671],"iter_ns":[41356823,4990677,5022083,4691615,5846667,5631354,4330469,6250625,5306666,4533438,5349115,5481302,4852656,7157604,6654895,6502083,8208906,8138906,8726093,8759375]}
MARK CELL_BEGIN A0131 1790157358.453737
MARK CELL_END A0131 1790157361.228210
CELL {"seq":165,"id":"A0131","group":"A","rw":3440,"rh":1440,"sw":3440,"sh":1440,"ratio":"1x","reuse":1,"batch":16,"residency":"warm","readback":"delayed","iters":20,"iter_ns_p50":111580729,"iter_ns_p95":129008125,"per_op_ns_p50":6973795,"x_cpu_ticks":135,"errors":0,"pixel_ok":true,"wall":[1790157358.453737,1790157361.228210],"iter_ns":[109789740,124674323,107331562,98904531,121566459,111580729,84197448,112762656,100830313,123832709,124699844,129008125,104662969,127062552,121635417,97548177,83081406,84834323,104172500,112043282]}
MARK CELL_BEGIN B0150 1790157361.228271
MARK CELL_END B0150 1790157361.254693
CELL {"seq":166,"id":"B0150","group":"B","rw":16,"rh":16,"sw":32,"sh":32,"ratio":"4x","reuse":1,"batch":1,"residency":"warm","readback":"none","iters":20,"iter_ns_p50":658282,"iter_ns_p95":2274115,"per_op_ns_p50":658282,"x_cpu_ticks":0,"errors":0,"pixel_ok":true,"wall":[1790157361.228271,1790157361.254693],"iter_ns":[676406,424531,403854,401771,2234896,682343,407032,438385,423698,755365,950989,718125,417708,964583,648750,2274115,641354,673542,409895,658282]}
MARK CELL_BEGIN A0100 1790157361.254722
MARK CELL_END A0100 1790157361.596645
CELL {"seq":167,"id":"A0100","group":"A","rw":1024,"rh":1024,"sw":1024,"sh":1024,"ratio":"1x","reuse":1,"batch":4,"residency":"warm","readback":"immediate","iters":20,"iter_ns_p50":12940521,"iter_ns_p95":17393802,"per_op_ns_p50":3235130,"x_cpu_ticks":17,"errors":0,"pixel_ok":true,"wall":[1790157361.254722,1790157361.596645],"iter_ns":[9603281,11134947,11573281,11489427,13489792,10254375,10136302,11207864,12684896,13216302,17393802,15193593,12283229,11978333,13390000,12940521,12960000,13437083,12987552,14311094]}
MARK CELL_BEGIN A0123 1790157361.596687
MARK CELL_END A0123 1790157362.456699
CELL {"seq":168,"id":"A0123","group":"A","rw":3440,"rh":1440,"sw":3440,"sh":1440,"ratio":"1x","reuse":1,"batch":4,"residency":"warm","readback":"none","iters":20,"iter_ns_p50":29600781,"iter_ns_p95":34984062,"per_op_ns_p50":7400195,"x_cpu_ticks":43,"errors":0,"pixel_ok":true,"wall":[1790157361.596687,1790157362.456699],"iter_ns":[27131563,28173698,34984062,27065677,28075313,21327396,20554948,24622865,27769271,27579062,29600781,28054791,30132552,33200208,31885885,31625520,32028698,32119270,30014687,33827447]}
MARK CELL_BEGIN B0138 1790157362.456741
MARK CELL_END B0138 1790157362.533108
CELL {"seq":169,"id":"B0138","group":"B","rw":1,"rh":1,"sw":1,"sh":1,"ratio":"1x","reuse":1,"batch":1,"residency":"cold","readback":"none","iters":20,"iter_ns_p50":1927032,"iter_ns_p95":4040000,"per_op_ns_p50":1927032,"x_cpu_ticks":3,"errors":0,"pixel_ok":true,"wall":[1790157362.456741,1790157362.533108],"iter_ns":[1703542,4040000,2633594,1907813,2485261,1902344,2498958,1699583,1815781,2399896,1878333,1927032,2451980,1831458,1765729,2658281,1724063,1768021,2566822,2069271]}
MARK CELL_BEGIN B0220 1790157362.533142
MARK CELL_END B0220 1790157364.904232
CELL {"seq":170,"id":"B0220","group":"B","rw":3440,"rh":1440,"sw":3440,"sh":1440,"ratio":"1x","reuse":1,"batch":1,"residency":"cold","readback":"none","iters":20,"iter_ns_p50":44711823,"iter_ns_p95":76761719,"per_op_ns_p50":44711823,"x_cpu_ticks":174,"errors":0,"pixel_ok":true,"wall":[1790157362.533142,1790157364.904232],"iter_ns":[32921041,38836614,44711823,37756511,40674844,68336042,42831771,48888698,48610000,40264896,47177448,47027865,52603490,43257708,76761719,42495469,35368802,47189270,46746510,37877448]}
MARK CELL_BEGIN B0148 1790157364.904290
MARK CELL_END B0148 1790157364.954005
CELL {"seq":171,"id":"B0148","group":"B","rw":5,"rh":24,"sw":5,"sh":24,"ratio":"1x","reuse":1,"batch":1,"residency":"resize","readback":"none","iters":20,"iter_ns_p50":1452865,"iter_ns_p95":3345260,"per_op_ns_p50":1452865,"x_cpu_ticks":1,"errors":0,"pixel_ok":true,"wall":[1790157364.904290,1790157364.954005],"iter_ns":[1269219,1326406,1721615,1359375,3178125,1415365,1477657,1441667,1426667,2774948,1460052,1442604,3345260,2441407,2101198,1395417,1378594,3050208,1452865,1369010]}
MARK CELL_BEGIN A0084 1790157364.954036
MARK CELL_END A0084 1790157365.009128
CELL {"seq":172,"id":"A0084","group":"A","rw":512,"rh":512,"sw":512,"sh":512,"ratio":"1x","reuse":1,"batch":1,"residency":"warm","readback":"none","iters":20,"iter_ns_p50":1188281,"iter_ns_p95":3160886,"per_op_ns_p50":1188281,"x_cpu_ticks":2,"errors":0,"pixel_ok":true,"wall":[1790157364.954036,1790157365.009128],"iter_ns":[998177,1122239,1977708,1788125,1076563,1084792,1154532,1150938,2142240,1650104,1188281,1162968,1291459,1115833,1119531,3160886,1130052,1429375,1427031,2704011]}
MARK CELL_BEGIN C0241 1790157365.009178
MARK CELL_END C0241 1790157366.293553
CELL {"seq":173,"id":"C0241","group":"C","rw":3440,"rh":1440,"sw":3440,"sh":1440,"ratio":"1x","reuse":4,"batch":4,"residency":"warm","readback":"delayed","iters":20,"iter_ns_p50":31301146,"iter_ns_p95":92756354,"per_op_ns_p50":7825286,"x_cpu_ticks":77,"errors":0,"pixel_ok":true,"wall":[1790157365.009178,1790157366.293553],"iter_ns":[80350729,35288125,30171927,30325781,33681615,30052605,20035469,92756354,27861875,29814323,34873750,30527969,31301146,35069896,33992552,78867760,24991614,31642084,29869115,31099010]}
MARK CELL_BEGIN A0003 1790157366.293610
MARK CELL_END A0003 1790157366.376751
CELL {"seq":174,"id":"A0003","group":"A","rw":1,"rh":1,"sw":1,"sh":1,"ratio":"1x","reuse":1,"batch":4,"residency":"warm","readback":"none","iters":20,"iter_ns_p50":3340468,"iter_ns_p95":4626928,"per_op_ns_p50":835117,"x_cpu_ticks":2,"errors":0,"pixel_ok":true,"wall":[1790157366.293610,1790157366.376751],"iter_ns":[2272864,1819739,4020521,3100209,3536980,3723854,3028698,4626928,3340468,4605729,2781719,4251145,1825730,2095261,4119115,2590000,2866771,3918229,2903385,4054635]}
MARK CELL_BEGIN B0186 1790157366.376791
MARK CELL_END B0186 1790157366.422673
CELL {"seq":175,"id":"B0186","group":"B","rw":256,"rh":256,"sw":512,"sh":512,"ratio":"4x","reuse":1,"batch":1,"residency":"warm","readback":"none","iters":20,"iter_ns_p50":1132135,"iter_ns_p95":2084843,"per_op_ns_p50":1132135,"x_cpu_ticks":1,"errors":0,"pixel_ok":true,"wall":[1790157366.376791,1790157366.422673],"iter_ns":[1184740,700104,934375,737500,1056719,1035052,1015000,1869011,1816094,1132135,1090730,1191198,1020573,2024636,1623750,1074167,1170313,1141823,1113802,2084843]}
MARK CELL_BEGIN B0160 1790157366.422725
MARK CELL_END B0160 1790157366.474393
CELL {"seq":176,"id":"B0160","group":"B","rw":32,"rh":32,"sw":128,"sh":128,"ratio":"16x","reuse":1,"batch":1,"residency":"warm","readback":"none","iters":20,"iter_ns_p50":1197343,"iter_ns_p95":5351614,"per_op_ns_p50":1197343,"x_cpu_ticks":1,"errors":0,"pixel_ok":true,"wall":[1790157366.422725,1790157366.474393],"iter_ns":[999427,1751562,1534844,1066822,1043073,1045052,1114219,1017656,2068646,1704063,1070521,1186927,1197343,1080104,2119635,1694844,1212188,1122240,1549740,5351614]}
MARK CELL_BEGIN A0112 1790157366.474436
MARK CELL_END A0112 1790157367.135829
CELL {"seq":177,"id":"A0112","group":"A","rw":1200,"rh":2608,"sw":1200,"sh":2608,"ratio":"1x","reuse":1,"batch":4,"residency":"warm","readback":"immediate","iters":20,"iter_ns_p50":25230573,"iter_ns_p95":29981302,"per_op_ns_p50":6307643,"x_cpu_ticks":35,"errors":0,"pixel_ok":true,"wall":[1790157366.474436,1790157367.135829],"iter_ns":[21736979,25230573,28650208,21905521,23998438,20209323,17301718,24361458,25447812,27234479,21040833,26500260,26391875,23043698,27218854,26182552,25659427,21187604,29981302,20917187]}
MARK CELL_BEGIN C0240 1790157367.135879
MARK CELL_END C0240 1790157370.042222
CELL {"seq":178,"id":"C0240","group":"C","rw":1200,"rh":2608,"sw":2400,"sh":5216,"ratio":"4x","reuse":1,"batch":16,"residency":"resize","readback":"immediate","iters":20,"iter_ns_p50":116300781,"iter_ns_p95":133068646,"per_op_ns_p50":7268798,"x_cpu_ticks":165,"errors":0,"pixel_ok":true,"wall":[1790157367.135879,1790157370.042222],"iter_ns":[113170573,101342604,119448698,133068646,125803333,129188229,120672136,121423802,117673281,120978334,91712969,95681875,97336406,106008072,98625261,103429740,116300781,100314166,107340000,117746302]}
MARK CELL_BEGIN A0096 1790157370.042279
MARK CELL_END A0096 1790157370.150422
CELL {"seq":179,"id":"A0096","group":"A","rw":1024,"rh":1024,"sw":1024,"sh":1024,"ratio":"1x","reuse":1,"batch":1,"residency":"warm","readback":"none","iters":20,"iter_ns_p50":2379011,"iter_ns_p95":4401771,"per_op_ns_p50":2379011,"x_cpu_ticks":4,"errors":0,"pixel_ok":true,"wall":[1790157370.042279,1790157370.150422],"iter_ns":[2043333,2118541,2162760,2096979,2653021,3426458,2056406,2249323,2228229,2268073,2515000,2379011,3775729,2410521,2221979,1984010,2818750,4401771,4341407,3064062]}
MARK CELL_BEGIN B0158 1790157370.150468
MARK CELL_END B0158 1790157370.220299
CELL {"seq":180,"id":"B0158","group":"B","rw":16,"rh":16,"sw":16,"sh":16,"ratio":"1x","reuse":1,"batch":1,"residency":"recreate","readback":"none","iters":20,"iter_ns_p50":2450885,"iter_ns_p95":5250365,"per_op_ns_p50":2450885,"x_cpu_ticks":2,"errors":0,"pixel_ok":true,"wall":[1790157370.150468,1790157370.220299],"iter_ns":[2516510,4126563,2440416,2357448,2450885,1971458,2593802,2929323,5250365,2438750,2338854,2316041,2318906,4177292,2413281,2595573,2559739,2372292,2314479,4241615]}
MARK CELL_BEGIN B0139 1790157370.220327
MARK CELL_END B0139 1790157370.261801
CELL {"seq":181,"id":"B0139","group":"B","rw":1,"rh":1,"sw":1,"sh":1,"ratio":"1x","reuse":1,"batch":1,"residency":"resize","readback":"none","iters":20,"iter_ns_p50":1467187,"iter_ns_p95":3003386,"per_op_ns_p50":1467187,"x_cpu_ticks":1,"errors":0,"pixel_ok":true,"wall":[1790157370.220327,1790157370.261801],"iter_ns":[1382604,1330105,1582239,1536302,3003386,1443594,1477813,1443646,1461093,1378281,1332136,1709271,1487552,2597083,2096511,1383229,1656355,1467187,1458489,1446979]}
MARK CELL_BEGIN N0000 1790157370.261829
MARK CELL_END N0000 1790157370.370525
CELL {"seq":182,"id":"N0000","group":"N","rw":1024,"rh":1024,"sw":1024,"sh":1024,"ratio":"1x","reuse":1,"batch":1,"residency":"warm","readback":"none","iters":20,"iter_ns_p50":2410365,"iter_ns_p95":4452604,"per_op_ns_p50":2410365,"x_cpu_ticks":3,"errors":0,"pixel_ok":true,"wall":[1790157370.261829,1790157370.370525],"iter_ns":[1747396,1773855,1822657,1980521,2052812,1891354,2700208,2385729,2217448,2187083,2582708,2635000,2410365,3852136,2352864,2535886,2619219,2785104,2851718,4452604]}
MARK CELL_BEGIN C0257 1790157370.370567
MARK CELL_END C0257 1790157370.454912
CELL {"seq":183,"id":"C0257","group":"C","rw":64,"rh":64,"sw":256,"sh":256,"ratio":"16x","reuse":1,"batch":1,"residency":"cold","readback":"immediate","iters":20,"iter_ns_p50":2070573,"iter_ns_p95":3843386,"per_op_ns_p50":2070573,"x_cpu_ticks":3,"errors":0,"pixel_ok":true,"wall":[1790157370.370567,1790157370.454912],"iter_ns":[3843386,2761562,2267604,2176354,3269271,1964219,1947240,1803334,1803750,2841146,1911614,2070573,1881615,1850000,2216614,2753854,1949427,2080417,2005208,1728906]}
MARK CELL_BEGIN C0223 1790157370.454957
MARK CELL_END C0223 1790157370.620887
CELL {"seq":184,"id":"C0223","group":"C","rw":64,"rh":64,"sw":256,"sh":256,"ratio":"16x","reuse":4,"batch":8,"residency":"warm","readback":"none","iters":20,"iter_ns_p50":7360364,"iter_ns_p95":10791563,"per_op_ns_p50":920045,"x_cpu_ticks":3,"errors":0,"pixel_ok":true,"wall":[1790157370.454957,1790157370.620887],"iter_ns":[8337865,8735938,8116146,10791563,9503073,6555781,7360364,10168386,8674740,4070834,3981042,6261822,4440468,4115052,7578333,7514115,3947917,6559948,2991875,2894791]}
MARK CELL_BEGIN C0254 1790157370.620933
MARK CELL_END C0254 1790157371.968431
CELL {"seq":185,"id":"C0254","group":"C","rw":1200,"rh":2608,"sw":1200,"sh":2608,"ratio":"1x","reuse":1,"batch":1,"residency":"cold","readback":"immediate","iters":20,"iter_ns_p50":18757344,"iter_ns_p95":40914999,"per_op_ns_p50":18757344,"x_cpu_ticks":100,"errors":0,"pixel_ok":true,"wall":[1790157370.620933,1790157371.968431],"iter_ns":[18280156,18466250,17233958,17595989,21122656,19854479,20130834,22837969,17161250,20454323,18036042,19363854,40914999,18317396,19167552,19386875,18757344,18127136,18406041,18367448]}
MARK CELL_BEGIN A0038 1790157371.968479
MARK CELL_END A0038 1790157371.996852
CELL {"seq":186,"id":"A0038","group":"A","rw":32,"rh":32,"sw":32,"sh":32,"ratio":"1x","reuse":1,"batch":1,"residency":"warm","readback":"delayed","iters":20,"iter_ns_p50":762813,"iter_ns_p95":2381250,"per_op_ns_p50":762813,"x_cpu_ticks":1,"errors":0,"pixel_ok":true,"wall":[1790157371.968479,1790157371.996852],"iter_ns":[920885,628334,394375,655677,684063,640573,666406,571146,762813,2381250,963802,695677,451041,943646,914635,788802,716771,1003542,993906,768334]}
MARK CELL_BEGIN B0180 1790157371.996904
MARK CELL_END B0180 1790157372.033407
CELL {"seq":187,"id":"B0180","group":"B","rw":128,"rh":128,"sw":128,"sh":128,"ratio":"1x","reuse":4,"batch":1,"residency":"warm","readback":"none","iters":20,"iter_ns_p50":933698,"iter_ns_p95":2150833,"per_op_ns_p50":933698,"x_cpu_ticks":1,"errors":0,"pixel_ok":true,"wall":[1790157371.996904,1790157372.033407],"iter_ns":[1789323,682135,906354,1060313,933490,758489,823230,933698,2150833,1500937,674740,645260,661042,985469,724479,701406,990469,974480,958334,944114]}
MARK CELL_BEGIN A0114 1790157372.033446
MARK CELL_END A0114 1790157373.806852
CELL {"seq":188,"id":"A0114","group":"A","rw":1200,"rh":2608,"sw":1200,"sh":2608,"ratio":"1x","reuse":1,"batch":8,"residency":"warm","readback":"none","iters":20,"iter_ns_p50":48794011,"iter_ns_p95":134289844,"per_op_ns_p50":6099251,"x_cpu_ticks":51,"errors":0,"pixel_ok":true,"wall":[1790157372.033446,1790157373.806852],"iter_ns":[134289844,131846823,134075104,132239583,129539218,69833125,81333593,82682240,133180886,37043646,46504219,35386563,38481354,42475364,48794011,46117552,33306302,39500677,33811979,38052344]}
MARK CELL_BEGIN C0261 1790157373.806900
MARK CELL_END C0261 1790157373.947330
CELL {"seq":189,"id":"C0261","group":"C","rw":16,"rh":16,"sw":16,"sh":16,"ratio":"1x","reuse":1,"batch":4,"residency":"cold","readback":"none","iters":20,"iter_ns_p50":4892240,"iter_ns_p95":6910729,"per_op_ns_p50":1223060,"x_cpu_ticks":4,"errors":0,"pixel_ok":true,"wall":[1790157373.806900,1790157373.947330],"iter_ns":[4752865,6095208,4892240,5100937,5950364,4701042,6910729,5426406,4139688,5345312,4695104,3649948,5212500,4453125,3873073,5920625,4060313,3441198,5075364,3574635]}
MARK CELL_BEGIN B0217 1790157373.947361
MARK CELL_END B0217 1790157375.155265
CELL {"seq":190,"id":"B0217","group":"B","rw":1200,"rh":2608,"sw":1200,"sh":2608,"ratio":"1x","reuse":1,"batch":1,"residency":"recreate","readback":"none","iters":20,"iter_ns_p50":49652864,"iter_ns_p95":52895782,"per_op_ns_p50":49652864,"x_cpu_ticks":88,"errors":0,"pixel_ok":true,"wall":[1790157373.947361,1790157375.155265],"iter_ns":[51645312,45152605,47497344,49652864,49008958,48981719,52571875,49612135,48726093,52895782,49781615,50793125,49986250,49323438,51324063,48178229,50748854,50137448,49285052,48297969]}
MARK CELL_BEGIN B0151 1790157375.155311
MARK CELL_END B0151 1790157375.183681
CELL {"seq":191,"id":"B0151","group":"B","rw":16,"rh":16,"sw":64,"sh":64,"ratio":"16x","reuse":1,"batch":1,"residency":"warm","readback":"none","iters":20,"iter_ns_p50":724323,"iter_ns_p95":2594219,"per_op_ns_p50":724323,"x_cpu_ticks":0,"errors":0,"pixel_ok":true,"wall":[1790157375.155311,1790157375.183681],"iter_ns":[388021,378906,383542,381614,629323,947656,690885,1005261,724323,2594219,1016302,745521,955573,706302,977604,986250,686667,435261,480781,975052]}
MARK CELL_BEGIN C0239 1790157375.183720
MARK CELL_END C0239 1790157375.344109
CELL {"seq":192,"id":"C0239","group":"C","rw":256,"rh":256,"sw":1024,"sh":1024,"ratio":"16x","reuse":1,"batch":4,"residency":"resize","readback":"delayed","iters":20,"iter_ns_p50":5360781,"iter_ns_p95":8282916,"per_op_ns_p50":1340195,"x_cpu_ticks":5,"errors":0,"pixel_ok":true,"wall":[1790157375.183720,1790157375.344109],"iter_ns":[5360781,7504167,5452396,5040677,6065625,4348854,4933229,6525729,4996562,4751979,5893750,4610833,5647708,7858594,5309896,4655677,5760312,4682709,5207239,8282916]}
MARK CELL_BEGIN A0081 1790157375.344145
MARK CELL_END A0081 1790157375.812795
CELL {"seq":193,"id":"A0081","group":"A","rw":256,"rh":256,"sw":256,"sh":256,"ratio":"1x","reuse":1,"batch":16,"residency":"warm","readback":"none","iters":20,"iter_ns_p50":19308386,"iter_ns_p95":25240052,"per_op_ns_p50":1206774,"x_cpu_ticks":10,"errors":0,"pixel_ok":true,"wall":[1790157375.344145,1790157375.812795],"iter_ns":[20342708,17406250,22558854,22560000,25240052,19195313,20543073,15723229,17365208,20256666,22906667,19413593,18944636,15844167,18619375,19308386,15649115,20246406,15898959,15229114]}
MARK CELL_BEGIN A0130 1790157375.812880
MARK CELL_END A0130 1790157379.065040
CELL {"seq":194,"id":"A0130","group":"A","rw":3440,"rh":1440,"sw":3440,"sh":1440,"ratio":"1x","reuse":1,"batch":16,"residency":"warm","readback":"immediate","iters":20,"iter_ns_p50":127825573,"iter_ns_p95":154570052,"per_op_ns_p50":7989098,"x_cpu_ticks":173,"errors":0,"pixel_ok":true,"wall":[1790157375.812880,1790157379.065040],"iter_ns":[116627917,127825573,115892239,121230521,102121459,115415364,135761615,128102448,154570052,127817813,154386771,146723333,117591927,127105573,138556875,131488698,138266094,117300000,126249166,137251354]}
MARK CELL_BEGIN A0067 1790157379.065098
MARK CELL_END A0067 1790157379.276732
CELL {"seq":195,"id":"A0067","group":"A","rw":128,"rh":128,"sw":128,"sh":128,"ratio":"1x","reuse":1,"batch":8,"residency":"warm","readback":"immediate","iters":20,"iter_ns_p50":8581094,"iter_ns_p95":12548802,"per_op_ns_p50":1072636,"x_cpu_ticks":5,"errors":0,"pixel_ok":true,"wall":[1790157379.065098,1790157379.276732],"iter_ns":[9968594,8410573,10771042,8598750,9862031,8581094,6831250,7348334,5859271,6055312,9010260,9425365,9569375,6501459,7139896,4667969,7814583,7694636,12322032,12548802]}
MARK CELL_BEGIN B0185 1790157379.276782
MARK CELL_END B0185 1790157379.354396
CELL {"seq":196,"id":"B0185","group":"B","rw":128,"rh":128,"sw":128,"sh":128,"ratio":"1x","reuse":1,"batch":1,"residency":"recreate","readback":"none","iters":20,"iter_ns_p50":2754323,"iter_ns_p95":4591146,"per_op_ns_p50":2754323,"x_cpu_ticks":2,"errors":0,"pixel_ok":true,"wall":[1790157379.276782,1790157379.354396],"iter_ns":[2896718,2705677,2303177,2711459,2907552,4175677,2620833,2436354,2884532,2618698,4221823,2787396,2533750,2545000,2822292,2754323,4591146,2924167,2709843,2593334]}
MARK CELL_BEGIN A0072 1790157379.354437
MARK CELL_END A0072 1790157379.388594
CELL {"seq":197,"id":"A0072","group":"A","rw":256,"rh":256,"sw":256,"sh":256,"ratio":"1x","reuse":1,"batch":1,"residency":"warm","readback":"none","iters":20,"iter_ns_p50":1005886,"iter_ns_p95":1883906,"per_op_ns_p50":1005886,"x_cpu_ticks":1,"errors":0,"pixel_ok":true,"wall":[1790157379.354437,1790157379.388594],"iter_ns":[919010,949896,930469,1005938,1017917,756719,970677,983698,720833,1883906,1510104,1030886,1068229,991406,986667,1005886,983073,1034219,1102760,1193959]}
MARK CELL_BEGIN C0258 1790157379.388637
MARK CELL_END C0258 1790157380.024221
CELL {"seq":198,"id":"C0258","group":"C","rw":512,"rh":512,"sw":1200,"sh":2191,"ratio":"redirected","reuse":1,"batch":1,"residency":"recreate","readback":"none","iters":20,"iter_ns_p50":25833906,"iter_ns_p95":31077135,"per_op_ns_p50":25833906,"x_cpu_ticks":46,"errors":0,"pixel_ok":true,"wall":[1790157379.388637,1790157380.024221],"iter_ns":[25453437,29190104,27430937,23136458,26794375,24967500,25540834,24277396,25446667,31077135,26776510,25246771,24761406,25833906,29959062,27460156,27287552,25655781,24824948,29275417]}
MARK CELL_BEGIN A0117 1790157380.024272
MARK CELL_END A0117 1790157382.085157
CELL {"seq":199,"id":"A0117","group":"A","rw":1200,"rh":2608,"sw":1200,"sh":2608,"ratio":"1x","reuse":1,"batch":16,"residency":"warm","readback":"none","iters":20,"iter_ns_p50":85067500,"iter_ns_p95":97965833,"per_op_ns_p50":5316718,"x_cpu_ticks":98,"errors":0,"pixel_ok":true,"wall":[1790157380.024272,1790157382.085157],"iter_ns":[89641198,89037291,87413594,70373750,73971823,91763281,91674636,88122448,94993021,76843229,79133802,97965833,79887760,93942969,73555886,85067500,66594531,66609531,66250677,70261771]}
MARK CELL_BEGIN C0243 1790157382.085214
MARK CELL_END C0243 1790157382.243248
CELL {"seq":200,"id":"C0243","group":"C","rw":1,"rh":1,"sw":1200,"sh":2191,"ratio":"redirected","reuse":1,"batch":4,"residency":"resize","readback":"delayed","iters":20,"iter_ns_p50":4218802,"iter_ns_p95":10848698,"per_op_ns_p50":1054700,"x_cpu_ticks":4,"errors":0,"pixel_ok":true,"wall":[1790157382.085214,1790157382.243248],"iter_ns":[5356511,3233593,3982500,4685729,6113542,4690573,5140625,10848698,4280729,3603229,5923281,2915000,3135782,4218802,5027760,2950000,3437969,3426980,4046823,3000000]}
MARK CELL_BEGIN A0102 1790157382.243297
MARK CELL_END A0102 1790157382.785757
CELL {"seq":201,"id":"A0102","group":"A","rw":1024,"rh":1024,"sw":1024,"sh":1024,"ratio":"1x","reuse":1,"batch":8,"residency":"warm","readback":"none","iters":20,"iter_ns_p50":20854896,"iter_ns_p95":25893646,"per_op_ns_p50":2606862,"x_cpu_ticks":20,"errors":0,"pixel_ok":true,"wall":[1790157382.243297,1790157382.785757],"iter_ns":[23402969,25438073,17067500,25604062,25893646,19836875,20724583,24350834,20710052,18461511,20854896,15447083,25553646,18632916,21288802,19341094,19810573,21232031,18199479,23483125]}
MARK CELL_BEGIN B0205 1790157382.785789
MARK CELL_END B0205 1790157383.149280
CELL {"seq":202,"id":"B0205","group":"B","rw":1024,"rh":1024,"sw":4096,"sh":4096,"ratio":"16x","reuse":1,"batch":1,"residency":"warm","readback":"none","iters":20,"iter_ns_p50":2802656,"iter_ns_p95":7930937,"per_op_ns_p50":2802656,"x_cpu_ticks":13,"errors":0,"pixel_ok":true,"wall":[1790157382.785789,1790157383.149280],"iter_ns":[2802656,3886719,7930937,2932344,4161562,2996875,2852864,2785833,2940416,3840417,3446563,2706146,2623386,2655885,2662188,2693282,2231146,2388385,2461667,2461719]}
MARK CELL_BEGIN A0127 1790157383.149389
MARK CELL_END A0127 1790157384.740954
CELL {"seq":203,"id":"A0127","group":"A","rw":3440,"rh":1440,"sw":3440,"sh":1440,"ratio":"1x","reuse":1,"batch":8,"residency":"warm","readback":"immediate","iters":20,"iter_ns_p50":59605313,"iter_ns_p95":70051615,"per_op_ns_p50":7450664,"x_cpu_ticks":84,"errors":0,"pixel_ok":true,"wall":[1790157383.149389,1790157384.740954],"iter_ns":[70051615,54138906,50913281,67510261,58065885,61962188,56088542,59231979,47640000,54595157,59745468,60148906,58782500,61704427,59605313,56550677,50616823,60582552,66161302,61407864]}
MARK CELL_BEGIN C0227 1790157384.741002
MARK CELL_END C0227 1790157384.865788
CELL {"seq":204,"id":"C0227","group":"C","rw":32,"rh":32,"sw":64,"sh":64,"ratio":"4x","reuse":1,"batch":8,"residency":"resize","readback":"delayed","iters":20,"iter_ns_p50":4985052,"iter_ns_p95":6980209,"per_op_ns_p50":623131,"x_cpu_ticks":2,"errors":0,"pixel_ok":true,"wall":[1790157384.741002,1790157384.865788],"iter_ns":[5722448,3740365,3653698,3882240,5300886,4180521,3708906,4985052,5560625,3700990,4994792,6301042,5516615,5185573,6980209,4184792,4479428,6137083,3920104,4795417]}
MARK CELL_BEGIN A0110 1790157384.865819
MARK CELL_END A0110 1790157385.106574
CELL {"seq":205,"id":"A0110","group":"A","rw":1200,"rh":2608,"sw":1200,"sh":2608,"ratio":"1x","reuse":1,"batch":1,"residency":"warm","readback":"delayed","iters":20,"iter_ns_p50":4857917,"iter_ns_p95":15002031,"per_op_ns_p50":4857917,"x_cpu_ticks":11,"errors":0,"pixel_ok":true,"wall":[1790157384.865819,1790157385.106574],"iter_ns":[4030104,3488333,6232500,4923073,8281563,6487917,6312500,15002031,4831718,3237917,3881771,4673073,4399583,4241666,4449427,12999114,4525990,6833593,4857917,5801927]}
MARK CELL_BEGIN A0109 1790157385.106634
MARK CELL_END A0109 1790157385.429681
CELL {"seq":206,"id":"A0109","group":"A","rw":1200,"rh":2608,"sw":1200,"sh":2608,"ratio":"1x","reuse":1,"batch":1,"residency":"warm","readback":"immediate","iters":20,"iter_ns_p50":8076927,"iter_ns_p95":24984063,"per_op_ns_p50":8076927,"x_cpu_ticks":20,"errors":0,"pixel_ok":true,"wall":[1790157385.106634,1790157385.429681],"iter_ns":[6995625,8166093,7943177,6705937,15837500,8076927,24984063,8229219,7277031,7343438,7727813,6770000,13244062,8133073,7053698,9097240,8853385,8100156,6810885,7768177]}
MARK CELL_BEGIN A0105 1790157385.429730
MARK CELL_END A0105 1790157386.431929
CELL {"seq":207,"id":"A0105","group":"A","rw":1024,"rh":1024,"sw":1024,"sh":1024,"ratio":"1x","reuse":1,"batch":16,"residency":"warm","readback":"none","iters":20,"iter_ns_p50":41744740,"iter_ns_p95":54968177,"per_op_ns_p50":2609046,"x_cpu_ticks":36,"errors":0,"pixel_ok":true,"wall":[1790157385.429730,1790157386.431929],"iter_ns":[30682240,30851355,29947812,38316354,32709687,41744740,36746250,39857291,49492448,46373073,50048438,30893646,38949740,42205521,47283438,43459323,45443437,39053437,46030156,54968177]}
MARK CELL_BEGIN N0000 1790157386.431992
MARK CELL_END N0000 1790157386.529849
CELL {"seq":208,"id":"N0000","group":"N","rw":1024,"rh":1024,"sw":1024,"sh":1024,"ratio":"1x","reuse":1,"batch":1,"residency":"warm","readback":"none","iters":20,"iter_ns_p50":2375208,"iter_ns_p95":4099584,"per_op_ns_p50":2375208,"x_cpu_ticks":4,"errors":0,"pixel_ok":true,"wall":[1790157386.431992,1790157386.529849],"iter_ns":[1772760,1753021,3433438,2342396,2088229,2177135,2124322,2375208,2073698,3863489,2408854,2231146,2395000,2270208,2459688,2992552,4099584,2338698,2580937,2663334]}
MARK CELL_BEGIN B0212 1790157386.529881
MARK CELL_END B0212 1790157386.899768
CELL {"seq":209,"id":"B0212","group":"B","rw":1200,"rh":2608,"sw":2400,"sh":5216,"ratio":"4x","reuse":1,"batch":1,"residency":"warm","readback":"none","iters":20,"iter_ns_p50":5059531,"iter_ns_p95":9296823,"per_op_ns_p50":5059531,"x_cpu_ticks":15,"errors":0,"pixel_ok":true,"wall":[1790157386.529881,1790157386.899768],"iter_ns":[4472135,5701198,3352812,3365417,4322864,3080469,4076354,4178385,5774948,5266041,5438698,9296823,3208854,3555469,5246563,5059531,4704271,6049740,7496459,6217916]}
MARK CELL_BEGIN A0095 1790157386.899818
MARK CELL_END A0095 1790157387.638647
CELL {"seq":210,"id":"A0095","group":"A","rw":512,"rh":512,"sw":512,"sh":512,"ratio":"1x","reuse":1,"batch":16,"residency":"warm","readback":"delayed","iters":20,"iter_ns_p50":17203333,"iter_ns_p95":74315781,"per_op_ns_p50":1075208,"x_cpu_ticks":13,"errors":0,"pixel_ok":true,"wall":[1790157386.899818,1790157387.638647],"iter_ns":[57513386,41572396,74315781,53969167,13117448,29398021,52918855,15909427,60732865,27155313,17203333,15100208,15179896,14904844,16249010,17952396,15308385,15045416,14891667,14607448]}
MARK CELL_BEGIN B0182 1790157387.638697
MARK CELL_END B0182 1790157387.813478
CELL {"seq":211,"id":"B0182","group":"B","rw":128,"rh":128,"sw":128,"sh":128,"ratio":"1x","reuse":64,"batch":1,"residency":"warm","readback":"none","iters":20,"iter_ns_p50":8663073,"iter_ns_p95":12595313,"per_op_ns_p50":8663073,"x_cpu_ticks":5,"errors":0,"pixel_ok":true,"wall":[1790157387.638697,1790157387.813478],"iter_ns":[2012344,5015000,2105625,1918646,1969740,7308541,9462760,9031094,5425104,8199479,9446302,8718750,12595313,10794739,8766510,8978386,8663073,11183334,4336094,2387604]}
MARK CELL_BEGIN A0071 1790157387.813514
MARK CELL_END A0071 1790157388.122646
CELL {"seq":212,"id":"A0071","group":"A","rw":128,"rh":128,"sw":128,"sh":128,"ratio":"1x","reuse":1,"batch":16,"residency":"warm","readback":"delayed","iters":20,"iter_ns_p50":11090625,"iter_ns_p95":24914636,"per_op_ns_p50":693164,"x_cpu_ticks":5,"errors":0,"pixel_ok":true,"wall":[1790157387.813514,1790157388.122646],"iter_ns":[11090625,13278229,10884010,9633802,10691302,7209271,8553802,9290208,10669844,9454896,9957187,9403281,12559844,13345990,12999896,16449010,21199896,24914636,20467396,15665416]}
MARK CELL_BEGIN B0156 1790157388.122672
MARK CELL_END B0156 1790157388.188973
CELL {"seq":213,"id":"B0156","group":"B","rw":16,"rh":16,"sw":16,"sh":16,"ratio":"1x","reuse":1,"batch":1,"residency":"cold","readback":"none","iters":20,"iter_ns_p50":1799167,"iter_ns_p95":2803125,"per_op_ns_p50":1799167,"x_cpu_ticks":2,"errors":0,"pixel_ok":true,"wall":[1790157388.122672,1790157388.188973],"iter_ns":[1655781,1759687,1825052,1744323,2583177,1895885,1551667,2087917,1805573,1754636,2208177,2803125,1798281,1799167,1800156,1656770,1781146,2668073,1710729,1620729]}
MARK CELL_BEGIN B0164 1790157388.189007
MARK CELL_END B0164 1790157388.335457
CELL {"seq":214,"id":"B0164","group":"B","rw":32,"rh":32,"sw":32,"sh":32,"ratio":"1x","reuse":64,"batch":1,"residency":"warm","readback":"none","iters":20,"iter_ns_p50":7029166,"iter_ns_p95":9668594,"per_op_ns_p50":7029166,"x_cpu_ticks":3,"errors":0,"pixel_ok":true,"wall":[1790157388.189007,1790157388.335457],"iter_ns":[1591927,1489947,1535625,1751979,1683125,6840886,2960521,7029166,2553020,7550729,8403645,7409323,7649843,3640208,9668594,9614271,8905104,8093802,8481145,3995989]}
MARK CELL_BEGIN A0106 1790157388.335516
MARK CELL_END A0106 1790157389.341290
CELL {"seq":215,"id":"A0106","group":"A","rw":1024,"rh":1024,"sw":1024,"sh":1024,"ratio":"1x","reuse":1,"batch":16,"residency":"warm","readback":"immediate","iters":20,"iter_ns_p50":38838906,"iter_ns_p95":49854427,"per_op_ns_p50":2427431,"x_cpu_ticks":40,"errors":0,"pixel_ok":true,"wall":[1790157388.335516,1790157389.341290],"iter_ns":[36816302,42384844,39323594,38838906,31720104,48757657,49854427,43525000,47112396,34930938,48331354,43167291,40827084,31463698,32974010,38059323,37577604,37934948,37229844,30238073]}
MARK CELL_BEGIN A0121 1790157389.341328
MARK CELL_END A0121 1790157389.852313
CELL {"seq":216,"id":"A0121","group":"A","rw":3440,"rh":1440,"sw":3440,"sh":1440,"ratio":"1x","reuse":1,"batch":1,"residency":"warm","readback":"immediate","iters":20,"iter_ns_p50":11879323,"iter_ns_p95":24940625,"per_op_ns_p50":11879323,"x_cpu_ticks":31,"errors":0,"pixel_ok":true,"wall":[1790157389.341328,1790157389.852313],"iter_ns":[9439792,12887031,11186042,14986302,12623021,11137916,10394739,10595313,19280781,12134480,12323802,10248229,10194010,11664687,24940625,19453646,13521719,11879323,10697709,10366198]}
MARK CELL_BEGIN B0207 1790157389.852365
MARK CELL_END B0207 1790157390.011811
CELL {"seq":217,"id":"B0207","group":"B","rw":1024,"rh":1024,"sw":1024,"sh":1024,"ratio":"1x","reuse":4,"batch":1,"residency":"warm","readback":"none","iters":20,"iter_ns_p50":2714114,"iter_ns_p95":7098021,"per_op_ns_p50":2714114,"x_cpu_ticks":8,"errors":0,"pixel_ok":true,"wall":[1790157389.852365,1790157390.011811],"iter_ns":[7098021,2343490,1878490,1908803,3905000,2105781,2162917,2420312,2696823,4032657,2686510,2702500,2844895,2649219,2947500,4177135,2714114,2775521,2945365,3061562]}
MARK CELL_BEGIN A0115 1790157390.011847
MARK CELL_END A0115 1790157391.277556
CELL {"seq":218,"id":"A0115","group":"A","rw":1200,"rh":2608,"sw":1200,"sh":2608,"ratio":"1x","reuse":1,"batch":8,"residency":"warm","readback":"immediate","iters":20,"iter_ns_p50":48424688,"iter_ns_p95":58400261,"per_op_ns_p50":6053086,"x_cpu_ticks":69,"errors":0,"pixel_ok":true,"wall":[1790157390.011847,1790157391.277556],"iter_ns":[50457656,42296667,54056562,44871354,54010833,46038333,48424688,51518697,46610781,46775885,48744583,55603073,43511198,58400261,44576563,40684479,51079271,44502344,48069740,53285260]}
MARK CELL_BEGIN A0048 1790157391.277613
MARK CELL_END A0048 1790157391.313769
CELL {"seq":219,"id":"A0048","group":"A","rw":64,"rh":64,"sw":64,"sh":64,"ratio":"1x","reuse":1,"batch":1,"residency":"warm","readback":"none","iters":20,"iter_ns_p50":1022395,"iter_ns_p95":2045625,"per_op_ns_p50":1022395,"x_cpu_ticks":1,"errors":0,"pixel_ok":true,"wall":[1790157391.277613,1790157391.313769],"iter_ns":[673125,942812,945573,701563,975625,687604,942188,948958,907968,1256771,1022395,1122188,2045625,1802865,793334,1058021,1166250,1185052,1102083,1121771]}
MARK CELL_BEGIN A0036 1790157391.313816
MARK CELL_END A0036 1790157391.352311
CELL {"seq":220,"id":"A0036","group":"A","rw":32,"rh":32,"sw":32,"sh":32,"ratio":"1x","reuse":1,"batch":1,"residency":"warm","readback":"none","iters":20,"iter_ns_p50":1032760,"iter_ns_p95":2296510,"per_op_ns_p50":1032760,"x_cpu_ticks":0,"errors":0,"pixel_ok":true,"wall":[1790157391.313816,1790157391.352311],"iter_ns":[913073,992969,1129323,1162500,1252500,2296510,1310208,1032760,708594,1001355,1036302,721042,1085156,1118646,983958,962864,692812,946302,709427,1084739]}
MARK CELL_BEGIN B0154 1790157391.352339
MARK CELL_END B0154 1790157391.440322
CELL {"seq":221,"id":"B0154","group":"B","rw":16,"rh":16,"sw":16,"sh":16,"ratio":"1x","reuse":16,"batch":1,"residency":"warm","readback":"none","iters":20,"iter_ns_p50":2655000,"iter_ns_p95":8627812,"per_op_ns_p50":2655000,"x_cpu_ticks":3,"errors":0,"pixel_ok":true,"wall":[1790157391.352339,1790157391.440322],"iter_ns":[1831510,2655000,3091250,2279219,1989688,1931510,1825157,7089583,8627812,8222760,4579687,3888906,3076875,1245677,2898229,5828593,1087083,1112917,1072240,1048958]}
MARK CELL_BEGIN A0000 1790157391.440393
MARK CELL_END A0000 1790157391.475444
CELL {"seq":222,"id":"A0000","group":"A","rw":1,"rh":1,"sw":1,"sh":1,"ratio":"1x","reuse":1,"batch":1,"residency":"warm","readback":"none","iters":20,"iter_ns_p50":1068021,"iter_ns_p95":2090260,"per_op_ns_p50":1068021,"x_cpu_ticks":0,"errors":0,"pixel_ok":true,"wall":[1790157391.440393,1790157391.475444],"iter_ns":[2021510,1533333,746562,982761,1021041,1013854,1010052,1002239,1068021,1050781,1046719,971875,1002188,1159323,1179063,2090260,1904011,1088437,1106041,1107656]}
MARK CELL_BEGIN A0024 1790157391.475482
MARK CELL_END A0024 1790157391.518680
CELL {"seq":223,"id":"A0024","group":"A","rw":16,"rh":16,"sw":16,"sh":16,"ratio":"1x","reuse":1,"batch":1,"residency":"warm","readback":"none","iters":20,"iter_ns_p50":1199323,"iter_ns_p95":2556614,"per_op_ns_p50":1199323,"x_cpu_ticks":0,"errors":0,"pixel_ok":true,"wall":[1790157391.475482,1790157391.518680],"iter_ns":[1090000,1111302,1102240,1035520,1085885,1045521,1036979,1060625,1199323,1225781,1342084,2473646,2556614,1191458,1275260,1314063,1223437,1433177,1192084,1206511]}
MARK CELL_BEGIN B0202 1790157391.518716
MARK CELL_END B0202 1790157391.640021
CELL {"seq":224,"id":"B0202","group":"B","rw":512,"rh":512,"sw":512,"sh":512,"ratio":"1x","reuse":1,"batch":1,"residency":"resize","readback":"none","iters":20,"iter_ns_p50":3953906,"iter_ns_p95":7273281,"per_op_ns_p50":3953906,"x_cpu_ticks":4,"errors":0,"pixel_ok":true,"wall":[1790157391.518716,1790157391.640021],"iter_ns":[3183593,3467031,3225989,5422396,2550782,3301354,7192761,4838697,7273281,5483593,7083854,3953906,4009844,5654167,3506510,3575469,3917396,5867187,3614480,3401614]}
MARK CELL_BEGIN A0063 1790157391.640074
MARK CELL_END A0063 1790157391.765261
CELL {"seq":225,"id":"A0063","group":"A","rw":128,"rh":128,"sw":128,"sh":128,"ratio":"1x","reuse":1,"batch":4,"residency":"warm","readback":"none","iters":20,"iter_ns_p50":4490625,"iter_ns_p95":7338229,"per_op_ns_p50":1122656,"x_cpu_ticks":2,"errors":0,"pixel_ok":true,"wall":[1790157391.640074,1790157391.765261],"iter_ns":[3632083,3584063,4986771,2726563,3610729,3529375,4894843,4040364,4202656,4219271,6346458,4021771,3964062,6593021,4507917,4537396,4490625,7338229,4825417,7245313]}
MARK CELL_BEGIN B0169 1790157391.765319
MARK CELL_END B0169 1790157391.809873
CELL {"seq":226,"id":"B0169","group":"B","rw":64,"rh":64,"sw":256,"sh":256,"ratio":"16x","reuse":1,"batch":1,"residency":"warm","readback":"none","iters":20,"iter_ns_p50":1142031,"iter_ns_p95":3438958,"per_op_ns_p50":1142031,"x_cpu_ticks":1,"errors":0,"pixel_ok":true,"wall":[1790157391.765319,1790157391.809873],"iter_ns":[935312,1160469,1459687,1421927,1601094,2864844,1361302,1061407,1038594,1113802,1047656,1039948,1024166,1142031,1079844,1075729,1216302,3438958,2605677,1089739]}
MARK CELL_BEGIN A0006 1790157391.809903
MARK CELL_END A0006 1790157392.011206
CELL {"seq":227,"id":"A0006","group":"A","rw":1,"rh":1,"sw":1,"sh":1,"ratio":"1x","reuse":1,"batch":8,"residency":"warm","readback":"none","iters":20,"iter_ns_p50":8481458,"iter_ns_p95":12655625,"per_op_ns_p50":1060182,"x_cpu_ticks":3,"errors":0,"pixel_ok":true,"wall":[1790157391.809903,1790157392.011206],"iter_ns":[10106927,12655625,8746198,10892812,6396198,8867239,7228385,7056458,4737448,8481458,7550886,9214011,7341094,9696250,9372187,10480625,7761614,7073073,4455938,4783489]}
MARK CELL_BEGIN B0175 1790157392.011244
MARK CELL_END B0175 1790157392.064432
CELL {"seq":228,"id":"B0175","group":"B","rw":64,"rh":64,"sw":64,"sh":64,"ratio":"1x","reuse":1,"batch":1,"residency":"resize","readback":"none","iters":20,"iter_ns_p50":1838437,"iter_ns_p95":3560781,"per_op_ns_p50":1838437,"x_cpu_ticks":1,"errors":0,"pixel_ok":true,"wall":[1790157392.011244,1790157392.064432],"iter_ns":[1722656,2255156,1923489,1727813,1968282,3053542,2490209,1904323,1838437,1787344,1519271,1922188,1564792,1559635,3560781,1574532,1667500,1616354,1825156,1936302]}
MARK CELL_BEGIN B0176 1790157392.064461
MARK CELL_END B0176 1790157392.140301
CELL {"seq":229,"id":"B0176","group":"B","rw":64,"rh":64,"sw":64,"sh":64,"ratio":"1x","reuse":1,"batch":1,"residency":"recreate","readback":"none","iters":20,"iter_ns_p50":2613281,"iter_ns_p95":8803594,"per_op_ns_p50":2613281,"x_cpu_ticks":2,"errors":0,"pixel_ok":true,"wall":[1790157392.064461,1790157392.140301],"iter_ns":[2418593,2542917,8803594,2842292,2894583,2624271,4337709,2639583,2603021,2578958,2487136,2383281,4098750,2437031,2617031,2613281,2490104,2518959,4123281,2587136]}
MARK CELL_BEGIN A0014 1790157392.140343
MARK CELL_END A0014 1790157392.171869
CELL {"seq":230,"id":"A0014","group":"A","rw":5,"rh":24,"sw":5,"sh":24,"ratio":"1x","reuse":1,"batch":1,"residency":"warm","readback":"delayed","iters":20,"iter_ns_p50":986979,"iter_ns_p95":2498229,"per_op_ns_p50":986979,"x_cpu_ticks":0,"errors":0,"pixel_ok":true,"wall":[1790157392.140343,1790157392.171869],"iter_ns":[677344,730885,722657,2498229,1099635,1027916,982709,889844,774167,701979,986979,774219,861302,1098333,1100312,948490,1141042,1958437,1652604,1044740]}
MARK CELL_BEGIN B0211 1790157392.171906
MARK CELL_END B0211 1790157392.648578
CELL {"seq":231,"id":"B0211","group":"B","rw":1024,"rh":1024,"sw":1024,"sh":1024,"ratio":"1x","reuse":1,"batch":1,"residency":"recreate","readback":"none","iters":20,"iter_ns_p50":18794896,"iter_ns_p95":24258334,"per_op_ns_p50":18794896,"x_cpu_ticks":31,"errors":0,"pixel_ok":true,"wall":[1790157392.171906,1790157392.648578],"iter_ns":[19190625,17913282,19538281,18716406,17649166,17661979,18859896,18694115,20135521,17933646,17812344,18453229,17897188,19702188,18683958,18794896,18936459,23947343,24258334,23720521]}
MARK CELL_BEGIN C0259 1790157392.648618
MARK CELL_END C0259 1790157393.052802
CELL {"seq":232,"id":"C0259","group":"C","rw":128,"rh":128,"sw":512,"sh":512,"ratio":"16x","reuse":1,"batch":16,"residency":"resize","readback":"delayed","iters":20,"iter_ns_p50":17150886,"iter_ns_p95":26859479,"per_op_ns_p50":1071930,"x_cpu_ticks":8,"errors":0,"pixel_ok":true,"wall":[1790157392.648618,1790157393.052802],"iter_ns":[17150886,22537812,14969271,22532656,20922708,15063333,14211458,11379323,11083229,10505312,14766458,18642136,19449843,18403385,26859479,13982656,11377292,13023073,18134584,21805833]}
MARK CELL_BEGIN B0184 1790157393.052892
MARK CELL_END B0184 1790157393.119022
CELL {"seq":233,"id":"B0184","group":"B","rw":128,"rh":128,"sw":128,"sh":128,"ratio":"1x","reuse":1,"batch":1,"residency":"resize","readback":"none","iters":20,"iter_ns_p50":2174270,"iter_ns_p95":3586510,"per_op_ns_p50":2174270,"x_cpu_ticks":2,"errors":0,"pixel_ok":true,"wall":[1790157393.052892,1790157393.119022],"iter_ns":[3586510,2927292,2118542,1950938,1942500,1930156,2923437,2776302,2035573,2008438,2192656,2129427,2273229,3170261,2748438,2089427,1965365,2174270,2340364,2069948]}
MARK CELL_BEGIN N0000 1790157393.119054
MARK CELL_END N0000 1790157393.234264
CELL {"seq":234,"id":"N0000","group":"N","rw":1024,"rh":1024,"sw":1024,"sh":1024,"ratio":"1x","reuse":1,"batch":1,"residency":"warm","readback":"none","iters":20,"iter_ns_p50":2853698,"iter_ns_p95":8753542,"per_op_ns_p50":2853698,"x_cpu_ticks":4,"errors":0,"pixel_ok":true,"wall":[1790157393.119054,1790157393.234264],"iter_ns":[1821771,1866458,3223177,2349375,2317813,2424688,2853698,2939062,2726145,8753542,2701667,2930781,2861667,4936146,2815937,2912813,3137135,4025990,1973021,2520364]}
MARK CELL_BEGIN A0050 1790157393.234301
MARK CELL_END A0050 1790157393.263137
CELL {"seq":235,"id":"A0050","group":"A","rw":64,"rh":64,"sw":64,"sh":64,"ratio":"1x","reuse":1,"batch":1,"residency":"warm","readback":"delayed","iters":20,"iter_ns_p50":800989,"iter_ns_p95":2262239,"per_op_ns_p50":800989,"x_cpu_ticks":0,"errors":0,"pixel_ok":true,"wall":[1790157393.234301,1790157393.263137],"iter_ns":[415885,390885,380573,397396,379844,632708,661823,499375,1048594,754375,753125,800989,2262239,1017656,855052,1201407,1058855,1079479,1087604,860260]}
MARK CELL_BEGIN A0007 1790157393.263178
MARK CELL_END A0007 1790157393.441654
CELL {"seq":236,"id":"A0007","group":"A","rw":1,"rh":1,"sw":1,"sh":1,"ratio":"1x","reuse":1,"batch":8,"residency":"warm","readback":"immediate","iters":20,"iter_ns_p50":7059740,"iter_ns_p95":11794531,"per_op_ns_p50":882467,"x_cpu_ticks":3,"errors":0,"pixel_ok":true,"wall":[1790157393.263178,1790157393.441654],"iter_ns":[9778593,3932708,7841093,4943646,3211198,3865104,9600833,4093020,5854896,6529271,5364375,6195782,7059740,6526562,10351146,9786979,9127448,11763541,11794531,8886875]}
MARK CELL_BEGIN A0061 1790157393.441714
MARK CELL_END A0061 1790157393.487479
CELL {"seq":237,"id":"A0061","group":"A","rw":128,"rh":128,"sw":128,"sh":128,"ratio":"1x","reuse":1,"batch":1,"residency":"warm","readback":"immediate","iters":20,"iter_ns_p50":1153958,"iter_ns_p95":3983125,"per_op_ns_p50":1153958,"x_cpu_ticks":2,"errors":0,"pixel_ok":true,"wall":[1790157393.441714,1790157393.487479],"iter_ns":[1099271,1153958,1242813,1109895,1078594,1084583,1501250,1379896,2039896,3983125,1156927,854375,762865,1144687,858802,817292,2406719,956979,1172239,2908438]}
MARK CELL_BEGIN A0046 1790157393.487511
MARK CELL_END A0046 1790157393.754948
CELL {"seq":238,"id":"A0046","group":"A","rw":32,"rh":32,"sw":32,"sh":32,"ratio":"1x","reuse":1,"batch":16,"residency":"warm","readback":"immediate","iters":20,"iter_ns_p50":9961458,"iter_ns_p95":20635104,"per_op_ns_p50":622591,"x_cpu_ticks":4,"errors":0,"pixel_ok":true,"wall":[1790157393.487511,1790157393.754948],"iter_ns":[8970052,9135312,8409427,9961458,9277240,13936771,10589322,11061823,9677083,8261667,11590520,20635104,18957135,10523333,6254011,10011354,7039166,8394687,8045260,14436354]}
MARK CELL_BEGIN C0255 1790157393.755008
MARK CELL_END C0255 1790157393.938014
CELL {"seq":239,"id":"C0255","group":"C","rw":128,"rh":128,"sw":128,"sh":128,"ratio":"1x","reuse":64,"batch":1,"residency":"warm","readback":"immediate","iters":20,"iter_ns_p50":8742396,"iter_ns_p95":11808802,"per_op_ns_p50":8742396,"x_cpu_ticks":6,"errors":0,"pixel_ok":true,"wall":[1790157393.755008,1790157393.938014],"iter_ns":[1662708,1722917,2857448,1715468,1807604,2138490,6961875,8417656,8742396,9748229,10162864,11808802,5313750,10617552,9670729,11014375,10902292,4553177,9690834,9779115]}
MARK CELL_BEGIN C0234 1790157393.938053
MARK CELL_END C0234 1790157394.373956
CELL {"seq":240,"id":"C0234","group":"C","rw":512,"rh":512,"sw":512,"sh":512,"ratio":"1x","reuse":1,"batch":8,"residency":"cold","readback":"none","iters":20,"iter_ns_p50":15155417,"iter_ns_p95":26571146,"per_op_ns_p50":1894427,"x_cpu_ticks":14,"errors":0,"pixel_ok":true,"wall":[1790157393.938053,1790157394.373956],"iter_ns":[12425261,13501458,13633437,11396718,9841927,9374271,21152396,19965261,15745989,13718125,13377240,16948698,16273594,15155417,16268854,20006875,26571146,21806875,14811302,14750625]}
MARK CELL_BEGIN C0248 1790157394.374007
MARK CELL_END C0248 1790157396.268644
CELL {"seq":241,"id":"C0248","group":"C","rw":64,"rh":64,"sw":1200,"sh":2191,"ratio":"redirected","reuse":16,"batch":8,"residency":"warm","readback":"delayed","iters":20,"iter_ns_p50":14860365,"iter_ns_p95":356431146,"per_op_ns_p50":1857545,"x_cpu_ticks":102,"errors":0,"pixel_ok":true,"wall":[1790157394.374007,1790157396.268644],"iter_ns":[14242552,13835677,14860365,14933229,9202448,132338177,124849115,127044427,122101719,160269479,356431146,284995208,218778645,5866250,3691354,8903594,5894843,3877812,3493594,10169011]}
MARK CELL_BEGIN B0209 1790157396.269320
MARK CELL_END B0209 1790157396.720699
CELL {"seq":242,"id":"B0209","group":"B","rw":1024,"rh":1024,"sw":1024,"sh":1024,"ratio":"1x","reuse":1,"batch":1,"residency":"cold","readback":"none","iters":20,"iter_ns_p50":6705052,"iter_ns_p95":7264948,"per_op_ns_p50":6705052,"x_cpu_ticks":29,"errors":0,"pixel_ok":true,"wall":[1790157396.269320,1790157396.720699],"iter_ns":[5678385,6470416,6849895,5436458,7069584,6965364,6714010,7151406,6705052,6555677,7172812,6349271,7264948,6529739,5704219,5305000,6689740,6743854,6748437,5908906]}
MARK CELL_BEGIN C0250 1790157396.720726
MARK CELL_END C0250 1790157396.967611
CELL {"seq":243,"id":"C0250","group":"C","rw":1,"rh":1,"sw":1,"sh":1,"ratio":"1x","reuse":1,"batch":16,"residency":"cold","readback":"immediate","iters":20,"iter_ns_p50":9535261,"iter_ns_p95":11615312,"per_op_ns_p50":595953,"x_cpu_ticks":6,"errors":0,"pixel_ok":true,"wall":[1790157396.720726,1790157396.967611],"iter_ns":[10644427,8080677,9531771,7553125,10558958,8520104,10933230,8789792,8745365,9108177,11189636,9535261,8761041,10339271,9365833,10380885,11615312,10594791,10134167,9014688]}
MARK CELL_BEGIN B0141 1790157396.967678
MARK CELL_END B0141 1790157396.997314
CELL {"seq":244,"id":"B0141","group":"B","rw":5,"rh":24,"sw":10,"sh":48,"ratio":"4x","reuse":1,"batch":1,"residency":"warm","readback":"none","iters":20,"iter_ns_p50":810989,"iter_ns_p95":2324479,"per_op_ns_p50":810989,"x_cpu_ticks":0,"errors":0,"pixel_ok":true,"wall":[1790157396.967678,1790157396.997314],"iter_ns":[665573,1000105,683958,964531,733594,788489,697709,971302,810989,741094,2324479,990052,702969,969531,696771,1079271,1166980,714635,1032761,677136]}
MARK CELL_BEGIN A0120 1790157396.997349
MARK CELL_END A0120 1790157397.364906
CELL {"seq":245,"id":"A0120","group":"A","rw":3440,"rh":1440,"sw":3440,"sh":1440,"ratio":"1x","reuse":1,"batch":1,"residency":"warm","readback":"none","iters":20,"iter_ns_p50":7699948,"iter_ns_p95":10081875,"per_op_ns_p50":7699948,"x_cpu_ticks":17,"errors":0,"pixel_ok":true,"wall":[1790157396.997349,1790157397.364906],"iter_ns":[6255521,6863594,7156250,7381510,9193385,4883698,5530052,5705521,7616198,8081458,7994739,10081875,7621406,8733542,7699948,8700364,8244114,8079010,7048542,9177292]}
MARK CELL_BEGIN C0249 1790157397.364942
MARK CELL_END C0249 1790157397.580602
CELL {"seq":246,"id":"C0249","group":"C","rw":64,"rh":64,"sw":256,"sh":256,"ratio":"16x","reuse":1,"batch":8,"residency":"resize","readback":"delayed","iters":20,"iter_ns_p50":9328125,"iter_ns_p95":13510260,"per_op_ns_p50":1166015,"x_cpu_ticks":4,"errors":0,"pixel_ok":true,"wall":[1790157397.364942,1790157397.580602],"iter_ns":[7665886,6183906,7040417,6330364,6445365,9328125,8650938,9183541,11420365,13510260,12208594,10945417,9906875,11046355,8784531,11062552,10426146,7717813,7281979,11084636]}
MARK CELL_BEGIN A0111 1790157397.580651
MARK CELL_END A0111 1790157398.170790
CELL {"seq":247,"id":"A0111","group":"A","rw":1200,"rh":2608,"sw":1200,"sh":2608,"ratio":"1x","reuse":1,"batch":4,"residency":"warm","readback":"none","iters":20,"iter_ns_p50":21704948,"iter_ns_p95":27754115,"per_op_ns_p50":5426237,"x_cpu_ticks":28,"errors":0,"pixel_ok":true,"wall":[1790157397.580651,1790157398.170790],"iter_ns":[19348386,23179427,19938177,21046146,27754115,24064375,25836198,20455000,14195990,14430000,22877239,24225416,21704948,16719271,24988073,22186458,20707500,22610260,21213489,14247917]}
MARK CELL_BEGIN A0053 1790157398.170841
MARK CELL_END A0053 1790157398.260182
CELL {"seq":248,"id":"A0053","group":"A","rw":64,"rh":64,"sw":64,"sh":64,"ratio":"1x","reuse":1,"batch":4,"residency":"warm","readback":"delayed","iters":20,"iter_ns_p50":3231198,"iter_ns_p95":7647187,"per_op_ns_p50":807799,"x_cpu_ticks":1,"errors":0,"pixel_ok":true,"wall":[1790157398.170841,1790157398.260182],"iter_ns":[3231198,1779583,2800834,1438490,2244531,3307917,2379792,7647187,2500417,3761406,3153178,5263177,3260677,2576510,3355625,5714844,3292344,3150052,2820573,3281094]}
MARK CELL_BEGIN A0039 1790157398.260229
MARK CELL_END A0039 1790157398.344136
CELL {"seq":249,"id":"A0039","group":"A","rw":32,"rh":32,"sw":32,"sh":32,"ratio":"1x","reuse":1,"batch":4,"residency":"warm","readback":"none","iters":20,"iter_ns_p50":2595990,"iter_ns_p95":5632552,"per_op_ns_p50":648997,"x_cpu_ticks":1,"errors":0,"pixel_ok":true,"wall":[1790157398.260229,1790157398.344136],"iter_ns":[2202552,2237969,2199062,1402917,1954739,3903281,3344583,2253229,3419427,2377604,4019271,2351770,2595990,2970313,2097500,2571458,3489323,5632552,3914323,3548020]}
MARK CELL_BEGIN A0075 1790157398.344183
MARK CELL_END A0075 1790157398.457115
CELL {"seq":250,"id":"A0075","group":"A","rw":256,"rh":256,"sw":256,"sh":256,"ratio":"1x","reuse":1,"batch":4,"residency":"warm","readback":"none","iters":20,"iter_ns_p50":3798073,"iter_ns_p95":10571875,"per_op_ns_p50":949518,"x_cpu_ticks":3,"errors":0,"pixel_ok":true,"wall":[1790157398.344183,1790157398.457115],"iter_ns":[3646355,3782083,5663646,3799636,3798073,3504739,5092864,3564844,3622605,3096198,5036771,2860677,3150156,3044688,3348802,4870834,3870469,4154791,4527135,10571875]}
MARK CELL_BEGIN B0171 1790157398.457176
MARK CELL_END B0171 1790157398.504727
CELL {"seq":251,"id":"B0171","group":"B","rw":64,"rh":64,"sw":64,"sh":64,"ratio":"1x","reuse":4,"batch":1,"residency":"warm","readback":"none","iters":20,"iter_ns_p50":1059896,"iter_ns_p95":3299740,"per_op_ns_p50":1059896,"x_cpu_ticks":1,"errors":0,"pixel_ok":true,"wall":[1790157398.457176,1790157398.504727],"iter_ns":[3299740,1496407,714792,719323,718542,728021,1003282,1013541,812032,749531,1063907,740365,964531,2020677,1729791,1070416,1101823,1144636,1106406,1059896]}
MARK CELL_BEGIN A0069 1790157398.504771
MARK CELL_END A0069 1790157398.922406
CELL {"seq":252,"id":"A0069","group":"A","rw":128,"rh":128,"sw":128,"sh":128,"ratio":"1x","reuse":1,"batch":16,"residency":"warm","readback":"none","iters":20,"iter_ns_p50":17791615,"iter_ns_p95":21535625,"per_op_ns_p50":1111975,"x_cpu_ticks":9,"errors":0,"pixel_ok":true,"wall":[1790157398.504771,1790157398.922406],"iter_ns":[19139635,10775781,14752917,17433854,15227135,20736302,20068437,13825261,15553490,18210990,16894062,18436146,17945209,13252604,20414479,16327604,17791615,13552968,21535625,20704010]}
MARK CELL_BEGIN B0142 1790157398.922499
MARK CELL_END B0142 1790157398.957703
CELL {"seq":253,"id":"B0142","group":"B","rw":5,"rh":24,"sw":20,"sh":96,"ratio":"16x","reuse":1,"batch":1,"residency":"warm","readback":"none","iters":20,"iter_ns_p50":838072,"iter_ns_p95":4354167,"per_op_ns_p50":838072,"x_cpu_ticks":0,"errors":0,"pixel_ok":true,"wall":[1790157398.922499,1790157398.957703],"iter_ns":[1071719,726042,720365,1821250,838072,715834,4354167,738646,1127916,938125,769323,698438,951094,644792,947136,712656,969375,691250,3082917,753645]}
MARK CELL_BEGIN B0188 1790157398.957731
MARK CELL_END B0188 1790157399.036680
CELL {"seq":254,"id":"B0188","group":"B","rw":256,"rh":256,"sw":1200,"sh":2191,"ratio":"redirected","reuse":1,"batch":1,"residency":"warm","readback":"none","iters":20,"iter_ns_p50":997865,"iter_ns_p95":1903281,"per_op_ns_p50":997865,"x_cpu_ticks":3,"errors":0,"pixel_ok":true,"wall":[1790157398.957731,1790157399.036680],"iter_ns":[712084,659219,669062,673958,733386,964532,978906,985937,997865,947447,714948,1036667,1035885,1015000,1131250,1903281,1323802,1067343,1139739,1186927]}
MARK CELL_BEGIN C0245 1790157399.036732
MARK CELL_END C0245 1790157399.171666
CELL {"seq":255,"id":"C0245","group":"C","rw":32,"rh":32,"sw":32,"sh":32,"ratio":"1x","reuse":1,"batch":4,"residency":"recreate","readback":"immediate","iters":20,"iter_ns_p50":5532864,"iter_ns_p95":7474062,"per_op_ns_p50":1383216,"x_cpu_ticks":3,"errors":0,"pixel_ok":true,"wall":[1790157399.036732,1790157399.171666],"iter_ns":[6607084,7474062,5090937,5866510,5441250,4475156,6955990,5532864,5407031,7097969,4921250,4926459,6786563,6352969,7461146,4050156,3247916,4683177,6445781,4056719]}
MARK CELL_BEGIN A0041 1790157399.171740
MARK CELL_END A0041 1790157399.248276
CELL {"seq":256,"id":"A0041","group":"A","rw":32,"rh":32,"sw":32,"sh":32,"ratio":"1x","reuse":1,"batch":4,"residency":"warm","readback":"delayed","iters":20,"iter_ns_p50":2291563,"iter_ns_p95":4597969,"per_op_ns_p50":572890,"x_cpu_ticks":1,"errors":0,"pixel_ok":true,"wall":[1790157399.171740,1790157399.248276],"iter_ns":[2275885,3638750,2128282,1381979,2160260,1855833,1333281,3523334,3285677,2219739,1424844,2792760,3532813,1743698,2912760,4597969,1740156,2291563,2886093,3585833]}
MARK CELL_BEGIN A0018 1790157399.248329
MARK CELL_END A0018 1790157399.406860
CELL {"seq":257,"id":"A0018","group":"A","rw":5,"rh":24,"sw":5,"sh":24,"ratio":"1x","reuse":1,"batch":8,"residency":"warm","readback":"none","iters":20,"iter_ns_p50":5862812,"iter_ns_p95":10653333,"per_op_ns_p50":732851,"x_cpu_ticks":3,"errors":0,"pixel_ok":true,"wall":[1790157399.248329,1790157399.406860],"iter_ns":[3635104,4311615,6301406,5731979,5831093,10653333,6229323,6278490,5862812,4172812,5278959,4639948,5968073,7072136,3592552,5797656,5986511,3803229,6469375,9477136]}
MARK CELL_BEGIN B0165 1790157399.406916
MARK CELL_END B0165 1790157399.483311
CELL {"seq":258,"id":"B0165","group":"B","rw":32,"rh":32,"sw":32,"sh":32,"ratio":"1x","reuse":1,"batch":1,"residency":"cold","readback":"none","iters":20,"iter_ns_p50":1900208,"iter_ns_p95":3503958,"per_op_ns_p50":1900208,"x_cpu_ticks":2,"errors":0,"pixel_ok":true,"wall":[1790157399.406916,1790157399.483311],"iter_ns":[2124063,2135104,2000156,2246823,3503958,2017291,1900208,1737500,1751250,2699636,2831823,1884375,1792552,1844687,1668177,3301406,1881145,1763334,1659844,1764792]}
MARK CELL_BEGIN B0199 1790157399.483384
MARK CELL_END B0199 1790157399.694753
CELL {"seq":259,"id":"B0199","group":"B","rw":512,"rh":512,"sw":512,"sh":512,"ratio":"1x","reuse":16,"batch":1,"residency":"warm","readback":"none","iters":20,"iter_ns_p50":3836459,"iter_ns_p95":21149844,"per_op_ns_p50":3836459,"x_cpu_ticks":12,"errors":0,"pixel_ok":true,"wall":[1790157399.483384,1790157399.694753],"iter_ns":[2602448,2473958,2712761,6681614,3836459,17582240,17677864,11865625,8551302,13361354,21149844,16665990,18541406,2390625,1418282,1137812,1272813,1199531,1183333,1262188]}
MARK CELL_BEGIN N0000 1790157399.694787
MARK CELL_END N0000 1790157399.808561
CELL {"seq":260,"id":"N0000","group":"N","rw":1024,"rh":1024,"sw":1024,"sh":1024,"ratio":"1x","reuse":1,"batch":1,"residency":"warm","readback":"none","iters":20,"iter_ns_p50":2435417,"iter_ns_p95":9176094,"per_op_ns_p50":2435417,"x_cpu_ticks":4,"errors":0,"pixel_ok":true,"wall":[1790157399.694787,1790157399.808561],"iter_ns":[3165938,2162760,2041667,2335833,2189219,2189792,2312656,2334063,9176094,2349948,2435417,2757917,4409844,2537396,2169948,2475573,2635469,3176094,2507656,2177291]}
MARK CELL_BEGIN B0155 1790157399.808596
MARK CELL_END B0155 1790157399.977326
CELL {"seq":261,"id":"B0155","group":"B","rw":16,"rh":16,"sw":16,"sh":16,"ratio":"1x","reuse":64,"batch":1,"residency":"warm","readback":"none","iters":20,"iter_ns_p50":8208385,"iter_ns_p95":10981094,"per_op_ns_p50":8208385,"x_cpu_ticks":3,"errors":0,"pixel_ok":true,"wall":[1790157399.808596,1790157399.977326],"iter_ns":[2744270,1731667,1624896,1677812,1780052,7081875,2966510,7203385,7754219,8915416,10955052,10981094,8743229,8495000,9624062,8572239,4793177,8208385,8501979,8399375]}
MARK CELL_BEGIN B0140 1790157399.977368
MARK CELL_END B0140 1790157400.045998
CELL {"seq":262,"id":"B0140","group":"B","rw":1,"rh":1,"sw":1,"sh":1,"ratio":"1x","reuse":1,"batch":1,"residency":"recreate","readback":"none","iters":20,"iter_ns_p50":2338593,"iter_ns_p95":4126510,"per_op_ns_p50":2338593,"x_cpu_ticks":1,"errors":0,"pixel_ok":true,"wall":[1790157399.977368,1790157400.045998],"iter_ns":[3225937,2431823,2486458,2593594,4126510,2338593,2261354,2154740,2351719,2380573,4080260,2187552,2267605,2192813,2239479,2277083,2333854,3848907,2245208,2310886]}
MARK CELL_BEGIN C0230 1790157400.046028
MARK CELL_END C0230 1790157400.636220
CELL {"seq":263,"id":"C0230","group":"C","rw":16,"rh":16,"sw":64,"sh":64,"ratio":"16x","reuse":64,"batch":8,"residency":"warm","readback":"delayed","iters":20,"iter_ns_p50":30209740,"iter_ns_p95":48634792,"per_op_ns_p50":3776217,"x_cpu_ticks":12,"errors":0,"pixel_ok":true,"wall":[1790157400.046028,1790157400.636220],"iter_ns":[5738281,6310781,4956823,5575261,7950937,38332760,43697552,35279532,37789895,27574271,48634792,20205729,29650677,34541146,44040208,38595052,30209740,32520417,28380834,29200208]}
MARK CELL_BEGIN A0056 1790157400.636260
MARK CELL_END A0056 1790157400.763502
CELL {"seq":264,"id":"A0056","group":"A","rw":64,"rh":64,"sw":64,"sh":64,"ratio":"1x","reuse":1,"batch":8,"residency":"warm","readback":"delayed","iters":20,"iter_ns_p50":5461875,"iter_ns_p95":6861979,"per_op_ns_p50":682734,"x_cpu_ticks":1,"errors":0,"pixel_ok":true,"wall":[1790157400.636260,1790157400.763502],"iter_ns":[5909844,6540990,5913334,5893230,4816146,6091667,6603281,6861979,3195260,2911615,2675052,4910104,6182552,3644323,3022708,5465052,3980520,2582760,3647239,5461875]}
MARK CELL_BEGIN B0167 1790157400.763538
MARK CELL_END B0167 1790157400.838408
CELL {"seq":265,"id":"B0167","group":"B","rw":32,"rh":32,"sw":32,"sh":32,"ratio":"1x","reuse":1,"batch":1,"residency":"recreate","readback":"none","iters":20,"iter_ns_p50":2541302,"iter_ns_p95":6804844,"per_op_ns_p50":2541302,"x_cpu_ticks":2,"errors":0,"pixel_ok":true,"wall":[1790157400.763538,1790157400.838408],"iter_ns":[2167031,2354010,2541302,2386511,3186719,4110625,2467552,2270000,2298959,2257604,2340625,3928594,2404270,6804844,3463542,4666406,2572605,2764896,2743958,2467968]}
MARK CELL_BEGIN B0144 1790157400.838448
MARK CELL_END B0144 1790157400.874379
CELL {"seq":266,"id":"B0144","group":"B","rw":5,"rh":24,"sw":5,"sh":24,"ratio":"1x","reuse":4,"batch":1,"residency":"warm","readback":"none","iters":20,"iter_ns_p50":927448,"iter_ns_p95":3865885,"per_op_ns_p50":927448,"x_cpu_ticks":0,"errors":0,"pixel_ok":true,"wall":[1790157400.838448,1790157400.874379],"iter_ns":[1674532,954428,668229,920521,704115,927448,679427,1887969,3865885,948906,673229,379687,378334,464010,957292,720156,786563,1086042,1029479,1009636]}
MARK CELL_BEGIN A0015 1790157400.874416
MARK CELL_END A0015 1790157400.976542
CELL {"seq":267,"id":"A0015","group":"A","rw":5,"rh":24,"sw":5,"sh":24,"ratio":"1x","reuse":1,"batch":4,"residency":"warm","readback":"none","iters":20,"iter_ns_p50":3794635,"iter_ns_p95":5735625,"per_op_ns_p50":948658,"x_cpu_ticks":3,"errors":0,"pixel_ok":true,"wall":[1790157400.874416,1790157400.976542],"iter_ns":[5336510,3963073,4174844,4408854,4751771,3736302,3641927,3719323,5569844,3447656,3700781,3310261,4225521,3386719,3075625,2720312,3794635,5735625,3272864,4084948]}
MARK CELL_BEGIN A0017 1790157400.976598
MARK CELL_END A0017 1790157401.084612
CELL {"seq":268,"id":"A0017","group":"A","rw":5,"rh":24,"sw":5,"sh":24,"ratio":"1x","reuse":1,"batch":4,"residency":"warm","readback":"delayed","iters":20,"iter_ns_p50":4149271,"iter_ns_p95":8331145,"per_op_ns_p50":1037317,"x_cpu_ticks":2,"errors":0,"pixel_ok":true,"wall":[1790157400.976598,1790157401.084612],"iter_ns":[2705573,3380573,4574219,6190365,4161667,4073281,3856407,4954166,3473594,3763802,4152917,7075157,4127864,5087396,8331145,4149271,4521041,2508125,1697240,2944688]}
MARK CELL_BEGIN B0214 1790157401.084642
MARK CELL_END B0214 1790157401.421812
CELL {"seq":269,"id":"B0214","group":"B","rw":1200,"rh":2608,"sw":1200,"sh":2608,"ratio":"1x","reuse":4,"batch":1,"residency":"warm","readback":"none","iters":20,"iter_ns_p50":4483073,"iter_ns_p95":15603802,"per_op_ns_p50":4483073,"x_cpu_ticks":18,"errors":0,"pixel_ok":true,"wall":[1790157401.084642,1790157401.421812],"iter_ns":[15603802,3120781,6685365,3097761,3055052,3497917,4233177,3284480,4252657,4126042,4483073,4218073,4293802,5582135,7131875,5795208,5059948,6309323,5858229,6657448]}
MARK CELL_BEGIN B0137 1790157401.421871
MARK CELL_END B0137 1790157401.565301
CELL {"seq":270,"id":"B0137","group":"B","rw":1,"rh":1,"sw":1,"sh":1,"ratio":"1x","reuse":64,"batch":1,"residency":"warm","readback":"none","iters":20,"iter_ns_p50":7342500,"iter_ns_p95":8726302,"per_op_ns_p50":7342500,"x_cpu_ticks":3,"errors":0,"pixel_ok":true,"wall":[1790157401.421871,1790157401.565301],"iter_ns":[1527761,1553438,3018750,1801198,1772500,6949635,7614896,3678437,8350000,8350312,7342500,8065260,4503073,2492031,7498958,8726302,8480938,7920990,4176041,7857552]}
MARK CELL_BEGIN A0020 1790157401.565333
MARK CELL_END A0020 1790157401.680099
CELL {"seq":271,"id":"A0020","group":"A","rw":5,"rh":24,"sw":5,"sh":24,"ratio":"1x","reuse":1,"batch":8,"residency":"warm","readback":"delayed","iters":20,"iter_ns_p50":4576823,"iter_ns_p95":6403281,"per_op_ns_p50":572102,"x_cpu_ticks":3,"errors":0,"pixel_ok":true,"wall":[1790157401.565333,1790157401.680099],"iter_ns":[4780990,6403281,5752812,4576823,6100885,3043282,4395313,3182760,5313437,3979895,3411094,2494635,2700781,5144531,3853281,3376041,6146354,5766718,4308437,6033333]}
MARK CELL_BEGIN B0166 1790157401.680139
MARK CELL_END B0166 1790157401.741618
CELL {"seq":272,"id":"B0166","group":"B","rw":32,"rh":32,"sw":32,"sh":32,"ratio":"1x","reuse":1,"batch":1,"residency":"resize","readback":"none","iters":20,"iter_ns_p50":2044063,"iter_ns_p95":7784948,"per_op_ns_p50":2044063,"x_cpu_ticks":2,"errors":0,"pixel_ok":true,"wall":[1790157401.680139,1790157401.741618],"iter_ns":[7784948,2887032,1846666,2081042,1861250,2044063,3809166,1563021,5036198,2099479,2610937,2982500,2643594,1389115,1565260,1552136,1377240,1550729,1416927,1533594]}
MARK CELL_BEGIN A0028 1790157401.741656
MARK CELL_END A0028 1790157401.827499
CELL {"seq":273,"id":"A0028","group":"A","rw":16,"rh":16,"sw":16,"sh":16,"ratio":"1x","reuse":1,"batch":4,"residency":"warm","readback":"immediate","iters":20,"iter_ns_p50":2837969,"iter_ns_p95":6305104,"per_op_ns_p50":709492,"x_cpu_ticks":1,"errors":0,"pixel_ok":true,"wall":[1790157401.741656,1790157401.827499],"iter_ns":[2136875,3292500,2473906,2315052,1740677,2810833,2862917,4035781,1916719,2300260,2230938,3599792,1845782,5185365,2785469,2837969,3142292,4653386,6305104,4507448]}
MARK CELL_BEGIN N0000 1790157401.827574
MARK CELL_END N0000 1790157401.960130
CELL {"seq":274,"id":"N0000","group":"N","rw":1024,"rh":1024,"sw":1024,"sh":1024,"ratio":"1x","reuse":1,"batch":1,"residency":"warm","readback":"none","iters":20,"iter_ns_p50":2930052,"iter_ns_p95":7574375,"per_op_ns_p50":2930052,"x_cpu_ticks":4,"errors":0,"pixel_ok":true,"wall":[1790157401.827574,1790157401.960130],"iter_ns":[2183073,1936302,5906927,4454687,6957135,3022969,2930052,5057032,2801979,2985260,2669062,4099636,7574375,2455156,2306406,6227917,2437031,2317969,2440105,2369166]}
RUN_END 1790157401.960168
