=== poll 1790150844.807677379
16666666
0	0	0
0	0	0
0	0	0
0	0	0
0	0	0
0	0	0
0	0	0
0	0	0
0	0	0
0	0	0
0	0	0
0	0	0
0	0	0
0	0	0
0	0	0
0	0	0
0	0	0
0	0	0
0	0	0
0	0	0
0	0	0
0	0	0
0	0	0
0	0	0
0	0	0
0	0	0
0	0	0
0	0	0
0	0	0
0	0	0
0	0	0
0	0	0
0	0	0
0	0	0
0	0	0
0	0	0
0	0	0
0	0	0
0	0	0
0	0	0
0	0	0
0	0	0
0	0	0
0	0	0
0	0	0
0	0	0
0	0	0
0	0	0
0	0	0
0	0	0
0	0	0
0	0	0
0	0	0
0	0	0
0	0	0
0	0	0
0	0	0
0	0	0
0	0	0
0	0	0
0	0	0
0	0	0
0	0	0
0	0	0
0	0	0
0	0	0
0	0	0
0	0	0
0	0	0
0	0	0
0	0	0
0	0	0
0	0	0
0	0	0
0	0	0
0	0	0
0	0	0
0	0	0
0	0	0
0	0	0
0	0	0
0	0	0
0	0	0
0	0	0
0	0	0
0	0	0
0	0	0
0	0	0
0	0	0
0	0	0
0	0	0
0	0	0
0	0	0
0	0	0
0	0	0
0	0	0
0	0	0
0	0	0
0	0	0
0	0	0
0	0	0
0	0	0
0	0	0
0	0	0
0	0	0
0	0	0
0	0	0
0	0	0
0	0	0
0	0	0
0	0	0
0	0	0
0	0	0
0	0	0
0	0	0
0	0	0
0	0	0
0	0	0
0	0	0
0	0	0
0	0	0
0	0	0
0	0	0
0	0	0
0	0	0
0	0	0
177541649077584	177541666886438	177541648068209

=== poll 1790150847.284607430
16666666
0	0	0
0	0	0
0	0	0
0	0	0
0	0	0
0	0	0
0	0	0
0	0	0
0	0	0
0	0	0
0	0	0
0	0	0
0	0	0
0	0	0
0	0	0
0	0	0
0	0	0
0	0	0
0	0	0
0	0	0
0	0	0
0	0	0
0	0	0
0	0	0
0	0	0
0	0	0
0	0	0
0	0	0
0	0	0
0	0	0
0	0	0
0	0	0
0	0	0
0	0	0
0	0	0
0	0	0
0	0	0
0	0	0
0	0	0
0	0	0
0	0	0
0	0	0
0	0	0
0	0	0
0	0	0
0	0	0
0	0	0
0	0	0
0	0	0
0	0	0
0	0	0
0	0	0
0	0	0
0	0	0
0	0	0
0	0	0
0	0	0
0	0	0
0	0	0
0	0	0
0	0	0
0	0	0
0	0	0
0	0	0
0	0	0
0	0	0
0	0	0
0	0	0
0	0	0
0	0	0
0	0	0
0	0	0
0	0	0
0	0	0
0	0	0
0	0	0
0	0	0
0	0	0
0	0	0
0	0	0
0	0	0
0	0	0
0	0	0
0	0	0
0	0	0
0	0	0
0	0	0
0	0	0
0	0	0
0	0	0
0	0	0
0	0	0
0	0	0
0	0	0
0	0	0
0	0	0
0	0	0
0	0	0
0	0	0
0	0	0
0	0	0
0	0	0
0	0	0
0	0	0
0	0	0
0	0	0
0	0	0
0	0	0
0	0	0
0	0	0
0	0	0
0	0	0
0	0	0
0	0	0
0	0	0
0	0	0
0	0	0
0	0	0
0	0	0
0	0	0
0	0	0
0	0	0
0	0	0
0	0	0
0	0	0
0	0	0
177541649077584	177541666886438	177541648068209

=== poll 1790150849.563455346
16666666
0	0	0
0	0	0
0	0	0
0	0	0
0	0	0
0	0	0
0	0	0
0	0	0
0	0	0
0	0	0
0	0	0
0	0	0
0	0	0
0	0	0
0	0	0
0	0	0
0	0	0
0	0	0
0	0	0
0	0	0
0	0	0
0	0	0
177541649077584	177541666886438	177541648068209
177550596354925	177550614554247	177550595630550
177550605880237	177550631204507	177550605823675
177550620385810	177550647853935	177550620300393
177550639204716	177550664501279	177550639143154
177550652322633	177550681148883	177550652276175
177550679196852	177550697800758	177550679113623
177550686730081	177550714452164	177550686684612
177550707829977	177550731101539	177550707773154
177550729017737	177550747753987	177550728949091
177550741904195	177550764405393	177550741830081
177550763360497	177550781052840	177550763269925
177550776843883	177550797701226	177550776787789
177550797183362	177550814348778	177550797136331
177550809785602	177550830998570	177550809727685
177550831399716	177550847647789	177550831336904
177550845642425	177550864296018	177550845585029
177550859727997	177550880944611	177550859658310
177550877317581	177550897593830	177550877245810
177550891042216	177550914241591	177550890965393
177550980457372	177550997484039	177550980390497
177550989431122	177551014133987	177550989385029
177550999930445	177551030784299	177550997736799
177551016601956	177551047438153	177551009504247
177551033269508	177551064091330	177551024748883
177551050955914	177551080740862	177551049424352
177551067495497	177551097392684	177551058866227
177551083282112	177551114046642	177551071008831
177551099767633	177551130699143	177551087623883
177551116362841	177551147349872	177551105979456
177551133213883	177551164003206	177551122153883
177551150346747	177551180656122	177551140771904
177551167530029	177551197306903	177551160686747
177551183129820	177551213959455	177551176686799
177551200201643	177551230609716	177551188269247
177551216771591	177551247262216	177551216721851
177551232943779	177551263914455	177551225771018
177551249696226	177551280563622	177551244743674
177551267166122	177551297211799	177551255995601
177551283524091	177551313861643	177551269136539
177551299752476	177551330513205	177551291915393
177551316972841	177551347165549	177551312672112
177551333402112	177551363816903	177551328195914
177551433881747	177551463710601	177551433808831
177551450160237	177551480361695	177551437911435
177551466807789	177551497012997	177551457590028
177551483229247	177551513660028	177551477531851
177551499341122	177551530306487	177551493494924
177551515951331	177551546954455	177551504257320
177551532708362	177551563603934	177551521526018
177551549460862	177551580255133	177551536740862
177551565988570	177551596905237	177551561942841
177551583481383	177551613555080	177551572918258
177551599771383	177551630205653	177551591613362
177551617081278	177551646861695	177551608192581
177551632742060	177551663515601	177551622130393
177551650307424	177551680168621	177551644554299
177551667289560	177551696819611	177551661978935
177551683093153	177551713472996	177551672040341
177551703572372	177551730126434	177551699038570
177551716852216	177551746780444	177551715406955
177551733027372	177551763429767	177551723314716
177551749580705	177551780076955	177551741436487
177551766361747	177551796722632	177551759561435
177551783123362	177551813374038	177551773109508
177551880595757	177551913255028	177551880494716
177551899853518	177551929903361	177551888775810
177551916694872	177551946552476	177551907914351
177551933418362	177551963201278	177551931830810
177551949376591	177551979850341	177551940367580
177551966008622	177551996499455	177551954513674
177551982546591	177552013151799	177551976378778
177551999457841	177552029804924	177551988123674
177552016026851	177552046456903	177552007192112
177552032684143	177552063108413	177552019233830
177552049924560	177552079759298	177552036184455
177552065954507	177552096408569	177552060059820
177552082584664	177552113058517	177552076945757
177552099266539	177552129707945	177552089397580
177552115778934	177552146358205	177552104146018
177552133011903	177552163010184	177552125906487
177552149601799	177552179661277	177552138317684
177552165963257	177552196310653	177552159047737
177552182458570	177552212960184	177552172400601
177552198844455	177552229609298	177552186591434
177552283683257	177552312858986	177552283603882
177552299389039	177552329504924	177552292915028
177552315481278	177552346151747	177552304169976
177552332443882	177552362800288	177552320328205
177552350499924	177552379447423	177552344936122
177552366784299	177552396093881	177552363537059
177552383275289	177552412738361	177552375393361
177552399126799	177552429385861	177552392733778
177552416074091	177552446034767	177552410463361
177552432810289	177552462682736	177552428029664
177552449091174	177552479334246	177552443522997
177552465565757	177552495986695	177552462683674
177552482468205	177552512639350	177552478883414
177552499453726	177552529289975	177552499372788
177552514972788	177552545941121	177552508686018
177552531515653	177552562587892	177552524485549
177552548418101	177552579233101	177552535909507
177552565728361	177552595882371	177552554393830
177552582391643	177552612531278	177552569630080
177552598290861	177552629185288	177552593064559

=== poll 1790150851.848296491
16666666
177552165963257	177552196310653	177552159047737
177552182458570	177552212960184	177552172400601
177552198844455	177552229609298	177552186591434
177552283683257	177552312858986	177552283603882
177552299389039	177552329504924	177552292915028
177552315481278	177552346151747	177552304169976
177552332443882	177552362800288	177552320328205
177552350499924	177552379447423	177552344936122
177552366784299	177552396093881	177552363537059
177552383275289	177552412738361	177552375393361
177552399126799	177552429385861	177552392733778
177552416074091	177552446034767	177552410463361
177552432810289	177552462682736	177552428029664
177552449091174	177552479334246	177552443522997
177552465565757	177552495986695	177552462683674
177552482468205	177552512639350	177552478883414
177552499453726	177552529289975	177552499372788
177552514972788	177552545941121	177552508686018
177552531515653	177552562587892	177552524485549
177552548418101	177552579233101	177552535909507
177552565728361	177552595882371	177552554393830
177552582391643	177552612531278	177552569630080
177552598290861	177552629185288	177552593064559
177552614806643	177552645831121	177552606229768
177552631963882	177552662478361	177552620261434
177552648470601	177552679125444	177552634702945
177552811229038	177552828966798	177552811132163
177552820662788	177552845614455	177552820595497
177552843902268	177552862259559	177552843822736
177552860762840	177552878902007	177552860696538
177552873953361	177552895547892	177552873892893
177552886103101	177552912196381	177552886050132
177552909238518	177552928843361	177552909150601
177552927356955	177552945490444	177552927289403
177552946247372	177552978784038	177552946151226
177552968398882	177552995433152	177552968271070
177552997094351	177553028729402	177552997005445
177553016196642	177553045378674	177553014276903
177553033114976	177553062028204	177553026742059
177553049140445	177553078675132	177553046705549
177553064782059	177553095315340	177553059143465
177553082217997	177553111960288	177553080900340
177553098663361	177553128606590	177553092311695
177553114775757	177553145249090	177553114302267
177553131841851	177553161892996	177553123659403
177553148065445	177553178539507	177553140315340
177553164919194	177553195186486	177553158226590
177553181044299	177553211833257	177553172857215
177553198778413	177553228479038	177553190256330
177553214991486	177553245122892	177553205602111
177553230913361	177553261769298	177553220630809
177553249443934	177553278417787	177553233699872
177553265885601	177553295065131	177553259637007
177553375926226	177553394945652	177553375844090
177553392099142	177553411595704	177553391997059
177553409144767	177553428246954	177553409064090
177553427623882	177553444896903	177553427556955
177553445804090	177553478191434	177553445723726
177553464809767	177553494837788	177553463840913
177553481341226	177553511484142	177553471119559
177553497599403	177553528128674	177553483566538
177553514360757	177553544773100	177553504100861
177553530709767	177553561417058	177553530209142
177553547469611	177553578064663	177553541171226
177553564206955	177553594707736	177553554285601
177553580821746	177553611354403	177553579525965
177553597417944	177553627997996	177553588968517
177553613994090	177553644640913	177553611617111
177553630488361	177553661286121	177553623536486
177553647127580	177553677933464	177553640720965
177553664737580	177553694581746	177553657866903
177553680827111	177553711229298	177553680535809
177553696850496	177553727878360	177553690009976
177553714246434	177553744527840	177553706742059
177553731520288	177553761176798	177553727074663
177553747516434	177553777830496	177553747453621
177553764858517	177553794483516	177553758071226
177553782271069	177553811134454	177553781150184
177553809681642	177553827786225	177553809608882
177553824075757	177553844433986	177553823994350
177553841664611	177553861082319	177553841589194
177553861715132	177553894378517	177553861614975
177553999172319	177554027548204	177553999077267
177554014058309	177554044195757	177554008027892
177554030296798	177554060846173	177554023972007
177554046908517	177554077496850	177554036535392
177554064138621	177554094149037	177554063389715
177554081753569	177554110799610	177554073300705
177554098259767	177554127449402	177554093272007
177554114067944	177554144099558	177554109053882
177554130571382	177554160749923	177554130007892
177554146612736	177554177398464	177554134660861
177554163544507	177554194046954	177554159909663
177554180044715	177554210698933	177554173557892
177554197462423	177554227351954	177554192291069
177554213301798	177554244004090	177554211140652
177554230278777	177554260657007	177554229977580
177554246416486	177554277308569	177554240482163
177554263495861	177554293961225	177554257539559
177554280688152	177554310612318	177554275666746
177554298032163	177554327264402	177554291710652
177554314934923	177554343914558	177554311326277
177554330367788	177554360566537	177554328105340
177554346474350	177554377217787	177554338294454
177554362923413	177554393866329	177554359202944
177554379746277	177554410513308	177554370770079
177554399700392	177554427162475	177554388136590
177554414507319	177554443813881	177554409996850
177554431227996	177554460468673	177554430066329
177554446140079	177554477122840	177554435825392
177554463908934	177554493775287	177554461249715
177554480167267	177554510425392	177554480123621
177554497159715	177554527077266	177554489492006
177554515311017	177554543731486	177554504144142
177554585324246	177554610344350	177554585232788
177554599185496	177554626995652	177554599127996
177554614884090	177554643646641	177554614822892
177554629597527	177554660297787	177554629547059
177554663996486	177554693600391	177554663924454
177554679680704	177554710252371	177554679579715
177554696326329	177554726905651	177554696265496
177554755489454	177554776857162	177554755406381
177554764019975	177554793504975	177554763510079
177554848821069	177554876763673	177554848748621
177554863114350	177554893415235	177554853170496
177554879106746	177554910065079	177554867130340
177554895887163	9223372036854775807	177554890164663

=== poll 1790150854.125035500
16666666
177553597417944	177553627997996	177553588968517
177553613994090	177553644640913	177553611617111
177553630488361	177553661286121	177553623536486
177553647127580	177553677933464	177553640720965
177553664737580	177553694581746	177553657866903
177553680827111	177553711229298	177553680535809
177553696850496	177553727878360	177553690009976
177553714246434	177553744527840	177553706742059
177553731520288	177553761176798	177553727074663
177553747516434	177553777830496	177553747453621
177553764858517	177553794483516	177553758071226
177553782271069	177553811134454	177553781150184
177553809681642	177553827786225	177553809608882
177553824075757	177553844433986	177553823994350
177553841664611	177553861082319	177553841589194
177553861715132	177553894378517	177553861614975
177553999172319	177554027548204	177553999077267
177554014058309	177554044195757	177554008027892
177554030296798	177554060846173	177554023972007
177554046908517	177554077496850	177554036535392
177554064138621	177554094149037	177554063389715
177554081753569	177554110799610	177554073300705
177554098259767	177554127449402	177554093272007
177554114067944	177554144099558	177554109053882
177554130571382	177554160749923	177554130007892
177554146612736	177554177398464	177554134660861
177554163544507	177554194046954	177554159909663
177554180044715	177554210698933	177554173557892
177554197462423	177554227351954	177554192291069
177554213301798	177554244004090	177554211140652
177554230278777	177554260657007	177554229977580
177554246416486	177554277308569	177554240482163
177554263495861	177554293961225	177554257539559
177554280688152	177554310612318	177554275666746
177554298032163	177554327264402	177554291710652
177554314934923	177554343914558	177554311326277
177554330367788	177554360566537	177554328105340
177554346474350	177554377217787	177554338294454
177554362923413	177554393866329	177554359202944
177554379746277	177554410513308	177554370770079
177554399700392	177554427162475	177554388136590
177554414507319	177554443813881	177554409996850
177554431227996	177554460468673	177554430066329
177554446140079	177554477122840	177554435825392
177554463908934	177554493775287	177554461249715
177554480167267	177554510425392	177554480123621
177554497159715	177554527077266	177554489492006
177554515311017	177554543731486	177554504144142
177554585324246	177554610344350	177554585232788
177554599185496	177554626995652	177554599127996
177554614884090	177554643646641	177554614822892
177554629597527	177554660297787	177554629547059
177554663996486	177554693600391	177554663924454
177554679680704	177554710252371	177554679579715
177554696326329	177554726905651	177554696265496
177554755489454	177554776857162	177554755406381
177554764019975	177554793504975	177554763510079
177554848821069	177554876763673	177554848748621
177554863114350	177554893415235	177554853170496
177554879106746	177554910065079	177554867130340
177554895887163	177554926714402	177554890164663
177554912518933	177554943362631	177554907270965
177554929887944	177554960012318	177554919303933
177554946098621	177554976663256	177554937789819
177554962294663	177554993317735	177554957935392
177554978845496	177555009968412	177554974191225
177554995536746	177555026614558	177554989810860
177555012166277	177555043259506	177555008730444
177555028980965	177555059904089	177555019678517
177555045894246	177555076554350	177555043268673
177555062644298	177555093205027	177555056024506
177555079488829	177555109852370	177555067751017
177555095550288	177555126499609	177555088022006
177555112702735	177555143154246	177555105724194
177555130558777	177555159805130	177555118767579
177555146981485	177555176457526	177555139037058
177555163310912	177555193109349	177555153810652
177555179786954	177555209757839	177555173659767
177555197008829	177555226406537	177555195424246
177555212288725	177555243056277	177555207148465
177555228979194	177555259707109	177555221888569
177555246292944	177555276358256	177555241679871
177555262720287	177555293004037	177555252909767
177555279781277	177555309650131	177555271994298
177555429952527	177555459525652	177555429846381
177555445974194	177555476175548	177555445200496
177555469380079	177555492827006	177555469307735
177555479152683	177555509476797	177555478953621
177555594867683	177555626037995	177555594765391
177555613025339	177555642689870	177555611833985
177555628550704	177555659341277	177555628434454
177555692083569	177555709287578	177555691966381
177555707468673	177555725936329	177555707417475
177555722675444	177555742584870	177555722610235
177555772713673	177555792527943	177555772646798
177555782307891	177555809176641	177555782261798
177555796502006	177555825828360	177555796415808
177555812420287	177555842478516	177555812354662
177555828531641	177555859128933	177555828470652
177555953832683	177555975692526	177555953705131
177555962429454	177555992344141	177555961445235
177556043763568	177556075598933	177556043661381
177556062347787	177556092251015	177556061476120
177556201552475	177556225457109	177556201440287
177556212355287	177556242110859	177556211489245
177556228913100	177556258765807	177556227875183
177556352241850	177556375334297	177556352138100
177556361847058	177556391987995	177556361104454
177556379944089	177556408646120	177556379890027
177556401265495	177556425303724	177556401201068
177556419495652	177556441957057	177556419415964
177556432856902	177556458608724	177556432785704
177556452162370	177556475264401	177556452092943
177556466607891	177556491921380	177556466541537
177556501290964	177556525231484	177556478024506
177556511342735	177556541888099	177556505402631
177556534588516	177556558543412	177556511460599
177557122244037	177557141320547	177557122145026
177557136866589	177557157968827	177557136798828
177557150925599	177557174618359	177557150803776
177557169042683	177557191268932	177557168960235
177557179572162	177557207919609	177557179489870
177557205508308	177557224567526	177557205425078
177557215197578	177557241216224	177557215137422
177557227733360	177557257866641	177557227665860
177557338582162	177557357753932	177557338490755
177557357278880	9223372036854775807	177557357161328

=== poll 1790150856.793850603
16666666
177554946098621	177554976663256	177554937789819
177554962294663	177554993317735	177554957935392
177554978845496	177555009968412	177554974191225
177554995536746	177555026614558	177554989810860
177555012166277	177555043259506	177555008730444
177555028980965	177555059904089	177555019678517
177555045894246	177555076554350	177555043268673
177555062644298	177555093205027	177555056024506
177555079488829	177555109852370	177555067751017
177555095550288	177555126499609	177555088022006
177555112702735	177555143154246	177555105724194
177555130558777	177555159805130	177555118767579
177555146981485	177555176457526	177555139037058
177555163310912	177555193109349	177555153810652
177555179786954	177555209757839	177555173659767
177555197008829	177555226406537	177555195424246
177555212288725	177555243056277	177555207148465
177555228979194	177555259707109	177555221888569
177555246292944	177555276358256	177555241679871
177555262720287	177555293004037	177555252909767
177555279781277	177555309650131	177555271994298
177555429952527	177555459525652	177555429846381
177555445974194	177555476175548	177555445200496
177555469380079	177555492827006	177555469307735
177555479152683	177555509476797	177555478953621
177555594867683	177555626037995	177555594765391
177555613025339	177555642689870	177555611833985
177555628550704	177555659341277	177555628434454
177555692083569	177555709287578	177555691966381
177555707468673	177555725936329	177555707417475
177555722675444	177555742584870	177555722610235
177555772713673	177555792527943	177555772646798
177555782307891	177555809176641	177555782261798
177555796502006	177555825828360	177555796415808
177555812420287	177555842478516	177555812354662
177555828531641	177555859128933	177555828470652
177555953832683	177555975692526	177555953705131
177555962429454	177555992344141	177555961445235
177556043763568	177556075598933	177556043661381
177556062347787	177556092251015	177556061476120
177556201552475	177556225457109	177556201440287
177556212355287	177556242110859	177556211489245
177556228913100	177556258765807	177556227875183
177556352241850	177556375334297	177556352138100
177556361847058	177556391987995	177556361104454
177556379944089	177556408646120	177556379890027
177556401265495	177556425303724	177556401201068
177556419495652	177556441957057	177556419415964
177556432856902	177556458608724	177556432785704
177556452162370	177556475264401	177556452092943
177556466607891	177556491921380	177556466541537
177556501290964	177556525231484	177556478024506
177556511342735	177556541888099	177556505402631
177556534588516	177556558543412	177556511460599
177557122244037	177557141320547	177557122145026
177557136866589	177557157968827	177557136798828
177557150925599	177557174618359	177557150803776
177557169042683	177557191268932	177557168960235
177557179572162	177557207919609	177557179489870
177557205508308	177557224567526	177557205425078
177557215197578	177557241216224	177557215137422
177557227733360	177557257866641	177557227665860
177557338582162	177557357753932	177557338490755
177557357278880	177557374399401	177557357161328
177557396833099	177557424330234	177557396755651
177557416513568	177557440974765	177557416435078
177557446550391	177557474265443	177557446482682
177557462707891	177557490914713	177557462654922
177557485916016	177557507567942	177557485860235
177557498101380	177557524218568	177557498050443
177557510819870	177557540869869	177557510757370
177557533625859	177557557521900	177557533556901
177557545769297	177557574175703	177557545707318
177557560809974	177557590823724	177557560757839
177557577045234	177557607470390	177557576751068
177557675789141	177557707365703	177557675683047
177557694163255	177557724015026	177557685322526
177557709984297	177557740667265	177557709848672
177557734177891	177557757318619	177557734114141
177557745941953	177557773970859	177557745879714
177557759909505	177557790622995	177557759860391
177557776546536	177557807272682	177557776498255
177557850711276	177557873878724	177557850567682
177557867884141	177557890534609	177557867816016
177557878013151	177557907189922	177557877945599
177557901305911	177557923844713	177557901235703
177557911385807	177557940497629	177557911330339
177557927881172	177557957149661	177557927816641
177557948317578	177557973800390	177557948251589
177557959696901	177557990452369	177557959649922
177558065353620	177558090359244	177558065270130
177558077009818	177558107008984	177558075995963
177558095206276	177558123661223	177558095137786
177558113837422	177558140309922	177558113772057
177558126266849	177558156960651	177558126214297
177558344829870	177558373430598	177558344729818
177558444105755	177558473324140	177558443976224
177558462935130	177558489973619	177558462880182
177558476307838	177558506622057	177558476255911
177558501876432	177558523272213	177558501794088
177558514352786	177558539920755	177558514262057
177558535306276	177558556566276	177558535212734
177558547554245	177558573209608	177558547467422
177558570397213	177558589855807	177558570329245
177558576237890	177558606504244	177558576127838
177558601249245	177558623153463	177558601191745
177558613319974	177558639802681	177558613257265
177558670781484	177558689757057	177558670686536
177558696826953	177558723057629	177558696727526
177558721276797	177558739704088	177558721193828
177558725896224	177558756351849	177558725785599
177558752787682	177558772997004	177558752708567
177558761029244	177558789642785	177558760862578
177558780504401	177558806292629	177558780408567
177558796869088	177558822945599	177558796802682
177558816185234	177558839598254	177558816093828
177558826303203	177558856245911	177558826160755
177558842630390	177558872895337	177558842551953
177558861187057	177558889551900	177558861121953
177558876199557	177558906207473	177558876144453
177558900706432	177558922861588	177558900624817
177558916389505	177558939513932	177558916326796
177558934841328	177558956166119	177558934756692
177558942374921	177558972824192	177558942320338
177559088908203	177559106039661	177559088812786
177559096524973	177559122694400	177559096447786
177559108890026	177559139351536	177559108369296

=== poll 1790150859.085921592
16666666
177554946098621	177554976663256	177554937789819
177554962294663	177554993317735	177554957935392
177554978845496	177555009968412	177554974191225
177554995536746	177555026614558	177554989810860
177555012166277	177555043259506	177555008730444
177555028980965	177555059904089	177555019678517
177555045894246	177555076554350	177555043268673
177555062644298	177555093205027	177555056024506
177555079488829	177555109852370	177555067751017
177555095550288	177555126499609	177555088022006
177555112702735	177555143154246	177555105724194
177555130558777	177555159805130	177555118767579
177555146981485	177555176457526	177555139037058
177555163310912	177555193109349	177555153810652
177555179786954	177555209757839	177555173659767
177555197008829	177555226406537	177555195424246
177555212288725	177555243056277	177555207148465
177555228979194	177555259707109	177555221888569
177555246292944	177555276358256	177555241679871
177555262720287	177555293004037	177555252909767
177555279781277	177555309650131	177555271994298
177555429952527	177555459525652	177555429846381
177555445974194	177555476175548	177555445200496
177555469380079	177555492827006	177555469307735
177555479152683	177555509476797	177555478953621
177555594867683	177555626037995	177555594765391
177555613025339	177555642689870	177555611833985
177555628550704	177555659341277	177555628434454
177555692083569	177555709287578	177555691966381
177555707468673	177555725936329	177555707417475
177555722675444	177555742584870	177555722610235
177555772713673	177555792527943	177555772646798
177555782307891	177555809176641	177555782261798
177555796502006	177555825828360	177555796415808
177555812420287	177555842478516	177555812354662
177555828531641	177555859128933	177555828470652
177555953832683	177555975692526	177555953705131
177555962429454	177555992344141	177555961445235
177556043763568	177556075598933	177556043661381
177556062347787	177556092251015	177556061476120
177556201552475	177556225457109	177556201440287
177556212355287	177556242110859	177556211489245
177556228913100	177556258765807	177556227875183
177556352241850	177556375334297	177556352138100
177556361847058	177556391987995	177556361104454
177556379944089	177556408646120	177556379890027
177556401265495	177556425303724	177556401201068
177556419495652	177556441957057	177556419415964
177556432856902	177556458608724	177556432785704
177556452162370	177556475264401	177556452092943
177556466607891	177556491921380	177556466541537
177556501290964	177556525231484	177556478024506
177556511342735	177556541888099	177556505402631
177556534588516	177556558543412	177556511460599
177557122244037	177557141320547	177557122145026
177557136866589	177557157968827	177557136798828
177557150925599	177557174618359	177557150803776
177557169042683	177557191268932	177557168960235
177557179572162	177557207919609	177557179489870
177557205508308	177557224567526	177557205425078
177557215197578	177557241216224	177557215137422
177557227733360	177557257866641	177557227665860
177557338582162	177557357753932	177557338490755
177557357278880	177557374399401	177557357161328
177557396833099	177557424330234	177557396755651
177557416513568	177557440974765	177557416435078
177557446550391	177557474265443	177557446482682
177557462707891	177557490914713	177557462654922
177557485916016	177557507567942	177557485860235
177557498101380	177557524218568	177557498050443
177557510819870	177557540869869	177557510757370
177557533625859	177557557521900	177557533556901
177557545769297	177557574175703	177557545707318
177557560809974	177557590823724	177557560757839
177557577045234	177557607470390	177557576751068
177557675789141	177557707365703	177557675683047
177557694163255	177557724015026	177557685322526
177557709984297	177557740667265	177557709848672
177557734177891	177557757318619	177557734114141
177557745941953	177557773970859	177557745879714
177557759909505	177557790622995	177557759860391
177557776546536	177557807272682	177557776498255
177557850711276	177557873878724	177557850567682
177557867884141	177557890534609	177557867816016
177557878013151	177557907189922	177557877945599
177557901305911	177557923844713	177557901235703
177557911385807	177557940497629	177557911330339
177557927881172	177557957149661	177557927816641
177557948317578	177557973800390	177557948251589
177557959696901	177557990452369	177557959649922
177558065353620	177558090359244	177558065270130
177558077009818	177558107008984	177558075995963
177558095206276	177558123661223	177558095137786
177558113837422	177558140309922	177558113772057
177558126266849	177558156960651	177558126214297
177558344829870	177558373430598	177558344729818
177558444105755	177558473324140	177558443976224
177558462935130	177558489973619	177558462880182
177558476307838	177558506622057	177558476255911
177558501876432	177558523272213	177558501794088
177558514352786	177558539920755	177558514262057
177558535306276	177558556566276	177558535212734
177558547554245	177558573209608	177558547467422
177558570397213	177558589855807	177558570329245
177558576237890	177558606504244	177558576127838
177558601249245	177558623153463	177558601191745
177558613319974	177558639802681	177558613257265
177558670781484	177558689757057	177558670686536
177558696826953	177558723057629	177558696727526
177558721276797	177558739704088	177558721193828
177558725896224	177558756351849	177558725785599
177558752787682	177558772997004	177558752708567
177558761029244	177558789642785	177558760862578
177558780504401	177558806292629	177558780408567
177558796869088	177558822945599	177558796802682
177558816185234	177558839598254	177558816093828
177558826303203	177558856245911	177558826160755
177558842630390	177558872895337	177558842551953
177558861187057	177558889551900	177558861121953
177558876199557	177558906207473	177558876144453
177558900706432	177558922861588	177558900624817
177558916389505	177558939513932	177558916326796
177558934841328	177558956166119	177558934756692
177558942374921	177558972824192	177558942320338
177559088908203	177559106039661	177559088812786
177559096524973	177559122694400	177559096447786
177559108890026	177559139351536	177559108369296

=== poll 1790150861.343750758
16666666
177554946098621	177554976663256	177554937789819
177554962294663	177554993317735	177554957935392
177554978845496	177555009968412	177554974191225
177554995536746	177555026614558	177554989810860
177555012166277	177555043259506	177555008730444
177555028980965	177555059904089	177555019678517
177555045894246	177555076554350	177555043268673
177555062644298	177555093205027	177555056024506
177555079488829	177555109852370	177555067751017
177555095550288	177555126499609	177555088022006
177555112702735	177555143154246	177555105724194
177555130558777	177555159805130	177555118767579
177555146981485	177555176457526	177555139037058
177555163310912	177555193109349	177555153810652
177555179786954	177555209757839	177555173659767
177555197008829	177555226406537	177555195424246
177555212288725	177555243056277	177555207148465
177555228979194	177555259707109	177555221888569
177555246292944	177555276358256	177555241679871
177555262720287	177555293004037	177555252909767
177555279781277	177555309650131	177555271994298
177555429952527	177555459525652	177555429846381
177555445974194	177555476175548	177555445200496
177555469380079	177555492827006	177555469307735
177555479152683	177555509476797	177555478953621
177555594867683	177555626037995	177555594765391
177555613025339	177555642689870	177555611833985
177555628550704	177555659341277	177555628434454
177555692083569	177555709287578	177555691966381
177555707468673	177555725936329	177555707417475
177555722675444	177555742584870	177555722610235
177555772713673	177555792527943	177555772646798
177555782307891	177555809176641	177555782261798
177555796502006	177555825828360	177555796415808
177555812420287	177555842478516	177555812354662
177555828531641	177555859128933	177555828470652
177555953832683	177555975692526	177555953705131
177555962429454	177555992344141	177555961445235
177556043763568	177556075598933	177556043661381
177556062347787	177556092251015	177556061476120
177556201552475	177556225457109	177556201440287
177556212355287	177556242110859	177556211489245
177556228913100	177556258765807	177556227875183
177556352241850	177556375334297	177556352138100
177556361847058	177556391987995	177556361104454
177556379944089	177556408646120	177556379890027
177556401265495	177556425303724	177556401201068
177556419495652	177556441957057	177556419415964
177556432856902	177556458608724	177556432785704
177556452162370	177556475264401	177556452092943
177556466607891	177556491921380	177556466541537
177556501290964	177556525231484	177556478024506
177556511342735	177556541888099	177556505402631
177556534588516	177556558543412	177556511460599
177557122244037	177557141320547	177557122145026
177557136866589	177557157968827	177557136798828
177557150925599	177557174618359	177557150803776
177557169042683	177557191268932	177557168960235
177557179572162	177557207919609	177557179489870
177557205508308	177557224567526	177557205425078
177557215197578	177557241216224	177557215137422
177557227733360	177557257866641	177557227665860
177557338582162	177557357753932	177557338490755
177557357278880	177557374399401	177557357161328
177557396833099	177557424330234	177557396755651
177557416513568	177557440974765	177557416435078
177557446550391	177557474265443	177557446482682
177557462707891	177557490914713	177557462654922
177557485916016	177557507567942	177557485860235
177557498101380	177557524218568	177557498050443
177557510819870	177557540869869	177557510757370
177557533625859	177557557521900	177557533556901
177557545769297	177557574175703	177557545707318
177557560809974	177557590823724	177557560757839
177557577045234	177557607470390	177557576751068
177557675789141	177557707365703	177557675683047
177557694163255	177557724015026	177557685322526
177557709984297	177557740667265	177557709848672
177557734177891	177557757318619	177557734114141
177557745941953	177557773970859	177557745879714
177557759909505	177557790622995	177557759860391
177557776546536	177557807272682	177557776498255
177557850711276	177557873878724	177557850567682
177557867884141	177557890534609	177557867816016
177557878013151	177557907189922	177557877945599
177557901305911	177557923844713	177557901235703
177557911385807	177557940497629	177557911330339
177557927881172	177557957149661	177557927816641
177557948317578	177557973800390	177557948251589
177557959696901	177557990452369	177557959649922
177558065353620	177558090359244	177558065270130
177558077009818	177558107008984	177558075995963
177558095206276	177558123661223	177558095137786
177558113837422	177558140309922	177558113772057
177558126266849	177558156960651	177558126214297
177558344829870	177558373430598	177558344729818
177558444105755	177558473324140	177558443976224
177558462935130	177558489973619	177558462880182
177558476307838	177558506622057	177558476255911
177558501876432	177558523272213	177558501794088
177558514352786	177558539920755	177558514262057
177558535306276	177558556566276	177558535212734
177558547554245	177558573209608	177558547467422
177558570397213	177558589855807	177558570329245
177558576237890	177558606504244	177558576127838
177558601249245	177558623153463	177558601191745
177558613319974	177558639802681	177558613257265
177558670781484	177558689757057	177558670686536
177558696826953	177558723057629	177558696727526
177558721276797	177558739704088	177558721193828
177558725896224	177558756351849	177558725785599
177558752787682	177558772997004	177558752708567
177558761029244	177558789642785	177558760862578
177558780504401	177558806292629	177558780408567
177558796869088	177558822945599	177558796802682
177558816185234	177558839598254	177558816093828
177558826303203	177558856245911	177558826160755
177558842630390	177558872895337	177558842551953
177558861187057	177558889551900	177558861121953
177558876199557	177558906207473	177558876144453
177558900706432	177558922861588	177558900624817
177558916389505	177558939513932	177558916326796
177558934841328	177558956166119	177558934756692
177558942374921	177558972824192	177558942320338
177559088908203	177559106039661	177559088812786
177559096524973	177559122694400	177559096447786
177559108890026	177559139351536	177559108369296

=== poll 1790150863.610125132
16666666
177554946098621	177554976663256	177554937789819
177554962294663	177554993317735	177554957935392
177554978845496	177555009968412	177554974191225
177554995536746	177555026614558	177554989810860
177555012166277	177555043259506	177555008730444
177555028980965	177555059904089	177555019678517
177555045894246	177555076554350	177555043268673
177555062644298	177555093205027	177555056024506
177555079488829	177555109852370	177555067751017
177555095550288	177555126499609	177555088022006
177555112702735	177555143154246	177555105724194
177555130558777	177555159805130	177555118767579
177555146981485	177555176457526	177555139037058
177555163310912	177555193109349	177555153810652
177555179786954	177555209757839	177555173659767
177555197008829	177555226406537	177555195424246
177555212288725	177555243056277	177555207148465
177555228979194	177555259707109	177555221888569
177555246292944	177555276358256	177555241679871
177555262720287	177555293004037	177555252909767
177555279781277	177555309650131	177555271994298
177555429952527	177555459525652	177555429846381
177555445974194	177555476175548	177555445200496
177555469380079	177555492827006	177555469307735
177555479152683	177555509476797	177555478953621
177555594867683	177555626037995	177555594765391
177555613025339	177555642689870	177555611833985
177555628550704	177555659341277	177555628434454
177555692083569	177555709287578	177555691966381
177555707468673	177555725936329	177555707417475
177555722675444	177555742584870	177555722610235
177555772713673	177555792527943	177555772646798
177555782307891	177555809176641	177555782261798
177555796502006	177555825828360	177555796415808
177555812420287	177555842478516	177555812354662
177555828531641	177555859128933	177555828470652
177555953832683	177555975692526	177555953705131
177555962429454	177555992344141	177555961445235
177556043763568	177556075598933	177556043661381
177556062347787	177556092251015	177556061476120
177556201552475	177556225457109	177556201440287
177556212355287	177556242110859	177556211489245
177556228913100	177556258765807	177556227875183
177556352241850	177556375334297	177556352138100
177556361847058	177556391987995	177556361104454
177556379944089	177556408646120	177556379890027
177556401265495	177556425303724	177556401201068
177556419495652	177556441957057	177556419415964
177556432856902	177556458608724	177556432785704
177556452162370	177556475264401	177556452092943
177556466607891	177556491921380	177556466541537
177556501290964	177556525231484	177556478024506
177556511342735	177556541888099	177556505402631
177556534588516	177556558543412	177556511460599
177557122244037	177557141320547	177557122145026
177557136866589	177557157968827	177557136798828
177557150925599	177557174618359	177557150803776
177557169042683	177557191268932	177557168960235
177557179572162	177557207919609	177557179489870
177557205508308	177557224567526	177557205425078
177557215197578	177557241216224	177557215137422
177557227733360	177557257866641	177557227665860
177557338582162	177557357753932	177557338490755
177557357278880	177557374399401	177557357161328
177557396833099	177557424330234	177557396755651
177557416513568	177557440974765	177557416435078
177557446550391	177557474265443	177557446482682
177557462707891	177557490914713	177557462654922
177557485916016	177557507567942	177557485860235
177557498101380	177557524218568	177557498050443
177557510819870	177557540869869	177557510757370
177557533625859	177557557521900	177557533556901
177557545769297	177557574175703	177557545707318
177557560809974	177557590823724	177557560757839
177557577045234	177557607470390	177557576751068
177557675789141	177557707365703	177557675683047
177557694163255	177557724015026	177557685322526
177557709984297	177557740667265	177557709848672
177557734177891	177557757318619	177557734114141
177557745941953	177557773970859	177557745879714
177557759909505	177557790622995	177557759860391
177557776546536	177557807272682	177557776498255
177557850711276	177557873878724	177557850567682
177557867884141	177557890534609	177557867816016
177557878013151	177557907189922	177557877945599
177557901305911	177557923844713	177557901235703
177557911385807	177557940497629	177557911330339
177557927881172	177557957149661	177557927816641
177557948317578	177557973800390	177557948251589
177557959696901	177557990452369	177557959649922
177558065353620	177558090359244	177558065270130
177558077009818	177558107008984	177558075995963
177558095206276	177558123661223	177558095137786
177558113837422	177558140309922	177558113772057
177558126266849	177558156960651	177558126214297
177558344829870	177558373430598	177558344729818
177558444105755	177558473324140	177558443976224
177558462935130	177558489973619	177558462880182
177558476307838	177558506622057	177558476255911
177558501876432	177558523272213	177558501794088
177558514352786	177558539920755	177558514262057
177558535306276	177558556566276	177558535212734
177558547554245	177558573209608	177558547467422
177558570397213	177558589855807	177558570329245
177558576237890	177558606504244	177558576127838
177558601249245	177558623153463	177558601191745
177558613319974	177558639802681	177558613257265
177558670781484	177558689757057	177558670686536
177558696826953	177558723057629	177558696727526
177558721276797	177558739704088	177558721193828
177558725896224	177558756351849	177558725785599
177558752787682	177558772997004	177558752708567
177558761029244	177558789642785	177558760862578
177558780504401	177558806292629	177558780408567
177558796869088	177558822945599	177558796802682
177558816185234	177558839598254	177558816093828
177558826303203	177558856245911	177558826160755
177558842630390	177558872895337	177558842551953
177558861187057	177558889551900	177558861121953
177558876199557	177558906207473	177558876144453
177558900706432	177558922861588	177558900624817
177558916389505	177558939513932	177558916326796
177558934841328	177558956166119	177558934756692
177558942374921	177558972824192	177558942320338
177559088908203	177559106039661	177559088812786
177559096524973	177559122694400	177559096447786
177559108890026	177559139351536	177559108369296

=== poll 1790150865.919722787
16666666
177554946098621	177554976663256	177554937789819
177554962294663	177554993317735	177554957935392
177554978845496	177555009968412	177554974191225
177554995536746	177555026614558	177554989810860
177555012166277	177555043259506	177555008730444
177555028980965	177555059904089	177555019678517
177555045894246	177555076554350	177555043268673
177555062644298	177555093205027	177555056024506
177555079488829	177555109852370	177555067751017
177555095550288	177555126499609	177555088022006
177555112702735	177555143154246	177555105724194
177555130558777	177555159805130	177555118767579
177555146981485	177555176457526	177555139037058
177555163310912	177555193109349	177555153810652
177555179786954	177555209757839	177555173659767
177555197008829	177555226406537	177555195424246
177555212288725	177555243056277	177555207148465
177555228979194	177555259707109	177555221888569
177555246292944	177555276358256	177555241679871
177555262720287	177555293004037	177555252909767
177555279781277	177555309650131	177555271994298
177555429952527	177555459525652	177555429846381
177555445974194	177555476175548	177555445200496
177555469380079	177555492827006	177555469307735
177555479152683	177555509476797	177555478953621
177555594867683	177555626037995	177555594765391
177555613025339	177555642689870	177555611833985
177555628550704	177555659341277	177555628434454
177555692083569	177555709287578	177555691966381
177555707468673	177555725936329	177555707417475
177555722675444	177555742584870	177555722610235
177555772713673	177555792527943	177555772646798
177555782307891	177555809176641	177555782261798
177555796502006	177555825828360	177555796415808
177555812420287	177555842478516	177555812354662
177555828531641	177555859128933	177555828470652
177555953832683	177555975692526	177555953705131
177555962429454	177555992344141	177555961445235
177556043763568	177556075598933	177556043661381
177556062347787	177556092251015	177556061476120
177556201552475	177556225457109	177556201440287
177556212355287	177556242110859	177556211489245
177556228913100	177556258765807	177556227875183
177556352241850	177556375334297	177556352138100
177556361847058	177556391987995	177556361104454
177556379944089	177556408646120	177556379890027
177556401265495	177556425303724	177556401201068
177556419495652	177556441957057	177556419415964
177556432856902	177556458608724	177556432785704
177556452162370	177556475264401	177556452092943
177556466607891	177556491921380	177556466541537
177556501290964	177556525231484	177556478024506
177556511342735	177556541888099	177556505402631
177556534588516	177556558543412	177556511460599
177557122244037	177557141320547	177557122145026
177557136866589	177557157968827	177557136798828
177557150925599	177557174618359	177557150803776
177557169042683	177557191268932	177557168960235
177557179572162	177557207919609	177557179489870
177557205508308	177557224567526	177557205425078
177557215197578	177557241216224	177557215137422
177557227733360	177557257866641	177557227665860
177557338582162	177557357753932	177557338490755
177557357278880	177557374399401	177557357161328
177557396833099	177557424330234	177557396755651
177557416513568	177557440974765	177557416435078
177557446550391	177557474265443	177557446482682
177557462707891	177557490914713	177557462654922
177557485916016	177557507567942	177557485860235
177557498101380	177557524218568	177557498050443
177557510819870	177557540869869	177557510757370
177557533625859	177557557521900	177557533556901
177557545769297	177557574175703	177557545707318
177557560809974	177557590823724	177557560757839
177557577045234	177557607470390	177557576751068
177557675789141	177557707365703	177557675683047
177557694163255	177557724015026	177557685322526
177557709984297	177557740667265	177557709848672
177557734177891	177557757318619	177557734114141
177557745941953	177557773970859	177557745879714
177557759909505	177557790622995	177557759860391
177557776546536	177557807272682	177557776498255
177557850711276	177557873878724	177557850567682
177557867884141	177557890534609	177557867816016
177557878013151	177557907189922	177557877945599
177557901305911	177557923844713	177557901235703
177557911385807	177557940497629	177557911330339
177557927881172	177557957149661	177557927816641
177557948317578	177557973800390	177557948251589
177557959696901	177557990452369	177557959649922
177558065353620	177558090359244	177558065270130
177558077009818	177558107008984	177558075995963
177558095206276	177558123661223	177558095137786
177558113837422	177558140309922	177558113772057
177558126266849	177558156960651	177558126214297
177558344829870	177558373430598	177558344729818
177558444105755	177558473324140	177558443976224
177558462935130	177558489973619	177558462880182
177558476307838	177558506622057	177558476255911
177558501876432	177558523272213	177558501794088
177558514352786	177558539920755	177558514262057
177558535306276	177558556566276	177558535212734
177558547554245	177558573209608	177558547467422
177558570397213	177558589855807	177558570329245
177558576237890	177558606504244	177558576127838
177558601249245	177558623153463	177558601191745
177558613319974	177558639802681	177558613257265
177558670781484	177558689757057	177558670686536
177558696826953	177558723057629	177558696727526
177558721276797	177558739704088	177558721193828
177558725896224	177558756351849	177558725785599
177558752787682	177558772997004	177558752708567
177558761029244	177558789642785	177558760862578
177558780504401	177558806292629	177558780408567
177558796869088	177558822945599	177558796802682
177558816185234	177558839598254	177558816093828
177558826303203	177558856245911	177558826160755
177558842630390	177558872895337	177558842551953
177558861187057	177558889551900	177558861121953
177558876199557	177558906207473	177558876144453
177558900706432	177558922861588	177558900624817
177558916389505	177558939513932	177558916326796
177558934841328	177558956166119	177558934756692
177558942374921	177558972824192	177558942320338
177559088908203	177559106039661	177559088812786
177559096524973	177559122694400	177559096447786
177559108890026	177559139351536	177559108369296

=== poll 1790150868.212127005
16666666
177554946098621	177554976663256	177554937789819
177554962294663	177554993317735	177554957935392
177554978845496	177555009968412	177554974191225
177554995536746	177555026614558	177554989810860
177555012166277	177555043259506	177555008730444
177555028980965	177555059904089	177555019678517
177555045894246	177555076554350	177555043268673
177555062644298	177555093205027	177555056024506
177555079488829	177555109852370	177555067751017
177555095550288	177555126499609	177555088022006
177555112702735	177555143154246	177555105724194
177555130558777	177555159805130	177555118767579
177555146981485	177555176457526	177555139037058
177555163310912	177555193109349	177555153810652
177555179786954	177555209757839	177555173659767
177555197008829	177555226406537	177555195424246
177555212288725	177555243056277	177555207148465
177555228979194	177555259707109	177555221888569
177555246292944	177555276358256	177555241679871
177555262720287	177555293004037	177555252909767
177555279781277	177555309650131	177555271994298
177555429952527	177555459525652	177555429846381
177555445974194	177555476175548	177555445200496
177555469380079	177555492827006	177555469307735
177555479152683	177555509476797	177555478953621
177555594867683	177555626037995	177555594765391
177555613025339	177555642689870	177555611833985
177555628550704	177555659341277	177555628434454
177555692083569	177555709287578	177555691966381
177555707468673	177555725936329	177555707417475
177555722675444	177555742584870	177555722610235
177555772713673	177555792527943	177555772646798
177555782307891	177555809176641	177555782261798
177555796502006	177555825828360	177555796415808
177555812420287	177555842478516	177555812354662
177555828531641	177555859128933	177555828470652
177555953832683	177555975692526	177555953705131
177555962429454	177555992344141	177555961445235
177556043763568	177556075598933	177556043661381
177556062347787	177556092251015	177556061476120
177556201552475	177556225457109	177556201440287
177556212355287	177556242110859	177556211489245
177556228913100	177556258765807	177556227875183
177556352241850	177556375334297	177556352138100
177556361847058	177556391987995	177556361104454
177556379944089	177556408646120	177556379890027
177556401265495	177556425303724	177556401201068
177556419495652	177556441957057	177556419415964
177556432856902	177556458608724	177556432785704
177556452162370	177556475264401	177556452092943
177556466607891	177556491921380	177556466541537
177556501290964	177556525231484	177556478024506
177556511342735	177556541888099	177556505402631
177556534588516	177556558543412	177556511460599
177557122244037	177557141320547	177557122145026
177557136866589	177557157968827	177557136798828
177557150925599	177557174618359	177557150803776
177557169042683	177557191268932	177557168960235
177557179572162	177557207919609	177557179489870
177557205508308	177557224567526	177557205425078
177557215197578	177557241216224	177557215137422
177557227733360	177557257866641	177557227665860
177557338582162	177557357753932	177557338490755
177557357278880	177557374399401	177557357161328
177557396833099	177557424330234	177557396755651
177557416513568	177557440974765	177557416435078
177557446550391	177557474265443	177557446482682
177557462707891	177557490914713	177557462654922
177557485916016	177557507567942	177557485860235
177557498101380	177557524218568	177557498050443
177557510819870	177557540869869	177557510757370
177557533625859	177557557521900	177557533556901
177557545769297	177557574175703	177557545707318
177557560809974	177557590823724	177557560757839
177557577045234	177557607470390	177557576751068
177557675789141	177557707365703	177557675683047
177557694163255	177557724015026	177557685322526
177557709984297	177557740667265	177557709848672
177557734177891	177557757318619	177557734114141
177557745941953	177557773970859	177557745879714
177557759909505	177557790622995	177557759860391
177557776546536	177557807272682	177557776498255
177557850711276	177557873878724	177557850567682
177557867884141	177557890534609	177557867816016
177557878013151	177557907189922	177557877945599
177557901305911	177557923844713	177557901235703
177557911385807	177557940497629	177557911330339
177557927881172	177557957149661	177557927816641
177557948317578	177557973800390	177557948251589
177557959696901	177557990452369	177557959649922
177558065353620	177558090359244	177558065270130
177558077009818	177558107008984	177558075995963
177558095206276	177558123661223	177558095137786
177558113837422	177558140309922	177558113772057
177558126266849	177558156960651	177558126214297
177558344829870	177558373430598	177558344729818
177558444105755	177558473324140	177558443976224
177558462935130	177558489973619	177558462880182
177558476307838	177558506622057	177558476255911
177558501876432	177558523272213	177558501794088
177558514352786	177558539920755	177558514262057
177558535306276	177558556566276	177558535212734
177558547554245	177558573209608	177558547467422
177558570397213	177558589855807	177558570329245
177558576237890	177558606504244	177558576127838
177558601249245	177558623153463	177558601191745
177558613319974	177558639802681	177558613257265
177558670781484	177558689757057	177558670686536
177558696826953	177558723057629	177558696727526
177558721276797	177558739704088	177558721193828
177558725896224	177558756351849	177558725785599
177558752787682	177558772997004	177558752708567
177558761029244	177558789642785	177558760862578
177558780504401	177558806292629	177558780408567
177558796869088	177558822945599	177558796802682
177558816185234	177558839598254	177558816093828
177558826303203	177558856245911	177558826160755
177558842630390	177558872895337	177558842551953
177558861187057	177558889551900	177558861121953
177558876199557	177558906207473	177558876144453
177558900706432	177558922861588	177558900624817
177558916389505	177558939513932	177558916326796
177558934841328	177558956166119	177558934756692
177558942374921	177558972824192	177558942320338
177559088908203	177559106039661	177559088812786
177559096524973	177559122694400	177559096447786
177559108890026	177559139351536	177559108369296

=== poll 1790150870.500486588
16666666
177554946098621	177554976663256	177554937789819
177554962294663	177554993317735	177554957935392
177554978845496	177555009968412	177554974191225
177554995536746	177555026614558	177554989810860
177555012166277	177555043259506	177555008730444
177555028980965	177555059904089	177555019678517
177555045894246	177555076554350	177555043268673
177555062644298	177555093205027	177555056024506
177555079488829	177555109852370	177555067751017
177555095550288	177555126499609	177555088022006
177555112702735	177555143154246	177555105724194
177555130558777	177555159805130	177555118767579
177555146981485	177555176457526	177555139037058
177555163310912	177555193109349	177555153810652
177555179786954	177555209757839	177555173659767
177555197008829	177555226406537	177555195424246
177555212288725	177555243056277	177555207148465
177555228979194	177555259707109	177555221888569
177555246292944	177555276358256	177555241679871
177555262720287	177555293004037	177555252909767
177555279781277	177555309650131	177555271994298
177555429952527	177555459525652	177555429846381
177555445974194	177555476175548	177555445200496
177555469380079	177555492827006	177555469307735
177555479152683	177555509476797	177555478953621
177555594867683	177555626037995	177555594765391
177555613025339	177555642689870	177555611833985
177555628550704	177555659341277	177555628434454
177555692083569	177555709287578	177555691966381
177555707468673	177555725936329	177555707417475
177555722675444	177555742584870	177555722610235
177555772713673	177555792527943	177555772646798
177555782307891	177555809176641	177555782261798
177555796502006	177555825828360	177555796415808
177555812420287	177555842478516	177555812354662
177555828531641	177555859128933	177555828470652
177555953832683	177555975692526	177555953705131
177555962429454	177555992344141	177555961445235
177556043763568	177556075598933	177556043661381
177556062347787	177556092251015	177556061476120
177556201552475	177556225457109	177556201440287
177556212355287	177556242110859	177556211489245
177556228913100	177556258765807	177556227875183
177556352241850	177556375334297	177556352138100
177556361847058	177556391987995	177556361104454
177556379944089	177556408646120	177556379890027
177556401265495	177556425303724	177556401201068
177556419495652	177556441957057	177556419415964
177556432856902	177556458608724	177556432785704
177556452162370	177556475264401	177556452092943
177556466607891	177556491921380	177556466541537
177556501290964	177556525231484	177556478024506
177556511342735	177556541888099	177556505402631
177556534588516	177556558543412	177556511460599
177557122244037	177557141320547	177557122145026
177557136866589	177557157968827	177557136798828
177557150925599	177557174618359	177557150803776
177557169042683	177557191268932	177557168960235
177557179572162	177557207919609	177557179489870
177557205508308	177557224567526	177557205425078
177557215197578	177557241216224	177557215137422
177557227733360	177557257866641	177557227665860
177557338582162	177557357753932	177557338490755
177557357278880	177557374399401	177557357161328
177557396833099	177557424330234	177557396755651
177557416513568	177557440974765	177557416435078
177557446550391	177557474265443	177557446482682
177557462707891	177557490914713	177557462654922
177557485916016	177557507567942	177557485860235
177557498101380	177557524218568	177557498050443
177557510819870	177557540869869	177557510757370
177557533625859	177557557521900	177557533556901
177557545769297	177557574175703	177557545707318
177557560809974	177557590823724	177557560757839
177557577045234	177557607470390	177557576751068
177557675789141	177557707365703	177557675683047
177557694163255	177557724015026	177557685322526
177557709984297	177557740667265	177557709848672
177557734177891	177557757318619	177557734114141
177557745941953	177557773970859	177557745879714
177557759909505	177557790622995	177557759860391
177557776546536	177557807272682	177557776498255
177557850711276	177557873878724	177557850567682
177557867884141	177557890534609	177557867816016
177557878013151	177557907189922	177557877945599
177557901305911	177557923844713	177557901235703
177557911385807	177557940497629	177557911330339
177557927881172	177557957149661	177557927816641
177557948317578	177557973800390	177557948251589
177557959696901	177557990452369	177557959649922
177558065353620	177558090359244	177558065270130
177558077009818	177558107008984	177558075995963
177558095206276	177558123661223	177558095137786
177558113837422	177558140309922	177558113772057
177558126266849	177558156960651	177558126214297
177558344829870	177558373430598	177558344729818
177558444105755	177558473324140	177558443976224
177558462935130	177558489973619	177558462880182
177558476307838	177558506622057	177558476255911
177558501876432	177558523272213	177558501794088
177558514352786	177558539920755	177558514262057
177558535306276	177558556566276	177558535212734
177558547554245	177558573209608	177558547467422
177558570397213	177558589855807	177558570329245
177558576237890	177558606504244	177558576127838
177558601249245	177558623153463	177558601191745
177558613319974	177558639802681	177558613257265
177558670781484	177558689757057	177558670686536
177558696826953	177558723057629	177558696727526
177558721276797	177558739704088	177558721193828
177558725896224	177558756351849	177558725785599
177558752787682	177558772997004	177558752708567
177558761029244	177558789642785	177558760862578
177558780504401	177558806292629	177558780408567
177558796869088	177558822945599	177558796802682
177558816185234	177558839598254	177558816093828
177558826303203	177558856245911	177558826160755
177558842630390	177558872895337	177558842551953
177558861187057	177558889551900	177558861121953
177558876199557	177558906207473	177558876144453
177558900706432	177558922861588	177558900624817
177558916389505	177558939513932	177558916326796
177558934841328	177558956166119	177558934756692
177558942374921	177558972824192	177558942320338
177559088908203	177559106039661	177559088812786
177559096524973	177559122694400	177559096447786
177559108890026	177559139351536	177559108369296

=== poll 1790150872.786378045
16666666
177554946098621	177554976663256	177554937789819
177554962294663	177554993317735	177554957935392
177554978845496	177555009968412	177554974191225
177554995536746	177555026614558	177554989810860
177555012166277	177555043259506	177555008730444
177555028980965	177555059904089	177555019678517
177555045894246	177555076554350	177555043268673
177555062644298	177555093205027	177555056024506
177555079488829	177555109852370	177555067751017
177555095550288	177555126499609	177555088022006
177555112702735	177555143154246	177555105724194
177555130558777	177555159805130	177555118767579
177555146981485	177555176457526	177555139037058
177555163310912	177555193109349	177555153810652
177555179786954	177555209757839	177555173659767
177555197008829	177555226406537	177555195424246
177555212288725	177555243056277	177555207148465
177555228979194	177555259707109	177555221888569
177555246292944	177555276358256	177555241679871
177555262720287	177555293004037	177555252909767
177555279781277	177555309650131	177555271994298
177555429952527	177555459525652	177555429846381
177555445974194	177555476175548	177555445200496
177555469380079	177555492827006	177555469307735
177555479152683	177555509476797	177555478953621
177555594867683	177555626037995	177555594765391
177555613025339	177555642689870	177555611833985
177555628550704	177555659341277	177555628434454
177555692083569	177555709287578	177555691966381
177555707468673	177555725936329	177555707417475
177555722675444	177555742584870	177555722610235
177555772713673	177555792527943	177555772646798
177555782307891	177555809176641	177555782261798
177555796502006	177555825828360	177555796415808
177555812420287	177555842478516	177555812354662
177555828531641	177555859128933	177555828470652
177555953832683	177555975692526	177555953705131
177555962429454	177555992344141	177555961445235
177556043763568	177556075598933	177556043661381
177556062347787	177556092251015	177556061476120
177556201552475	177556225457109	177556201440287
177556212355287	177556242110859	177556211489245
177556228913100	177556258765807	177556227875183
177556352241850	177556375334297	177556352138100
177556361847058	177556391987995	177556361104454
177556379944089	177556408646120	177556379890027
177556401265495	177556425303724	177556401201068
177556419495652	177556441957057	177556419415964
177556432856902	177556458608724	177556432785704
177556452162370	177556475264401	177556452092943
177556466607891	177556491921380	177556466541537
177556501290964	177556525231484	177556478024506
177556511342735	177556541888099	177556505402631
177556534588516	177556558543412	177556511460599
177557122244037	177557141320547	177557122145026
177557136866589	177557157968827	177557136798828
177557150925599	177557174618359	177557150803776
177557169042683	177557191268932	177557168960235
177557179572162	177557207919609	177557179489870
177557205508308	177557224567526	177557205425078
177557215197578	177557241216224	177557215137422
177557227733360	177557257866641	177557227665860
177557338582162	177557357753932	177557338490755
177557357278880	177557374399401	177557357161328
177557396833099	177557424330234	177557396755651
177557416513568	177557440974765	177557416435078
177557446550391	177557474265443	177557446482682
177557462707891	177557490914713	177557462654922
177557485916016	177557507567942	177557485860235
177557498101380	177557524218568	177557498050443
177557510819870	177557540869869	177557510757370
177557533625859	177557557521900	177557533556901
177557545769297	177557574175703	177557545707318
177557560809974	177557590823724	177557560757839
177557577045234	177557607470390	177557576751068
177557675789141	177557707365703	177557675683047
177557694163255	177557724015026	177557685322526
177557709984297	177557740667265	177557709848672
177557734177891	177557757318619	177557734114141
177557745941953	177557773970859	177557745879714
177557759909505	177557790622995	177557759860391
177557776546536	177557807272682	177557776498255
177557850711276	177557873878724	177557850567682
177557867884141	177557890534609	177557867816016
177557878013151	177557907189922	177557877945599
177557901305911	177557923844713	177557901235703
177557911385807	177557940497629	177557911330339
177557927881172	177557957149661	177557927816641
177557948317578	177557973800390	177557948251589
177557959696901	177557990452369	177557959649922
177558065353620	177558090359244	177558065270130
177558077009818	177558107008984	177558075995963
177558095206276	177558123661223	177558095137786
177558113837422	177558140309922	177558113772057
177558126266849	177558156960651	177558126214297
177558344829870	177558373430598	177558344729818
177558444105755	177558473324140	177558443976224
177558462935130	177558489973619	177558462880182
177558476307838	177558506622057	177558476255911
177558501876432	177558523272213	177558501794088
177558514352786	177558539920755	177558514262057
177558535306276	177558556566276	177558535212734
177558547554245	177558573209608	177558547467422
177558570397213	177558589855807	177558570329245
177558576237890	177558606504244	177558576127838
177558601249245	177558623153463	177558601191745
177558613319974	177558639802681	177558613257265
177558670781484	177558689757057	177558670686536
177558696826953	177558723057629	177558696727526
177558721276797	177558739704088	177558721193828
177558725896224	177558756351849	177558725785599
177558752787682	177558772997004	177558752708567
177558761029244	177558789642785	177558760862578
177558780504401	177558806292629	177558780408567
177558796869088	177558822945599	177558796802682
177558816185234	177558839598254	177558816093828
177558826303203	177558856245911	177558826160755
177558842630390	177558872895337	177558842551953
177558861187057	177558889551900	177558861121953
177558876199557	177558906207473	177558876144453
177558900706432	177558922861588	177558900624817
177558916389505	177558939513932	177558916326796
177558934841328	177558956166119	177558934756692
177558942374921	177558972824192	177558942320338
177559088908203	177559106039661	177559088812786
177559096524973	177559122694400	177559096447786
177559108890026	177559139351536	177559108369296

=== poll 1790150875.037294867
16666666
177554946098621	177554976663256	177554937789819
177554962294663	177554993317735	177554957935392
177554978845496	177555009968412	177554974191225
177554995536746	177555026614558	177554989810860
177555012166277	177555043259506	177555008730444
177555028980965	177555059904089	177555019678517
177555045894246	177555076554350	177555043268673
177555062644298	177555093205027	177555056024506
177555079488829	177555109852370	177555067751017
177555095550288	177555126499609	177555088022006
177555112702735	177555143154246	177555105724194
177555130558777	177555159805130	177555118767579
177555146981485	177555176457526	177555139037058
177555163310912	177555193109349	177555153810652
177555179786954	177555209757839	177555173659767
177555197008829	177555226406537	177555195424246
177555212288725	177555243056277	177555207148465
177555228979194	177555259707109	177555221888569
177555246292944	177555276358256	177555241679871
177555262720287	177555293004037	177555252909767
177555279781277	177555309650131	177555271994298
177555429952527	177555459525652	177555429846381
177555445974194	177555476175548	177555445200496
177555469380079	177555492827006	177555469307735
177555479152683	177555509476797	177555478953621
177555594867683	177555626037995	177555594765391
177555613025339	177555642689870	177555611833985
177555628550704	177555659341277	177555628434454
177555692083569	177555709287578	177555691966381
177555707468673	177555725936329	177555707417475
177555722675444	177555742584870	177555722610235
177555772713673	177555792527943	177555772646798
177555782307891	177555809176641	177555782261798
177555796502006	177555825828360	177555796415808
177555812420287	177555842478516	177555812354662
177555828531641	177555859128933	177555828470652
177555953832683	177555975692526	177555953705131
177555962429454	177555992344141	177555961445235
177556043763568	177556075598933	177556043661381
177556062347787	177556092251015	177556061476120
177556201552475	177556225457109	177556201440287
177556212355287	177556242110859	177556211489245
177556228913100	177556258765807	177556227875183
177556352241850	177556375334297	177556352138100
177556361847058	177556391987995	177556361104454
177556379944089	177556408646120	177556379890027
177556401265495	177556425303724	177556401201068
177556419495652	177556441957057	177556419415964
177556432856902	177556458608724	177556432785704
177556452162370	177556475264401	177556452092943
177556466607891	177556491921380	177556466541537
177556501290964	177556525231484	177556478024506
177556511342735	177556541888099	177556505402631
177556534588516	177556558543412	177556511460599
177557122244037	177557141320547	177557122145026
177557136866589	177557157968827	177557136798828
177557150925599	177557174618359	177557150803776
177557169042683	177557191268932	177557168960235
177557179572162	177557207919609	177557179489870
177557205508308	177557224567526	177557205425078
177557215197578	177557241216224	177557215137422
177557227733360	177557257866641	177557227665860
177557338582162	177557357753932	177557338490755
177557357278880	177557374399401	177557357161328
177557396833099	177557424330234	177557396755651
177557416513568	177557440974765	177557416435078
177557446550391	177557474265443	177557446482682
177557462707891	177557490914713	177557462654922
177557485916016	177557507567942	177557485860235
177557498101380	177557524218568	177557498050443
177557510819870	177557540869869	177557510757370
177557533625859	177557557521900	177557533556901
177557545769297	177557574175703	177557545707318
177557560809974	177557590823724	177557560757839
177557577045234	177557607470390	177557576751068
177557675789141	177557707365703	177557675683047
177557694163255	177557724015026	177557685322526
177557709984297	177557740667265	177557709848672
177557734177891	177557757318619	177557734114141
177557745941953	177557773970859	177557745879714
177557759909505	177557790622995	177557759860391
177557776546536	177557807272682	177557776498255
177557850711276	177557873878724	177557850567682
177557867884141	177557890534609	177557867816016
177557878013151	177557907189922	177557877945599
177557901305911	177557923844713	177557901235703
177557911385807	177557940497629	177557911330339
177557927881172	177557957149661	177557927816641
177557948317578	177557973800390	177557948251589
177557959696901	177557990452369	177557959649922
177558065353620	177558090359244	177558065270130
177558077009818	177558107008984	177558075995963
177558095206276	177558123661223	177558095137786
177558113837422	177558140309922	177558113772057
177558126266849	177558156960651	177558126214297
177558344829870	177558373430598	177558344729818
177558444105755	177558473324140	177558443976224
177558462935130	177558489973619	177558462880182
177558476307838	177558506622057	177558476255911
177558501876432	177558523272213	177558501794088
177558514352786	177558539920755	177558514262057
177558535306276	177558556566276	177558535212734
177558547554245	177558573209608	177558547467422
177558570397213	177558589855807	177558570329245
177558576237890	177558606504244	177558576127838
177558601249245	177558623153463	177558601191745
177558613319974	177558639802681	177558613257265
177558670781484	177558689757057	177558670686536
177558696826953	177558723057629	177558696727526
177558721276797	177558739704088	177558721193828
177558725896224	177558756351849	177558725785599
177558752787682	177558772997004	177558752708567
177558761029244	177558789642785	177558760862578
177558780504401	177558806292629	177558780408567
177558796869088	177558822945599	177558796802682
177558816185234	177558839598254	177558816093828
177558826303203	177558856245911	177558826160755
177558842630390	177558872895337	177558842551953
177558861187057	177558889551900	177558861121953
177558876199557	177558906207473	177558876144453
177558900706432	177558922861588	177558900624817
177558916389505	177558939513932	177558916326796
177558934841328	177558956166119	177558934756692
177558942374921	177558972824192	177558942320338
177559088908203	177559106039661	177559088812786
177559096524973	177559122694400	177559096447786
177559108890026	177559139351536	177559108369296

=== poll 1790150877.377795960
16666666
177557533625859	177557557521900	177557533556901
177557545769297	177557574175703	177557545707318
177557560809974	177557590823724	177557560757839
177557577045234	177557607470390	177557576751068
177557675789141	177557707365703	177557675683047
177557694163255	177557724015026	177557685322526
177557709984297	177557740667265	177557709848672
177557734177891	177557757318619	177557734114141
177557745941953	177557773970859	177557745879714
177557759909505	177557790622995	177557759860391
177557776546536	177557807272682	177557776498255
177557850711276	177557873878724	177557850567682
177557867884141	177557890534609	177557867816016
177557878013151	177557907189922	177557877945599
177557901305911	177557923844713	177557901235703
177557911385807	177557940497629	177557911330339
177557927881172	177557957149661	177557927816641
177557948317578	177557973800390	177557948251589
177557959696901	177557990452369	177557959649922
177558065353620	177558090359244	177558065270130
177558077009818	177558107008984	177558075995963
177558095206276	177558123661223	177558095137786
177558113837422	177558140309922	177558113772057
177558126266849	177558156960651	177558126214297
177558344829870	177558373430598	177558344729818
177558444105755	177558473324140	177558443976224
177558462935130	177558489973619	177558462880182
177558476307838	177558506622057	177558476255911
177558501876432	177558523272213	177558501794088
177558514352786	177558539920755	177558514262057
177558535306276	177558556566276	177558535212734
177558547554245	177558573209608	177558547467422
177558570397213	177558589855807	177558570329245
177558576237890	177558606504244	177558576127838
177558601249245	177558623153463	177558601191745
177558613319974	177558639802681	177558613257265
177558670781484	177558689757057	177558670686536
177558696826953	177558723057629	177558696727526
177558721276797	177558739704088	177558721193828
177558725896224	177558756351849	177558725785599
177558752787682	177558772997004	177558752708567
177558761029244	177558789642785	177558760862578
177558780504401	177558806292629	177558780408567
177558796869088	177558822945599	177558796802682
177558816185234	177558839598254	177558816093828
177558826303203	177558856245911	177558826160755
177558842630390	177558872895337	177558842551953
177558861187057	177558889551900	177558861121953
177558876199557	177558906207473	177558876144453
177558900706432	177558922861588	177558900624817
177558916389505	177558939513932	177558916326796
177558934841328	177558956166119	177558934756692
177558942374921	177558972824192	177558942320338
177559088908203	177559106039661	177559088812786
177559096524973	177559122694400	177559096447786
177559108890026	177559139351536	177559108369296
177578572150331	177578602339549	177578571961789
177578626504549	177578652270955	177578626424081
177578642685904	177578668915903	177578642630851
177578661408195	177578685561424	177578661345174
177578690693404	177578718858872	177578690589810
177578705454601	177578735506007	177578693744706
177578722968976	177578752151736	177578711837049
177578755517778	177578785448507	177578755386476
177578772353560	177578802099497	177578760077258
177578788475799	177578818749653	177578788423820
177578894716216	177578918616424	177578894575851
177578925758768	177578951910642	177578925662883
177578950940330	177578968558091	177578950870955
177578961171112	177578985207726	177578961099914
177578979895226	177579001858195	177578979794653
177579003152466	177579035157986	177579003055591
177579022699185	177579051805226	177579014600018
177579039354080	177579068450486	177579030343716
177579055912049	177579085094184	177579043991737
177579071868143	177579101742569	177579061611528
177579088093820	177579118392205	177579084490955
177579104709549	177579135038247	177579090036737
177579122117205	177579151685226	177579115231268
177579140640278	177579168332049	177579131902674
177579156635487	177579184976267	177579149955330
177579175105122	177579201620746	177579175019237
177579187602414	177579218264548	177579184621320
177579204070903	177579234909444	177579189954445
177579220593299	177579251553872	177579215815851
177579237221945	177579268199653	177579227989028
177579254497726	177579284842413	177579242222310
177579270601476	177579301486528	177579261783560
177579522752466	177579551177777	177579522592830
177579541760851	177579567823507	177579541699549
177579559253195	177579584470642	177579559185539
177579570668143	177579601118090	177579570611945
177579596501164	177579617763819	177579596421736
177579606407205	177579634410277	177579606336059
177579624073768	177579651058975	177579624019966
177579673080018	177579701001424	177579673004601
177579693833351	177579717648768	177579693762674
177579708116424	177579734293246	177579708047726
177579726849080	177579750940226	177579726788768
177579737410278	177579767585590	177579737367986
177579760062466	177579784230694	177579760011632
177579780923299	177579800878663	177579780867361
177579794071007	177579817523246	177579793992205
177579806492570	177579834165277	177579806431684
177579823748403	177579850810330	177579823693924
177579836699341	177579867457986	177579836650851
177579867075330	177579884106319	177579867019236
177579882019809	177579900754184	177579881958611
177579887658507	177579917401996	177579887610695
177579903500799	177579934050069	177579903392674
177579979832570	177580000645538	177579979708143
177580001553820	177580033943350	177580001482049
177580020289653	177580050592413	177580019871893
177580098504549	177580117199079	177580098370695
177580117392101	177580133849965	177580117308403
177580123630486	177580150505121	177580123570851
177580144118247	177580167156423	177580144033247
177580153560538	177580183805538	177580153375851
177580215952465	177580233739705	177580215839393
177580236452361	177580267033037	177580236379757
177580253020642	177580283677569	177580242777622
177580270118247	177580300322674	177580253514653
177580329133403	177580350259287	177580329043038
177580350515695	177580366906267	177580350456840
177580356850070	177580383553455	177580356804861
177580375428976	177580400200381	177580375376059
177580386139549	177580416845538	177580386100486

=== poll 1790150879.648086011
16666666
177579220593299	177579251553872	177579215815851
177579237221945	177579268199653	177579227989028
177579254497726	177579284842413	177579242222310
177579270601476	177579301486528	177579261783560
177579522752466	177579551177777	177579522592830
177579541760851	177579567823507	177579541699549
177579559253195	177579584470642	177579559185539
177579570668143	177579601118090	177579570611945
177579596501164	177579617763819	177579596421736
177579606407205	177579634410277	177579606336059
177579624073768	177579651058975	177579624019966
177579673080018	177579701001424	177579673004601
177579693833351	177579717648768	177579693762674
177579708116424	177579734293246	177579708047726
177579726849080	177579750940226	177579726788768
177579737410278	177579767585590	177579737367986
177579760062466	177579784230694	177579760011632
177579780923299	177579800878663	177579780867361
177579794071007	177579817523246	177579793992205
177579806492570	177579834165277	177579806431684
177579823748403	177579850810330	177579823693924
177579836699341	177579867457986	177579836650851
177579867075330	177579884106319	177579867019236
177579882019809	177579900754184	177579881958611
177579887658507	177579917401996	177579887610695
177579903500799	177579934050069	177579903392674
177579979832570	177580000645538	177579979708143
177580001553820	177580033943350	177580001482049
177580020289653	177580050592413	177580019871893
177580098504549	177580117199079	177580098370695
177580117392101	177580133849965	177580117308403
177580123630486	177580150505121	177580123570851
177580144118247	177580167156423	177580144033247
177580153560538	177580183805538	177580153375851
177580215952465	177580233739705	177580215839393
177580236452361	177580267033037	177580236379757
177580253020642	177580283677569	177580242777622
177580270118247	177580300322674	177580253514653
177580329133403	177580350259287	177580329043038
177580350515695	177580366906267	177580350456840
177580356850070	177580383553455	177580356804861
177580375428976	177580400200381	177580375376059
177580386139549	177580416845538	177580386100486
177580447419809	177580466780069	177580447331580
177580470095955	177580500072569	177580470016424
177580486429236	177580516717830	177580477038559
177580502179444	177580533364653	177580487395538
177580518661528	177580550011319	177580502627778
177580555578611	177580583308038	177580555510174
177580577013403	177580599963975	177580576921424
177580599620851	177580616614912	177580599546840
177580603011319	177580633265538	177580602562726
177580667537309	177580699875903	177580667390330
177580686112049	177580716525746	177580671732465
177580702695174	177580733176423	177580695828924
177580719277934	177580749826579	177580711174392
177580736511111	177580766476475	177580719269444
177580784023663	177580816430851	177580783898194
177580808624028	177580833084184	177580808556840
177580825791215	177580849732881	177580825726476
177580836286059	177580866381944	177580836057621
177580899845486	177580916316840	177580899736371
177580904510173	177580932964132	177580904454496
177580927426059	177580949613089	177580927361215
177580950013767	177580966260225	177580949938871
177580952488403	177580982909756	177580952051111
177581012212569	177581032853767	177581012102830
177581048255069	177581066154548	177581048159080
177581061730694	177581082800642	177581061655955
177581069120642	177581099448246	177581068748298
177581136829288	177581166040693	177581136677725
177581163951840	177581182692569	177581163857725
177581170818038	177581199343662	177581170758507
177581185371892	177581215995589	177581185317100
177581257856996	177581282603871	177581257663611
177581294721423	177581315907205	177581294625746
177581311834340	177581332559027	177581311762413
177581318742361	177581349213246	177581318564600
177581372829913	177581399171527	177581372751736
177581401165330	177581432474079	177581401038507
177581418344652	177581449125537	177581405883090
177581434721944	177581465773714	177581419098298
177581453032777	177581482425485	177581435087152
177581489900330	177581515726788	177581489744496
177581519893194	177581549024600	177581519798559
177581536085486	177581565675537	177581525104132
177581554426944	177581582326215	177581552348611
177581605550017	177581632267517	177581605459444
177581632721892	177581648913506	177581632645382
177581637579288	177581665560173	177581637534913
177581656251579	177581682204496	177581656178663
177581669559913	177581698849809	177581668816632
177581721409132	177581748798402	177581721294913
177581756551215	177581782097413	177581756463246
177581774977256	177581798750068	177581774908506
177581785291996	177581815402673	177581784841684
177581839136788	177581865351162	177581839005329
177581870735902	177581898652308	177581870662361
177581884675434	177581915303297	177581875691788
177581901161371	177581931956735	177581893857569
177581917498611	177581948607464	177581901276267
177581959540121	177581981906527	177581959373194
177581995246736	177582015205433	177581995183923
177582002897204	177582031856318	177582002840902
177582018178298	177582048509651	177582017848767
177582076157152	177582098464444	177582076084652
177582106383246	177582131764288	177582106212881
177582129458871	177582148413975	177582129383558
177582134353038	177582165060797	177582134303298
177582190513298	177582215010485	177582190406579
177582222056215	177582248303402	177582221877621
177582239867777	177582264950380	177582239803506
177582251114288	177582281598557	177582250832256
177582308896475	177582331547047	177582308756631
177582347483558	177582364846578	177582347374392
177582353180225	177582381496058	177582353115798
177582367500069	177582398143871	177582367450902
177582425545746	177582448096058	177582425394392
177582459939496	177582481399026	177582459861787
177582476679183	177582498049599	177582476593506
177582484519496	177582514698350	177582484046944
177582554685017	177582581286735	177582554501058
177582586079340	177582614585798	177582585991579
177582604508923	177582631234599	177582604449027
177582617255381	177582647880902	177582617210485
177582670117517	177582697834182	177582670035277
177582698584496	9223372036854775807	177582698512464

=== poll 1790150882.066953146
16666666
177582604508923	177582631234599	177582604449027
177582617255381	177582647880902	177582617210485
177582670117517	177582697834182	177582670035277
177582698584496	177582731133662	177582698512464
177582718006006	177582747784495	177582703578194
177582734202673	177582764434703	177582733759912
177582780056579	177582797737985	177582779960017
177582805850485	177582831038505	177582805684704
177582829776319	177582847688089	177582829699496
177582833705433	177582864340225	177582833672256
177582888577933	177582914292933	177582888496527
177582914584444	177582930941370	177582914513506
177582919495537	177582947588714	177582919442673
177582941895954	177582964237620	177582941808923
177582950613402	177582980890328	177582950556214
177582996935746	177583014191006	177582996838037
177583023947516	177583047493453	177583023886058
177583042119912	177583064148714	177583042044496
177583050156423	177583080802412	177583050121735
177583107630173	177583130761682	177583107538506
177583136554183	177583164062256	177583136486996
177583154602360	177583180713766	177583154523089
177583167036475	177583197364964	177583166602985
177583216380225	177583247318558	177583216304548
177583242786475	177583263970485	177583242586683
177583255744496	177583280620745	177583255695537
177583276250589	177583297275120	177583276194027
177583286477725	177583313929078	177583286423662
177583299929860	177583330584964	177583299880381
177583324187464	177583347236526	177583324130902
177583349552464	177583380543818	177583349471423
177583367410381	177583397200537	177583355565225
177583383170277	177583413856839	177583370599183
177583399824131	177583430511110	177583383190120
177583430839912	177583447167359	177583430767568
177583433879756	177583463822464	177583433832256
177583457713402	177583480477151	177583457569235
177583480751475	177583497134130	177583480674704
177583483119808	177583513790537	177583482748923
177583532950016	177583563757516	177583532883506
177583549622464	177583580412881	177583536202777
177583566712360	177583597065745	177583560428193
177583583532620	177583613719391	177583570241891
177583599587204	177583630371995	177583585852256
177583616128558	177583647025172	177583601261318
177583646873766	177583663678505	177583646772881
177583650601422	177583680336005	177583650551318
177583674604495	177583696992672	177583674452516
177583692569131	177583713651526	177583692507100
177583703952568	177583730307984	177583703903193
177583726767360	177583746966161	177583726681162
177583750544599	177583780279235	177583750443089
177583767598714	177583796934287	177583765925954
177583784469756	177583813589807	177583775537881
177583800117829	177583830248297	177583788134860
177583816030224	177583846907672	177583805108506
177583833645172	177583863565693	177583826161527
177583849525120	177583880223245	177583834953454
177583866707672	177583896874859	177583859120797
177583886838662	177583913526683	177583886769235
177583970391995	177583996780901	177583970298766
177583995541266	177584013428193	177583995458558
177584015575120	177584046732151	177584015499599
177584033249443	177584063388141	177584024978037
177584049908766	177584080042411	177584035170329
177584066356474	177584096695589	177584050774079
177584083554339	177584113346630	177584080792881
177584099839183	177584129996162	177584092221110
177584116120589	177584146649026	177584111349391
177584133197985	177584163301057	177584129284391
177584149409287	177584179950692	177584137238922
177584166323922	177584196600276	177584156093089
177584183090068	177584213247828	177584169759964
177584200197933	177584229894807	177584186123714
177584217531214	177584246540640	177584201302047
177584232840381	177584263189078	177584224240224
177584248958662	177584279837933	177584237098401
177584265772308	177584296486578	177584254895381
177584282331266	177584313137568	177584275483089
177584314291839	177584346440015	177584314161422
177584332699860	177584363091161	177584324855537
177584349184391	177584379740536	177584335497672
177584365524964	177584396394026	177584355097620
177584383008401	177584413047672	177584382933089
177584400925485	177584429704807	177584400859495
177584425992933	177584446360484	177584425913089
177584437907516	177584463015745	177584437848037
177584452038245	177584479674911	177584451837308
177584465681526	177584496332203	177584465469860
177584485440328	177584512986735	177584485372047
177584499303245	177584529638661	177584499247880
177584517879130	177584546289807	177584517822464
177584537111214	177584562940224	177584537037985
177584566791787	177584596243766	177584566717880
177584582447151	177584612895797	177584571424339
177584598715589	177584629549390	177584585628922
177584615196266	177584646200692	177584600062568
177584631769078	177584662854755	177584621526318
177584649503505	177584679511578	177584645533245
177584665693922	177584696169130	177584650337828
177584681976526	177584712823869	177584672181943
177584698458974	177584729479650	177584690385745
177584715492724	177584746135693	177584704594078
177584731744807	177584762791057	177584720040901
177584748372516	177584779445015	177584734674078
177584765560432	177584796099651	177584750487568
177584781889339	177584812751057	177584765587724
177584798886266	177584829402099	177584786538089
177584815220120	177584846053348	177584800157724
177584831853245	177584862708088	177584820770693
177584849408037	177584879358973	177584835579339
177584865856109	177584896010640	177584856106943
177584882047620	177584912663296	177584869320224
177584898645172	177584929314026	177584889135484
177584915099026	177584945968973	177584899793245
177584931828037	177584962622828	177584926097359
177584948496787	177584979273401	177584940296630
177584965267880	177584995919338	177584954971318
177584981920172	177585012565849	177584977485016
177584998536682	177585029215745	177584991203401
177585015425901	177585045867619	177585010945380
177585031874912	177585062518765	177585016070328
177585049074234	177585079166057	177585034875537
177585065396630	177585095817880	177585055376578
177585081562151	177585112469077	177585072121526
177585098112880	177585129117359	177585093291266
177585114940380	9223372036854775807	177585099044599

=== poll 1790150884.370693041
16666666
177585131530589	177585162418244	177585115748505
177585148316474	177585179070119	177585134709391
177585165031161	177585195721421	177585151721266
177585181536422	177585212371890	177585170928193
177585198006266	177585229025640	177585185224026
177585214498297	177585245681161	177585200168818
177585231240120	177585262336369	177585216797984
177585248175276	177585278991005	177585235368036
177585265168974	177585295644390	177585250536786
177585281744286	177585312297463	177585269665849
177585298027047	177585328948348	177585288561422
177585324571213	177585345597619	177585324501161
177585337988245	177585362248869	177585337921734
177585356118193	177585378897671	177585356070536
177585370247828	177585395546838	177585370194755
177585391433818	177585412195744	177585391375484
177585407129963	177585428845015	177585407054859
177585419454130	177585445496474	177585419411891
177585437704182	177585462148713	177585437646370
177585463701943	177585495450275	177585463620432
177585481527359	177585512100119	177585470047516
177585498303609	177585528753348	177585485038765
177585514793349	177585545405848	177585500631682
177585531030120	177585562058140	177585518767776
177585547876786	177585578707723	177585543369547
177585564923349	177585595361943	177585553159703
177585581040849	177585612013869	177585574394495
177585597465640	177585628664859	177585585085120
177585617664859	177585645320067	177585617598505
177585635244286	177585661975484	177585635196578
177585657047724	177585678631682	177585656983088
177585665890797	177585695285796	177585665828974
177585685155380	177585711938036	177585685090015
177585722053297	177585745239026	177585721895588
177585735785015	177585761892983	177585735736109
177585757658245	177585778548036	177585757590067
177585773448401	177585795205328	177585773358349
177585790523192	177585811859598	177585790459286
177585800145172	177585828511265	177585800100953
177585836886213	177585861810692	177585836825849
177585865487307	177585895114233	177585865393192
177585889266474	177585911768973	177585889179859
177585904774755	177585928422776	177585904699234
177585915021422	177585945074911	177585914564182
177585953677255	177585978378192	177585953608244
177585975850797	177585995029702	177585975798088
177585981992255	177586011681004	177585981939494
177586007960067	177586028335171	177586007877828
177586015777359	177586044985900	177586015715484
177586058469963	177586078286526	177586058382203
177586066652255	177586094937776	177586066607047
177586098565640	177586128246057	177586098505588
177586119533036	177586144902567	177586119463349
177586135541213	177586161555952	177586135467776
177586170552515	177586194856161	177586170465484
177586190764755	177586211505484	177586190675536
177586198009859	177586228157931	177586197597619
177586221604911	177586244812931	177586221506838
177586258719546	177586278126786	177586258529599
177586266760328	177586294785484	177586266703557
177586284699078	177586311445015	177586284619078
177586302564599	177586328102254	177586302480536
177586323062203	177586344757619	177586322982151
177586334851213	177586361411942	177586334772619
177586361178036	177586378068244	177586361108713
177586366102776	177586394727462	177586366039598
177586385068140	177586411381838	177586384992151
177586399927880	177586428033608	177586399864807
177586422753192	177586444681629	177586422649546
177586436444026	177586461328817	177586436369651
177586449537411	177586477975796	177586449469494
177586470903244	177586494622775	177586470827828
177586491002359	177586511274233	177586490902411
177586502002984	177586527926473	177586501937255
177586517800171	177586544578140	177586517734598
177586547403765	177586577876889	177586547307776
177586564341057	177586594525796	177586549943453
177586580599234	177586611177984	177586570395171
177586597205432	177586627827931	177586585533348
177586613612671	177586644480640	177586605588453
177586630169286	177586661134859	177586614349911
177586647112515	177586677789598	177586642070067
177586663558817	177586694445379	177586656105953
177586680352932	177586711102254	177586669497828
177586696796317	177586727755275	177586685980223
177586713405328	177586744406212	177586700791317
177586730139911	177586761056942	177586714709546
177586747486317	177586777706161	177586735794442
177586763992723	177586794356473	177586756674546
177586779980275	177586811008452	177586769394130
177586796694702	177586827659754	177586790015744
177586813297515	177586844307202	177586805931109
177586829852932	177586860959390	177586815149494
177586846987359	177586877612879	177586842780171
177586867613192	177586894268035	177586867522567
177586880080900	177586910921265	177586869960848
177586896717411	177586927574181	177586886352255
177586913835067	177586944227983	177586903615588
177586930491577	177586960882879	177586922619025
177586947442411	177586977538087	177586935418192
177586964078973	177586994187827	177586956866109
177586980067098	177587010835275	177586967997046
177586996597984	177587027482879	177586989110640
177587013281057	177587044130327	177587001537619
177587030166942	177587060778713	177587020241421
177587046874546	177587077431941	177587035133713
177587063376682	177587094086056	177587049650223
177587080086317	177587110741889	177587070720796
177587096548140	177587127399233	177587085997307
177587113311213	177587144055431	177587099616525
177587130011004	177587160710848	177587122799911
177587147102827	177587177360639	177587137006577
177587164122046	177587194006733	177587149933609
177587180652359	177587210656108	177587176213609
177587196649442	177587227305536	177587187919754
177587213281890	177587243958243	177587208388400
177587230086317	177587260608660	177587221897515
177587246625640	177587277258191	177587239343036
177587263154754	177587293906472	177587250484911
177587285339338	177587310555900	177587285273869
177587312702150	177587343854025	177587312619025
177587330363140	177587360504390	177587315972879
177587346468921	177587377158868	177587330311109
177587362940171	177587393809077	177587349641838
177587383731577	177587410458765	177587383652411
177587405699494	177587427110066	177587405636004
177587425583296	177587443759858	177587425482671

=== poll 1790150886.705086425
16666666
177587483564754	177587510363816	177587483483765
177587502857463	177587527019285	177587502756369
177587523849338	177587543677254	177587523757931
177587533503869	177587560331889	177587533456629
177587548845952	177587576984910	177587548787254
177587567623504	177587593639754	177587567554494
177587592837671	177587610294077	177587592727098
177587600910223	177587626945848	177587600841213
177587628618348	177587660256160	177587628529390
177587646449494	177587676911264	177587633114129
177587662843140	177587693567462	177587653147671
177587679474702	177587710222097	177587665529025
177587701070952	177587726873713	177587700933765
177587715429546	177587743524806	177587715372515
177587742769181	177587760173868	177587742680379
177587748167410	177587776818504	177587748106838
177587765721160	177587793464649	177587765661629
177587780481785	177587810115275	177587780419910
177587803447827	177587826759858	177587803379598
177587818710848	177587843403347	177587818632775
177587835350067	177587860046837	177587835279442
177587847904129	177587876692306	177587847848869
177587880079285	177587909982514	177587879973608
177587902721265	177587926626212	177587902656733
177587919232046	177587943270743	177587919164962
177587935008035	177587959920952	177587934939129
177587949865640	177587976571368	177587949767983
177587971091681	177587993219701	177587971022306
177587984799233	177588009865431	177587984730119
177588000894077	177588026510170	177588000826004
177588022076681	177588043156160	177588022009077
177588044437723	177588076452097	177588044322462
177588063109806	177588093100743	177588046853660
177588079228140	177588109746681	177588069154337
177588095936942	177588126391420	177588081205796
177588112093660	177588143036212	177588095924806
177588129039858	177588159682097	177588127261681
177588145755900	177588176328608	177588131920692
177588162098608	177588192979129	177588151036525
177588178907723	177588209630587	177588165243139
177588195736994	177588226278607	177588187221994
177588212435067	177588242923973	177588202503035
177588229729181	177588259572566	177588219515900
177588246590952	177588276219181	177588243560275
177588261878348	177588292867097	177588247027462
177588278559962	177588309514442	177588264726629
177588299174806	177588326159806	177588299101629
177588311928608	177588342803868	177588304308973
177588328657723	177588359448399	177588314056317
177588347466733	177588376093399	177588347117931
177588373087723	177588392741056	177588373004910
177588384714650	177588409390534	177588384655066
177588416444077	177588442681628	177588416379910
177588430264025	177588459329910	177588430193452
177588459891889	177588475976785	177588459805431
177588463262619	177588492625796	177588463217514
177588482575379	177588509269597	177588482503296
177588510538296	177588542560222	177588510462566
177588528443504	177588559206680	177588515167410
177588547056525	177588575851785	177588546891316
177588561692306	177588592497878	177588551584337
177588578657150	177588609143608	177588564764233
177588595302254	177588625787879	177588582467671
177588611937462	177588642428868	177588606955483
177588628210379	177588659073555	177588614639493
177588657534077	177588675718347	177588657471525
177588672157046	177588692367045	177588672077514
177588688397462	177588709014129	177588688327566
177588703885743	177588725661003	177588703815900
177588714502775	177588742311889	177588714455327
177588751099233	177588775613763	177588751021212
177588766606889	177588792265795	177588766542931
177588787138712	177588808917097	177588787069129
177588803921108	177588825568451	177588803850743
177588815267983	177588842221003	177588815217723
177588847705743	177588875526107	177588847618868
177588869866212	177588892178920	177588869800743
177588888853452	177588908832514	177588888773243
177588908450952	177588925485014	177588908365223
177588912068400	177588942136681	177588912025691
177588962463035	177588992085222	177588962382827
177588978129389	177589008732305	177588967743556
177588994721941	177589025379649	177588987671472
177589011198764	177589042029389	177588995882045
177589027990222	177589058679284	177589024599806
177589044764181	177589075324806	177589030256681
177589061333660	177589091971576	177589050129702
177589078071264	177589108622514	177589071924650
177589095149754	177589125275430	177589088839181
177589111639077	177589141926160	177589100364181
177589127773504	177589158575118	177589117903920
177589144810795	177589175223086	177589134517879
177589161129545	177589191871159	177589146376056
177589182285587	177589208519284	177589182214545
177589210046056	177589241824545	177589209963608
177589228126681	177589258478503	177589213246941
177589244546212	177589275129076	177589235780170
177589261067827	177589291783034	177589259855952
177589277601629	177589308438139	177589263219649
177589294823868	177589325094649	177589294758608
177589322039910	177589341750169	177589321967514
177589334391629	177589358401055	177589334315639
177589346491629	177589375052149	177589346441056
177589365905066	177589391701941	177589365836264
177589380894337	177589408352878	177589380814493
177589413583868	177589441657149	177589413498868
177589427893556	177589458307201	177589419427983
177589444669024	177589474960899	177589429311941
177589461316056	177589491615378	177589445348191
177589477794701	177589508275169	177589464893920
177589494859024	177589524934753	177589481883035
177589511607514	177589541588555	177589495928295
177589528433139	177589558241888	177589514516785
177589544230326	177589574894024	177589534540118
177589561336629	177589591543659	177589555708451
177589577297618	177589608189701	177589562276889
177589607641056	177589624835899	177589607549910
177589613149129	177589641479180	177589613093556
177589630098660	177589658121889	177589630016264
177589652916160	177589674772461	177589652830535
177589664383191	177589691424337	177589664330170
177589694447566	177589724726055	177589694369337
177589715539649	177589741374336	177589715484806
177589728715170	177589758024076	177589728651733
177589745133191	177589774675169	177589745061420
177589764162774	177589791327201	177589764077358
177589779644701	9223372036854775807	177589779572774

=== poll 1790150889.037609445
16666666
177589846920951	177589874585586	177589846754493
177589861106733	177589891235430	177589861052722
177589879549649	177589907882878	177589879432253
177589909537774	177589941180899	177589909461785
177589927430118	177589957830065	177589924350691
177589944385587	177589974479023	177589937066316
177589960943868	177589991131211	177589950624285
177589977033816	177590007781627	177589967242566
177589993561160	177590024429805	177589985535535
177590010478295	177590041078086	177589994693920
177590027382722	177590057729284	177590023605430
177590043756264	177590074379805	177590037651316
177590060388399	177590091029752	177590050508399
177590077166785	177590107680639	177590073448451
177590093800326	177590124328295	177590080724962
177590110411628	177590140982930	177590096139753
177590127206889	177590157636628	177590120431524
177590144755222	177590174289857	177590130553972
177590160626628	177590190944700	177590151373972
177590176995951	177590207597461	177590162195482
177590193562201	177590224252044	177590178709545
177590210200639	177590240907461	177590198646785
177590226559180	177590257561159	177590210401837
177590243296680	177590274211941	177590239770795
177590259877097	177590290862044	177590247114180
177590277194285	177590307512565	177590272140587
177590293243712	177590324161524	177590277258868
177590309956784	177590340810482	177590295108555
177590326534909	177590357460118	177590317587670
177590343292566	177590374110273	177590333405118
177590360885066	177590390761107	177590351182097
177590376862566	177590407414909	177590370588972
177590392973451	177590424070221	177590380337305
177590409957722	177590440722722	177590395442045
177590432943451	177590457374596	177590432825795
177590444729232	177590474030065	177590444678451
177590464690118	177590490690170	177590464616159
177590489119232	177590507343659	177590488984649
177590494389232	177590524000846	177590494333868
177590517408451	177590540655274	177590517363243
177590532540326	177590557311472	177590532453295
177590555041472	177590573964440	177590554958764
177590560377514	177590590614388	177590559935899
177590580611524	177590607266993	177590580553972
177590595376055	177590623919544	177590595325743
177590614930274	177590640572096	177590614868816
177590630730691	177590657224648	177590630671316
177590651954076	177590673877409	177590651890847
177590665840222	177590690530743	177590665780170
177590694998503	177590723826315	177590694897982
177590710120482	177590740475534	177590710068451
177590733722149	177590757125170	177590733578347
177590745227045	177590773776106	177590745160326
177590766157878	177590790427044	177590766087201
177590778532201	177590807077252	177590778476003
177590796393399	177590823728711	177590796325795
177590815057878	177590840378242	177590814999753
177590829559493	177590857029753	177590829477878
177590857451524	177590873685586	177590857368607
177590862178763	177590890341992	177590862131576
177590881331524	177590906998867	177590881277618
177590895527670	177590923654805	177590895476784
177590915857513	177590940310169	177590915770482
177590929749545	177590956961940	177590929648138
177590961850899	177590990271992	177590961782045
177590993818659	177591023582773	177590993734493
177591010495013	177591040239232	177590997057461
177591027394493	177591056897409	177591020608243
177591042624024	177591073553451	177591030634701
177591071039805	177591090209648	177591070954753
177591083991993	177591106865898	177591083936993
177591107745274	177591140173763	177591107671784
177591126321003	177591156828868	177591113359649
177591142835170	177591173483554	177591133779493
177591159234440	177591190138659	177591145044336
177591175995065	177591206793242	177591174047357
177591192800899	177591223445534	177591184504388
177591209973867	177591240101732	177591195621263
177591227234701	177591256756940	177591226995534
177591250861576	177591273410585	177591250771472
177591259754180	177591290063398	177591259697722
177591281211784	177591306717565	177591281157670
177591307341055	177591340025950	177591307233972
177591326129232	177591356683242	177591311095482
177591342728190	177591373338347	177591329425951
177591359301107	177591389990742	177591353266784
177591375632201	177591406641732	177591365025795
177591392405847	177591423293606	177591379886263
177591409181888	177591439947148	177591402903503
177591426350274	177591456601783	177591418234544
177591442880482	177591473256002	177591430650013
177591459085117	177591489910898	177591445550169
177591475605274	177591506565377	177591460122357
177591492221315	177591523221315	177591480140847
177591509112357	177591539874232	177591500614336
177591525789284	177591556525951	177591518821055
177591542931003	177591573180377	177591531707253
177591559155169	177591589839388	177591555444909
177591575581107	177591606499232	177591561106836
177591592079544	177591623156210	177591580434024
177591608987774	177591639809232	177591608101628
177591625645117	177591656458867	177591613787565
177591643185586	177591673113033	177591627388346
177591659736940	177591689765534	177591645849805
177591676429701	177591706420689	177591675693451
177591694451628	177591723075742	177591694392409
177591717227461	177591739730377	177591717161784
177591734319128	177591756386784	177591734238399
177591762268919	177591789693658	177591762184388
177591775886576	177591806345221	177591765969492
177591792074492	177591822999596	177591780313867
177591808719492	177591839651575	177591794903919
177591825574492	177591856303138	177591824898763
177591842154753	177591872956679	177591831091888
177591859775482	177591889614179	177591844747982
177591876496263	177591906273086	177591870569701
177591893340794	177591922930430	177591883437721
177591912130273	177591939584543	177591912046628
177591930257044	177591956240221	177591930201107
177591962104492	177591989560013	177591962044857
177591987612565	177592006217409	177591987516419
177591995002773	177592022872252	177591994950742
177592014426732	177592039526419	177592014363659
177592029702982	177592056177356	177592029652565
177592057135482	177592089487200	177592057058867
177592075547825	177592106142408	177592061964648
177592092926211	9223372036854775807	177592076669075

=== poll 1790150891.351750330
16666666
177591995002773	177592022872252	177591994950742
177592014426732	177592039526419	177592014363659
177592029702982	177592056177356	177592029652565
177592057135482	177592089487200	177592057058867
177592075547825	177592106142408	177592061964648
177592092926211	177592122797669	177592076669075
177592109308346	177592139450221	177592096181159
177592125552773	177592156104439	177592110804805
177592141927930	177592172757721	177592129798242
177592158619857	177592189409544	177592154891523
177592175414700	177592206063762	177592165620221
177592191814961	177592222721679	177592183145690
177592208486784	177592239382512	177592207061263
177592225181211	177592256042356	177592217758242
177592241738138	177592272702669	177592226235273
177592267546263	177592289359440	177592267480794
177592283005794	177592306014335	177592282940794
177592307646107	177592339320220	177592307526159
177592326207877	177592355976158	177592312320534
177592342966367	177592372631263	177592333927357
177592358351107	177592389282199	177592347132409
177592389806263	177592405935116	177592389736836
177592394763659	177592422589752	177592394710169
177592417666211	177592439241262	177592417583919
177592427237982	177592455892304	177592427180794
177592458764752	177592489196314	177592458699648
177592481113450	177592505848763	177592481015377
177592498087773	177592522501627	177592498027252
177592520558763	177592539155690	177592520480065
177592531001211	177592555810950	177592530943086
177592547734284	177592572465012	177592547667252
177592567723502	177592589121470	177592567651315
177592576564857	177592605777148	177592576513919
177592603234232	177592622432721	177592603171732
177592612344075	177592639088450	177592612288867
177592626866263	177592655741210	177592626807773
177592642098346	177592672397773	177592642055482
177592666764752	177592689054491	177592666689284
177592676455534	177592705712043	177592676402825
177592698304231	177592722369752	177592698248138
177592718211992	177592739024075	177592718141784
177592730423867	177592755680273	177592730362773
177592743838659	177592772336471	177592743776367
177592763246784	177592788996627	177592763183763
177592777634336	177592805655064	177592777583242
177592813115534	177592838972461	177592813039336
177592827797304	177592855631783	177592827742669
177592853192773	177592872290324	177592853110742
177592864960221	177592888948398	177592864900742
177592876499804	177592905607564	177592876442565
177592915755221	177592938915481	177592915693242
177592929981679	177592955570116	177592929918086
177592943005013	177592972226575	177592942935586
177592969787148	177592988881471	177592969698086
177592975210117	177593005535168	177592975115169
177593027297356	177593055496783	177593027228867
177593041542408	177593072148762	177593031678294
177593058300169	177593088800481	177593046603033
177593075442981	177593105455585	177593067866471
177593091039961	177593122109648	177593075812825
177593123525638	177593155416418	177593123451731
177593141915950	177593172072773	177593140252096
177593158989075	177593188730533	177593149179023
177593175224283	177593205385481	177593159925273
177593191208867	177593222041314	177593182378867
177593207684700	177593238698189	177593191763815
177593233880794	177593255354960	177593233822825
177593250010013	177593272012356	177593249939960
177593272750638	177593305319856	177593272662044
177593292308138	177593321973293	177593283291888
177593311325690	177593338626835	177593311213554
177593324994804	177593355283085	177593324927200
177593360418033	177593388598398	177593360345846
177593375583137	177593405256574	177593375518450
177593394812200	177593421915220	177593394735533
177593409974283	177593438575012	177593409917981
177593430455325	177593455231992	177593430391523
177593444846783	177593471890689	177593444756158
177593464869960	177593488546731	177593464816419
177593478329700	177593505202824	177593478279075
177593503642981	177593521860117	177593503564127
177593515280117	177593538515585	177593515216367
177593529659804	177593555170741	177593529602252
177593550784596	177593571831262	177593550557512
177593560060794	177593588490636	177593560014023
177593582520481	177593605149283	177593582456939
177593596395585	177593621805168	177593596341471
177593621616210	177593638459231	177593621548502
177593625115846	177593655118554	177593625076158
177593644714648	177593671776835	177593644657356
177593673521992	177593705090428	177593673454960
177593691011835	177593721742564	177593680662460
177593711518294	177593738396105	177593711415377
177593725384179	177593755049960	177593725308762
177593741772512	177593771705012	177593741705325
177593779606210	177593805013971	177593779532877
177593800854752	177593821677304	177593800782721
177593816710741	177593838336106	177593816653814
177593843373033	177593871650012	177593843171054
177593858983398	177593888303554	177593858282304
177593907350585	177593938264959	177593907259960
177593924363450	177593954915897	177593912190898
177593941164179	177593971566262	177593941101679
177593959451731	177593988217876	177593958402408
177593978897929	177594004867459	177593978815689
177593995053814	177594021516730	177593994967252
177594033410481	177594054812095	177594033306627
177594048995012	177594071465273	177594048924596
177594076031575	177594104765324	177594075908293
177594091943293	177594121414387	177594085303554
177594107456366	177594138064491	177594096064231
177594125205793	177594154714387	177594118377877
177594140696314	177594171367564	177594126177668
177594167851731	177594188021157	177594167787981
177594177241471	177594204675584	177594177179335
177594192611418	177594221324908	177594192529491
177594210462564	177594237973866	177594210392408
177594234128137	177594254626002	177594234031887
177594241269283	177594271280012	177594240541418
177594279563970	177594304589699	177594279476418
177594299221002	177594321246470	177594299153189
177594311507929	177594337900115	177594311442200
177594331385741	177594354553502	177594331297304
177594347720116	177594371205845	177594347649804
177594360054491	177594387858554	177594359974231
177594389193970	177594421169074	177594389124595
177594407193658	9223372036854775807	177594405260898

=== poll 1790150893.653912985
16666666
177594490168554	177594521096053	177594488668189
177594506802043	177594537750741	177594493963554
177594524779543	177594554408917	177594524679908
177594541096210	177594571065949	177594529268502
177594557375950	177594587721626	177594548541366
177594573618606	177594604379908	177594561668502
177594590512616	177594621038710	177594590444700
177594607131470	177594637701834	177594601542929
177594623511366	177594654366366	177594610223241
177594641142772	177594671028918	177594630002460
177594658160168	177594687689647	177594641796835
177594674241887	177594704349960	177594664885324
177594689985897	177594721010428	177594674683606
177594706977877	177594737669646	177594703915116
177594723674439	177594754329126	177594712311418
177594740478189	177594770987720	177594725413033
177594756767564	177594787643084	177594746521054
177594773473710	177594804301417	177594764395168
177594790108710	177594820960272	177594774279804
177594808675949	177594837616782	177594808604595
177594828652512	177594854273606	177594828584022
177594860955116	177594887578970	177594860870012
177594885958241	177594904232303	177594885857981
177594891519387	177594920886678	177594890951001
177594935852095	177594954194282	177594935700324
177594945153189	177594970847667	177594945082720
177594972694856	177595004158397	177594972625481
177594990548658	177595020812824	177594976398710
177595006838814	177595037471157	177595005021418
177595023208033	177595054126990	177595009418137
177595041442720	177595070780324	177595041249283
177595056747512	177595087434647	177595052611366
177595074301522	177595104088344	177595066491470
177595090332095	177595120744907	177595085056887
177595109583762	177595137402876	177595096304439
177595127707720	177595154058345	177595127614074
177595144458762	177595170712199	177595144398293
177595171596939	177595204021939	177595171535116
177595190456783	177595220674491	177595178124335
177595207281262	177595237328137	177595192350324
177595223352616	177595253979855	177595214016366
177595240794178	177595270632512	177595225019960
177595256293658	177595287288136	177595246546418
177595273087460	177595303942719	177595259664491
177595289542772	177595320597251	177595284917147
177595306838137	177595337252251	177595306401210
177595358815376	177595387213866	177595358651001
177595374031314	177595403873084	177595369356158
177595389639855	177595420529282	177595375631783
177595416788397	177595437188501	177595416729230
177595426301470	177595453846573	177595426252928
177595449903397	177595470503240	177595449842408
177595464363553	177595487160689	177595464307199
177595481767512	177595503812980	177595481702408
177595489939595	177595520466574	177595489891105
177595516156574	177595537118553	177595516090741
177595526882928	177595553768552	177595526821991
177595550367876	177595570422980	177595550296574
177595564242616	177595587078709	177595564193970
177595576873241	177595603735688	177595576815376
177595599546522	177595620392094	177595599467512
177595609361522	177595637048553	177595609307616
177595626915585	177595653701938	177595626856157
177595644653449	177595670355168	177595644591730
177595660184543	177595687009855	177595660129751
177595679274907	177595703665949	177595679199907
177595700543241	177595720321209	177595700465324
177595709951835	177595736974386	177595709890220
177595725231105	177595753629387	177595725058605
177595749537980	177595770287563	177595749464074
177595759339803	177595786943292	177595759286574
177595778241209	177595803600845	177595778180376
177595792589387	177595820257407	177595792531209
177595810760584	177595836911886	177595810687772
177595824991001	177595853569074	177595824923345
177595842925845	177595870224959	177595842865428
177595857851470	177595886881000	177595857785949
177595875106730	177595903540688	177595875045741
177595895584803	177595920199074	177595895528501
177595915083709	177595936854074	177595915010741
177595928022251	177595953510375	177595927935689
177595955138293	177595986821104	177595955063397
177595972833709	177596003476365	177595960390428
177595989727824	177596020132199	177595976045532
177596006418970	177596036788761	177595994922459
177596022733761	177596053442615	177596018203136
177596039493918	177596070097772	177596029255324
177596056095845	177596086753918	177596040334699
177596072700220	177596103408604	177596062467511
177596089296053	177596120067563	177596074986782
177596106082251	177596136726209	177596096130845
177596122633032	177596153383240	177596118722355
177596139454751	177596170037198	177596125313293
177596155990376	177596186692980	177596139704543
177596172463814	177596203345740	177596168301366
177596189180845	177596219997928	177596174833084
177596206396626	177596236651053	177596194166313
177596223039907	177596253301625	177596215603866
177596239352043	177596269954543	177596231728136
177596255985063	177596286608396	177596240447043
177596272490116	177596303259699	177596267294803
177596288947563	177596319909594	177596274767980
177596305895428	177596336560271	177596295949074
177596322665116	177596353211573	177596318193032
177596338890116	177596369862251	177596323547459
177596355641366	177596386515688	177596345966626
177596372517147	177596403170531	177596357929438
177596388831261	177596419826209	177596377195949
177596406060011	177596436481313	177596390682824
177596423721574	177596453134334	177596418312980
177596440152876	177596469786677	177596436935220
177596455567303	177596486440063	177596446671365
177596472300376	177596503090219	177596456068657
177596488976626	177596519744230	177596483750584
177596505574334	177596536397615	177596501345272
177596522118345	177596553050532	177596512516626
177596539178865	177596569704854	177596525943188
177596555365897	177596586359646	177596545083136
177596572227199	177596603013500	177596556234438
177596588922199	177596619666990	177596588567980
177596605579699	177596636318032	177596594741418
177596621830793	177596652967303	177596610574699
177596639519542	177596669617875	177596623552407
177596656215584	177596686267354	177596650537876
177596677867667	177596702919438	177596677791157
177596690078761	177596719569698	177596690019855
177596713940167	9223372036854775807	177596713809803

=== poll 1790150895.954904859
16666666
177596690078761	177596719569698	177596690019855
177596713940167	177596736221521	177596713809803
177596728947980	177596752874437	177596728863553
177596751245063	177596769526105	177596751166834
177596776934126	177596802830896	177596776853084
177596790424022	177596819478865	177596790369803
177596812482772	177596836128188	177596812426990
177596827185584	177596852776000	177596827123970
177596858470167	177596886075219	177596858347042
177596872894803	177596902724854	177596868209855
177596889132355	177596919378083	177596878939438
177596917137303	177596936027355	177596917070115
177596930971574	177596952677927	177596930915532
177596949495897	177596969328812	177596949408969
177596955881209	177596985979594	177596955823605
177596986392042	177597002635011	177596986308449
177596990400324	177597019287614	177596990336574
177597005503553	177597035936782	177597005452928
177597031194386	177597052585062	177597031129334
177597044618657	177597069232302	177597044557094
177597072220167	177597102535479	177597072143344
177597094495011	177597119187615	177597094421157
177597115247199	177597135837146	177597115168032
177597124884594	177597152486782	177597124820219
177597150558813	177597169142407	177597150505219
177597161010688	177597185800635	177597160949646
177597182861886	177597202454698	177597182792251
177597189819855	177597219107251	177597189770271
177597220285792	177597252407458	177597220195532
177597238243761	177597269056833	177597222620584
177597254775949	177597285705739	177597239759959
177597271938813	177597302357719	177597268057251
177597289047719	177597319011833	177597281233136
177597305887876	177597335667302	177597305599178
177597328124490	177597352325114	177597327999386
177597352101521	177597368981886	177597352032042
177597356740063	177597385635635	177597356685740
177597378494438	177597402287406	177597378413292
177597401969542	177597418939698	177597401894594
177597412335063	177597435591521	177597412277511
177597428889594	177597452238865	177597428829073
177597448942823	177597468889646	177597448859803
177597461349230	177597485542406	177597461294855
177597497194073	177597518846000	177597497117563
177597510518917	177597535494073	177597510348292
177597534982198	177597552143708	177597534855688
177597545687459	177597568794646	177597545607823
177597558837875	177597585443500	177597558778657
177597573173032	177597602094958	177597573111834
177597588218344	177597618745479	177597588159178
177597622500428	177597652046886	177597622418500
177597652561730	177597668697980	177597652486417
177597663511417	177597685349593	177597663453292
177597679779542	177597702001573	177597679661157
177597694879750	177597718651782	177597694799125
177597713176157	177597735304594	177597713092563
177597723495323	177597751956417	177597723440427
177597747015636	177597768606781	177597746943969
177597770850584	177597801911156	177597770728240
177597789483396	177597818566208	177597781524230
177597805566469	177597835218709	177597805499907
177597900791521	177597918471156	177597900612615
177597915767980	177597935119073	177597915683500
177597936819177	177597968413396	177597936736052
177597954480063	177597985061156	177597940303396
177597971479542	177598001709958	177597964433709
177598001477563	177598018360739	177598001392823
177598009417719	177598035010948	177598009252823
177598029265896	177598051662927	177598029192823
177598045318084	177598068314541	177598045254907
177598060722563	177598084959437	177598060660375
177598075920323	177598101607406	177598075867927
177598096547094	177598118258136	177598096424386
177598113806625	177598134909229	177598113728188
177598129038709	177598151558447	177598128924177
177598143932823	177598168207042	177598143869490
177598161701104	177598184856104	177598161629594
177598174136990	177598201508187	177598174076781
177598196470167	177598218164385	177598196410740
177598213733500	177598234815114	177598213564125
177598237109906	177598268117041	177598236944334
177598255434334	177598284771208	177598250925688
177598271358709	177598301423760	177598262704229
177598287549802	177598318075323	177598280448604
177598304276938	177598334725323	177598297573604
177598320581365	177598351377406	177598306676365
177598337561261	177598368032667	177598336401521
177598354911781	177598384688917	177598353054490
177598371010271	177598401344697	177598358564594
177598387761677	177598417998865	177598378267667
177598404452875	177598434654698	177598391538552
177598420476208	177598451309125	177598409793552
177598437158448	177598467963031	177598423241625
177598454322094	177598484620688	177598439389594
177598470918240	177598501275687	177598465817198
177598487166729	177598517930792	177598472214958
177598503830583	177598534584176	177598493897563
177598520401469	177598551235166	177598508456938
177598536958448	177598567886156	177598524046313
177598554598083	177598584536365	177598547074021
177598570836573	177598601185739	177598558743917
177598586856990	177598617832978	177598584749802
177598604285844	177598634483551	177598597587771
177598621030479	177598651132302	177598610423396
177598637005531	177598667783604	177598624568448
177598654335167	177598684437770	177598648653969
177598670815896	177598701091624	177598669626365
177598687424906	177598717743968	177598673394802
177598708795219	177598734397771	177598708717771
177598730439646	177598751049385	177598730366573
177598754766417	177598784352718	177598754656208
177598779159125	177598801006000	177598779097979
177598794550479	177598817661052	177598794454229
177598813924594	177598834316103	177598813838083
177598823445271	177598850968655	177598823393448
177598839229906	177598867621000	177598839170531
177598857161833	177598884275791	177598857104333
177598876459125	177598900932979	177598876391000
177598897392250	177598917590270	177598897320844
177598904728135	177598934245530	177598904671885
177598924173292	177598950900999	177598924112094
177598941342458	177598967556051	177598941277667
177598954690844	177598984209958	177598954634750
177598982276469	177599000863447	177598982166260
177598993080635	177599017518343	177598993019177
177599003598031	177599034176780	177599003550687
177599033213917	9223372036854775807	177599033110323

=== poll 1790150898.279503608
16666666
177599127488239	177599150774749	177599127429646
177599139862146	177599167428708	177599139801521
177599162858292	177599184080218	177599162778656
177599175761937	177599200735062	177599175705583
177599189391521	177599217390114	177599189334125
177599209168917	177599234043760	177599209096833
177599228431781	177599250694541	177599228360219
177599249503031	177599267346468	177599249422614
177599253420531	177599283997978	177599253336573
177599278474541	177599300652302	177599278405687
177599291291625	177599317306937	177599291224541
177599314039281	177599333964489	177599313956833
177599323636833	177599350623083	177599323583812
177599345601989	177599367277666	177599345541781
177599362246364	177599383929541	177599362184541
177599374103239	177599400583656	177599374056104
177599397471364	177599417238239	177599397389125
177599404380062	177599433893291	177599404318135
177599432827614	177599450550218	177599432747250
177599437588344	177599467206260	177599436773969
177599454067198	177599483861103	177599454011625
177599476171416	177599500514228	177599476110010
177599490347250	177599517169853	177599490293343
177599514911677	177599533823187	177599514825062
177599524031260	177599550472978	177599523944750
177599541981833	177599567125582	177599541909489
177599557284073	177599583777302	177599557208916
177599571690583	177599600429958	177599571636729
177599589156468	177599617081885	177599589092666
177599625865062	177599650383968	177599625786156
177599639318812	177599667036885	177599639252823
177599674649177	177599700343134	177599674536208
177599692224073	177599716999697	177599692134437
177599714772614	177599733654385	177599714690948
177599729843500	177599750309072	177599729786156
177599744144698	177599766966885	177599744066833
177599764196468	177599783623499	177599764122406
177599774193916	177599800281937	177599774140948
177599794548083	177599816940843	177599794491885
177599814361520	177599833600583	177599814310687
177599836164281	177599866918186	177599836077979
177599853415166	177599883574177	177599839298187
177599870528552	177599900230687	177599860017250
177599886630218	177599916889176	177599874603708
177599902894020	177599933547562	177599891568760
177599919778031	177599950204749	177599905212666
177599935753968	177599966859906	177599922735427
177599952548239	177599983515583	177599938900583
177599969509958	177600000168708	177599954961833
177599985938812	177600016821780	177599978908708
177600002456520	177600033475635	177599991009489
177600019172197	177600050130739	177600005606833
177600036034177	177600066782092	177600034622302
177600052818500	177600083434020	177600044159072
177600069358812	177600100086260	177600058590166
177600086988187	177600116741260	177600085285010
177600102897770	177600133397249	177600089089854
177600119236468	177600150054124	177600112907302
177600136024958	177600166709905	177600125625062
177600152621416	177600183365634	177600148790374
177600169316833	177600200020478	177600153761833
177600186830635	177600216674801	177600186732093
177600202377093	177600233327614	177600193952458
177600219014541	177600249979280	177600204568239
177600235749333	177600266634280	177600226026156
177600252307406	177600283291208	177600248936312
177600269016520	177600299944801	177600253374906
177600285785583	177600316598030	177600280279177
177600303417718	177600333249436	177600294630114
177600319619281	177600349902457	177600309215479
177600335831364	177600366555686	177600323493343
177600352315947	177600383207301	177600343969385
177600369008604	177600399860739	177600355411885
177600385702562	177600416514958	177600379877510
177600402300426	177600433167718	177600388282354
177600419001729	177600449821728	177600411289072
177600435737041	177600466476571	177600421394281
177600452178760	177600483133238	177600447136312
177600469063135	177600499786519	177600458716833
177600485496104	177600516440842	177600470117197
177600502206729	177600533094645	177600489970218
177600519408187	177600549750895	177600511451260
177600536022979	177600566411520	177600523908343
177600552201937	177600583067457	177600541691520
177600569475062	177600599724176	177600555072354
177600586170739	177600616380790	177600582724749
177600602182770	177600633034696	177600589677510
177600619178031	177600649693707	177600606162926
177600635612353	177600666351885	177600620171885
177600652481364	177600683010165	177600646365374
177600668877353	177600699666676	177600658146676
177600699295114	177600716322562	177600699236728
177600704438031	177600732976728	177600704392301
177600734897458	177600766293915	177600734835010
177600753423656	177600782950166	177600737955114
177600769898343	177600799607561	177600756776572
177600785580478	177600816261780	177600770309697
177600802078030	177600832916780	177600788411728
177600818492770	177600849570530	177600803847093
177600842650791	177600866224020	177600842491676
177600856158083	177600882879645	177600856095687
177600873793603	177600899535478	177600873706416
177600891209280	177600916190269	177600891147666
177600909144280	177600932846311	177600909079280
177600935916155	177600966160530	177600935807770
177600952849541	177600982819124	177600939379749
177600969377145	177600999477301	177600953711676
177600985113551	177601016131780	177600969493447
177601001874280	177601032790895	177601000632457
177601018547041	177601049449697	177601015289853
177601035348655	177601066111780	177601019553343
177601052299853	177601082771885	177601041714385
177601068888916	177601099431207	177601054738760
177601085383187	177601116089437	177601069531155
177601102450635	177601132749593	177601100459020
177601118462562	177601149405738	177601104241676
177601167426780	177601199361415	177601167279489
177601186245947	177601216013187	177601177063655
177601202529905	177601232666676	177601197544072
177601218419697	177601249321259	177601202622614
177601235168551	177601265973916	177601231724072
177601251847353	177601282626415	177601238557926
177601268597145	177601299277405	177601262409437
177601285120478	177601315929905	177601268822562
177601321485009	177601349230634	177601321419957
177601345104645	177601365886259	177601345025166
177601363570582	9223372036854775807	177601363485895

=== poll 1790150900.610545639
16666666
177601374230582	177601399191155	177601374159124
177601394095895	177601415843916	177601394018499
177601404958864	177601432498967	177601404893603
177601428313812	177601449150842	177601428238759
177601438723186	177601465802249	177601438664072
177601483364801	177601515763498	177601483287145
177601501768707	177601532416207	177601500124541
177601518362718	177601549069905	177601509767093
177601535152093	177601565724957	177601530397145
177601551494853	177601582381050	177601543616311
177601568922405	177601599034384	177601560561416
177601585233707	177601615690634	177601575266624
177601601329541	177601632349384	177601593790895
177601618213499	177601649008030	177601603748030
177601634661832	177601665667717	177601619523499
177601651543759	177601682328811	177601645618655
177601668423343	177601698989124	177601667659697
177601695291155	177601715648706	177601695226103
177601713613343	177601732308758	177601713536832
177601719598551	177601748966050	177601719545218
177601739304593	177601765621988	177601739247666
177601760303030	177601782276467	177601760249957
177601769228707	177601798933707	177601769180582
177601800308395	177601832245895	177601800252561
177601818757301	177601848905634	177601804617093
177601834794124	177601865566311	177601824612301
177601851497666	177601882227613	177601838866520
177601867978863	177601898886623	177601863355634
177601884566884	177601915545530	177601873936624
177601901291624	177601932204175	177601889261207
177601917902145	177601948860582	177601909082301
177601935210790	177601965520478	177601935146468
177601954051468	177601982184800	177601953988707
177601969254488	177601998847457	177601969197978
177601989137665	177602015505790	177601989069332
177602003972457	177602032161519	177602003916520
177602030721676	177602048817353	177602030654332
177602047816155	177602065474696	177602047714697
177602058820738	177602082130946	177602058768811
177602068371624	177602098786155	177602068322926
177602099093967	177602115439124	177602099009176
177602104386207	177602132093394	177602104327874
177602124917613	177602148748863	177602124865738
177602148127874	177602165404800	177602148039905
177602154540113	177602182057405	177602154484436
177602168569853	177602198708967	177602168509697
177602195900113	177602215363863	177602195834280
177602213485374	177602232017925	177602213411988
177602225487457	177602248668186	177602225434020
177602245669488	177602265316779	177602245604592
177602254444697	177602281969436	177602254394905
177602291573759	177602315279279	177602291494801
177602307323238	177602331932092	177602307252301
177602329750842	177602348585373	177602329684228
177602335408499	177602365240165	177602335365582
177602361542561	177602381895581	177602361467769
177602368940009	177602398550217	177602368893811
177602390136311	177602415207352	177602390068186
177602409949905	177602431865164	177602409876728
177602418384436	177602448524280	177602418334124
177602451839280	177602481832300	177602451785113
177602467814228	177602498483498	177602456206519
177602484223499	177602515139228	177602469475061
177602501027405	177602531794644	177602489376572
177602517607092	177602548451571	177602502176832
177602534067978	177602565103237	177602518647561
177602550931467	177602581755581	177602545693342
177602568397561	177602598405269	177602562754384
177602584659957	177602615058342	177602570882509
177602601418134	177602631710581	177602589191415
177602618111884	177602648365165	177602615347769
177602634198394	177602665019905	177602624339019
177602651397561	177602681675164	177602651332717
177602674172405	177602698332300	177602674098186
177602688412092	177602714991779	177602688357301
177602715809384	177602748313133	177602715741780
177602734469957	177602764974175	177602734298342
177602773008082	177602798290113	177602772946571
177602795193655	177602814944436	177602795058811
177602814510634	177602831600894	177602814431884
177602818230113	177602848254592	177602817546207
177602841902613	177602864906467	177602841822040
177602853812561	177602881558706	177602853742040
177602872630634	177602898214279	177602872570321
177602889086728	177602914869279	177602889015373
177602904419905	177602931525477	177602904364957
177602919289853	177602948181519	177602919219905
177602946182405	177602964835060	177602946099332
177602951057873	177602981489279	177602951013498
177602968894123	177602998145946	177602968836050
177602984993342	177603014802144	177602984928290
177603010332561	177603031456623	177603010252300
177603019062873	177603048110790	177603018629071
177603051361259	177603081418915	177603051170738
177603067588603	177603098077404	177603056466571
177603083953186	177603114735738	177603074354280
177603100546259	177603131392821	177603089049228
177603120295686	177603148052768	177603120232821
177603142818707	177603164713289	177603142719540
177603153980009	177603181375061	177603153918707
177603179284384	177603198035685	177603179208655
177603190027873	177603214698602	177603189970425
177603208216623	177603231359591	177603208163863
177603229758082	177603248020216	177603229684436
177603238736259	177603264678810	177603238679488
177603271308290	177603297993341	177603271239123
177603289588707	177603314651727	177603289515582
177603303532717	177603331309123	177603303477300
177603325844852	177603347969487	177603325762977
177603349465269	177603381283549	177603349381988
177603368170113	177603397939748	177603354385269
177603384931259	177603414596935	177603384224644
177603404402352	177603431255997	177603404327873
177603426960946	177603447912040	177603426884957
177603438807821	177603464566206	177603438755998
177603462613186	177603481222404	177603462520113
177603480795582	177603497875685	177603480729644
177603485346727	177603514530477	177603485296832
177603508836727	177603531184436	177603508763394
177603527584644	177603547835946	177603527500061
177603539691832	177603564487509	177603539623759
177603570501154	177603597789122	177603570267300
177603594162873	177603614443758	177603594092404
177603604140998	177603631099956	177603604088967
177603629822665	177603647752248	177603629759800
177603636269800	177603664403758	177603636231727
177603661208967	9223372036854775807	177603661138967

=== poll 1790150902.914106315
16666666
177603661208967	177603681058654	177603661138967
177603673863029	177603697713185	177603673791050
177603694797613	177603714367144	177603694704852
177603704129331	177603731020217	177603704071154
177603719541102	177603747674070	177603719494696
177603742352925	177603764326206	177603742285529
177603753306467	177603780982456	177603753262300
177603781828811	177603814289071	177603781758342
177603800254331	177603830940112	177603791130946
177603816958342	177603847590060	177603807490477
177603833586519	177603864241518	177603819778029
177603850158238	177603880891935	177603841929956
177603867621988	177603897540685	177603853305425
177603884042508	177603914193549	177603880766519
177603900154436	177603930842560	177603885485425
177603916541467	177603947492300	177603903857508
177603933210061	177603964144643	177603926237873
177603949802404	177603980798706	177603940657144
177603966488550	177603997459435	177603957881519
177603983093081	177604014114591	177603968989175
177604000192144	177604030769122	177604000117561
177604018940790	177604047423758	177604018870998
177604039098967	177604064077768	177604039021206
177604054290946	177604080728550	177604054181623
177604080372040	177604097379591	177604080297040
177604085199852	177604114027664	177604085155685
177604103648758	177604130679799	177604103591258
177604127513081	177604147334539	177604127451050
177604136200529	177604163987248	177604136154175
177604162442404	177604180640424	177604162337560
177604175388915	177604197294435	177604175341363
177604187889123	177604213954175	177604187829175
177604203941883	177604230610425	177604203891258
177604231306519	177604263924435	177604231232196
177604250074748	177604280582091	177604235730529
177604266459227	177604297235164	177604250252613
177604286546519	177604313887403	177604286477873
177604323519540	177604347202248	177604323418029
177604333518862	177604363859435	177604332391727
177604349593342	177604380515112	177604335414904
177604366259071	177604397169748	177604353427977
177604383017821	177604413826153	177604369284071
177604399711258	177604430482664	177604390504592
177604416193602	177604447135373	177604409848602
177604432761467	177604463787559	177604418691519
177604449453290	177604480438341	177604443675217
177604466327404	177604497089227	177604454440998
177604483340581	177604513736257	177604476426154
177604500207456	177604530382768	177604483906675
177604516632092	177604547036570	177604503379539
177604533019956	177604563690737	177604530732144
177604549612039	177604580340008	177604535220477
177604566029956	177604596992716	177604549864800
177604587805842	177604613646726	177604587742300
177604610338289	177604630299175	177604610275946
177604629935217	177604646952247	177604629779279
177604633844852	177604663605476	177604633793133
177604650250998	177604680260997	177604650191571
177604679724592	177604696914227	177604679657612
177604684491727	177604713568914	177604684447248
177604699961779	177604730223237	177604699900425
177604743842821	177604763539382	177604743765998
177604761486466	177604780194695	177604761433185
177604777612144	177604796852664	177604777538706
177604785004435	177604813508653	177604784958446
177604803637404	177604830166466	177604803558966
177604824101519	177604846820945	177604824042039
177604834969591	177604863476935	177604834911779
177604854363498	177604880133550	177604854295581
177604868691987	177604896791101	177604868635373
177604907550737	177604930097872	177604907465894
177604925815685	177604946751153	177604925748029
177604949316779	177604980058185	177604949243341
177604982198758	177605013365320	177604982087300
177605000088758	177605030017404	177604986673914
177605016372248	177605046667143	177605012206154
177605032482404	177605063313133	177605018072768
177605049164643	177605079962977	177605033995633
177605081331675	177605113267247	177605081258602
177605099215789	177605129921466	177605088373185
177605115999018	177605146575372	177605103913602
177605133557039	177605163228706	177605120483393
177605149850998	177605179878132	177605139865164
177605165950529	177605196529799	177605152943810
177605182411258	177605213185007	177605173983706
177605199616518	177605229837038	177605199550633
177605218532925	177605246489643	177605218471466
177605252043654	177605279790164	177605251967039
177605269313758	177605296442820	177605269257612
177605288703498	177605313090789	177605288640685
177605300089643	177605329741935	177605300032873
177605323032873	177605346391987	177605322935581
177605340125841	177605363042247	177605340056362
177605354294748	177605379692976	177605354231466
177605383431518	177605412997820	177605383311779
177605400775633	177605429651362	177605400714747
177605419227925	177605446305268	177605419159695
177605437224539	177605462956934	177605437045164
177605458943029	177605479610476	177605458882560
177605485271779	177605512915320	177605485186466
177605499114591	177605529568393	177605488904331
177605516092247	177605546222924	177605506294852
177605532060633	177605562880060	177605519555112
177605548671310	177605579534070	177605540806779
177605565946310	177605596187872	177605556149383
177605584791727	177605612839487	177605584713654
177605603988029	177605629489643	177605603932247
177605624700945	177605646145216	177605624632456
177605635136310	177605662802767	177605635086727
177605653399747	177605679461361	177605653336883
177605669750841	177605696121205	177605669685477
177605683589539	177605712777195	177605683519018
177605710816466	177605729434903	177605710737247
177605727614279	177605746094903	177605727544591
177605734139643	177605762748706	177605734080164
177605766053654	177605796060945	177605765957716
177605781981570	177605812716465	177605770346102
177605799448133	177605829372351	177605799087872
177605824725476	177605846028184	177605824644591
177605844247508	177605862682455	177605844178133
177605848775268	177605879338445	177605848726987
177605874690685	177605895996362	177605874609956
177605893915372	177605912651257	177605893843341
177605903619799	177605929304851	177605903562716
177605930643341	177605962617298	177605930584904
177605948619695	177605979275163	177605934817924
177605965095997	9223372036854775807	177605949048862

=== poll 1790150905.227372199
16666666
177606131787091	177606162496413	177606118913289
177606152306101	177606179154330	177606152218289
177606169537456	177606195810267	177606169466987
177606183536987	177606212467924	177606183484799
177606217279956	177606245785788	177606217183810
177606232503549	177606262442143	177606224495893
177606249124383	177606279096152	177606239381726
177606265198601	177606295751569	177606251049643
177606281909070	177606312402976	177606274302768
177606298068341	177606329055528	177606283976622
177606315257091	177606345707195	177606310698393
177606331518028	177606362360841	177606327578966
177606348208914	177606379012403	177606334273341
177606364908966	177606395664903	177606354090476
177606381518341	177606412319590	177606370663341
177606399510372	177606428976466	177606399436101
177606419219226	177606445632091	177606419140372
177606448123080	177606478937195	177606447997299
177606466096153	177606495593496	177606458144226
177606481694487	177606512248236	177606471402612
177606497968080	177606528904226	177606489382403
177606514554851	177606545559747	177606504680476
177606531278289	177606562212767	177606518469539
177606548149174	177606578871153	177606540777768
177606564733132	177606595526153	177606562431674
177606582245841	177606612183236	177606565469487
177606598701310	177606628841309	177606586704591
177606614895216	177606645499122	177606600524643
177606632461310	177606662153966	177606619400789
177606649072924	177606678808393	177606634315945
177606664750112	177606695464538	177606649561153
177606681294643	177606712117507	177606665023289
177606698015632	177606728769226	177606689618289
177606714722247	177606745418862	177606703795112
177606731056153	177606762067767	177606719782559
177606747694591	177606778718705	177606734081570
177606764631674	177606795369486	177606755549643
177606781332716	177606812024382	177606774462559
177606798260372	177606828678132	177606788519070
177606814475059	177606845333341	177606809777559
177606830930372	177606861990476	177606818817716
177606850928497	177606878646049	177606850866466
177606874169799	177606895297819	177606874094903
177606884106205	177606911952454	177606884055112
177606904163341	177606928607559	177606904103549
177606920389695	177606945261830	177606920332872
177606937111101	177606961919486	177606937033236
177606950508080	177606978578288	177606950448601
177606969194747	177606995236778	177606969129591
177606983866934	177607011894486	177606983781153
177607009743653	177607028555371	177607009675736
177607021069955	177607045213340	177607021009122
177607039733080	177607061870631	177607039661778
177607052858236	177607078526152	177607052799851
177607069586205	177607095177767	177607069525164
177607084501882	177607111833601	177607084429486
177607098254226	177607128493496	177607098205111
177607127015632	177607145153392	177607126920841
177607134907195	177607161814746	177607134847143
177607148892143	177607178473392	177607148834591
177607169716361	177607195130840	177607169660841
177607183696466	177607211788444	177607183645528
177607207354434	177607228447455	177607207278184
177607221256049	177607245102611	177607221204955
177607241248497	177607261760840	177607241169174
177607248957455	177607278419122	177607248907455
177607271131726	177607295076673	177607271076518
177607289367924	177607311734850	177607289284122
177607298702038	177607328392611	177607298633861
177607331714747	177607361706517	177607331649122
177607347592455	177607378362142	177607341658445
177607364244434	177607395016309	177607355198080
177607380879382	177607411673757	177607369089538
177607397637924	177607428328132	177607386536622
177607414089590	177607444983548	177607399221413
177607430875840	177607461640319	177607419176101
177607447530528	177607478292142	177607442809330
177607464431986	177607494944069	177607449441205
177607481394382	177607511597663	177607469301049
177607497709643	177607528251830	177607487748445
177607513992195	177607544909902	177607502664070
177607530778080	177607561562559	177607528108080
177607547459695	177607578215163	177607538235424
177607564141882	177607594870424	177607554732559
177607580650580	177607611526622	177607572054538
177607597313340	177607628180997	177607584694695
177607614301726	177607644836622	177607609957820
177607630566622	177607661491517	177607614607976
177607647183445	177607678149798	177607636376205
177607664100215	177607694803653	177607650713080
177607680703340	177607711457663	177607672181830
177607697964695	177607728110631	177607683778288
177607714526517	177607744765163	177607706319955
177607730643705	177607761418392	177607717098236
177607747169330	177607778070631	177607733437507
177607763706309	177607794727559	177607748401986
177607780396726	177607811388704	177607774419017
177607797091257	177607828048965	177607783501674
177607813915424	177607844711413	177607804830944
177607830768861	177607861372559	177607824699069
177607847336569	177607878030580	177607842442455
177607864048028	177607894689590	177607853348080
177607880489538	177607911351465	177607866482715
177607897002611	177607928011309	177607889946882
177607914451674	177607944668444	177607899387976
177607930722611	177607961326413	177607921153757
177607947067924	177607977983444	177607943581986
177607963740319	177607994639485	177607948464747
177607986029121	177608011291882	177607985965944
177608012553444	177608044600735	177608012393861
177608030700007	177608061258339	177608015446517
177608047322715	177608077914590	177608033913861
177608063706986	177608094569121	177608048218184
177608080371986	177608111222975	177608072101153
177608096937976	177608127872767	177608085913288
177608113673757	177608144523861	177608104560163
177608131198861	177608161178861	177608121614799
177608147726934	177608177831569	177608139551205
177608163798236	177608194485059	177608159234174
177608180421465	177608211138913	177608164881257
177608197021517	177608227793183	177608181642351
177608213443757	177608244447246	177608198867194
177608230326465	177608261098912	177608223638392
177608246949903	177608277749746	177608235279017
177608263843913	177608294405215	177608263226465
177608280419590	177608311063912	177608269325528
177608297002871	9223372036854775807	177608280474538

=== poll 1790150907.567133188
16666666
177608131198861	177608161178861	177608121614799
177608147726934	177608177831569	177608139551205
177608163798236	177608194485059	177608159234174
177608180421465	177608211138913	177608164881257
177608197021517	177608227793183	177608181642351
177608213443757	177608244447246	177608198867194
177608230326465	177608261098912	177608223638392
177608246949903	177608277749746	177608235279017
177608263843913	177608294405215	177608263226465
177608280419590	177608311063912	177608269325528
177608297002871	177608327721985	177608280474538
177608313670163	177608344379069	177608304609173
177608331008028	177608361033288	177608320877351
177608347347298	177608377691048	177608337355736
177608364109955	177608394350423	177608349790944
177608393598392	177608411011256	177608393512923
177608415244903	177608444326777	177608415181361
177608442425580	177608460981100	177608442323392
177608452317819	177608477635839	177608452258809
177608471038080	177608494291152	177608470947715
177608485275423	177608510943235	177608485200111
177608502044538	177608527594954	177608501933496
177608553966153	177608577551464	177608553881413
177608570467350	177608594202559	177608570412507
177608590324590	177608610857506	177608590262142
177608605740944	177608627514693	177608605675267
177608623345736	177608644171777	177608623273184
177608639574746	177608660827506	177608639520528
177608648628080	177608677481204	177608648556621
177608708232923	177608727435631	177608708135736
177608730221309	177608760746048	177608730154017
177608755487663	177608777406100	177608755419746
177608763653236	177608794063183	177608763604225
177608794883652	177608827368392	177608794795319
177608813889902	177608844020631	177608800284173
177608829752715	177608860672245	177608819035267
177608867469329	177608893979642	177608867401152
177608883735840	177608910635215	177608883658027
177608913119486	177608943947193	177608913023184
177608929904329	177608960604225	177608922695840
177608946989017	177608977259120	177608936250892
177608963039954	177608993914590	177608956344538
177608979922090	177609010573704	177608964441986
177608996809538	177609027235059	177608984226413
177609029211048	177609060552193	177609029109329
177609047532507	177609077207610	177609047457767
177609064316048	177609093864746	177609064260111
177609085837038	177609110520527	177609085777454
177609101266621	177609127177297	177609101199798
177609120303548	177609143835839	177609120226048
177609139478444	177609160495527	177609139339329
177609157578965	177609177154746	177609157459954
177609177439434	177609193812766	177609177260736
177609187735788	177609210467610	177609187674069
177609202696986	177609227120423	177609202648652
177609220159121	177609243770736	177609220087767
177609234252298	177609260425267	177609234189746
177609248981569	177609277082506	177609248930631
177609268088861	177609293737245	177609268038496
177609286073236	177609310393599	177609286022402
177609309013600	177609327050527	177609308900267
177609335606986	177609360359746	177609335506308
177609346314850	177609377016672	177609339722819
177609362843079	177609393674954	177609349389173
177609379838496	177609410331881	177609364658131
177609400562298	177609426987194	177609400459225
177609413865006	177609443643078	177609413465683
177609435031933	177609460300474	177609434963861
177609455629642	177609476953912	177609455542090
177609469653600	177609493608079	177609469576829
177609483302038	177609510263912	177609483248131
177609509413861	177609526920943	177609509345631
177609535154798	177609560234276	177609535099954
177609553274173	177609576890475	177609553219121
177609565726048	177609593549224	177609565663808
177609591868496	177609610213652	177609591807142
177609602551829	177609626870787	177609602505006
177609619671413	177609643527037	177609619603860
177609636991777	177609660181932	177609636919173
177609647988288	177609676837558	177609647926048
177609668024277	177609693493860	177609667876048
177609681792454	177609710148339	177609681729277
177609703660527	177609726804485	177609703612090
177609713868548	177609743463600	177609713805058
177609729555631	177609760122766	177609729503392
177609766415267	177609793437662	177609766351256
177609790056881	177609810097089	177609789999173
177609801193860	177609826754902	177609801134850
177609829531621	177609860066725	177609829456100
177609846201204	177609876724693	177609834435475
177609863717350	177609893381360	177609863236412
177609912735267	177609943354537	177609912660527
177609929428860	177609960013391	177609925636152
177609945856517	177609976674485	177609930393600
177609962768287	177609993335735	177609948466048
177609979387714	177610009999172	177609964030267
177609998531881	177610026663443	177609998466725
177610025062246	177610043325578	177610024973808
177610029573496	177610059988443	177610029530162
177610054126673	177610076649901	177610054047089
177610069533756	177610093311412	177610069467819
177610091041152	177610109972558	177610090974902
177610104088652	177610126633443	177610104031517
177610123997246	177610143297922	177610123944642
177610145324642	177610176625995	177610145242246
177610162622662	177610193292246	177610148722767
177610179249954	177610209957818	177610171727298
177610195690527	177610226620422	177610180670110
177610212467402	177610243280683	177610201077089
177610229312402	177610259943287	177610219813964
177610245948183	177610276600735	177610245688808
177610265117819	177610293257298	177610265055683
177610284209433	177610309917505	177610284146464
177610326311048	177610343235371	177610326226621
177610330745371	177610359895787	177610330700214
177610357023652	177610376552974	177610356940162
177610378900214	177610409864849	177610378815266
177610395944068	177610426517714	177610388054589
177610413151985	177610443169537	177610403455162
177610429365162	177610459822557	177610417660214
177610445396464	177610476475839	177610429530058
177610492608339	177610509785735	177610492525579
177610496208027	177610526442089	177610496164746
177610517552506	177610543097506	177610517461048
177610544114277	177610576408026	177610544028443
177610562527246	177610593066412	177610549253339
177610580039173	177610609726880	177610579296777

=== poll 1790150909.873070583
16666666
177610378900214	177610409864849	177610378815266
177610395944068	177610426517714	177610388054589
177610413151985	177610443169537	177610403455162
177610429365162	177610459822557	177610417660214
177610445396464	177610476475839	177610429530058
177610492608339	177610509785735	177610492525579
177610496208027	177610526442089	177610496164746
177610517552506	177610543097506	177610517461048
177610544114277	177610576408026	177610544028443
177610562527246	177610593066412	177610549253339
177610580039173	177610609726880	177610579296777
177610635939537	177610659709380	177610635819068
177610653647141	177610676370006	177610653512089
177610663850683	177610693030006	177610663791152
177610680910110	177610709690213	177610680848548
177610699613079	177610726347193	177610699552454
177610718355110	177610743004536	177610718271360
177610729596308	177610759662402	177610729154798
177610751109954	177610776320995	177610751022975
177610784087870	177610809635422	177610783987141
177610805398912	177610826293442	177610805329381
177610815916673	177610842952975	177610815857454
177610830344485	177610859611307	177610830279329
177610848954485	177610876270370	177610848882506
177610863835422	177610892929276	177610863768495
177610890077350	177610909586568	177610889976881
177610899639016	177610926243026	177610899571516
177610961830266	177610992871672	177610961745943
177610979597037	177611009529381	177610967923131
177610996026881	177611026186307	177610985660787
177611019917037	177611042844224	177611019822870
177611029204902	177611059504902	177611029146360
177611054677506	177611076165578	177611054573599
177611064349954	177611092823547	177611064283131
177611124041308	177611142797349	177611123939381
177611140694693	177611159457610	177611140631099
177611152363652	177611176118755	177611152297870
177611171964902	177611192782609	177611171888756
177611184898547	177611209442870	177611184838756
177611203668495	177611226099692	177611203581672
177611214310995	177611242755839	177611214242245
177611235235110	177611259414485	177611235157193
177611248684954	177611276073026	177611248617506
177611307285995	177611326043755	177611307184797
177611315083183	177611342701203	177611315036776
177611330365474	177611359359589	177611330295683
177611356765318	177611376016776	177611356686256
177611362932974	177611392672297	177611362638131
177611380046829	177611409327713	177611379967974
177611398991308	177611425981151	177611398918599
177611417925526	177611442634432	177611417823495
177611453965735	177611475941776	177611453891151
177611469880422	177611492598651	177611469819068
177611484297506	177611509253546	177611484239953
177611506244641	177611525910474	177611506182974
177611520219849	177611542568494	177611520156933
177611544464224	177611575884484	177611544378495
177611562466724	177611592542505	177611549256776
177611579773287	177611609201932	177611579400474
177611640478651	177611659180734	177611640396828
177611660737401	177611692490213	177611660653912
177611678699485	177611709143391	177611665349745
177611695383235	177611725798703	177611682830891
177611711706255	177611742455838	177611701026568
177611728485110	177611759110474	177611713929016
177611745062558	177611775767505	177611744044641
177611761483183	177611792424484	177611748839641
177611778061099	177611809080995	177611763394068
177611795543339	177611825739588	177611787231047
177611812100683	177611842400057	177611801246360
177611828509849	177611859060578	177611823945370
177611844941203	177611875721359	177611828986933
177611861519433	177611892380786	177611849206620
177611883675683	177611909035786	177611883575787
177611907434849	177611925689536	177611907362089
177611914260422	177611942345214	177611914199328
177611948285110	177611975654744	177611948211099
177611973381776	177611992308286	177611973319068
177611981111672	177612008962141	177611981049849
177611999514537	177612025614119	177611999459432
177612018858287	177612042268078	177612018791307
177612040266620	177612058923182	177612040096412
177612048870891	177612075579172	177612048815682
177612063736985	177612092236671	177612063673599
177612089696828	177612108894849	177612089609797
177612100260162	177612125553963	177612100198443
177612132306620	177612158868964	177612132237245
177612148287766	177612175530005	177612148220162
177612175108703	177612192189120	177612175014641
177612185665162	177612208850734	177612185593651
177612211415526	177612242171255	177612211328912
177612228641412	177612258830734	177612228356307
177612259888234	177612292151411	177612259763391
177612278268807	177612308813338	177612263365995
177612294450995	177612325470838	177612284016151
177612311560734	177612342128442	177612306531412
177612328182662	177612358786151	177612320803547
177612345544745	177612375445681	177612345470422
177612361282974	177612392102401	177612348699380
177612378158234	177612408755943	177612372356411
177612395043026	177612425409327	177612378814432
177612434502297	177612458714380	177612434286047
177612450201203	177612475364588	177612450145266
177612473365318	177612492012765	177612473289849
177612478432349	177612508663234	177612478384797
177612505310891	177612525314536	177612505227141
177612514233234	177612541968130	177612514176099
177612529147089	177612558620630	177612529075422
177612549679953	177612575273129	177612549610734
177612589198286	177612608579432	177612589088495
177612605719380	177612625234536	177612605651932
177612617664484	177612641888130	177612617606724
177612631284172	177612658541359	177612631230318
177612653125526	177612675194848	177612653052922
177612671322036	177612691848702	177612671233182
177612692188495	177612708503702	177612692111776
177612696053547	177612725157609	177612695987974
177612763680109	177612791775318	177612763590109
177612783590682	177612808430421	177612783523911
177612800859068	177612825085005	177612800791307
177612823399276	177612841738078	177612823315318
177612829037245	177612858391254	177612828985578
177612849248651	177612875047974	177612849177193
177612863959068	177612891704432	177612863900474
177612879820995	177612908360422	177612879762661
177612917538026	177612941673963	177612917467818
177612935576620	9223372036854775807	177612935496776

=== poll 1790150912.181786624
16666666
177613044720422	177613074927973	177613029445578
177613061052870	177613091580474	177613049040838
177613077445578	177613108236567	177613075128963
177613094434172	177613124892921	177613083128755
177613110918390	177613141550838	177613097780734
177613127585942	177613158206359	177613122421515
177613144226151	177613174863390	177613129971984
177613160967088	177613191520525	177613147199172
177613177184536	177613208177661	177613164930942
177613193881724	177613224832140	177613179516099
177613218431567	177613241485734	177613218363755
177613240341307	177613258138025	177613240192088
177613251477192	177613274795578	177613251401307
177613275856672	177613308112296	177613275777192
177613294684484	177613324768650	177613279518859
177613310870994	177613341425264	177613298210526
177613327238234	177613358082504	177613311618651
177613344498286	177613374739171	177613329208130
177613361212609	177613391394535	177613349174797
177613377240422	177613408047452	177613370687817
177613393956932	177613424700577	177613386624588
177613410436880	177613441352609	177613394718130
177613427524224	177613458003911	177613414078442
177613443786203	177613474657973	177613428999536
177613460921151	177613491311255	177613449784171
177613478623390	177613507964901	177613466211099
177613494379119	177613524615786	177613479730369
177613510364276	177613541267921	177613503851151
177613526772453	177613557919848	177613513788546
177613544897713	177613574570212	177613544838390
177613560395213	177613591222401	177613554300369
177613578055630	177613607878807	177613577980109
177613593896046	177613624533703	177613587967817
177613610554796	177613641187713	177613593919171
177613627202609	177613657839432	177613620258546
177613643648234	177613674496984	177613635519171
177613660450369	177613691156462	177613653005474
177613676990682	177613707818077	177613674483859
177613694064744	177613724477973	177613678782921
177613710779953	177613741136879	177613699723182
177613726964380	177613757790004	177613722664744
177613743189848	177613774446150	177613728037609
177613760065109	177613791101984	177613749059067
177613777020786	177613807756619	177613765808911
177613793523026	177613824413025	177613778963130
177613810080526	177613841069380	177613795008963
177613826961619	177613857725837	177613814160057
177613843405682	177613874383493	177613829693807
177613860427557	177613891038337	177613849979484
177613876846411	177613907693182	177613869500161
177613893460682	177613924347869	177613889752296
177613910660109	177613941003858	177613898745421
177613927470265	177613957659275	177613915217817
177613944045005	177613974317244	177613943524015
177613964161463	177613990978390	177613964104640
177613989474328	177614007636618	177613989380786
177613994022973	177614024292557	177613993810890
177614031809432	177614057604015	177614031741150
177614055059328	177614074262348	177614054986203
177614069422244	177614090917973	177614069344015
177614078627557	177614107571723	177614078566984
177614108225369	177614124226202	177614108137088
177614114226359	177614140883754	177614114176775
177614129106463	177614157536671	177614129044327
177614144701098	177614174192243	177614144602817
177614164194484	177614190850733	177614164124015
177614190674848	177614207507140	177614190608130
177614195157765	177614224168129	177614195091098
177614213999484	177614240823702	177614213935005
177614236974952	177614257478807	177614236909952
177614245373338	177614274130577	177614245321463
177614268269432	177614290783025	177614268199327
177614285016567	177614307437972	177614284934275
177614294036827	177614324091097	177614293986359
177614331045942	177614357395577	177614330969744
177614347079952	177614374049431	177614346927400
177614364155161	177614390703702	177614364087452
177614382223702	177614407359484	177614382156254
177614395622609	177614424013754	177614395557140
177614414525317	177614440666462	177614414472504
177614433595629	177614457318024	177614433524796
177614454614275	177614473970004	177614454546307
177614463406098	177614490622817	177614463351046
177614480811619	177614507277296	177614480750161
177614496793025	177614523927868	177614496728077
177614514453702	177614540582608	177614514388182
177614534573129	177614557235525	177614534515473
177614546289119	177614573888233	177614546221931
177614564198077	177614590543285	177614564138859
177614583672140	177614607195889	177614583615681
177614595799327	177614623852504	177614595749588
177614613718806	177614640508337	177614613647244
177614636043234	177614657159535	177614635953442
177614653063077	177614673808285	177614652966254
177614665395577	177614690457712	177614665346671
177614679158129	177614707107556	177614679108442
177614699785004	177614723754691	177614699692869
177614717031098	177614740402504	177614716950004
177614734816202	177614757052347	177614734747556
177614753973442	177614773703337	177614753902556
177614763774796	177614790354847	177614763715421
177614780253233	177614807004588	177614780205629
177614795696879	177614823659743	177614795624223
177614815825994	177614840314535	177614815747713
177614831476411	177614856967348	177614831426306
177614845879952	177614873618285	177614845822869
177614866683442	177614890270785	177614866610265
177614883538233	177614906924170	177614883470942
177614893844119	177614923577452	177614893784640
177614945712661	177614973538858	177614945628129
177614969969848	177614990192973	177614969879900
177614989622556	177615006847973	177614989564796
177614993487140	177615023504327	177614993447452
177615019983910	177615040159014	177615019890994
177615026765265	177615056811983	177615026424744
177615045008338	177615073466514	177615044927452
177615064310160	177615090121306	177615064245056
177615105451202	177615123429275	177615105379379
177615116391619	177615140086567	177615116337921
177615129954952	177615156741775	177615129897035
177615149838598	177615173395264	177615149765004
177615167423494	177615190049587	177615167348494
177615178386879	177615206704170	177615178319119
177615196230369	177615223359431	177615196175160
177615214045212	177615240018181	177615213977556
177615244626775	177615273331670	177615244562869
177615266023337	9223372036854775807	177615265953077

=== poll 1790150914.517026050
16666666
177615344194952	177615373251045	177615344098025
177615364375733	177615389903546	177615364309692
177615379290056	177615406554015	177615379155837
177615404619744	177615423202973	177615404553962
177615414359744	177615439856045	177615414265317
177615436989223	177615456510473	177615436888598
177615445504692	177615473163962	177615445432608
177615466153181	177615489819222	177615466078650
177615478880889	177615506476566	177615478813598
177615502947556	177615523133389	177615502875733
177615510179483	177615539785472	177615510121514
177615544749848	177615573093233	177615544687035
177615578976098	177615606399587	177615578871306
177615592739900	177615623056618	177615589339587
177615609356202	177615639713441	177615593564796
177615630914327	177615656369379	177615630810317
177615644095421	177615673023753	177615644035316
177615676614119	177615706337451	177615676471879
177615692454587	177615722996879	177615681224639
177615708763129	177615739653128	177615700105994
177615725266566	177615756306983	177615719031983
177615742015056	177615772962347	177615730843389
177615758959223	177615789617764	177615749836306
177615775399171	177615806281514	177615768759119
177615792203910	177615822942608	177615780423754
177615808844535	177615839603597	177615799595629
177615825557296	177615856261982	177615814047556
177615842730108	177615872920473	177615829318546
177615859606202	177615889580576	177615848933702
177615875257452	177615906239430	177615863903962
177615895987087	177615922897815	177615895895421
177615913699743	177615939558129	177615913621775
177615938159535	177615956221306	177615938057504
177615948414379	177615972883858	177615948352087
177615963573962	177615989542815	177615963518858
177615985425681	177616006198233	177615985367400
177616002576879	177616022855264	177616002509535
177616012945368	177616039511462	177616012882296
177616033970316	177616056166879	177616033907556
177616059622139	177616089482191	177616059507868
177616078798077	177616106141410	177616078718962
177616100924483	177616122800160	177616100853754
177616118312452	177616139455525	177616118191202
177616128836775	177616156107816	177616128758650
177616151474535	177616172760733	177616151391514
177616169968754	177616189411306	177616169905577
177616178624379	177616206064482	177616178569014
177616195720785	177616222720889	177616195661931
177616214698493	177616239376618	177616214631462
177616228725889	177616256032660	177616228661306
177616250995420	177616272686826	177616250935577
177616274743181	177616305987711	177616274667868
177616292638910	177616322635211	177616278511983
177616309273285	177616339284534	177616306097556
177616325102868	177616355933858	177616311275837
177616341763858	177616372585264	177616329740004
177616358354483	177616389239795	177616343386983
177616375504066	177616405894326	177616366375525
177616391675733	177616422547086	177616384829795
177616408360837	177616439200368	177616393390368
177616425028650	177616455856149	177616410774483
177616441626306	177616472516722	177616429511045
177616458541827	177616489172504	177616443115160
177616475636410	177616505828701	177616464798493
177616491996879	177616522482087	177616479116462
177616508198024	177616539135732	177616493825629
177616524990524	177616555789117	177616516200056
177616541712764	177616572442347	177616535706983
177616558315160	177616589100211	177616543930472
177616575016670	177616605759587	177616573156149
177616591483754	177616622419118	177616579647504
177616608081983	177616639075576	177616597094795
177616624750420	177616655734378	177616614221514
177616641634327	177616672387191	177616629813597
177616658300108	177616689042035	177616648168962
177616674995420	177616705697920	177616660787399
177616692277660	177616722352868	177616684299535
177616708499899	177616739008337	177616693998233
177616724922243	177616755661513	177616717385681
177616741326045	177616772313701	177616728813962
177616758138806	177616788962659	177616754422347
177616774730160	177616805614169	177616759172764
177616791611722	177616822263701	177616778955629
177616808121045	177616838915264	177616801539587
177616824704222	177616855567191	177616815878024
177616841506201	177616872222815	177616833892764
177616858042087	177616888875889	177616843582504
177616875503597	177616905531149	177616874988441
177616894826618	177616922186983	177616894755889
177616919673441	177616938842399	177616919593233
177616928771879	177616955501045	177616928716722
177616960540628	177616988812347	177616960478597
177616984123128	177617005470212	177616984067087
177617008929899	177617038777660	177617008846878
177617029983233	177617055434065	177617029887712
177617043609535	177617072086357	177617043557608
177617066578701	177617088735316	177617066509743
177617075283076	177617105388076	177617075233545
177617094207972	177617122039795	177617094143545
177617109214691	177617138692816	177617109148701
177617131137295	177617155341045	177617131059795
177617154060264	177617171992295	177617153968285
177617158851462	177617188645472	177617158807816
177617182314222	177617205299378	177617182217660
177617194702347	177617221949430	177617194649274
177617226123076	177617255255993	177617226010524
177617241427660	177617271911305	177617235200628
177617257739743	177617288562503	177617246543076
177617274492764	177617305217555	177617259666983
177617291285003	177617321871253	177617291089170
177617310321358	177617338526409	177617310214691
177617335386410	177617355181357	177617335310941
177617347397243	177617371836200	177617347337712
177617369220993	177617388496045	177617369144639
177617378611410	177617405152034	177617378553649
177617394305993	177617421808024	177617394238024
177617408548076	177617438464847	177617408491878
177617435097035	177617455122138	177617435031462
177617452544430	177617471778232	177617452449743
177617459134535	177617488434743	177617459079274
177617486207660	177617505088545	177617486084951
177617502260941	177617521743701	177617502186826
177617508863753	177617538400107	177617508812816
177617538141514	177617555052815	177617538023441
177617544348597	177617571704795	177617544277295
177617559353389	177617588356409	177617559304430
177617579017816	177617605010003	177617578966566

=== poll 1790150917.025104591
16666666
177617994164482	177618021468388	177617994106045
177618012639639	177618038126565	177618012580159
177618029802451	177618054784117	177618029739899
177618054423805	177618071443283	177618054330263
177618058864743	177618088100627	177618058818284
177618087414638	177618104758544	177618087333909
177618092687399	177618121416617	177618092640993
177618113068128	177618138074378	177618112982243
177618139339378	177618171387867	177618139254795
177618157631878	177618188045575	177618149723909
177618174707972	177618204705940	177618166546513
177618191238909	177618221363492	177618187158128
177618207174743	177618238020575	177618192232191
177618223978753	177618254677502	177618208801670
177618240804274	177618271333649	177618239726513
177618257168440	177618287990055	177618244211670
177618273637451	177618304642711	177618263888076
177618290474951	177618321299273	177618288295159
177618307049690	177618337958128	177618301180732
177618323944326	177618354616669	177618314692295
177618341446409	177618371275888	177618330115055
177618357917086	177618387935211	177618346433909
177618374267086	177618404594899	177618359134795
177618390578545	177618421251409	177618380348440
177618407068284	177618437907138	177618396082138
177618424051097	177618454563856	177618419287972
177618440498076	177618471220783	177618432097711
177618457189118	177618487876825	177618444217763
177618473913805	177618504530784	177618459243440
177618490449847	177618521183492	177618479183492
177618507215159	177618537838752	177618502422295
177618523586201	177618554493961	177618507918180
177618540161774	177618571150367	177618538047711
177618557048753	177618587806513	177618555374795
177618573866357	177618604459742	177618564193336
177618591291201	177618621112450	177618585126045
177618607406253	177618637765472	177618595405628
177618623633024	177618654418232	177618618156722
177618640082034	177618671068284	177618624453336
177618656990888	177618687718909	177618644201878
177618673809951	177618704371356	177618667417034
177618690402190	177618721025888	177618674867920
177618706725472	177618737679117	177618694314794
177618723467242	177618754331721	177618714892763
177618740219690	177618770985263	177618730033544
177618757141930	177618787635471	177618751750836
177618773683336	177618804286773	177618762976878
177618789973909	177618820937971	177618774247711
177618807719899	177618837588596	177618802029169
177618823916669	177618854238388	177618815560836
177618839994482	177618870888128	177618834399013
177618856480992	177618887538180	177618843774794
177618873275419	177618904190315	177618868042711
177618890142503	177618920842034	177618877696201
177618907132815	177618937491096	177618894637086
177618923563857	177618954140054	177618908338440
177618939893649	177618970789690	177618923773753
177618956630107	177618987441669	177618944308596
177618973505992	177619004095731	177618967616096
177618990005263	177619020750054	177618974615524
177619007106044	177619037402762	177618999034169
177619023785784	177619054055835	177619018794951
177619040116357	177619070712659	177619026162034
177619056665003	177619087368856	177619048964690
177619073226096	177619104028857	177619059007242
177619089660003	177619120686148	177619074462294
177619106788336	177619137341773	177619096771253
177619123218180	177619153996877	177619109371721
177619139917503	177619170650366	177619135040784
177619156416513	177619187305158	177619143902398
177619173196044	177619203961356	177619165823805
177619189946773	177619220610679	177619187125576
177619206535211	177619237263283	177619198288492
177619223943596	177619253914585	177619209199169
177619240646982	177619270566981	177619232752503
177619256421201	177619287219637	177619243838544
177619273042503	177619303872190	177619259107763
177619289791982	177619320524273	177619281055836
177619306589742	177619337179012	177619299730628
177619323328596	177619353833908	177619308724273
177619339682815	177619370490315	177619331052607
177619356397815	177619387150991	177619343913492
177619372881200	177619403812190	177619369736305
177619389613128	177619420468752	177619378789690
177619406300784	177619437130159	177619395565992
177619423060315	177619453790002	177619409089534
177619440207763	177619470448283	177619425616617
177619456962659	177619487104742	177619449254794
177619472869898	177619503765628	177619462986721
177619489465836	177619520424950	177619480608440
177619505998700	177619537082762	177619499516669
177619522938075	177619553740835	177619517749169
177619539537503	177619570399377	177619523740836
177619556278544	177619587058387	177619551751044
177619572826565	177619603713908	177619559648388
177619589394430	177619620370471	177619576910159
177619606113857	177619637028804	177619594471669
177619623077763	177619653683596	177619619096773
177619639313596	177619670339950	177619623520575
177619657068127	177619686996824	177619650492190
177619673396825	177619703653961	177619663832815
177619689450055	177619720309221	177619679491044
177619706514586	177619736962294	177619696192086
177619722850575	177619753618231	177619709874794
177619739514898	177619770274794	177619724155002
177619756450419	177619786931200	177619744100836
177619772935992	177619803589793	177619764823127
177619789445940	177619820247866	177619773905263
177619805976617	177619836903231	177619799418492
177619822777398	177619853559377	177619809819638
177619839840627	177619870218283	177619832654534
177619856887711	177619886875575	177619849575575
177619873179065	177619903533856	177619859841096
177619889480575	177619920194325	177619883861825
177619905978023	177619936853857	177619894595888
177619922889638	177619953512137	177619922812815
177619939298440	177619970171252	177619927927138
177619955901982	177619986829325	177619943749794
177619972652346	177620003486929	177619965207242
177619989534169	177620020146460	177619974541565
177620006121773	177620036805783	177619991274950
177620022717659	177620053466199	177620008986044
177620039454221	177620070129325	177620037246409
177620056202450	177620086788543	177620044640263
177620073225992	177620103449638	177620062179429
177620089819325	177620120107138	177620075289742
177620105924898	9223372036854775807	177620094914221

=== poll 1790150919.372836309
16666666
177620239264742	177620270047137	177620229306356
177620255964586	177620286703544	177620244264898
177620272655940	177620303360627	177620264340679
177620290241408	177620320021095	177620276346148
177620306510471	177620336681460	177620299905315
177620322792294	177620353340470	177620309195471
177620339348179	177620370000106	177620332072346
177620355691356	177620386660835	177620340280263
177620372424846	177620403320054	177620360183127
177620389028388	177620419975887	177620387916565
177620406121773	177620436634794	177620398378440
177620422595627	177620453293960	177620414649117
177620439310419	177620469946252	177620425945471
177620455793960	177620486598752	177620449338544
177620472461044	177620503252762	177620458453648
177620489578023	177620519908022	177620486643335
177620506334585	177620536565522	177620494483335
177620522763440	177620553222033	177620508497815
177620539281721	177620569880314	177620529689742
177620555958179	177620586536773	177620552216773
177620572278492	177620603193804	177620557274690
177620588883127	177620619849897	177620575144742
177620605873335	177620636507085	177620602302190
177620622530002	177620653164637	177620613555419
177620639163388	177620669823387	177620629138283
177620655948492	177620686479481	177620649535419
177620672319898	177620703136928	177620658981929
177620689758492	177620719795262	177620689583804
177620705692867	177620736457867	177620699827502
177620723079117	177620753116200	177620719684794
177620739410262	177620769776616	177620723978023
177620755875367	177620786435053	177620745204429
177620772413908	177620803090731	177620763857450
177620789220315	177620819749741	177620773512085
177620810506512	177620836409325	177620810427658
177620824372450	177620853067866	177620824313648
177620853405940	177620869724898	177620853317710
177620861180419	177620886383856	177620861111929
177620875213596	177620903041355	177620875150627
177620899003179	177620919702189	177620898908231
177620908797919	177620936358595	177620908740575
177620923217085	177620953013752	177620923143960
177620948031773	177620969671147	177620947959064
177620964587398	177620986326304	177620964530002
177620984324064	177621002981147	177620984256096
177620994435783	177621019636877	177620994373700
177621020669742	177621052953439	177621020606929
177621039078804	177621069609845	177621036490835
177621055512294	177621086263387	177621041507189
177621072146252	177621102919324	177621059714325
177621088997606	177621119580418	177621074083596
177621105614585	177621136242345	177621090397606
177621122110783	177621152902553	177621108706460
177621139004741	177621169564168	177621125472085
177621156159950	177621186224376	177621149230939
177621172432919	177621202886095	177621158677294
177621188600054	177621219548804	177621185161304
177621205537346	177621236204220	177621200532866
177621222276825	177621252861460	177621213008908
177621238780679	177621269518023	177621229749533
177621255928908	177621286175731	177621244538596
177621272125471	177621302834637	177621264503127
177621288676252	177621319491147	177621275151460
177621305648023	177621336149272	177621295325679
177621322371043	177621352810678	177621314980262
177621338568023	177621369471147	177621323651616
177621355364064	177621386131981	177621352130835
177621372930210	177621402792866	177621366454950
177621389319741	177621419456303	177621385460054
177621405556252	177621436120834	177621391604325
177621422214168	177621452780835	177621406157033
177621438754898	177621469441252	177621429146877
177621455185731	177621486102033	177621443655627
177621472396148	177621502762450	177621460350471
177621488873804	177621519422710	177621480141356
177621505086148	177621536085366	177621493581981
177621526256252	177621552747657	177621526186148
177621549820366	177621569407970	177621549734481
177621563217606	177621586066928	177621563160418
177621576278439	177621602725262	177621576202293
177621604584793	177621636039220	177621604506252
177621622523075	177621652696095	177621609218856
177621638874273	177621669350470	177621632655418
177621655319012	177621686005730	177621640033023
177621675882658	177621702659532	177621675820679
177621694169429	177621719316616	177621694112918
177621714043023	177621735974845	177621713966356
177621728276460	177621752632762	177621728216148
177621745935991	177621769290053	177621745869950
177621769201304	177621785951043	177621769106668
177621773946043	177621802612450	177621773888127
177621794971252	177621819274845	177621794908387
177621808750731	177621835937814	177621808682866
177621844909637	177621869269740	177621844850106
177621860981147	177621885931667	177621860898647
177621879895575	177621902590626	177621879811720
177621888680366	177621919248074	177621888636408
177621910359585	177621935910575	177621910295783
177621936644116	177621969234689	177621936552762
177621955321408	177621985902241	177621943948752
177621971819220	177622002571356	177621957439897
177621988420679	177622019237501	177621974600418
177622005866616	177622035901095	177622004419689
177622022023127	177622052564897	177622014637293
177622038648491	177622069226981	177622033747710
177622055373699	177622085888855	177622038751564
177622072330106	177622102551824	177622064203335
177622088529220	177622119215418	177622077100522
177622105195106	177622135877501	177622094015835
177622121935054	177622152539793	177622109013074
177622138607345	177622169204429	177622124501616
177622155074897	177622185870939	177622139294793
177622177286616	177622202534480	177622177218283
177622192266460	177622219196511	177622192190731
177622209918022	177622235860001	177622209849949
177622229169012	177622252524115	177622229092293
177622250664793	177622269188647	177622250588022
177622258547814	177622285853074	177622258477397
177622275698439	177622302519428	177622275615054
177622294892345	177622319185261	177622294826408
177622345049324	177622369168803	177622344971199
177622358171356	177622385833282	177622358115731
177622382470210	177622402496668	177622382371356
177622391557137	177622419160053	177622391504741
177622406836772	177622435820991	177622406773178
177622423271095	177622452484376	177622423215470
177622444207606	9223372036854775807	177622444123022

=== poll 1790150921.738713339
16666666
177622555038178	177622585822605	177622539139428
177622571653022	177622602488022	177622560281460
177622588187501	177622619150990	177622586033283
177622606222189	177622635812188	177622589479064
177622628444637	177622652473438	177622628357449
177622649563126	177622669138490	177622649493699
177622661013751	177622685802553	177622660835939
177622678877866	177622702465782	177622678810314
177622689222397	177622719129428	177622689165105
177622708279741	177622735794116	177622708221616
177622728737189	177622752456355	177622728684220
177622749395574	177622769122501	177622749303595
177622758363126	177622785783282	177622758290991
177622788211512	177622819107970	177622788129168
177622805351720	177622835775001	177622792655418
177622821819272	177622852439063	177622809728387
177622839106355	177622869102084	177622829856095
177622855568282	177622885767553	177622842778491
177622871837189	177622902429845	177622858675835
177622888553335	177622919090470	177622874685157
177622905187501	177622935752762	177622896540314
177622921522241	177622952414532	177622908646824
177622946029949	177622969078230	177622945964376
177622961324949	177622985738491	177622961271095
177622986715522	177623019058022	177622986607241
177623005495105	177623035714584	177622994322605
177623021641772	177623052373698	177623008062241
177623038396147	177623069034011	177623023543855
177623055693803	177623085692501	177623039330939
177623072106147	177623102352865	177623059496720
177623088219480	177623119015939	177623074018595
177623104993022	177623135680261	177623099741251
177623121509793	177623152348281	177623109561512
177623138282501	177623169013230	177623136045157
177623154895105	177623185678074	177623139651095
177623171663699	177623202341199	177623160477084
177623192618543	177623219002605	177623192477032
177623205068491	177623235663750	177623203687814
177623221406876	177623252327084	177623206641720
177623257197397	177623285649011	177623257127293
177623271939845	177623302311823	177623270744584
177623288959949	177623318971928	177623275884168
177623305661616	177623335637813	177623292314011
177623321676980	177623352298073	177623314136355
177623338496668	177623368959063	177623338400834
177623364830105	177623385621407	177623364741407
177623377244011	177623402282761	177623377162709
177623398766772	177623418944688	177623398689116
177623414796980	177623435603333	177623414740261
177623430746824	177623452261771	177623430674897
177623447713647	177623468920001	177623447644584
177623459865678	177623485580678	177623459803126
177623480088230	177623502241927	177623479989897
177623490301720	177623518897448	177623490251303
177623509198699	177623535557657	177623509141459
177623529906095	177623552219532	177623529818647
177623539038907	177623568882240	177623538974636
177623574115678	177623602205365	177623574037241
177623597466355	177623618865574	177623597391251
177623611120209	177623635525678	177623611018647
177623624809272	177623652188022	177623624739793
177623642571668	177623668846719	177623642484532
177623658778751	177623685507657	177623658698803
177623680162866	177623702167761	177623680091720
177623697730313	177623718827708	177623697633803
177623705307032	177623735488334	177623705172032
177623730298074	177623752150990	177623730230938
177623742221563	177623768811719	177623742165834
177623765977136	177623785474636	177623765751355
177623771990053	177623802138438	177623771938126
177623795242813	177623818801250	177623795160938
177623808807240	177623835464948	177623808730313
177623835131095	177623852127293	177623835074636
177623839868438	177623868788907	177623839814480
177623860793699	177623885447084	177623860708595
177623877330626	177623902106407	177623877258022
177623894146720	177623918765522	177623894085365
177623915016199	177623935427292	177623914930626
177623924301095	177623952087865	177623924250105
177623947453386	177623968751146	177623947379115
177623959315053	177623985411980	177623959245782
177623990711251	177624018735365	177623990641407
177624014756772	177624035396875	177624014670417
177624024210574	177624052055157	177624024156199
177624040601355	177624068713958	177624040548751
177624059449220	177624085371250	177624059393386
177624084920678	177624102028282	177624084813959
177624094921511	177624118691302	177624094870261
177624109938907	177624135351407	177624109849532
177624123892761	177624152008906	177624123821720
177624150600886	177624168668698	177624150529115
177624166170053	177624185329792	177624165965678
177624188562917	177624218650261	177624188472761
177624204716980	177624235310156	177624194516303
177624221231667	177624251971303	177624209986928
177624237950782	177624268631823	177624229630365
177624255316615	177624285292344	177624254866563
177624292367032	177624318619219	177624292241876
177624304960574	177624335286928	177624298957865
177624321242865	177624351952344	177624308715678
177624338641615	177624368615260	177624338570678
177624366115365	177624385283281	177624366039219
177624382323542	177624401948802	177624382247501
177624393146719	177624418614010	177624393074324
177624405608907	177624435278229	177624405546407
177624425308751	177624451942084	177624425250313
177624458066928	177624485268282	177624457949376
177624471466042	177624501929375	177624465282709
177624487755469	177624518590417	177624476522396
177624519754584	177624551909219	177624519687449
177624537994688	177624568571510	177624529786511
177624558756303	177624585233646	177624558683334
177624573784480	177624601899063	177624573671303
177624588918594	177624618563646	177624588856928
177624620517240	177624651890521	177624620392761
177624638215886	177624668553281	177624623692865
177624654643646	177624685213541	177624647306771
177624671206355	177624701871927	177624669898334
177624687853490	177624718535886	177624673739636
177624710356042	177624735196355	177624710265469
177624725647605	177624751855521	177624725595365
177624744483386	177624768515834	177624744429532
177624759405209	177624785176458	177624759324323
177624773915157	177624801834688	177624773840209
177624799677865	177624818495364	177624799572917
177624814233542	177624835156823	177624814153178
177624834525521	9223372036854775807	177624834428438

=== poll 1790150924.084496880
16666666
177625004768073	177625035106197	177624989563959
177625020985261	177625051771770	177625008745678
177625037526302	177625068437239	177625025506563
177625054230000	177625085100625	177625049059271
177625070845313	177625101764271	177625060467552
177625087488490	177625118429843	177625079427032
177625104133490	177625135095938	177625094867865
177625120807813	177625151763437	177625106134792
177625137600157	177625168427239	177625124780000
177625154484792	177625185091406	177625149588021
177625170770052	177625201756302	177625159537813
177625187719532	177625218420885	177625184927240
177625204865105	177625235082500	177625193342657
177625221391771	177625251745885	177625209256719
177625237558542	177625268403542	177625227204636
177625254397813	177625285066250	177625246496667
177625270716615	177625301730781	177625258849011
177625287655521	177625318391823	177625274813802
177625304538542	177625335053177	177625297837396
177625321113386	177625351716770	177625305115417
177625337645157	177625368379114	177625328960886
177625354323959	177625385040729	177625350030938
177625370904011	177625401702604	177625364785573
177625387995729	177625418363333	177625384593386
177625405169271	177625435029375	177625388382604
177625421636927	177625451692240	177625419613907
177625437653021	177625468356615	177625424344219
177625454244948	177625485021614	177625450256667
177625470705781	177625501682812	177625467857813
177625487465521	177625518341615	177625474424948
177625504098177	177625535006198	177625489273959
177625520839844	177625551673437	177625511228490
177625537722448	177625568338438	177625525737656
177625554327552	177625585002447	177625548780104
177625570931354	177625601667187	177625555836198
177625587508750	177625618331563	177625573852031
177625604114584	177625634997552	177625600643646
177625621599844	177625651663021	177625605567188
177625638230781	177625668325677	177625630234479
177625654285834	177625684983958	177625638307448
177625670918959	177625701644531	177625665477552
177625691985208	177625718302864	177625691890677
177625706685886	177625734963802	177625706606875
177625724703281	177625751626926	177625724631250
177625744855990	177625768288542	177625744783125
177625754655990	177625784950260	177625754645990
177625784662188	177625801611770	177625784599427
177625794501823	177625818274479	177625794445208
177625814056823	177625834937448	177625813973229
177625823659688	177625851600312	177625823604375
177625844020521	177625868264115	177625843939792
177625867595573	177625884930729	177625867517083
177625873302240	177625901593594	177625873250729
177625890176302	177625918258177	177625890088542
177625908927031	177625934923645	177625908853021
177625923721771	177625951586510	177625923650990
177625952059688	177625968252188	177625951979896
177625965604792	177625984917239	177625965547500
177625982441042	177626001577656	177625982360000
177625988366198	177626018238072	177625988323542
177626011192917	177626034900729	177626011137604
177626029621094	177626051566770	177626029551719
177626039019583	177626068233385	177626038969323
177626061005052	177626084896718	177626060921927
177626073601510	177626101557969	177626073531927
177626102644740	177626134879583	177626102576302
177626121000990	177626151539948	177626113629115
177626137718229	177626168198646	177626126061094
177626155058229	177626184858437	177626154439687
177626175814896	177626201518176	177626175752396
177626193011302	177626218177708	177626192945052
177626210273906	177626234835676	177626210214896
177626229635260	177626251496406	177626229566510
177626244068594	177626268153385	177626243974479
177626259211094	177626284812291	177626259141042
177626287194427	177626318137187	177626287043490
177626304127812	177626334797291	177626291910000
177626320873125	177626351458385	177626312786302
177626337266406	177626368116666	177626323229531
177626353804271	177626384777968	177626339468854
177626370680312	177626401437656	177626358597135
177626387295208	177626418098593	177626380967239
177626404130312	177626434761666	177626398118802
177626420788698	177626451421354	177626409629219
177626437251510	177626468078437	177626423836042
177626453865052	177626484736926	177626449037917
177626471081094	177626501398541	177626458431198
177626487788125	177626518057499	177626475948229
177626504049219	177626534718749	177626494618385
177626520436979	177626551378072	177626508569427
177626542771979	177626568037760	177626542677760
177626565377083	177626584698125	177626565296927
177626583897812	177626601358020	177626583810000
177626587731979	177626618017551	177626587690052
177626605793854	177626634675520	177626605569531
177626631880312	177626651330416	177626631826146
177626645807291	177626667986822	177626645745416
177626664915781	177626684644948	177626664818489
177626675006719	177626701299270	177626674950833
177626692880104	177626717954426	177626692826875
177626706451198	177626734609739	177626706348021
177626730251302	177626751265104	177626730165885
177626743617135	177626767923541	177626743544687
177626754636302	177626784581614	177626754579375
177626783286041	177626801238176	177626783192448
177626795405677	177626817894062	177626795356718
177626817866771	177626834550312	177626817764218
177626829014635	177626851206145	177626828951458
177626844423698	177626867861301	177626844365989
177626861642864	177626884517134	177626861424948
177626882014948	177626901176249	177626881933177
177626888092448	177626917838228	177626887956250
177626909362239	177626934496249	177626909288906
177626923298437	177626951156406	177626923242968
177626964834271	177626984478801	177626964756562
177626976233333	177627001137655	177626976166198
177626992934948	177627017794843	177626992866562
177627004866562	177627034454114	177627004807239
177627024949479	177627051114739	177627024884010
177627044494479	177627067774478	177627044417968
177627056299635	177627084436353	177627056239635
177627074105781	177627101100520	177627074049479
177627088747135	177627117763436	177627088674010
177627107596406	177627134426406	177627107532916
177627129076510	177627151091197	177627129019218
177627144957500	177627167755520	177627144837864
177627154052239	9223372036854775807	177627153996250

=== poll 1790150926.406854431
16666666
177627265227500	177627284404843	177627265171250
177627282132604	177627301069530	177627282053072
177627288845781	177627317728332	177627288797135
177627308568125	177627334390311	177627308490885
177627326176145	177627351048906	177627326108750
177627341157604	177627367709114	177627341091354
177627363479322	177627384367864	177627363390937
177627371063697	177627401024375	177627371009375
177627391685677	177627417684061	177627391604895
177627403955364	177627434344062	177627403898697
177627425464895	177627451002447	177627425389687
177627449460624	177627467657551	177627449382499
177627453776770	177627484313228	177627453740624
177627475953749	177627500966874	177627475889687
177627491954583	177627517621874	177627491854374
177627509746927	177627534278072	177627509684531
177627523925156	177627550933644	177627523860468
177627542252916	177627567588593	177627542174010
177627554401041	177627584245363	177627554345677
177627583031093	177627600904738	177627582920989
177627593171041	177627617565416	177627593102395
177627603774999	177627634222863	177627603721822
177627629311718	177627650880051	177627629254479
177627639471927	177627667535051	177627639418802
177627668424791	177627700847707	177627668348229
177627687065416	177627717504218	177627673433229
177627704264374	177627734160468	177627704193437
177627724158281	177627750818436	177627724078489
177627745844791	177627767475988	177627745759843
177627762779010	177627784133280	177627762684270
177627774015520	177627800791093	177627773953906
177627789831510	177627817449530	177627789709895
177627819110416	177627850767655	177627819012760
177627836922551	177627867425259	177627828979270
177627853364062	177627884083644	177627843928854
177627870228697	177627900740416	177627869755885
177627889327447	177627917395728	177627889261614
177627915320833	177627934055103	177627915262291
177627925311978	177627950715832	177627925256093
177627947103801	177627967374895	177627947031666
177627954078645	177627984034895	177627954028333
177627984844114	177628017355624	177627984658697
177628003843645	177628034016249	177627990357812
177628019941406	177628050677811	177628014042239
177628036533020	177628067339217	177628023820364
177628058014322	177628083999895	177628057949687
177628080166301	177628100660468	177628080094478
177628094737708	177628117321509	177628094667655
177628104180364	177628133985155	177628104136978
177628125768749	177628150643176	177628125510208
177628144057968	177628167302394	177628143879114
177628154212395	177628183959426	177628154134635
177628174455989	177628200615259	177628174378020
177628187229270	177628217273905	177628187047030
177628207289114	177628233931300	177628207235833
177628230098749	177628250589478	177628230027968
177628245947812	177628267244270	177628245800260
177628253698905	177628283899374	177628253649166
177628279274635	177628300558489	177628279186770
177628289689218	177628317216613	177628289629583
177628308956353	177628333874686	177628308888697
177628321177812	177628350531561	177628321128020
177628348594062	177628367191457	177628348462395
177628359527187	177628383851509	177628359462135
177628373488697	177628400509530	177628373404114
177628389212135	177628417166562	177628389143957
177628420818749	177628450486300	177628420744791
177628436522135	177628467143280	177628425136249
177628453150051	177628483800624	177628439686562
177628469579322	177628500457603	177628453768697
177628486269166	177628517115259	177628475870989
177628503243020	177628533773384	177628497651666
177628519859739	177628550429009	177628509223697
177628536331614	177628567084738	177628523572291
177628552885364	177628583741561	177628538956301
177628569718176	177628600398332	177628555555051
177628586566822	177628617053853	177628573926614
177628603851093	177628633712238	177628603587812
177628631452030	177628650373592	177628631370364
177628638801353	177628667032811	177628638753489
177628654526666	177628683692811	177628654457447
177628673921978	177628700350207	177628673846509
177628690230832	177628717007811	177628690167812
177628711963697	177628733664582	177628711892812
177628724310937	177628750322134	177628724242395
177628746812968	177628766976196	177628746724426
177628753852603	177628783633644	177628753792916
177628785345624	177628816949113	177628785260624
177628803085468	177628833606301	177628801319999
177628820312343	177628850263071	177628805717811
177628836798020	177628866919009	177628824781666
177628852990259	177628883575415	177628845208332
177628869610468	177628900228801	177628862990051
177628886507759	177628916885155	177628876269634
177628902857811	177628933543436	177628894625416
177628919580259	177628950201405	177628903602030
177628942388905	177628966860102	177628942316353
177628960761353	177628983519061	177628960692655
177628981468645	177629000180207	177628981392655
177628987866978	177629016840884	177628987817759
177629005161770	177629033500519	177629005087291
177629022302186	177629050162707	177629022249530
177629044964582	177629066821509	177629044867186
177629064642916	177629083480832	177629064568853
177629074122134	177629100143904	177629074067030
177629100701561	177629116805520	177629100615520
177629105390728	177629133469374	177629105344218
177629128966561	177629150130311	177629128901718
177629138452343	177629166791561	177629138389322
177629163183228	177629183450623	177629163091770
177629175508697	177629200110311	177629175439009
177629189190780	177629216769582	177629189142655
177629209439582	177629233429426	177629209363957
177629223992759	177629250086561	177629223931509
177629256410051	177629283395571	177629256329843
177629280100676	177629300053696	177629280023332
177629289241978	177629316714790	177629289166822
177629310593697	177629333374530	177629310518332
177629329532134	177629350031301	177629329470884
177629339081561	177629366685676	177629339014582
177629362277134	177629383335519	177629362179009
177629373648280	177629399989999	177629373556665
177629405019634	177629433299061	177629404944374
177629426214478	177629449949999	177629426148020
177629440145415	177629466604217	177629440089165
177629454071561	177629483260883	177629453938436
177629474936040	9223372036854775807	177629474850780

=== poll 1790150928.735688493
16666666
177629519975207	177629549897655	177629519905207
177629555494374	177629583208436	177629555418488
177629579075624	177629599865780	177629578994530
177629588778540	177629616522811	177629588730415
177629610530988	177629633178019	177629610462707
177629629264999	177629649833852	177629629202915
177629641275363	177629666491248	177629641185832
177629661537811	177629683148332	177629661456561
177629674451197	177629699801613	177629674369947
177629699680624	177629716453384	177629699606197
177629709103488	177629733105884	177629709037186
177629724249530	177629749757341	177629724180051
177629743605624	177629766408852	177629743521249
177629755097915	177629783064946	177629755038280
177629778496978	177629799722030	177629778419269
177629788525311	177629816379582	177629788474634
177629812734165	177629833036717	177629812635988
177629823233801	177629849694737	177629823183436
177629838846092	177629866354790	177629838796509
177629860799009	177629883009946	177629860727290
177629881517915	177629899668540	177629881310363
177629889730676	177629916323696	177629889665988
177629912637446	177629932979633	177629912553019
177629923658592	177629949634582	177629923606457
177629943863801	177629966287238	177629943789842
177629960596561	177629982942915	177629960536509
177629973963176	177629999597759	177629973904217
177629999539686	177630016252185	177629999435519
177630010158384	177630032905623	177630010090884
177630024316144	177630049561716	177630024260051
177630039583749	177630066222133	177630039514894
177630053761509	177630082880518	177630053690988
177630079886144	177630099540987	177630079793957
177630088378801	177630116200362	177630088325467
177630132070780	177630149518748	177630131981353
177630146691040	177630166179634	177630146590988
177630167940103	177630199506717	177630167845936
177630185728332	177630216166873	177630171738436
177630202727186	177630232829321	177630189225363
177630218757134	177630249488852	177630209392342
177630235809009	177630266145675	177630224104113
177630252048436	177630282803539	177630244088592
177630268693748	177630299465206	177630253614530
177630295801092	177630316123487	177630295721405
177630310669269	177630332780832	177630310587707
177630330470728	177630349437602	177630330397915
177630335884686	177630366098488	177630335614790
177630356517394	177630382759581	177630356458280
177630375335728	177630399417967	177630375275207
177630394068280	177630416073540	177630393994842
177630404140936	177630432732446	177630404082655
177630438763384	177630466050935	177630438685832
177630459077863	177630482712654	177630459019269
177630475582290	177630499372134	177630475518696
177630492581457	177630516027497	177630492499790
177630510413800	177630532682862	177630510324894
177630526776248	177630549338227	177630526701144
177630546207707	177630565994113	177630546121144
177630553837759	177630582653800	177630553785936
177630602472238	177630632624060	177630602392342
177630618908696	177630649284164	177630615869373
177630635318540	177630665943748	177630620655727
177630653512550	177630682604008	177630652321561
177630681227602	177630699263175	177630681135155
177630689112498	177630715924581	177630689057602
177630708875363	177630732584841	177630708790623
177630724128175	177630749243643	177630724054529
177630775524061	177630799213383	177630775376665
177630791947238	177630815870258	177630791873540
177630810036561	177630832529529	177630809949738
177630827905675	177630849187706	177630827796769
177630838249321	177630865850206	177630838188540
177630853063748	177630882512394	177630853001352
177630874079894	177630899175102	177630874024529
177630894606977	177630915834633	177630894522186
177630903792759	177630932496821	177630903731769
177630932790050	177630949154894	177630932702081
177630945856144	177630965813174	177630945788331
177630967153279	177630999118852	177630967046404
177630985665831	177631015773279	177630974006404
177631001594477	177631032428331	177630989503436
177631018443852	177631049082758	177631014200467
177631035169738	177631065738591	177631024838904
177631051818956	177631082395935	177631050450779
177631068197759	177631099052706	177631053771040
177631088473175	177631115709321	177631088366769
177631107718019	177631132366196	177631107647394
177631121031873	177631149021924	177631120841404
177631140172811	177631165679893	177631140094217
177631152795727	177631182338487	177631152471821
177631168983227	177631198999269	177631168737186
177631201994113	177631232313956	177631201899477
177631218360623	177631248971768	177631204407758
177631242494738	177631265630415	177631242422290
177631259571404	177631282289841	177631259474165
177631285381144	177631315599893	177631285304738
177631306358852	177631332257602	177631306255623
177631319278696	177631348915571	177631319194686
177631339808331	177631365572497	177631339744373
177631359544738	177631382228487	177631359458852
177631371748071	177631398884737	177631371693383
177631392636873	177631415542810	177631392571404
177631408114477	177631432201508	177631408028383
177631433691456	177631465520258	177631433585935
177631451990935	177631482178799	177631438883175
177631468254998	177631498840518	177631457153540
177631484789685	177631515502342	177631468878227
177631501292342	177631532163123	177631500246821
177631518050675	177631548821196	177631511202029
177631534847394	177631565481612	177631533855675
177631551141769	177631582142028	177631538569581
177631568017498	177631598799737	177631559126665
177631585340258	177631615454007	177631574954738
177631607049998	177631632110622	177631606950883
177631618215779	177631648765935	177631614744425
177631634439217	177631665421716	177631618534529
177631651409321	177631682077654	177631640563175
177631667967654	177631698732914	177631655688227
177631684901144	177631715388018	177631674545415
177631701284685	177631732042966	177631685845050
177631717799633	177631748700519	177631715131300
177631734455519	177631765360622	177631723892133
177631751271092	177631782019945	177631743930154
177631768171196	177631798677184	177631754248800
177631785320519	177631815325882	177631768917498
177631801607810	177631831973695	177631790180831
177631817980883	9223372036854775807	177631811205467

=== poll 1790150931.069372815
16666666
177631934439269	177631965162185	177631923037967
177631958819373	177631981809841	177631958739477
177631976098279	177631998457394	177631976019842
177631995989737	177632015107862	177631995922133
177632010029685	177632031762236	177632009951664
177632018985258	177632048418695	177632018925362
177632039275831	177632065074268	177632039183175
177632053689737	177632081728226	177632053620310
177632076285571	177632098379945	177632076215310
177632089065362	177632115032914	177632088984946
177632121349685	177632148340987	177632121276404
177632141180987	177632164993226	177632141102341
177632164815258	177632181645049	177632164722862
177632169891821	177632198298070	177632169823696
177632192985310	177632214953226	177632192901352
177632203914112	177632231609945	177632203838539
177632231410206	177632248270205	177632231316821
177632236959373	177632264929684	177632236900831
177632259388331	177632281586247	177632259306196
177632270145518	177632298241299	177632270061352
177632296856039	177632314897289	177632296775206
177632310795102	177632331553956	177632310724841
177632335017966	177632364862028	177632334897602
177632351337602	177632381519112	177632339598696
177632367593591	177632398175518	177632357196143
177632384221300	177632414832862	177632370052810
177632400960518	177632431491559	177632396060831
177632417385675	177632448152653	177632412767914
177632434532498	177632464810153	177632419158331
177632451376508	177632481471299	177632438862185
177632467433800	177632498130414	177632455454581
177632484171143	177632514787445	177632470354633
177632500737445	177632531446143	177632499503018
177632517313695	177632548104008	177632502086716
177632534093539	177632564761976	177632518888852
177632551335987	177632581419841	177632551256508
177632567547810	177632598075882	177632556092550
177632583999268	177632614733070	177632569642133
177632600686300	177632631391247	177632589161508
177632617280258	177632648049841	177632605554893
177632634041248	177632664709320	177632627984112
177632651570258	177632681369216	177632640320154
177632667939737	177632698028852	177632660343331
177632684229268	177632714684528	177632668537133
177632700621091	177632731342653	177632692200154
177632717230570	177632747997132	177632705727810
177632733740310	177632764654372	177632724013279
177632750534737	177632781310413	177632738578331
177632767293122	177632797971247	177632754096768
177632784043331	177632814630309	177632774644841
177632800608227	177632831289320	177632784482706
177632817224945	177632847945154	177632809506716
177632833812133	177632864602237	177632829407706
177632850353070	177632881256768	177632838511091
177632867944945	177632897910258	177632855890727
177632884594060	177632914562705	177632884340154
177632910900570	177632931212236	177632910823018
177632930420102	177632947863018	177632930307289
177632938911091	177632964515258	177632938714008
177632960988018	177632981165830	177632960890414
177632978999268	177632997812861	177632978904424
177632984762029	177633014461559	177632984707237
177633010858695	177633031115726	177633010776716
177633027847185	177633047767289	177633027755883
177633034229737	177633064418122	177633034181456
177633061120258	177633081068278	177633061042133
177633077729893	177633097718382	177633077649060
177633084684477	177633114371455	177633084629477
177633105307445	177633131021715	177633105234216
177633127032341	177633147672965	177633126963591
177633137187914	177633164326455	177633137095935
177633169551456	177633197631924	177633169473747
177633192388174	177633214283591	177633192307966
177633203591924	177633230935205	177633203528904
177633228677914	177633247586872	177633228574737
177633234959320	177633264238591	177633234899372
177633250607654	177633280892653	177633250552341
177633276270883	177633297545518	177633276191716
177633289464997	177633314198382	177633289382966
177633316394893	177633347506559	177633316328174
177633333688643	177633364157914	177633331372081
177633351030362	177633380809215	177633335947914
177633367461143	177633397460101	177633357113851
177633383377341	177633414111924	177633374817862
177633399958278	177633430764944	177633393466091
177633416668331	177633447419163	177633403712810
177633433375310	177633464070517	177633426420310
177633449980674	177633480724736	177633434398591
177633466631560	177633497378018	177633454051976
177633483283747	177633514031768	177633480630883
177633500407966	177633530688695	177633485180674
177633517270101	177633547344008	177633504996143
177633533282810	177633563999164	177633519084737
177633549837601	177633580656038	177633537496976
177633566265518	177633597311820	177633553333487
177633583180414	177633613970465	177633570601820
177633599744580	177633630628539	177633586615101
177633620250883	177633647284319	177633620158903
177633633762914	177633663939632	177633633710049
177633654764164	177633680597809	177633654690570
177633674412028	177633697257653	177633674333539
177633689048799	177633713916247	177633688963851
177633705132497	177633730572028	177633705064424
177633728356455	177633747227861	177633728272497
177633745117758	177633763887132	177633744992653
177633756031924	177633780547757	177633755950310
177633784951247	177633813854059	177633784867445
177633803877237	177633830503018	177633803818539
177633832593955	177633863801715	177633832493695
177633850181195	177633880451663	177633835354632
177633866445205	177633897103434	177633854075257
177633882847341	177633913751716	177633868476299
177633907908382	177633930403174	177633907842601
177633926531872	177633947055726	177633926464841
177633944048955	177633963709840	177633943940987
177633957041716	177633980362966	177633956975987
177633973071091	177633997017913	177633973007393
177633983439424	177634013670517	177633983391351
177634017484320	177634046975361	177634017382445
177634033163487	177634063629215	177634024279164
177634049562028	177634080280361	177634033762028
177634066399216	177634096936350	177634066338591
177634082636507	177634113592027	177634076287549
177634099334007	177634130245674	177634089352184
177634116216247	177634146898538	177634109493226
177634132651664	177634163553069	177634118785414
177634150500987	9223372036854775807	177634139758434

=== poll 1790150933.449896147
16666666
177634283475882	177634313452392	177634283349111
177634299599424	177634330114476	177634293802914
177634316172809	177634346773590	177634299822757
177634333198330	177634363429840	177634331076872
177634350201195	177634380086350	177634339144007
177634366598018	177634396744007	177634357026976
177634382703695	177634413400621	177634369171299
177634399446611	177634430058122	177634393145622
177634415885570	177634446718278	177634399684424
177634432647445	177634463373538	177634427879424
177634449104268	177634480029267	177634434252757
177634465862288	177634496686194	177634453700049
177634482560466	177634513341351	177634475515049
177634499302549	177634530001195	177634492872080
177634515806716	177634546660882	177634499699059
177634532531299	177634563321975	177634520531663
177634549779945	177634579983173	177634533994945
177634566811716	177634596643642	177634550097341
177634583285361	177634613305309	177634571968903
177634598978851	177634629967132	177634583715674
177634615701872	177634646630049	177634610053122
177634632663330	177634663289997	177634626252028
177634650681768	177634679949892	177634650115622
177634675884945	177634696607705	177634675833330
177634689638799	177634713262861	177634689567965
177634705426820	177634729919372	177634705348226
177634723220674	177634746577497	177634723138799
177634733784580	177634763234423	177634733722809
177634775572080	177634796555517	177634775502705
177634791731351	177634813215517	177634791539372
177634810311038	177634829877340	177634810238018
177634818970257	177634846540204	177634818915518
177634834217393	177634863199736	177634834156403
177634856630726	177634879857444	177634856551924
177634874418070	177634896515621	177634874345361
177634889493017	177634913176194	177634889420361
177634903799320	177634929834006	177634903720361
177634930024684	177634946492236	177634929953278
177634939128799	177634963148434	177634939076872
177634960948955	177634979806454	177634960873382
177634968564945	177634996460934	177634968504372
177634988245570	177635013114476	177634988180257
177635016998174	177635046425986	177635016916090
177635038741767	177635063083903	177635038683486
177635059170465	177635079740153	177635059083642
177635068885934	177635096398173	177635068830101
177635087942028	177635113053589	177635087891924
177635109203851	177635129708278	177635109124267
177635127749788	177635146363381	177635127689111
177635133499580	177635163020516	177635133430309
177635149864788	177635179677131	177635149807965
177635169081819	177635196333329	177635168991194
177635184561663	177635212987288	177635184509059
177635205579163	177635229644007	177635205521559
177635229405830	177635246304162	177635229326715
177635233271299	177635262963641	177635233222601
177635255824840	177635279620986	177635255758174
177635277830465	177635296281298	177635277745882
177635284412861	177635312938538	177635284369163
177635299035934	177635329597913	177635298986090
177635319439163	177635346255569	177635319356090
177635334380465	177635362917079	177635334315621
177635355855413	177635379573850	177635355787757
177635379255621	177635396227913	177635379167861
177635383902236	177635412884840	177635383845361
177635411396299	177635429539423	177635411331142
177635416076507	177635446194840	177635416032340
177635433876559	177635462848538	177635433805361
177635455729684	177635479502600	177635455664424
177635477797392	177635496155673	177635477702288
177635483510621	177635512811611	177635483455049
177635509328226	177635529466611	177635509267028
177635529195205	177635546119631	177635529118330
177635533795413	177635562774632	177635533750778
177635561143434	177635579429996	177635561064267
177635577433330	177635596086298	177635577331976
177635583893121	177635612742861	177635583845673
177635604016767	177635629399787	177635603926715
177635622629111	177635646053433	177635622553590
177635636172601	177635662705933	177635636110257
177635658729788	177635679358538	177635658657601
177635675690205	177635696012340	177635675600048
177635683924840	177635712663902	177635683866611
177635709102288	177635729315360	177635709023590
177635725823903	177635745963068	177635725766715
177635735990309	177635762611766	177635735933538
177635760092757	177635779263069	177635760020725
177635768640986	177635795915777	177635768577600
177635797482600	177635829218277	177635797397809
177635815585621	177635845869267	177635802431767
177635831901663	177635862520830	177635818588903
177635849181871	177635879173068	177635833584840
177635884043850	177635912477600	177635883939736
177635905172028	177635929130569	177635905104788
177635920015830	177635945782496	177635919945257
177635943160778	177635962437339	177635943074892
177635949583902	177635979092079	177635949529423
177635968486194	177635995749318	177635968405621
177635988454840	177636012406193	177635988333902
177635999432496	177636029062652	177635999358955
177636063186767	177636095683277	177636063097132
177636082113955	177636112340986	177636072942184
177636098866767	177636128998225	177636086075309
177636115426194	177636145654683	177636100210725
177636131785673	177636162310516	177636125794215
177636148448590	177636178967600	177636131815569
177636164938017	177636195625777	177636163249215
177636181412444	177636212282860	177636169027079
177636198184944	177636228938850	177636184269059
177636224385465	177636245593590	177636224302913
177636234634996	177636262255048	177636234579996
177636261691194	177636278916766	177636261542600
177636265223798	177636295577079	177636265181246
177636294457236	177636312233433	177636294308069
177636299696871	177636328891818	177636299644944
177636321110829	177636345547183	177636321034527
177636334065204	177636362203276	177636334001246
177636374675882	177636395522756	177636374588954
177636386025361	177636412180724	177636385935465
177636407528850	177636428834787	177636407458590
177636422533017	177636445492547	177636422480673
177636435577600	177636462147444	177636435520934
177636453717704	177636478803954	177636453666715
177636468620621	177636495461870	177636468526246
177636489542288	177636512121350	177636489463121
177636498897913	177636528781663	177636498824111
177636528035048	9223372036854775807	177636527892913

=== poll 1790150935.786820104
16666666
177636698070152	177636728686662	177636690381454
177636714645881	177636745344630	177636705496246
177636731269996	177636762000152	177636721978642
177636748273121	177636778659266	177636733560048
177636764897861	177636795319788	177636749827444
177636786774683	177636811976505	177636786692548
177636799005361	177636828629578	177636798951611
177636828638590	177636845281193	177636828567392
177636839704788	177636861935204	177636839636402
177636860992183	177636878589735	177636860898277
177636864969631	177636895244162	177636864925569
177636891893433	177636911903173	177636891813069
177636899463538	177636928561922	177636899399996
177636929848694	177636961874006	177636929776350
177636947802235	177636978528068	177636939788798
177636965067704	177636995184110	177636960399631
177636981421090	177637011841089	177636968519631
177636997920881	177637028496245	177636987282183
177637014508694	177637045150412	177637000674996
177637031315517	177637061802026	177637019438017
177637047725100	177637078454266	177637032144006
177637064446610	177637095107912	177637048875673
177637080881558	177637111761193	177637080357027
177637097771454	177637128415828	177637095969319
177637114344110	177637145069162	177637100670933
177637130878173	177637161722391	177637121747235
177637148176194	177637178375985	177637131629735
177637165952079	177637195030568	177637159392079
177637182393590	177637211686037	177637170685569
177637197544215	177637228343589	177637195827444
177637214284840	177637244996662	177637199247860
177637230807965	177637261648433	177637218653225
177637251559215	177637278302912	177637251490985
177637275217860	177637294958121	177637275112600
177637290931350	177637311615777	177637290871714
177637299205829	177637328272235	177637299129423
177637320236350	177637344927443	177637320153277
177637335103537	177637361584058	177637335018225
177637348934631	177637378240828	177637348869527
177637364825204	177637394897183	177637364767808
177637384459631	177637411554162	177637384372860
177637403058173	177637428210360	177637402967964
177637427688121	177637444868693	177637427424162
177637439410360	177637461522808	177637439338642
177637460553381	177637478180099	177637460479892
177637465156819	177637494834318	177637465109996
177637484284735	177637511488120	177637484214162
177637505492183	177637528143797	177637505423433
177637529282912	177637561449006	177637529199579
177637547544944	177637578102703	177637533535829
177637567244527	177637594757495	177637567183589
177637580802027	177637611414682	177637573444631
177637598053485	177637628075151	177637589869371
177637615113746	177637644733589	177637614477860
177637634094735	177637661389891	177637634020048
177637654334787	177637678047704	177637654255100
177637674798121	177637694704579	177637674720048
177637694797287	177637711358798	177637694695985
177637698958121	177637728013068	177637698905829
177637717812027	177637744668641	177637717749527
177637740516662	177637761325620	177637740452600
177637754776766	177637777980881	177637754710152
177637769577704	177637794635880	177637769512287
177637794716350	177637811292704	177637794635673
177637798048121	177637827949631	177637798003850
177637816789162	177637844606245	177637816731193
177637840315985	177637861260516	177637840232704
177637860275360	177637877915256	177637860185360
177637863987600	177637894567182	177637863690933
177637886403225	177637911221193	177637886309371
177637909282964	177637927872964	177637909195412
177637921172808	177637944524734	177637921115308
177637938765673	177637961177599	177637938696141
177637959200568	177637977824578	177637959120829
177637968136037	177637994472443	177637968081766
177637995963277	177638027770464	177637995885152
177638013882704	177638044424162	177638000925829
177638031160412	177638061076662	177638019013902
177638047775516	177638077729682	177638034035620
177638063719735	177638094382600	177638055622652
177638080389006	177638111040516	177638070683173
177638096922235	177638127698329	177638090071193
177638113701350	177638144355412	177638098550308
177638130509943	177638161019109	177638129321454
177638146948537	177638177679214	177638140219527
177638163669110	177638194336974	177638156326089
177638180072547	177638210996974	177638164076818
177638196924891	177638227653901	177638190119527
177638213709683	177638244311661	177638213437235
177638230259891	177638260966193	177638219538745
177638247959995	177638277622547	177638234257860
177638264192079	177638294277183	177638254025829
177638280149162	177638310932808	177638264251350
177638297099839	177638327588068	177638296799058
177638313755204	177638344240620	177638301533954
177638330248589	177638360891714	177638319708433
177638347416089	177638377546818	177638334154110
177638364151662	177638394201870	177638354654527
177638380227443	177638410852755	177638370396089
177638396685464	177638427503537	177638389637027
177638413981714	177638444153537	177638413671974
177638450850568	177638477451713	177638450759631
177638474365568	177638494102599	177638474275672
177638484199527	177638510754526	177638484089735
177638510760099	177638527406713	177638510689162
177638518593120	177638544057963	177638518541297
177638541638797	177638560708380	177638541560777
177638550372339	177638577359109	177638550304995
177638569435620	177638594007442	177638569353901
177638584033485	177638610655463	177638583961870
177638604887599	177638627303536	177638604817443
177638624229370	177638643952494	177638624149631
177638634148641	177638660599422	177638634078589
177638654815204	177638677246297	177638654730672
177638676381766	177638693893589	177638676316766
177638689944891	177638710539057	177638689870776
177638709477339	177638727188172	177638709400204
177638714472339	177638743837911	177638714418381
177638730534266	177638760490255	177638730473329
177638750654526	177638777140412	177638750576193
177638770202339	177638793786557	177638770123537
177638792658276	177638810434734	177638792594891
177638800110881	177638827080098	177638800030933
177638814282964	177638843728224	177638814211506
177638831322183	177638860376400	177638831250412
177638854060672	177638877025151	177638853982391
177638866848901	9223372036854775807	177638866763172

=== poll 1790150938.131309062
16666666
177638946092912	177638976926974	177638934870724
177638962515516	177638993577078	177638953502599
177638979605568	177639010225932	177638966221558
177638996243381	177639026875985	177638990774839
177639012658693	177639043525359	177638998827808
177639029572599	177639060171870	177639021642964
177639046467495	177639076820515	177639034411662
177639062842391	177639093467339	177639056138276
177639079462860	177639110116609	177639069931818
177639096146662	177639126766713	177639084198745
177639113517391	177639143414422	177639110699058
177639129994058	177639160062286	177639119843745
177639145964943	177639176707859	177639144096037
177639162957599	177639193353901	177639153921974
177639179383172	177639209999786	177639166099995
177639195885203	177639226644942	177639186240464
177639212616610	177639243293119	177639198949943
177639229315776	177639259938380	177639222209630
177639245947026	177639276586661	177639233423380
177639262639526	177639293233692	177639259219370
177639278995412	177639309882599	177639268967391
177639297307964	177639326531088	177639297232287
177639313982703	177639343180984	177639313916089
177639348823432	177639376473067	177639348706922
177639363335307	177639393118901	177639354854891
177639378906141	177639409765255	177639363587130
177639395641922	177639426412859	177639386286870
177639412510099	177639443059839	177639409730985
177639428922599	177639459709578	177639413815672
177639445675672	177639476354109	177639435742964
177639462217234	177639493001452	177639459625776
177639478893328	177639509645203	177639463833380
177639495756453	177639526289942	177639485430255
177639512252391	177639542940671	177639509247755
177639528822234	177639559593328	177639514529109
177639548455724	177639576241869	177639548377443
177639564147339	177639592891348	177639564076349
177639595924266	177639626186557	177639595849578
177639612322287	177639642833380	177639600382234
177639628770099	177639659481348	177639614572912
177639645287859	177639676128432	177639633789474
177639662425099	177639692777234	177639662362443
177639678694682	177639709424161	177639665668120
177639695248172	177639726071140	177639683718380
177639712028641	177639742721504	177639700675099
177639728702807	177639759368692	177639724758589
177639745319891	177639776014942	177639734156141
177639762575932	177639792662963	177639757535568
177639779130411	177639809312963	177639764836557
177639795178901	177639825963276	177639786677078
177639811900464	177639842615411	177639804124526
177639828516141	177639859264682	177639813762599
177639845506245	177639875915046	177639845137339
177639861979943	177639892565306	177639850529266
177639878592339	177639909216140	177639869416297
177639895048432	177639925869577	177639879187599
177639911684213	177639942519681	177639901028432
177639929046141	177639959172651	177639927513588
177639945041818	177639975823536	177639931254213
177639961738484	177639992472911	177639948600724
177639978861609	177640009122390	177639965594786
177639995390984	177640025774422	177639984886245
177640011718224	177640042425775	177640000016297
177640028284734	177640059074526	177640017503068
177640044955099	177640075723067	177640029373380
177640067101505	177640092374421	177640066909422
177640085394474	177640109029526	177640085310099
177640099068224	177640125682233	177640099003276
177640122318224	177640142334317	177640122231765
177640129112078	177640158984057	177640129056557
177640157238745	177640175637546	177640157164734
177640164169370	177640192287859	177640164111297
177640195240463	177640225598640	177640195169630
177640212582390	177640242250880	177640200039578
177640228788015	177640258903536	177640219683849
177640244754213	177640275552755	177640229768276
177640261498745	177640292196765	177640256844213
177640278329630	177640308839838	177640274372495
177640294906818	177640325480932	177640287096661
177640311606088	177640342122234	177640304074526
177640328160880	177640358768015	177640314037234
177640350806505	177640375412494	177640350738015
177640366570724	177640392056765	177640366514786
177640385560359	177640408703067	177640385485828
177640399568640	177640425356244	177640399490932
177640423047338	177640442008640	177640422902963
177640436529005	177640458659057	177640436471245
177640455594370	177640475310203	177640455515515
177640464471974	177640491962286	177640464410151
177640515206297	177640541922859	177640515118380
177640530707495	177640558574212	177640530651453
177640551425619	177640575224890	177640551192390
177640569454682	177640591874265	177640569373380
177640578874161	177640608524994	177640578811661
177640600506140	177640625175046	177640600367599
177640613776297	177640641825827	177640613703067
177640661851505	177640691778119	177640661766505
177640678448953	177640708425671	177640668343224
177640694422963	177640725079213	177640684667703
177640711461661	177640741728588	177640709508953
177640728151244	177640758380723	177640719089161
177640744483015	177640775032806	177640732027338
177640761182390	177640791686921	177640759336036
177640777599994	177640808338483	177640764973849
177640794119890	177640824985671	177640779173015
177640835831713	177640858279317	177640835766921
177640851532599	177640874929264	177640851457859
177640876193588	177640908230359	177640876130828
177640895088692	177640924876140	177640879544526
177640911012130	177640941523431	177640905071817
177640932454890	177640958170254	177640932363432
177640944417442	177640974820462	177640938470619
177640960882599	177640991475879	177640948478015
177641005151765	177641024790202	177641005066453
177641016940880	177641041444213	177641016880307
177641031217755	177641058099681	177641031151661
177641047155463	177641074752077	177641047079473
177641068575359	177641091402337	177641068499734
177641078884890	177641108052807	177641078819369
177641104824265	177641124706400	177641104729890
177641115775463	177641141357650	177641115713796
177641138881348	177641158005462	177641138804421
177641155585255	177641174655255	177641155516244
177641166755359	177641191306765	177641166688744
177641184455359	177641207962494	177641184390567
177641205635411	177641224618484	177641205553953
177641213263275	9223372036854775807	177641213208796

=== poll 1790150940.473840728
16666666
177641395559994	177641424430514	177641395505567
177641414104109	177641441080202	177641414035202
177641435522077	177641457732702	177641435454109
177641448864994	177641474387494	177641448798536
177641475864213	177641507687077	177641475772650
177641494063275	177641524337077	177641485728327
177641511045671	177641540990411	177641503337963
177641527504525	177641557643483	177641523317598
177641543442911	177641574294629	177641528247442
177641560154630	177641590945931	177641550508848
177641576832911	177641607595463	177641574931921
177641593377234	177641624247233	177641578232650
177641610165671	177641640897285	177641599521713
177641627025827	177641657549577	177641623439838
177641643461817	177641674204941	177641629883223
177641660172077	177641690859942	177641644378588
177641676769942	177641707516243	177641672931557
177641693115254	177641724173952	177641679385359
177641709969421	177641740830358	177641697716557
177641727673744	177641757487077	177641714020775
177641744074317	177641774144681	177641734616765
177641759873848	177641790804785	177641744579161
177641776858432	177641807461191	177641775713900
177641793428692	177641824120098	177641780642025
177641809840098	177641840778274	177641798392077
177641826633432	177641857434160	177641814427702
177641843329682	177641874090254	177641834985879
177641860125671	177641890747650	177641852063431
177641876710984	177641907405410	177641864863952
177641893578067	177641924063587	177641884478484
177641909835671	177641940721191	177641894269369
177641926812859	177641957376660	177641926014369
177641944334004	177641974035358	177641930889213
177641960843848	177641990690774	177641944627181
177641976734681	177642007346712	177641960960098
177641993561348	177642024002650	177641979401921
177642009737702	177642040655723	177641999433484
177642026390411	177642057306660	177642015256088
177642043469161	177642073958744	177642034071244
177642060235202	177642090613483	177642059662077
177642079935463	177642107267493	177642079863952
177642099822390	177642123918952	177642099755931
177642119076504	177642140571868	177642118981869
177642128752702	177642157222442	177642128701608
177642151883119	177642173877025	177642151799733
177642164357754	177642190530514	177642164283900
177642190622911	177642207183483	177642190539890
177642195253640	177642223837597	177642195206192
177642220526088	177642240492181	177642220454421
177642231619108	177642257147285	177642231538431
177642259493900	177642290454369	177642259394525
177642276704473	177642307108378	177642269624681
177642292943431	177642323758431	177642280022754
177642309908535	177642340408014	177642305978692
177642326242858	177642357061712	177642310531608
177642342980827	177642373714316	177642329029942
177642359595775	177642390364785	177642344393275
177642376930879	177642407017389	177642367987025
177642393634838	177642423669941	177642381106088
177642409621660	177642440322181	177642400432702
177642426157285	177642456976139	177642413850150
177642443015046	177642473628951	177642439866400
177642459571973	177642490286087	177642448937806
177642476232806	177642506943223	177642465374108
177642492848119	177642523598691	177642489569525
177642509486608	177642540250619	177642494378588
177642526182650	177642556902285	177642516249733
177642542760462	177642573553327	177642534308692
177642559429108	177642590207337	177642543383275
177642576074265	177642606859004	177642564250671
177642593826608	177642623512025	177642593361973
177642614247077	177642640165618	177642614192442
177642629854525	177642656817598	177642629778848
177642645439160	177642673470306	177642645372910
177642676639004	177642706771556	177642676555462
177642693959942	177642723422597	177642681747754
177642710109108	177642740076087	177642694097910
177642726259785	177642756727597	177642714338223
177642742753952	177642773378744	177642734477442
177642759297025	177642790031921	177642745075879
177642776560671	177642806682858	177642776491192
177642793377442	177642823336608	177642781213639
177642809784108	177642839988379	177642798761452
177642826019785	177642856635202	177642815154056
177642842547337	177642873286451	177642834826869
177642859332285	177642889939629	177642852362389
177642875972702	177642906593483	177642863554942
177642892610306	177642923241452	177642886758587
177642909209994	177642939891243	177642894023848
177642925790775	177642956540410	177642917474421
177642942664212	177642973190514	177642931829212
177642959107650	177642989843691	177642952927233
177642976835202	177643006495618	177642963938327
177642992924473	177643023145462	177642988603014
177643009786764	177643039795045	177642995024004
177643025638119	177643056444576	177643010146556
177643042570306	177643073095045	177643034545514
177643059052806	177643089744889	177643045080514
177643075941869	177643106392701	177643071515254
177643092294681	177643123038171	177643088216035
177643109028691	177643139684107	177643095953691
177643125539056	177643156335306	177643110108014
177643142519108	177643172990409	177643129512962
177643159028223	177643189644941	177643149338275
177643175599421	177643206297180	177643168507441
177643192224681	177643222947806	177643181022181
177643209736608	177643239598535	177643208995827
177643231175098	177643256247180	177643231097129
177643256587337	177643272896607	177643256500514
177643260037337	177643289548691	177643259967389
177643285985879	177643306200670	177643285906035
177643305938379	177643322852962	177643305859056
177643314538848	177643339505201	177643314471816
177643335966191	177643356157597	177643335893118
177643348242181	177643372810618	177643348565306
177643367255879	177643389464160	177643367181035
177643385247598	177643406118691	177643385174889
177643404157545	177643422774941	177643404070098
177643409525827	177643439432805	177643409464889
177643431171035	177643456087754	177643431103431
177643450651556	177643472740774	177643450574629
177643468996139	177643489395045	177643468916712
177643480276816	177643506050566	177643480219316
177643494125202	177643522705723	177643494055775
177643514075514	177643539361712	177643514020514
177643535188327	177643556019420	177643535117441
177643544566712	9223372036854775807	177643544501608

=== poll 1790150942.810758539
16666666
177643708748795	177643739198482	177643696137337
177643725334525	177643755848274	177643709648900
177643741832337	177643772495566	177643728934941
177643758491764	177643789142389	177643745347910
177643775216504	177643805789628	177643759766087
177643792454160	177643822437388	177643792372597
177643808788847	177643839084628	177643808724316
177643831004264	177643855735618	177643830939316
177643846799316	177643872384993	177643846723379
177643869344212	177643889037232	177643869263639
177643879380358	177643905689367	177643879320514
177643895662910	177643922338951	177643895596712
177643920496972	177643938988222	177643920428587
177643928441399	177643955637649	177643928385670
177643945408899	177643972285879	177643945343639
177643960166399	177643988937128	177643960091608
177643979246660	177644005586503	177643979187649
177644001161556	177644022238482	177644001088379
177644010775097	177644038889055	177644010733327
177644038500722	177644055541191	177644038403066
177644051798379	177644072187545	177644051732441
177644061634993	177644088834576	177644061561347
177644075596660	177644105485566	177644075218691
177644102127649	177644122135722	177644102043535
177644118159681	177644138783951	177644118070254
177644125685306	177644155428951	177644125626868
177644155270410	177644172074941	177644155200670
177644166243222	177644188719420	177644166158899
177644187856920	177644205364419	177644187768118
177644194366868	177644222012180	177644194309212
177644208895566	177644238658222	177644208833691
177644232302858	177644255301972	177644232215722
177644244366295	177644271946243	177644244277441
177644266463587	177644288591816	177644266194056
177644289080566	177644305235982	177644288987962
177644294271608	177644321882180	177644294216243
177644315861972	177644338531972	177644315791191
177644335166191	177644355183066	177644335087597
177644344385149	177644371831659	177644344322493
177644365945774	177644388479107	177644365875097
177644388568274	177644405127545	177644388479212
177644391660670	177644421776868	177644391617910
177644415901920	177644438424575	177644415823587
177644439395149	177644471724315	177644439289733
177644457856712	177644488374055	177644443632806
177644474347805	177644505022701	177644465875878
177644491697337	177644521672649	177644485031660
177644508123691	177644538323274	177644496889368
177644524451191	177644554970149	177644515648535
177644540671868	177644571618795	177644535482545
177644557590462	177644588269212	177644549711451
177644574290774	177644604921138	177644560023639
177644592088118	177644621572962	177644592026555
177644608461972	177644638224576	177644608374733
177644630367285	177644654872961	177644630301399
177644653596816	177644671523638	177644653513378
177644658551347	177644688179212	177644658498795
177644680745410	177644704833222	177644680669055
177644701422180	177644721487753	177644701342962
177644708277597	177644738137128	177644708222857
177644725312857	177644754790044	177644725253430
177644744332389	177644771441607	177644744257753
177644758981764	177644788092441	177644758917389
177644786319003	177644804742753	177644786245774
177644803938326	177644821394211	177644803831816
177644809473014	177644838047232	177644809412910
177644826739785	177644854701867	177644826676295
177644844630618	177644871353586	177644844540410
177644865244732	177644888003534	177644865179107
177644884233691	177644904653482	177644884172962
177644904543795	177644921304107	177644904458899
177644908941243	177644937950566	177644908889732
177644931954784	177644954601450	177644931878691
177644945986347	177644971251138	177644945927284
177644968522649	177644987898742	177644968442128
177644975044212	177645004546034	177644974986607
177644995467024	177645021191503	177644995404159
177645014910722	177645037835566	177645014822076
177645031403430	177645054481920	177645031330878
177645050932441	177645071128117	177645050862857
177645069700774	177645087775669	177645069616659
177645078689055	177645104425357	177645078604889
177645101001555	177645121072388	177645100933639
177645119246243	177645137720617	177645119148847
177645124697284	177645154370200	177645124655461
177645145084107	177645171020044	177645145016243
177645165737805	177645187671971	177645165653795
177645182325461	177645204322805	177645182251451
177645193902336	177645220972805	177645193845201
177645217096816	177645237618586	177645217006764
177645223815930	177645254268169	177645223758326
177645255672232	177645287559836	177645255588951
177645273658482	177645304205670	177645260607076
177645290390982	177645320849367	177645280198534
177645306819003	177645337493221	177645295786139
177645323602180	177645354134940	177645314508014
177645340254211	177645370776398	177645334190045
177645357396034	177645387420305	177645343912232
177645373969836	177645404063846	177645361376295
177645390120461	177645420708638	177645384606972
177645406635982	177645437355773	177645394243534
177645423440566	177645454002649	177645415849316
177645440065670	177645470648899	177645433047388
177645456687597	177645487296294	177645444311295
177645473144941	177645503944263	177645464382649
177645489990826	177645520593378	177645484059993
177645506651555	177645537240930	177645493929628
177645523193847	177645553890774	177645515714003
177645539657180	177645570538430	177645526189888
177645556578691	177645587185826	177645552408899
177645574069107	177645603834210	177645559102493
177645590866868	177645620483898	177645590184420
177645614319680	177645637135669	177645614261815
177645626501503	177645653785044	177645626430826
177645659104055	177645687082961	177645659009524
177645676326347	177645703730304	177645676232909
177645693834680	177645720376867	177645693771868
177645710626503	177645737025721	177645710558795
177645730098795	177645753673012	177645730023899
177645743623899	177645770321659	177645743560461
177645775988743	177645803619263	177645775913638
177645794380461	177645820269731	177645794293847
177645809533378	177645836918325	177645809467545
177645829124784	177645853566710	177645829068274
177645842718065	177645870213846	177645842661659
177645857638586	177645886864263	177645857593013
177645882715513	9223372036854775807	177645882620826

=== poll 1790150945.130654163
16666666
177645939526867	177645970102336	177645935756242
177645955869472	177645986749471	177645952290357
177645972281347	177646003400721	177645959000253
177645989361295	177646020050617	177645974640565
177646005974367	177646036701190	177645991032753
177646023133326	177646053349940	177646008844055
177646039811919	177646069995774	177646031158117
177646056118586	177646086642544	177646044949003
177646078268274	177646103290252	177646078199784
177646094575357	177646119937648	177646094504940
177646119247180	177646136588169	177646119173378
177646124073326	177646153234523	177646124025513
177646162850044	177646186537648	177646162751972
177646174348794	177646203186971	177646174284524
177646193281451	177646219836085	177646193216867
177646209069940	177646236486658	177646209001347
177646256147805	177646286430513	177646256074888
177646273277857	177646303081034	177646260609524
177646290574576	177646319730461	177646290496294
177646308769003	177646336381398	177646308691711
177646324706607	177646353032649	177646324637701
177646339190565	177646369680982	177646339134159
177646356824576	177646386326398	177646356755826
177646373570513	177646402972961	177646373513065
177646401477492	177646419617127	177646401407284
177646420647076	177646452909419	177646420578690
177646439156451	177646469555512	177646425012232
177646456300253	177646486202491	177646444445253
177646472931346	177646502846710	177646463932388
177646488925721	177646519494887	177646477927076
177646505396346	177646536145253	177646498977076
177646522113586	177646552795200	177646519906398
177646538574419	177646569442960	177646523326190
177646558289732	177646586091190	177646558208898
177646573634523	177646602741346	177646573582440
177646606520721	177646636043064	177646606452544
177646629860253	177646652692023	177646629783742
177646638841867	177646669341085	177646638790044
177646660974575	177646685989054	177646660902961
177646689192023	177646719290512	177646689103430
177646711231711	177646735943898	177646711154159
177646732752700	177646752592856	177646732691503
177646745888065	177646769241815	177646745829367
177646769054888	177646785889367	177646769002232
177646774229680	177646802541502	177646774164159
177646799750200	177646819194575	177646799675825
177646805143065	177646835847544	177646805054315
177646825999575	177646852500617	177646825950930
177646840676034	177646869153117	177646840611971
177646864580253	177646885804835	177646864507388
177646873368430	177646902460825	177646873316555
177646891358325	177646919117074	177646891299315
177646911289315	177646935772127	177646911236398
177646924278430	177646952428273	177646924231607
177646949301034	177646969084991	177646949207232
177646958369002	177646985741763	177646958311138
177646977862909	177647002394731	177646977797336
177646991231919	177647019046033	177646991166815
177647008617492	177647035698898	177647008556502
177647025384367	177647052349418	177647025332648
177647044966086	177647069001346	177647044900930
177647059788117	177647085655252	177647059720773
177647078677284	177647102310356	177647078607596
177647091032544	177647118967335	177647090968950
177647114387700	177647135621137	177647114312544
177647124375825	177647152273116	177647124317544
177647146929002	177647168925304	177647146848065
177647166410617	177647185576398	177647166318482
177647175365929	177647202226710	177647175287648
177647189377127	177647218877648	177647189315669
177647214863117	177647235527023	177647214767752
177647223652388	177647252178220	177647223543429
177647241079211	177647268831971	177647241017804
177647264399211	177647285484627	177647264311398
177647274154836	177647302136189	177647274091502
177647290137648	177647318789679	177647290087336
177647310890877	177647335439627	177647310829784
177647331432856	177647352090825	177647331347231
177647338794263	177647368743377	177647338676919
177647354897544	177647385396919	177647354833429
177647380335669	177647402050356	177647380262388
177647396109054	177647418705408	177647396044471
177647419730200	177647452006190	177647419638273
177647437976034	177647468661918	177647423838898
177647454505877	177647485314523	177647442059263
177647471210617	177647501966763	177647463745356
177647488228065	177647518616814	177647485571034
177647504454002	177647535263637	177647488876711
177647521015669	177647551913377	177647509777231
177647538263742	177647568564523	177647523859159
177647554766294	177647585215773	177647546987179
177647570998898	177647601869158	177647561332908
177647587915304	177647618522335	177647583238690
177647604475252	177647635177179	177647588622023
177647621254627	177647651830616	177647610489158
177647637688429	177647668482961	177647624179002
177647656861086	177647685134262	177647656777648
177647674398481	177647701785825	177647674328742
177647698668065	177647718439054	177647698605877
177647710796294	177647735090043	177647710732544
177647732469054	177647751742075	177647732351033
177647743436086	177647768394366	177647743341867
177647758881450	177647785046553	177647758828221
177647774107856	177647801700616	177647773970825
177647806132544	177647834992439	177647806053429
177647829219992	177647851637231	177647829131763
177647838358898	177647868284158	177647838290565
177647885897596	177647918227491	177647885816033
177647904335617	177647934879418	177647900998585
177647920910773	177647951530512	177647905766085
177647937338950	177647968182387	177647924492283
177647954724679	177647984834783	177647943365408
177647971452023	177648001487595	177647960263013
177647987370148	177648018139366	177647979469992
177648004082492	177648034790251	177647992275304
177648020412596	177648051442960	177648008305356
177648044238846	177648068095356	177648044149835
177648062216815	177648084744887	177648062151606
177648084354419	177648101394887	177648084256294
177648089952387	177648118046710	177648089903169
177648108804835	177648134697595	177648108728221
177648122407804	177648151346606	177648122352544
177648139569054	177648168000512	177648139405408
177648154948117	177648184652752	177648154888012
177648174698065	177648201306293	177648174636919
177648197297075	177648217958168	177648197217387
177648210686189	9223372036854775807	177648210615721

=== poll 1790150947.486893485
16666666
177648089952387	177648118046710	177648089903169
177648108804835	177648134697595	177648108728221
177648122407804	177648151346606	177648122352544
177648139569054	177648168000512	177648139405408
177648154948117	177648184652752	177648154888012
177648174698065	177648201306293	177648174636919
177648197297075	177648217958168	177648197217387
177648210686189	177648234607543	177648210615721
177648230000408	177648251257803	177648229890929
177648243496398	177648267909366	177648243422023
177648254719210	177648284561449	177648254656606
177648286238169	177648317863533	177648286158533
177648303955512	177648334512699	177648294806242
177648320440669	177648351165772	177648309101919
177648336973533	177648367817283	177648323743117
177648354610044	177648384471710	177648348478950
177648370568846	177648401125668	177648359896867
177648387571919	177648417781449	177648382587127
177648403961606	177648434437335	177648389217752
177648420374262	177648451089939	177648412051658
177648436800460	177648467739366	177648423725981
177648453874887	177648484388376	177648450024939
177648470246919	177648501037752	177648455109210
177648486961502	177648517689001	177648475389835
177648503521919	177648534341866	177648490486398
177648520809887	177648550996814	177648514910616
177648537411658	177648567651450	177648525497908
177648554121866	177648584301918	177648540898846
177648570804366	177648600951293	177648563438585
177648588921658	177648617598376	177648578246241
177648604514731	177648634245512	177648590204262
177648624280043	177648650893688	177648624209991
177648676154523	177648700842282	177648676060564
177648713315668	177648734140772	177648713195668
177648721621137	177648750789886	177648721538689
177648744830877	177648767436033	177648744759054
177648765700668	177648784083115	177648765636866
177648799998950	177648817374210	177648799939523
177648805524002	177648834022023	177648805501398
177648823849054	177648850670304	177648823772908
177648843394418	177648867316762	177648843322960
177648857483064	177648883965355	177648857398012
177648885999939	177648917254991	177648885904523
177648903779054	177648933899470	177648890562648
177648920178481	177648950543376	177648915894106
177648936521293	177648967186710	177648920888220
177648955242543	177648983829626	177648955175460
177648974785460	177649000475303	177648974684523
177649000408637	177649017124678	177649000341970
177649011686502	177649033767386	177649011621554
177649024200877	177649050411865	177649024154835
177649039043950	177649067058376	177649038990043
177649075737387	177649100350772	177649075640356
177649089223064	177649116994782	177649089131710
177649105519887	177649133641970	177649105459887
177649126036866	177649150288585	177649125957595
177649145735147	177649166936188	177649145636241
177649154691658	177649183584261	177649154582595
177649194266814	177649216879365	177649194175043
177649212992179	177649233524783	177649212918012
177649230051502	177649250170825	177649229994887
177649255458377	177649283465407	177649255375356
177649273919887	177649300111761	177649273821710
177649291944054	177649316760199	177649291855304
177649303972960	177649333410616	177649303891710
177649319778012	177649350058012	177649319720824
177649379898585	177649400006084	177649379821554
177649395397179	177649416657699	177649395339679
177649418843116	177649449958012	177649418755095
177649435990720	177649466609731	177649421536814
177649453289522	177649483264470	177649447796606
177649472327699	177649499913689	177649472257647
177649486363533	177649516563636	177649486289366
177649503850929	177649533213845	177649503786449
177649552432231	177649583156136	177649552334626
177649569082908	177649599804522	177649566009522
177649585673429	177649616451397	177649574614470
177649602359366	177649633096553	177649587541345
177649619093376	177649649741970	177649603866189
177649635503012	177649666387439	177649625770304
177649652311814	177649683034105	177649639439679
177649669700564	177649699677595	177649664818741
177649685931033	177649716323167	177649673261449
177649709263949	177649732971241	177649709198481
177649733538741	177649766261605	177649733399470
177649752553845	177649782909626	177649739138272
177649768790824	177649799559783	177649753926397
177649785621658	177649816206240	177649779504158
177649802396345	177649832855407	177649786610772
177649818872387	177649849505355	177649814724314
177649835527960	177649866157022	177649823937387
177649872902699	177649899463428	177649872830981
177649889481918	177649916119001	177649889416189
177649919572178	177649949429157	177649919467022
177649950543064	177649982733428	177649950409730
177649969136658	177649999384417	177649968917283
177649989864991	177650016035043	177649989784939
177650008340928	177650032687178	177650008258585
177650044257960	177650065992386	177650044130147
177650065270772	177650082644834	177650065200408
177650072707074	177650099297230	177650072573533
177650097916814	177650115952855	177650097843533
177650102847543	177650132602907	177650102021553
177650127113428	177650149252646	177650127035512
177650145372178	177650165903428	177650145276033
177650165455095	177650182555251	177650165368689
177650168717803	177650199207334	177650168529418
177650219116189	177650249145824	177650219007803
177650243876918	177650265795147	177650243787751
177650270374626	177650299094678	177650270302595
177650290407178	177650315747334	177650290346501
177650308577126	177650332398480	177650308503376
177650333074314	177650365705355	177650332961814
177650352363272	177650382355928	177650339515928
177650368316032	177650399008532	177650354195564
177650396246762	177650415661865	177650396166657
177650405807907	177650432316344	177650405757543
177650420692803	177650448972646	177650420627282
177650438081032	177650465630355	177650438007543
177650452568012	177650482283740	177650452507074
177650471183897	177650498941917	177650471104366
177650500476605	177650532251866	177650500391762
177650518431657	177650548908741	177650506418480
177650535363793	177650565566605	177650521040668
177650551944470	177650582222230	177650543852543
177650568193428	177650598877750	177650560262230
177650584987491	9223372036854775807	177650574897699

=== poll 1790150949.855165516
16666666
177650684916866	177650715431605	177650674128011
177650701671605	177650732085615	177650690704939
177650731444626	177650748738948	177650731383428
177650741514939	177650765393428	177650741464782
177650755609678	177650782049782	177650755546449
177650772735251	177650798702542	177650772659157
177650788261084	177650815358167	177650788182439
177650803349782	177650832013063	177650803274522
177650831773532	177650848668844	177650831683532
177650844402282	177650865324834	177650844300720
177650853524470	177650881977594	177650853456136
177650902658480	177650931925511	177650902572074
177650918157699	177650948573011	177650907147803
177650934574053	177650965219626	177650924196345
177650952351709	177650981869365	177650948329366
177650968737178	177650998518688	177650955351918
177650984645980	177651015165823	177650977593688
177651001272647	177651031817282	177650999765928
177651017956241	177651048469157	177651004715824
177651034503376	177651065123480	177651019456084
177651051422647	177651081779313	177651044848428
177651067844313	177651098431865	177651054383688
177651084387386	177651115083532	177651069451605
177651100900043	177651131737906	177651097989105
177651117740095	177651148393948	177651104385199
177651137814938	177651165047386	177651137709053
177651162211240	177651181701136	177651162117855
177651209845355	177651231666813	177651209735615
177651218732803	177651248317334	177651218664365
177651235375511	177651264969365	177651235138480
177651274275303	177651298267594	177651274171188
177651292057126	177651314918844	177651291973897
177651304984261	177651331573583	177651304902490
177651320637438	177651348229053	177651320552490
177651344156709	177651364882490	177651344054470
177651357456292	177651381537073	177651357397490
177651379242959	177651398193219	177651379113480
177651390676084	177651414848531	177651390580303
177651420189938	177651448162438	177651420109574
177651439746397	177651464819729	177651439675095
177651459154261	177651481476657	177651459089678
177651479529782	177651498134053	177651479460199
177651489160459	177651514793584	177651489086084
177651510614105	177651531450563	177651510547074
177651520380303	177651548106605	177651520321865
177651542928428	177651564764469	177651542843480
177651556959626	177651581419886	177651556860251
177651574368115	177651598072959	177651574304678
177651589624938	177651614726865	177651589535511
177651605288324	177651631383427	177651604968949
177651637095980	177651664690146	177651636995667
177651651424886	177651681341968	177651641844678
177651667777334	177651697992281	177651659673115
177651684468636	177651714642594	177651669419001
177651701227490	177651731293688	177651691429521
177651718180146	177651747947021	177651715008219
177651734591969	177651764598844	177651717986605
177651750966292	177651781251969	177651744198532
177651767524990	177651797909261	177651753480667
177651784872699	177651814569677	177651784376136
177651801148792	177651831226708	177651794274209
177651818155667	177651847885927	177651818084678
177651836943844	177651864544729	177651836874782
177651853606396	177651881199521	177651853541761
177651877513324	177651897854521	177651877450928
177651888944730	177651914507490	177651888878688
177651911051709	177651931162489	177651910928532
177651918702907	177651947816605	177651918633063
177651936786032	177651964468740	177651936727334
177651954928271	177651981124209	177651954869157
177651977985355	177651997781448	177651977829469
177651988249365	177652014434208	177651988193896
177652005346448	177652031086500	177652005272438
177652025029469	177652047737594	177652024954990
177652041400719	177652064393062	177652041219365
177652058135407	177652081049468	177652058049990
177652068302698	177652097704886	177652068244417
177652099641657	177652131010823	177652099556240
177652117605459	177652147663688	177652111759313
177652134282021	177652164319885	177652130769313
177652151331969	177652180977698	177652148621084
177652167695407	177652197633791	177652153248063
177652184281240	177652214287698	177652180583271
177652201357438	177652230942958	177652186467282
177652217664678	177652247601917	177652209462230
177652234239573	177652264258322	177652219020094
177652251072542	177652280914365	177652237212855
177652267423844	177652297570198	177652251413428
177652284087542	177652314227385	177652269729886
177652300633584	177652330882750	177652286676136
177652317501136	177652347534729	177652311499782
177652334143792	177652364186187	177652319975615
177652350641917	177652380837907	177652335360875
177652367116188	177652397486813	177652354041448
177652383817282	177652414136709	177652381267125
177652400402386	177652430784937	177652384985563
177652417561136	177652447437437	177652405808323
177652434331917	177652464091083	177652427764261
177652450490146	177652480745562	177652440868323
177652467068323	177652497401708	177652457808167
177652483722907	177652514056864	177652468891292
177652500343115	177652530708531	177652489703636
177652517001292	177652547356343	177652509384521
177652533841552	177652564003896	177652523970146
177652550255511	177652580652593	177652534224052
177652567014677	177652597302542	177652563648740
177652585165459	177652613953062	177652585097438
177652617322438	177652647253844	177652617249834
177652634182646	177652663906760	177652633965823
177652654186917	177652680557490	177652654114261
177652670466709	177652697210354	177652670398167
177652684839000	177652713865822	177652684763636
177652704150354	177652730520822	177652704068219
177652724450719	177652747174104	177652724395407
177652734661344	177652763830614	177652734614261
177652769178375	177652797142541	177652769088792
177652784424781	177652813789938	177652784286084
177652809239000	177652830438739	177652809148011
177652819181240	177652847092750	177652819109886
177652835997438	177652863744885	177652835930667
177652864985198	177652897049729	177652864904729
177652883671500	177652913704885	177652868459834
177652900235302	177652930358739	177652891099156
177652916698219	177652947011916	177652906558427
177652933583688	177652963664104	177652931659938
177652950333011	177652980313531	177652941996344
177652966843948	9223372036854775807	177652950247542

=== poll 1790150952.483707546
16666666
177653299896240	177653330035197	177653294547750
177653316701708	177653346691239	177653304701917
177653333182125	177653363344885	177653321104573
177653350716188	177653379999469	177653335021656
177653367174781	177653396651083	177653357861604
177653383162906	177653413303270	177653374358323
177653400254833	177653429955457	177653389132073
177653416764938	177653446607177	177653407606448
177653432987490	177653463259416	177653419924677
177653449580354	177653479910510	177653434606969
177653466502021	177653496560666	177653454783219
177653483438010	177653513212646	177653479382698
177653499721135	177653529865823	177653485091344
177653516283375	177653546519208	177653505333375
177653533019156	177653563170510	177653530830562
177653549559625	177653579824520	177653535312385
177653566275198	177653596480510	177653553097333
177653582945458	177653613139104	177653575264417
177653599673010	177653629795145	177653591590302
177653616389052	177653646448323	177653604183062
177653633034260	177653663101603	177653632269625
177653684893167	177653713062906	177653684790771
177653719976969	177653746373531	177653719876448
177653733034937	177653763026604	177653725338010
177653749293844	177653779680978	177653738868583
177653766107906	177653796337176	177653758259469
177653788314104	177653812993062	177653788174000
177653815594312	177653846305406	177653815445198
177653832911448	177653862960301	177653821542385
177653849615614	177653879615094	177653834773583
177653866116760	177653896269572	177653851392229
177653883172021	177653912923374	177653875782333
177653899554469	177653929576603	177653890175666
177653916050250	177653946230666	177653910062750
177653932687698	177653962881291	177653919403375
177653949787489	177653979532124	177653949722229
177653975998323	177653996182124	177653975924208
177653984124260	177654012832280	177653984048010
177654022362333	177654046132280	177654022250250
177654033558375	177654062781656	177654033500406
177654049473948	177654079432905	177654049281864
177654068794521	177654096087541	177654068707021
177654085211916	177654112739260	177654085146552
177654108571083	177654129394312	177654108500250
177654118580146	177654146047750	177654118509416
177654138986604	177654162702280	177654138910198
177654165839937	177654196009573	177654165762073
177654182547177	177654212659311	177654170885041
177654199164000	177654229312750	177654192076396
177654215753739	177654245968322	177654199486916
177654232734156	177654262622385	177654219146604
177654249008687	177654279275718	177654241642489
177654265714573	177654295931291	177654255134989
177654282664781	177654312586655	177654281596187
177654299084625	177654329241760	177654286814104
177654316019260	177654345895145	177654300608166
177654332538375	177654362550509	177654324064625
177654349153114	177654379205041	177654347139156
177654365448635	177654395858478	177654354540406
177654382421395	177654412511916	177654369244885
177654400605875	177654429165874	177654400540562
177654415464520	177654445817593	177654405473166
177654432229000	177654462470666	177654427049885
177654449197489	177654479121291	177654433581864
177654465609885	177654495772020	177654455051343
177654482107020	177654512424000	177654475266656
177654498957489	177654529077229	177654483603583
177654515726187	177654545728374	177654500024364
177654536206395	177654562376968	177654536101031
177654553689208	177654579030093	177654553611239
177654577022177	177654595684260	177654576939781
177654590994833	177654612337644	177654590935406
177654612793947	177654628990614	177654612715458
177654617411447	177654645639104	177654617197645
177654633744885	177654662290769	177654633679729
177654650179572	177654678943218	177654650108531
177654676074625	177654695596499	177654675949937
177654693573322	177654712249780	177654693482593
177654709378791	177654728902593	177654709268791
177654720403375	177654745555197	177654720344052
177654734445302	177654762207332	177654734393999
177654765960249	177654795511290	177654765874364
177654785376499	177654812162489	177654785287749
177654804325927	177654828815822	177654804239781
177654818813427	177654845468843	177654818736031
177654846426552	177654878771395	177654846330718
177654865484468	177654895423009	177654851691187
177654882324312	177654912076603	177654879788479
177654898369572	177654928728322	177654888059885
177654915240718	177654945382124	177654911082541
177654931752645	177654962035874	177654915954104
177654948621916	177654978689624	177654937293270
177654965452749	177654995343270	177654956302385
177654981983374	177655011995092	177654974642489
177654998307697	177655028647072	177654985378426
177655016642749	177655045299572	177655016574885
177655031872906	177655061957384	177655021372333
177655048635562	177655078613426	177655043128374
177655065045301	177655095263530	177655049886551
177655081515926	177655111916083	177655069125614
177655098245458	177655128568790	177655085769781
177655121102906	177655145221655	177655121004208
177655131975301	177655161875145	177655131772958
177655155321656	177655178529260	177655155194729
177655167378374	177655195181655	177655167194520
177655190411812	177655211836551	177655190332593
177655199878531	177655228492593	177655199804520
177655221796395	177655245144467	177655221730978
177655238692281	177655261799103	177655238569208
177655250680562	177655278452228	177655250622385
177655292042124	177655311759936	177655291924416
177655303302749	177655328411967	177655303230822
177655331065822	177655361716759	177655330982228
177655348381916	177655378369155	177655336280249
177655364853947	177655395022228	177655349186916
177655382075770	177655411673374	177655365558895
177655400399520	177655428326812	177655400326395
177655419081916	177655444977436	177655418990197
177655432909051	177655461627176	177655432851239
177655454302853	177655478282541	177655454208374
177655469327541	177655494936863	177655469257853
177655489595041	177655511588998	177655489509208
177655501795718	177655528242072	177655501745822
177655522840614	177655544896551	177655522762228
177655534867072	177655561550978	177655534797020
177655557695770	177655578205093	177655557628739
177655568619520	9223372036854775807	177655568556083

=== poll 1790150954.849080410
16666666
177655631767697	177655661454675	177655631146135
177655648130770	177655678106551	177655635347385
177655664794885	177655694757592	177655651037697
177655681363530	177655711410509	177655669742957
177655698190249	177655728061447	177655695237280
177655714273582	177655744711603	177655706928999
177655731238374	177655761362488	177655718949416
177655747912905	177655778013999	177655740695666
177655764813374	177655794666967	177655756198114
177655781190874	177655811322228	177655775032801
177655797622437	177655827978269	177655783541343
177655814557801	177655844634259	177655809820405
177655831319155	177655861290821	177655824658635
177655847933739	177655877946082	177655846468322
177655865389989	177655894596863	177655865309832
177655893108218	177655911249154	177655893001916
177655913148791	177655944553061	177655913068687
177655931101603	177655961203269	177655916832957
177655947998582	177655977855873	177655935324207
177655964492749	177655994506394	177655949730562
177655981074312	177656011158113	177655968784832
177656010814989	177656027811655	177656010745093
177656017217176	177656044466446	177656017169884
177656040042020	177656061123218	177656039951395
177656056153895	177656077777853	177656056078791
177656075474884	177656094432228	177656075378791
177656083815666	177656111085718	177656083758582
177656099198426	177656127738946	177656099124311
177656124317801	177656144392696	177656124247280
177656140697853	177656161046446	177656140624936
177656159855041	177656177699155	177656159750926
177656172182176	177656194351655	177656172073218
177656205228374	177656227660613	177656205141343
177656216718999	177656244317697	177656216658374
177656261308166	177656277631186	177656261195874
177656264857020	177656294286498	177656264784416
177656286139155	177656310947436	177656286074103
177656307556395	177656327605300	177656307464572
177656331271968	177656360921863	177656331137228
177656356797488	177656377579207	177656356700457
177656367995509	177656394238894	177656367930249
177656396111759	177656427556967	177656396012957
177656414171968	177656444217436	177656399620353
177656430648478	177656460877540	177656414107801
177656447280613	177656477531863	177656440423322
177656463854207	177656494186342	177656454077801
177656480294780	177656510839987	177656471681603
177656497289728	177656527496603	177656491695509
177656513949520	177656544157228	177656502819468
177656530343426	177656560822332	177656524466759
177656546994676	177656577487071	177656539478374
177656564031030	177656594150352	177656563687593
177656581840197	177656610810873	177656581775457
177656603354468	177656627470197	177656603287801
177656617488165	177656644126290	177656617420040
177656634107749	177656660780665	177656634040301
177656649155926	177656677436343	177656649096499
177656665354103	177656694090144	177656665295040
177656685663322	177656710746706	177656685586707
177656705305874	177656727405822	177656705242957
177656716170822	177656744063738	177656716104415
177656734884624	177656760719050	177656734803895
177656748383478	177656777377488	177656748326395
177656776187905	177656794035977	177656776117592
177656784420717	177656810692020	177656784350145
177656801584467	177656827348530	177656801526134
177656825662228	177656844005301	177656825578061
177656834309936	177656860657019	177656834255978
177656849276551	177656877306759	177656849209780
177656866612853	177656893959884	177656866552749
177656891811707	177656910615144	177656891699103
177656899358895	177656927275353	177656899281759
177656914813999	177656943933894	177656914756342
177656934981603	177656960591238	177656934920353
177656956700040	177656977249415	177656956626186
177656963836863	177656993908842	177656963747436
177656992273165	177657010566186	177656992206603
177657011249519	177657027223529	177657011169832
177657016073790	177657043881081	177657015989728
177657035234155	177657060539363	177657035152644
177657056159051	177657077200873	177657056072436
177657064216290	177657093859988	177657063865249
177657096507801	177657127171811	177657096405092
177657113783009	177657143829675	177657102106967
177657130295405	177657160487123	177657120363374
177657146970301	177657177145821	177657134285874
177657163729571	177657193804154	177657161668999
177657180741707	177657210460092	177657180417801
177657203123582	177657227116759	177657203060092
177657217521967	177657243775612	177657217454884
177657239553217	177657260432175	177657239478165
177657251112801	177657277087279	177657251063999
177657270103738	177657293743165	177657270027124
177657294424676	177657310398373	177657294315926
177657298619936	177657327053582	177657298555717
177657321461082	177657343707539	177657321370405
177657344572749	177657360359259	177657344480874
177657352055249	177657377015977	177657351955301
177657385485926	177657410327123	177657385410092
177657405203269	177657426979675	177657405108738
177657432253113	177657460285144	177657432160926
177657447368165	177657476941082	177657446963061
177657464076863	177657493595457	177657463996186
177657489629051	177657510250560	177657489539103
177657498963530	177657526905873	177657498893842
177657550409832	177657576873372	177657550333061
177657566846551	177657593527748	177657566777957
177657589525925	177657610182904	177657589438217
177657602273998	177657626838112	177657602193425
177657619854207	177657643497904	177657619795457
177657637473373	177657660156810	177657637395769
177657649834363	177657676814883	177657649766603
177657663570300	177657693469988	177657663486342
177657702580040	177657726781342	177657702509259
177657716100821	177657743439831	177657716038946
177657743910457	177657760099310	177657743809259
177657748619519	177657776759883	177657748572853
177657772560248	177657793420040	177657772473269
177657783396238	177657810080925	177657783335040
177657804736394	177657826741238	177657804646342
177657818704623	177657843399311	177657818649780
177657831987905	177657860059258	177657831934675
177657855199832	177657876717644	177657855121394
177657875282488	177657893375196	177657875218530
177657886938373	177657910034415	177657886877175
177657897924623	177657926692748	177657897878530
177657914203269	9223372036854775807	177657914134467

=== poll 1790150957.186372075
16666666
177657983305405	177658009982696	177657983232071
177657999205352	177658026637748	177657999134832
177658014392019	177658043297644	177658014328009
177658034074519	177658059956342	177658034007279
177658049214207	177658076611237	177658049136602
177658076146602	177658093270977	177658075917540
177658081132748	177658109933737	177658081075925
177658100141029	177658126595404	177658100062279
177658116213894	177658143254154	177658116143269
177658140986967	177658159911810	177658140907540
177658149442227	177658176568789	177658149383165
177658163788790	177658193223268	177658163733582
177658184119102	177658209874988	177658184050457
177658202059988	177658226530404	177658201989415
177658214811863	177658243186863	177658214742019
177658241908009	177658259842175	177658241854519
177658250812436	177658276497435	177658250750248
177658264893790	177658293152695	177658264717331
177658284821081	177658309809727	177658284735717
177658299350977	177658326466549	177658299290404
177658324058269	177658343120143	177658323963373
177658345519727	177658376439779	177658345456811
177658363383946	177658393096029	177658354216550
177658379445456	177658409749831	177658377210456
177658396421290	177658426405717	177658382245769
177658412515144	177658443059362	177658403288425
177658428851654	177658459712071	177658414716342
177658445685561	177658476360612	177658440240665
177658462241342	177658493014466	177658457388321
177658478694675	177658509670768	177658467919623
177658495485040	177658526325872	177658484026290
177658512439831	177658542979674	177658510570873
177658528786706	177658559634570	177658521180821
177658545532800	177658576287488	177658545436394
177658570815613	177658592942435	177658570740977
177658594883738	177658626249831	177658594743373
177658613456133	177658642902851	177658600964675
177658629761186	177658659559154	177658620928998
177658645877800	177658676216081	177658633575456
177658706819571	177658726178789	177658706723842
177658729644988	177658759491862	177658729511081
177658750026342	177658776146341	177658749962279
177658767345665	177658792802227	177658767270717
177658785656706	177658809455039	177658785578425
177658826285821	177658842757435	177658826188165
177658833070196	177658859408477	177658833022696
177658849909675	177658876057800	177658849842488
177658864235560	177658892709154	177658864191446
177658884396342	177658909360977	177658884343477
177658915145404	177658942665664	177658915051029
177658928912331	177658959316133	177658928558425
177658951962904	177658975967435	177658951904987
177658967357852	177658992619049	177658967303477
177658983730196	177659009271758	177658983672383
177659003582748	177659025924830	177659003526290
177659024510352	177659042578321	177659024461290
177659035987800	177659059231445	177659035933425
177659054636081	177659075885716	177659054570456
177659069289519	177659092540091	177659069224362
177659079203894	177659109194830	177659079115040
177659103973633	177659125848476	177659103899987
177659127756133	177659159165143	177659127685873
177659145090560	177659175826341	177659140322956
177659161742279	177659192487435	177659152401550
177659178303789	177659209147748	177659169317852
177659194752175	177659225811133	177659178591758
177659211591446	177659242472643	177659210437800
177659228851654	177659259130299	177659215351237
177659245125092	177659275789102	177659229412696
177659261416706	177659292447591	177659248412696
177659278319727	177659309105560	177659267067175
177659294866237	177659325764414	177659280573842
177659311667123	177659342423580	177659305417175
177659328201862	177659359082018	177659314767331
177659344743425	177659375740768	177659329106081
177659361331498	177659392397591	177659349275716
177659378099675	177659409052903	177659375143894
177659394910925	177659425707747	177659383493373
177659411351081	177659442362435	177659396832852
177659428115404	177659459019882	177659416944258
177659445248321	177659475676966	177659434246081
177659463485925	177659492330872	177659463388946
177659478262748	177659508985508	177659466751498
177659495030352	177659525640039	177659479187644
177659511825091	177659542295560	177659510930352
177659528110612	177659558950872	177659514114362
177659546984831	177659575604622	177659546770300
177659562324414	177659592259258	177659562279883
177659578266966	177659608914153	177659566301602
177659595071862	177659625567903	177659586992956
177659611656185	177659642223737	177659599116185
177659628303633	177659658875820	177659624926185
177659645409675	177659675529258	177659628386862
177659661885039	177659692186550	177659656494310
177659678000508	177659708843424	177659671862904
177659694717279	177659725499830	177659681891498
177659711362956	177659742155195	177659702063008
177659728060300	177659758811081	177659717395091
177659744945873	177659775465455	177659735287487
177659762200664	177659792123580	177659752115560
177659778510977	177659808780611	177659777420195
177659795005039	177659825437435	177659784662018
177659812143060	177659842094205	177659802678477
177659828550300	177659858749153	177659820251081
177659846141341	177659875403789	177659829863477
177659862304675	177659892058424	177659854956341
177659883816029	177659908713476	177659883727591
177659917939727	177659942029883	177659917827123
177659951947748	177659975343893	177659951852123
177659963679466	177659991999831	177659963606550
177659990211237	177660008655663	177659990137175
177660009582800	177660041969101	177660009478268
177660033485925	177660058628059	177660033388685
177660051509258	177660075285716	177660051449154
177660077481914	177660108600090	177660077375404
177660095209362	177660125257278	177660080080404
177660111270925	177660141914414	177660099074206
177660127851654	177660158571341	177660120672956
177660144626497	177660175229882	177660132095456
177660161322747	177660191887226	177660152042122
177660177937227	177660208543268	177660164965300
177660194236133	177660225201288	177660180465039
177660211230404	177660241860560	177660201352695
177660235623424	177660258517695	177660235540716
177660244717643	177660275175038	177660244390352
177660264250299	177660291829518	177660264176914
177660286386289	9223372036854775807	177660286222747

=== poll 1790150959.555803325
16666666
177660177937227	177660208543268	177660164965300
177660194236133	177660225201288	177660180465039
177660211230404	177660241860560	177660201352695
177660235623424	177660258517695	177660235540716
177660244717643	177660275175038	177660244390352
177660264250299	177660291829518	177660264176914
177660286386289	177660308488789	177660286222747
177660308023320	177660325147121	177660307920404
177660320428893	177660341804570	177660320326237
177660333973997	177660358463789	177660333901914
177660349851237	177660375125091	177660349772956
177660363751393	177660391783840	177660363685247
177660399776185	177660425099153	177660399707018
177660420533737	177660441756809	177660420195456
177660446494674	177660475067539	177660446402174
177660462571185	177660491724674	177660466745039
177660479628112	177660508384257	177660479557435
177660513627695	177660541698111	177660513524883
177660527811393	177660558354309	177660517977435
177660544277799	177660575013007	177660528743685
177660583620299	177660608326080	177660583516654
177660610705872	177660641630560	177660610624310
177660648301601	177660674933268	177660648166653
177660669406966	177660691584049	177660669314622
177660681581497	177660708236862	177660681500247
177660703712903	177660724887069	177660703608841
177660730578737	177660758200351	177660730492435
177660748890508	177660774856758	177660748814518
177660796746758	177660824821080	177660796672539
177660811144310	177660841474257	177660803993528
177660827592695	177660858128580	177660815246914
177660844167956	177660874782174	177660837133216
177660860870403	177660891435872	177660859596133
177660877389830	177660908092382	177660863268424
177660897702226	177660924746341	177660897636393
177660911715247	177660941402538	177660911651549
177660927991497	177660958061497	177660920756341
177660946241705	177660974719517	177660946159726
177660964734883	177660991378372	177660964668476
177660984154362	177661008036757	177660984083841
177661003133580	177661024693007	177661003072487
177661013638372	177661041348424	177661013581497
177661039671966	177661058006913	177661039556028
177661054343424	177661074665663	177661054232643
177661060893112	177661091322434	177661060820872
177661090579101	177661107978892	177661090500976
177661106262330	177661124634466	177661106195976
177661119746445	177661141286966	177661119694101
177661142222330	177661174593736	177661142146862
177661161365143	177661191245403	177661145946341
177661177266132	177661207896445	177661168355039
177661194065351	177661224548268	177661182469622
177661218948893	177661241201028	177661218869830
177661231401653	177661257855142	177661231315924
177661268438632	177661291157277	177661268314935
177661277364310	177661307807695	177661275742851
177661294094309	177661324459674	177661294007747
177661326455351	177661357763840	177661326344934
177661344886080	177661374417955	177661344740039
177661361025768	177661391074517	177661354956757
177661376952174	177661407729621	177661363459101
177661393801289	177661424385663	177661384210351
177661410068059	177661441043111	177661405072903
177661427201237	177661457701184	177661422686080
177661444094987	177661474356601	177661433724674
177661460534466	177661491016132	177661458714414
177661477076080	177661507677121	177661462184153
177661493391184	177661524338528	177661484051497
177661510592174	177661540998528	177661498387122
177661527894518	177661557656861	177661515141289
177661544047174	177661574317174	177661529318164
177661560058841	177661590976913	177661544507382
177661593644414	177661624296600	177661593555611
177661611020768	177661640955715	177661610968424
177661629897070	177661657613163	177661629831549
177661649983945	177661674270038	177661649891966
177661666995195	177661690931028	177661666911549
177661678642695	177661707591444	177661678559153
177661712206289	177661740909986	177661712130143
177661727110559	177661757572017	177661717286184
177661744139882	177661774233997	177661744078007
177661767935559	177661790891184	177661767868580
177661786647226	177661807548736	177661786571757
177661811782955	177661840861913	177661811681966
177661833477799	177661857520610	177661833401497
177661849424622	177661874181027	177661849355091
177661892818580	177661924146549	177661892738476
177661910490195	177661940803371	177661895859882
177661926927799	177661957459413	177661920385247
177661946167486	177661974116496	177661946075924
177661960937226	177661990774152	177661948639778
177661977155872	177662007428944	177661961393163
177661993887382	177662024082070	177661982565090
177662009916393	177662040738840	177661993892851
177662048669726	177662074044621	177662048576549
177662069272174	177662090696601	177662069212590
177662085960768	177662107347954	177662085891653
177662103136497	177662124002226	177662103066288
177662122578632	177662140661965	177662122493268
177662129248059	177662157317642	177662129172590
177662152102434	177662173973631	177662151988059
177662167102278	177662190627590	177662167032799
177662184542695	177662207282017	177662184449622
177662194122330	177662223934049	177662194063684
177662224943945	177662257237121	177662224872955
177662243469986	177662273889256	177662234720611
177662259845455	177662290539153	177662252248945
177662276553997	177662307192329	177662267553059
177662293088267	177662323843424	177662281711132
177662309558632	177662340494413	177662294372330
177662326262017	177662357146080	177662323958111
177662343165455	177662373796861	177662340741809
177662360053736	177662390447382	177662346587486
177662376626236	177662407096808	177662362980403
177662393726601	177662423748527	177662379264778
177662410185872	177662440402590	177662394977590
177662426604986	177662457058892	177662422533788
177662442967174	177662473718371	177662427534726
177662459689309	177662490375610	177662445490351
177662476183007	177662507030455	177662463478424
177662504239934	177662523684725	177662504144934
177662523302955	177662540338892	177662523233059
177662533797747	177662556991652	177662533745924
177662553116965	177662573645871	177662553044101
177662576642851	177662606942537	177662576545507
177662594456392	177662623590715	177662594315872
177662613671653	177662640240090	177662613587434

=== poll 1790150961.904149105
16666666
177662553116965	177662573645871	177662553044101
177662576642851	177662606942537	177662576545507
177662594456392	177662623590715	177662594315872
177662613671653	177662640240090	177662613587434
177662658561444	177662690183631	177662658446809
177662676287382	177662706832330	177662665713215
177662692993528	177662723482694	177662680627955
177662709553840	177662740135714	177662697591705
177662726101861	177662756787954	177662717210663
177662742857174	177662773435871	177662731832851
177662760769361	177662790085246	177662752361809
177662776662278	177662806733475	177662764337278
177662792855142	177662823380194	177662779200767
177662821540090	177662840028371	177662821464465
177662832992486	177662856676027	177662832933996
177662844601496	177662873326495	177662844544517
177662867303319	177662889978058	177662867232746
177662886082486	177662906631288	177662885993944
177662893874205	177662923282121	177662893814101
177662917234830	177662939932068	177662917155819
177662927793163	177662956581184	177662927732955
177662944336184	177662973233996	177662944261028
177662964363788	177662989888996	177662964280976
177662983091809	177663006543787	177662983034309
177663001990663	177663023196184	177663001929934
177663019528423	177663039849725	177663019450559
177663029178215	177663056502850	177663029124517
177663056477850	177663073153214	177663056381132
177663060054569	177663089805610	177663059987069
177663099022486	177663123106027	177663098929934
177663125450975	177663156413319	177663125380767
177663165319830	177663189714360	177663165208371
177663181786965	177663206366652	177663181722069
177663194835350	177663223019152	177663194771965
177663209584673	177663239673579	177663209532538
177663228805819	177663256326079	177663228724361
177663281161496	177663306281964	177663281078840
177663296676392	177663322936652	177663296477590
177663314793111	177663339586027	177663314719309
177663332046600	177663356236027	177663331968059
177663346637434	177663372887954	177663346564048
177663367202382	177663389539256	177663367113580
177663379197277	177663406189516	177663379127173
177663398399309	177663422838839	177663398321132
177663411150090	177663439488527	177663411103736
177663435281652	177663456139308	177663435212173
177663451337382	177663472788423	177663451282850
177663464238007	177663489438058	177663464170038
177663478195611	177663506084725	177663478125663
177663502644829	177663522733163	177663502580715
177663514986288	177663539384100	177663514910975
177663553793423	177663572687954	177663553698788
177663566424725	177663589338631	177663566360871
177663602578788	177663622643579	177663602492954
177663609287017	177663639302120	177663609233319
177663631756600	177663655956340	177663631659569
177663649123475	177663672608423	177663649037902
177663663924725	177663689257172	177663663862642
177663689223111	177663705907589	177663689160298
177663694465975	177663722558110	177663694420090
177663718079673	177663739205923	177663717980819
177663728307538	177663755855766	177663728247069
177663743301236	177663772506443	177663743246965
177663763535038	177663789155506	177663763481079
177663779193996	177663805806236	177663779118892
177663799842850	177663822458527	177663799753788
177663817637486	177663839110922	177663817566756
177663835442486	177663855761444	177663835381600
177663848861027	177663872411183	177663848764673
177663879140819	177663905710766	177663879038475
177663925438371	177663955667537	177663925345142
177663943028215	177663972320037	177663930466288
177663963368111	177663988970714	177663963263058
177663975608944	177664005624308	177663975554933
177664002878058	177664022277902	177664002781861
177664009871079	177664038931808	177664009818475
177664054259308	177664072240401	177664054160506
177664064193475	177664088892954	177664064114048
177664079166548	177664105545037	177664079095663
177664095548631	177664122198475	177664095494933
177664114156808	177664138851496	177664114076392
177664142839465	177664172150350	177664142729360
177664158857485	177664188802537	177664158428475
177664185484829	177664205454932	177664185392694
177664195971496	177664222109829	177664195900194
177664209282381	177664238764412	177664209211548
177664237348527	177664255414464	177664237264621
177664244155454	177664272064308	177664244088163
177664274538267	177664305365245	177664274460402
177664301494360	177664322016860	177664301429881
177664310427538	177664338666547	177664310377433
177664331543631	177664355315870	177664331466288
177664357178215	177664388610089	177664357085454
177664375295819	177664405258683	177664360718735
177664391395090	177664421909568	177664378443162
177664407930871	177664438560610	177664405559673
177664424564725	177664455214412	177664410754048
177664441321392	177664471865194	177664427935975
177664457853215	177664488513423	177664443870558
177664474397433	177664505164204	177664469360298
177664491025558	177664521819099	177664480514465
177664507837069	177664538472276	177664493371496
177664524373267	177664555127173	177664517377746
177664543325246	177664571778735	177664543284100
177664559155975	177664588432485	177664559098371
177664588265871	177664605085819	177664588192173
177664594013319	177664621739256	177664593952850
177664610175871	177664638391130	177664610110871
177664634608996	177664655044203	177664634518371
177664643418162	177664671695923	177664643362850
177664659648475	177664688346755	177664659588475
177664696243267	177664721644880	177664696152017
177664707690767	177664738294672	177664701386444
177664724294308	177664754945923	177664708869621
177664740865871	177664771597537	177664735942902
177664758965402	177664788244881	177664758889517
177664775885454	177664804892277	177664775642954
177664798440298	177664821540505	177664798369464
177664814819464	177664838190089	177664814751496
177664830674777	177664854841339	177664830614985
177664852243319	177664871494672	177664852169152
177664864037173	177664888148839	177664863961652
177664880663996	177664904804307	177664880599516
177664891483735	177664921458943	177664891433996
177664919974152	177664938113578	177664919898266
177664925889569	177664954770610	177664925841339
177664943383110	177664971427641	177664943333006

=== poll 1790150964.250293531
16666666
177664880663996	177664904804307	177664880599516
177664891483735	177664921458943	177664891433996
177664919974152	177664938113578	177664919898266
177664925889569	177664954770610	177664925841339
177664943383110	177664971427641	177664943333006
177664990080089	177665021402329	177664989980923
177665024153058	177665054718734	177665024110923
177665041720923	177665071376808	177665027370193
177665057754725	177665088033318	177665049248891
177665074388996	177665104687797	177665064730662
177665090903318	177665121340922	177665087032016
177665107700662	177665137998839	177665105314048
177665123858058	177665154656235	177665109921756
177665140716027	177665171311130	177665135149829
177665157384100	177665187966182	177665143806808
177665174125246	177665204619828	177665164978318
177665195034256	177665221276703	177665194964256
177665215115141	177665237933891	177665215005871
177665239965766	177665271249828	177665239903735
177665258196131	177665287904360	177665247802589
177665274815089	177665304558734	177665266619360
177665290695558	177665321210193	177665287886287
177665307764568	177665337864985	177665306252277
177665331595610	177665354518005	177665331516964
177665346084516	177665371172068	177665346025037
177665357983475	177665387827224	177665357903683
177665384725923	177665404481078	177665384604100
177665393602277	177665421134516	177665393538579
177665455746027	177665487749203	177665455629308
177665475105089	177665504398839	177665465916756
177665491009620	177665521051652	177665476161235
177665507660714	177665537706912	177665494342589
177665524043995	177665554358214	177665522026547
177665540245662	177665571009985	177665526949881
177665557105506	177665587662328	177665544036912
177665573783422	177665604311495	177665562276860
177665594186756	177665620959724	177665594090037
177665608377902	177665637612745	177665608309516
177665639928475	177665670914776	177665639857016
177665656959047	177665687567224	177665649334308
177665673801547	177665704213161	177665667655089
177665690198474	177665720861547	177665677724724
177665707613631	177665737508890	177665695262120
177665724382016	177665754159724	177665716403943
177665740086547	177665770808838	177665724851599
177665756524464	177665787459985	177665753246287
177665773464256	177665804111651	177665770589256
177665790042693	177665820762901	177665781424308
177665816733162	177665837416912	177665816593110
177665825260766	177665854069255	177665825201235
177665850658735	177665870722432	177665850588683
177665868023474	177665887376078	177665867943318
177665878458006	177665904029776	177665878393422
177665898299881	177665920682693	177665898232172
177665923256131	177665953992797	177665923157329
177665946073162	177665970646339	177665945989099
177665974166860	177666003952901	177665974083787
177665995520714	177666020605141	177665995456183
177666011560714	177666037256390	177666011501651
177666052279308	177666070564671	177666052164412
177666058265297	177666087216130	177666058172433
177666077842849	177666103870088	177666077764568
177666091010506	177666120520974	177666090943943
177666113102589	177666137175349	177666113034776
177666124833318	177666153834099	177666124775922
177666148334828	177666170489411	177666148248214
177666162460506	177666187142380	177666162382797
177666174526703	177666203795089	177666174450349
177666201384047	177666220449359	177666201312693
177666217640818	177666237105505	177666217518474
177666236186495	177666253756025	177666236110714
177666248400037	177666270409203	177666248330141
177666289714412	177666320371182	177666289629620
177666306463526	177666337025244	177666301275922
177666323377641	177666353679985	177666316129880
177666351830193	177666370334828	177666351761860
177666357348474	177666386989099	177666356316078
177666381413162	177666403637536	177666381350974
177666421941235	177666453583839	177666421794985
177666440181287	177666470232172	177666424935453
177666456343318	177666486881078	177666448725297
177666472957641	177666503531338	177666458795297
177666489525558	177666520182901	177666484444724
177666505944828	177666536835817	177666504162016
177666529113683	177666553492693	177666529039933
177666548055141	177666570146755	177666547979568
177666566596078	177666586800505	177666566514047
177666582107276	177666603453734	177666582019776
177666604055349	177666636766130	177666603947068
177666623205818	177666653419360	177666607629932
177666640056964	177666670070192	177666630003891
177666656339412	177666686719307	177666642102797
177666672710610	177666703368214	177666657715297
177666691073474	177666720018630	177666690981182
177666708728839	177666736667640	177666708615453
177666770765766	177666786614880	177666770696026
177666775502693	177666803264619	177666775453943
177666791240245	177666819914723	177666791181339
177666819902328	177666836563317	177666819805557
177666825706651	177666853212067	177666825647589
177666848336443	177666869865922	177666848260922
177666861766599	177666886518943	177666861681912
177666873676130	177666903169151	177666873614047
177666914283578	177666936465244	177666914188526
177666930874880	177666953113370	177666930792641
177666945579151	177666969762901	177666945518474
177666967385245	177666986412067	177666967309932
177666973534672	177667003062692	177666973486286
177666994388057	177667019716130	177666994309516
177667010422172	177667036368942	177667010333526
177667029933891	177667053022224	177667029867693
177667058270505	177667086327120	177667058191130
177667074385714	177667102980609	177667074129307
177667092940870	177667119637224	177667092882693
177667124490974	177667152943004	177667124391234
177667139017693	177667169596806	177667134233474
177667155632797	177667186252692	177667153307328
177667172040297	177667202908682	177667159470141
177667188667484	177667219563838	177667174086651
177667217617224	177667236214307	177667217545713
177667225740818	177667252861599	177667225688370
177667240369880	177667269509879	177667240309411
177667268865922	177667286159568	177667268779255
177667274644359	177667302812432	177667274371963
177667292295766	177667319467849	177667292217380
177667307511547	177667336123265	177667307271078
177667329498266	177667352777692	177667329427849

=== poll 1790150966.600820561
16666666
177667355173057	177667386085973	177667355088995
177667372094672	177667402740609	177667358099411
177667388812276	177667419395557	177667381266807
177667405219672	177667436050609	177667399636391
177667421783734	177667452707744	177667408610818
177667451169672	177667469364932	177667451096130
177667471863161	177667502671598	177667471666599
177667488878838	177667519322432	177667476857536
177667505355193	177667535968109	177667499906859
177667522072640	177667552612067	177667512157953
177667538577849	177667569261755	177667526736495
177667555380922	177667585912900	177667545687536
177667571743578	177667602562276	177667564375245
177667588320088	177667619211963	177667574408109
177667616501182	177667635861234	177667616423422
177667629138005	177667652511181	177667629060817
177667640101807	177667669159514	177667639971338
177667664515974	177667685808629	177667664434724
177667675838265	177667702457067	177667675780192
177667694292953	177667719105609	177667694238995
177667711219880	177667735754410	177667711151755
177667727476911	177667752404358	177667727409567
177667738767380	177667769051390	177667738712276
177667794016807	177667818990817	177667793916182
177667815229828	177667835637796	177667815169515
177667824510922	177667852285348	177667824465505
177667846934880	177667868929619	177667846861963
177667868450609	177667885575191	177667868356599
177667874451234	177667902225765	177667874396390
177667889510713	177667918872639	177667889457015
177667907193994	177667935521129	177667907128838
177667929020974	177667952171130	177667928935557
177667944374151	177667968821390	177667944294776
177667971966755	177668002123890	177667971906599
177667988319255	177668018772067	177667985924932
177668004774307	177668035421129	177667990692276
177668021431130	177668052068317	177668009285453
177668037888109	177668068715088	177668023910192
177668054743942	177668085364202	177668042416807
177668071940974	177668102009723	177668059088213
177668088716911	177668118654358	177668076112536
177668104683682	177668135300609	177668091560088
177668121512171	177668151944046	177668114299411
177668138096390	177668168587119	177668124218942
177668154906130	177668185233473	177668139968265
177668171142015	177668201883942	177668160813474
177668187884255	177668218533942	177668185420296
177668204400140	177668235186911	177668188866338
177668252816651	177668285127483	177668252737015
177668271380244	177668301775661	177668262542744
177668288420713	177668318423942	177668281213317
177668304923578	177668335069150	177668295581963
177668320998526	177668351717223	177668311634984
177668337818786	177668368367588	177668324263369
177668355453057	177668385017431	177668340772484
177668371531546	177668401662067	177668355721703
177668387531598	177668418307744	177668377314984
177668403944567	177668434956286	177668392230921
177668420693526	177668451604984	177668406425713
177668437441286	177668468254515	177668429343213
177668454319411	177668484902900	177668440517848
177668470941546	177668501550347	177668462609984
177668488572328	177668518198994	177668478786130
177668505533525	177668534847223	177668490113630
177668531576442	177668551494567	177668531488473
177668543805192	177668568144514	177668543733786
177668568969723	177668601444827	177668568867328
177668587621286	177668618095660	177668581918109
177668603988525	177668634745192	177668588735505
177668620776442	177668651395191	177668608337953
177668639568473	177668668044931	177668639482848
177668659761338	177668684692900	177668659689255
177668690665713	177668717993629	177668690588994
177668707690817	177668734646337	177668707595036
177668721752275	177668751301494	177668721694046
177668760468577	177668784602170	177668760390869
177668784826963	177668801249046	177668784739567
177668795257119	177668817895035	177668795189723
177668811523109	177668834543681	177668811449567
177668834169880	177668851194722	177668833979463
177668852637223	177668884496181	177668852399359
177668870800452	177668901148056	177668856546338
177668887210348	177668917800087	177668876396598
177668945551702	177668967774359	177668945451286
177668965633421	177668984433108	177668965535661
177668984531494	177669001090660	177668984436859
177668988504827	177669017745452	177668988454463
177669004801859	177669034398525	177669004741025
177669029125192	177669051053004	177669029047848
177669073826754	177669101021441	177669073727327
177669088456546	177669117677223	177669088400296
177669108767744	177669134332275	177669108706234
177669125755348	177669150986390	177669125692640
177669147278734	177669167639254	177669147180452
177669158761859	177669184292691	177669158685504
177669178747536	177669200947275	177669178673525
177669196243421	177669217599722	177669196155192
177669214366754	177669234251753	177669214286963
177669223648421	177669250906702	177669223566390
177669244507171	177669267563369	177669244432588
177669260368890	177669284220660	177669260291859
177669279500713	177669300875348	177669279439723
177669296203994	177669317530399	177669296131234
177669320261911	177669350838264	177669320190869
177669337246234	177669367489254	177669327847379
177669354334359	177669384138680	177669340253265
177669370799150	177669400786753	177669364334515
177669386775244	177669417436180	177669378796702
177669403640400	177669434085191	177669390841233
177669420049306	177669450733733	177669407608265
177669436705296	177669467381181	177669427770556
177669453580088	177669484028628	177669446576338
177669470031390	177669500679567	177669465739567
177669486664150	177669517330816	177669479692223
177669503232067	177669533983785	177669490042848
177669519892379	177669550633524	177669508981806
177669536603525	177669567281285	177669525806338
177669553176494	177669583930191	177669549157692
177669570768733	177669600584826	177669553919150
177669587135869	177669617239254	177669581768473
177669603329150	177669633894826	177669591133004
177669619676806	177669650545608	177669606329567
177669636507379	177669667194930	177669625910296
177669653183577	177669683846076	177669639077431
177669675799046	177669700496649	177669675707015
177669696463317	177669717147692	177669696376910
177669716139879	9223372036854775807	177669716035713

=== poll 1790150968.979620508
16666666
177669696463317	177669717147692	177669696376910
177669716139879	177669733796858	177669716035713
177669720972952	177669750446650	177669720912327
177669751050921	177669767097743	177669750969879
177669754616494	177669783747847	177669754557379
177669779381338	177669800398160	177669779309358
177669804394983	177669833696597	177669804290348
177669824101129	177669850349879	177669823984931
177669843698004	177669866998107	177669843619619
177669861582431	177669883648212	177669861511962
177669872451910	177669900296128	177669872386546
177669900178004	177669916946805	177669900090348
177669903657067	177669933596910	177669903614306
177669928484462	177669950247223	177669928393160
177669940192587	177669966897900	177669940126754
177669954261910	177669983548525	177669954191233
177669970625921	177670000197900	177669970558056
177669990002119	177670016847431	177669989936546
177670010154150	177670033496389	177670010074567
177670026174619	177670050145712	177670026099983
177670038911910	177670066796597	177670038830556
177670072953160	177670100097118	177670072865400
177670093875869	177670116747535	177670093737014
177670153528264	177670183343055	177670153426025
177670186403264	177670216640243	177670186325556
177670203366650	177670233287379	177670189726910
177670220280296	177670249935347	177670206905869
177670236361702	177670266586389	177670225795192
177670252732796	177670283239775	177670248687535
177670270872327	177670299890660	177670270800191
177670293412014	177670316541077	177670293329462
177670308721910	177670333192899	177670308650816
177670324475660	177670349848420	177670324415191
177670345389462	177670366503055	177670345319202
177670364148316	177670383156909	177670364073889
177670385296962	177670416457431	177670385225087
177670402484671	177670433110868	177670395926077
177670421692119	177670449766128	177670421608889
177670436717639	177670466418628	177670433636337
177670453193785	177670483076493	177670439772327
177670469015035	177670499736389	177670453396285
177670485503577	177670516392743	177670479145243
177670502549202	177670533045451	177670490656129
177670519148212	177670549698108	177670502849514
177670535626546	177670566350347	177670531836650
177670553298368	177670583004253	177670553222066
177670573681493	177670599658004	177670573604202
177670600501337	177670632963108	177670600424306
177670619019202	177670649616493	177670604770712
177670639508941	177670666267638	177670639413473
177670653442952	177670682921493	177670648996754
177670669583264	177670699572899	177670653762223
177670685777639	177670716225920	177670676210139
177670702419775	177670732879566	177670688853785
177670718882014	177670749531961	177670716826285
177670735726962	177670766185035	177670731876806
177670752482066	177670782838472	177670738085295
177670777407431	177670799490711	177670777324670
177670793615191	177670816141441	177670793523420
177670810816910	177670832790920	177670810744358
177670833388473	177670866095243	177670833268473
177670852496545	177670882746441	177670844174045
177670869879514	177670899398472	177670865773264
177670885991806	177670916053577	177670869875556
177670933908577	177670966013472	177670933714254
177670952553525	177670982668160	177670948412379
177670969013993	177670999320243	177670957295035
177670995367691	177671015970972	177670995289775
177671008112952	177671032618420	177671008054566
177671023424462	177671049268107	177671023340400
177671041730816	177671065919306	177671041655816
177671058231754	177671082572066	177671058155764
177671070645712	177671099223681	177671070574462
177671096474045	177671115875555	177671096401285
177671108221910	177671132528784	177671108158264
177671120865295	177671149183315	177671120803889
177671139309045	177671165835660	177671139236910
177671155732587	177671182487847	177671155639410
177671175399514	177671199140972	177671175310399
177671193821337	177671215796285	177671193747327
177671205882274	177671232452014	177671205817952
177671241007431	177671265754097	177671240917795
177671260251910	177671282406128	177671260170816
177671300012691	177671332375503	177671299894254
177671318584254	177671349032795	177671303453264
177671335774566	177671365689513	177671325187691
177671361456806	177671382342482	177671361289826
177671368925868	177671398992170	177671368872066
177671390052691	177671415642951	177671389985608
177671407749826	177671432295399	177671407684149
177671421918264	177671448948367	177671421858212
177671439420972	177671465599201	177671439349149
177671456461285	177671482250399	177671456391858
177671471986129	177671498900763	177671471928629
177671489400504	177671515549721	177671489336597
177671515671285	177671532199305	177671515592014
177671519320660	177671548851024	177671519260660
177671539939931	177671565503628	177671539883681
177671560425972	177671582157482	177671560362222
177671580415503	177671598811597	177671580343056
177671590020139	177671615461909	177671589958837
177671606086389	177671632113940	177671606014201
177671618611545	177671648766336	177671618546545
177671638226753	177671665418993	177671638151753
177671654180556	177671682073784	177671654103889
177671671113264	177671698728212	177671671043160
177671697752587	177671715382691	177671697665347
177671704699983	177671732031388	177671704618003
177671732635503	177671748682378	177671732526076
177671743128056	177671765334983	177671743062326
177671760795087	177671781983524	177671760722326
177671771233576	177671798629566	177671771034931
177671795092014	177671815276909	177671795000035
177671803822691	177671831929617	177671803758420
177671849059670	177671865231284	177671848949618
177671865615399	177671881881023	177671865560399
177671869867587	177671898533003	177671869812430
177671886254358	177671915187013	177671886186337
177671911057326	177671931843263	177671910920660
177671918664462	177671948498316	177671918604566
177671939451805	177671965153211	177671939371233
177671959539618	177671981807847	177671959465191
177671970060295	177671998460242	177671969995451
177671999103472	177672031771909	177671998982430
177672018478732	177672048424148	177672015516910
177672034796337	177672065075347	177672024484878
177672051251128	9223372036854775807	177672037739618

=== poll 1790150971.358078841
16666666
177672117454774	177672148337273	177672106741128
177672134180451	177672164992013	177672122423055
177672151109930	177672181648575	177672145477482
177672167597326	177672198304826	177672158569462
177672184351024	177672214961700	177672171386024
177672201729930	177672231619877	177672195148212
177672217996493	177672248277586	177672203816441
177672237432222	177672264932742	177672237360243
177672256163524	177672281585919	177672256067274
177672290582222	177672314888940	177672290507222
177672309401962	177672331539513	177672309334097
177672319832795	177672348192690	177672319772534
177672343525972	177672364850347	177672343384982
177672358946128	177672381504252	177672358879826
177672368533837	177672398157430	177672368471180
177672398536232	177672414806179	177672398443889
177672404538055	177672431456492	177672404480972
177672418939514	177672448107378	177672418850712
177672457899566	177672481415138	177672457806284
177672473881128	177672498069357	177672473811857
177672502069566	177672531381648	177672501981441
177672519398420	177672548038836	177672519327743
177672538369826	177672564694982	177672538283732
177672554704722	177672581351128	177672554616649
177672568956545	177672598008107	177672568890555
177672589612378	177672614665034	177672589544670
177672623112847	177672647974930	177672623035816
177672645445243	177672664631961	177672645366701
177672664321805	177672681286909	177672664243784
177672673587013	177672697942378	177672673499774
177672691645763	177672714596492	177672691554774
177672710376076	177672731252378	177672710295295
177672724613472	177672747908472	177672724528732
177672738843368	177672764563940	177672738777586
177672755991493	177672781217534	177672755931649
177672774127534	177672797869044	177672774062951
177672807100034	177672831175138	177672807031857
177672822238888	177672847827430	177672822168628
177672834052170	177672864478419	177672833718732
177672856627066	177672881131649	177672856540191
177672874732586	177672897784201	177672874617118
177672889614045	177672914438836	177672889536336
177672919649618	177672947743211	177672919553107
177672956729774	177672981045606	177672956646493
177672968866649	177672997700243	177672968800347
177672985081493	177673014356753	177672985019045
177673004636128	177673031012899	177673004553159
177673018687638	177673047665815	177673018610503
177673042056024	177673064321075	177673041992482
177673059834409	177673080975815	177673059746336
177673068844253	177673097632950	177673068778993
177673096884409	177673114286544	177673096813211
177673105865659	177673130942377	177673105804565
177673124551024	177673147598367	177673124473784
177673135676388	177673164252273	177673135619513
177673163698315	177673180908210	177673163603107
177673169047690	177673197564305	177673168991076
177673189189722	177673214216961	177673189108159
177673207126909	177673230868158	177673207070920
177673227535451	177673247521232	177673227465347
177673236155242	177673264174097	177673236083524
177673255278107	177673280825763	177673255207222
177673273449097	177673297476753	177673273364774
177673288732378	177673314126857	177673288662013
177673315012013	177673347426335	177673314905086
177673333677690	177673364080190	177673318525451
177673377241961	177673397387950	177673377133211
177673391778784	177673414039929	177673391701492
177673406028367	177673430691388	177673405962951
177673422744617	177673447341127	177673422671597
177673437555242	177673463991596	177673437492899
177673451034305	177673480646336	177673450974878
177673472994513	177673497297064	177673472914149
177673491770399	177673513947221	177673491691961
177673502974044	177673530597169	177673502897430
177673521981388	177673547251857	177673521892690
177673545368159	177673563903210	177673545204149
177673565981544	177673597212898	177673565879409
177673583393784	177673613867221	177673576382326
177673599778315	177673630525658	177673588339930
177673620692690	177673647181857	177673620623419
177673637349409	177673663833523	177673637271388
177673676945659	177673697138940	177673676855138
177673683368159	177673713795867	177673683236232
177673707475346	177673730450242	177673707371544
177673733042117	177673763749982	177673732946440
177673749771128	177673780401388	177673743169773
177673766322378	177673797054513	177673754239253
177673782947169	177673813708054	177673780031857
177673799870294	177673830362117	177673794997013
177673816377326	177673847017950	177673806822117
177673832948523	177673863670502	177673825434669
177673849656805	177673880322273	177673837701961
177673866243107	177673896973836	177673854243367
177673882955867	177673913626075	177673874282378
177673899805190	177673930278523	177673887679826
177673917163055	177673946929252	177673907332221
177673933505919	177673963583471	177673925184253
177673950007221	177673980232533	177673934577638
177673966411909	177673996882846	177673953927013
177673983179409	177674013532116	177673975195138
177674000013940	177674030180919	177673984627169
177674016382169	177674046828054	177674006998419
177674033011180	177674063472481	177674020621128
177674049463836	177674080116127	177674034745919
177674065970138	177674096760190	177674058930138
177674082699825	177674113404825	177674071479721
177674099302273	177674130049773	177674084214200
177674121497325	177674146698888	177674121432065
177674136430711	177674163346857	177674136354721
177674162366700	177674179995555	177674162297898
177674166046284	177674196641023	177674165995711
177674183985502	177674213289617	177674183937273
177674201089409	177674229938106	177674201042950
177674220949669	177674246582897	177674220897690
177674233881075	177674263224200	177674233833315
177674270970659	177674296508106	177674270913836
177674285197794	177674313151492	177674285142690
177674304393002	177674329794721	177674304325138
177674317960711	177674346439356	177674317914513
177674336730555	177674363083159	177674336670815
177674359449877	177674379725606	177674359378002
177674371365763	177674396368002	177674371310711
177674387185294	177674413016752	177674387113888
177674399802013	177674429664409	177674399739304
177674419976648	177674446311075	177674419901596
177674441744669	9223372036854775807	177674441652690

=== poll 1790150973.703115142
16666666
177674603584304	177674629395606	177674603528888
177674620114773	177674646041179	177674619967325
177674640191909	177674662687012	177674640116961
177674663754877	177674695971908	177674663649252
177674682035711	177674712613940	177674669399356
177674698811388	177674729255502	177674684225398
177674715453888	177674745899147	177674701262742
177674731923992	177674762543940	177674719723002
177674750715086	177674779189981	177674750626284
177674769947950	177674795837533	177674769884096
177674794872169	177674812481336	177674794761596
177674803418575	177674829122533	177674803344461
177674822669461	177674845759304	177674822603575
177674834650450	177674862400033	177674834581856
177674850842065	177674879043836	177674850789096
177674874353731	177674895686908	177674874275815
177674884217742	177674912330242	177674884161388
177674910676492	177674928974617	177674910604148
177674927359200	177674945616596	177674927269825
177674934952846	177674962258002	177674934902742
177674949355971	177674978899668	177674949301231
177674970022065	177674995542429	177674969956856
177674984226544	177675012185710	177674984166908
177675000313679	177675028830866	177675000255606
177675022189929	177675045480345	177675022122013
177675035652481	177675062130606	177675035579304
177675048694200	177675078780501	177675048615398
177675075987690	177675095432169	177675075916544
177675092775919	177675112082898	177675092702638
177675099317846	177675128732064	177675099262533
177675114911804	177675145381179	177675114858419
177675134665919	177675162032742	177675134586179
177675148260658	177675178683262	177675148210398
177675169894565	177675195334564	177675169821804
177675195313315	177675211986595	177675195239200
177675198550658	177675228635606	177675198505658
177675224721752	177675245280033	177675224660763
177675245747325	177675261925137	177675245681179
177675248866908	177675278571960	177675248798731
177675275972794	177675295217480	177675275908002
177675286201231	177675311862897	177675286139460
177675299660033	177675328508106	177675299595242
177675319077585	177675345153522	177675319005398
177675347162117	177675378448522	177675347070710
177675364674721	177675395096022	177675352280502
177675380988002	177675411749512	177675369572690
177675397925450	177675428405866	177675396315971
177675415336908	177675445056751	177675401323054
177675431963367	177675461705241	177675424409044
177675447473262	177675478355085	177675436336387
177675464508731	177675495007325	177675455181335
177675481059825	177675511655918	177675474826960
177675497515919	177675528303992	177675486024304
177675514337585	177675544951856	177675499623939
177675530638575	177675561599304	177675514794669
177675547452325	177675578246856	177675537430398
177675564229877	177675594894512	177675550756856
177675580751908	177675611543991	177675570619460
177675597617533	177675628193887	177675583856179
177675614139669	177675644840293	177675605209408
177675631393262	177675661484564	177675619399200
177675648063210	177675678129824	177675633877221
177675664044617	177675694776283	177675655858054
177675680733575	177675711423418	177675674571127
177675697224460	177675728070345	177675683825502
177675714106179	177675744717428	177675707204512
177675730586596	177675761363314	177675725303939
177675747780137	177675778008991	177675744595606
177675763935033	177675794654563	177675747835033
177675780793939	177675811297377	177675771485919
177675797235241	177675827942221	177675783755554
177675814092377	177675844587584	177675803374200
177675831538106	177675861234095	177675831459304
177675848174825	177675877882689	177675835907689
177675864248731	177675894530397	177675850137325
177675880336075	177675911180033	177675868973679
177675897447221	177675927828158	177675886043731
177675913994773	177675944475970	177675909331960
177675930428314	177675961126335	177675923553002
177675947036335	177675977776387	177675933878418
177675977700606	177675994424668	177675977619668
177675990942846	177676011074512	177675990783939
177676005913471	177676027722012	177676005826127
177676023065241	177676044370970	177676023003210
177676039446179	177676061016959	177676039351804
177676063744356	177676094314772	177676063636804
177676081397950	177676110962741	177676080795137
177676105165554	177676127610189	177676105071127
177676119712325	177676144259303	177676119635033
177676151277273	177676177557116	177676151182481
177676169874929	177676194205970	177676169796231
177676184131804	177676210852637	177676184072793
177676200587689	177676227500606	177676200518262
177676219984356	177676244146803	177676219915137
177676240073106	177676260792897	177676239960814
177676248758054	177676277438158	177676248693314
177676267232793	177676294082325	177676267167585
177676283802689	177676310727897	177676283736700
177676316578002	177676344021595	177676316493210
177676336169460	177676360672689	177676336086491
177676349615866	177676377318886	177676349538679
177676371887741	177676393964564	177676371661804
177676395113418	177676427251283	177676395004460
177676413558627	177676443896595	177676398445189
177676429963887	177676460540345	177676423838939
177676446424616	177676477185969	177676433805814
177676463264564	177676493835657	177676452881439
177676480729095	177676510485449	177676467026491
177676496925450	177676527134772	177676484455918
177676513117950	177676543781439	177676499494043
177676529945241	177676560424981	177676521203835
177676546410814	177676577070240	177676543421543
177676563259460	177676593713990	177676552652741
177676579668314	177676610358626	177676565307012
177676596269981	177676627005658	177676587310606
177676612856231	177676643650032	177676598858783
177676629621022	177676660297532	177676621518366
177676646314408	177676676944408	177676639881595
177676662705293	177676693589772	177676649552220
177676682641335	177676710236022	177676682559199
177676696786752	177676726885033	177676688754668
177676713109095	177676743535293	177676708497897
177676729635293	177676760184095	177676714080606
177676745991127	177676776833522	177676732977272
177676762437533	177676793482376	177676752255814
177676779778522	177676810131387	177676765639772
177676796152897	9223372036854775807	177676791288262

=== poll 1790150976.063226964
16666666
177676879418887	177676910014616	177676872612585
177676895889720	177676926664667	177676886470293
177676913269876	177676943313210	177676904732376
177676929563158	177676959959147	177676913918783
177676945717116	177676976605970	177676935023001
177676965316387	177676993250762	177676965238679
177676983360137	177677009897323	177676983272897
177676998583262	177677026543574	177676998490606
177677030658314	177677059837115	177677030355762
177677046279251	177677076479928	177677035388783
177677062538210	177677093124824	177677050210449
177677079049408	177677109770397	177677064152376
177677095600970	177677126416125	177677086757793
177677112423522	177677143060136	177677100657533
177677129953418	177677159704876	177677123740553
177677146227272	177677176347271	177677130891699
177677162306856	177677192990657	177677148897012
177677181949408	177677209636490	177677181880345
177677199442376	177677226282584	177677199365189
177677213865918	177677242930865	177677213797637
177677236325814	177677259577480	177677236263001
177677251431699	177677276222063	177677251359512
177677269369512	177677292871282	177677269301491
177677283194876	177677309518939	177677283121439
177677299405970	177677326168418	177677299318001
177677315599512	177677342814876	177677315522064
177677341502741	177677359459980	177677341427064
177677348963053	177677376106542	177677348898522
177677376408522	177677392753469	177677376337376
177677383309355	177677409400292	177677383248314
177677410188314	177677442694146	177677410110762
177677429007116	177677459337116	177677414160293
177677445399720	177677475982480	177677429458626
177677461904720	177677492630917	177677448486855
177677478852220	177677509275709	177677468051751
177677495516126	177677525921907	177677481992845
177677512015032	177677542568157	177677499975814
177677528473887	177677559214355	177677514988626
177677545933210	177677575861542	177677541042793
177677562600762	177677592509302	177677550581126
177677578494876	177677609154355	177677566152637
177677595182168	177677625796907	177677581869876
177677611773678	177677642439563	177677599054668
177677628741387	177677659082792	177677626155553
177677645162637	177677675725293	177677631116491
177677661559199	177677692368313	177677649585866
177677678626230	177677709012324	177677665856907
177677695353157	177677725655917	177677681269199
177677711578939	177677742299355	177677695454564
177677728459147	177677758943469	177677721238418
177677744923887	177677775588000	177677739298053
177677762308834	177677792235709	177677749059772
177677778739303	177677808881594	177677770020501
177677794940032	177677825526282	177677782647897
177677811611178	177677842169824	177677800506230
177677828335345	177677858816699	177677815207584
177677844946803	177677875464720	177677844883991
177677876560397	177677908757376	177677876479303
177677895014095	177677925401802	177677880900189
177677911445918	177677942046073	177677899272324
177677927954043	177677958692428	177677925649407
177677944772428	177677975338418	177677934033782
177677961487428	177677991983104	177677947168678
177677979007116	177678008626178	177677978858261
177677999009616	177678025270813	177677998931959
177678012201855	177678041913365	177678012142064
177678030525189	177678058557115	177678030444720
177678044840397	177678075200657	177678044724720
177678098673939	177678125123729	177678098562532
177678121566907	177678141766334	177678121491074
177678129922324	177678158407636	177678129844616
177678152744251	177678175047063	177678152656855
177678166826699	177678191690605	177678166748157
177678179218991	177678208331802	177678179150553
177678200932688	177678224968886	177678200812949
177678213630501	177678241611594	177678213558470
177678247447636	177678274898782	177678247363366
177678261331022	177678291543678	177678261179876
177678277701334	177678308185136	177678265764095
177678294203522	177678324825918	177678279607428
177678310862741	177678341468417	177678298850866
177678327477272	177678358109719	177678322813313
177678344252740	177678374749771	177678329909824
177678361352220	177678391390865	177678347139251
177678378093938	177678408031958	177678366420032
177678394659824	177678424675917	177678386921855
177678411363418	177678441321751	177678400526438
177678429342636	177678457967271	177678429246543
177678446538886	177678474610865	177678446468053
177678465219251	177678491256178	177678465135136
177678478623574	177678507903678	177678478555761
177678498873782	177678524547063	177678498796178
177678522157011	177678541190448	177678522068105
177678528977636	177678557834876	177678528920449
177678560415657	177678591121647	177678560329720
177678577437220	177678607761699	177678565381907
177678593880970	177678624401021	177678583719876
177678611076074	177678641042115	177678594232792
177678631207897	177678657682063	177678631123938
177678649181542	177678674322011	177678649078886
177678678916178	177678707607948	177678678826542
177678699041595	177678724251073	177678698936126
177678722636751	177678740894094	177678722477897
177678735155501	177678757536959	177678735077376
177678757508834	177678774184458	177678757438209
177678760776386	177678790826178	177678760739667
177678781291438	177678807470500	177678781223678
177678800759511	177678824112272	177678800683678
177678821364719	177678840752375	177678821289928
177678831512740	177678857392532	177678831445709
177678853610865	177678874034771	177678853516594
177678863804772	177678890676594	177678863737532
177678887370344	177678907318730	177678887252063
177678894339615	177678923960813	177678894293990
177678914014615	177678940602323	177678913939355
177678942164719	177678973899979	177678942059772
177678960127584	177678990549146	177678959982688
177678991955865	177679023852844	177678991883469
177679009969355	177679040504876	177678995398678
177679026468313	177679057153989	177679018065396
177679043784094	177679073803730	177679031688678
177679060311542	177679090448469	177679054665865
177679076423938	177679107093365	177679063375240
177679093132167	177679123739459	177679081354355
177679109708053	177679140384823	177679099294928
177679126357376	177679157029563	177679116585917
177679143005449	177679173675917	177679134553157

=== poll 1790150978.443713526
16666666
177679309502740	177679340131334	177679297022115
177679326184303	177679356772896	177679317785344
177679342876751	177679373416178	177679330359303
177679359701803	177679390059146	177679354610292
177679376101073	177679406699979	177679360690084
177679392667844	177679423343156	177679385413469
177679409354407	177679439984979	177679395030032
177679425914146	177679456628625	177679416653313
177679442646750	177679473272792	177679428807480
177679459238469	177679489917167	177679451242896
177679483491490	177679506560865	177679483398365
177679494690292	177679523206542	177679494628782
177679519133573	177679539848156	177679519049667
177679531406907	177679556488886	177679531342271
177679543795605	177679573132219	177679543729928
177679561693261	177679589775708	177679561621125
177679578768886	177679606416438	177679578687844
177679602736646	177679623053625	177679602652584
177679619722636	177679639691541	177679619647896
177679633238730	177679656331229	177679633172636
177679647691542	177679672972271	177679647585448
177679665013573	177679689611177	177679664928677
177679678726490	177679706251698	177679678654615
177679699898573	177679722891333	177679699795917
177679723424302	177679739532114	177679723350292
177679735171542	177679756175031	177679735097896
177679752739511	177679772820083	177679752666438
177679766119667	177679789464875	177679766050657
177679778224875	177679806108365	177679778169042
177679804067427	177679822747322	177679803951855
177679809699094	177679839388521	177679809644146
177679828599511	177679856031854	177679828508677
177679849516073	177679872674406	177679849395605
177679860890344	177679889315604	177679860835188
177679877913782	177679905950812	177679877847844
177679893208573	177679922592687	177679893146229
177679913587063	177679939235812	177679913505709
177679940238417	177679972517375	177679940154875
177679958734875	177679989159874	177679944683313
177679975034094	177680005798990	177679958931386
177679991694459	177680022442270	177679980531177
177680008432479	177680039087011	177680003474823
177680024995084	177680055728729	177680012674511
177680041882115	177680072372479	177680035393677
177680058468573	177680089014094	177680050454459
177680074795761	177680105653313	177680062518000
177680091879719	177680122297062	177680090155136
177680108065188	177680138942270	177680095322219
177680125409615	177680155588938	177680113159094
177680142150240	177680172232218	177680127701229
177680158413729	177680188872375	177680143717271
177680174645240	177680205509406	177680158689563
177680191428313	177680222147375	177680181849563
177680208194667	177680238787531	177680196623469
177680224871490	177680255429250	177680217797948
177680241562584	177680272074093	177680227891698
177680258155136	177680288714823	177680252073729
177680274708990	177680305352479	177680259892948
177680299585083	177680321991125	177680299507896
177680313178365	177680338629771	177680313111073
177680333738208	177680355268260	177680333646854
177680349339146	177680371910916	177680349275708
177680366626333	177680388552635	177680366544406
177680377852323	177680405191281	177680377781542
177680401753000	177680421828989	177680401690240
177680413022896	177680438468521	177680412962792
177680435908990	177680455105030	177680435729667
177680442006698	177680471741073	177680441859198
177680459107688	177680488376802	177680459046750
177680504993365	177680521652583	177680504906854
177680509989771	177680538292062	177680509942792
177680535660969	177680554936125	177680535578469
177680549801229	177680571584406	177680549728521
177680561112219	177680588229405	177680561029979
177680577979563	177680604875448	177680577906229
177680608872375	177680638165969	177680608797531
177680625765865	177680654813781	177680625696438
177680643754250	177680671460291	177680643666854
177680667365448	177680688106333	177680667294094
177680674860760	177680704754458	177680674804875
177680700466750	177680721401176	177680700377583
177680725011281	177680754689354	177680724928208
177680745445865	177680771332843	177680745336802
177680769127792	177680787976020	177680769016021
177680779762167	177680804621906	177680779687844
177680799953573	177680821263625	177680799893677
177680809036333	177680837906853	177680808950760
177680826835344	177680854547895	177680826748365
177680843807427	177680871189042	177680843710708
177680869280865	177680887833312	177680869195448
177680885910083	177680904476333	177680885826021
177680892854510	177680921119978	177680892786125
177680911046854	177680937762218	177680910967323
177680934323156	177680954406541	177680934252427
177680943103677	177680971049719	177680943019094
177680964915031	177680987693624	177680964818052
177680981568677	177681004343989	177680981472896
177681004776854	177681020992166	177681004648000
177681008365552	177681037640135	177681008308312
177681029883312	177681054286958	177681029793677
177681054088573	177681070928155	177681053983469
177681058551073	177681087572634	177681058485708
177681084751802	177681104216385	177681084685239
177681095200604	177681120861021	177681095136646
177681116549927	177681137503572	177681116477375
177681133325344	177681154147114	177681133253104
177681147313208	177681170791801	177681147225344
177681157562479	177681187438416	177681157505239
177681188948937	177681220730447	177681188886854
177681206983781	177681237376801	177681194311333
177681224577896	177681254022583	177681223634406
177681242163052	177681270671801	177681242093469
177681260158312	177681287321593	177681260068989
177681290978885	177681320611436	177681290912114
177681306905916	177681337258729	177681296136541
177681323213937	177681353909666	177681313233729
177681339836958	177681370565187	177681325269250
177681356597739	177681387218155	177681350797844
177681373173729	177681403870916	177681358405500
177681389935343	177681420526541	177681385274771
177681406293781	177681437180759	177681398615760
177681422839718	177681453832479	177681412589823
177681440095239	177681470486489	177681426833625
177681457073729	177681487139666	177681442921698
177681473140343	177681503789770	177681461684823
177681489601177	177681520438104	177681477455448
177681506819250	9223372036854775807	177681505559093

=== poll 1790150980.797738369
8333333
177681926385239	177681953387426	177681926313520
177681949185291	177681970033312	177681949103104
177681972065500	177682003327530	177681971957895
177681989706645	177682019976437	177681984537166
177682005990968	177682036622582	177681995098937
177682041653416	177682069917322	177682041581229
177682056065031	177682086562322	177682047248572
177682073977583	177682103207999	177682060076124
177682089865656	177682119852738	177682085411854
177682105830916	177682136497999	177682092599302
177682122613416	177682153142582	177682107905604
177682139137270	177682169788989	177682137140447
177682155753624	177682186435395	177682144861437
177682172809718	177682203081332	177682169060031
177682189068833	177682219725915	177682173928416
177682205577062	177682236372218	177682199993885
177682222136802	177682253017061	177682208791645
177682238944770	177682269661801	177682228237270
177682255440291	177682286307322	177682245718572
177682272382010	177682302950499	177682267964354
177682289440239	177682319593519	177682274192166
177682306339197	177682336240447	177682299580499
177682322158156	177682352886488	177682314991229
177682338878104	177682369529665	177682333026906
177682355576385	177682386171853	177682342996489
177682372205864	177682402812947	177682356852426
177682388849926	177682419453884	177682378732999
177682405486385	177682436093676	177682392419562
177682422185083	177682452733311	177682408978885
177682438672791	177682469374249	177682431228364
177682455276281	177682486017842	177682443814354
177682472209093	177682502658833	177682459170499
177682488685083	177682519300030	177682473223104
177682506034874	177682535943519	177682492479770
177682522744718	177682552589509	177682516669093
177682538552218	177682569234926	177682530825343
177682555163937	177682585881645	177682544963260
177682571908676	177682602529145	177682559947010
177682588546958	177682619173676	177682573570187
177682605085812	177682635820238	177682593623416
177682622927843	177682652465864	177682622874718
177682647073364	177682669111071	177682646968156
177682661886541	177682685758988	177682661802114
177682673088676	177682702409093	177682673022322
177682692562010	177682719059613	177682692489926
177682718491593	177682735706436	177682718409718
177682725347843	177682752348988	177682725276437
177682746621801	177682768990603	177682746536593
177682757571958	177682785636541	177682757491801
177682773358572	177682802286071	177682773287843
177682793266385	177682818938988	177682793183208
177682809655655	177682835589874	177682809576280
177682824757374	177682852243363	177682824687687
177682846808312	177682868894092	177682846714093
177682860727843	177682885541749	177682860647791
177682874093051	177682902185134	177682873798520
177682894035239	177682918828727	177682893861853
177682909515395	177682935471540	177682909439041
177682925397114	177682952120603	177682925327687
177682943992322	177682968766645	177682943902270
177682957375655	177682985409977	177682957306905
177682973147322	177683002053207	177682973076489
177683011327843	177683035337477	177683011249666
177683025943885	177683051982269	177683025881853
177683039183885	177683068623571	177683039114770
177683058286020	177683085263989	177683058172322
177683080450135	177683101906124	177683080327374
177683093206749	177683118549666	177683093122374
177683114561020	177683135196176	177683114492739
177683124233051	177683151842322	177683124154353
177683146236593	177683168490602	177683146151332
177683159226957	177683185135707	177683159155707
177683179366645	177683201780290	177683179280082
177683192782999	177683218430915	177683192687009
177683220861124	177683251725030	177683220772791
177683237929822	177683268369249	177683226045603
177683254151645	177683285017477	177683243264041
177683271107634	177683301666228	177683258175916
177683287682582	177683318314613	177683279390030
177683304419353	177683334962530	177683292676072
177683320997322	177683351607946	177683311839405
177683337833780	177683368257843	177683326367843
177683354870551	177683384909093	177683344032062
177683371031436	177683401559040	177683361593572
177683388234353	177683418209404	177683384034978
177683404088155	177683434858207	177683397891905
177683420859093	177683451506124	177683414570343
177683446530395	177683468152895	177683426448936
177683460090343	177683484798727	177683458712009
177683466717686	177683493122530	177683466636020
177683485494509	177683501446176	177683485427843
177683498166176	177683509771748	177683498091489
177683504530864	177683518097582	177683504457843
177683509405030	177683526422270	177683509329874
177683515691593	177683534747269	177683515625082
177683533892999	177683551395811	177683533770291
177683548055707	177683559722322	177683547945759
177683555987634	177683568048988	177683555902739
177683587634353	177683601345342	177683587569561
177683594274822	177683609669353	177683594222895
177683599029926	177683617990915	177683598980759
177683612573468	177683626312686	177683612507738
177683620817999	177683634633883	177683620760916
177683638268624	177683651282061	177683638186332
177683646373572	177683659605967	177683646301801
177683684742686	177683701225811	177683684521645
177683696368676	177683709549613	177683696301072
177683702010395	177683717873728	177683701949457
177683706853572	177683726199613	177683706802374
177683722297426	177683734523623	177683722227999
177683729413207	177683742847634	177683729339666
177683746835291	177683759497686	177683746763832
177683757665134	177683776142738	177683757581020
177683790039457	177683801107634	177683789949926
177683807883884	177683826076436	177683807812686
177683820496957	177683834399301	177683820442895
177683838785238	177683851044249	177683838710551
177683846512374	177683859365706	177683846458311
177683866670499	177683884333050	177683866560082
177683871288259	177683892656124	177683871223572
177683901196124	177683917633988	177683901113363
177683907938988	177683925959301	177683907864405
177683913309665	177683934284457	177683913249301
177683926277374	177683942609717	177683926195447
177683930414093	177683950934404	177683930356384
177683940943832	177683959259665	177683940868311
177683952282322	9223372036854775807	177683952206228

=== poll 1790150983.302184201
8333333
177684872683415	177684891605758	177684872603467
177684899985030	177684916577321	177684899902842
177684904457998	177684924900706	177684904405863
177684916908988	177684933225081	177684916851228
177684924748415	177684941549196	177684924667113
177684930051384	177684949874248	177684930003103
177684937832894	177684958198518	177684937777217
177684946780186	177684966523571	177684946712113
177684956368936	177684974850237	177684956304613
177684962327061	177684983178466	177684962280030
177684980090655	177684991505185	177684980036540
177685025779196	177685041458987	177685025681123
177685030622582	177685049782790	177685030579561
177685043792113	177685058107477	177685043659300
177685058498519	177685074756435	177685058419300
177685072251332	177685083079613	177685072171696
177685095592946	177685108051540	177685095491748
177685102672582	177685116374925	177685102601384
177685115015082	177685133020706	177685114951748
177685128096644	177685141345029	177685128040446
177685137235863	177685149667893	177685137145811
177685146831488	177685157992269	177685146763988
177685164992998	177685182966852	177685164913050
177685174647269	177685191291384	177685174567738
177685179892686	177685199617164	177685179840759
177685188152582	177685207943831	177685188083675
177685200713571	177685216271539	177685200652686
177685212211175	177685224599040	177685212152113
177685223751280	177685241251071	177685223697998
177685237035342	177685249575915	177685236979613
177685248515863	177685266226591	177685248455082
177685264197373	177685282878258	177685264136696
177685272593363	177685291201904	177685272534561
177685279185550	177685299526852	177685279130342
177685287423311	177685307850863	177685287372061
177685311653727	177685324499664	177685311558155
177685322797738	177685341152945	177685322731957
177685337983050	177685349477894	177685337904092
177685346932529	177685357803779	177685346849613
177685355437061	177685366130185	177685355385654
177685384027529	177685399432685	177685383908832
177685387224352	177685407759352	177685387179509
177685400323050	177685416085498	177685400252790
177685403977998	177685424411592	177685403930759
177685420633050	177685432737425	177685420558519
177685429506644	177685441065342	177685429427634
177685434346540	177685449393414	177685434285654
177685440886592	177685457718467	177685440830707
177685446265759	177685466043570	177685446215654
177685454167842	177685474370759	177685454100186
177685475533102	177685491026644	177685475457686
177685479619665	177685499353727	177685479572425
177685502950915	177685516009091	177685502862217
177685515262269	177685532664091	177685515192269
177685519432373	177685540989925	177685519378259
177685531846071	177685549315133	177685531782425
177685555034821	177685565970706	177685554956436
177685562050029	177685574298571	177685561980967
177685582471540	177685599277321	177685582373154
177685586011279	177685607603206	177685585961019
177685600089561	177685615930653	177685599883988
177685604585238	177685624258414	177685604545446
177685621041748	177685632586800	177685620980446
177685634981956	177685649240445	177685634907009
177685638432477	177685657567269	177685638381071
177685650176956	177685665894039	177685650112894
177685657603050	177685674220289	177685657543779
177685663772738	177685682547373	177685663719144
177685677797165	177685690875185	177685677737686
177685686717581	177685699204092	177685686665238
177685699011279	177685715860029	177685698946227
177685702421436	177685724187477	177685702372581
177685717197581	177685732514404	177685717126748
177685719382009	177685740840863	177685719335759
177685738823936	177685757493258	177685738758519
177685751273519	177685765820289	177685751202321
177685772611852	177685790799820	177685772508206
177685782115811	177685799127112	177685782055133
177685800934144	177685815782581	177685800867425
177685809448883	177685824111383	177685809376540
177685813790758	177685832438935	177685813732998
177685836162269	177685849090915	177685836035758
177685839233415	177685857418779	177685839190498
177685844036071	177685865746904	177685843973727
177685863402269	177685874075394	177685863335758
177685872037946	177685890730706	177685871934404
177685906011488	177685924043778	177685905918779
177685921739352	177685932370498	177685921671071
177685952852061	177685965676592	177685952718311
177685960291748	177685974001071	177685960215602
177685963872321	177685982326383	177685963827008
177685987555654	177685998978258	177685987477373
177685997957477	177686015633935	177685997898779
177686006215863	177686023962008	177686006159665
177686017185342	177686032290237	177686017129613
177686028998988	177686040618987	177686028907373
177686034004404	177686048945966	177686033952842
177686036914300	177686057275133	177686036858050
177686047178102	177686065603987	177686047107685
177686062568727	177686073933206	177686062467581
177686084570081	177686098916956	177686084487946
177686096395810	177686107243883	177686096310081
177686108456019	177686123899300	177686108380654
177686117582894	177686132225446	177686117511175
177686132168571	177686148877737	177686132030238
177686136964196	177686157202581	177686136903467
177686147280342	177686165528727	177686147207842
177686160056852	177686173854612	177686159980654
177686162948935	177686182180133	177686162921071
177686185343363	177686198830133	177686185269821
177686200413206	177686215481852	177686200311227
177686205602685	177686223810549	177686205553258
177686211248467	177686232135237	177686211188883
177686244385550	177686257113883	177686244310915
177686258183675	177686273766278	177686258117737
177686262932477	177686282091435	177686262876487
177686282392633	177686298742945	177686282311852
177686286029040	177686307070029	177686285987477
177686298738727	177686315397268	177686298689248
177686311651696	177686323723779	177686311570498
177686318007581	177686332049768	177686317945550
177686332673571	177686348704716	177686332598571
177686344130550	177686357032216	177686344069560
177686353613987	177686365358623	177686353544248
177686385665498	177686398662477	177686385573415
177686393823154	177686406988623	177686393736071
177686411673310	177686423637998	177686411584925

=== poll 1790150985.685586335
8333333
177687369172685	177687381121174	177687369101018
177687373841800	177687389448674	177687373784612
177687384550914	177687397775341	177687384437268
177687392156852	177687406100184	177687392090185
177687409002893	177687422751122	177687408925081
177687420569039	177687439403935	177687420493154
177687427680966	177687447728049	177687427627685
177687436898831	177687456053466	177687436838258
177687455256435	177687472705080	177687455179768
177687458789820	177687481030445	177687458743883
177687482515445	177687497684716	177687482414456
177687505836331	177687522666903	177687505774508
177687518466122	177687530993205	177687518397164
177687522994716	177687539320445	177687522956227
177687534275706	177687547648570	177687534197268
177687549315914	177687564304143	177687549266591
177687559033049	177687572630132	177687558974404
177687563546747	177687580955445	177687563499039
177687576753622	177687589282684	177687576693154
177687586150081	177687597608414	177687586092164
177687603639195	177687614263101	177687603582945
177687620337112	177687639242528	177687620231591
177687626382216	177687647570184	177687626300654
177687643521279	177687655896382	177687643456227
177687652707685	177687664221486	177687652645810
177687668305237	177687680876018	177687668222737
177687676681643	177687689204090	177687676618779
177687687215810	177687705858049	177687687166956
177687696834560	177687714184560	177687696774404
177687710204820	177687722511486	177687710128154
177687721519143	177687739165028	177687721322893
177687726778831	177687747492215	177687726728987
177687737149456	177687755820496	177687737091174
177687755667997	177687772476903	177687755571070
177687759099924	177687780804039	177687759043987
177687774462841	177687789132163	177687774397164
177687789399976	177687805787737	177687789337737
177687797237008	177687814115392	177687797182476
177687809614924	177687822443310	177687809520914
177687817586643	177687830770340	177687817520966
177687836076643	177687847428101	177687835979247
177687850017164	177687864084299	177687849951383
177687860607737	177687872412528	177687860544039
177687876190445	177687889066642	177687876127164
177687883418935	177687897395706	177687883357164
177687898543674	177687914052580	177687898473258
177687901744976	177687922381851	177687901697737
177687912433049	177687930712215	177687912363206
177687923938518	177687939039924	177687923877216
177687938211539	177687955695549	177687938147008
177687943329872	177687964022997	177687943259299
177687957025706	177687972352060	177687956968049
177687961503153	177687980680028	177687961462372
177687986345862	177687997335393	177687986280289
177688007797893	177688022320497	177688007716695
177688014204716	177688030646590	177688014148935
177688018989768	177688038972633	177688018928831
177688037415081	177688055624767	177688037326122
177688050579508	177688063953101	177688050490341
177688061957268	177688080610549	177688061877841
177688078142789	177688088937632	177688078065133
177688088269664	177688105593569	177688088211643
177688098202008	177688113921069	177688098145914
177688109344872	177688122249612	177688109276695
177688114628570	177688130577164	177688114586174
177688117192841	177688138905237	177688117157320
177688127518466	177688147233258	177688127447112
177688139761278	177688155559820	177688139709872
177688152696903	177688163885913	177688152632320
177688157205393	177688172213205	177688157147476
177688163843570	177688180541174	177688163781591
177688178332528	177688197192059	177688178236435
177688186790080	177688205517372	177688186719039
177688212311278	177688230491955	177688212203362
177688217564560	177688238819351	177688217498935
177688226977164	177688247146278	177688226889455
177688243445393	177688255473986	177688243373935
177688254183987	177688272127112	177688254114508
177688269274091	177688280452424	177688269171851
177688277314195	177688288778622	177688277237268
177688286059924	177688297105653	177688285991122
177688308776018	177688322083413	177688308705445
177688313547841	177688330409872	177688313425445
177688326966278	177688338738153	177688326885341
177688332743101	177688347064611	177688332701174
177688350582580	177688363714611	177688350504976
177688369504820	177688380363570	177688369426070
177688387358987	177688405334611	177688387279820
177688391760914	177688413658101	177688391702737
177688407679560	177688421982632	177688407620757
177688422564455	177688438631850	177688422482164
177688426962424	177688446957372	177688426922164
177688437557476	177688455283309	177688437448414
177688450846643	177688463609351	177688450784664
177688463812372	177688480260392	177688463728153
177688469117372	177688488587372	177688469048153
177688486964664	177688505240445	177688486858049
177688491685810	177688513567320	177688491622372
177688513722320	177688530222163	177688513648882
177688517793674	177688538550809	177688517746018
177688535433414	177688546878101	177688535356487
177688547731278	177688563531538	177688547638882
177688559692007	177688571858570	177688559619716
177688565614091	177688580184351	177688565565757
177688585692789	177688596836799	177688585613153
177688593125810	177688605163361	177688593051643
177688603346799	177688621815965	177688603284039
177688614179768	177688630143100	177688614109820
177688618987528	177688638470966	177688618930184
177688631869091	177688646796174	177688631797528
177688636496122	177688655122736	177688636462737
177688649598518	177688663450392	177688649527216
177688663774351	177688680107684	177688663706070
177688668630341	177688688436955	177688668578049
177688683145132	177688696765861	177688683076955
177688687005341	177688705095236	177688686957476
177688693951643	177688713424872	177688693886643
177688716717476	177688730085132	177688716659976
177688722709091	177688738415132	177688722670914
177688732267945	177688746745237	177688732218049
177688754872580	177688771730704	177688754745809
177688759931539	177688780058934	177688759881018
177688763300445	177688788388101	177688762871539
177688771273987	177688796717684	177688768470393
177688779917320	177688805046434	177688779692216
177688795004455	177688813374663	177688794937216
177688810733674	9223372036854775807	177688810648882

=== poll 1790150988.278528262
8333333
177689870759507	177689895810079	177689866636486
177689884507007	177689904137476	177689884440861
177689887512059	177689912464559	177689887466278
177689895150601	177689920792267	177689893306694
177689903423726	177689929118725	177689901843049
177689941172007	177689954095184	177689941087580
177689955412111	177689970749662	177689955356486
177689962377059	177689979077059	177689962329507
177689975834351	177689987403257	177689975759819
177689982645861	177689995731069	177689982596174
177689993249246	177690004057684	177689993157111
177690004648986	177690020712058	177690004585601
177690009639299	177690029039089	177690009583309
177690026910184	177690045691121	177690026826434
177690031699090	177690054018777	177690031639767
177690052275757	177690070674402	177690052189924
177690057057684	177690079001434	177690056975705
177690067181903	177690087327996	177690067104507
177690095168413	177690112308621	177690095094194
177690110423413	177690128962527	177690110352632
177690126229715	177690137289923	177690126142111
177690132409611	177690145618621	177690132353986
177690143587684	177690162272892	177690143512996
177690160487267	177690178923673	177690160321382
177690173291121	177690187249767	177690173228048
177690181808361	177690195575913	177690181754403
177690192875496	177690203902215	177690192806382
177690209497996	177690220554455	177690209418361
177690216256173	177690228881642	177690216195288
177690245357528	177690262200913	177690245279246
177690258877267	177690270531538	177690258809403
177690263879611	177690278864090	177690263821590
177690280679090	177690295527527	177690280586798
177690286954246	177690303858725	177690286890601
177690291676330	177690312189558	177690291619142
177690310483726	177690328851017	177690310409559
177690320382944	177690337180548	177690320269403
177690334176851	177690345510079	177690333998621
177690340917371	177690353840704	177690340850705
177690351913361	177690370497527	177690351837319
177690356673934	177690378824818	177690356642267
177690393006903	177690403810132	177690392936642
177690408408882	177690420464819	177690408340392
177690413932111	177690428792683	177690413858257
177690426129090	177690437121537	177690426020913
177690430389507	177690445449819	177690430340600
177690434038517	177690453776850	177690433982528
177690447836069	177690462103308	177690447776069
177690452756746	177690470430183	177690452710028
177690458927632	177690478757475	177690458882892
177690476781746	177690495411850	177690476710028
177690482827111	177690503738777	177690482760444
177690492417163	177690512065548	177690492355600
177690498388569	177690520392215	177690498334246
177690547240288	177690562021850	177690547159923
177690559511798	177690570349142	177690559444246
177690574569402	177690587003986	177690574494923
177690577638205	177690595331641	177690577589298
177690586208309	177690603657891	177690586153882
177690592256121	177690611984663	177690592207527
177690606566746	177690620311069	177690606506017
177690627839350	177690645287995	177690627765861
177690631388309	177690653614402	177690631334975
177690650502684	177690661941902	177690650424663
177690657640184	177690670269454	177690657583830
177690666781225	177690678596172	177690666726277
177690694587267	177690711895757	177690694509402
177690709070080	177690720222162	177690709012319
177690717828309	177690728549506	177690717679975
177690732524975	177690745205964	177690732431486
177690741419975	177690753533985	177690741339350
177690756466590	177690770189871	177690756393517
177690767708517	177690778517944	177690767645548
177690772448673	177690786846746	177690772406486
177690787989454	177690803501693	177690787919975
177690791080965	177690811828621	177690791042684
177690812380600	177690828484766	177690812301746
177690815770079	177690836814350	177690815719507
177690838945392	177690853471589	177690838875496
177690854059194	177690870132319	177690853822423
177690860278048	177690878462684	177690860218257
177690877003673	177690895125912	177690876928621
177690881707996	177690903457111	177690881656486
177690897311434	177690911786798	177690897232423
177690917084715	177690928445392	177690917004715
177690927522423	177690945103100	177690927455652
177690939038100	177690953429871	177690938972007
177690943800913	177690961757579	177690943754975
177690957358673	177690970085079	177690957287579
177690966572840	177690978412736	177690966503152
177690983108152	177690995067267	177690983055757
177690998550288	177691011721433	177690998493725
177691003310600	177691020049870	177691003265496
177691016031277	177691028376589	177691015959454
177691022733413	177691036703047	177691022686121
177691033625756	177691045028725	177691033560288
177691046713361	177691061677996	177691046642579
177691057546381	177691070003725	177691057498829
177691075269454	177691086658203	177691075201798
177691078389454	177691094987423	177691078344246
177691081263986	177691103316173	177691081220861
177691105809611	177691119971120	177691105735913
177691109164767	177691128300756	177691109119194
177691116605340	177691136630183	177691116552631
177691128180131	177691144957891	177691128126434
177691136907996	177691153285235	177691136850444
177691151161225	177691169936433	177691151093621
177691157381538	177691178261798	177691157327163
177691166171902	177691186587683	177691166123309
177691193338986	177691211565340	177691193280184
177691208896017	177691219895756	177691208839350
177691214411017	177691228226276	177691214255756
177691219487423	177691236554974	177691219440704
177691234174611	177691244883412	177691234051746
177691240190756	177691253212631	177691240146069
177691257544506	177691269869870	177691257481121
177691266512058	177691278197839	177691266431590
177691284563777	177691303179766	177691284493569
177691300624402	177691311507631	177691300542996
177691307335288	177691319838100	177691307257788
177691316749923	177691328170131	177691316682319
177691331842319	177691344831381	177691331776381
177691342734767	177691361491850	177691342649090
177691357415756	177691369821381	177691357345183
177691366705183	177691378150287	177691366639194
177691375745131	177691386478777	177691375661225
177691383727163	177691394807267	177691383666538

=== poll 1790150990.650892115
8333333
177692243575391	177692260989454	177692243503100
177692252462319	177692269320964	177692252388985
177692265486850	177692277651224	177692265429923
177692269000235	177692285981589	177692268950287
177692273410235	177692294312161	177692273363621
177692281871746	177692302642474	177692281822423
177692297444610	177692310971224	177692297373673
177692306575444	177692319301120	177692306492110
177692323811381	177692335960704	177692323755808
177692338880860	177692352618568	177692338819975
177692343556693	177692360948360	177692343504975
177692361926641	177692377609870	177692361833673
177692366333256	177692385940651	177692366276068
177692382179766	177692394271328	177692382110860
177692404735079	177692419267318	177692404631641
177692407693725	177692427599141	177692407657579
177692420406016	177692435931849	177692420351954
177692430728204	177692444264193	177692430665860
177692435494246	177692452595495	177692435452423
177692452578829	177692469251589	177692452499089
177692455971589	177692477580911	177692455935287
177692481111537	177692494242995	177692481017527
177692498904402	177692510905703	177692498835027
177692508715756	177692527569089	177692508645548
177692526228360	177692544232474	177692526146381
177692537395131	177692552565808	177692537341381
177692541740131	177692560898203	177692541707527
177692553048881	177692569230286	177692552941850
177692565604245	177692577561276	177692565530704
177692573224037	177692585893620	177692573167787
177692581584923	177692594226693	177692581525808
177692606242527	177692619224193	177692606158100
177692617115912	177692635888724	177692617045808
177692644487266	177692660884505	177692644413620
177692659095704	177692677548411	177692659035964
177692675702266	177692694211537	177692675611016
177692682260079	177692702543359	177692682207110
177692691613204	177692710873516	177692691523048
177692714383048	177692727533256	177692714305756
177692719759923	177692735863620	177692719702891
177692732372579	177692744193829	177692732315183
177692738864506	177692752523672	177692738820443
177692757627058	177692769183880	177692757502735
177692766899350	177692777514870	177692766837214
177692797897266	177692810835860	177692797833620
177692813591589	177692827494401	177692813528777
177692819135443	177692835823568	177692819060287
177692831439610	177692844154089	177692831364245
177692841836225	177692852485807	177692841782787
177692852325495	177692869150807	177692852246016
177692866067058	177692877483672	177692865999245
177692877476329	177692894146588	177692877409193
177692881113152	177692902477943	177692881073985
177692891930756	177692910810443	177692891881172
177692905410131	177692919141797	177692905345131
177692916956172	177692935807474	177692916828933
177692926767579	177692944140807	177692926665079
177692939533985	177692952474454	177692939481850
177692948802579	177692960809922	177692948730808
177692967022527	177692985810026	177692966938047
177692976614037	177692994142890	177692976552527
177692983786172	177693002474349	177692983736589
177692992550131	177693010807006	177692992483672
177692999415860	177693019139036	177692999359454
177693014239870	177693027470078	177693014150547
177693017414662	177693035801224	177693017364454
177693022874454	177693044134088	177693022818672
177693042587006	177693060800130	177693042478881
177693051727422	177693069134088	177693051662162
177693083870027	177693102462109	177693083790704
177693099521433	177693110793412	177693099449662
177693116285079	177693127457890	177693116212266
177693125366120	177693144123568	177693125304506
177693133857214	177693152455495	177693133786589
177693139669610	177693160787735	177693139617527
177693152605964	177693169120495	177693152543724
177693156239402	177693177452631	177693156199402
177693183205287	177693194116745	177693183141693
177693199008829	177693210779610	177693198922631
177693202252110	177693219111745	177693202207058
177693206632995	177693227443724	177693206583776
177693243313829	177693260773672	177693243232058
177693251922995	177693269106849	177693251858516
177693258806693	177693277441589	177693258733724
177693276440079	177693294109036	177693276354141
177693296089245	177693310776328	177693295983516
177693300182526	177693319110182	177693300122006
177693306391276	177693327442162	177693306338933
177693318481849	177693335773463	177693318426901
177693333501589	177693352431953	177693333427787
177693356573099	177693369089765	177693356455599
177693363239193	177693377419088	177693363163256
177693366377318	177693385747109	177693366319766
177693377734922	177693394077266	177693377675131
177693388557631	177693402407369	177693388505547
177693398932683	177693410735912	177693398877006
177693404616328	177693419064870	177693404563620
177693408995808	177693427396120	177693408955078
177693423720912	177693435726536	177693423649818
177693430614818	177693444056901	177693430535599
177693448017058	177693460717057	177693447913360
177693455994766	177693469047786	177693455937683
177693472086849	177693485707734	177693472022474
177693482082266	177693494036797	177693482025651
177693503200287	177693519024089	177693503120078
177693506627110	177693527353933	177693506581381
177693517523464	177693535684505	177693517461485
177693531246224	177693544014974	177693531178828
177693543216797	177693560671693	177693543154870
177693552407631	177693569000338	177693552345339
177693567307214	177693585658776	177693567221797
177693577361016	177693593988932	177693577294714
177693581807370	177693602319193	177693581756797
177693601333047	177693618979558	177693601267578
177693606453151	177693627308724	177693606413047
177693623993568	177693635639400	177693623930130
177693638663255	177693652305338	177693638600703
177693643083255	177693660637734	177693643046797
177693656584089	177693668971120	177693656509037
177693667193203	177693685636848	177693667119610
177693687007891	177693702303411	177693686941745
177693699261328	177693710637265	177693699183985
177693717052266	177693735633151	177693716978724
177693725985755	177693743965078	177693725866485
177693736447318	177693752296120	177693736391537
177693741424245	177693760625963	177693741367787
177693749332266	9223372036854775807	177693749250703

=== poll 1790150993.033971124
8333333
177694539519453	177694560378099	177694539472943
177694546738307	177694568706901	177694546676693
177694557362161	177694577035703	177694557303463
177694566882995	177694585364609	177694566705859
177694610893047	177694627002577	177694610802213
177694624058776	177694635329869	177694623978932
177694628960495	177694643657161	177694628909922
177694641520078	177694660314296	177694641442734
177694647532213	177694668644453	177694647467630
177694661489505	177694676973046	177694661415703
177694666815234	177694685300338	177694666761276
177694690363932	177694701953463	177694690278724
177694697446068	177694710280963	177694697381693
177694716794557	177694735264192	177694716710026
177694721463255	177694743593254	177694721409505
177694731901276	177694751921380	177694731740234
177694755560807	177694768579870	177694755492578
177694768860130	177694785241953	177694768783151
177694773857057	177694793572786	177694773805182
177694792298515	177694810231483	177694792218515
177694801290182	177694818562473	177694801221068
177694821391328	177694835222630	177694821323411
177694839620963	177694851881640	177694839372161
177694846927943	177694860212630	177694846864609
177694862488932	177694876872109	177694862418151
177694875974401	177694893533984	177694875903672
177694881847786	177694901865390	177694881794245
177694891779193	177694910195599	177694891718047
177694903934088	177694918524713	177694903872422
177694918831953	177694935182629	177694918764609
177694923855703	177694943512056	177694923801224
177694940851484	177694951842005	177694940775807
177694944585599	177694960170234	177694944536172
177694947417995	177694968499036	177694947369297
177694962882682	177694976827265	177694962812578
177694977483411	177694993482525	177694977416432
177694981954922	177695001811275	177694981890703
177695006333307	177695018468567	177695006249192
177695023076953	177695035128046	177695022984401
177695039749140	177695051783567	177695039679661
177695045268515	177695060113932	177695045197109
177695061909974	177695076772577	177695061825495
177695066544453	177695085102629	177695066480338
177695071912213	177695093432265	177695071852213
177695091756015	177695110089765	177695091656536
177695097474557	177695118417942	177695097425286
177695112712109	177695126746119	177695112643203
177695116979922	177695135076223	177695116920651
177695130660182	177695143406536	177695130572578
177695138233567	177695151735754	177695138170963
177695152046640	177695168392837	177695151962578
177695177648411	177695193382734	177695177570911
177695190527734	177695201714660	177695190465130
177695195598880	177695210048463	177695195543203
177695200208672	177695218381588	177695200156640
177695213750338	177695226714087	177695213551797
177695218639557	177695235047578	177695218591692
177695221745130	177695243379556	177695221694401
177695242338619	177695260042526	177695242256224
177695246111380	177695268373879	177695246045911
177695268797057	177695285032994	177695268681067
177695273597109	177695293364192	177695273523672
177695286916119	177695301697838	177695286842265
177695291193567	177695310030963	177695291153099
177695316526744	177695335026483	177695316408619
177695325827161	177695343358984	177695325770286
177695344895286	177695360023723	177695344816432
177695350345859	177695368355598	177695350290078
177695370710651	177695385020702	177695370622786
177695380805338	177695393354348	177695380729921
177695396308984	177695410023306	177695396233255
177695409274244	177695426694974	177695409213671
177695413428619	177695435029400	177695413375286
177695426649557	177695443364088	177695426592421
177695431539869	177695451698098	177695431481484
177695466112526	177695485035234	177695466010546
177695488691901	177695501701432	177695488621901
177695496985182	177695510033359	177695496904505
177695519974557	177695535026275	177695519887057
177695523654140	177695543357161	177695523607474
177695543258724	177695560020859	177695543178255
177695548724296	177695568355911	177695548667682
177695559892994	177695576687837	177695559841328
177695568532838	177695585018202	177695568478724
177695573205859	177695593350285	177695573162734
177695586900546	177695601681692	177695586836744
177695591093255	177695610013671	177695591032942
177695657625651	177695668337682	177695657533046
177695667696380	177695685004557	177695667627421
177695690197005	177695701666796	177695690111484
177695696290234	177695709998254	177695696227838
177695707611848	177695718330806	177695707537265
177695728672317	177695743324295	177695728533359
177695731267838	177695751656535	177695731220911
177695741983671	177695759986691	177695741914713
177695747480494	177695768318775	177695747431692
177695767916901	177695784983202	177695767817317
177695772145598	177695793315337	177695772090755
177695781685286	177695801647421	177695781618515
177695815979296	177695826637525	177695815909453
177695820744505	177695834969452	177695820688515
177695829392786	177695843300338	177695829318984
177695834227057	177695851629556	177695834182161
177695852057213	177695868293619	177695851934192
177695855265859	177695876626223	177695855216744
177695873874400	177695884958983	177695873796484
177695881347369	177695893290911	177695881290650
177695904174557	177695918282733	177695904096640
177695908929505	177695926613723	177695908877213
177695923591692	177695934945129	177695923514400
177695931903984	177695943276483	177695931835390
177695958782942	177695976599140	177695958703046
177695975428723	177695993259452	177695975272786
177695980134348	177696001590025	177695980083671
177695997465130	177696009921275	177695997393411
177696008837630	177696026584243	177696008772057
177696019649088	177696034916015	177696019579921
177696024165286	177696043248515	177696024121432
177696042120234	177696059915859	177696042048202
177696046463098	177696068250702	177696046417005
177696063818255	177696076585806	177696063752630
177696069185911	177696084920754	177696069133984
177696079859348	177696093254764	177696079780598
177696091690911	177696109921744	177696091635286
177696105138150	177696118254452	177696105014921
177696110192786	177696126587994	177696110139140
177696137821588	9223372036854775807	177696137707525

=== poll 1790150995.414810707
8333333
177697041976275	177697059706223	177697041885442
177697048408515	177697068036899	177697048330025
177697056932369	177697076367316	177697056668775
177697071153671	177697084698410	177697070952733
177697082935650	177697101360910	177697082868254
177697103580390	177697118020649	177697103490390
177697107213567	177697126349868	177697107162994
177697122655650	177697134680337	177697122598931
177697137139140	177697151340181	177697137071952
177697152241535	177697168001900	177697152158879
177697157091535	177697176332680	177697157010025
177697166783931	177697184664712	177697166711171
177697178937994	177697192996431	177697178876431
177697184018462	177697201327525	177697183962785
177697188304400	177697209658775	177697188255233
177697201224765	177697217988774	177697201170442
177697204355390	177697226319191	177697204306900
177697223609973	177697234648983	177697223551848
177697232674087	177697251305285	177697232616587
177697250699400	177697267966222	177697250611327
177697254046171	177697276297941	177697253981744
177697276534452	177697292959191	177697276470962
177697287602994	177697301290441	177697287529817
177697305005233	177697317952108	177697304917525
177697316911900	177697334610076	177697316817890
177697334367785	177697351270076	177697334175077
177697339244400	177697359599868	177697339180233
177697357260858	177697367929452	177697357183671
177697366803098	177697384588879	177697366740858
177697378117056	177697392917525	177697378055442
177697383369244	177697401246900	177697383302264
177697388441431	177697409576796	177697388385337
177697402305858	177697417906900	177697402227004
177697406663879	177697426238097	177697406609921
177697416454192	177697434567942	177697416386692
177697427017317	177697442898566	177697426952942
177697435550806	177697451230389	177697435501275
177697451480025	177697467892837	177697451405442
177697457152369	177697476225753	177697457093514
177697467181327	177697484558097	177697467115077
177697483083567	177697501222836	177697483014608
177697491802264	177697509555754	177697491739608
177697504505910	177697517887524	177697504412160
177697516529712	177697534551900	177697516456379
177697528862889	177697542884035	177697528799817
177697534121275	177697551216847	177697534027629
177697551821639	177697567885493	177697551742108
177697556269764	177697576219764	177697556219087
177697567861014	177697584554191	177697567801587
177697577744869	177697592886951	177697577679139
177697589484660	177697601219087	177697589398410
177697595548619	177697609553045	177697595502421
177697607249244	177697617885702	177697607175650
177697616935233	177697634552316	177697616887473
177697630970285	177697642884139	177697630865806
177697653601744	177697667874764	177697653513566
177697657288879	177697676204087	177697657168150
177697667119139	177697684533357	177697667076379
177697684255077	177697701193722	177697684187473
177697688539556	177697709522004	177697688470389
177697704787994	177697717852733	177697704696327
177697716827525	177697734514660	177697716726639
177697732710494	177697751176847	177697732648723
177697743122316	177697759508566	177697743067160
177697755581952	177697767840077	177697755507421
177697763014712	177697776172003	177697762954244
177697789486743	177697801161743	177697789245441
177697794640702	177697809493149	177697794585025
177697805516014	177697817825076	177697805461223
177697813200025	177697826158201	177697813144764
177697827828150	177697842822524	177697827742264
177697839318410	177697851154451	177697839249139
177697844397525	177697859487681	177697844352681
177697857586483	177697876152836	177697857512160
177697866416952	177697884484347	177697866354660
177697887329973	177697901146170	177697887252889
177697900322056	177697917808253	177697900249243
177697914673566	177697926142003	177697914597889
177697921378462	177697934475962	177697921297525
177697932165650	177697942809660	177697932098202
177697943724816	177697959475129	177697943658827
177697948350389	177697967807004	177697948298358
177697967075754	177697984472159	177697966997837
177697971053931	177697992804763	177697971003254
177697986025129	177698001136118	177697985962160
177697998191639	177698009467160	177697998124295
177698008597108	177698026131535	177698008386118
177698012849191	177698034462680	177698012798358
177698027036952	177698042794972	177698026976014
177698031724139	177698051126899	177698031680598
177698054008306	177698067790388	177698053926223
177698058922837	177698076123253	177698058875285
177698077003098	177698092788097	177698076895181
177698081051379	177698101120910	177698080990650
177698098260858	177698109454816	177698098198045
177698112947733	177698126118774	177698112872056
177698126606639	177698142780649	177698126521639
177698131371483	177698151110076	177698131314087
177698153129452	177698167768774	177698153028202
177698162301587	177698176101691	177698162236118
177698178637785	177698192765233	177698178577108
177698182328514	177698201097004	177698182259191
177698187244295	177698209429139	177698187196223
177698203445858	177698217760389	177698203361535
177698215608358	177698234425441	177698215526222
177698221502316	177698242758149	177698221439191
177698257942577	177698276086326	177698257851743
177698275539035	177698292751586	177698275464868
177698286096014	177698301085336	177698286015858
177698304590129	177698317748410	177698304505650
177698321016431	177698334410806	177698320920181
177698331593618	177698342741118	177698331533306
177698363457941	177698376066483	177698363369191
177698379413462	177698392732003	177698379329816
177698385688722	177698401066379	177698385537733
177698396601379	177698409399295	177698396546222
177698407137420	177698417732211	177698407075285
177698413750493	177698426063774	177698413689816
177698433166118	177698451056066	177698433061639
177698435532681	177698459388461	177698435500441
177698442493566	177698467720284	177698438411274
177698450611222	177698476053096	177698447607264
177698464565285	177698484384243	177698464509295
177698480349399	177698492716431	177698480286327
177698485586014	177698501047472	177698485532889
177698498016847	177698509378982	177698497934868
177698508731066	9223372036854775807	177698508662993

=== poll 1790150997.805773675
8333333
177699384407785	177699400832837	177699384351795
177699389801743	177699409165597	177699389742316
177699405908149	177699417497315	177699405815701
177699419125962	177699434160910	177699419069555
177699421392003	177699442491898	177699421355597
177699435013045	177699450823825	177699434956274
177699438132941	177699459155284	177699438090545
177699446925753	177699467487003	177699446835545
177699481259660	177699492482471	177699481188462
177699489793253	177699500813878	177699489725180
177699507056587	177699525802836	177699506971326
177699514770128	177699534135336	177699514696222
177699533954399	177699550799607	177699533873514
177699537518722	177699559130648	177699537469555
177699578990024	177699592454972	177699578912576
177699589260857	177699600784711	177699589198930
177699594153618	177699609113148	177699594094087
177699599143670	177699617440753	177699599084191
177699612552159	177699625770232	177699612480962
177699622054555	177699634100441	177699621985389
177699633698409	177699650762731	177699633597107
177699636932264	177699659094763	177699636892576
177699666530857	177699684095596	177699666467941
177699677810649	177699692427315	177699677738774
177699691401274	177699709091326	177699691327628
177699698144972	177699717424503	177699698078930
177699706814972	177699725755805	177699706731118
177699717213305	177699734085857	177699717159295
177699729560024	177699742416118	177699729492159
177699737086118	177699750747420	177699737022472
177699756997107	177699775740076	177699756942003
177699767560857	177699784070128	177699767316222
177699786401639	177699800729398	177699786308930
177699790015961	177699809060909	177699789872472
177699798236222	177699817392523	177699798175128
177699805136795	177699825725648	177699805088149
177699827116899	177699842388409	177699827005232
177699829831534	177699850718878	177699829768461
177699840123357	177699859048722	177699840044399
177699872030336	177699884041274	177699871946899
177699878598097	177699892373878	177699878544868
177699884290597	177699900707472	177699884239868
177699889554555	177699909040649	177699889507784
177699906078253	177699917374555	177699905998305
177699912195597	177699925707003	177699912145024
177699931131378	177699942372627	177699931057836
177699939989711	177699950706534	177699939911743
177699967675232	177699984040493	177699967597576
177699982448097	177700000711690	177699982372784
177699987332524	177700009045805	177699987285180
177700005546326	177700017381013	177700005472628
177700009592368	177700025714763	177700009549816
177700014588982	177700034048773	177700014530232
177700025763461	177700042383565	177700025698826
177700037793201	177700050718044	177700037709972
177700050178670	177700067382888	177700050090076
177700072689711	177700084048148	177700072616013
177700084525753	177700100709815	177700084462211
177700089406795	177700109041430	177700089361326
177700103341795	177700117374763	177700103269086
177700107145128	177700125707680	177700107092941
177700116661222	177700134039398	177700116604347
177700123731066	177700142371430	177700123675076
177700138151795	177700150703253	177700138077055
177700159431795	177700175702211	177700159328461
177700162451430	177700184034971	177700162405388
177700172960232	177700192367575	177700172897836
177700187481170	177700200701690	177700187393565
177700192576899	177700209034919	177700192514451
177700196418930	177700217368774	177700196368774
177700236744347	177700250709658	177700236660232
177700247417836	177700259046325	177700247345649
177700251734607	177700267381951	177700251689190
177700265105909	177700275716742	177700265037576
177700270882472	177700284051169	177700270831638
177700291072263	177700309051794	177700290971274
177700296898982	177700317383773	177700296840909
177700307066743	177700325717211	177700306989347
177700333590284	177700350714607	177700333520336
177700343787263	177700359047575	177700343723045
177700348894555	177700367379972	177700348836690
177700354441274	177700375711638	177700354390545
177700369960857	177700384042732	177700369907107
177700373784243	177700392376169	177700373723253
177700381464711	177700400711326	177700381392315
177700392336742	177700409046482	177700392273826
177700397140857	177700417382783	177700397103097
177700406927680	177700425719086	177700406863565
177700436555753	177700450727471	177700436469190
177700445897732	177700459063253	177700445840545
177700448950597	177700467398825	177700448897003
177700466227524	177700484067367	177700466154399
177700471553930	177700492401013	177700471498045
177700485214972	177700500734502	177700485151274
177700500533357	177700517398201	177700500455545
177700504535492	177700525731064	177700504483461
177700539428722	177700550732731	177700539363930
177700544275597	177700559067523	177700544221222
177700549513878	177700567402003	177700549459920
177700554294763	177700575736481	177700554253722
177700570034711	177700584071325	177700569980076
177700573474920	177700592404554	177700573429242
177700581316847	177700600737315	177700581251274
177700593939347	177700609068305	177700593873878
177700596016951	177700617401065	177700595942315
177700625979086	177700642400075	177700625903253
177700637097107	177700650734346	177700637025753
177700645567836	177700659067939	177700645470753
177700650731378	177700667399294	177700650676378
177700663079242	177700675731012	177700663000701
177700677183826	177700692393304	177700677119867
177700691571013	177700709056534	177700691474086
177700711086378	177700725720232	177700710999034
177700714370284	177700734051690	177700714321169
177700728837472	177700742382731	177700728783461
177700739963201	177700750714554	177700739899659
177700756091378	177700767380856	177700756030180
177700765331638	177700784048825	177700765251690
177700785092263	177700800717263	177700785012107
177700789850805	177700809050804	177700789797628
177700811941847	177700825719555	177700811868878
177700829242211	177700842389294	177700829187836
177700843864867	177700859055961	177700843805753
177700854430544	177700867388148	177700854360857
177700874107888	177700892388044	177700874018930
177700890438149	177700909052523	177700890350388
177700899985961	177700917384763	177700899920805

=== poll 1790151000.202345913
8333333
177701818188304	177701842612211	177701818133982
177701825931377	177701850947002	177701825872471
177701833634242	177701859281324	177701830820909
177701841859815	177701867616897	177701837129867
177701850291846	177701875951482	177701849080648
177701858891377	177701884285647	177701854944086
177701881367992	177701892619293	177701881252523
177701891592367	177701909286689	177701891521377
177701896053773	177701917620908	177701895960700
177701914073721	177701925954189	177701913986117
177701922522575	177701934287888	177701922454659
177701937342367	177701950954033	177701937269919
177701949929815	177701967619710	177701949869034
177701963677471	177701975953095	177701963609659
177701982514867	177702000956741	177701982418929
177701992211586	177702009293148	177701992155961
177702002556950	177702017629085	177702002485752
177702012186169	177702025964814	177702012115856
177702017945284	177702034300127	177702017883825
177702024245127	177702042635283	177702024183617
177702034392419	177702050970908	177702034333461
177702048935856	177702067640179	177702048848773
177702064319502	177702075976377	177702064248721
177702076566742	177702092649866	177702076493929
177702079808461	177702100987106	177702079759398
177702087868929	177702109324242	177702087806273
177702116292471	177702134336116	177702116203148
177702123809659	177702142671637	177702123732106
177702146917940	177702159341273	177702146833825
177702157539606	177702176012314	177702157440856
177702170674554	177702184348564	177702170605127
177702180532679	177702192683251	177702180469606
177702186226950	177702201020231	177702186170023
177702190938981	177702209357210	177702190822471
177702206001117	177702217696065	177702205926273
177702211119086	177702226032835	177702211054398
177702214184450	177702234370074	177702214149398
177702230920752	177702242705387	177702230831169
177702234133773	177702251041064	177702234074242
177702242005596	177702259376897	177702241943148
177702254933408	177702267709501	177702254841429
177702260790596	177702276044138	177702260729033
177702276476169	177702292712471	177702276396846
177702282691638	177702301048669	177702282622106
177702291997002	177702309382887	177702291940388
177702318213929	177702334384762	177702318135648
177702325021273	177702342718929	177702324952263
177702338864294	177702351053460	177702338797783
177702357463304	177702376051689	177702357366690
177702363077419	177702384384762	177702363022315
177702376046794	177702392718251	177702375955752
177702380255544	177702401053668	177702380200075
177702396507471	177702409388772	177702396418304
177702407093044	177702417724033	177702406919658
177702413019502	177702426059293	177702412946169
177702439934763	177702451066012	177702439860023
177702451672419	177702467737471	177702451550908
177702472100283	177702484406168	177702471976846
177702478880544	177702492741012	177702478818044
177702493051221	177702509411272	177702492983356
177702502252106	177702517747783	177702502185388
177702523574606	177702534421845	177702523498513
177702533564763	177702551094814	177702533487783
177702547462471	177702559431637	177702547395127
177702557822210	177702576104189	177702557748148
177702571754138	177702584440335	177702571681742
177702579433565	177702592776533	177702579350023
177702601740648	177702617776532	177702601671377
177702604882992	177702626110387	177702604841742
177702613045075	177702634444658	177702612977992
177702658438877	177702676116012	177702658321533
177702665466950	177702684450856	177702665393044
177702672607106	177702692784554	177702672546742
177702687970596	177702701117783	177702687888044
177702698470804	177702709450335	177702698403565
177702718087887	177702734449866	177702717993669
177702721975283	177702742784085	177702721939398
177702750173148	177702767781533	177702750092992
177702755092210	177702776115075	177702755041117
177702767461898	177702784447782	177702767381846
177702772494398	177702792780335	177702772442158
177702788712106	177702801113252	177702788640492
177702804113564	177702817777105	177702804050908
177702814178773	177702826107626	177702814099971
177702822011012	177702834437574	177702821955596
177702835174762	177702851094397	177702835109398
177702845613721	177702859425127	177702845553669
177702855344033	177702867755856	177702855289346
177702865341169	177702876088720	177702865269554
177702870969867	177702884421169	177702870910856
177702888896325	177702901081898	177702888834971
177702898599971	177702909413668	177702898540023
177702909707939	177702926076012	177702909641742
177702918026950	177702934408355	177702917973721
177702929674294	177702942741168	177702929613669
177702934716221	177702951071584	177702934659450
177702946198669	177702959403355	177702946121950
177702958125283	177702976066793	177702958033512
177702963745700	177702984399137	177702963717575
177702977251533	177702992731637	177702977225023
177702990696898	177703009396064	177702990612002
177702998030387	177703017728251	177702997957106
177703013140283	177703026060907	177703013078460
177703022098252	177703034393252	177703022004814
177703041067679	177703059388356	177703040993304
177703048707991	177703067718148	177703048625960
177703054441637	177703076049606	177703054387314
177703068615491	177703084381897	177703068551794
177703072589814	177703092715178	177703072545491
177703079481689	177703101048720	177703079430856
177703092589346	177703109379970	177703092535596
177703106325491	177703117711377	177703106259710
177703119340335	177703134375751	177703119134814
177703123779658	177703142708407	177703123724241
177703137764814	177703151043460	177703137688512
177703143175179	177703159378199	177703143119710
177703147348929	177703167712105	177703147299398
177703170952262	177703184377627	177703170866794
177703181973460	177703192710908	177703181901689
177703193186585	177703209376324	177703193044866
177703209718721	177703226040803	177703209610231
177703223169346	177703234372054	177703223112575
177703242517835	177703259365230	177703242426273
177703247289814	177703267696584	177703247228981
177703260046950	177703276029605	177703259954554
177703263785908	177703284362209	177703263737418
177703294611273	9223372036854775807	177703294517679

=== poll 1790151002.574320912
8333333
177704098976897	177704117551376	177704098897627
177704121567262	177704134218043	177704121493460
177704132452522	177704150884762	177704132360179
177704139007262	177704159216012	177704138958564
177704155364449	177704167548512	177704155305856
177704160214033	177704175881636	177704160154554
177704170239554	177704184215699	177704170172835
177704185456481	177704200882314	177704185391637
177704194530022	177704209215282	177704194472626
177704199635647	177704217548251	177704199578356
177704218496897	177704234213147	177704218404606
177704222299241	177704242545595	177704222237679
177704253076897	177704267539709	177704252997887
177704259475856	177704275872626	177704259427783
177704262973616	177704284204918	177704262933147
177704288903720	177704300868929	177704288816376
177704298533929	177704309204292	177704298462106
177704313566845	177704325871376	177704313458460
177704322244293	177704334204137	177704322176741
177704333933668	177704350869970	177704333805543
177704351000908	177704367537573	177704350912626
177704355810387	177704375871897	177704355758616
177704372766168	177704384205751	177704372676741
177704382835126	177704400870803	177704382752522
177704409989866	177704425861844	177704409916845
177704414087262	177704434193199	177704414053095
177704424432262	177704442523980	177704424330178
177704429947470	177704450855230	177704429884137
177704447868616	177704459187209	177704447791533
177704460176845	177704475850699	177704460103251
177704465681949	177704484185074	177704465626116
177704471913824	177704492519761	177704471855960
177704495058564	177704509188720	177704494989189
177704499522418	177704517523303	177704499466272
177704517922574	177704534191115	177704517844293
177704522317210	177704542524969	177704522268147
177704554591741	177704567523511	177704554516585
177704559505074	177704575856896	177704559453095
177704575001793	177704592520543	177704574931064
177704581427470	177704600852938	177704581365126
177704597872105	177704609187573	177704597796480
177704604052262	177704617521272	177704603909449
177704623640074	177704642519240	177704623445335
177704631750074	177704650851897	177704631682105
177704643004293	177704659184970	177704642939605
177704656704501	177704667517782	177704656628355
177704663291428	177704675852678	177704663232105
177704672427783	177704684185334	177704672365908
177704697229605	177704709188042	177704697136793
177704710403303	177704725853303	177704710340543
177704715719449	177704734185959	177704715660803
177704731462783	177704742518251	177704731375022
177704737675543	177704750850178	177704737625230
177704748081585	177704759182730	177704748023095
177704768512782	177704784180855	177704768420751
177704772021376	177704792516324	177704771953772
177704783156116	177704800849709	177704783076897
177704800423876	177704817515282	177704800339814
177704803902366	177704825847366	177704803863355
177704812721428	177704834180126	177704812669085
177704850435699	177704867507314	177704850359918
177704864702835	177704875839292	177704864617939
177704882360647	177704900836688	177704882264553
177704892853980	177704909169605	177704892784397
177704896631168	177704917503667	177704896588928
177704909995699	177704925838667	177704909924605
177704914993251	177704934174501	177704914941637
177704931872105	177704950841116	177704931785439
177704941869762	177704959174866	177704941792626
177704952364293	177704967507522	177704952300178
177704956780647	177704975841376	177704956727939
177704967539866	177704984175334	177704967486897
177704997130699	177705009179188	177704997035178
177705017614657	177705034182729	177705017536637
177705024725751	177705042518980	177705024659345
177705029896324	177705050856896	177705029834657
177705048045126	177705059193615	177705047941324
177705069986584	177705084194240	177705069887470
177705076396480	177705092530282	177705076340751
177705081908147	177705100866063	177705081851220
177705088705387	177705109200334	177705088641324
177705109842366	177705125867157	177705109750334
177705112317574	177705134200646	177705112268303
177705172038928	177705184207886	177705171920803
177705183795751	177705200874866	177705183731689
177705200153095	177705217544761	177705200081949
177705203694345	177705225879605	177705203646532
177705216170126	177705234214448	177705216082366
177705222981220	177705242550543	177705222906689
177705241136220	177705259221011	177705241058095
177705245496741	177705267553719	177705245448876
177705261110907	177705275885907	177705261036636
177705264284605	177705284219657	177705264239970
177705272692470	177705292553042	177705272631324
177705314879866	177705325883719	177705314797834
177705329658199	177705342552991	177705329569657
177705334876116	177705350888043	177705334768616
177705346808980	177705359224345	177705346725491
177705358974761	177705375894136	177705358900439
177705361915543	177705384228875	177705361865282
177705372018355	177705392563615	177705371949084
177705383147886	177705400896688	177705383081376
177705396747314	177705409229605	177705396674814
177705403541689	177705417562105	177705403479761
177705407187834	177705425893980	177705407138355
177705423467105	177705434224293	177705423337261
177705429565022	177705442552730	177705429500334
177705438303199	177705450882053	177705438234188
177705475528251	177705492529917	177705475448459
177705489580803	177705500860126	177705489453928
177705506630334	177705517524448	177705506546532
177705513999241	177705525855855	177705513933824
177705524849293	177705542517208	177705524777938
177705534629293	177705550849761	177705534497782
177705539501845	177705559182678	177705539446168
177705555550959	177705567513510	177705555486584
177705564021272	177705575844865	177705563942470
177705578408147	177705592507156	177705578320803
177705583244970	177705600839501	177705583174761
177705587262157	177705609171948	177705587136897
177705618645907	177705634166323	177705618563928
177705634556688	177705650829344	177705634430490
177705638852574	177705659160802	177705638807678
177705657763980	177705675826376	177705657676115
177705662271949	177705684157625	177705662215334
177705672761532	177705692487312	177705672699240
177705684709970	9223372036854775807	177705684641115

=== poll 1790151004.945637318
8333333
177706594189501	177706609050177	177706594128719
177706604764709	177706617384239	177706604694761
177706609797626	177706625718250	177706609745646
177706621789136	177706634051635	177706621696219
177706632476948	177706650720958	177706632412521
177706638186532	177706659054812	177706638130698
177706654583042	177706667387989	177706654477573
177706670118771	177706684058250	177706670045073
177706673754396	177706692394031	177706673713563
177706682011532	177706700729917	177706681946532
177706689920490	177706709065541	177706689865490
177706709051844	177706725733979	177706708964501
177706712034084	177706734067052	177706711954969
177706723609605	177706742400386	177706723525126
177706738260646	177706750733719	177706738187730
177706753820542	177706767400229	177706753757157
177706764834396	177706775734083	177706764761323
177706772851271	177706784067521	177706772780646
177706788950178	177706800733718	177706788847157
177706797055698	177706809068667	177706796987053
177706811308250	177706825733823	177706811235021
177706814262053	177706834066375	177706814228875
177706822136636	177706842399709	177706822072365
177706835184032	177706850732834	177706835127313
177706849948980	177706867400177	177706849878719
177706854761792	177706875735594	177706854703407
177706867384553	177706884071427	177706867325594
177706872473511	177706892407260	177706872275178
177706900417469	177706917407730	177706900327000
177706905285282	177706925740333	177706905226480
177706920859188	177706934074031	177706920792782
177706924325646	177706942407052	177706924276532
177706932509396	177706950741583	177706932450698
177706937658511	177706959073250	177706937608146
177706956851167	177706975737416	177706956768667
177706962843771	177706984069448	177706962787886
177706972227521	177706992403614	177706972167261
177706987152573	177707000737156	177706987048407
177707004106896	177707017402885	177707004031271
177707019131323	177707034067156	177707019060438
177707023787625	177707042398563	177707023744605
177707039944605	177707050731010	177707039872469
177707046447938	177707059064499	177707046384865
177707057658563	177707075731271	177707057599917
177707063015177	177707084063875	177707062967313
177707072270125	177707092396375	177707072174188
177707098487886	177707117394187	177707098421740
177707109540073	177707125729083	177707109473823
177707114850750	177707134062052	177707114783823
177707131046011	177707142395333	177707130969969
177707139678511	177707150728458	177707139594605
177707146952365	177707159060333	177707146868511
177707163480907	177707175723406	177707163413302
177707177198302	177707192387052	177707177117104
177707182989604	177707200719188	177707182936271
177707196661427	177707209051166	177707196571896
177707207340282	177707225713094	177707207275594
177707211917365	177707234043979	177707211850802
177707236173042	177707250705177	177707236090594
177707239668563	177707259036062	177707239615802
177707253417729	177707267367104	177707253363563
177707258976532	177707275699760	177707258927052
177707265062104	177707284032000	177707265007261
177707281926011	177707300691636	177707281854240
177707287852573	177707309020906	177707287794657
177707297527000	177707317349239	177707297441219
177707331640073	177707342336740	177707331556740
177707341096115	177707358994604	177707341026011
177707353689917	177707367323093	177707353616011
177707370177469	177707383979864	177707370107938
177707373139344	177707392307573	177707373107104
177707386956115	177707400637260	177707386880646
177707396852573	177707408966063	177707396785802
177707407209448	177707425622834	177707407145229
177707414000386	177707433952260	177707413941375
177707431629500	177707442282469	177707431529969
177707438018615	177707450612156	177707437947886
177707446844344	177707458943041	177707446790490
177707478120646	177707492260437	177707478037886
177707493879031	177707508920697	177707493797052
177707504105802	177707517250958	177707504041636
177707518706896	177707533914292	177707518641531
177707523989813	177707542246843	177707523944344
177707531720386	177707550579187	177707531649656
177707551961792	177707567240281	177707551807573
177707555125229	177707575571999	177707555038615
177707567747000	177707583903666	177707567686219
177707574516896	177707592236739	177707574454917
177707579601688	177707600571687	177707579556688
177707597785959	177707608906167	177707597708719
177707606972729	177707625574500	177707606870958
177707654089708	177707667246062	177707654018094
177707662718146	177707675581011	177707662645698
177707675472469	177707692251167	177707675398094
177707680581011	177707700586374	177707680531948
177707695044708	177707708921947	177707694913667
177707699771219	177707717256166	177707699719656
177707703402729	177707725590125	177707703358354
177707720051740	177707733922781	177707719958563
177707724782521	177707742255698	177707724721167
177707728442990	177707750589969	177707728390542
177707748616063	177707767256166	177707748524604
177707757096740	177707775590906	177707756949188
177707806951271	177707825598979	177707806833354
177707814836531	177707833933457	177707814774865
177707830496115	177707842267989	177707830426844
177707836280594	177707850602624	177707836221583
177707853683354	177707867268042	177707853593979
177707864440021	177707875599552	177707864375958
177707872209031	177707883931479	177707872128927
177707883639604	177707900595437	177707883566896
177707889913406	177707908925958	177707889855958
177707896193563	177707917256687	177707896119813
177707913372104	177707925588302	177707913294188
177707923059240	177707933918302	177707922972104
177707966282833	177707983907677	177707966195594
177707971113250	177707992242468	177707971070125
177707979568094	177708000577208	177707979525438
177707985563823	177708008912625	177707985525229
177708003772260	177708017248406	177708003685385
177708007680698	177708025584291	177708007623146
177708015137990	177708033920229	177708015053458
177708030452469	177708042254551	177708030378302
177708033605438	177708050588718	177708033566635
177708037157625	177708058922104	177708037096531
177708055647833	177708067253562	177708055566427
177708077425854	9223372036854775807	177708077311062

=== poll 1790151007.377209556
8333333
177708850969656	177708867136583	177708850875333
177708857163614	177708875468770	177708857098198
177708862945073	177708883799551	177708862862781
177708874716166	177708892131062	177708874652312
177708889930489	177708908796010	177708889824396
177708916799708	177708933796322	177708916702781
177708929123927	177708942130436	177708929048145
177708937483198	177708950464916	177708937416114
177708949493927	177708967132728	177708949418198
177708972155229	177708983804656	177708971950229
177708982475073	177709000474708	177708982396583
177708994519604	177709008810124	177708994441739
177709009437625	177709025479655	177709009377833
177709017966479	177709033813406	177709017907260
177709031916323	177709050478666	177709031836166
177709038626739	177709058813770	177709038558041
177709052802052	177709067147676	177709052738406
177709065680333	177709083813666	177709065620177
177709072915698	177709092147364	177709072856843
177709086121166	177709100480645	177709086043770
177709090146948	177709108813301	177709090085698
177709098693250	177709117145905	177709098629083
177709109775073	177709125479187	177709109707052
177709114595229	177709133811947	177709114532781
177709132874760	177709150480333	177709132781218
177709136966114	177709158814082	177709136903354
177709165112052	177709183810541	177709165042208
177709181851062	177709200475176	177709181753822
177709188353250	177709208805801	177709188292677
177709196855177	177709217136686	177709196783250
177709218777312	177709233803770	177709218708197
177709227736427	177709242137520	177709227672052
177709239160489	177709250469655	177709239095750
177709262179552	177709275466479	177709262074604
177709267419343	177709283800124	177709267368562
177709270673041	177709292133093	177709270614708
177709286889187	177709300465489	177709286799031
177709297696114	177709308799083	177709297609968
177709319243614	177709333804291	177709319161114
177709335645958	177709350472364	177709335558510
177709341424760	177709358807103	177709341361010
177709361496270	177709375475228	177709361376791
177709372365645	177709383810176	177709372297833
177709382770385	177709400476478	177709382715072
177709394534916	177709408810280	177709394466999
177709406980854	177709425479499	177709406894604
177709413094031	177709433813717	177709413030124
177709422495593	177709442149760	177709422420437
177709433123562	177709450484916	177709432942781
177709446650541	177709458819186	177709446575385
177709457365802	177709475487155	177709457253093
177709475203510	177709492156999	177709474995749
177709480181999	177709500490853	177709480109187
177709498079343	177709508823718	177709498002989
177709507192052	177709525490489	177709507133562
177709527026843	177709542158301	177709526939760
177709532624604	177709550494916	177709532568197
177709547690958	177709558832207	177709547622104
177709571824499	177709583841374	177709571749291
177709582549083	177709600511166	177709582475645
177709595251374	177709608845228	177709595168926
177709599605437	177709617179916	177709599556270
177709603448093	177709625512103	177709603380645
177709618192364	177709633843092	177709618083354
177709628442208	177709642175228	177709628382781
177709646707624	177709658836843	177709646608354
177709657456791	177709675502468	177709657381791
177709682568718	177709700499030	177709682489551
177709695644864	177709708829394	177709695579447
177709702650020	177709717160228	177709702590489
177709716905593	177709733825020	177709716821531
177709723106062	177709742157571	177709723047885
177709728331791	177709750490436	177709728270437
177709744939864	177709758822832	177709744856843
177709756075749	177709767155019	177709756000020
177709764662781	177709775486999	177709764596479
177709781248041	177709792150749	177709781149864
177709787633926	177709800484342	177709787556114
177709797276999	177709808817311	177709797213718
177709842708510	177709858807780	177709842608458
177709859289812	177709875474343	177709859217781
177709866172728	177709883808665	177709866117312
177709871165593	177709892141322	177709871114656
177709892611583	177709908809863	177709892513301
177709898478978	177709917142936	177709898421739
177709907372364	177709925475332	177709907323458
177709928521218	177709942139447	177709928427364
177709937410437	177709950472207	177709937350593
177709951036374	177709967135697	177709950953614
177709954580333	177709975467884	177709954526478
177709963642833	177709983801947	177709963574603
177710004800697	177710017136061	177710004724083
177710019420541	177710033798614	177710019287051
177710024621635	177710042131217	177710024490958
177710048209343	177710067126426	177710048105437
177710057016166	177710075460905	177710056955020
177710062571530	177710083794186	177710062511218
177710086394187	177710100462311	177710086283353
177710089742833	177710108794030	177710089667780
177710107997676	177710125458665	177710107915437
177710111896739	177710133791791	177710111838874
177710163408145	177710175452832	177710163333978
177710179994916	177710192116113	177710179907572
177710185106635	177710200448769	177710185044187
177710195270697	177710208784134	177710195195749
177710197881322	177710217119551	177710197733562
177710204103405	177710225451738	177710204047937
177710221846478	177710233783874	177710221757103
177710229429239	177710242115541	177710229358145
177710240557260	177710258776478	177710240458405
177710246959603	177710267107051	177710246908093
177710258482780	177710275438145	177710258414395
177710296925697	177710308764447	177710296838926
177710312649187	177710325429030	177710312590489
177710324404239	177710342094030	177710324342155
177710337484030	177710350425905	177710337421270
177710348537624	177710367090280	177710348487832
177710371145280	177710383753197	177710371044030
177710374110332	177710392084915	177710374059135
177710380026530	177710400416999	177710379932780
177710398018978	177710408750489	177710397932989
177710407217416	177710425416166	177710407151010
177710457171999	177710475401634	177710457065489
177710465968457	177710483732363	177710465922416
177710478634916	177710492063092	177710478573926
177710494522103	177710508724134	177710494435228
177710509372259	177710525386113	177710509215697

=== poll 1790151009.870084660
8333333
177711458061374	177711475327676	177711457997415
177711472839186	177711483659707	177711472765280
177711479690749	177711491991217	177711479626686
177711492599186	177711508651790	177711492502936
177711497293145	177711516982571	177711497227311
177711510740072	177711525313300	177711510668457
177711529985905	177711541973873	177711529916738
177711535282363	177711550304967	177711535229707
177711550445853	177711566964759	177711550259186
177711554007467	177711575296269	177711553951686
177711561981061	177711583628300	177711561921113
177711577147207	177711591959810	177711577088717
177711590752988	177711608621321	177711590642363
177711597788978	177711616951113	177711597727988
177711621415332	177711633613404	177711621337207
177711635965801	177711650277675	177711635903457
177711643659082	177711658608040	177711643576999
177711648879394	177711666940436	177711648818249
177711667825072	177711683606060	177711667756165
177711672247103	177711691936790	177711672176113
177711688280644	177711700267467	177711688199811
177711708405072	177711725259342	177711708321217
177711711240176	177711733589967	177711711201686
177711723125957	177711741920540	177711723048040
177711746472363	177711758585852	177711746406165
177711750946061	177711766919654	177711750897051
177711764739134	177711783585749	177711764657884
177711771388769	177711791919394	177711771333040
177711789985228	177711808586113	177711789898144
177711797091061	177711816919290	177711797031009
177711817949238	177711833587883	177711817881426
177711821504915	177711841923561	177711821469967
177711832748301	177711850258509	177711832683561
177711837381374	177711858593040	177711837328040
177711848526894	177711866924967	177711848452103
177711867717780	177711883591269	177711867630384
177711872454499	177711891925904	177711872273301
177711888080436	177711900259290	177711888011165
177711903236530	177711916926633	177711903155801
177711917456686	177711933591529	177711917389238
177711924420071	177711941923560	177711924356582
177711929003926	177711950255436	177711928950957
177711948391842	177711966921581	177711948289655
177711953293926	177711975253092	177711953255644
177711963616842	177711983584550	177711963552571
177712000502676	177712016909446	177712000437988
177712013825436	177712025242206	177712013757415
177712030111269	177712041906061	177712030031217
177712036811269	177712050234654	177712036753613
177712054125957	177712066894289	177712054060801
177712058948353	177712075223925	177712058906478
177712071567467	177712083554811	177712071494967
177712078182259	177712091885435	177712078118092
177712104698196	177712116877832	177712104610540
177712110145696	177712125209811	177712110089030
177712122246373	177712133542570	177712122160071
177712128250801	177712141875801	177712128191321
177712154513353	177712166866009	177712154424863
177712165211738	177712183528821	177712165086321
177712180275540	177712191861373	177712180194551
177712186987207	177712200193873	177712186927363
177712204985019	177712216859758	177712204913457
177712210171738	177712225194133	177712210119186
177712222862519	177712233526008	177712222785540
177712228844863	177712241858873	177712228783821
177712249109446	177712266855852	177712249041373
177712253506478	177712275186998	177712253467884
177712277896738	177712291850540	177712277800175
177712281741582	177712300182519	177712281689238
177712299413613	177712316846946	177712299344811
177712314493561	177712325180540	177712314429446
177712330790800	177712341848873	177712330674134
177712337339030	177712350183404	177712337271842
177712355029550	177712366854863	177712354961530
177712365379707	177712383525071	177712365301478
177712369634603	177712391859967	177712369576894
177712387018353	177712400193508	177712386939655
177712404315644	177712416859550	177712404242259
177712421836373	177712433525175	177712421749707
177712431063405	177712441858821	177712430982311
177712437306009	177712450191633	177712437228196
177712468411009	177712483516998	177712468326269
177712475396373	177712491849289	177712475492988
177712484635905	177712500183664	177712484467623
177712489398769	177712508515748	177712489348873
177712508451998	177712525179445	177712508357884
177712511690123	177712533511060	177712511631217
177712523965696	177712541844758	177712523898977
177712528122519	177712550178300	177712528076061
177712542475748	177712558512518	177712542410540
177712547873925	177712566845018	177712547810227
177712567123561	177712583510592	177712567051686
177712571888144	177712591844342	177712571697467
177712581135696	177712600177727	177712581070905
177712620548561	177712633504133	177712620473248
177712627570071	177712641837154	177712627512623
177712635402102	177712650168404	177712635337936
177712640079029	177712658500852	177712640040800
177712655056946	177712666832987	177712654989186
177712662411998	177712675165227	177712662354550
177712678225279	177712691828404	177712678153925
177712687078144	177712700160747	177712687024915
177712697723300	177712708493612	177712697654863
177712720365800	177712733491686	177712720284654
177712736076686	177712750153925	177712735949394
177712752611165	177712766815748	177712752500696
177712764369290	177712775146060	177712764310279
177712781031529	177712791806372	177712780952936
177712790551113	177712808468456	177712790480696
177712797094550	177712816798977	177712797038404
177712808739863	177712825129862	177712808674134
177712822246477	177712833461425	177712822135644
177712829473144	177712841793092	177712829397207
177712837836269	177712850124914	177712837761269
177712849438300	177712866789446	177712849360175
177712864835592	177712883455279	177712864763717
177712882339081	177712900119445	177712882259550
177712893472779	177712908452258	177712893417675
177712897225644	177712916783508	177712897162206
177712914137988	177712925116425	177712914071842
177712927789134	177712941779029	177712927706634
177712937321477	177712950111686	177712937243613
177712958504915	177712975108300	177712958436894
177712974561738	177712991773664	177712974487779
177712979527571	177713000107102	177712979477623
177712997713665	177713008442154	177712997610384
177713000791529	9223372036854775807	177713000741009

=== poll 1790151012.333304867
8333333
177713852652362	177713866518976	177713852569602
177713869083873	177713883182414	177713869014914
177713881072310	177713899847674	177713881005800
177713896888039	177713908180331	177713896807987
177713903518196	177713916510956	177713903462675
177713913040487	177713924842726	177713912977414
177713929447727	177713941508352	177713929352571
177713940746373	177713958173196	177713940653716
177713956229446	177713974837466	177713956152727
177713961876946	177713983169497	177713961821477
177713980634289	177713991499654	177713980550956
177713986337675	177713999831372	177713986278456
177714018654394	177714033164289	177714018574289
177714034549550	177714049828455	177714034481373
177714039248091	177714058162414	177714039184446
177714056212466	177714074831736	177714056144081
177714061580279	177714083163872	177714061525435
177714073531008	177714091495695	177714073446216
177714089165800	177714099827205	177714089094498
177714096673873	177714108159288	177714096612362
177714114805175	177714133161737	177714114727258
177714133523977	177714149826216	177714133436112
177714136910123	177714158158612	177714136859654
177714174004862	177714191493039	177714173914914
177714185321425	177714199827413	177714185263612
177714190659237	177714208161268	177714190602050
177714195806425	177714216495174	177714195743143
177714208825643	177714224829653	177714208763091
177714213378352	177714233161685	177714213322518
177714223800643	177714241493247	177714223729133
177714238608039	177714249824289	177714238520487
177714246978404	177714258156008	177714246889393
177714264669654	177714283150799	177714264465643
177714281126268	177714299810695	177714281051581
177714287226841	177714308141789	177714287160018
177714309960956	177714324804810	177714309832310
177714314932050	177714333135591	177714314867102
177714333299341	177714349798091	177714333083248
177714337232362	177714358130695	177714337171216
177714361090591	177714374793404	177714360994341
177714366670748	177714383125487	177714366617883
177714381597050	177714399788768	177714381518456
177714387966373	177714408120382	177714387903612
177714397122779	177714416453091	177714397047102
177714415041425	177714433118456	177714414850331
177714430743352	177714441451788	177714430669862
177714437759341	177714449783924	177714437691477
177714460052831	177714474778299	177714459947362
177714470418091	177714483109965	177714470342310
177714487481425	177714499775122	177714487400227
177714497004966	177714508107883	177714496939654
177714515187675	177714533106737	177714515109081
177714522901060	177714541438039	177714522841320
177714537511477	177714549770330	177714537435018
177714547312206	177714558102049	177714547235539
177714562512206	177714574764237	177714562444029
177714572962935	177714591429966	177714572878143
177714593093091	177714608095487	177714593010695
177714603076633	177714616426059	177714602996477
177714614887310	177714633091111	177714614817570
177714620294393	177714641422049	177714620246685
177714637446112	177714649752309	177714637363560
177714647283872	177714658083039	177714647217518
177714658331008	177714674745591	177714658247154
177714671639185	177714683077361	177714671564550
177714677946112	177714691409601	177714677888925
177714687583508	177714699741893	177714687487310
177714710396633	177714724737466	177714710335539
177714716326425	177714733070278	177714716279341
177714725059706	177714741399549	177714725011216
177714730459445	177714749730122	177714730400539
177714752778508	177714766391684	177714752686945
177714756207935	177714774723924	177714756162987
177714769860852	177714783056685	177714769805383
177714782112154	177714799722778	177714782052258
177714799945487	177714816384861	177714799861372
177714805577050	177714824715955	177714805516841
177714823161320	177714841378976	177714823092518
177714832146841	177714849708038	177714832078091
177714852473091	177714866365538	177714852181529
177714857854393	177714874696736	177714857811164
177714865079185	177714883028299	177714865019445
177714870227935	177714891358456	177714870170852
177714885901737	177714899689654	177714885835227
177714889668091	177714908020643	177714889607310
177714896950695	177714916351163	177714896889706
177714907819758	177714924682934	177714907757362
177714911969758	177714933014185	177714911924549
177714949578456	177714966341789	177714949509341
177714966379654	177714983008715	177714966306737
177714971371424	177714991340956	177714971328560
177714993233299	177715008004757	177714993150174
177714996978872	177715016338455	177714996927883
177715010178195	177715024673403	177715010103768
177715021771372	177715033008507	177715021684810
177715028244445	177715041341372	177715028184133
177715047499601	177715066340799	177715047409445
177715052912154	177715074673247	177715052842466
177715063013299	177715083005278	177715062941060
177715092684706	177715108001528	177715092573299
177715108871789	177715124666997	177715108803612
177715120673091	177715132999497	177715120608560
177715125353508	177715141331632	177715125305487
177715137764914	177715149663455	177715137705539
177715144225851	177715157995747	177715144157726
177715164312154	177715182985331	177715164217831
177715171729029	177715191315643	177715171672987
177715180359237	177715199646268	177715180290279
177715197270539	177715207976736	177715197177883
177715207155904	177715224638195	177715207084029
177715247094289	177715257951059	177715246980435
177715260321060	177715274609028	177715260259497
177715265054706	177715282937778	177715264991112
177715270155122	177715291268143	177715270106424
177715301540435	177715316260539	177715301434497
177715306132935	177715324591528	177715306087310
177715313455799	177715332922882	177715313416997
177715327560747	177715341254861	177715327497935
177715333079497	177715349586476	177715333015435
177715338061893	177715357916945	177715338010278
177715356508612	177715374574705	177715356322466
177715363399185	177715382905746	177715363332362
177715372045122	177715391237153	177715371936372
177715401655643	177715416230121	177715401579237
177715416810331	177715432891997	177715416730435
177715421896008	177715441222674	177715421857258
177715428218664	177715449553976	177715428155643

=== poll 1790151014.705690751
8333333
177716222798455	177716241196007	177716222712257
177716228506945	177716249526788	177716228432986
177716238913195	177716257857830	177716238837622
177716261383143	177716274519497	177716261286893
177716264488299	177716282851684	177716264419289
177716272540382	177716291183455	177716272462986
177716294738247	177716307846944	177716294563716
177716299662882	177716316177986	177716299611997
177716311746893	177716324508819	177716311677257
177716322294289	177716341169288	177716322218664
177716344877830	177716357831424	177716344795434
177716351159393	177716366163143	177716351086059
177716362021788	177716374493924	177716361933351
177716364610070	177716382824965	177716364572674
177716372182622	177716391156580	177716372124913
177716394429288	177716407819132	177716394346893
177716399361163	177716416150903	177716399309445
177716417557049	177716432811944	177716417465643
177716422601268	177716441141371	177716422542205
177716427272518	177716449471371	177716427215070
177716440790070	177716457801111	177716440733299
177716449195695	177716466130851	177716449141632
177716453944757	177716474460225	177716453902882
177716467967361	177716482790902	177716467902986
177716472817986	177716491122153	177716472762257
177716484309757	177716499450955	177716484232466
177716494552413	177716507780850	177716494489497
177716505683872	177716524439809	177716505623611
177716511149705	177716532773090	177716511108195
177716527760122	177716541106684	177716527687674
177716539854966	177716557771423	177716539790330
177716554196372	177716566102621	177716554127153
177716572611007	177716591096006	177716572518976
177716577719393	177716599428038	177716577668611
177716595546997	177716607759965	177716595479184
177716609330070	177716624422517	177716609286111
177716613795590	177716632753194	177716613751476
177716633367778	177716649417673	177716633285434
177716637164549	177716657748923	177716637112570
177716660019236	177716674411528	177716659811320
177716665077518	177716682741788	177716665032465
177716683392101	177716699402882	177716683316268
177716687111580	177716707732100	177716687062413
177716710391840	177716724394288	177716710306476
177716715655590	177716732726371	177716715592570
177716732799965	177716749389184	177716732721111
177716736600851	177716757721528	177716736546684
177716749964236	177716766053611	177716749910538
177716759635955	177716774385850	177716759578195
177716764669861	177716782717152	177716764606580
177716787625799	177716799378976	177716787530851
177716797137986	177716816042726	177716797066580
177716813868403	177716832701892	177716813809497
177716824383559	177716841033819	177716824224445
177716829193715	177716849365642	177716829144497
177716844542622	177716857697256	177716844471424
177716847397257	177716866029027	177716847345434
177716856851111	177716874361215	177716856780747
177716862985747	177716882693194	177716862931215
177716886136320	177716899356006	177716886056632
177716897237049	177716916015434	177716897161945
177716913798455	177716932672621	177716913722726
177716928392153	177716941003507	177716928325017
177716937434809	177716949332778	177716937370695
177716958726945	177716974326944	177716958631163
177716964750747	177716982656528	177716964693715
177716969541788	177716990986944	177716969484913
177716987124809	177716999317986	177716987025590
177716997554184	177717015978507	177716997451580
177717024761944	177717040963194	177717024695382
177717037466528	177717049293871	177717037390278
177717050057465	177717065952100	177717049980799
177717064767986	177717082605382	177717064683819
177717069906424	177717090932465	177717069852465
177717083775851	177717099259809	177717083698924
177717087345590	177717107588506	177717087286684
177717097187205	177717115918403	177717097100799
177717116638090	177717132578142	177717116555122
177717130598038	177717149238610	177717130533403
177717137229132	177717157570173	177717137166111
177717158634392	177717174230434	177717158544288
177717163475330	177717182560485	177717163424444
177717173265851	177717190891631	177717173192153
177717187168403	177717199222986	177717187093038
177717197376059	177717215884601	177717197298819
177717228982049	177717240877257	177717228900382
177717234911944	177717249205798	177717234777361
177717239605799	177717257536059	177717239553976
177717255530903	177717274194600	177717255448976
177717261534288	177717282525121	177717261473455
177717273968611	177717290855278	177717273881371
177717287706476	177717299184340	177717287634288
177717298112049	177717315844340	177717297685017
177717320185226	177717332502257	177717320114288
177717328441371	177717340831267	177717328388246
177717335768455	177717349162361	177717335601215
177717341283663	177717357492152	177717341224965
177717355382778	177717374150954	177717355286632
177717371527778	177717382482517	177717371451736
177717375198142	177717390813819	177717375138455
177717378174653	177717399145173	177717378126684
177717412335434	177717424137413	177717412243351
177717424245174	177717440795902	177717424178351
177717437086632	177717449125642	177717437021007
177717456332101	177717474115537	177717456260538
177717460433767	177717482446996	177717460377986
177717471213559	177717490779027	177717471132934
177717477748767	177717499111319	177717477689861
177717516990330	177717532441215	177717516895538
177717533379236	177717549107881	177717533315642
177717538967934	177717557442204	177717538905590
177717551882048	177717565776006	177717551809392
177717570262882	177717582438611	177717570177517
177717579143298	177717590768975	177717579071163
177717623708976	177717640745173	177717623617986
177717629300746	177717649074964	177717629254340
177717646077673	177717657402673	177717645993298
177717657859600	177717674061371	177717657805903
177717663598194	177717682391527	177717663551944
177717677921059	177717690720642	177717677851475
177717687065486	177717699050485	177717687005538
177717728318350	177717740708142	177717728231319
177717745561528	177717757374392	177717745361944
177717750920590	177717765706111	177717750869132
177717755399236	177717774038819	177717755367882
177717762727153	177717782370954	177717762678455
177717781536788	177717799031891	177717781446684

=== poll 1790151017.096746428
8333333
177718488219496	177718507103819	177718488158402
177718507081944	177718523762568	177718506986371
177718512975225	177718532093297	177718512903819
177718518431840	177718540421526	177718518357881
177718527946371	177718548750485	177718527865486
177718538176944	177718557079339	177718538109027
177718561335798	177718573739392	177718561248819
177718571931736	177718590394339	177718571864131
177718598722361	177718615383662	177718598655381
177718604486736	177718623713506	177718604430225
177718621652933	177718640370694	177718621575538
177718627933038	177718648697985	177718627864183
177718638102204	177718657026943	177718638038402
177718652833454	177718665355538	177718652754756
177718661564808	177718673685017	177718661493038
177718685870642	177718698671527	177718685794808
177718699681475	177718715329339	177718699522777
177718704343402	177718723658454	177718704300746
177718723120121	177718740315798	177718723045381
177718727403402	177718748645746	177718727358298
177718749701371	177718765302776	177718749596683
177718754681423	177718773632204	177718754618610
177718768428975	177718781962933	177718768359131
177718773253194	177718790292724	177718773195277
177718777687985	177718798622152	177718777621527
177718796589079	177718815280381	177718796476840
177718802546840	177718823610432	177718802486996
177718829347256	177718840269443	177718829247048
177718833060173	177718848600173	177718833001683
177718839085590	177718856930328	177718839021215
177718850884392	177718865260902	177718850808819
177718875745173	177718890252568	177718875657621
177718879627465	177718898584079	177718879563715
177718887566371	177718906915641	177718887507985
177718904502777	177718923573194	177718904430121
177718920020850	177718931902152	177718919941163
177718925219965	177718940231370	177718925173350
177718942652152	177718956891058	177718942555902
177718952120225	177718965221214	177718952053298
177718962880798	177718973550328	177718962800746
177718982913558	177718998539443	177718982829444
177718987289183	177719006868975	177718987245954
177719013940329	177719031856682	177719013855381
177719023787673	177719040185381	177719023668194
177719038319808	177719056842620	177719038226996
177719047541475	177719065171057	177719047467673
177719058944392	177719073500590	177719058878142
177719070032048	177719081829079	177719069966996
177719075034027	177719090157621	177719074975694
177719087270017	177719098486006	177719087188194
177719097304079	177719115145589	177719097227152
177719118135069	177719131803246	177719118066475
177719128419079	177719140133298	177719128276944
177719144670850	177719156790277	177719144590485
177719157839808	177719173445902	177719157773871
177719162008090	177719181774600	177719161969912
177719170404965	177719190102725	177719170357673
177719183737360	177719198432307	177719183667621
177719187131214	177719206762933	177719187090381
177719197216058	177719215093349	177719197151371
177719217160589	177719231754027	177719217079756
177719226116527	177719240084078	177719226070121
177719235412985	177719248413923	177719235356683
177719248290694	177719265073922	177719248200173
177719264451058	177719281736266	177719264372048
177719278268767	177719290066735	177719278194652
177719286990642	177719298395797	177719286927204
177719315356683	177719331715589	177719315276058
177719329664183	177719348377308	177719329592569
177719335676944	177719356708194	177719335623350
177719353556787	177719365039651	177719353472464
177719363376475	177719381701527	177719363290850
177719378666110	177719390031996	177719378603558
177719395114392	177719406689495	177719395038402
177719402027985	177719415019339	177719401953766
177719419323246	177719431676422	177719419253037
177719425182725	177719440005381	177719425126162
177719432069496	177719448337047	177719431971006
177719453757881	177719464997881	177719453642621
177719456972829	177719473330380	177719457005589
177719464479079	177719481661631	177719464412569
177719476018298	177719489994131	177719475919183
177719479501996	177719498325537	177719479455173
177719493226214	177719506658766	177719493168141
177719514905225	177719531654808	177719514803662
177719518427256	177719539985329	177719518361371
177719533834756	177719548316579	177719533770902
177719541334860	177719556648453	177719541269496
177719545193819	177719564980068	177719545146631
177719559410954	177719573311474	177719559317360
177719579016996	177719589975068	177719578951319
177719599952152	177719614968037	177719599866319
177719609524600	177719623296839	177719609453298
177719616168818	177719631625589	177719616119235
177719620646006	177719639955225	177719620589808
177719628720173	177719648286891	177719628656423
177719636516266	177719656618975	177719636440277
177719643996579	177719664950328	177719643913193
177719659493298	177719673281318	177719659413350
177719674598037	177719689943245	177719674517621
177719689990902	177719706605954	177719689903402
177719694069496	177719714937984	177719694009287
177719711437985	177719723271839	177719711336266
177719718482204	177719731604078	177719718416006
177719733746058	177719748268818	177719733519600
177719742666475	177719756599079	177719742609235
177719763437673	177719781593245	177719763353350
177719767664704	177719789925536	177719767611475
177719785981162	177719798256891	177719785906318
177719815541423	177719831582047	177719815443923
177719821305746	177719839913506	177719821253350
177719841984027	177719856574131	177719841897933
177719851235745	177719864906266	177719851152933
177719887688245	177719906555276	177719887584131
177719894083245	177719914886370	177719894014391
177719905241266	177719923217672	177719905167308
177719914523818	177719931549183	177719914298193
177719930167673	177719948211891	177719930055798
177719941195850	177719956542204	177719941122881
177719952072673	177719964873297	177719951990745
177719967541735	177719981532255	177719967450068
177719976266370	177719989863557	177719976200225
177719990803454	177720006524964	177719990719756
177719996682985	177720014854547	177719996640537
177720009499443	177720023184651	177720009440641
177720019459964	177720031514495	177720019397725
177720025937777	177720039845172	177720025877985

=== poll 1790151019.417920125
8333333
177718488219496	177718507103819	177718488158402
177718507081944	177718523762568	177718506986371
177718512975225	177718532093297	177718512903819
177718518431840	177718540421526	177718518357881
177718527946371	177718548750485	177718527865486
177718538176944	177718557079339	177718538109027
177718561335798	177718573739392	177718561248819
177718571931736	177718590394339	177718571864131
177718598722361	177718615383662	177718598655381
177718604486736	177718623713506	177718604430225
177718621652933	177718640370694	177718621575538
177718627933038	177718648697985	177718627864183
177718638102204	177718657026943	177718638038402
177718652833454	177718665355538	177718652754756
177718661564808	177718673685017	177718661493038
177718685870642	177718698671527	177718685794808
177718699681475	177718715329339	177718699522777
177718704343402	177718723658454	177718704300746
177718723120121	177718740315798	177718723045381
177718727403402	177718748645746	177718727358298
177718749701371	177718765302776	177718749596683
177718754681423	177718773632204	177718754618610
177718768428975	177718781962933	177718768359131
177718773253194	177718790292724	177718773195277
177718777687985	177718798622152	177718777621527
177718796589079	177718815280381	177718796476840
177718802546840	177718823610432	177718802486996
177718829347256	177718840269443	177718829247048
177718833060173	177718848600173	177718833001683
177718839085590	177718856930328	177718839021215
177718850884392	177718865260902	177718850808819
177718875745173	177718890252568	177718875657621
177718879627465	177718898584079	177718879563715
177718887566371	177718906915641	177718887507985
177718904502777	177718923573194	177718904430121
177718920020850	177718931902152	177718919941163
177718925219965	177718940231370	177718925173350
177718942652152	177718956891058	177718942555902
177718952120225	177718965221214	177718952053298
177718962880798	177718973550328	177718962800746
177718982913558	177718998539443	177718982829444
177718987289183	177719006868975	177718987245954
177719013940329	177719031856682	177719013855381
177719023787673	177719040185381	177719023668194
177719038319808	177719056842620	177719038226996
177719047541475	177719065171057	177719047467673
177719058944392	177719073500590	177719058878142
177719070032048	177719081829079	177719069966996
177719075034027	177719090157621	177719074975694
177719087270017	177719098486006	177719087188194
177719097304079	177719115145589	177719097227152
177719118135069	177719131803246	177719118066475
177719128419079	177719140133298	177719128276944
177719144670850	177719156790277	177719144590485
177719157839808	177719173445902	177719157773871
177719162008090	177719181774600	177719161969912
177719170404965	177719190102725	177719170357673
177719183737360	177719198432307	177719183667621
177719187131214	177719206762933	177719187090381
177719197216058	177719215093349	177719197151371
177719217160589	177719231754027	177719217079756
177719226116527	177719240084078	177719226070121
177719235412985	177719248413923	177719235356683
177719248290694	177719265073922	177719248200173
177719264451058	177719281736266	177719264372048
177719278268767	177719290066735	177719278194652
177719286990642	177719298395797	177719286927204
177719315356683	177719331715589	177719315276058
177719329664183	177719348377308	177719329592569
177719335676944	177719356708194	177719335623350
177719353556787	177719365039651	177719353472464
177719363376475	177719381701527	177719363290850
177719378666110	177719390031996	177719378603558
177719395114392	177719406689495	177719395038402
177719402027985	177719415019339	177719401953766
177719419323246	177719431676422	177719419253037
177719425182725	177719440005381	177719425126162
177719432069496	177719448337047	177719431971006
177719453757881	177719464997881	177719453642621
177719456972829	177719473330380	177719457005589
177719464479079	177719481661631	177719464412569
177719476018298	177719489994131	177719475919183
177719479501996	177719498325537	177719479455173
177719493226214	177719506658766	177719493168141
177719514905225	177719531654808	177719514803662
177719518427256	177719539985329	177719518361371
177719533834756	177719548316579	177719533770902
177719541334860	177719556648453	177719541269496
177719545193819	177719564980068	177719545146631
177719559410954	177719573311474	177719559317360
177719579016996	177719589975068	177719578951319
177719599952152	177719614968037	177719599866319
177719609524600	177719623296839	177719609453298
177719616168818	177719631625589	177719616119235
177719620646006	177719639955225	177719620589808
177719628720173	177719648286891	177719628656423
177719636516266	177719656618975	177719636440277
177719643996579	177719664950328	177719643913193
177719659493298	177719673281318	177719659413350
177719674598037	177719689943245	177719674517621
177719689990902	177719706605954	177719689903402
177719694069496	177719714937984	177719694009287
177719711437985	177719723271839	177719711336266
177719718482204	177719731604078	177719718416006
177719733746058	177719748268818	177719733519600
177719742666475	177719756599079	177719742609235
177719763437673	177719781593245	177719763353350
177719767664704	177719789925536	177719767611475
177719785981162	177719798256891	177719785906318
177719815541423	177719831582047	177719815443923
177719821305746	177719839913506	177719821253350
177719841984027	177719856574131	177719841897933
177719851235745	177719864906266	177719851152933
177719887688245	177719906555276	177719887584131
177719894083245	177719914886370	177719894014391
177719905241266	177719923217672	177719905167308
177719914523818	177719931549183	177719914298193
177719930167673	177719948211891	177719930055798
177719941195850	177719956542204	177719941122881
177719952072673	177719964873297	177719951990745
177719967541735	177719981532255	177719967450068
177719976266370	177719989863557	177719976200225
177719990803454	177720006524964	177719990719756
177719996682985	177720014854547	177719996640537
177720009499443	177720023184651	177720009440641
177720019459964	177720031514495	177720019397725
177720025937777	177720039845172	177720025877985

=== poll 1790151021.788679030
8333333
177718488219496	177718507103819	177718488158402
177718507081944	177718523762568	177718506986371
177718512975225	177718532093297	177718512903819
177718518431840	177718540421526	177718518357881
177718527946371	177718548750485	177718527865486
177718538176944	177718557079339	177718538109027
177718561335798	177718573739392	177718561248819
177718571931736	177718590394339	177718571864131
177718598722361	177718615383662	177718598655381
177718604486736	177718623713506	177718604430225
177718621652933	177718640370694	177718621575538
177718627933038	177718648697985	177718627864183
177718638102204	177718657026943	177718638038402
177718652833454	177718665355538	177718652754756
177718661564808	177718673685017	177718661493038
177718685870642	177718698671527	177718685794808
177718699681475	177718715329339	177718699522777
177718704343402	177718723658454	177718704300746
177718723120121	177718740315798	177718723045381
177718727403402	177718748645746	177718727358298
177718749701371	177718765302776	177718749596683
177718754681423	177718773632204	177718754618610
177718768428975	177718781962933	177718768359131
177718773253194	177718790292724	177718773195277
177718777687985	177718798622152	177718777621527
177718796589079	177718815280381	177718796476840
177718802546840	177718823610432	177718802486996
177718829347256	177718840269443	177718829247048
177718833060173	177718848600173	177718833001683
177718839085590	177718856930328	177718839021215
177718850884392	177718865260902	177718850808819
177718875745173	177718890252568	177718875657621
177718879627465	177718898584079	177718879563715
177718887566371	177718906915641	177718887507985
177718904502777	177718923573194	177718904430121
177718920020850	177718931902152	177718919941163
177718925219965	177718940231370	177718925173350
177718942652152	177718956891058	177718942555902
177718952120225	177718965221214	177718952053298
177718962880798	177718973550328	177718962800746
177718982913558	177718998539443	177718982829444
177718987289183	177719006868975	177718987245954
177719013940329	177719031856682	177719013855381
177719023787673	177719040185381	177719023668194
177719038319808	177719056842620	177719038226996
177719047541475	177719065171057	177719047467673
177719058944392	177719073500590	177719058878142
177719070032048	177719081829079	177719069966996
177719075034027	177719090157621	177719074975694
177719087270017	177719098486006	177719087188194
177719097304079	177719115145589	177719097227152
177719118135069	177719131803246	177719118066475
177719128419079	177719140133298	177719128276944
177719144670850	177719156790277	177719144590485
177719157839808	177719173445902	177719157773871
177719162008090	177719181774600	177719161969912
177719170404965	177719190102725	177719170357673
177719183737360	177719198432307	177719183667621
177719187131214	177719206762933	177719187090381
177719197216058	177719215093349	177719197151371
177719217160589	177719231754027	177719217079756
177719226116527	177719240084078	177719226070121
177719235412985	177719248413923	177719235356683
177719248290694	177719265073922	177719248200173
177719264451058	177719281736266	177719264372048
177719278268767	177719290066735	177719278194652
177719286990642	177719298395797	177719286927204
177719315356683	177719331715589	177719315276058
177719329664183	177719348377308	177719329592569
177719335676944	177719356708194	177719335623350
177719353556787	177719365039651	177719353472464
177719363376475	177719381701527	177719363290850
177719378666110	177719390031996	177719378603558
177719395114392	177719406689495	177719395038402
177719402027985	177719415019339	177719401953766
177719419323246	177719431676422	177719419253037
177719425182725	177719440005381	177719425126162
177719432069496	177719448337047	177719431971006
177719453757881	177719464997881	177719453642621
177719456972829	177719473330380	177719457005589
177719464479079	177719481661631	177719464412569
177719476018298	177719489994131	177719475919183
177719479501996	177719498325537	177719479455173
177719493226214	177719506658766	177719493168141
177719514905225	177719531654808	177719514803662
177719518427256	177719539985329	177719518361371
177719533834756	177719548316579	177719533770902
177719541334860	177719556648453	177719541269496
177719545193819	177719564980068	177719545146631
177719559410954	177719573311474	177719559317360
177719579016996	177719589975068	177719578951319
177719599952152	177719614968037	177719599866319
177719609524600	177719623296839	177719609453298
177719616168818	177719631625589	177719616119235
177719620646006	177719639955225	177719620589808
177719628720173	177719648286891	177719628656423
177719636516266	177719656618975	177719636440277
177719643996579	177719664950328	177719643913193
177719659493298	177719673281318	177719659413350
177719674598037	177719689943245	177719674517621
177719689990902	177719706605954	177719689903402
177719694069496	177719714937984	177719694009287
177719711437985	177719723271839	177719711336266
177719718482204	177719731604078	177719718416006
177719733746058	177719748268818	177719733519600
177719742666475	177719756599079	177719742609235
177719763437673	177719781593245	177719763353350
177719767664704	177719789925536	177719767611475
177719785981162	177719798256891	177719785906318
177719815541423	177719831582047	177719815443923
177719821305746	177719839913506	177719821253350
177719841984027	177719856574131	177719841897933
177719851235745	177719864906266	177719851152933
177719887688245	177719906555276	177719887584131
177719894083245	177719914886370	177719894014391
177719905241266	177719923217672	177719905167308
177719914523818	177719931549183	177719914298193
177719930167673	177719948211891	177719930055798
177719941195850	177719956542204	177719941122881
177719952072673	177719964873297	177719951990745
177719967541735	177719981532255	177719967450068
177719976266370	177719989863557	177719976200225
177719990803454	177720006524964	177719990719756
177719996682985	177720014854547	177719996640537
177720009499443	177720023184651	177720009440641
177720019459964	177720031514495	177720019397725
177720025937777	177720039845172	177720025877985

=== poll 1790151024.384996685
8333333
177718488219496	177718507103819	177718488158402
177718507081944	177718523762568	177718506986371
177718512975225	177718532093297	177718512903819
177718518431840	177718540421526	177718518357881
177718527946371	177718548750485	177718527865486
177718538176944	177718557079339	177718538109027
177718561335798	177718573739392	177718561248819
177718571931736	177718590394339	177718571864131
177718598722361	177718615383662	177718598655381
177718604486736	177718623713506	177718604430225
177718621652933	177718640370694	177718621575538
177718627933038	177718648697985	177718627864183
177718638102204	177718657026943	177718638038402
177718652833454	177718665355538	177718652754756
177718661564808	177718673685017	177718661493038
177718685870642	177718698671527	177718685794808
177718699681475	177718715329339	177718699522777
177718704343402	177718723658454	177718704300746
177718723120121	177718740315798	177718723045381
177718727403402	177718748645746	177718727358298
177718749701371	177718765302776	177718749596683
177718754681423	177718773632204	177718754618610
177718768428975	177718781962933	177718768359131
177718773253194	177718790292724	177718773195277
177718777687985	177718798622152	177718777621527
177718796589079	177718815280381	177718796476840
177718802546840	177718823610432	177718802486996
177718829347256	177718840269443	177718829247048
177718833060173	177718848600173	177718833001683
177718839085590	177718856930328	177718839021215
177718850884392	177718865260902	177718850808819
177718875745173	177718890252568	177718875657621
177718879627465	177718898584079	177718879563715
177718887566371	177718906915641	177718887507985
177718904502777	177718923573194	177718904430121
177718920020850	177718931902152	177718919941163
177718925219965	177718940231370	177718925173350
177718942652152	177718956891058	177718942555902
177718952120225	177718965221214	177718952053298
177718962880798	177718973550328	177718962800746
177718982913558	177718998539443	177718982829444
177718987289183	177719006868975	177718987245954
177719013940329	177719031856682	177719013855381
177719023787673	177719040185381	177719023668194
177719038319808	177719056842620	177719038226996
177719047541475	177719065171057	177719047467673
177719058944392	177719073500590	177719058878142
177719070032048	177719081829079	177719069966996
177719075034027	177719090157621	177719074975694
177719087270017	177719098486006	177719087188194
177719097304079	177719115145589	177719097227152
177719118135069	177719131803246	177719118066475
177719128419079	177719140133298	177719128276944
177719144670850	177719156790277	177719144590485
177719157839808	177719173445902	177719157773871
177719162008090	177719181774600	177719161969912
177719170404965	177719190102725	177719170357673
177719183737360	177719198432307	177719183667621
177719187131214	177719206762933	177719187090381
177719197216058	177719215093349	177719197151371
177719217160589	177719231754027	177719217079756
177719226116527	177719240084078	177719226070121
177719235412985	177719248413923	177719235356683
177719248290694	177719265073922	177719248200173
177719264451058	177719281736266	177719264372048
177719278268767	177719290066735	177719278194652
177719286990642	177719298395797	177719286927204
177719315356683	177719331715589	177719315276058
177719329664183	177719348377308	177719329592569
177719335676944	177719356708194	177719335623350
177719353556787	177719365039651	177719353472464
177719363376475	177719381701527	177719363290850
177719378666110	177719390031996	177719378603558
177719395114392	177719406689495	177719395038402
177719402027985	177719415019339	177719401953766
177719419323246	177719431676422	177719419253037
177719425182725	177719440005381	177719425126162
177719432069496	177719448337047	177719431971006
177719453757881	177719464997881	177719453642621
177719456972829	177719473330380	177719457005589
177719464479079	177719481661631	177719464412569
177719476018298	177719489994131	177719475919183
177719479501996	177719498325537	177719479455173
177719493226214	177719506658766	177719493168141
177719514905225	177719531654808	177719514803662
177719518427256	177719539985329	177719518361371
177719533834756	177719548316579	177719533770902
177719541334860	177719556648453	177719541269496
177719545193819	177719564980068	177719545146631
177719559410954	177719573311474	177719559317360
177719579016996	177719589975068	177719578951319
177719599952152	177719614968037	177719599866319
177719609524600	177719623296839	177719609453298
177719616168818	177719631625589	177719616119235
177719620646006	177719639955225	177719620589808
177719628720173	177719648286891	177719628656423
177719636516266	177719656618975	177719636440277
177719643996579	177719664950328	177719643913193
177719659493298	177719673281318	177719659413350
177719674598037	177719689943245	177719674517621
177719689990902	177719706605954	177719689903402
177719694069496	177719714937984	177719694009287
177719711437985	177719723271839	177719711336266
177719718482204	177719731604078	177719718416006
177719733746058	177719748268818	177719733519600
177719742666475	177719756599079	177719742609235
177719763437673	177719781593245	177719763353350
177719767664704	177719789925536	177719767611475
177719785981162	177719798256891	177719785906318
177719815541423	177719831582047	177719815443923
177719821305746	177719839913506	177719821253350
177719841984027	177719856574131	177719841897933
177719851235745	177719864906266	177719851152933
177719887688245	177719906555276	177719887584131
177719894083245	177719914886370	177719894014391
177719905241266	177719923217672	177719905167308
177719914523818	177719931549183	177719914298193
177719930167673	177719948211891	177719930055798
177719941195850	177719956542204	177719941122881
177719952072673	177719964873297	177719951990745
177719967541735	177719981532255	177719967450068
177719976266370	177719989863557	177719976200225
177719990803454	177720006524964	177719990719756
177719996682985	177720014854547	177719996640537
177720009499443	177720023184651	177720009440641
177720019459964	177720031514495	177720019397725
177720025937777	177720039845172	177720025877985

=== poll 1790151026.761159236
8333333
177718488219496	177718507103819	177718488158402
177718507081944	177718523762568	177718506986371
177718512975225	177718532093297	177718512903819
177718518431840	177718540421526	177718518357881
177718527946371	177718548750485	177718527865486
177718538176944	177718557079339	177718538109027
177718561335798	177718573739392	177718561248819
177718571931736	177718590394339	177718571864131
177718598722361	177718615383662	177718598655381
177718604486736	177718623713506	177718604430225
177718621652933	177718640370694	177718621575538
177718627933038	177718648697985	177718627864183
177718638102204	177718657026943	177718638038402
177718652833454	177718665355538	177718652754756
177718661564808	177718673685017	177718661493038
177718685870642	177718698671527	177718685794808
177718699681475	177718715329339	177718699522777
177718704343402	177718723658454	177718704300746
177718723120121	177718740315798	177718723045381
177718727403402	177718748645746	177718727358298
177718749701371	177718765302776	177718749596683
177718754681423	177718773632204	177718754618610
177718768428975	177718781962933	177718768359131
177718773253194	177718790292724	177718773195277
177718777687985	177718798622152	177718777621527
177718796589079	177718815280381	177718796476840
177718802546840	177718823610432	177718802486996
177718829347256	177718840269443	177718829247048
177718833060173	177718848600173	177718833001683
177718839085590	177718856930328	177718839021215
177718850884392	177718865260902	177718850808819
177718875745173	177718890252568	177718875657621
177718879627465	177718898584079	177718879563715
177718887566371	177718906915641	177718887507985
177718904502777	177718923573194	177718904430121
177718920020850	177718931902152	177718919941163
177718925219965	177718940231370	177718925173350
177718942652152	177718956891058	177718942555902
177718952120225	177718965221214	177718952053298
177718962880798	177718973550328	177718962800746
177718982913558	177718998539443	177718982829444
177718987289183	177719006868975	177718987245954
177719013940329	177719031856682	177719013855381
177719023787673	177719040185381	177719023668194
177719038319808	177719056842620	177719038226996
177719047541475	177719065171057	177719047467673
177719058944392	177719073500590	177719058878142
177719070032048	177719081829079	177719069966996
177719075034027	177719090157621	177719074975694
177719087270017	177719098486006	177719087188194
177719097304079	177719115145589	177719097227152
177719118135069	177719131803246	177719118066475
177719128419079	177719140133298	177719128276944
177719144670850	177719156790277	177719144590485
177719157839808	177719173445902	177719157773871
177719162008090	177719181774600	177719161969912
177719170404965	177719190102725	177719170357673
177719183737360	177719198432307	177719183667621
177719187131214	177719206762933	177719187090381
177719197216058	177719215093349	177719197151371
177719217160589	177719231754027	177719217079756
177719226116527	177719240084078	177719226070121
177719235412985	177719248413923	177719235356683
177719248290694	177719265073922	177719248200173
177719264451058	177719281736266	177719264372048
177719278268767	177719290066735	177719278194652
177719286990642	177719298395797	177719286927204
177719315356683	177719331715589	177719315276058
177719329664183	177719348377308	177719329592569
177719335676944	177719356708194	177719335623350
177719353556787	177719365039651	177719353472464
177719363376475	177719381701527	177719363290850
177719378666110	177719390031996	177719378603558
177719395114392	177719406689495	177719395038402
177719402027985	177719415019339	177719401953766
177719419323246	177719431676422	177719419253037
177719425182725	177719440005381	177719425126162
177719432069496	177719448337047	177719431971006
177719453757881	177719464997881	177719453642621
177719456972829	177719473330380	177719457005589
177719464479079	177719481661631	177719464412569
177719476018298	177719489994131	177719475919183
177719479501996	177719498325537	177719479455173
177719493226214	177719506658766	177719493168141
177719514905225	177719531654808	177719514803662
177719518427256	177719539985329	177719518361371
177719533834756	177719548316579	177719533770902
177719541334860	177719556648453	177719541269496
177719545193819	177719564980068	177719545146631
177719559410954	177719573311474	177719559317360
177719579016996	177719589975068	177719578951319
177719599952152	177719614968037	177719599866319
177719609524600	177719623296839	177719609453298
177719616168818	177719631625589	177719616119235
177719620646006	177719639955225	177719620589808
177719628720173	177719648286891	177719628656423
177719636516266	177719656618975	177719636440277
177719643996579	177719664950328	177719643913193
177719659493298	177719673281318	177719659413350
177719674598037	177719689943245	177719674517621
177719689990902	177719706605954	177719689903402
177719694069496	177719714937984	177719694009287
177719711437985	177719723271839	177719711336266
177719718482204	177719731604078	177719718416006
177719733746058	177719748268818	177719733519600
177719742666475	177719756599079	177719742609235
177719763437673	177719781593245	177719763353350
177719767664704	177719789925536	177719767611475
177719785981162	177719798256891	177719785906318
177719815541423	177719831582047	177719815443923
177719821305746	177719839913506	177719821253350
177719841984027	177719856574131	177719841897933
177719851235745	177719864906266	177719851152933
177719887688245	177719906555276	177719887584131
177719894083245	177719914886370	177719894014391
177719905241266	177719923217672	177719905167308
177719914523818	177719931549183	177719914298193
177719930167673	177719948211891	177719930055798
177719941195850	177719956542204	177719941122881
177719952072673	177719964873297	177719951990745
177719967541735	177719981532255	177719967450068
177719976266370	177719989863557	177719976200225
177719990803454	177720006524964	177719990719756
177719996682985	177720014854547	177719996640537
177720009499443	177720023184651	177720009440641
177720019459964	177720031514495	177720019397725
177720025937777	177720039845172	177720025877985

=== poll 1790151029.183598923
8333333
177718638102204	177718657026943	177718638038402
177718652833454	177718665355538	177718652754756
177718661564808	177718673685017	177718661493038
177718685870642	177718698671527	177718685794808
177718699681475	177718715329339	177718699522777
177718704343402	177718723658454	177718704300746
177718723120121	177718740315798	177718723045381
177718727403402	177718748645746	177718727358298
177718749701371	177718765302776	177718749596683
177718754681423	177718773632204	177718754618610
177718768428975	177718781962933	177718768359131
177718773253194	177718790292724	177718773195277
177718777687985	177718798622152	177718777621527
177718796589079	177718815280381	177718796476840
177718802546840	177718823610432	177718802486996
177718829347256	177718840269443	177718829247048
177718833060173	177718848600173	177718833001683
177718839085590	177718856930328	177718839021215
177718850884392	177718865260902	177718850808819
177718875745173	177718890252568	177718875657621
177718879627465	177718898584079	177718879563715
177718887566371	177718906915641	177718887507985
177718904502777	177718923573194	177718904430121
177718920020850	177718931902152	177718919941163
177718925219965	177718940231370	177718925173350
177718942652152	177718956891058	177718942555902
177718952120225	177718965221214	177718952053298
177718962880798	177718973550328	177718962800746
177718982913558	177718998539443	177718982829444
177718987289183	177719006868975	177718987245954
177719013940329	177719031856682	177719013855381
177719023787673	177719040185381	177719023668194
177719038319808	177719056842620	177719038226996
177719047541475	177719065171057	177719047467673
177719058944392	177719073500590	177719058878142
177719070032048	177719081829079	177719069966996
177719075034027	177719090157621	177719074975694
177719087270017	177719098486006	177719087188194
177719097304079	177719115145589	177719097227152
177719118135069	177719131803246	177719118066475
177719128419079	177719140133298	177719128276944
177719144670850	177719156790277	177719144590485
177719157839808	177719173445902	177719157773871
177719162008090	177719181774600	177719161969912
177719170404965	177719190102725	177719170357673
177719183737360	177719198432307	177719183667621
177719187131214	177719206762933	177719187090381
177719197216058	177719215093349	177719197151371
177719217160589	177719231754027	177719217079756
177719226116527	177719240084078	177719226070121
177719235412985	177719248413923	177719235356683
177719248290694	177719265073922	177719248200173
177719264451058	177719281736266	177719264372048
177719278268767	177719290066735	177719278194652
177719286990642	177719298395797	177719286927204
177719315356683	177719331715589	177719315276058
177719329664183	177719348377308	177719329592569
177719335676944	177719356708194	177719335623350
177719353556787	177719365039651	177719353472464
177719363376475	177719381701527	177719363290850
177719378666110	177719390031996	177719378603558
177719395114392	177719406689495	177719395038402
177719402027985	177719415019339	177719401953766
177719419323246	177719431676422	177719419253037
177719425182725	177719440005381	177719425126162
177719432069496	177719448337047	177719431971006
177719453757881	177719464997881	177719453642621
177719456972829	177719473330380	177719457005589
177719464479079	177719481661631	177719464412569
177719476018298	177719489994131	177719475919183
177719479501996	177719498325537	177719479455173
177719493226214	177719506658766	177719493168141
177719514905225	177719531654808	177719514803662
177719518427256	177719539985329	177719518361371
177719533834756	177719548316579	177719533770902
177719541334860	177719556648453	177719541269496
177719545193819	177719564980068	177719545146631
177719559410954	177719573311474	177719559317360
177719579016996	177719589975068	177719578951319
177719599952152	177719614968037	177719599866319
177719609524600	177719623296839	177719609453298
177719616168818	177719631625589	177719616119235
177719620646006	177719639955225	177719620589808
177719628720173	177719648286891	177719628656423
177719636516266	177719656618975	177719636440277
177719643996579	177719664950328	177719643913193
177719659493298	177719673281318	177719659413350
177719674598037	177719689943245	177719674517621
177719689990902	177719706605954	177719689903402
177719694069496	177719714937984	177719694009287
177719711437985	177719723271839	177719711336266
177719718482204	177719731604078	177719718416006
177719733746058	177719748268818	177719733519600
177719742666475	177719756599079	177719742609235
177719763437673	177719781593245	177719763353350
177719767664704	177719789925536	177719767611475
177719785981162	177719798256891	177719785906318
177719815541423	177719831582047	177719815443923
177719821305746	177719839913506	177719821253350
177719841984027	177719856574131	177719841897933
177719851235745	177719864906266	177719851152933
177719887688245	177719906555276	177719887584131
177719894083245	177719914886370	177719894014391
177719905241266	177719923217672	177719905167308
177719914523818	177719931549183	177719914298193
177719930167673	177719948211891	177719930055798
177719941195850	177719956542204	177719941122881
177719952072673	177719964873297	177719951990745
177719967541735	177719981532255	177719967450068
177719976266370	177719989863557	177719976200225
177719990803454	177720006524964	177719990719756
177719996682985	177720014854547	177719996640537
177720009499443	177720023184651	177720009440641
177720019459964	177720031514495	177720019397725
177720025937777	177720039845172	177720025877985
177731601952251	177731619315428	177731601800897
177731678714022	177731702633136	177731678612876
177731687840533	177731710965428	177731687763293
177731692525585	177731719297563	177731692467564
177731697053658	177731727629491	177731696998189
177731707656106	177731735960949	177731707570116
177731802333970	177731819261625	177731802254908
177731824267199	177731835921313	177731824161314
177731837736053	177731852580063	177731837641991
177731842181262	177731860908501	177731842122043
177731927342408	177731944221677	177731927214022
177731932792928	177731952552407	177731932727720

=== poll 1790151031.694419495
8333333
177718638102204	177718657026943	177718638038402
177718652833454	177718665355538	177718652754756
177718661564808	177718673685017	177718661493038
177718685870642	177718698671527	177718685794808
177718699681475	177718715329339	177718699522777
177718704343402	177718723658454	177718704300746
177718723120121	177718740315798	177718723045381
177718727403402	177718748645746	177718727358298
177718749701371	177718765302776	177718749596683
177718754681423	177718773632204	177718754618610
177718768428975	177718781962933	177718768359131
177718773253194	177718790292724	177718773195277
177718777687985	177718798622152	177718777621527
177718796589079	177718815280381	177718796476840
177718802546840	177718823610432	177718802486996
177718829347256	177718840269443	177718829247048
177718833060173	177718848600173	177718833001683
177718839085590	177718856930328	177718839021215
177718850884392	177718865260902	177718850808819
177718875745173	177718890252568	177718875657621
177718879627465	177718898584079	177718879563715
177718887566371	177718906915641	177718887507985
177718904502777	177718923573194	177718904430121
177718920020850	177718931902152	177718919941163
177718925219965	177718940231370	177718925173350
177718942652152	177718956891058	177718942555902
177718952120225	177718965221214	177718952053298
177718962880798	177718973550328	177718962800746
177718982913558	177718998539443	177718982829444
177718987289183	177719006868975	177718987245954
177719013940329	177719031856682	177719013855381
177719023787673	177719040185381	177719023668194
177719038319808	177719056842620	177719038226996
177719047541475	177719065171057	177719047467673
177719058944392	177719073500590	177719058878142
177719070032048	177719081829079	177719069966996
177719075034027	177719090157621	177719074975694
177719087270017	177719098486006	177719087188194
177719097304079	177719115145589	177719097227152
177719118135069	177719131803246	177719118066475
177719128419079	177719140133298	177719128276944
177719144670850	177719156790277	177719144590485
177719157839808	177719173445902	177719157773871
177719162008090	177719181774600	177719161969912
177719170404965	177719190102725	177719170357673
177719183737360	177719198432307	177719183667621
177719187131214	177719206762933	177719187090381
177719197216058	177719215093349	177719197151371
177719217160589	177719231754027	177719217079756
177719226116527	177719240084078	177719226070121
177719235412985	177719248413923	177719235356683
177719248290694	177719265073922	177719248200173
177719264451058	177719281736266	177719264372048
177719278268767	177719290066735	177719278194652
177719286990642	177719298395797	177719286927204
177719315356683	177719331715589	177719315276058
177719329664183	177719348377308	177719329592569
177719335676944	177719356708194	177719335623350
177719353556787	177719365039651	177719353472464
177719363376475	177719381701527	177719363290850
177719378666110	177719390031996	177719378603558
177719395114392	177719406689495	177719395038402
177719402027985	177719415019339	177719401953766
177719419323246	177719431676422	177719419253037
177719425182725	177719440005381	177719425126162
177719432069496	177719448337047	177719431971006
177719453757881	177719464997881	177719453642621
177719456972829	177719473330380	177719457005589
177719464479079	177719481661631	177719464412569
177719476018298	177719489994131	177719475919183
177719479501996	177719498325537	177719479455173
177719493226214	177719506658766	177719493168141
177719514905225	177719531654808	177719514803662
177719518427256	177719539985329	177719518361371
177719533834756	177719548316579	177719533770902
177719541334860	177719556648453	177719541269496
177719545193819	177719564980068	177719545146631
177719559410954	177719573311474	177719559317360
177719579016996	177719589975068	177719578951319
177719599952152	177719614968037	177719599866319
177719609524600	177719623296839	177719609453298
177719616168818	177719631625589	177719616119235
177719620646006	177719639955225	177719620589808
177719628720173	177719648286891	177719628656423
177719636516266	177719656618975	177719636440277
177719643996579	177719664950328	177719643913193
177719659493298	177719673281318	177719659413350
177719674598037	177719689943245	177719674517621
177719689990902	177719706605954	177719689903402
177719694069496	177719714937984	177719694009287
177719711437985	177719723271839	177719711336266
177719718482204	177719731604078	177719718416006
177719733746058	177719748268818	177719733519600
177719742666475	177719756599079	177719742609235
177719763437673	177719781593245	177719763353350
177719767664704	177719789925536	177719767611475
177719785981162	177719798256891	177719785906318
177719815541423	177719831582047	177719815443923
177719821305746	177719839913506	177719821253350
177719841984027	177719856574131	177719841897933
177719851235745	177719864906266	177719851152933
177719887688245	177719906555276	177719887584131
177719894083245	177719914886370	177719894014391
177719905241266	177719923217672	177719905167308
177719914523818	177719931549183	177719914298193
177719930167673	177719948211891	177719930055798
177719941195850	177719956542204	177719941122881
177719952072673	177719964873297	177719951990745
177719967541735	177719981532255	177719967450068
177719976266370	177719989863557	177719976200225
177719990803454	177720006524964	177719990719756
177719996682985	177720014854547	177719996640537
177720009499443	177720023184651	177720009440641
177720019459964	177720031514495	177720019397725
177720025937777	177720039845172	177720025877985
177731601952251	177731619315428	177731601800897
177731678714022	177731702633136	177731678612876
177731687840533	177731710965428	177731687763293
177731692525585	177731719297563	177731692467564
177731697053658	177731727629491	177731696998189
177731707656106	177731735960949	177731707570116
177731802333970	177731819261625	177731802254908
177731824267199	177731835921313	177731824161314
177731837736053	177731852580063	177731837641991
177731842181262	177731860908501	177731842122043
177731927342408	177731944221677	177731927214022
177731932792928	177731952552407	177731932727720

