=== poll 1790360109.911164811
8333333
0	0	0
0	0	0
0	0	0
0	0	0
0	0	0
0	0	0
0	0	0
0	0	0
0	0	0
0	0	0
0	0	0
0	0	0
0	0	0
0	0	0
0	0	0
0	0	0
0	0	0
0	0	0
0	0	0
0	0	0
0	0	0
0	0	0
0	0	0
0	0	0
0	0	0
0	0	0
0	0	0
0	0	0
0	0	0
0	0	0
0	0	0
0	0	0
0	0	0
0	0	0
0	0	0
0	0	0
0	0	0
0	0	0
0	0	0
0	0	0
0	0	0
0	0	0
0	0	0
0	0	0
0	0	0
0	0	0
0	0	0
0	0	0
0	0	0
0	0	0
0	0	0
0	0	0
0	0	0
0	0	0
0	0	0
0	0	0
0	0	0
0	0	0
0	0	0
0	0	0
0	0	0
0	0	0
0	0	0
0	0	0
0	0	0
0	0	0
0	0	0
0	0	0
0	0	0
0	0	0
0	0	0
0	0	0
0	0	0
0	0	0
0	0	0
0	0	0
0	0	0
0	0	0
0	0	0
0	0	0
0	0	0
0	0	0
0	0	0
0	0	0
0	0	0
0	0	0
0	0	0
0	0	0
0	0	0
0	0	0
0	0	0
0	0	0
0	0	0
0	0	0
0	0	0
0	0	0
0	0	0
0	0	0
0	0	0
0	0	0
0	0	0
0	0	0
0	0	0
0	0	0
0	0	0
0	0	0
0	0	0
0	0	0
0	0	0
0	0	0
0	0	0
0	0	0
0	0	0
0	0	0
0	0	0
0	0	0
0	0	0
0	0	0
0	0	0
0	0	0
0	0	0
0	0	0
0	0	0
0	0	0
0	0	0
0	0	0
115589517298197	115589533047936	115589516609238

=== poll 1790360112.341438716
8333333
0	0	0
0	0	0
0	0	0
0	0	0
0	0	0
0	0	0
0	0	0
0	0	0
0	0	0
0	0	0
0	0	0
0	0	0
0	0	0
0	0	0
0	0	0
0	0	0
0	0	0
0	0	0
0	0	0
0	0	0
0	0	0
0	0	0
0	0	0
0	0	0
0	0	0
0	0	0
0	0	0
0	0	0
0	0	0
0	0	0
0	0	0
0	0	0
0	0	0
0	0	0
0	0	0
0	0	0
0	0	0
0	0	0
0	0	0
0	0	0
0	0	0
0	0	0
0	0	0
0	0	0
0	0	0
0	0	0
0	0	0
0	0	0
0	0	0
0	0	0
0	0	0
0	0	0
0	0	0
0	0	0
0	0	0
0	0	0
0	0	0
0	0	0
0	0	0
0	0	0
0	0	0
0	0	0
0	0	0
0	0	0
0	0	0
0	0	0
0	0	0
0	0	0
0	0	0
0	0	0
0	0	0
0	0	0
0	0	0
0	0	0
0	0	0
0	0	0
0	0	0
0	0	0
0	0	0
0	0	0
0	0	0
0	0	0
0	0	0
0	0	0
0	0	0
0	0	0
0	0	0
0	0	0
0	0	0
0	0	0
0	0	0
0	0	0
0	0	0
0	0	0
0	0	0
0	0	0
0	0	0
0	0	0
0	0	0
0	0	0
0	0	0
0	0	0
0	0	0
0	0	0
0	0	0
0	0	0
0	0	0
0	0	0
0	0	0
0	0	0
0	0	0
0	0	0
0	0	0
0	0	0
0	0	0
0	0	0
0	0	0
0	0	0
0	0	0
0	0	0
0	0	0
0	0	0
0	0	0
0	0	0
0	0	0
0	0	0
115589517298197	115589533047936	115589516609238

=== poll 1790360114.623960174
8333333
0	0	0
0	0	0
0	0	0
0	0	0
0	0	0
0	0	0
0	0	0
0	0	0
0	0	0
0	0	0
0	0	0
0	0	0
0	0	0
0	0	0
0	0	0
0	0	0
0	0	0
0	0	0
0	0	0
0	0	0
0	0	0
0	0	0
0	0	0
0	0	0
0	0	0
0	0	0
0	0	0
0	0	0
0	0	0
0	0	0
0	0	0
0	0	0
0	0	0
0	0	0
0	0	0
0	0	0
0	0	0
0	0	0
0	0	0
0	0	0
0	0	0
0	0	0
0	0	0
0	0	0
0	0	0
0	0	0
0	0	0
0	0	0
0	0	0
0	0	0
0	0	0
0	0	0
0	0	0
0	0	0
0	0	0
0	0	0
0	0	0
0	0	0
0	0	0
0	0	0
0	0	0
0	0	0
0	0	0
0	0	0
0	0	0
0	0	0
0	0	0
0	0	0
0	0	0
0	0	0
0	0	0
0	0	0
0	0	0
0	0	0
0	0	0
0	0	0
0	0	0
0	0	0
0	0	0
0	0	0
0	0	0
0	0	0
0	0	0
0	0	0
0	0	0
0	0	0
0	0	0
0	0	0
0	0	0
0	0	0
0	0	0
0	0	0
0	0	0
0	0	0
0	0	0
0	0	0
0	0	0
0	0	0
0	0	0
0	0	0
0	0	0
0	0	0
0	0	0
0	0	0
0	0	0
0	0	0
0	0	0
0	0	0
0	0	0
0	0	0
115589517298197	115589533047936	115589516609238
115598565527777	115598581958506	115598565057048
115598665736110	115598681927151	115598665634704
115598667886787	115598690259183	115598667835902
115598991994652	115599006810536	115598991884131
115599868166839	115599881513765	115599868056787
115599967536682	115599989787307	115599967479391
115599975966682	115599998117203	115599975917412
115599984094182	115600006446369	115599984048297
115600043169964	115600064752307	115600043095901
115600126202464	115600148061422	115600126120589
115600134811057	115600156393505	115600134737724
115600142608141	115600164725067	115600142547620
115600159240172	115600181389077	115600159186370
115600551526786	115600564645275	115600551381943
115600563135641	115600581303921	115600563077307
115600567033766	9223372036854775807	115600567002411

=== poll 1790360116.888491319
8333333
0	0	0
0	0	0
0	0	0
0	0	0
0	0	0
0	0	0
0	0	0
0	0	0
0	0	0
0	0	0
0	0	0
0	0	0
0	0	0
0	0	0
0	0	0
0	0	0
0	0	0
0	0	0
0	0	0
0	0	0
0	0	0
0	0	0
0	0	0
0	0	0
0	0	0
0	0	0
0	0	0
0	0	0
0	0	0
0	0	0
0	0	0
0	0	0
0	0	0
0	0	0
0	0	0
0	0	0
0	0	0
0	0	0
0	0	0
0	0	0
0	0	0
0	0	0
0	0	0
0	0	0
0	0	0
0	0	0
0	0	0
0	0	0
0	0	0
0	0	0
0	0	0
0	0	0
0	0	0
0	0	0
0	0	0
0	0	0
0	0	0
0	0	0
0	0	0
0	0	0
0	0	0
0	0	0
0	0	0
0	0	0
0	0	0
0	0	0
0	0	0
0	0	0
0	0	0
0	0	0
0	0	0
0	0	0
0	0	0
0	0	0
0	0	0
0	0	0
0	0	0
0	0	0
0	0	0
0	0	0
0	0	0
0	0	0
0	0	0
0	0	0
0	0	0
0	0	0
0	0	0
0	0	0
115589517298197	115589533047936	115589516609238
115598565527777	115598581958506	115598565057048
115598665736110	115598681927151	115598665634704
115598667886787	115598690259183	115598667835902
115598991994652	115599006810536	115598991884131
115599868166839	115599881513765	115599868056787
115599967536682	115599989787307	115599967479391
115599975966682	115599998117203	115599975917412
115599984094182	115600006446369	115599984048297
115600043169964	115600064752307	115600043095901
115600126202464	115600148061422	115600126120589
115600134811057	115600156393505	115600134737724
115600142608141	115600164725067	115600142547620
115600159240172	115600181389077	115600159186370
115600551526786	115600564645275	115600551381943
115600563135641	115600581303921	115600563077307
115600567033766	115600589634443	115600567002411
115600579074391	115600597965536	115600579002359
115600583805328	115600606294546	115600583758193
115600596411422	115600614624129	115600596342516
115600608329234	115600622953504	115600608265901
115600613978245	115600631285744	115600613917568
115600617014963	115600639617203	115600616982203
115600630500588	115600647949859	115600630441786
115600633755484	115600656282151	115600633711838
115600653219234	115600664613557	115600653154130
115600665882828	115600681276526	115600665813557
115600670886213	115600689609806	115600670844130
115600680142255	115600697941681	115600680072568
115600684979963	115600706273765	115600684943765
115600705329182	115600722936265	115600705255276
115600714473609	115600731268244	115600714380224
115600718705484	115600739600171	115600718662776
115600737643505	115600756264130	115600737545015
115600742647359	115600764594390	115600742596734
115600758263870	115600772926160	115600758183193
115600768140328	115600781257568	115600768053401
115600775977568	115600789589285	115600775891161
115601716606473	115601731067775	115601716407984

=== poll 1790360119.147849339
8333333
0	0	0
0	0	0
0	0	0
0	0	0
0	0	0
0	0	0
0	0	0
0	0	0
0	0	0
0	0	0
0	0	0
0	0	0
0	0	0
0	0	0
0	0	0
0	0	0
0	0	0
0	0	0
0	0	0
0	0	0
0	0	0
0	0	0
0	0	0
0	0	0
0	0	0
0	0	0
0	0	0
0	0	0
0	0	0
0	0	0
0	0	0
0	0	0
0	0	0
0	0	0
0	0	0
0	0	0
0	0	0
0	0	0
0	0	0
0	0	0
0	0	0
0	0	0
0	0	0
0	0	0
0	0	0
0	0	0
0	0	0
0	0	0
0	0	0
0	0	0
0	0	0
0	0	0
0	0	0
0	0	0
0	0	0
0	0	0
0	0	0
0	0	0
0	0	0
0	0	0
0	0	0
0	0	0
0	0	0
0	0	0
0	0	0
0	0	0
0	0	0
0	0	0
0	0	0
0	0	0
0	0	0
0	0	0
0	0	0
0	0	0
0	0	0
0	0	0
0	0	0
0	0	0
0	0	0
0	0	0
0	0	0
0	0	0
0	0	0
0	0	0
0	0	0
0	0	0
0	0	0
0	0	0
115589517298197	115589533047936	115589516609238
115598565527777	115598581958506	115598565057048
115598665736110	115598681927151	115598665634704
115598667886787	115598690259183	115598667835902
115598991994652	115599006810536	115598991884131
115599868166839	115599881513765	115599868056787
115599967536682	115599989787307	115599967479391
115599975966682	115599998117203	115599975917412
115599984094182	115600006446369	115599984048297
115600043169964	115600064752307	115600043095901
115600126202464	115600148061422	115600126120589
115600134811057	115600156393505	115600134737724
115600142608141	115600164725067	115600142547620
115600159240172	115600181389077	115600159186370
115600551526786	115600564645275	115600551381943
115600563135641	115600581303921	115600563077307
115600567033766	115600589634443	115600567002411
115600579074391	115600597965536	115600579002359
115600583805328	115600606294546	115600583758193
115600596411422	115600614624129	115600596342516
115600608329234	115600622953504	115600608265901
115600613978245	115600631285744	115600613917568
115600617014963	115600639617203	115600616982203
115600630500588	115600647949859	115600630441786
115600633755484	115600656282151	115600633711838
115600653219234	115600664613557	115600653154130
115600665882828	115600681276526	115600665813557
115600670886213	115600689609806	115600670844130
115600680142255	115600697941681	115600680072568
115600684979963	115600706273765	115600684943765
115600705329182	115600722936265	115600705255276
115600714473609	115600731268244	115600714380224
115600718705484	115600739600171	115600718662776
115600737643505	115600756264130	115600737545015
115600742647359	115600764594390	115600742596734
115600758263870	115600772926160	115600758183193
115600768140328	115600781257568	115600768053401
115600775977568	115600789589285	115600775891161
115601716606473	115601731067775	115601716407984

=== poll 1790360121.414564963
8333333
0	0	0
0	0	0
0	0	0
0	0	0
0	0	0
0	0	0
0	0	0
0	0	0
0	0	0
0	0	0
0	0	0
0	0	0
0	0	0
0	0	0
0	0	0
0	0	0
0	0	0
0	0	0
0	0	0
0	0	0
0	0	0
0	0	0
0	0	0
0	0	0
0	0	0
0	0	0
0	0	0
0	0	0
0	0	0
0	0	0
0	0	0
0	0	0
0	0	0
0	0	0
0	0	0
0	0	0
0	0	0
0	0	0
0	0	0
0	0	0
0	0	0
0	0	0
0	0	0
0	0	0
0	0	0
0	0	0
0	0	0
0	0	0
0	0	0
0	0	0
0	0	0
0	0	0
0	0	0
0	0	0
0	0	0
0	0	0
0	0	0
0	0	0
0	0	0
0	0	0
0	0	0
0	0	0
0	0	0
0	0	0
0	0	0
0	0	0
0	0	0
0	0	0
0	0	0
0	0	0
0	0	0
0	0	0
0	0	0
0	0	0
0	0	0
0	0	0
0	0	0
0	0	0
0	0	0
0	0	0
0	0	0
0	0	0
0	0	0
0	0	0
0	0	0
0	0	0
0	0	0
0	0	0
115589517298197	115589533047936	115589516609238
115598565527777	115598581958506	115598565057048
115598665736110	115598681927151	115598665634704
115598667886787	115598690259183	115598667835902
115598991994652	115599006810536	115598991884131
115599868166839	115599881513765	115599868056787
115599967536682	115599989787307	115599967479391
115599975966682	115599998117203	115599975917412
115599984094182	115600006446369	115599984048297
115600043169964	115600064752307	115600043095901
115600126202464	115600148061422	115600126120589
115600134811057	115600156393505	115600134737724
115600142608141	115600164725067	115600142547620
115600159240172	115600181389077	115600159186370
115600551526786	115600564645275	115600551381943
115600563135641	115600581303921	115600563077307
115600567033766	115600589634443	115600567002411
115600579074391	115600597965536	115600579002359
115600583805328	115600606294546	115600583758193
115600596411422	115600614624129	115600596342516
115600608329234	115600622953504	115600608265901
115600613978245	115600631285744	115600613917568
115600617014963	115600639617203	115600616982203
115600630500588	115600647949859	115600630441786
115600633755484	115600656282151	115600633711838
115600653219234	115600664613557	115600653154130
115600665882828	115600681276526	115600665813557
115600670886213	115600689609806	115600670844130
115600680142255	115600697941681	115600680072568
115600684979963	115600706273765	115600684943765
115600705329182	115600722936265	115600705255276
115600714473609	115600731268244	115600714380224
115600718705484	115600739600171	115600718662776
115600737643505	115600756264130	115600737545015
115600742647359	115600764594390	115600742596734
115600758263870	115600772926160	115600758183193
115600768140328	115600781257568	115600768053401
115600775977568	115600789589285	115600775891161
115601716606473	115601731067775	115601716407984

=== poll 1790360123.681421629
8333333
0	0	0
0	0	0
0	0	0
0	0	0
0	0	0
0	0	0
0	0	0
0	0	0
0	0	0
0	0	0
0	0	0
0	0	0
0	0	0
0	0	0
0	0	0
0	0	0
0	0	0
0	0	0
0	0	0
0	0	0
0	0	0
0	0	0
0	0	0
0	0	0
0	0	0
0	0	0
0	0	0
0	0	0
0	0	0
0	0	0
0	0	0
0	0	0
0	0	0
0	0	0
0	0	0
0	0	0
0	0	0
0	0	0
0	0	0
0	0	0
0	0	0
0	0	0
0	0	0
0	0	0
0	0	0
0	0	0
0	0	0
0	0	0
0	0	0
0	0	0
0	0	0
0	0	0
0	0	0
0	0	0
0	0	0
0	0	0
0	0	0
0	0	0
0	0	0
0	0	0
0	0	0
0	0	0
0	0	0
0	0	0
0	0	0
0	0	0
0	0	0
0	0	0
0	0	0
0	0	0
0	0	0
0	0	0
0	0	0
0	0	0
0	0	0
0	0	0
0	0	0
0	0	0
0	0	0
0	0	0
0	0	0
0	0	0
0	0	0
0	0	0
0	0	0
0	0	0
0	0	0
0	0	0
115589517298197	115589533047936	115589516609238
115598565527777	115598581958506	115598565057048
115598665736110	115598681927151	115598665634704
115598667886787	115598690259183	115598667835902
115598991994652	115599006810536	115598991884131
115599868166839	115599881513765	115599868056787
115599967536682	115599989787307	115599967479391
115599975966682	115599998117203	115599975917412
115599984094182	115600006446369	115599984048297
115600043169964	115600064752307	115600043095901
115600126202464	115600148061422	115600126120589
115600134811057	115600156393505	115600134737724
115600142608141	115600164725067	115600142547620
115600159240172	115600181389077	115600159186370
115600551526786	115600564645275	115600551381943
115600563135641	115600581303921	115600563077307
115600567033766	115600589634443	115600567002411
115600579074391	115600597965536	115600579002359
115600583805328	115600606294546	115600583758193
115600596411422	115600614624129	115600596342516
115600608329234	115600622953504	115600608265901
115600613978245	115600631285744	115600613917568
115600617014963	115600639617203	115600616982203
115600630500588	115600647949859	115600630441786
115600633755484	115600656282151	115600633711838
115600653219234	115600664613557	115600653154130
115600665882828	115600681276526	115600665813557
115600670886213	115600689609806	115600670844130
115600680142255	115600697941681	115600680072568
115600684979963	115600706273765	115600684943765
115600705329182	115600722936265	115600705255276
115600714473609	115600731268244	115600714380224
115600718705484	115600739600171	115600718662776
115600737643505	115600756264130	115600737545015
115600742647359	115600764594390	115600742596734
115600758263870	115600772926160	115600758183193
115600768140328	115600781257568	115600768053401
115600775977568	115600789589285	115600775891161
115601716606473	115601731067775	115601716407984

=== poll 1790360125.943851524
8333333
0	0	0
0	0	0
0	0	0
0	0	0
0	0	0
0	0	0
0	0	0
0	0	0
0	0	0
0	0	0
0	0	0
0	0	0
0	0	0
0	0	0
0	0	0
0	0	0
0	0	0
0	0	0
0	0	0
0	0	0
0	0	0
0	0	0
0	0	0
0	0	0
0	0	0
0	0	0
0	0	0
0	0	0
0	0	0
0	0	0
0	0	0
0	0	0
0	0	0
0	0	0
0	0	0
0	0	0
0	0	0
0	0	0
0	0	0
0	0	0
0	0	0
0	0	0
0	0	0
0	0	0
0	0	0
0	0	0
0	0	0
0	0	0
0	0	0
0	0	0
0	0	0
0	0	0
0	0	0
0	0	0
0	0	0
0	0	0
0	0	0
0	0	0
0	0	0
0	0	0
0	0	0
0	0	0
0	0	0
0	0	0
0	0	0
0	0	0
0	0	0
0	0	0
0	0	0
0	0	0
0	0	0
0	0	0
0	0	0
0	0	0
0	0	0
0	0	0
0	0	0
0	0	0
0	0	0
0	0	0
0	0	0
0	0	0
0	0	0
0	0	0
0	0	0
0	0	0
0	0	0
0	0	0
115589517298197	115589533047936	115589516609238
115598565527777	115598581958506	115598565057048
115598665736110	115598681927151	115598665634704
115598667886787	115598690259183	115598667835902
115598991994652	115599006810536	115598991884131
115599868166839	115599881513765	115599868056787
115599967536682	115599989787307	115599967479391
115599975966682	115599998117203	115599975917412
115599984094182	115600006446369	115599984048297
115600043169964	115600064752307	115600043095901
115600126202464	115600148061422	115600126120589
115600134811057	115600156393505	115600134737724
115600142608141	115600164725067	115600142547620
115600159240172	115600181389077	115600159186370
115600551526786	115600564645275	115600551381943
115600563135641	115600581303921	115600563077307
115600567033766	115600589634443	115600567002411
115600579074391	115600597965536	115600579002359
115600583805328	115600606294546	115600583758193
115600596411422	115600614624129	115600596342516
115600608329234	115600622953504	115600608265901
115600613978245	115600631285744	115600613917568
115600617014963	115600639617203	115600616982203
115600630500588	115600647949859	115600630441786
115600633755484	115600656282151	115600633711838
115600653219234	115600664613557	115600653154130
115600665882828	115600681276526	115600665813557
115600670886213	115600689609806	115600670844130
115600680142255	115600697941681	115600680072568
115600684979963	115600706273765	115600684943765
115600705329182	115600722936265	115600705255276
115600714473609	115600731268244	115600714380224
115600718705484	115600739600171	115600718662776
115600737643505	115600756264130	115600737545015
115600742647359	115600764594390	115600742596734
115600758263870	115600772926160	115600758183193
115600768140328	115600781257568	115600768053401
115600775977568	115600789589285	115600775891161
115601716606473	115601731067775	115601716407984

=== poll 1790360128.212808606
8333333
0	0	0
0	0	0
0	0	0
0	0	0
0	0	0
0	0	0
0	0	0
0	0	0
0	0	0
0	0	0
0	0	0
0	0	0
0	0	0
0	0	0
0	0	0
0	0	0
0	0	0
0	0	0
0	0	0
0	0	0
0	0	0
0	0	0
0	0	0
0	0	0
0	0	0
0	0	0
0	0	0
0	0	0
0	0	0
0	0	0
0	0	0
0	0	0
0	0	0
0	0	0
0	0	0
0	0	0
0	0	0
0	0	0
0	0	0
0	0	0
0	0	0
0	0	0
0	0	0
0	0	0
0	0	0
0	0	0
0	0	0
0	0	0
0	0	0
0	0	0
0	0	0
0	0	0
0	0	0
0	0	0
0	0	0
0	0	0
0	0	0
0	0	0
0	0	0
0	0	0
0	0	0
0	0	0
0	0	0
0	0	0
0	0	0
0	0	0
0	0	0
0	0	0
0	0	0
0	0	0
0	0	0
0	0	0
0	0	0
0	0	0
0	0	0
0	0	0
0	0	0
0	0	0
0	0	0
0	0	0
0	0	0
0	0	0
0	0	0
0	0	0
0	0	0
0	0	0
0	0	0
0	0	0
115589517298197	115589533047936	115589516609238
115598565527777	115598581958506	115598565057048
115598665736110	115598681927151	115598665634704
115598667886787	115598690259183	115598667835902
115598991994652	115599006810536	115598991884131
115599868166839	115599881513765	115599868056787
115599967536682	115599989787307	115599967479391
115599975966682	115599998117203	115599975917412
115599984094182	115600006446369	115599984048297
115600043169964	115600064752307	115600043095901
115600126202464	115600148061422	115600126120589
115600134811057	115600156393505	115600134737724
115600142608141	115600164725067	115600142547620
115600159240172	115600181389077	115600159186370
115600551526786	115600564645275	115600551381943
115600563135641	115600581303921	115600563077307
115600567033766	115600589634443	115600567002411
115600579074391	115600597965536	115600579002359
115600583805328	115600606294546	115600583758193
115600596411422	115600614624129	115600596342516
115600608329234	115600622953504	115600608265901
115600613978245	115600631285744	115600613917568
115600617014963	115600639617203	115600616982203
115600630500588	115600647949859	115600630441786
115600633755484	115600656282151	115600633711838
115600653219234	115600664613557	115600653154130
115600665882828	115600681276526	115600665813557
115600670886213	115600689609806	115600670844130
115600680142255	115600697941681	115600680072568
115600684979963	115600706273765	115600684943765
115600705329182	115600722936265	115600705255276
115600714473609	115600731268244	115600714380224
115600718705484	115600739600171	115600718662776
115600737643505	115600756264130	115600737545015
115600742647359	115600764594390	115600742596734
115600758263870	115600772926160	115600758183193
115600768140328	115600781257568	115600768053401
115600775977568	115600789589285	115600775891161
115601716606473	115601731067775	115601716407984

=== poll 1790360130.493450220
8333333
0	0	0
0	0	0
0	0	0
0	0	0
0	0	0
0	0	0
0	0	0
0	0	0
0	0	0
0	0	0
0	0	0
0	0	0
0	0	0
0	0	0
0	0	0
0	0	0
0	0	0
0	0	0
0	0	0
0	0	0
0	0	0
0	0	0
0	0	0
0	0	0
0	0	0
0	0	0
0	0	0
0	0	0
0	0	0
0	0	0
0	0	0
0	0	0
0	0	0
0	0	0
0	0	0
0	0	0
0	0	0
0	0	0
0	0	0
0	0	0
0	0	0
0	0	0
0	0	0
0	0	0
0	0	0
0	0	0
0	0	0
0	0	0
0	0	0
0	0	0
0	0	0
0	0	0
0	0	0
0	0	0
0	0	0
0	0	0
0	0	0
0	0	0
0	0	0
0	0	0
0	0	0
0	0	0
0	0	0
0	0	0
0	0	0
0	0	0
0	0	0
0	0	0
0	0	0
0	0	0
0	0	0
0	0	0
0	0	0
0	0	0
0	0	0
0	0	0
0	0	0
0	0	0
0	0	0
0	0	0
0	0	0
0	0	0
0	0	0
0	0	0
0	0	0
0	0	0
0	0	0
0	0	0
115589517298197	115589533047936	115589516609238
115598565527777	115598581958506	115598565057048
115598665736110	115598681927151	115598665634704
115598667886787	115598690259183	115598667835902
115598991994652	115599006810536	115598991884131
115599868166839	115599881513765	115599868056787
115599967536682	115599989787307	115599967479391
115599975966682	115599998117203	115599975917412
115599984094182	115600006446369	115599984048297
115600043169964	115600064752307	115600043095901
115600126202464	115600148061422	115600126120589
115600134811057	115600156393505	115600134737724
115600142608141	115600164725067	115600142547620
115600159240172	115600181389077	115600159186370
115600551526786	115600564645275	115600551381943
115600563135641	115600581303921	115600563077307
115600567033766	115600589634443	115600567002411
115600579074391	115600597965536	115600579002359
115600583805328	115600606294546	115600583758193
115600596411422	115600614624129	115600596342516
115600608329234	115600622953504	115600608265901
115600613978245	115600631285744	115600613917568
115600617014963	115600639617203	115600616982203
115600630500588	115600647949859	115600630441786
115600633755484	115600656282151	115600633711838
115600653219234	115600664613557	115600653154130
115600665882828	115600681276526	115600665813557
115600670886213	115600689609806	115600670844130
115600680142255	115600697941681	115600680072568
115600684979963	115600706273765	115600684943765
115600705329182	115600722936265	115600705255276
115600714473609	115600731268244	115600714380224
115600718705484	115600739600171	115600718662776
115600737643505	115600756264130	115600737545015
115600742647359	115600764594390	115600742596734
115600758263870	115600772926160	115600758183193
115600768140328	115600781257568	115600768053401
115600775977568	115600789589285	115600775891161
115601716606473	115601731067775	115601716407984

=== poll 1790360132.779422719
8333333
0	0	0
0	0	0
0	0	0
0	0	0
0	0	0
0	0	0
0	0	0
0	0	0
0	0	0
0	0	0
0	0	0
0	0	0
0	0	0
0	0	0
0	0	0
0	0	0
0	0	0
0	0	0
0	0	0
0	0	0
0	0	0
0	0	0
0	0	0
0	0	0
0	0	0
0	0	0
0	0	0
0	0	0
0	0	0
0	0	0
0	0	0
0	0	0
0	0	0
0	0	0
0	0	0
0	0	0
0	0	0
0	0	0
0	0	0
0	0	0
0	0	0
0	0	0
0	0	0
0	0	0
0	0	0
0	0	0
0	0	0
0	0	0
0	0	0
0	0	0
0	0	0
0	0	0
0	0	0
0	0	0
0	0	0
0	0	0
0	0	0
0	0	0
0	0	0
0	0	0
0	0	0
0	0	0
0	0	0
0	0	0
0	0	0
0	0	0
0	0	0
0	0	0
0	0	0
0	0	0
0	0	0
0	0	0
0	0	0
0	0	0
0	0	0
0	0	0
0	0	0
0	0	0
0	0	0
0	0	0
0	0	0
0	0	0
0	0	0
0	0	0
0	0	0
0	0	0
0	0	0
0	0	0
115589517298197	115589533047936	115589516609238
115598565527777	115598581958506	115598565057048
115598665736110	115598681927151	115598665634704
115598667886787	115598690259183	115598667835902
115598991994652	115599006810536	115598991884131
115599868166839	115599881513765	115599868056787
115599967536682	115599989787307	115599967479391
115599975966682	115599998117203	115599975917412
115599984094182	115600006446369	115599984048297
115600043169964	115600064752307	115600043095901
115600126202464	115600148061422	115600126120589
115600134811057	115600156393505	115600134737724
115600142608141	115600164725067	115600142547620
115600159240172	115600181389077	115600159186370
115600551526786	115600564645275	115600551381943
115600563135641	115600581303921	115600563077307
115600567033766	115600589634443	115600567002411
115600579074391	115600597965536	115600579002359
115600583805328	115600606294546	115600583758193
115600596411422	115600614624129	115600596342516
115600608329234	115600622953504	115600608265901
115600613978245	115600631285744	115600613917568
115600617014963	115600639617203	115600616982203
115600630500588	115600647949859	115600630441786
115600633755484	115600656282151	115600633711838
115600653219234	115600664613557	115600653154130
115600665882828	115600681276526	115600665813557
115600670886213	115600689609806	115600670844130
115600680142255	115600697941681	115600680072568
115600684979963	115600706273765	115600684943765
115600705329182	115600722936265	115600705255276
115600714473609	115600731268244	115600714380224
115600718705484	115600739600171	115600718662776
115600737643505	115600756264130	115600737545015
115600742647359	115600764594390	115600742596734
115600758263870	115600772926160	115600758183193
115600768140328	115600781257568	115600768053401
115600775977568	115600789589285	115600775891161
115601716606473	115601731067775	115601716407984

=== poll 1790360135.052229541
8333333
0	0	0
0	0	0
0	0	0
0	0	0
0	0	0
0	0	0
0	0	0
0	0	0
0	0	0
0	0	0
0	0	0
0	0	0
0	0	0
0	0	0
0	0	0
0	0	0
0	0	0
0	0	0
0	0	0
0	0	0
0	0	0
0	0	0
0	0	0
0	0	0
0	0	0
0	0	0
0	0	0
0	0	0
0	0	0
0	0	0
0	0	0
0	0	0
0	0	0
0	0	0
0	0	0
0	0	0
0	0	0
0	0	0
0	0	0
0	0	0
0	0	0
0	0	0
0	0	0
0	0	0
0	0	0
0	0	0
0	0	0
0	0	0
0	0	0
0	0	0
0	0	0
0	0	0
0	0	0
0	0	0
0	0	0
0	0	0
0	0	0
0	0	0
0	0	0
0	0	0
0	0	0
0	0	0
0	0	0
0	0	0
0	0	0
0	0	0
0	0	0
0	0	0
0	0	0
0	0	0
0	0	0
0	0	0
0	0	0
0	0	0
0	0	0
0	0	0
0	0	0
0	0	0
0	0	0
0	0	0
0	0	0
0	0	0
0	0	0
0	0	0
0	0	0
0	0	0
0	0	0
0	0	0
115589517298197	115589533047936	115589516609238
115598565527777	115598581958506	115598565057048
115598665736110	115598681927151	115598665634704
115598667886787	115598690259183	115598667835902
115598991994652	115599006810536	115598991884131
115599868166839	115599881513765	115599868056787
115599967536682	115599989787307	115599967479391
115599975966682	115599998117203	115599975917412
115599984094182	115600006446369	115599984048297
115600043169964	115600064752307	115600043095901
115600126202464	115600148061422	115600126120589
115600134811057	115600156393505	115600134737724
115600142608141	115600164725067	115600142547620
115600159240172	115600181389077	115600159186370
115600551526786	115600564645275	115600551381943
115600563135641	115600581303921	115600563077307
115600567033766	115600589634443	115600567002411
115600579074391	115600597965536	115600579002359
115600583805328	115600606294546	115600583758193
115600596411422	115600614624129	115600596342516
115600608329234	115600622953504	115600608265901
115600613978245	115600631285744	115600613917568
115600617014963	115600639617203	115600616982203
115600630500588	115600647949859	115600630441786
115600633755484	115600656282151	115600633711838
115600653219234	115600664613557	115600653154130
115600665882828	115600681276526	115600665813557
115600670886213	115600689609806	115600670844130
115600680142255	115600697941681	115600680072568
115600684979963	115600706273765	115600684943765
115600705329182	115600722936265	115600705255276
115600714473609	115600731268244	115600714380224
115600718705484	115600739600171	115600718662776
115600737643505	115600756264130	115600737545015
115600742647359	115600764594390	115600742596734
115600758263870	115600772926160	115600758183193
115600768140328	115600781257568	115600768053401
115600775977568	115600789589285	115600775891161
115601716606473	115601731067775	115601716407984

=== poll 1790360137.406569852
8333333
0	0	0
0	0	0
0	0	0
0	0	0
0	0	0
0	0	0
0	0	0
0	0	0
0	0	0
0	0	0
0	0	0
0	0	0
0	0	0
0	0	0
0	0	0
0	0	0
0	0	0
0	0	0
0	0	0
0	0	0
0	0	0
0	0	0
0	0	0
0	0	0
0	0	0
0	0	0
0	0	0
0	0	0
0	0	0
0	0	0
0	0	0
0	0	0
0	0	0
0	0	0
0	0	0
0	0	0
0	0	0
0	0	0
0	0	0
0	0	0
0	0	0
0	0	0
0	0	0
0	0	0
0	0	0
0	0	0
0	0	0
0	0	0
0	0	0
0	0	0
0	0	0
0	0	0
0	0	0
0	0	0
0	0	0
0	0	0
0	0	0
0	0	0
0	0	0
0	0	0
0	0	0
0	0	0
0	0	0
0	0	0
0	0	0
0	0	0
0	0	0
0	0	0
0	0	0
0	0	0
0	0	0
0	0	0
0	0	0
0	0	0
115589517298197	115589533047936	115589516609238
115598565527777	115598581958506	115598565057048
115598665736110	115598681927151	115598665634704
115598667886787	115598690259183	115598667835902
115598991994652	115599006810536	115598991884131
115599868166839	115599881513765	115599868056787
115599967536682	115599989787307	115599967479391
115599975966682	115599998117203	115599975917412
115599984094182	115600006446369	115599984048297
115600043169964	115600064752307	115600043095901
115600126202464	115600148061422	115600126120589
115600134811057	115600156393505	115600134737724
115600142608141	115600164725067	115600142547620
115600159240172	115600181389077	115600159186370
115600551526786	115600564645275	115600551381943
115600563135641	115600581303921	115600563077307
115600567033766	115600589634443	115600567002411
115600579074391	115600597965536	115600579002359
115600583805328	115600606294546	115600583758193
115600596411422	115600614624129	115600596342516
115600608329234	115600622953504	115600608265901
115600613978245	115600631285744	115600613917568
115600617014963	115600639617203	115600616982203
115600630500588	115600647949859	115600630441786
115600633755484	115600656282151	115600633711838
115600653219234	115600664613557	115600653154130
115600665882828	115600681276526	115600665813557
115600670886213	115600689609806	115600670844130
115600680142255	115600697941681	115600680072568
115600684979963	115600706273765	115600684943765
115600705329182	115600722936265	115600705255276
115600714473609	115600731268244	115600714380224
115600718705484	115600739600171	115600718662776
115600737643505	115600756264130	115600737545015
115600742647359	115600764594390	115600742596734
115600758263870	115600772926160	115600758183193
115600768140328	115600781257568	115600768053401
115600775977568	115600789589285	115600775891161
115601716606473	115601731067775	115601716407984
115622298550268	115622311837142	115622298274747
115622301631257	115622320167872	115622301527455
115622306697091	115622328499173	115622306587559
115622316077195	115622336830267	115622315958288
115622373541934	115622386821101	115622373444174
115622497515476	115622511825319	115622497395111
115622607028653	115622620178756	115622606925007
115622712051153	115622728536412	115622711952872
115622822814851	115622836880840	115622822734851
115622940120736	115622953567819	115622939932455
115623049226674	115623061908549	115623049065424
115623153948236	115623170249069	115623153819851
115623263475996	115623278599538	115623263395371
115623370676048	9223372036854775807	115623370582611

=== poll 1790360139.678529591
8333333
0	0	0
0	0	0
0	0	0
0	0	0
0	0	0
0	0	0
0	0	0
0	0	0
0	0	0
0	0	0
0	0	0
0	0	0
0	0	0
0	0	0
0	0	0
0	0	0
0	0	0
0	0	0
0	0	0
0	0	0
0	0	0
0	0	0
0	0	0
0	0	0
0	0	0
0	0	0
0	0	0
0	0	0
0	0	0
0	0	0
0	0	0
0	0	0
0	0	0
0	0	0
0	0	0
0	0	0
0	0	0
0	0	0
0	0	0
0	0	0
0	0	0
0	0	0
0	0	0
0	0	0
0	0	0
0	0	0
0	0	0
0	0	0
0	0	0
0	0	0
0	0	0
0	0	0
0	0	0
0	0	0
115589517298197	115589533047936	115589516609238
115598565527777	115598581958506	115598565057048
115598665736110	115598681927151	115598665634704
115598667886787	115598690259183	115598667835902
115598991994652	115599006810536	115598991884131
115599868166839	115599881513765	115599868056787
115599967536682	115599989787307	115599967479391
115599975966682	115599998117203	115599975917412
115599984094182	115600006446369	115599984048297
115600043169964	115600064752307	115600043095901
115600126202464	115600148061422	115600126120589
115600134811057	115600156393505	115600134737724
115600142608141	115600164725067	115600142547620
115600159240172	115600181389077	115600159186370
115600551526786	115600564645275	115600551381943
115600563135641	115600581303921	115600563077307
115600567033766	115600589634443	115600567002411
115600579074391	115600597965536	115600579002359
115600583805328	115600606294546	115600583758193
115600596411422	115600614624129	115600596342516
115600608329234	115600622953504	115600608265901
115600613978245	115600631285744	115600613917568
115600617014963	115600639617203	115600616982203
115600630500588	115600647949859	115600630441786
115600633755484	115600656282151	115600633711838
115600653219234	115600664613557	115600653154130
115600665882828	115600681276526	115600665813557
115600670886213	115600689609806	115600670844130
115600680142255	115600697941681	115600680072568
115600684979963	115600706273765	115600684943765
115600705329182	115600722936265	115600705255276
115600714473609	115600731268244	115600714380224
115600718705484	115600739600171	115600718662776
115600737643505	115600756264130	115600737545015
115600742647359	115600764594390	115600742596734
115600758263870	115600772926160	115600758183193
115600768140328	115600781257568	115600768053401
115600775977568	115600789589285	115600775891161
115601716606473	115601731067775	115601716407984
115622298550268	115622311837142	115622298274747
115622301631257	115622320167872	115622301527455
115622306697091	115622328499173	115622306587559
115622316077195	115622336830267	115622315958288
115622373541934	115622386821101	115622373444174
115622497515476	115622511825319	115622497395111
115622607028653	115622620178756	115622606925007
115622712051153	115622728536412	115622711952872
115622822814851	115622836880840	115622822734851
115622940120736	115622953567819	115622939932455
115623049226674	115623061908549	115623049065424
115623153948236	115623170249069	115623153819851
115623263475996	115623278599538	115623263395371
115623370676048	115623386923548	115623370582611
115623480143861	115623495256726	115623480034851
115623587393184	115623603587767	115623587283757
115623701019746	115623720259486	115623700809955
115623812244121	115623828596621	115623812147819
115623925249902	115623936917298	115623925033444
115624041352038	115624053576152	115624041043965
115624150266986	115624161883079	115624149501100
115624253927350	115624270180840	115624253839277
115624363457975	115624378491724	115624363351673
115624467355892	115624478487349	115624467067611
115624581728756	115624595154850	115624581660892
115624692413079	115624703488079	115624692353444
115624805555527	115624820188235	115624805465058
115624912826621	115624928533339	115624912694017
115625031492298	115625045218808	115625031275892
115625139474433	115625153551516	115625139293287
115625260106152	115625278556673	115625259901100
115625356467923	115625370236152	115625356393652
115625474675058	115625486906360	115625474530423
115625587564225	115625603571255	115625587478443

=== poll 1790360141.935407299
8333333
0	0	0
0	0	0
0	0	0
0	0	0
0	0	0
0	0	0
0	0	0
0	0	0
0	0	0
0	0	0
0	0	0
0	0	0
0	0	0
0	0	0
0	0	0
0	0	0
115589517298197	115589533047936	115589516609238
115598565527777	115598581958506	115598565057048
115598665736110	115598681927151	115598665634704
115598667886787	115598690259183	115598667835902
115598991994652	115599006810536	115598991884131
115599868166839	115599881513765	115599868056787
115599967536682	115599989787307	115599967479391
115599975966682	115599998117203	115599975917412
115599984094182	115600006446369	115599984048297
115600043169964	115600064752307	115600043095901
115600126202464	115600148061422	115600126120589
115600134811057	115600156393505	115600134737724
115600142608141	115600164725067	115600142547620
115600159240172	115600181389077	115600159186370
115600551526786	115600564645275	115600551381943
115600563135641	115600581303921	115600563077307
115600567033766	115600589634443	115600567002411
115600579074391	115600597965536	115600579002359
115600583805328	115600606294546	115600583758193
115600596411422	115600614624129	115600596342516
115600608329234	115600622953504	115600608265901
115600613978245	115600631285744	115600613917568
115600617014963	115600639617203	115600616982203
115600630500588	115600647949859	115600630441786
115600633755484	115600656282151	115600633711838
115600653219234	115600664613557	115600653154130
115600665882828	115600681276526	115600665813557
115600670886213	115600689609806	115600670844130
115600680142255	115600697941681	115600680072568
115600684979963	115600706273765	115600684943765
115600705329182	115600722936265	115600705255276
115600714473609	115600731268244	115600714380224
115600718705484	115600739600171	115600718662776
115600737643505	115600756264130	115600737545015
115600742647359	115600764594390	115600742596734
115600758263870	115600772926160	115600758183193
115600768140328	115600781257568	115600768053401
115600775977568	115600789589285	115600775891161
115601716606473	115601731067775	115601716407984
115622298550268	115622311837142	115622298274747
115622301631257	115622320167872	115622301527455
115622306697091	115622328499173	115622306587559
115622316077195	115622336830267	115622315958288
115622373541934	115622386821101	115622373444174
115622497515476	115622511825319	115622497395111
115622607028653	115622620178756	115622606925007
115622712051153	115622728536412	115622711952872
115622822814851	115622836880840	115622822734851
115622940120736	115622953567819	115622939932455
115623049226674	115623061908549	115623049065424
115623153948236	115623170249069	115623153819851
115623263475996	115623278599538	115623263395371
115623370676048	115623386923548	115623370582611
115623480143861	115623495256726	115623480034851
115623587393184	115623603587767	115623587283757
115623701019746	115623720259486	115623700809955
115623812244121	115623828596621	115623812147819
115623925249902	115623936917298	115623925033444
115624041352038	115624053576152	115624041043965
115624150266986	115624161883079	115624149501100
115624253927350	115624270180840	115624253839277
115624363457975	115624378491724	115624363351673
115624467355892	115624478487349	115624467067611
115624581728756	115624595154850	115624581660892
115624692413079	115624703488079	115624692353444
115624805555527	115624820188235	115624805465058
115624912826621	115624928533339	115624912694017
115625031492298	115625045218808	115625031275892
115625139474433	115625153551516	115625139293287
115625260106152	115625278556673	115625259901100
115625356467923	115625370236152	115625356393652
115625474675058	115625486906360	115625474530423
115625587564225	115625603571255	115625587478443
115625688775683	115625703588756	115625688597141
115625798700683	115625811926828	115625798496777
115625905336152	115625920244640	115625905171881
115626012795058	115626028584745	115626012704850
115626124049277	115626136925214	115626123816308
115626228483964	115626245287349	115626228372818
115626338975891	115626353640006	115626338887454
115626445411047	115626461962870	115626445308026
115626568190162	115626586937766	115626568040631
115626671575839	115626686933235	115626671485735
115626788842610	115626803607661	115626788753599
115626897883547	115626911934641	115626897748183
115627005658235	115627020256671	115627005557037
115627112122818	115627128572296	115627112022714
115627212980735	115627228555630	115627212879172
115627265640578	115627278547453	115627265542974
115627272963651	115627286879692	115627272896307
115627281149120	115627295214485	115627281047557
115627298549537	115627311884328	115627298493130
115627306100057	115627320218442	115627306043182
115627339969484	115627353554536	115627339867089
115627367162401	115627378559380	115627367093287
115627372780943	115627386894067	115627372736047
115627398314849	115627411899849	115627398267453
115627406162297	115627420234380	115627406125995
115627435642349	115627453569015	115627435556672
115627452575318	115627470236515	115627452495891
115627465438391	115627478570161	115627465377349
115627475692141	115627486903130	115627475631151
115627485807193	115627503569015	115627485754068
115627501345057	115627511902974	115627501298339
115627531590786	115627545236255	115627531512505
115627581710526	115627595234588	115627581624276
115627640158443	115627653582245	115627639903703
115627698741203	115627711914900	115627698643391
115627739985370	115627753584015	115627739896359
115627806384849	115627820262400	115627806305161
115627865051776	115627878608755	115627864947818

=== poll 1790360144.189986881
8333333
115600653219234	115600664613557	115600653154130
115600665882828	115600681276526	115600665813557
115600670886213	115600689609806	115600670844130
115600680142255	115600697941681	115600680072568
115600684979963	115600706273765	115600684943765
115600705329182	115600722936265	115600705255276
115600714473609	115600731268244	115600714380224
115600718705484	115600739600171	115600718662776
115600737643505	115600756264130	115600737545015
115600742647359	115600764594390	115600742596734
115600758263870	115600772926160	115600758183193
115600768140328	115600781257568	115600768053401
115600775977568	115600789589285	115600775891161
115601716606473	115601731067775	115601716407984
115622298550268	115622311837142	115622298274747
115622301631257	115622320167872	115622301527455
115622306697091	115622328499173	115622306587559
115622316077195	115622336830267	115622315958288
115622373541934	115622386821101	115622373444174
115622497515476	115622511825319	115622497395111
115622607028653	115622620178756	115622606925007
115622712051153	115622728536412	115622711952872
115622822814851	115622836880840	115622822734851
115622940120736	115622953567819	115622939932455
115623049226674	115623061908549	115623049065424
115623153948236	115623170249069	115623153819851
115623263475996	115623278599538	115623263395371
115623370676048	115623386923548	115623370582611
115623480143861	115623495256726	115623480034851
115623587393184	115623603587767	115623587283757
115623701019746	115623720259486	115623700809955
115623812244121	115623828596621	115623812147819
115623925249902	115623936917298	115623925033444
115624041352038	115624053576152	115624041043965
115624150266986	115624161883079	115624149501100
115624253927350	115624270180840	115624253839277
115624363457975	115624378491724	115624363351673
115624467355892	115624478487349	115624467067611
115624581728756	115624595154850	115624581660892
115624692413079	115624703488079	115624692353444
115624805555527	115624820188235	115624805465058
115624912826621	115624928533339	115624912694017
115625031492298	115625045218808	115625031275892
115625139474433	115625153551516	115625139293287
115625260106152	115625278556673	115625259901100
115625356467923	115625370236152	115625356393652
115625474675058	115625486906360	115625474530423
115625587564225	115625603571255	115625587478443
115625688775683	115625703588756	115625688597141
115625798700683	115625811926828	115625798496777
115625905336152	115625920244640	115625905171881
115626012795058	115626028584745	115626012704850
115626124049277	115626136925214	115626123816308
115626228483964	115626245287349	115626228372818
115626338975891	115626353640006	115626338887454
115626445411047	115626461962870	115626445308026
115626568190162	115626586937766	115626568040631
115626671575839	115626686933235	115626671485735
115626788842610	115626803607661	115626788753599
115626897883547	115626911934641	115626897748183
115627005658235	115627020256671	115627005557037
115627112122818	115627128572296	115627112022714
115627212980735	115627228555630	115627212879172
115627265640578	115627278547453	115627265542974
115627272963651	115627286879692	115627272896307
115627281149120	115627295214485	115627281047557
115627298549537	115627311884328	115627298493130
115627306100057	115627320218442	115627306043182
115627339969484	115627353554536	115627339867089
115627367162401	115627378559380	115627367093287
115627372780943	115627386894067	115627372736047
115627398314849	115627411899849	115627398267453
115627406162297	115627420234380	115627406125995
115627435642349	115627453569015	115627435556672
115627452575318	115627470236515	115627452495891
115627465438391	115627478570161	115627465377349
115627475692141	115627486903130	115627475631151
115627485807193	115627503569015	115627485754068
115627501345057	115627511902974	115627501298339
115627531590786	115627545236255	115627531512505
115627581710526	115627595234588	115627581624276
115627640158443	115627653582245	115627639903703
115627698741203	115627711914900	115627698643391
115627739985370	115627753584015	115627739896359
115627806384849	115627820262400	115627806305161
115627865051776	115627878608755	115627864947818
115627906967349	115627920292349	115627906859328
115627981456984	115627995309692	115627981367557
115628015061359	115628028648078	115628014968599
115628065086620	115628078646099	115628064944328
115628123058286	115628145306880	115628122981307
115628173553859	115628186983546	115628173460370
115628240185109	115628262006046	115628239939067
115628290088651	115628303672921	115628290003599
115628348529172	115628362013442	115628348436099
115628398609484	115628412020994	115628398538755
115628456750057	115628470356359	115628456663442
115628506809849	115628520358650	115628506717661
115628564812765	115628578698650	115628564739640
115628623623911	115628645365108	115628623553494
115628682223026	115628695369535	115628682086984
115628732147192	115628745372765	115628732027192
115628789916567	115628812054796	115628789856307
115628840327036	115628853727400	115628840234744
115628906905890	115628928738755	115628906821046
115628956793338	115628970404067	115628956701046
115629015394067	115629028733650	115629015286671
115629065420369	115629078732400	115629065299588
115629123481359	115629145409536	115629123381098
115629173417088	115629187076566	115629173316098
115629240226671	115629262085212	115629240142140
115629282078598	115629295417868	115629281999848
115629348723859	115629370427556	115629348634744
115629398322192	115629412103337	115629398238077
115629456955005	115629470438702	115629456856775
115629507105577	115629520447139	115629507015994
115629564856411	115629578794796	115629564782869
115629615020109	115629628792556	115629614934536
115629682129536	115629695471514	115629682029900
115629732328598	115629745482191	115629732236202
115629790129588	115629812168910	115629790049431
115629840278025	115629853851358	115629840179744
115629898684796	115629912203701	115629898578442
115629948654275	115629962212868	115629948580473
115630006730473	115630020563858	115630006639692
115630073919327	115630095587400	115630073786098
115630115067036	115630128930316	115630114990369

=== poll 1790360146.582610057
8333333
115626228483964	115626245287349	115626228372818
115626338975891	115626353640006	115626338887454
115626445411047	115626461962870	115626445308026
115626568190162	115626586937766	115626568040631
115626671575839	115626686933235	115626671485735
115626788842610	115626803607661	115626788753599
115626897883547	115626911934641	115626897748183
115627005658235	115627020256671	115627005557037
115627112122818	115627128572296	115627112022714
115627212980735	115627228555630	115627212879172
115627265640578	115627278547453	115627265542974
115627272963651	115627286879692	115627272896307
115627281149120	115627295214485	115627281047557
115627298549537	115627311884328	115627298493130
115627306100057	115627320218442	115627306043182
115627339969484	115627353554536	115627339867089
115627367162401	115627378559380	115627367093287
115627372780943	115627386894067	115627372736047
115627398314849	115627411899849	115627398267453
115627406162297	115627420234380	115627406125995
115627435642349	115627453569015	115627435556672
115627452575318	115627470236515	115627452495891
115627465438391	115627478570161	115627465377349
115627475692141	115627486903130	115627475631151
115627485807193	115627503569015	115627485754068
115627501345057	115627511902974	115627501298339
115627531590786	115627545236255	115627531512505
115627581710526	115627595234588	115627581624276
115627640158443	115627653582245	115627639903703
115627698741203	115627711914900	115627698643391
115627739985370	115627753584015	115627739896359
115627806384849	115627820262400	115627806305161
115627865051776	115627878608755	115627864947818
115627906967349	115627920292349	115627906859328
115627981456984	115627995309692	115627981367557
115628015061359	115628028648078	115628014968599
115628065086620	115628078646099	115628064944328
115628123058286	115628145306880	115628122981307
115628173553859	115628186983546	115628173460370
115628240185109	115628262006046	115628239939067
115628290088651	115628303672921	115628290003599
115628348529172	115628362013442	115628348436099
115628398609484	115628412020994	115628398538755
115628456750057	115628470356359	115628456663442
115628506809849	115628520358650	115628506717661
115628564812765	115628578698650	115628564739640
115628623623911	115628645365108	115628623553494
115628682223026	115628695369535	115628682086984
115628732147192	115628745372765	115628732027192
115628789916567	115628812054796	115628789856307
115628840327036	115628853727400	115628840234744
115628906905890	115628928738755	115628906821046
115628956793338	115628970404067	115628956701046
115629015394067	115629028733650	115629015286671
115629065420369	115629078732400	115629065299588
115629123481359	115629145409536	115629123381098
115629173417088	115629187076566	115629173316098
115629240226671	115629262085212	115629240142140
115629282078598	115629295417868	115629281999848
115629348723859	115629370427556	115629348634744
115629398322192	115629412103337	115629398238077
115629456955005	115629470438702	115629456856775
115629507105577	115629520447139	115629507015994
115629564856411	115629578794796	115629564782869
115629615020109	115629628792556	115629614934536
115629682129536	115629695471514	115629682029900
115629732328598	115629745482191	115629732236202
115629790129588	115629812168910	115629790049431
115629840278025	115629853851358	115629840179744
115629898684796	115629912203701	115629898578442
115629948654275	115629962212868	115629948580473
115630006730473	115630020563858	115630006639692
115630073919327	115630095587400	115630073786098
115630115067036	115630128930316	115630114990369
115630165451202	115630178950108	115630165349483
115630231820525	115630245635108	115630231734327
115630273446619	115630287316983	115630273359275
115630331882244	115630345667503	115630331785317
115630390697765	115630404020108	115630390583285
115630440405942	115630454036462	115630440261254
115630490376931	115630504045421	115630490283962
115630548548598	115630562379899	115630548476723
115630599086931	115630612385108	115630598997348
115630648753754	115630662393337	115630648639171
115630715676410	115630737399743	115630715576410
115630765435473	115630779064847	115630765357192
115630824128025	115630837388337	115630824028598
115630873917608	115630887379066	115630873843910
115630932318025	115630945709587	115630932231931
115630981947191	115630995704066	115630981873858
115631049531306	115631070690420	115631049278858
115631090433233	115631104021409	115631090356462
115631156954379	115631170697504	115631156872660
115631198678858	115631212372920	115631198596410
115631269245004	115631295718910	115631269042243
115631307333285	115631320725628	115631307255629
115631373573962	115631395741983	115631373508962
115631415260577	115631429078336	115631415190525
115631482162191	115631495764795	115631482080420
115631523818650	115631537451826	115631523750472
115631598534795	115631620818284	115631598473545
115631632075108	115631645830993	115631631901670
115631707261358	115631720857347	115631707182035
115631740551618	115631754197347	115631740472764
115631833989795	115631845878492	115631833908858
115631839821410	115631854213545	115631839773441
115631949068858	115631962564690	115631948990004
115632057388597	115632070904118	115632057299222
115632058883701	115632079235941	115632058843076
115632171484014	115632187558909	115632171333962
115632289804118	115632304243961	115632289647764
115632292225368	115632312579794	115632292128701
115632301501566	115632320914222	115632301458649
115632310933233	115632329248596	115632310868858
115632325019951	115632337584118	115632324940837
115632332321462	115632345920941	115632332222191
115632360068805	115632370926773	115632359979066
115632373818180	115632387596565	115632373755160
115632383883493	115632395929118	115632383802399
115632393430576	115632404261617	115632393350108
115632398986045	115632412593649	115632398894222
115632415526410	115632429259847	115632415481826
115632432288337	115632445926566	115632432239899
115632448648180	115632462590159	115632448597347
115632465912191	115632479258753	115632465860003
115632482747816	115632495928075	115632482686410
115632498978753	115632512598128	115632498819795

=== poll 1790360148.813148859
8333333
115628623623911	115628645365108	115628623553494
115628682223026	115628695369535	115628682086984
115628732147192	115628745372765	115628732027192
115628789916567	115628812054796	115628789856307
115628840327036	115628853727400	115628840234744
115628906905890	115628928738755	115628906821046
115628956793338	115628970404067	115628956701046
115629015394067	115629028733650	115629015286671
115629065420369	115629078732400	115629065299588
115629123481359	115629145409536	115629123381098
115629173417088	115629187076566	115629173316098
115629240226671	115629262085212	115629240142140
115629282078598	115629295417868	115629281999848
115629348723859	115629370427556	115629348634744
115629398322192	115629412103337	115629398238077
115629456955005	115629470438702	115629456856775
115629507105577	115629520447139	115629507015994
115629564856411	115629578794796	115629564782869
115629615020109	115629628792556	115629614934536
115629682129536	115629695471514	115629682029900
115629732328598	115629745482191	115629732236202
115629790129588	115629812168910	115629790049431
115629840278025	115629853851358	115629840179744
115629898684796	115629912203701	115629898578442
115629948654275	115629962212868	115629948580473
115630006730473	115630020563858	115630006639692
115630073919327	115630095587400	115630073786098
115630115067036	115630128930316	115630114990369
115630165451202	115630178950108	115630165349483
115630231820525	115630245635108	115630231734327
115630273446619	115630287316983	115630273359275
115630331882244	115630345667503	115630331785317
115630390697765	115630404020108	115630390583285
115630440405942	115630454036462	115630440261254
115630490376931	115630504045421	115630490283962
115630548548598	115630562379899	115630548476723
115630599086931	115630612385108	115630598997348
115630648753754	115630662393337	115630648639171
115630715676410	115630737399743	115630715576410
115630765435473	115630779064847	115630765357192
115630824128025	115630837388337	115630824028598
115630873917608	115630887379066	115630873843910
115630932318025	115630945709587	115630932231931
115630981947191	115630995704066	115630981873858
115631049531306	115631070690420	115631049278858
115631090433233	115631104021409	115631090356462
115631156954379	115631170697504	115631156872660
115631198678858	115631212372920	115631198596410
115631269245004	115631295718910	115631269042243
115631307333285	115631320725628	115631307255629
115631373573962	115631395741983	115631373508962
115631415260577	115631429078336	115631415190525
115631482162191	115631495764795	115631482080420
115631523818650	115631537451826	115631523750472
115631598534795	115631620818284	115631598473545
115631632075108	115631645830993	115631631901670
115631707261358	115631720857347	115631707182035
115631740551618	115631754197347	115631740472764
115631833989795	115631845878492	115631833908858
115631839821410	115631854213545	115631839773441
115631949068858	115631962564690	115631948990004
115632057388597	115632070904118	115632057299222
115632058883701	115632079235941	115632058843076
115632171484014	115632187558909	115632171333962
115632289804118	115632304243961	115632289647764
115632292225368	115632312579794	115632292128701
115632301501566	115632320914222	115632301458649
115632310933233	115632329248596	115632310868858
115632325019951	115632337584118	115632324940837
115632332321462	115632345920941	115632332222191
115632360068805	115632370926773	115632359979066
115632373818180	115632387596565	115632373755160
115632383883493	115632395929118	115632383802399
115632393430576	115632404261617	115632393350108
115632398986045	115632412593649	115632398894222
115632415526410	115632429259847	115632415481826
115632432288337	115632445926566	115632432239899
115632448648180	115632462590159	115632448597347
115632465912191	115632479258753	115632465860003
115632482747816	115632495928075	115632482686410
115632498978753	115632512598128	115632498819795
115632523767503	115632537603805	115632523686149
115632593500889	115632604275055	115632593427451
115632615806462	115632629276201	115632615741930
115632709908962	115632720940836	115632709812764
115632717863128	115632729276357	115632717797660
115632723489535	115632737612086	115632723435941
115632815871097	115632829294482	115632815782868
115632832314743	115632845968961	115632832194951
115632932549795	115632945992399	115632932478076
115632940443962	115632954328545	115632940348909
115633051816774	115633071017971	115633051674951
115633054033545	115633079352867	115633053887191
115633067978597	115633087688284	115633067854639
115633161417139	115633179370940	115633161296045
115633174121722	115633187705524	115633174074118
115633272816409	115633287706044	115633272713336
115633282219847	115633296040054	115633282141878
115633380164899	115633396049950	115633380067868
115633398701097	115633412720367	115633398626357
115633500437659	115633512735107	115633500341513
115633507934534	115633521069950	115633507839065
115633605355472	115633621072138	115633605253701
115633628840784	115633646079742	115633628727555
115633722719274	115633737754117	115633722634638
115633734412034	115633746086982	115633734352242
115633740200107	115633754420263	115633740159586
115633834877920	115633846089221	115633834801513
115633840260263	115633854424274	115633840176097
115633950233909	115633962745627	115633950154794
115633951884742	115633971078284	115633951791826
115633956870003	115633979411304	115633956832815
115634063880732	115634079385627	115634063794951
115634066160680	115634087717711	115634066121722
115634073645888	115634096049794	115634073597086
115634182639326	115634196027346	115634182553232
115634191407294	115634204358856	115634192160680
115634302877503	115634321017294	115634302735680
115634307298076	115634329349794	115634307200680
115634406636565	115634421015210	115634406550055
115634416241096	115634429349742	115634416146357
115634514536982	115634529369845	115634514303388
115634516864117	115634537706565	115634516770680
115634622448336	115634637716252	115634622362607
115634623959638	115634646049689	115634623878700
115634751515159	9223372036854775807	115634751394586
115634753095471	9223372036854775807	115634753066617

=== poll 1790360151.057713129
8333333
115630715676410	115630737399743	115630715576410
115630765435473	115630779064847	115630765357192
115630824128025	115630837388337	115630824028598
115630873917608	115630887379066	115630873843910
115630932318025	115630945709587	115630932231931
115630981947191	115630995704066	115630981873858
115631049531306	115631070690420	115631049278858
115631090433233	115631104021409	115631090356462
115631156954379	115631170697504	115631156872660
115631198678858	115631212372920	115631198596410
115631269245004	115631295718910	115631269042243
115631307333285	115631320725628	115631307255629
115631373573962	115631395741983	115631373508962
115631415260577	115631429078336	115631415190525
115631482162191	115631495764795	115631482080420
115631523818650	115631537451826	115631523750472
115631598534795	115631620818284	115631598473545
115631632075108	115631645830993	115631631901670
115631707261358	115631720857347	115631707182035
115631740551618	115631754197347	115631740472764
115631833989795	115631845878492	115631833908858
115631839821410	115631854213545	115631839773441
115631949068858	115631962564690	115631948990004
115632057388597	115632070904118	115632057299222
115632058883701	115632079235941	115632058843076
115632171484014	115632187558909	115632171333962
115632289804118	115632304243961	115632289647764
115632292225368	115632312579794	115632292128701
115632301501566	115632320914222	115632301458649
115632310933233	115632329248596	115632310868858
115632325019951	115632337584118	115632324940837
115632332321462	115632345920941	115632332222191
115632360068805	115632370926773	115632359979066
115632373818180	115632387596565	115632373755160
115632383883493	115632395929118	115632383802399
115632393430576	115632404261617	115632393350108
115632398986045	115632412593649	115632398894222
115632415526410	115632429259847	115632415481826
115632432288337	115632445926566	115632432239899
115632448648180	115632462590159	115632448597347
115632465912191	115632479258753	115632465860003
115632482747816	115632495928075	115632482686410
115632498978753	115632512598128	115632498819795
115632523767503	115632537603805	115632523686149
115632593500889	115632604275055	115632593427451
115632615806462	115632629276201	115632615741930
115632709908962	115632720940836	115632709812764
115632717863128	115632729276357	115632717797660
115632723489535	115632737612086	115632723435941
115632815871097	115632829294482	115632815782868
115632832314743	115632845968961	115632832194951
115632932549795	115632945992399	115632932478076
115632940443962	115632954328545	115632940348909
115633051816774	115633071017971	115633051674951
115633054033545	115633079352867	115633053887191
115633067978597	115633087688284	115633067854639
115633161417139	115633179370940	115633161296045
115633174121722	115633187705524	115633174074118
115633272816409	115633287706044	115633272713336
115633282219847	115633296040054	115633282141878
115633380164899	115633396049950	115633380067868
115633398701097	115633412720367	115633398626357
115633500437659	115633512735107	115633500341513
115633507934534	115633521069950	115633507839065
115633605355472	115633621072138	115633605253701
115633628840784	115633646079742	115633628727555
115633722719274	115633737754117	115633722634638
115633734412034	115633746086982	115633734352242
115633740200107	115633754420263	115633740159586
115633834877920	115633846089221	115633834801513
115633840260263	115633854424274	115633840176097
115633950233909	115633962745627	115633950154794
115633951884742	115633971078284	115633951791826
115633956870003	115633979411304	115633956832815
115634063880732	115634079385627	115634063794951
115634066160680	115634087717711	115634066121722
115634073645888	115634096049794	115634073597086
115634182639326	115634196027346	115634182553232
115634191407294	115634204358856	115634192160680
115634302877503	115634321017294	115634302735680
115634307298076	115634329349794	115634307200680
115634406636565	115634421015210	115634406550055
115634416241096	115634429349742	115634416146357
115634514536982	115634529369845	115634514303388
115634516864117	115634537706565	115634516770680
115634622448336	115634637716252	115634622362607
115634623959638	115634646049689	115634623878700
115634751515159	115634762711148	115634751394586
115634753095471	115634771045835	115634753066617
115634765152711	115634779379377	115634765092502
115634858306930	115634871042606	115634858197763
115634866360680	115634879375262	115634866305055
115634957165992	115634971040783	115634957070159
115634966368075	115634979372397	115634966259950
115635073305940	115635087703856	115635073026721
115635157692971	115635171031981	115635157616252
115635173978544	115635187696148	115635173891096
115635296335211	115635312704689	115635296155940
115635400689586	115635412697554	115635400588492
115635402218700	115635421029950	115635402178596
115635406692398	115635429363856	115635406656408
115635523673961	115635537678179	115635523533075
115635526138179	115635546010470	115635526069586
115635631592294	115635645988283	115635631061304
115635634079273	115635654318752	115635633994169
115635739711981	115635754300210	115635739571513
115635741788440	115635762634376	115635741699950
115635859982502	115635870945158	115635859834012
115635955156825	115635970927970	115635955011356
115635957497033	115635979258908	115635957467710
115636073776773	115636087547710	115636073640367
115636082222398	115636095877762	115636082169325
115636172123544	115636187530314	115636172025158
115636175298023	115636195862814	115636175243700
115636182831096	115636204196095	115636182750158
115636296421408	115636312524064	115636296332710
115636390944585	115636404170574	115636390869273
115636398290523	115636412499897	115636398239481
115636509035314	115636520778491	115636508863908
115636511397606	115636529108335	115636511299846
115636624035575	115636637416460	115636623849221
115636626344533	115636645749741	115636626246408
115636632436825	115636654082241	115636632351877
115636726742970	115636745734845	115636726539533
115636832512606	115636845728960	115636832441720
115636954976877	115636970732657	115636954823960
115636957431043	115636979066720	115636957331877

=== poll 1790360153.341704638
8333333
115632415526410	115632429259847	115632415481826
115632432288337	115632445926566	115632432239899
115632448648180	115632462590159	115632448597347
115632465912191	115632479258753	115632465860003
115632482747816	115632495928075	115632482686410
115632498978753	115632512598128	115632498819795
115632523767503	115632537603805	115632523686149
115632593500889	115632604275055	115632593427451
115632615806462	115632629276201	115632615741930
115632709908962	115632720940836	115632709812764
115632717863128	115632729276357	115632717797660
115632723489535	115632737612086	115632723435941
115632815871097	115632829294482	115632815782868
115632832314743	115632845968961	115632832194951
115632932549795	115632945992399	115632932478076
115632940443962	115632954328545	115632940348909
115633051816774	115633071017971	115633051674951
115633054033545	115633079352867	115633053887191
115633067978597	115633087688284	115633067854639
115633161417139	115633179370940	115633161296045
115633174121722	115633187705524	115633174074118
115633272816409	115633287706044	115633272713336
115633282219847	115633296040054	115633282141878
115633380164899	115633396049950	115633380067868
115633398701097	115633412720367	115633398626357
115633500437659	115633512735107	115633500341513
115633507934534	115633521069950	115633507839065
115633605355472	115633621072138	115633605253701
115633628840784	115633646079742	115633628727555
115633722719274	115633737754117	115633722634638
115633734412034	115633746086982	115633734352242
115633740200107	115633754420263	115633740159586
115633834877920	115633846089221	115633834801513
115633840260263	115633854424274	115633840176097
115633950233909	115633962745627	115633950154794
115633951884742	115633971078284	115633951791826
115633956870003	115633979411304	115633956832815
115634063880732	115634079385627	115634063794951
115634066160680	115634087717711	115634066121722
115634073645888	115634096049794	115634073597086
115634182639326	115634196027346	115634182553232
115634191407294	115634204358856	115634192160680
115634302877503	115634321017294	115634302735680
115634307298076	115634329349794	115634307200680
115634406636565	115634421015210	115634406550055
115634416241096	115634429349742	115634416146357
115634514536982	115634529369845	115634514303388
115634516864117	115634537706565	115634516770680
115634622448336	115634637716252	115634622362607
115634623959638	115634646049689	115634623878700
115634751515159	115634762711148	115634751394586
115634753095471	115634771045835	115634753066617
115634765152711	115634779379377	115634765092502
115634858306930	115634871042606	115634858197763
115634866360680	115634879375262	115634866305055
115634957165992	115634971040783	115634957070159
115634966368075	115634979372397	115634966259950
115635073305940	115635087703856	115635073026721
115635157692971	115635171031981	115635157616252
115635173978544	115635187696148	115635173891096
115635296335211	115635312704689	115635296155940
115635400689586	115635412697554	115635400588492
115635402218700	115635421029950	115635402178596
115635406692398	115635429363856	115635406656408
115635523673961	115635537678179	115635523533075
115635526138179	115635546010470	115635526069586
115635631592294	115635645988283	115635631061304
115635634079273	115635654318752	115635633994169
115635739711981	115635754300210	115635739571513
115635741788440	115635762634376	115635741699950
115635859982502	115635870945158	115635859834012
115635955156825	115635970927970	115635955011356
115635957497033	115635979258908	115635957467710
115636073776773	115636087547710	115636073640367
115636082222398	115636095877762	115636082169325
115636172123544	115636187530314	115636172025158
115636175298023	115636195862814	115636175243700
115636182831096	115636204196095	115636182750158
115636296421408	115636312524064	115636296332710
115636390944585	115636404170574	115636390869273
115636398290523	115636412499897	115636398239481
115636509035314	115636520778491	115636508863908
115636511397606	115636529108335	115636511299846
115636624035575	115636637416460	115636623849221
115636626344533	115636645749741	115636626246408
115636632436825	115636654082241	115636632351877
115636726742970	115636745734845	115636726539533
115636832512606	115636845728960	115636832441720
115636954976877	115636970732657	115636954823960
115636957431043	115636979066720	115636957331877
115637079976200	115637095735731	115637079825418
115637179039481	115637195721720	115637178843439
115637265564793	115637279072918	115637265494064
115637273355366	115637287408751	115637273278179
115637382442085	115637395746720	115637382392137
115637390417085	115637404080626	115637390333387
115637493280731	115637504093803	115637493218387
115637498650731	115637512429011	115637498591408
115637610697814	115637629093074	115637610589897
115637615632866	115637637423698	115637615444012
115637726680158	115637737422970	115637726575783
115637824469897	115637837426199	115637824333335
115637832148230	115637845760001	115637832066980
115637948198595	115637962422969	115637948076668
115638068022814	115638079059116	115638067862293
115638070299272	115638087389428	115638070229428
115638075401668	115638095719845	115638075300262
115638157090678	115638179016251	115638157016564
115638165902553	115638187346146	115638165808126
115638272802501	115638287325522	115638272645314
115638281631564	115638295658750	115638281558387
115638389018595	115638403994271	115638388908074
115638497832136	115638512333855	115638497697241
115638500154897	115638520664584	115638500079428
115638608213230	115638620648386	115638607928230
115638617359064	115638628982188	115638617272449
115638716682813	115638728977552	115638716492709
115638719281772	115638737310678	115638719187449
115638723571043	115638745647501	115638723475105
115638823419011	115638837313646	115638823340834
115638825010157	115638845645990	115638824944011
115638833426303	115638853978646	115638833338334
115638954562865	115638970649845	115638954317240
115639057586147	115639070666511	115639057455834
115639180633803	115639195682761	115639180509845
115639291049272	115639304028073	115639290965053
115639298155001	9223372036854775807	115639298097397

=== poll 1790360155.641909064
8333333
115634066160680	115634087717711	115634066121722
115634073645888	115634096049794	115634073597086
115634182639326	115634196027346	115634182553232
115634191407294	115634204358856	115634192160680
115634302877503	115634321017294	115634302735680
115634307298076	115634329349794	115634307200680
115634406636565	115634421015210	115634406550055
115634416241096	115634429349742	115634416146357
115634514536982	115634529369845	115634514303388
115634516864117	115634537706565	115634516770680
115634622448336	115634637716252	115634622362607
115634623959638	115634646049689	115634623878700
115634751515159	115634762711148	115634751394586
115634753095471	115634771045835	115634753066617
115634765152711	115634779379377	115634765092502
115634858306930	115634871042606	115634858197763
115634866360680	115634879375262	115634866305055
115634957165992	115634971040783	115634957070159
115634966368075	115634979372397	115634966259950
115635073305940	115635087703856	115635073026721
115635157692971	115635171031981	115635157616252
115635173978544	115635187696148	115635173891096
115635296335211	115635312704689	115635296155940
115635400689586	115635412697554	115635400588492
115635402218700	115635421029950	115635402178596
115635406692398	115635429363856	115635406656408
115635523673961	115635537678179	115635523533075
115635526138179	115635546010470	115635526069586
115635631592294	115635645988283	115635631061304
115635634079273	115635654318752	115635633994169
115635739711981	115635754300210	115635739571513
115635741788440	115635762634376	115635741699950
115635859982502	115635870945158	115635859834012
115635955156825	115635970927970	115635955011356
115635957497033	115635979258908	115635957467710
115636073776773	115636087547710	115636073640367
115636082222398	115636095877762	115636082169325
115636172123544	115636187530314	115636172025158
115636175298023	115636195862814	115636175243700
115636182831096	115636204196095	115636182750158
115636296421408	115636312524064	115636296332710
115636390944585	115636404170574	115636390869273
115636398290523	115636412499897	115636398239481
115636509035314	115636520778491	115636508863908
115636511397606	115636529108335	115636511299846
115636624035575	115636637416460	115636623849221
115636626344533	115636645749741	115636626246408
115636632436825	115636654082241	115636632351877
115636726742970	115636745734845	115636726539533
115636832512606	115636845728960	115636832441720
115636954976877	115636970732657	115636954823960
115636957431043	115636979066720	115636957331877
115637079976200	115637095735731	115637079825418
115637179039481	115637195721720	115637178843439
115637265564793	115637279072918	115637265494064
115637273355366	115637287408751	115637273278179
115637382442085	115637395746720	115637382392137
115637390417085	115637404080626	115637390333387
115637493280731	115637504093803	115637493218387
115637498650731	115637512429011	115637498591408
115637610697814	115637629093074	115637610589897
115637615632866	115637637423698	115637615444012
115637726680158	115637737422970	115637726575783
115637824469897	115637837426199	115637824333335
115637832148230	115637845760001	115637832066980
115637948198595	115637962422969	115637948076668
115638068022814	115638079059116	115638067862293
115638070299272	115638087389428	115638070229428
115638075401668	115638095719845	115638075300262
115638157090678	115638179016251	115638157016564
115638165902553	115638187346146	115638165808126
115638272802501	115638287325522	115638272645314
115638281631564	115638295658750	115638281558387
115638389018595	115638403994271	115638388908074
115638497832136	115638512333855	115638497697241
115638500154897	115638520664584	115638500079428
115638608213230	115638620648386	115638607928230
115638617359064	115638628982188	115638617272449
115638716682813	115638728977552	115638716492709
115638719281772	115638737310678	115638719187449
115638723571043	115638745647501	115638723475105
115638823419011	115638837313646	115638823340834
115638825010157	115638845645990	115638824944011
115638833426303	115638853978646	115638833338334
115638954562865	115638970649845	115638954317240
115639057586147	115639070666511	115639057455834
115639180633803	115639195682761	115639180509845
115639291049272	115639304028073	115639290965053
115639298155001	115639312362708	115639298097397
115639422660105	115639437383802	115639422532344
115639513541615	115639529047708	115639513448074
115639515016980	115639537384010	115639514975834
115639621990834	115639637395626	115639621909271
115639623507084	115639645731146	115639623462136
115639631861511	115639654068437	115639631743699
115639740069115	115639754081510	115639739967240
115639748588855	115639762414115	115639748395417
115639858996615	115639870730209	115639858864115
115639956476511	115639970722344	115639956352292
115639958452032	115639979055729	115639958305157
115639965484115	115639987389427	115639965405209
115640060404740	115640079046927	115640060267136
115640065809636	115640087382448	115640065766875
115640188391042	115640204028385	115640188238959
115640190395365	115640212360156	115640190285730
115640305849480	115640320679323	115640305700052
115640307930677	115640329013125	115640307883334
115640399802448	115640412330677	115640399659948
115640402134740	115640420665052	115640402033125
115640407585052	115640429000364	115640407541042
115640509903073	115640520667760	115640509788646
115640625616771	115640637306927	115640625519167
115640672956406	115640687292031	115640636835469
115640750658177	115640762280052	115640750536823
115640797912344	115640812263906	115640756706875
115640847876250	115640862255573	115640840333386
115640952716771	115640970581041	115640952587292
115641006180104	115641020570625	115640956559323
115641056637813	115641070577187	115641056573854
115641182531563	115641195602292	115641182389479
115641185738021	115641203939583	115641185622917
115641279804844	115641295627759	115641279663073
115641282315937	115641303962968	115641282226771
115641398838281	115641412308073	115641398687552
115641408062187	115641420642083	115641407949844
115641486461042	115641512309114	115641486371250
115641500634739	115641520640832	115641500526614

=== poll 1790360157.898858855
8333333
115636957431043	115636979066720	115636957331877
115637079976200	115637095735731	115637079825418
115637179039481	115637195721720	115637178843439
115637265564793	115637279072918	115637265494064
115637273355366	115637287408751	115637273278179
115637382442085	115637395746720	115637382392137
115637390417085	115637404080626	115637390333387
115637493280731	115637504093803	115637493218387
115637498650731	115637512429011	115637498591408
115637610697814	115637629093074	115637610589897
115637615632866	115637637423698	115637615444012
115637726680158	115637737422970	115637726575783
115637824469897	115637837426199	115637824333335
115637832148230	115637845760001	115637832066980
115637948198595	115637962422969	115637948076668
115638068022814	115638079059116	115638067862293
115638070299272	115638087389428	115638070229428
115638075401668	115638095719845	115638075300262
115638157090678	115638179016251	115638157016564
115638165902553	115638187346146	115638165808126
115638272802501	115638287325522	115638272645314
115638281631564	115638295658750	115638281558387
115638389018595	115638403994271	115638388908074
115638497832136	115638512333855	115638497697241
115638500154897	115638520664584	115638500079428
115638608213230	115638620648386	115638607928230
115638617359064	115638628982188	115638617272449
115638716682813	115638728977552	115638716492709
115638719281772	115638737310678	115638719187449
115638723571043	115638745647501	115638723475105
115638823419011	115638837313646	115638823340834
115638825010157	115638845645990	115638824944011
115638833426303	115638853978646	115638833338334
115638954562865	115638970649845	115638954317240
115639057586147	115639070666511	115639057455834
115639180633803	115639195682761	115639180509845
115639291049272	115639304028073	115639290965053
115639298155001	115639312362708	115639298097397
115639422660105	115639437383802	115639422532344
115639513541615	115639529047708	115639513448074
115639515016980	115639537384010	115639514975834
115639621990834	115639637395626	115639621909271
115639623507084	115639645731146	115639623462136
115639631861511	115639654068437	115639631743699
115639740069115	115639754081510	115639739967240
115639748588855	115639762414115	115639748395417
115639858996615	115639870730209	115639858864115
115639956476511	115639970722344	115639956352292
115639958452032	115639979055729	115639958305157
115639965484115	115639987389427	115639965405209
115640060404740	115640079046927	115640060267136
115640065809636	115640087382448	115640065766875
115640188391042	115640204028385	115640188238959
115640190395365	115640212360156	115640190285730
115640305849480	115640320679323	115640305700052
115640307930677	115640329013125	115640307883334
115640399802448	115640412330677	115640399659948
115640402134740	115640420665052	115640402033125
115640407585052	115640429000364	115640407541042
115640509903073	115640520667760	115640509788646
115640625616771	115640637306927	115640625519167
115640672956406	115640687292031	115640636835469
115640750658177	115640762280052	115640750536823
115640797912344	115640812263906	115640756706875
115640847876250	115640862255573	115640840333386
115640952716771	115640970581041	115640952587292
115641006180104	115641020570625	115640956559323
115641056637813	115641070577187	115641056573854
115641182531563	115641195602292	115641182389479
115641185738021	115641203939583	115641185622917
115641279804844	115641295627759	115641279663073
115641282315937	115641303962968	115641282226771
115641398838281	115641412308073	115641398687552
115641408062187	115641420642083	115641407949844
115641486461042	115641512309114	115641486371250
115641500634739	115641520640832	115641500526614
115641623372083	115641637326822	115641623286198
115641631514583	115641645663333	115641631453854
115641739804948	115641754018541	115641739719114
115641741290416	115641762355259	115641741247656
115641848756823	115641862393125	115641848561927
115641965881927	115641979077759	115641965537708
115641998606146	115642012414947	115641998508229
115642008983698	115642020750312	115642008878073
115642015089166	115642029085260	115642015045052
115642032493489	115642045753750	115642032417343
115642039898646	115642054088280	115642039849062
115642057196458	115642070755052	115642057138073
115642077126406	115642095756041	115642077010937
115642084678229	115642104091614	115642084631718
115642090725521	115642112427916	115642090625625
115642119028489	115642137431145	115642118956979
115642133987396	115642145763802	115642133946041
115642151405989	115642162429947	115642151315989
115642176202604	115642187425416	115642176100520
115642186405364	115642204094895	115642186315260
115642190436875	115642212428697	115642190377604
115642220397812	115642237429322	115642220317135
115642232075625	115642245765416	115642232026458
115642290962812	115642304122343	115642290884427
115642298900989	115642312458385	115642298831614
115642389159531	115642404142135	115642389078385
115642390631875	115642412475832	115642390593802
115642505780416	115642520829947	115642505535989
115642508293125	115642529164843	115642508203281
115642607460208	115642620839426	115642607381249
115642617199583	115642629174530	115642617117083
115642735051614	115642745849218	115642734933749
115642737453072	115642754183436	115642737362135
115642740597031	115642762517239	115642740507447
115642839295624	115642854201770	115642838991666
115642889962760	115642904206093	115642841089791
115642939774791	115642954210051	115642893778801
115642989883020	115643004222759	115642949681093
115643039902968	115643054235937	115642993413072
115643089879114	115643104245468	115643065208020
115643174842708	115643187599270	115643174726458
115643223196406	115643237617291	115643181842343
115643275562030	115643287631457	115643275472551
115643323161562	115643337646874	115643290271510
115643408074166	115643421006562	115643407851718
115643416162968	115643429342759	115643416115728
115643512997551	115643529364374	115643512884999
115643515277135	115643537701978	115643515229166
115643632853124	115643646054477	115643632692082
115643641375416	115643654386665	115643641282655
115643746659582	115643762743697	115643746520416

=== poll 1790360160.178454271
8333333
115640509903073	115640520667760	115640509788646
115640625616771	115640637306927	115640625519167
115640672956406	115640687292031	115640636835469
115640750658177	115640762280052	115640750536823
115640797912344	115640812263906	115640756706875
115640847876250	115640862255573	115640840333386
115640952716771	115640970581041	115640952587292
115641006180104	115641020570625	115640956559323
115641056637813	115641070577187	115641056573854
115641182531563	115641195602292	115641182389479
115641185738021	115641203939583	115641185622917
115641279804844	115641295627759	115641279663073
115641282315937	115641303962968	115641282226771
115641398838281	115641412308073	115641398687552
115641408062187	115641420642083	115641407949844
115641486461042	115641512309114	115641486371250
115641500634739	115641520640832	115641500526614
115641623372083	115641637326822	115641623286198
115641631514583	115641645663333	115641631453854
115641739804948	115641754018541	115641739719114
115641741290416	115641762355259	115641741247656
115641848756823	115641862393125	115641848561927
115641965881927	115641979077759	115641965537708
115641998606146	115642012414947	115641998508229
115642008983698	115642020750312	115642008878073
115642015089166	115642029085260	115642015045052
115642032493489	115642045753750	115642032417343
115642039898646	115642054088280	115642039849062
115642057196458	115642070755052	115642057138073
115642077126406	115642095756041	115642077010937
115642084678229	115642104091614	115642084631718
115642090725521	115642112427916	115642090625625
115642119028489	115642137431145	115642118956979
115642133987396	115642145763802	115642133946041
115642151405989	115642162429947	115642151315989
115642176202604	115642187425416	115642176100520
115642186405364	115642204094895	115642186315260
115642190436875	115642212428697	115642190377604
115642220397812	115642237429322	115642220317135
115642232075625	115642245765416	115642232026458
115642290962812	115642304122343	115642290884427
115642298900989	115642312458385	115642298831614
115642389159531	115642404142135	115642389078385
115642390631875	115642412475832	115642390593802
115642505780416	115642520829947	115642505535989
115642508293125	115642529164843	115642508203281
115642607460208	115642620839426	115642607381249
115642617199583	115642629174530	115642617117083
115642735051614	115642745849218	115642734933749
115642737453072	115642754183436	115642737362135
115642740597031	115642762517239	115642740507447
115642839295624	115642854201770	115642838991666
115642889962760	115642904206093	115642841089791
115642939774791	115642954210051	115642893778801
115642989883020	115643004222759	115642949681093
115643039902968	115643054235937	115642993413072
115643089879114	115643104245468	115643065208020
115643174842708	115643187599270	115643174726458
115643223196406	115643237617291	115643181842343
115643275562030	115643287631457	115643275472551
115643323161562	115643337646874	115643290271510
115643408074166	115643421006562	115643407851718
115643416162968	115643429342759	115643416115728
115643512997551	115643529364374	115643512884999
115643515277135	115643537701978	115643515229166
115643632853124	115643646054477	115643632692082
115643641375416	115643654386665	115643641282655
115643746659582	115643762743697	115643746520416
115643866312551	115643879439739	115643866027343
115643868113124	115643887775103	115643868057343
115643952966301	115643971131717	115643952861301
115643957120676	115643979468019	115643957041614
115643965946718	115643987804894	115643965855989
115643998882916	115644012815103	115643998800051
115644025589270	115644037819218	115644025470259
115644033805624	115644046154426	115644033637551
115644041161561	115644054490676	115644041075572
115644067002186	115644079497186	115644066942916
115644076938228	115644087833384	115644076896093
115644086048072	115644104504270	115644086009739
115644090593541	115644112840363	115644090547291
115644108069478	115644121175728	115644107925468
115644135672082	115644154515259	115644135613541
115644151751249	115644162851092	115644151701718
115644157198541	115644171185728	115644157154113
115644184326041	115644196189634	115644184198176
115644194172499	115644212858228	115644194129634
115644201186822	115644221193019	115644201112655
115644207269166	115644229528280	115644207236249
115644216851613	115644237863748	115644216769634
115644315185416	115644329532707	115644315045572
115644317570936	115644337867655	115644317477968
115644423463332	115644437899685	115644423380051
115644425132811	115644446233801	115644425072915
115644530273697	115644546256405	115644530076145
115644637682707	115644654620415	115644637589217
115644749938905	115644762995415	115644749799947
115644752456509	115644771332967	115644752356978
115644757906457	115644779671248	115644757823697
115644866296769	115644879700832	115644865841978
115644983683697	115644996406612	115644983606665
115644992270207	115645004744164	115644992113488
115645084349894	115645096443852	115645084259478
115645090870415	115645104780363	115645090797342
115645190540988	115645204797082	115645190400936
115645296609894	115645313176092	115645296397394
115645299554061	115645321511196	115645299485936
115645408264113	115645421526456	115645408131873
115645410484373	115645429864009	115645410384269
115645416783905	115645438200883	115645416703748
115645514725832	115645529896352	115645514191300
115645517208332	115645538231196	115645517116925
115645632569946	115645646596821	115645632416509
115645642508436	115645654934060	115645642401873
115645739180363	115645754955050	115645739012967
115645848861561	115645863306561	115645848792967
115645850392134	115645871641457	115645850359842
115645966745363	115645979997914	115645966603488
115645999300988	115646013342497	115645999214269
115646016301404	115646030016925	115646016236404
115646024260571	115646038353279	115646024188227
115646041099894	115646055022758	115646040941977
115646071356092	115646088364789	115646071258175
115646074411717	115646096700883	115646074334269
115646091844165	115646105036873	115646091750675
115646108179790	115646121710362	115646108129477
115646124342394	9223372036854775807	115646124293904

=== poll 1790360162.439937030
8333333
115643039902968	115643054235937	115642993413072
115643089879114	115643104245468	115643065208020
115643174842708	115643187599270	115643174726458
115643223196406	115643237617291	115643181842343
115643275562030	115643287631457	115643275472551
115643323161562	115643337646874	115643290271510
115643408074166	115643421006562	115643407851718
115643416162968	115643429342759	115643416115728
115643512997551	115643529364374	115643512884999
115643515277135	115643537701978	115643515229166
115643632853124	115643646054477	115643632692082
115643641375416	115643654386665	115643641282655
115643746659582	115643762743697	115643746520416
115643866312551	115643879439739	115643866027343
115643868113124	115643887775103	115643868057343
115643952966301	115643971131717	115643952861301
115643957120676	115643979468019	115643957041614
115643965946718	115643987804894	115643965855989
115643998882916	115644012815103	115643998800051
115644025589270	115644037819218	115644025470259
115644033805624	115644046154426	115644033637551
115644041161561	115644054490676	115644041075572
115644067002186	115644079497186	115644066942916
115644076938228	115644087833384	115644076896093
115644086048072	115644104504270	115644086009739
115644090593541	115644112840363	115644090547291
115644108069478	115644121175728	115644107925468
115644135672082	115644154515259	115644135613541
115644151751249	115644162851092	115644151701718
115644157198541	115644171185728	115644157154113
115644184326041	115644196189634	115644184198176
115644194172499	115644212858228	115644194129634
115644201186822	115644221193019	115644201112655
115644207269166	115644229528280	115644207236249
115644216851613	115644237863748	115644216769634
115644315185416	115644329532707	115644315045572
115644317570936	115644337867655	115644317477968
115644423463332	115644437899685	115644423380051
115644425132811	115644446233801	115644425072915
115644530273697	115644546256405	115644530076145
115644637682707	115644654620415	115644637589217
115644749938905	115644762995415	115644749799947
115644752456509	115644771332967	115644752356978
115644757906457	115644779671248	115644757823697
115644866296769	115644879700832	115644865841978
115644983683697	115644996406612	115644983606665
115644992270207	115645004744164	115644992113488
115645084349894	115645096443852	115645084259478
115645090870415	115645104780363	115645090797342
115645190540988	115645204797082	115645190400936
115645296609894	115645313176092	115645296397394
115645299554061	115645321511196	115645299485936
115645408264113	115645421526456	115645408131873
115645410484373	115645429864009	115645410384269
115645416783905	115645438200883	115645416703748
115645514725832	115645529896352	115645514191300
115645517208332	115645538231196	115645517116925
115645632569946	115645646596821	115645632416509
115645642508436	115645654934060	115645642401873
115645739180363	115645754955050	115645739012967
115645848861561	115645863306561	115645848792967
115645850392134	115645871641457	115645850359842
115645966745363	115645979997914	115645966603488
115645999300988	115646013342497	115645999214269
115646016301404	115646030016925	115646016236404
115646024260571	115646038353279	115646024188227
115646041099894	115646055022758	115646040941977
115646071356092	115646088364789	115646071258175
115646074411717	115646096700883	115646074334269
115646091844165	115646105036873	115646091750675
115646108179790	115646121710362	115646108129477
115646124342394	115646138382758	115646124293904
115646141070363	115646155055884	115646141007602
115646157705988	115646171728070	115646157645779
115646193621300	115646205068643	115646193493696
115646203593540	115646221738435	115646203493123
115646208259165	115646230074164	115646208163436
115646216737759	115646238409737	115646216648019
115646275872915	115646288416404	115646275778852
115646291978592	115646305084112	115646291870415
115646299666196	115646313419373	115646299625415
115646387656040	115646405104946	115646387557550
115646391993383	115646413438070	115646391929686
115646399361248	115646421773591	115646399323383
115646513758800	115646530109685	115646513611717
115646601094946	115646613434997	115646601017602
115646616313800	115646630097028	115646616212081
115646732050623	115646746750362	115646731907863
115646741426925	115646755083070	115646741340206
115646841964060	115646855056508	115646841803123
115646948570571	115646963384893	115646948437394
115646951173435	115646971715987	115646951102706
115647051069842	115647063373435	115647050943123
115647057641456	115647071706455	115647057595883
115647173537237	115647188362758	115647173323696
115647280580779	115647296701820	115647280444894
115647282760050	115647305036821	115647282729269
115647399305050	115647413379841	115647399168591
115647505784685	115647521736299	115647505624321
115647625544425	115647638435622	115647625396195
115647729976352	115647746777289	115647729832706
115647851651977	115647871779111	115647851465102
115647956102706	115647971801611	115647955858279
115647958384737	115647980137653	115647958324997
115648000636820	115648013477705	115648000419320
115648007560206	115648021813487	115648007520102
115648034897550	115648046817914	115648034832914
115648044522550	115648055153746	115648044475310
115648049619060	115648063488070	115648049541560
115648058977341	115648071821403	115648058895935
115648069474216	115648088485987	115648069376872
115648074888695	115648096819008	115648074806143
115648101853799	115648113484528	115648101792445
115648107672393	115648121818695	115648107629997
115648135819112	115648146819685	115648135752758
115648150892393	115648163488070	115648150834581
115648160862862	115648171821039	115648160767133
115648166495779	115648180154529	115648166410049
115648175408487	115648188488122	115648175315414
115648205854581	115648221819268	115648205765622
115648225206560	115648238480309	115648225148487
115648242181560	115648255145466	115648242122706
115648252085674	115648263478226	115648252035466
115648261985466	115648280143590	115648261930154
115648266271195	115648288475778	115648266222393
115648378223956	115648396802497	115648378075258
115648380565154	115648405135778	115648380465049

=== poll 1790360164.707857030
8333333
115644752456509	115644771332967	115644752356978
115644757906457	115644779671248	115644757823697
115644866296769	115644879700832	115644865841978
115644983683697	115644996406612	115644983606665
115644992270207	115645004744164	115644992113488
115645084349894	115645096443852	115645084259478
115645090870415	115645104780363	115645090797342
115645190540988	115645204797082	115645190400936
115645296609894	115645313176092	115645296397394
115645299554061	115645321511196	115645299485936
115645408264113	115645421526456	115645408131873
115645410484373	115645429864009	115645410384269
115645416783905	115645438200883	115645416703748
115645514725832	115645529896352	115645514191300
115645517208332	115645538231196	115645517116925
115645632569946	115645646596821	115645632416509
115645642508436	115645654934060	115645642401873
115645739180363	115645754955050	115645739012967
115645848861561	115645863306561	115645848792967
115645850392134	115645871641457	115645850359842
115645966745363	115645979997914	115645966603488
115645999300988	115646013342497	115645999214269
115646016301404	115646030016925	115646016236404
115646024260571	115646038353279	115646024188227
115646041099894	115646055022758	115646040941977
115646071356092	115646088364789	115646071258175
115646074411717	115646096700883	115646074334269
115646091844165	115646105036873	115646091750675
115646108179790	115646121710362	115646108129477
115646124342394	115646138382758	115646124293904
115646141070363	115646155055884	115646141007602
115646157705988	115646171728070	115646157645779
115646193621300	115646205068643	115646193493696
115646203593540	115646221738435	115646203493123
115646208259165	115646230074164	115646208163436
115646216737759	115646238409737	115646216648019
115646275872915	115646288416404	115646275778852
115646291978592	115646305084112	115646291870415
115646299666196	115646313419373	115646299625415
115646387656040	115646405104946	115646387557550
115646391993383	115646413438070	115646391929686
115646399361248	115646421773591	115646399323383
115646513758800	115646530109685	115646513611717
115646601094946	115646613434997	115646601017602
115646616313800	115646630097028	115646616212081
115646732050623	115646746750362	115646731907863
115646741426925	115646755083070	115646741340206
115646841964060	115646855056508	115646841803123
115646948570571	115646963384893	115646948437394
115646951173435	115646971715987	115646951102706
115647051069842	115647063373435	115647050943123
115647057641456	115647071706455	115647057595883
115647173537237	115647188362758	115647173323696
115647280580779	115647296701820	115647280444894
115647282760050	115647305036821	115647282729269
115647399305050	115647413379841	115647399168591
115647505784685	115647521736299	115647505624321
115647625544425	115647638435622	115647625396195
115647729976352	115647746777289	115647729832706
115647851651977	115647871779111	115647851465102
115647956102706	115647971801611	115647955858279
115647958384737	115647980137653	115647958324997
115648000636820	115648013477705	115648000419320
115648007560206	115648021813487	115648007520102
115648034897550	115648046817914	115648034832914
115648044522550	115648055153746	115648044475310
115648049619060	115648063488070	115648049541560
115648058977341	115648071821403	115648058895935
115648069474216	115648088485987	115648069376872
115648074888695	115648096819008	115648074806143
115648101853799	115648113484528	115648101792445
115648107672393	115648121818695	115648107629997
115648135819112	115648146819685	115648135752758
115648150892393	115648163488070	115648150834581
115648160862862	115648171821039	115648160767133
115648166495779	115648180154529	115648166410049
115648175408487	115648188488122	115648175315414
115648205854581	115648221819268	115648205765622
115648225206560	115648238480309	115648225148487
115648242181560	115648255145466	115648242122706
115648252085674	115648263478226	115648252035466
115648261985466	115648280143590	115648261930154
115648266271195	115648288475778	115648266222393
115648378223956	115648396802497	115648378075258
115648380565154	115648405135778	115648380465049
115648507103956	115648521798955	115648506979945
115648508712133	115648530132184	115648508658435
115648591304528	115648613452236	115648591227549
115648706122862	115648721749684	115648705943903
115648740773122	115648755075726	115648708901872
115648808037185	115648830080518	115648807868955
115648923707549	115648938416247	115648923546195
115648957397341	115648971753538	115648925619841
115649032748643	115649046766663	115649032674789
115649147115570	115649163437340	115649146964997
115649255365257	115649271795621	115649255293799
115649257310414	115649280129631	115649257283591
115649365102184	115649380142601	115649364990934
115649479696559	115649496792288	115649479538070
115649482711143	115649505127757	115649482633747
115649598456611	115649613485673	115649598336143
115649707386455	115649721863278	115649707195309
115649816484684	115649830206871	115649815828382
115649933196768	115649946877861	115649933003590
115650040139320	115650055220153	115650039976038
115650041982392	115650063556142	115650041943486
115650067817340	115650080225986	115650067705934
115650074758955	115650088559684	115650074676090
115650083143903	115650096895152	115650083065309
115650110547132	115650121903694	115650110474945
115650125846351	115650138575777	115650125736090
115650135573590	115650146911455	115650135504267
115650146857445	115650163580153	115650146767861
115650150148122	115650171914892	115650150063174
115650179034476	115650196919111	115650178969163
115650195618434	115650213587652	115650195562236
115650212701767	115650230256662	115650212641351
115650237482965	115650255260830	115650237431038
115650241843538	115650263595830	115650241757444
115650250234267	115650271930412	115650250136872
115650366404997	115650380260569	115650366259007
115650369194163	115650388595986	115650369121507
115650458757601	115650471945830	115650458658017
115650490915465	115650505280882	115650460363382
115650524249996	115650538620881	115650493836559
115650569488538	115650588625413	115650569195778
115650599173851	115650613624684	115650575144684

=== poll 1790360166.986969425
8333333
115646399361248	115646421773591	115646399323383
115646513758800	115646530109685	115646513611717
115646601094946	115646613434997	115646601017602
115646616313800	115646630097028	115646616212081
115646732050623	115646746750362	115646731907863
115646741426925	115646755083070	115646741340206
115646841964060	115646855056508	115646841803123
115646948570571	115646963384893	115646948437394
115646951173435	115646971715987	115646951102706
115647051069842	115647063373435	115647050943123
115647057641456	115647071706455	115647057595883
115647173537237	115647188362758	115647173323696
115647280580779	115647296701820	115647280444894
115647282760050	115647305036821	115647282729269
115647399305050	115647413379841	115647399168591
115647505784685	115647521736299	115647505624321
115647625544425	115647638435622	115647625396195
115647729976352	115647746777289	115647729832706
115647851651977	115647871779111	115647851465102
115647956102706	115647971801611	115647955858279
115647958384737	115647980137653	115647958324997
115648000636820	115648013477705	115648000419320
115648007560206	115648021813487	115648007520102
115648034897550	115648046817914	115648034832914
115648044522550	115648055153746	115648044475310
115648049619060	115648063488070	115648049541560
115648058977341	115648071821403	115648058895935
115648069474216	115648088485987	115648069376872
115648074888695	115648096819008	115648074806143
115648101853799	115648113484528	115648101792445
115648107672393	115648121818695	115648107629997
115648135819112	115648146819685	115648135752758
115648150892393	115648163488070	115648150834581
115648160862862	115648171821039	115648160767133
115648166495779	115648180154529	115648166410049
115648175408487	115648188488122	115648175315414
115648205854581	115648221819268	115648205765622
115648225206560	115648238480309	115648225148487
115648242181560	115648255145466	115648242122706
115648252085674	115648263478226	115648252035466
115648261985466	115648280143590	115648261930154
115648266271195	115648288475778	115648266222393
115648378223956	115648396802497	115648378075258
115648380565154	115648405135778	115648380465049
115648507103956	115648521798955	115648506979945
115648508712133	115648530132184	115648508658435
115648591304528	115648613452236	115648591227549
115648706122862	115648721749684	115648705943903
115648740773122	115648755075726	115648708901872
115648808037185	115648830080518	115648807868955
115648923707549	115648938416247	115648923546195
115648957397341	115648971753538	115648925619841
115649032748643	115649046766663	115649032674789
115649147115570	115649163437340	115649146964997
115649255365257	115649271795621	115649255293799
115649257310414	115649280129631	115649257283591
115649365102184	115649380142601	115649364990934
115649479696559	115649496792288	115649479538070
115649482711143	115649505127757	115649482633747
115649598456611	115649613485673	115649598336143
115649707386455	115649721863278	115649707195309
115649816484684	115649830206871	115649815828382
115649933196768	115649946877861	115649933003590
115650040139320	115650055220153	115650039976038
115650041982392	115650063556142	115650041943486
115650067817340	115650080225986	115650067705934
115650074758955	115650088559684	115650074676090
115650083143903	115650096895152	115650083065309
115650110547132	115650121903694	115650110474945
115650125846351	115650138575777	115650125736090
115650135573590	115650146911455	115650135504267
115650146857445	115650163580153	115650146767861
115650150148122	115650171914892	115650150063174
115650179034476	115650196919111	115650178969163
115650195618434	115650213587652	115650195562236
115650212701767	115650230256662	115650212641351
115650237482965	115650255260830	115650237431038
115650241843538	115650263595830	115650241757444
115650250234267	115650271930412	115650250136872
115650366404997	115650380260569	115650366259007
115650369194163	115650388595986	115650369121507
115650458757601	115650471945830	115650458658017
115650490915465	115650505280882	115650460363382
115650524249996	115650538620881	115650493836559
115650569488538	115650588625413	115650569195778
115650599173851	115650613624684	115650575144684
115650677198486	115650688618902	115650677118017
115650707602601	115650721949892	115650683310361
115650815012601	115650830290517	115650814893903
115650903744163	115650921959267	115650903634111
115650940928798	115650955293538	115650907776871
115651008018017	115651021962392	115651007933590
115651124603486	115651138622079	115651124488902
115651133428173	115651146954579	115651133318277
115651242727705	115651255287548	115651242542027
115651343677027	115651355319371	115651343573850
115651345471454	115651363657704	115651345407288
115651350562444	115651371995048	115651350502340
115651448156715	115651463689787	115651448068538
115651451847444	115651472025204	115651451797913
115651457864944	115651480361558	115651457820361
115651565484892	115651580383017	115651565372809
115651567160621	115651588719422	115651567095413
115651575347600	115651597054631	115651575273850
115651691885048	115651705419839	115651691631767
115651797410829	115651813769058	115651797310465
115651919225517	115651938788120	115651919036298
115651993219579	115652013806245	115651993134996
115652041092704	115652055476349	115651999730933
115652091033381	115652105479370	115652043466715
115652141094788	115652155492235	115652093047079
115652191054631	115652205502704	115652143375725
115652241124423	115652255506350	115652192613694
115652291142704	115652305514006	115652243758121
115652325832183	115652338849318	115652325754840
115652335815621	115652347183954	115652335728433
115652341696767	115652355517652	115652341644319
115652449287444	115652463850255	115652449153902
115652451808589	115652472181766	115652451718746
115652564486767	115652580511714	115652564337704
115652567061767	115652588846871	115652566967808
115652677619319	115652688865984	115652677493954
115652679525933	115652697200933	115652679436871
115652684148173	115652705535672	115652684059319
115652801139839	115652813877964	115652801005152
115652809493173	115652822212756	115652809405412
115652933380881	115652947216454	115652933265516

=== poll 1790360169.250100934
8333333
115648261985466	115648280143590	115648261930154
115648266271195	115648288475778	115648266222393
115648378223956	115648396802497	115648378075258
115648380565154	115648405135778	115648380465049
115648507103956	115648521798955	115648506979945
115648508712133	115648530132184	115648508658435
115648591304528	115648613452236	115648591227549
115648706122862	115648721749684	115648705943903
115648740773122	115648755075726	115648708901872
115648808037185	115648830080518	115648807868955
115648923707549	115648938416247	115648923546195
115648957397341	115648971753538	115648925619841
115649032748643	115649046766663	115649032674789
115649147115570	115649163437340	115649146964997
115649255365257	115649271795621	115649255293799
115649257310414	115649280129631	115649257283591
115649365102184	115649380142601	115649364990934
115649479696559	115649496792288	115649479538070
115649482711143	115649505127757	115649482633747
115649598456611	115649613485673	115649598336143
115649707386455	115649721863278	115649707195309
115649816484684	115649830206871	115649815828382
115649933196768	115649946877861	115649933003590
115650040139320	115650055220153	115650039976038
115650041982392	115650063556142	115650041943486
115650067817340	115650080225986	115650067705934
115650074758955	115650088559684	115650074676090
115650083143903	115650096895152	115650083065309
115650110547132	115650121903694	115650110474945
115650125846351	115650138575777	115650125736090
115650135573590	115650146911455	115650135504267
115650146857445	115650163580153	115650146767861
115650150148122	115650171914892	115650150063174
115650179034476	115650196919111	115650178969163
115650195618434	115650213587652	115650195562236
115650212701767	115650230256662	115650212641351
115650237482965	115650255260830	115650237431038
115650241843538	115650263595830	115650241757444
115650250234267	115650271930412	115650250136872
115650366404997	115650380260569	115650366259007
115650369194163	115650388595986	115650369121507
115650458757601	115650471945830	115650458658017
115650490915465	115650505280882	115650460363382
115650524249996	115650538620881	115650493836559
115650569488538	115650588625413	115650569195778
115650599173851	115650613624684	115650575144684
115650677198486	115650688618902	115650677118017
115650707602601	115650721949892	115650683310361
115650815012601	115650830290517	115650814893903
115650903744163	115650921959267	115650903634111
115650940928798	115650955293538	115650907776871
115651008018017	115651021962392	115651007933590
115651124603486	115651138622079	115651124488902
115651133428173	115651146954579	115651133318277
115651242727705	115651255287548	115651242542027
115651343677027	115651355319371	115651343573850
115651345471454	115651363657704	115651345407288
115651350562444	115651371995048	115651350502340
115651448156715	115651463689787	115651448068538
115651451847444	115651472025204	115651451797913
115651457864944	115651480361558	115651457820361
115651565484892	115651580383017	115651565372809
115651567160621	115651588719422	115651567095413
115651575347600	115651597054631	115651575273850
115651691885048	115651705419839	115651691631767
115651797410829	115651813769058	115651797310465
115651919225517	115651938788120	115651919036298
115651993219579	115652013806245	115651993134996
115652041092704	115652055476349	115651999730933
115652091033381	115652105479370	115652043466715
115652141094788	115652155492235	115652093047079
115652191054631	115652205502704	115652143375725
115652241124423	115652255506350	115652192613694
115652291142704	115652305514006	115652243758121
115652325832183	115652338849318	115652325754840
115652335815621	115652347183954	115652335728433
115652341696767	115652355517652	115652341644319
115652449287444	115652463850255	115652449153902
115652451808589	115652472181766	115652451718746
115652564486767	115652580511714	115652564337704
115652567061767	115652588846871	115652566967808
115652677619319	115652688865984	115652677493954
115652679525933	115652697200933	115652679436871
115652684148173	115652705535672	115652684059319
115652801139839	115652813877964	115652801005152
115652809493173	115652822212756	115652809405412
115652933380881	115652947216454	115652933265516
115652982855985	115652997211297	115652934846402
115653043301610	115653055555672	115653043209839
115653091140256	115653105559943	115653049780933
115653141134527	115653155567651	115653125248068
115653241014266	115653255575359	115653240887495
115653291209162	115653305591610	115653242902443
115653358899943	115653372262078	115653358764422
115653469389839	115653480585881	115653469294579
115653571478329	115653588911974	115653571361193
115653686014579	115653697243432	115653685939058
115653694581141	115653705576974	115653694514006
115653785515672	115653797249422	115653785441714
115653794535672	115653805584474	115653794456401
115653900498797	115653913940151	115653900420099
115654014457547	115654030647026	115654014375151
115654016230828	115654038981974	115654016138537
115654044707235	115654055651349	115654044609787
115654050405828	115654063985724	115654050311245
115654067779370	115654080655671	115654067693381
115654116278276	115654130666506	115654094418797
115654166220985	115654180667026	115654118711193
115654216245151	115654230672703	115654168101974
115654267133901	115654280682443	115654217991505
115654316277183	115654330696557	115654269721505
115654366266714	115654380709630	115654329420308
115654416295203	115654430722182	115654368572599
115654466389839	115654480739734	115654428597599
115654516400307	115654530752442	115654469405932
115654566330568	115654580771401	115654550209526
115654659939057	115654672461714	115654659855516
115654661389839	115654680796817	115654661353693
115654675192287	115654689131505	115654675126505
115654768456089	115654780831869	115654768361557
115654774820724	115654789169473	115654774782026
115654893071974	115654905859682	115654892918745
115654895788328	115654914194370	115654895713901
115654900893641	115654922530306	115654900799474
115655019838016	115655030871452	115655019683172
115655116064838	115655130903380	115655115970047
115655125391661	115655139238171	115655125331922

=== poll 1790360171.527092808
8333333
115650707602601	115650721949892	115650683310361
115650815012601	115650830290517	115650814893903
115650903744163	115650921959267	115650903634111
115650940928798	115650955293538	115650907776871
115651008018017	115651021962392	115651007933590
115651124603486	115651138622079	115651124488902
115651133428173	115651146954579	115651133318277
115651242727705	115651255287548	115651242542027
115651343677027	115651355319371	115651343573850
115651345471454	115651363657704	115651345407288
115651350562444	115651371995048	115651350502340
115651448156715	115651463689787	115651448068538
115651451847444	115651472025204	115651451797913
115651457864944	115651480361558	115651457820361
115651565484892	115651580383017	115651565372809
115651567160621	115651588719422	115651567095413
115651575347600	115651597054631	115651575273850
115651691885048	115651705419839	115651691631767
115651797410829	115651813769058	115651797310465
115651919225517	115651938788120	115651919036298
115651993219579	115652013806245	115651993134996
115652041092704	115652055476349	115651999730933
115652091033381	115652105479370	115652043466715
115652141094788	115652155492235	115652093047079
115652191054631	115652205502704	115652143375725
115652241124423	115652255506350	115652192613694
115652291142704	115652305514006	115652243758121
115652325832183	115652338849318	115652325754840
115652335815621	115652347183954	115652335728433
115652341696767	115652355517652	115652341644319
115652449287444	115652463850255	115652449153902
115652451808589	115652472181766	115652451718746
115652564486767	115652580511714	115652564337704
115652567061767	115652588846871	115652566967808
115652677619319	115652688865984	115652677493954
115652679525933	115652697200933	115652679436871
115652684148173	115652705535672	115652684059319
115652801139839	115652813877964	115652801005152
115652809493173	115652822212756	115652809405412
115652933380881	115652947216454	115652933265516
115652982855985	115652997211297	115652934846402
115653043301610	115653055555672	115653043209839
115653091140256	115653105559943	115653049780933
115653141134527	115653155567651	115653125248068
115653241014266	115653255575359	115653240887495
115653291209162	115653305591610	115653242902443
115653358899943	115653372262078	115653358764422
115653469389839	115653480585881	115653469294579
115653571478329	115653588911974	115653571361193
115653686014579	115653697243432	115653685939058
115653694581141	115653705576974	115653694514006
115653785515672	115653797249422	115653785441714
115653794535672	115653805584474	115653794456401
115653900498797	115653913940151	115653900420099
115654014457547	115654030647026	115654014375151
115654016230828	115654038981974	115654016138537
115654044707235	115654055651349	115654044609787
115654050405828	115654063985724	115654050311245
115654067779370	115654080655671	115654067693381
115654116278276	115654130666506	115654094418797
115654166220985	115654180667026	115654118711193
115654216245151	115654230672703	115654168101974
115654267133901	115654280682443	115654217991505
115654316277183	115654330696557	115654269721505
115654366266714	115654380709630	115654329420308
115654416295203	115654430722182	115654368572599
115654466389839	115654480739734	115654428597599
115654516400307	115654530752442	115654469405932
115654566330568	115654580771401	115654550209526
115654659939057	115654672461714	115654659855516
115654661389839	115654680796817	115654661353693
115654675192287	115654689131505	115654675126505
115654768456089	115654780831869	115654768361557
115654774820724	115654789169473	115654774782026
115654893071974	115654905859682	115654892918745
115654895788328	115654914194370	115654895713901
115654900893641	115654922530306	115654900799474
115655019838016	115655030871452	115655019683172
115655116064838	115655130903380	115655115970047
115655125391661	115655139238171	115655125331922
115655242852859	115655255925463	115655242759682
115655360176193	115655372609682	115655360056088
115655366774370	115655380943223	115655366701036
115655425847078	115655439274473	115655425727651
115655433575151	115655447609942	115655433531036
115655549625932	115655564247130	115655549496870
115655668077078	115655680868015	115655667836245
115655774241609	115655789194785	115655773735776
115655877235411	115655889194525	115655877114526
115655879050880	115655897531609	115655878975932
115655884298744	115655905868848	115655884208015
115655982244421	115655997556400	115655982058015
115655984344734	115656005888744	115655984305515
115655993821557	115656014223119	115655993757442
115656000275567	115656022557494	115656000217234
115656021322703	115656039226661	115656021272182
115656035078536	115656047562338	115656034972703
115656042249474	115656055899161	115656042163484
115656058974265	115656072566348	115656058928744
115656083745463	115656097566660	115656083673901
115656092887286	115656105901192	115656092831765
115656103296765	115656114235828	115656103196244
115656108844942	115656122568744	115656108765880
115656125454265	115656139237077	115656125402182
115656141954109	115656155901765	115656141904838
115656170162286	115656180904004	115656170092390
115656186604942	115656197572598	115656186531609
115656211705411	115656230911973	115656211586765
115656217089317	115656239245619	115656217014942
115656317688953	115656330916973	115656317608276
115656319120151	115656339252025	115656319085984
115656325855046	115656347587234	115656325774786
115656427239525	115656439248223	115656427173015
115656434709942	115656447582233	115656434549786
115656528157703	115656539262025	115656527821661
115656535948067	115656547597441	115656535868900
115656644241140	115656655979785	115656644184838
115656759152338	115656772664525	115656759079161
115656859318692	115656872662494	115656859228432
115656867274265	115656880997597	115656867216609
115656981668015	115656997675410	115656981555775
115657084897286	115657097679160	115657084795359
115657086447338	115657106014421	115657086411556
115657100473171	115657114349785	115657100409265
115657218775619	115657231024525	115657218654994
115657317599265	115657331003222	115657317498640
115657467819681	9223372036854775807	115657467700098

=== poll 1790360173.801460724
8333333
115653694581141	115653705576974	115653694514006
115653785515672	115653797249422	115653785441714
115653794535672	115653805584474	115653794456401
115653900498797	115653913940151	115653900420099
115654014457547	115654030647026	115654014375151
115654016230828	115654038981974	115654016138537
115654044707235	115654055651349	115654044609787
115654050405828	115654063985724	115654050311245
115654067779370	115654080655671	115654067693381
115654116278276	115654130666506	115654094418797
115654166220985	115654180667026	115654118711193
115654216245151	115654230672703	115654168101974
115654267133901	115654280682443	115654217991505
115654316277183	115654330696557	115654269721505
115654366266714	115654380709630	115654329420308
115654416295203	115654430722182	115654368572599
115654466389839	115654480739734	115654428597599
115654516400307	115654530752442	115654469405932
115654566330568	115654580771401	115654550209526
115654659939057	115654672461714	115654659855516
115654661389839	115654680796817	115654661353693
115654675192287	115654689131505	115654675126505
115654768456089	115654780831869	115654768361557
115654774820724	115654789169473	115654774782026
115654893071974	115654905859682	115654892918745
115654895788328	115654914194370	115654895713901
115654900893641	115654922530306	115654900799474
115655019838016	115655030871452	115655019683172
115655116064838	115655130903380	115655115970047
115655125391661	115655139238171	115655125331922
115655242852859	115655255925463	115655242759682
115655360176193	115655372609682	115655360056088
115655366774370	115655380943223	115655366701036
115655425847078	115655439274473	115655425727651
115655433575151	115655447609942	115655433531036
115655549625932	115655564247130	115655549496870
115655668077078	115655680868015	115655667836245
115655774241609	115655789194785	115655773735776
115655877235411	115655889194525	115655877114526
115655879050880	115655897531609	115655878975932
115655884298744	115655905868848	115655884208015
115655982244421	115655997556400	115655982058015
115655984344734	115656005888744	115655984305515
115655993821557	115656014223119	115655993757442
115656000275567	115656022557494	115656000217234
115656021322703	115656039226661	115656021272182
115656035078536	115656047562338	115656034972703
115656042249474	115656055899161	115656042163484
115656058974265	115656072566348	115656058928744
115656083745463	115656097566660	115656083673901
115656092887286	115656105901192	115656092831765
115656103296765	115656114235828	115656103196244
115656108844942	115656122568744	115656108765880
115656125454265	115656139237077	115656125402182
115656141954109	115656155901765	115656141904838
115656170162286	115656180904004	115656170092390
115656186604942	115656197572598	115656186531609
115656211705411	115656230911973	115656211586765
115656217089317	115656239245619	115656217014942
115656317688953	115656330916973	115656317608276
115656319120151	115656339252025	115656319085984
115656325855046	115656347587234	115656325774786
115656427239525	115656439248223	115656427173015
115656434709942	115656447582233	115656434549786
115656528157703	115656539262025	115656527821661
115656535948067	115656547597441	115656535868900
115656644241140	115656655979785	115656644184838
115656759152338	115656772664525	115656759079161
115656859318692	115656872662494	115656859228432
115656867274265	115656880997597	115656867216609
115656981668015	115656997675410	115656981555775
115657084897286	115657097679160	115657084795359
115657086447338	115657106014421	115657086411556
115657100473171	115657114349785	115657100409265
115657218775619	115657231024525	115657218654994
115657317599265	115657331003222	115657317498640
115657467819681	115657480981660	115657467700098
115657569826504	115657580955774	115657569720931
115657575022910	115657589287389	115657574978327
115657666548483	115657680925409	115657666397025
115657668634369	115657689255202	115657668591817
115657766351608	115657780889264	115657766194004
115657768705098	115657789220826	115657768599942
115657776917025	115657797550045	115657776848900
115657885394629	115657897521399	115657885180567
115657989118639	115658005852858	115657989019264
115657995038275	115658014187545	115657994982858
115658000217233	115658022523014	115658000178171
115658016878900	115658030856347	115658016806921
115658026722337	115658039190097	115658026617442
115658036626869	115658047522233	115658036539108
115658042053171	115658055854733	115658041985567
115658058968587	115658072523483	115658058905358
115658084288483	115658097520566	115658084228692
115658091689889	115658105853014	115658091645827
115658101507129	115658114185671	115658101413692
115658108865931	115658122518223	115658108788483
115658125836139	115658139185982	115658125728587
115658141835879	115658155854472	115658141778900
115658158608223	115658172519316	115658158562389
115658180337494	115658197513535	115658180278014
115658183408275	115658205845149	115658183387494
115658193026348	115658214178118	115658192991660
115658201719316	115658222509420	115658201650879
115658209269160	115658230840357	115658209174264
115658241443587	115658255832650	115658234484108
115658309277285	115658330835358	115658309201400
115658319446296	115658339169524	115658319368639
115658325453223	115658347504472	115658325414525
115658419374577	115658430842337	115658419263014
115658421740879	115658439177337	115658421662650
115658434890566	115658447512597	115658434537910
115658534170358	115658547520982	115658534024941
115658536738848	115658555854628	115658536639681
115658653455462	115658672517389	115658653308223
115658768521712	115658780812805	115658768359368
115658775856764	115658789143691	115658775809681
115658868506660	115658880781711	115658868425462
115658876553743	115658889113378	115658876472754
115658982516139	115658997440409	115658982376556
115659097774837	115659114086451	115659097639733
115659207264004	115659222415305	115659207117076
115659316398170	115659330759733	115659316226451
115659325925826	115659339094003	115659325811035
115659432720358	115659447434889	115659432630097
115659539484108	115659555744367	115659539321972
115659658156087	115659672370461	115659657950930

=== poll 1790360176.082582077
8333333
115656211705411	115656230911973	115656211586765
115656217089317	115656239245619	115656217014942
115656317688953	115656330916973	115656317608276
115656319120151	115656339252025	115656319085984
115656325855046	115656347587234	115656325774786
115656427239525	115656439248223	115656427173015
115656434709942	115656447582233	115656434549786
115656528157703	115656539262025	115656527821661
115656535948067	115656547597441	115656535868900
115656644241140	115656655979785	115656644184838
115656759152338	115656772664525	115656759079161
115656859318692	115656872662494	115656859228432
115656867274265	115656880997597	115656867216609
115656981668015	115656997675410	115656981555775
115657084897286	115657097679160	115657084795359
115657086447338	115657106014421	115657086411556
115657100473171	115657114349785	115657100409265
115657218775619	115657231024525	115657218654994
115657317599265	115657331003222	115657317498640
115657467819681	115657480981660	115657467700098
115657569826504	115657580955774	115657569720931
115657575022910	115657589287389	115657574978327
115657666548483	115657680925409	115657666397025
115657668634369	115657689255202	115657668591817
115657766351608	115657780889264	115657766194004
115657768705098	115657789220826	115657768599942
115657776917025	115657797550045	115657776848900
115657885394629	115657897521399	115657885180567
115657989118639	115658005852858	115657989019264
115657995038275	115658014187545	115657994982858
115658000217233	115658022523014	115658000178171
115658016878900	115658030856347	115658016806921
115658026722337	115658039190097	115658026617442
115658036626869	115658047522233	115658036539108
115658042053171	115658055854733	115658041985567
115658058968587	115658072523483	115658058905358
115658084288483	115658097520566	115658084228692
115658091689889	115658105853014	115658091645827
115658101507129	115658114185671	115658101413692
115658108865931	115658122518223	115658108788483
115658125836139	115658139185982	115658125728587
115658141835879	115658155854472	115658141778900
115658158608223	115658172519316	115658158562389
115658180337494	115658197513535	115658180278014
115658183408275	115658205845149	115658183387494
115658193026348	115658214178118	115658192991660
115658201719316	115658222509420	115658201650879
115658209269160	115658230840357	115658209174264
115658241443587	115658255832650	115658234484108
115658309277285	115658330835358	115658309201400
115658319446296	115658339169524	115658319368639
115658325453223	115658347504472	115658325414525
115658419374577	115658430842337	115658419263014
115658421740879	115658439177337	115658421662650
115658434890566	115658447512597	115658434537910
115658534170358	115658547520982	115658534024941
115658536738848	115658555854628	115658536639681
115658653455462	115658672517389	115658653308223
115658768521712	115658780812805	115658768359368
115658775856764	115658789143691	115658775809681
115658868506660	115658880781711	115658868425462
115658876553743	115658889113378	115658876472754
115658982516139	115658997440409	115658982376556
115659097774837	115659114086451	115659097639733
115659207264004	115659222415305	115659207117076
115659316398170	115659330759733	115659316226451
115659325925826	115659339094003	115659325811035
115659432720358	115659447434889	115659432630097
115659539484108	115659555744367	115659539321972
115659658156087	115659672370461	115659657950930
115659776546920	115659789003274	115659776438066
115659778101139	115659797333482	115659778035514
115659872262024	115659888980826	115659872097910
115659876669212	115659897314576	115659876580878
115659883829316	115659905647440	115659883795305
115659976625357	115659988968847	115659976451347
115659985652024	115659997299628	115659985596451
115659999950670	115660013963117	115659999871607
115660021484316	115660038958273	115660021410097
115660025955410	115660047288846	115660025890514
115660035580514	115660055619263	115660035542493
115660042278899	115660063949888	115660042191920
115660058485514	115660072280773	115660058438222
115660085032128	115660097270618	115660084912493
115660092995722	115660105601086	115660092897024
115660101777180	115660113932179	115660101687962
115660108742128	115660122263221	115660108659889
115660135730097	115660147257857	115660135672024
115660141805930	115660155589471	115660141752493
115660158237545	115660172250722	115660158199003
115660184260670	115660197246711	115660184197857
115660196219472	115660213911398	115660196086555
115660209149212	115660222244055	115660209073951
115660218183534	115660230575670	115660218102128
115660332367909	115660347232753	115660332198743
115660431361972	115660447238690	115660431243847
115660433640097	115660455572388	115660433547180
115660532628638	115660547241347	115660532455461
115660542743170	115660555573846	115660542677024
115660639361555	115660655554888	115660639248170
115660641836555	115660663889002	115660641764732
115660748263065	115660763870304	115660748119836
115660750332961	115660772204002	115660750271920
115660870839940	115660888870929	115660870628690
115660977159472	115660988891399	115660976999680
115661082215617	115661097261659	115661082067232
115661084271659	115661105597596	115661084182701
115661092731347	115661113934263	115661092645201
115661197411190	115661213960825	115661197294211
115661301665097	115661313984732	115661301586190
115661303212492	115661322318429	115661303167076
115661308078586	115661330652700	115661308034628
115661422974471	115661439007128	115661422892180
115661424676086	115661447341189	115661424610565
115661540487753	115661555680930	115661540385669
115661541932649	115661564016554	115661541904836
115661643441086	115661655707440	115661643299523
115661651011242	115661664044367	115661650878898
115661765552440	115661780749054	115661765035826
115661867904784	115661880762908	115661867808898
115661869581763	115661889097960	115661869519628
115661883652075	115661897432335	115661883590669
115662006032544	115662022431242	115662005946190
115662008624003	115662030767180	115662008586190
115662018626086	115662039101710	115662018541971
115662036309575	115662047437075	115662036246190
115662044540877	9223372036854775807	115662044492180

=== poll 1790360178.355417233
8333333
115658536738848	115658555854628	115658536639681
115658653455462	115658672517389	115658653308223
115658768521712	115658780812805	115658768359368
115658775856764	115658789143691	115658775809681
115658868506660	115658880781711	115658868425462
115658876553743	115658889113378	115658876472754
115658982516139	115658997440409	115658982376556
115659097774837	115659114086451	115659097639733
115659207264004	115659222415305	115659207117076
115659316398170	115659330759733	115659316226451
115659325925826	115659339094003	115659325811035
115659432720358	115659447434889	115659432630097
115659539484108	115659555744367	115659539321972
115659658156087	115659672370461	115659657950930
115659776546920	115659789003274	115659776438066
115659778101139	115659797333482	115659778035514
115659872262024	115659888980826	115659872097910
115659876669212	115659897314576	115659876580878
115659883829316	115659905647440	115659883795305
115659976625357	115659988968847	115659976451347
115659985652024	115659997299628	115659985596451
115659999950670	115660013963117	115659999871607
115660021484316	115660038958273	115660021410097
115660025955410	115660047288846	115660025890514
115660035580514	115660055619263	115660035542493
115660042278899	115660063949888	115660042191920
115660058485514	115660072280773	115660058438222
115660085032128	115660097270618	115660084912493
115660092995722	115660105601086	115660092897024
115660101777180	115660113932179	115660101687962
115660108742128	115660122263221	115660108659889
115660135730097	115660147257857	115660135672024
115660141805930	115660155589471	115660141752493
115660158237545	115660172250722	115660158199003
115660184260670	115660197246711	115660184197857
115660196219472	115660213911398	115660196086555
115660209149212	115660222244055	115660209073951
115660218183534	115660230575670	115660218102128
115660332367909	115660347232753	115660332198743
115660431361972	115660447238690	115660431243847
115660433640097	115660455572388	115660433547180
115660532628638	115660547241347	115660532455461
115660542743170	115660555573846	115660542677024
115660639361555	115660655554888	115660639248170
115660641836555	115660663889002	115660641764732
115660748263065	115660763870304	115660748119836
115660750332961	115660772204002	115660750271920
115660870839940	115660888870929	115660870628690
115660977159472	115660988891399	115660976999680
115661082215617	115661097261659	115661082067232
115661084271659	115661105597596	115661084182701
115661092731347	115661113934263	115661092645201
115661197411190	115661213960825	115661197294211
115661301665097	115661313984732	115661301586190
115661303212492	115661322318429	115661303167076
115661308078586	115661330652700	115661308034628
115661422974471	115661439007128	115661422892180
115661424676086	115661447341189	115661424610565
115661540487753	115661555680930	115661540385669
115661541932649	115661564016554	115661541904836
115661643441086	115661655707440	115661643299523
115661651011242	115661664044367	115661650878898
115661765552440	115661780749054	115661765035826
115661867904784	115661880762908	115661867808898
115661869581763	115661889097960	115661869519628
115661883652075	115661897432335	115661883590669
115662006032544	115662022431242	115662005946190
115662008624003	115662030767180	115662008586190
115662018626086	115662039101710	115662018541971
115662036309575	115662047437075	115662036246190
115662044540877	115662055771502	115662044492180
115662050124002	115662064106867	115662050071867
115662066930252	115662080777022	115662066831294
115662091759523	115662105774627	115662091681034
115662100494940	115662114106814	115662100392023
115662117594627	115662130768013	115662117491555
115662133539367	115662147432283	115662133481346
115662150070982	115662164098013	115662150017596
115662177993950	115662189102127	115662177855773
115662193076242	115662205772961	115662192984315
115662203454732	115662222443169	115662203353690
115662213359367	115662230779314	115662213262284
115662217684523	115662239114366	115662217596450
115662242731034	115662255780304	115662242662700
115662319008794	115662339114835	115662318893169
115662328205721	115662347451241	115662328113221
115662333761086	115662355787804	115662333697961
115662433367752	115662447454106	115662433193898
115662541516086	115662555793742	115662541400252
115662549959992	115662564127388	115662549899002
115662643357023	115662655807908	115662643210252
115662650603221	115662664143012	115662650502075
115662774766815	115662789159522	115662774625096
115662874044731	115662889191918	115662873948065
115662875659679	115662897528741	115662875597648
115662993432388	115663014212023	115662993208325
115663094796815	115663105887491	115663094348325
115663100763846	115663114223846	115663100716242
115663216555773	115663230889730	115663216398742
115663325881137	115663339199731	115663325757752
115663440759262	115663455861397	115663440659523
115663543483950	115663555864471	115663543364471
115663550692544	115663564198897	115663550593481
115663658020356	115663672534939	115663657874158
115663660684679	115663680871345	115663660617387
115663668169731	115663689205251	115663668127544
115663777751137	115663797541865	115663777280616
115663885523168	115663897545511	115663885391710
115663893001710	115663905878637	115663892896554
115663992103012	115664005884262	115663991939471
115663994569054	115664014220512	115663994516189
115664000023533	115664022555199	115663999958898
115664026497648	115664039227491	115664026394835
115664035191398	115664047563637	115664035141033
115664041975720	115664055899730	115664041936189
115664068454210	115664080906814	115664068208429
115664085050825	115664097580407	115664084954210
115664093031345	115664105918012	115664092997752
115664105037908	115664122592178	115664104955356
115664108995252	115664130928897	115664108907700
115664138335616	115664155936032	115664138257387
115664154965148	115664172605928	115664154910252
115664171444991	115664189275199	115664171379627
115664183869991	115664197611033	115664183821502
115664209093168	115664222617439	115664209046970
115664222275564	115664239288168	115664222158950
115664225855877	115664247623116	115664225759939

=== poll 1790360180.750267961
8333333
115661540487753	115661555680930	115661540385669
115661541932649	115661564016554	115661541904836
115661643441086	115661655707440	115661643299523
115661651011242	115661664044367	115661650878898
115661765552440	115661780749054	115661765035826
115661867904784	115661880762908	115661867808898
115661869581763	115661889097960	115661869519628
115661883652075	115661897432335	115661883590669
115662006032544	115662022431242	115662005946190
115662008624003	115662030767180	115662008586190
115662018626086	115662039101710	115662018541971
115662036309575	115662047437075	115662036246190
115662044540877	115662055771502	115662044492180
115662050124002	115662064106867	115662050071867
115662066930252	115662080777022	115662066831294
115662091759523	115662105774627	115662091681034
115662100494940	115662114106814	115662100392023
115662117594627	115662130768013	115662117491555
115662133539367	115662147432283	115662133481346
115662150070982	115662164098013	115662150017596
115662177993950	115662189102127	115662177855773
115662193076242	115662205772961	115662192984315
115662203454732	115662222443169	115662203353690
115662213359367	115662230779314	115662213262284
115662217684523	115662239114366	115662217596450
115662242731034	115662255780304	115662242662700
115662319008794	115662339114835	115662318893169
115662328205721	115662347451241	115662328113221
115662333761086	115662355787804	115662333697961
115662433367752	115662447454106	115662433193898
115662541516086	115662555793742	115662541400252
115662549959992	115662564127388	115662549899002
115662643357023	115662655807908	115662643210252
115662650603221	115662664143012	115662650502075
115662774766815	115662789159522	115662774625096
115662874044731	115662889191918	115662873948065
115662875659679	115662897528741	115662875597648
115662993432388	115663014212023	115662993208325
115663094796815	115663105887491	115663094348325
115663100763846	115663114223846	115663100716242
115663216555773	115663230889730	115663216398742
115663325881137	115663339199731	115663325757752
115663440759262	115663455861397	115663440659523
115663543483950	115663555864471	115663543364471
115663550692544	115663564198897	115663550593481
115663658020356	115663672534939	115663657874158
115663660684679	115663680871345	115663660617387
115663668169731	115663689205251	115663668127544
115663777751137	115663797541865	115663777280616
115663885523168	115663897545511	115663885391710
115663893001710	115663905878637	115663892896554
115663992103012	115664005884262	115663991939471
115663994569054	115664014220512	115663994516189
115664000023533	115664022555199	115663999958898
115664026497648	115664039227491	115664026394835
115664035191398	115664047563637	115664035141033
115664041975720	115664055899730	115664041936189
115664068454210	115664080906814	115664068208429
115664085050825	115664097580407	115664084954210
115664093031345	115664105918012	115664092997752
115664105037908	115664122592178	115664104955356
115664108995252	115664130928897	115664108907700
115664138335616	115664155936032	115664138257387
115664154965148	115664172605928	115664154910252
115664171444991	115664189275199	115664171379627
115664183869991	115664197611033	115664183821502
115664209093168	115664222617439	115664209046970
115664222275564	115664239288168	115664222158950
115664225855877	115664247623116	115664225759939
115664327462700	115664339302439	115664327347804
115664329256033	115664347637282	115664329170304
115664341678220	115664355973741	115664341635929
115664458516033	115664472671397	115664458425043
115664459970304	115664481004365	115664459926293
115664466929522	115664489339626	115664466867752
115664565975147	115664581022803	115664565841137
115664642199783	115664664362751	115664642125199
115664650958793	115664672698741	115664650881970
115664767300616	115664781039782	115664767105876
115664769031866	115664789375615	115664768992543
115664882149939	115664897717855	115664882008689
115664883960981	115664906052178	115664883905876
115664982758220	115664997723793	115664982653741
115664984535720	115665006058897	115664984433585
115664992747022	115665014394938	115664992655981
115665089333220	115665106073480	115665089240564
115665093383949	115665114408167	115665093332647
115665101254574	115665122744886	115665101162126
115665211022387	115665222777021	115665210889678
115665213544783	115665231113792	115665213441918
115665218146137	115665239449991	115665218076814
115665308870720	115665322815616	115665308765720
115665317561137	115665331153063	115665317525824
115665325456293	115665339489834	115665325414887
115665444636970	115665464513636	115665444432803
115665530302439	115665547872959	115665530222439
115665542097439	115665556207021	115665542043584
115665658793116	115665672899053	115665658647387
115665661252387	115665681232021	115665661161137
115665774933793	115665789561396	115665774841032
115665877650772	115665889564939	115665877514522
115665880170043	115665897899469	115665880065199
115665884404418	115665906235772	115665884315043
115666000263116	115666014586136	115666000125459
115666002322491	115666022920355	115666002283584
115666008755355	115666031254938	115666008701084
115666029504418	115666047924001	115666029414418
115666035263428	115666056259209	115666035228532
115666051021866	115666064595355	115666050938272
115666068396188	115666081266657	115666068332751
115666083992438	115666097936032	115666083933063
115666112370980	115666131267906	115666112236866
115666121334626	115666139603063	115666121257647
115666128046553	115666147936865	115666127918063
115666134267959	115666156270510	115666134186188
115666151188428	115666164603792	115666151125928
115666167431293	115666181272803	115666167380459
115666194714938	115666206276135	115666194626136
115666219757907	115666231280146	115666219636657
115666226123115	115666239614938	115666226006813
115666351333845	115666364641604	115666351141449
115666429696292	115666456331188	115666429546813
115666442417907	115666464665824	115666442365667
115666548600251	115666564675042	115666548507334
115666550561553	115666573008167	115666550521032
115666669051397	115666681363219	115666668968480
115666675469990	115666689700198	115666675400042

=== poll 1790360183.011438793
8333333
115664085050825	115664097580407	115664084954210
115664093031345	115664105918012	115664092997752
115664105037908	115664122592178	115664104955356
115664108995252	115664130928897	115664108907700
115664138335616	115664155936032	115664138257387
115664154965148	115664172605928	115664154910252
115664171444991	115664189275199	115664171379627
115664183869991	115664197611033	115664183821502
115664209093168	115664222617439	115664209046970
115664222275564	115664239288168	115664222158950
115664225855877	115664247623116	115664225759939
115664327462700	115664339302439	115664327347804
115664329256033	115664347637282	115664329170304
115664341678220	115664355973741	115664341635929
115664458516033	115664472671397	115664458425043
115664459970304	115664481004365	115664459926293
115664466929522	115664489339626	115664466867752
115664565975147	115664581022803	115664565841137
115664642199783	115664664362751	115664642125199
115664650958793	115664672698741	115664650881970
115664767300616	115664781039782	115664767105876
115664769031866	115664789375615	115664768992543
115664882149939	115664897717855	115664882008689
115664883960981	115664906052178	115664883905876
115664982758220	115664997723793	115664982653741
115664984535720	115665006058897	115664984433585
115664992747022	115665014394938	115664992655981
115665089333220	115665106073480	115665089240564
115665093383949	115665114408167	115665093332647
115665101254574	115665122744886	115665101162126
115665211022387	115665222777021	115665210889678
115665213544783	115665231113792	115665213441918
115665218146137	115665239449991	115665218076814
115665308870720	115665322815616	115665308765720
115665317561137	115665331153063	115665317525824
115665325456293	115665339489834	115665325414887
115665444636970	115665464513636	115665444432803
115665530302439	115665547872959	115665530222439
115665542097439	115665556207021	115665542043584
115665658793116	115665672899053	115665658647387
115665661252387	115665681232021	115665661161137
115665774933793	115665789561396	115665774841032
115665877650772	115665889564939	115665877514522
115665880170043	115665897899469	115665880065199
115665884404418	115665906235772	115665884315043
115666000263116	115666014586136	115666000125459
115666002322491	115666022920355	115666002283584
115666008755355	115666031254938	115666008701084
115666029504418	115666047924001	115666029414418
115666035263428	115666056259209	115666035228532
115666051021866	115666064595355	115666050938272
115666068396188	115666081266657	115666068332751
115666083992438	115666097936032	115666083933063
115666112370980	115666131267906	115666112236866
115666121334626	115666139603063	115666121257647
115666128046553	115666147936865	115666127918063
115666134267959	115666156270510	115666134186188
115666151188428	115666164603792	115666151125928
115666167431293	115666181272803	115666167380459
115666194714938	115666206276135	115666194626136
115666219757907	115666231280146	115666219636657
115666226123115	115666239614938	115666226006813
115666351333845	115666364641604	115666351141449
115666429696292	115666456331188	115666429546813
115666442417907	115666464665824	115666442365667
115666548600251	115666564675042	115666548507334
115666550561553	115666573008167	115666550521032
115666669051397	115666681363219	115666668968480
115666675469990	115666689700198	115666675400042
115666783118584	115666798058636	115666782959105
115666784782751	115666806392594	115666784748897
115666792039522	115666814727333	115666791990876
115666886691553	115666906382959	115666886470199
115666985976657	115666998033792	115666985857282
115666988289365	115667006365563	115666988201709
115666992570771	115667014697906	115666992475199
115667100971344	115667114690354	115667100432907
115667208548480	115667223009521	115667208449105
115667308121761	115667323011604	115667307898740
115667310024730	115667331347281	115667309989157
115667424371709	115667439687073	115667424293063
115667425849730	115667448022021	115667425818428
115667433851657	115667456355563	115667433810667
115667540990615	115667556382594	115667540871813
115667642901605	115667656414937	115667642820094
115667644349313	115667664752073	115667644324365
115667650357230	115667673087281	115667650317646
115667759572646	115667773111083	115667759493532
115667761210823	115667781447854	115667761161396
115667767068011	115667789783375	115667767038948
115667887201500	115667906482542	115667887013479
115667989194209	115668006494104	115667989100094
115667992525302	115668014827229	115667992496292
115668000724781	115668023160823	115668000650042
115668025859313	115668039824104	115668025808323
115668037157854	115668048154729	115668037090354
115668043324625	115668056485406	115668043217438
115668060314990	115668073151239	115668060224104
115668080676448	115668098151500	115668080543740
115668087453896	115668106486448	115668087381188
115668095326969	115668114820822	115668095285146
115668102269261	115668123155041	115668102196604
115668109727073	115668131488271	115668109639261
115668126233792	115668139823167	115668126194209
115668142400563	115668156490406	115668142356917
115668169686448	115668181486395	115668169633844
115668176078271	115668189819677	115668175977073
115668193214990	115668206483583	115668193162229
115668202403115	115668214816239	115668202341292
115668210382177	115668223148219	115668210337386
115668217712646	115668231480510	115668217670042
115668318060927	115668331456344	115668317926813
115668320366448	115668339788479	115668320335094
115668325557594	115668348118270	115668325521708
115668433582021	115668448114104	115668433441344
115668436056917	115668456448010	115668435955823
115668540472177	115668556450510	115668540383063
115668541908583	115668564784677	115668541883688
115668655916969	115668673132073	115668655759677
115668658386344	115668681466135	115668658166708
115668667391552	115668689799364	115668660211187
115668779465979	115668798148478	115668779313427
115668781657333	115668806481759	115668781564417
115668792257698	115668814814677	115668785102594
115668876168531	115668898130041	115668876067646
115668877906604	115668906461760	115668877871969
115668884630406	115668914794260	115668884571083

=== poll 1790360185.268289261
8333333
115665880170043	115665897899469	115665880065199
115665884404418	115665906235772	115665884315043
115666000263116	115666014586136	115666000125459
115666002322491	115666022920355	115666002283584
115666008755355	115666031254938	115666008701084
115666029504418	115666047924001	115666029414418
115666035263428	115666056259209	115666035228532
115666051021866	115666064595355	115666050938272
115666068396188	115666081266657	115666068332751
115666083992438	115666097936032	115666083933063
115666112370980	115666131267906	115666112236866
115666121334626	115666139603063	115666121257647
115666128046553	115666147936865	115666127918063
115666134267959	115666156270510	115666134186188
115666151188428	115666164603792	115666151125928
115666167431293	115666181272803	115666167380459
115666194714938	115666206276135	115666194626136
115666219757907	115666231280146	115666219636657
115666226123115	115666239614938	115666226006813
115666351333845	115666364641604	115666351141449
115666429696292	115666456331188	115666429546813
115666442417907	115666464665824	115666442365667
115666548600251	115666564675042	115666548507334
115666550561553	115666573008167	115666550521032
115666669051397	115666681363219	115666668968480
115666675469990	115666689700198	115666675400042
115666783118584	115666798058636	115666782959105
115666784782751	115666806392594	115666784748897
115666792039522	115666814727333	115666791990876
115666886691553	115666906382959	115666886470199
115666985976657	115666998033792	115666985857282
115666988289365	115667006365563	115666988201709
115666992570771	115667014697906	115666992475199
115667100971344	115667114690354	115667100432907
115667208548480	115667223009521	115667208449105
115667308121761	115667323011604	115667307898740
115667310024730	115667331347281	115667309989157
115667424371709	115667439687073	115667424293063
115667425849730	115667448022021	115667425818428
115667433851657	115667456355563	115667433810667
115667540990615	115667556382594	115667540871813
115667642901605	115667656414937	115667642820094
115667644349313	115667664752073	115667644324365
115667650357230	115667673087281	115667650317646
115667759572646	115667773111083	115667759493532
115667761210823	115667781447854	115667761161396
115667767068011	115667789783375	115667767038948
115667887201500	115667906482542	115667887013479
115667989194209	115668006494104	115667989100094
115667992525302	115668014827229	115667992496292
115668000724781	115668023160823	115668000650042
115668025859313	115668039824104	115668025808323
115668037157854	115668048154729	115668037090354
115668043324625	115668056485406	115668043217438
115668060314990	115668073151239	115668060224104
115668080676448	115668098151500	115668080543740
115668087453896	115668106486448	115668087381188
115668095326969	115668114820822	115668095285146
115668102269261	115668123155041	115668102196604
115668109727073	115668131488271	115668109639261
115668126233792	115668139823167	115668126194209
115668142400563	115668156490406	115668142356917
115668169686448	115668181486395	115668169633844
115668176078271	115668189819677	115668175977073
115668193214990	115668206483583	115668193162229
115668202403115	115668214816239	115668202341292
115668210382177	115668223148219	115668210337386
115668217712646	115668231480510	115668217670042
115668318060927	115668331456344	115668317926813
115668320366448	115668339788479	115668320335094
115668325557594	115668348118270	115668325521708
115668433582021	115668448114104	115668433441344
115668436056917	115668456448010	115668435955823
115668540472177	115668556450510	115668540383063
115668541908583	115668564784677	115668541883688
115668655916969	115668673132073	115668655759677
115668658386344	115668681466135	115668658166708
115668667391552	115668689799364	115668660211187
115668779465979	115668798148478	115668779313427
115668781657333	115668806481759	115668781564417
115668792257698	115668814814677	115668785102594
115668876168531	115668898130041	115668876067646
115668877906604	115668906461760	115668877871969
115668884630406	115668914794260	115668884571083
115668982113896	115668998113843	115668981996760
115669121033844	115669139772281	115669120816864
115669192787333	115669206449937	115669192680823
115669306730354	115669323144051	115669306596343
115669419866604	115669431477332	115669419782073
115669528924833	115669539849677	115669528826500
115669637786760	115669656527697	115669637678531
115669745092906	115669756557957	115669744973791
115669859793583	115669873248113	115669859725927
115669975665979	115669989926030	115669975533010
115670001116031	115670014928635	115670001020249
115670010879781	115670023263270	115670010825979
115670026575093	115670039934364	115670026477072
115670043064937	115670056608009	115670042987281
115670069999833	115670081615926	115670069946395
115670076720145	115670089949311	115670076649468
115670084920718	115670098283738	115670084837124
115670093221916	115670106618791	115670093138374
115670119517229	115670131621499	115670119451812
115670126178635	115670139955353	115670126134156
115670152137124	115670164957072	115670152085406
115670160108322	115670173291656	115670160054989
115670193450562	115670206624885	115670193305874
115670202874468	115670214959467	115670202835718
115670209734520	115670223294728	115670209679572
115670221022020	115670239962489	115670220934624
115670227035718	115670248295874	115670226948583
115670302327906	115670314958999	115670302196447
115670313857958	115670331624155	115670313796343
115670424660197	115670439950874	115670424587749
115670532945249	115670548284051	115670532810145
115670634907697	115670648321915	115670634727020
115670637951812	115670656658999	115670637890510
115670747079364	115670765049155	115670746950353
115670751128999	115670773385249	115670751037853
115670866894572	115670881747228	115670866728947
115670966861343	115670981766186	115670966759989
115670968798478	115670990101499	115670968717020
115670977293582	115670998437123	115670977155978
115671093030093	115671106786082	115671092940978
115671094568582	115671115121290	115671094531187
115671203196864	115671215162489	115671203088478
115671204861812	9223372036854775807	115671204816655

=== poll 1790360187.531212333
8333333
115667433851657	115667456355563	115667433810667
115667540990615	115667556382594	115667540871813
115667642901605	115667656414937	115667642820094
115667644349313	115667664752073	115667644324365
115667650357230	115667673087281	115667650317646
115667759572646	115667773111083	115667759493532
115667761210823	115667781447854	115667761161396
115667767068011	115667789783375	115667767038948
115667887201500	115667906482542	115667887013479
115667989194209	115668006494104	115667989100094
115667992525302	115668014827229	115667992496292
115668000724781	115668023160823	115668000650042
115668025859313	115668039824104	115668025808323
115668037157854	115668048154729	115668037090354
115668043324625	115668056485406	115668043217438
115668060314990	115668073151239	115668060224104
115668080676448	115668098151500	115668080543740
115668087453896	115668106486448	115668087381188
115668095326969	115668114820822	115668095285146
115668102269261	115668123155041	115668102196604
115668109727073	115668131488271	115668109639261
115668126233792	115668139823167	115668126194209
115668142400563	115668156490406	115668142356917
115668169686448	115668181486395	115668169633844
115668176078271	115668189819677	115668175977073
115668193214990	115668206483583	115668193162229
115668202403115	115668214816239	115668202341292
115668210382177	115668223148219	115668210337386
115668217712646	115668231480510	115668217670042
115668318060927	115668331456344	115668317926813
115668320366448	115668339788479	115668320335094
115668325557594	115668348118270	115668325521708
115668433582021	115668448114104	115668433441344
115668436056917	115668456448010	115668435955823
115668540472177	115668556450510	115668540383063
115668541908583	115668564784677	115668541883688
115668655916969	115668673132073	115668655759677
115668658386344	115668681466135	115668658166708
115668667391552	115668689799364	115668660211187
115668779465979	115668798148478	115668779313427
115668781657333	115668806481759	115668781564417
115668792257698	115668814814677	115668785102594
115668876168531	115668898130041	115668876067646
115668877906604	115668906461760	115668877871969
115668884630406	115668914794260	115668884571083
115668982113896	115668998113843	115668981996760
115669121033844	115669139772281	115669120816864
115669192787333	115669206449937	115669192680823
115669306730354	115669323144051	115669306596343
115669419866604	115669431477332	115669419782073
115669528924833	115669539849677	115669528826500
115669637786760	115669656527697	115669637678531
115669745092906	115669756557957	115669744973791
115669859793583	115669873248113	115669859725927
115669975665979	115669989926030	115669975533010
115670001116031	115670014928635	115670001020249
115670010879781	115670023263270	115670010825979
115670026575093	115670039934364	115670026477072
115670043064937	115670056608009	115670042987281
115670069999833	115670081615926	115670069946395
115670076720145	115670089949311	115670076649468
115670084920718	115670098283738	115670084837124
115670093221916	115670106618791	115670093138374
115670119517229	115670131621499	115670119451812
115670126178635	115670139955353	115670126134156
115670152137124	115670164957072	115670152085406
115670160108322	115670173291656	115670160054989
115670193450562	115670206624885	115670193305874
115670202874468	115670214959467	115670202835718
115670209734520	115670223294728	115670209679572
115670221022020	115670239962489	115670220934624
115670227035718	115670248295874	115670226948583
115670302327906	115670314958999	115670302196447
115670313857958	115670331624155	115670313796343
115670424660197	115670439950874	115670424587749
115670532945249	115670548284051	115670532810145
115670634907697	115670648321915	115670634727020
115670637951812	115670656658999	115670637890510
115670747079364	115670765049155	115670746950353
115670751128999	115670773385249	115670751037853
115670866894572	115670881747228	115670866728947
115670966861343	115670981766186	115670966759989
115670968798478	115670990101499	115670968717020
115670977293582	115670998437123	115670977155978
115671093030093	115671106786082	115671092940978
115671094568582	115671115121290	115671094531187
115671203196864	115671215162489	115671203088478
115671204861812	115671223500561	115671204816655
115671209324468	115671231837905	115671209278634
115671309536916	115671323545561	115671309430093
115671318213218	115671331884883	115671318146707
115671425292697	115671440270717	115671425203634
115671426863895	115671448608425	115671426819259
115671434748061	115671456946602	115671434690041
115671541732228	115671556986654	115671541604416
115671648299572	115671665372019	115671648227645
115671651168426	115671673708009	115671651120145
115671768483165	115671782071030	115671768280561
115671873903582	115671890466602	115671873708842
115671984817853	115671998835300	115671984657697
115672001534311	115672015504779	115672001460301
115672004340770	115672023840144	115672004301655
115672009768686	115672032176134	115672009730301
115672080087697	115672107187384	115672079881134
115672085167905	115672115521706	115672085083113
115672205709780	115672223875873	115672205517905
115672308150249	115672323896602	115672307951290
115672418644780	115672432241602	115672418371655
115672529009623	115672540586030	115672528830405
115672637575821	115672648930144	115672637222123
115672645223165	115672657264831	115672645186082
115672739836707	115672757267279	115672739720509
115672745285769	115672765599518	115672745256186
115672859071655	115672873930508	115672858932123
115672861615873	115672882265613	115672861541446
115672974656655	115672990619884	115672974559102
115672999535821	115673015618945	115672999473582
115673001549675	115673023951237	115673001474467
115673010500613	115673032283894	115673010418477
115673078407123	115673090623789	115673078296759
115673084845040	115673098957644	115673084803582
115673191843894	115673207298841	115673191711863
115673193938321	115673215635143	115673193857488
115673301208529	115673315648373	115673301128842
115673302760144	115673323983529	115673302717436
115673312101342	115673332317956	115673311984415
115673433758217	115673449022644	115673433616654

=== poll 1790360189.828229989
8333333
115668792257698	115668814814677	115668785102594
115668876168531	115668898130041	115668876067646
115668877906604	115668906461760	115668877871969
115668884630406	115668914794260	115668884571083
115668982113896	115668998113843	115668981996760
115669121033844	115669139772281	115669120816864
115669192787333	115669206449937	115669192680823
115669306730354	115669323144051	115669306596343
115669419866604	115669431477332	115669419782073
115669528924833	115669539849677	115669528826500
115669637786760	115669656527697	115669637678531
115669745092906	115669756557957	115669744973791
115669859793583	115669873248113	115669859725927
115669975665979	115669989926030	115669975533010
115670001116031	115670014928635	115670001020249
115670010879781	115670023263270	115670010825979
115670026575093	115670039934364	115670026477072
115670043064937	115670056608009	115670042987281
115670069999833	115670081615926	115670069946395
115670076720145	115670089949311	115670076649468
115670084920718	115670098283738	115670084837124
115670093221916	115670106618791	115670093138374
115670119517229	115670131621499	115670119451812
115670126178635	115670139955353	115670126134156
115670152137124	115670164957072	115670152085406
115670160108322	115670173291656	115670160054989
115670193450562	115670206624885	115670193305874
115670202874468	115670214959467	115670202835718
115670209734520	115670223294728	115670209679572
115670221022020	115670239962489	115670220934624
115670227035718	115670248295874	115670226948583
115670302327906	115670314958999	115670302196447
115670313857958	115670331624155	115670313796343
115670424660197	115670439950874	115670424587749
115670532945249	115670548284051	115670532810145
115670634907697	115670648321915	115670634727020
115670637951812	115670656658999	115670637890510
115670747079364	115670765049155	115670746950353
115670751128999	115670773385249	115670751037853
115670866894572	115670881747228	115670866728947
115670966861343	115670981766186	115670966759989
115670968798478	115670990101499	115670968717020
115670977293582	115670998437123	115670977155978
115671093030093	115671106786082	115671092940978
115671094568582	115671115121290	115671094531187
115671203196864	115671215162489	115671203088478
115671204861812	115671223500561	115671204816655
115671209324468	115671231837905	115671209278634
115671309536916	115671323545561	115671309430093
115671318213218	115671331884883	115671318146707
115671425292697	115671440270717	115671425203634
115671426863895	115671448608425	115671426819259
115671434748061	115671456946602	115671434690041
115671541732228	115671556986654	115671541604416
115671648299572	115671665372019	115671648227645
115671651168426	115671673708009	115671651120145
115671768483165	115671782071030	115671768280561
115671873903582	115671890466602	115671873708842
115671984817853	115671998835300	115671984657697
115672001534311	115672015504779	115672001460301
115672004340770	115672023840144	115672004301655
115672009768686	115672032176134	115672009730301
115672080087697	115672107187384	115672079881134
115672085167905	115672115521706	115672085083113
115672205709780	115672223875873	115672205517905
115672308150249	115672323896602	115672307951290
115672418644780	115672432241602	115672418371655
115672529009623	115672540586030	115672528830405
115672637575821	115672648930144	115672637222123
115672645223165	115672657264831	115672645186082
115672739836707	115672757267279	115672739720509
115672745285769	115672765599518	115672745256186
115672859071655	115672873930508	115672858932123
115672861615873	115672882265613	115672861541446
115672974656655	115672990619884	115672974559102
115672999535821	115673015618945	115672999473582
115673001549675	115673023951237	115673001474467
115673010500613	115673032283894	115673010418477
115673078407123	115673090623789	115673078296759
115673084845040	115673098957644	115673084803582
115673191843894	115673207298841	115673191711863
115673193938321	115673215635143	115673193857488
115673301208529	115673315648373	115673301128842
115673302760144	115673323983529	115673302717436
115673312101342	115673332317956	115673311984415
115673433758217	115673449022644	115673433616654
115673537061967	115673549020404	115673536890092
115673667862904	115673682380977	115673667674831
115673743957331	115673765717696	115673743822227
115673752451081	115673774052696	115673752397696
115673858648738	115673874071966	115673858562956
115673860204154	115673882405977	115673860166133
115673976389154	115673990732539	115673976275717
115673990319519	115674007398372	115673990252435
115673993362800	115674015731966	115673993323894
115674002609363	115674024064987	115674002515300
115674077943946	115674090743372	115674077804779
115674084991029	115674099076185	115674084938165
115674203013894	115674215743945	115674202830977
115674308152175	115674324079101	115674308043373
115674410637800	115674424079935	115674410515456
115674419344883	115674432413789	115674419284362
115674524298112	115674540764987	115674524193008
115674647582904	115674665808789	115674647362696
115674736671966	115674749167643	115674736591081
115674743192435	115674757503060	115674743158425
115674869094466	115674882564518	115674868818789
115674974151237	115674990949153	115674973990873
115674990088425	115675007618528	115674990031498
115674993269623	115675015954883	115674993225768
115675002644727	115675024291445	115675002561498
115675077083373	115675090983581	115675077001185
115675193508112	115675207676236	115675193437904
115675202261550	115675216014049	115675202166602
115675299749310	115675316048268	115675299516237
115675302701289	115675324382435	115675302603216
115675412258529	115675424403268	115675412178372
115675413818997	115675432740560	115675413794414
115675418572747	115675441078841	115675418527956
115675526333789	115675541111601	115675526170977
115675528556289	115675549446705	115675528461341
115675536989102	115675557782435	115675536909831
115675633339518	115675649452538	115675633194466
115675635850091	115675657788893	115675635748529
115675643607851	115675666124570	115675643562643
115675744891706	115675757827538	115675744752956
115675753541237	115675766163789	115675753457904

=== poll 1790360192.101492227
8333333
115670968798478	115670990101499	115670968717020
115670977293582	115670998437123	115670977155978
115671093030093	115671106786082	115671092940978
115671094568582	115671115121290	115671094531187
115671203196864	115671215162489	115671203088478
115671204861812	115671223500561	115671204816655
115671209324468	115671231837905	115671209278634
115671309536916	115671323545561	115671309430093
115671318213218	115671331884883	115671318146707
115671425292697	115671440270717	115671425203634
115671426863895	115671448608425	115671426819259
115671434748061	115671456946602	115671434690041
115671541732228	115671556986654	115671541604416
115671648299572	115671665372019	115671648227645
115671651168426	115671673708009	115671651120145
115671768483165	115671782071030	115671768280561
115671873903582	115671890466602	115671873708842
115671984817853	115671998835300	115671984657697
115672001534311	115672015504779	115672001460301
115672004340770	115672023840144	115672004301655
115672009768686	115672032176134	115672009730301
115672080087697	115672107187384	115672079881134
115672085167905	115672115521706	115672085083113
115672205709780	115672223875873	115672205517905
115672308150249	115672323896602	115672307951290
115672418644780	115672432241602	115672418371655
115672529009623	115672540586030	115672528830405
115672637575821	115672648930144	115672637222123
115672645223165	115672657264831	115672645186082
115672739836707	115672757267279	115672739720509
115672745285769	115672765599518	115672745256186
115672859071655	115672873930508	115672858932123
115672861615873	115672882265613	115672861541446
115672974656655	115672990619884	115672974559102
115672999535821	115673015618945	115672999473582
115673001549675	115673023951237	115673001474467
115673010500613	115673032283894	115673010418477
115673078407123	115673090623789	115673078296759
115673084845040	115673098957644	115673084803582
115673191843894	115673207298841	115673191711863
115673193938321	115673215635143	115673193857488
115673301208529	115673315648373	115673301128842
115673302760144	115673323983529	115673302717436
115673312101342	115673332317956	115673311984415
115673433758217	115673449022644	115673433616654
115673537061967	115673549020404	115673536890092
115673667862904	115673682380977	115673667674831
115673743957331	115673765717696	115673743822227
115673752451081	115673774052696	115673752397696
115673858648738	115673874071966	115673858562956
115673860204154	115673882405977	115673860166133
115673976389154	115673990732539	115673976275717
115673990319519	115674007398372	115673990252435
115673993362800	115674015731966	115673993323894
115674002609363	115674024064987	115674002515300
115674077943946	115674090743372	115674077804779
115674084991029	115674099076185	115674084938165
115674203013894	115674215743945	115674202830977
115674308152175	115674324079101	115674308043373
115674410637800	115674424079935	115674410515456
115674419344883	115674432413789	115674419284362
115674524298112	115674540764987	115674524193008
115674647582904	115674665808789	115674647362696
115674736671966	115674749167643	115674736591081
115674743192435	115674757503060	115674743158425
115674869094466	115674882564518	115674868818789
115674974151237	115674990949153	115674973990873
115674990088425	115675007618528	115674990031498
115674993269623	115675015954883	115674993225768
115675002644727	115675024291445	115675002561498
115675077083373	115675090983581	115675077001185
115675193508112	115675207676236	115675193437904
115675202261550	115675216014049	115675202166602
115675299749310	115675316048268	115675299516237
115675302701289	115675324382435	115675302603216
115675412258529	115675424403268	115675412178372
115675413818997	115675432740560	115675413794414
115675418572747	115675441078841	115675418527956
115675526333789	115675541111601	115675526170977
115675528556289	115675549446705	115675528461341
115675536989102	115675557782435	115675536909831
115675633339518	115675649452538	115675633194466
115675635850091	115675657788893	115675635748529
115675643607851	115675666124570	115675643562643
115675744891706	115675757827538	115675744752956
115675753541237	115675766163789	115675753457904
115675850881289	115675866195664	115675850789362
115675868756341	115675882867330	115675868678112
115675967163997	115675982911497	115675967051393
115675992742383	115676007924465	115675992675924
115675995244883	115676016262069	115675995200768
115676002033685	115676024599257	115676001982018
115676068973216	115676082954517	115676068894987
115676077197747	115676091291184	115676077157435
115676179085664	115676191337017	115676178945143
115676187713685	115676199673997	115676187669466
115676310880872	115676324710559	115676310795924
115676312914778	115676333048475	115676312881601
115676417532591	115676433091861	115676417460247
115676419394362	115676441429934	115676419356862
115676537108841	115676549810559	115676536931705
115676638626393	115676649852330	115676638550507
115676644433945	115676658190351	115676644390716
115676772117643	115676783230663	115676771955872
115676775064934	115676791566757	115676774980768
115676778513632	115676799902903	115676778420611
115676868715091	115676883262642	115676868635820
115676978674466	115676991610559	115676978545716
115676981074361	115676999947486	115676981014257
115676993881341	115677008284986	115676993818111
115676996306705	115677016620246	115676996274778
115677092661861	115677108294309	115677092503580
115677209650247	115677224968996	115677209501913
115677319041497	115677333328371	115677318861184
115677424725872	115677441701913	115677424601497
115677536136601	115677550086236	115677535901497
115677585819517	115677600116444	115677538597538
115677635697851	115677650130976	115677589564465
115677685820924	115677700143162	115677644302122
115677753775872	115677766828319	115677753092694
115677851049674	115677866861288	115677850942382
115677861698788	115677875195975	115677861584101
115677971409830	115677983564308	115677971303528
115677977756653	115677991899048	115677977695090
115677994036080	115678008569829	115677993988996
115677996319101	115678016906548	115677996282382
115678002651705	115678025242538	115678002615038

=== poll 1790360194.376737747
8333333
115672974656655	115672990619884	115672974559102
115672999535821	115673015618945	115672999473582
115673001549675	115673023951237	115673001474467
115673010500613	115673032283894	115673010418477
115673078407123	115673090623789	115673078296759
115673084845040	115673098957644	115673084803582
115673191843894	115673207298841	115673191711863
115673193938321	115673215635143	115673193857488
115673301208529	115673315648373	115673301128842
115673302760144	115673323983529	115673302717436
115673312101342	115673332317956	115673311984415
115673433758217	115673449022644	115673433616654
115673537061967	115673549020404	115673536890092
115673667862904	115673682380977	115673667674831
115673743957331	115673765717696	115673743822227
115673752451081	115673774052696	115673752397696
115673858648738	115673874071966	115673858562956
115673860204154	115673882405977	115673860166133
115673976389154	115673990732539	115673976275717
115673990319519	115674007398372	115673990252435
115673993362800	115674015731966	115673993323894
115674002609363	115674024064987	115674002515300
115674077943946	115674090743372	115674077804779
115674084991029	115674099076185	115674084938165
115674203013894	115674215743945	115674202830977
115674308152175	115674324079101	115674308043373
115674410637800	115674424079935	115674410515456
115674419344883	115674432413789	115674419284362
115674524298112	115674540764987	115674524193008
115674647582904	115674665808789	115674647362696
115674736671966	115674749167643	115674736591081
115674743192435	115674757503060	115674743158425
115674869094466	115674882564518	115674868818789
115674974151237	115674990949153	115674973990873
115674990088425	115675007618528	115674990031498
115674993269623	115675015954883	115674993225768
115675002644727	115675024291445	115675002561498
115675077083373	115675090983581	115675077001185
115675193508112	115675207676236	115675193437904
115675202261550	115675216014049	115675202166602
115675299749310	115675316048268	115675299516237
115675302701289	115675324382435	115675302603216
115675412258529	115675424403268	115675412178372
115675413818997	115675432740560	115675413794414
115675418572747	115675441078841	115675418527956
115675526333789	115675541111601	115675526170977
115675528556289	115675549446705	115675528461341
115675536989102	115675557782435	115675536909831
115675633339518	115675649452538	115675633194466
115675635850091	115675657788893	115675635748529
115675643607851	115675666124570	115675643562643
115675744891706	115675757827538	115675744752956
115675753541237	115675766163789	115675753457904
115675850881289	115675866195664	115675850789362
115675868756341	115675882867330	115675868678112
115675967163997	115675982911497	115675967051393
115675992742383	115676007924465	115675992675924
115675995244883	115676016262069	115675995200768
115676002033685	115676024599257	115676001982018
115676068973216	115676082954517	115676068894987
115676077197747	115676091291184	115676077157435
115676179085664	115676191337017	115676178945143
115676187713685	115676199673997	115676187669466
115676310880872	115676324710559	115676310795924
115676312914778	115676333048475	115676312881601
115676417532591	115676433091861	115676417460247
115676419394362	115676441429934	115676419356862
115676537108841	115676549810559	115676536931705
115676638626393	115676649852330	115676638550507
115676644433945	115676658190351	115676644390716
115676772117643	115676783230663	115676771955872
115676775064934	115676791566757	115676774980768
115676778513632	115676799902903	115676778420611
115676868715091	115676883262642	115676868635820
115676978674466	115676991610559	115676978545716
115676981074361	115676999947486	115676981014257
115676993881341	115677008284986	115676993818111
115676996306705	115677016620246	115676996274778
115677092661861	115677108294309	115677092503580
115677209650247	115677224968996	115677209501913
115677319041497	115677333328371	115677318861184
115677424725872	115677441701913	115677424601497
115677536136601	115677550086236	115677535901497
115677585819517	115677600116444	115677538597538
115677635697851	115677650130976	115677589564465
115677685820924	115677700143162	115677644302122
115677753775872	115677766828319	115677753092694
115677851049674	115677866861288	115677850942382
115677861698788	115677875195975	115677861584101
115677971409830	115677983564308	115677971303528
115677977756653	115677991899048	115677977695090
115677994036080	115678008569829	115677993988996
115677996319101	115678016906548	115677996282382
115678002651705	115678025242538	115678002615038
115678070641653	115678083597954	115678070544101
115678086454673	115678100270975	115678086358007
115678220540455	115678233626183	115678220327278
115678305628371	115678316957277	115678305492069
115678311254257	115678325291548	115678311192538
115678434742642	115678450302016	115678434618944
115678541886027	115678558669308	115678541789361
115678645423892	115678658707329	115678645341288
115678694294152	115678708727172	115678646897017
115678744276757	115678758745558	115678698179257
115678794372694	115678808769985	115678753348996
115678844403527	115678858799100	115678797946340
115678894326184	115678908818319	115678870360975
115678944422173	115678958835714	115678896635246
115678986588840	115679000522798	115678986497434
115679036075402	115679050542277	115678994858267
115679094984100	115679108888058	115679094915090
115679213044413	115679225569204	115679212886861
115679314595350	115679325557016	115679314501444
115679319947485	115679333892224	115679319865506
115679431457642	115679450571391	115679431323840
115679436835454	115679458909204	115679436758163
115679552743787	115679567258892	115679552646496
115679658326704	115679675609620	115679658246183
115679661380402	115679683944100	115679661346131
115679777591912	115679792305558	115679777459621
115679885449933	115679900681391	115679885274725
115680002010975	115680017379620	115680001659621
115680006257485	115680025715558	115680006186235
115680110825141	115680125740557	115680110665402
115680120127329	115680134075610	115680120061287
115680226003683	115680242432224	115680225924933
115680228297277	115680250766547	115680228251964

=== poll 1790360196.653683580
8333333
115675077083373	115675090983581	115675077001185
115675193508112	115675207676236	115675193437904
115675202261550	115675216014049	115675202166602
115675299749310	115675316048268	115675299516237
115675302701289	115675324382435	115675302603216
115675412258529	115675424403268	115675412178372
115675413818997	115675432740560	115675413794414
115675418572747	115675441078841	115675418527956
115675526333789	115675541111601	115675526170977
115675528556289	115675549446705	115675528461341
115675536989102	115675557782435	115675536909831
115675633339518	115675649452538	115675633194466
115675635850091	115675657788893	115675635748529
115675643607851	115675666124570	115675643562643
115675744891706	115675757827538	115675744752956
115675753541237	115675766163789	115675753457904
115675850881289	115675866195664	115675850789362
115675868756341	115675882867330	115675868678112
115675967163997	115675982911497	115675967051393
115675992742383	115676007924465	115675992675924
115675995244883	115676016262069	115675995200768
115676002033685	115676024599257	115676001982018
115676068973216	115676082954517	115676068894987
115676077197747	115676091291184	115676077157435
115676179085664	115676191337017	115676178945143
115676187713685	115676199673997	115676187669466
115676310880872	115676324710559	115676310795924
115676312914778	115676333048475	115676312881601
115676417532591	115676433091861	115676417460247
115676419394362	115676441429934	115676419356862
115676537108841	115676549810559	115676536931705
115676638626393	115676649852330	115676638550507
115676644433945	115676658190351	115676644390716
115676772117643	115676783230663	115676771955872
115676775064934	115676791566757	115676774980768
115676778513632	115676799902903	115676778420611
115676868715091	115676883262642	115676868635820
115676978674466	115676991610559	115676978545716
115676981074361	115676999947486	115676981014257
115676993881341	115677008284986	115676993818111
115676996306705	115677016620246	115676996274778
115677092661861	115677108294309	115677092503580
115677209650247	115677224968996	115677209501913
115677319041497	115677333328371	115677318861184
115677424725872	115677441701913	115677424601497
115677536136601	115677550086236	115677535901497
115677585819517	115677600116444	115677538597538
115677635697851	115677650130976	115677589564465
115677685820924	115677700143162	115677644302122
115677753775872	115677766828319	115677753092694
115677851049674	115677866861288	115677850942382
115677861698788	115677875195975	115677861584101
115677971409830	115677983564308	115677971303528
115677977756653	115677991899048	115677977695090
115677994036080	115678008569829	115677993988996
115677996319101	115678016906548	115677996282382
115678002651705	115678025242538	115678002615038
115678070641653	115678083597954	115678070544101
115678086454673	115678100270975	115678086358007
115678220540455	115678233626183	115678220327278
115678305628371	115678316957277	115678305492069
115678311254257	115678325291548	115678311192538
115678434742642	115678450302016	115678434618944
115678541886027	115678558669308	115678541789361
115678645423892	115678658707329	115678645341288
115678694294152	115678708727172	115678646897017
115678744276757	115678758745558	115678698179257
115678794372694	115678808769985	115678753348996
115678844403527	115678858799100	115678797946340
115678894326184	115678908818319	115678870360975
115678944422173	115678958835714	115678896635246
115678986588840	115679000522798	115678986497434
115679036075402	115679050542277	115678994858267
115679094984100	115679108888058	115679094915090
115679213044413	115679225569204	115679212886861
115679314595350	115679325557016	115679314501444
115679319947485	115679333892224	115679319865506
115679431457642	115679450571391	115679431323840
115679436835454	115679458909204	115679436758163
115679552743787	115679567258892	115679552646496
115679658326704	115679675609620	115679658246183
115679661380402	115679683944100	115679661346131
115679777591912	115679792305558	115679777459621
115679885449933	115679900681391	115679885274725
115680002010975	115680017379620	115680001659621
115680006257485	115680025715558	115680006186235
115680110825141	115680125740557	115680110665402
115680120127329	115680134075610	115680120061287
115680226003683	115680242432224	115680225924933
115680228297277	115680250766547	115680228251964
115680352126027	115680367442537	115680351928058
115680477098110	115680492460974	115680476967277
115680556632745	115680575823058	115680556499204
115680563959777	115680584158370	115680563894204
115680669468891	115680684178006	115680669354881
115680670947329	115680692512224	115680670917902
115680791249256	115680809209672	115680791027485
115680895109724	115680909228162	115680895018787
115680896875610	115680917560609	115680896791235
115680995189568	115681009241287	115680994947433
115680997751652	115681017575922	115680997720558
115681004693006	115681025911547	115681004622693
115681119677849	115681134271912	115681119565193
115681128868631	115681142606286	115681128792068
115681226685089	115681242611287	115681226498422
115681327788474	115681342617536	115681327682745
115681329471287	115681350950506	115681329446703
115681336901287	115681359282224	115681336847485
115681451536547	115681467624932	115681451457745
115681453098006	115681475960036	115681453060818
115681582375089	115681601018005	115681582154047
115681670932589	115681684409880	115681670808110
115681784531235	115681801117640	115681784445557
115681786693110	115681809452640	115681786655401
115681896040505	115681909462484	115681895815870
115681898868578	115681917796339	115681898736703
115681903992224	115681926130401	115681903900610
115681998658474	115682009466755	115681998589203
115682012540297	115682026134307	115682012400922
115682020940193	115682034466599	115682020890922
115682129173162	115682142794515	115682129017589
115682235074776	115682251160348	115682234944151
115682236947953	115682259494984	115682236919672
115682344534932	115682359520036	115682344390505
115682346700922	115682367853995	115682346612120
115682470889984	115682484527119	115682470732328
115682586573734	115682601223734	115682586472015

=== poll 1790360198.954083579
8333333
115676996306705	115677016620246	115676996274778
115677092661861	115677108294309	115677092503580
115677209650247	115677224968996	115677209501913
115677319041497	115677333328371	115677318861184
115677424725872	115677441701913	115677424601497
115677536136601	115677550086236	115677535901497
115677585819517	115677600116444	115677538597538
115677635697851	115677650130976	115677589564465
115677685820924	115677700143162	115677644302122
115677753775872	115677766828319	115677753092694
115677851049674	115677866861288	115677850942382
115677861698788	115677875195975	115677861584101
115677971409830	115677983564308	115677971303528
115677977756653	115677991899048	115677977695090
115677994036080	115678008569829	115677993988996
115677996319101	115678016906548	115677996282382
115678002651705	115678025242538	115678002615038
115678070641653	115678083597954	115678070544101
115678086454673	115678100270975	115678086358007
115678220540455	115678233626183	115678220327278
115678305628371	115678316957277	115678305492069
115678311254257	115678325291548	115678311192538
115678434742642	115678450302016	115678434618944
115678541886027	115678558669308	115678541789361
115678645423892	115678658707329	115678645341288
115678694294152	115678708727172	115678646897017
115678744276757	115678758745558	115678698179257
115678794372694	115678808769985	115678753348996
115678844403527	115678858799100	115678797946340
115678894326184	115678908818319	115678870360975
115678944422173	115678958835714	115678896635246
115678986588840	115679000522798	115678986497434
115679036075402	115679050542277	115678994858267
115679094984100	115679108888058	115679094915090
115679213044413	115679225569204	115679212886861
115679314595350	115679325557016	115679314501444
115679319947485	115679333892224	115679319865506
115679431457642	115679450571391	115679431323840
115679436835454	115679458909204	115679436758163
115679552743787	115679567258892	115679552646496
115679658326704	115679675609620	115679658246183
115679661380402	115679683944100	115679661346131
115679777591912	115679792305558	115679777459621
115679885449933	115679900681391	115679885274725
115680002010975	115680017379620	115680001659621
115680006257485	115680025715558	115680006186235
115680110825141	115680125740557	115680110665402
115680120127329	115680134075610	115680120061287
115680226003683	115680242432224	115680225924933
115680228297277	115680250766547	115680228251964
115680352126027	115680367442537	115680351928058
115680477098110	115680492460974	115680476967277
115680556632745	115680575823058	115680556499204
115680563959777	115680584158370	115680563894204
115680669468891	115680684178006	115680669354881
115680670947329	115680692512224	115680670917902
115680791249256	115680809209672	115680791027485
115680895109724	115680909228162	115680895018787
115680896875610	115680917560609	115680896791235
115680995189568	115681009241287	115680994947433
115680997751652	115681017575922	115680997720558
115681004693006	115681025911547	115681004622693
115681119677849	115681134271912	115681119565193
115681128868631	115681142606286	115681128792068
115681226685089	115681242611287	115681226498422
115681327788474	115681342617536	115681327682745
115681329471287	115681350950506	115681329446703
115681336901287	115681359282224	115681336847485
115681451536547	115681467624932	115681451457745
115681453098006	115681475960036	115681453060818
115681582375089	115681601018005	115681582154047
115681670932589	115681684409880	115681670808110
115681784531235	115681801117640	115681784445557
115681786693110	115681809452640	115681786655401
115681896040505	115681909462484	115681895815870
115681898868578	115681917796339	115681898736703
115681903992224	115681926130401	115681903900610
115681998658474	115682009466755	115681998589203
115682012540297	115682026134307	115682012400922
115682020940193	115682034466599	115682020890922
115682129173162	115682142794515	115682129017589
115682235074776	115682251160348	115682234944151
115682236947953	115682259494984	115682236919672
115682344534932	115682359520036	115682344390505
115682346700922	115682367853995	115682346612120
115682470889984	115682484527119	115682470732328
115682586573734	115682601223734	115682586472015
115682668364359	115682684582744	115682668259515
115682679013838	115682692918838	115682678958213
115682687242172	115682701254984	115682687176703
115682786303630	115682801281910	115682786215036
115682787933317	115682809618838	115682787860713
115682795483995	115682817955921	115682795436963
115682897102797	115682909645557	115682897021234
115682898670453	115682917980140	115682898625297
115683003635661	115683017992953	115683003510922
115683005597276	115683026327276	115683005563890
115683012050244	115683034660921	115683012010401
115683107172276	115683118006130	115683107065244
115683112362692	115683126339932	115683112284567
115683228382640	115683243023890	115683228275401
115683237777953	115683251359723	115683237686026
115683345888994	115683359715764	115683345781130
115683446317223	115683459739723	115683446198838
115683453815140	115683468076389	115683453744359
115683560881338	115683576460608	115683560787744
115683562477223	115683584798577	115683562435401
115683686680661	115683701509515	115683686553578
115683787764359	115683801544566	115683787686182
115683914975140	115683926579879	115683914826286
115683998063265	115684009937171	115683997981702
115684012368265	115684026604515	115684012321182
115684136189202	115684151612171	115684136089775
115684228467796	115684243296754	115684228386338
115684237460400	115684251634514	115684237400192
115684353364827	115684368333577	115684353278734
115684354924879	115684376670140	115684354878473
115684363477275	115684385005972	115684363382015
115684470105244	115684485032795	115684469899046
115684577619254	115684593397483	115684577532327
115684579202223	115684601733681	115684579169306
115684704970921	115684718428368	115684704821025
115684713855713	115684726763785	115684713770556
115684803731598	115684818444254	115684803643473
115684805314931	115684826779618	115684805277848
115684915260973	115684926803056	115684915128473
115684921473785	9223372036854775807	115684921423629

=== poll 1790360201.253015505
8333333
115679777591912	115679792305558	115679777459621
115679885449933	115679900681391	115679885274725
115680002010975	115680017379620	115680001659621
115680006257485	115680025715558	115680006186235
115680110825141	115680125740557	115680110665402
115680120127329	115680134075610	115680120061287
115680226003683	115680242432224	115680225924933
115680228297277	115680250766547	115680228251964
115680352126027	115680367442537	115680351928058
115680477098110	115680492460974	115680476967277
115680556632745	115680575823058	115680556499204
115680563959777	115680584158370	115680563894204
115680669468891	115680684178006	115680669354881
115680670947329	115680692512224	115680670917902
115680791249256	115680809209672	115680791027485
115680895109724	115680909228162	115680895018787
115680896875610	115680917560609	115680896791235
115680995189568	115681009241287	115680994947433
115680997751652	115681017575922	115680997720558
115681004693006	115681025911547	115681004622693
115681119677849	115681134271912	115681119565193
115681128868631	115681142606286	115681128792068
115681226685089	115681242611287	115681226498422
115681327788474	115681342617536	115681327682745
115681329471287	115681350950506	115681329446703
115681336901287	115681359282224	115681336847485
115681451536547	115681467624932	115681451457745
115681453098006	115681475960036	115681453060818
115681582375089	115681601018005	115681582154047
115681670932589	115681684409880	115681670808110
115681784531235	115681801117640	115681784445557
115681786693110	115681809452640	115681786655401
115681896040505	115681909462484	115681895815870
115681898868578	115681917796339	115681898736703
115681903992224	115681926130401	115681903900610
115681998658474	115682009466755	115681998589203
115682012540297	115682026134307	115682012400922
115682020940193	115682034466599	115682020890922
115682129173162	115682142794515	115682129017589
115682235074776	115682251160348	115682234944151
115682236947953	115682259494984	115682236919672
115682344534932	115682359520036	115682344390505
115682346700922	115682367853995	115682346612120
115682470889984	115682484527119	115682470732328
115682586573734	115682601223734	115682586472015
115682668364359	115682684582744	115682668259515
115682679013838	115682692918838	115682678958213
115682687242172	115682701254984	115682687176703
115682786303630	115682801281910	115682786215036
115682787933317	115682809618838	115682787860713
115682795483995	115682817955921	115682795436963
115682897102797	115682909645557	115682897021234
115682898670453	115682917980140	115682898625297
115683003635661	115683017992953	115683003510922
115683005597276	115683026327276	115683005563890
115683012050244	115683034660921	115683012010401
115683107172276	115683118006130	115683107065244
115683112362692	115683126339932	115683112284567
115683228382640	115683243023890	115683228275401
115683237777953	115683251359723	115683237686026
115683345888994	115683359715764	115683345781130
115683446317223	115683459739723	115683446198838
115683453815140	115683468076389	115683453744359
115683560881338	115683576460608	115683560787744
115683562477223	115683584798577	115683562435401
115683686680661	115683701509515	115683686553578
115683787764359	115683801544566	115683787686182
115683914975140	115683926579879	115683914826286
115683998063265	115684009937171	115683997981702
115684012368265	115684026604515	115684012321182
115684136189202	115684151612171	115684136089775
115684228467796	115684243296754	115684228386338
115684237460400	115684251634514	115684237400192
115684353364827	115684368333577	115684353278734
115684354924879	115684376670140	115684354878473
115684363477275	115684385005972	115684363382015
115684470105244	115684485032795	115684469899046
115684577619254	115684593397483	115684577532327
115684579202223	115684601733681	115684579169306
115684704970921	115684718428368	115684704821025
115684713855713	115684726763785	115684713770556
115684803731598	115684818444254	115684803643473
115684805314931	115684826779618	115684805277848
115684915260973	115684926803056	115684915128473
115684921473785	115684935140296	115684921423629
115685032811494	115685051840556	115685032675765
115685040153160	115685060173837	115685040037379
115685063934983	115685076840920	115685063869150
115685073990660	115685085177118	115685073913733
115685079402171	115685093512274	115685079358994
115685140557952	115685160198004	115685140426390
115685246779254	115685260212118	115685246668264
115685254705504	115685268547847	115685254638264
115685380964931	115685393597327	115685380892223
115685382488525	115685401936337	115685382466546
115685388373629	115685410274253	115685388293577
115685482739827	115685493645451	115685482623369
115685591357848	115685602040608	115685591231962
115685599258994	115685610377639	115685598867171
115685699530452	115685710432535	115685699420712
115685807155504	115685818827014	115685806956546
115685816197118	115685827166024	115685816157952
115685939362743	115685952234045	115685939286650
115685940876337	115685960573004	115685940839931
115685996472743	115686010603107	115685996408004
115685998703056	115686018942743	115685998662170
115686011419306	115686027283420	115686011364358
115686030232639	115686043963264	115686030145243
115686146512222	115686160676754	115686146427275
115686147987118	115686169009878	115686147950400
115686262041962	115686277375295	115686261881806
115686369702118	115686385748576	115686369619097
115686469563524	115686485796388	115686469465191
115686471462483	115686494132638	115686471409618
115686588265451	115686602502690	115686588183524
115686589741754	115686610839878	115686589709254
115686696425399	115686710886701	115686696343368
115686697942691	115686719222743	115686697889618
115686705271701	115686727558628	115686705225504
115686819950139	115686835954357	115686819845191
115686918345764	115686936004097	115686918261024
115686922814358	115686944342847	115686922724097
115686930819670	115686952682066	115686930773837
115686990265347	115687002704721	115686990181076
115687038396701	115687052729878	115686992354722
115687088279878	115687102752066	115687041272170
115687156142639	115687169432482	115687156047430

=== poll 1790360203.530320088
8333333
115682012540297	115682026134307	115682012400922
115682020940193	115682034466599	115682020890922
115682129173162	115682142794515	115682129017589
115682235074776	115682251160348	115682234944151
115682236947953	115682259494984	115682236919672
115682344534932	115682359520036	115682344390505
115682346700922	115682367853995	115682346612120
115682470889984	115682484527119	115682470732328
115682586573734	115682601223734	115682586472015
115682668364359	115682684582744	115682668259515
115682679013838	115682692918838	115682678958213
115682687242172	115682701254984	115682687176703
115682786303630	115682801281910	115682786215036
115682787933317	115682809618838	115682787860713
115682795483995	115682817955921	115682795436963
115682897102797	115682909645557	115682897021234
115682898670453	115682917980140	115682898625297
115683003635661	115683017992953	115683003510922
115683005597276	115683026327276	115683005563890
115683012050244	115683034660921	115683012010401
115683107172276	115683118006130	115683107065244
115683112362692	115683126339932	115683112284567
115683228382640	115683243023890	115683228275401
115683237777953	115683251359723	115683237686026
115683345888994	115683359715764	115683345781130
115683446317223	115683459739723	115683446198838
115683453815140	115683468076389	115683453744359
115683560881338	115683576460608	115683560787744
115683562477223	115683584798577	115683562435401
115683686680661	115683701509515	115683686553578
115683787764359	115683801544566	115683787686182
115683914975140	115683926579879	115683914826286
115683998063265	115684009937171	115683997981702
115684012368265	115684026604515	115684012321182
115684136189202	115684151612171	115684136089775
115684228467796	115684243296754	115684228386338
115684237460400	115684251634514	115684237400192
115684353364827	115684368333577	115684353278734
115684354924879	115684376670140	115684354878473
115684363477275	115684385005972	115684363382015
115684470105244	115684485032795	115684469899046
115684577619254	115684593397483	115684577532327
115684579202223	115684601733681	115684579169306
115684704970921	115684718428368	115684704821025
115684713855713	115684726763785	115684713770556
115684803731598	115684818444254	115684803643473
115684805314931	115684826779618	115684805277848
115684915260973	115684926803056	115684915128473
115684921473785	115684935140296	115684921423629
115685032811494	115685051840556	115685032675765
115685040153160	115685060173837	115685040037379
115685063934983	115685076840920	115685063869150
115685073990660	115685085177118	115685073913733
115685079402171	115685093512274	115685079358994
115685140557952	115685160198004	115685140426390
115685246779254	115685260212118	115685246668264
115685254705504	115685268547847	115685254638264
115685380964931	115685393597327	115685380892223
115685382488525	115685401936337	115685382466546
115685388373629	115685410274253	115685388293577
115685482739827	115685493645451	115685482623369
115685591357848	115685602040608	115685591231962
115685599258994	115685610377639	115685598867171
115685699530452	115685710432535	115685699420712
115685807155504	115685818827014	115685806956546
115685816197118	115685827166024	115685816157952
115685939362743	115685952234045	115685939286650
115685940876337	115685960573004	115685940839931
115685996472743	115686010603107	115685996408004
115685998703056	115686018942743	115685998662170
115686011419306	115686027283420	115686011364358
115686030232639	115686043963264	115686030145243
115686146512222	115686160676754	115686146427275
115686147987118	115686169009878	115686147950400
115686262041962	115686277375295	115686261881806
115686369702118	115686385748576	115686369619097
115686469563524	115686485796388	115686469465191
115686471462483	115686494132638	115686471409618
115686588265451	115686602502690	115686588183524
115686589741754	115686610839878	115686589709254
115686696425399	115686710886701	115686696343368
115686697942691	115686719222743	115686697889618
115686705271701	115686727558628	115686705225504
115686819950139	115686835954357	115686819845191
115686918345764	115686936004097	115686918261024
115686922814358	115686944342847	115686922724097
115686930819670	115686952682066	115686930773837
115686990265347	115687002704721	115686990181076
115687038396701	115687052729878	115686992354722
115687088279878	115687102752066	115687041272170
115687156142639	115687169432482	115687156047430
115687205010816	115687219443003	115687163670764
115687255038420	115687269444774	115687238724462
115687305051389	115687319449826	115687264383368
115687381847743	115687402788731	115687381683107
115687430193993	115687444463888	115687392161076
115687480167691	115687494471336	115687472652534
115687577993941	115687594500295	115687577856493
115687580624201	115687602836753	115687580532118
115687690091128	115687702855868	115687689961389
115687697279566	115687711189200	115687697234097
115687822963628	115687836208211	115687822821284
115687932513941	115687944570347	115687932231024
115687998506857	115688019579826	115687998432378
115688001557326	115688027914253	115688001498836
115688005906336	115688036248940	115688005860555
115688030969513	115688044583211	115688030911597
115688039401545	115688052918263	115688039324357
115688139873836	115688152939044	115688139761805
115688188645815	115688202942326	115688149001128
115688255455451	115688269603263	115688255391336
115688372545607	115688386289825	115688372431336
115688421906909	115688436289096	115688381392534
115688482700034	115688494621128	115688482591128
115688590503680	115688602979513	115688590453784
115688700276336	115688711330815	115688700161805
115688808694357	115688819692898	115688808629513
115688929966388	115688944706596	115688929846857
115688996787326	115689011380138	115688996696128
115688998768888	115689019715866	115688998743263
115689009139982	115689028052534	115689009069409
115689022187586	115689036388158	115689022146023
115689031148471	115689044723210	115689031071232
115689155240086	115689169738159	115689155120034
115689262250711	115689278104825	115689262156857
115689379156440	115689394783992	115689379065190
115689497701284	9223372036854775807	115689497582482

=== poll 1790360205.812458733
8333333
115684228467796	115684243296754	115684228386338
115684237460400	115684251634514	115684237400192
115684353364827	115684368333577	115684353278734
115684354924879	115684376670140	115684354878473
115684363477275	115684385005972	115684363382015
115684470105244	115684485032795	115684469899046
115684577619254	115684593397483	115684577532327
115684579202223	115684601733681	115684579169306
115684704970921	115684718428368	115684704821025
115684713855713	115684726763785	115684713770556
115684803731598	115684818444254	115684803643473
115684805314931	115684826779618	115684805277848
115684915260973	115684926803056	115684915128473
115684921473785	115684935140296	115684921423629
115685032811494	115685051840556	115685032675765
115685040153160	115685060173837	115685040037379
115685063934983	115685076840920	115685063869150
115685073990660	115685085177118	115685073913733
115685079402171	115685093512274	115685079358994
115685140557952	115685160198004	115685140426390
115685246779254	115685260212118	115685246668264
115685254705504	115685268547847	115685254638264
115685380964931	115685393597327	115685380892223
115685382488525	115685401936337	115685382466546
115685388373629	115685410274253	115685388293577
115685482739827	115685493645451	115685482623369
115685591357848	115685602040608	115685591231962
115685599258994	115685610377639	115685598867171
115685699530452	115685710432535	115685699420712
115685807155504	115685818827014	115685806956546
115685816197118	115685827166024	115685816157952
115685939362743	115685952234045	115685939286650
115685940876337	115685960573004	115685940839931
115685996472743	115686010603107	115685996408004
115685998703056	115686018942743	115685998662170
115686011419306	115686027283420	115686011364358
115686030232639	115686043963264	115686030145243
115686146512222	115686160676754	115686146427275
115686147987118	115686169009878	115686147950400
115686262041962	115686277375295	115686261881806
115686369702118	115686385748576	115686369619097
115686469563524	115686485796388	115686469465191
115686471462483	115686494132638	115686471409618
115686588265451	115686602502690	115686588183524
115686589741754	115686610839878	115686589709254
115686696425399	115686710886701	115686696343368
115686697942691	115686719222743	115686697889618
115686705271701	115686727558628	115686705225504
115686819950139	115686835954357	115686819845191
115686918345764	115686936004097	115686918261024
115686922814358	115686944342847	115686922724097
115686930819670	115686952682066	115686930773837
115686990265347	115687002704721	115686990181076
115687038396701	115687052729878	115686992354722
115687088279878	115687102752066	115687041272170
115687156142639	115687169432482	115687156047430
115687205010816	115687219443003	115687163670764
115687255038420	115687269444774	115687238724462
115687305051389	115687319449826	115687264383368
115687381847743	115687402788731	115687381683107
115687430193993	115687444463888	115687392161076
115687480167691	115687494471336	115687472652534
115687577993941	115687594500295	115687577856493
115687580624201	115687602836753	115687580532118
115687690091128	115687702855868	115687689961389
115687697279566	115687711189200	115687697234097
115687822963628	115687836208211	115687822821284
115687932513941	115687944570347	115687932231024
115687998506857	115688019579826	115687998432378
115688001557326	115688027914253	115688001498836
115688005906336	115688036248940	115688005860555
115688030969513	115688044583211	115688030911597
115688039401545	115688052918263	115688039324357
115688139873836	115688152939044	115688139761805
115688188645815	115688202942326	115688149001128
115688255455451	115688269603263	115688255391336
115688372545607	115688386289825	115688372431336
115688421906909	115688436289096	115688381392534
115688482700034	115688494621128	115688482591128
115688590503680	115688602979513	115688590453784
115688700276336	115688711330815	115688700161805
115688808694357	115688819692898	115688808629513
115688929966388	115688944706596	115688929846857
115688996787326	115689011380138	115688996696128
115688998768888	115689019715866	115688998743263
115689009139982	115689028052534	115689009069409
115689022187586	115689036388158	115689022146023
115689031148471	115689044723210	115689031071232
115689155240086	115689169738159	115689155120034
115689262250711	115689278104825	115689262156857
115689379156440	115689394783992	115689379065190
115689497701284	115689511461232	115689497582482
115689499492117	115689519794043	115689499438680
115689612323784	115689628144460	115689612203107
115689706994877	115689719843210	115689706872638
115689715918523	115689728180398	115689715874096
115689829753159	115689844884513	115689829559513
115689832512065	115689853218158	115689832404252
115689933448992	115689944896804	115689933344409
115689941063002	115689953231856	115689941000242
115689989606700	115690003237585	115689989541336
115689992262690	115690011573262	115689992213263
115690038849877	115690053251283	115689997678575
115690088973002	115690103253887	115690047405346
115690157533367	115690178252064	115690157464096
115690205575815	115690219923991	115690167828315
115690272870971	115690294926178	115690272755450
115690382502742	115690394925971	115690382383002
115690430621335	115690444938522	115690384340554
115690480580919	115690494954304	115690434986596
115690530552429	115690544957845	115690497448262
115690606017898	115690628304773	115690605951752
115690730569252	115690745003470	115690730041231
115690840758731	115690853348887	115690840569721
115690958156960	115690970049199	115690957943731
115690991599616	115691003388366	115690991513991
115690997594148	115691011723522	115690997533991
115691040290502	115691053392012	115691040137221
115691048065450	115691061725293	115691047921075
115691165711960	115691178393053	115691165517950
115691173160814	115691186728626	115691173119564
115691279268366	115691295064876	115691279148314
115691281657533	115691303398939	115691281629252
115691379953731	115691395066283	115691379849720
115691389323470	115691403400606	115691389280241
115691516809720	115691528419095	115691516612950
115691615173522	115691628429459	115691615104043

=== poll 1790360208.097289513
8333333
115686918345764	115686936004097	115686918261024
115686922814358	115686944342847	115686922724097
115686930819670	115686952682066	115686930773837
115686990265347	115687002704721	115686990181076
115687038396701	115687052729878	115686992354722
115687088279878	115687102752066	115687041272170
115687156142639	115687169432482	115687156047430
115687205010816	115687219443003	115687163670764
115687255038420	115687269444774	115687238724462
115687305051389	115687319449826	115687264383368
115687381847743	115687402788731	115687381683107
115687430193993	115687444463888	115687392161076
115687480167691	115687494471336	115687472652534
115687577993941	115687594500295	115687577856493
115687580624201	115687602836753	115687580532118
115687690091128	115687702855868	115687689961389
115687697279566	115687711189200	115687697234097
115687822963628	115687836208211	115687822821284
115687932513941	115687944570347	115687932231024
115687998506857	115688019579826	115687998432378
115688001557326	115688027914253	115688001498836
115688005906336	115688036248940	115688005860555
115688030969513	115688044583211	115688030911597
115688039401545	115688052918263	115688039324357
115688139873836	115688152939044	115688139761805
115688188645815	115688202942326	115688149001128
115688255455451	115688269603263	115688255391336
115688372545607	115688386289825	115688372431336
115688421906909	115688436289096	115688381392534
115688482700034	115688494621128	115688482591128
115688590503680	115688602979513	115688590453784
115688700276336	115688711330815	115688700161805
115688808694357	115688819692898	115688808629513
115688929966388	115688944706596	115688929846857
115688996787326	115689011380138	115688996696128
115688998768888	115689019715866	115688998743263
115689009139982	115689028052534	115689009069409
115689022187586	115689036388158	115689022146023
115689031148471	115689044723210	115689031071232
115689155240086	115689169738159	115689155120034
115689262250711	115689278104825	115689262156857
115689379156440	115689394783992	115689379065190
115689497701284	115689511461232	115689497582482
115689499492117	115689519794043	115689499438680
115689612323784	115689628144460	115689612203107
115689706994877	115689719843210	115689706872638
115689715918523	115689728180398	115689715874096
115689829753159	115689844884513	115689829559513
115689832512065	115689853218158	115689832404252
115689933448992	115689944896804	115689933344409
115689941063002	115689953231856	115689941000242
115689989606700	115690003237585	115689989541336
115689992262690	115690011573262	115689992213263
115690038849877	115690053251283	115689997678575
115690088973002	115690103253887	115690047405346
115690157533367	115690178252064	115690157464096
115690205575815	115690219923991	115690167828315
115690272870971	115690294926178	115690272755450
115690382502742	115690394925971	115690382383002
115690430621335	115690444938522	115690384340554
115690480580919	115690494954304	115690434986596
115690530552429	115690544957845	115690497448262
115690606017898	115690628304773	115690605951752
115690730569252	115690745003470	115690730041231
115690840758731	115690853348887	115690840569721
115690958156960	115690970049199	115690957943731
115690991599616	115691003388366	115690991513991
115690997594148	115691011723522	115690997533991
115691040290502	115691053392012	115691040137221
115691048065450	115691061725293	115691047921075
115691165711960	115691178393053	115691165517950
115691173160814	115691186728626	115691173119564
115691279268366	115691295064876	115691279148314
115691281657533	115691303398939	115691281629252
115691379953731	115691395066283	115691379849720
115691389323470	115691403400606	115691389280241
115691516809720	115691528419095	115691516612950
115691615173522	115691628429459	115691615104043
115691763270137	115691778438418	115691763159772
115691854708210	115691870104147	115691854626543
115691955235137	115691970105866	115691954893262
115691997923522	115692011773418	115691997831074
115692007046439	115692020105344	115692006975918
115692016009408	115692028438938	115692015954824
115692025502845	115692036773366	115692025427949
115692058557012	115692070111334	115692058420345
115692064994981	115692078447011	115692064934876
115692155183470	115692170133209	115692155104304
115692158224043	115692178466803	115692158189512
115692164921335	115692186800033	115692164846543
115692279463470	115692295133105	115692279354824
115692281325189	115692303467376	115692281265970
115692397168053	115692411795605	115692396980762
115692498135137	115692511791542	115692497994043
115692500927585	115692520125188	115692500856960
115692506970762	115692528460709	115692506837064
115692613764616	115692628485448	115692613660189
115692615287533	115692636822584	115692615238626
115692720876282	115692736844511	115692720741491
115692724805345	115692745178522	115692724722793
115692731547168	115692753511335	115692731473314
115692833985918	115692845186959	115692833814095
115692839473470	115692853522636	115692839391282
115692962137272	115692978545240	115692961962012
115693056765866	115693070219980	115693056659303
115693105922949	115693120216334	115693065150918
115693155803314	115693170221490	115693109734564
115693205867116	115693220229720	115693167078314
115693255800709	115693270236282	115693209483991
115693305995970	115693320247792	115693274342584
115693355874303	115693370253000	115693309809355
115693405877324	115693420261906	115693393471334
115693455897949	115693470268001	115693408520449
115693505900657	115693520278000	115693499275553
115693555914668	115693570273886	115693508983053
115693615660865	115693628611594	115693615521647
115693624093574	115693636948001	115693623960918
115693723178626	115693736983573	115693723096178
115693724663209	115693745320135	115693724630136
115693742781647	115693753656282	115693742681855
115693748396647	115693761992740	115693748309720
115693826573730	115693845371698	115693826485813
115693840729615	115693853709511	115693840690657
115693847886907	115693862046802	115693847828678
115693965738261	115693978762740	115693965597376
115693967942063	115693987098938	115693967857584
115693974013990	115693995434250	115693973919824

=== poll 1790360210.365867012
8333333
115689497701284	115689511461232	115689497582482
115689499492117	115689519794043	115689499438680
115689612323784	115689628144460	115689612203107
115689706994877	115689719843210	115689706872638
115689715918523	115689728180398	115689715874096
115689829753159	115689844884513	115689829559513
115689832512065	115689853218158	115689832404252
115689933448992	115689944896804	115689933344409
115689941063002	115689953231856	115689941000242
115689989606700	115690003237585	115689989541336
115689992262690	115690011573262	115689992213263
115690038849877	115690053251283	115689997678575
115690088973002	115690103253887	115690047405346
115690157533367	115690178252064	115690157464096
115690205575815	115690219923991	115690167828315
115690272870971	115690294926178	115690272755450
115690382502742	115690394925971	115690382383002
115690430621335	115690444938522	115690384340554
115690480580919	115690494954304	115690434986596
115690530552429	115690544957845	115690497448262
115690606017898	115690628304773	115690605951752
115690730569252	115690745003470	115690730041231
115690840758731	115690853348887	115690840569721
115690958156960	115690970049199	115690957943731
115690991599616	115691003388366	115690991513991
115690997594148	115691011723522	115690997533991
115691040290502	115691053392012	115691040137221
115691048065450	115691061725293	115691047921075
115691165711960	115691178393053	115691165517950
115691173160814	115691186728626	115691173119564
115691279268366	115691295064876	115691279148314
115691281657533	115691303398939	115691281629252
115691379953731	115691395066283	115691379849720
115691389323470	115691403400606	115691389280241
115691516809720	115691528419095	115691516612950
115691615173522	115691628429459	115691615104043
115691763270137	115691778438418	115691763159772
115691854708210	115691870104147	115691854626543
115691955235137	115691970105866	115691954893262
115691997923522	115692011773418	115691997831074
115692007046439	115692020105344	115692006975918
115692016009408	115692028438938	115692015954824
115692025502845	115692036773366	115692025427949
115692058557012	115692070111334	115692058420345
115692064994981	115692078447011	115692064934876
115692155183470	115692170133209	115692155104304
115692158224043	115692178466803	115692158189512
115692164921335	115692186800033	115692164846543
115692279463470	115692295133105	115692279354824
115692281325189	115692303467376	115692281265970
115692397168053	115692411795605	115692396980762
115692498135137	115692511791542	115692497994043
115692500927585	115692520125188	115692500856960
115692506970762	115692528460709	115692506837064
115692613764616	115692628485448	115692613660189
115692615287533	115692636822584	115692615238626
115692720876282	115692736844511	115692720741491
115692724805345	115692745178522	115692724722793
115692731547168	115692753511335	115692731473314
115692833985918	115692845186959	115692833814095
115692839473470	115692853522636	115692839391282
115692962137272	115692978545240	115692961962012
115693056765866	115693070219980	115693056659303
115693105922949	115693120216334	115693065150918
115693155803314	115693170221490	115693109734564
115693205867116	115693220229720	115693167078314
115693255800709	115693270236282	115693209483991
115693305995970	115693320247792	115693274342584
115693355874303	115693370253000	115693309809355
115693405877324	115693420261906	115693393471334
115693455897949	115693470268001	115693408520449
115693505900657	115693520278000	115693499275553
115693555914668	115693570273886	115693508983053
115693615660865	115693628611594	115693615521647
115693624093574	115693636948001	115693623960918
115693723178626	115693736983573	115693723096178
115693724663209	115693745320135	115693724630136
115693742781647	115693753656282	115693742681855
115693748396647	115693761992740	115693748309720
115693826573730	115693845371698	115693826485813
115693840729615	115693853709511	115693840690657
115693847886907	115693862046802	115693847828678
115693965738261	115693978762740	115693965597376
115693967942063	115693987098938	115693967857584
115693974013990	115693995434250	115693973919824
115694072456178	115694087133261	115694072300449
115694074610449	115694095471178	115694074490657
115694082269042	115694103808365	115694082170136
115694210225709	115694228863261	115694210123313
115694211719563	115694237201021	115694211683782
115694294309303	115694320555239	115694294234459
115694298612844	115694328886542	115694298522896
115694422792844	115694437243573	115694422604459
115694525684823	115694537259042	115694525593573
115694527345344	115694545592844	115694527294928
115694531884042	115694553927740	115694531810448
115694544603105	115694562261385	115694544562896
115694556924146	115694570596750	115694556842740
115694564751646	115694578932063	115694564717271
115694577294303	115694595605239	115694577251646
115694590091646	115694603943625	115694590046803
115694631830865	115694645621073	115694631712115
115694726593521	115694737298521	115694726513521
115694732100761	115694745634719	115694731954250
115694847945448	115694862332635	115694847815084
115694850548209	115694870668416	115694850474302
115694858208157	115694879004094	115694858164146
115694963573000	115694979018886	115694963343469
115695074940917	115695087357843	115695074759407
115695082774927	115695095690657	115695082716959
115695188728886	115695204044563	115695188574198
115695296609250	115695312397792	115695296472479
115695298932167	115695320730916	115695298877167
115695424536177	115695437400291	115695424392584
115695531943208	115695545748416	115695531778990
115695638426125	115695654127688	115695638334094
115695640143156	115695662464718	115695640104250
115695746648469	115695762489093	115695746557010
115695748310240	115695770825969	115695748272792
115695757794615	115695779162791	115695757731229
115695856609406	115695870859510	115695856524250
115695858172010	115695879195552	115695858133781
115695971185292	115695987578104	115695971080604
115696079355448	115696095971437	115696079271021
115696081847844	115696104307374	115696081780604
115696196697010	115696212658156	115696196558729
115696198863417	115696220993104	115696198761958

=== poll 1790360212.648408626
8333333
115692158224043	115692178466803	115692158189512
115692164921335	115692186800033	115692164846543
115692279463470	115692295133105	115692279354824
115692281325189	115692303467376	115692281265970
115692397168053	115692411795605	115692396980762
115692498135137	115692511791542	115692497994043
115692500927585	115692520125188	115692500856960
115692506970762	115692528460709	115692506837064
115692613764616	115692628485448	115692613660189
115692615287533	115692636822584	115692615238626
115692720876282	115692736844511	115692720741491
115692724805345	115692745178522	115692724722793
115692731547168	115692753511335	115692731473314
115692833985918	115692845186959	115692833814095
115692839473470	115692853522636	115692839391282
115692962137272	115692978545240	115692961962012
115693056765866	115693070219980	115693056659303
115693105922949	115693120216334	115693065150918
115693155803314	115693170221490	115693109734564
115693205867116	115693220229720	115693167078314
115693255800709	115693270236282	115693209483991
115693305995970	115693320247792	115693274342584
115693355874303	115693370253000	115693309809355
115693405877324	115693420261906	115693393471334
115693455897949	115693470268001	115693408520449
115693505900657	115693520278000	115693499275553
115693555914668	115693570273886	115693508983053
115693615660865	115693628611594	115693615521647
115693624093574	115693636948001	115693623960918
115693723178626	115693736983573	115693723096178
115693724663209	115693745320135	115693724630136
115693742781647	115693753656282	115693742681855
115693748396647	115693761992740	115693748309720
115693826573730	115693845371698	115693826485813
115693840729615	115693853709511	115693840690657
115693847886907	115693862046802	115693847828678
115693965738261	115693978762740	115693965597376
115693967942063	115693987098938	115693967857584
115693974013990	115693995434250	115693973919824
115694072456178	115694087133261	115694072300449
115694074610449	115694095471178	115694074490657
115694082269042	115694103808365	115694082170136
115694210225709	115694228863261	115694210123313
115694211719563	115694237201021	115694211683782
115694294309303	115694320555239	115694294234459
115694298612844	115694328886542	115694298522896
115694422792844	115694437243573	115694422604459
115694525684823	115694537259042	115694525593573
115694527345344	115694545592844	115694527294928
115694531884042	115694553927740	115694531810448
115694544603105	115694562261385	115694544562896
115694556924146	115694570596750	115694556842740
115694564751646	115694578932063	115694564717271
115694577294303	115694595605239	115694577251646
115694590091646	115694603943625	115694590046803
115694631830865	115694645621073	115694631712115
115694726593521	115694737298521	115694726513521
115694732100761	115694745634719	115694731954250
115694847945448	115694862332635	115694847815084
115694850548209	115694870668416	115694850474302
115694858208157	115694879004094	115694858164146
115694963573000	115694979018886	115694963343469
115695074940917	115695087357843	115695074759407
115695082774927	115695095690657	115695082716959
115695188728886	115695204044563	115695188574198
115695296609250	115695312397792	115695296472479
115695298932167	115695320730916	115695298877167
115695424536177	115695437400291	115695424392584
115695531943208	115695545748416	115695531778990
115695638426125	115695654127688	115695638334094
115695640143156	115695662464718	115695640104250
115695746648469	115695762489093	115695746557010
115695748310240	115695770825969	115695748272792
115695757794615	115695779162791	115695757731229
115695856609406	115695870859510	115695856524250
115695858172010	115695879195552	115695858133781
115695971185292	115695987578104	115695971080604
115696079355448	115696095971437	115696079271021
115696081847844	115696104307374	115696081780604
115696196697010	115696212658156	115696196558729
115696198863417	115696220993104	115696198761958
115696339057948	115696354361958	115696338950500
115696444845864	115696462733156	115696444687219
115696449043000	115696471068364	115696449001489
115696516993625	115696529412739	115696516860656
115696523727062	115696537747791	115696523635812
115696638739198	115696654419197	115696638637479
115696745309510	115696762772843	115696745216646
115696748505239	115696771108624	115696748473521
115696874616489	115696887789301	115696874395656
115696974037531	115696987794978	115696973945604
115696982197635	115696996128884	115696982126229
115696999985239	115697012794458	115696999909250
115697013780447	115697029462426	115697013711072
115697016444145	115697037797739	115697016406333
115697027879041	115697046133207	115697027846177
115697032322947	115697054467791	115697032236333
115697082759145	115697096138572	115697082626385
115697199235083	115697212827738	115697199094875
115697201360031	115697221161228	115697201277947
115697307805395	115697321165447	115697307657114
115697310522895	115697329498156	115697310447427
115697315922895	115697337833103	115697315827843
115697425573781	115697437871020	115697425403312
115697427710083	115697446209197	115697427626489
115697432638051	115697454547426	115697432560395
115697533046541	115697546236436	115697532885760
115697565666176	115697579576853	115697536191697
115697641189458	115697654589145	115697641067687
115697749364353	115697762936488	115697749277322
115697781874510	115697796273416	115697750803833
115697815342218	115697829605499	115697785844353
115697848495603	115697862939145	115697843384926
115697881843260	115697896273884	115697858314510
115697915195603	115697929607113	115697883983155
115697966344874	115697979611957	115697966268312
115697998617166	115698012951853	115697975160551
115698076598468	115698087961749	115698076505551
115698123729093	115698137963155	115698083250030
115698192717843	115698204637530	115698192610655
115698240267582	115698254646019	115698199165655
115698304182114	115698329665081	115698304047062
115698356965759	115698371340551	115698307670864
115698406915707	115698421351332	115698403994770
115698456976384	115698471370498	115698417197270
115698506943051	115698521398311	115698460641437
115698556908520	115698571430290	115698549866801

=== poll 1790360215.073006698
8333333
115694082269042	115694103808365	115694082170136
115694210225709	115694228863261	115694210123313
115694211719563	115694237201021	115694211683782
115694294309303	115694320555239	115694294234459
115694298612844	115694328886542	115694298522896
115694422792844	115694437243573	115694422604459
115694525684823	115694537259042	115694525593573
115694527345344	115694545592844	115694527294928
115694531884042	115694553927740	115694531810448
115694544603105	115694562261385	115694544562896
115694556924146	115694570596750	115694556842740
115694564751646	115694578932063	115694564717271
115694577294303	115694595605239	115694577251646
115694590091646	115694603943625	115694590046803
115694631830865	115694645621073	115694631712115
115694726593521	115694737298521	115694726513521
115694732100761	115694745634719	115694731954250
115694847945448	115694862332635	115694847815084
115694850548209	115694870668416	115694850474302
115694858208157	115694879004094	115694858164146
115694963573000	115694979018886	115694963343469
115695074940917	115695087357843	115695074759407
115695082774927	115695095690657	115695082716959
115695188728886	115695204044563	115695188574198
115695296609250	115695312397792	115695296472479
115695298932167	115695320730916	115695298877167
115695424536177	115695437400291	115695424392584
115695531943208	115695545748416	115695531778990
115695638426125	115695654127688	115695638334094
115695640143156	115695662464718	115695640104250
115695746648469	115695762489093	115695746557010
115695748310240	115695770825969	115695748272792
115695757794615	115695779162791	115695757731229
115695856609406	115695870859510	115695856524250
115695858172010	115695879195552	115695858133781
115695971185292	115695987578104	115695971080604
115696079355448	115696095971437	115696079271021
115696081847844	115696104307374	115696081780604
115696196697010	115696212658156	115696196558729
115696198863417	115696220993104	115696198761958
115696339057948	115696354361958	115696338950500
115696444845864	115696462733156	115696444687219
115696449043000	115696471068364	115696449001489
115696516993625	115696529412739	115696516860656
115696523727062	115696537747791	115696523635812
115696638739198	115696654419197	115696638637479
115696745309510	115696762772843	115696745216646
115696748505239	115696771108624	115696748473521
115696874616489	115696887789301	115696874395656
115696974037531	115696987794978	115696973945604
115696982197635	115696996128884	115696982126229
115696999985239	115697012794458	115696999909250
115697013780447	115697029462426	115697013711072
115697016444145	115697037797739	115697016406333
115697027879041	115697046133207	115697027846177
115697032322947	115697054467791	115697032236333
115697082759145	115697096138572	115697082626385
115697199235083	115697212827738	115697199094875
115697201360031	115697221161228	115697201277947
115697307805395	115697321165447	115697307657114
115697310522895	115697329498156	115697310447427
115697315922895	115697337833103	115697315827843
115697425573781	115697437871020	115697425403312
115697427710083	115697446209197	115697427626489
115697432638051	115697454547426	115697432560395
115697533046541	115697546236436	115697532885760
115697565666176	115697579576853	115697536191697
115697641189458	115697654589145	115697641067687
115697749364353	115697762936488	115697749277322
115697781874510	115697796273416	115697750803833
115697815342218	115697829605499	115697785844353
115697848495603	115697862939145	115697843384926
115697881843260	115697896273884	115697858314510
115697915195603	115697929607113	115697883983155
115697966344874	115697979611957	115697966268312
115697998617166	115698012951853	115697975160551
115698076598468	115698087961749	115698076505551
115698123729093	115698137963155	115698083250030
115698192717843	115698204637530	115698192610655
115698240267582	115698254646019	115698199165655
115698304182114	115698329665081	115698304047062
115698356965759	115698371340551	115698307670864
115698406915707	115698421351332	115698403994770
115698456976384	115698471370498	115698417197270
115698506943051	115698521398311	115698460641437
115698556908520	115698571430290	115698549866801
115698606986176	115698621453155	115698558800759
115698657015551	115698671464249	115698625562426
115698707022478	115698721473363	115698660463936
115698770383936	115698796467009	115698770271436
115698823750499	115698838140186	115698774190186
115698873732113	115698888143467	115698866282895
115698965222843	115698979829404	115698965126124
115699015457790	115699029834665	115698973934978
115699084700603	115699096503623	115699084567009
115699132163311	115699146523311	115699091947061
115699199724613	115699221538362	115699199580395
115699298692270	115699313219665	115699298607322
115699300173988	115699321555550	115699300148936
115699317361280	115699329890707	115699317250395
115699429977374	115699446564561	115699429775967
115699433972009	115699454900811	115699433872374
115699492739197	115699504913519	115699492652217
115699499046019	115699513245654	115699498989665
115699510655759	115699521578676	115699510578311
115699520091801	115699538244560	115699520034874
115699545895915	115699563238884	115699545797217
115699549512790	115699571569769	115699549455447
115699648833571	115699663214873	115699648665030
115699755948207	115699771551279	115699755816696
115699758537165	115699779886383	115699758461071
115699864187217	115699879892164	115699864037373
115699866254196	115699888227061	115699866122321
115699980405759	115699996538727	115699980261071
115700087859457	115700104851800	115700087711228
115700091014613	115700113184769	115700090924248
115700206830863	115700221500550	115700206661957
115700313683884	115700329820081	115700313551905
115700315881957	115700338154508	115700315820030
115700432846123	115700446483883	115700432692790
115700441501123	115700454819872	115700441404925
115700538730967	115700554816956	115700538588102
115700540905238	115700563149925	115700540817998
115700659523311	115700671483883	115700659338936
115700762852686	115700779825758	115700762775759
115700873789665	115700888160549	115700873711644
115701005226852	115701021429977	115701005043519

=== poll 1790360217.348387634
8333333
115696444845864	115696462733156	115696444687219
115696449043000	115696471068364	115696449001489
115696516993625	115696529412739	115696516860656
115696523727062	115696537747791	115696523635812
115696638739198	115696654419197	115696638637479
115696745309510	115696762772843	115696745216646
115696748505239	115696771108624	115696748473521
115696874616489	115696887789301	115696874395656
115696974037531	115696987794978	115696973945604
115696982197635	115696996128884	115696982126229
115696999985239	115697012794458	115696999909250
115697013780447	115697029462426	115697013711072
115697016444145	115697037797739	115697016406333
115697027879041	115697046133207	115697027846177
115697032322947	115697054467791	115697032236333
115697082759145	115697096138572	115697082626385
115697199235083	115697212827738	115697199094875
115697201360031	115697221161228	115697201277947
115697307805395	115697321165447	115697307657114
115697310522895	115697329498156	115697310447427
115697315922895	115697337833103	115697315827843
115697425573781	115697437871020	115697425403312
115697427710083	115697446209197	115697427626489
115697432638051	115697454547426	115697432560395
115697533046541	115697546236436	115697532885760
115697565666176	115697579576853	115697536191697
115697641189458	115697654589145	115697641067687
115697749364353	115697762936488	115697749277322
115697781874510	115697796273416	115697750803833
115697815342218	115697829605499	115697785844353
115697848495603	115697862939145	115697843384926
115697881843260	115697896273884	115697858314510
115697915195603	115697929607113	115697883983155
115697966344874	115697979611957	115697966268312
115697998617166	115698012951853	115697975160551
115698076598468	115698087961749	115698076505551
115698123729093	115698137963155	115698083250030
115698192717843	115698204637530	115698192610655
115698240267582	115698254646019	115698199165655
115698304182114	115698329665081	115698304047062
115698356965759	115698371340551	115698307670864
115698406915707	115698421351332	115698403994770
115698456976384	115698471370498	115698417197270
115698506943051	115698521398311	115698460641437
115698556908520	115698571430290	115698549866801
115698606986176	115698621453155	115698558800759
115698657015551	115698671464249	115698625562426
115698707022478	115698721473363	115698660463936
115698770383936	115698796467009	115698770271436
115698823750499	115698838140186	115698774190186
115698873732113	115698888143467	115698866282895
115698965222843	115698979829404	115698965126124
115699015457790	115699029834665	115698973934978
115699084700603	115699096503623	115699084567009
115699132163311	115699146523311	115699091947061
115699199724613	115699221538362	115699199580395
115699298692270	115699313219665	115699298607322
115699300173988	115699321555550	115699300148936
115699317361280	115699329890707	115699317250395
115699429977374	115699446564561	115699429775967
115699433972009	115699454900811	115699433872374
115699492739197	115699504913519	115699492652217
115699499046019	115699513245654	115699498989665
115699510655759	115699521578676	115699510578311
115699520091801	115699538244560	115699520034874
115699545895915	115699563238884	115699545797217
115699549512790	115699571569769	115699549455447
115699648833571	115699663214873	115699648665030
115699755948207	115699771551279	115699755816696
115699758537165	115699779886383	115699758461071
115699864187217	115699879892164	115699864037373
115699866254196	115699888227061	115699866122321
115699980405759	115699996538727	115699980261071
115700087859457	115700104851800	115700087711228
115700091014613	115700113184769	115700090924248
115700206830863	115700221500550	115700206661957
115700313683884	115700329820081	115700313551905
115700315881957	115700338154508	115700315820030
115700432846123	115700446483883	115700432692790
115700441501123	115700454819872	115700441404925
115700538730967	115700554816956	115700538588102
115700540905238	115700563149925	115700540817998
115700659523311	115700671483883	115700659338936
115700762852686	115700779825758	115700762775759
115700873789665	115700888160549	115700873711644
115701005226852	115701021429977	115701005043519
115701099443467	115701113058154	115701099303675
115701109235394	115701121388519	115701109162738
115701182675498	115701196371018	115701182582321
115701199074040	115701213036019	115701199005550
115701315551592	115701329711226	115701315462269
115701317124613	115701338046174	115701317080915
115701442947112	115701454714091	115701442843779
115701552048779	115701563030237	115701551903831
115701650245185	115701663001591	115701650187164
115701660318779	115701671333571	115701660244664
115701768151123	115701779649352	115701768036487
115701883419248	115701896270289	115701883233935
115701984772581	115701996245966	115701984647060
115701992206279	115702004578934	115701992144560
115701998924300	115702012911956	115701998876123
115702012472946	115702029574768	115702012416643
115702017607268	115702037904976	115702017526956
115702023979977	115702046234924	115702023932477
115702115450498	115702129531070	115702115350758
115702123626279	115702137860080	115702123574768
115702226424039	115702237821227	115702226237425
115702273506018	115702287806018	115702233988154
115702323516123	115702337803779	115702320058154
115702373358935	115702387790654	115702326259248
115702423340654	115702437783466	115702375667008
115702473341227	115702487777685	115702426104404
115702523350081	115702537768257	115702475407789
115702573526070	115702587759247	115702541021695
115702623310758	115702637749090	115702577675289
115702673381852	115702687722997	115702658469560
115702723281695	115702737689299	115702678101383
115702774372112	115702787659195	115702774247216
115702883693935	115702895940132	115702883543727
115702886677268	115702904268257	115702886586591
115702891139560	115702912597788	115702891046018
115702998897737	115703012550966	115702998740289
115703001653935	115703020881122	115703001584247
115703114378935	115703129181799	115703114201226
115703124925081	115703137512580	115703124782476
115703224618310	115703237497320	115703224480289
115703232043518	115703245831903	115703231981278

=== poll 1790360219.622618102
8333333
115698406915707	115698421351332	115698403994770
115698456976384	115698471370498	115698417197270
115698506943051	115698521398311	115698460641437
115698556908520	115698571430290	115698549866801
115698606986176	115698621453155	115698558800759
115698657015551	115698671464249	115698625562426
115698707022478	115698721473363	115698660463936
115698770383936	115698796467009	115698770271436
115698823750499	115698838140186	115698774190186
115698873732113	115698888143467	115698866282895
115698965222843	115698979829404	115698965126124
115699015457790	115699029834665	115698973934978
115699084700603	115699096503623	115699084567009
115699132163311	115699146523311	115699091947061
115699199724613	115699221538362	115699199580395
115699298692270	115699313219665	115699298607322
115699300173988	115699321555550	115699300148936
115699317361280	115699329890707	115699317250395
115699429977374	115699446564561	115699429775967
115699433972009	115699454900811	115699433872374
115699492739197	115699504913519	115699492652217
115699499046019	115699513245654	115699498989665
115699510655759	115699521578676	115699510578311
115699520091801	115699538244560	115699520034874
115699545895915	115699563238884	115699545797217
115699549512790	115699571569769	115699549455447
115699648833571	115699663214873	115699648665030
115699755948207	115699771551279	115699755816696
115699758537165	115699779886383	115699758461071
115699864187217	115699879892164	115699864037373
115699866254196	115699888227061	115699866122321
115699980405759	115699996538727	115699980261071
115700087859457	115700104851800	115700087711228
115700091014613	115700113184769	115700090924248
115700206830863	115700221500550	115700206661957
115700313683884	115700329820081	115700313551905
115700315881957	115700338154508	115700315820030
115700432846123	115700446483883	115700432692790
115700441501123	115700454819872	115700441404925
115700538730967	115700554816956	115700538588102
115700540905238	115700563149925	115700540817998
115700659523311	115700671483883	115700659338936
115700762852686	115700779825758	115700762775759
115700873789665	115700888160549	115700873711644
115701005226852	115701021429977	115701005043519
115701099443467	115701113058154	115701099303675
115701109235394	115701121388519	115701109162738
115701182675498	115701196371018	115701182582321
115701199074040	115701213036019	115701199005550
115701315551592	115701329711226	115701315462269
115701317124613	115701338046174	115701317080915
115701442947112	115701454714091	115701442843779
115701552048779	115701563030237	115701551903831
115701650245185	115701663001591	115701650187164
115701660318779	115701671333571	115701660244664
115701768151123	115701779649352	115701768036487
115701883419248	115701896270289	115701883233935
115701984772581	115701996245966	115701984647060
115701992206279	115702004578934	115701992144560
115701998924300	115702012911956	115701998876123
115702012472946	115702029574768	115702012416643
115702017607268	115702037904976	115702017526956
115702023979977	115702046234924	115702023932477
115702115450498	115702129531070	115702115350758
115702123626279	115702137860080	115702123574768
115702226424039	115702237821227	115702226237425
115702273506018	115702287806018	115702233988154
115702323516123	115702337803779	115702320058154
115702373358935	115702387790654	115702326259248
115702423340654	115702437783466	115702375667008
115702473341227	115702487777685	115702426104404
115702523350081	115702537768257	115702475407789
115702573526070	115702587759247	115702541021695
115702623310758	115702637749090	115702577675289
115702673381852	115702687722997	115702658469560
115702723281695	115702737689299	115702678101383
115702774372112	115702787659195	115702774247216
115702883693935	115702895940132	115702883543727
115702886677268	115702904268257	115702886586591
115702891139560	115702912597788	115702891046018
115702998897737	115703012550966	115702998740289
115703001653935	115703020881122	115703001584247
115703114378935	115703129181799	115703114201226
115703124925081	115703137512580	115703124782476
115703224618310	115703237497320	115703224480289
115703232043518	115703245831903	115703231981278
115703337836955	115703354149924	115703337751955
115703462804351	115703479119038	115703462695862
115703464928414	115703487451069	115703464838205
115703558924403	115703570764090	115703558642528
115703561681487	115703579097475	115703561575497
115703565582945	115703587431955	115703565406955
115703675555914	115703687419976	115703675369820
115703677691174	115703695752215	115703677625757
115703681693101	115703704084715	115703681651226
115703780168622	115703795725080	115703780057893
115703786393987	115703804054923	115703786349768
115703891050132	115703904030913	115703890868466
115703898207372	115703912364715	115703898141799
115704005878934	115704020704298	115704005760757
115704112534611	115704129033622	115704112323986
115704216786799	115704229028673	115704216711486
115704225284247	115704237363674	115704225236122
115704231306955	115704245698674	115704231272111
115704339245236	115704354032580	115704339120913
115704449021278	115704462356278	115704448898622
115704450621903	115704470687840	115704450575028
115704493565549	115704504014298	115704493492424
115704500114038	115704512346851	115704500068986
115704510938726	115704529014663	115704510881278
115704519143257	115704537347475	115704519092840
115704526022007	115704545681537	115704525981122
115704541363986	115704554015808	115704541306330
115704551365809	115704562350444	115704551293205
115704558733049	115704570684611	115704558696382
115704652890132	115704670693100	115704652838465
115704667566538	115704679025809	115704667414038
115704775925080	115704787351121	115704775833517
115704888287163	115704903989611	115704888192736
115704889879038	115704912322110	115704889845965
115704996663569	115705012299663	115704996503413
115705105365080	115705120603882	115705105219611
115705220955653	115705237244194	115705220846486
115705337349351	115705353922839	115705337269298
115705446656173	115705462264141	115705446567684
115705448159194	115705470597683	115705448128205
115705574558569	9223372036854775807	115705574443621

=== poll 1790360221.881624039
8333333
115700432846123	115700446483883	115700432692790
115700441501123	115700454819872	115700441404925
115700538730967	115700554816956	115700538588102
115700540905238	115700563149925	115700540817998
115700659523311	115700671483883	115700659338936
115700762852686	115700779825758	115700762775759
115700873789665	115700888160549	115700873711644
115701005226852	115701021429977	115701005043519
115701099443467	115701113058154	115701099303675
115701109235394	115701121388519	115701109162738
115701182675498	115701196371018	115701182582321
115701199074040	115701213036019	115701199005550
115701315551592	115701329711226	115701315462269
115701317124613	115701338046174	115701317080915
115701442947112	115701454714091	115701442843779
115701552048779	115701563030237	115701551903831
115701650245185	115701663001591	115701650187164
115701660318779	115701671333571	115701660244664
115701768151123	115701779649352	115701768036487
115701883419248	115701896270289	115701883233935
115701984772581	115701996245966	115701984647060
115701992206279	115702004578934	115701992144560
115701998924300	115702012911956	115701998876123
115702012472946	115702029574768	115702012416643
115702017607268	115702037904976	115702017526956
115702023979977	115702046234924	115702023932477
115702115450498	115702129531070	115702115350758
115702123626279	115702137860080	115702123574768
115702226424039	115702237821227	115702226237425
115702273506018	115702287806018	115702233988154
115702323516123	115702337803779	115702320058154
115702373358935	115702387790654	115702326259248
115702423340654	115702437783466	115702375667008
115702473341227	115702487777685	115702426104404
115702523350081	115702537768257	115702475407789
115702573526070	115702587759247	115702541021695
115702623310758	115702637749090	115702577675289
115702673381852	115702687722997	115702658469560
115702723281695	115702737689299	115702678101383
115702774372112	115702787659195	115702774247216
115702883693935	115702895940132	115702883543727
115702886677268	115702904268257	115702886586591
115702891139560	115702912597788	115702891046018
115702998897737	115703012550966	115702998740289
115703001653935	115703020881122	115703001584247
115703114378935	115703129181799	115703114201226
115703124925081	115703137512580	115703124782476
115703224618310	115703237497320	115703224480289
115703232043518	115703245831903	115703231981278
115703337836955	115703354149924	115703337751955
115703462804351	115703479119038	115703462695862
115703464928414	115703487451069	115703464838205
115703558924403	115703570764090	115703558642528
115703561681487	115703579097475	115703561575497
115703565582945	115703587431955	115703565406955
115703675555914	115703687419976	115703675369820
115703677691174	115703695752215	115703677625757
115703681693101	115703704084715	115703681651226
115703780168622	115703795725080	115703780057893
115703786393987	115703804054923	115703786349768
115703891050132	115703904030913	115703890868466
115703898207372	115703912364715	115703898141799
115704005878934	115704020704298	115704005760757
115704112534611	115704129033622	115704112323986
115704216786799	115704229028673	115704216711486
115704225284247	115704237363674	115704225236122
115704231306955	115704245698674	115704231272111
115704339245236	115704354032580	115704339120913
115704449021278	115704462356278	115704448898622
115704450621903	115704470687840	115704450575028
115704493565549	115704504014298	115704493492424
115704500114038	115704512346851	115704500068986
115704510938726	115704529014663	115704510881278
115704519143257	115704537347475	115704519092840
115704526022007	115704545681537	115704525981122
115704541363986	115704554015808	115704541306330
115704551365809	115704562350444	115704551293205
115704558733049	115704570684611	115704558696382
115704652890132	115704670693100	115704652838465
115704667566538	115704679025809	115704667414038
115704775925080	115704787351121	115704775833517
115704888287163	115704903989611	115704888192736
115704889879038	115704912322110	115704889845965
115704996663569	115705012299663	115704996503413
115705105365080	115705120603882	115705105219611
115705220955653	115705237244194	115705220846486
115705337349351	115705353922839	115705337269298
115705446656173	115705462264141	115705446567684
115705448159194	115705470597683	115705448128205
115705574558569	115705587250912	115705574443621
115705576255288	115705595585757	115705576205965
115705582264611	115705603920079	115705582211590
115705689353725	115705703927631	115705689246850
115705697998725	115705712261694	115705697939350
115705786944090	115705803918465	115705786794142
115705891503882	115705903913881	115705891436382
115705898230913	115705912248569	115705898174507
115706014541486	115706028921173	115706014408777
115706115125340	115706128929193	115706115020548
115706123636798	115706137264558	115706123535288
115706239582006	115706253939610	115706239423934
115706339931538	115706353957787	115706339847944
115706348130236	115706362293256	115706348071694
115706474336954	115706495654297	115706474184871
115706567533361	115706579005443	115706567461486
115706573075183	115706587339245	115706573039246
115706689058933	115706704029766	115706688757423
115706707607371	115706720698100	115706707478569
115706799065235	115706812361120	115706798971017
115706904826017	115706920700131	115706904685496
115706907367162	115706929031954	115706907294819
115707005567527	115707020680964	115707005490131
115707015831277	115707029012683	115707015778204
115707025687579	115707037344297	115707025626381
115707035078152	115707045674922	115707035019298
115707048358308	115707062336485	115707048297944
115707115648933	115707137324506	115707115554350
115707164781902	115707178991954	115707123873100
115707225264767	115707237324245	115707225137839
115707273015444	115707287322839	115707232068725
115707341046850	115707362300964	115707340934506
115707457468204	115707470601537	115707457316277
115707506303829	115707520593724	115707460238308
115707556193829	115707570584714	115707548341173
115707606266641	115707620575547	115707565596068
115707682193985	115707703905182	115707682022943
115707804890131	115707820560859	115707804740652

=== poll 1790360224.159171434
8333333
115703224618310	115703237497320	115703224480289
115703232043518	115703245831903	115703231981278
115703337836955	115703354149924	115703337751955
115703462804351	115703479119038	115703462695862
115703464928414	115703487451069	115703464838205
115703558924403	115703570764090	115703558642528
115703561681487	115703579097475	115703561575497
115703565582945	115703587431955	115703565406955
115703675555914	115703687419976	115703675369820
115703677691174	115703695752215	115703677625757
115703681693101	115703704084715	115703681651226
115703780168622	115703795725080	115703780057893
115703786393987	115703804054923	115703786349768
115703891050132	115703904030913	115703890868466
115703898207372	115703912364715	115703898141799
115704005878934	115704020704298	115704005760757
115704112534611	115704129033622	115704112323986
115704216786799	115704229028673	115704216711486
115704225284247	115704237363674	115704225236122
115704231306955	115704245698674	115704231272111
115704339245236	115704354032580	115704339120913
115704449021278	115704462356278	115704448898622
115704450621903	115704470687840	115704450575028
115704493565549	115704504014298	115704493492424
115704500114038	115704512346851	115704500068986
115704510938726	115704529014663	115704510881278
115704519143257	115704537347475	115704519092840
115704526022007	115704545681537	115704525981122
115704541363986	115704554015808	115704541306330
115704551365809	115704562350444	115704551293205
115704558733049	115704570684611	115704558696382
115704652890132	115704670693100	115704652838465
115704667566538	115704679025809	115704667414038
115704775925080	115704787351121	115704775833517
115704888287163	115704903989611	115704888192736
115704889879038	115704912322110	115704889845965
115704996663569	115705012299663	115704996503413
115705105365080	115705120603882	115705105219611
115705220955653	115705237244194	115705220846486
115705337349351	115705353922839	115705337269298
115705446656173	115705462264141	115705446567684
115705448159194	115705470597683	115705448128205
115705574558569	115705587250912	115705574443621
115705576255288	115705595585757	115705576205965
115705582264611	115705603920079	115705582211590
115705689353725	115705703927631	115705689246850
115705697998725	115705712261694	115705697939350
115705786944090	115705803918465	115705786794142
115705891503882	115705903913881	115705891436382
115705898230913	115705912248569	115705898174507
115706014541486	115706028921173	115706014408777
115706115125340	115706128929193	115706115020548
115706123636798	115706137264558	115706123535288
115706239582006	115706253939610	115706239423934
115706339931538	115706353957787	115706339847944
115706348130236	115706362293256	115706348071694
115706474336954	115706495654297	115706474184871
115706567533361	115706579005443	115706567461486
115706573075183	115706587339245	115706573039246
115706689058933	115706704029766	115706688757423
115706707607371	115706720698100	115706707478569
115706799065235	115706812361120	115706798971017
115706904826017	115706920700131	115706904685496
115706907367162	115706929031954	115706907294819
115707005567527	115707020680964	115707005490131
115707015831277	115707029012683	115707015778204
115707025687579	115707037344297	115707025626381
115707035078152	115707045674922	115707035019298
115707048358308	115707062336485	115707048297944
115707115648933	115707137324506	115707115554350
115707164781902	115707178991954	115707123873100
115707225264767	115707237324245	115707225137839
115707273015444	115707287322839	115707232068725
115707341046850	115707362300964	115707340934506
115707457468204	115707470601537	115707457316277
115707506303829	115707520593724	115707460238308
115707556193829	115707570584714	115707548341173
115707606266641	115707620575547	115707565596068
115707682193985	115707703905182	115707682022943
115707804890131	115707820560859	115707804740652
115707921483777	115707937211485	115707921333672
115707923634610	115707945545234	115707923562370
115708015473672	115708028877943	115708015366902
115708017559506	115708037211224	115708017469662
115708124229766	115708137217318	115708124077058
115708126735339	115708145550182	115708126584766
115708232922943	115708245532474	115708232774506
115708236175235	115708253864662	115708236078724
115708342317943	115708362199870	115708342174974
115708344936485	115708370535078	115708344844454
115708447140495	115708462193255	115708447015756
115708448838047	115708470528307	115708448778308
115708456428308	115708478861015	115708456379818
115708554244141	115708570539192	115708554131068
115708555984558	115708578875026	115708555952110
115708671218203	115708687226640	115708671131589
115708672902683	115708695561172	115708672851328
115708780765495	115708795559088	115708780622787
115708783054506	115708803891901	115708782940547
115708883624818	115708895558255	115708883552630
115708931173828	115708945562942	115708898279662
115709008284349	115709028903515	115709008151953
115709056202891	115709070566328	115709015598568
115709109077735	115709120564973	115709109010651
115709156266641	115709170573672	115709116060807
115709216286016	115709228915078	115709216123203
115709264522370	115709278920807	115709223602578
115709314517005	115709328929661	115709267807370
115709364557630	115709378941484	115709324113307
115709414488359	115709428943984	115709368535964
115709464548568	115709478949661	115709450620547
115709468740964	115709487283255	115709468661953
115709493025911	115709503950963	115709492939505
115709498269349	115709512284974	115709498218359
115709508865495	115709520618880	115709508811641
115709516757682	115709528952943	115709516708932
115709528679141	115709545621224	115709528622578
115709543700964	115709562288151	115709543645495
115709556887995	115709570621224	115709556840026
115709663486901	115709678958098	115709663406849
115709783356068	115709803921901	115709783169349
115709887095390	115709903903619	115709887004245
115709991677005	115710003876640	115709991532526
115709993282578	115710012209609	115709993243724
115710105405182	115710120521380	115710105007578
115710108067005	115710128853411	115710107983828
115710114752474	9223372036854775807	115710114702317

=== poll 1790360226.438922110
8333333
115704889879038	115704912322110	115704889845965
115704996663569	115705012299663	115704996503413
115705105365080	115705120603882	115705105219611
115705220955653	115705237244194	115705220846486
115705337349351	115705353922839	115705337269298
115705446656173	115705462264141	115705446567684
115705448159194	115705470597683	115705448128205
115705574558569	115705587250912	115705574443621
115705576255288	115705595585757	115705576205965
115705582264611	115705603920079	115705582211590
115705689353725	115705703927631	115705689246850
115705697998725	115705712261694	115705697939350
115705786944090	115705803918465	115705786794142
115705891503882	115705903913881	115705891436382
115705898230913	115705912248569	115705898174507
115706014541486	115706028921173	115706014408777
115706115125340	115706128929193	115706115020548
115706123636798	115706137264558	115706123535288
115706239582006	115706253939610	115706239423934
115706339931538	115706353957787	115706339847944
115706348130236	115706362293256	115706348071694
115706474336954	115706495654297	115706474184871
115706567533361	115706579005443	115706567461486
115706573075183	115706587339245	115706573039246
115706689058933	115706704029766	115706688757423
115706707607371	115706720698100	115706707478569
115706799065235	115706812361120	115706798971017
115706904826017	115706920700131	115706904685496
115706907367162	115706929031954	115706907294819
115707005567527	115707020680964	115707005490131
115707015831277	115707029012683	115707015778204
115707025687579	115707037344297	115707025626381
115707035078152	115707045674922	115707035019298
115707048358308	115707062336485	115707048297944
115707115648933	115707137324506	115707115554350
115707164781902	115707178991954	115707123873100
115707225264767	115707237324245	115707225137839
115707273015444	115707287322839	115707232068725
115707341046850	115707362300964	115707340934506
115707457468204	115707470601537	115707457316277
115707506303829	115707520593724	115707460238308
115707556193829	115707570584714	115707548341173
115707606266641	115707620575547	115707565596068
115707682193985	115707703905182	115707682022943
115707804890131	115707820560859	115707804740652
115707921483777	115707937211485	115707921333672
115707923634610	115707945545234	115707923562370
115708015473672	115708028877943	115708015366902
115708017559506	115708037211224	115708017469662
115708124229766	115708137217318	115708124077058
115708126735339	115708145550182	115708126584766
115708232922943	115708245532474	115708232774506
115708236175235	115708253864662	115708236078724
115708342317943	115708362199870	115708342174974
115708344936485	115708370535078	115708344844454
115708447140495	115708462193255	115708447015756
115708448838047	115708470528307	115708448778308
115708456428308	115708478861015	115708456379818
115708554244141	115708570539192	115708554131068
115708555984558	115708578875026	115708555952110
115708671218203	115708687226640	115708671131589
115708672902683	115708695561172	115708672851328
115708780765495	115708795559088	115708780622787
115708783054506	115708803891901	115708782940547
115708883624818	115708895558255	115708883552630
115708931173828	115708945562942	115708898279662
115709008284349	115709028903515	115709008151953
115709056202891	115709070566328	115709015598568
115709109077735	115709120564973	115709109010651
115709156266641	115709170573672	115709116060807
115709216286016	115709228915078	115709216123203
115709264522370	115709278920807	115709223602578
115709314517005	115709328929661	115709267807370
115709364557630	115709378941484	115709324113307
115709414488359	115709428943984	115709368535964
115709464548568	115709478949661	115709450620547
115709468740964	115709487283255	115709468661953
115709493025911	115709503950963	115709492939505
115709498269349	115709512284974	115709498218359
115709508865495	115709520618880	115709508811641
115709516757682	115709528952943	115709516708932
115709528679141	115709545621224	115709528622578
115709543700964	115709562288151	115709543645495
115709556887995	115709570621224	115709556840026
115709663486901	115709678958098	115709663406849
115709783356068	115709803921901	115709783169349
115709887095390	115709903903619	115709887004245
115709991677005	115710003876640	115709991532526
115709993282578	115710012209609	115709993243724
115710105405182	115710120521380	115710105007578
115710108067005	115710128853411	115710107983828
115710114752474	115710137186484	115710114702317
115710222419609	115710237160494	115710222266640
115710224516067	115710245492577	115710224426849
115710330922682	115710345484921	115710330788828
115710437691797	115710453806848	115710437543359
115710440689869	115710462138462	115710440641328
115710448189453	115710470471327	115710448137474
115710556194192	115710570442368	115710556095911
115710564711849	115710578773671	115710564630338
115710674154349	115710687093463	115710674019453
115710779539192	115710795419609	115710779444921
115710781172213	115710803750806	115710781136223
115710883469088	115710895408931	115710883336171
115710891361848	115710903743254	115710891308776
115711005061900	115711020396380	115711004933046
115711107434296	115711120376275	115711107347317
115711114816275	115711128707786	115711114759244
115711240987942	115711253701431	115711240806692
115711348304244	115711362032316	115711348101692
115711464198150	115711478679400	115711463962629
115711571998827	115711586979452	115711571883046
115711584296692	115711595308462	115711584136275
115711688688567	115711703619972	115711688506952
115711691534661	115711711954243	115711691456796
115711792051900	115711803598045	115711791883515
115711799025129	115711811930910	115711798915129
115711922044140	115711936908410	115711921900546
115712032705129	115712045232369	115712032600598
115712040044452	115712053565337	115712039980442
115712049333046	115712061897421	115712049286952
115712064557785	115712078561014	115712064457629
115712117274973	115712128553306	115712117170338
115712122731275	115712136884712	115712122690181
115712230510963	115712245165181	115712230386952
115712280786796	115712295145128	115712232392004
115712380061587	115712395136899	115712379944765

=== poll 1790360228.707102995
8333333
115708017559506	115708037211224	115708017469662
115708124229766	115708137217318	115708124077058
115708126735339	115708145550182	115708126584766
115708232922943	115708245532474	115708232774506
115708236175235	115708253864662	115708236078724
115708342317943	115708362199870	115708342174974
115708344936485	115708370535078	115708344844454
115708447140495	115708462193255	115708447015756
115708448838047	115708470528307	115708448778308
115708456428308	115708478861015	115708456379818
115708554244141	115708570539192	115708554131068
115708555984558	115708578875026	115708555952110
115708671218203	115708687226640	115708671131589
115708672902683	115708695561172	115708672851328
115708780765495	115708795559088	115708780622787
115708783054506	115708803891901	115708782940547
115708883624818	115708895558255	115708883552630
115708931173828	115708945562942	115708898279662
115709008284349	115709028903515	115709008151953
115709056202891	115709070566328	115709015598568
115709109077735	115709120564973	115709109010651
115709156266641	115709170573672	115709116060807
115709216286016	115709228915078	115709216123203
115709264522370	115709278920807	115709223602578
115709314517005	115709328929661	115709267807370
115709364557630	115709378941484	115709324113307
115709414488359	115709428943984	115709368535964
115709464548568	115709478949661	115709450620547
115709468740964	115709487283255	115709468661953
115709493025911	115709503950963	115709492939505
115709498269349	115709512284974	115709498218359
115709508865495	115709520618880	115709508811641
115709516757682	115709528952943	115709516708932
115709528679141	115709545621224	115709528622578
115709543700964	115709562288151	115709543645495
115709556887995	115709570621224	115709556840026
115709663486901	115709678958098	115709663406849
115709783356068	115709803921901	115709783169349
115709887095390	115709903903619	115709887004245
115709991677005	115710003876640	115709991532526
115709993282578	115710012209609	115709993243724
115710105405182	115710120521380	115710105007578
115710108067005	115710128853411	115710107983828
115710114752474	115710137186484	115710114702317
115710222419609	115710237160494	115710222266640
115710224516067	115710245492577	115710224426849
115710330922682	115710345484921	115710330788828
115710437691797	115710453806848	115710437543359
115710440689869	115710462138462	115710440641328
115710448189453	115710470471327	115710448137474
115710556194192	115710570442368	115710556095911
115710564711849	115710578773671	115710564630338
115710674154349	115710687093463	115710674019453
115710779539192	115710795419609	115710779444921
115710781172213	115710803750806	115710781136223
115710883469088	115710895408931	115710883336171
115710891361848	115710903743254	115710891308776
115711005061900	115711020396380	115711004933046
115711107434296	115711120376275	115711107347317
115711114816275	115711128707786	115711114759244
115711240987942	115711253701431	115711240806692
115711348304244	115711362032316	115711348101692
115711464198150	115711478679400	115711463962629
115711571998827	115711586979452	115711571883046
115711584296692	115711595308462	115711584136275
115711688688567	115711703619972	115711688506952
115711691534661	115711711954243	115711691456796
115711792051900	115711803598045	115711791883515
115711799025129	115711811930910	115711798915129
115711922044140	115711936908410	115711921900546
115712032705129	115712045232369	115712032600598
115712040044452	115712053565337	115712039980442
115712049333046	115712061897421	115712049286952
115712064557785	115712078561014	115712064457629
115712117274973	115712128553306	115712117170338
115712122731275	115712136884712	115712122690181
115712230510963	115712245165181	115712230386952
115712280786796	115712295145128	115712232392004
115712380061587	115712395136899	115712379944765
115712449842994	115712470147785	115712449689608
115712497391379	115712511816691	115712456303567
115712548985962	115712561815597	115712548905858
115712597436692	115712611819868	115712556456223
115712665148931	115712678475233	115712665052421
115712714067108	115712728467108	115712672641587
115712772971431	115712786816170	115712772859608
115712781087421	115712795153722	115712781020494
115712887910129	115712903512993	115712887767316
115712891040650	115712911847107	115712890940285
115712902805754	115712920180077	115712902744869
115713006093723	115713020186951	115713005970181
115713007695598	115713028520024	115713007656796
115713104054556	115713120199035	115713103854764
115713115001639	115713128535285	115713114899868
115713229625389	115713245206587	115713229529712
115713231274295	115713253539451	115713231204712
115713345382316	115713361874034	115713345251483
115713455159556	115713470252107	115713455060545
115713505875858	115713520283358	115713456819660
115713556556431	115713570305389	115713556458983
115713605805337	115713620326690	115713565052941
115713665687785	115713678671587	115713665582316
115713714270597	115713728680076	115713673552785
115713792075441	115713812025857	115713791868097
115713839280285	115713853707680	115713798552681
115713898586951	115713912066743	115713898504764
115713947784920	115713962095024	115713906244660
115714000946847	115714012115857	115714000780754
115714008992160	115714020450910	115714008948201
115714014421483	115714028784608	115714014395024
115714124097628	115714137128305	115714123938201
115714127161691	115714145462108	115714127082472
115714131966431	115714153796690	115714131866431
115714230019712	115714245471794	115714229919503
115714232947316	115714253808618	115714232850233
115714241514764	115714262145440	115714241424295
115714346752264	115714362151013	115714346520493
115714349408670	115714370486274	115714349331430
115714456720024	115714470506014	115714456618097
115714458228930	115714478843096	115714458202420
115714493242003	115714503851690	115714493151430
115714498253878	115714512187575	115714498204087
115714531090649	115714545529972	115714510038566
115714564468253	115714578864347	115714534881639
115714597769816	115714612194242	115714568184399
115714631153878	115714645519972	115714600373201
115714664511639	9223372036854775807	115714634012420

=== poll 1790360230.992759400
8333333
115709543700964	115709562288151	115709543645495
115709556887995	115709570621224	115709556840026
115709663486901	115709678958098	115709663406849
115709783356068	115709803921901	115709783169349
115709887095390	115709903903619	115709887004245
115709991677005	115710003876640	115709991532526
115709993282578	115710012209609	115709993243724
115710105405182	115710120521380	115710105007578
115710108067005	115710128853411	115710107983828
115710114752474	115710137186484	115710114702317
115710222419609	115710237160494	115710222266640
115710224516067	115710245492577	115710224426849
115710330922682	115710345484921	115710330788828
115710437691797	115710453806848	115710437543359
115710440689869	115710462138462	115710440641328
115710448189453	115710470471327	115710448137474
115710556194192	115710570442368	115710556095911
115710564711849	115710578773671	115710564630338
115710674154349	115710687093463	115710674019453
115710779539192	115710795419609	115710779444921
115710781172213	115710803750806	115710781136223
115710883469088	115710895408931	115710883336171
115710891361848	115710903743254	115710891308776
115711005061900	115711020396380	115711004933046
115711107434296	115711120376275	115711107347317
115711114816275	115711128707786	115711114759244
115711240987942	115711253701431	115711240806692
115711348304244	115711362032316	115711348101692
115711464198150	115711478679400	115711463962629
115711571998827	115711586979452	115711571883046
115711584296692	115711595308462	115711584136275
115711688688567	115711703619972	115711688506952
115711691534661	115711711954243	115711691456796
115711792051900	115711803598045	115711791883515
115711799025129	115711811930910	115711798915129
115711922044140	115711936908410	115711921900546
115712032705129	115712045232369	115712032600598
115712040044452	115712053565337	115712039980442
115712049333046	115712061897421	115712049286952
115712064557785	115712078561014	115712064457629
115712117274973	115712128553306	115712117170338
115712122731275	115712136884712	115712122690181
115712230510963	115712245165181	115712230386952
115712280786796	115712295145128	115712232392004
115712380061587	115712395136899	115712379944765
115712449842994	115712470147785	115712449689608
115712497391379	115712511816691	115712456303567
115712548985962	115712561815597	115712548905858
115712597436692	115712611819868	115712556456223
115712665148931	115712678475233	115712665052421
115712714067108	115712728467108	115712672641587
115712772971431	115712786816170	115712772859608
115712781087421	115712795153722	115712781020494
115712887910129	115712903512993	115712887767316
115712891040650	115712911847107	115712890940285
115712902805754	115712920180077	115712902744869
115713006093723	115713020186951	115713005970181
115713007695598	115713028520024	115713007656796
115713104054556	115713120199035	115713103854764
115713115001639	115713128535285	115713114899868
115713229625389	115713245206587	115713229529712
115713231274295	115713253539451	115713231204712
115713345382316	115713361874034	115713345251483
115713455159556	115713470252107	115713455060545
115713505875858	115713520283358	115713456819660
115713556556431	115713570305389	115713556458983
115713605805337	115713620326690	115713565052941
115713665687785	115713678671587	115713665582316
115713714270597	115713728680076	115713673552785
115713792075441	115713812025857	115713791868097
115713839280285	115713853707680	115713798552681
115713898586951	115713912066743	115713898504764
115713947784920	115713962095024	115713906244660
115714000946847	115714012115857	115714000780754
115714008992160	115714020450910	115714008948201
115714014421483	115714028784608	115714014395024
115714124097628	115714137128305	115714123938201
115714127161691	115714145462108	115714127082472
115714131966431	115714153796690	115714131866431
115714230019712	115714245471794	115714229919503
115714232947316	115714253808618	115714232850233
115714241514764	115714262145440	115714241424295
115714346752264	115714362151013	115714346520493
115714349408670	115714370486274	115714349331430
115714456720024	115714470506014	115714456618097
115714458228930	115714478843096	115714458202420
115714493242003	115714503851690	115714493151430
115714498253878	115714512187575	115714498204087
115714531090649	115714545529972	115714510038566
115714564468253	115714578864347	115714534881639
115714597769816	115714612194242	115714568184399
115714631153878	115714645519972	115714600373201
115714664511639	115714678856378	115714634012420
115714697835441	115714712181274	115714673714243
115714731108982	115714745510336	115714700391534
115714836948149	115714853823252	115714836718462
115714872793045	115714887149347	115714841033462
115714906318305	115714920472263	115714885950701
115714939499139	115714953792159	115714910293201
115715006882576	115715028767889	115715006775128
115715124884607	115715145412576	115715124620180
115715228649138	115715245392471	115715228479607
115715332545753	115715345385648	115715332402680
115715381037732	115715395398617	115715334519972
115715430961065	115715445406690	115715385205805
115715481009607	115715495416221	115715448049920
115715543385493	115715570412003	115715543310440
115715597631638	115715612076221	115715559460284
115715664813617	115715678738774	115715664730909
115715714407472	115715728728149	115715673003045
115715773733565	115715787063669	115715773679659
115715782513982	115715795397002	115715784796534
115715922800857	115715937047210	115715922678253
115715997934555	115716012061378	115715997854451
115716128453305	115716145403721	115716128293149
115716240397784	115716253744033	115716240236690
115716243300492	115716262077783	115716243220440
115716345855701	115716362090023	115716345783617
115716447492263	115716462100804	115716447349398
115716450319450	115716470434762	115716450243357
115716548432315	115716562091846	115716548294659
115716550969659	115716570425596	115716550893773
115716658718252	115716670425075	115716658581482
115716661315336	115716678758408	115716661220648
115716774272471	115716787061689	115716774132784
115716866251430	115716878696794	115716866161065
115716872954242	115716887028304	115716872889659

=== poll 1790360233.281697837
8333333
115711792051900	115711803598045	115711791883515
115711799025129	115711811930910	115711798915129
115711922044140	115711936908410	115711921900546
115712032705129	115712045232369	115712032600598
115712040044452	115712053565337	115712039980442
115712049333046	115712061897421	115712049286952
115712064557785	115712078561014	115712064457629
115712117274973	115712128553306	115712117170338
115712122731275	115712136884712	115712122690181
115712230510963	115712245165181	115712230386952
115712280786796	115712295145128	115712232392004
115712380061587	115712395136899	115712379944765
115712449842994	115712470147785	115712449689608
115712497391379	115712511816691	115712456303567
115712548985962	115712561815597	115712548905858
115712597436692	115712611819868	115712556456223
115712665148931	115712678475233	115712665052421
115712714067108	115712728467108	115712672641587
115712772971431	115712786816170	115712772859608
115712781087421	115712795153722	115712781020494
115712887910129	115712903512993	115712887767316
115712891040650	115712911847107	115712890940285
115712902805754	115712920180077	115712902744869
115713006093723	115713020186951	115713005970181
115713007695598	115713028520024	115713007656796
115713104054556	115713120199035	115713103854764
115713115001639	115713128535285	115713114899868
115713229625389	115713245206587	115713229529712
115713231274295	115713253539451	115713231204712
115713345382316	115713361874034	115713345251483
115713455159556	115713470252107	115713455060545
115713505875858	115713520283358	115713456819660
115713556556431	115713570305389	115713556458983
115713605805337	115713620326690	115713565052941
115713665687785	115713678671587	115713665582316
115713714270597	115713728680076	115713673552785
115713792075441	115713812025857	115713791868097
115713839280285	115713853707680	115713798552681
115713898586951	115713912066743	115713898504764
115713947784920	115713962095024	115713906244660
115714000946847	115714012115857	115714000780754
115714008992160	115714020450910	115714008948201
115714014421483	115714028784608	115714014395024
115714124097628	115714137128305	115714123938201
115714127161691	115714145462108	115714127082472
115714131966431	115714153796690	115714131866431
115714230019712	115714245471794	115714229919503
115714232947316	115714253808618	115714232850233
115714241514764	115714262145440	115714241424295
115714346752264	115714362151013	115714346520493
115714349408670	115714370486274	115714349331430
115714456720024	115714470506014	115714456618097
115714458228930	115714478843096	115714458202420
115714493242003	115714503851690	115714493151430
115714498253878	115714512187575	115714498204087
115714531090649	115714545529972	115714510038566
115714564468253	115714578864347	115714534881639
115714597769816	115714612194242	115714568184399
115714631153878	115714645519972	115714600373201
115714664511639	115714678856378	115714634012420
115714697835441	115714712181274	115714673714243
115714731108982	115714745510336	115714700391534
115714836948149	115714853823252	115714836718462
115714872793045	115714887149347	115714841033462
115714906318305	115714920472263	115714885950701
115714939499139	115714953792159	115714910293201
115715006882576	115715028767889	115715006775128
115715124884607	115715145412576	115715124620180
115715228649138	115715245392471	115715228479607
115715332545753	115715345385648	115715332402680
115715381037732	115715395398617	115715334519972
115715430961065	115715445406690	115715385205805
115715481009607	115715495416221	115715448049920
115715543385493	115715570412003	115715543310440
115715597631638	115715612076221	115715559460284
115715664813617	115715678738774	115715664730909
115715714407472	115715728728149	115715673003045
115715773733565	115715787063669	115715773679659
115715782513982	115715795397002	115715784796534
115715922800857	115715937047210	115715922678253
115715997934555	115716012061378	115715997854451
115716128453305	115716145403721	115716128293149
115716240397784	115716253744033	115716240236690
115716243300492	115716262077783	115716243220440
115716345855701	115716362090023	115716345783617
115716447492263	115716462100804	115716447349398
115716450319450	115716470434762	115716450243357
115716548432315	115716562091846	115716548294659
115716550969659	115716570425596	115716550893773
115716658718252	115716670425075	115716658581482
115716661315336	115716678758408	115716661220648
115716774272471	115716787061689	115716774132784
115716866251430	115716878696794	115716866161065
115716872954242	115716887028304	115716872889659
115717004462211	115717020311481	115717004362054
115717112931221	115717128601168	115717112836429
115717214251794	115717228574085	115717214154502
115717215770492	115717236906846	115717215732002
115717316474867	115717328539554	115717316298773
115717324133721	115717336867992	115717323970804
115717439289190	115717453481585	115717439189554
115717440915804	115717461810022	115717440872471
115717551216221	115717561767470	115717551144190
115717556358513	115717570098356	115717556307158
115717667400335	115717678413408	115717667196169
115717775890908	115717786733772	115717775781533
115717783807315	115717795067522	115717783773460
115717884291429	115717895078668	115717884189450
115717889875283	115717903412262	115717889838200
115718005337106	115718020097991	115718005204189
115718125566637	115718136781689	115718125466585
115718128125231	115718145116064	115718128035335
115718130940439	115718153450022	115718130911012
115718229257471	115718245121741	115718229114919
115718231573825	115718253455231	115718231494658
115718345948981	115718361770231	115718345873148
115718446895231	115718461751637	115718446738825
115718563153200	115718578377782	115718562950283
115718656826325	115718670000334	115718656681168
115718666941585	115718678329918	115718666836845
115718780169189	115718794960543	115718779476689
115718782694085	115718803293043	115718782630804
115718888643825	115718903294085	115718888515127
115718995341637	115719011635595	115718995176272
115718997764085	115719019969814	115718997724658
115719130420283	115719144980803	115719130304085
115719140155908	115719153317209	115719140091897

=== poll 1790360235.551812159
8333333
115713792075441	115713812025857	115713791868097
115713839280285	115713853707680	115713798552681
115713898586951	115713912066743	115713898504764
115713947784920	115713962095024	115713906244660
115714000946847	115714012115857	115714000780754
115714008992160	115714020450910	115714008948201
115714014421483	115714028784608	115714014395024
115714124097628	115714137128305	115714123938201
115714127161691	115714145462108	115714127082472
115714131966431	115714153796690	115714131866431
115714230019712	115714245471794	115714229919503
115714232947316	115714253808618	115714232850233
115714241514764	115714262145440	115714241424295
115714346752264	115714362151013	115714346520493
115714349408670	115714370486274	115714349331430
115714456720024	115714470506014	115714456618097
115714458228930	115714478843096	115714458202420
115714493242003	115714503851690	115714493151430
115714498253878	115714512187575	115714498204087
115714531090649	115714545529972	115714510038566
115714564468253	115714578864347	115714534881639
115714597769816	115714612194242	115714568184399
115714631153878	115714645519972	115714600373201
115714664511639	115714678856378	115714634012420
115714697835441	115714712181274	115714673714243
115714731108982	115714745510336	115714700391534
115714836948149	115714853823252	115714836718462
115714872793045	115714887149347	115714841033462
115714906318305	115714920472263	115714885950701
115714939499139	115714953792159	115714910293201
115715006882576	115715028767889	115715006775128
115715124884607	115715145412576	115715124620180
115715228649138	115715245392471	115715228479607
115715332545753	115715345385648	115715332402680
115715381037732	115715395398617	115715334519972
115715430961065	115715445406690	115715385205805
115715481009607	115715495416221	115715448049920
115715543385493	115715570412003	115715543310440
115715597631638	115715612076221	115715559460284
115715664813617	115715678738774	115715664730909
115715714407472	115715728728149	115715673003045
115715773733565	115715787063669	115715773679659
115715782513982	115715795397002	115715784796534
115715922800857	115715937047210	115715922678253
115715997934555	115716012061378	115715997854451
115716128453305	115716145403721	115716128293149
115716240397784	115716253744033	115716240236690
115716243300492	115716262077783	115716243220440
115716345855701	115716362090023	115716345783617
115716447492263	115716462100804	115716447349398
115716450319450	115716470434762	115716450243357
115716548432315	115716562091846	115716548294659
115716550969659	115716570425596	115716550893773
115716658718252	115716670425075	115716658581482
115716661315336	115716678758408	115716661220648
115716774272471	115716787061689	115716774132784
115716866251430	115716878696794	115716866161065
115716872954242	115716887028304	115716872889659
115717004462211	115717020311481	115717004362054
115717112931221	115717128601168	115717112836429
115717214251794	115717228574085	115717214154502
115717215770492	115717236906846	115717215732002
115717316474867	115717328539554	115717316298773
115717324133721	115717336867992	115717323970804
115717439289190	115717453481585	115717439189554
115717440915804	115717461810022	115717440872471
115717551216221	115717561767470	115717551144190
115717556358513	115717570098356	115717556307158
115717667400335	115717678413408	115717667196169
115717775890908	115717786733772	115717775781533
115717783807315	115717795067522	115717783773460
115717884291429	115717895078668	115717884189450
115717889875283	115717903412262	115717889838200
115718005337106	115718020097991	115718005204189
115718125566637	115718136781689	115718125466585
115718128125231	115718145116064	115718128035335
115718130940439	115718153450022	115718130911012
115718229257471	115718245121741	115718229114919
115718231573825	115718253455231	115718231494658
115718345948981	115718361770231	115718345873148
115718446895231	115718461751637	115718446738825
115718563153200	115718578377782	115718562950283
115718656826325	115718670000334	115718656681168
115718666941585	115718678329918	115718666836845
115718780169189	115718794960543	115718779476689
115718782694085	115718803293043	115718782630804
115718888643825	115718903294085	115718888515127
115718995341637	115719011635595	115718995176272
115718997764085	115719019969814	115718997724658
115719130420283	115719144980803	115719130304085
115719140155908	115719153317209	115719140091897
115719246572731	115719261673251	115719246460283
115719348230231	115719361694554	115719348053616
115719350429189	115719370028251	115719350335960
115719446265231	115719461689344	115719446092783
115719564441481	115719578336480	115719564285283
115719662554501	115719678322782	115719662461168
115719664261376	115719686656481	115719664163408
115719774878460	115719786654345	115719774790751
115719776530855	115719794986376	115719776437001
115719880993043	115719894990491	115719880853251
115719883434866	115719903326168	115719883348408
115719889901533	115719911661064	115719889826741
115719998101428	115720011662104	115719997889345
115720098959918	115720111670438	115720098868512
115720101034345	115720120004188	115720100987210
115720106127418	115720128339449	115720106005595
115720213801637	115720228354188	115720213623043
115720223431064	115720236688667	115720223330855
115720320488876	115720336679761	115720320356532
115720429865647	115720445012990	115720429686845
115720534260751	115720545020126	115720534168720
115720542135699	115720553355646	115720541963407
115720650313824	115720661713615	115720650199553
115720759550699	115720778398354	115720759482991
115720767443824	115720786732209	115720767345022
115720880798407	115720895061375	115720880625490
115720986383876	115721003386271	115720986246272
115720989578355	115721011718615	115720989514657
115721108365542	115721128378042	115721108069605
115721207051949	115721220052157	115721206967626
115721208938980	115721228389031	115721208883459
115721214039501	115721236724969	115721214004345
115721323090490	115721336727729	115721322940490
115721325684501	115721345063094	115721325610178
115721445177053	115721461737625	115721445077417
115721447252313	115721470071427	115721447217782

=== poll 1790360237.781308148
8333333
115715381037732	115715395398617	115715334519972
115715430961065	115715445406690	115715385205805
115715481009607	115715495416221	115715448049920
115715543385493	115715570412003	115715543310440
115715597631638	115715612076221	115715559460284
115715664813617	115715678738774	115715664730909
115715714407472	115715728728149	115715673003045
115715773733565	115715787063669	115715773679659
115715782513982	115715795397002	115715784796534
115715922800857	115715937047210	115715922678253
115715997934555	115716012061378	115715997854451
115716128453305	115716145403721	115716128293149
115716240397784	115716253744033	115716240236690
115716243300492	115716262077783	115716243220440
115716345855701	115716362090023	115716345783617
115716447492263	115716462100804	115716447349398
115716450319450	115716470434762	115716450243357
115716548432315	115716562091846	115716548294659
115716550969659	115716570425596	115716550893773
115716658718252	115716670425075	115716658581482
115716661315336	115716678758408	115716661220648
115716774272471	115716787061689	115716774132784
115716866251430	115716878696794	115716866161065
115716872954242	115716887028304	115716872889659
115717004462211	115717020311481	115717004362054
115717112931221	115717128601168	115717112836429
115717214251794	115717228574085	115717214154502
115717215770492	115717236906846	115717215732002
115717316474867	115717328539554	115717316298773
115717324133721	115717336867992	115717323970804
115717439289190	115717453481585	115717439189554
115717440915804	115717461810022	115717440872471
115717551216221	115717561767470	115717551144190
115717556358513	115717570098356	115717556307158
115717667400335	115717678413408	115717667196169
115717775890908	115717786733772	115717775781533
115717783807315	115717795067522	115717783773460
115717884291429	115717895078668	115717884189450
115717889875283	115717903412262	115717889838200
115718005337106	115718020097991	115718005204189
115718125566637	115718136781689	115718125466585
115718128125231	115718145116064	115718128035335
115718130940439	115718153450022	115718130911012
115718229257471	115718245121741	115718229114919
115718231573825	115718253455231	115718231494658
115718345948981	115718361770231	115718345873148
115718446895231	115718461751637	115718446738825
115718563153200	115718578377782	115718562950283
115718656826325	115718670000334	115718656681168
115718666941585	115718678329918	115718666836845
115718780169189	115718794960543	115718779476689
115718782694085	115718803293043	115718782630804
115718888643825	115718903294085	115718888515127
115718995341637	115719011635595	115718995176272
115718997764085	115719019969814	115718997724658
115719130420283	115719144980803	115719130304085
115719140155908	115719153317209	115719140091897
115719246572731	115719261673251	115719246460283
115719348230231	115719361694554	115719348053616
115719350429189	115719370028251	115719350335960
115719446265231	115719461689344	115719446092783
115719564441481	115719578336480	115719564285283
115719662554501	115719678322782	115719662461168
115719664261376	115719686656481	115719664163408
115719774878460	115719786654345	115719774790751
115719776530855	115719794986376	115719776437001
115719880993043	115719894990491	115719880853251
115719883434866	115719903326168	115719883348408
115719889901533	115719911661064	115719889826741
115719998101428	115720011662104	115719997889345
115720098959918	115720111670438	115720098868512
115720101034345	115720120004188	115720100987210
115720106127418	115720128339449	115720106005595
115720213801637	115720228354188	115720213623043
115720223431064	115720236688667	115720223330855
115720320488876	115720336679761	115720320356532
115720429865647	115720445012990	115720429686845
115720534260751	115720545020126	115720534168720
115720542135699	115720553355646	115720541963407
115720650313824	115720661713615	115720650199553
115720759550699	115720778398354	115720759482991
115720767443824	115720786732209	115720767345022
115720880798407	115720895061375	115720880625490
115720986383876	115721003386271	115720986246272
115720989578355	115721011718615	115720989514657
115721108365542	115721128378042	115721108069605
115721207051949	115721220052157	115721206967626
115721208938980	115721228389031	115721208883459
115721214039501	115721236724969	115721214004345
115721323090490	115721336727729	115721322940490
115721325684501	115721345063094	115721325610178
115721445177053	115721461737625	115721445077417
115721447252313	115721470071427	115721447217782
115721534537990	115721553408667	115721534445855
115721547548771	115721561743979	115721547495386
115721648488199	115721661750230	115721648310126
115721656787834	115721670083666	115721656683251
115721774440126	115721786753823	115721774273719
115721777080230	115721795088667	115721776976688
115721782112730	115721803423927	115721781900646
115721879940490	115721895077000	115721879797313
115721930697000	115721945067937	115721882464448
115721980793198	115721995055437	115721974110282
115722030762521	115722045041740	115721982338823
115722080668407	115722095014708	115722075489709
115722130844969	115722144992052	115722084863146
115722180646375	115722194989239	115722134220959
115722230614292	115722244981895	115722200168615
115722280611844	115722294966687	115722233029969
115722330642157	115722344956062	115722314737469
115722424833563	115722436605541	115722424673563
115722427922469	115722444935749	115722427825646
115722523586948	115722536567313	115722523507000
115722651411896	115722678201166	115722651204188
115722749377104	115722761500958	115722749292990
115722750933927	115722769832677	115722750905542
115722859994552	115722878133041	115722859856792
115722862833511	115722886465438	115722862749188
115722972544136	115722986448302	115722972353615
115723080235229	115723094764916	115723079974500
115723186591635	115723203092729	115723186502469
115723188866688	115723211428979	115723188825229
115723307926115	115723319778093	115723307833146
115723313877417	115723328112833	115723313831948
115723423599708	115723436434239	115723423382833
115723531121114	115723544774968	115723530958042
115723636620906	115723653115072	115723636531531

=== poll 1790360240.051973928
8333333
115717215770492	115717236906846	115717215732002
115717316474867	115717328539554	115717316298773
115717324133721	115717336867992	115717323970804
115717439289190	115717453481585	115717439189554
115717440915804	115717461810022	115717440872471
115717551216221	115717561767470	115717551144190
115717556358513	115717570098356	115717556307158
115717667400335	115717678413408	115717667196169
115717775890908	115717786733772	115717775781533
115717783807315	115717795067522	115717783773460
115717884291429	115717895078668	115717884189450
115717889875283	115717903412262	115717889838200
115718005337106	115718020097991	115718005204189
115718125566637	115718136781689	115718125466585
115718128125231	115718145116064	115718128035335
115718130940439	115718153450022	115718130911012
115718229257471	115718245121741	115718229114919
115718231573825	115718253455231	115718231494658
115718345948981	115718361770231	115718345873148
115718446895231	115718461751637	115718446738825
115718563153200	115718578377782	115718562950283
115718656826325	115718670000334	115718656681168
115718666941585	115718678329918	115718666836845
115718780169189	115718794960543	115718779476689
115718782694085	115718803293043	115718782630804
115718888643825	115718903294085	115718888515127
115718995341637	115719011635595	115718995176272
115718997764085	115719019969814	115718997724658
115719130420283	115719144980803	115719130304085
115719140155908	115719153317209	115719140091897
115719246572731	115719261673251	115719246460283
115719348230231	115719361694554	115719348053616
115719350429189	115719370028251	115719350335960
115719446265231	115719461689344	115719446092783
115719564441481	115719578336480	115719564285283
115719662554501	115719678322782	115719662461168
115719664261376	115719686656481	115719664163408
115719774878460	115719786654345	115719774790751
115719776530855	115719794986376	115719776437001
115719880993043	115719894990491	115719880853251
115719883434866	115719903326168	115719883348408
115719889901533	115719911661064	115719889826741
115719998101428	115720011662104	115719997889345
115720098959918	115720111670438	115720098868512
115720101034345	115720120004188	115720100987210
115720106127418	115720128339449	115720106005595
115720213801637	115720228354188	115720213623043
115720223431064	115720236688667	115720223330855
115720320488876	115720336679761	115720320356532
115720429865647	115720445012990	115720429686845
115720534260751	115720545020126	115720534168720
115720542135699	115720553355646	115720541963407
115720650313824	115720661713615	115720650199553
115720759550699	115720778398354	115720759482991
115720767443824	115720786732209	115720767345022
115720880798407	115720895061375	115720880625490
115720986383876	115721003386271	115720986246272
115720989578355	115721011718615	115720989514657
115721108365542	115721128378042	115721108069605
115721207051949	115721220052157	115721206967626
115721208938980	115721228389031	115721208883459
115721214039501	115721236724969	115721214004345
115721323090490	115721336727729	115721322940490
115721325684501	115721345063094	115721325610178
115721445177053	115721461737625	115721445077417
115721447252313	115721470071427	115721447217782
115721534537990	115721553408667	115721534445855
115721547548771	115721561743979	115721547495386
115721648488199	115721661750230	115721648310126
115721656787834	115721670083666	115721656683251
115721774440126	115721786753823	115721774273719
115721777080230	115721795088667	115721776976688
115721782112730	115721803423927	115721781900646
115721879940490	115721895077000	115721879797313
115721930697000	115721945067937	115721882464448
115721980793198	115721995055437	115721974110282
115722030762521	115722045041740	115721982338823
115722080668407	115722095014708	115722075489709
115722130844969	115722144992052	115722084863146
115722180646375	115722194989239	115722134220959
115722230614292	115722244981895	115722200168615
115722280611844	115722294966687	115722233029969
115722330642157	115722344956062	115722314737469
115722424833563	115722436605541	115722424673563
115722427922469	115722444935749	115722427825646
115722523586948	115722536567313	115722523507000
115722651411896	115722678201166	115722651204188
115722749377104	115722761500958	115722749292990
115722750933927	115722769832677	115722750905542
115722859994552	115722878133041	115722859856792
115722862833511	115722886465438	115722862749188
115722972544136	115722986448302	115722972353615
115723080235229	115723094764916	115723079974500
115723186591635	115723203092729	115723186502469
115723188866688	115723211428979	115723188825229
115723307926115	115723319778093	115723307833146
115723313877417	115723328112833	115723313831948
115723423599708	115723436434239	115723423382833
115723531121114	115723544774968	115723530958042
115723636620906	115723653115072	115723636531531
115723745919500	115723761442156	115723745796791
115723747734135	115723769774083	115723747701427
115723883615646	115723894751530	115723883508823
115723889498510	115723903084656	115723889402208
115723981792573	115723994766374	115723981598927
115724088030645	115724103095333	115724087888302
115724199341010	115724211401895	115724199205802
115724310306010	115724328054187	115724310121583
115724312927885	115724336388666	115724312892104
115724420643354	115724436374499	115724420450854
115724529091270	115724544682468	115724528932260
115724647151791	115724661325280	115724646993718
115724754355697	115724769638874	115724754167312
115724863364864	115724877942781	115724863285906
115724865762676	115724886273301	115724865666010
115724983036374	115725002917155	115724982802989
115725088351999	115725102895801	115725088256114
115725204371687	115725219559655	115725204243874
115725314867833	115725327878405	115725314756322
115725430605853	115725444514550	115725430441947
115725529441166	115725544506791	115725529295280
115725639053874	115725652838718	115725638819707
115725649316426	115725661174290	115725649256687
115725754955332	115725769493509	115725754824395
115725874173249	115725886150019	115725874009447
115725992184603	9223372036854775807	115725992067468
115725993874395	9223372036854775807	115725993831218

=== poll 1790360242.332284812
8333333
115720534260751	115720545020126	115720534168720
115720542135699	115720553355646	115720541963407
115720650313824	115720661713615	115720650199553
115720759550699	115720778398354	115720759482991
115720767443824	115720786732209	115720767345022
115720880798407	115720895061375	115720880625490
115720986383876	115721003386271	115720986246272
115720989578355	115721011718615	115720989514657
115721108365542	115721128378042	115721108069605
115721207051949	115721220052157	115721206967626
115721208938980	115721228389031	115721208883459
115721214039501	115721236724969	115721214004345
115721323090490	115721336727729	115721322940490
115721325684501	115721345063094	115721325610178
115721445177053	115721461737625	115721445077417
115721447252313	115721470071427	115721447217782
115721534537990	115721553408667	115721534445855
115721547548771	115721561743979	115721547495386
115721648488199	115721661750230	115721648310126
115721656787834	115721670083666	115721656683251
115721774440126	115721786753823	115721774273719
115721777080230	115721795088667	115721776976688
115721782112730	115721803423927	115721781900646
115721879940490	115721895077000	115721879797313
115721930697000	115721945067937	115721882464448
115721980793198	115721995055437	115721974110282
115722030762521	115722045041740	115721982338823
115722080668407	115722095014708	115722075489709
115722130844969	115722144992052	115722084863146
115722180646375	115722194989239	115722134220959
115722230614292	115722244981895	115722200168615
115722280611844	115722294966687	115722233029969
115722330642157	115722344956062	115722314737469
115722424833563	115722436605541	115722424673563
115722427922469	115722444935749	115722427825646
115722523586948	115722536567313	115722523507000
115722651411896	115722678201166	115722651204188
115722749377104	115722761500958	115722749292990
115722750933927	115722769832677	115722750905542
115722859994552	115722878133041	115722859856792
115722862833511	115722886465438	115722862749188
115722972544136	115722986448302	115722972353615
115723080235229	115723094764916	115723079974500
115723186591635	115723203092729	115723186502469
115723188866688	115723211428979	115723188825229
115723307926115	115723319778093	115723307833146
115723313877417	115723328112833	115723313831948
115723423599708	115723436434239	115723423382833
115723531121114	115723544774968	115723530958042
115723636620906	115723653115072	115723636531531
115723745919500	115723761442156	115723745796791
115723747734135	115723769774083	115723747701427
115723883615646	115723894751530	115723883508823
115723889498510	115723903084656	115723889402208
115723981792573	115723994766374	115723981598927
115724088030645	115724103095333	115724087888302
115724199341010	115724211401895	115724199205802
115724310306010	115724328054187	115724310121583
115724312927885	115724336388666	115724312892104
115724420643354	115724436374499	115724420450854
115724529091270	115724544682468	115724528932260
115724647151791	115724661325280	115724646993718
115724754355697	115724769638874	115724754167312
115724863364864	115724877942781	115724863285906
115724865762676	115724886273301	115724865666010
115724983036374	115725002917155	115724982802989
115725088351999	115725102895801	115725088256114
115725204371687	115725219559655	115725204243874
115725314867833	115725327878405	115725314756322
115725430605853	115725444514550	115725430441947
115725529441166	115725544506791	115725529295280
115725639053874	115725652838718	115725638819707
115725649316426	115725661174290	115725649256687
115725754955332	115725769493509	115725754824395
115725874173249	115725886150019	115725874009447
115725992184603	115726011142103	115725992067468
115725993874395	115726019474290	115725993831218
115726084346478	115726102810384	115726084257051
115726088514238	115726111145436	115726088453978
115726205323353	115726219488144	115726205190645
115726304463301	115726319489082	115726304376843
115726305984134	115726327822154	115726305937051
115726421195280	115726436152988	115726421108353
115726422676165	115726444488300	115726422646270
115726550535749	115726569527935	115726550324707
115726639142103	115726652869447	115726639043301
115726647530905	115726661203821	115726647440853
115726762969967	115726777874342	115726762538561
115726871338301	115726886224654	115726871239290
115726986767259	115727002919081	115726986650488
115727095935592	115727111281998	115727095805696
115727202512259	115727219620071	115727202399030
115727265037155	115727277956477	115727264951321
115727272170801	115727286290956	115727272107936
115727280534967	115727294625852	115727280479759
115727308972519	115727319625227	115727308902571
115727318749342	115727336294133	115727318696217
115727323241998	115727344629342	115727323178040
115727330557676	115727352962988	115727330516894
115727339222155	115727361297154	115727339154915
115727364697884	115727377968404	115727364636321
115727380687571	115727394637883	115727380645019
115727388945123	115727402972988	115727388903040
115727406635488	115727419638769	115727406574759
115727415013405	115727427971321	115727414912936
115727444055905	115727461302362	115727443915853
115727447969967	115727469637466	115727447876894
115727464176998	115727477974602	115727464116061
115727480740853	115727494645644	115727480672311
115727497366217	115727511315071	115727497307884
115727517602311	115727536318613	115727517555696
115727530650175	115727544652675	115727530590540
115727589202832	115727602996112	115727589110175
115727635869446	115727653004133	115727635723821
115727639039602	115727661337727	115727638994342
115727697857519	115727711347779	115727697773977
115727748292727	115727761350957	115727748188717
115727805913613	115727819699029	115727805844707
115727856951425	115727869713821	115727856649446
115727914840852	115727928065384	115727914732154
115727964817102	115727978079497	115727964666269
115727972531217	115727986415279	115727972461790
115728031059498	115728044785488	115728030963196
115728072760071	115728086472779	115728072673665
115728139806738	115728153159133	115728139733092
115728180900279	115728194830643	115728180834290
115728247866686	115728269837675	115728247767675

=== poll 1790360244.593020853
8333333
115723423599708	115723436434239	115723423382833
115723531121114	115723544774968	115723530958042
115723636620906	115723653115072	115723636531531
115723745919500	115723761442156	115723745796791
115723747734135	115723769774083	115723747701427
115723883615646	115723894751530	115723883508823
115723889498510	115723903084656	115723889402208
115723981792573	115723994766374	115723981598927
115724088030645	115724103095333	115724087888302
115724199341010	115724211401895	115724199205802
115724310306010	115724328054187	115724310121583
115724312927885	115724336388666	115724312892104
115724420643354	115724436374499	115724420450854
115724529091270	115724544682468	115724528932260
115724647151791	115724661325280	115724646993718
115724754355697	115724769638874	115724754167312
115724863364864	115724877942781	115724863285906
115724865762676	115724886273301	115724865666010
115724983036374	115725002917155	115724982802989
115725088351999	115725102895801	115725088256114
115725204371687	115725219559655	115725204243874
115725314867833	115725327878405	115725314756322
115725430605853	115725444514550	115725430441947
115725529441166	115725544506791	115725529295280
115725639053874	115725652838718	115725638819707
115725649316426	115725661174290	115725649256687
115725754955332	115725769493509	115725754824395
115725874173249	115725886150019	115725874009447
115725992184603	115726011142103	115725992067468
115725993874395	115726019474290	115725993831218
115726084346478	115726102810384	115726084257051
115726088514238	115726111145436	115726088453978
115726205323353	115726219488144	115726205190645
115726304463301	115726319489082	115726304376843
115726305984134	115726327822154	115726305937051
115726421195280	115726436152988	115726421108353
115726422676165	115726444488300	115726422646270
115726550535749	115726569527935	115726550324707
115726639142103	115726652869447	115726639043301
115726647530905	115726661203821	115726647440853
115726762969967	115726777874342	115726762538561
115726871338301	115726886224654	115726871239290
115726986767259	115727002919081	115726986650488
115727095935592	115727111281998	115727095805696
115727202512259	115727219620071	115727202399030
115727265037155	115727277956477	115727264951321
115727272170801	115727286290956	115727272107936
115727280534967	115727294625852	115727280479759
115727308972519	115727319625227	115727308902571
115727318749342	115727336294133	115727318696217
115727323241998	115727344629342	115727323178040
115727330557676	115727352962988	115727330516894
115727339222155	115727361297154	115727339154915
115727364697884	115727377968404	115727364636321
115727380687571	115727394637883	115727380645019
115727388945123	115727402972988	115727388903040
115727406635488	115727419638769	115727406574759
115727415013405	115727427971321	115727414912936
115727444055905	115727461302362	115727443915853
115727447969967	115727469637466	115727447876894
115727464176998	115727477974602	115727464116061
115727480740853	115727494645644	115727480672311
115727497366217	115727511315071	115727497307884
115727517602311	115727536318613	115727517555696
115727530650175	115727544652675	115727530590540
115727589202832	115727602996112	115727589110175
115727635869446	115727653004133	115727635723821
115727639039602	115727661337727	115727638994342
115727697857519	115727711347779	115727697773977
115727748292727	115727761350957	115727748188717
115727805913613	115727819699029	115727805844707
115727856951425	115727869713821	115727856649446
115727914840852	115727928065384	115727914732154
115727964817102	115727978079497	115727964666269
115727972531217	115727986415279	115727972461790
115728031059498	115728044785488	115728030963196
115728072760071	115728086472779	115728072673665
115728139806738	115728153159133	115728139733092
115728180900279	115728194830643	115728180834290
115728247866686	115728269837675	115728247767675
115728289586217	115728303172727	115728289498508
115728356594081	115728378182987	115728356480383
115728405459915	115728419853560	115728397549238
115728464541165	115728478202987	115728464436321
115728489681217	115728503205539	115728489580488
115728506604706	115728519873560	115728506479550
115728572847727	115728586555383	115728572754550
115728622165592	115728636560330	115728614623196
115728690325227	115728711574706	115728690189498
115728738882467	115728753240071	115728723055383
115728797768404	115728811573091	115728797701060
115728847268717	115728861581008	115728832727623
115728851675852	115728869916372	115728851584550
115728906399810	115728919921841	115728906332154
115728955565435	115728969926373	115728948329289
115729014426894	115729028256216	115729014345956
115729068854133	115729086584393	115729068756789
115729072815539	115729094919810	115729072760487
115729123061060	115729136594341	115729122991581
115729173504654	115729186605018	115729173356737
115729239808873	115729253297623	115729239724029
115729273401164	115729286640278	115729273258144
115729364794133	115729378317153	115729364713300
115729389362258	115729403324965	115729389305852
115729464616685	115729478339758	115729464514393
115729490159758	115729503344549	115729489995279
115729580169966	115729595043299	115729580079810
115729606762518	115729620055331	115729606628508
115729700240279	115729711749966	115729700144133
115729714657779	115729728422830	115729714602935
115729805035122	115729820116111	115729804941268
115729822833716	115729836783455	115729822768039
115729899981268	115729911786320	115729899885435
115729926054914	115729936785278	115729925985695
115729931509133	115729945120018	115729931476529
115730024764289	115730036802726	115730024660279
115730031036008	115730045139705	115730030989237
115730134352987	115730145148872	115730134239549
115730142209602	115730153483038	115730142120747
115730148244549	115730161816528	115730148163091
115730243162935	115730261843716	115730243063091
115730247546216	115730270179705	115730247514133
115730357534445	115730370217778	115730357411112
115730360178404	115730378554132	115730360091633
115730365058091	115730386888664	115730364965591
115730483475383	115730495256684	115730483394706
115730497574081	115730511932362	115730497528195

=== poll 1790360246.854078509
8333333
115726305984134	115726327822154	115726305937051
115726421195280	115726436152988	115726421108353
115726422676165	115726444488300	115726422646270
115726550535749	115726569527935	115726550324707
115726639142103	115726652869447	115726639043301
115726647530905	115726661203821	115726647440853
115726762969967	115726777874342	115726762538561
115726871338301	115726886224654	115726871239290
115726986767259	115727002919081	115726986650488
115727095935592	115727111281998	115727095805696
115727202512259	115727219620071	115727202399030
115727265037155	115727277956477	115727264951321
115727272170801	115727286290956	115727272107936
115727280534967	115727294625852	115727280479759
115727308972519	115727319625227	115727308902571
115727318749342	115727336294133	115727318696217
115727323241998	115727344629342	115727323178040
115727330557676	115727352962988	115727330516894
115727339222155	115727361297154	115727339154915
115727364697884	115727377968404	115727364636321
115727380687571	115727394637883	115727380645019
115727388945123	115727402972988	115727388903040
115727406635488	115727419638769	115727406574759
115727415013405	115727427971321	115727414912936
115727444055905	115727461302362	115727443915853
115727447969967	115727469637466	115727447876894
115727464176998	115727477974602	115727464116061
115727480740853	115727494645644	115727480672311
115727497366217	115727511315071	115727497307884
115727517602311	115727536318613	115727517555696
115727530650175	115727544652675	115727530590540
115727589202832	115727602996112	115727589110175
115727635869446	115727653004133	115727635723821
115727639039602	115727661337727	115727638994342
115727697857519	115727711347779	115727697773977
115727748292727	115727761350957	115727748188717
115727805913613	115727819699029	115727805844707
115727856951425	115727869713821	115727856649446
115727914840852	115727928065384	115727914732154
115727964817102	115727978079497	115727964666269
115727972531217	115727986415279	115727972461790
115728031059498	115728044785488	115728030963196
115728072760071	115728086472779	115728072673665
115728139806738	115728153159133	115728139733092
115728180900279	115728194830643	115728180834290
115728247866686	115728269837675	115728247767675
115728289586217	115728303172727	115728289498508
115728356594081	115728378182987	115728356480383
115728405459915	115728419853560	115728397549238
115728464541165	115728478202987	115728464436321
115728489681217	115728503205539	115728489580488
115728506604706	115728519873560	115728506479550
115728572847727	115728586555383	115728572754550
115728622165592	115728636560330	115728614623196
115728690325227	115728711574706	115728690189498
115728738882467	115728753240071	115728723055383
115728797768404	115728811573091	115728797701060
115728847268717	115728861581008	115728832727623
115728851675852	115728869916372	115728851584550
115728906399810	115728919921841	115728906332154
115728955565435	115728969926373	115728948329289
115729014426894	115729028256216	115729014345956
115729068854133	115729086584393	115729068756789
115729072815539	115729094919810	115729072760487
115729123061060	115729136594341	115729122991581
115729173504654	115729186605018	115729173356737
115729239808873	115729253297623	115729239724029
115729273401164	115729286640278	115729273258144
115729364794133	115729378317153	115729364713300
115729389362258	115729403324965	115729389305852
115729464616685	115729478339758	115729464514393
115729490159758	115729503344549	115729489995279
115729580169966	115729595043299	115729580079810
115729606762518	115729620055331	115729606628508
115729700240279	115729711749966	115729700144133
115729714657779	115729728422830	115729714602935
115729805035122	115729820116111	115729804941268
115729822833716	115729836783455	115729822768039
115729899981268	115729911786320	115729899885435
115729926054914	115729936785278	115729925985695
115729931509133	115729945120018	115729931476529
115730024764289	115730036802726	115730024660279
115730031036008	115730045139705	115730030989237
115730134352987	115730145148872	115730134239549
115730142209602	115730153483038	115730142120747
115730148244549	115730161816528	115730148163091
115730243162935	115730261843716	115730243063091
115730247546216	115730270179705	115730247514133
115730357534445	115730370217778	115730357411112
115730360178404	115730378554132	115730360091633
115730365058091	115730386888664	115730364965591
115730483475383	115730495256684	115730483394706
115730497574081	115730511932362	115730497528195
115730605472466	115730620299966	115730605383976
115730617033091	115730628637778	115730616864497
115730709752518	115730728691737	115730709581737
115730814454705	115730828720694	115730814316268
115730817692674	115730837055278	115730817587726
115730824135018	115730845391059	115730824042622
115730915743924	115730928740382	115730915627987
115730918166893	115730937075226	115730918109966
115731033647622	115731053770851	115731033396112
115731136992414	115731153792726	115731136847414
115731267802466	115731278799393	115731267658612
115731270317362	115731287135798	115731270223351
115731281629549	115731295474236	115731281578559
115731356991893	115731378849913	115731356873924
115731471992830	115731487237726	115731471890695
115731473772205	115731495576111	115731473717830
115731589058247	115731603943507	115731588935018
115731697735695	115731712308924	115731697589184
115731700755330	115731720643975	115731700658299
115731707069184	115731728981527	115731706972309
115731815128924	115731829019288	115731814988924
115731817588768	115731837353871	115731817469340
115731924606840	115731937391684	115731924458299
115731927197726	115731945728350	115731926971580
115732050495382	115732062427152	115732050391111
115732147822049	115732162456788	115732147684757
115732149945851	115732170793350	115732149857570
115732265089861	115732279144964	115732265001476
115732381481892	115732395844392	115732381364705
115732487712101	115732504199496	115732487525121
115732596570226	115732612533402	115732596435330
115732599532517	115732620868559	115732599465694
115732714649392	115732729244495	115732714532726
115732723499236	115732737582881	115732723445069

=== poll 1790360249.252429862
8333333
115728139806738	115728153159133	115728139733092
115728180900279	115728194830643	115728180834290
115728247866686	115728269837675	115728247767675
115728289586217	115728303172727	115728289498508
115728356594081	115728378182987	115728356480383
115728405459915	115728419853560	115728397549238
115728464541165	115728478202987	115728464436321
115728489681217	115728503205539	115728489580488
115728506604706	115728519873560	115728506479550
115728572847727	115728586555383	115728572754550
115728622165592	115728636560330	115728614623196
115728690325227	115728711574706	115728690189498
115728738882467	115728753240071	115728723055383
115728797768404	115728811573091	115728797701060
115728847268717	115728861581008	115728832727623
115728851675852	115728869916372	115728851584550
115728906399810	115728919921841	115728906332154
115728955565435	115728969926373	115728948329289
115729014426894	115729028256216	115729014345956
115729068854133	115729086584393	115729068756789
115729072815539	115729094919810	115729072760487
115729123061060	115729136594341	115729122991581
115729173504654	115729186605018	115729173356737
115729239808873	115729253297623	115729239724029
115729273401164	115729286640278	115729273258144
115729364794133	115729378317153	115729364713300
115729389362258	115729403324965	115729389305852
115729464616685	115729478339758	115729464514393
115729490159758	115729503344549	115729489995279
115729580169966	115729595043299	115729580079810
115729606762518	115729620055331	115729606628508
115729700240279	115729711749966	115729700144133
115729714657779	115729728422830	115729714602935
115729805035122	115729820116111	115729804941268
115729822833716	115729836783455	115729822768039
115729899981268	115729911786320	115729899885435
115729926054914	115729936785278	115729925985695
115729931509133	115729945120018	115729931476529
115730024764289	115730036802726	115730024660279
115730031036008	115730045139705	115730030989237
115730134352987	115730145148872	115730134239549
115730142209602	115730153483038	115730142120747
115730148244549	115730161816528	115730148163091
115730243162935	115730261843716	115730243063091
115730247546216	115730270179705	115730247514133
115730357534445	115730370217778	115730357411112
115730360178404	115730378554132	115730360091633
115730365058091	115730386888664	115730364965591
115730483475383	115730495256684	115730483394706
115730497574081	115730511932362	115730497528195
115730605472466	115730620299966	115730605383976
115730617033091	115730628637778	115730616864497
115730709752518	115730728691737	115730709581737
115730814454705	115730828720694	115730814316268
115730817692674	115730837055278	115730817587726
115730824135018	115730845391059	115730824042622
115730915743924	115730928740382	115730915627987
115730918166893	115730937075226	115730918109966
115731033647622	115731053770851	115731033396112
115731136992414	115731153792726	115731136847414
115731267802466	115731278799393	115731267658612
115731270317362	115731287135798	115731270223351
115731281629549	115731295474236	115731281578559
115731356991893	115731378849913	115731356873924
115731471992830	115731487237726	115731471890695
115731473772205	115731495576111	115731473717830
115731589058247	115731603943507	115731588935018
115731697735695	115731712308924	115731697589184
115731700755330	115731720643975	115731700658299
115731707069184	115731728981527	115731706972309
115731815128924	115731829019288	115731814988924
115731817588768	115731837353871	115731817469340
115731924606840	115731937391684	115731924458299
115731927197726	115731945728350	115731926971580
115732050495382	115732062427152	115732050391111
115732147822049	115732162456788	115732147684757
115732149945851	115732170793350	115732149857570
115732265089861	115732279144964	115732265001476
115732381481892	115732395844392	115732381364705
115732487712101	115732504199496	115732487525121
115732596570226	115732612533402	115732596435330
115732599532517	115732620868559	115732599465694
115732714649392	115732729244495	115732714532726
115732723499236	115732737582881	115732723445069
115732831454548	115732845958714	115732831323767
115732833109653	115732854293871	115732833060069
115732917053403	115732929313870	115732916974809
115732932022621	115732945989495	115732931937986
115733067963715	115733079354443	115733067862725
115733069485955	115733087686527	115733069457361
115733141584913	115733154355381	115733141500069
115733148406215	115733162691839	115733148362569
115733267750121	115733279379600	115733267579236
115733367526163	115733379398714	115733367389288
115733374158350	115733387735069	115733374086632
115733481370277	115733496076371	115733481213454
115733483595225	115733504412829	115733483490486
115733491000902	115733512748298	115733490910954
115733596578506	115733612755433	115733596430486
115733599436684	115733621088090	115733599344444
115733701060850	115733712743401	115733700962725
115733707964600	115733721077828	115733707918090
115733821664079	115733837756683	115733821528715
115733824745954	115733846088819	115733824665433
115733931545225	115733946085433	115733931419756
115733942505329	115733954416943	115733942428506
115734039584652	115734054388662	115734039311423
115734042398246	115734062721163	115734042273246
115734146752360	115734162712152	115734146613090
115734149730694	115734171044964	115734149640902
115734158788610	115734179379079	115734158586162
115734255944808	115734271034496	115734255806892
115734257633767	115734279368193	115734257578975
115734364609860	115734379349756	115734364521839
115734366053975	115734387680485	115734366022725
115734482092777	115734496020745	115734481903767
115734579374339	115734596037308	115734579223923
115734631674652	115734646043454	115734582961683
115734681632048	115734696051422	115734636643089
115734731634131	115734746047047	115734691133662
115734781575537	115734796051474	115734735035694
115734831573141	115734846046735	115734807263506
115734915792985	115734929388245	115734915724183
115735027528558	115735046080901	115735027377412
115735081663141	115735096107568	115735032057516
115735132473350	115735146137672	115735132380068
115735148801683	115735162817099	115735148715433

=== poll 1790360251.513369340
8333333
115729805035122	115729820116111	115729804941268
115729822833716	115729836783455	115729822768039
115729899981268	115729911786320	115729899885435
115729926054914	115729936785278	115729925985695
115729931509133	115729945120018	115729931476529
115730024764289	115730036802726	115730024660279
115730031036008	115730045139705	115730030989237
115730134352987	115730145148872	115730134239549
115730142209602	115730153483038	115730142120747
115730148244549	115730161816528	115730148163091
115730243162935	115730261843716	115730243063091
115730247546216	115730270179705	115730247514133
115730357534445	115730370217778	115730357411112
115730360178404	115730378554132	115730360091633
115730365058091	115730386888664	115730364965591
115730483475383	115730495256684	115730483394706
115730497574081	115730511932362	115730497528195
115730605472466	115730620299966	115730605383976
115730617033091	115730628637778	115730616864497
115730709752518	115730728691737	115730709581737
115730814454705	115730828720694	115730814316268
115730817692674	115730837055278	115730817587726
115730824135018	115730845391059	115730824042622
115730915743924	115730928740382	115730915627987
115730918166893	115730937075226	115730918109966
115731033647622	115731053770851	115731033396112
115731136992414	115731153792726	115731136847414
115731267802466	115731278799393	115731267658612
115731270317362	115731287135798	115731270223351
115731281629549	115731295474236	115731281578559
115731356991893	115731378849913	115731356873924
115731471992830	115731487237726	115731471890695
115731473772205	115731495576111	115731473717830
115731589058247	115731603943507	115731588935018
115731697735695	115731712308924	115731697589184
115731700755330	115731720643975	115731700658299
115731707069184	115731728981527	115731706972309
115731815128924	115731829019288	115731814988924
115731817588768	115731837353871	115731817469340
115731924606840	115731937391684	115731924458299
115731927197726	115731945728350	115731926971580
115732050495382	115732062427152	115732050391111
115732147822049	115732162456788	115732147684757
115732149945851	115732170793350	115732149857570
115732265089861	115732279144964	115732265001476
115732381481892	115732395844392	115732381364705
115732487712101	115732504199496	115732487525121
115732596570226	115732612533402	115732596435330
115732599532517	115732620868559	115732599465694
115732714649392	115732729244495	115732714532726
115732723499236	115732737582881	115732723445069
115732831454548	115732845958714	115732831323767
115732833109653	115732854293871	115732833060069
115732917053403	115732929313870	115732916974809
115732932022621	115732945989495	115732931937986
115733067963715	115733079354443	115733067862725
115733069485955	115733087686527	115733069457361
115733141584913	115733154355381	115733141500069
115733148406215	115733162691839	115733148362569
115733267750121	115733279379600	115733267579236
115733367526163	115733379398714	115733367389288
115733374158350	115733387735069	115733374086632
115733481370277	115733496076371	115733481213454
115733483595225	115733504412829	115733483490486
115733491000902	115733512748298	115733490910954
115733596578506	115733612755433	115733596430486
115733599436684	115733621088090	115733599344444
115733701060850	115733712743401	115733700962725
115733707964600	115733721077828	115733707918090
115733821664079	115733837756683	115733821528715
115733824745954	115733846088819	115733824665433
115733931545225	115733946085433	115733931419756
115733942505329	115733954416943	115733942428506
115734039584652	115734054388662	115734039311423
115734042398246	115734062721163	115734042273246
115734146752360	115734162712152	115734146613090
115734149730694	115734171044964	115734149640902
115734158788610	115734179379079	115734158586162
115734255944808	115734271034496	115734255806892
115734257633767	115734279368193	115734257578975
115734364609860	115734379349756	115734364521839
115734366053975	115734387680485	115734366022725
115734482092777	115734496020745	115734481903767
115734579374339	115734596037308	115734579223923
115734631674652	115734646043454	115734582961683
115734681632048	115734696051422	115734636643089
115734731634131	115734746047047	115734691133662
115734781575537	115734796051474	115734735035694
115734831573141	115734846046735	115734807263506
115734915792985	115734929388245	115734915724183
115735027528558	115735046080901	115735027377412
115735081663141	115735096107568	115735032057516
115735132473350	115735146137672	115735132380068
115735148801683	115735162817099	115735148715433
115735240593089	115735254519547	115735240493975
115735257196735	115735271196318	115735257080485
115735364442777	115735379555797	115735364144079
115735367197829	115735387892255	115735367104808
115735475451006	115735487914286	115735475366006
115735476964235	115735496250693	115735476937412
115735593692360	115735604622568	115735593627412
115735710124131	115735721346474	115735710071370
115735818776631	115735829710484	115735818677308
115735933813506	115735946403453	115735933689078
115736041726318	115736054756422	115736041532099
115736147134547	115736163118296	115736147042568
115736149773818	115736171452828	115736149676370
115736264627672	115736279815796	115736264495328
115736365104026	115736379814078	115736365019860
115736366681891	115736388147203	115736366656110
115736467145328	115736479823193	115736467012099
115736474718037	115736488158296	115736474660797
115736582643297	115736596492880	115736582578609
115736699807672	115736713140119	115736699672203
115736701953297	115736721471474	115736701829964
115736816478141	115736829795171	115736816346891
115736818937099	115736838127671	115736818841266
115736935362880	115736954775536	115736935180120
115737033108922	115737046423453	115737033016057
115737034750693	115737054755692	115737034722411
115737040548088	115737063089651	115737040510224
115737049283661	115737071421630	115737049234859
115737070266630	115737088087359	115737070213870
115737144488609	115737171423453	115737144329703
115737148812828	115737179758973	115737148779182
115737264448193	115737279763974	115737264333088
115737381381474	115737396434859	115737381287515

=== poll 1790360253.791896058
8333333
115730918166893	115730937075226	115730918109966
115731033647622	115731053770851	115731033396112
115731136992414	115731153792726	115731136847414
115731267802466	115731278799393	115731267658612
115731270317362	115731287135798	115731270223351
115731281629549	115731295474236	115731281578559
115731356991893	115731378849913	115731356873924
115731471992830	115731487237726	115731471890695
115731473772205	115731495576111	115731473717830
115731589058247	115731603943507	115731588935018
115731697735695	115731712308924	115731697589184
115731700755330	115731720643975	115731700658299
115731707069184	115731728981527	115731706972309
115731815128924	115731829019288	115731814988924
115731817588768	115731837353871	115731817469340
115731924606840	115731937391684	115731924458299
115731927197726	115731945728350	115731926971580
115732050495382	115732062427152	115732050391111
115732147822049	115732162456788	115732147684757
115732149945851	115732170793350	115732149857570
115732265089861	115732279144964	115732265001476
115732381481892	115732395844392	115732381364705
115732487712101	115732504199496	115732487525121
115732596570226	115732612533402	115732596435330
115732599532517	115732620868559	115732599465694
115732714649392	115732729244495	115732714532726
115732723499236	115732737582881	115732723445069
115732831454548	115732845958714	115732831323767
115732833109653	115732854293871	115732833060069
115732917053403	115732929313870	115732916974809
115732932022621	115732945989495	115732931937986
115733067963715	115733079354443	115733067862725
115733069485955	115733087686527	115733069457361
115733141584913	115733154355381	115733141500069
115733148406215	115733162691839	115733148362569
115733267750121	115733279379600	115733267579236
115733367526163	115733379398714	115733367389288
115733374158350	115733387735069	115733374086632
115733481370277	115733496076371	115733481213454
115733483595225	115733504412829	115733483490486
115733491000902	115733512748298	115733490910954
115733596578506	115733612755433	115733596430486
115733599436684	115733621088090	115733599344444
115733701060850	115733712743401	115733700962725
115733707964600	115733721077828	115733707918090
115733821664079	115733837756683	115733821528715
115733824745954	115733846088819	115733824665433
115733931545225	115733946085433	115733931419756
115733942505329	115733954416943	115733942428506
115734039584652	115734054388662	115734039311423
115734042398246	115734062721163	115734042273246
115734146752360	115734162712152	115734146613090
115734149730694	115734171044964	115734149640902
115734158788610	115734179379079	115734158586162
115734255944808	115734271034496	115734255806892
115734257633767	115734279368193	115734257578975
115734364609860	115734379349756	115734364521839
115734366053975	115734387680485	115734366022725
115734482092777	115734496020745	115734481903767
115734579374339	115734596037308	115734579223923
115734631674652	115734646043454	115734582961683
115734681632048	115734696051422	115734636643089
115734731634131	115734746047047	115734691133662
115734781575537	115734796051474	115734735035694
115734831573141	115734846046735	115734807263506
115734915792985	115734929388245	115734915724183
115735027528558	115735046080901	115735027377412
115735081663141	115735096107568	115735032057516
115735132473350	115735146137672	115735132380068
115735148801683	115735162817099	115735148715433
115735240593089	115735254519547	115735240493975
115735257196735	115735271196318	115735257080485
115735364442777	115735379555797	115735364144079
115735367197829	115735387892255	115735367104808
115735475451006	115735487914286	115735475366006
115735476964235	115735496250693	115735476937412
115735593692360	115735604622568	115735593627412
115735710124131	115735721346474	115735710071370
115735818776631	115735829710484	115735818677308
115735933813506	115735946403453	115735933689078
115736041726318	115736054756422	115736041532099
115736147134547	115736163118296	115736147042568
115736149773818	115736171452828	115736149676370
115736264627672	115736279815796	115736264495328
115736365104026	115736379814078	115736365019860
115736366681891	115736388147203	115736366656110
115736467145328	115736479823193	115736467012099
115736474718037	115736488158296	115736474660797
115736582643297	115736596492880	115736582578609
115736699807672	115736713140119	115736699672203
115736701953297	115736721471474	115736701829964
115736816478141	115736829795171	115736816346891
115736818937099	115736838127671	115736818841266
115736935362880	115736954775536	115736935180120
115737033108922	115737046423453	115737033016057
115737034750693	115737054755692	115737034722411
115737040548088	115737063089651	115737040510224
115737049283661	115737071421630	115737049234859
115737070266630	115737088087359	115737070213870
115737144488609	115737171423453	115737144329703
115737148812828	115737179758973	115737148779182
115737264448193	115737279763974	115737264333088
115737381381474	115737396434859	115737381287515
115737488420015	115737504770692	115737488306265
115737622978869	115737638084234	115737622875224
115737699963869	115737713081161	115737699803505
115737708076005	115737721415223	115737708016526
115737816502307	115737829750692	115737816328661
115737932209703	115737946420431	115737932086213
115738039467932	115738054757463	115738039360484
115738151856838	115738163056265	115738151734182
115738159341786	115738171387514	115738159278921
115738256955848	115738271370535	115738256864494
115738373914807	115738388051889	115738373778192
115738479633453	115738496374338	115738479539234
115738593306942	115738604682202	115738593248869
115738701787359	115738713004442	115738701719807
115738809711057	115738821355744	115738809629234
115738815610015	115738829690431	115738815575640
115738932299754	115738946360899	115738931850223
115739039922931	115739054693765	115739039761161
115739157190327	115739171367202	115739157081108
115739277888244	115739296403140	115739277714598
115739384329338	115739396425587	115739384192567
115739491248869	115739504769806	115739491084598
115739598283452	115739613117150	115739598106473
115739721690327	115739738102826	115739721575535

=== poll 1790360256.056841474
8333333
115732596570226	115732612533402	115732596435330
115732599532517	115732620868559	115732599465694
115732714649392	115732729244495	115732714532726
115732723499236	115732737582881	115732723445069
115732831454548	115732845958714	115732831323767
115732833109653	115732854293871	115732833060069
115732917053403	115732929313870	115732916974809
115732932022621	115732945989495	115732931937986
115733067963715	115733079354443	115733067862725
115733069485955	115733087686527	115733069457361
115733141584913	115733154355381	115733141500069
115733148406215	115733162691839	115733148362569
115733267750121	115733279379600	115733267579236
115733367526163	115733379398714	115733367389288
115733374158350	115733387735069	115733374086632
115733481370277	115733496076371	115733481213454
115733483595225	115733504412829	115733483490486
115733491000902	115733512748298	115733490910954
115733596578506	115733612755433	115733596430486
115733599436684	115733621088090	115733599344444
115733701060850	115733712743401	115733700962725
115733707964600	115733721077828	115733707918090
115733821664079	115733837756683	115733821528715
115733824745954	115733846088819	115733824665433
115733931545225	115733946085433	115733931419756
115733942505329	115733954416943	115733942428506
115734039584652	115734054388662	115734039311423
115734042398246	115734062721163	115734042273246
115734146752360	115734162712152	115734146613090
115734149730694	115734171044964	115734149640902
115734158788610	115734179379079	115734158586162
115734255944808	115734271034496	115734255806892
115734257633767	115734279368193	115734257578975
115734364609860	115734379349756	115734364521839
115734366053975	115734387680485	115734366022725
115734482092777	115734496020745	115734481903767
115734579374339	115734596037308	115734579223923
115734631674652	115734646043454	115734582961683
115734681632048	115734696051422	115734636643089
115734731634131	115734746047047	115734691133662
115734781575537	115734796051474	115734735035694
115734831573141	115734846046735	115734807263506
115734915792985	115734929388245	115734915724183
115735027528558	115735046080901	115735027377412
115735081663141	115735096107568	115735032057516
115735132473350	115735146137672	115735132380068
115735148801683	115735162817099	115735148715433
115735240593089	115735254519547	115735240493975
115735257196735	115735271196318	115735257080485
115735364442777	115735379555797	115735364144079
115735367197829	115735387892255	115735367104808
115735475451006	115735487914286	115735475366006
115735476964235	115735496250693	115735476937412
115735593692360	115735604622568	115735593627412
115735710124131	115735721346474	115735710071370
115735818776631	115735829710484	115735818677308
115735933813506	115735946403453	115735933689078
115736041726318	115736054756422	115736041532099
115736147134547	115736163118296	115736147042568
115736149773818	115736171452828	115736149676370
115736264627672	115736279815796	115736264495328
115736365104026	115736379814078	115736365019860
115736366681891	115736388147203	115736366656110
115736467145328	115736479823193	115736467012099
115736474718037	115736488158296	115736474660797
115736582643297	115736596492880	115736582578609
115736699807672	115736713140119	115736699672203
115736701953297	115736721471474	115736701829964
115736816478141	115736829795171	115736816346891
115736818937099	115736838127671	115736818841266
115736935362880	115736954775536	115736935180120
115737033108922	115737046423453	115737033016057
115737034750693	115737054755692	115737034722411
115737040548088	115737063089651	115737040510224
115737049283661	115737071421630	115737049234859
115737070266630	115737088087359	115737070213870
115737144488609	115737171423453	115737144329703
115737148812828	115737179758973	115737148779182
115737264448193	115737279763974	115737264333088
115737381381474	115737396434859	115737381287515
115737488420015	115737504770692	115737488306265
115737622978869	115737638084234	115737622875224
115737699963869	115737713081161	115737699803505
115737708076005	115737721415223	115737708016526
115737816502307	115737829750692	115737816328661
115737932209703	115737946420431	115737932086213
115738039467932	115738054757463	115738039360484
115738151856838	115738163056265	115738151734182
115738159341786	115738171387514	115738159278921
115738256955848	115738271370535	115738256864494
115738373914807	115738388051889	115738373778192
115738479633453	115738496374338	115738479539234
115738593306942	115738604682202	115738593248869
115738701787359	115738713004442	115738701719807
115738809711057	115738821355744	115738809629234
115738815610015	115738829690431	115738815575640
115738932299754	115738946360899	115738931850223
115739039922931	115739054693765	115739039761161
115739157190327	115739171367202	115739157081108
115739277888244	115739296403140	115739277714598
115739384329338	115739396425587	115739384192567
115739491248869	115739504769806	115739491084598
115739598283452	115739613117150	115739598106473
115739721690327	115739738102826	115739721575535
115739830041994	115739846416941	115739829959389
115739832134962	115739854751369	115739832061473
115739932700587	115739946423035	115739932307983
115740038476681	115740054779337	115740038379598
115740040369702	115740063113503	115740040306212
115740148209233	115740163144701	115740148062306
115740263100587	115740279833400	115740263005535
115740385050431	115740396526785	115740384903764
115740490052775	115740504891107	115740489833504
115740597897462	115740613253711	115740597810848
115740714616785	115740729952201	115740714460483
115740826781629	115740838317826	115740826620847
115740942500535	115740955006628	115740942319024
115741049913712	115741063385743	115741049741212
115741157764233	115741171743972	115741157595326
115741264813608	115741280111003	115741264722983
115741371991212	115741388468347	115741371731628
115741480979441	115741496818868	115741480836160
115741600302670	115741613502149	115741600105951
115741707584233	115741721830378	115741707389701
115741813222253	115741830152722	115741813129597
115741924149285	115741938485742	115741924049910
115741925767514	115741946818554	115741925731941

=== poll 1790360258.321049390
8333333
115735933813506	115735946403453	115735933689078
115736041726318	115736054756422	115736041532099
115736147134547	115736163118296	115736147042568
115736149773818	115736171452828	115736149676370
115736264627672	115736279815796	115736264495328
115736365104026	115736379814078	115736365019860
115736366681891	115736388147203	115736366656110
115736467145328	115736479823193	115736467012099
115736474718037	115736488158296	115736474660797
115736582643297	115736596492880	115736582578609
115736699807672	115736713140119	115736699672203
115736701953297	115736721471474	115736701829964
115736816478141	115736829795171	115736816346891
115736818937099	115736838127671	115736818841266
115736935362880	115736954775536	115736935180120
115737033108922	115737046423453	115737033016057
115737034750693	115737054755692	115737034722411
115737040548088	115737063089651	115737040510224
115737049283661	115737071421630	115737049234859
115737070266630	115737088087359	115737070213870
115737144488609	115737171423453	115737144329703
115737148812828	115737179758973	115737148779182
115737264448193	115737279763974	115737264333088
115737381381474	115737396434859	115737381287515
115737488420015	115737504770692	115737488306265
115737622978869	115737638084234	115737622875224
115737699963869	115737713081161	115737699803505
115737708076005	115737721415223	115737708016526
115737816502307	115737829750692	115737816328661
115737932209703	115737946420431	115737932086213
115738039467932	115738054757463	115738039360484
115738151856838	115738163056265	115738151734182
115738159341786	115738171387514	115738159278921
115738256955848	115738271370535	115738256864494
115738373914807	115738388051889	115738373778192
115738479633453	115738496374338	115738479539234
115738593306942	115738604682202	115738593248869
115738701787359	115738713004442	115738701719807
115738809711057	115738821355744	115738809629234
115738815610015	115738829690431	115738815575640
115738932299754	115738946360899	115738931850223
115739039922931	115739054693765	115739039761161
115739157190327	115739171367202	115739157081108
115739277888244	115739296403140	115739277714598
115739384329338	115739396425587	115739384192567
115739491248869	115739504769806	115739491084598
115739598283452	115739613117150	115739598106473
115739721690327	115739738102826	115739721575535
115739830041994	115739846416941	115739829959389
115739832134962	115739854751369	115739832061473
115739932700587	115739946423035	115739932307983
115740038476681	115740054779337	115740038379598
115740040369702	115740063113503	115740040306212
115740148209233	115740163144701	115740148062306
115740263100587	115740279833400	115740263005535
115740385050431	115740396526785	115740384903764
115740490052775	115740504891107	115740489833504
115740597897462	115740613253711	115740597810848
115740714616785	115740729952201	115740714460483
115740826781629	115740838317826	115740826620847
115740942500535	115740955006628	115740942319024
115741049913712	115741063385743	115741049741212
115741157764233	115741171743972	115741157595326
115741264813608	115741280111003	115741264722983
115741371991212	115741388468347	115741371731628
115741480979441	115741496818868	115741480836160
115741600302670	115741613502149	115741600105951
115741707584233	115741721830378	115741707389701
115741813222253	115741830152722	115741813129597
115741924149285	115741938485742	115741924049910
115741925767514	115741946818554	115741925731941
115742030753607	115742046818034	115742030646524
115742036387097	115742055151054	115742036304493
115742148337409	115742163474700	115742148227878
115742264164076	115742280136576	115742264068607
115742316186368	115742330133815	115742316104024
115742325162878	115742338466836	115742325102461
115742332581420	115742346799180	115742332533920
115742341023347	115742355130638	115742340955795
115742350528034	115742363463450	115742350486368
115742375519753	115742388459492	115742375464076
115742384036836	115742396791263	115742383990795
115742391961316	115742405122722	115742391920534
115742416163034	115742430118503	115742416103295
115742433472097	115742446784700	115742433363763
115742449627878	115742463449753	115742449579284
115742478846003	115742496776263	115742478749649
115742483735013	115742505108190	115742483656680
115742491751420	115742513440481	115742491674388
115742500366263	115742521773347	115742500284753
115742516486732	115742530104805	115742516432097
115742525076420	115742538436419	115742525018868
115742533004024	115742546769128	115742532956211
115742549486836	115742563435013	115742549381211
115742583170691	115742596761732	115742583091420
115742633429493	115742646754752	115742633355586
115742691527982	115742705093607	115742691453138
115742741221368	115742755098190	115742741169128
115742808247513	115742830098346	115742808118555
115742849755013	115742863432304	115742849681888
115742917486680	115742930093711	115742917397097
115742924705534	115742938430273	115742924653138
115742958057617	115742971761211	115742957983763
115743024930378	115743038435429	115743024835378
115743075264545	115743088444284	115743075166888
115743133623347	115743155130429	115743133500222
115743183254492	115743196809596	115743183171367
115743241842149	115743255161940	115743241752253
115743300546471	115743313506210	115743300434701
115743362044492	115743380187461	115743361973086
115743408336367	115743421860481	115743408220482
115743458524076	115743471877929	115743458446940
115743517188086	115743530226939	115743517079336
115743575258138	115743588582773	115743575171680
115743624785430	115743638593970	115743624698346
115743683537669	115743696950117	115743683464857
115743733741628	115743746962252	115743733652253
115743792428867	115743805304179	115743792267930
115743841660638	115743855309388	115743841573398
115743900072721	115743921990377	115743899945430
115743950151523	115743963665012	115743950070846
115744000072200	115744013677147	115743999960377
115744049263711	115744063687929	115744007858138
115744099268398	115744113690221	115744058274857
115744149324909	115744163702564	115744116854388
115744199311211	115744213714283	115744166314909
115744249302461	115744263715013	115744241551627

=== poll 1790360260.571950951
8333333
115739832134962	115739854751369	115739832061473
115739932700587	115739946423035	115739932307983
115740038476681	115740054779337	115740038379598
115740040369702	115740063113503	115740040306212
115740148209233	115740163144701	115740148062306
115740263100587	115740279833400	115740263005535
115740385050431	115740396526785	115740384903764
115740490052775	115740504891107	115740489833504
115740597897462	115740613253711	115740597810848
115740714616785	115740729952201	115740714460483
115740826781629	115740838317826	115740826620847
115740942500535	115740955006628	115740942319024
115741049913712	115741063385743	115741049741212
115741157764233	115741171743972	115741157595326
115741264813608	115741280111003	115741264722983
115741371991212	115741388468347	115741371731628
115741480979441	115741496818868	115741480836160
115741600302670	115741613502149	115741600105951
115741707584233	115741721830378	115741707389701
115741813222253	115741830152722	115741813129597
115741924149285	115741938485742	115741924049910
115741925767514	115741946818554	115741925731941
115742030753607	115742046818034	115742030646524
115742036387097	115742055151054	115742036304493
115742148337409	115742163474700	115742148227878
115742264164076	115742280136576	115742264068607
115742316186368	115742330133815	115742316104024
115742325162878	115742338466836	115742325102461
115742332581420	115742346799180	115742332533920
115742341023347	115742355130638	115742340955795
115742350528034	115742363463450	115742350486368
115742375519753	115742388459492	115742375464076
115742384036836	115742396791263	115742383990795
115742391961316	115742405122722	115742391920534
115742416163034	115742430118503	115742416103295
115742433472097	115742446784700	115742433363763
115742449627878	115742463449753	115742449579284
115742478846003	115742496776263	115742478749649
115742483735013	115742505108190	115742483656680
115742491751420	115742513440481	115742491674388
115742500366263	115742521773347	115742500284753
115742516486732	115742530104805	115742516432097
115742525076420	115742538436419	115742525018868
115742533004024	115742546769128	115742532956211
115742549486836	115742563435013	115742549381211
115742583170691	115742596761732	115742583091420
115742633429493	115742646754752	115742633355586
115742691527982	115742705093607	115742691453138
115742741221368	115742755098190	115742741169128
115742808247513	115742830098346	115742808118555
115742849755013	115742863432304	115742849681888
115742917486680	115742930093711	115742917397097
115742924705534	115742938430273	115742924653138
115742958057617	115742971761211	115742957983763
115743024930378	115743038435429	115743024835378
115743075264545	115743088444284	115743075166888
115743133623347	115743155130429	115743133500222
115743183254492	115743196809596	115743183171367
115743241842149	115743255161940	115743241752253
115743300546471	115743313506210	115743300434701
115743362044492	115743380187461	115743361973086
115743408336367	115743421860481	115743408220482
115743458524076	115743471877929	115743458446940
115743517188086	115743530226939	115743517079336
115743575258138	115743588582773	115743575171680
115743624785430	115743638593970	115743624698346
115743683537669	115743696950117	115743683464857
115743733741628	115743746962252	115743733652253
115743792428867	115743805304179	115743792267930
115743841660638	115743855309388	115743841573398
115743900072721	115743921990377	115743899945430
115743950151523	115743963665012	115743950070846
115744000072200	115744013677147	115743999960377
115744049263711	115744063687929	115744007858138
115744099268398	115744113690221	115744058274857
115744149324909	115744163702564	115744116854388
115744199311211	115744213714283	115744166314909
115744249302461	115744263715013	115744241551627
115744299378815	115744313724231	115744274911992
115744349315013	115744363733086	115744342665534
115744399329909	115744413751783	115744351278398
115744449422356	115744463764023	115744401683294
115744499359336	115744513768085	115744452980169
115744549339856	115744563775013	115744501439127
115744599418190	115744613782096	115744551412044
115744649381419	115744663794543	115744601682513
115744652049283	115744672130898	115744651973919
115744658441315	115744680466783	115744658386106
115744708512825	115744722142565	115744708430273
115744766826627	115744788821158	115744766736263
115744825306367	115744838833502	115744825195429
115744876042044	115744888838190	115744875911940
115744884236783	115744897173554	115744884167304
115744935165065	115744947179387	115744935087252
115744984079335	115744997175897	115744983877513
115745050532617	115745063856627	115745050442773
115745100940221	115745113868502	115745100855065
115745158555325	115745172205689	115745158462669
115745201117304	115745213868970	115745200984596
115745275369856	115745288859335	115745275286262
115745309050169	115745322189439	115745308929804
115745386182669	115745397202720	115745386032408
115745417265637	115745430541523	115745417133710
115745491802512	115745505541418	115745491709023
115745518512408	115745530545272	115745518419439
115745525657460	115745538880272	115745525601523
115745600191054	115745613902824	115745600111262
115745625405794	115745638911470	115745625325169
115745633735221	115745647247512	115745633696262
115745708469075	115745722279439	115745708406002
115745742326471	115745755628866	115745742225950
115745837217773	115745855666939	115745837132512
115745850856366	115745864004647	115745850771418
115745933240168	115745947369751	115745933162512
115745959205689	115745972382876	115745959083137
115746060588658	115746072424490	115746060436106
115746063289491	115746080759855	115746063194804
115746067204491	115746089094751	115746067021627
115746168283137	115746180776365	115746168139543
115746170691783	115746189111210	115746170633554
115746183981054	115746197447199	115746183870845
115746291898189	115746305813345	115746291759700
115746294535377	115746314151470	115746294434960
115746391806887	115746405859491	115746391714595
115746402343345	115746414195480	115746402276366
115746508777668	115746522554542	115746508677616
115746516890481	115746530890064	115746516824699

=== poll 1790360262.848027409
8333333
115742478846003	115742496776263	115742478749649
115742483735013	115742505108190	115742483656680
115742491751420	115742513440481	115742491674388
115742500366263	115742521773347	115742500284753
115742516486732	115742530104805	115742516432097
115742525076420	115742538436419	115742525018868
115742533004024	115742546769128	115742532956211
115742549486836	115742563435013	115742549381211
115742583170691	115742596761732	115742583091420
115742633429493	115742646754752	115742633355586
115742691527982	115742705093607	115742691453138
115742741221368	115742755098190	115742741169128
115742808247513	115742830098346	115742808118555
115742849755013	115742863432304	115742849681888
115742917486680	115742930093711	115742917397097
115742924705534	115742938430273	115742924653138
115742958057617	115742971761211	115742957983763
115743024930378	115743038435429	115743024835378
115743075264545	115743088444284	115743075166888
115743133623347	115743155130429	115743133500222
115743183254492	115743196809596	115743183171367
115743241842149	115743255161940	115743241752253
115743300546471	115743313506210	115743300434701
115743362044492	115743380187461	115743361973086
115743408336367	115743421860481	115743408220482
115743458524076	115743471877929	115743458446940
115743517188086	115743530226939	115743517079336
115743575258138	115743588582773	115743575171680
115743624785430	115743638593970	115743624698346
115743683537669	115743696950117	115743683464857
115743733741628	115743746962252	115743733652253
115743792428867	115743805304179	115743792267930
115743841660638	115743855309388	115743841573398
115743900072721	115743921990377	115743899945430
115743950151523	115743963665012	115743950070846
115744000072200	115744013677147	115743999960377
115744049263711	115744063687929	115744007858138
115744099268398	115744113690221	115744058274857
115744149324909	115744163702564	115744116854388
115744199311211	115744213714283	115744166314909
115744249302461	115744263715013	115744241551627
115744299378815	115744313724231	115744274911992
115744349315013	115744363733086	115744342665534
115744399329909	115744413751783	115744351278398
115744449422356	115744463764023	115744401683294
115744499359336	115744513768085	115744452980169
115744549339856	115744563775013	115744501439127
115744599418190	115744613782096	115744551412044
115744649381419	115744663794543	115744601682513
115744652049283	115744672130898	115744651973919
115744658441315	115744680466783	115744658386106
115744708512825	115744722142565	115744708430273
115744766826627	115744788821158	115744766736263
115744825306367	115744838833502	115744825195429
115744876042044	115744888838190	115744875911940
115744884236783	115744897173554	115744884167304
115744935165065	115744947179387	115744935087252
115744984079335	115744997175897	115744983877513
115745050532617	115745063856627	115745050442773
115745100940221	115745113868502	115745100855065
115745158555325	115745172205689	115745158462669
115745201117304	115745213868970	115745200984596
115745275369856	115745288859335	115745275286262
115745309050169	115745322189439	115745308929804
115745386182669	115745397202720	115745386032408
115745417265637	115745430541523	115745417133710
115745491802512	115745505541418	115745491709023
115745518512408	115745530545272	115745518419439
115745525657460	115745538880272	115745525601523
115745600191054	115745613902824	115745600111262
115745625405794	115745638911470	115745625325169
115745633735221	115745647247512	115745633696262
115745708469075	115745722279439	115745708406002
115745742326471	115745755628866	115745742225950
115745837217773	115745855666939	115745837132512
115745850856366	115745864004647	115745850771418
115745933240168	115745947369751	115745933162512
115745959205689	115745972382876	115745959083137
115746060588658	115746072424490	115746060436106
115746063289491	115746080759855	115746063194804
115746067204491	115746089094751	115746067021627
115746168283137	115746180776365	115746168139543
115746170691783	115746189111210	115746170633554
115746183981054	115746197447199	115746183870845
115746291898189	115746305813345	115746291759700
115746294535377	115746314151470	115746294434960
115746391806887	115746405859491	115746391714595
115746402343345	115746414195480	115746402276366
115746508777668	115746522554542	115746508677616
115746516890481	115746530890064	115746516824699
115746633520324	115746647598032	115746633368918
115746643037408	115746655938032	115746642896366
115746738483710	115746755989022	115746738271262
115746835942824	115746847693136	115746835789491
115746843732095	115746856026990	115746842666106
115746949404491	115746964385637	115746949310064
115746959540533	115746972721574	115746959437512
115747038524022	115747056073657	115747038375793
115747044312460	115747064409646	115747044246574
115747050409908	115747072747094	115747050361574
115747178686314	115747197793866	115747178479543
115747275538397	115747289477980	115747275419907
115747277890532	115747297813865	115747277808553
115747383934751	115747397818084	115747383772720
115747393411053	115747406152615	115747393304595
115747492269907	115747506172407	115747492160949
115747494322303	115747514509125	115747494263397
115747501386262	115747522845948	115747501286939
115747592256366	115747606212668	115747592098084
115747594453814	115747614549438	115747594360741
115747708080741	115747722926365	115747707917928
115747816103032	115747831278865	115747815928866
115747818621157	115747839614073	115747818520324
115747940775636	115747956294230	115747940679126
115747942287355	115747964627511	115747942251886
115748048933188	115748064628188	115748048794595
115748051159959	115748072962511	115748051083761
115748167279803	115748181315479	115748167118501
115748177066418	115748189650636	115748176944074
115748275226105	115748289662979	115748275096678
115748277823501	115748297996938	115748277638449
115748403043657	115748414679906	115748402927667
115748506176730	115748523011573	115748506028970
115748608211313	115748623030011	115748608073032
115748610479230	115748631366000	115748610374855
115748718396053	115748731382198	115748718269490
115748720406834	115748739715636	115748720357094

=== poll 1790360265.112982825
8333333
115744099268398	115744113690221	115744058274857
115744149324909	115744163702564	115744116854388
115744199311211	115744213714283	115744166314909
115744249302461	115744263715013	115744241551627
115744299378815	115744313724231	115744274911992
115744349315013	115744363733086	115744342665534
115744399329909	115744413751783	115744351278398
115744449422356	115744463764023	115744401683294
115744499359336	115744513768085	115744452980169
115744549339856	115744563775013	115744501439127
115744599418190	115744613782096	115744551412044
115744649381419	115744663794543	115744601682513
115744652049283	115744672130898	115744651973919
115744658441315	115744680466783	115744658386106
115744708512825	115744722142565	115744708430273
115744766826627	115744788821158	115744766736263
115744825306367	115744838833502	115744825195429
115744876042044	115744888838190	115744875911940
115744884236783	115744897173554	115744884167304
115744935165065	115744947179387	115744935087252
115744984079335	115744997175897	115744983877513
115745050532617	115745063856627	115745050442773
115745100940221	115745113868502	115745100855065
115745158555325	115745172205689	115745158462669
115745201117304	115745213868970	115745200984596
115745275369856	115745288859335	115745275286262
115745309050169	115745322189439	115745308929804
115745386182669	115745397202720	115745386032408
115745417265637	115745430541523	115745417133710
115745491802512	115745505541418	115745491709023
115745518512408	115745530545272	115745518419439
115745525657460	115745538880272	115745525601523
115745600191054	115745613902824	115745600111262
115745625405794	115745638911470	115745625325169
115745633735221	115745647247512	115745633696262
115745708469075	115745722279439	115745708406002
115745742326471	115745755628866	115745742225950
115745837217773	115745855666939	115745837132512
115745850856366	115745864004647	115745850771418
115745933240168	115745947369751	115745933162512
115745959205689	115745972382876	115745959083137
115746060588658	115746072424490	115746060436106
115746063289491	115746080759855	115746063194804
115746067204491	115746089094751	115746067021627
115746168283137	115746180776365	115746168139543
115746170691783	115746189111210	115746170633554
115746183981054	115746197447199	115746183870845
115746291898189	115746305813345	115746291759700
115746294535377	115746314151470	115746294434960
115746391806887	115746405859491	115746391714595
115746402343345	115746414195480	115746402276366
115746508777668	115746522554542	115746508677616
115746516890481	115746530890064	115746516824699
115746633520324	115746647598032	115746633368918
115746643037408	115746655938032	115746642896366
115746738483710	115746755989022	115746738271262
115746835942824	115746847693136	115746835789491
115746843732095	115746856026990	115746842666106
115746949404491	115746964385637	115746949310064
115746959540533	115746972721574	115746959437512
115747038524022	115747056073657	115747038375793
115747044312460	115747064409646	115747044246574
115747050409908	115747072747094	115747050361574
115747178686314	115747197793866	115747178479543
115747275538397	115747289477980	115747275419907
115747277890532	115747297813865	115747277808553
115747383934751	115747397818084	115747383772720
115747393411053	115747406152615	115747393304595
115747492269907	115747506172407	115747492160949
115747494322303	115747514509125	115747494263397
115747501386262	115747522845948	115747501286939
115747592256366	115747606212668	115747592098084
115747594453814	115747614549438	115747594360741
115747708080741	115747722926365	115747707917928
115747816103032	115747831278865	115747815928866
115747818621157	115747839614073	115747818520324
115747940775636	115747956294230	115747940679126
115747942287355	115747964627511	115747942251886
115748048933188	115748064628188	115748048794595
115748051159959	115748072962511	115748051083761
115748167279803	115748181315479	115748167118501
115748177066418	115748189650636	115748176944074
115748275226105	115748289662979	115748275096678
115748277823501	115748297996938	115748277638449
115748403043657	115748414679906	115748402927667
115748506176730	115748523011573	115748506028970
115748608211313	115748623030011	115748608073032
115748610479230	115748631366000	115748610374855
115748718396053	115748731382198	115748718269490
115748720406834	115748739715636	115748720357094
115748823605740	115748839694021	115748823509438
115748825346730	115748848026469	115748825304282
115748942085115	115748956336261	115748941995428
115748943613553	115748964668656	115748943574959
115749040166001	115749056339750	115749039949438
115749148489594	115749164697250	115749148325115
115749152186157	115749173032511	115749152079907
115749245703032	115749256378396	115749245583709
115749247306886	115749264712979	115749247267355
115749259433813	115749273048343	115749259330167
115749366414125	115749381408344	115749366291105
115749468417250	115749481432614	115749468264490
115749470495688	115749489768448	115749470430480
115749478331000	115749498104490	115749478258188
115749585385115	115749598126885	115749585273396
115749701600636	115749714816729	115749701479334
115749792586573	115749806512042	115749792475167
115749800694959	115749814848031	115749800654125
115749911307615	115749923202041	115749911151052
115749918207459	115749931539958	115749918101729
115750044392302	115750056600323	115750044271834
115750141726000	115750156644333	115750141645271
115750143255896	115750164983604	115750143218865
115750151005375	115750173323135	115750150940011
115750251780792	115750265033187	115750251674542
115750253472458	115750273369802	115750253424646
115750368035896	115750381745687	115750367887823
115750469419281	115750481788760	115750469317927
115750471429229	115750490125791	115750471375635
115750476190219	115750498462510	115750476135896
115750579348552	115750590170583	115750579234021
115750678529854	115750690209750	115750678457562
115750687081521	115750698546312	115750686991677
115750803959698	115750815295531	115750803873552
115750910231104	115750923699541	115750910177406
115751041944281	115751057073760	115751041696781
115751044292041	115751065409958	115751044211833

=== poll 1790360267.386634855
8333333
115745742326471	115745755628866	115745742225950
115745837217773	115745855666939	115745837132512
115745850856366	115745864004647	115745850771418
115745933240168	115745947369751	115745933162512
115745959205689	115745972382876	115745959083137
115746060588658	115746072424490	115746060436106
115746063289491	115746080759855	115746063194804
115746067204491	115746089094751	115746067021627
115746168283137	115746180776365	115746168139543
115746170691783	115746189111210	115746170633554
115746183981054	115746197447199	115746183870845
115746291898189	115746305813345	115746291759700
115746294535377	115746314151470	115746294434960
115746391806887	115746405859491	115746391714595
115746402343345	115746414195480	115746402276366
115746508777668	115746522554542	115746508677616
115746516890481	115746530890064	115746516824699
115746633520324	115746647598032	115746633368918
115746643037408	115746655938032	115746642896366
115746738483710	115746755989022	115746738271262
115746835942824	115746847693136	115746835789491
115746843732095	115746856026990	115746842666106
115746949404491	115746964385637	115746949310064
115746959540533	115746972721574	115746959437512
115747038524022	115747056073657	115747038375793
115747044312460	115747064409646	115747044246574
115747050409908	115747072747094	115747050361574
115747178686314	115747197793866	115747178479543
115747275538397	115747289477980	115747275419907
115747277890532	115747297813865	115747277808553
115747383934751	115747397818084	115747383772720
115747393411053	115747406152615	115747393304595
115747492269907	115747506172407	115747492160949
115747494322303	115747514509125	115747494263397
115747501386262	115747522845948	115747501286939
115747592256366	115747606212668	115747592098084
115747594453814	115747614549438	115747594360741
115747708080741	115747722926365	115747707917928
115747816103032	115747831278865	115747815928866
115747818621157	115747839614073	115747818520324
115747940775636	115747956294230	115747940679126
115747942287355	115747964627511	115747942251886
115748048933188	115748064628188	115748048794595
115748051159959	115748072962511	115748051083761
115748167279803	115748181315479	115748167118501
115748177066418	115748189650636	115748176944074
115748275226105	115748289662979	115748275096678
115748277823501	115748297996938	115748277638449
115748403043657	115748414679906	115748402927667
115748506176730	115748523011573	115748506028970
115748608211313	115748623030011	115748608073032
115748610479230	115748631366000	115748610374855
115748718396053	115748731382198	115748718269490
115748720406834	115748739715636	115748720357094
115748823605740	115748839694021	115748823509438
115748825346730	115748848026469	115748825304282
115748942085115	115748956336261	115748941995428
115748943613553	115748964668656	115748943574959
115749040166001	115749056339750	115749039949438
115749148489594	115749164697250	115749148325115
115749152186157	115749173032511	115749152079907
115749245703032	115749256378396	115749245583709
115749247306886	115749264712979	115749247267355
115749259433813	115749273048343	115749259330167
115749366414125	115749381408344	115749366291105
115749468417250	115749481432614	115749468264490
115749470495688	115749489768448	115749470430480
115749478331000	115749498104490	115749478258188
115749585385115	115749598126885	115749585273396
115749701600636	115749714816729	115749701479334
115749792586573	115749806512042	115749792475167
115749800694959	115749814848031	115749800654125
115749911307615	115749923202041	115749911151052
115749918207459	115749931539958	115749918101729
115750044392302	115750056600323	115750044271834
115750141726000	115750156644333	115750141645271
115750143255896	115750164983604	115750143218865
115750151005375	115750173323135	115750150940011
115750251780792	115750265033187	115750251674542
115750253472458	115750273369802	115750253424646
115750368035896	115750381745687	115750367887823
115750469419281	115750481788760	115750469317927
115750471429229	115750490125791	115750471375635
115750476190219	115750498462510	115750476135896
115750579348552	115750590170583	115750579234021
115750678529854	115750690209750	115750678457562
115750687081521	115750698546312	115750686991677
115750803959698	115750815295531	115750803873552
115750910231104	115750923699541	115750910177406
115751041944281	115751057073760	115751041696781
115751044292041	115751065409958	115751044211833
115751150076260	115751165451468	115751149927302
115751228102198	115751240492770	115751227970323
115751235137302	115751248831572	115751235105114
115751243148448	115751257170270	115751243102093
115751361253656	115751373893396	115751361102302
115751459774645	115751473913552	115751459639750
115751462273812	115751482248968	115751462178083
115751468876052	115751490584541	115751468798239
115751570256052	115751582273863	115751570115166
115751573147510	115751590609228	115751573061260
115751695289750	115751707283707	115751695150947
115751799803500	115751815643291	115751799610218
115751909209281	115751924021988	115751909077979
115751911628812	115751932359176	115751911540114
115751918754229	115751940695218	115751918713552
115752020434541	115752032420895	115752020308760
115752027307302	115752040759645	115752027256104
115752134329437	115752149154436	115752134178604
115752136464124	115752157492354	115752136397093
115752242564906	115752257531728	115752242429906
115752245490114	115752265867822	115752245394645
115752252217926	115752274203915	115752253963187
115752347155478	115752365904905	115752347037614
115752351499385	115752374241155	115752351468395
115752468652926	115752482613134	115752468556208
115752477473030	115752490949801	115752477411312
115752586044072	115752599301780	115752585884385
115752693765426	115752707659436	115752693652562
115752695496520	115752715995217	115752695453082
115752801192197	115752816021780	115752801099332
115752911782718	115752924381832	115752911601624
115753008572093	115753024413967	115753008403187
115753011439905	115753032750373	115753011336520
115753122935270	115753141125634	115753122860582
115753126844072	115753149463499	115753126809228
115753250505843	115753266172509	115753250349332

=== poll 1790360269.702036521
8333333
115747494322303	115747514509125	115747494263397
115747501386262	115747522845948	115747501286939
115747592256366	115747606212668	115747592098084
115747594453814	115747614549438	115747594360741
115747708080741	115747722926365	115747707917928
115747816103032	115747831278865	115747815928866
115747818621157	115747839614073	115747818520324
115747940775636	115747956294230	115747940679126
115747942287355	115747964627511	115747942251886
115748048933188	115748064628188	115748048794595
115748051159959	115748072962511	115748051083761
115748167279803	115748181315479	115748167118501
115748177066418	115748189650636	115748176944074
115748275226105	115748289662979	115748275096678
115748277823501	115748297996938	115748277638449
115748403043657	115748414679906	115748402927667
115748506176730	115748523011573	115748506028970
115748608211313	115748623030011	115748608073032
115748610479230	115748631366000	115748610374855
115748718396053	115748731382198	115748718269490
115748720406834	115748739715636	115748720357094
115748823605740	115748839694021	115748823509438
115748825346730	115748848026469	115748825304282
115748942085115	115748956336261	115748941995428
115748943613553	115748964668656	115748943574959
115749040166001	115749056339750	115749039949438
115749148489594	115749164697250	115749148325115
115749152186157	115749173032511	115749152079907
115749245703032	115749256378396	115749245583709
115749247306886	115749264712979	115749247267355
115749259433813	115749273048343	115749259330167
115749366414125	115749381408344	115749366291105
115749468417250	115749481432614	115749468264490
115749470495688	115749489768448	115749470430480
115749478331000	115749498104490	115749478258188
115749585385115	115749598126885	115749585273396
115749701600636	115749714816729	115749701479334
115749792586573	115749806512042	115749792475167
115749800694959	115749814848031	115749800654125
115749911307615	115749923202041	115749911151052
115749918207459	115749931539958	115749918101729
115750044392302	115750056600323	115750044271834
115750141726000	115750156644333	115750141645271
115750143255896	115750164983604	115750143218865
115750151005375	115750173323135	115750150940011
115750251780792	115750265033187	115750251674542
115750253472458	115750273369802	115750253424646
115750368035896	115750381745687	115750367887823
115750469419281	115750481788760	115750469317927
115750471429229	115750490125791	115750471375635
115750476190219	115750498462510	115750476135896
115750579348552	115750590170583	115750579234021
115750678529854	115750690209750	115750678457562
115750687081521	115750698546312	115750686991677
115750803959698	115750815295531	115750803873552
115750910231104	115750923699541	115750910177406
115751041944281	115751057073760	115751041696781
115751044292041	115751065409958	115751044211833
115751150076260	115751165451468	115751149927302
115751228102198	115751240492770	115751227970323
115751235137302	115751248831572	115751235105114
115751243148448	115751257170270	115751243102093
115751361253656	115751373893396	115751361102302
115751459774645	115751473913552	115751459639750
115751462273812	115751482248968	115751462178083
115751468876052	115751490584541	115751468798239
115751570256052	115751582273863	115751570115166
115751573147510	115751590609228	115751573061260
115751695289750	115751707283707	115751695150947
115751799803500	115751815643291	115751799610218
115751909209281	115751924021988	115751909077979
115751911628812	115751932359176	115751911540114
115751918754229	115751940695218	115751918713552
115752020434541	115752032420895	115752020308760
115752027307302	115752040759645	115752027256104
115752134329437	115752149154436	115752134178604
115752136464124	115752157492354	115752136397093
115752242564906	115752257531728	115752242429906
115752245490114	115752265867822	115752245394645
115752252217926	115752274203915	115752253963187
115752347155478	115752365904905	115752347037614
115752351499385	115752374241155	115752351468395
115752468652926	115752482613134	115752468556208
115752477473030	115752490949801	115752477411312
115752586044072	115752599301780	115752585884385
115752693765426	115752707659436	115752693652562
115752695496520	115752715995217	115752695453082
115752801192197	115752816021780	115752801099332
115752911782718	115752924381832	115752911601624
115753008572093	115753024413967	115753008403187
115753011439905	115753032750373	115753011336520
115753122935270	115753141125634	115753122860582
115753126844072	115753149463499	115753126809228
115753250505843	115753266172509	115753250349332
115753384384697	115753399553759	115753384254645
115753463263916	115753474582040	115753463170738
115753477373916	115753491254696	115753477285843
115753579871520	115753591302197	115753579804697
115753677757926	115753691349488	115753677680113
115753688645270	115753699685947	115753688593082
115753696124020	115753708022874	115753696058395
115753814026884	115753824736310	115753813927978
115753819792665	115753833073915	115753819716936
115753924628186	115753941436884	115753924523290
115754033166936	115754049817196	115754033076467
115754035502405	115754058152092	115754035471051
115754150548186	115754166516779	115754150452457
115754152128967	115754174854592	115754152044853
115754267166676	115754283247092	115754266999696
115754359176988	115754374951831	115754359099749
115754369729905	115754383288342	115754369650999
115754381069644	115754399961415	115754380961988
115754493748655	115754508356623	115754493593394
115754496319228	115754516694071	115754496199957
115754613615009	115754633429488	115754613392561
115754718736832	115754733484592	115754718582509
115754835103759	115754850208603	115754834837353
115754937892665	115754950256988	115754937705634
115755042996571	115755058637768	115755042796311
115755045370477	115755066976623	115755045339175
115755151161102	115755167037665	115755151085738
115755259348915	115755275424383	115755259172196
115755377208811	115755392121518	115755376846936
115755476234644	115755492164175	115755476103550
115755477915790	115755500502092	115755477876050
115755609202196	115755625575112	115755609107665
115755611289279	115755633913706	115755611244956

=== poll 1790360271.975492145
8333333
115749800694959	115749814848031	115749800654125
115749911307615	115749923202041	115749911151052
115749918207459	115749931539958	115749918101729
115750044392302	115750056600323	115750044271834
115750141726000	115750156644333	115750141645271
115750143255896	115750164983604	115750143218865
115750151005375	115750173323135	115750150940011
115750251780792	115750265033187	115750251674542
115750253472458	115750273369802	115750253424646
115750368035896	115750381745687	115750367887823
115750469419281	115750481788760	115750469317927
115750471429229	115750490125791	115750471375635
115750476190219	115750498462510	115750476135896
115750579348552	115750590170583	115750579234021
115750678529854	115750690209750	115750678457562
115750687081521	115750698546312	115750686991677
115750803959698	115750815295531	115750803873552
115750910231104	115750923699541	115750910177406
115751041944281	115751057073760	115751041696781
115751044292041	115751065409958	115751044211833
115751150076260	115751165451468	115751149927302
115751228102198	115751240492770	115751227970323
115751235137302	115751248831572	115751235105114
115751243148448	115751257170270	115751243102093
115751361253656	115751373893396	115751361102302
115751459774645	115751473913552	115751459639750
115751462273812	115751482248968	115751462178083
115751468876052	115751490584541	115751468798239
115751570256052	115751582273863	115751570115166
115751573147510	115751590609228	115751573061260
115751695289750	115751707283707	115751695150947
115751799803500	115751815643291	115751799610218
115751909209281	115751924021988	115751909077979
115751911628812	115751932359176	115751911540114
115751918754229	115751940695218	115751918713552
115752020434541	115752032420895	115752020308760
115752027307302	115752040759645	115752027256104
115752134329437	115752149154436	115752134178604
115752136464124	115752157492354	115752136397093
115752242564906	115752257531728	115752242429906
115752245490114	115752265867822	115752245394645
115752252217926	115752274203915	115752253963187
115752347155478	115752365904905	115752347037614
115752351499385	115752374241155	115752351468395
115752468652926	115752482613134	115752468556208
115752477473030	115752490949801	115752477411312
115752586044072	115752599301780	115752585884385
115752693765426	115752707659436	115752693652562
115752695496520	115752715995217	115752695453082
115752801192197	115752816021780	115752801099332
115752911782718	115752924381832	115752911601624
115753008572093	115753024413967	115753008403187
115753011439905	115753032750373	115753011336520
115753122935270	115753141125634	115753122860582
115753126844072	115753149463499	115753126809228
115753250505843	115753266172509	115753250349332
115753384384697	115753399553759	115753384254645
115753463263916	115753474582040	115753463170738
115753477373916	115753491254696	115753477285843
115753579871520	115753591302197	115753579804697
115753677757926	115753691349488	115753677680113
115753688645270	115753699685947	115753688593082
115753696124020	115753708022874	115753696058395
115753814026884	115753824736310	115753813927978
115753819792665	115753833073915	115753819716936
115753924628186	115753941436884	115753924523290
115754033166936	115754049817196	115754033076467
115754035502405	115754058152092	115754035471051
115754150548186	115754166516779	115754150452457
115754152128967	115754174854592	115754152044853
115754267166676	115754283247092	115754266999696
115754359176988	115754374951831	115754359099749
115754369729905	115754383288342	115754369650999
115754381069644	115754399961415	115754380961988
115754493748655	115754508356623	115754493593394
115754496319228	115754516694071	115754496199957
115754613615009	115754633429488	115754613392561
115754718736832	115754733484592	115754718582509
115754835103759	115754850208603	115754834837353
115754937892665	115754950256988	115754937705634
115755042996571	115755058637768	115755042796311
115755045370477	115755066976623	115755045339175
115755151161102	115755167037665	115755151085738
115755259348915	115755275424383	115755259172196
115755377208811	115755392121518	115755376846936
115755476234644	115755492164175	115755476103550
115755477915790	115755500502092	115755477876050
115755609202196	115755625575112	115755609107665
115755611289279	115755633913706	115755611244956
115755686508290	115755708949852	115755686433915
115755821075425	115755834014904	115755820902352
115755823393550	115755842354383	115755823287404
115755904158029	115755925752924	115755903934488
115755912860060	115755934093810	115755912736988
115756027890894	115756042521518	115756027790842
115756029460477	115756050860528	115756029423498
115756036548446	115756059199122	115756036510842
115756136384019	115756150914071	115756136222196
115756146521571	115756159252612	115756146425269
115756243015164	115756259302091	115756242879123
115756245665321	115756267640476	115756245568342
115756352755946	115756367664227	115756352484019
115756354903029	115756375999123	115756354825425
115756460869019	115756476026830	115756460727612
115756511812404	115756526048237	115756463433446
115756579372977	115756601076414	115756579246102
115756687821623	115756701119071	115756687655633
115756736776571	115756751133706	115756690204383
115756786847560	115756801139018	115756739353185
115756836874956	115756851147351	115756789289800
115756886808393	115756901165268	115756840742768
115756936902248	115756951182716	115756898870268
115756986804800	115757001197351	115756940994591
115757004930112	115757017868237	115757004873185
115757012974852	115757026204070	115757012909123
115757086140112	115757101233706	115757086019279
115757088200841	115757109571883	115757088136154
115757104980060	115757117910424	115757104912820
115757108058706	115757126250632	115757108021154
115757121118550	115757134589955	115757121065685
115757230605216	115757242954590	115757230418237
115757337177143	115757351326413	115757337031987
115757444324539	115757459694590	115757444206414
115757551619174	115757568069487	115757551539279
115757667958497	115757684763965	115757667833029
115757780461258	115757793141309	115757780256414
115757893863862	115757909843757	115757893776935

=== poll 1790360274.240641102
8333333
115751573147510	115751590609228	115751573061260
115751695289750	115751707283707	115751695150947
115751799803500	115751815643291	115751799610218
115751909209281	115751924021988	115751909077979
115751911628812	115751932359176	115751911540114
115751918754229	115751940695218	115751918713552
115752020434541	115752032420895	115752020308760
115752027307302	115752040759645	115752027256104
115752134329437	115752149154436	115752134178604
115752136464124	115752157492354	115752136397093
115752242564906	115752257531728	115752242429906
115752245490114	115752265867822	115752245394645
115752252217926	115752274203915	115752253963187
115752347155478	115752365904905	115752347037614
115752351499385	115752374241155	115752351468395
115752468652926	115752482613134	115752468556208
115752477473030	115752490949801	115752477411312
115752586044072	115752599301780	115752585884385
115752693765426	115752707659436	115752693652562
115752695496520	115752715995217	115752695453082
115752801192197	115752816021780	115752801099332
115752911782718	115752924381832	115752911601624
115753008572093	115753024413967	115753008403187
115753011439905	115753032750373	115753011336520
115753122935270	115753141125634	115753122860582
115753126844072	115753149463499	115753126809228
115753250505843	115753266172509	115753250349332
115753384384697	115753399553759	115753384254645
115753463263916	115753474582040	115753463170738
115753477373916	115753491254696	115753477285843
115753579871520	115753591302197	115753579804697
115753677757926	115753691349488	115753677680113
115753688645270	115753699685947	115753688593082
115753696124020	115753708022874	115753696058395
115753814026884	115753824736310	115753813927978
115753819792665	115753833073915	115753819716936
115753924628186	115753941436884	115753924523290
115754033166936	115754049817196	115754033076467
115754035502405	115754058152092	115754035471051
115754150548186	115754166516779	115754150452457
115754152128967	115754174854592	115754152044853
115754267166676	115754283247092	115754266999696
115754359176988	115754374951831	115754359099749
115754369729905	115754383288342	115754369650999
115754381069644	115754399961415	115754380961988
115754493748655	115754508356623	115754493593394
115754496319228	115754516694071	115754496199957
115754613615009	115754633429488	115754613392561
115754718736832	115754733484592	115754718582509
115754835103759	115754850208603	115754834837353
115754937892665	115754950256988	115754937705634
115755042996571	115755058637768	115755042796311
115755045370477	115755066976623	115755045339175
115755151161102	115755167037665	115755151085738
115755259348915	115755275424383	115755259172196
115755377208811	115755392121518	115755376846936
115755476234644	115755492164175	115755476103550
115755477915790	115755500502092	115755477876050
115755609202196	115755625575112	115755609107665
115755611289279	115755633913706	115755611244956
115755686508290	115755708949852	115755686433915
115755821075425	115755834014904	115755820902352
115755823393550	115755842354383	115755823287404
115755904158029	115755925752924	115755903934488
115755912860060	115755934093810	115755912736988
115756027890894	115756042521518	115756027790842
115756029460477	115756050860528	115756029423498
115756036548446	115756059199122	115756036510842
115756136384019	115756150914071	115756136222196
115756146521571	115756159252612	115756146425269
115756243015164	115756259302091	115756242879123
115756245665321	115756267640476	115756245568342
115756352755946	115756367664227	115756352484019
115756354903029	115756375999123	115756354825425
115756460869019	115756476026830	115756460727612
115756511812404	115756526048237	115756463433446
115756579372977	115756601076414	115756579246102
115756687821623	115756701119071	115756687655633
115756736776571	115756751133706	115756690204383
115756786847560	115756801139018	115756739353185
115756836874956	115756851147351	115756789289800
115756886808393	115756901165268	115756840742768
115756936902248	115756951182716	115756898870268
115756986804800	115757001197351	115756940994591
115757004930112	115757017868237	115757004873185
115757012974852	115757026204070	115757012909123
115757086140112	115757101233706	115757086019279
115757088200841	115757109571883	115757088136154
115757104980060	115757117910424	115757104912820
115757108058706	115757126250632	115757108021154
115757121118550	115757134589955	115757121065685
115757230605216	115757242954590	115757230418237
115757337177143	115757351326413	115757337031987
115757444324539	115757459694590	115757444206414
115757551619174	115757568069487	115757551539279
115757667958497	115757684763965	115757667833029
115757780461258	115757793141309	115757780256414
115757893863862	115757909843757	115757893776935
115757996827039	115758009873340	115757996701570
115757999134643	115758018208705	115757999026674
115758108148393	115758126548914	115758107886622
115758110380008	115758134883289	115758110279695
115758218916257	115758234886882	115758218728914
115758332906153	115758351566153	115758332767664
115758338195945	115758359899643	115758338109174
115758440791882	115758451576778	115758440648549
115758443446987	115758459913913	115758443351570
115758549359382	115758568300267	115758549184955
115758551811987	115758576636204	115758551776205
115758653262924	115758668330580	115758653165216
115758772744226	115758784996101	115758772600684
115758780193601	115758793329121	115758780077143
115758879029747	115758893324694	115758878917299
115758995186153	115759009997820	115758995035788
115759079405372	115759093337924	115759079321361
115759081808653	115759101671986	115759081764070
115759088835840	115759110007975	115759088787663
115759095889799	115759118342038	115759095850059
115759203322611	115759218395007	115759203206413
115759323573288	115759335126726	115759323442090
115759429174382	115759443511673	115759429073236
115759548623340	115759560260527	115759548442611
115759652876101	115759668635267	115759652636830
115759757227246	115759768655683	115759757107871
115759870367767	115759885352402	115759870233496
115759990497142	115760010390891	115759990300892
115760093813757	115760110414381	115760093727455

=== poll 1790360276.518706622
8333333
115752252217926	115752274203915	115752253963187
115752347155478	115752365904905	115752347037614
115752351499385	115752374241155	115752351468395
115752468652926	115752482613134	115752468556208
115752477473030	115752490949801	115752477411312
115752586044072	115752599301780	115752585884385
115752693765426	115752707659436	115752693652562
115752695496520	115752715995217	115752695453082
115752801192197	115752816021780	115752801099332
115752911782718	115752924381832	115752911601624
115753008572093	115753024413967	115753008403187
115753011439905	115753032750373	115753011336520
115753122935270	115753141125634	115753122860582
115753126844072	115753149463499	115753126809228
115753250505843	115753266172509	115753250349332
115753384384697	115753399553759	115753384254645
115753463263916	115753474582040	115753463170738
115753477373916	115753491254696	115753477285843
115753579871520	115753591302197	115753579804697
115753677757926	115753691349488	115753677680113
115753688645270	115753699685947	115753688593082
115753696124020	115753708022874	115753696058395
115753814026884	115753824736310	115753813927978
115753819792665	115753833073915	115753819716936
115753924628186	115753941436884	115753924523290
115754033166936	115754049817196	115754033076467
115754035502405	115754058152092	115754035471051
115754150548186	115754166516779	115754150452457
115754152128967	115754174854592	115754152044853
115754267166676	115754283247092	115754266999696
115754359176988	115754374951831	115754359099749
115754369729905	115754383288342	115754369650999
115754381069644	115754399961415	115754380961988
115754493748655	115754508356623	115754493593394
115754496319228	115754516694071	115754496199957
115754613615009	115754633429488	115754613392561
115754718736832	115754733484592	115754718582509
115754835103759	115754850208603	115754834837353
115754937892665	115754950256988	115754937705634
115755042996571	115755058637768	115755042796311
115755045370477	115755066976623	115755045339175
115755151161102	115755167037665	115755151085738
115755259348915	115755275424383	115755259172196
115755377208811	115755392121518	115755376846936
115755476234644	115755492164175	115755476103550
115755477915790	115755500502092	115755477876050
115755609202196	115755625575112	115755609107665
115755611289279	115755633913706	115755611244956
115755686508290	115755708949852	115755686433915
115755821075425	115755834014904	115755820902352
115755823393550	115755842354383	115755823287404
115755904158029	115755925752924	115755903934488
115755912860060	115755934093810	115755912736988
115756027890894	115756042521518	115756027790842
115756029460477	115756050860528	115756029423498
115756036548446	115756059199122	115756036510842
115756136384019	115756150914071	115756136222196
115756146521571	115756159252612	115756146425269
115756243015164	115756259302091	115756242879123
115756245665321	115756267640476	115756245568342
115756352755946	115756367664227	115756352484019
115756354903029	115756375999123	115756354825425
115756460869019	115756476026830	115756460727612
115756511812404	115756526048237	115756463433446
115756579372977	115756601076414	115756579246102
115756687821623	115756701119071	115756687655633
115756736776571	115756751133706	115756690204383
115756786847560	115756801139018	115756739353185
115756836874956	115756851147351	115756789289800
115756886808393	115756901165268	115756840742768
115756936902248	115756951182716	115756898870268
115756986804800	115757001197351	115756940994591
115757004930112	115757017868237	115757004873185
115757012974852	115757026204070	115757012909123
115757086140112	115757101233706	115757086019279
115757088200841	115757109571883	115757088136154
115757104980060	115757117910424	115757104912820
115757108058706	115757126250632	115757108021154
115757121118550	115757134589955	115757121065685
115757230605216	115757242954590	115757230418237
115757337177143	115757351326413	115757337031987
115757444324539	115757459694590	115757444206414
115757551619174	115757568069487	115757551539279
115757667958497	115757684763965	115757667833029
115757780461258	115757793141309	115757780256414
115757893863862	115757909843757	115757893776935
115757996827039	115758009873340	115757996701570
115757999134643	115758018208705	115757999026674
115758108148393	115758126548914	115758107886622
115758110380008	115758134883289	115758110279695
115758218916257	115758234886882	115758218728914
115758332906153	115758351566153	115758332767664
115758338195945	115758359899643	115758338109174
115758440791882	115758451576778	115758440648549
115758443446987	115758459913913	115758443351570
115758549359382	115758568300267	115758549184955
115758551811987	115758576636204	115758551776205
115758653262924	115758668330580	115758653165216
115758772744226	115758784996101	115758772600684
115758780193601	115758793329121	115758780077143
115758879029747	115758893324694	115758878917299
115758995186153	115759009997820	115758995035788
115759079405372	115759093337924	115759079321361
115759081808653	115759101671986	115759081764070
115759088835840	115759110007975	115759088787663
115759095889799	115759118342038	115759095850059
115759203322611	115759218395007	115759203206413
115759323573288	115759335126726	115759323442090
115759429174382	115759443511673	115759429073236
115759548623340	115759560260527	115759548442611
115759652876101	115759668635267	115759652636830
115759757227246	115759768655683	115759757107871
115759870367767	115759885352402	115759870233496
115759990497142	115760010390891	115759990300892
115760093813757	115760110414381	115760093727455
115760203612455	115760218772558	115760203517298
115760318464173	115760335481308	115760318368444
115760423045840	115760435510111	115760422943496
115760537738861	115760552240423	115760537032038
115760645051934	115760660632922	115760644963600
115760753012871	115760769009954	115760752865944
115760865202506	115760877393548	115760865024017
115760969819121	115760985807090	115760969653184
115761077831204	115761094203391	115761077753496
115761085325579	115761102540474	115761085259329
115761088222454	115761110878443	115761088177038
115761099379121	115761119215788	115761099323652

=== poll 1790360278.794877142
8333333
115752252217926	115752274203915	115752253963187
115752347155478	115752365904905	115752347037614
115752351499385	115752374241155	115752351468395
115752468652926	115752482613134	115752468556208
115752477473030	115752490949801	115752477411312
115752586044072	115752599301780	115752585884385
115752693765426	115752707659436	115752693652562
115752695496520	115752715995217	115752695453082
115752801192197	115752816021780	115752801099332
115752911782718	115752924381832	115752911601624
115753008572093	115753024413967	115753008403187
115753011439905	115753032750373	115753011336520
115753122935270	115753141125634	115753122860582
115753126844072	115753149463499	115753126809228
115753250505843	115753266172509	115753250349332
115753384384697	115753399553759	115753384254645
115753463263916	115753474582040	115753463170738
115753477373916	115753491254696	115753477285843
115753579871520	115753591302197	115753579804697
115753677757926	115753691349488	115753677680113
115753688645270	115753699685947	115753688593082
115753696124020	115753708022874	115753696058395
115753814026884	115753824736310	115753813927978
115753819792665	115753833073915	115753819716936
115753924628186	115753941436884	115753924523290
115754033166936	115754049817196	115754033076467
115754035502405	115754058152092	115754035471051
115754150548186	115754166516779	115754150452457
115754152128967	115754174854592	115754152044853
115754267166676	115754283247092	115754266999696
115754359176988	115754374951831	115754359099749
115754369729905	115754383288342	115754369650999
115754381069644	115754399961415	115754380961988
115754493748655	115754508356623	115754493593394
115754496319228	115754516694071	115754496199957
115754613615009	115754633429488	115754613392561
115754718736832	115754733484592	115754718582509
115754835103759	115754850208603	115754834837353
115754937892665	115754950256988	115754937705634
115755042996571	115755058637768	115755042796311
115755045370477	115755066976623	115755045339175
115755151161102	115755167037665	115755151085738
115755259348915	115755275424383	115755259172196
115755377208811	115755392121518	115755376846936
115755476234644	115755492164175	115755476103550
115755477915790	115755500502092	115755477876050
115755609202196	115755625575112	115755609107665
115755611289279	115755633913706	115755611244956
115755686508290	115755708949852	115755686433915
115755821075425	115755834014904	115755820902352
115755823393550	115755842354383	115755823287404
115755904158029	115755925752924	115755903934488
115755912860060	115755934093810	115755912736988
115756027890894	115756042521518	115756027790842
115756029460477	115756050860528	115756029423498
115756036548446	115756059199122	115756036510842
115756136384019	115756150914071	115756136222196
115756146521571	115756159252612	115756146425269
115756243015164	115756259302091	115756242879123
115756245665321	115756267640476	115756245568342
115756352755946	115756367664227	115756352484019
115756354903029	115756375999123	115756354825425
115756460869019	115756476026830	115756460727612
115756511812404	115756526048237	115756463433446
115756579372977	115756601076414	115756579246102
115756687821623	115756701119071	115756687655633
115756736776571	115756751133706	115756690204383
115756786847560	115756801139018	115756739353185
115756836874956	115756851147351	115756789289800
115756886808393	115756901165268	115756840742768
115756936902248	115756951182716	115756898870268
115756986804800	115757001197351	115756940994591
115757004930112	115757017868237	115757004873185
115757012974852	115757026204070	115757012909123
115757086140112	115757101233706	115757086019279
115757088200841	115757109571883	115757088136154
115757104980060	115757117910424	115757104912820
115757108058706	115757126250632	115757108021154
115757121118550	115757134589955	115757121065685
115757230605216	115757242954590	115757230418237
115757337177143	115757351326413	115757337031987
115757444324539	115757459694590	115757444206414
115757551619174	115757568069487	115757551539279
115757667958497	115757684763965	115757667833029
115757780461258	115757793141309	115757780256414
115757893863862	115757909843757	115757893776935
115757996827039	115758009873340	115757996701570
115757999134643	115758018208705	115757999026674
115758108148393	115758126548914	115758107886622
115758110380008	115758134883289	115758110279695
115758218916257	115758234886882	115758218728914
115758332906153	115758351566153	115758332767664
115758338195945	115758359899643	115758338109174
115758440791882	115758451576778	115758440648549
115758443446987	115758459913913	115758443351570
115758549359382	115758568300267	115758549184955
115758551811987	115758576636204	115758551776205
115758653262924	115758668330580	115758653165216
115758772744226	115758784996101	115758772600684
115758780193601	115758793329121	115758780077143
115758879029747	115758893324694	115758878917299
115758995186153	115759009997820	115758995035788
115759079405372	115759093337924	115759079321361
115759081808653	115759101671986	115759081764070
115759088835840	115759110007975	115759088787663
115759095889799	115759118342038	115759095850059
115759203322611	115759218395007	115759203206413
115759323573288	115759335126726	115759323442090
115759429174382	115759443511673	115759429073236
115759548623340	115759560260527	115759548442611
115759652876101	115759668635267	115759652636830
115759757227246	115759768655683	115759757107871
115759870367767	115759885352402	115759870233496
115759990497142	115760010390891	115759990300892
115760093813757	115760110414381	115760093727455
115760203612455	115760218772558	115760203517298
115760318464173	115760335481308	115760318368444
115760423045840	115760435510111	115760422943496
115760537738861	115760552240423	115760537032038
115760645051934	115760660632922	115760644963600
115760753012871	115760769009954	115760752865944
115760865202506	115760877393548	115760865024017
115760969819121	115760985807090	115760969653184
115761077831204	115761094203391	115761077753496
115761085325579	115761102540474	115761085259329
115761088222454	115761110878443	115761088177038
115761099379121	115761119215788	115761099323652

=== poll 1790360281.070110110
8333333
115752347155478	115752365904905	115752347037614
115752351499385	115752374241155	115752351468395
115752468652926	115752482613134	115752468556208
115752477473030	115752490949801	115752477411312
115752586044072	115752599301780	115752585884385
115752693765426	115752707659436	115752693652562
115752695496520	115752715995217	115752695453082
115752801192197	115752816021780	115752801099332
115752911782718	115752924381832	115752911601624
115753008572093	115753024413967	115753008403187
115753011439905	115753032750373	115753011336520
115753122935270	115753141125634	115753122860582
115753126844072	115753149463499	115753126809228
115753250505843	115753266172509	115753250349332
115753384384697	115753399553759	115753384254645
115753463263916	115753474582040	115753463170738
115753477373916	115753491254696	115753477285843
115753579871520	115753591302197	115753579804697
115753677757926	115753691349488	115753677680113
115753688645270	115753699685947	115753688593082
115753696124020	115753708022874	115753696058395
115753814026884	115753824736310	115753813927978
115753819792665	115753833073915	115753819716936
115753924628186	115753941436884	115753924523290
115754033166936	115754049817196	115754033076467
115754035502405	115754058152092	115754035471051
115754150548186	115754166516779	115754150452457
115754152128967	115754174854592	115754152044853
115754267166676	115754283247092	115754266999696
115754359176988	115754374951831	115754359099749
115754369729905	115754383288342	115754369650999
115754381069644	115754399961415	115754380961988
115754493748655	115754508356623	115754493593394
115754496319228	115754516694071	115754496199957
115754613615009	115754633429488	115754613392561
115754718736832	115754733484592	115754718582509
115754835103759	115754850208603	115754834837353
115754937892665	115754950256988	115754937705634
115755042996571	115755058637768	115755042796311
115755045370477	115755066976623	115755045339175
115755151161102	115755167037665	115755151085738
115755259348915	115755275424383	115755259172196
115755377208811	115755392121518	115755376846936
115755476234644	115755492164175	115755476103550
115755477915790	115755500502092	115755477876050
115755609202196	115755625575112	115755609107665
115755611289279	115755633913706	115755611244956
115755686508290	115755708949852	115755686433915
115755821075425	115755834014904	115755820902352
115755823393550	115755842354383	115755823287404
115755904158029	115755925752924	115755903934488
115755912860060	115755934093810	115755912736988
115756027890894	115756042521518	115756027790842
115756029460477	115756050860528	115756029423498
115756036548446	115756059199122	115756036510842
115756136384019	115756150914071	115756136222196
115756146521571	115756159252612	115756146425269
115756243015164	115756259302091	115756242879123
115756245665321	115756267640476	115756245568342
115756352755946	115756367664227	115756352484019
115756354903029	115756375999123	115756354825425
115756460869019	115756476026830	115756460727612
115756511812404	115756526048237	115756463433446
115756579372977	115756601076414	115756579246102
115756687821623	115756701119071	115756687655633
115756736776571	115756751133706	115756690204383
115756786847560	115756801139018	115756739353185
115756836874956	115756851147351	115756789289800
115756886808393	115756901165268	115756840742768
115756936902248	115756951182716	115756898870268
115756986804800	115757001197351	115756940994591
115757004930112	115757017868237	115757004873185
115757012974852	115757026204070	115757012909123
115757086140112	115757101233706	115757086019279
115757088200841	115757109571883	115757088136154
115757104980060	115757117910424	115757104912820
115757108058706	115757126250632	115757108021154
115757121118550	115757134589955	115757121065685
115757230605216	115757242954590	115757230418237
115757337177143	115757351326413	115757337031987
115757444324539	115757459694590	115757444206414
115757551619174	115757568069487	115757551539279
115757667958497	115757684763965	115757667833029
115757780461258	115757793141309	115757780256414
115757893863862	115757909843757	115757893776935
115757996827039	115758009873340	115757996701570
115757999134643	115758018208705	115757999026674
115758108148393	115758126548914	115758107886622
115758110380008	115758134883289	115758110279695
115758218916257	115758234886882	115758218728914
115758332906153	115758351566153	115758332767664
115758338195945	115758359899643	115758338109174
115758440791882	115758451576778	115758440648549
115758443446987	115758459913913	115758443351570
115758549359382	115758568300267	115758549184955
115758551811987	115758576636204	115758551776205
115758653262924	115758668330580	115758653165216
115758772744226	115758784996101	115758772600684
115758780193601	115758793329121	115758780077143
115758879029747	115758893324694	115758878917299
115758995186153	115759009997820	115758995035788
115759079405372	115759093337924	115759079321361
115759081808653	115759101671986	115759081764070
115759088835840	115759110007975	115759088787663
115759095889799	115759118342038	115759095850059
115759203322611	115759218395007	115759203206413
115759323573288	115759335126726	115759323442090
115759429174382	115759443511673	115759429073236
115759548623340	115759560260527	115759548442611
115759652876101	115759668635267	115759652636830
115759757227246	115759768655683	115759757107871
115759870367767	115759885352402	115759870233496
115759990497142	115760010390891	115759990300892
115760093813757	115760110414381	115760093727455
115760203612455	115760218772558	115760203517298
115760318464173	115760335481308	115760318368444
115760423045840	115760435510111	115760422943496
115760537738861	115760552240423	115760537032038
115760645051934	115760660632922	115760644963600
115760753012871	115760769009954	115760752865944
115760865202506	115760877393548	115760865024017
115760969819121	115760985807090	115760969653184
115761077831204	115761094203391	115761077753496
115761085325579	115761102540474	115761085259329
115761088222454	115761110878443	115761088177038
115761099379121	115761119215788	115761099323652
115766710576567	115766730155316	115766710389744

=== poll 1790360283.477328911
8333333
115752347155478	115752365904905	115752347037614
115752351499385	115752374241155	115752351468395
115752468652926	115752482613134	115752468556208
115752477473030	115752490949801	115752477411312
115752586044072	115752599301780	115752585884385
115752693765426	115752707659436	115752693652562
115752695496520	115752715995217	115752695453082
115752801192197	115752816021780	115752801099332
115752911782718	115752924381832	115752911601624
115753008572093	115753024413967	115753008403187
115753011439905	115753032750373	115753011336520
115753122935270	115753141125634	115753122860582
115753126844072	115753149463499	115753126809228
115753250505843	115753266172509	115753250349332
115753384384697	115753399553759	115753384254645
115753463263916	115753474582040	115753463170738
115753477373916	115753491254696	115753477285843
115753579871520	115753591302197	115753579804697
115753677757926	115753691349488	115753677680113
115753688645270	115753699685947	115753688593082
115753696124020	115753708022874	115753696058395
115753814026884	115753824736310	115753813927978
115753819792665	115753833073915	115753819716936
115753924628186	115753941436884	115753924523290
115754033166936	115754049817196	115754033076467
115754035502405	115754058152092	115754035471051
115754150548186	115754166516779	115754150452457
115754152128967	115754174854592	115754152044853
115754267166676	115754283247092	115754266999696
115754359176988	115754374951831	115754359099749
115754369729905	115754383288342	115754369650999
115754381069644	115754399961415	115754380961988
115754493748655	115754508356623	115754493593394
115754496319228	115754516694071	115754496199957
115754613615009	115754633429488	115754613392561
115754718736832	115754733484592	115754718582509
115754835103759	115754850208603	115754834837353
115754937892665	115754950256988	115754937705634
115755042996571	115755058637768	115755042796311
115755045370477	115755066976623	115755045339175
115755151161102	115755167037665	115755151085738
115755259348915	115755275424383	115755259172196
115755377208811	115755392121518	115755376846936
115755476234644	115755492164175	115755476103550
115755477915790	115755500502092	115755477876050
115755609202196	115755625575112	115755609107665
115755611289279	115755633913706	115755611244956
115755686508290	115755708949852	115755686433915
115755821075425	115755834014904	115755820902352
115755823393550	115755842354383	115755823287404
115755904158029	115755925752924	115755903934488
115755912860060	115755934093810	115755912736988
115756027890894	115756042521518	115756027790842
115756029460477	115756050860528	115756029423498
115756036548446	115756059199122	115756036510842
115756136384019	115756150914071	115756136222196
115756146521571	115756159252612	115756146425269
115756243015164	115756259302091	115756242879123
115756245665321	115756267640476	115756245568342
115756352755946	115756367664227	115756352484019
115756354903029	115756375999123	115756354825425
115756460869019	115756476026830	115756460727612
115756511812404	115756526048237	115756463433446
115756579372977	115756601076414	115756579246102
115756687821623	115756701119071	115756687655633
115756736776571	115756751133706	115756690204383
115756786847560	115756801139018	115756739353185
115756836874956	115756851147351	115756789289800
115756886808393	115756901165268	115756840742768
115756936902248	115756951182716	115756898870268
115756986804800	115757001197351	115756940994591
115757004930112	115757017868237	115757004873185
115757012974852	115757026204070	115757012909123
115757086140112	115757101233706	115757086019279
115757088200841	115757109571883	115757088136154
115757104980060	115757117910424	115757104912820
115757108058706	115757126250632	115757108021154
115757121118550	115757134589955	115757121065685
115757230605216	115757242954590	115757230418237
115757337177143	115757351326413	115757337031987
115757444324539	115757459694590	115757444206414
115757551619174	115757568069487	115757551539279
115757667958497	115757684763965	115757667833029
115757780461258	115757793141309	115757780256414
115757893863862	115757909843757	115757893776935
115757996827039	115758009873340	115757996701570
115757999134643	115758018208705	115757999026674
115758108148393	115758126548914	115758107886622
115758110380008	115758134883289	115758110279695
115758218916257	115758234886882	115758218728914
115758332906153	115758351566153	115758332767664
115758338195945	115758359899643	115758338109174
115758440791882	115758451576778	115758440648549
115758443446987	115758459913913	115758443351570
115758549359382	115758568300267	115758549184955
115758551811987	115758576636204	115758551776205
115758653262924	115758668330580	115758653165216
115758772744226	115758784996101	115758772600684
115758780193601	115758793329121	115758780077143
115758879029747	115758893324694	115758878917299
115758995186153	115759009997820	115758995035788
115759079405372	115759093337924	115759079321361
115759081808653	115759101671986	115759081764070
115759088835840	115759110007975	115759088787663
115759095889799	115759118342038	115759095850059
115759203322611	115759218395007	115759203206413
115759323573288	115759335126726	115759323442090
115759429174382	115759443511673	115759429073236
115759548623340	115759560260527	115759548442611
115759652876101	115759668635267	115759652636830
115759757227246	115759768655683	115759757107871
115759870367767	115759885352402	115759870233496
115759990497142	115760010390891	115759990300892
115760093813757	115760110414381	115760093727455
115760203612455	115760218772558	115760203517298
115760318464173	115760335481308	115760318368444
115760423045840	115760435510111	115760422943496
115760537738861	115760552240423	115760537032038
115760645051934	115760660632922	115760644963600
115760753012871	115760769009954	115760752865944
115760865202506	115760877393548	115760865024017
115760969819121	115760985807090	115760969653184
115761077831204	115761094203391	115761077753496
115761085325579	115761102540474	115761085259329
115761088222454	115761110878443	115761088177038
115761099379121	115761119215788	115761099323652
115766710576567	115766730155316	115766710389744

=== poll 1790360285.759572504
8333333
115752347155478	115752365904905	115752347037614
115752351499385	115752374241155	115752351468395
115752468652926	115752482613134	115752468556208
115752477473030	115752490949801	115752477411312
115752586044072	115752599301780	115752585884385
115752693765426	115752707659436	115752693652562
115752695496520	115752715995217	115752695453082
115752801192197	115752816021780	115752801099332
115752911782718	115752924381832	115752911601624
115753008572093	115753024413967	115753008403187
115753011439905	115753032750373	115753011336520
115753122935270	115753141125634	115753122860582
115753126844072	115753149463499	115753126809228
115753250505843	115753266172509	115753250349332
115753384384697	115753399553759	115753384254645
115753463263916	115753474582040	115753463170738
115753477373916	115753491254696	115753477285843
115753579871520	115753591302197	115753579804697
115753677757926	115753691349488	115753677680113
115753688645270	115753699685947	115753688593082
115753696124020	115753708022874	115753696058395
115753814026884	115753824736310	115753813927978
115753819792665	115753833073915	115753819716936
115753924628186	115753941436884	115753924523290
115754033166936	115754049817196	115754033076467
115754035502405	115754058152092	115754035471051
115754150548186	115754166516779	115754150452457
115754152128967	115754174854592	115754152044853
115754267166676	115754283247092	115754266999696
115754359176988	115754374951831	115754359099749
115754369729905	115754383288342	115754369650999
115754381069644	115754399961415	115754380961988
115754493748655	115754508356623	115754493593394
115754496319228	115754516694071	115754496199957
115754613615009	115754633429488	115754613392561
115754718736832	115754733484592	115754718582509
115754835103759	115754850208603	115754834837353
115754937892665	115754950256988	115754937705634
115755042996571	115755058637768	115755042796311
115755045370477	115755066976623	115755045339175
115755151161102	115755167037665	115755151085738
115755259348915	115755275424383	115755259172196
115755377208811	115755392121518	115755376846936
115755476234644	115755492164175	115755476103550
115755477915790	115755500502092	115755477876050
115755609202196	115755625575112	115755609107665
115755611289279	115755633913706	115755611244956
115755686508290	115755708949852	115755686433915
115755821075425	115755834014904	115755820902352
115755823393550	115755842354383	115755823287404
115755904158029	115755925752924	115755903934488
115755912860060	115755934093810	115755912736988
115756027890894	115756042521518	115756027790842
115756029460477	115756050860528	115756029423498
115756036548446	115756059199122	115756036510842
115756136384019	115756150914071	115756136222196
115756146521571	115756159252612	115756146425269
115756243015164	115756259302091	115756242879123
115756245665321	115756267640476	115756245568342
115756352755946	115756367664227	115756352484019
115756354903029	115756375999123	115756354825425
115756460869019	115756476026830	115756460727612
115756511812404	115756526048237	115756463433446
115756579372977	115756601076414	115756579246102
115756687821623	115756701119071	115756687655633
115756736776571	115756751133706	115756690204383
115756786847560	115756801139018	115756739353185
115756836874956	115756851147351	115756789289800
115756886808393	115756901165268	115756840742768
115756936902248	115756951182716	115756898870268
115756986804800	115757001197351	115756940994591
115757004930112	115757017868237	115757004873185
115757012974852	115757026204070	115757012909123
115757086140112	115757101233706	115757086019279
115757088200841	115757109571883	115757088136154
115757104980060	115757117910424	115757104912820
115757108058706	115757126250632	115757108021154
115757121118550	115757134589955	115757121065685
115757230605216	115757242954590	115757230418237
115757337177143	115757351326413	115757337031987
115757444324539	115757459694590	115757444206414
115757551619174	115757568069487	115757551539279
115757667958497	115757684763965	115757667833029
115757780461258	115757793141309	115757780256414
115757893863862	115757909843757	115757893776935
115757996827039	115758009873340	115757996701570
115757999134643	115758018208705	115757999026674
115758108148393	115758126548914	115758107886622
115758110380008	115758134883289	115758110279695
115758218916257	115758234886882	115758218728914
115758332906153	115758351566153	115758332767664
115758338195945	115758359899643	115758338109174
115758440791882	115758451576778	115758440648549
115758443446987	115758459913913	115758443351570
115758549359382	115758568300267	115758549184955
115758551811987	115758576636204	115758551776205
115758653262924	115758668330580	115758653165216
115758772744226	115758784996101	115758772600684
115758780193601	115758793329121	115758780077143
115758879029747	115758893324694	115758878917299
115758995186153	115759009997820	115758995035788
115759079405372	115759093337924	115759079321361
115759081808653	115759101671986	115759081764070
115759088835840	115759110007975	115759088787663
115759095889799	115759118342038	115759095850059
115759203322611	115759218395007	115759203206413
115759323573288	115759335126726	115759323442090
115759429174382	115759443511673	115759429073236
115759548623340	115759560260527	115759548442611
115759652876101	115759668635267	115759652636830
115759757227246	115759768655683	115759757107871
115759870367767	115759885352402	115759870233496
115759990497142	115760010390891	115759990300892
115760093813757	115760110414381	115760093727455
115760203612455	115760218772558	115760203517298
115760318464173	115760335481308	115760318368444
115760423045840	115760435510111	115760422943496
115760537738861	115760552240423	115760537032038
115760645051934	115760660632922	115760644963600
115760753012871	115760769009954	115760752865944
115760865202506	115760877393548	115760865024017
115760969819121	115760985807090	115760969653184
115761077831204	115761094203391	115761077753496
115761085325579	115761102540474	115761085259329
115761088222454	115761110878443	115761088177038
115761099379121	115761119215788	115761099323652
115766710576567	115766730155316	115766710389744

=== poll 1790360288.016786878
8333333
115752347155478	115752365904905	115752347037614
115752351499385	115752374241155	115752351468395
115752468652926	115752482613134	115752468556208
115752477473030	115752490949801	115752477411312
115752586044072	115752599301780	115752585884385
115752693765426	115752707659436	115752693652562
115752695496520	115752715995217	115752695453082
115752801192197	115752816021780	115752801099332
115752911782718	115752924381832	115752911601624
115753008572093	115753024413967	115753008403187
115753011439905	115753032750373	115753011336520
115753122935270	115753141125634	115753122860582
115753126844072	115753149463499	115753126809228
115753250505843	115753266172509	115753250349332
115753384384697	115753399553759	115753384254645
115753463263916	115753474582040	115753463170738
115753477373916	115753491254696	115753477285843
115753579871520	115753591302197	115753579804697
115753677757926	115753691349488	115753677680113
115753688645270	115753699685947	115753688593082
115753696124020	115753708022874	115753696058395
115753814026884	115753824736310	115753813927978
115753819792665	115753833073915	115753819716936
115753924628186	115753941436884	115753924523290
115754033166936	115754049817196	115754033076467
115754035502405	115754058152092	115754035471051
115754150548186	115754166516779	115754150452457
115754152128967	115754174854592	115754152044853
115754267166676	115754283247092	115754266999696
115754359176988	115754374951831	115754359099749
115754369729905	115754383288342	115754369650999
115754381069644	115754399961415	115754380961988
115754493748655	115754508356623	115754493593394
115754496319228	115754516694071	115754496199957
115754613615009	115754633429488	115754613392561
115754718736832	115754733484592	115754718582509
115754835103759	115754850208603	115754834837353
115754937892665	115754950256988	115754937705634
115755042996571	115755058637768	115755042796311
115755045370477	115755066976623	115755045339175
115755151161102	115755167037665	115755151085738
115755259348915	115755275424383	115755259172196
115755377208811	115755392121518	115755376846936
115755476234644	115755492164175	115755476103550
115755477915790	115755500502092	115755477876050
115755609202196	115755625575112	115755609107665
115755611289279	115755633913706	115755611244956
115755686508290	115755708949852	115755686433915
115755821075425	115755834014904	115755820902352
115755823393550	115755842354383	115755823287404
115755904158029	115755925752924	115755903934488
115755912860060	115755934093810	115755912736988
115756027890894	115756042521518	115756027790842
115756029460477	115756050860528	115756029423498
115756036548446	115756059199122	115756036510842
115756136384019	115756150914071	115756136222196
115756146521571	115756159252612	115756146425269
115756243015164	115756259302091	115756242879123
115756245665321	115756267640476	115756245568342
115756352755946	115756367664227	115756352484019
115756354903029	115756375999123	115756354825425
115756460869019	115756476026830	115756460727612
115756511812404	115756526048237	115756463433446
115756579372977	115756601076414	115756579246102
115756687821623	115756701119071	115756687655633
115756736776571	115756751133706	115756690204383
115756786847560	115756801139018	115756739353185
115756836874956	115756851147351	115756789289800
115756886808393	115756901165268	115756840742768
115756936902248	115756951182716	115756898870268
115756986804800	115757001197351	115756940994591
115757004930112	115757017868237	115757004873185
115757012974852	115757026204070	115757012909123
115757086140112	115757101233706	115757086019279
115757088200841	115757109571883	115757088136154
115757104980060	115757117910424	115757104912820
115757108058706	115757126250632	115757108021154
115757121118550	115757134589955	115757121065685
115757230605216	115757242954590	115757230418237
115757337177143	115757351326413	115757337031987
115757444324539	115757459694590	115757444206414
115757551619174	115757568069487	115757551539279
115757667958497	115757684763965	115757667833029
115757780461258	115757793141309	115757780256414
115757893863862	115757909843757	115757893776935
115757996827039	115758009873340	115757996701570
115757999134643	115758018208705	115757999026674
115758108148393	115758126548914	115758107886622
115758110380008	115758134883289	115758110279695
115758218916257	115758234886882	115758218728914
115758332906153	115758351566153	115758332767664
115758338195945	115758359899643	115758338109174
115758440791882	115758451576778	115758440648549
115758443446987	115758459913913	115758443351570
115758549359382	115758568300267	115758549184955
115758551811987	115758576636204	115758551776205
115758653262924	115758668330580	115758653165216
115758772744226	115758784996101	115758772600684
115758780193601	115758793329121	115758780077143
115758879029747	115758893324694	115758878917299
115758995186153	115759009997820	115758995035788
115759079405372	115759093337924	115759079321361
115759081808653	115759101671986	115759081764070
115759088835840	115759110007975	115759088787663
115759095889799	115759118342038	115759095850059
115759203322611	115759218395007	115759203206413
115759323573288	115759335126726	115759323442090
115759429174382	115759443511673	115759429073236
115759548623340	115759560260527	115759548442611
115759652876101	115759668635267	115759652636830
115759757227246	115759768655683	115759757107871
115759870367767	115759885352402	115759870233496
115759990497142	115760010390891	115759990300892
115760093813757	115760110414381	115760093727455
115760203612455	115760218772558	115760203517298
115760318464173	115760335481308	115760318368444
115760423045840	115760435510111	115760422943496
115760537738861	115760552240423	115760537032038
115760645051934	115760660632922	115760644963600
115760753012871	115760769009954	115760752865944
115760865202506	115760877393548	115760865024017
115760969819121	115760985807090	115760969653184
115761077831204	115761094203391	115761077753496
115761085325579	115761102540474	115761085259329
115761088222454	115761110878443	115761088177038
115761099379121	115761119215788	115761099323652
115766710576567	115766730155316	115766710389744

=== poll 1790360290.310899690
8333333
115752693765426	115752707659436	115752693652562
115752695496520	115752715995217	115752695453082
115752801192197	115752816021780	115752801099332
115752911782718	115752924381832	115752911601624
115753008572093	115753024413967	115753008403187
115753011439905	115753032750373	115753011336520
115753122935270	115753141125634	115753122860582
115753126844072	115753149463499	115753126809228
115753250505843	115753266172509	115753250349332
115753384384697	115753399553759	115753384254645
115753463263916	115753474582040	115753463170738
115753477373916	115753491254696	115753477285843
115753579871520	115753591302197	115753579804697
115753677757926	115753691349488	115753677680113
115753688645270	115753699685947	115753688593082
115753696124020	115753708022874	115753696058395
115753814026884	115753824736310	115753813927978
115753819792665	115753833073915	115753819716936
115753924628186	115753941436884	115753924523290
115754033166936	115754049817196	115754033076467
115754035502405	115754058152092	115754035471051
115754150548186	115754166516779	115754150452457
115754152128967	115754174854592	115754152044853
115754267166676	115754283247092	115754266999696
115754359176988	115754374951831	115754359099749
115754369729905	115754383288342	115754369650999
115754381069644	115754399961415	115754380961988
115754493748655	115754508356623	115754493593394
115754496319228	115754516694071	115754496199957
115754613615009	115754633429488	115754613392561
115754718736832	115754733484592	115754718582509
115754835103759	115754850208603	115754834837353
115754937892665	115754950256988	115754937705634
115755042996571	115755058637768	115755042796311
115755045370477	115755066976623	115755045339175
115755151161102	115755167037665	115755151085738
115755259348915	115755275424383	115755259172196
115755377208811	115755392121518	115755376846936
115755476234644	115755492164175	115755476103550
115755477915790	115755500502092	115755477876050
115755609202196	115755625575112	115755609107665
115755611289279	115755633913706	115755611244956
115755686508290	115755708949852	115755686433915
115755821075425	115755834014904	115755820902352
115755823393550	115755842354383	115755823287404
115755904158029	115755925752924	115755903934488
115755912860060	115755934093810	115755912736988
115756027890894	115756042521518	115756027790842
115756029460477	115756050860528	115756029423498
115756036548446	115756059199122	115756036510842
115756136384019	115756150914071	115756136222196
115756146521571	115756159252612	115756146425269
115756243015164	115756259302091	115756242879123
115756245665321	115756267640476	115756245568342
115756352755946	115756367664227	115756352484019
115756354903029	115756375999123	115756354825425
115756460869019	115756476026830	115756460727612
115756511812404	115756526048237	115756463433446
115756579372977	115756601076414	115756579246102
115756687821623	115756701119071	115756687655633
115756736776571	115756751133706	115756690204383
115756786847560	115756801139018	115756739353185
115756836874956	115756851147351	115756789289800
115756886808393	115756901165268	115756840742768
115756936902248	115756951182716	115756898870268
115756986804800	115757001197351	115756940994591
115757004930112	115757017868237	115757004873185
115757012974852	115757026204070	115757012909123
115757086140112	115757101233706	115757086019279
115757088200841	115757109571883	115757088136154
115757104980060	115757117910424	115757104912820
115757108058706	115757126250632	115757108021154
115757121118550	115757134589955	115757121065685
115757230605216	115757242954590	115757230418237
115757337177143	115757351326413	115757337031987
115757444324539	115757459694590	115757444206414
115757551619174	115757568069487	115757551539279
115757667958497	115757684763965	115757667833029
115757780461258	115757793141309	115757780256414
115757893863862	115757909843757	115757893776935
115757996827039	115758009873340	115757996701570
115757999134643	115758018208705	115757999026674
115758108148393	115758126548914	115758107886622
115758110380008	115758134883289	115758110279695
115758218916257	115758234886882	115758218728914
115758332906153	115758351566153	115758332767664
115758338195945	115758359899643	115758338109174
115758440791882	115758451576778	115758440648549
115758443446987	115758459913913	115758443351570
115758549359382	115758568300267	115758549184955
115758551811987	115758576636204	115758551776205
115758653262924	115758668330580	115758653165216
115758772744226	115758784996101	115758772600684
115758780193601	115758793329121	115758780077143
115758879029747	115758893324694	115758878917299
115758995186153	115759009997820	115758995035788
115759079405372	115759093337924	115759079321361
115759081808653	115759101671986	115759081764070
115759088835840	115759110007975	115759088787663
115759095889799	115759118342038	115759095850059
115759203322611	115759218395007	115759203206413
115759323573288	115759335126726	115759323442090
115759429174382	115759443511673	115759429073236
115759548623340	115759560260527	115759548442611
115759652876101	115759668635267	115759652636830
115759757227246	115759768655683	115759757107871
115759870367767	115759885352402	115759870233496
115759990497142	115760010390891	115759990300892
115760093813757	115760110414381	115760093727455
115760203612455	115760218772558	115760203517298
115760318464173	115760335481308	115760318368444
115760423045840	115760435510111	115760422943496
115760537738861	115760552240423	115760537032038
115760645051934	115760660632922	115760644963600
115760753012871	115760769009954	115760752865944
115760865202506	115760877393548	115760865024017
115760969819121	115760985807090	115760969653184
115761077831204	115761094203391	115761077753496
115761085325579	115761102540474	115761085259329
115761088222454	115761110878443	115761088177038
115761099379121	115761119215788	115761099323652
115766710576567	115766730155316	115766710389744
115774232995262	115774248192397	115774232853960
115774237453126	115774256525887	115774237400626
115774247828231	115774264859896	115774247728960
115774264693335	115774281529636	115774264530053
115774268243803	115774289866303	115774268187710

